Subject,Method,raw_gate,effective_gate,confidence,updated,effective_source_weight,effective_ema_weight,effective_batch_weight,probe_gate,min_gate,batch_index,batch_size,true_class_0_count,true_class_0_ratio,true_class_1_count,true_class_1_ratio,true_max_class_ratio,true_num_present_classes,g_mi,effective_mi_gate,diversity_norm,sample_entropy_norm,w_source,w_ema,w_batch,rho,n_eff,alpha,entropy_updated,loss_entropy,gate_threshold,gate_aware_ema,dynamic_mixture_weights,pred_class_0_count,pred_class_0_ratio,pred_class_1_count,pred_class_1_ratio,pred_max_class_ratio,pred_num_present_classes,true_imbalance
S1,EMATent,0.5035423040390015,0.5035423040390015,0.9178054928779602,1.0,0.34893730878829954,0.5,0.15106269121170043,0.0,0.0,0,64,24,0.375,40.0,0.625,0.625,2,,,,,,,,,,,,,,,,,,,,,,
S1,EMATent,0.6465452909469604,0.6465452909469604,0.8381739258766174,1.0,0.30603641271591187,0.5,0.19396358728408813,0.0,0.0,1,64,40,0.625,24.0,0.375,0.625,2,,,,,,,,,,,,,,,,,,,,,,
S1,EMATent,0.5178763270378113,0.5178763270378113,0.8877271413803101,1.0,0.3446371018886566,0.5,0.15536289811134338,0.0,0.0,2,64,19,0.296875,45.0,0.703125,0.703125,2,,,,,,,,,,,,,,,,,,,,,,
S1,EMATent,0.777193009853363,0.777193009853363,0.7734205722808838,1.0,0.2668420970439911,0.5,0.2331579029560089,0.0,0.0,3,64,44,0.6875,20.0,0.3125,0.6875,2,,,,,,,,,,,,,,,,,,,,,,
S1,EMATent,0.9687234163284302,0.9687234163284302,0.6486836671829224,1.0,0.20938297510147097,0.5,0.29061702489852903,0.0,0.0,4,10,10,1.0,,,1.0,1,,,,,,,,,,,,,,,,,,,,,,
S1,MIEMATentGateOnly,,,,,,,,,,0,64,24,0.375,40.0,0.625,0.625,2,0.18731997907161713,0.18731997907161713,0.5035423040390015,0.31622231006622314,0.44380400627851485,0.5,0.056195993721485135,,0.0,0.19999999999999996,1.0,0.3551899790763855,0.05,0.0,0.0,60.0,0.9375,4.0,0.0625,0.9375,2.0,0.125
S1,MIEMATentGateOnly,,,,,,,,,,1,64,40,0.625,24.0,0.375,0.625,2,0.11098947376012802,0.11098947376012802,0.4557112455368042,0.3447217643260956,0.4667031578719616,0.5,0.033296842128038406,,0.0,0.19999999999999996,1.0,0.48890143632888794,0.05,0.0,0.0,62.0,0.96875,2.0,0.03125,0.96875,2.0,0.125
S1,MIEMATentGateOnly,,,,,,,,,,2,64,19,0.296875,45.0,0.703125,0.703125,2,0.1120133101940155,0.1120133101940155,0.3237577974796295,0.2117445021867752,0.46639600694179534,0.5,0.03360399305820465,,0.0,0.19999999999999996,1.0,0.4027020335197449,0.05,0.0,0.0,60.0,0.9375,4.0,0.0625,0.9375,2.0,0.203125
S1,MIEMATentGateOnly,,,,,,,,,,3,64,44,0.6875,20.0,0.3125,0.6875,2,0.07886514067649841,0.07886514067649841,0.327802449464798,0.24893732368946075,0.4763404577970505,0.5,0.023659542202949524,,0.0,0.19999999999999996,1.0,0.5467398762702942,0.05,0.0,0.0,53.0,0.828125,11.0,0.171875,0.828125,2.0,0.1875
S1,MIEMATentGateOnly,,,,,,,,,,4,10,10,1.0,,,1.0,1,0.07964473217725754,0.07964473217725754,0.47051751613616943,0.3908728063106537,0.47610658034682274,0.5,0.02389341965317726,,0.0,0.19999999999999996,1.0,0.6776484847068787,0.05,0.0,0.0,5.0,0.5,5.0,0.5,0.5,2.0,0.0
S1,MIDynamicFixedEMARelaxed,,,,,,,,,,0,64,24,0.375,40.0,0.625,0.625,2,0.1196819543838501,0.4113557178709243,0.8922441005706787,0.7725621461868286,0.6801421869954484,0.1553155258561819,0.16454228714836971,0.1859047124312856,26.326765943739154,0.19999999999999996,1.0,0.5210133790969849,0.0,0.0,1.0,57.0,0.890625,7.0,0.109375,0.890625,2.0,0.125
S1,MIDynamicFixedEMARelaxed,,,,,,,,,,1,64,40,0.625,24.0,0.375,0.625,2,0.09016697853803635,0.3702503517403991,0.934101939201355,0.843934953212738,0.5763216638957621,0.2755781954080782,0.14810014069615965,0.32348660749078717,50.0227884551247,0.19999999999999996,1.0,0.5670531988143921,0.0,0.0,1.0,53.0,0.828125,11.0,0.171875,0.828125,2.0,0.125
S1,MIDynamicFixedEMARelaxed,,,,,,,,,,2,64,19,0.296875,45.0,0.703125,0.703125,2,0.12765833735466003,0.4215637623509133,0.8145467042922974,0.6868883967399597,0.45554542316119995,0.37582907189843473,0.16862550494036532,0.45205749530658434,77.00286924558316,0.19999999999999996,1.0,0.515551745891571,0.0,0.0,1.0,54.0,0.84375,10.0,0.15625,0.84375,2.0,0.203125
S1,MIDynamicFixedEMARelaxed,,,,,,,,,,3,64,44,0.6875,20.0,0.3125,0.6875,2,0.16433028876781464,0.4648390520516271,0.9537258148193359,0.7893955707550049,0.3535535682987519,0.46051081088059725,0.18593562082065085,0.5656933562734117,106.75256857688728,0.19999999999999996,1.0,0.5535155534744263,0.0,0.0,1.0,37.0,0.578125,27.0,0.421875,0.578125,2.0,0.1875
S1,MIDynamicFixedEMARelaxed,,,,,,,,,,4,10,10,1.0,,,1.0,1,0.045582883059978485,0.292151334313823,0.8305364847183228,0.7849535942077637,0.37489814250273595,0.5082413237717349,0.11686053372552921,0.5754938412114612,109.67408192002551,0.19999999999999996,1.0,0.6476451754570007,0.0,0.0,1.0,8.0,0.8,2.0,0.2,0.8,2.0,0.0
S2,EMATent,0.16797539591789246,0.16797539591789246,0.9759016633033752,0.0,0.4496073812246323,0.5,0.050392618775367735,0.0,0.0,0,64,10,0.15625,54.0,0.84375,0.84375,2,,,,,,,,,,,,,,,,,,,,,,
S2,EMATent,0.18345874547958374,0.18345874547958374,0.9721565842628479,0.0,0.4449623763561249,0.5,0.05503762364387512,0.0,0.0,1,64,19,0.296875,45.0,0.703125,0.703125,2,,,,,,,,,,,,,,,,,,,,,,
S2,EMATent,0.24749872088432312,0.24749872088432312,0.9588591456413269,1.0,0.4257503837347031,0.5,0.07424961626529693,0.0,0.0,2,64,0,0.0,64.0,1.0,1.0,1,,,,,,,,,,,,,,,,,,,,,,
S2,EMATent,0.25819459557533264,0.25819459557533264,0.9564822316169739,1.0,0.42254162132740025,0.5,0.07745837867259979,0.0,0.0,3,61,38,0.6229508196721312,23.0,0.3770491803278688,0.6229508196721312,2,,,,,,,,,,,,,,,,,,,,,,
S2,MIEMATentGateOnly,,,,,,,,,,0,64,10,0.15625,54.0,0.84375,0.84375,2,0.07097818702459335,0.07097818702459335,0.16797539591789246,0.0969972014427185,0.478706543892622,0.5,0.021293456107378005,,0.0,0.19999999999999996,1.0,0.07948759943246841,0.05,0.0,0.0,63.0,0.984375,1.0,0.015625,0.984375,2.0,0.34375
S2,MIEMATentGateOnly,,,,,,,,,,1,64,19,0.296875,45.0,0.703125,0.703125,2,0.02116713859140873,0.02116713859140873,0.05940583720803261,0.03823870047926903,0.49364985842257736,0.5,0.0063501415774226185,,0.0,0.19999999999999996,0.0,0.17513611912727356,0.05,0.0,0.0,64.0,1.0,0.0,0.0,1.0,1.0,0.203125
S2,MIEMATentGateOnly,,,,,,,,,,2,64,0,0.0,64.0,1.0,1.0,1,0.024937782436609268,0.024937782436609268,0.05643702670931816,0.03149924427270889,0.4925186652690172,0.5,0.0074813347309827805,,0.0,0.19999999999999996,0.0,0.20965197682380676,0.05,0.0,0.0,64.0,1.0,0.0,0.0,1.0,1.0,0.5
S2,MIEMATentGateOnly,,,,,,,,,,3,61,38,0.6229508196721312,23.0,0.3770491803278688,0.6229508196721312,2,0.03348548337817192,0.03348548337817192,0.05281519517302513,0.01932971365749836,0.48995435498654843,0.5,0.010045645013451576,,0.0,0.19999999999999996,0.0,0.2680981159210205,0.05,0.0,0.0,61.0,1.0,0.0,0.0,1.0,1.0,0.12295081967213117
S2,MIDynamicFixedEMARelaxed,,,,,,,,,,0,64,10,0.15625,54.0,0.84375,0.84375,2,0.16335926949977875,0.46375954735899483,0.7160930037498474,0.5527337789535522,0.6459292422448104,0.16856693881159168,0.18550381894359794,0.20695853796755714,29.68061103097567,0.19999999999999996,1.0,0.36678025126457214,0.0,0.0,1.0,59.0,0.921875,5.0,0.078125,0.921875,2.0,0.34375
S2,MIDynamicFixedEMARelaxed,,,,,,,,,,1,64,19,0.296875,45.0,0.703125,0.703125,2,0.06988510489463806,0.337922119536324,0.5880599617958069,0.5181748270988464,0.5792264199841317,0.28560473220133864,0.13516884781452962,0.3302433445876708,51.307626681300405,0.19999999999999996,1.0,0.3507179021835327,0.0,0.0,1.0,63.0,0.984375,1.0,0.015625,0.984375,2.0,0.203125
S2,MIDynamicFixedEMARelaxed,,,,,,,,,,2,64,0,0.0,64.0,1.0,1.0,1,0.07317831367254257,0.3434634142427964,0.3282242715358734,0.25504595041275024,0.48657716852987715,0.3760374657730043,0.13738536569711857,0.4359275287242228,73.28928519283937,0.19999999999999996,1.0,0.26317447423934937,0.0,0.0,1.0,64.0,1.0,0.0,0.0,1.0,1.0,0.5
S2,MIDynamicFixedEMARelaxed,,,,,,,,,,3,61,38,0.6229508196721312,23.0,0.3770491803278688,0.6229508196721312,2,0.07567112147808075,0.34757546000612705,0.4543423056602478,0.37867119908332825,0.4115150019398624,0.4494548140576868,0.13903018400245082,0.5220331836336597,94.49138825321313,0.19999999999999996,1.0,0.41008883714675903,0.0,0.0,1.0,60.0,0.9836065573770492,1.0,0.01639344262295082,0.9836065573770492,2.0,0.12295081967213117
S3,EMATent,0.9631387591362,0.9631387591362,0.7580710053443909,1.0,0.21105837225914004,0.5,0.28894162774085996,0.0,0.0,0,64,16,0.25,48.0,0.75,0.75,2,,,,,,,,,,,,,,,,,,,,,,
S3,EMATent,0.6624871492385864,0.6624871492385864,0.8358845114707947,1.0,0.3012538552284241,0.5,0.19874614477157593,0.0,0.0,1,64,27,0.421875,37.0,0.578125,0.578125,2,,,,,,,,,,,,,,,,,,,,,,
S3,EMATent,0.9998316168785095,0.9998316168785095,0.6776465177536011,1.0,0.20005051493644715,0.5,0.29994948506355285,0.0,0.0,2,64,29,0.453125,35.0,0.546875,0.546875,2,,,,,,,,,,,,,,,,,,,,,,
S3,EMATent,0.8498319983482361,0.8498319983482361,0.7499913573265076,1.0,0.24505040049552917,0.5,0.2549495995044708,0.0,0.0,3,64,38,0.59375,26.0,0.40625,0.59375,2,,,,,,,,,,,,,,,,,,,,,,
S3,EMATent,0.9769160747528076,0.9769160747528076,0.6006540656089783,1.0,0.20692517757415774,0.5,0.29307482242584226,0.0,0.0,4,11,0,0.0,11.0,1.0,1.0,1,,,,,,,,,,,,,,,,,,,,,,
S3,MIEMATentGateOnly,,,,,,,,,,0,64,16,0.25,48.0,0.75,0.75,2,0.2432834804058075,0.2432834804058075,0.9631387591362,0.7198553085327148,0.4270149558782578,0.5,0.07298504412174224,,0.0,0.19999999999999996,1.0,0.5309812426567078,0.05,0.0,0.0,34.0,0.53125,30.0,0.46875,0.53125,2.0,0.25
S3,MIEMATentGateOnly,,,,,,,,,,1,64,27,0.421875,37.0,0.578125,0.578125,2,0.17713628709316254,0.17713628709316254,0.6981034278869629,0.5209671258926392,0.44685911387205124,0.5,0.05314088612794876,,0.0,0.19999999999999996,1.0,0.46560192108154297,0.05,0.0,0.0,58.0,0.90625,6.0,0.09375,0.90625,2.0,0.078125
S3,MIEMATentGateOnly,,,,,,,,,,2,64,29,0.453125,35.0,0.546875,0.546875,2,0.16800589859485626,0.16800589859485626,0.9701004028320312,0.8020945191383362,0.4495982304215431,0.5,0.05040176957845688,,0.0,0.19999999999999996,1.0,0.6311492919921875,0.05,0.0,0.0,33.0,0.515625,31.0,0.484375,0.515625,2.0,0.046875
S3,MIEMATentGateOnly,,,,,,,,,,3,64,38,0.59375,26.0,0.40625,0.59375,2,0.1932070255279541,0.1932070255279541,0.7599026560783386,0.5666956305503845,0.4420378923416138,0.5,0.057962107658386226,,0.0,0.19999999999999996,1.0,0.5426592230796814,0.05,0.0,0.0,49.0,0.765625,15.0,0.234375,0.765625,2.0,0.09375
S3,MIEMATentGateOnly,,,,,,,,,,4,11,0,0.0,11.0,1.0,1.0,1,0.03309548273682594,0.03309548273682594,0.7561689019203186,0.723073422908783,0.49007135517895223,0.5,0.009928644821047782,,0.0,0.19999999999999996,0.0,0.6649839878082275,0.05,0.0,0.0,5.0,0.45454545454545453,6.0,0.5454545454545454,0.5454545454545454,2.0,0.5
S3,MIDynamicFixedEMARelaxed,,,,,,,,,,0,64,16,0.25,48.0,0.75,0.75,2,0.1676732748746872,0.46853134554403464,0.9711022973060608,0.8034290075302124,0.6428798709628099,0.16970759081957634,0.18741253821761386,0.20884839946622835,29.986006114818217,0.19999999999999996,1.0,0.5580293536186218,0.0,0.0,1.0,39.0,0.609375,25.0,0.390625,0.609375,2.0,0.25
S3,MIDynamicFixedEMARelaxed,,,,,,,,,,1,64,27,0.421875,37.0,0.578125,0.578125,2,0.14931568503379822,0.44777249011009557,0.9229825735092163,0.7736668586730957,0.5191736550688103,0.3017173488871515,0.17910899604403824,0.3675486117318173,58.64344548186433,0.19999999999999996,1.0,0.5566275715827942,0.0,0.0,1.0,50.0,0.78125,14.0,0.21875,0.78125,2.0,0.078125
S3,MIDynamicFixedEMARelaxed,,,,,,,,,,2,64,29,0.453125,35.0,0.546875,0.546875,2,0.10930073261260986,0.3975459517725186,0.9967522025108337,0.8874514698982239,0.43600116276737544,0.40498045652361714,0.15901838070900745,0.4815568464683503,84.08638639530552,0.19999999999999996,1.0,0.6404259204864502,0.0,0.0,1.0,37.0,0.578125,27.0,0.421875,0.578125,2.0,0.046875
S3,MIDynamicFixedEMARelaxed,,,,,,,,,,3,64,38,0.59375,26.0,0.40625,0.59375,2,0.15989992022514343,0.45988739264159584,0.9409751296043396,0.7810751795768738,0.33616461416226046,0.4798804287811012,0.18395495705663834,0.5880563002383286,113.51917952436766,0.19999999999999996,1.0,0.5721184611320496,0.0,0.0,1.0,39.0,0.609375,25.0,0.390625,0.609375,2.0,0.09375
S3,MIDynamicFixedEMARelaxed,,,,,,,,,,4,11,0,0.0,11.0,1.0,1.0,1,0.033510129898786545,0.26475195057424084,0.9829843640327454,0.9494742751121521,0.3600331254341019,0.5340660943362018,0.10590078022969635,0.5973230739127641,116.4314509806843,0.19999999999999996,1.0,0.6713287234306335,0.0,0.0,1.0,3.0,0.2727272727272727,8.0,0.7272727272727273,0.7272727272727273,2.0,0.5
S4,EMATent,0.03523100167512894,0.03523100167512894,0.9962983727455139,0.0,0.4894306994974613,0.5,0.010569300502538681,0.0,0.0,0,64,0,0.0,64.0,1.0,1.0,1,,,,,,,,,,,,,,,,,,,,,,
S4,EMATent,0.13998106122016907,0.13998106122016907,0.9802594780921936,0.0,0.4580056816339493,0.5,0.04199431836605072,0.0,0.0,1,64,31,0.484375,33.0,0.515625,0.515625,2,,,,,,,,,,,,,,,,,,,,,,
S4,EMATent,0.8351884484291077,0.8351884484291077,0.7840016484260559,1.0,0.24944346547126772,0.5,0.2505565345287323,0.0,0.0,2,64,23,0.359375,41.0,0.640625,0.640625,2,,,,,,,,,,,,,,,,,,,,,,
S4,EMATent,0.4531976878643036,0.4531976878643036,0.9168884754180908,1.0,0.3640406936407089,0.5,0.13595930635929107,0.0,0.0,3,64,38,0.59375,26.0,0.40625,0.59375,2,,,,,,,,,,,,,,,,,,,,,,
S4,EMATent,0.6299627423286438,0.6299627423286438,0.8418096303939819,1.0,0.31101117730140687,0.5,0.18898882269859313,0.0,0.0,4,11,0,0.0,11.0,1.0,1.0,1,,,,,,,,,,,,,,,,,,,,,,
S4,MIEMATentGateOnly,,,,,,,,,,0,64,0,0.0,64.0,1.0,1.0,1,0.018341384828090668,0.018341384828090668,0.03523100167512894,0.01688961870968342,0.4944975845515728,0.5,0.0055024154484272,,0.0,0.19999999999999996,0.0,0.0034805661998689175,0.05,0.0,0.0,0.0,0.0,64.0,1.0,1.0,1.0,0.5
S4,MIEMATentGateOnly,,,,,,,,,,1,64,31,0.484375,33.0,0.515625,0.515625,2,0.0035224598832428455,0.0035224598832428455,0.015313313342630863,0.011790853925049305,0.49894326203502715,0.5,0.0010567379649728537,,0.0,0.19999999999999996,0.0,0.09918133914470673,0.05,0.0,0.0,0.0,0.0,64.0,1.0,1.0,1.0,0.015625
S4,MIEMATentGateOnly,,,,,,,,,,2,64,23,0.359375,41.0,0.640625,0.640625,2,0.00393367325887084,0.00393367325887084,0.018791714683175087,0.01485804095864296,0.4988198980223387,0.5,0.001180101977661252,,0.0,0.19999999999999996,0.0,0.5575383305549622,0.05,0.0,0.0,15.0,0.234375,49.0,0.765625,0.765625,2.0,0.140625
S4,MIEMATentGateOnly,,,,,,,,,,3,64,38,0.59375,26.0,0.40625,0.59375,2,0.006735548842698336,0.006735548842698336,0.02103114314377308,0.014295593835413456,0.4979793353471905,0.5,0.0020206646528095006,,0.0,0.19999999999999996,0.0,0.37095510959625244,0.05,0.0,0.0,9.0,0.140625,55.0,0.859375,0.859375,2.0,0.09375
S4,MIEMATentGateOnly,,,,,,,,,,4,11,0,0.0,11.0,1.0,1.0,1,0.0004359091690275818,0.0004359091690275818,0.004093579947948456,0.0036576709244400263,0.4998692272492917,0.5,0.00013077275070827454,,0.0,0.19999999999999996,0.0,0.6015174388885498,0.05,0.0,0.0,3.0,0.2727272727272727,8.0,0.7272727272727273,0.7272727272727273,2.0,0.5
S4,MIDynamicFixedEMARelaxed,,,,,,,,,,0,64,0,0.0,64.0,1.0,1.0,1,0.0353662334382534,0.2692532099695165,0.2755807936191559,0.24021457135677338,0.7799067450875959,0.1123919709245974,0.10770128398780661,0.12595778622980958,17.232205438049057,0.19999999999999996,1.0,0.03776131570339203,0.0,0.0,1.0,0.0,0.0,64.0,1.0,1.0,1.0,0.5
S4,MIDynamicFixedEMARelaxed,,,,,,,,,,1,64,31,0.484375,33.0,0.515625,0.515625,2,0.121352419257164,0.41352106723201687,0.5162506103515625,0.3948981761932373,0.5932140722458852,0.24137750086130802,0.16540842689280677,0.28921631686581384,43.69755374089814,0.19999999999999996,1.0,0.3099288046360016,0.0,0.0,1.0,7.0,0.109375,57.0,0.890625,0.890625,2.0,0.015625
S4,MIDynamicFixedEMARelaxed,,,,,,,,,,2,64,23,0.359375,41.0,0.640625,0.640625,2,0.04946580156683922,0.30016817746370117,0.39765313267707825,0.34818732738494873,0.5382775034860787,0.3416552255284409,0.12006727098548048,0.3882742558184846,62.90831709857501,0.19999999999999996,1.0,0.5297075510025024,0.0,0.0,1.0,11.0,0.171875,53.0,0.828125,0.828125,2.0,0.140625
S4,MIDynamicFixedEMARelaxed,,,,,,,,,,3,64,38,0.59375,26.0,0.40625,0.59375,2,0.060350947082042694,0.32109786777907784,0.530470609664917,0.4701196551322937,0.4540764276706693,0.4174844252176995,0.12843914711163115,0.47900777534253447,83.458580636436,0.19999999999999996,1.0,0.5222316980361938,0.0,0.0,1.0,17.0,0.265625,47.0,0.734375,0.734375,2.0,0.09375
S4,MIDynamicFixedEMARelaxed,,,,,,,,,,4,11,0,0.0,11.0,1.0,1.0,1,0.012356867082417011,0.20004530142269442,0.20571094751358032,0.193354070186615,0.4711339362320033,0.44884794319891896,0.08001812056907777,0.487887808699629,85.65907895208564,0.19999999999999996,1.0,0.5739656686782837,0.0,0.0,1.0,3.0,0.2727272727272727,8.0,0.7272727272727273,0.7272727272727273,2.0,0.5
S5,EMATent,0.015605826862156391,0.015605826862156391,0.9985666871070862,0.0,0.4953182519413531,0.5,0.0046817480586469175,0.0,0.0,0,64,16,0.25,48.0,0.75,0.75,2,,,,,,,,,,,,,,,,,,,,,,
S5,EMATent,0.02265150472521782,0.02265150472521782,0.9977933168411255,0.0,0.4932045485824347,0.5,0.006795451417565345,0.0,0.0,1,64,40,0.625,24.0,0.375,0.625,2,,,,,,,,,,,,,,,,,,,,,,
S5,EMATent,0.20735426247119904,0.20735426247119904,0.9673822522163391,1.0,0.4377937212586403,0.5,0.062206278741359707,0.0,0.0,2,64,51,0.796875,13.0,0.203125,0.796875,2,,,,,,,,,,,,,,,,,,,,,,
S5,EMATent,0.4164842367172241,0.4164842367172241,0.9216039180755615,1.0,0.3750547289848328,0.5,0.12494527101516723,0.0,0.0,3,64,15,0.234375,49.0,0.765625,0.765625,2,,,,,,,,,,,,,,,,,,,,,,
S5,EMATent,0.9528765678405762,0.9528765678405762,0.6861956119537354,1.0,0.21413702964782716,0.5,0.28586297035217284,0.0,0.0,4,38,0,0.0,38.0,1.0,1.0,1,,,,,,,,,,,,,,,,,,,,,,
S5,MIEMATentGateOnly,,,,,,,,,,0,64,16,0.25,48.0,0.75,0.75,2,0.005701187998056412,0.005701187998056412,0.015605826862156391,0.00990463886409998,0.4982896436005831,0.5,0.0017103563994169235,,0.0,0.19999999999999996,0.0,0.0006983217899687588,0.05,0.0,0.0,64.0,1.0,0.0,0.0,1.0,1.0,0.25
S5,MIEMATentGateOnly,,,,,,,,,,1,64,40,0.625,24.0,0.375,0.625,2,4.583594636642374e-05,4.583594636642374e-05,0.00021632705465890467,0.0001704910973785445,0.4999862492160901,0.5,1.3750783909927121e-05,,0.0,0.19999999999999996,0.0,0.02519114501774311,0.05,0.0,0.0,64.0,1.0,0.0,0.0,1.0,1.0,0.125
S5,MIEMATentGateOnly,,,,,,,,,,2,64,51,0.796875,13.0,0.203125,0.796875,2,4.09684707847191e-06,4.09684707847191e-06,2.1089595975354314e-05,1.6992747987387702e-05,0.49999877094587647,0.5,1.229054123541573e-06,,0.0,0.19999999999999996,0.0,0.1981898546218872,0.05,0.0,0.0,62.0,0.96875,2.0,0.03125,0.96875,2.0,0.296875
S5,MIEMATentGateOnly,,,,,,,,,,3,64,15,0.234375,49.0,0.765625,0.765625,2,2.6330446871725144e-06,2.6330446871725144e-06,1.35737191158114e-05,1.0940674656012561e-05,0.49999921008659387,0.5,7.899134061517543e-07,,0.0,0.19999999999999996,0.0,0.37497133016586304,0.05,0.0,0.0,61.0,0.953125,3.0,0.046875,0.953125,2.0,0.265625
S5,MIEMATentGateOnly,,,,,,,,,,4,38,0,0.0,38.0,1.0,1.0,1,0.00012248926213942468,0.00012248926213942468,0.0006512842955999076,0.0005287950625643134,0.49996325322135815,0.5,3.67467786418274e-05,,0.0,0.19999999999999996,0.0,0.5802352428436279,0.05,0.0,0.0,16.0,0.42105263157894735,22.0,0.5789473684210527,0.5789473684210527,2.0,0.5
S5,MIDynamicFixedEMARelaxed,,,,,,,,,,0,64,16,0.25,48.0,0.75,0.75,2,0.0792401060461998,0.35334657269720826,0.386834979057312,0.307594895362854,0.7196042044239535,0.13905716649716324,0.1413386290788833,0.1619464566666038,22.61418065262133,0.19999999999999996,1.0,0.07184973359107971,0.0,0.0,1.0,64.0,1.0,0.0,0.0,1.0,1.0,0.25
S5,MIDynamicFixedEMARelaxed,,,,,,,,,,1,64,40,0.625,24.0,0.375,0.625,2,0.0721178725361824,0.34169293898313985,0.3464548587799072,0.2743369936943054,0.6098840990816993,0.2534387253250447,0.13667717559325596,0.2935619424856537,44.482528747542275,0.19999999999999996,1.0,0.1760118305683136,0.0,0.0,1.0,64.0,1.0,0.0,0.0,1.0,1.0,0.125
S5,MIDynamicFixedEMARelaxed,,,,,,,,,,2,64,51,0.796875,13.0,0.203125,0.796875,2,0.10113998502492905,0.38622261942444824,0.3388243317604065,0.23768433928489685,0.49240918922815785,0.3531017630020628,0.15448904776977931,0.41761938396028986,69.20077639070696,0.19999999999999996,1.0,0.31207984685897827,0.0,0.0,1.0,57.0,0.890625,7.0,0.109375,0.890625,2.0,0.296875
S5,MIDynamicFixedEMARelaxed,,,,,,,,,,3,64,15,0.234375,49.0,0.765625,0.765625,2,0.04947565868496895,0.30018812036388387,0.17155970633029938,0.12208405882120132,0.44102928045197926,0.43889547140246715,0.12007524814555355,0.49878750481503387,88.41281609399553,0.19999999999999996,1.0,0.4265480041503906,0.0,0.0,1.0,59.0,0.921875,5.0,0.078125,0.921875,2.0,0.265625
S5,MIDynamicFixedEMARelaxed,,,,,,,,,,4,38,0,0.0,38.0,1.0,1.0,1,0.08677344024181366,0.36511598706201986,0.34807270765304565,0.2612992823123932,0.3840443080302233,0.4699092971449687,0.14604639482480794,0.5502749731334232,102.28722360235228,0.19999999999999996,1.0,0.5916603803634644,0.0,0.0,1.0,16.0,0.42105263157894735,22.0,0.5789473684210527,0.5789473684210527,2.0,0.5
S6,EMATent,0.9941678047180176,0.9941678047180176,0.7262072563171387,1.0,0.20174965858459473,0.5,0.29825034141540524,0.0,0.0,0,64,39,0.609375,25.0,0.390625,0.609375,2,,,,,,,,,,,,,,,,,,,,,,
S6,EMATent,0.9771350622177124,0.9771350622177124,0.7701225280761719,1.0,0.2068594813346863,0.5,0.2931405186653137,0.0,0.0,1,64,41,0.640625,23.0,0.359375,0.640625,2,,,,,,,,,,,,,,,,,,,,,,
S6,EMATent,0.9916535019874573,0.9916535019874573,0.7087344527244568,1.0,0.20250394940376282,0.5,0.2974960505962372,0.0,0.0,2,64,55,0.859375,9.0,0.140625,0.859375,2,,,,,,,,,,,,,,,,,,,,,,
S6,EMATent,0.9005314111709595,0.9005314111709595,0.7490516901016235,1.0,0.22984057664871216,0.5,0.27015942335128784,0.0,0.0,3,62,0,0.0,62.0,1.0,1.0,1,,,,,,,,,,,,,,,,,,,,,,
S6,MIEMATentGateOnly,,,,,,,,,,0,64,39,0.609375,25.0,0.390625,0.609375,2,0.20065025985240936,0.20065025985240936,0.9941678047180176,0.793517529964447,0.4398049220442772,0.5,0.060195077955722806,,0.0,0.19999999999999996,1.0,0.5935136675834656,0.05,0.0,0.0,29.0,0.453125,35.0,0.546875,0.546875,2.0,0.109375
S6,MIEMATentGateOnly,,,,,,,,,,1,64,41,0.640625,23.0,0.359375,0.640625,2,0.37148404121398926,0.37148404121398926,0.9879915118217468,0.6165074706077576,0.3885547876358032,0.5,0.11144521236419677,,0.0,0.19999999999999996,1.0,0.612474262714386,0.05,0.0,0.0,9.0,0.140625,55.0,0.859375,0.859375,2.0,0.140625
S6,MIEMATentGateOnly,,,,,,,,,,2,64,55,0.859375,9.0,0.140625,0.859375,2,0.32608771324157715,0.32608771324157715,0.9990897178649902,0.6730020046234131,0.4021736860275269,0.5,0.09782631397247314,,0.0,0.19999999999999996,1.0,0.6002902984619141,0.05,0.0,0.0,13.0,0.203125,51.0,0.796875,0.796875,2.0,0.359375
S6,MIEMATentGateOnly,,,,,,,,,,3,62,0,0.0,62.0,1.0,1.0,1,0.405829519033432,0.405829519033432,0.9557026028633118,0.5498730540275574,0.3782511442899704,0.5,0.1217488557100296,,0.0,0.19999999999999996,1.0,0.634421169757843,0.05,0.0,0.0,7.0,0.11290322580645161,55.0,0.8870967741935484,0.8870967741935484,2.0,0.5
S6,MIDynamicFixedEMARelaxed,,,,,,,,,,0,64,39,0.609375,25.0,0.390625,0.609375,2,0.1709824800491333,0.4721502503556836,0.9786553978919983,0.807672917842865,0.6405744916831329,0.17056540817459376,0.18886010014227345,0.21027865625215925,30.21761602276375,0.19999999999999996,1.0,0.561835527420044,0.0,0.0,1.0,36.0,0.5625,28.0,0.4375,0.5625,2.0,0.109375
S6,MIDynamicFixedEMARelaxed,,,,,,,,,,1,64,41,0.640625,23.0,0.359375,0.640625,2,0.06914330273866653,0.33665602721739396,0.9732726812362671,0.9041293859481812,0.5775046928086787,0.2878328963043637,0.1346624108869576,0.3326249777261935,51.76360176467696,0.19999999999999996,1.0,0.6112882494926453,0.0,0.0,1.0,12.0,0.1875,52.0,0.8125,0.8125,2.0,0.140625
S6,MIDynamicFixedEMARelaxed,,,,,,,,,,2,64,55,0.859375,9.0,0.140625,0.859375,2,0.07987622171640396,0.3543614349509123,0.9820267558097839,0.902150571346283,0.4797753138888612,0.3784801121307739,0.14174457398036494,0.4409877300584816,74.44273360153535,0.19999999999999996,1.0,0.6064828634262085,0.0,0.0,1.0,13.0,0.203125,51.0,0.796875,0.796875,2.0,0.359375
S6,MIDynamicFixedEMARelaxed,,,,,,,,,,3,62,0,0.0,62.0,1.0,1.0,1,0.08891210705041885,0.3683631992484053,0.9276648759841919,0.8387527465820312,0.39875408632403714,0.4539006339766007,0.14734527969936215,0.5323381471653141,97.28125195493648,0.19999999999999996,1.0,0.6326441764831543,0.0,0.0,1.0,6.0,0.0967741935483871,56.0,0.9032258064516129,0.9032258064516129,2.0,0.5
S7,EMATent,1.9500423604768002e-06,1.9500423604768002e-06,0.9999999403953552,0.0,0.49999941498729183,0.5,5.850127081430401e-07,0.0,0.0,0,64,21,0.328125,43.0,0.671875,0.671875,2,,,,,,,,,,,,,,,,,,,,,,
S7,EMATent,0.14260759949684143,0.14260759949684143,0.9797918796539307,0.0,0.4572177201509476,0.5,0.042782279849052425,0.0,0.0,1,64,35,0.546875,29.0,0.453125,0.546875,2,,,,,,,,,,,,,,,,,,,,,,
S7,EMATent,0.6942414045333862,0.6942414045333862,0.9216984510421753,1.0,0.2917275786399841,0.5,0.20827242136001586,0.0,0.0,2,64,46,0.71875,18.0,0.28125,0.71875,2,,,,,,,,,,,,,,,,,,,,,,
S7,EMATent,0.9888680577278137,0.9888680577278137,0.8953885436058044,1.0,0.2033395826816559,0.5,0.2966604173183441,0.0,0.0,3,38,25,0.6578947368421053,13.0,0.34210526315789475,0.6578947368421053,2,,,,,,,,,,,,,,,,,,,,,,
S7,MIEMATentGateOnly,,,,,,,,,,0,64,21,0.328125,43.0,0.671875,0.671875,2,2.692780753932311e-07,2.692780753932311e-07,1.950052592292195e-06,1.6807746305858018e-06,0.4999999192165774,0.5,8.078342261796934e-08,,0.0,0.19999999999999996,0.0,7.060286861815257e-06,0.05,0.0,0.0,64.0,1.0,0.0,0.0,1.0,1.0,0.171875
S7,MIEMATentGateOnly,,,,,,,,,,1,64,35,0.546875,29.0,0.453125,0.546875,2,4.064848326379433e-05,4.064848326379433e-05,0.00014162315346766263,0.0001009746702038683,0.49998780545502086,0.5,1.21945449791383e-05,,0.0,0.19999999999999996,0.0,0.05421861633658409,0.05,0.0,0.0,64.0,1.0,0.0,0.0,1.0,1.0,0.046875
S7,MIEMATentGateOnly,,,,,,,,,,2,64,46,0.71875,18.0,0.28125,0.71875,2,1.9018494640477e-05,1.9018494640477e-05,7.816972356522456e-05,5.9151228924747556e-05,0.49999429445160787,0.5,5.7055483921431e-06,,0.0,0.19999999999999996,0.0,0.4062854051589966,0.05,0.0,0.0,50.0,0.78125,14.0,0.21875,0.78125,2.0,0.21875
S7,MIEMATentGateOnly,,,,,,,,,,3,38,25,0.6578947368421053,13.0,0.34210526315789475,0.6578947368421053,2,0.3658062517642975,0.3658062517642975,0.5568116903305054,0.19100548326969147,0.39025812447071073,0.5,0.10974187552928924,,0.0,0.19999999999999996,1.0,0.39763739705085754,0.05,0.0,0.0,11.0,0.2894736842105263,27.0,0.7105263157894737,0.7105263157894737,2.0,0.1578947368421053
S7,MIDynamicFixedEMARelaxed,,,,,,,,,,0,64,21,0.328125,43.0,0.671875,0.671875,2,0.0954921618103981,0.3781162545886566,0.3321315050125122,0.2366393506526947,0.7025458550139662,0.14620764315057128,0.15124650183546265,0.1722616088967539,24.199440293674023,0.19999999999999996,1.0,0.0773284062743187,0.0,0.0,1.0,64.0,1.0,0.0,0.0,1.0,1.0,0.171875
S7,MIDynamicFixedEMARelaxed,,,,,,,,,,1,64,35,0.546875,29.0,0.453125,0.546875,2,0.2630254626274109,0.5615740728509377,0.5262759327888489,0.2632504999637604,0.48468328129315147,0.29068708956647343,0.2246296291403751,0.3749009511985856,60.14018095613404,0.19999999999999996,1.0,0.3396783471107483,0.0,0.0,1.0,53.0,0.828125,11.0,0.171875,0.828125,2.0,0.046875
S7,MIDynamicFixedEMARelaxed,,,,,,,,,,2,64,46,0.71875,18.0,0.28125,0.71875,2,0.2950696051120758,0.5888827877321735,0.7704651355743408,0.4753955602645874,0.3559769524566268,0.40846993245050384,0.23555311509286941,0.5343339616069298,97.82867937099314,0.19999999999999996,1.0,0.5939793586730957,0.0,0.0,1.0,36.0,0.5625,28.0,0.4375,0.5625,2.0,0.21875
S7,MIDynamicFixedEMARelaxed,,,,,,,,,,3,38,25,0.6578947368421053,13.0,0.34210526315789475,0.6578947368421053,2,0.30624663829803467,0.5980559978771545,0.9262024760246277,0.6199558973312378,0.29663624897793667,0.4641413518712016,0.2392223991508618,0.610088087968353,120.55480729032502,0.19999999999999996,1.0,0.40148499608039856,0.0,0.0,1.0,11.0,0.2894736842105263,27.0,0.7105263157894737,0.7105263157894737,2.0,0.1578947368421053
S8,EMATent,0.9689357876777649,0.9689357876777649,0.7404215931892395,1.0,0.20931926369667053,0.5,0.29068073630332947,0.0,0.0,0,64,16,0.25,48.0,0.75,0.75,2,,,,,,,,,,,,,,,,,,,,,,
S8,EMATent,0.9826889038085938,0.9826889038085938,0.6935312151908875,1.0,0.2051933288574219,0.5,0.29480667114257814,0.0,0.0,1,64,21,0.328125,43.0,0.671875,0.671875,2,,,,,,,,,,,,,,,,,,,,,,
S8,EMATent,0.48268693685531616,0.48268693685531616,0.9038544297218323,1.0,0.35519391894340513,0.5,0.14480608105659484,0.0,0.0,2,64,25,0.390625,39.0,0.609375,0.609375,2,,,,,,,,,,,,,,,,,,,,,,
S8,EMATent,0.9584428071975708,0.9584428071975708,0.7591890692710876,1.0,0.21246715784072878,0.5,0.2875328421592712,0.0,0.0,3,64,20,0.3125,44.0,0.6875,0.6875,2,,,,,,,,,,,,,,,,,,,,,,
S8,EMATent,0.3171871602535248,0.3171871602535248,0.9425626993179321,1.0,0.40484385192394257,0.5,0.09515614807605743,0.0,0.0,4,16,16,1.0,,,1.0,1,,,,,,,,,,,,,,,,,,,,,,
S8,MIEMATentGateOnly,,,,,,,,,,0,64,16,0.25,48.0,0.75,0.75,2,0.18968215584754944,0.18968215584754944,0.9689357876777649,0.7792536616325378,0.4430953532457352,0.5,0.05690464675426483,,0.0,0.19999999999999996,1.0,0.5690013766288757,0.05,0.0,0.0,21.0,0.328125,43.0,0.671875,0.671875,2.0,0.25
S8,MIEMATentGateOnly,,,,,,,,,,1,64,21,0.328125,43.0,0.671875,0.671875,2,0.1611131727695465,0.1611131727695465,0.9959434270858765,0.8348302841186523,0.451666048169136,0.5,0.048333951830863954,,0.0,0.19999999999999996,1.0,0.5633751749992371,0.05,0.0,0.0,41.0,0.640625,23.0,0.359375,0.640625,2.0,0.171875
S8,MIEMATentGateOnly,,,,,,,,,,2,64,25,0.390625,39.0,0.609375,0.609375,2,0.18444034457206726,0.18444034457206726,0.543255627155304,0.3588152825832367,0.4446678966283798,0.5,0.05533210337162018,,0.0,0.19999999999999996,1.0,0.31059205532073975,0.05,0.0,0.0,62.0,0.96875,2.0,0.03125,0.96875,2.0,0.109375
S8,MIEMATentGateOnly,,,,,,,,,,3,64,20,0.3125,44.0,0.6875,0.6875,2,0.17816314101219177,0.17816314101219177,0.8558346629142761,0.6776715517044067,0.44655105769634246,0.5,0.05344894230365753,,0.0,0.19999999999999996,1.0,0.49652737379074097,0.05,0.0,0.0,42.0,0.65625,22.0,0.34375,0.65625,2.0,0.1875
S8,MIEMATentGateOnly,,,,,,,,,,4,16,16,1.0,,,1.0,1,0.02715982310473919,0.02715982310473919,0.22409814596176147,0.19693832099437714,0.49185205306857827,0.5,0.008147946931421757,,0.0,0.19999999999999996,0.0,0.3289066553115845,0.05,0.0,0.0,16.0,1.0,0.0,0.0,1.0,1.0,0.0
S8,MIDynamicFixedEMARelaxed,,,,,,,,,,0,64,16,0.25,48.0,0.75,0.75,2,0.14469553530216217,0.4423497971297068,0.9997315406799316,0.8550360202789307,0.6597455972880784,0.1633144838600389,0.17693991885188273,0.19842352654526196,28.310387016301235,0.19999999999999996,1.0,0.5943259000778198,0.0,0.0,1.0,28.0,0.4375,36.0,0.5625,0.5625,2.0,0.25
S8,MIDynamicFixedEMARelaxed,,,,,,,,,,1,64,21,0.328125,43.0,0.671875,0.671875,2,0.13258151710033417,0.42770570463644764,0.9921683669090271,0.8595868349075317,0.5365142619193384,0.2924034562260825,0.17108228185457908,0.3527532948388308,55.68355211303388,0.19999999999999996,1.0,0.5793587565422058,0.0,0.0,1.0,44.0,0.6875,20.0,0.3125,0.6875,2.0,0.171875
S8,MIDynamicFixedEMARelaxed,,,,,,,,,,2,64,25,0.390625,39.0,0.609375,0.609375,2,0.20720483362674713,0.5096778188255562,0.8425722122192383,0.6353673934936523,0.39937243897607994,0.39675643349369755,0.2038711275302225,0.49835704647021095,88.30293251786948,0.19999999999999996,1.0,0.43598464131355286,0.0,0.0,1.0,55.0,0.859375,9.0,0.140625,0.859375,2.0,0.109375
S8,MIDynamicFixedEMARelaxed,,,,,,,,,,3,64,20,0.3125,44.0,0.6875,0.6875,2,0.16862675547599792,0.4695776940449171,0.8860458731651306,0.7174190878868103,0.3221614584714261,0.4900074639106071,0.18783107761796686,0.6033319552211508,118.35590493674417,0.19999999999999996,1.0,0.4800322949886322,0.0,0.0,1.0,41.0,0.640625,23.0,0.359375,0.640625,2.0,0.1875
S8,MIDynamicFixedEMARelaxed,,,,,,,,,,4,16,16,1.0,,,1.0,1,0.032264288514852524,0.26166036526319786,0.47696933150291443,0.4447050392627716,0.34372291414306644,0.5516129397516544,0.10466414610527915,0.616096113377044,122.54247078095533,0.19999999999999996,1.0,0.3953828513622284,0.0,0.0,1.0,16.0,1.0,0.0,0.0,1.0,1.0,0.0
S9,EMATent,0.8144184350967407,0.8144184350967407,0.8023407459259033,1.0,0.25567446947097777,0.5,0.2443255305290222,0.0,0.0,0,64,10,0.15625,54.0,0.84375,0.84375,2,,,,,,,,,,,,,,,,,,,,,,
S9,EMATent,0.854350209236145,0.854350209236145,0.7229340076446533,1.0,0.2436949372291565,0.5,0.2563050627708435,0.0,0.0,1,64,33,0.515625,31.0,0.484375,0.515625,2,,,,,,,,,,,,,,,,,,,,,,
S9,EMATent,0.9977191090583801,0.9977191090583801,0.7558428049087524,1.0,0.20068426728248598,0.5,0.29931573271751405,0.0,0.0,2,64,24,0.375,40.0,0.625,0.625,2,,,,,,,,,,,,,,,,,,,,,,
S9,EMATent,0.9428691864013672,0.9428691864013672,0.77886563539505,1.0,0.21713924407958984,0.5,0.28286075592041016,0.0,0.0,3,64,36,0.5625,28.0,0.4375,0.5625,2,,,,,,,,,,,,,,,,,,,,,,
S9,EMATent,0.7325436472892761,0.7325436472892761,0.7946275472640991,1.0,0.28023690581321714,0.5,0.21976309418678283,0.0,0.0,4,2,2,1.0,,,1.0,1,,,,,,,,,,,,,,,,,,,,,,
S9,MIEMATentGateOnly,,,,,,,,,,0,64,10,0.15625,54.0,0.84375,0.84375,2,0.17025913298130035,0.17025913298130035,0.8144184350967407,0.6441593170166016,0.44892226010560987,0.5,0.05107773989439011,,0.0,0.19999999999999996,1.0,0.5570604801177979,0.05,0.0,0.0,19.0,0.296875,45.0,0.703125,0.703125,2.0,0.34375
S9,MIEMATentGateOnly,,,,,,,,,,1,64,33,0.515625,31.0,0.484375,0.515625,2,0.13602089881896973,0.13602089881896973,0.9540800452232361,0.8180591464042664,0.4591937303543091,0.5,0.04080626964569092,,0.0,0.19999999999999996,1.0,0.5196040272712708,0.05,0.0,0.0,64.0,1.0,0.0,0.0,1.0,1.0,0.015625
S9,MIEMATentGateOnly,,,,,,,,,,2,64,24,0.375,40.0,0.625,0.625,2,0.35991814732551575,0.35991814732551575,0.9854210019111633,0.62550288438797,0.3920245558023453,0.5,0.10797544419765472,,0.0,0.19999999999999996,1.0,0.5506792068481445,0.05,0.0,0.0,54.0,0.84375,10.0,0.15625,0.84375,2.0,0.125
S9,MIEMATentGateOnly,,,,,,,,,,3,64,36,0.5625,28.0,0.4375,0.5625,2,0.2853955328464508,0.2853955328464508,0.851445198059082,0.5660496354103088,0.41438134014606476,0.5,0.08561865985393524,,0.0,0.19999999999999996,1.0,0.4497690200805664,0.05,0.0,0.0,50.0,0.78125,14.0,0.21875,0.78125,2.0,0.0625
S9,MIEMATentGateOnly,,,,,,,,,,4,2,2,1.0,,,1.0,1,0.10315123945474625,0.10315123945474625,0.6536398530006409,0.5504885911941528,0.4690546281635761,0.5,0.030945371836423874,,0.0,0.19999999999999996,1.0,0.42684897780418396,0.05,0.0,0.0,2.0,1.0,0.0,0.0,1.0,1.0,0.0
S9,MIDynamicFixedEMARelaxed,,,,,,,,,,0,64,10,0.15625,54.0,0.84375,0.84375,2,0.1540900021791458,0.4532886946466135,0.9803332686424255,0.8262432813644409,0.6526587884066525,0.16602573373470209,0.1813154778586454,0.20279574029376357,29.010476457383263,0.19999999999999996,1.0,0.5944309234619141,0.0,0.0,1.0,36.0,0.5625,28.0,0.4375,0.5625,2.0,0.34375
S9,MIDynamicFixedEMARelaxed,,,,,,,,,,1,64,33,0.515625,31.0,0.484375,0.515625,2,0.03280362859368324,0.2630059482377359,0.9071556925773621,0.8743520379066467,0.6254367771792476,0.269360843525658,0.10520237929509435,0.30102990586123857,45.842857144598355,0.19999999999999996,1.0,0.569484293460846,0.0,0.0,1.0,61.0,0.953125,3.0,0.046875,0.953125,2.0,0.015625
S9,MIDynamicFixedEMARelaxed,,,,,,,,,,2,64,24,0.375,40.0,0.625,0.625,2,0.19382598996162415,0.49623105868787665,0.9888371229171753,0.7950111031532288,0.4371304111020558,0.3643771654227936,0.19849242347515067,0.4546147486248955,77.60164490062246,0.19999999999999996,1.0,0.564956545829773,0.0,0.0,1.0,55.0,0.859375,9.0,0.140625,0.859375,2.0,0.125
S9,MIDynamicFixedEMARelaxed,,,,,,,,,,3,64,36,0.5625,28.0,0.4375,0.5625,2,0.17667287588119507,0.47829225403617237,0.993431568145752,0.8167586922645569,0.3472337354378904,0.4614493629476407,0.19131690161446896,0.5706182852948036,108.21234915893749,0.19999999999999996,1.0,0.4830404818058014,0.0,0.0,1.0,51.0,0.796875,13.0,0.203125,0.796875,2.0,0.0625
S9,MIDynamicFixedEMARelaxed,,,,,,,,,,4,2,2,1.0,,,1.0,1,0.06286945939064026,0.32566404699556956,0.9284160137176514,0.8655465245246887,0.3715525759379176,0.4981818052638546,0.13026561879822782,0.5727976449263537,108.86367725292862,0.19999999999999996,1.0,0.5130429267883301,0.0,0.0,1.0,2.0,1.0,0.0,0.0,1.0,1.0,0.0
S10,EMATent,0.3380042612552643,0.3380042612552643,0.9467654824256897,1.0,0.3985987216234207,0.5,0.10140127837657928,0.0,0.0,0,64,35,0.546875,29.0,0.453125,0.546875,2,,,,,,,,,,,,,,,,,,,,,,
S10,EMATent,0.6584433913230896,0.6584433913230896,0.870768129825592,1.0,0.30246698260307314,0.5,0.19753301739692689,0.0,0.0,1,64,48,0.75,16.0,0.25,0.75,2,,,,,,,,,,,,,,,,,,,,,,
S10,EMATent,0.7726073861122131,0.7726073861122131,0.8606681823730469,1.0,0.26821778416633607,0.5,0.23178221583366393,0.0,0.0,2,64,23,0.359375,41.0,0.640625,0.640625,2,,,,,,,,,,,,,,,,,,,,,,
S10,EMATent,0.39587223529815674,0.39587223529815674,0.9380620121955872,1.0,0.381238329410553,0.5,0.11876167058944702,0.0,0.0,3,64,21,0.328125,43.0,0.671875,0.671875,2,,,,,,,,,,,,,,,,,,,,,,
S10,EMATent,0.9438795447349548,0.9438795447349548,0.756611704826355,1.0,0.21683613657951356,0.5,0.28316386342048644,0.0,0.0,4,28,28,1.0,,,1.0,1,,,,,,,,,,,,,,,,,,,,,,
S10,MIEMATentGateOnly,,,,,,,,,,0,64,35,0.546875,29.0,0.453125,0.546875,2,0.15312795341014862,0.15312795341014862,0.3380042612552643,0.18487629294395447,0.45406161397695544,0.5,0.045938386023044585,,0.0,0.19999999999999996,1.0,0.20400211215019226,0.05,0.0,0.0,58.0,0.90625,6.0,0.09375,0.90625,2.0,0.046875
S10,MIEMATentGateOnly,,,,,,,,,,1,64,48,0.75,16.0,0.25,0.75,2,0.20785625278949738,0.20785625278949738,0.4847941994667053,0.27693793177604675,0.43764312416315077,0.5,0.06235687583684921,,0.0,0.19999999999999996,1.0,0.3917770981788635,0.05,0.0,0.0,56.0,0.875,8.0,0.125,0.875,2.0,0.25
S10,MIEMATentGateOnly,,,,,,,,,,2,64,23,0.359375,41.0,0.640625,0.640625,2,0.22476106882095337,0.22476106882095337,0.48735252022743225,0.2625914514064789,0.432571679353714,0.5,0.06742832064628601,,0.0,0.19999999999999996,1.0,0.38900116086006165,0.05,0.0,0.0,45.0,0.703125,19.0,0.296875,0.703125,2.0,0.140625
S10,MIEMATentGateOnly,,,,,,,,,,3,64,21,0.328125,43.0,0.671875,0.671875,2,0.12287309020757675,0.12287309020757675,0.21991868317127228,0.09704559296369553,0.46313807293772696,0.5,0.03686192706227302,,0.0,0.19999999999999996,1.0,0.24338728189468384,0.05,0.0,0.0,58.0,0.90625,6.0,0.09375,0.90625,2.0,0.171875
S10,MIEMATentGateOnly,,,,,,,,,,4,28,28,1.0,,,1.0,1,0.12381953001022339,0.12381953001022339,0.355553537607193,0.2317340075969696,0.462854140996933,0.5,0.037145859003067015,,0.0,0.19999999999999996,1.0,0.5613638162612915,0.05,0.0,0.0,18.0,0.6428571428571429,10.0,0.35714285714285715,0.6428571428571429,2.0,0.0
S10,MIDynamicFixedEMARelaxed,,,,,,,,,,0,64,35,0.546875,29.0,0.453125,0.546875,2,0.26123008131980896,0.5599960498406973,0.7180566787719727,0.4568265974521637,0.5864905359204932,0.18951104414322797,0.22399841993627892,0.2442147658097118,35.839747189804626,0.19999999999999996,1.0,0.31661105155944824,0.0,0.0,1.0,45.0,0.703125,19.0,0.296875,0.703125,2.0,0.046875
S10,MIDynamicFixedEMARelaxed,,,,,,,,,,1,64,48,0.75,16.0,0.25,0.75,2,0.1921885907649994,0.494553872772337,0.7450844049453735,0.5528957843780518,0.473454648698111,0.3287238021929542,0.1978215491089348,0.409788871575652,67.49119504723419,0.19999999999999996,1.0,0.45424631237983704,0.0,0.0,1.0,55.0,0.859375,9.0,0.140625,0.859375,2.0,0.25
S10,MIDynamicFixedEMARelaxed,,,,,,,,,,2,64,23,0.359375,41.0,0.640625,0.640625,2,0.332338809967041,0.6188395089748883,0.8752398490905762,0.5429010391235352,0.3259221992168577,0.426541997193187,0.2475358035899553,0.566860189797986,107.09692362162704,0.19999999999999996,1.0,0.47672039270401,0.0,0.0,1.0,42.0,0.65625,22.0,0.34375,0.65625,2.0,0.140625
S10,MIDynamicFixedEMARelaxed,,,,,,,,,,3,64,21,0.328125,43.0,0.671875,0.671875,2,0.28628864884376526,0.5815535334347053,0.7007516622543335,0.41446301341056824,0.24851638801659817,0.5188621986095198,0.23262141337388212,0.6761489148280335,144.31634976144818,0.19999999999999996,1.0,0.4253573715686798,0.0,0.0,1.0,50.0,0.78125,14.0,0.21875,0.78125,2.0,0.171875
S10,MIDynamicFixedEMARelaxed,,,,,,,,,,4,28,28,1.0,,,1.0,1,0.24174994230270386,0.5425126588756418,0.7362942695617676,0.4945443272590637,0.22519801964617064,0.5577969168035726,0.21700506355025673,0.7123889195666273,159.50670420996616,0.19999999999999996,1.0,0.646384596824646,0.0,0.0,1.0,8.0,0.2857142857142857,20.0,0.7142857142857143,0.7142857142857143,2.0,0.0
S11,EMATent,0.9376147389411926,0.9376147389411926,0.7388539910316467,1.0,0.2187155783176422,0.5,0.2812844216823578,0.0,0.0,0,64,47,0.734375,17.0,0.265625,0.734375,2,,,,,,,,,,,,,,,,,,,,,,
S11,EMATent,0.9321889877319336,0.9321889877319336,0.7266024351119995,1.0,0.22034330368041993,0.5,0.27965669631958007,0.0,0.0,1,64,34,0.53125,30.0,0.46875,0.53125,2,,,,,,,,,,,,,,,,,,,,,,
S11,EMATent,0.9367456436157227,0.9367456436157227,0.8080512285232544,1.0,0.21897630691528322,0.5,0.2810236930847168,0.0,0.0,2,64,42,0.65625,22.0,0.34375,0.65625,2,,,,,,,,,,,,,,,,,,,,,,
S11,EMATent,0.5210596919059753,0.5210596919059753,0.882868230342865,1.0,0.3436820924282074,0.5,0.1563179075717926,0.0,0.0,3,64,32,0.5,32.0,0.5,0.5,2,,,,,,,,,,,,,,,,,,,,,,
S11,EMATent,0.3594149649143219,0.3594149649143219,0.9317350387573242,1.0,0.39217551052570343,0.5,0.10782448947429657,0.0,0.0,4,44,21,0.4772727272727273,23.0,0.5227272727272727,0.5227272727272727,2,,,,,,,,,,,,,,,,,,,,,,
S11,MIEMATentGateOnly,,,,,,,,,,0,64,47,0.734375,17.0,0.265625,0.734375,2,0.20376306772232056,0.20376306772232056,0.9376147389411926,0.7338516712188721,0.43887107968330386,0.5,0.061128920316696166,,0.0,0.19999999999999996,1.0,0.5777643918991089,0.05,0.0,0.0,35.0,0.546875,29.0,0.453125,0.546875,2.0,0.234375
S11,MIEMATentGateOnly,,,,,,,,,,1,64,34,0.53125,30.0,0.46875,0.53125,2,0.19465726613998413,0.19465726613998413,0.8622779846191406,0.6676207184791565,0.4416028201580048,0.5,0.05839717984199524,,0.0,0.19999999999999996,1.0,0.596612811088562,0.05,0.0,0.0,36.0,0.5625,28.0,0.4375,0.5625,2.0,0.03125
S11,MIEMATentGateOnly,,,,,,,,,,2,64,42,0.65625,22.0,0.34375,0.65625,2,0.26374924182891846,0.26374924182891846,0.9647066593170166,0.7009574174880981,0.42087522745132444,0.5,0.07912477254867553,,0.0,0.19999999999999996,1.0,0.4299493432044983,0.05,0.0,0.0,25.0,0.390625,39.0,0.609375,0.609375,2.0,0.15625
S11,MIEMATentGateOnly,,,,,,,,,,3,64,32,0.5,32.0,0.5,0.5,2,0.07244214415550232,0.07244214415550232,0.6751173138618469,0.6026751399040222,0.4782673567533493,0.5,0.021732643246650696,,0.0,0.19999999999999996,1.0,0.40414416790008545,0.05,0.0,0.0,3.0,0.046875,61.0,0.953125,0.953125,2.0,0.0
S11,MIEMATentGateOnly,,,,,,,,,,4,44,21,0.4772727272727273,23.0,0.5227272727272727,0.5227272727272727,2,0.06407000869512558,0.06407000869512558,0.40342405438423157,0.3393540382385254,0.48077899739146235,0.5,0.019221002608537673,,0.0,0.19999999999999996,1.0,0.30420365929603577,0.05,0.0,0.0,0.0,0.0,44.0,1.0,1.0,1.0,0.022727272727272707
S11,MIDynamicFixedEMARelaxed,,,,,,,,,,0,64,47,0.734375,17.0,0.265625,0.734375,2,0.16105960309505463,0.46119008639080095,0.9997666478157043,0.8387070298194885,0.647575743983419,0.1679482214602607,0.1844760345563204,0.20593903867544805,29.51616552901126,0.19999999999999996,1.0,0.5949134826660156,0.0,0.0,1.0,29.0,0.453125,35.0,0.546875,0.546875,2.0,0.234375
S11,MIDynamicFixedEMARelaxed,,,,,,,,,,1,64,34,0.53125,30.0,0.46875,0.53125,2,0.14790396392345428,0.44612455962846376,0.99582839012146,0.8479244112968445,0.5219311545233066,0.29961902162530785,0.17844982385138553,0.3646996012220539,58.06813734523294,0.19999999999999996,1.0,0.5991990566253662,0.0,0.0,1.0,34.0,0.53125,30.0,0.46875,0.53125,2.0,0.03125
S11,MIDynamicFixedEMARelaxed,,,,,,,,,,2,64,42,0.65625,22.0,0.34375,0.65625,2,0.2915003299713135,0.5859169345441296,0.9814537167549133,0.6899534463882446,0.3628855327631411,0.4027476934192071,0.23436677381765186,0.5260321517489708,95.56682115605724,0.19999999999999996,1.0,0.46757233142852783,0.0,0.0,1.0,28.0,0.4375,36.0,0.5625,0.5625,2.0,0.15625
S11,MIDynamicFixedEMARelaxed,,,,,,,,,,3,64,32,0.5,32.0,0.5,0.5,2,0.06835003197193146,0.3352945513548167,0.8155034780502319,0.7471534013748169,0.3470558721800338,0.5188263072780396,0.13411782054192667,0.5991881107921121,117.02567244276551,0.19999999999999996,1.0,0.5025058388710022,0.0,0.0,1.0,6.0,0.09375,58.0,0.90625,0.90625,2.0,0.0
S11,MIDynamicFixedEMARelaxed,,,,,,,,,,4,44,21,0.4772727272727273,23.0,0.5227272727272727,0.5227272727272727,2,0.1385260969400406,0.43497184735650984,0.7193018794059753,0.580775797367096,0.2850953735096956,0.5409158875477005,0.17398873894260394,0.6548529215633956,136.16443372645193,0.19999999999999996,1.0,0.6021994948387146,0.0,0.0,1.0,9.0,0.20454545454545456,35.0,0.7954545454545454,0.7954545454545454,2.0,0.022727272727272707
S12,EMATent,0.9600337147712708,0.9600337147712708,0.7045301198959351,1.0,0.21198988556861878,0.5,0.2880101144313812,0.0,0.0,0,64,31,0.484375,33.0,0.515625,0.515625,2,,,,,,,,,,,,,,,,,,,,,,
S12,EMATent,0.914649248123169,0.914649248123169,0.6920549273490906,1.0,0.22560522556304932,0.5,0.27439477443695065,0.0,0.0,1,64,29,0.453125,35.0,0.546875,0.546875,2,,,,,,,,,,,,,,,,,,,,,,
S12,EMATent,0.9999114274978638,0.9999114274978638,0.8269563913345337,1.0,0.20002657175064087,0.5,0.29997342824935913,0.0,0.0,2,64,46,0.71875,18.0,0.28125,0.71875,2,,,,,,,,,,,,,,,,,,,,,,
S12,EMATent,0.46232935786247253,0.46232935786247253,0.9020918607711792,1.0,0.36130119264125826,0.5,0.13869880735874177,0.0,0.0,3,56,20,0.35714285714285715,36.0,0.6428571428571429,0.6428571428571429,2,,,,,,,,,,,,,,,,,,,,,,
S12,MIEMATentGateOnly,,,,,,,,,,0,64,31,0.484375,33.0,0.515625,0.515625,2,0.15255264937877655,0.15255264937877655,0.9600337147712708,0.807481050491333,0.45423420518636703,0.5,0.045765794813632965,,0.0,0.19999999999999996,1.0,0.5601805448532104,0.05,0.0,0.0,16.0,0.25,48.0,0.75,0.75,2.0,0.015625
S12,MIEMATentGateOnly,,,,,,,,,,1,64,29,0.453125,35.0,0.546875,0.546875,2,0.1177828311920166,0.1177828311920166,0.8842965960502625,0.7665137648582458,0.464665150642395,0.5,0.03533484935760498,,0.0,0.19999999999999996,1.0,0.6194552779197693,0.05,0.0,0.0,12.0,0.1875,52.0,0.8125,0.8125,2.0,0.046875
S12,MIEMATentGateOnly,,,,,,,,,,2,64,46,0.71875,18.0,0.28125,0.71875,2,0.413496732711792,0.413496732711792,0.994292140007019,0.580795407295227,0.37595098018646245,0.5,0.1240490198135376,,0.0,0.19999999999999996,1.0,0.4685244858264923,0.05,0.0,0.0,34.0,0.53125,30.0,0.46875,0.53125,2.0,0.21875
S12,MIEMATentGateOnly,,,,,,,,,,3,56,20,0.35714285714285715,36.0,0.6428571428571429,0.6428571428571429,2,0.1717592030763626,0.1717592030763626,0.7531306743621826,0.5813714861869812,0.4484722390770912,0.5,0.05152776092290878,,0.0,0.19999999999999996,1.0,0.32502415776252747,0.05,0.0,0.0,56.0,1.0,0.0,0.0,1.0,1.0,0.1428571428571429
S12,MIDynamicFixedEMARelaxed,,,,,,,,,,0,64,31,0.484375,33.0,0.515625,0.515625,2,0.0476529523730278,0.2964660057672892,0.9670482873916626,0.9193953275680542,0.7599814132912847,0.12143218440179976,0.1185864023069157,0.13776981058565818,18.97382436910651,0.19999999999999996,1.0,0.6007540225982666,0.0,0.0,1.0,13.0,0.203125,51.0,0.796875,0.796875,2.0,0.015625
S12,MIDynamicFixedEMARelaxed,,,,,,,,,,1,64,29,0.453125,35.0,0.546875,0.546875,2,0.04392875358462334,0.2886326864664364,0.9586906433105469,0.9147619009017944,0.6601890405703356,0.2243578848430898,0.11545307458657457,0.2536415857623697,37.44631630295844,0.19999999999999996,1.0,0.6273576021194458,0.0,0.0,1.0,12.0,0.1875,52.0,0.8125,0.8125,2.0,0.046875
S12,MIDynamicFixedEMARelaxed,,,,,,,,,,2,64,46,0.71875,18.0,0.28125,0.71875,2,0.2815958857536316,0.5775904809148121,0.9995984435081482,0.7180025577545166,0.42996306843080695,0.3390007392032682,0.23103619236592488,0.44085395936421967,74.4121070815064,0.19999999999999996,1.0,0.48644348978996277,0.0,0.0,1.0,25.0,0.390625,39.0,0.609375,0.609375,2.0,0.21875
S12,MIDynamicFixedEMARelaxed,,,,,,,,,,3,56,20,0.35714285714285715,36.0,0.6428571428571429,0.6428571428571429,2,0.20964358747005463,0.5120816737623068,0.9950980544090271,0.7854544520378113,0.35537453172286115,0.4397927987722161,0.20483266950492274,0.5530820770747683,103.08868081219559,0.19999999999999996,1.0,0.4035194516181946,0.0,0.0,1.0,55.0,0.9821428571428571,1.0,0.017857142857142856,0.9821428571428571,2.0,0.1428571428571429
S13,EMATent,0.9307592511177063,0.9307592511177063,0.667385458946228,1.0,0.22077222466468813,0.5,0.2792277753353119,0.0,0.0,0,64,22,0.34375,42.0,0.65625,0.65625,2,,,,,,,,,,,,,,,,,,,,,,
S13,EMATent,0.9744274020195007,0.9744274020195007,0.6704769134521484,1.0,0.2076717793941498,0.5,0.29232822060585023,0.0,0.0,1,64,37,0.578125,27.0,0.421875,0.578125,2,,,,,,,,,,,,,,,,,,,,,,
S13,EMATent,0.9472395777702332,0.9472395777702332,0.7558939456939697,1.0,0.21582812666893006,0.5,0.2841718733310699,0.0,0.0,2,64,18,0.28125,46.0,0.71875,0.71875,2,,,,,,,,,,,,,,,,,,,,,,
S13,EMATent,0.9086753129959106,0.9086753129959106,0.6784459948539734,1.0,0.22739740610122683,0.5,0.27260259389877317,0.0,0.0,3,64,55,0.859375,9.0,0.140625,0.859375,2,,,,,,,,,,,,,,,,,,,,,,
S13,EMATent,0.7049902677536011,0.7049902677536011,0.8083115816116333,1.0,0.28850291967391967,0.5,0.2114970803260803,0.0,0.0,4,21,21,1.0,,,1.0,1,,,,,,,,,,,,,,,,,,,,,,
S13,MIEMATentGateOnly,,,,,,,,,,0,64,22,0.34375,42.0,0.65625,0.65625,2,0.038799114525318146,0.038799114525318146,0.9307592511177063,0.8919601440429688,0.48836026564240453,0.5,0.011639734357595443,,0.0,0.19999999999999996,0.0,0.5954498648643494,0.05,0.0,0.0,58.0,0.90625,6.0,0.09375,0.90625,2.0,0.15625
S13,MIEMATentGateOnly,,,,,,,,,,1,64,37,0.578125,27.0,0.421875,0.578125,2,0.08610096573829651,0.08610096573829651,0.9790031313896179,0.8929021954536438,0.47416971027851107,0.5,0.02583028972148895,,0.0,0.19999999999999996,1.0,0.5943478345870972,0.05,0.0,0.0,43.0,0.671875,21.0,0.328125,0.671875,2.0,0.078125
S13,MIEMATentGateOnly,,,,,,,,,,2,64,18,0.28125,46.0,0.71875,0.71875,2,0.20128066837787628,0.20128066837787628,0.9578520655632019,0.756571352481842,0.4396157994866371,0.5,0.06038420051336288,,0.0,0.19999999999999996,1.0,0.4998885989189148,0.05,0.0,0.0,29.0,0.453125,35.0,0.546875,0.546875,2.0,0.21875
S13,MIEMATentGateOnly,,,,,,,,,,3,64,55,0.859375,9.0,0.140625,0.859375,2,0.06999315321445465,0.06999315321445465,0.9867880344390869,0.9167948961257935,0.4790020540356636,0.5,0.020997945964336396,,0.0,0.19999999999999996,1.0,0.5974467396736145,0.05,0.0,0.0,58.0,0.90625,6.0,0.09375,0.90625,2.0,0.359375
S13,MIEMATentGateOnly,,,,,,,,,,4,21,21,1.0,,,1.0,1,0.07664492726325989,0.07664492726325989,0.9661589860916138,0.8895140290260315,0.47700652182102204,0.5,0.022993478178977966,,0.0,0.19999999999999996,1.0,0.4162861406803131,0.05,0.0,0.0,21.0,1.0,0.0,0.0,1.0,1.0,0.0
S13,MIDynamicFixedEMARelaxed,,,,,,,,,,0,64,22,0.34375,42.0,0.65625,0.65625,2,0.020130999386310577,0.2276953777664312,0.9178786277770996,0.8977476358413696,0.8111162835695669,0.09780556532386059,0.09107815110657248,0.10760613296174426,14.572504177051597,0.19999999999999996,1.0,0.5924782156944275,0.0,0.0,1.0,64.0,1.0,0.0,0.0,1.0,1.0,0.15625
S13,MIDynamicFixedEMARelaxed,,,,,,,,,,1,64,37,0.578125,27.0,0.421875,0.578125,2,0.11096630245447159,0.3998044445769975,0.9662662744522095,0.8553000092506409,0.6138466234250006,0.22623159874420035,0.159921777830799,0.2692982543459326,40.15998862997944,0.19999999999999996,1.0,0.5896785259246826,0.0,0.0,1.0,41.0,0.640625,23.0,0.359375,0.640625,2.0,0.078125
S13,MIDynamicFixedEMARelaxed,,,,,,,,,,2,64,18,0.28125,46.0,0.71875,0.71875,2,0.1795426607131958,0.4813522717615415,0.9999669194221497,0.8204242587089539,0.4638059928008711,0.3436530984945123,0.1925409087046166,0.42559815376305876,70.9665340227181,0.19999999999999996,1.0,0.5272688865661621,0.0,0.0,1.0,33.0,0.515625,31.0,0.484375,0.515625,2.0,0.21875
S13,MIDynamicFixedEMARelaxed,,,,,,,,,,3,64,55,0.859375,9.0,0.140625,0.859375,2,0.026722319424152374,0.24712266560106713,0.9348134398460388,0.9080910682678223,0.4574581393184757,0.44369279444109744,0.09884906624042686,0.492362353318578,86.7823846211864,0.19999999999999996,1.0,0.6145874261856079,0.0,0.0,1.0,56.0,0.875,8.0,0.125,0.875,2.0,0.359375
S13,MIDynamicFixedEMARelaxed,,,,,,,,,,4,21,21,1.0,,,1.0,1,0.021723300218582153,0.23264943715316527,0.8262918591499329,0.8045685291290283,0.44315523039585886,0.463784994742875,0.09305977486126611,0.5113732767470207,91.66802280140287,0.19999999999999996,1.0,0.46070802211761475,0.0,0.0,1.0,21.0,1.0,0.0,0.0,1.0,1.0,0.0
S14,EMATent,0.6954329013824463,0.6954329013824463,0.8358436822891235,1.0,0.2913701295852661,0.5,0.20862987041473388,0.0,0.0,0,64,28,0.4375,36.0,0.5625,0.5625,2,,,,,,,,,,,,,,,,,,,,,,
S14,EMATent,0.9950191974639893,0.9950191974639893,0.699096143245697,1.0,0.20149424076080324,0.5,0.29850575923919676,0.0,0.0,1,64,62,0.96875,2.0,0.03125,0.96875,2,,,,,,,,,,,,,,,,,,,,,,
S14,EMATent,0.9906377792358398,0.9906377792358398,0.8009927868843079,1.0,0.20280866622924806,0.5,0.29719133377075196,0.0,0.0,2,64,33,0.515625,31.0,0.484375,0.515625,2,,,,,,,,,,,,,,,,,,,,,,
S14,EMATent,0.6470248699188232,0.6470248699188232,0.8412514925003052,1.0,0.30589253902435304,0.5,0.19410746097564696,0.0,0.0,3,52,43,0.8269230769230769,9.0,0.17307692307692307,0.8269230769230769,2,,,,,,,,,,,,,,,,,,,,,,
S14,MIEMATentGateOnly,,,,,,,,,,0,64,28,0.4375,36.0,0.5625,0.5625,2,0.16192351281642914,0.16192351281642914,0.6954329013824463,0.533509373664856,0.4514229461550713,0.5,0.04857705384492874,,0.0,0.19999999999999996,1.0,0.4813022315502167,0.05,0.0,0.0,8.0,0.125,56.0,0.875,0.875,2.0,0.0625
S14,MIEMATentGateOnly,,,,,,,,,,1,64,62,0.96875,2.0,0.03125,0.96875,2,0.3024044334888458,0.3024044334888458,0.9979296922683716,0.6955252289772034,0.4092786699533463,0.5,0.09072133004665374,,0.0,0.19999999999999996,1.0,0.6121532917022705,0.05,0.0,0.0,34.0,0.53125,30.0,0.46875,0.53125,2.0,0.46875
S14,MIEMATentGateOnly,,,,,,,,,,2,64,33,0.515625,31.0,0.484375,0.515625,2,0.4725492596626282,0.4725492596626282,0.9925316572189331,0.5199823975563049,0.35823522210121156,0.5,0.14176477789878844,,0.0,0.19999999999999996,1.0,0.5669528245925903,0.05,0.0,0.0,42.0,0.65625,22.0,0.34375,0.65625,2.0,0.015625
S14,MIEMATentGateOnly,,,,,,,,,,3,52,43,0.8269230769230769,9.0,0.17307692307692307,0.8269230769230769,2,0.16432073712348938,0.16432073712348938,0.7027711868286133,0.5384504795074463,0.4507037788629532,0.5,0.04929622113704681,,0.0,0.19999999999999996,1.0,0.4929826855659485,0.05,0.0,0.0,5.0,0.09615384615384616,47.0,0.9038461538461539,0.9038461538461539,2.0,0.32692307692307687
S14,MIDynamicFixedEMARelaxed,,,,,,,,,,0,64,28,0.4375,36.0,0.5625,0.5625,2,0.1715964674949646,0.4728178357736139,0.9627071022987366,0.791110634803772,0.6401498960679128,0.17072296962264158,0.18912713430944558,0.21054221548929342,30.26034148951129,0.19999999999999996,1.0,0.5562343597412109,0.0,0.0,1.0,22.0,0.34375,42.0,0.65625,0.65625,2.0,0.0625
S14,MIDynamicFixedEMARelaxed,,,,,,,,,,1,64,62,0.96875,2.0,0.03125,0.96875,2,0.13178221881389618,0.4267163865484189,0.9952608346939087,0.8634786009788513,0.5289167637617967,0.30039668161883565,0.17068655461936758,0.3622233346053635,57.5701902286101,0.19999999999999996,1.0,0.6152060031890869,0.0,0.0,1.0,25.0,0.390625,39.0,0.609375,0.609375,2.0,0.46875
S14,MIDynamicFixedEMARelaxed,,,,,,,,,,2,64,33,0.515625,31.0,0.484375,0.515625,2,0.2186867743730545,0.5208756196813664,0.9990829825401306,0.7803962230682373,0.3891302579217718,0.40251949420568167,0.20835024787254658,0.5084565404384502,90.90622988821755,0.19999999999999996,1.0,0.5799946784973145,0.0,0.0,1.0,39.0,0.609375,25.0,0.390625,0.609375,2.0,0.015625
S14,MIDynamicFixedEMARelaxed,,,,,,,,,,3,52,43,0.8269230769230769,9.0,0.17307692307692307,0.8269230769230769,2,0.09113480895757675,0.3716968812033682,0.8848170042037964,0.7936822175979614,0.35981239567607476,0.4915088518425779,0.1486787524813473,0.5773482727879511,110.2344677107927,0.19999999999999996,1.0,0.5635398626327515,0.0,0.0,1.0,10.0,0.19230769230769232,42.0,0.8076923076923077,0.8076923076923077,2.0,0.32692307692307687
S15,EMATent,0.9753223657608032,0.9753223657608032,0.6889094114303589,1.0,0.20740329027175905,0.5,0.292596709728241,0.0,0.0,0,64,31,0.484375,33.0,0.515625,0.515625,2,,,,,,,,,,,,,,,,,,,,,,
S15,EMATent,0.9747875332832336,0.9747875332832336,0.6765591502189636,1.0,0.20756374001502992,0.5,0.2924362599849701,0.0,0.0,1,64,30,0.46875,34.0,0.53125,0.53125,2,,,,,,,,,,,,,,,,,,,,,,
S15,EMATent,0.8491015434265137,0.8491015434265137,0.8381541967391968,1.0,0.2452695369720459,0.5,0.2547304630279541,0.0,0.0,2,64,40,0.625,24.0,0.375,0.625,2,,,,,,,,,,,,,,,,,,,,,,
S15,EMATent,0.8183606863021851,0.8183606863021851,0.7696002721786499,1.0,0.25449179410934447,0.5,0.2455082058906555,0.0,0.0,3,64,31,0.484375,33.0,0.515625,0.515625,2,,,,,,,,,,,,,,,,,,,,,,
S15,EMATent,0.7253061532974243,0.7253061532974243,0.805905818939209,1.0,0.2824081540107727,0.5,0.2175918459892273,0.0,0.0,4,64,26,0.40625,38.0,0.59375,0.59375,2,,,,,,,,,,,,,,,,,,,,,,
S15,MIEMATentGateOnly,,,,,,,,,,0,64,31,0.484375,33.0,0.515625,0.515625,2,0.14287330210208893,0.14287330210208893,0.9753223657608032,0.8324490785598755,0.4571380093693733,0.5,0.04286199063062668,,0.0,0.19999999999999996,1.0,0.6287637948989868,0.05,0.0,0.0,37.0,0.578125,27.0,0.421875,0.578125,2.0,0.015625
S15,MIEMATentGateOnly,,,,,,,,,,1,64,30,0.46875,34.0,0.53125,0.53125,2,0.13945643603801727,0.13945643603801727,0.869903028011322,0.7304465770721436,0.45816306918859484,0.5,0.04183693081140518,,0.0,0.19999999999999996,1.0,0.6247106790542603,0.05,0.0,0.0,31.0,0.484375,33.0,0.515625,0.515625,2.0,0.03125
S15,MIEMATentGateOnly,,,,,,,,,,2,64,40,0.625,24.0,0.375,0.625,2,0.3900787830352783,0.3900787830352783,0.906036913394928,0.5159581303596497,0.3829763650894165,0.5,0.11702363491058348,,0.0,0.19999999999999996,1.0,0.43940696120262146,0.05,0.0,0.0,47.0,0.734375,17.0,0.265625,0.734375,2.0,0.125
S15,MIEMATentGateOnly,,,,,,,,,,3,64,31,0.484375,33.0,0.515625,0.515625,2,0.1801176816225052,0.1801176816225052,0.9397671818733215,0.7596495151519775,0.44596469551324847,0.5,0.054035304486751555,,0.0,0.19999999999999996,1.0,0.5458241701126099,0.05,0.0,0.0,3.0,0.046875,61.0,0.953125,0.953125,2.0,0.015625
S15,MIEMATentGateOnly,,,,,,,,,,4,64,26,0.40625,38.0,0.59375,0.59375,2,0.17488116025924683,0.17488116025924683,0.9402310252189636,0.7653498649597168,0.44753565192222594,0.5,0.052464348077774045,,0.0,0.19999999999999996,1.0,0.5477758049964905,0.05,0.0,0.0,2.0,0.03125,62.0,0.96875,0.96875,2.0,0.09375
S15,MIDynamicFixedEMARelaxed,,,,,,,,,,0,64,31,0.484375,33.0,0.515625,0.515625,2,0.04610510915517807,0.29324890275417925,0.9999980926513672,0.9538930058479309,0.7623162058144064,0.12038423308392185,0.11729956110167171,0.13638175283357712,18.767929776267472,0.19999999999999996,1.0,0.6565514802932739,0.0,0.0,1.0,32.0,0.5,32.0,0.5,0.5,2.0,0.015625
S15,MIDynamicFixedEMARelaxed,,,,,,,,,,1,64,30,0.46875,34.0,0.53125,0.53125,2,0.058486055582761765,0.31765501377647387,0.9996750950813293,0.9411890506744385,0.6431722474203476,0.22976574706906286,0.12706200551058955,0.2632096993366121,39.0978506579618,0.19999999999999996,1.0,0.6235459446907043,0.0,0.0,1.0,31.0,0.484375,33.0,0.515625,0.515625,2.0,0.03125
S15,MIDynamicFixedEMARelaxed,,,,,,,,,,2,64,40,0.625,24.0,0.375,0.625,2,0.22708572447299957,0.5288816116635565,0.9998418688774109,0.7727561593055725,0.44593485417986617,0.34251250115471127,0.21155264466542262,0.43441391341767666,72.94627380442941,0.19999999999999996,1.0,0.5167667865753174,0.0,0.0,1.0,44.0,0.6875,20.0,0.3125,0.6875,2.0,0.125
S15,MIDynamicFixedEMARelaxed,,,,,,,,,,3,64,31,0.484375,33.0,0.515625,0.515625,2,0.061635829508304596,0.32343907872555944,0.8759867548942566,0.8143509030342102,0.4188857944165945,0.4517385740931817,0.12937563149022377,0.5188673674117463,93.64637484286521,0.19999999999999996,1.0,0.5983900427818298,0.0,0.0,1.0,7.0,0.109375,57.0,0.890625,0.890625,2.0,0.015625
S15,MIDynamicFixedEMARelaxed,,,,,,,,,,4,64,26,0.40625,38.0,0.59375,0.59375,2,0.05652029067277908,0.313965967959746,0.8566898703575134,0.8001695871353149,0.35958774320094544,0.5148258696151561,0.12558638718389842,0.5887669886075177,113.74019679228896,0.19999999999999996,1.0,0.6201752424240112,0.0,0.0,1.0,16.0,0.25,48.0,0.75,0.75,2.0,0.09375
S16,EMATent,0.7859188318252563,0.7859188318252563,0.8391396999359131,1.0,0.2642243504524231,0.5,0.2357756495475769,0.0,0.0,0,64,17,0.265625,47.0,0.734375,0.734375,2,,,,,,,,,,,,,,,,,,,,,,
S16,EMATent,0.8278666734695435,0.8278666734695435,0.828884482383728,1.0,0.251639997959137,0.5,0.24836000204086303,0.0,0.0,1,64,54,0.84375,10.0,0.15625,0.84375,2,,,,,,,,,,,,,,,,,,,,,,
S16,EMATent,0.9395319223403931,0.9395319223403931,0.8053556084632874,1.0,0.21814042329788208,0.5,0.2818595767021179,0.0,0.0,2,64,31,0.484375,33.0,0.515625,0.515625,2,,,,,,,,,,,,,,,,,,,,,,
S16,EMATent,0.9994797706604004,0.9994797706604004,0.7659385800361633,1.0,0.2001560688018799,0.5,0.2998439311981201,0.0,0.0,3,29,2,0.06896551724137931,27.0,0.9310344827586207,0.9310344827586207,2,,,,,,,,,,,,,,,,,,,,,,
S16,MIEMATentGateOnly,,,,,,,,,,0,64,17,0.265625,47.0,0.734375,0.734375,2,0.2977198660373688,0.2977198660373688,0.7859188318252563,0.4881989657878876,0.41068404018878935,0.5,0.08931595981121063,,0.0,0.19999999999999996,1.0,0.49258172512054443,0.05,0.0,0.0,24.0,0.375,40.0,0.625,0.625,2.0,0.234375
S16,MIEMATentGateOnly,,,,,,,,,,1,64,54,0.84375,10.0,0.15625,0.84375,2,0.32804855704307556,0.32804855704307556,0.73585045337677,0.40780189633369446,0.4015854328870774,0.5,0.09841456711292267,,0.0,0.19999999999999996,1.0,0.5713310241699219,0.05,0.0,0.0,34.0,0.53125,30.0,0.46875,0.53125,2.0,0.34375
S16,MIEMATentGateOnly,,,,,,,,,,2,64,31,0.484375,33.0,0.515625,0.515625,2,0.2231452465057373,0.2231452465057373,0.5764742493629456,0.35332897305488586,0.4330564260482788,0.5,0.0669435739517212,,0.0,0.19999999999999996,1.0,0.5090276598930359,0.05,0.0,0.0,26.0,0.40625,38.0,0.59375,0.59375,2.0,0.015625
S16,MIEMATentGateOnly,,,,,,,,,,3,29,2,0.06896551724137931,27.0,0.9310344827586207,0.9310344827586207,2,0.4512038230895996,0.4512038230895996,0.8248142600059509,0.3736104369163513,0.36463885307312016,0.5,0.13536114692687987,,0.0,0.19999999999999996,1.0,0.6167378425598145,0.05,0.0,0.0,16.0,0.5517241379310345,13.0,0.4482758620689655,0.5517241379310345,2.0,0.43103448275862066
S16,MIDynamicFixedEMARelaxed,,,,,,,,,,0,64,17,0.265625,47.0,0.734375,0.734375,2,0.12290215492248535,0.41551663266334016,0.9995209574699402,0.8766188025474548,0.6773765146032983,0.1564168323313656,0.16620665306533608,0.18759664238916318,26.59306449045377,0.19999999999999996,1.0,0.5626373291015625,0.0,0.0,1.0,28.0,0.4375,36.0,0.5625,0.5625,2.0,0.234375
S16,MIDynamicFixedEMARelaxed,,,,,,,,,,1,64,54,0.84375,10.0,0.15625,0.84375,2,0.1733846515417099,0.47475534385620843,0.9871382713317871,0.813753604888916,0.5190597853880795,0.291038077069437,0.1899021375424834,0.3592628626207488,56.97740649725111,0.19999999999999996,1.0,0.5950550436973572,0.0,0.0,1.0,36.0,0.5625,28.0,0.4375,0.5625,2.0,0.34375
S16,MIDynamicFixedEMARelaxed,,,,,,,,,,2,64,31,0.484375,33.0,0.515625,0.515625,2,0.17904193699359894,0.4808201267853567,0.9501969814300537,0.771155059337616,0.4069172798068084,0.40075466947904886,0.1923280507141427,0.49618495458879774,87.74989461151394,0.19999999999999996,1.0,0.534519612789154,0.0,0.0,1.0,18.0,0.28125,46.0,0.71875,0.71875,2.0,0.015625
S16,MIDynamicFixedEMARelaxed,,,,,,,,,,3,29,2,0.06896551724137931,27.0,0.9310344827586207,0.9310344827586207,2,0.2925065755844116,0.5867548933738349,0.9989743232727051,0.7064676880836487,0.3375732922661313,0.4277247503843348,0.23470195734953397,0.5588995744755735,104.76578651935515,0.19999999999999996,1.0,0.6390851736068726,0.0,0.0,1.0,11.0,0.3793103448275862,18.0,0.6206896551724138,0.6206896551724138,2.0,0.43103448275862066
S17,EMATent,0.18227149546146393,0.18227149546146393,0.9723878502845764,0.0,0.44531855136156084,0.5,0.05468144863843918,0.0,0.0,0,64,38,0.59375,26.0,0.40625,0.59375,2,,,,,,,,,,,,,,,,,,,,,,
S17,EMATent,0.48663368821144104,0.48663368821144104,0.8943565487861633,1.0,0.3540098935365677,0.5,0.1459901064634323,0.0,0.0,1,64,51,0.796875,13.0,0.203125,0.796875,2,,,,,,,,,,,,,,,,,,,,,,
S17,EMATent,0.9892256259918213,0.9892256259918213,0.622197687625885,1.0,0.20323231220245364,0.5,0.29676768779754636,0.0,0.0,2,64,22,0.34375,42.0,0.65625,0.65625,2,,,,,,,,,,,,,,,,,,,,,,
S17,EMATent,0.9142357707023621,0.9142357707023621,0.7070364952087402,1.0,0.2257292687892914,0.5,0.2742707312107086,0.0,0.0,3,64,39,0.609375,25.0,0.390625,0.609375,2,,,,,,,,,,,,,,,,,,,,,,
S17,EMATent,0.9245760440826416,0.9245760440826416,0.6617815494537354,1.0,0.22262718677520754,0.5,0.27737281322479246,0.0,0.0,4,30,0,0.0,30.0,1.0,1.0,1,,,,,,,,,,,,,,,,,,,,,,
S17,MIEMATentGateOnly,,,,,,,,,,0,64,38,0.59375,26.0,0.40625,0.59375,2,0.026080168783664703,0.026080168783664703,0.18227149546146393,0.15619131922721863,0.4921759493649006,0.5,0.007824050635099411,,0.0,0.19999999999999996,0.0,0.12181122601032257,0.05,0.0,0.0,0.0,0.0,64.0,1.0,1.0,1.0,0.09375
S17,MIEMATentGateOnly,,,,,,,,,,1,64,51,0.796875,13.0,0.203125,0.796875,2,0.020879274234175682,0.020879274234175682,0.13004173338413239,0.10916246473789215,0.4937362177297473,0.5,0.006263782270252705,,0.0,0.19999999999999996,0.0,0.39854180812835693,0.05,0.0,0.0,0.0,0.0,64.0,1.0,1.0,1.0,0.296875
S17,MIEMATentGateOnly,,,,,,,,,,2,64,22,0.34375,42.0,0.65625,0.65625,2,0.042651932686567307,0.042651932686567307,0.28527945280075073,0.24262753129005432,0.4872044201940298,0.5,0.012795579805970191,,0.0,0.19999999999999996,0.0,0.6554862856864929,0.05,0.0,0.0,50.0,0.78125,14.0,0.21875,0.78125,2.0,0.15625
S17,MIEMATentGateOnly,,,,,,,,,,3,64,39,0.609375,25.0,0.390625,0.609375,2,0.04241269454360008,0.04241269454360008,0.19651472568511963,0.15410202741622925,0.48727619163692,0.5,0.012723808363080024,,0.0,0.19999999999999996,0.0,0.6435002684593201,0.05,0.0,0.0,40.0,0.625,24.0,0.375,0.625,2.0,0.109375
S17,MIEMATentGateOnly,,,,,,,,,,4,30,0,0.0,30.0,1.0,1.0,1,0.029769379645586014,0.029769379645586014,0.32156041264533997,0.29179102182388306,0.4910691861063242,0.5,0.008930813893675804,,0.0,0.19999999999999996,0.0,0.5654528737068176,0.05,0.0,0.0,30.0,1.0,0.0,0.0,1.0,1.0,0.5
S17,MIDynamicFixedEMARelaxed,,,,,,,,,,0,64,38,0.59375,26.0,0.40625,0.59375,2,0.11932792514562607,0.41089486867421454,0.9462862014770508,0.8269582986831665,0.6804490311908882,0.155193021339426,0.16435794746968582,0.18571710323756851,26.29727159514973,0.19999999999999996,1.0,0.5140742659568787,0.0,0.0,1.0,10.0,0.15625,54.0,0.84375,0.84375,2.0,0.09375
S17,MIDynamicFixedEMARelaxed,,,,,,,,,,1,64,51,0.796875,13.0,0.203125,0.796875,2,0.046043023467063904,0.2931187432858907,0.8249441981315613,0.7789011597633362,0.6208180624739517,0.26193444021169215,0.1172474973143563,0.2967246645178523,45.056871165446736,0.19999999999999996,1.0,0.4675105810165405,0.0,0.0,1.0,0.0,0.0,64.0,1.0,1.0,1.0,0.296875
S17,MIDynamicFixedEMARelaxed,,,,,,,,,,2,64,22,0.34375,42.0,0.65625,0.65625,2,0.049953993409872055,0.30115351019059144,0.9411363005638123,0.8911823034286499,0.5320906587873563,0.34744793713640704,0.12046140407623658,0.3950343268011892,64.3306958176446,0.19999999999999996,1.0,0.6653907895088196,0.0,0.0,1.0,46.0,0.71875,18.0,0.28125,0.71875,2.0,0.15625
S17,MIDynamicFixedEMARelaxed,,,,,,,,,,3,64,39,0.609375,25.0,0.390625,0.609375,2,0.10088777542114258,0.3858655244885705,0.8836663961410522,0.7827786207199097,0.42182634351791803,0.42382744668665373,0.1543462097954282,0.5011831692779687,89.0260893849131,0.19999999999999996,1.0,0.6187151074409485,0.0,0.0,1.0,58.0,0.90625,6.0,0.09375,0.90625,2.0,0.109375
S17,MIDynamicFixedEMARelaxed,,,,,,,,,,4,30,0,0.0,30.0,1.0,1.0,1,0.027479903772473335,0.2491935724342822,0.9720567464828491,0.9445768594741821,0.4236179740577168,0.4767045969685703,0.09967742897371289,0.529482001573247,96.50189655794158,0.19999999999999996,1.0,0.5978265404701233,0.0,0.0,1.0,30.0,1.0,0.0,0.0,1.0,1.0,0.5
S18,EMATent,0.8299975395202637,0.8299975395202637,0.8588564395904541,1.0,0.25100073814392093,0.5,0.2489992618560791,0.0,0.0,0,64,42,0.65625,22.0,0.34375,0.65625,2,,,,,,,,,,,,,,,,,,,,,,
S18,EMATent,0.5475665926933289,0.5475665926933289,0.9403363466262817,1.0,0.3357300221920013,0.5,0.16426997780799865,0.0,0.0,1,64,25,0.390625,39.0,0.609375,0.609375,2,,,,,,,,,,,,,,,,,,,,,,
S18,EMATent,0.45433738827705383,0.45433738827705383,0.9045706391334534,1.0,0.3636987835168839,0.5,0.13630121648311613,0.0,0.0,2,64,26,0.40625,38.0,0.59375,0.59375,2,,,,,,,,,,,,,,,,,,,,,,
S18,EMATent,0.9303858876228333,0.9303858876228333,0.8637937307357788,1.0,0.22088423371315002,0.5,0.27911576628685,0.0,0.0,3,63,42,0.6666666666666666,21.0,0.3333333333333333,0.6666666666666666,2,,,,,,,,,,,,,,,,,,,,,,
S18,MIEMATentGateOnly,,,,,,,,,,0,64,42,0.65625,22.0,0.34375,0.65625,2,0.3615211248397827,0.3615211248397827,0.8299975395202637,0.46847644448280334,0.39154366254806516,0.5,0.10845633745193481,,0.0,0.19999999999999996,1.0,0.3328022360801697,0.05,0.0,0.0,8.0,0.125,56.0,0.875,0.875,2.0,0.15625
S18,MIEMATentGateOnly,,,,,,,,,,1,64,25,0.390625,39.0,0.609375,0.609375,2,0.2805195748806,0.2805195748806,0.48439374566078186,0.2038741409778595,0.41584412753582,0.5,0.08415587246417999,,0.0,0.19999999999999996,1.0,0.23782573640346527,0.05,0.0,0.0,7.0,0.109375,57.0,0.890625,0.890625,2.0,0.109375
S18,MIEMATentGateOnly,,,,,,,,,,2,64,26,0.40625,38.0,0.59375,0.59375,2,0.03179221972823143,0.03179221972823143,0.21140801906585693,0.1796157956123352,0.49046233408153056,0.5,0.009537665918469428,,0.0,0.19999999999999996,0.0,0.3566009998321533,0.05,0.0,0.0,0.0,0.0,64.0,1.0,1.0,1.0,0.09375
S18,MIEMATentGateOnly,,,,,,,,,,3,63,42,0.6666666666666666,21.0,0.3333333333333333,0.6666666666666666,2,0.629871129989624,0.629871129989624,0.999568521976471,0.36969733238220215,0.3110386610031128,0.5,0.1889613389968872,,0.0,0.19999999999999996,1.0,0.44211676716804504,0.05,0.0,0.0,36.0,0.5714285714285714,27.0,0.42857142857142855,0.5714285714285714,2.0,0.16666666666666663
S18,MIDynamicFixedEMARelaxed,,,,,,,,,,0,64,42,0.65625,22.0,0.34375,0.65625,2,0.15487979352474213,0.45419293154302376,0.7370805144309998,0.5822007060050964,0.6520755617575339,0.1662472656252566,0.1816771726172095,0.20315608958014608,29.06834761875352,0.19999999999999996,1.0,0.3751291036605835,0.0,0.0,1.0,7.0,0.109375,57.0,0.890625,0.890625,2.0,0.15625
S18,MIDynamicFixedEMARelaxed,,,,,,,,,,1,64,25,0.390625,39.0,0.609375,0.609375,2,0.26324185729026794,0.5617639054810554,0.657251238822937,0.39400941133499146,0.46650300340868994,0.30879143439888795,0.22470556219242216,0.3982892425645489,65.02123756954106,0.19999999999999996,1.0,0.32150518894195557,0.0,0.0,1.0,8.0,0.125,56.0,0.875,0.875,2.0,0.109375
S18,MIDynamicFixedEMARelaxed,,,,,,,,,,2,64,26,0.40625,38.0,0.59375,0.59375,2,0.037113942205905914,0.2733848124455651,0.49639400839805603,0.4592800438404083,0.4674424790177662,0.42320359600400775,0.10935392497822605,0.4751647235336006,82.51786556605722,0.19999999999999996,1.0,0.41019532084465027,0.0,0.0,1.0,0.0,0.0,64.0,1.0,1.0,1.0,0.09375
S18,MIDynamicFixedEMARelaxed,,,,,,,,,,3,63,42,0.6666666666666666,21.0,0.3333333333333333,0.6666666666666666,2,0.5373610854148865,0.7597442528632273,0.9905040860176086,0.4531429708003998,0.2513607558277337,0.4447415430269753,0.30389770114529097,0.6389025632564418,130.38175349644055,0.19999999999999996,1.0,0.49402981996536255,0.0,0.0,1.0,39.0,0.6190476190476191,24.0,0.38095238095238093,0.6190476190476191,2.0,0.16666666666666663
S19,EMATent,0.7495141625404358,0.7495141625404358,0.8035749197006226,1.0,0.2751457512378693,0.5,0.22485424876213073,0.0,0.0,0,64,32,0.5,32.0,0.5,0.5,2,,,,,,,,,,,,,,,,,,,,,,
S19,EMATent,0.868468165397644,0.868468165397644,0.8118199110031128,1.0,0.2394595503807068,0.5,0.2605404496192932,0.0,0.0,1,64,32,0.5,32.0,0.5,0.5,2,,,,,,,,,,,,,,,,,,,,,,
S19,EMATent,0.499839186668396,0.499839186668396,0.8927360773086548,1.0,0.3500482439994812,0.5,0.1499517560005188,0.0,0.0,2,64,6,0.09375,58.0,0.90625,0.90625,2,,,,,,,,,,,,,,,,,,,,,,
S19,EMATent,0.6300470232963562,0.6300470232963562,0.8645366430282593,1.0,0.31098589301109314,0.5,0.18901410698890686,0.0,0.0,3,9,8,0.8888888888888888,1.0,0.1111111111111111,0.8888888888888888,2,,,,,,,,,,,,,,,,,,,,,,
S19,MIEMATentGateOnly,,,,,,,,,,0,64,32,0.5,32.0,0.5,0.5,2,0.12832202017307281,0.12832202017307281,0.7495141625404358,0.6211921572685242,0.46150339394807816,0.5,0.038496606051921844,,0.0,0.19999999999999996,1.0,0.44432803988456726,0.05,0.0,0.0,2.0,0.03125,62.0,0.96875,0.96875,2.0,0.0
S19,MIEMATentGateOnly,,,,,,,,,,1,64,32,0.5,32.0,0.5,0.5,2,0.21416518092155457,0.21416518092155457,0.7979580760002136,0.5837928652763367,0.4357504457235336,0.5,0.06424955427646636,,0.0,0.19999999999999996,1.0,0.44109421968460083,0.05,0.0,0.0,16.0,0.25,48.0,0.75,0.75,2.0,0.0
S19,MIEMATentGateOnly,,,,,,,,,,2,64,6,0.09375,58.0,0.90625,0.90625,2,0.06530344486236572,0.06530344486236572,0.5110830068588257,0.4457795321941376,0.4804089665412903,0.5,0.019591033458709717,,0.0,0.19999999999999996,1.0,0.3622767925262451,0.05,0.0,0.0,0.0,0.0,64.0,1.0,1.0,1.0,0.40625
S19,MIEMATentGateOnly,,,,,,,,,,3,9,8,0.8888888888888888,1.0,0.1111111111111111,0.8888888888888888,2,0.2375529259443283,0.2375529259443283,0.8444430828094482,0.6068901419639587,0.4287341222167015,0.5,0.07126587778329849,,0.0,0.19999999999999996,1.0,0.5576519966125488,0.05,0.0,0.0,0.0,0.0,9.0,1.0,1.0,1.0,0.38888888888888884
S19,MIDynamicFixedEMARelaxed,,,,,,,,,,0,64,32,0.5,32.0,0.5,0.5,2,0.05368928611278534,0.30853853780861734,0.8133494853973389,0.7596601843833923,0.7512691180142559,0.12531546686229708,0.12341541512344695,0.14295878461055178,19.74646641975151,0.19999999999999996,1.0,0.4745294749736786,0.0,0.0,1.0,1.0,0.015625,63.0,0.984375,0.984375,2.0,0.0
S19,MIDynamicFixedEMARelaxed,,,,,,,,,,1,64,32,0.5,32.0,0.5,0.5,2,0.14917203783988953,0.44760516487864577,0.8508463501930237,0.7016742825508118,0.562504997981763,0.2584529360667787,0.17904206595145833,0.3148187322975514,48.393196971984835,0.19999999999999996,1.0,0.4889446198940277,0.0,0.0,1.0,11.0,0.171875,53.0,0.828125,0.828125,2.0,0.0
S19,MIDynamicFixedEMARelaxed,,,,,,,,,,2,64,6,0.09375,58.0,0.90625,0.90625,2,0.07735779881477356,0.350319430008872,0.7173536419868469,0.6399958729743958,0.4945025163693645,0.36536971162708676,0.1401277720035488,0.42491163190421666,70.81364049255265,0.19999999999999996,1.0,0.4586065411567688,0.0,0.0,1.0,4.0,0.0625,60.0,0.9375,0.9375,2.0,0.40625
S19,MIDynamicFixedEMARelaxed,,,,,,,,,,3,9,8,0.8888888888888888,1.0,0.1111111111111111,0.8888888888888888,2,0.0674821212887764,0.33379589013476885,0.9501871466636658,0.8827049732208252,0.4867444952146154,0.3797371487314771,0.13351835605390755,0.43825180993113133,73.81780350376557,0.19999999999999996,1.0,0.6323897838592529,0.0,0.0,1.0,0.0,0.0,9.0,1.0,1.0,1.0,0.38888888888888884
S20,EMATent,0.6447046399116516,0.6447046399116516,0.9197068214416504,1.0,0.3065886080265045,0.5,0.19341139197349547,0.0,0.0,0,64,28,0.4375,36.0,0.5625,0.5625,2,,,,,,,,,,,,,,,,,,,,,,
S20,EMATent,0.9883549809455872,0.9883549809455872,0.7887030243873596,1.0,0.20349350571632385,0.5,0.29650649428367615,0.0,0.0,1,64,13,0.203125,51.0,0.796875,0.796875,2,,,,,,,,,,,,,,,,,,,,,,
S20,EMATent,0.5658331513404846,0.5658331513404846,0.9289393424987793,1.0,0.3302500545978546,0.5,0.16974994540214539,0.0,0.0,2,64,35,0.546875,29.0,0.453125,0.546875,2,,,,,,,,,,,,,,,,,,,,,,
S20,EMATent,0.9999248385429382,0.9999248385429382,0.7510381937026978,1.0,0.20002254843711853,0.5,0.29997745156288147,0.0,0.0,3,64,15,0.234375,49.0,0.765625,0.765625,2,,,,,,,,,,,,,,,,,,,,,,
S20,EMATent,0.9994065165519714,0.9994065165519714,0.7262923717498779,1.0,0.20017804503440859,0.5,0.29982195496559144,0.0,0.0,4,27,27,1.0,,,1.0,1,,,,,,,,,,,,,,,,,,,,,,
S20,MIEMATentGateOnly,,,,,,,,,,0,64,28,0.4375,36.0,0.5625,0.5625,2,0.3739563524723053,0.3739563524723053,0.6447046399116516,0.2707482874393463,0.38781309425830846,0.5,0.11218690574169159,,0.0,0.19999999999999996,1.0,0.46464869379997253,0.05,0.0,0.0,36.0,0.5625,28.0,0.4375,0.5625,2.0,0.0625
S20,MIEMATentGateOnly,,,,,,,,,,1,64,13,0.203125,51.0,0.796875,0.796875,2,0.35428541898727417,0.35428541898727417,0.7461073398590088,0.3918219208717346,0.3937143743038177,0.5,0.10628562569618225,,0.0,0.19999999999999996,1.0,0.5526151657104492,0.05,0.0,0.0,11.0,0.171875,53.0,0.828125,0.828125,2.0,0.296875
S20,MIEMATentGateOnly,,,,,,,,,,2,64,35,0.546875,29.0,0.453125,0.546875,2,0.34677448868751526,0.34677448868751526,0.4582454562187195,0.11147096008062363,0.3959676533937454,0.5,0.10403234660625457,,0.0,0.19999999999999996,1.0,0.48853427171707153,0.05,0.0,0.0,50.0,0.78125,14.0,0.21875,0.78125,2.0,0.046875
S20,MIEMATentGateOnly,,,,,,,,,,3,64,15,0.234375,49.0,0.765625,0.765625,2,0.30717214941978455,0.30717214941978455,0.5715241432189941,0.2643519937992096,0.40784835517406465,0.5,0.09215164482593537,,0.0,0.19999999999999996,1.0,0.5750176906585693,0.05,0.0,0.0,34.0,0.53125,30.0,0.46875,0.53125,2.0,0.265625
S20,MIEMATentGateOnly,,,,,,,,,,4,27,27,1.0,,,1.0,1,0.4887841045856476,0.4887841045856476,0.9274265766143799,0.4386424720287323,0.35336476862430577,0.5,0.14663523137569426,,0.0,0.19999999999999996,1.0,0.3191395103931427,0.05,0.0,0.0,27.0,1.0,0.0,0.0,1.0,1.0,0.0
S20,MIDynamicFixedEMARelaxed,,,,,,,,,,0,64,28,0.4375,36.0,0.5625,0.5625,2,0.23210598528385162,0.5335964115164237,0.9934011101722717,0.7612951397895813,0.6023704527589779,0.18419098263445258,0.2134385646065695,0.234172404527209,34.150170337051115,0.19999999999999996,1.0,0.5317719578742981,0.0,0.0,1.0,20.0,0.3125,44.0,0.6875,0.6875,2.0,0.0625
S20,MIDynamicFixedEMARelaxed,,,,,,,,,,1,64,13,0.203125,51.0,0.796875,0.796875,2,0.1827385276556015,0.484731344448353,0.9434020519256592,0.7606635093688965,0.48446887290365026,0.3216385893170085,0.1938925377793412,0.3990021236510588,65.17297638174571,0.19999999999999996,1.0,0.5636119246482849,0.0,0.0,1.0,12.0,0.1875,52.0,0.8125,0.8125,2.0,0.296875
S20,MIDynamicFixedEMARelaxed,,,,,,,,,,2,64,35,0.546875,29.0,0.453125,0.546875,2,0.29158031940460205,0.5859835992271012,0.9919895529747009,0.7004092335700989,0.34326842845612626,0.42233813185303326,0.23439343969084048,0.5516386010100135,102.67592673228019,0.19999999999999996,1.0,0.5843637585639954,0.0,0.0,1.0,31.0,0.484375,33.0,0.515625,0.515625,2.0,0.046875
S20,MIDynamicFixedEMARelaxed,,,,,,,,,,3,64,15,0.234375,49.0,0.765625,0.765625,2,0.2335565686225891,0.5349492160980374,0.9989742040634155,0.7654176354408264,0.2697113601460592,0.5163089534147259,0.21397968643921494,0.6568646439629175,136.91267656255457,0.19999999999999996,1.0,0.49350306391716003,0.0,0.0,1.0,47.0,0.734375,17.0,0.265625,0.734375,2.0,0.265625
S20,MIDynamicFixedEMARelaxed,,,,,,,,,,4,27,27,1.0,,,1.0,1,0.18455183506011963,0.486635469659338,0.9526762366294861,0.7681244015693665,0.24938348457971216,0.5559623275565526,0.19465418786373523,0.6903398753410089,150.0518342433567,0.19999999999999996,1.0,0.3681337833404541,0.0,0.0,1.0,27.0,1.0,0.0,0.0,1.0,1.0,0.0
S21,EMATent,0.8776351809501648,0.8776351809501648,0.7207591533660889,1.0,0.23670944571495056,0.5,0.26329055428504944,0.0,0.0,0,64,2,0.03125,62.0,0.96875,0.96875,2,,,,,,,,,,,,,,,,,,,,,,
S21,EMATent,0.9341210126876831,0.9341210126876831,0.665840744972229,1.0,0.21976369619369507,0.5,0.28023630380630493,0.0,0.0,1,64,29,0.453125,35.0,0.546875,0.546875,2,,,,,,,,,,,,,,,,,,,,,,
S21,EMATent,0.930856466293335,0.930856466293335,0.6681762337684631,1.0,0.2207430601119995,0.5,0.2792569398880005,0.0,0.0,2,64,38,0.59375,26.0,0.40625,0.59375,2,,,,,,,,,,,,,,,,,,,,,,
S21,EMATent,0.9998104572296143,0.9998104572296143,0.6059696674346924,1.0,0.20005686283111573,0.5,0.29994313716888427,0.0,0.0,3,64,40,0.625,24.0,0.375,0.625,2,,,,,,,,,,,,,,,,,,,,,,
S21,EMATent,0.9700366854667664,0.9700366854667664,0.6105353832244873,1.0,0.2089889943599701,0.5,0.2910110056400299,0.0,0.0,4,32,23,0.71875,9.0,0.28125,0.71875,2,,,,,,,,,,,,,,,,,,,,,,
S21,MIEMATentGateOnly,,,,,,,,,,0,64,2,0.03125,62.0,0.96875,0.96875,2,0.08001802116632462,0.08001802116632462,0.8776351809501648,0.7976171970367432,0.4759945936501026,0.5,0.024005406349897385,,0.0,0.19999999999999996,1.0,0.5540940761566162,0.05,0.0,0.0,58.0,0.90625,6.0,0.09375,0.90625,2.0,0.46875
S21,MIEMATentGateOnly,,,,,,,,,,1,64,29,0.453125,35.0,0.546875,0.546875,2,0.06796272844076157,0.06796272844076157,0.8461074233055115,0.7781447172164917,0.47961118146777154,0.5,0.02038881853222847,,0.0,0.19999999999999996,1.0,0.6563655138015747,0.05,0.0,0.0,54.0,0.84375,10.0,0.15625,0.84375,2.0,0.046875
S21,MIEMATentGateOnly,,,,,,,,,,2,64,38,0.59375,26.0,0.40625,0.59375,2,0.0655788779258728,0.0655788779258728,0.7593556642532349,0.6937767863273621,0.48032633662223817,0.5,0.01967366337776184,,0.0,0.19999999999999996,1.0,0.6601522564888,0.05,0.0,0.0,44.0,0.6875,20.0,0.3125,0.6875,2.0,0.09375
S21,MIEMATentGateOnly,,,,,,,,,,3,64,40,0.625,24.0,0.375,0.625,2,0.09296470880508423,0.09296470880508423,0.8744489550590515,0.7814842462539673,0.4721105873584747,0.5,0.02788941264152527,,0.0,0.19999999999999996,1.0,0.6596605777740479,0.05,0.0,0.0,10.0,0.15625,54.0,0.84375,0.84375,2.0,0.125
S21,MIEMATentGateOnly,,,,,,,,,,4,32,23,0.71875,9.0,0.28125,0.71875,2,0.040325332432985306,0.040325332432985306,0.684363603591919,0.6440382599830627,0.4879024002701044,0.5,0.01209759972989559,,0.0,0.19999999999999996,0.0,0.6842292547225952,0.05,0.0,0.0,16.0,0.5,16.0,0.5,0.5,2.0,0.21875
S21,MIDynamicFixedEMARelaxed,,,,,,,,,,0,64,2,0.03125,62.0,0.96875,0.96875,2,0.05140354856848717,0.3040511561850964,0.9999714493751526,0.9485679268836975,0.7544984299001282,0.12388110762583328,0.12162046247403857,0.14103369025962975,19.45927399584617,0.19999999999999996,1.0,0.6278975009918213,0.0,0.0,1.0,48.0,0.75,16.0,0.25,0.75,2.0,0.46875
S21,MIDynamicFixedEMARelaxed,,,,,,,,,,1,64,29,0.453125,35.0,0.546875,0.546875,2,0.03590628132224083,0.2705405754388529,0.9983879327774048,0.9624816179275513,0.6690961868650925,0.22268758295936625,0.10821623017554116,0.2497102890796058,36.773870823932754,0.19999999999999996,1.0,0.6639516949653625,0.0,0.0,1.0,50.0,0.78125,14.0,0.21875,0.78125,2.0,0.046875
S21,MIDynamicFixedEMARelaxed,,,,,,,,,,2,64,38,0.59375,26.0,0.40625,0.59375,2,0.04492212459445,0.29075356070465497,0.9890231490135193,0.9441009759902954,0.5733196305399836,0.3103789451781545,0.11630142428186199,0.35122716467651305,55.38209870903067,0.19999999999999996,1.0,0.6644801497459412,0.0,0.0,1.0,39.0,0.609375,25.0,0.390625,0.609375,2.0,0.09375
S21,MIDynamicFixedEMARelaxed,,,,,,,,,,3,64,40,0.625,24.0,0.375,0.625,2,0.03396003693342209,0.2658542429848326,0.999999463558197,0.9660394191741943,0.5076152216237182,0.38604308118234876,0.10634169719393305,0.43198063507067763,72.39677026005995,0.19999999999999996,1.0,0.6635730266571045,0.0,0.0,1.0,11.0,0.171875,53.0,0.828125,0.828125,2.0,0.125
S21,MIDynamicFixedEMARelaxed,,,,,,,,,,4,32,23,0.71875,9.0,0.28125,0.71875,2,0.018221218138933182,0.22148739314239926,0.9854961633682251,0.9672749638557434,0.489809135500607,0.42159590724243323,0.0885949572569597,0.4625779839593198,79.48436684061673,0.19999999999999996,1.0,0.6840606927871704,0.0,0.0,1.0,10.0,0.3125,22.0,0.6875,0.6875,2.0,0.21875
S22,EMATent,0.5841161012649536,0.5841161012649536,0.8600468039512634,1.0,0.32476516962051394,0.5,0.1752348303794861,0.0,0.0,0,64,26,0.40625,38.0,0.59375,0.59375,2,,,,,,,,,,,,,,,,,,,,,,
S22,EMATent,0.9563882946968079,0.9563882946968079,0.6802760362625122,1.0,0.21308351159095765,0.5,0.2869164884090423,0.0,0.0,1,64,28,0.4375,36.0,0.5625,0.5625,2,,,,,,,,,,,,,,,,,,,,,,
S22,EMATent,0.8416341543197632,0.8416341543197632,0.758655846118927,1.0,0.24750975370407105,0.5,0.2524902462959289,0.0,0.0,2,64,42,0.65625,22.0,0.34375,0.65625,2,,,,,,,,,,,,,,,,,,,,,,
S22,EMATent,0.993276834487915,0.993276834487915,0.6128742098808289,1.0,0.2020169496536255,0.5,0.2979830503463745,0.0,0.0,3,58,19,0.3275862068965517,39.0,0.6724137931034483,0.6724137931034483,2,,,,,,,,,,,,,,,,,,,,,,
S22,MIEMATentGateOnly,,,,,,,,,,0,64,26,0.40625,38.0,0.59375,0.59375,2,0.04192949831485748,0.04192949831485748,0.5841161012649536,0.5421866178512573,0.48742115050554274,0.5,0.012578849494457244,,0.0,0.19999999999999996,0.0,0.3842978775501251,0.05,0.0,0.0,64.0,1.0,0.0,0.0,1.0,1.0,0.09375
S22,MIEMATentGateOnly,,,,,,,,,,1,64,28,0.4375,36.0,0.5625,0.5625,2,0.10307419300079346,0.10307419300079346,0.8651809096336365,0.762106716632843,0.46907774209976194,0.5,0.030922257900238035,,0.0,0.19999999999999996,1.0,0.6161364316940308,0.05,0.0,0.0,38.0,0.59375,26.0,0.40625,0.59375,2.0,0.0625
S22,MIEMATentGateOnly,,,,,,,,,,2,64,42,0.65625,22.0,0.34375,0.65625,2,0.0899636521935463,0.0899636521935463,0.6996791362762451,0.609715461730957,0.4730109043419361,0.5,0.02698909565806389,,0.0,0.19999999999999996,1.0,0.5552027225494385,0.05,0.0,0.0,58.0,0.90625,6.0,0.09375,0.90625,2.0,0.15625
S22,MIEMATentGateOnly,,,,,,,,,,3,58,19,0.3275862068965517,39.0,0.6724137931034483,0.6724137931034483,2,0.06159549951553345,0.06159549951553345,0.8877407312393188,0.8261452317237854,0.48152135014534,0.5,0.018478649854660033,,0.0,0.19999999999999996,1.0,0.6575043797492981,0.05,0.0,0.0,27.0,0.46551724137931033,31.0,0.5344827586206896,0.5344827586206896,2.0,0.1724137931034483
S22,MIDynamicFixedEMARelaxed,,,,,,,,,,0,64,26,0.40625,38.0,0.59375,0.59375,2,0.03644062951207161,0.2718048599568068,0.8957138657569885,0.8592731952667236,0.7780213925543966,0.11325666346288066,0.10872194398272272,0.12707220008195197,17.395511037235636,0.19999999999999996,1.0,0.504209041595459,0.0,0.0,1.0,64.0,1.0,0.0,0.0,1.0,1.0,0.09375
S22,MIDynamicFixedEMARelaxed,,,,,,,,,,1,64,28,0.4375,36.0,0.5625,0.5625,2,0.13126927614212036,0.42607991915344545,0.972235381603241,0.8409661054611206,0.5852053040700185,0.24436272826860342,0.1704319676613782,0.2945662305473903,44.664625863056145,0.19999999999999996,1.0,0.6112027764320374,0.0,0.0,1.0,32.0,0.5,32.0,0.5,0.5,2.0,0.0625
S22,MIDynamicFixedEMARelaxed,,,,,,,,,,2,64,42,0.65625,22.0,0.34375,0.65625,2,0.0828012153506279,0.35897680288784284,0.9120272397994995,0.829226016998291,0.5048783960446759,0.351530882800187,0.14359072115513713,0.41047066103059615,67.63914124787809,0.19999999999999996,1.0,0.5879623889923096,0.0,0.0,1.0,57.0,0.890625,7.0,0.109375,0.890625,2.0,0.15625
S22,MIDynamicFixedEMARelaxed,,,,,,,,,,3,58,19,0.3275862068965517,39.0,0.6724137931034483,0.6724137931034483,2,0.05994369462132454,0.32035061298592493,0.9719727039337158,0.912028968334198,0.4445395008549198,0.42732025395071027,0.12814024519436998,0.4901249903959334,86.21947680106173,0.19999999999999996,1.0,0.6553031206130981,0.0,0.0,1.0,27.0,0.46551724137931033,31.0,0.5344827586206896,0.5344827586206896,2.0,0.1724137931034483
S23,EMATent,0.7699325084686279,0.7699325084686279,0.7909011244773865,1.0,0.2690202474594116,0.5,0.23097975254058836,0.0,0.0,0,64,58,0.90625,6.0,0.09375,0.90625,2,,,,,,,,,,,,,,,,,,,,,,
S23,EMATent,0.9936947822570801,0.9936947822570801,0.6128944754600525,1.0,0.201891565322876,0.5,0.298108434677124,0.0,0.0,1,64,37,0.578125,27.0,0.421875,0.578125,2,,,,,,,,,,,,,,,,,,,,,,
S23,EMATent,0.9608443379402161,0.9608443379402161,0.6552525758743286,1.0,0.2117466986179352,0.5,0.2882533013820648,0.0,0.0,2,64,43,0.671875,21.0,0.328125,0.671875,2,,,,,,,,,,,,,,,,,,,,,,
S23,EMATent,0.9876747131347656,0.9876747131347656,0.6251742243766785,1.0,0.20369758605957033,0.5,0.29630241394042967,0.0,0.0,3,51,21,0.4117647058823529,30.0,0.5882352941176471,0.5882352941176471,2,,,,,,,,,,,,,,,,,,,,,,
S23,MIEMATentGateOnly,,,,,,,,,,0,64,58,0.90625,6.0,0.09375,0.90625,2,0.09360302239656448,0.09360302239656448,0.7699325084686279,0.676329493522644,0.47191909328103065,0.5,0.028080906718969345,,0.0,0.19999999999999996,1.0,0.5023896098136902,0.05,0.0,0.0,5.0,0.078125,59.0,0.921875,0.921875,2.0,0.40625
S23,MIEMATentGateOnly,,,,,,,,,,1,64,37,0.578125,27.0,0.421875,0.578125,2,0.07353152334690094,0.07353152334690094,0.9314506649971008,0.8579190969467163,0.4779405429959297,0.5,0.02205945700407028,,0.0,0.19999999999999996,1.0,0.654612123966217,0.05,0.0,0.0,34.0,0.53125,30.0,0.46875,0.53125,2.0,0.078125
S23,MIEMATentGateOnly,,,,,,,,,,2,64,43,0.671875,21.0,0.328125,0.671875,2,0.12157686054706573,0.12157686054706573,0.8931451439857483,0.771568238735199,0.4635269418358803,0.5,0.03647305816411972,,0.0,0.19999999999999996,1.0,0.6646498441696167,0.05,0.0,0.0,18.0,0.28125,46.0,0.71875,0.71875,2.0,0.171875
S23,MIEMATentGateOnly,,,,,,,,,,3,51,21,0.4117647058823529,30.0,0.5882352941176471,0.5882352941176471,2,0.11131224781274796,0.11131224781274796,0.9764013886451721,0.8650891780853271,0.4666063256561756,0.5,0.033393674343824384,,0.0,0.19999999999999996,1.0,0.6692736148834229,0.05,0.0,0.0,30.0,0.5882352941176471,21.0,0.4117647058823529,0.5882352941176471,2.0,0.08823529411764708
S23,MIDynamicFixedEMARelaxed,,,,,,,,,,0,64,58,0.90625,6.0,0.09375,0.90625,2,0.05626515671610832,0.313482497971257,0.9746077656745911,0.918342649936676,0.7477236026759417,0.12688339813555544,0.1253929991885028,0.14507475702552997,20.062879870160447,0.19999999999999996,1.0,0.5911107063293457,0.0,0.0,1.0,10.0,0.15625,54.0,0.84375,0.84375,2.0,0.40625
S23,MIDynamicFixedEMARelaxed,,,,,,,,,,1,64,37,0.578125,27.0,0.421875,0.578125,2,0.023335810750722885,0.23748456898170625,0.9944732785224915,0.9711374640464783,0.6870851509006841,0.21792102150663337,0.0949938275926825,0.24079506654298632,35.26189228498965,0.19999999999999996,1.0,0.6546494960784912,0.0,0.0,1.0,30.0,0.46875,34.0,0.53125,0.53125,2.0,0.078125
S23,MIDynamicFixedEMARelaxed,,,,,,,,,,2,64,43,0.671875,21.0,0.328125,0.671875,2,0.04124797508120537,0.28278637754432456,0.978985607624054,0.9377376437187195,0.5845481218097418,0.30233732717252837,0.11311455101772983,0.3408978324308627,53.36022044782642,0.19999999999999996,1.0,0.6611860990524292,0.0,0.0,1.0,16.0,0.25,48.0,0.75,0.75,2.0,0.171875
S23,MIDynamicFixedEMARelaxed,,,,,,,,,,3,51,21,0.4117647058823529,30.0,0.5882352941176471,0.5882352941176471,2,0.0530807264149189,0.3073532936706922,0.9980294108390808,0.944948673248291,0.5114429798046846,0.3656157027270386,0.12294131746827688,0.41686572404898836,69.03523842503172,0.19999999999999996,1.0,0.6700349450111389,0.0,0.0,1.0,26.0,0.5098039215686274,25.0,0.49019607843137253,0.5098039215686274,2.0,0.08823529411764708
S24,EMATent,0.998283863067627,0.998283863067627,0.5848942399024963,1.0,0.20051484107971193,0.5,0.2994851589202881,0.0,0.0,0,64,24,0.375,40.0,0.625,0.625,2,,,,,,,,,,,,,,,,,,,,,,
S24,EMATent,0.964495062828064,0.964495062828064,0.7040306329727173,1.0,0.21065148115158083,0.5,0.28934851884841917,0.0,0.0,1,64,27,0.421875,37.0,0.578125,0.578125,2,,,,,,,,,,,,,,,,,,,,,,
S24,EMATent,0.7275009751319885,0.7275009751319885,0.7999982237815857,1.0,0.28174970746040345,0.5,0.21825029253959655,0.0,0.0,2,64,46,0.71875,18.0,0.28125,0.71875,2,,,,,,,,,,,,,,,,,,,,,,
S24,EMATent,0.9067278504371643,0.9067278504371643,0.6778279542922974,1.0,0.22798164486885072,0.5,0.2720183551311493,0.0,0.0,3,5,5,1.0,,,1.0,1,,,,,,,,,,,,,,,,,,,,,,
S24,MIEMATentGateOnly,,,,,,,,,,0,64,24,0.375,40.0,0.625,0.625,2,0.029210995882749557,0.029210995882749557,0.998283863067627,0.9690728783607483,0.49123670123517515,0.5,0.008763298764824868,,0.0,0.19999999999999996,0.0,0.6700475215911865,0.05,0.0,0.0,25.0,0.390625,39.0,0.609375,0.609375,2.0,0.125
S24,MIEMATentGateOnly,,,,,,,,,,1,64,27,0.421875,37.0,0.578125,0.578125,2,0.1691102832555771,0.1691102832555771,0.9940178990364075,0.824907660484314,0.4492669150233269,0.5,0.05073308497667312,,0.0,0.19999999999999996,1.0,0.5454800128936768,0.05,0.0,0.0,15.0,0.234375,49.0,0.765625,0.765625,2.0,0.078125
S24,MIEMATentGateOnly,,,,,,,,,,2,64,46,0.71875,18.0,0.28125,0.71875,2,0.10337258130311966,0.10337258130311966,0.8361643552780151,0.7327917814254761,0.4689882256090641,0.5,0.031011774390935897,,0.0,0.19999999999999996,1.0,0.5105403661727905,0.05,0.0,0.0,9.0,0.140625,55.0,0.859375,0.859375,2.0,0.21875
S24,MIEMATentGateOnly,,,,,,,,,,3,5,5,1.0,,,1.0,1,0.033934585750103,0.033934585750103,0.9975060820579529,0.9635714888572693,0.4898196242749691,0.5,0.010180375725030898,,0.0,0.19999999999999996,0.0,0.462199866771698,0.05,0.0,0.0,0.0,0.0,5.0,1.0,1.0,1.0,0.0
S24,MIDynamicFixedEMARelaxed,,,,,,,,,,0,64,24,0.375,40.0,0.625,0.625,2,0.013530218973755836,0.20468752250742314,0.9935227632522583,0.9799925684928894,0.8288090375856526,0.0893159534113781,0.08187500900296926,0.09728082155174334,13.100001440475081,0.19999999999999996,1.0,0.6717914342880249,0.0,0.0,1.0,18.0,0.28125,46.0,0.71875,0.71875,2.0,0.125
S24,MIDynamicFixedEMARelaxed,,,,,,,,,,1,64,27,0.421875,37.0,0.578125,0.578125,2,0.14588454365730286,0.4437535168727955,0.9839716553688049,0.8380870819091797,0.5947411403319416,0.2277574529189402,0.1775014067491182,0.27690923095532727,41.500226520333996,0.19999999999999996,1.0,0.572381854057312,0.0,0.0,1.0,20.0,0.3125,44.0,0.6875,0.6875,2.0,0.078125
S24,MIDynamicFixedEMARelaxed,,,,,,,,,,2,64,46,0.71875,18.0,0.28125,0.71875,2,0.09287604689598083,0.37428014508116425,0.9603619575500488,0.8674858808517456,0.5098999118300761,0.34038803013745816,0.1497120580324657,0.4003208952367513,65.4541558055285,0.19999999999999996,1.0,0.575100302696228,0.0,0.0,1.0,23.0,0.359375,41.0,0.640625,0.640625,2.0,0.21875
S24,MIDynamicFixedEMARelaxed,,,,,,,,,,3,5,5,1.0,,,1.0,1,0.019994445145130157,0.22726154394614043,0.8936640024185181,0.8736695647239685,0.5403472689640645,0.3687481134574794,0.09090461757845618,0.4056209288790473,66.5904635252592,0.19999999999999996,1.0,0.48901262879371643,0.0,0.0,1.0,0.0,0.0,5.0,1.0,1.0,1.0,0.0
S25,EMATent,0.5150378942489624,0.5150378942489624,0.8849244117736816,1.0,0.3454886317253113,0.5,0.15451136827468873,0.0,0.0,0,64,28,0.4375,36.0,0.5625,0.5625,2,,,,,,,,,,,,,,,,,,,,,,
S25,EMATent,0.5511846542358398,0.5511846542358398,0.8722681999206543,1.0,0.3346446037292481,0.5,0.16535539627075194,0.0,0.0,1,64,32,0.5,32.0,0.5,0.5,2,,,,,,,,,,,,,,,,,,,,,,
S25,EMATent,0.566749632358551,0.566749632358551,0.866577684879303,1.0,0.3299751102924347,0.5,0.1700248897075653,0.0,0.0,2,64,15,0.234375,49.0,0.765625,0.765625,2,,,,,,,,,,,,,,,,,,,,,,
S25,EMATent,0.682198703289032,0.682198703289032,0.8194886445999146,1.0,0.2953403890132904,0.5,0.2046596109867096,0.0,0.0,3,53,33,0.6226415094339622,20.0,0.37735849056603776,0.6226415094339622,2,,,,,,,,,,,,,,,,,,,,,,
S25,MIEMATentGateOnly,,,,,,,,,,0,64,28,0.4375,36.0,0.5625,0.5625,2,0.04494358226656914,0.04494358226656914,0.5150378942489624,0.47009432315826416,0.48651692532002927,0.5,0.01348307467997074,,0.0,0.19999999999999996,0.0,0.299589067697525,0.05,0.0,0.0,64.0,1.0,0.0,0.0,1.0,1.0,0.0625
S25,MIEMATentGateOnly,,,,,,,,,,1,64,32,0.5,32.0,0.5,0.5,2,0.06452608108520508,0.06452608108520508,0.6321238279342651,0.5675977468490601,0.48064217567443845,0.5,0.01935782432556152,,0.0,0.19999999999999996,1.0,0.34592828154563904,0.05,0.0,0.0,63.0,0.984375,1.0,0.015625,0.984375,2.0,0.0
S25,MIEMATentGateOnly,,,,,,,,,,2,64,15,0.234375,49.0,0.765625,0.765625,2,0.028243592008948326,0.028243592008948326,0.4511747360229492,0.42293113470077515,0.4915269223973155,0.5,0.008473077602684497,,0.0,0.19999999999999996,0.0,0.42039746046066284,0.05,0.0,0.0,64.0,1.0,0.0,0.0,1.0,1.0,0.265625
S25,MIEMATentGateOnly,,,,,,,,,,3,53,33,0.6226415094339622,20.0,0.37735849056603776,0.6226415094339622,2,0.08478383719921112,0.08478383719921112,0.7982469797134399,0.7134631276130676,0.47456484884023664,0.5,0.025435151159763334,,0.0,0.19999999999999996,1.0,0.4321116805076599,0.05,0.0,0.0,51.0,0.9622641509433962,2.0,0.03773584905660377,0.9622641509433962,2.0,0.12264150943396224
S25,MIDynamicFixedEMARelaxed,,,,,,,,,,0,64,28,0.4375,36.0,0.5625,0.5625,2,0.03750520199537277,0.2742963385050069,0.7207930684089661,0.6832878589630127,0.7761839148956249,0.11409754970237236,0.10971853540200277,0.1281589634733018,17.55496566432044,0.19999999999999996,1.0,0.3781576454639435,0.0,0.0,1.0,64.0,1.0,0.0,0.0,1.0,1.0,0.0625
S25,MIDynamicFixedEMARelaxed,,,,,,,,,,1,64,32,0.5,32.0,0.5,0.5,2,0.027036016806960106,0.2479836937423772,0.636399507522583,0.6093634366989136,0.6937769297915963,0.20702959271145283,0.09919347749695089,0.22982692458329979,33.42592206383258,0.19999999999999996,1.0,0.3776646554470062,0.0,0.0,1.0,64.0,1.0,0.0,0.0,1.0,1.0,0.0
S25,MIDynamicFixedEMARelaxed,,,,,,,,,,2,64,15,0.234375,49.0,0.765625,0.765625,2,0.021312691271305084,0.2313898014678351,0.6548089385032654,0.6334962248802185,0.6225332414925001,0.2849108379203659,0.09255592058713405,0.313970683576126,48.23486935777403,0.19999999999999996,1.0,0.43825244903564453,0.0,0.0,1.0,64.0,1.0,0.0,0.0,1.0,1.0,0.265625
S25,MIDynamicFixedEMARelaxed,,,,,,,,,,3,53,33,0.6226415094339622,20.0,0.37735849056603776,0.6226415094339622,2,0.04115518927574158,0.2825806761772742,0.7444761991500854,0.7033209800720215,0.5412967349785929,0.3456709945504974,0.11303227047090969,0.38972217707855206,63.21164519516957,0.19999999999999996,1.0,0.45495498180389404,0.0,0.0,1.0,51.0,0.9622641509433962,2.0,0.03773584905660377,0.9622641509433962,2.0,0.12264150943396224
S26,EMATent,0.05709591880440712,0.05709591880440712,0.9934276938438416,0.0,0.48287122435867785,0.5,0.017128775641322137,0.0,0.0,0,64,19,0.296875,45.0,0.703125,0.703125,2,,,,,,,,,,,,,,,,,,,,,,
S26,EMATent,0.022511720657348633,0.022511720657348633,0.9978091716766357,0.0,0.4932464838027954,0.5,0.00675351619720459,0.0,0.0,1,64,53,0.828125,11.0,0.171875,0.828125,2,,,,,,,,,,,,,,,,,,,,,,
S26,EMATent,0.219062939286232,0.219062939286232,0.9649612903594971,1.0,0.4342811182141304,0.5,0.0657188817858696,0.0,0.0,2,64,35,0.546875,29.0,0.453125,0.546875,2,,,,,,,,,,,,,,,,,,,,,,
S26,EMATent,0.2826557159423828,0.2826557159423828,0.9508779644966125,1.0,0.41520328521728517,0.5,0.08479671478271485,0.0,0.0,3,64,64,1.0,,,1.0,1,,,,,,,,,,,,,,,,,,,,,,
S26,EMATent,0.9068591594696045,0.9068591594696045,0.8032177090644836,1.0,0.22794225215911867,0.5,0.2720577478408813,0.0,0.0,4,47,9,0.19148936170212766,38.0,0.8085106382978723,0.8085106382978723,2,,,,,,,,,,,,,,,,,,,,,,
S26,MIEMATentGateOnly,,,,,,,,,,0,64,19,0.296875,45.0,0.703125,0.703125,2,0.013848655857145786,0.013848655857145786,0.05709591880440712,0.04324726387858391,0.49584540324285625,0.5,0.004154596757143736,,0.0,0.19999999999999996,0.0,0.05060765519738197,0.05,0.0,0.0,64.0,1.0,0.0,0.0,1.0,1.0,0.203125
S26,MIEMATentGateOnly,,,,,,,,,,1,64,53,0.828125,11.0,0.171875,0.828125,2,0.0007493473822250962,0.0007493473822250962,0.0029189898632466793,0.002169642597436905,0.49977519578533247,0.5,0.00022480421466752887,,0.0,0.19999999999999996,0.0,0.01697903499007225,0.05,0.0,0.0,64.0,1.0,0.0,0.0,1.0,1.0,0.328125
S26,MIEMATentGateOnly,,,,,,,,,,2,64,35,0.546875,29.0,0.453125,0.546875,2,0.0013012761482968926,0.0013012761482968926,0.005824673920869827,0.0045233978889882565,0.49960961715551094,0.5,0.0003903828444890678,,0.0,0.19999999999999996,0.0,0.16288332641124725,0.05,0.0,0.0,64.0,1.0,0.0,0.0,1.0,1.0,0.046875
S26,MIEMATentGateOnly,,,,,,,,,,3,64,64,1.0,,,1.0,1,0.0004936194163747132,0.0004936194163747132,0.0015115771675482392,0.0010179576929658651,0.49985191417508756,0.5,0.00014808582491241396,,0.0,0.19999999999999996,0.0,0.20450633764266968,0.05,0.0,0.0,61.0,0.953125,3.0,0.046875,0.953125,2.0,0.0
S26,MIEMATentGateOnly,,,,,,,,,,4,47,9,0.19148936170212766,38.0,0.8085106382978723,0.8085106382978723,2,0.00023686193162575364,0.00023686193162575364,0.0012755466159433126,0.001038684626109898,0.49992894142051225,0.5,7.105857948772608e-05,,0.0,0.19999999999999996,0.0,0.48291632533073425,0.05,0.0,0.0,33.0,0.7021276595744681,14.0,0.2978723404255319,0.7021276595744681,2.0,0.3085106382978723
S26,MIDynamicFixedEMARelaxed,,,,,,,,,,0,64,19,0.296875,45.0,0.703125,0.703125,2,0.09939397871494293,0.38374129547724245,0.6522337198257446,0.5528397560119629,0.6987155123255518,0.14778796948355125,0.153496518190897,0.17458636929372873,24.559442910543517,0.19999999999999996,1.0,0.32604601979255676,0.0,0.0,1.0,61.0,0.953125,3.0,0.046875,0.953125,2.0,0.203125
S26,MIDynamicFixedEMARelaxed,,,,,,,,,,1,64,53,0.828125,11.0,0.171875,0.828125,2,0.04118913412094116,0.2826559570284045,0.2735186517238617,0.23232951760292053,0.635604187859298,0.2513334293293402,0.11306238281136181,0.28337216108388985,42.649424160361406,0.19999999999999996,1.0,0.0787016823887825,0.0,0.0,1.0,64.0,1.0,0.0,0.0,1.0,1.0,0.328125
S26,MIDynamicFixedEMARelaxed,,,,,,,,,,2,64,35,0.546875,29.0,0.453125,0.546875,2,0.03609468787908554,0.2709874181981215,0.27858486771583557,0.24249018728733063,0.5579843474029814,0.33362068531777006,0.1083949672792486,0.37417990374024646,59.992618925041185,0.19999999999999996,1.0,0.2042616903781891,0.0,0.0,1.0,64.0,1.0,0.0,0.0,1.0,1.0,0.046875
S26,MIDynamicFixedEMARelaxed,,,,,,,,,,3,64,64,1.0,,,1.0,1,0.03728865459561348,0.27379243430727046,0.18370115756988525,0.14641250669956207,0.48598389677908377,0.404499129498008,0.1095169737229082,0.4542468722723749,77.51533472070649,0.19999999999999996,1.0,0.2679412066936493,0.0,0.0,1.0,59.0,0.921875,5.0,0.078125,0.921875,2.0,0.0
S26,MIDynamicFixedEMARelaxed,,,,,,,,,,4,47,9,0.19148936170212766,38.0,0.8085106382978723,0.8085106382978723,2,0.09336862713098526,0.37500652351553054,0.34765809774398804,0.2542894780635834,0.4042150422844265,0.44578234830936125,0.15000260940621224,0.5244514315484526,95.14064132593643,0.19999999999999996,1.0,0.5578034520149231,0.0,0.0,1.0,28.0,0.5957446808510638,19.0,0.40425531914893614,0.5957446808510638,2.0,0.3085106382978723
S27,EMATent,0.19849887490272522,0.19849887490272522,0.9691777229309082,0.0,0.44045033752918245,0.5,0.05954966247081756,0.0,0.0,0,64,9,0.140625,55.0,0.859375,0.859375,2,,,,,,,,,,,,,,,,,,,,,,
S27,EMATent,0.6906245946884155,0.6906245946884155,0.8853837251663208,1.0,0.2928126215934753,0.5,0.20718737840652465,0.0,0.0,1,64,41,0.640625,23.0,0.359375,0.640625,2,,,,,,,,,,,,,,,,,,,,,,
S27,EMATent,0.7822534441947937,0.7822534441947937,0.8191919326782227,1.0,0.2653239667415619,0.5,0.2346760332584381,0.0,0.0,2,64,28,0.4375,36.0,0.5625,0.5625,2,,,,,,,,,,,,,,,,,,,,,,
S27,EMATent,0.8249214291572571,0.8249214291572571,0.7592356204986572,1.0,0.2525235712528229,0.5,0.24747642874717712,0.0,0.0,3,64,29,0.453125,35.0,0.546875,0.546875,2,,,,,,,,,,,,,,,,,,,,,,
S27,EMATent,0.9814165234565735,0.9814165234565735,0.8110557794570923,1.0,0.20557504296302798,0.5,0.294424957036972,0.0,0.0,4,64,35,0.546875,29.0,0.453125,0.546875,2,,,,,,,,,,,,,,,,,,,,,,
S27,EMATent,0.763847291469574,0.763847291469574,0.7779753804206848,1.0,0.2708458125591278,0.5,0.22915418744087218,0.0,0.0,5,1,1,1.0,,,1.0,1,,,,,,,,,,,,,,,,,,,,,,
S27,MIEMATentGateOnly,,,,,,,,,,0,64,9,0.140625,55.0,0.859375,0.859375,2,0.04473627731204033,0.04473627731204033,0.19849887490272522,0.1537625938653946,0.4865791168063879,0.5,0.013420883193612098,,0.0,0.19999999999999996,0.0,0.12173345685005188,0.05,0.0,0.0,64.0,1.0,0.0,0.0,1.0,1.0,0.359375
S27,MIEMATentGateOnly,,,,,,,,,,1,64,41,0.640625,23.0,0.359375,0.640625,2,0.21838019788265228,0.21838019788265228,0.45573294162750244,0.23735275864601135,0.4344859406352043,0.5,0.06551405936479568,,0.0,0.19999999999999996,1.0,0.35354185104370117,0.05,0.0,0.0,49.0,0.765625,15.0,0.234375,0.765625,2.0,0.140625
S27,MIEMATentGateOnly,,,,,,,,,,2,64,28,0.4375,36.0,0.5625,0.5625,2,0.12801885604858398,0.12801885604858398,0.3626444339752197,0.23462556302547455,0.4615943431854248,0.5,0.038405656814575195,,0.0,0.19999999999999996,1.0,0.49877581000328064,0.05,0.0,0.0,52.0,0.8125,12.0,0.1875,0.8125,2.0,0.0625
S27,MIEMATentGateOnly,,,,,,,,,,3,64,29,0.453125,35.0,0.546875,0.546875,2,0.06957708299160004,0.06957708299160004,0.24962541460990906,0.18004833161830902,0.47912687510252,0.5,0.02087312489748001,,0.0,0.19999999999999996,1.0,0.5766791701316833,0.05,0.0,0.0,42.0,0.65625,22.0,0.34375,0.65625,2.0,0.046875
S27,MIEMATentGateOnly,,,,,,,,,,4,64,35,0.546875,29.0,0.453125,0.546875,2,0.4101446568965912,0.4101446568965912,0.8978151082992554,0.4876704812049866,0.3769566029310226,0.5,0.12304339706897735,,0.0,0.19999999999999996,1.0,0.4798980951309204,0.05,0.0,0.0,33.0,0.515625,31.0,0.484375,0.515625,2.0,0.046875
S27,MIEMATentGateOnly,,,,,,,,,,5,1,1,1.0,,,1.0,1,0.0,0.0,0.7564887404441833,0.7564887404441833,0.5,0.5,0.0,,0.0,0.19999999999999996,0.0,0.5261156558990479,0.05,0.0,0.0,0.0,0.0,1.0,1.0,1.0,1.0,0.0
S27,MIDynamicFixedEMARelaxed,,,,,,,,,,0,64,9,0.140625,55.0,0.859375,0.859375,2,0.12668435275554657,0.4203347089092794,0.7129166126251221,0.5862322449684143,0.6741847314799477,0.15768138495634057,0.16813388356371176,0.18955139756364536,26.90142137019388,0.19999999999999996,1.0,0.3768913149833679,0.0,0.0,1.0,61.0,0.953125,3.0,0.046875,0.953125,2.0,0.359375
S27,MIDynamicFixedEMARelaxed,,,,,,,,,,1,64,41,0.640625,23.0,0.359375,0.640625,2,0.30725693702697754,0.5988768575428728,0.8907073736190796,0.583450436592102,0.4568264698941587,0.3036227870886922,0.23955074301714913,0.3992676490911994,65.22954025293774,0.19999999999999996,1.0,0.44515538215637207,0.0,0.0,1.0,41.0,0.640625,23.0,0.359375,0.640625,2.0,0.140625
S27,MIDynamicFixedEMARelaxed,,,,,,,,,,2,64,28,0.4375,36.0,0.5625,0.5625,2,0.14192266762256622,0.43905362521919544,0.721324622631073,0.579401969909668,0.3976201823027409,0.42675836760958097,0.17562145008767818,0.5176728187007893,93.32897226696625,0.19999999999999996,1.0,0.5301082134246826,0.0,0.0,1.0,48.0,0.75,16.0,0.25,0.75,2.0,0.0625
S27,MIDynamicFixedEMARelaxed,,,,,,,,,,3,64,29,0.453125,35.0,0.546875,0.546875,2,0.11724280565977097,0.4081666311987956,0.761033833026886,0.6437910199165344,0.32907626324470585,0.5076570842757759,0.16326665247951824,0.6067131013483951,119.45163666368916,0.19999999999999996,1.0,0.5885892510414124,0.0,0.0,1.0,36.0,0.5625,28.0,0.4375,0.5625,2.0,0.046875
S27,MIDynamicFixedEMARelaxed,,,,,,,,,,4,64,35,0.546875,29.0,0.453125,0.546875,2,0.3409951627254486,0.6255531198724001,0.9362764954566956,0.5952813029289246,0.21567781445006137,0.5341009376009785,0.25022124794896006,0.712344723213256,159.48703633552276,0.19999999999999996,1.0,0.5047632455825806,0.0,0.0,1.0,33.0,0.515625,31.0,0.484375,0.515625,2.0,0.046875
S27,MIDynamicFixedEMARelaxed,,,,,,,,,,5,1,1,1.0,,,1.0,1,0.0,0.1,0.98476243019104,0.98476243019104,0.2759334085097489,0.6840665914902511,0.04000000000000001,0.7125693661356782,159.58703633552275,0.19999999999999996,1.0,0.5366520881652832,0.0,0.0,1.0,0.0,0.0,1.0,1.0,1.0,1.0,0.0
S28,EMATent,0.7940897941589355,0.7940897941589355,0.760570764541626,1.0,0.26177306175231935,0.5,0.23822693824768065,0.0,0.0,0,64,41,0.640625,23.0,0.359375,0.640625,2,,,,,,,,,,,,,,,,,,,,,,
S28,EMATent,0.7368112802505493,0.7368112802505493,0.7924305200576782,1.0,0.2789566159248352,0.5,0.2210433840751648,0.0,0.0,1,64,38,0.59375,26.0,0.40625,0.59375,2,,,,,,,,,,,,,,,,,,,,,,
S28,EMATent,0.8414362668991089,0.8414362668991089,0.7459436655044556,1.0,0.24756911993026734,0.5,0.25243088006973263,0.0,0.0,2,64,49,0.765625,15.0,0.234375,0.765625,2,,,,,,,,,,,,,,,,,,,,,,
S28,EMATent,0.8218323588371277,0.8218323588371277,0.743230402469635,1.0,0.2534502923488617,0.5,0.2465497076511383,0.0,0.0,3,19,0,0.0,19.0,1.0,1.0,1,,,,,,,,,,,,,,,,,,,,,,
S28,MIEMATentGateOnly,,,,,,,,,,0,64,41,0.640625,23.0,0.359375,0.640625,2,0.043502841144800186,0.043502841144800186,0.7940897941589355,0.750586986541748,0.48694914765655994,0.5,0.013050852343440056,,0.0,0.19999999999999996,0.0,0.5099012851715088,0.05,0.0,0.0,1.0,0.015625,63.0,0.984375,0.984375,2.0,0.140625
S28,MIEMATentGateOnly,,,,,,,,,,1,64,38,0.59375,26.0,0.40625,0.59375,2,0.03613106161355972,0.03613106161355972,0.6742339730262756,0.6381029486656189,0.48916068151593206,0.5,0.010839318484067917,,0.0,0.19999999999999996,0.0,0.5048055052757263,0.05,0.0,0.0,0.0,0.0,64.0,1.0,1.0,1.0,0.09375
S28,MIEMATentGateOnly,,,,,,,,,,2,64,49,0.765625,15.0,0.234375,0.765625,2,0.07517387717962265,0.07517387717962265,0.7853759527206421,0.7102020978927612,0.4774478368461132,0.5,0.022552163153886796,,0.0,0.19999999999999996,1.0,0.55280601978302,0.05,0.0,0.0,2.0,0.03125,62.0,0.96875,0.96875,2.0,0.265625
S28,MIEMATentGateOnly,,,,,,,,,,3,19,0,0.0,19.0,1.0,1.0,1,0.013681435026228428,0.013681435026228428,0.6571687459945679,0.6434873342514038,0.4958955694921315,0.5,0.0041044305078685285,,0.0,0.19999999999999996,0.0,0.6039978265762329,0.05,0.0,0.0,0.0,0.0,19.0,1.0,1.0,1.0,0.5
S28,MIDynamicFixedEMARelaxed,,,,,,,,,,0,64,41,0.640625,23.0,0.359375,0.640625,2,0.04360198602080345,0.2879297972032397,0.8790067434310913,0.8354047536849976,0.7661886884018001,0.11863939271690406,0.11517191888129588,0.134081857536558,18.42750702100734,0.19999999999999996,1.0,0.547453761100769,0.0,0.0,1.0,0.0,0.0,64.0,1.0,1.0,1.0,0.140625
S28,MIDynamicFixedEMARelaxed,,,,,,,,,,1,64,38,0.59375,26.0,0.40625,0.59375,2,0.041037555783987045,0.2823195551361113,0.8269414305686951,0.7859038710594177,0.6670077572686286,0.2200644206769269,0.11292782205444452,0.24807949809292007,36.495958549718466,0.19999999999999996,1.0,0.5306797623634338,0.0,0.0,1.0,0.0,0.0,64.0,1.0,1.0,1.0,0.09375
S28,MIDynamicFixedEMARelaxed,,,,,,,,,,2,64,49,0.765625,15.0,0.234375,0.765625,2,0.061887096613645554,0.3238940558769994,0.8565237522125244,0.794636607170105,0.5566462048790631,0.31379617277013716,0.12955762235079976,0.3605019480067193,57.225178125846426,0.19999999999999996,1.0,0.5570579171180725,0.0,0.0,1.0,3.0,0.046875,61.0,0.953125,0.953125,2.0,0.265625
S28,MIDynamicFixedEMARelaxed,,,,,,,,,,3,19,0,0.0,19.0,1.0,1.0,1,0.009926322847604752,0.18966783986781355,0.8754339814186096,0.8655076622962952,0.574574823266523,0.3495580407863515,0.07586713594712542,0.3782551777818297,60.828867083334885,0.19999999999999996,1.0,0.6022868752479553,0.0,0.0,1.0,0.0,0.0,19.0,1.0,1.0,1.0,0.5
S29,EMATent,0.7238701581954956,0.7238701581954956,0.8458274006843567,1.0,0.28283895254135133,0.5,0.21716104745864867,0.0,0.0,0,64,22,0.34375,42.0,0.65625,0.65625,2,,,,,,,,,,,,,,,,,,,,,,
S29,EMATent,0.9141825437545776,0.9141825437545776,0.7741659283638,1.0,0.22574523687362671,0.5,0.27425476312637326,0.0,0.0,1,64,35,0.546875,29.0,0.453125,0.546875,2,,,,,,,,,,,,,,,,,,,,,,
S29,EMATent,0.9331443309783936,0.9331443309783936,0.7235592603683472,1.0,0.22005670070648195,0.5,0.2799432992935181,0.0,0.0,2,64,24,0.375,40.0,0.625,0.625,2,,,,,,,,,,,,,,,,,,,,,,
S29,MIEMATentGateOnly,,,,,,,,,,0,64,22,0.34375,42.0,0.65625,0.65625,2,0.21919313073158264,0.21919313073158264,0.7238701581954956,0.5046769976615906,0.4342420607805252,0.5,0.06575793921947479,,0.0,0.19999999999999996,1.0,0.5162105560302734,0.05,0.0,0.0,51.0,0.796875,13.0,0.203125,0.796875,2.0,0.15625
S29,MIEMATentGateOnly,,,,,,,,,,1,64,35,0.546875,29.0,0.453125,0.546875,2,0.23162437975406647,0.23162437975406647,0.7044045925140381,0.4727802276611328,0.43051268607378007,0.5,0.06948731392621994,,0.0,0.19999999999999996,1.0,0.5519557595252991,0.05,0.0,0.0,32.0,0.5,32.0,0.5,0.5,2.0,0.046875
S29,MIEMATentGateOnly,,,,,,,,,,2,64,24,0.375,40.0,0.625,0.625,2,0.2586164176464081,0.2586164176464081,0.9969943165779114,0.7383779287338257,0.4224150747060776,0.5,0.07758492529392243,,0.0,0.19999999999999996,1.0,0.5520732402801514,0.05,0.0,0.0,6.0,0.09375,58.0,0.90625,0.90625,2.0,0.125
S29,MIDynamicFixedEMARelaxed,,,,,,,,,,0,64,22,0.34375,42.0,0.65625,0.65625,2,0.12505760788917542,0.4182713659602951,0.9940174221992493,0.8689597845077515,0.675550211340322,0.15714124227555998,0.16730854638411807,0.1887148494117351,26.769367421458888,0.19999999999999996,1.0,0.6075913310050964,0.0,0.0,1.0,35.0,0.546875,29.0,0.453125,0.546875,2.0,0.15625
S29,MIDynamicFixedEMARelaxed,,,,,,,,,,1,64,35,0.546875,29.0,0.453125,0.546875,2,0.20420221984386444,0.5066986575752743,0.9930875301361084,0.7888852953910828,0.5020861736188408,0.2952343633510494,0.20267946303010975,0.37028315421680724,59.198081506276445,0.19999999999999996,1.0,0.5790479779243469,0.0,0.0,1.0,26.0,0.40625,38.0,0.59375,0.59375,2.0,0.046875
S29,MIDynamicFixedEMARelaxed,,,,,,,,,,2,64,24,0.375,40.0,0.625,0.625,2,0.12759049236774445,0.4214783022505143,0.9747398495674133,0.8471493721008301,0.4240694771493872,0.4073392019504071,0.16859132090020573,0.489938597214853,86.17269285030936,0.19999999999999996,1.0,0.5768423080444336,0.0,0.0,1.0,5.0,0.078125,59.0,0.921875,0.921875,2.0,0.125
S30,EMATent,0.2996518313884735,0.2996518313884735,0.9522351026535034,1.0,0.41010445058345796,0.5,0.08989554941654206,0.0,0.0,0,64,51,0.796875,13.0,0.203125,0.796875,2,,,,,,,,,,,,,,,,,,,,,,
S30,EMATent,0.9940662384033203,0.9940662384033203,0.790099024772644,1.0,0.20178012847900392,0.5,0.2982198715209961,0.0,0.0,1,64,33,0.515625,31.0,0.484375,0.515625,2,,,,,,,,,,,,,,,,,,,,,,
S30,EMATent,0.986859142780304,0.986859142780304,0.6871839761734009,1.0,0.20394225716590883,0.5,0.2960577428340912,0.0,0.0,2,64,5,0.078125,59.0,0.921875,0.921875,2,,,,,,,,,,,,,,,,,,,,,,
S30,EMATent,0.5820560455322266,0.5820560455322266,0.8635846376419067,1.0,0.32538318634033203,0.5,0.17461681365966797,0.0,0.0,3,64,37,0.578125,27.0,0.421875,0.578125,2,,,,,,,,,,,,,,,,,,,,,,
S30,EMATent,0.9773319363594055,0.9773319363594055,0.8863358497619629,1.0,0.20680041909217836,0.5,0.29319958090782167,0.0,0.0,4,64,24,0.375,40.0,0.625,0.625,2,,,,,,,,,,,,,,,,,,,,,,
S30,EMATent,0.014897717162966728,0.014897717162966728,0.9986413717269897,0.0,0.49553068485110996,0.5,0.004469315148890018,0.0,0.0,5,23,23,1.0,,,1.0,1,,,,,,,,,,,,,,,,,,,,,,
S30,MIEMATentGateOnly,,,,,,,,,,0,64,51,0.796875,13.0,0.203125,0.796875,2,0.07970043271780014,0.07970043271780014,0.2996518313884735,0.21995139122009277,0.47608987018466,0.5,0.02391012981534004,,0.0,0.19999999999999996,1.0,0.15005408227443695,0.05,0.0,0.0,64.0,1.0,0.0,0.0,1.0,1.0,0.296875
S30,MIEMATentGateOnly,,,,,,,,,,1,64,33,0.515625,31.0,0.484375,0.515625,2,0.2072475701570511,0.2072475701570511,0.8138380646705627,0.6065905094146729,0.4378257289528847,0.5,0.06217427104711532,,0.0,0.19999999999999996,1.0,0.4658856987953186,0.05,0.0,0.0,15.0,0.234375,49.0,0.765625,0.765625,2.0,0.015625
S30,MIEMATentGateOnly,,,,,,,,,,2,64,5,0.078125,59.0,0.921875,0.921875,2,0.18901203572750092,0.18901203572750092,0.7894349098205566,0.6004229187965393,0.44329638928174975,0.5,0.05670361071825027,,0.0,0.19999999999999996,1.0,0.588345468044281,0.05,0.0,0.0,15.0,0.234375,49.0,0.765625,0.765625,2.0,0.421875
S30,MIEMATentGateOnly,,,,,,,,,,3,64,37,0.578125,27.0,0.421875,0.578125,2,0.2740558683872223,0.2740558683872223,0.9709762930870056,0.6969204545021057,0.41778323948383334,0.5,0.08221676051616668,,0.0,0.19999999999999996,1.0,0.45969244837760925,0.05,0.0,0.0,0.0,0.0,64.0,1.0,1.0,1.0,0.078125
S30,MIEMATentGateOnly,,,,,,,,,,4,64,24,0.375,40.0,0.625,0.625,2,0.35885387659072876,0.35885387659072876,0.949665904045105,0.5908120274543762,0.3923438370227814,0.5,0.10765616297721863,,0.0,0.19999999999999996,1.0,0.3046600818634033,0.05,0.0,0.0,19.0,0.296875,45.0,0.703125,0.703125,2.0,0.125
S30,MIEMATentGateOnly,,,,,,,,,,5,23,23,1.0,,,1.0,1,0.0005023566191084683,0.0005023566191084683,0.0034014564007520676,0.00289909983985126,0.49984929301426745,0.5,0.00015070698573254048,,0.0,0.19999999999999996,0.0,0.027245450764894485,0.05,0.0,0.0,23.0,1.0,0.0,0.0,1.0,1.0,0.0
S30,MIDynamicFixedEMARelaxed,,,,,,,,,,0,64,51,0.796875,13.0,0.203125,0.796875,2,0.1441488116979599,0.4417024106958386,0.7868770956993103,0.642728328704834,0.6601668261240717,0.16315220959759286,0.17668096427833546,0.19816401967991049,28.26895428453367,0.19999999999999996,1.0,0.3945973515510559,0.0,0.0,1.0,60.0,0.9375,4.0,0.0625,0.9375,2.0,0.296875
S30,MIDynamicFixedEMARelaxed,,,,,,,,,,1,64,33,0.515625,31.0,0.484375,0.515625,2,0.2810911536216736,0.5771622726427097,0.9999995827674866,0.718908429145813,0.4621244759867373,0.3070106149561788,0.2308649090570839,0.39916344810090665,65.20733973366708,0.19999999999999996,1.0,0.4992935359477997,0.0,0.0,1.0,19.0,0.296875,45.0,0.703125,0.703125,2.0,0.015625
S30,MIDynamicFixedEMARelaxed,,,,,,,,,,2,64,5,0.078125,59.0,0.921875,0.921875,2,0.16838614642620087,0.4693139296116824,0.9937950968742371,0.8254089951515198,0.38596586862252147,0.42630855953280555,0.18772557184467298,0.5248331656838577,95.24343122881476,0.19999999999999996,1.0,0.6078522205352783,0.0,0.0,1.0,20.0,0.3125,44.0,0.6875,0.6875,2.0,0.421875
S30,MIDynamicFixedEMARelaxed,,,,,,,,,,3,64,37,0.578125,27.0,0.421875,0.578125,2,0.14640814065933228,0.4443698505009681,0.9005550742149353,0.754146933555603,0.3128653037364852,0.5093867560631276,0.17774794020038726,0.6195019519771928,123.68310166087672,0.19999999999999996,1.0,0.5825321674346924,0.0,0.0,1.0,8.0,0.125,56.0,0.875,0.875,2.0,0.078125
S30,MIDynamicFixedEMARelaxed,,,,,,,,,,4,64,24,0.375,40.0,0.625,0.625,2,0.44071221351623535,0.6974754329243593,0.9948474168777466,0.5541352033615112,0.19357031247883322,0.527439514351423,0.2789901731697437,0.7315288845232278,168.32152936803573,0.19999999999999996,1.0,0.36603301763534546,0.0,0.0,1.0,19.0,0.296875,45.0,0.703125,0.703125,2.0,0.125
S30,MIDynamicFixedEMARelaxed,,,,,,,,,,5,23,23,1.0,,,1.0,1,0.29745590686798096,0.5908556657135217,0.5005706548690796,0.20311477780342102,0.1843688500076487,0.5792888837069426,0.23634226628540866,0.7585713574707874,181.91120967944673,0.19999999999999996,1.0,0.27545368671417236,0.0,0.0,1.0,19.0,0.8260869565217391,4.0,0.17391304347826086,0.8260869565217391,2.0,0.0
