Subject,Method,raw_gate,effective_gate,confidence,updated,effective_source_weight,effective_ema_weight,effective_batch_weight,probe_gate,min_gate,batch_index,batch_size,true_class_0_count,true_class_0_ratio,true_class_1_count,true_class_1_ratio,true_max_class_ratio,true_num_present_classes
S1,EmaTentGridS20E50B30M075,0.4725733995437622,0.4725733995437622,0.9194223880767822,1,0.35822798013687135,0.5,0.14177201986312865,0.0,0.0,0,64,24,0.375,40.0,0.625,0.625,2
S1,EmaTentGridS20E50B30M075,0.7100417017936707,0.7100417017936707,0.8165042400360107,1,0.2869874894618988,0.5,0.2130125105381012,0.0,0.0,1,64,40,0.625,24.0,0.375,0.625,2
S1,EmaTentGridS20E50B30M075,0.4927797019481659,0.4927797019481659,0.8923853635787964,1,0.3521660894155503,0.5,0.14783391058444975,0.0,0.0,2,64,19,0.296875,45.0,0.703125,0.703125,2
S1,EmaTentGridS20E50B30M075,0.8448518514633179,0.8448518514633179,0.7581655979156494,1,0.24654444456100466,0.5,0.25345555543899534,0.0,0.0,3,64,44,0.6875,20.0,0.3125,0.6875,2
S1,EmaTentGridS20E50B30M075,0.9370397329330444,0.9370397329330444,0.6651289463043213,1,0.21888808012008668,0.5,0.2811119198799133,0.0,0.0,4,10,10,1.0,,,1.0,1
S1,EmaTentCaseS20E50B30M060,0.4725733995437622,0.4725733995437622,0.9194223880767822,1,0.35822798013687135,0.5,0.14177201986312865,0.0,0.0,0,64,24,0.375,40.0,0.625,0.625,2
S1,EmaTentCaseS20E50B30M060,0.8428757190704346,0.8428757190704346,0.7398068308830261,1,0.24713728427886963,0.5,0.25286271572113034,0.0,0.0,1,64,40,0.625,24.0,0.375,0.625,2
S1,EmaTentCaseS20E50B30M060,0.6362279653549194,0.6362279653549194,0.8400533199310303,1,0.30913161039352416,0.5,0.1908683896064758,0.0,0.0,2,64,19,0.296875,45.0,0.703125,0.703125,2
S1,EmaTentCaseS20E50B30M060,0.8289911150932312,0.8289911150932312,0.7719637751579285,1,0.2513026654720307,0.5,0.24869733452796935,0.0,0.0,3,64,44,0.6875,20.0,0.3125,0.6875,2
S1,EmaTentCaseS20E50B30M060,0.9788196682929993,0.9788196682929993,0.6299428939819336,1,0.20635409951210024,0.5,0.2936459004878998,0.0,0.0,4,10,10,1.0,,,1.0,1
S1,EmaTentCaseS20E50B30M065,0.4725733995437622,0.4725733995437622,0.9194223880767822,1,0.35822798013687135,0.5,0.14177201986312865,0.0,0.0,0,64,24,0.375,40.0,0.625,0.625,2
S1,EmaTentCaseS20E50B30M065,0.8010932207107544,0.8010932207107544,0.7661181688308716,1,0.25967203378677367,0.5,0.2403279662132263,0.0,0.0,1,64,40,0.625,24.0,0.375,0.625,2
S1,EmaTentCaseS20E50B30M065,0.5925369262695312,0.5925369262695312,0.8573017120361328,1,0.3222389221191406,0.5,0.17776107788085938,0.0,0.0,2,64,19,0.296875,45.0,0.703125,0.703125,2
S1,EmaTentCaseS20E50B30M065,0.8373007774353027,0.8373007774353027,0.765304684638977,1,0.2488097667694092,0.5,0.2511902332305908,0.0,0.0,3,64,44,0.6875,20.0,0.3125,0.6875,2
S1,EmaTentCaseS20E50B30M065,0.9650794267654419,0.9650794267654419,0.6455731391906738,1,0.21047617197036744,0.5,0.28952382802963256,0.0,0.0,4,10,10,1.0,,,1.0,1
S1,EmaTentCaseS20E50B30M070,0.4725733995437622,0.4725733995437622,0.9194223880767822,1,0.35822798013687135,0.5,0.14177201986312865,0.0,0.0,0,64,24,0.375,40.0,0.625,0.625,2
S1,EmaTentCaseS20E50B30M070,0.7572750449180603,0.7572750449180603,0.7922267317771912,1,0.27281748652458193,0.5,0.22718251347541807,0.0,0.0,1,64,40,0.625,24.0,0.375,0.625,2
S1,EmaTentCaseS20E50B30M070,0.5449093580245972,0.5449093580245972,0.8746930360794067,1,0.33652719259262087,0.5,0.16347280740737916,0.0,0.0,2,64,19,0.296875,45.0,0.703125,0.703125,2
S1,EmaTentCaseS20E50B30M070,0.8451323509216309,0.8451323509216309,0.7583074569702148,1,0.24646029472351075,0.5,0.2535397052764892,0.0,0.0,3,64,44,0.6875,20.0,0.3125,0.6875,2
S1,EmaTentCaseS20E50B30M070,0.9512136578559875,0.9512136578559875,0.6570213437080383,1,0.21463590264320376,0.5,0.28536409735679624,0.0,0.0,4,10,10,1.0,,,1.0,1
S1,EmaTentCaseS10E50B40M070,0.4725733995437622,0.4725733995437622,0.9194223880767822,1,0.3109706401824951,0.5,0.1890293598175049,0.0,0.0,0,64,24,0.375,40.0,0.625,0.625,2
S1,EmaTentCaseS10E50B40M070,0.7363739609718323,0.7363739609718323,0.8032520413398743,1,0.2054504156112671,0.5,0.2945495843887329,0.0,0.0,1,64,40,0.625,24.0,0.375,0.625,2
S1,EmaTentCaseS10E50B40M070,0.5169042348861694,0.5169042348861694,0.885238528251648,1,0.29323830604553225,0.5,0.20676169395446778,0.0,0.0,2,64,19,0.296875,45.0,0.703125,0.703125,2
S1,EmaTentCaseS10E50B40M070,0.833832859992981,0.833832859992981,0.7647778987884521,1,0.16646685600280764,0.5,0.3335331439971924,0.0,0.0,3,64,44,0.6875,20.0,0.3125,0.6875,2
S1,EmaTentCaseS10E50B40M070,0.9315834045410156,0.9315834045410156,0.6731891632080078,1,0.12736663818359376,0.5,0.37263336181640627,0.0,0.0,4,10,10,1.0,,,1.0,1
S1,EmaTentCaseS10E50B40M075,0.4725733995437622,0.4725733995437622,0.9194223880767822,1,0.3109706401824951,0.5,0.1890293598175049,0.0,0.0,0,64,24,0.375,40.0,0.625,0.625,2
S1,EmaTentCaseS10E50B40M075,0.6922070384025574,0.6922070384025574,0.8247734308242798,1,0.22311718463897706,0.5,0.27688281536102294,0.0,0.0,1,64,40,0.625,24.0,0.375,0.625,2
S1,EmaTentCaseS10E50B40M075,0.4682294428348541,0.4682294428348541,0.9008258581161499,1,0.31270822286605837,0.5,0.18729177713394166,0.0,0.0,2,64,19,0.296875,45.0,0.703125,0.703125,2
S1,EmaTentCaseS10E50B40M075,0.8289300799369812,0.8289300799369812,0.7664381861686707,1,0.16842796802520754,0.5,0.3315720319747925,0.0,0.0,3,64,44,0.6875,20.0,0.3125,0.6875,2
S1,EmaTentCaseS10E50B40M075,0.9174969792366028,0.9174969792366028,0.6785246729850769,1,0.1330012083053589,0.5,0.3669987916946411,0.0,0.0,4,10,10,1.0,,,1.0,1
S1,EmaTentCaseS10E50B40M080,0.4725733995437622,0.4725733995437622,0.9194223880767822,1,0.3109706401824951,0.5,0.1890293598175049,0.0,0.0,0,64,24,0.375,40.0,0.625,0.625,2
S1,EmaTentCaseS10E50B40M080,0.647072970867157,0.647072970867157,0.845309317111969,1,0.24117081165313722,0.5,0.2588291883468628,0.0,0.0,1,64,40,0.625,24.0,0.375,0.625,2
S1,EmaTentCaseS10E50B40M080,0.4182204306125641,0.4182204306125641,0.9158557653427124,1,0.3327118277549744,0.5,0.16728817224502565,0.0,0.0,2,64,19,0.296875,45.0,0.703125,0.703125,2
S1,EmaTentCaseS10E50B40M080,0.8069466352462769,0.8069466352462769,0.7793126106262207,1,0.17722134590148927,0.5,0.32277865409851075,0.0,0.0,3,64,44,0.6875,20.0,0.3125,0.6875,2
S1,EmaTentCaseS10E50B40M080,0.8932069540023804,0.8932069540023804,0.6899709701538086,1,0.14271721839904786,0.5,0.35728278160095217,0.0,0.0,4,10,10,1.0,,,1.0,1
S1,EmaTentCaseS00E50B50M070,0.4725733995437622,0.4725733995437622,0.9194223880767822,1,0.2637133002281189,0.5,0.2362866997718811,0.0,0.0,0,64,24,0.375,40.0,0.625,0.625,2
S1,EmaTentCaseS00E50B50M070,0.7182923555374146,0.7182923555374146,0.8124015927314758,1,0.14085382223129272,0.5,0.3591461777687073,0.0,0.0,1,64,40,0.625,24.0,0.375,0.625,2
S1,EmaTentCaseS00E50B50M070,0.4968821406364441,0.4968821406364441,0.8928428888320923,1,0.25155892968177795,0.5,0.24844107031822205,0.0,0.0,2,64,19,0.296875,45.0,0.703125,0.703125,2
S1,EmaTentCaseS00E50B50M070,0.825829029083252,0.825829029083252,0.7692438960075378,1,0.08708548545837402,0.5,0.412914514541626,0.0,0.0,3,64,44,0.6875,20.0,0.3125,0.6875,2
S1,EmaTentCaseS00E50B50M070,0.9090693593025208,0.9090693593025208,0.6891461610794067,1,0.045465320348739624,0.5,0.4545346796512604,0.0,0.0,4,10,10,1.0,,,1.0,1
S1,EmaTentCaseS00E50B50M075,0.4725733995437622,0.4725733995437622,0.9194223880767822,1,0.2637133002281189,0.5,0.2362866997718811,0.0,0.0,0,64,24,0.375,40.0,0.625,0.625,2
S1,EmaTentCaseS00E50B50M075,0.6768745183944702,0.6768745183944702,0.8320122957229614,1,0.1615627408027649,0.5,0.3384372591972351,0.0,0.0,1,64,40,0.625,24.0,0.375,0.625,2
S1,EmaTentCaseS00E50B50M075,0.4496420919895172,0.4496420919895172,0.9072228670120239,1,0.2751789540052414,0.5,0.2248210459947586,0.0,0.0,2,64,19,0.296875,45.0,0.703125,0.703125,2
S1,EmaTentCaseS00E50B50M075,0.8161780834197998,0.8161780834197998,0.7744925618171692,1,0.0919109582901001,0.5,0.4080890417098999,0.0,0.0,3,64,44,0.6875,20.0,0.3125,0.6875,2
S1,EmaTentCaseS00E50B50M075,0.8940721154212952,0.8940721154212952,0.692340075969696,1,0.05296394228935242,0.5,0.4470360577106476,0.0,0.0,4,10,10,1.0,,,1.0,1
S1,EmaTentCaseS00E50B50M080,0.4725733995437622,0.4725733995437622,0.9194223880767822,1,0.2637133002281189,0.5,0.2362866997718811,0.0,0.0,0,64,24,0.375,40.0,0.625,0.625,2
S1,EmaTentCaseS00E50B50M080,0.6349087357521057,0.6349087357521057,0.8505396246910095,1,0.18254563212394714,0.5,0.31745436787605286,0.0,0.0,1,64,40,0.625,24.0,0.375,0.625,2
S1,EmaTentCaseS00E50B50M080,0.40327808260917664,0.40327808260917664,0.9205639958381653,1,0.2983609586954117,0.5,0.20163904130458832,0.0,0.0,2,64,19,0.296875,45.0,0.703125,0.703125,2
S1,EmaTentCaseS00E50B50M080,0.7909513711929321,0.7909513711929321,0.7872552871704102,1,0.10452431440353394,0.5,0.39547568559646606,0.0,0.0,3,64,44,0.6875,20.0,0.3125,0.6875,2
S1,EmaTentCaseS00E50B50M080,0.8690264225006104,0.8690264225006104,0.7097635269165039,1,0.06548678874969482,0.5,0.4345132112503052,0.0,0.0,4,10,10,1.0,,,1.0,1
S1,EmaTentCaseS10E40B50M075,0.4725733995437622,0.4725733995437622,0.9194223880767822,1,0.3637133002281189,0.4,0.2362866997718811,0.0,0.0,0,64,24,0.375,40.0,0.625,0.625,2
S1,EmaTentCaseS10E40B50M075,0.6349064707756042,0.6349064707756042,0.8505407571792603,1,0.28254676461219785,0.4,0.3174532353878021,0.0,0.0,1,64,40,0.625,24.0,0.375,0.625,2
S1,EmaTentCaseS10E40B50M075,0.39725834131240845,0.39725834131240845,0.9224047064781189,1,0.40137082934379575,0.4,0.19862917065620422,0.0,0.0,2,64,19,0.296875,45.0,0.703125,0.703125,2
S1,EmaTentCaseS10E40B50M075,0.7806610465049744,0.7806610465049744,0.7920135259628296,1,0.20966947674751282,0.4,0.3903305232524872,0.0,0.0,3,64,44,0.6875,20.0,0.3125,0.6875,2
S1,EmaTentCaseS10E40B50M075,0.8514795899391174,0.8514795899391174,0.7228924632072449,1,0.1742602050304413,0.4,0.4257397949695587,0.0,0.0,4,10,10,1.0,,,1.0,1
S2,EmaTentGridS20E50B30M075,0.10897458344697952,0.10897458344697952,0.9855583310127258,0,0.46730762496590617,0.5,0.032692375034093855,0.0,0.0,0,64,10,0.15625,54.0,0.84375,0.84375,2
S2,EmaTentGridS20E50B30M075,0.21953485906124115,0.21953485906124115,0.964862585067749,1,0.43413954228162766,0.5,0.06586045771837234,0.0,0.0,1,64,19,0.296875,45.0,0.703125,0.703125,2
S2,EmaTentGridS20E50B30M075,0.22963379323482513,0.22963379323482513,0.9627296328544617,1,0.4311098620295525,0.5,0.06889013797044753,0.0,0.0,2,64,0,0.0,64.0,1.0,1.0,1
S2,EmaTentGridS20E50B30M075,0.3078426718711853,0.3078426718711853,0.9448599219322205,1,0.4076471984386444,0.5,0.09235280156135559,0.0,0.0,3,61,38,0.6229508196721312,23.0,0.3770491803278688,0.6229508196721312,2
S2,EmaTentCaseS20E50B30M060,0.10897458344697952,0.10897458344697952,0.9855583310127258,0,0.46730762496590617,0.5,0.032692375034093855,0.0,0.0,0,64,10,0.15625,54.0,0.84375,0.84375,2
S2,EmaTentCaseS20E50B30M060,0.449783593416214,0.449783593416214,0.9059690237045288,1,0.36506492197513585,0.5,0.13493507802486418,0.0,0.0,1,64,19,0.296875,45.0,0.703125,0.703125,2
S2,EmaTentCaseS20E50B30M060,0.4121360778808594,0.4121360778808594,0.9171518087387085,1,0.3763591766357422,0.5,0.1236408233642578,0.0,0.0,2,64,0,0.0,64.0,1.0,1.0,1
S2,EmaTentCaseS20E50B30M060,0.4076122045516968,0.4076122045516968,0.9184514284133911,1,0.37771633863449094,0.5,0.12228366136550903,0.0,0.0,3,61,38,0.6229508196721312,23.0,0.3770491803278688,0.6229508196721312,2
S2,EmaTentCaseS20E50B30M065,0.10897458344697952,0.10897458344697952,0.9855583310127258,0,0.46730762496590617,0.5,0.032692375034093855,0.0,0.0,0,64,10,0.15625,54.0,0.84375,0.84375,2
S2,EmaTentCaseS20E50B30M065,0.36372271180152893,0.36372271180152893,0.9305887222290039,1,0.39088318645954134,0.5,0.10911681354045867,0.0,0.0,1,64,19,0.296875,45.0,0.703125,0.703125,2
S2,EmaTentCaseS20E50B30M065,0.35979846119880676,0.35979846119880676,0.9316333532333374,1,0.392060461640358,0.5,0.10793953835964203,0.0,0.0,2,64,0,0.0,64.0,1.0,1.0,1
S2,EmaTentCaseS20E50B30M065,0.3906837999820709,0.3906837999820709,0.9232329726219177,1,0.38279486000537877,0.5,0.11720513999462127,0.0,0.0,3,61,38,0.6229508196721312,23.0,0.3770491803278688,0.6229508196721312,2
S2,EmaTentCaseS20E50B30M070,0.10897458344697952,0.10897458344697952,0.9855583310127258,0,0.46730762496590617,0.5,0.032692375034093855,0.0,0.0,0,64,10,0.15625,54.0,0.84375,0.84375,2
S2,EmaTentCaseS20E50B30M070,0.28622400760650635,0.28622400760650635,0.9500406980514526,1,0.4141327977180481,0.5,0.0858672022819519,0.0,0.0,1,64,19,0.296875,45.0,0.703125,0.703125,2
S2,EmaTentCaseS20E50B30M070,0.29780107736587524,0.29780107736587524,0.9472895860671997,1,0.4106596767902374,0.5,0.08934032320976257,0.0,0.0,2,64,0,0.0,64.0,1.0,1.0,1
S2,EmaTentCaseS20E50B30M070,0.3595176041126251,0.3595176041126251,0.9317078590393066,1,0.3921447187662125,0.5,0.10785528123378753,0.0,0.0,3,61,38,0.6229508196721312,23.0,0.3770491803278688,0.6229508196721312,2
S2,EmaTentCaseS10E50B40M070,0.10897458344697952,0.10897458344697952,0.9855583310127258,0,0.45641016662120826,0.5,0.04358983337879181,0.0,0.0,0,64,10,0.15625,54.0,0.84375,0.84375,2
S2,EmaTentCaseS10E50B40M070,0.27920860052108765,0.27920860052108765,0.9516819715499878,1,0.388316559791565,0.5,0.11168344020843507,0.0,0.0,1,64,19,0.296875,45.0,0.703125,0.703125,2
S2,EmaTentCaseS10E50B40M070,0.28077927231788635,0.28077927231788635,0.951316237449646,1,0.3876882910728455,0.5,0.11231170892715454,0.0,0.0,2,64,0,0.0,64.0,1.0,1.0,1
S2,EmaTentCaseS10E50B40M070,0.33828386664390564,0.33828386664390564,0.9372454285621643,1,0.36468645334243777,0.5,0.13531354665756226,0.0,0.0,3,61,38,0.6229508196721312,23.0,0.3770491803278688,0.6229508196721312,2
S2,EmaTentCaseS10E50B40M075,0.10897458344697952,0.10897458344697952,0.9855583310127258,0,0.45641016662120826,0.5,0.04358983337879181,0.0,0.0,0,64,10,0.15625,54.0,0.84375,0.84375,2
S2,EmaTentCaseS10E50B40M075,0.2145393043756485,0.2145393043756485,0.9659029841423035,1,0.4141842782497406,0.5,0.08581572175025941,0.0,0.0,1,64,19,0.296875,45.0,0.703125,0.703125,2
S2,EmaTentCaseS10E50B40M075,0.21833838522434235,0.21833838522434235,0.9651126861572266,1,0.4126646459102631,0.5,0.08733535408973694,0.0,0.0,2,64,0,0.0,64.0,1.0,1.0,1
S2,EmaTentCaseS10E50B40M075,0.2922181189060211,0.2922181189060211,0.9486228823661804,1,0.3831127524375916,0.5,0.11688724756240845,0.0,0.0,3,61,38,0.6229508196721312,23.0,0.3770491803278688,0.6229508196721312,2
S2,EmaTentCaseS10E50B40M080,0.10897458344697952,0.10897458344697952,0.9855583310127258,0,0.45641016662120826,0.5,0.04358983337879181,0.0,0.0,0,64,10,0.15625,54.0,0.84375,0.84375,2
S2,EmaTentCaseS10E50B40M080,0.16003084182739258,0.16003084182739258,0.9766178131103516,0,0.43598766326904304,0.5,0.06401233673095703,0.0,0.0,1,64,19,0.296875,45.0,0.703125,0.703125,2
S2,EmaTentCaseS10E50B40M080,0.15666982531547546,0.15666982531547546,0.9772397875785828,0,0.4373320698738098,0.5,0.0626679301261902,0.0,0.0,2,64,0,0.0,64.0,1.0,1.0,1
S2,EmaTentCaseS10E50B40M080,0.23068931698799133,0.23068931698799133,0.9625043869018555,1,0.40772427320480353,0.5,0.09227572679519654,0.0,0.0,3,61,38,0.6229508196721312,23.0,0.3770491803278688,0.6229508196721312,2
S2,EmaTentCaseS00E50B50M070,0.10897458344697952,0.10897458344697952,0.9855583310127258,0,0.44551270827651024,0.5,0.05448729172348976,0.0,0.0,0,64,10,0.15625,54.0,0.84375,0.84375,2
S2,EmaTentCaseS00E50B50M070,0.27259182929992676,0.27259182929992676,0.9532121419906616,1,0.3637040853500366,0.5,0.13629591464996338,0.0,0.0,1,64,19,0.296875,45.0,0.703125,0.703125,2
S2,EmaTentCaseS00E50B50M070,0.2657815217971802,0.2657815217971802,0.9547691345214844,1,0.3671092391014099,0.5,0.1328907608985901,0.0,0.0,2,64,0,0.0,64.0,1.0,1.0,1
S2,EmaTentCaseS00E50B50M070,0.3205377459526062,0.3205377459526062,0.941730260848999,1,0.3397311270236969,0.5,0.1602688729763031,0.0,0.0,3,61,38,0.6229508196721312,23.0,0.3770491803278688,0.6229508196721312,2
S2,EmaTentCaseS00E50B50M075,0.10897458344697952,0.10897458344697952,0.9855583310127258,0,0.44551270827651024,0.5,0.05448729172348976,0.0,0.0,0,64,10,0.15625,54.0,0.84375,0.84375,2
S2,EmaTentCaseS00E50B50M075,0.20979651808738708,0.20979651808738708,0.9668816924095154,1,0.39510174095630646,0.5,0.10489825904369354,0.0,0.0,1,64,19,0.296875,45.0,0.703125,0.703125,2
S2,EmaTentCaseS00E50B50M075,0.20835182070732117,0.20835182070732117,0.9671781063079834,1,0.3958240896463394,0.5,0.10417591035366058,0.0,0.0,2,64,0,0.0,64.0,1.0,1.0,1
S2,EmaTentCaseS00E50B50M075,0.27862024307250977,0.27862024307250977,0.9518187046051025,1,0.3606898784637451,0.5,0.13931012153625488,0.0,0.0,3,61,38,0.6229508196721312,23.0,0.3770491803278688,0.6229508196721312,2
S2,EmaTentCaseS00E50B50M080,0.10897458344697952,0.10897458344697952,0.9855583310127258,0,0.44551270827651024,0.5,0.05448729172348976,0.0,0.0,0,64,10,0.15625,54.0,0.84375,0.84375,2
S2,EmaTentCaseS00E50B50M080,0.15688388049602509,0.15688388049602509,0.9772002696990967,0,0.42155805975198746,0.5,0.07844194024801254,0.0,0.0,1,64,19,0.296875,45.0,0.703125,0.703125,2
S2,EmaTentCaseS00E50B50M080,0.15073053538799286,0.15073053538799286,0.9783276319503784,0,0.42463473230600357,0.5,0.07536526769399643,0.0,0.0,2,64,0,0.0,64.0,1.0,1.0,1
S2,EmaTentCaseS00E50B50M080,0.2217373102903366,0.2217373102903366,0.9644007086753845,1,0.3891313448548317,0.5,0.1108686551451683,0.0,0.0,3,61,38,0.6229508196721312,23.0,0.3770491803278688,0.6229508196721312,2
S2,EmaTentCaseS10E40B50M075,0.10897471010684967,0.10897471010684967,0.9855583310127258,0,0.5455126449465751,0.4,0.054487355053424835,0.0,0.0,0,64,10,0.15625,54.0,0.84375,0.84375,2
S2,EmaTentCaseS10E40B50M075,0.15688292682170868,0.15688292682170868,0.9772005081176758,0,0.5215585365891456,0.4,0.07844146341085434,0.0,0.0,1,64,19,0.296875,45.0,0.703125,0.703125,2
S2,EmaTentCaseS10E40B50M075,0.1430233120918274,0.1430233120918274,0.9797176122665405,0,0.5284883439540863,0.4,0.0715116560459137,0.0,0.0,2,64,0,0.0,64.0,1.0,1.0,1
S2,EmaTentCaseS10E40B50M075,0.1982336938381195,0.1982336938381195,0.9692309498786926,0,0.5008831530809402,0.4,0.09911684691905975,0.0,0.0,3,61,38,0.6229508196721312,23.0,0.3770491803278688,0.6229508196721312,2
S3,EmaTentGridS20E50B30M075,0.9849063754081726,0.9849063754081726,0.7665505409240723,1,0.20452808737754824,0.5,0.29547191262245176,0.0,0.0,0,64,16,0.25,48.0,0.75,0.75,2
S3,EmaTentGridS20E50B30M075,0.6208699941635132,0.6208699941635132,0.8575246334075928,1,0.31373900175094604,0.5,0.18626099824905396,0.0,0.0,1,64,27,0.421875,37.0,0.578125,0.578125,2
S3,EmaTentGridS20E50B30M075,0.9999403357505798,0.9999403357505798,0.6570613384246826,1,0.20001789927482605,0.5,0.29998210072517395,0.0,0.0,2,64,29,0.453125,35.0,0.546875,0.546875,2
S3,EmaTentGridS20E50B30M075,0.8405725359916687,0.8405725359916687,0.7573308348655701,1,0.2478282392024994,0.5,0.2521717607975006,0.0,0.0,3,64,38,0.59375,26.0,0.40625,0.59375,2
S3,EmaTentGridS20E50B30M075,0.8853582739830017,0.8853582739830017,0.6966410875320435,1,0.2343925178050995,0.5,0.2656074821949005,0.0,0.0,4,11,0,0.0,11.0,1.0,1.0,1
S3,EmaTentCaseS20E50B30M060,0.9849063754081726,0.9849063754081726,0.7665505409240723,1,0.20452808737754824,0.5,0.29547191262245176,0.0,0.0,0,64,16,0.25,48.0,0.75,0.75,2
S3,EmaTentCaseS20E50B30M060,0.5797305703163147,0.5797305703163147,0.8701998591423035,1,0.3260808289051056,0.5,0.1739191710948944,0.0,0.0,1,64,27,0.421875,37.0,0.578125,0.578125,2
S3,EmaTentCaseS20E50B30M060,0.9902616739273071,0.9902616739273071,0.6535128355026245,1,0.20292149782180788,0.5,0.29707850217819215,0.0,0.0,2,64,29,0.453125,35.0,0.546875,0.546875,2
S3,EmaTentCaseS20E50B30M060,0.9078972935676575,0.9078972935676575,0.721474289894104,1,0.22763081192970278,0.5,0.27236918807029725,0.0,0.0,3,64,38,0.59375,26.0,0.40625,0.59375,2
S3,EmaTentCaseS20E50B30M060,0.9269205331802368,0.9269205331802368,0.6577871441841125,1,0.22192384004592897,0.5,0.27807615995407103,0.0,0.0,4,11,0,0.0,11.0,1.0,1.0,1
S3,EmaTentCaseS20E50B30M065,0.9849063754081726,0.9849063754081726,0.7665505409240723,1,0.20452808737754824,0.5,0.29547191262245176,0.0,0.0,0,64,16,0.25,48.0,0.75,0.75,2
S3,EmaTentCaseS20E50B30M065,0.5946070551872253,0.5946070551872253,0.864802896976471,1,0.3216178834438324,0.5,0.1783821165561676,0.0,0.0,1,64,27,0.421875,37.0,0.578125,0.578125,2
S3,EmaTentCaseS20E50B30M065,0.9953702092170715,0.9953702092170715,0.6507636308670044,1,0.20138893723487855,0.5,0.29861106276512145,0.0,0.0,2,64,29,0.453125,35.0,0.546875,0.546875,2
S3,EmaTentCaseS20E50B30M065,0.8880560398101807,0.8880560398101807,0.7322282791137695,1,0.2335831880569458,0.5,0.26641681194305417,0.0,0.0,3,64,38,0.59375,26.0,0.40625,0.59375,2
S3,EmaTentCaseS20E50B30M065,0.9175986647605896,0.9175986647605896,0.6673623323440552,1,0.22472040057182313,0.5,0.27527959942817687,0.0,0.0,4,11,0,0.0,11.0,1.0,1.0,1
S3,EmaTentCaseS20E50B30M070,0.9849063754081726,0.9849063754081726,0.7665505409240723,1,0.20452808737754824,0.5,0.29547191262245176,0.0,0.0,0,64,16,0.25,48.0,0.75,0.75,2
S3,EmaTentCaseS20E50B30M070,0.6082488894462585,0.6082488894462585,0.8596826195716858,1,0.3175253331661224,0.5,0.18247466683387756,0.0,0.0,1,64,27,0.421875,37.0,0.578125,0.578125,2
S3,EmaTentCaseS20E50B30M070,0.9989951848983765,0.9989951848983765,0.6526479125022888,1,0.20030144453048707,0.5,0.2996985554695129,0.0,0.0,2,64,29,0.453125,35.0,0.546875,0.546875,2
S3,EmaTentCaseS20E50B30M070,0.8649430274963379,0.8649430274963379,0.7443901896476746,1,0.24051709175109864,0.5,0.25948290824890136,0.0,0.0,3,64,38,0.59375,26.0,0.40625,0.59375,2
S3,EmaTentCaseS20E50B30M070,0.9034675359725952,0.9034675359725952,0.6808382868766785,1,0.22895973920822144,0.5,0.27104026079177856,0.0,0.0,4,11,0,0.0,11.0,1.0,1.0,1
S3,EmaTentCaseS10E50B40M070,0.9849063754081726,0.9849063754081726,0.7665505409240723,1,0.10603744983673097,0.5,0.3939625501632691,0.0,0.0,0,64,16,0.25,48.0,0.75,0.75,2
S3,EmaTentCaseS10E50B40M070,0.6016080975532532,0.6016080975532532,0.8623744249343872,1,0.25935676097869875,0.5,0.24064323902130128,0.0,0.0,1,64,27,0.421875,37.0,0.578125,0.578125,2
S3,EmaTentCaseS10E50B40M070,0.9999236464500427,0.9999236464500427,0.655648946762085,1,0.10003054141998291,0.5,0.3999694585800171,0.0,0.0,2,64,29,0.453125,35.0,0.546875,0.546875,2
S3,EmaTentCaseS10E50B40M070,0.8580487966537476,0.8580487966537476,0.7508245706558228,1,0.15678048133850098,0.5,0.343219518661499,0.0,0.0,3,64,38,0.59375,26.0,0.40625,0.59375,2
S3,EmaTentCaseS10E50B40M070,0.8824589848518372,0.8824589848518372,0.6990418434143066,1,0.14701640605926514,0.5,0.35298359394073486,0.0,0.0,4,11,0,0.0,11.0,1.0,1.0,1
S3,EmaTentCaseS10E50B40M075,0.9849063754081726,0.9849063754081726,0.7665505409240723,1,0.10603744983673097,0.5,0.3939625501632691,0.0,0.0,0,64,16,0.25,48.0,0.75,0.75,2
S3,EmaTentCaseS10E50B40M075,0.6150736808776855,0.6150736808776855,0.8601100444793701,1,0.2539705276489258,0.5,0.24602947235107422,0.0,0.0,1,64,27,0.421875,37.0,0.578125,0.578125,2
S3,EmaTentCaseS10E50B40M075,0.9992061257362366,0.9992061257362366,0.6600649356842041,1,0.10031754970550538,0.5,0.3996824502944947,0.0,0.0,2,64,29,0.453125,35.0,0.546875,0.546875,2
S3,EmaTentCaseS10E50B40M075,0.8324852585792542,0.8324852585792542,0.7631301879882812,1,0.16700589656829834,0.5,0.33299410343170166,0.0,0.0,3,64,38,0.59375,26.0,0.40625,0.59375,2
S3,EmaTentCaseS10E50B40M075,0.865633487701416,0.865633487701416,0.7123749852180481,1,0.1537466049194336,0.5,0.3462533950805664,0.0,0.0,4,11,0,0.0,11.0,1.0,1.0,1
S3,EmaTentCaseS10E50B40M080,0.9849063754081726,0.9849063754081726,0.7665505409240723,1,0.10603744983673097,0.5,0.3939625501632691,0.0,0.0,0,64,16,0.25,48.0,0.75,0.75,2
S3,EmaTentCaseS10E50B40M080,0.6270250082015991,0.6270250082015991,0.8584400415420532,1,0.24918999671936037,0.5,0.2508100032806397,0.0,0.0,1,64,27,0.421875,37.0,0.578125,0.578125,2
S3,EmaTentCaseS10E50B40M080,0.9954911470413208,0.9954911470413208,0.6682881712913513,1,0.10180354118347168,0.5,0.3981964588165283,0.0,0.0,2,64,29,0.453125,35.0,0.546875,0.546875,2
S3,EmaTentCaseS10E50B40M080,0.8068323731422424,0.8068323731422424,0.7777360677719116,1,0.17726705074310303,0.5,0.322732949256897,0.0,0.0,3,64,38,0.59375,26.0,0.40625,0.59375,2
S3,EmaTentCaseS10E50B40M080,0.842628538608551,0.842628538608551,0.7293534278869629,1,0.1629485845565796,0.5,0.33705141544342043,0.0,0.0,4,11,0,0.0,11.0,1.0,1.0,1
S3,EmaTentCaseS00E50B50M070,0.9849063754081726,0.9849063754081726,0.7665505409240723,1,0.007546812295913696,0.5,0.4924531877040863,0.0,0.0,0,64,16,0.25,48.0,0.75,0.75,2
S3,EmaTentCaseS00E50B50M070,0.5993625521659851,0.5993625521659851,0.863947331905365,1,0.20031872391700745,0.5,0.29968127608299255,0.0,0.0,1,64,27,0.421875,37.0,0.578125,0.578125,2
S3,EmaTentCaseS00E50B50M070,0.9999490976333618,0.9999490976333618,0.659279465675354,1,2.5451183319091797e-05,0.5,0.4999745488166809,0.0,0.0,2,64,29,0.453125,35.0,0.546875,0.546875,2
S3,EmaTentCaseS00E50B50M070,0.8559853434562683,0.8559853434562683,0.7549540996551514,1,0.07200732827186584,0.5,0.42799267172813416,0.0,0.0,3,64,38,0.59375,26.0,0.40625,0.59375,2
S3,EmaTentCaseS00E50B50M070,0.8681754469871521,0.8681754469871521,0.7104219794273376,1,0.06591227650642395,0.5,0.43408772349357605,0.0,0.0,4,11,0,0.0,11.0,1.0,1.0,1
S3,EmaTentCaseS00E50B50M075,0.9849063754081726,0.9849063754081726,0.7665505409240723,1,0.007546812295913696,0.5,0.4924531877040863,0.0,0.0,0,64,16,0.25,48.0,0.75,0.75,2
S3,EmaTentCaseS00E50B50M075,0.6129049062728882,0.6129049062728882,0.8619318008422852,1,0.1935475468635559,0.5,0.3064524531364441,0.0,0.0,1,64,27,0.421875,37.0,0.578125,0.578125,2
S3,EmaTentCaseS00E50B50M075,0.9981699585914612,0.9981699585914612,0.6637111306190491,1,0.0009150207042694092,0.5,0.4990849792957306,0.0,0.0,2,64,29,0.453125,35.0,0.546875,0.546875,2
S3,EmaTentCaseS00E50B50M075,0.829677164554596,0.829677164554596,0.7678309082984924,1,0.08516141772270203,0.5,0.414838582277298,0.0,0.0,3,64,38,0.59375,26.0,0.40625,0.59375,2
S3,EmaTentCaseS00E50B50M075,0.8509466052055359,0.8509466052055359,0.7232773900032043,1,0.07452669739723206,0.5,0.42547330260276794,0.0,0.0,4,11,0,0.0,11.0,1.0,1.0,1
S3,EmaTentCaseS00E50B50M080,0.9849063754081726,0.9849063754081726,0.7665505409240723,1,0.007546812295913696,0.5,0.4924531877040863,0.0,0.0,0,64,16,0.25,48.0,0.75,0.75,2
S3,EmaTentCaseS00E50B50M080,0.6251590251922607,0.6251590251922607,0.8601245284080505,1,0.18742048740386963,0.5,0.31257951259613037,0.0,0.0,1,64,27,0.421875,37.0,0.578125,0.578125,2
S3,EmaTentCaseS00E50B50M080,0.9936699867248535,0.9936699867248535,0.6730550527572632,1,0.003165006637573242,0.5,0.49683499336242676,0.0,0.0,2,64,29,0.453125,35.0,0.546875,0.546875,2
S3,EmaTentCaseS00E50B50M080,0.8032093644142151,0.8032093644142151,0.7821142077445984,1,0.09839531779289246,0.5,0.40160468220710754,0.0,0.0,3,64,38,0.59375,26.0,0.40625,0.59375,2
S3,EmaTentCaseS00E50B50M080,0.8270168304443359,0.8270168304443359,0.739820659160614,1,0.08649158477783203,0.5,0.41350841522216797,0.0,0.0,4,11,0,0.0,11.0,1.0,1.0,1
S3,EmaTentCaseS10E40B50M075,0.9849061369895935,0.9849061369895935,0.7665504217147827,1,0.10754693150520325,0.4,0.49245306849479675,0.0,0.0,0,64,16,0.25,48.0,0.75,0.75,2
S3,EmaTentCaseS10E40B50M075,0.6251585483551025,0.6251585483551025,0.8601245880126953,1,0.2874207258224487,0.4,0.31257927417755127,0.0,0.0,1,64,27,0.421875,37.0,0.578125,0.578125,2
S3,EmaTentCaseS10E40B50M075,0.99359130859375,0.99359130859375,0.6747153401374817,1,0.103204345703125,0.4,0.496795654296875,0.0,0.0,2,64,29,0.453125,35.0,0.546875,0.546875,2
S3,EmaTentCaseS10E40B50M075,0.7985328435897827,0.7985328435897827,0.785465657711029,1,0.20073357820510865,0.4,0.39926642179489136,0.0,0.0,3,64,38,0.59375,26.0,0.40625,0.59375,2
S3,EmaTentCaseS10E40B50M075,0.8209813833236694,0.8209813833236694,0.7437846660614014,1,0.1895093083381653,0.4,0.4104906916618347,0.0,0.0,4,11,0,0.0,11.0,1.0,1.0,1
S4,EmaTentGridS20E50B30M075,0.012168439105153084,0.012168439105153084,0.9989232420921326,0,0.49634946826845405,0.5,0.003650531731545925,0.0,0.0,0,64,0,0.0,64.0,1.0,1.0,1
S4,EmaTentGridS20E50B30M075,0.22496356070041656,0.22496356070041656,0.9637209177017212,1,0.43251093178987504,0.5,0.06748906821012497,0.0,0.0,1,64,31,0.484375,33.0,0.515625,0.515625,2
S4,EmaTentGridS20E50B30M075,0.9940958619117737,0.9940958619117737,0.7050144672393799,1,0.2017712414264679,0.5,0.2982287585735321,0.0,0.0,2,64,23,0.359375,41.0,0.640625,0.640625,2
S4,EmaTentGridS20E50B30M075,0.6304990649223328,0.6304990649223328,0.8786982297897339,1,0.31085028052330016,0.5,0.1891497194766998,0.0,0.0,3,64,38,0.59375,26.0,0.40625,0.59375,2
S4,EmaTentGridS20E50B30M075,0.7417331337928772,0.7417331337928772,0.7942704558372498,1,0.27748005986213686,0.5,0.22251994013786316,0.0,0.0,4,11,0,0.0,11.0,1.0,1.0,1
S4,EmaTentCaseS20E50B30M060,0.012168439105153084,0.012168439105153084,0.9989232420921326,0,0.49634946826845405,0.5,0.003650531731545925,0.0,0.0,0,64,0,0.0,64.0,1.0,1.0,1
S4,EmaTentCaseS20E50B30M060,0.8566636443138123,0.8566636443138123,0.7978181838989258,1,0.24300090670585633,0.5,0.25699909329414367,0.0,0.0,1,64,31,0.484375,33.0,0.515625,0.515625,2
S4,EmaTentCaseS20E50B30M060,0.9698848724365234,0.9698848724365234,0.7618011236190796,1,0.20903453826904297,0.5,0.290965461730957,0.0,0.0,2,64,23,0.359375,41.0,0.640625,0.640625,2
S4,EmaTentCaseS20E50B30M060,0.7239076495170593,0.7239076495170593,0.8707449436187744,1,0.2828277051448822,0.5,0.2171722948551178,0.0,0.0,3,64,38,0.59375,26.0,0.40625,0.59375,2
S4,EmaTentCaseS20E50B30M060,0.6404171586036682,0.6404171586036682,0.8374322652816772,1,0.30787485241889956,0.5,0.19212514758110047,0.0,0.0,4,11,0,0.0,11.0,1.0,1.0,1
S4,EmaTentCaseS20E50B30M065,0.012168439105153084,0.012168439105153084,0.9989232420921326,0,0.49634946826845405,0.5,0.003650531731545925,0.0,0.0,0,64,0,0.0,64.0,1.0,1.0,1
S4,EmaTentCaseS20E50B30M065,0.6534200310707092,0.6534200310707092,0.8417640924453735,1,0.3039739906787872,0.5,0.19602600932121275,0.0,0.0,1,64,31,0.484375,33.0,0.515625,0.515625,2
S4,EmaTentCaseS20E50B30M065,0.9790694713592529,0.9790694713592529,0.755506157875061,1,0.20627915859222412,0.5,0.2937208414077759,0.0,0.0,2,64,23,0.359375,41.0,0.640625,0.640625,2
S4,EmaTentCaseS20E50B30M065,0.7134845852851868,0.7134845852851868,0.8709877133369446,1,0.28595462441444397,0.5,0.21404537558555603,0.0,0.0,3,64,38,0.59375,26.0,0.40625,0.59375,2
S4,EmaTentCaseS20E50B30M065,0.7006184458732605,0.7006184458732605,0.8104074597358704,1,0.2898144662380219,0.5,0.21018553376197815,0.0,0.0,4,11,0,0.0,11.0,1.0,1.0,1
S4,EmaTentCaseS20E50B30M070,0.012168439105153084,0.012168439105153084,0.9989232420921326,0,0.49634946826845405,0.5,0.003650531731545925,0.0,0.0,0,64,0,0.0,64.0,1.0,1.0,1
S4,EmaTentCaseS20E50B30M070,0.4073111414909363,0.4073111414909363,0.9185375571250916,1,0.37780665755271914,0.5,0.12219334244728088,0.0,0.0,1,64,31,0.484375,33.0,0.515625,0.515625,2
S4,EmaTentCaseS20E50B30M070,0.9916678667068481,0.9916678667068481,0.7396519780158997,1,0.20249963998794557,0.5,0.29750036001205443,0.0,0.0,2,64,23,0.359375,41.0,0.640625,0.640625,2
S4,EmaTentCaseS20E50B30M070,0.6978234052658081,0.6978234052658081,0.8702484965324402,1,0.29065297842025756,0.5,0.20934702157974241,0.0,0.0,3,64,38,0.59375,26.0,0.40625,0.59375,2
S4,EmaTentCaseS20E50B30M070,0.7439111471176147,0.7439111471176147,0.7916717529296875,1,0.27682665586471555,0.5,0.22317334413528442,0.0,0.0,4,11,0,0.0,11.0,1.0,1.0,1
S4,EmaTentCaseS10E50B40M070,0.012168439105153084,0.012168439105153084,0.9989232420921326,0,0.4951326243579388,0.5,0.004867375642061234,0.0,0.0,0,64,0,0.0,64.0,1.0,1.0,1
S4,EmaTentCaseS10E50B40M070,0.40497297048568726,0.40497297048568726,0.9192054271697998,1,0.3380108118057251,0.5,0.1619891881942749,0.0,0.0,1,64,31,0.484375,33.0,0.515625,0.515625,2
S4,EmaTentCaseS10E50B40M070,0.9977957010269165,0.9977957010269165,0.7281570434570312,1,0.1008817195892334,0.5,0.39911828041076663,0.0,0.0,2,64,23,0.359375,41.0,0.640625,0.640625,2
S4,EmaTentCaseS10E50B40M070,0.6150903701782227,0.6150903701782227,0.8877357840538025,1,0.25396385192871096,0.5,0.24603614807128907,0.0,0.0,3,64,38,0.59375,26.0,0.40625,0.59375,2
S4,EmaTentCaseS10E50B40M070,0.6318577527999878,0.6318577527999878,0.8410224914550781,1,0.2472568988800049,0.5,0.25274310111999515,0.0,0.0,4,11,0,0.0,11.0,1.0,1.0,1
S4,EmaTentCaseS10E50B40M075,0.012168439105153084,0.012168439105153084,0.9989232420921326,0,0.4951326243579388,0.5,0.004867375642061234,0.0,0.0,0,64,0,0.0,64.0,1.0,1.0,1
S4,EmaTentCaseS10E50B40M075,0.22372525930404663,0.22372525930404663,0.9639824032783508,1,0.4105098962783814,0.5,0.08949010372161866,0.0,0.0,1,64,31,0.484375,33.0,0.515625,0.515625,2
S4,EmaTentCaseS10E50B40M075,0.9881056547164917,0.9881056547164917,0.705013632774353,1,0.10475773811340333,0.5,0.3952422618865967,0.0,0.0,2,64,23,0.359375,41.0,0.640625,0.640625,2
S4,EmaTentCaseS10E50B40M075,0.5645585656166077,0.5645585656166077,0.8938877582550049,1,0.2741765737533569,0.5,0.2258234262466431,0.0,0.0,3,64,38,0.59375,26.0,0.40625,0.59375,2
S4,EmaTentCaseS10E50B40M075,0.6417054533958435,0.6417054533958435,0.8368868827819824,1,0.2433178186416626,0.5,0.2566821813583374,0.0,0.0,4,11,0,0.0,11.0,1.0,1.0,1
S4,EmaTentCaseS10E50B40M080,0.012168439105153084,0.012168439105153084,0.9989232420921326,0,0.4951326243579388,0.5,0.004867375642061234,0.0,0.0,0,64,0,0.0,64.0,1.0,1.0,1
S4,EmaTentCaseS10E50B40M080,0.12005201727151871,0.12005201727151871,0.9837129712104797,0,0.45197919309139256,0.5,0.04802080690860749,0.0,0.0,1,64,31,0.484375,33.0,0.515625,0.515625,2
S4,EmaTentCaseS10E50B40M080,0.8351263999938965,0.8351263999938965,0.771712064743042,1,0.1659494400024414,0.5,0.3340505599975586,0.0,0.0,2,64,23,0.359375,41.0,0.640625,0.640625,2
S4,EmaTentCaseS10E50B40M080,0.4633272886276245,0.4633272886276245,0.9119229912757874,1,0.3146690845489502,0.5,0.18533091545104982,0.0,0.0,3,64,38,0.59375,26.0,0.40625,0.59375,2
S4,EmaTentCaseS10E50B40M080,0.6080468893051147,0.6080468893051147,0.8507155179977417,1,0.2567812442779541,0.5,0.2432187557220459,0.0,0.0,4,11,0,0.0,11.0,1.0,1.0,1
S4,EmaTentCaseS00E50B50M070,0.012168439105153084,0.012168439105153084,0.9989232420921326,0,0.49391578044742346,0.5,0.006084219552576542,0.0,0.0,0,64,0,0.0,64.0,1.0,1.0,1
S4,EmaTentCaseS00E50B50M070,0.4026334881782532,0.4026334881782532,0.9198710322380066,1,0.2986832559108734,0.5,0.2013167440891266,0.0,0.0,1,64,31,0.484375,33.0,0.515625,0.515625,2
S4,EmaTentCaseS00E50B50M070,0.9999849796295166,0.9999849796295166,0.7181879281997681,1,7.510185241699219e-06,0.5,0.4999924898147583,0.0,0.0,2,64,23,0.359375,41.0,0.640625,0.640625,2
S4,EmaTentCaseS00E50B50M070,0.56353759765625,0.56353759765625,0.8983500599861145,1,0.218231201171875,0.5,0.281768798828125,0.0,0.0,3,64,38,0.59375,26.0,0.40625,0.59375,2
S4,EmaTentCaseS00E50B50M070,0.542443573474884,0.542443573474884,0.8753989338874817,1,0.22877821326255798,0.5,0.271221786737442,0.0,0.0,4,11,0,0.0,11.0,1.0,1.0,1
S4,EmaTentCaseS00E50B50M075,0.012168439105153084,0.012168439105153084,0.9989232420921326,0,0.49391578044742346,0.5,0.006084219552576542,0.0,0.0,0,64,0,0.0,64.0,1.0,1.0,1
S4,EmaTentCaseS00E50B50M075,0.22250410914421082,0.22250410914421082,0.9642395377159119,1,0.3887479454278946,0.5,0.11125205457210541,0.0,0.0,1,64,31,0.484375,33.0,0.515625,0.515625,2
S4,EmaTentCaseS00E50B50M075,0.9804505705833435,0.9804505705833435,0.706978976726532,1,0.009774714708328247,0.5,0.49022528529167175,0.0,0.0,2,64,23,0.359375,41.0,0.640625,0.640625,2
S4,EmaTentCaseS00E50B50M075,0.5110446214675903,0.5110446214675903,0.9044367671012878,1,0.24447768926620483,0.5,0.25552231073379517,0.0,0.0,3,64,38,0.59375,26.0,0.40625,0.59375,2
S4,EmaTentCaseS00E50B50M075,0.5609689950942993,0.5609689950942993,0.8687087297439575,1,0.21951550245285034,0.5,0.28048449754714966,0.0,0.0,4,11,0,0.0,11.0,1.0,1.0,1
S4,EmaTentCaseS00E50B50M080,0.012168439105153084,0.012168439105153084,0.9989232420921326,0,0.49391578044742346,0.5,0.006084219552576542,0.0,0.0,0,64,0,0.0,64.0,1.0,1.0,1
S4,EmaTentCaseS00E50B50M080,0.11952394247055054,0.11952394247055054,0.9838021397590637,0,0.44023802876472473,0.5,0.05976197123527527,0.0,0.0,1,64,31,0.484375,33.0,0.515625,0.515625,2
S4,EmaTentCaseS00E50B50M080,0.8213492631912231,0.8213492631912231,0.7791892886161804,1,0.08932536840438843,0.5,0.4106746315956116,0.0,0.0,2,64,23,0.359375,41.0,0.640625,0.640625,2
S4,EmaTentCaseS00E50B50M080,0.42005181312561035,0.42005181312561035,0.9207038283348083,1,0.2899740934371948,0.5,0.21002590656280518,0.0,0.0,3,64,38,0.59375,26.0,0.40625,0.59375,2
S4,EmaTentCaseS00E50B50M080,0.5425154566764832,0.5425154566764832,0.875373363494873,1,0.22874227166175842,0.5,0.2712577283382416,0.0,0.0,4,11,0,0.0,11.0,1.0,1.0,1
S4,EmaTentCaseS10E40B50M075,0.012168352492153645,0.012168352492153645,0.9989232420921326,0,0.5939158237539232,0.4,0.006084176246076822,0.0,0.0,0,64,0,0.0,64.0,1.0,1.0,1
S4,EmaTentCaseS10E40B50M075,0.11952435225248337,0.11952435225248337,0.983802080154419,0,0.5402378238737583,0.4,0.059762176126241684,0.0,0.0,1,64,31,0.484375,33.0,0.515625,0.515625,2
S4,EmaTentCaseS10E40B50M075,0.7706540822982788,0.7706540822982788,0.8036365509033203,1,0.2146729588508606,0.4,0.3853270411491394,0.0,0.0,2,64,23,0.359375,41.0,0.640625,0.640625,2
S4,EmaTentCaseS10E40B50M075,0.3333612084388733,0.3333612084388733,0.9385024309158325,1,0.43331939578056333,0.4,0.16668060421943665,0.0,0.0,3,64,38,0.59375,26.0,0.40625,0.59375,2
S4,EmaTentCaseS10E40B50M075,0.43999022245407104,0.43999022245407104,0.9089424014091492,1,0.38000488877296446,0.4,0.21999511122703552,0.0,0.0,4,11,0,0.0,11.0,1.0,1.0,1
S5,EmaTentGridS20E50B30M075,0.0025176643393933773,0.0025176643393933773,0.9998185038566589,0,0.499244700698182,0.5,0.0007552993018180131,0.0,0.0,0,64,16,0.25,48.0,0.75,0.75,2
S5,EmaTentGridS20E50B30M075,0.03728952631354332,0.03728952631354332,0.9960417747497559,0,0.488813142105937,0.5,0.011186857894062995,0.0,0.0,1,64,40,0.625,24.0,0.375,0.625,2
S5,EmaTentGridS20E50B30M075,0.41909506916999817,0.41909506916999817,0.9189671277999878,1,0.37427147924900056,0.5,0.12572852075099944,0.0,0.0,2,64,51,0.796875,13.0,0.203125,0.796875,2
S5,EmaTentGridS20E50B30M075,0.5841299295425415,0.5841299295425415,0.8763871192932129,1,0.32476102113723754,0.5,0.17523897886276243,0.0,0.0,3,64,15,0.234375,49.0,0.765625,0.765625,2
S5,EmaTentGridS20E50B30M075,0.9703173637390137,0.9703173637390137,0.6708381175994873,1,0.20890479087829592,0.5,0.2910952091217041,0.0,0.0,4,38,0,0.0,38.0,1.0,1.0,1
S5,EmaTentCaseS20E50B30M060,0.0025176643393933773,0.0025176643393933773,0.9998185038566589,0,0.499244700698182,0.5,0.0007552993018180131,0.0,0.0,0,64,16,0.25,48.0,0.75,0.75,2
S5,EmaTentCaseS20E50B30M060,0.278300017118454,0.278300017118454,0.9518930912017822,1,0.41650999486446383,0.5,0.08349000513553619,0.0,0.0,1,64,40,0.625,24.0,0.375,0.625,2
S5,EmaTentCaseS20E50B30M060,0.8044737577438354,0.8044737577438354,0.835703432559967,1,0.25865787267684937,0.5,0.24134212732315063,0.0,0.0,2,64,51,0.796875,13.0,0.203125,0.796875,2
S5,EmaTentCaseS20E50B30M060,0.8018784523010254,0.8018784523010254,0.805715799331665,1,0.25943646430969236,0.5,0.2405635356903076,0.0,0.0,3,64,15,0.234375,49.0,0.765625,0.765625,2
S5,EmaTentCaseS20E50B30M060,0.9327793717384338,0.9327793717384338,0.6769277453422546,1,0.22016618847846986,0.5,0.27983381152153014,0.0,0.0,4,38,0,0.0,38.0,1.0,1.0,1
S5,EmaTentCaseS20E50B30M065,0.0025176643393933773,0.0025176643393933773,0.9998185038566589,0,0.499244700698182,0.5,0.0007552993018180131,0.0,0.0,0,64,16,0.25,48.0,0.75,0.75,2
S5,EmaTentCaseS20E50B30M065,0.1561894565820694,0.1561894565820694,0.9773283004760742,0,0.45314316302537916,0.5,0.04685683697462082,0.0,0.0,1,64,40,0.625,24.0,0.375,0.625,2
S5,EmaTentCaseS20E50B30M065,0.7456108927726746,0.7456108927726746,0.8440865278244019,1,0.27631673216819763,0.5,0.22368326783180237,0.0,0.0,2,64,51,0.796875,13.0,0.203125,0.796875,2
S5,EmaTentCaseS20E50B30M065,0.7731974720954895,0.7731974720954895,0.816835343837738,1,0.26804075837135316,0.5,0.23195924162864684,0.0,0.0,3,64,15,0.234375,49.0,0.765625,0.765625,2
S5,EmaTentCaseS20E50B30M065,0.9543227553367615,0.9543227553367615,0.6643255949020386,1,0.21370317339897157,0.5,0.28629682660102845,0.0,0.0,4,38,0,0.0,38.0,1.0,1.0,1
S5,EmaTentCaseS20E50B30M070,0.0025176643393933773,0.0025176643393933773,0.9998185038566589,0,0.499244700698182,0.5,0.0007552993018180131,0.0,0.0,0,64,16,0.25,48.0,0.75,0.75,2
S5,EmaTentCaseS20E50B30M070,0.08025864511728287,0.08025864511728287,0.9900805354118347,0,0.47592240646481515,0.5,0.02407759353518486,0.0,0.0,1,64,40,0.625,24.0,0.375,0.625,2
S5,EmaTentCaseS20E50B30M070,0.6214558482170105,0.6214558482170105,0.8699124455451965,1,0.31356324553489684,0.5,0.18643675446510313,0.0,0.0,2,64,51,0.796875,13.0,0.203125,0.796875,2
S5,EmaTentCaseS20E50B30M070,0.7040313482284546,0.7040313482284546,0.8419710993766785,1,0.28879059553146363,0.5,0.21120940446853637,0.0,0.0,3,64,15,0.234375,49.0,0.765625,0.765625,2
S5,EmaTentCaseS20E50B30M070,0.9665855169296265,0.9665855169296265,0.6641085743904114,1,0.21002434492111208,0.5,0.28997565507888795,0.0,0.0,4,38,0,0.0,38.0,1.0,1.0,1
S5,EmaTentCaseS10E50B40M070,0.0025176643393933773,0.0025176643393933773,0.9998185038566589,0,0.4989929342642426,0.5,0.001007065735757351,0.0,0.0,0,64,16,0.25,48.0,0.75,0.75,2
S5,EmaTentCaseS10E50B40M070,0.08013834059238434,0.08013834059238434,0.9900987148284912,0,0.46794466376304633,0.5,0.03205533623695374,0.0,0.0,1,64,40,0.625,24.0,0.375,0.625,2
S5,EmaTentCaseS10E50B40M070,0.6075348854064941,0.6075348854064941,0.8723483681678772,1,0.25698604583740237,0.5,0.24301395416259766,0.0,0.0,2,64,51,0.796875,13.0,0.203125,0.796875,2
S5,EmaTentCaseS10E50B40M070,0.6415980458259583,0.6415980458259583,0.8604653477668762,1,0.24336078166961672,0.5,0.25663921833038333,0.0,0.0,3,64,15,0.234375,49.0,0.765625,0.765625,2
S5,EmaTentCaseS10E50B40M070,0.9457437992095947,0.9457437992095947,0.6757618188858032,1,0.12170248031616211,0.5,0.3782975196838379,0.0,0.0,4,38,0,0.0,38.0,1.0,1.0,1
S5,EmaTentCaseS10E50B40M075,0.0025176643393933773,0.0025176643393933773,0.9998185038566589,0,0.4989929342642426,0.5,0.001007065735757351,0.0,0.0,0,64,16,0.25,48.0,0.75,0.75,2
S5,EmaTentCaseS10E50B40M075,0.03723697364330292,0.03723697364330292,0.9960483312606812,0,0.48510521054267886,0.5,0.014894789457321167,0.0,0.0,1,64,40,0.625,24.0,0.375,0.625,2
S5,EmaTentCaseS10E50B40M075,0.4125778079032898,0.4125778079032898,0.9205265045166016,1,0.3349688768386841,0.5,0.16503112316131593,0.0,0.0,2,64,51,0.796875,13.0,0.203125,0.796875,2
S5,EmaTentCaseS10E50B40M075,0.5414920449256897,0.5414920449256897,0.8868306875228882,1,0.28340318202972414,0.5,0.21659681797027588,0.0,0.0,3,64,15,0.234375,49.0,0.765625,0.765625,2
S5,EmaTentCaseS10E50B40M075,0.9536460041999817,0.9536460041999817,0.6784523725509644,1,0.11854159832000732,0.5,0.3814584016799927,0.0,0.0,4,38,0,0.0,38.0,1.0,1.0,1
S5,EmaTentCaseS10E50B40M080,0.0025176643393933773,0.0025176643393933773,0.9998185038566589,0,0.4989929342642426,0.5,0.001007065735757351,0.0,0.0,0,64,16,0.25,48.0,0.75,0.75,2
S5,EmaTentCaseS10E50B40M080,0.015609679743647575,0.015609679743647575,0.9985662698745728,0,0.493756128102541,0.5,0.0062438718974590305,0.0,0.0,1,64,40,0.625,24.0,0.375,0.625,2
S5,EmaTentCaseS10E50B40M080,0.201811745762825,0.201811745762825,0.9685096144676208,1,0.41927530169487004,0.5,0.08072469830513002,0.0,0.0,2,64,51,0.796875,13.0,0.203125,0.796875,2
S5,EmaTentCaseS10E50B40M080,0.36493927240371704,0.36493927240371704,0.9302635788917542,1,0.3540242910385132,0.5,0.14597570896148682,0.0,0.0,3,64,15,0.234375,49.0,0.765625,0.765625,2
S5,EmaTentCaseS10E50B40M080,0.9401324987411499,0.9401324987411499,0.6955123543739319,1,0.12394700050354004,0.5,0.37605299949646,0.0,0.0,4,38,0,0.0,38.0,1.0,1.0,1
S5,EmaTentCaseS00E50B50M070,0.0025176643393933773,0.0025176643393933773,0.9998185038566589,0,0.4987411678303033,0.5,0.0012588321696966887,0.0,0.0,0,64,16,0.25,48.0,0.75,0.75,2
S5,EmaTentCaseS00E50B50M070,0.08001955598592758,0.08001955598592758,0.990116536617279,0,0.4599902220070362,0.5,0.04000977799296379,0.0,0.0,1,64,40,0.625,24.0,0.375,0.625,2
S5,EmaTentCaseS00E50B50M070,0.5940207839012146,0.5940207839012146,0.8749415874481201,1,0.2029896080493927,0.5,0.2970103919506073,0.0,0.0,2,64,51,0.796875,13.0,0.203125,0.796875,2
S5,EmaTentCaseS00E50B50M070,0.5849482417106628,0.5849482417106628,0.8764795064926147,1,0.20752587914466858,0.5,0.2924741208553314,0.0,0.0,3,64,15,0.234375,49.0,0.765625,0.765625,2
S5,EmaTentCaseS00E50B50M070,0.9222297072410583,0.9222297072410583,0.6931732892990112,1,0.038885146379470825,0.5,0.4611148536205292,0.0,0.0,4,38,0,0.0,38.0,1.0,1.0,1
S5,EmaTentCaseS00E50B50M075,0.0025176643393933773,0.0025176643393933773,0.9998185038566589,0,0.4987411678303033,0.5,0.0012588321696966887,0.0,0.0,0,64,16,0.25,48.0,0.75,0.75,2
S5,EmaTentCaseS00E50B50M075,0.03718073293566704,0.03718073293566704,0.9960553646087646,0,0.4814096335321665,0.5,0.01859036646783352,0.0,0.0,1,64,40,0.625,24.0,0.375,0.625,2
S5,EmaTentCaseS00E50B50M075,0.4062426686286926,0.4062426686286926,0.9220104813575745,1,0.2968786656856537,0.5,0.2031213343143463,0.0,0.0,2,64,51,0.796875,13.0,0.203125,0.796875,2
S5,EmaTentCaseS00E50B50M075,0.501788854598999,0.501788854598999,0.8959214687347412,1,0.2491055727005005,0.5,0.2508944272994995,0.0,0.0,3,64,15,0.234375,49.0,0.765625,0.765625,2
S5,EmaTentCaseS00E50B50M075,0.9349572062492371,0.9349572062492371,0.6895808577537537,1,0.03252139687538147,0.5,0.46747860312461853,0.0,0.0,4,38,0,0.0,38.0,1.0,1.0,1
S5,EmaTentCaseS00E50B50M080,0.0025176643393933773,0.0025176643393933773,0.9998185038566589,0,0.4987411678303033,0.5,0.0012588321696966887,0.0,0.0,0,64,16,0.25,48.0,0.75,0.75,2
S5,EmaTentCaseS00E50B50M080,0.015588128939270973,0.015588128939270973,0.998568594455719,0,0.4922059355303645,0.5,0.007794064469635487,0.0,0.0,1,64,40,0.625,24.0,0.375,0.625,2
S5,EmaTentCaseS00E50B50M080,0.1999998241662979,0.1999998241662979,0.9688755869865417,0,0.40000008791685104,0.5,0.09999991208314896,0.0,0.0,2,64,51,0.796875,13.0,0.203125,0.796875,2
S5,EmaTentCaseS00E50B50M080,0.34886348247528076,0.34886348247528076,0.9345099925994873,1,0.3255682587623596,0.5,0.17443174123764038,0.0,0.0,3,64,15,0.234375,49.0,0.765625,0.765625,2
S5,EmaTentCaseS00E50B50M080,0.925887942314148,0.925887942314148,0.7049054503440857,1,0.037056028842926025,0.5,0.462943971157074,0.0,0.0,4,38,0,0.0,38.0,1.0,1.0,1
S5,EmaTentCaseS10E40B50M075,0.0025176366325467825,0.0025176366325467825,0.9998185038566589,0,0.5987411816837266,0.4,0.0012588183162733912,0.0,0.0,0,64,16,0.25,48.0,0.75,0.75,2
S5,EmaTentCaseS10E40B50M075,0.01558807771652937,0.01558807771652937,0.998568594455719,0,0.5922059611417353,0.4,0.007794038858264685,0.0,0.0,1,64,40,0.625,24.0,0.375,0.625,2
S5,EmaTentCaseS10E40B50M075,0.17823860049247742,0.17823860049247742,0.9731696248054504,0,0.5108806997537613,0.4,0.08911930024623871,0.0,0.0,2,64,51,0.796875,13.0,0.203125,0.796875,2
S5,EmaTentCaseS10E40B50M075,0.2777475416660309,0.2777475416660309,0.9520213603973389,1,0.46112622916698454,0.4,0.13887377083301544,0.0,0.0,3,64,15,0.234375,49.0,0.765625,0.765625,2
S5,EmaTentCaseS10E40B50M075,0.8622655272483826,0.8622655272483826,0.7423925399780273,1,0.16886723637580872,0.4,0.4311327636241913,0.0,0.0,4,38,0,0.0,38.0,1.0,1.0,1
S6,EmaTentGridS20E50B30M075,0.999623715877533,0.999623715877533,0.718942403793335,1,0.20011288523674012,0.5,0.29988711476325985,0.0,0.0,0,64,39,0.609375,25.0,0.390625,0.609375,2
S6,EmaTentGridS20E50B30M075,0.9848378300666809,0.9848378300666809,0.7120913863182068,1,0.20454865097999575,0.5,0.29545134902000425,0.0,0.0,1,64,41,0.640625,23.0,0.359375,0.640625,2
S6,EmaTentGridS20E50B30M075,0.9786965250968933,0.9786965250968933,0.7358429431915283,1,0.206391042470932,0.5,0.29360895752906796,0.0,0.0,2,64,55,0.859375,9.0,0.140625,0.859375,2
S6,EmaTentGridS20E50B30M075,0.8773154616355896,0.8773154616355896,0.7478609085083008,1,0.23680536150932313,0.5,0.26319463849067687,0.0,0.0,3,62,0,0.0,62.0,1.0,1.0,1
S6,EmaTentCaseS20E50B30M060,0.999623715877533,0.999623715877533,0.718942403793335,1,0.20011288523674012,0.5,0.29988711476325985,0.0,0.0,0,64,39,0.609375,25.0,0.390625,0.609375,2
S6,EmaTentCaseS20E50B30M060,0.9658569693565369,0.9658569693565369,0.7022586464881897,1,0.21024290919303895,0.5,0.28975709080696105,0.0,0.0,1,64,41,0.640625,23.0,0.359375,0.640625,2
S6,EmaTentCaseS20E50B30M060,0.9597927927970886,0.9597927927970886,0.7179161310195923,1,0.21206216216087342,0.5,0.2879378378391266,0.0,0.0,2,64,55,0.859375,9.0,0.140625,0.859375,2
S6,EmaTentCaseS20E50B30M060,0.8495904803276062,0.8495904803276062,0.745686411857605,1,0.24512285590171815,0.5,0.2548771440982818,0.0,0.0,3,62,0,0.0,62.0,1.0,1.0,1
S6,EmaTentCaseS20E50B30M065,0.999623715877533,0.999623715877533,0.718942403793335,1,0.20011288523674012,0.5,0.29988711476325985,0.0,0.0,0,64,39,0.609375,25.0,0.390625,0.609375,2
S6,EmaTentCaseS20E50B30M065,0.973642110824585,0.973642110824585,0.7048184275627136,1,0.20790736675262453,0.5,0.2920926332473755,0.0,0.0,1,64,41,0.640625,23.0,0.359375,0.640625,2
S6,EmaTentCaseS20E50B30M065,0.964885950088501,0.964885950088501,0.7237944602966309,1,0.2105342149734497,0.5,0.2894657850265503,0.0,0.0,2,64,55,0.859375,9.0,0.140625,0.859375,2
S6,EmaTentCaseS20E50B30M065,0.8566529750823975,0.8566529750823975,0.7471930980682373,1,0.24300410747528078,0.5,0.2569958925247192,0.0,0.0,3,62,0,0.0,62.0,1.0,1.0,1
S6,EmaTentCaseS20E50B30M070,0.999623715877533,0.999623715877533,0.718942403793335,1,0.20011288523674012,0.5,0.29988711476325985,0.0,0.0,0,64,39,0.609375,25.0,0.390625,0.609375,2
S6,EmaTentCaseS20E50B30M070,0.979891300201416,0.979891300201416,0.7080528736114502,1,0.2060326099395752,0.5,0.29396739006042477,0.0,0.0,1,64,41,0.640625,23.0,0.359375,0.640625,2
S6,EmaTentCaseS20E50B30M070,0.9715095162391663,0.9715095162391663,0.7290852069854736,1,0.20854714512825012,0.5,0.2914528548717499,0.0,0.0,2,64,55,0.859375,9.0,0.140625,0.859375,2
S6,EmaTentCaseS20E50B30M070,0.8660726547241211,0.8660726547241211,0.7480696439743042,1,0.24017820358276368,0.5,0.2598217964172363,0.0,0.0,3,62,0,0.0,62.0,1.0,1.0,1
S6,EmaTentCaseS10E50B40M070,0.999623715877533,0.999623715877533,0.718942403793335,1,0.10015051364898682,0.5,0.3998494863510132,0.0,0.0,0,64,39,0.609375,25.0,0.390625,0.609375,2
S6,EmaTentCaseS10E50B40M070,0.9812939763069153,0.9812939763069153,0.716386079788208,1,0.10748240947723389,0.5,0.39251759052276614,0.0,0.0,1,64,41,0.640625,23.0,0.359375,0.640625,2
S6,EmaTentCaseS10E50B40M070,0.9784901142120361,0.9784901142120361,0.74156653881073,1,0.10860395431518555,0.5,0.39139604568481445,0.0,0.0,2,64,55,0.859375,9.0,0.140625,0.859375,2
S6,EmaTentCaseS10E50B40M070,0.8682407140731812,0.8682407140731812,0.7590638995170593,1,0.15270371437072755,0.5,0.3472962856292725,0.0,0.0,3,62,0,0.0,62.0,1.0,1.0,1
S6,EmaTentCaseS10E50B40M075,0.999623715877533,0.999623715877533,0.718942403793335,1,0.10015051364898682,0.5,0.3998494863510132,0.0,0.0,0,64,39,0.609375,25.0,0.390625,0.609375,2
S6,EmaTentCaseS10E50B40M075,0.9855947494506836,0.9855947494506836,0.7203372120857239,1,0.10576210021972657,0.5,0.39423789978027346,0.0,0.0,1,64,41,0.640625,23.0,0.359375,0.640625,2
S6,EmaTentCaseS10E50B40M075,0.9835806488990784,0.9835806488990784,0.7463204860687256,1,0.10656774044036865,0.5,0.39343225955963135,0.0,0.0,2,64,55,0.859375,9.0,0.140625,0.859375,2
S6,EmaTentCaseS10E50B40M075,0.8813318610191345,0.8813318610191345,0.7560834884643555,1,0.1474672555923462,0.5,0.3525327444076538,0.0,0.0,3,62,0,0.0,62.0,1.0,1.0,1
S6,EmaTentCaseS10E50B40M080,0.999623715877533,0.999623715877533,0.718942403793335,1,0.10015051364898682,0.5,0.3998494863510132,0.0,0.0,0,64,39,0.609375,25.0,0.390625,0.609375,2
S6,EmaTentCaseS10E50B40M080,0.9889174103736877,0.9889174103736877,0.7259488105773926,1,0.10443303585052491,0.5,0.3955669641494751,0.0,0.0,1,64,41,0.640625,23.0,0.359375,0.640625,2
S6,EmaTentCaseS10E50B40M080,0.988701581954956,0.988701581954956,0.7540254592895508,1,0.10451936721801758,0.5,0.3954806327819824,0.0,0.0,2,64,55,0.859375,9.0,0.140625,0.859375,2
S6,EmaTentCaseS10E50B40M080,0.8956512212753296,0.8956512212753296,0.7541926503181458,1,0.1417395114898682,0.5,0.35826048851013187,0.0,0.0,3,62,0,0.0,62.0,1.0,1.0,1
S6,EmaTentCaseS00E50B50M070,0.999623715877533,0.999623715877533,0.718942403793335,1,0.0001881420612335205,0.5,0.4998118579387665,0.0,0.0,0,64,39,0.609375,25.0,0.390625,0.609375,2
S6,EmaTentCaseS00E50B50M070,0.9819537997245789,0.9819537997245789,0.725649893283844,1,0.009023100137710571,0.5,0.49097689986228943,0.0,0.0,1,64,41,0.640625,23.0,0.359375,0.640625,2
S6,EmaTentCaseS00E50B50M070,0.983575165271759,0.983575165271759,0.7542110681533813,1,0.008212417364120483,0.5,0.4917875826358795,0.0,0.0,2,64,55,0.859375,9.0,0.140625,0.859375,2
S6,EmaTentCaseS00E50B50M070,0.8721697926521301,0.8721697926521301,0.7706799507141113,1,0.06391510367393494,0.5,0.43608489632606506,0.0,0.0,3,62,0,0.0,62.0,1.0,1.0,1
S6,EmaTentCaseS00E50B50M075,0.999623715877533,0.999623715877533,0.718942403793335,1,0.0001881420612335205,0.5,0.4998118579387665,0.0,0.0,0,64,39,0.609375,25.0,0.390625,0.609375,2
S6,EmaTentCaseS00E50B50M075,0.9858391284942627,0.9858391284942627,0.7292054891586304,1,0.007080435752868652,0.5,0.49291956424713135,0.0,0.0,1,64,41,0.640625,23.0,0.359375,0.640625,2
S6,EmaTentCaseS00E50B50M075,0.9871602654457092,0.9871602654457092,0.7600302696228027,1,0.006419867277145386,0.5,0.4935801327228546,0.0,0.0,2,64,55,0.859375,9.0,0.140625,0.859375,2
S6,EmaTentCaseS00E50B50M075,0.8860620260238647,0.8860620260238647,0.7658205032348633,1,0.05696898698806763,0.5,0.4430310130119324,0.0,0.0,3,62,0,0.0,62.0,1.0,1.0,1
S6,EmaTentCaseS00E50B50M080,0.999623715877533,0.999623715877533,0.718942403793335,1,0.0001881420612335205,0.5,0.4998118579387665,0.0,0.0,0,64,39,0.609375,25.0,0.390625,0.609375,2
S6,EmaTentCaseS00E50B50M080,0.9888763427734375,0.9888763427734375,0.7338628768920898,1,0.00556182861328125,0.5,0.49443817138671875,0.0,0.0,1,64,41,0.640625,23.0,0.359375,0.640625,2
S6,EmaTentCaseS00E50B50M080,0.9908421039581299,0.9908421039581299,0.7669150233268738,1,0.004578948020935059,0.5,0.49542105197906494,0.0,0.0,2,64,55,0.859375,9.0,0.140625,0.859375,2
S6,EmaTentCaseS00E50B50M080,0.9000630974769592,0.9000630974769592,0.7659327387809753,1,0.049968451261520386,0.5,0.4500315487384796,0.0,0.0,3,62,0,0.0,62.0,1.0,1.0,1
S6,EmaTentCaseS10E40B50M075,0.9996237754821777,0.9996237754821777,0.7189420461654663,1,0.10018811225891114,0.4,0.49981188774108887,0.0,0.0,0,64,39,0.609375,25.0,0.390625,0.609375,2
S6,EmaTentCaseS10E40B50M075,0.9888767004013062,0.9888767004013062,0.7338629961013794,1,0.10556164979934693,0.4,0.4944383502006531,0.0,0.0,1,64,41,0.640625,23.0,0.359375,0.640625,2
S6,EmaTentCaseS10E40B50M075,0.9915763139724731,0.9915763139724731,0.7671255469322205,1,0.10421184301376343,0.4,0.4957881569862366,0.0,0.0,2,64,55,0.859375,9.0,0.140625,0.859375,2
S6,EmaTentCaseS10E40B50M075,0.9035959839820862,0.9035959839820862,0.7670426964759827,1,0.14820200800895691,0.4,0.4517979919910431,0.0,0.0,3,62,0,0.0,62.0,1.0,1.0,1
S7,EmaTentGridS20E50B30M075,2.9378385079326108e-05,2.9378385079326108e-05,0.9999985694885254,0,0.4999911864844762,0.5,8.813515523797831e-06,0.0,0.0,0,64,21,0.328125,43.0,0.671875,0.671875,2
S7,EmaTentGridS20E50B30M075,0.15295813977718353,0.15295813977718353,0.9779212474822998,0,0.4541125580668449,0.5,0.04588744193315506,0.0,0.0,1,64,35,0.546875,29.0,0.453125,0.546875,2
S7,EmaTentGridS20E50B30M075,0.8615862131118774,0.8615862131118774,0.8398642539978027,1,0.24152413606643677,0.5,0.2584758639335632,0.0,0.0,2,64,46,0.71875,18.0,0.28125,0.71875,2
S7,EmaTentGridS20E50B30M075,0.9925689697265625,0.9925689697265625,0.8172562122344971,1,0.20222930908203127,0.5,0.29777069091796876,0.0,0.0,3,38,25,0.6578947368421053,13.0,0.34210526315789475,0.6578947368421053,2
S7,EmaTentCaseS20E50B30M060,2.9378385079326108e-05,2.9378385079326108e-05,0.9999985694885254,0,0.4999911864844762,0.5,8.813515523797831e-06,0.0,0.0,0,64,21,0.328125,43.0,0.671875,0.671875,2
S7,EmaTentCaseS20E50B30M060,0.726007878780365,0.726007878780365,0.8854546546936035,1,0.2821976363658905,0.5,0.21780236363410949,0.0,0.0,1,64,35,0.546875,29.0,0.453125,0.546875,2
S7,EmaTentCaseS20E50B30M060,0.984581470489502,0.984581470489502,0.7194415330886841,1,0.20462555885314943,0.5,0.2953744411468506,0.0,0.0,2,64,46,0.71875,18.0,0.28125,0.71875,2
S7,EmaTentCaseS20E50B30M060,0.9460610747337341,0.9460610747337341,0.8196116089820862,1,0.21618167757987977,0.5,0.28381832242012023,0.0,0.0,3,38,25,0.6578947368421053,13.0,0.34210526315789475,0.6578947368421053,2
S7,EmaTentCaseS20E50B30M065,2.9378385079326108e-05,2.9378385079326108e-05,0.9999985694885254,0,0.4999911864844762,0.5,8.813515523797831e-06,0.0,0.0,0,64,21,0.328125,43.0,0.671875,0.671875,2
S7,EmaTentCaseS20E50B30M065,0.6020338535308838,0.6020338535308838,0.9313951134681702,1,0.3193898439407349,0.5,0.18061015605926514,0.0,0.0,1,64,35,0.546875,29.0,0.453125,0.546875,2
S7,EmaTentCaseS20E50B30M065,0.9643290042877197,0.9643290042877197,0.7525335550308228,1,0.2107012987136841,0.5,0.2892987012863159,0.0,0.0,2,64,46,0.71875,18.0,0.28125,0.71875,2
S7,EmaTentCaseS20E50B30M065,0.9605493545532227,0.9605493545532227,0.8122790455818176,1,0.21183519363403322,0.5,0.2881648063659668,0.0,0.0,3,38,25,0.6578947368421053,13.0,0.34210526315789475,0.6578947368421053,2
S7,EmaTentCaseS20E50B30M070,2.9378385079326108e-05,2.9378385079326108e-05,0.9999985694885254,0,0.4999911864844762,0.5,8.813515523797831e-06,0.0,0.0,0,64,21,0.328125,43.0,0.671875,0.671875,2
S7,EmaTentCaseS20E50B30M070,0.4258081912994385,0.4258081912994385,0.9394294023513794,1,0.37225754261016847,0.5,0.12774245738983153,0.0,0.0,1,64,35,0.546875,29.0,0.453125,0.546875,2
S7,EmaTentCaseS20E50B30M070,0.923815131187439,0.923815131187439,0.7965385913848877,1,0.22285546064376832,0.5,0.2771445393562317,0.0,0.0,2,64,46,0.71875,18.0,0.28125,0.71875,2
S7,EmaTentCaseS20E50B30M070,0.9816414713859558,0.9816414713859558,0.8000122308731079,1,0.20550755858421327,0.5,0.29449244141578673,0.0,0.0,3,38,25,0.6578947368421053,13.0,0.34210526315789475,0.6578947368421053,2
S7,EmaTentCaseS10E50B40M070,2.9378385079326108e-05,2.9378385079326108e-05,0.9999985694885254,0,0.49998824864596825,0.5,1.1751354031730444e-05,0.0,0.0,0,64,21,0.328125,43.0,0.671875,0.671875,2
S7,EmaTentCaseS10E50B40M070,0.42580220103263855,0.42580220103263855,0.9394299387931824,1,0.3296791195869446,0.5,0.17032088041305543,0.0,0.0,1,64,35,0.546875,29.0,0.453125,0.546875,2
S7,EmaTentCaseS10E50B40M070,0.903200089931488,0.903200089931488,0.8149751424789429,1,0.1387199640274048,0.5,0.3612800359725952,0.0,0.0,2,64,46,0.71875,18.0,0.28125,0.71875,2
S7,EmaTentCaseS10E50B40M070,0.9917011260986328,0.9917011260986328,0.8286869525909424,1,0.10331954956054688,0.5,0.39668045043945316,0.0,0.0,3,38,25,0.6578947368421053,13.0,0.34210526315789475,0.6578947368421053,2
S7,EmaTentCaseS10E50B40M075,2.9378385079326108e-05,2.9378385079326108e-05,0.9999985694885254,0,0.49998824864596825,0.5,1.1751354031730444e-05,0.0,0.0,0,64,21,0.328125,43.0,0.671875,0.671875,2
S7,EmaTentCaseS10E50B40M075,0.15295401215553284,0.15295401215553284,0.9779220223426819,0,0.43881839513778687,0.5,0.061181604862213135,0.0,0.0,1,64,35,0.546875,29.0,0.453125,0.546875,2
S7,EmaTentCaseS10E50B40M075,0.8479312062263489,0.8479312062263489,0.8471901416778564,1,0.16082751750946045,0.5,0.33917248249053955,0.0,0.0,2,64,46,0.71875,18.0,0.28125,0.71875,2
S7,EmaTentCaseS10E50B40M075,0.9965051412582397,0.9965051412582397,0.8357386589050293,1,0.10139794349670411,0.5,0.39860205650329594,0.0,0.0,3,38,25,0.6578947368421053,13.0,0.34210526315789475,0.6578947368421053,2
S7,EmaTentCaseS10E50B40M080,2.9378385079326108e-05,2.9378385079326108e-05,0.9999985694885254,0,0.49998824864596825,0.5,1.1751354031730444e-05,0.0,0.0,0,64,21,0.328125,43.0,0.671875,0.671875,2
S7,EmaTentCaseS10E50B40M080,0.020490862429142,0.020490862429142,0.9980360269546509,0,0.4918036550283432,0.5,0.0081963449716568,0.0,0.0,1,64,35,0.546875,29.0,0.453125,0.546875,2
S7,EmaTentCaseS10E50B40M080,0.7022635340690613,0.7022635340690613,0.9039941430091858,1,0.2190945863723755,0.5,0.2809054136276245,0.0,0.0,2,64,46,0.71875,18.0,0.28125,0.71875,2
S7,EmaTentCaseS10E50B40M080,0.9985857605934143,0.9985857605934143,0.8777452111244202,1,0.10056569576263429,0.5,0.39943430423736576,0.0,0.0,3,38,25,0.6578947368421053,13.0,0.34210526315789475,0.6578947368421053,2
S7,EmaTentCaseS00E50B50M070,2.9378385079326108e-05,2.9378385079326108e-05,0.9999985694885254,0,0.49998531080746034,0.5,1.4689192539663054e-05,0.0,0.0,0,64,21,0.328125,43.0,0.671875,0.671875,2
S7,EmaTentCaseS00E50B50M070,0.4257943034172058,0.4257943034172058,0.9394304752349854,1,0.2871028482913971,0.5,0.2128971517086029,0.0,0.0,1,64,35,0.546875,29.0,0.453125,0.546875,2
S7,EmaTentCaseS00E50B50M070,0.8834955096244812,0.8834955096244812,0.830399751663208,1,0.0582522451877594,0.5,0.4417477548122406,0.0,0.0,2,64,46,0.71875,18.0,0.28125,0.71875,2
S7,EmaTentCaseS00E50B50M070,0.999586284160614,0.999586284160614,0.8713873028755188,1,0.00020685791969299316,0.5,0.499793142080307,0.0,0.0,3,38,25,0.6578947368421053,13.0,0.34210526315789475,0.6578947368421053,2
S7,EmaTentCaseS00E50B50M075,2.9378385079326108e-05,2.9378385079326108e-05,0.9999985694885254,0,0.49998531080746034,0.5,1.4689192539663054e-05,0.0,0.0,0,64,21,0.328125,43.0,0.671875,0.671875,2
S7,EmaTentCaseS00E50B50M075,0.1529485285282135,0.1529485285282135,0.9779230356216431,0,0.42352573573589325,0.5,0.07647426426410675,0.0,0.0,1,64,35,0.546875,29.0,0.453125,0.546875,2
S7,EmaTentCaseS00E50B50M075,0.8348691463470459,0.8348691463470459,0.8536727428436279,1,0.08256542682647705,0.5,0.41743457317352295,0.0,0.0,2,64,46,0.71875,18.0,0.28125,0.71875,2
S7,EmaTentCaseS00E50B50M075,0.9993430376052856,0.9993430376052856,0.8608462810516357,1,0.00032848119735717773,0.5,0.4996715188026428,0.0,0.0,3,38,25,0.6578947368421053,13.0,0.34210526315789475,0.6578947368421053,2
S7,EmaTentCaseS00E50B50M080,2.9378385079326108e-05,2.9378385079326108e-05,0.9999985694885254,0,0.49998531080746034,0.5,1.4689192539663054e-05,0.0,0.0,0,64,21,0.328125,43.0,0.671875,0.671875,2
S7,EmaTentCaseS00E50B50M080,0.020489992573857307,0.020489992573857307,0.9980360865592957,0,0.48975500371307135,0.5,0.010244996286928654,0.0,0.0,1,64,35,0.546875,29.0,0.453125,0.546875,2
S7,EmaTentCaseS00E50B50M080,0.6999533772468567,0.6999533772468567,0.9047145247459412,1,0.15002331137657166,0.5,0.34997668862342834,0.0,0.0,2,64,46,0.71875,18.0,0.28125,0.71875,2
S7,EmaTentCaseS00E50B50M080,0.997343897819519,0.997343897819519,0.8890752196311951,1,0.0013280510902404785,0.5,0.4986719489097595,0.0,0.0,3,38,25,0.6578947368421053,13.0,0.34210526315789475,0.6578947368421053,2
S7,EmaTentCaseS10E40B50M075,2.9379696570686065e-05,2.9379696570686065e-05,0.9999985694885254,0,0.5999853101517146,0.4,1.4689848285343032e-05,0.0,0.0,0,64,21,0.328125,43.0,0.671875,0.671875,2
S7,EmaTentCaseS10E40B50M075,0.020489796996116638,0.020489796996116638,0.9980361461639404,0,0.5897551015019417,0.4,0.010244898498058319,0.0,0.0,1,64,35,0.546875,29.0,0.453125,0.546875,2
S7,EmaTentCaseS10E40B50M075,0.6669052839279175,0.6669052839279175,0.9149812459945679,1,0.26654735803604124,0.4,0.33345264196395874,0.0,0.0,2,64,46,0.71875,18.0,0.28125,0.71875,2
S7,EmaTentCaseS10E40B50M075,0.988985538482666,0.988985538482666,0.912983238697052,1,0.105507230758667,0.4,0.494492769241333,0.0,0.0,3,38,25,0.6578947368421053,13.0,0.34210526315789475,0.6578947368421053,2
S8,EmaTentGridS20E50B30M075,0.9712284803390503,0.9712284803390503,0.7283135652542114,1,0.2086314558982849,0.5,0.2913685441017151,0.0,0.0,0,64,16,0.25,48.0,0.75,0.75,2
S8,EmaTentGridS20E50B30M075,0.9631272554397583,0.9631272554397583,0.7459651827812195,1,0.21106182336807253,0.5,0.2889381766319275,0.0,0.0,1,64,21,0.328125,43.0,0.671875,0.671875,2
S8,EmaTentGridS20E50B30M075,0.43992361426353455,0.43992361426353455,0.9133514165878296,1,0.36802291572093965,0.5,0.13197708427906035,0.0,0.0,2,64,25,0.390625,39.0,0.609375,0.609375,2
S8,EmaTentGridS20E50B30M075,0.9851208329200745,0.9851208329200745,0.7564126253128052,1,0.20446375012397766,0.5,0.29553624987602234,0.0,0.0,3,64,20,0.3125,44.0,0.6875,0.6875,2
S8,EmaTentGridS20E50B30M075,0.2851247787475586,0.2851247787475586,0.9502991437911987,1,0.4144625663757324,0.5,0.08553743362426758,0.0,0.0,4,16,16,1.0,,,1.0,1
S8,EmaTentCaseS20E50B30M060,0.9712284803390503,0.9712284803390503,0.7283135652542114,1,0.2086314558982849,0.5,0.2913685441017151,0.0,0.0,0,64,16,0.25,48.0,0.75,0.75,2
S8,EmaTentCaseS20E50B30M060,0.9598957896232605,0.9598957896232605,0.7461869716644287,1,0.21203126311302187,0.5,0.28796873688697816,0.0,0.0,1,64,21,0.328125,43.0,0.671875,0.671875,2
S8,EmaTentCaseS20E50B30M060,0.4465429484844208,0.4465429484844208,0.9077344536781311,1,0.36603711545467377,0.5,0.13396288454532623,0.0,0.0,2,64,25,0.390625,39.0,0.609375,0.609375,2
S8,EmaTentCaseS20E50B30M060,0.9943711161613464,0.9943711161613464,0.733116865158081,1,0.20168866515159609,0.5,0.29831133484840394,0.0,0.0,3,64,20,0.3125,44.0,0.6875,0.6875,2
S8,EmaTentCaseS20E50B30M060,0.33275288343429565,0.33275288343429565,0.9386571049690247,1,0.4001741349697113,0.5,0.09982586503028869,0.0,0.0,4,16,16,1.0,,,1.0,1
S8,EmaTentCaseS20E50B30M065,0.9712284803390503,0.9712284803390503,0.7283135652542114,1,0.2086314558982849,0.5,0.2913685441017151,0.0,0.0,0,64,16,0.25,48.0,0.75,0.75,2
S8,EmaTentCaseS20E50B30M065,0.9598256945610046,0.9598256945610046,0.7468018531799316,1,0.21205229163169861,0.5,0.28794770836830136,0.0,0.0,1,64,21,0.328125,43.0,0.671875,0.671875,2
S8,EmaTentCaseS20E50B30M065,0.4382198452949524,0.4382198452949524,0.9115490913391113,1,0.3685340464115143,0.5,0.1314659535884857,0.0,0.0,2,64,25,0.390625,39.0,0.609375,0.609375,2
S8,EmaTentCaseS20E50B30M065,0.9996503591537476,0.9996503591537476,0.7432769536972046,1,0.20010489225387573,0.5,0.29989510774612427,0.0,0.0,3,64,20,0.3125,44.0,0.6875,0.6875,2
S8,EmaTentCaseS20E50B30M065,0.32338395714759827,0.32338395714759827,0.9410196542739868,1,0.4029848128557205,0.5,0.09701518714427948,0.0,0.0,4,16,16,1.0,,,1.0,1
S8,EmaTentCaseS20E50B30M070,0.9712284803390503,0.9712284803390503,0.7283135652542114,1,0.2086314558982849,0.5,0.2913685441017151,0.0,0.0,0,64,16,0.25,48.0,0.75,0.75,2
S8,EmaTentCaseS20E50B30M070,0.9609768986701965,0.9609768986701965,0.7464231848716736,1,0.21170693039894106,0.5,0.28829306960105894,0.0,0.0,1,64,21,0.328125,43.0,0.671875,0.671875,2
S8,EmaTentCaseS20E50B30M070,0.4356773793697357,0.4356773793697357,0.913553774356842,1,0.3692967861890793,0.5,0.1307032138109207,0.0,0.0,2,64,25,0.390625,39.0,0.609375,0.609375,2
S8,EmaTentCaseS20E50B30M070,0.9978083968162537,0.9978083968162537,0.7536988258361816,1,0.20065748095512392,0.5,0.2993425190448761,0.0,0.0,3,64,20,0.3125,44.0,0.6875,0.6875,2
S8,EmaTentCaseS20E50B30M070,0.30704009532928467,0.30704009532928467,0.9450556039810181,1,0.4078879714012146,0.5,0.0921120285987854,0.0,0.0,4,16,16,1.0,,,1.0,1
S8,EmaTentCaseS10E50B40M070,0.9712284803390503,0.9712284803390503,0.7283135652542114,1,0.11150860786437988,0.5,0.3884913921356201,0.0,0.0,0,64,16,0.25,48.0,0.75,0.75,2
S8,EmaTentCaseS10E50B40M070,0.9648720026016235,0.9648720026016235,0.7448970079421997,1,0.11405119895935059,0.5,0.38594880104064944,0.0,0.0,1,64,21,0.328125,43.0,0.671875,0.671875,2
S8,EmaTentCaseS10E50B40M070,0.4493233859539032,0.4493233859539032,0.9102962017059326,1,0.32027064561843877,0.5,0.1797293543815613,0.0,0.0,2,64,25,0.390625,39.0,0.609375,0.609375,2
S8,EmaTentCaseS10E50B40M070,0.9952213764190674,0.9952213764190674,0.7482332587242126,1,0.10191144943237306,0.5,0.398088550567627,0.0,0.0,3,64,20,0.3125,44.0,0.6875,0.6875,2
S8,EmaTentCaseS10E50B40M070,0.28229692578315735,0.28229692578315735,0.9509618282318115,1,0.3870812296867371,0.5,0.11291877031326295,0.0,0.0,4,16,16,1.0,,,1.0,1
S8,EmaTentCaseS10E50B40M075,0.9712284803390503,0.9712284803390503,0.7283135652542114,1,0.11150860786437988,0.5,0.3884913921356201,0.0,0.0,0,64,16,0.25,48.0,0.75,0.75,2
S8,EmaTentCaseS10E50B40M075,0.9664602875709534,0.9664602875709534,0.7448297739028931,1,0.11341588497161866,0.5,0.38658411502838136,0.0,0.0,1,64,21,0.328125,43.0,0.671875,0.671875,2
S8,EmaTentCaseS10E50B40M075,0.4520686864852905,0.4520686864852905,0.910126805305481,1,0.3191725254058838,0.5,0.18082747459411622,0.0,0.0,2,64,25,0.390625,39.0,0.609375,0.609375,2
S8,EmaTentCaseS10E50B40M075,0.9798582792282104,0.9798582792282104,0.7498874068260193,1,0.10805668830871583,0.5,0.3919433116912842,0.0,0.0,3,64,20,0.3125,44.0,0.6875,0.6875,2
S8,EmaTentCaseS10E50B40M075,0.2656327188014984,0.2656327188014984,0.9548029899597168,1,0.39374691247940063,0.5,0.10625308752059937,0.0,0.0,4,16,16,1.0,,,1.0,1
S8,EmaTentCaseS10E50B40M080,0.9712284803390503,0.9712284803390503,0.7283135652542114,1,0.11150860786437988,0.5,0.3884913921356201,0.0,0.0,0,64,16,0.25,48.0,0.75,0.75,2
S8,EmaTentCaseS10E50B40M080,0.9687003493309021,0.9687003493309021,0.7437658905982971,1,0.11251986026763916,0.5,0.38748013973236084,0.0,0.0,1,64,21,0.328125,43.0,0.671875,0.671875,2
S8,EmaTentCaseS10E50B40M080,0.45948436856269836,0.45948436856269836,0.9087806940078735,1,0.31620625257492063,0.5,0.18379374742507937,0.0,0.0,2,64,25,0.390625,39.0,0.609375,0.609375,2
S8,EmaTentCaseS10E50B40M080,0.9519444108009338,0.9519444108009338,0.7495155930519104,1,0.11922223567962648,0.5,0.3807777643203736,0.0,0.0,3,64,20,0.3125,44.0,0.6875,0.6875,2
S8,EmaTentCaseS10E50B40M080,0.2446635663509369,0.2446635663509369,0.9594817161560059,1,0.4021345734596252,0.5,0.09786542654037476,0.0,0.0,4,16,16,1.0,,,1.0,1
S8,EmaTentCaseS00E50B50M070,0.9712284803390503,0.9712284803390503,0.7283135652542114,1,0.014385759830474854,0.5,0.48561424016952515,0.0,0.0,0,64,16,0.25,48.0,0.75,0.75,2
S8,EmaTentCaseS00E50B50M070,0.9683075547218323,0.9683075547218323,0.7438268661499023,1,0.015846222639083862,0.5,0.48415377736091614,0.0,0.0,1,64,21,0.328125,43.0,0.671875,0.671875,2
S8,EmaTentCaseS00E50B50M070,0.46034741401672363,0.46034741401672363,0.9075180292129517,1,0.2698262929916382,0.5,0.23017370700836182,0.0,0.0,2,64,25,0.390625,39.0,0.609375,0.609375,2
S8,EmaTentCaseS00E50B50M070,0.9909082055091858,0.9909082055091858,0.7427433729171753,1,0.0045458972454071045,0.5,0.4954541027545929,0.0,0.0,3,64,20,0.3125,44.0,0.6875,0.6875,2
S8,EmaTentCaseS00E50B50M070,0.25826603174209595,0.25826603174209595,0.9564662575721741,1,0.370866984128952,0.5,0.12913301587104797,0.0,0.0,4,16,16,1.0,,,1.0,1
S8,EmaTentCaseS00E50B50M075,0.9712284803390503,0.9712284803390503,0.7283135652542114,1,0.014385759830474854,0.5,0.48561424016952515,0.0,0.0,0,64,16,0.25,48.0,0.75,0.75,2
S8,EmaTentCaseS00E50B50M075,0.9694647192955017,0.9694647192955017,0.7436890602111816,1,0.015267640352249146,0.5,0.48473235964775085,0.0,0.0,1,64,21,0.328125,43.0,0.671875,0.671875,2
S8,EmaTentCaseS00E50B50M075,0.4620864689350128,0.4620864689350128,0.9075162410736084,1,0.2689567655324936,0.5,0.2310432344675064,0.0,0.0,2,64,25,0.390625,39.0,0.609375,0.609375,2
S8,EmaTentCaseS00E50B50M075,0.9731284976005554,0.9731284976005554,0.7437835335731506,1,0.01343575119972229,0.5,0.4865642488002777,0.0,0.0,3,64,20,0.3125,44.0,0.6875,0.6875,2
S8,EmaTentCaseS00E50B50M075,0.24633081257343292,0.24633081257343292,0.9591159820556641,1,0.37683459371328354,0.5,0.12316540628671646,0.0,0.0,4,16,16,1.0,,,1.0,1
S8,EmaTentCaseS00E50B50M080,0.9712284803390503,0.9712284803390503,0.7283135652542114,1,0.014385759830474854,0.5,0.48561424016952515,0.0,0.0,0,64,16,0.25,48.0,0.75,0.75,2
S8,EmaTentCaseS00E50B50M080,0.9712099432945251,0.9712099432945251,0.7427350282669067,1,0.014395028352737427,0.5,0.4856049716472626,0.0,0.0,1,64,21,0.328125,43.0,0.671875,0.671875,2
S8,EmaTentCaseS00E50B50M080,0.46856969594955444,0.46856969594955444,0.9067301750183105,1,0.2657151520252228,0.5,0.23428484797477722,0.0,0.0,2,64,25,0.390625,39.0,0.609375,0.609375,2
S8,EmaTentCaseS00E50B50M080,0.9447590112686157,0.9447590112686157,0.7454057931900024,1,0.02762049436569214,0.5,0.47237950563430786,0.0,0.0,3,64,20,0.3125,44.0,0.6875,0.6875,2
S8,EmaTentCaseS00E50B50M080,0.23038877546787262,0.23038877546787262,0.9625686407089233,1,0.3848056122660637,0.5,0.11519438773393631,0.0,0.0,4,16,16,1.0,,,1.0,1
S8,EmaTentCaseS10E40B50M075,0.9712284207344055,0.9712284207344055,0.7283139228820801,1,0.11438578963279725,0.4,0.48561421036720276,0.0,0.0,0,64,16,0.25,48.0,0.75,0.75,2
S8,EmaTentCaseS10E40B50M075,0.9712097644805908,0.9712097644805908,0.7427349090576172,1,0.1143951177597046,0.4,0.4856048822402954,0.0,0.0,1,64,21,0.328125,43.0,0.671875,0.671875,2
S8,EmaTentCaseS10E40B50M075,0.47275596857070923,0.47275596857070923,0.9056830406188965,1,0.36362201571464536,0.4,0.23637798428535461,0.0,0.0,2,64,25,0.390625,39.0,0.609375,0.609375,2
S8,EmaTentCaseS10E40B50M075,0.9406235814094543,0.9406235814094543,0.7415784597396851,1,0.12968820929527283,0.4,0.4703117907047272,0.0,0.0,3,64,20,0.3125,44.0,0.6875,0.6875,2
S8,EmaTentCaseS10E40B50M075,0.2270044982433319,0.2270044982433319,0.9632887840270996,1,0.486497750878334,0.4,0.11350224912166595,0.0,0.0,4,16,16,1.0,,,1.0,1
S9,EmaTentGridS20E50B30M075,0.8293210864067078,0.8293210864067078,0.8046149015426636,1,0.25120367407798766,0.5,0.2487963259220123,0.0,0.0,0,64,10,0.15625,54.0,0.84375,0.84375,2
S9,EmaTentGridS20E50B30M075,0.7868847846984863,0.7868847846984863,0.7695165276527405,1,0.2639345645904541,0.5,0.2360654354095459,0.0,0.0,1,64,33,0.515625,31.0,0.484375,0.515625,2
S9,EmaTentGridS20E50B30M075,0.9895862936973572,0.9895862936973572,0.7346100807189941,1,0.20312411189079285,0.5,0.2968758881092071,0.0,0.0,2,64,24,0.375,40.0,0.625,0.625,2
S9,EmaTentGridS20E50B30M075,0.9223154187202454,0.9223154187202454,0.8085157871246338,1,0.2233053743839264,0.5,0.2766946256160736,0.0,0.0,3,64,36,0.5625,28.0,0.4375,0.5625,2
S9,EmaTentGridS20E50B30M075,0.39210355281829834,0.39210355281829834,0.9228368401527405,1,0.3823689341545105,0.5,0.11763106584548949,0.0,0.0,4,2,2,1.0,,,1.0,1
S9,EmaTentCaseS20E50B30M060,0.8293210864067078,0.8293210864067078,0.8046149015426636,1,0.25120367407798766,0.5,0.2487963259220123,0.0,0.0,0,64,10,0.15625,54.0,0.84375,0.84375,2
S9,EmaTentCaseS20E50B30M060,0.7409223914146423,0.7409223914146423,0.7902929782867432,1,0.2777232825756073,0.5,0.2222767174243927,0.0,0.0,1,64,33,0.515625,31.0,0.484375,0.515625,2
S9,EmaTentCaseS20E50B30M060,0.9506561160087585,0.9506561160087585,0.7033706903457642,1,0.21480316519737244,0.5,0.28519683480262753,0.0,0.0,2,64,24,0.375,40.0,0.625,0.625,2
S9,EmaTentCaseS20E50B30M060,0.8468902111053467,0.8468902111053467,0.8280712366104126,1,0.245932936668396,0.5,0.254067063331604,0.0,0.0,3,64,36,0.5625,28.0,0.4375,0.5625,2
S9,EmaTentCaseS20E50B30M060,0.4481739401817322,0.4481739401817322,0.9064608812332153,1,0.36554781794548036,0.5,0.13445218205451964,0.0,0.0,4,2,2,1.0,,,1.0,1
S9,EmaTentCaseS20E50B30M065,0.8293210864067078,0.8293210864067078,0.8046149015426636,1,0.25120367407798766,0.5,0.2487963259220123,0.0,0.0,0,64,10,0.15625,54.0,0.84375,0.84375,2
S9,EmaTentCaseS20E50B30M065,0.7533693313598633,0.7533693313598633,0.7846283912658691,1,0.273989200592041,0.5,0.22601079940795898,0.0,0.0,1,64,33,0.515625,31.0,0.484375,0.515625,2
S9,EmaTentCaseS20E50B30M065,0.9644200801849365,0.9644200801849365,0.709954559803009,1,0.21067397594451906,0.5,0.28932602405548097,0.0,0.0,2,64,24,0.375,40.0,0.625,0.625,2
S9,EmaTentCaseS20E50B30M065,0.8646926283836365,0.8646926283836365,0.822742223739624,1,0.24059221148490906,0.5,0.25940778851509094,0.0,0.0,3,64,36,0.5625,28.0,0.4375,0.5625,2
S9,EmaTentCaseS20E50B30M065,0.4022524058818817,0.4022524058818817,0.9199792146682739,1,0.37932427823543546,0.5,0.12067572176456451,0.0,0.0,4,2,2,1.0,,,1.0,1
S9,EmaTentCaseS20E50B30M070,0.8293210864067078,0.8293210864067078,0.8046149015426636,1,0.25120367407798766,0.5,0.2487963259220123,0.0,0.0,0,64,10,0.15625,54.0,0.84375,0.84375,2
S9,EmaTentCaseS20E50B30M070,0.7685420513153076,0.7685420513153076,0.7774264812469482,1,0.2694373846054077,0.5,0.23056261539459227,0.0,0.0,1,64,33,0.515625,31.0,0.484375,0.515625,2
S9,EmaTentCaseS20E50B30M070,0.9782525300979614,0.9782525300979614,0.7216281890869141,1,0.2065242409706116,0.5,0.29347575902938844,0.0,0.0,2,64,24,0.375,40.0,0.625,0.625,2
S9,EmaTentCaseS20E50B30M070,0.8900573253631592,0.8900573253631592,0.8159837126731873,1,0.23298280239105226,0.5,0.26701719760894777,0.0,0.0,3,64,36,0.5625,28.0,0.4375,0.5625,2
S9,EmaTentCaseS20E50B30M070,0.3831843435764313,0.3831843435764313,0.9253107309341431,1,0.38504469692707066,0.5,0.11495530307292938,0.0,0.0,4,2,2,1.0,,,1.0,1
S9,EmaTentCaseS10E50B40M070,0.8293210864067078,0.8293210864067078,0.8046149015426636,1,0.16827156543731692,0.5,0.33172843456268314,0.0,0.0,0,64,10,0.15625,54.0,0.84375,0.84375,2
S9,EmaTentCaseS10E50B40M070,0.7871074080467224,0.7871074080467224,0.7682886123657227,1,0.18515703678131104,0.5,0.314842963218689,0.0,0.0,1,64,33,0.515625,31.0,0.484375,0.515625,2
S9,EmaTentCaseS10E50B40M070,0.9885667562484741,0.9885667562484741,0.7252757549285889,1,0.10457329750061035,0.5,0.39542670249938966,0.0,0.0,2,64,24,0.375,40.0,0.625,0.625,2
S9,EmaTentCaseS10E50B40M070,0.9051682353019714,0.9051682353019714,0.8131622076034546,1,0.13793270587921144,0.5,0.3620672941207886,0.0,0.0,3,64,36,0.5625,28.0,0.4375,0.5625,2
S9,EmaTentCaseS10E50B40M070,0.41548952460289,0.41548952460289,0.9161825180053711,1,0.333804190158844,0.5,0.166195809841156,0.0,0.0,4,2,2,1.0,,,1.0,1
S9,EmaTentCaseS10E50B40M075,0.8293210864067078,0.8293210864067078,0.8046149015426636,1,0.16827156543731692,0.5,0.33172843456268314,0.0,0.0,0,64,10,0.15625,54.0,0.84375,0.84375,2
S9,EmaTentCaseS10E50B40M075,0.8034040331840515,0.8034040331840515,0.7620859146118164,1,0.1786383867263794,0.5,0.3213616132736206,0.0,0.0,1,64,33,0.515625,31.0,0.484375,0.515625,2
S9,EmaTentCaseS10E50B40M075,0.9952176809310913,0.9952176809310913,0.7380208969116211,1,0.10191292762756349,0.5,0.39808707237243657,0.0,0.0,2,64,24,0.375,40.0,0.625,0.625,2
S9,EmaTentCaseS10E50B40M075,0.9383388757705688,0.9383388757705688,0.8018274903297424,1,0.12466444969177247,0.5,0.3753355503082276,0.0,0.0,3,64,36,0.5625,28.0,0.4375,0.5625,2
S9,EmaTentCaseS10E50B40M075,0.43888360261917114,0.43888360261917114,0.909275472164154,1,0.32444655895233154,0.5,0.17555344104766846,0.0,0.0,4,2,2,1.0,,,1.0,1
S9,EmaTentCaseS10E50B40M080,0.8293210864067078,0.8293210864067078,0.8046149015426636,1,0.16827156543731692,0.5,0.33172843456268314,0.0,0.0,0,64,10,0.15625,54.0,0.84375,0.84375,2
S9,EmaTentCaseS10E50B40M080,0.8226260542869568,0.8226260542869568,0.755156934261322,1,0.17094957828521729,0.5,0.3290504217147827,0.0,0.0,1,64,33,0.515625,31.0,0.484375,0.515625,2
S9,EmaTentCaseS10E50B40M080,0.9990734457969666,0.9990734457969666,0.7502986192703247,1,0.10037062168121338,0.5,0.39962937831878664,0.0,0.0,2,64,24,0.375,40.0,0.625,0.625,2
S9,EmaTentCaseS10E50B40M080,0.9702122807502747,0.9702122807502747,0.79396653175354,1,0.11191508769989014,0.5,0.3880849123001099,0.0,0.0,3,64,36,0.5625,28.0,0.4375,0.5625,2
S9,EmaTentCaseS10E50B40M080,0.5150676369667053,0.5150676369667053,0.8849143981933594,1,0.29397294521331785,0.5,0.20602705478668215,0.0,0.0,4,2,2,1.0,,,1.0,1
S9,EmaTentCaseS00E50B50M070,0.8293210864067078,0.8293210864067078,0.8046149015426636,1,0.08533945679664612,0.5,0.4146605432033539,0.0,0.0,0,64,10,0.15625,54.0,0.84375,0.84375,2
S9,EmaTentCaseS00E50B50M070,0.7987307906150818,0.7987307906150818,0.7636020183563232,1,0.1006346046924591,0.5,0.3993653953075409,0.0,0.0,1,64,33,0.515625,31.0,0.484375,0.515625,2
S9,EmaTentCaseS00E50B50M070,0.9927929043769836,0.9927929043769836,0.7294610738754272,1,0.0036035478115081787,0.5,0.4963964521884918,0.0,0.0,2,64,24,0.375,40.0,0.625,0.625,2
S9,EmaTentCaseS00E50B50M070,0.9147854447364807,0.9147854447364807,0.8110409379005432,1,0.042607277631759644,0.5,0.45739272236824036,0.0,0.0,3,64,36,0.5625,28.0,0.4375,0.5625,2
S9,EmaTentCaseS00E50B50M070,0.4274146854877472,0.4274146854877472,0.9126935005187988,1,0.2862926572561264,0.5,0.2137073427438736,0.0,0.0,4,2,2,1.0,,,1.0,1
S9,EmaTentCaseS00E50B50M075,0.8293210864067078,0.8293210864067078,0.8046149015426636,1,0.08533945679664612,0.5,0.4146605432033539,0.0,0.0,0,64,10,0.15625,54.0,0.84375,0.84375,2
S9,EmaTentCaseS00E50B50M075,0.813835859298706,0.813835859298706,0.7579869031906128,1,0.09308207035064697,0.5,0.406917929649353,0.0,0.0,1,64,33,0.515625,31.0,0.484375,0.515625,2
S9,EmaTentCaseS00E50B50M075,0.9974727034568787,0.9974727034568787,0.742031455039978,1,0.001263648271560669,0.5,0.49873635172843933,0.0,0.0,2,64,24,0.375,40.0,0.625,0.625,2
S9,EmaTentCaseS00E50B50M075,0.9490506649017334,0.9490506649017334,0.7991142868995667,1,0.0254746675491333,0.5,0.4745253324508667,0.0,0.0,3,64,36,0.5625,28.0,0.4375,0.5625,2
S9,EmaTentCaseS00E50B50M075,0.46918225288391113,0.46918225288391113,0.899941086769104,1,0.26540887355804443,0.5,0.23459112644195557,0.0,0.0,4,2,2,1.0,,,1.0,1
S9,EmaTentCaseS00E50B50M080,0.8293210864067078,0.8293210864067078,0.8046149015426636,1,0.08533945679664612,0.5,0.4146605432033539,0.0,0.0,0,64,10,0.15625,54.0,0.84375,0.84375,2
S9,EmaTentCaseS00E50B50M080,0.8310100436210632,0.8310100436210632,0.752070426940918,1,0.08449497818946838,0.5,0.4155050218105316,0.0,0.0,1,64,33,0.515625,31.0,0.484375,0.515625,2
S9,EmaTentCaseS00E50B50M080,0.9997538924217224,0.9997538924217224,0.7526476383209229,1,0.00012305378913879395,0.5,0.4998769462108612,0.0,0.0,2,64,24,0.375,40.0,0.625,0.625,2
S9,EmaTentCaseS00E50B50M080,0.9782097339630127,0.9782097339630127,0.7897520065307617,1,0.010895133018493652,0.5,0.48910486698150635,0.0,0.0,3,64,36,0.5625,28.0,0.4375,0.5625,2
S9,EmaTentCaseS00E50B50M080,0.5642877817153931,0.5642877817153931,0.8674878478050232,1,0.21785610914230347,0.5,0.28214389085769653,0.0,0.0,4,2,2,1.0,,,1.0,1
S9,EmaTentCaseS10E40B50M075,0.8293192386627197,0.8293192386627197,0.8046157360076904,1,0.18534038066864014,0.4,0.41465961933135986,0.0,0.0,0,64,10,0.15625,54.0,0.84375,0.84375,2
S9,EmaTentCaseS10E40B50M075,0.8310103416442871,0.8310103416442871,0.7520701885223389,1,0.18449482917785645,0.4,0.41550517082214355,0.0,0.0,1,64,33,0.515625,31.0,0.484375,0.515625,2
S9,EmaTentCaseS10E40B50M075,0.9999430775642395,0.9999430775642395,0.7542912364006042,1,0.10002846121788025,0.4,0.49997153878211975,0.0,0.0,2,64,24,0.375,40.0,0.625,0.625,2
S9,EmaTentCaseS10E40B50M075,0.9847160577774048,0.9847160577774048,0.7874860167503357,1,0.10764197111129761,0.4,0.4923580288887024,0.0,0.0,3,64,36,0.5625,28.0,0.4375,0.5625,2
S9,EmaTentCaseS10E40B50M075,0.6957085132598877,0.6957085132598877,0.8127380013465881,1,0.25214574337005613,0.4,0.34785425662994385,0.0,0.0,4,2,2,1.0,,,1.0,1
S10,EmaTentGridS20E50B30M075,0.6027693748474121,0.6027693748474121,0.9306908249855042,1,0.3191691875457764,0.5,0.18083081245422364,0.0,0.0,0,64,35,0.546875,29.0,0.453125,0.546875,2
S10,EmaTentGridS20E50B30M075,0.7188320159912109,0.7188320159912109,0.8312671184539795,1,0.2843503952026367,0.5,0.21564960479736328,0.0,0.0,1,64,48,0.75,16.0,0.25,0.75,2
S10,EmaTentGridS20E50B30M075,0.7251524329185486,0.7251524329185486,0.862586498260498,1,0.2824542701244354,0.5,0.21754572987556456,0.0,0.0,2,64,23,0.359375,41.0,0.640625,0.640625,2
S10,EmaTentGridS20E50B30M075,0.4372892677783966,0.4372892677783966,0.9312708377838135,1,0.36881321966648106,0.5,0.13118678033351897,0.0,0.0,3,64,21,0.328125,43.0,0.671875,0.671875,2
S10,EmaTentGridS20E50B30M075,0.9249957799911499,0.9249957799911499,0.7565212845802307,1,0.22250126600265505,0.5,0.277498733997345,0.0,0.0,4,28,28,1.0,,,1.0,1
S10,EmaTentCaseS20E50B30M060,0.6027693748474121,0.6027693748474121,0.9306908249855042,1,0.3191691875457764,0.5,0.18083081245422364,0.0,0.0,0,64,35,0.546875,29.0,0.453125,0.546875,2
S10,EmaTentCaseS20E50B30M060,0.8349214196205139,0.8349214196205139,0.7972438931465149,1,0.24952357411384585,0.5,0.25047642588615415,0.0,0.0,1,64,48,0.75,16.0,0.25,0.75,2
S10,EmaTentCaseS20E50B30M060,0.8304581046104431,0.8304581046104431,0.8602694272994995,1,0.25086256861686707,0.5,0.24913743138313293,0.0,0.0,2,64,23,0.359375,41.0,0.640625,0.640625,2
S10,EmaTentCaseS20E50B30M060,0.47725000977516174,0.47725000977516174,0.9173871874809265,1,0.3568249970674515,0.5,0.1431750029325485,0.0,0.0,3,64,21,0.328125,43.0,0.671875,0.671875,2
S10,EmaTentCaseS20E50B30M060,0.9962157607078552,0.9962157607078552,0.691201388835907,1,0.20113527178764345,0.5,0.29886472821235655,0.0,0.0,4,28,28,1.0,,,1.0,1
S10,EmaTentCaseS20E50B30M065,0.6027693748474121,0.6027693748474121,0.9306908249855042,1,0.3191691875457764,0.5,0.18083081245422364,0.0,0.0,0,64,35,0.546875,29.0,0.453125,0.546875,2
S10,EmaTentCaseS20E50B30M065,0.7983085513114929,0.7983085513114929,0.8102248311042786,1,0.2605074346065521,0.5,0.23949256539344788,0.0,0.0,1,64,48,0.75,16.0,0.25,0.75,2
S10,EmaTentCaseS20E50B30M065,0.8081011772155762,0.8081011772155762,0.8651227951049805,1,0.2575696468353271,0.5,0.24243035316467285,0.0,0.0,2,64,23,0.359375,41.0,0.640625,0.640625,2
S10,EmaTentCaseS20E50B30M065,0.4669276475906372,0.4669276475906372,0.9210002422332764,1,0.35992170572280885,0.5,0.14007829427719115,0.0,0.0,3,64,21,0.328125,43.0,0.671875,0.671875,2
S10,EmaTentCaseS20E50B30M065,0.999082624912262,0.999082624912262,0.6859468221664429,1,0.2002752125263214,0.5,0.2997247874736786,0.0,0.0,4,28,28,1.0,,,1.0,1
S10,EmaTentCaseS20E50B30M070,0.6027693748474121,0.6027693748474121,0.9306908249855042,1,0.3191691875457764,0.5,0.18083081245422364,0.0,0.0,0,64,35,0.546875,29.0,0.453125,0.546875,2
S10,EmaTentCaseS20E50B30M070,0.759287416934967,0.759287416934967,0.8218820095062256,1,0.2722137749195099,0.5,0.2277862250804901,0.0,0.0,1,64,48,0.75,16.0,0.25,0.75,2
S10,EmaTentCaseS20E50B30M070,0.7748662233352661,0.7748662233352661,0.8664911985397339,1,0.26754013299942014,0.5,0.23245986700057983,0.0,0.0,2,64,23,0.359375,41.0,0.640625,0.640625,2
S10,EmaTentCaseS20E50B30M070,0.45336174964904785,0.45336174964904785,0.9257215261459351,1,0.3639914751052856,0.5,0.13600852489471435,0.0,0.0,3,64,21,0.328125,43.0,0.671875,0.671875,2
S10,EmaTentCaseS20E50B30M070,0.979641318321228,0.979641318321228,0.7029215097427368,1,0.2061076045036316,0.5,0.2938923954963684,0.0,0.0,4,28,28,1.0,,,1.0,1
S10,EmaTentCaseS10E50B40M070,0.6027693748474121,0.6027693748474121,0.9306908249855042,1,0.25889225006103517,0.5,0.24110774993896486,0.0,0.0,0,64,35,0.546875,29.0,0.453125,0.546875,2
S10,EmaTentCaseS10E50B40M070,0.7485355734825134,0.7485355734825134,0.8245375156402588,1,0.20058577060699465,0.5,0.2994142293930054,0.0,0.0,1,64,48,0.75,16.0,0.25,0.75,2
S10,EmaTentCaseS10E50B40M070,0.7582122683525085,0.7582122683525085,0.8666130304336548,1,0.1967150926589966,0.5,0.30328490734100344,0.0,0.0,2,64,23,0.359375,41.0,0.640625,0.640625,2
S10,EmaTentCaseS10E50B40M070,0.4391212463378906,0.4391212463378906,0.9310957789421082,1,0.32435150146484376,0.5,0.17564849853515627,0.0,0.0,3,64,21,0.328125,43.0,0.671875,0.671875,2
S10,EmaTentCaseS10E50B40M070,0.9600074887275696,0.9600074887275696,0.729279637336731,1,0.11599700450897217,0.5,0.38400299549102784,0.0,0.0,4,28,28,1.0,,,1.0,1
S10,EmaTentCaseS10E50B40M075,0.6027693748474121,0.6027693748474121,0.9306908249855042,1,0.25889225006103517,0.5,0.24110774993896486,0.0,0.0,0,64,35,0.546875,29.0,0.453125,0.546875,2
S10,EmaTentCaseS10E50B40M075,0.7104779481887817,0.7104779481887817,0.8342090845108032,1,0.21580882072448732,0.5,0.2841911792755127,0.0,0.0,1,64,48,0.75,16.0,0.25,0.75,2
S10,EmaTentCaseS10E50B40M075,0.7078010439872742,0.7078010439872742,0.862312912940979,1,0.21687958240509034,0.5,0.2831204175949097,0.0,0.0,2,64,23,0.359375,41.0,0.640625,0.640625,2
S10,EmaTentCaseS10E50B40M075,0.4266059696674347,0.4266059696674347,0.9349595308303833,1,0.32935761213302617,0.5,0.1706423878669739,0.0,0.0,3,64,21,0.328125,43.0,0.671875,0.671875,2
S10,EmaTentCaseS10E50B40M075,0.8968300223350525,0.8968300223350525,0.7821760773658752,1,0.141267991065979,0.5,0.358732008934021,0.0,0.0,4,28,28,1.0,,,1.0,1
S10,EmaTentCaseS10E50B40M080,0.6027693748474121,0.6027693748474121,0.9306908249855042,1,0.25889225006103517,0.5,0.24110774993896486,0.0,0.0,0,64,35,0.546875,29.0,0.453125,0.546875,2
S10,EmaTentCaseS10E50B40M080,0.6718881726264954,0.6718881726264954,0.847893476486206,1,0.23124473094940187,0.5,0.26875526905059816,0.0,0.0,1,64,48,0.75,16.0,0.25,0.75,2
S10,EmaTentCaseS10E50B40M080,0.6390827298164368,0.6390827298164368,0.8730533719062805,1,0.24436690807342532,0.5,0.25563309192657474,0.0,0.0,2,64,23,0.359375,41.0,0.640625,0.640625,2
S10,EmaTentCaseS10E50B40M080,0.41027161478996277,0.41027161478996277,0.9406840801239014,1,0.33589135408401494,0.5,0.16410864591598512,0.0,0.0,3,64,21,0.328125,43.0,0.671875,0.671875,2
S10,EmaTentCaseS10E50B40M080,0.804802417755127,0.804802417755127,0.8404249548912048,1,0.17807903289794924,0.5,0.3219209671020508,0.0,0.0,4,28,28,1.0,,,1.0,1
S10,EmaTentCaseS00E50B50M070,0.6027693748474121,0.6027693748474121,0.9306908249855042,1,0.19861531257629395,0.5,0.30138468742370605,0.0,0.0,0,64,35,0.546875,29.0,0.453125,0.546875,2
S10,EmaTentCaseS00E50B50M070,0.7383849024772644,0.7383849024772644,0.8269156217575073,1,0.1308075487613678,0.5,0.3691924512386322,0.0,0.0,1,64,48,0.75,16.0,0.25,0.75,2
S10,EmaTentCaseS00E50B50M070,0.7404466867446899,0.7404466867446899,0.8656259775161743,1,0.12977665662765503,0.5,0.37022334337234497,0.0,0.0,2,64,23,0.359375,41.0,0.640625,0.640625,2
S10,EmaTentCaseS00E50B50M070,0.4254607558250427,0.4254607558250427,0.9355410933494568,1,0.28726962208747864,0.5,0.21273037791252136,0.0,0.0,3,64,21,0.328125,43.0,0.671875,0.671875,2
S10,EmaTentCaseS00E50B50M070,0.9366503357887268,0.9366503357887268,0.7552026510238647,1,0.0316748321056366,0.5,0.4683251678943634,0.0,0.0,4,28,28,1.0,,,1.0,1
S10,EmaTentCaseS00E50B50M075,0.6027693748474121,0.6027693748474121,0.9306908249855042,1,0.19861531257629395,0.5,0.30138468742370605,0.0,0.0,0,64,35,0.546875,29.0,0.453125,0.546875,2
S10,EmaTentCaseS00E50B50M075,0.7025500535964966,0.7025500535964966,0.8369513154029846,1,0.1487249732017517,0.5,0.3512750267982483,0.0,0.0,1,64,48,0.75,16.0,0.25,0.75,2
S10,EmaTentCaseS00E50B50M075,0.689965009689331,0.689965009689331,0.8648260235786438,1,0.15501749515533447,0.5,0.3449825048446655,0.0,0.0,2,64,23,0.359375,41.0,0.640625,0.640625,2
S10,EmaTentCaseS00E50B50M075,0.4163866341114044,0.4163866341114044,0.9389881491661072,1,0.2918066829442978,0.5,0.2081933170557022,0.0,0.0,3,64,21,0.328125,43.0,0.671875,0.671875,2
S10,EmaTentCaseS00E50B50M075,0.8698289394378662,0.8698289394378662,0.8041718602180481,1,0.0650855302810669,0.5,0.4349144697189331,0.0,0.0,4,28,28,1.0,,,1.0,1
S10,EmaTentCaseS00E50B50M080,0.6027693748474121,0.6027693748474121,0.9306908249855042,1,0.19861531257629395,0.5,0.30138468742370605,0.0,0.0,0,64,35,0.546875,29.0,0.453125,0.546875,2
S10,EmaTentCaseS00E50B50M080,0.6661800146102905,0.6661800146102905,0.8505560159683228,1,0.16690999269485474,0.5,0.33309000730514526,0.0,0.0,1,64,48,0.75,16.0,0.25,0.75,2
S10,EmaTentCaseS00E50B50M080,0.6218616962432861,0.6218616962432861,0.8767721652984619,1,0.18906915187835693,0.5,0.31093084812164307,0.0,0.0,2,64,23,0.359375,41.0,0.640625,0.640625,2
S10,EmaTentCaseS00E50B50M080,0.4031524360179901,0.4031524360179901,0.9435338377952576,1,0.29842378199100494,0.5,0.20157621800899506,0.0,0.0,3,64,21,0.328125,43.0,0.671875,0.671875,2
S10,EmaTentCaseS00E50B50M080,0.7826317548751831,0.7826317548751831,0.853536069393158,1,0.10868412256240845,0.5,0.39131587743759155,0.0,0.0,4,28,28,1.0,,,1.0,1
S10,EmaTentCaseS10E40B50M075,0.6027699708938599,0.6027699708938599,0.930690348148346,1,0.29861501455307005,0.4,0.30138498544692993,0.0,0.0,0,64,35,0.546875,29.0,0.453125,0.546875,2
S10,EmaTentCaseS10E40B50M075,0.6661823391914368,0.6661823391914368,0.8505554795265198,1,0.2669088304042816,0.4,0.3330911695957184,0.0,0.0,1,64,48,0.75,16.0,0.25,0.75,2
S10,EmaTentCaseS10E40B50M075,0.6101188659667969,0.6101188659667969,0.8792370557785034,1,0.29494056701660154,0.4,0.30505943298339844,0.0,0.0,2,64,23,0.359375,41.0,0.640625,0.640625,2
S10,EmaTentCaseS10E40B50M075,0.39908289909362793,0.39908289909362793,0.9450077414512634,1,0.400458550453186,0.4,0.19954144954681396,0.0,0.0,3,64,21,0.328125,43.0,0.671875,0.671875,2
S10,EmaTentCaseS10E40B50M075,0.7620284557342529,0.7620284557342529,0.8638480305671692,1,0.21898577213287354,0.4,0.38101422786712646,0.0,0.0,4,28,28,1.0,,,1.0,1
S11,EmaTentGridS20E50B30M075,0.9369539022445679,0.9369539022445679,0.7405703067779541,1,0.21891382932662964,0.5,0.28108617067337033,0.0,0.0,0,64,47,0.734375,17.0,0.265625,0.734375,2
S11,EmaTentGridS20E50B30M075,0.936521053314209,0.936521053314209,0.727744996547699,1,0.21904368400573732,0.5,0.2809563159942627,0.0,0.0,1,64,34,0.53125,30.0,0.46875,0.53125,2
S11,EmaTentGridS20E50B30M075,0.9449602365493774,0.9449602365493774,0.8197622895240784,1,0.2165119290351868,0.5,0.2834880709648132,0.0,0.0,2,64,42,0.65625,22.0,0.34375,0.65625,2
S11,EmaTentGridS20E50B30M075,0.5253027677536011,0.5253027677536011,0.8814071416854858,1,0.34240916967391966,0.5,0.15759083032608032,0.0,0.0,3,64,32,0.5,32.0,0.5,0.5,2
S11,EmaTentGridS20E50B30M075,0.4821772277355194,0.4821772277355194,0.895797610282898,1,0.3553468316793442,0.5,0.1446531683206558,0.0,0.0,4,44,21,0.4772727272727273,23.0,0.5227272727272727,0.5227272727272727,2
S11,EmaTentCaseS20E50B30M060,0.9369539022445679,0.9369539022445679,0.7405703067779541,1,0.21891382932662964,0.5,0.28108617067337033,0.0,0.0,0,64,47,0.734375,17.0,0.265625,0.734375,2
S11,EmaTentCaseS20E50B30M060,0.9593718647956848,0.9593718647956848,0.7050506472587585,1,0.21218844056129457,0.5,0.28781155943870546,0.0,0.0,1,64,34,0.53125,30.0,0.46875,0.53125,2
S11,EmaTentCaseS20E50B30M060,0.9349643588066101,0.9349643588066101,0.8416597247123718,1,0.21951069235801698,0.5,0.28048930764198304,0.0,0.0,2,64,42,0.65625,22.0,0.34375,0.65625,2
S11,EmaTentCaseS20E50B30M060,0.5307186245918274,0.5307186245918274,0.8795270919799805,1,0.3407844126224518,0.5,0.1592155873775482,0.0,0.0,3,64,32,0.5,32.0,0.5,0.5,2
S11,EmaTentCaseS20E50B30M060,0.6312386393547058,0.6312386393547058,0.8412799835205078,1,0.3106284081935883,0.5,0.18937159180641175,0.0,0.0,4,44,21,0.4772727272727273,23.0,0.5227272727272727,0.5227272727272727,2
S11,EmaTentCaseS20E50B30M065,0.9369539022445679,0.9369539022445679,0.7405703067779541,1,0.21891382932662964,0.5,0.28108617067337033,0.0,0.0,0,64,47,0.734375,17.0,0.265625,0.734375,2
S11,EmaTentCaseS20E50B30M065,0.9529892206192017,0.9529892206192017,0.7116601467132568,1,0.2141032338142395,0.5,0.2858967661857605,0.0,0.0,1,64,34,0.53125,30.0,0.46875,0.53125,2
S11,EmaTentCaseS20E50B30M065,0.9382628798484802,0.9382628798484802,0.8375562429428101,1,0.21852113604545595,0.5,0.2814788639545441,0.0,0.0,2,64,42,0.65625,22.0,0.34375,0.65625,2
S11,EmaTentCaseS20E50B30M065,0.5267861485481262,0.5267861485481262,0.8808938264846802,1,0.34196415543556213,0.5,0.15803584456443787,0.0,0.0,3,64,32,0.5,32.0,0.5,0.5,2
S11,EmaTentCaseS20E50B30M065,0.592383623123169,0.592383623123169,0.8568676710128784,1,0.3222849130630493,0.5,0.17771508693695068,0.0,0.0,4,44,21,0.4772727272727273,23.0,0.5227272727272727,0.5227272727272727,2
S11,EmaTentCaseS20E50B30M070,0.9369539022445679,0.9369539022445679,0.7405703067779541,1,0.21891382932662964,0.5,0.28108617067337033,0.0,0.0,0,64,47,0.734375,17.0,0.265625,0.734375,2
S11,EmaTentCaseS20E50B30M070,0.9454037547111511,0.9454037547111511,0.7191077470779419,1,0.21637887358665467,0.5,0.2836211264133453,0.0,0.0,1,64,34,0.53125,30.0,0.46875,0.53125,2
S11,EmaTentCaseS20E50B30M070,0.9417499899864197,0.9417499899864197,0.829680323600769,1,0.2174750030040741,0.5,0.28252499699592587,0.0,0.0,2,64,42,0.65625,22.0,0.34375,0.65625,2
S11,EmaTentCaseS20E50B30M070,0.5244423747062683,0.5244423747062683,0.8817042112350464,1,0.3426672875881195,0.5,0.1573327124118805,0.0,0.0,3,64,32,0.5,32.0,0.5,0.5,2
S11,EmaTentCaseS20E50B30M070,0.5423315763473511,0.5423315763473511,0.8754386901855469,1,0.3373005270957947,0.5,0.1626994729042053,0.0,0.0,4,44,21,0.4772727272727273,23.0,0.5227272727272727,0.5227272727272727,2
S11,EmaTentCaseS10E50B40M070,0.9369539022445679,0.9369539022445679,0.7405703067779541,1,0.12521843910217287,0.5,0.37478156089782716,0.0,0.0,0,64,47,0.734375,17.0,0.265625,0.734375,2
S11,EmaTentCaseS10E50B40M070,0.9413130879402161,0.9413130879402161,0.7248128652572632,1,0.12347476482391358,0.5,0.37652523517608644,0.0,0.0,1,64,34,0.53125,30.0,0.46875,0.53125,2
S11,EmaTentCaseS10E50B40M070,0.9406410455703735,0.9406410455703735,0.8234742879867554,1,0.12374358177185059,0.5,0.3762564182281494,0.0,0.0,2,64,42,0.65625,22.0,0.34375,0.65625,2
S11,EmaTentCaseS10E50B40M070,0.4706589877605438,0.4706589877605438,0.899474561214447,1,0.31173640489578247,0.5,0.18826359510421753,0.0,0.0,3,64,32,0.5,32.0,0.5,0.5,2
S11,EmaTentCaseS10E50B40M070,0.4941371977329254,0.4941371977329254,0.8919069170951843,1,0.30234512090682986,0.5,0.19765487909317017,0.0,0.0,4,44,21,0.4772727272727273,23.0,0.5227272727272727,0.5227272727272727,2
S11,EmaTentCaseS10E50B40M075,0.9369539022445679,0.9369539022445679,0.7405703067779541,1,0.12521843910217287,0.5,0.37478156089782716,0.0,0.0,0,64,47,0.734375,17.0,0.265625,0.734375,2
S11,EmaTentCaseS10E50B40M075,0.9321962594985962,0.9321962594985962,0.7331130504608154,1,0.12712149620056154,0.5,0.3728785037994385,0.0,0.0,1,64,34,0.53125,30.0,0.46875,0.53125,2
S11,EmaTentCaseS10E50B40M075,0.9445253610610962,0.9445253610610962,0.812781035900116,1,0.12218985557556153,0.5,0.3778101444244385,0.0,0.0,2,64,42,0.65625,22.0,0.34375,0.65625,2
S11,EmaTentCaseS10E50B40M075,0.4841657280921936,0.4841657280921936,0.8951558470726013,1,0.3063337087631226,0.5,0.19366629123687745,0.0,0.0,3,64,32,0.5,32.0,0.5,0.5,2
S11,EmaTentCaseS10E50B40M075,0.44317469000816345,0.44317469000816345,0.9079805016517639,1,0.3227301239967346,0.5,0.17726987600326538,0.0,0.0,4,44,21,0.4772727272727273,23.0,0.5227272727272727,0.5227272727272727,2
S11,EmaTentCaseS10E50B40M080,0.9369539022445679,0.9369539022445679,0.7405703067779541,1,0.12521843910217287,0.5,0.37478156089782716,0.0,0.0,0,64,47,0.734375,17.0,0.265625,0.734375,2
S11,EmaTentCaseS10E50B40M080,0.9216168522834778,0.9216168522834778,0.7432986497879028,1,0.1313532590866089,0.5,0.3686467409133911,0.0,0.0,1,64,34,0.53125,30.0,0.46875,0.53125,2
S11,EmaTentCaseS10E50B40M080,0.9489402174949646,0.9489402174949646,0.7994611263275146,1,0.12042391300201416,0.5,0.37957608699798584,0.0,0.0,2,64,42,0.65625,22.0,0.34375,0.65625,2
S11,EmaTentCaseS10E50B40M080,0.502488911151886,0.502488911151886,0.8891451358795166,1,0.2990044355392456,0.5,0.2009955644607544,0.0,0.0,3,64,32,0.5,32.0,0.5,0.5,2
S11,EmaTentCaseS10E50B40M080,0.3917098343372345,0.3917098343372345,0.9229468107223511,1,0.34331606626510625,0.5,0.1566839337348938,0.0,0.0,4,44,21,0.4772727272727273,23.0,0.5227272727272727,0.5227272727272727,2
S11,EmaTentCaseS00E50B50M070,0.9369539022445679,0.9369539022445679,0.7405703067779541,1,0.031523048877716064,0.5,0.46847695112228394,0.0,0.0,0,64,47,0.734375,17.0,0.265625,0.734375,2
S11,EmaTentCaseS00E50B50M070,0.9362297058105469,0.9362297058105469,0.7312806844711304,1,0.03188514709472656,0.5,0.46811485290527344,0.0,0.0,1,64,34,0.53125,30.0,0.46875,0.53125,2
S11,EmaTentCaseS00E50B50M070,0.9387518167495728,0.9387518167495728,0.8181954622268677,1,0.030624091625213623,0.5,0.4693759083747864,0.0,0.0,2,64,42,0.65625,22.0,0.34375,0.65625,2
S11,EmaTentCaseS00E50B50M070,0.4196833372116089,0.4196833372116089,0.9149630069732666,1,0.29015833139419556,0.5,0.20984166860580444,0.0,0.0,3,64,32,0.5,32.0,0.5,0.5,2
S11,EmaTentCaseS00E50B50M070,0.44866880774497986,0.44866880774497986,0.9063098430633545,1,0.27566559612751007,0.5,0.22433440387248993,0.0,0.0,4,44,21,0.4772727272727273,23.0,0.5227272727272727,0.5227272727272727,2
S11,EmaTentCaseS00E50B50M075,0.9369539022445679,0.9369539022445679,0.7405703067779541,1,0.031523048877716064,0.5,0.46847695112228394,0.0,0.0,0,64,47,0.734375,17.0,0.265625,0.734375,2
S11,EmaTentCaseS00E50B50M075,0.9270458221435547,0.9270458221435547,0.7393840551376343,1,0.036477088928222656,0.5,0.46352291107177734,0.0,0.0,1,64,34,0.53125,30.0,0.46875,0.53125,2
S11,EmaTentCaseS00E50B50M075,0.9439483880996704,0.9439483880996704,0.8065826296806335,1,0.028025805950164795,0.5,0.4719741940498352,0.0,0.0,2,64,42,0.65625,22.0,0.34375,0.65625,2
S11,EmaTentCaseS00E50B50M075,0.44582152366638184,0.44582152366638184,0.9071774482727051,1,0.2770892381668091,0.5,0.22291076183319092,0.0,0.0,3,64,32,0.5,32.0,0.5,0.5,2
S11,EmaTentCaseS00E50B50M075,0.4051886200904846,0.4051886200904846,0.9191439747810364,1,0.2974056899547577,0.5,0.2025943100452423,0.0,0.0,4,44,21,0.4772727272727273,23.0,0.5227272727272727,0.5227272727272727,2
S11,EmaTentCaseS00E50B50M080,0.9369539022445679,0.9369539022445679,0.7405703067779541,1,0.031523048877716064,0.5,0.46847695112228394,0.0,0.0,0,64,47,0.734375,17.0,0.265625,0.734375,2
S11,EmaTentCaseS00E50B50M080,0.9166617393493652,0.9166617393493652,0.7484503984451294,1,0.04166913032531738,0.5,0.4583308696746826,0.0,0.0,1,64,34,0.53125,30.0,0.46875,0.53125,2
S11,EmaTentCaseS00E50B50M080,0.9493936896324158,0.9493936896324158,0.7942357063293457,1,0.025303155183792114,0.5,0.4746968448162079,0.0,0.0,2,64,42,0.65625,22.0,0.34375,0.65625,2
S11,EmaTentCaseS00E50B50M080,0.475245863199234,0.475245863199234,0.8980183601379395,1,0.262377068400383,0.5,0.237622931599617,0.0,0.0,3,64,32,0.5,32.0,0.5,0.5,2
S11,EmaTentCaseS00E50B50M080,0.363396018743515,0.363396018743515,0.9306758642196655,1,0.3183019906282425,0.5,0.1816980093717575,0.0,0.0,4,44,21,0.4772727272727273,23.0,0.5227272727272727,0.5227272727272727,2
S11,EmaTentCaseS10E40B50M075,0.9369537234306335,0.9369537234306335,0.7405708432197571,1,0.13152313828468323,0.4,0.4684768617153168,0.0,0.0,0,64,47,0.734375,17.0,0.265625,0.734375,2
S11,EmaTentCaseS10E40B50M075,0.9166609048843384,0.9166609048843384,0.7484509944915771,1,0.14166954755783082,0.4,0.4583304524421692,0.0,0.0,1,64,34,0.53125,30.0,0.46875,0.53125,2
S11,EmaTentCaseS10E40B50M075,0.9496603608131409,0.9496603608131409,0.7931953072547913,1,0.12516981959342957,0.4,0.47483018040657043,0.0,0.0,2,64,42,0.65625,22.0,0.34375,0.65625,2
S11,EmaTentCaseS10E40B50M075,0.4834631085395813,0.4834631085395813,0.8953827619552612,1,0.35826844573020933,0.4,0.24173155426979065,0.0,0.0,3,64,32,0.5,32.0,0.5,0.5,2
S11,EmaTentCaseS10E40B50M075,0.3557056188583374,0.3557056188583374,0.932715892791748,1,0.4221471905708313,0.4,0.1778528094291687,0.0,0.0,4,44,21,0.4772727272727273,23.0,0.5227272727272727,0.5227272727272727,2
S12,EmaTentGridS20E50B30M075,0.9336991310119629,0.9336991310119629,0.7093305587768555,1,0.21989026069641116,0.5,0.28010973930358884,0.0,0.0,0,64,31,0.484375,33.0,0.515625,0.515625,2
S12,EmaTentGridS20E50B30M075,0.9449535012245178,0.9449535012245178,0.6865447759628296,1,0.21651394963264467,0.5,0.28348605036735536,0.0,0.0,1,64,29,0.453125,35.0,0.546875,0.546875,2
S12,EmaTentGridS20E50B30M075,0.9998811483383179,0.9998811483383179,0.8222282528877258,1,0.20003565549850466,0.5,0.29996434450149534,0.0,0.0,2,64,46,0.71875,18.0,0.28125,0.71875,2
S12,EmaTentGridS20E50B30M075,0.4366435706615448,0.4366435706615448,0.9099479913711548,1,0.36900692880153657,0.5,0.13099307119846343,0.0,0.0,3,56,20,0.35714285714285715,36.0,0.6428571428571429,0.6428571428571429,2
S12,EmaTentCaseS20E50B30M060,0.9336991310119629,0.9336991310119629,0.7093305587768555,1,0.21989026069641116,0.5,0.28010973930358884,0.0,0.0,0,64,31,0.484375,33.0,0.515625,0.515625,2
S12,EmaTentCaseS20E50B30M060,0.956290066242218,0.956290066242218,0.6716573238372803,1,0.2131129801273346,0.5,0.2868870198726654,0.0,0.0,1,64,29,0.453125,35.0,0.546875,0.546875,2
S12,EmaTentCaseS20E50B30M060,0.9801238775253296,0.9801238775253296,0.7798978686332703,1,0.20596283674240112,0.5,0.2940371632575989,0.0,0.0,2,64,46,0.71875,18.0,0.28125,0.71875,2
S12,EmaTentCaseS20E50B30M060,0.5976069569587708,0.5976069569587708,0.858283519744873,1,0.3207179129123688,0.5,0.17928208708763121,0.0,0.0,3,56,20,0.35714285714285715,36.0,0.6428571428571429,0.6428571428571429,2
S12,EmaTentCaseS20E50B30M065,0.9336991310119629,0.9336991310119629,0.7093305587768555,1,0.21989026069641116,0.5,0.28010973930358884,0.0,0.0,0,64,31,0.484375,33.0,0.515625,0.515625,2
S12,EmaTentCaseS20E50B30M065,0.951732873916626,0.951732873916626,0.6757949590682983,1,0.2144801378250122,0.5,0.28551986217498776,0.0,0.0,1,64,29,0.453125,35.0,0.546875,0.546875,2
S12,EmaTentCaseS20E50B30M065,0.9918347597122192,0.9918347597122192,0.7931724786758423,1,0.20244957208633424,0.5,0.29755042791366576,0.0,0.0,2,64,46,0.71875,18.0,0.28125,0.71875,2
S12,EmaTentCaseS20E50B30M065,0.5331756472587585,0.5331756472587585,0.8805609345436096,1,0.3400473058223724,0.5,0.15995269417762756,0.0,0.0,3,56,20,0.35714285714285715,36.0,0.6428571428571429,0.6428571428571429,2
S12,EmaTentCaseS20E50B30M070,0.9336991310119629,0.9336991310119629,0.7093305587768555,1,0.21989026069641116,0.5,0.28010973930358884,0.0,0.0,0,64,31,0.484375,33.0,0.515625,0.515625,2
S12,EmaTentCaseS20E50B30M070,0.9479769468307495,0.9479769468307495,0.6804853677749634,1,0.21560691595077516,0.5,0.28439308404922486,0.0,0.0,1,64,29,0.453125,35.0,0.546875,0.546875,2
S12,EmaTentCaseS20E50B30M070,0.9978875517845154,0.9978875517845154,0.8066306710243225,1,0.20063373446464539,0.5,0.2993662655353546,0.0,0.0,2,64,46,0.71875,18.0,0.28125,0.71875,2
S12,EmaTentCaseS20E50B30M070,0.47865691781044006,0.47865691781044006,0.8973705172538757,1,0.35640292465686796,0.5,0.143597075343132,0.0,0.0,3,56,20,0.35714285714285715,36.0,0.6428571428571429,0.6428571428571429,2
S12,EmaTentCaseS10E50B40M070,0.9336991310119629,0.9336991310119629,0.7093305587768555,1,0.12652034759521485,0.5,0.3734796524047852,0.0,0.0,0,64,31,0.484375,33.0,0.515625,0.515625,2
S12,EmaTentCaseS10E50B40M070,0.9505362510681152,0.9505362510681152,0.68327796459198,1,0.11978549957275392,0.5,0.38021450042724614,0.0,0.0,1,64,29,0.453125,35.0,0.546875,0.546875,2
S12,EmaTentCaseS10E50B40M070,0.9998109340667725,0.9998109340667725,0.8219386339187622,1,0.10007562637329102,0.5,0.399924373626709,0.0,0.0,2,64,46,0.71875,18.0,0.28125,0.71875,2
S12,EmaTentCaseS10E50B40M070,0.5034323334693909,0.5034323334693909,0.8900901675224304,1,0.2986270666122437,0.5,0.20137293338775636,0.0,0.0,3,56,20,0.35714285714285715,36.0,0.6428571428571429,0.6428571428571429,2
S12,EmaTentCaseS10E50B40M075,0.9336991310119629,0.9336991310119629,0.7093305587768555,1,0.12652034759521485,0.5,0.3734796524047852,0.0,0.0,0,64,31,0.484375,33.0,0.515625,0.515625,2
S12,EmaTentCaseS10E50B40M075,0.9476562142372131,0.9476562142372131,0.6890098452568054,1,0.12093751430511475,0.5,0.37906248569488527,0.0,0.0,1,64,29,0.453125,35.0,0.546875,0.546875,2
S12,EmaTentCaseS10E50B40M075,0.999991774559021,0.999991774559021,0.8278046250343323,1,0.1000032901763916,0.5,0.3999967098236084,0.0,0.0,2,64,46,0.71875,18.0,0.28125,0.71875,2
S12,EmaTentCaseS10E50B40M075,0.45638346672058105,0.45638346672058105,0.9039390087127686,1,0.3174466133117676,0.5,0.18255338668823243,0.0,0.0,3,56,20,0.35714285714285715,36.0,0.6428571428571429,0.6428571428571429,2
S12,EmaTentCaseS10E50B40M080,0.9336991310119629,0.9336991310119629,0.7093305587768555,1,0.12652034759521485,0.5,0.3734796524047852,0.0,0.0,0,64,31,0.484375,33.0,0.515625,0.515625,2
S12,EmaTentCaseS10E50B40M080,0.9447917342185974,0.9447917342185974,0.694779634475708,1,0.12208330631256104,0.5,0.37791669368743896,0.0,0.0,1,64,29,0.453125,35.0,0.546875,0.546875,2
S12,EmaTentCaseS10E50B40M080,0.9998120069503784,0.9998120069503784,0.8289259672164917,1,0.10007519721984864,0.5,0.3999248027801514,0.0,0.0,2,64,46,0.71875,18.0,0.28125,0.71875,2
S12,EmaTentCaseS10E50B40M080,0.4301412105560303,0.4301412105560303,0.9118865728378296,1,0.3279435157775879,0.5,0.17205648422241213,0.0,0.0,3,56,20,0.35714285714285715,36.0,0.6428571428571429,0.6428571428571429,2
S12,EmaTentCaseS00E50B50M070,0.9336991310119629,0.9336991310119629,0.7093305587768555,1,0.033150434494018555,0.5,0.46684956550598145,0.0,0.0,0,64,31,0.484375,33.0,0.515625,0.515625,2
S12,EmaTentCaseS00E50B50M070,0.9530383944511414,0.9530383944511414,0.686509370803833,1,0.02348080277442932,0.5,0.4765191972255707,0.0,0.0,1,64,29,0.453125,35.0,0.546875,0.546875,2
S12,EmaTentCaseS00E50B50M070,0.9999800324440002,0.9999800324440002,0.8304034471511841,1,9.98377799987793e-06,0.5,0.4999900162220001,0.0,0.0,2,64,46,0.71875,18.0,0.28125,0.71875,2
S12,EmaTentCaseS00E50B50M070,0.5089048147201538,0.5089048147201538,0.888420820236206,1,0.2455475926399231,0.5,0.2544524073600769,0.0,0.0,3,56,20,0.35714285714285715,36.0,0.6428571428571429,0.6428571428571429,2
S12,EmaTentCaseS00E50B50M075,0.9336991310119629,0.9336991310119629,0.7093305587768555,1,0.033150434494018555,0.5,0.46684956550598145,0.0,0.0,0,64,31,0.484375,33.0,0.515625,0.515625,2
S12,EmaTentCaseS00E50B50M075,0.9499533772468567,0.9499533772468567,0.6917216777801514,1,0.025023311376571655,0.5,0.47497668862342834,0.0,0.0,1,64,29,0.453125,35.0,0.546875,0.546875,2
S12,EmaTentCaseS00E50B50M075,0.9998632669448853,0.9998632669448853,0.8310531377792358,1,6.836652755737305e-05,0.5,0.4999316334724426,0.0,0.0,2,64,46,0.71875,18.0,0.28125,0.71875,2
S12,EmaTentCaseS00E50B50M075,0.4661535620689392,0.4661535620689392,0.9008946418762207,1,0.2669232189655304,0.5,0.2330767810344696,0.0,0.0,3,56,20,0.35714285714285715,36.0,0.6428571428571429,0.6428571428571429,2
S12,EmaTentCaseS00E50B50M080,0.9336991310119629,0.9336991310119629,0.7093305587768555,1,0.033150434494018555,0.5,0.46684956550598145,0.0,0.0,0,64,31,0.484375,33.0,0.515625,0.515625,2
S12,EmaTentCaseS00E50B50M080,0.946440577507019,0.946440577507019,0.697147011756897,1,0.02677971124649048,0.5,0.4732202887535095,0.0,0.0,1,64,29,0.453125,35.0,0.546875,0.546875,2
S12,EmaTentCaseS00E50B50M080,0.9996474385261536,0.9996474385261536,0.829948902130127,1,0.00017628073692321777,0.5,0.4998237192630768,0.0,0.0,2,64,46,0.71875,18.0,0.28125,0.71875,2
S12,EmaTentCaseS00E50B50M080,0.44294437766075134,0.44294437766075134,0.9080502986907959,1,0.27852781116962433,0.5,0.22147218883037567,0.0,0.0,3,56,20,0.35714285714285715,36.0,0.6428571428571429,0.6428571428571429,2
S12,EmaTentCaseS10E40B50M075,0.9336977601051331,0.9336977601051331,0.7093309760093689,1,0.13315111994743348,0.4,0.46684888005256653,0.0,0.0,0,64,31,0.484375,33.0,0.515625,0.515625,2
S12,EmaTentCaseS10E40B50M075,0.9464402198791504,0.9464402198791504,0.6971471309661865,1,0.1267798900604248,0.4,0.4732201099395752,0.0,0.0,1,64,29,0.453125,35.0,0.546875,0.546875,2
S12,EmaTentCaseS10E40B50M075,0.9995788931846619,0.9995788931846619,0.8298707008361816,1,0.10021055340766907,0.4,0.49978944659233093,0.0,0.0,2,64,46,0.71875,18.0,0.28125,0.71875,2
S12,EmaTentCaseS10E40B50M075,0.47484681010246277,0.47484681010246277,0.8981455564498901,1,0.3625765949487686,0.4,0.23742340505123138,0.0,0.0,3,56,20,0.35714285714285715,36.0,0.6428571428571429,0.6428571428571429,2
S13,EmaTentGridS20E50B30M075,0.8903706073760986,0.8903706073760986,0.698574960231781,1,0.2328888177871704,0.5,0.2671111822128296,0.0,0.0,0,64,22,0.34375,42.0,0.65625,0.65625,2
S13,EmaTentGridS20E50B30M075,0.9779813289642334,0.9779813289642334,0.6588019132614136,1,0.20660560131073,0.5,0.29339439868927003,0.0,0.0,1,64,37,0.578125,27.0,0.421875,0.578125,2
S13,EmaTentGridS20E50B30M075,0.937556266784668,0.937556266784668,0.7657146453857422,1,0.21873311996459963,0.5,0.2812668800354004,0.0,0.0,2,64,18,0.28125,46.0,0.71875,0.71875,2
S13,EmaTentGridS20E50B30M075,0.9266358017921448,0.9266358017921448,0.6798100471496582,1,0.22200925946235658,0.5,0.27799074053764344,0.0,0.0,3,64,55,0.859375,9.0,0.140625,0.859375,2
S13,EmaTentGridS20E50B30M075,0.6914756298065186,0.6914756298065186,0.8147279024124146,1,0.29255731105804444,0.5,0.20744268894195556,0.0,0.0,4,21,21,1.0,,,1.0,1
S13,EmaTentCaseS20E50B30M060,0.8903706073760986,0.8903706073760986,0.698574960231781,1,0.2328888177871704,0.5,0.2671111822128296,0.0,0.0,0,64,22,0.34375,42.0,0.65625,0.65625,2
S13,EmaTentCaseS20E50B30M060,0.9805805683135986,0.9805805683135986,0.674034595489502,1,0.20582582950592043,0.5,0.29417417049407957,0.0,0.0,1,64,37,0.578125,27.0,0.421875,0.578125,2
S13,EmaTentCaseS20E50B30M060,0.9267207980155945,0.9267207980155945,0.7913722991943359,1,0.22198376059532166,0.5,0.27801623940467834,0.0,0.0,2,64,18,0.28125,46.0,0.71875,0.71875,2
S13,EmaTentCaseS20E50B30M060,0.9442033171653748,0.9442033171653748,0.6755713224411011,1,0.21673900485038758,0.5,0.2832609951496124,0.0,0.0,3,64,55,0.859375,9.0,0.140625,0.859375,2
S13,EmaTentCaseS20E50B30M060,0.6257884502410889,0.6257884502410889,0.8435336947441101,1,0.3122634649276733,0.5,0.18773653507232665,0.0,0.0,4,21,21,1.0,,,1.0,1
S13,EmaTentCaseS20E50B30M065,0.8903706073760986,0.8903706073760986,0.698574960231781,1,0.2328888177871704,0.5,0.2671111822128296,0.0,0.0,0,64,22,0.34375,42.0,0.65625,0.65625,2
S13,EmaTentCaseS20E50B30M065,0.9791815280914307,0.9791815280914307,0.6688106060028076,1,0.2062455415725708,0.5,0.2937544584274292,0.0,0.0,1,64,37,0.578125,27.0,0.421875,0.578125,2
S13,EmaTentCaseS20E50B30M065,0.9299814105033875,0.9299814105033875,0.7833492159843445,1,0.22100557684898378,0.5,0.27899442315101625,0.0,0.0,2,64,18,0.28125,46.0,0.71875,0.71875,2
S13,EmaTentCaseS20E50B30M065,0.9365976452827454,0.9365976452827454,0.6774356961250305,1,0.2190207064151764,0.5,0.2809792935848236,0.0,0.0,3,64,55,0.859375,9.0,0.140625,0.859375,2
S13,EmaTentCaseS20E50B30M065,0.636482834815979,0.636482834815979,0.8390897512435913,1,0.3090551495552063,0.5,0.1909448504447937,0.0,0.0,4,21,21,1.0,,,1.0,1
S13,EmaTentCaseS20E50B30M070,0.8903706073760986,0.8903706073760986,0.698574960231781,1,0.2328888177871704,0.5,0.2671111822128296,0.0,0.0,0,64,22,0.34375,42.0,0.65625,0.65625,2
S13,EmaTentCaseS20E50B30M070,0.9782118797302246,0.9782118797302246,0.6638073325157166,1,0.20653643608093264,0.5,0.29346356391906736,0.0,0.0,1,64,37,0.578125,27.0,0.421875,0.578125,2
S13,EmaTentCaseS20E50B30M070,0.9336959719657898,0.9336959719657898,0.7747166156768799,1,0.21989120841026308,0.5,0.28010879158973695,0.0,0.0,2,64,18,0.28125,46.0,0.71875,0.71875,2
S13,EmaTentCaseS20E50B30M070,0.9302907586097717,0.9302907586097717,0.6790623664855957,1,0.2209127724170685,0.5,0.27908722758293153,0.0,0.0,3,64,55,0.859375,9.0,0.140625,0.859375,2
S13,EmaTentCaseS20E50B30M070,0.6589656472206116,0.6589656472206116,0.8294481635093689,1,0.3023103058338165,0.5,0.19768969416618346,0.0,0.0,4,21,21,1.0,,,1.0,1
S13,EmaTentCaseS10E50B40M070,0.8903706073760986,0.8903706073760986,0.698574960231781,1,0.14385175704956055,0.5,0.35614824295043945,0.0,0.0,0,64,22,0.34375,42.0,0.65625,0.65625,2
S13,EmaTentCaseS10E50B40M070,0.9789747595787048,0.9789747595787048,0.661224365234375,1,0.10841009616851807,0.5,0.39158990383148196,0.0,0.0,1,64,37,0.578125,27.0,0.421875,0.578125,2
S13,EmaTentCaseS10E50B40M070,0.9337447285652161,0.9337447285652161,0.7723098993301392,1,0.12650210857391359,0.5,0.37349789142608647,0.0,0.0,2,64,18,0.28125,46.0,0.71875,0.71875,2
S13,EmaTentCaseS10E50B40M070,0.9270038604736328,0.9270038604736328,0.679053008556366,1,0.1291984558105469,0.5,0.37080154418945316,0.0,0.0,3,64,55,0.859375,9.0,0.140625,0.859375,2
S13,EmaTentCaseS10E50B40M070,0.707801103591919,0.707801103591919,0.8069534301757812,1,0.21687955856323243,0.5,0.28312044143676757,0.0,0.0,4,21,21,1.0,,,1.0,1
S13,EmaTentCaseS10E50B40M075,0.8903706073760986,0.8903706073760986,0.698574960231781,1,0.14385175704956055,0.5,0.35614824295043945,0.0,0.0,0,64,22,0.34375,42.0,0.65625,0.65625,2
S13,EmaTentCaseS10E50B40M075,0.97883540391922,0.97883540391922,0.6568765044212341,1,0.10846583843231201,0.5,0.391534161567688,0.0,0.0,1,64,37,0.578125,27.0,0.421875,0.578125,2
S13,EmaTentCaseS10E50B40M075,0.9366788864135742,0.9366788864135742,0.7641435861587524,1,0.12532844543457033,0.5,0.3746715545654297,0.0,0.0,2,64,18,0.28125,46.0,0.71875,0.71875,2
S13,EmaTentCaseS10E50B40M075,0.9290920495986938,0.9290920495986938,0.6791123151779175,1,0.12836318016052248,0.5,0.37163681983947755,0.0,0.0,3,64,55,0.859375,9.0,0.140625,0.859375,2
S13,EmaTentCaseS10E50B40M075,0.7357367277145386,0.7357367277145386,0.7929858565330505,1,0.2057053089141846,0.5,0.29429469108581546,0.0,0.0,4,21,21,1.0,,,1.0,1
S13,EmaTentCaseS10E50B40M080,0.8903706073760986,0.8903706073760986,0.698574960231781,1,0.14385175704956055,0.5,0.35614824295043945,0.0,0.0,0,64,22,0.34375,42.0,0.65625,0.65625,2
S13,EmaTentCaseS10E50B40M080,0.9789615273475647,0.9789615273475647,0.6526286005973816,1,0.10841538906097413,0.5,0.3915846109390259,0.0,0.0,1,64,37,0.578125,27.0,0.421875,0.578125,2
S13,EmaTentCaseS10E50B40M080,0.939647912979126,0.939647912979126,0.7556856870651245,1,0.12414083480834961,0.5,0.3758591651916504,0.0,0.0,2,64,18,0.28125,46.0,0.71875,0.71875,2
S13,EmaTentCaseS10E50B40M080,0.9372206330299377,0.9372206330299377,0.6756578087806702,1,0.12511174678802492,0.5,0.3748882532119751,0.0,0.0,3,64,55,0.859375,9.0,0.140625,0.859375,2
S13,EmaTentCaseS10E50B40M080,0.7715936899185181,0.7715936899185181,0.7736502289772034,1,0.1913625240325928,0.5,0.30863747596740726,0.0,0.0,4,21,21,1.0,,,1.0,1
S13,EmaTentCaseS00E50B50M070,0.8903706073760986,0.8903706073760986,0.698574960231781,1,0.054814696311950684,0.5,0.4451853036880493,0.0,0.0,0,64,22,0.34375,42.0,0.65625,0.65625,2
S13,EmaTentCaseS00E50B50M070,0.9794217348098755,0.9794217348098755,0.6590981483459473,1,0.010289132595062256,0.5,0.48971086740493774,0.0,0.0,1,64,37,0.578125,27.0,0.421875,0.578125,2
S13,EmaTentCaseS00E50B50M070,0.9330806732177734,0.9330806732177734,0.7709953784942627,1,0.03345966339111328,0.5,0.4665403366088867,0.0,0.0,2,64,18,0.28125,46.0,0.71875,0.71875,2
S13,EmaTentCaseS00E50B50M070,0.9267869591712952,0.9267869591712952,0.6806912422180176,1,0.03660652041435242,0.5,0.4633934795856476,0.0,0.0,3,64,55,0.859375,9.0,0.140625,0.859375,2
S13,EmaTentCaseS00E50B50M070,0.7505777478218079,0.7505777478218079,0.7851895093917847,1,0.12471112608909607,0.5,0.37528887391090393,0.0,0.0,4,21,21,1.0,,,1.0,1
S13,EmaTentCaseS00E50B50M075,0.8903706073760986,0.8903706073760986,0.698574960231781,1,0.054814696311950684,0.5,0.4451853036880493,0.0,0.0,0,64,22,0.34375,42.0,0.65625,0.65625,2
S13,EmaTentCaseS00E50B50M075,0.9793568253517151,0.9793568253517151,0.6551841497421265,1,0.010321587324142456,0.5,0.48967841267585754,0.0,0.0,1,64,37,0.578125,27.0,0.421875,0.578125,2
S13,EmaTentCaseS00E50B50M075,0.9355248808860779,0.9355248808860779,0.7633558511734009,1,0.03223755955696106,0.5,0.46776244044303894,0.0,0.0,2,64,18,0.28125,46.0,0.71875,0.71875,2
S13,EmaTentCaseS00E50B50M075,0.9332704544067383,0.9332704544067383,0.6778741478919983,1,0.03336477279663086,0.5,0.46663522720336914,0.0,0.0,3,64,55,0.859375,9.0,0.140625,0.859375,2
S13,EmaTentCaseS00E50B50M075,0.7746273875236511,0.7746273875236511,0.7719324231147766,1,0.11268630623817444,0.5,0.38731369376182556,0.0,0.0,4,21,21,1.0,,,1.0,1
S13,EmaTentCaseS00E50B50M080,0.8903706073760986,0.8903706073760986,0.698574960231781,1,0.054814696311950684,0.5,0.4451853036880493,0.0,0.0,0,64,22,0.34375,42.0,0.65625,0.65625,2
S13,EmaTentCaseS00E50B50M080,0.9795547127723694,0.9795547127723694,0.6513251662254333,1,0.010222643613815308,0.5,0.4897773563861847,0.0,0.0,1,64,37,0.578125,27.0,0.421875,0.578125,2
S13,EmaTentCaseS00E50B50M080,0.9379969239234924,0.9379969239234924,0.7553420066833496,1,0.031001538038253784,0.5,0.4689984619617462,0.0,0.0,2,64,18,0.28125,46.0,0.71875,0.71875,2
S13,EmaTentCaseS00E50B50M080,0.9433879256248474,0.9433879256248474,0.6725932359695435,1,0.028306037187576294,0.5,0.4716939628124237,0.0,0.0,3,64,55,0.859375,9.0,0.140625,0.859375,2
S13,EmaTentCaseS00E50B50M080,0.8063576817512512,0.8063576817512512,0.7530813813209534,1,0.09682115912437439,0.5,0.4031788408756256,0.0,0.0,4,21,21,1.0,,,1.0,1
S13,EmaTentCaseS10E40B50M075,0.8903705477714539,0.8903705477714539,0.6985750198364258,1,0.15481472611427308,0.4,0.44518527388572693,0.0,0.0,0,64,22,0.34375,42.0,0.65625,0.65625,2
S13,EmaTentCaseS10E40B50M075,0.9795562624931335,0.9795562624931335,0.6513242721557617,1,0.11022186875343323,0.4,0.4897781312465668,0.0,0.0,1,64,37,0.578125,27.0,0.421875,0.578125,2
S13,EmaTentCaseS10E40B50M075,0.939041793346405,0.939041793346405,0.7544378042221069,1,0.1304791033267975,0.4,0.4695208966732025,0.0,0.0,2,64,18,0.28125,46.0,0.71875,0.71875,2
S13,EmaTentCaseS10E40B50M075,0.9440727233886719,0.9440727233886719,0.6726410388946533,1,0.12796363830566407,0.4,0.47203636169433594,0.0,0.0,3,64,55,0.859375,9.0,0.140625,0.859375,2
S13,EmaTentCaseS10E40B50M075,0.8240311145782471,0.8240311145782471,0.741791307926178,1,0.18798444271087647,0.4,0.41201555728912354,0.0,0.0,4,21,21,1.0,,,1.0,1
S14,EmaTentGridS20E50B30M075,0.8405368328094482,0.8405368328094482,0.7805474996566772,1,0.24783895015716553,0.5,0.25216104984283444,0.0,0.0,0,64,28,0.4375,36.0,0.5625,0.5625,2
S14,EmaTentGridS20E50B30M075,0.9976089000701904,0.9976089000701904,0.722564697265625,1,0.20071732997894287,0.5,0.29928267002105713,0.0,0.0,1,64,62,0.96875,2.0,0.03125,0.96875,2
S14,EmaTentGridS20E50B30M075,0.996190071105957,0.996190071105957,0.7706528902053833,1,0.2011429786682129,0.5,0.2988570213317871,0.0,0.0,2,64,33,0.515625,31.0,0.484375,0.515625,2
S14,EmaTentGridS20E50B30M075,0.6035177111625671,0.6035177111625671,0.8545806407928467,1,0.3189446866512299,0.5,0.18105531334877015,0.0,0.0,3,52,43,0.8269230769230769,9.0,0.17307692307692307,0.8269230769230769,2
S14,EmaTentCaseS20E50B30M060,0.8405368328094482,0.8405368328094482,0.7805474996566772,1,0.24783895015716553,0.5,0.25216104984283444,0.0,0.0,0,64,28,0.4375,36.0,0.5625,0.5625,2
S14,EmaTentCaseS20E50B30M060,0.9744235277175903,0.9744235277175903,0.6898050308227539,1,0.20767294168472292,0.5,0.2923270583152771,0.0,0.0,1,64,62,0.96875,2.0,0.03125,0.96875,2
S14,EmaTentCaseS20E50B30M060,0.9942759275436401,0.9942759275436401,0.7330395579338074,1,0.20171722173690798,0.5,0.298282778263092,0.0,0.0,2,64,33,0.515625,31.0,0.484375,0.515625,2
S14,EmaTentCaseS20E50B30M060,0.6699972152709961,0.6699972152709961,0.8287512063980103,1,0.29900083541870115,0.5,0.20099916458129882,0.0,0.0,3,52,43,0.8269230769230769,9.0,0.17307692307692307,0.8269230769230769,2
S14,EmaTentCaseS20E50B30M065,0.8405368328094482,0.8405368328094482,0.7805474996566772,1,0.24783895015716553,0.5,0.25216104984283444,0.0,0.0,0,64,28,0.4375,36.0,0.5625,0.5625,2
S14,EmaTentCaseS20E50B30M065,0.9849812984466553,0.9849812984466553,0.6990900039672852,1,0.20450561046600343,0.5,0.2954943895339966,0.0,0.0,1,64,62,0.96875,2.0,0.03125,0.96875,2
S14,EmaTentCaseS20E50B30M065,0.9949721097946167,0.9949721097946167,0.7427253723144531,1,0.201508367061615,0.5,0.298491632938385,0.0,0.0,2,64,33,0.515625,31.0,0.484375,0.515625,2
S14,EmaTentCaseS20E50B30M065,0.6497328281402588,0.6497328281402588,0.8368480801582336,1,0.30508015155792234,0.5,0.19491984844207763,0.0,0.0,3,52,43,0.8269230769230769,9.0,0.17307692307692307,0.8269230769230769,2
S14,EmaTentCaseS20E50B30M070,0.8405368328094482,0.8405368328094482,0.7805474996566772,1,0.24783895015716553,0.5,0.25216104984283444,0.0,0.0,0,64,28,0.4375,36.0,0.5625,0.5625,2
S14,EmaTentCaseS20E50B30M070,0.9926884174346924,0.9926884174346924,0.7103096842765808,1,0.2021934747695923,0.5,0.2978065252304077,0.0,0.0,1,64,62,0.96875,2.0,0.03125,0.96875,2
S14,EmaTentCaseS20E50B30M070,0.9956737756729126,0.9956737756729126,0.756184995174408,1,0.20129786729812624,0.5,0.2987021327018738,0.0,0.0,2,64,33,0.515625,31.0,0.484375,0.515625,2
S14,EmaTentCaseS20E50B30M070,0.6260544061660767,0.6260544061660767,0.8460838794708252,1,0.312183678150177,0.5,0.187816321849823,0.0,0.0,3,52,43,0.8269230769230769,9.0,0.17307692307692307,0.8269230769230769,2
S14,EmaTentCaseS10E50B40M070,0.8405368328094482,0.8405368328094482,0.7805474996566772,1,0.1637852668762207,0.5,0.3362147331237793,0.0,0.0,0,64,28,0.4375,36.0,0.5625,0.5625,2
S14,EmaTentCaseS10E50B40M070,0.9969409704208374,0.9969409704208374,0.7184061408042908,1,0.10122361183166505,0.5,0.398776388168335,0.0,0.0,1,64,62,0.96875,2.0,0.03125,0.96875,2
S14,EmaTentCaseS10E50B40M070,0.9957906603813171,0.9957906603813171,0.7675970792770386,1,0.10168373584747314,0.5,0.39831626415252686,0.0,0.0,2,64,33,0.515625,31.0,0.484375,0.515625,2
S14,EmaTentCaseS10E50B40M070,0.5960869789123535,0.5960869789123535,0.8582085967063904,1,0.2615652084350586,0.5,0.2384347915649414,0.0,0.0,3,52,43,0.8269230769230769,9.0,0.17307692307692307,0.8269230769230769,2
S14,EmaTentCaseS10E50B40M075,0.8405368328094482,0.8405368328094482,0.7805474996566772,1,0.1637852668762207,0.5,0.3362147331237793,0.0,0.0,0,64,28,0.4375,36.0,0.5625,0.5625,2
S14,EmaTentCaseS10E50B40M075,0.9993372559547424,0.9993372559547424,0.7287060022354126,1,0.10026509761810304,0.5,0.399734902381897,0.0,0.0,1,64,62,0.96875,2.0,0.03125,0.96875,2
S14,EmaTentCaseS10E50B40M075,0.9965208768844604,0.9965208768844604,0.7800754308700562,1,0.10139164924621583,0.5,0.3986083507537842,0.0,0.0,2,64,33,0.515625,31.0,0.484375,0.515625,2
S14,EmaTentCaseS10E50B40M075,0.5780072212219238,0.5780072212219238,0.8640486001968384,1,0.2687971115112305,0.5,0.23120288848876955,0.0,0.0,3,52,43,0.8269230769230769,9.0,0.17307692307692307,0.8269230769230769,2
S14,EmaTentCaseS10E50B40M080,0.8405368328094482,0.8405368328094482,0.7805474996566772,1,0.1637852668762207,0.5,0.3362147331237793,0.0,0.0,0,64,28,0.4375,36.0,0.5625,0.5625,2
S14,EmaTentCaseS10E50B40M080,0.999991774559021,0.999991774559021,0.7415781021118164,1,0.1000032901763916,0.5,0.3999967098236084,0.0,0.0,1,64,62,0.96875,2.0,0.03125,0.96875,2
S14,EmaTentCaseS10E50B40M080,0.996978759765625,0.996978759765625,0.7937535643577576,1,0.10120849609375,0.5,0.39879150390625,0.0,0.0,2,64,33,0.515625,31.0,0.484375,0.515625,2
S14,EmaTentCaseS10E50B40M080,0.5712108612060547,0.5712108612060547,0.865601658821106,1,0.27151565551757817,0.5,0.22848434448242189,0.0,0.0,3,52,43,0.8269230769230769,9.0,0.17307692307692307,0.8269230769230769,2
S14,EmaTentCaseS00E50B50M070,0.8405368328094482,0.8405368328094482,0.7805474996566772,1,0.07973158359527588,0.5,0.4202684164047241,0.0,0.0,0,64,28,0.4375,36.0,0.5625,0.5625,2
S14,EmaTentCaseS00E50B50M070,0.9986112117767334,0.9986112117767334,0.7253719568252563,1,0.0006943941116333008,0.5,0.4993056058883667,0.0,0.0,1,64,62,0.96875,2.0,0.03125,0.96875,2
S14,EmaTentCaseS00E50B50M070,0.9935271143913269,0.9935271143913269,0.7720329761505127,1,0.003236442804336548,0.5,0.49676355719566345,0.0,0.0,2,64,33,0.515625,31.0,0.484375,0.515625,2
S14,EmaTentCaseS00E50B50M070,0.5832465887069702,0.5832465887069702,0.8660836219787598,1,0.2083767056465149,0.5,0.2916232943534851,0.0,0.0,3,52,43,0.8269230769230769,9.0,0.17307692307692307,0.8269230769230769,2
S14,EmaTentCaseS00E50B50M075,0.8405368328094482,0.8405368328094482,0.7805474996566772,1,0.07973158359527588,0.5,0.4202684164047241,0.0,0.0,0,64,28,0.4375,36.0,0.5625,0.5625,2
S14,EmaTentCaseS00E50B50M075,0.9998601078987122,0.9998601078987122,0.734939694404602,1,6.99460506439209e-05,0.5,0.4999300539493561,0.0,0.0,1,64,62,0.96875,2.0,0.03125,0.96875,2
S14,EmaTentCaseS00E50B50M075,0.9952529072761536,0.9952529072761536,0.7861745357513428,1,0.0023735463619232178,0.5,0.4976264536380768,0.0,0.0,2,64,33,0.515625,31.0,0.484375,0.515625,2
S14,EmaTentCaseS00E50B50M075,0.5698360204696655,0.5698360204696655,0.8690648078918457,1,0.21508198976516724,0.5,0.28491801023483276,0.0,0.0,3,52,43,0.8269230769230769,9.0,0.17307692307692307,0.8269230769230769,2
S14,EmaTentCaseS00E50B50M080,0.8405368328094482,0.8405368328094482,0.7805474996566772,1,0.07973158359527588,0.5,0.4202684164047241,0.0,0.0,0,64,28,0.4375,36.0,0.5625,0.5625,2
S14,EmaTentCaseS00E50B50M080,0.9998169541358948,0.9998169541358948,0.7471168041229248,1,9.15229320526123e-05,0.5,0.4999084770679474,0.0,0.0,1,64,62,0.96875,2.0,0.03125,0.96875,2
S14,EmaTentCaseS00E50B50M080,0.9963819980621338,0.9963819980621338,0.7990269660949707,1,0.0018090009689331055,0.5,0.4981909990310669,0.0,0.0,2,64,33,0.515625,31.0,0.484375,0.515625,2
S14,EmaTentCaseS00E50B50M080,0.5658486485481262,0.5658486485481262,0.8696244359016418,1,0.2170756757259369,0.5,0.2829243242740631,0.0,0.0,3,52,43,0.8269230769230769,9.0,0.17307692307692307,0.8269230769230769,2
S14,EmaTentCaseS10E40B50M075,0.8405347466468811,0.8405347466468811,0.7805479168891907,1,0.17973262667655945,0.4,0.42026737332344055,0.0,0.0,0,64,28,0.4375,36.0,0.5625,0.5625,2
S14,EmaTentCaseS10E40B50M075,0.9998168349266052,0.9998168349266052,0.7471165657043457,1,0.1000915825366974,0.4,0.4999084174633026,0.0,0.0,1,64,62,0.96875,2.0,0.03125,0.96875,2
S14,EmaTentCaseS10E40B50M075,0.9968196749687195,0.9968196749687195,0.8002912998199463,1,0.10159016251564026,0.4,0.49840983748435974,0.0,0.0,2,64,33,0.515625,31.0,0.484375,0.515625,2
S14,EmaTentCaseS10E40B50M075,0.5652053356170654,0.5652053356170654,0.8700648546218872,1,0.31739733219146726,0.4,0.2826026678085327,0.0,0.0,3,52,43,0.8269230769230769,9.0,0.17307692307692307,0.8269230769230769,2
S15,EmaTentGridS20E50B30M075,0.9757687449455261,0.9757687449455261,0.675233006477356,1,0.20726937651634217,0.5,0.2927306234836578,0.0,0.0,0,64,31,0.484375,33.0,0.515625,0.515625,2
S15,EmaTentGridS20E50B30M075,0.9819821715354919,0.9819821715354919,0.669829249382019,1,0.20540534853935244,0.5,0.29459465146064756,0.0,0.0,1,64,30,0.46875,34.0,0.53125,0.53125,2
S15,EmaTentGridS20E50B30M075,0.8113924860954285,0.8113924860954285,0.8348937630653381,1,0.2565822541713715,0.5,0.24341774582862852,0.0,0.0,2,64,40,0.625,24.0,0.375,0.625,2
S15,EmaTentGridS20E50B30M075,0.7906612753868103,0.7906612753868103,0.7833280563354492,1,0.2628016173839569,0.5,0.2371983826160431,0.0,0.0,3,64,31,0.484375,33.0,0.515625,0.515625,2
S15,EmaTentGridS20E50B30M075,0.6627216339111328,0.6627216339111328,0.8277959823608398,1,0.30118350982666015,0.5,0.19881649017333983,0.0,0.0,4,64,26,0.40625,38.0,0.59375,0.59375,2
S15,EmaTentCaseS20E50B30M060,0.9757687449455261,0.9757687449455261,0.675233006477356,1,0.20726937651634217,0.5,0.2927306234836578,0.0,0.0,0,64,31,0.484375,33.0,0.515625,0.515625,2
S15,EmaTentCaseS20E50B30M060,0.9999772906303406,0.9999772906303406,0.6350581645965576,1,0.20000681281089783,0.5,0.2999931871891022,0.0,0.0,1,64,30,0.46875,34.0,0.53125,0.53125,2
S15,EmaTentCaseS20E50B30M060,0.6814045310020447,0.6814045310020447,0.8686448335647583,1,0.2955786406993866,0.5,0.2044213593006134,0.0,0.0,2,64,40,0.625,24.0,0.375,0.625,2
S15,EmaTentCaseS20E50B30M060,0.7604660987854004,0.7604660987854004,0.7844507694244385,1,0.27186017036437987,0.5,0.2281398296356201,0.0,0.0,3,64,31,0.484375,33.0,0.515625,0.515625,2
S15,EmaTentCaseS20E50B30M060,0.6748782396316528,0.6748782396316528,0.8223639726638794,1,0.29753652811050413,0.5,0.20246347188949584,0.0,0.0,4,64,26,0.40625,38.0,0.59375,0.59375,2
S15,EmaTentCaseS20E50B30M065,0.9757687449455261,0.9757687449455261,0.675233006477356,1,0.20726937651634217,0.5,0.2927306234836578,0.0,0.0,0,64,31,0.484375,33.0,0.515625,0.515625,2
S15,EmaTentCaseS20E50B30M065,0.9984060525894165,0.9984060525894165,0.6431001424789429,1,0.20047818422317507,0.5,0.29952181577682496,0.0,0.0,1,64,30,0.46875,34.0,0.53125,0.53125,2
S15,EmaTentCaseS20E50B30M065,0.7270427942276001,0.7270427942276001,0.8560498952865601,1,0.28188716173171996,0.5,0.21811283826828,0.0,0.0,2,64,40,0.625,24.0,0.375,0.625,2
S15,EmaTentCaseS20E50B30M065,0.7616846561431885,0.7616846561431885,0.7880910634994507,1,0.27149460315704343,0.5,0.22850539684295654,0.0,0.0,3,64,31,0.484375,33.0,0.515625,0.515625,2
S15,EmaTentCaseS20E50B30M065,0.6669520735740662,0.6669520735740662,0.825920581817627,1,0.29991437792778014,0.5,0.20008562207221983,0.0,0.0,4,64,26,0.40625,38.0,0.59375,0.59375,2
S15,EmaTentCaseS20E50B30M070,0.9757687449455261,0.9757687449455261,0.675233006477356,1,0.20726937651634217,0.5,0.2927306234836578,0.0,0.0,0,64,31,0.484375,33.0,0.515625,0.515625,2
S15,EmaTentCaseS20E50B30M070,0.9925349354743958,0.9925349354743958,0.6549370288848877,1,0.20223951935768128,0.5,0.2977604806423187,0.0,0.0,1,64,30,0.46875,34.0,0.53125,0.53125,2
S15,EmaTentCaseS20E50B30M070,0.7714836597442627,0.7714836597442627,0.8429316282272339,1,0.26855490207672117,0.5,0.2314450979232788,0.0,0.0,2,64,40,0.625,24.0,0.375,0.625,2
S15,EmaTentCaseS20E50B30M070,0.7733727097511292,0.7733727097511292,0.7868699431419373,1,0.26798818707466127,0.5,0.23201181292533873,0.0,0.0,3,64,31,0.484375,33.0,0.515625,0.515625,2
S15,EmaTentCaseS20E50B30M070,0.6607649326324463,0.6607649326324463,0.8286582827568054,1,0.3017705202102661,0.5,0.19822947978973388,0.0,0.0,4,64,26,0.40625,38.0,0.59375,0.59375,2
S15,EmaTentCaseS10E50B40M070,0.9757687449455261,0.9757687449455261,0.675233006477356,1,0.10969250202178955,0.5,0.39030749797821046,0.0,0.0,0,64,31,0.484375,33.0,0.515625,0.515625,2
S15,EmaTentCaseS10E50B40M070,0.9827336072921753,0.9827336072921753,0.6704612970352173,1,0.10690655708312989,0.5,0.39309344291687015,0.0,0.0,1,64,30,0.46875,34.0,0.53125,0.53125,2
S15,EmaTentCaseS10E50B40M070,0.7737124562263489,0.7737124562263489,0.8445068001747131,1,0.19051501750946045,0.5,0.3094849824905396,0.0,0.0,2,64,40,0.625,24.0,0.375,0.625,2
S15,EmaTentCaseS10E50B40M070,0.7772884964942932,0.7772884964942932,0.7871904969215393,1,0.18908460140228273,0.5,0.31091539859771733,0.0,0.0,3,64,31,0.484375,33.0,0.515625,0.515625,2
S15,EmaTentCaseS10E50B40M070,0.658173143863678,0.658173143863678,0.8297951817512512,1,0.23673074245452883,0.5,0.2632692575454712,0.0,0.0,4,64,26,0.40625,38.0,0.59375,0.59375,2
S15,EmaTentCaseS10E50B40M075,0.9757687449455261,0.9757687449455261,0.675233006477356,1,0.10969250202178955,0.5,0.39030749797821046,0.0,0.0,0,64,31,0.484375,33.0,0.515625,0.515625,2
S15,EmaTentCaseS10E50B40M075,0.9702286124229431,0.9702286124229431,0.6850364208221436,1,0.11190855503082275,0.5,0.38809144496917725,0.0,0.0,1,64,30,0.46875,34.0,0.53125,0.53125,2
S15,EmaTentCaseS10E50B40M075,0.8107958436012268,0.8107958436012268,0.836744487285614,1,0.1756816625595093,0.5,0.32431833744049077,0.0,0.0,2,64,40,0.625,24.0,0.375,0.625,2
S15,EmaTentCaseS10E50B40M075,0.8024235963821411,0.8024235963821411,0.7798025012016296,1,0.17903056144714358,0.5,0.3209694385528565,0.0,0.0,3,64,31,0.484375,33.0,0.515625,0.515625,2
S15,EmaTentCaseS10E50B40M075,0.6711393594741821,0.6711393594741821,0.8240486979484558,1,0.23154425621032715,0.5,0.26845574378967285,0.0,0.0,4,64,26,0.40625,38.0,0.59375,0.59375,2
S15,EmaTentCaseS10E50B40M080,0.9757687449455261,0.9757687449455261,0.675233006477356,1,0.10969250202178955,0.5,0.39030749797821046,0.0,0.0,0,64,31,0.484375,33.0,0.515625,0.515625,2
S15,EmaTentCaseS10E50B40M080,0.9547417163848877,0.9547417163848877,0.699820339679718,1,0.11810331344604492,0.5,0.3818966865539551,0.0,0.0,1,64,30,0.46875,34.0,0.53125,0.53125,2
S15,EmaTentCaseS10E50B40M080,0.843728244304657,0.843728244304657,0.8302239179611206,1,0.1625087022781372,0.5,0.3374912977218628,0.0,0.0,2,64,40,0.625,24.0,0.375,0.625,2
S15,EmaTentCaseS10E50B40M080,0.8250262141227722,0.8250262141227722,0.7710785865783691,1,0.1699895143508911,0.5,0.3300104856491089,0.0,0.0,3,64,31,0.484375,33.0,0.515625,0.515625,2
S15,EmaTentCaseS10E50B40M080,0.6944506168365479,0.6944506168365479,0.8159077167510986,1,0.22221975326538088,0.5,0.27778024673461915,0.0,0.0,4,64,26,0.40625,38.0,0.59375,0.59375,2
S15,EmaTentCaseS00E50B50M070,0.9757687449455261,0.9757687449455261,0.675233006477356,1,0.012115627527236938,0.5,0.48788437247276306,0.0,0.0,0,64,31,0.484375,33.0,0.515625,0.515625,2
S15,EmaTentCaseS00E50B50M070,0.9690709710121155,0.9690709710121155,0.6876617670059204,1,0.01546451449394226,0.5,0.48453548550605774,0.0,0.0,1,64,30,0.46875,34.0,0.53125,0.53125,2
S15,EmaTentCaseS00E50B50M070,0.7741979360580444,0.7741979360580444,0.8456999063491821,1,0.11290103197097778,0.5,0.3870989680290222,0.0,0.0,2,64,40,0.625,24.0,0.375,0.625,2
S15,EmaTentCaseS00E50B50M070,0.7889984250068665,0.7889984250068665,0.7840154767036438,1,0.10550078749656677,0.5,0.3944992125034332,0.0,0.0,3,64,31,0.484375,33.0,0.515625,0.515625,2
S15,EmaTentCaseS00E50B50M070,0.6723350286483765,0.6723350286483765,0.8235113024711609,1,0.16383248567581177,0.5,0.33616751432418823,0.0,0.0,4,64,26,0.40625,38.0,0.59375,0.59375,2
S15,EmaTentCaseS00E50B50M075,0.9757687449455261,0.9757687449455261,0.675233006477356,1,0.012115627527236938,0.5,0.48788437247276306,0.0,0.0,0,64,31,0.484375,33.0,0.515625,0.515625,2
S15,EmaTentCaseS00E50B50M075,0.9560785293579102,0.9560785293579102,0.6997424960136414,1,0.021960735321044922,0.5,0.4780392646789551,0.0,0.0,1,64,30,0.46875,34.0,0.53125,0.53125,2
S15,EmaTentCaseS00E50B50M075,0.8101693391799927,0.8101693391799927,0.83769690990448,1,0.09491533041000366,0.5,0.40508466958999634,0.0,0.0,2,64,40,0.625,24.0,0.375,0.625,2
S15,EmaTentCaseS00E50B50M075,0.817586362361908,0.817586362361908,0.7741563320159912,1,0.09120681881904602,0.5,0.408793181180954,0.0,0.0,3,64,31,0.484375,33.0,0.515625,0.515625,2
S15,EmaTentCaseS00E50B50M075,0.6922478079795837,0.6922478079795837,0.8154153823852539,1,0.15387609601020813,0.5,0.34612390398979187,0.0,0.0,4,64,26,0.40625,38.0,0.59375,0.59375,2
S15,EmaTentCaseS00E50B50M080,0.9757687449455261,0.9757687449455261,0.675233006477356,1,0.012115627527236938,0.5,0.48788437247276306,0.0,0.0,0,64,31,0.484375,33.0,0.515625,0.515625,2
S15,EmaTentCaseS00E50B50M080,0.9412857890129089,0.9412857890129089,0.7116945385932922,1,0.029357105493545532,0.5,0.47064289450645447,0.0,0.0,1,64,30,0.46875,34.0,0.53125,0.53125,2
S15,EmaTentCaseS00E50B50M080,0.8418087363243103,0.8418087363243103,0.8312973976135254,1,0.07909563183784485,0.5,0.42090436816215515,0.0,0.0,2,64,40,0.625,24.0,0.375,0.625,2
S15,EmaTentCaseS00E50B50M080,0.8407561182975769,0.8407561182975769,0.7640727758407593,1,0.07962194085121155,0.5,0.42037805914878845,0.0,0.0,3,64,31,0.484375,33.0,0.515625,0.515625,2
S15,EmaTentCaseS00E50B50M080,0.7199726104736328,0.7199726104736328,0.80569988489151,1,0.1400136947631836,0.5,0.3599863052368164,0.0,0.0,4,64,26,0.40625,38.0,0.59375,0.59375,2
S15,EmaTentCaseS10E40B50M075,0.97576904296875,0.97576904296875,0.6752334833145142,1,0.112115478515625,0.4,0.487884521484375,0.0,0.0,0,64,31,0.484375,33.0,0.515625,0.515625,2
S15,EmaTentCaseS10E40B50M075,0.9412856101989746,0.9412856101989746,0.711694598197937,1,0.1293571949005127,0.4,0.4706428050994873,0.0,0.0,1,64,30,0.46875,34.0,0.53125,0.53125,2
S15,EmaTentCaseS10E40B50M075,0.8433883786201477,0.8433883786201477,0.8309846520423889,1,0.17830581068992615,0.4,0.42169418931007385,0.0,0.0,2,64,40,0.625,24.0,0.375,0.625,2
S15,EmaTentCaseS10E40B50M075,0.8323526978492737,0.8323526978492737,0.7663583755493164,1,0.18382365107536316,0.4,0.41617634892463684,0.0,0.0,3,64,31,0.484375,33.0,0.515625,0.515625,2
S15,EmaTentCaseS10E40B50M075,0.7306159138679504,0.7306159138679504,0.8004862666130066,1,0.23469204306602479,0.4,0.3653079569339752,0.0,0.0,4,64,26,0.40625,38.0,0.59375,0.59375,2
S16,EmaTentGridS20E50B30M075,0.7224241495132446,0.7224241495132446,0.8926771879196167,1,0.2832727551460266,0.5,0.21672724485397338,0.0,0.0,0,64,17,0.265625,47.0,0.734375,0.734375,2
S16,EmaTentGridS20E50B30M075,0.8882282972335815,0.8882282972335815,0.7695727348327637,1,0.23353151082992554,0.5,0.26646848917007443,0.0,0.0,1,64,54,0.84375,10.0,0.15625,0.84375,2
S16,EmaTentGridS20E50B30M075,0.9682912230491638,0.9682912230491638,0.7540958523750305,1,0.20951263308525087,0.5,0.29048736691474913,0.0,0.0,2,64,31,0.484375,33.0,0.515625,0.515625,2
S16,EmaTentGridS20E50B30M075,0.988409161567688,0.988409161567688,0.7121534943580627,1,0.20347725152969362,0.5,0.2965227484703064,0.0,0.0,3,29,2,0.06896551724137931,27.0,0.9310344827586207,0.9310344827586207,2
S16,EmaTentCaseS20E50B30M060,0.7224241495132446,0.7224241495132446,0.8926771879196167,1,0.2832727551460266,0.5,0.21672724485397338,0.0,0.0,0,64,17,0.265625,47.0,0.734375,0.734375,2
S16,EmaTentCaseS20E50B30M060,0.8785091042518616,0.8785091042518616,0.7511646151542664,1,0.23644726872444155,0.5,0.26355273127555845,0.0,0.0,1,64,54,0.84375,10.0,0.15625,0.84375,2
S16,EmaTentCaseS20E50B30M060,0.9990435838699341,0.9990435838699341,0.721839189529419,1,0.20028692483901978,0.5,0.2997130751609802,0.0,0.0,2,64,31,0.484375,33.0,0.515625,0.515625,2
S16,EmaTentCaseS20E50B30M060,0.9971076250076294,0.9971076250076294,0.6824051141738892,1,0.20086771249771118,0.5,0.2991322875022888,0.0,0.0,3,29,2,0.06896551724137931,27.0,0.9310344827586207,0.9310344827586207,2
S16,EmaTentCaseS20E50B30M065,0.7224241495132446,0.7224241495132446,0.8926771879196167,1,0.2832727551460266,0.5,0.21672724485397338,0.0,0.0,0,64,17,0.265625,47.0,0.734375,0.734375,2
S16,EmaTentCaseS20E50B30M065,0.8894533514976501,0.8894533514976501,0.7534898519515991,1,0.23316399455070497,0.5,0.26683600544929503,0.0,0.0,1,64,54,0.84375,10.0,0.15625,0.84375,2
S16,EmaTentCaseS20E50B30M065,0.9935701489448547,0.9935701489448547,0.7301937341690063,1,0.2019289553165436,0.5,0.2980710446834564,0.0,0.0,2,64,31,0.484375,33.0,0.515625,0.515625,2
S16,EmaTentCaseS20E50B30M065,0.9919520616531372,0.9919520616531372,0.690693199634552,1,0.20241438150405885,0.5,0.2975856184959412,0.0,0.0,3,29,2,0.06896551724137931,27.0,0.9310344827586207,0.9310344827586207,2
S16,EmaTentCaseS20E50B30M070,0.7224241495132446,0.7224241495132446,0.8926771879196167,1,0.2832727551460266,0.5,0.21672724485397338,0.0,0.0,0,64,17,0.265625,47.0,0.734375,0.734375,2
S16,EmaTentCaseS20E50B30M070,0.8924270868301392,0.8924270868301392,0.7589787244796753,1,0.23227187395095827,0.5,0.2677281260490417,0.0,0.0,1,64,54,0.84375,10.0,0.15625,0.84375,2
S16,EmaTentCaseS20E50B30M070,0.9831039309501648,0.9831039309501648,0.7418346405029297,1,0.20506882071495058,0.5,0.2949311792850494,0.0,0.0,2,64,31,0.484375,33.0,0.515625,0.515625,2
S16,EmaTentCaseS20E50B30M070,0.9880220293998718,0.9880220293998718,0.7015450596809387,1,0.20359339118003847,0.5,0.29640660881996156,0.0,0.0,3,29,2,0.06896551724137931,27.0,0.9310344827586207,0.9310344827586207,2
S16,EmaTentCaseS10E50B40M070,0.7224241495132446,0.7224241495132446,0.8926771879196167,1,0.21103034019470215,0.5,0.2889696598052979,0.0,0.0,0,64,17,0.265625,47.0,0.734375,0.734375,2
S16,EmaTentCaseS10E50B40M070,0.8931069374084473,0.8931069374084473,0.7630317211151123,1,0.1427572250366211,0.5,0.3572427749633789,0.0,0.0,1,64,54,0.84375,10.0,0.15625,0.84375,2
S16,EmaTentCaseS10E50B40M070,0.9816234707832336,0.9816234707832336,0.7506552934646606,1,0.10735061168670655,0.5,0.3926493883132935,0.0,0.0,2,64,31,0.484375,33.0,0.515625,0.515625,2
S16,EmaTentCaseS10E50B40M070,0.9961092472076416,0.9961092472076416,0.7197425961494446,1,0.10155630111694336,0.5,0.39844369888305664,0.0,0.0,3,29,2,0.06896551724137931,27.0,0.9310344827586207,0.9310344827586207,2
S16,EmaTentCaseS10E50B40M075,0.7224241495132446,0.7224241495132446,0.8926771879196167,1,0.21103034019470215,0.5,0.2889696598052979,0.0,0.0,0,64,17,0.265625,47.0,0.734375,0.734375,2
S16,EmaTentCaseS10E50B40M075,0.8858507871627808,0.8858507871627808,0.7748425602912903,1,0.1456596851348877,0.5,0.3543403148651123,0.0,0.0,1,64,54,0.84375,10.0,0.15625,0.84375,2
S16,EmaTentCaseS10E50B40M075,0.9673427939414978,0.9673427939414978,0.7626784443855286,1,0.11306288242340089,0.5,0.38693711757659915,0.0,0.0,2,64,31,0.484375,33.0,0.515625,0.515625,2
S16,EmaTentCaseS10E50B40M075,0.9955145120620728,0.9955145120620728,0.729628324508667,1,0.10179419517517091,0.5,0.39820580482482915,0.0,0.0,3,29,2,0.06896551724137931,27.0,0.9310344827586207,0.9310344827586207,2
S16,EmaTentCaseS10E50B40M080,0.7224241495132446,0.7224241495132446,0.8926771879196167,1,0.21103034019470215,0.5,0.2889696598052979,0.0,0.0,0,64,17,0.265625,47.0,0.734375,0.734375,2
S16,EmaTentCaseS10E50B40M080,0.8679831027984619,0.8679831027984619,0.7897226810455322,1,0.15280675888061523,0.5,0.34719324111938477,0.0,0.0,1,64,54,0.84375,10.0,0.15625,0.84375,2
S16,EmaTentCaseS10E50B40M080,0.9488272666931152,0.9488272666931152,0.7779110074043274,1,0.1204690933227539,0.5,0.3795309066772461,0.0,0.0,2,64,31,0.484375,33.0,0.515625,0.515625,2
S16,EmaTentCaseS10E50B40M080,0.9979525208473206,0.9979525208473206,0.7435906529426575,1,0.10081899166107178,0.5,0.3991810083389282,0.0,0.0,3,29,2,0.06896551724137931,27.0,0.9310344827586207,0.9310344827586207,2
S16,EmaTentCaseS00E50B50M070,0.7224241495132446,0.7224241495132446,0.8926771879196167,1,0.13878792524337769,0.5,0.3612120747566223,0.0,0.0,0,64,17,0.265625,47.0,0.734375,0.734375,2
S16,EmaTentCaseS00E50B50M070,0.8942260146141052,0.8942260146141052,0.7672057747840881,1,0.05288699269294739,0.5,0.4471130073070526,0.0,0.0,1,64,54,0.84375,10.0,0.15625,0.84375,2
S16,EmaTentCaseS00E50B50M070,0.9816038608551025,0.9816038608551025,0.758865237236023,1,0.00919806957244873,0.5,0.49080193042755127,0.0,0.0,2,64,31,0.484375,33.0,0.515625,0.515625,2
S16,EmaTentCaseS00E50B50M070,0.9999942183494568,0.9999942183494568,0.7486211657524109,1,2.8908252716064453e-06,0.5,0.4999971091747284,0.0,0.0,3,29,2,0.06896551724137931,27.0,0.9310344827586207,0.9310344827586207,2
S16,EmaTentCaseS00E50B50M075,0.7224241495132446,0.7224241495132446,0.8926771879196167,1,0.13878792524337769,0.5,0.3612120747566223,0.0,0.0,0,64,17,0.265625,47.0,0.734375,0.734375,2
S16,EmaTentCaseS00E50B50M075,0.883869469165802,0.883869469165802,0.7793987989425659,1,0.058065265417099,0.5,0.441934734582901,0.0,0.0,1,64,54,0.84375,10.0,0.15625,0.84375,2
S16,EmaTentCaseS00E50B50M075,0.9672390222549438,0.9672390222549438,0.7711552381515503,1,0.016380488872528076,0.5,0.4836195111274719,0.0,0.0,2,64,31,0.484375,33.0,0.515625,0.515625,2
S16,EmaTentCaseS00E50B50M075,0.999713122844696,0.999713122844696,0.7532715797424316,1,0.00014343857765197754,0.5,0.499856561422348,0.0,0.0,3,29,2,0.06896551724137931,27.0,0.9310344827586207,0.9310344827586207,2
S16,EmaTentCaseS00E50B50M080,0.7224241495132446,0.7224241495132446,0.8926771879196167,1,0.13878792524337769,0.5,0.3612120747566223,0.0,0.0,0,64,17,0.265625,47.0,0.734375,0.734375,2
S16,EmaTentCaseS00E50B50M080,0.8640855550765991,0.8640855550765991,0.7949246764183044,1,0.06795722246170044,0.5,0.43204277753829956,0.0,0.0,1,64,54,0.84375,10.0,0.15625,0.84375,2
S16,EmaTentCaseS00E50B50M080,0.9483923316001892,0.9483923316001892,0.7843374013900757,1,0.025803834199905396,0.5,0.4741961658000946,0.0,0.0,2,64,31,0.484375,33.0,0.515625,0.515625,2
S16,EmaTentCaseS00E50B50M080,0.9999939799308777,0.9999939799308777,0.7631149291992188,1,3.0100345611572266e-06,0.5,0.49999698996543884,0.0,0.0,3,29,2,0.06896551724137931,27.0,0.9310344827586207,0.9310344827586207,2
S16,EmaTentCaseS10E40B50M075,0.7224202752113342,0.7224202752113342,0.8926785588264465,1,0.2387898623943329,0.4,0.3612101376056671,0.0,0.0,0,64,17,0.265625,47.0,0.734375,0.734375,2
S16,EmaTentCaseS10E40B50M075,0.864081084728241,0.864081084728241,0.7949259281158447,1,0.16795945763587952,0.4,0.4320405423641205,0.0,0.0,1,64,54,0.84375,10.0,0.15625,0.84375,2
S16,EmaTentCaseS10E40B50M075,0.9481855034828186,0.9481855034828186,0.7858267426490784,1,0.1259072482585907,0.4,0.4740927517414093,0.0,0.0,2,64,31,0.484375,33.0,0.515625,0.515625,2
S16,EmaTentCaseS10E40B50M075,0.9995715618133545,0.9995715618133545,0.7683663964271545,1,0.10021421909332276,0.4,0.49978578090667725,0.0,0.0,3,29,2,0.06896551724137931,27.0,0.9310344827586207,0.9310344827586207,2
S17,EmaTentGridS20E50B30M075,0.21182793378829956,0.21182793378829956,0.966463565826416,1,0.4364516198635101,0.5,0.06354838013648986,0.0,0.0,0,64,38,0.59375,26.0,0.40625,0.59375,2
S17,EmaTentGridS20E50B30M075,0.6447930335998535,0.6447930335998535,0.8355742692947388,1,0.30656208992004397,0.5,0.19343791007995606,0.0,0.0,1,64,51,0.796875,13.0,0.203125,0.796875,2
S17,EmaTentGridS20E50B30M075,0.9999871850013733,0.9999871850013733,0.6053615212440491,1,0.20000384449958802,0.5,0.299996155500412,0.0,0.0,2,64,22,0.34375,42.0,0.65625,0.65625,2
S17,EmaTentGridS20E50B30M075,0.9489959478378296,0.9489959478378296,0.6811257004737854,1,0.21530121564865112,0.5,0.2846987843513489,0.0,0.0,3,64,39,0.609375,25.0,0.390625,0.609375,2
S17,EmaTentGridS20E50B30M075,0.9430907964706421,0.9430907964706421,0.640636682510376,1,0.21707276105880738,0.5,0.2829272389411926,0.0,0.0,4,30,0,0.0,30.0,1.0,1.0,1
S17,EmaTentCaseS20E50B30M060,0.21182793378829956,0.21182793378829956,0.966463565826416,1,0.4364516198635101,0.5,0.06354838013648986,0.0,0.0,0,64,38,0.59375,26.0,0.40625,0.59375,2
S17,EmaTentCaseS20E50B30M060,0.9962748289108276,0.9962748289108276,0.6192461252212524,1,0.20111755132675171,0.5,0.29888244867324826,0.0,0.0,1,64,51,0.796875,13.0,0.203125,0.796875,2
S17,EmaTentCaseS20E50B30M060,0.9345914125442505,0.9345914125442505,0.6557912826538086,1,0.21962257623672488,0.5,0.2803774237632751,0.0,0.0,2,64,22,0.34375,42.0,0.65625,0.65625,2
S17,EmaTentCaseS20E50B30M060,0.9800770878791809,0.9800770878791809,0.6409682035446167,1,0.20597687363624573,0.5,0.2940231263637543,0.0,0.0,3,64,39,0.609375,25.0,0.390625,0.609375,2
S17,EmaTentCaseS20E50B30M060,0.923169732093811,0.923169732093811,0.6653838157653809,1,0.2230490803718567,0.5,0.2769509196281433,0.0,0.0,4,30,0,0.0,30.0,1.0,1.0,1
S17,EmaTentCaseS20E50B30M065,0.21182793378829956,0.21182793378829956,0.966463565826416,1,0.4364516198635101,0.5,0.06354838013648986,0.0,0.0,0,64,38,0.59375,26.0,0.40625,0.59375,2
S17,EmaTentCaseS20E50B30M065,0.9324758052825928,0.9324758052825928,0.6725937128067017,1,0.22025725841522217,0.5,0.2797427415847778,0.0,0.0,1,64,51,0.796875,13.0,0.203125,0.796875,2
S17,EmaTentCaseS20E50B30M065,0.968634843826294,0.968634843826294,0.6304610967636108,1,0.20940954685211183,0.5,0.2905904531478882,0.0,0.0,2,64,22,0.34375,42.0,0.65625,0.65625,2
S17,EmaTentCaseS20E50B30M065,0.9997321963310242,0.9997321963310242,0.6305556297302246,1,0.20008034110069275,0.5,0.2999196588993072,0.0,0.0,3,64,39,0.609375,25.0,0.390625,0.609375,2
S17,EmaTentCaseS20E50B30M065,0.923595666885376,0.923595666885376,0.6641923785209656,1,0.22292129993438722,0.5,0.2770787000656128,0.0,0.0,4,30,0,0.0,30.0,1.0,1.0,1
S17,EmaTentCaseS20E50B30M070,0.21182793378829956,0.21182793378829956,0.966463565826416,1,0.4364516198635101,0.5,0.06354838013648986,0.0,0.0,0,64,38,0.59375,26.0,0.40625,0.59375,2
S17,EmaTentCaseS20E50B30M070,0.8035969138145447,0.8035969138145447,0.7592326402664185,1,0.2589209258556366,0.5,0.2410790741443634,0.0,0.0,1,64,51,0.796875,13.0,0.203125,0.796875,2
S17,EmaTentCaseS20E50B30M070,0.990423321723938,0.990423321723938,0.6123323440551758,1,0.20287300348281861,0.5,0.2971269965171814,0.0,0.0,2,64,22,0.34375,42.0,0.65625,0.65625,2
S17,EmaTentCaseS20E50B30M070,0.989263117313385,0.989263117313385,0.637580394744873,1,0.2032210648059845,0.5,0.2967789351940155,0.0,0.0,3,64,39,0.609375,25.0,0.390625,0.609375,2
S17,EmaTentCaseS20E50B30M070,0.9283066391944885,0.9283066391944885,0.6582743525505066,1,0.22150800824165345,0.5,0.27849199175834655,0.0,0.0,4,30,0,0.0,30.0,1.0,1.0,1
S17,EmaTentCaseS10E50B40M070,0.21182793378829956,0.21182793378829956,0.966463565826416,1,0.4152688264846802,0.5,0.08473117351531984,0.0,0.0,0,64,38,0.59375,26.0,0.40625,0.59375,2
S17,EmaTentCaseS10E50B40M070,0.771612286567688,0.771612286567688,0.7765927314758301,1,0.1913550853729248,0.5,0.3086449146270752,0.0,0.0,1,64,51,0.796875,13.0,0.203125,0.796875,2
S17,EmaTentCaseS10E50B40M070,0.9989340305328369,0.9989340305328369,0.604350209236145,1,0.10042638778686525,0.5,0.3995736122131348,0.0,0.0,2,64,22,0.34375,42.0,0.65625,0.65625,2
S17,EmaTentCaseS10E50B40M070,0.9720120429992676,0.9720120429992676,0.6581487059593201,1,0.11119518280029297,0.5,0.38880481719970705,0.0,0.0,3,64,39,0.609375,25.0,0.390625,0.609375,2
S17,EmaTentCaseS10E50B40M070,0.9378072619438171,0.9378072619438171,0.6494089961051941,1,0.12487709522247314,0.5,0.37512290477752686,0.0,0.0,4,30,0,0.0,30.0,1.0,1.0,1
S17,EmaTentCaseS10E50B40M075,0.21182793378829956,0.21182793378829956,0.966463565826416,1,0.4152688264846802,0.5,0.08473117351531984,0.0,0.0,0,64,38,0.59375,26.0,0.40625,0.59375,2
S17,EmaTentCaseS10E50B40M075,0.6161931157112122,0.6161931157112122,0.8474466800689697,1,0.25352275371551514,0.5,0.24647724628448486,0.0,0.0,1,64,51,0.796875,13.0,0.203125,0.796875,2
S17,EmaTentCaseS10E50B40M075,0.9951242804527283,0.9951242804527283,0.6141253113746643,1,0.10195028781890869,0.5,0.3980497121810913,0.0,0.0,2,64,22,0.34375,42.0,0.65625,0.65625,2
S17,EmaTentCaseS10E50B40M075,0.9176843166351318,0.9176843166351318,0.7062262296676636,1,0.13292627334594728,0.5,0.36707372665405275,0.0,0.0,3,64,39,0.609375,25.0,0.390625,0.609375,2
S17,EmaTentCaseS10E50B40M075,0.9578379392623901,0.9578379392623901,0.6240153312683105,1,0.11686482429504395,0.5,0.3831351757049561,0.0,0.0,4,30,0,0.0,30.0,1.0,1.0,1
S17,EmaTentCaseS10E50B40M080,0.21182793378829956,0.21182793378829956,0.966463565826416,1,0.4152688264846802,0.5,0.08473117351531984,0.0,0.0,0,64,38,0.59375,26.0,0.40625,0.59375,2
S17,EmaTentCaseS10E50B40M080,0.46799027919769287,0.46799027919769287,0.9003168940544128,1,0.3128038883209229,0.5,0.18719611167907715,0.0,0.0,1,64,51,0.796875,13.0,0.203125,0.796875,2
S17,EmaTentCaseS10E50B40M080,0.9570959210395813,0.9570959210395813,0.6502293944358826,1,0.11716163158416748,0.5,0.3828383684158325,0.0,0.0,2,64,22,0.34375,42.0,0.65625,0.65625,2
S17,EmaTentCaseS10E50B40M080,0.8241382837295532,0.8241382837295532,0.7560315728187561,1,0.17034468650817872,0.5,0.3296553134918213,0.0,0.0,3,64,39,0.609375,25.0,0.390625,0.609375,2
S17,EmaTentCaseS10E50B40M080,0.9839644432067871,0.9839644432067871,0.6013332605361938,1,0.10641422271728516,0.5,0.3935857772827149,0.0,0.0,4,30,0,0.0,30.0,1.0,1.0,1
S17,EmaTentCaseS00E50B50M070,0.21182793378829956,0.21182793378829956,0.966463565826416,1,0.3940860331058502,0.5,0.10591396689414978,0.0,0.0,0,64,38,0.59375,26.0,0.40625,0.59375,2
S17,EmaTentCaseS00E50B50M070,0.74004065990448,0.74004065990448,0.7928691506385803,1,0.12997967004776,0.5,0.37002032995224,0.0,0.0,1,64,51,0.796875,13.0,0.203125,0.796875,2
S17,EmaTentCaseS00E50B50M070,0.9999926090240479,0.9999926090240479,0.6056849360466003,1,3.6954879760742188e-06,0.5,0.4999963045120239,0.0,0.0,2,64,22,0.34375,42.0,0.65625,0.65625,2
S17,EmaTentCaseS00E50B50M070,0.959130048751831,0.959130048751831,0.6715023517608643,1,0.020434975624084473,0.5,0.4795650243759155,0.0,0.0,3,64,39,0.609375,25.0,0.390625,0.609375,2
S17,EmaTentCaseS00E50B50M070,0.9440593123435974,0.9440593123435974,0.6452152729034424,1,0.027970343828201294,0.5,0.4720296561717987,0.0,0.0,4,30,0,0.0,30.0,1.0,1.0,1
S17,EmaTentCaseS00E50B50M075,0.21182793378829956,0.21182793378829956,0.966463565826416,1,0.3940860331058502,0.5,0.10591396689414978,0.0,0.0,0,64,38,0.59375,26.0,0.40625,0.59375,2
S17,EmaTentCaseS00E50B50M075,0.5891550183296204,0.5891550183296204,0.8581147193908691,1,0.20542249083518982,0.5,0.2945775091648102,0.0,0.0,1,64,51,0.796875,13.0,0.203125,0.796875,2
S17,EmaTentCaseS00E50B50M075,0.9816929697990417,0.9816929697990417,0.6299724578857422,1,0.009153515100479126,0.5,0.4908464848995209,0.0,0.0,2,64,22,0.34375,42.0,0.65625,0.65625,2
S17,EmaTentCaseS00E50B50M075,0.8837921619415283,0.8837921619415283,0.7272729873657227,1,0.05810391902923584,0.5,0.44189608097076416,0.0,0.0,3,64,39,0.609375,25.0,0.390625,0.609375,2
S17,EmaTentCaseS00E50B50M075,0.9694226980209351,0.9694226980209351,0.6178632378578186,1,0.01528865098953247,0.5,0.48471134901046753,0.0,0.0,4,30,0,0.0,30.0,1.0,1.0,1
S17,EmaTentCaseS00E50B50M080,0.21182793378829956,0.21182793378829956,0.966463565826416,1,0.3940860331058502,0.5,0.10591396689414978,0.0,0.0,0,64,38,0.59375,26.0,0.40625,0.59375,2
S17,EmaTentCaseS00E50B50M080,0.4484611749649048,0.4484611749649048,0.906373143196106,1,0.2757694125175476,0.5,0.2242305874824524,0.0,0.0,1,64,51,0.796875,13.0,0.203125,0.796875,2
S17,EmaTentCaseS00E50B50M080,0.931836724281311,0.931836724281311,0.6703603267669678,1,0.03408163785934448,0.5,0.4659183621406555,0.0,0.0,2,64,22,0.34375,42.0,0.65625,0.65625,2
S17,EmaTentCaseS00E50B50M080,0.790337085723877,0.790337085723877,0.7709769010543823,1,0.10483145713806152,0.5,0.3951685428619385,0.0,0.0,3,64,39,0.609375,25.0,0.390625,0.609375,2
S17,EmaTentCaseS00E50B50M080,0.9916861653327942,0.9916861653327942,0.598173201084137,1,0.004156917333602905,0.5,0.4958430826663971,0.0,0.0,4,30,0,0.0,30.0,1.0,1.0,1
S17,EmaTentCaseS10E40B50M075,0.21182750165462494,0.21182750165462494,0.9664636850357056,1,0.4940862491726875,0.4,0.10591375082731247,0.0,0.0,0,64,38,0.59375,26.0,0.40625,0.59375,2
S17,EmaTentCaseS10E40B50M075,0.44846290349960327,0.44846290349960327,0.9063726663589478,1,0.37576854825019834,0.4,0.22423145174980164,0.0,0.0,1,64,51,0.796875,13.0,0.203125,0.796875,2
S17,EmaTentCaseS10E40B50M075,0.9108675122261047,0.9108675122261047,0.685653805732727,1,0.14456624388694764,0.4,0.45543375611305237,0.0,0.0,2,64,22,0.34375,42.0,0.65625,0.65625,2
S17,EmaTentCaseS10E40B50M075,0.7260720729827881,0.7260720729827881,0.8029028177261353,1,0.23696396350860596,0.4,0.36303603649139404,0.0,0.0,3,64,39,0.609375,25.0,0.390625,0.609375,2
S17,EmaTentCaseS10E40B50M075,0.9999989867210388,0.9999989867210388,0.5826895833015442,1,0.1000005066394806,0.4,0.4999994933605194,0.0,0.0,4,30,0,0.0,30.0,1.0,1.0,1
S18,EmaTentGridS20E50B30M075,0.770175039768219,0.770175039768219,0.860134482383728,1,0.2689474880695343,0.5,0.2310525119304657,0.0,0.0,0,64,42,0.65625,22.0,0.34375,0.65625,2
S18,EmaTentGridS20E50B30M075,0.5502529144287109,0.5502529144287109,0.9514739513397217,1,0.33492412567138674,0.5,0.1650758743286133,0.0,0.0,1,64,25,0.390625,39.0,0.609375,0.609375,2
S18,EmaTentGridS20E50B30M075,0.5272542834281921,0.5272542834281921,0.8807315826416016,1,0.3418237149715424,0.5,0.15817628502845762,0.0,0.0,2,64,26,0.40625,38.0,0.59375,0.59375,2
S18,EmaTentGridS20E50B30M075,0.9130071997642517,0.9130071997642517,0.8501013517379761,1,0.2260978400707245,0.5,0.2739021599292755,0.0,0.0,3,63,42,0.6666666666666666,21.0,0.3333333333333333,0.6666666666666666,2
S18,EmaTentCaseS20E50B30M060,0.770175039768219,0.770175039768219,0.860134482383728,1,0.2689474880695343,0.5,0.2310525119304657,0.0,0.0,0,64,42,0.65625,22.0,0.34375,0.65625,2
S18,EmaTentCaseS20E50B30M060,0.6207950115203857,0.6207950115203857,0.9289212822914124,1,0.3137614965438843,0.5,0.18623850345611573,0.0,0.0,1,64,25,0.390625,39.0,0.609375,0.609375,2
S18,EmaTentCaseS20E50B30M060,0.6766068339347839,0.6766068339347839,0.8215806484222412,1,0.2970179498195648,0.5,0.20298205018043516,0.0,0.0,2,64,26,0.40625,38.0,0.59375,0.59375,2
S18,EmaTentCaseS20E50B30M060,0.8816115260124207,0.8816115260124207,0.8511617183685303,1,0.23551654219627383,0.5,0.2644834578037262,0.0,0.0,3,63,42,0.6666666666666666,21.0,0.3333333333333333,0.6666666666666666,2
S18,EmaTentCaseS20E50B30M065,0.770175039768219,0.770175039768219,0.860134482383728,1,0.2689474880695343,0.5,0.2310525119304657,0.0,0.0,0,64,42,0.65625,22.0,0.34375,0.65625,2
S18,EmaTentCaseS20E50B30M065,0.5936279892921448,0.5936279892921448,0.9382018446922302,1,0.32191160321235657,0.5,0.17808839678764343,0.0,0.0,1,64,25,0.390625,39.0,0.609375,0.609375,2
S18,EmaTentCaseS20E50B30M065,0.6342960596084595,0.6342960596084595,0.84000563621521,1,0.3097111821174622,0.5,0.19028881788253785,0.0,0.0,2,64,26,0.40625,38.0,0.59375,0.59375,2
S18,EmaTentCaseS20E50B30M065,0.887474000453949,0.887474000453949,0.8489443063735962,1,0.2337577998638153,0.5,0.26624220013618466,0.0,0.0,3,63,42,0.6666666666666666,21.0,0.3333333333333333,0.6666666666666666,2
S18,EmaTentCaseS20E50B30M070,0.770175039768219,0.770175039768219,0.860134482383728,1,0.2689474880695343,0.5,0.2310525119304657,0.0,0.0,0,64,42,0.65625,22.0,0.34375,0.65625,2
S18,EmaTentCaseS20E50B30M070,0.5703524351119995,0.5703524351119995,0.9455804228782654,1,0.32889426946640016,0.5,0.17110573053359984,0.0,0.0,1,64,25,0.390625,39.0,0.609375,0.609375,2
S18,EmaTentCaseS20E50B30M070,0.5839822292327881,0.5839822292327881,0.8600978851318359,1,0.3248053312301636,0.5,0.17519466876983641,0.0,0.0,2,64,26,0.40625,38.0,0.59375,0.59375,2
S18,EmaTentCaseS20E50B30M070,0.8978723883628845,0.8978723883628845,0.8481654524803162,1,0.23063828349113466,0.5,0.26936171650886537,0.0,0.0,3,63,42,0.6666666666666666,21.0,0.3333333333333333,0.6666666666666666,2
S18,EmaTentCaseS10E50B40M070,0.770175039768219,0.770175039768219,0.860134482383728,1,0.19192998409271242,0.5,0.3080700159072876,0.0,0.0,0,64,42,0.65625,22.0,0.34375,0.65625,2
S18,EmaTentCaseS10E50B40M070,0.5649645328521729,0.5649645328521729,0.9477152824401855,1,0.27401418685913087,0.5,0.22598581314086916,0.0,0.0,1,64,25,0.390625,39.0,0.609375,0.609375,2
S18,EmaTentCaseS10E50B40M070,0.5567986369132996,0.5567986369132996,0.8702331185340881,1,0.27728054523468015,0.5,0.22271945476531985,0.0,0.0,2,64,26,0.40625,38.0,0.59375,0.59375,2
S18,EmaTentCaseS10E50B40M070,0.9067592620849609,0.9067592620849609,0.851979672908783,1,0.13729629516601563,0.5,0.3627037048339844,0.0,0.0,3,63,42,0.6666666666666666,21.0,0.3333333333333333,0.6666666666666666,2
S18,EmaTentCaseS10E50B40M075,0.770175039768219,0.770175039768219,0.860134482383728,1,0.19192998409271242,0.5,0.3080700159072876,0.0,0.0,0,64,42,0.65625,22.0,0.34375,0.65625,2
S18,EmaTentCaseS10E50B40M075,0.5459876656532288,0.5459876656532288,0.953055202960968,1,0.28160493373870854,0.5,0.21839506626129152,0.0,0.0,1,64,25,0.390625,39.0,0.609375,0.609375,2
S18,EmaTentCaseS10E50B40M075,0.5054703950881958,0.5054703950881958,0.8881502151489258,1,0.29781184196472166,0.5,0.20218815803527834,0.0,0.0,2,64,26,0.40625,38.0,0.59375,0.59375,2
S18,EmaTentCaseS10E50B40M075,0.9200249910354614,0.9200249910354614,0.8541170358657837,1,0.13199000358581545,0.5,0.3680099964141846,0.0,0.0,3,63,42,0.6666666666666666,21.0,0.3333333333333333,0.6666666666666666,2
S18,EmaTentCaseS10E50B40M080,0.770175039768219,0.770175039768219,0.860134482383728,1,0.19192998409271242,0.5,0.3080700159072876,0.0,0.0,0,64,42,0.65625,22.0,0.34375,0.65625,2
S18,EmaTentCaseS10E50B40M080,0.5295889973640442,0.5295889973640442,0.9574099183082581,1,0.28816440105438235,0.5,0.21183559894561768,0.0,0.0,1,64,25,0.390625,39.0,0.609375,0.609375,2
S18,EmaTentCaseS10E50B40M080,0.4497794210910797,0.4497794210910797,0.9059702157974243,1,0.32008823156356814,0.5,0.1799117684364319,0.0,0.0,2,64,26,0.40625,38.0,0.59375,0.59375,2
S18,EmaTentCaseS10E50B40M080,0.9367378950119019,0.9367378950119019,0.860080897808075,1,0.12530484199523928,0.5,0.3746951580047608,0.0,0.0,3,63,42,0.6666666666666666,21.0,0.3333333333333333,0.6666666666666666,2
S18,EmaTentCaseS00E50B50M070,0.770175039768219,0.770175039768219,0.860134482383728,1,0.1149124801158905,0.5,0.3850875198841095,0.0,0.0,0,64,42,0.65625,22.0,0.34375,0.65625,2
S18,EmaTentCaseS00E50B50M070,0.5572671294212341,0.5572671294212341,0.9500719308853149,1,0.22136643528938293,0.5,0.27863356471061707,0.0,0.0,1,64,25,0.390625,39.0,0.609375,0.609375,2
S18,EmaTentCaseS00E50B50M070,0.5290108323097229,0.5290108323097229,0.8801217079162598,1,0.23549458384513855,0.5,0.26450541615486145,0.0,0.0,2,64,26,0.40625,38.0,0.59375,0.59375,2
S18,EmaTentCaseS00E50B50M070,0.9160805344581604,0.9160805344581604,0.8565956950187683,1,0.0419597327709198,0.5,0.4580402672290802,0.0,0.0,3,63,42,0.6666666666666666,21.0,0.3333333333333333,0.6666666666666666,2
S18,EmaTentCaseS00E50B50M075,0.770175039768219,0.770175039768219,0.860134482383728,1,0.1149124801158905,0.5,0.3850875198841095,0.0,0.0,0,64,42,0.65625,22.0,0.34375,0.65625,2
S18,EmaTentCaseS00E50B50M075,0.5398492217063904,0.5398492217063904,0.9548088312149048,1,0.2300753891468048,0.5,0.2699246108531952,0.0,0.0,1,64,25,0.390625,39.0,0.609375,0.609375,2
S18,EmaTentCaseS00E50B50M075,0.48301899433135986,0.48301899433135986,0.8955261707305908,1,0.25849050283432007,0.5,0.24150949716567993,0.0,0.0,2,64,26,0.40625,38.0,0.59375,0.59375,2
S18,EmaTentCaseS00E50B50M075,0.9272952079772949,0.9272952079772949,0.8589521050453186,1,0.03635239601135254,0.5,0.46364760398864746,0.0,0.0,3,63,42,0.6666666666666666,21.0,0.3333333333333333,0.6666666666666666,2
S18,EmaTentCaseS00E50B50M080,0.770175039768219,0.770175039768219,0.860134482383728,1,0.1149124801158905,0.5,0.3850875198841095,0.0,0.0,0,64,42,0.65625,22.0,0.34375,0.65625,2
S18,EmaTentCaseS00E50B50M080,0.5249217748641968,0.5249217748641968,0.9586544632911682,1,0.2375391125679016,0.5,0.2624608874320984,0.0,0.0,1,64,25,0.390625,39.0,0.609375,0.609375,2
S18,EmaTentCaseS00E50B50M080,0.43253225088119507,0.43253225088119507,0.9111760258674622,1,0.28373387455940247,0.5,0.21626612544059753,0.0,0.0,2,64,26,0.40625,38.0,0.59375,0.59375,2
S18,EmaTentCaseS00E50B50M080,0.9422699809074402,0.9422699809074402,0.8650955557823181,1,0.028865009546279907,0.5,0.4711349904537201,0.0,0.0,3,63,42,0.6666666666666666,21.0,0.3333333333333333,0.6666666666666666,2
S18,EmaTentCaseS10E40B50M075,0.7701777219772339,0.7701777219772339,0.8601335883140564,1,0.21491113901138306,0.4,0.38508886098861694,0.0,0.0,0,64,42,0.65625,22.0,0.34375,0.65625,2
S18,EmaTentCaseS10E40B50M075,0.5249173641204834,0.5249173641204834,0.958654522895813,1,0.3375413179397583,0.4,0.2624586820602417,0.0,0.0,1,64,25,0.390625,39.0,0.609375,0.609375,2
S18,EmaTentCaseS10E40B50M075,0.4232097566127777,0.4232097566127777,0.9139312505722046,1,0.3883951216936111,0.4,0.21160487830638885,0.0,0.0,2,64,26,0.40625,38.0,0.59375,0.59375,2
S18,EmaTentCaseS10E40B50M075,0.9472160935401917,0.9472160935401917,0.8686614632606506,1,0.12639195322990418,0.4,0.4736080467700958,0.0,0.0,3,63,42,0.6666666666666666,21.0,0.3333333333333333,0.6666666666666666,2
S19,EmaTentGridS20E50B30M075,0.7242984175682068,0.7242984175682068,0.8157329559326172,1,0.282710474729538,0.5,0.21728952527046203,0.0,0.0,0,64,32,0.5,32.0,0.5,0.5,2
S19,EmaTentGridS20E50B30M075,0.9125462770462036,0.9125462770462036,0.8262869119644165,1,0.22623611688613893,0.5,0.2737638831138611,0.0,0.0,1,64,32,0.5,32.0,0.5,0.5,2
S19,EmaTentGridS20E50B30M075,0.494079053401947,0.494079053401947,0.8919259905815125,1,0.3517762839794159,0.5,0.1482237160205841,0.0,0.0,2,64,6,0.09375,58.0,0.90625,0.90625,2
S19,EmaTentGridS20E50B30M075,0.47899776697158813,0.47899776697158813,0.8968192338943481,1,0.3563006699085236,0.5,0.14369933009147642,0.0,0.0,3,9,8,0.8888888888888888,1.0,0.1111111111111111,0.8888888888888888,2
S19,EmaTentCaseS20E50B30M060,0.7242984175682068,0.7242984175682068,0.8157329559326172,1,0.282710474729538,0.5,0.21728952527046203,0.0,0.0,0,64,32,0.5,32.0,0.5,0.5,2
S19,EmaTentCaseS20E50B30M060,0.9654507637023926,0.9654507637023926,0.8571147322654724,1,0.21036477088928224,0.5,0.28963522911071776,0.0,0.0,1,64,32,0.5,32.0,0.5,0.5,2
S19,EmaTentCaseS20E50B30M060,0.5250456929206848,0.5250456929206848,0.8814958333969116,1,0.34248629212379456,0.5,0.15751370787620544,0.0,0.0,2,64,6,0.09375,58.0,0.90625,0.90625,2
S19,EmaTentCaseS20E50B30M060,0.4119683504104614,0.4119683504104614,0.9172003269195557,1,0.3764094948768616,0.5,0.12359050512313842,0.0,0.0,3,9,8,0.8888888888888888,1.0,0.1111111111111111,0.8888888888888888,2
S19,EmaTentCaseS20E50B30M065,0.7242984175682068,0.7242984175682068,0.8157329559326172,1,0.282710474729538,0.5,0.21728952527046203,0.0,0.0,0,64,32,0.5,32.0,0.5,0.5,2
S19,EmaTentCaseS20E50B30M065,0.9508757591247559,0.9508757591247559,0.8502422571182251,1,0.21473727226257325,0.5,0.2852627277374267,0.0,0.0,1,64,32,0.5,32.0,0.5,0.5,2
S19,EmaTentCaseS20E50B30M065,0.5154769420623779,0.5154769420623779,0.8847752809524536,1,0.3453569173812866,0.5,0.15464308261871337,0.0,0.0,2,64,6,0.09375,58.0,0.90625,0.90625,2
S19,EmaTentCaseS20E50B30M065,0.4274996519088745,0.4274996519088745,0.9126684665679932,1,0.3717501044273377,0.5,0.12824989557266234,0.0,0.0,3,9,8,0.8888888888888888,1.0,0.1111111111111111,0.8888888888888888,2
S19,EmaTentCaseS20E50B30M070,0.7242984175682068,0.7242984175682068,0.8157329559326172,1,0.282710474729538,0.5,0.21728952527046203,0.0,0.0,0,64,32,0.5,32.0,0.5,0.5,2
S19,EmaTentCaseS20E50B30M070,0.9333624243736267,0.9333624243736267,0.8397150635719299,1,0.219991272687912,0.5,0.280008727312088,0.0,0.0,1,64,32,0.5,32.0,0.5,0.5,2
S19,EmaTentCaseS20E50B30M070,0.5048773884773254,0.5048773884773254,0.8883485198020935,1,0.3485367834568024,0.5,0.15146321654319764,0.0,0.0,2,64,6,0.09375,58.0,0.90625,0.90625,2
S19,EmaTentCaseS20E50B30M070,0.4494714140892029,0.4494714140892029,0.9060644507408142,1,0.3651585757732392,0.5,0.13484142422676085,0.0,0.0,3,9,8,0.8888888888888888,1.0,0.1111111111111111,0.8888888888888888,2
S19,EmaTentCaseS10E50B40M070,0.7242984175682068,0.7242984175682068,0.8157329559326172,1,0.2102806329727173,0.5,0.28971936702728274,0.0,0.0,0,64,32,0.5,32.0,0.5,0.5,2
S19,EmaTentCaseS10E50B40M070,0.9352506995201111,0.9352506995201111,0.839236319065094,1,0.12589972019195558,0.5,0.37410027980804444,0.0,0.0,1,64,32,0.5,32.0,0.5,0.5,2
S19,EmaTentCaseS10E50B40M070,0.48653772473335266,0.48653772473335266,0.8943877220153809,1,0.3053849101066589,0.5,0.1946150898933411,0.0,0.0,2,64,6,0.09375,58.0,0.90625,0.90625,2
S19,EmaTentCaseS10E50B40M070,0.4809647798538208,0.4809647798538208,0.8961877822875977,1,0.3076140880584717,0.5,0.19238591194152832,0.0,0.0,3,9,8,0.8888888888888888,1.0,0.1111111111111111,0.8888888888888888,2
S19,EmaTentCaseS10E50B40M075,0.7242984175682068,0.7242984175682068,0.8157329559326172,1,0.2102806329727173,0.5,0.28971936702728274,0.0,0.0,0,64,32,0.5,32.0,0.5,0.5,2
S19,EmaTentCaseS10E50B40M075,0.9141654968261719,0.9141654968261719,0.8257194757461548,1,0.13433380126953126,0.5,0.3656661987304688,0.0,0.0,1,64,32,0.5,32.0,0.5,0.5,2
S19,EmaTentCaseS10E50B40M075,0.4812643527984619,0.4812643527984619,0.8961172103881836,1,0.3074942588806152,0.5,0.1925057411193848,0.0,0.0,2,64,6,0.09375,58.0,0.90625,0.90625,2
S19,EmaTentCaseS10E50B40M075,0.5067210793495178,0.5067210793495178,0.8877313733100891,1,0.2973115682601929,0.5,0.20268843173980713,0.0,0.0,3,9,8,0.8888888888888888,1.0,0.1111111111111111,0.8888888888888888,2
S19,EmaTentCaseS10E50B40M080,0.7242984175682068,0.7242984175682068,0.8157329559326172,1,0.2102806329727173,0.5,0.28971936702728274,0.0,0.0,0,64,32,0.5,32.0,0.5,0.5,2
S19,EmaTentCaseS10E50B40M080,0.8903142809867859,0.8903142809867859,0.8145803213119507,1,0.14387428760528564,0.5,0.35612571239471436,0.0,0.0,1,64,32,0.5,32.0,0.5,0.5,2
S19,EmaTentCaseS10E50B40M080,0.4760710597038269,0.4760710597038269,0.8979712128639221,1,0.30957157611846925,0.5,0.19042842388153078,0.0,0.0,2,64,6,0.09375,58.0,0.90625,0.90625,2
S19,EmaTentCaseS10E50B40M080,0.5381892919540405,0.5381892919540405,0.8851675987243652,1,0.28472428321838383,0.5,0.21527571678161622,0.0,0.0,3,9,8,0.8888888888888888,1.0,0.1111111111111111,0.8888888888888888,2
S19,EmaTentCaseS00E50B50M070,0.7242984175682068,0.7242984175682068,0.8157329559326172,1,0.1378507912158966,0.5,0.3621492087841034,0.0,0.0,0,64,32,0.5,32.0,0.5,0.5,2
S19,EmaTentCaseS00E50B50M070,0.935649573802948,0.935649573802948,0.8384751081466675,1,0.032175213098526,0.5,0.467824786901474,0.0,0.0,1,64,32,0.5,32.0,0.5,0.5,2
S19,EmaTentCaseS00E50B50M070,0.4692699611186981,0.4692699611186981,0.8999134302139282,1,0.26536501944065094,0.5,0.23463498055934906,0.0,0.0,2,64,6,0.09375,58.0,0.90625,0.90625,2
S19,EmaTentCaseS00E50B50M070,0.5110765695571899,0.5110765695571899,0.8862662315368652,1,0.24446171522140503,0.5,0.25553828477859497,0.0,0.0,3,9,8,0.8888888888888888,1.0,0.1111111111111111,0.8888888888888888,2
S19,EmaTentCaseS00E50B50M075,0.7242984175682068,0.7242984175682068,0.8157329559326172,1,0.1378507912158966,0.5,0.3621492087841034,0.0,0.0,0,64,32,0.5,32.0,0.5,0.5,2
S19,EmaTentCaseS00E50B50M075,0.914570689201355,0.914570689201355,0.8248127698898315,1,0.04271465539932251,0.5,0.4572853446006775,0.0,0.0,1,64,32,0.5,32.0,0.5,0.5,2
S19,EmaTentCaseS00E50B50M075,0.4682433605194092,0.4682433605194092,0.9003505706787109,1,0.2658783197402954,0.5,0.2341216802597046,0.0,0.0,2,64,6,0.09375,58.0,0.90625,0.90625,2
S19,EmaTentCaseS00E50B50M075,0.5342504382133484,0.5342504382133484,0.8827934265136719,1,0.2328747808933258,0.5,0.2671252191066742,0.0,0.0,3,9,8,0.8888888888888888,1.0,0.1111111111111111,0.8888888888888888,2
S19,EmaTentCaseS00E50B50M080,0.7242984175682068,0.7242984175682068,0.8157329559326172,1,0.1378507912158966,0.5,0.3621492087841034,0.0,0.0,0,64,32,0.5,32.0,0.5,0.5,2
S19,EmaTentCaseS00E50B50M080,0.8909041881561279,0.8909041881561279,0.8147056102752686,1,0.054547905921936035,0.5,0.44545209407806396,0.0,0.0,1,64,32,0.5,32.0,0.5,0.5,2
S19,EmaTentCaseS00E50B50M080,0.4667964577674866,0.4667964577674866,0.9009922742843628,1,0.2666017711162567,0.5,0.2333982288837433,0.0,0.0,2,64,6,0.09375,58.0,0.90625,0.90625,2
S19,EmaTentCaseS00E50B50M080,0.5609515905380249,0.5609515905380249,0.8810743689537048,1,0.21952420473098755,0.5,0.28047579526901245,0.0,0.0,3,9,8,0.8888888888888888,1.0,0.1111111111111111,0.8888888888888888,2
S19,EmaTentCaseS10E40B50M075,0.7242990732192993,0.7242990732192993,0.8157327175140381,1,0.23785046339035035,0.4,0.36214953660964966,0.0,0.0,0,64,32,0.5,32.0,0.5,0.5,2
S19,EmaTentCaseS10E40B50M075,0.8909028172492981,0.8909028172492981,0.814706027507782,1,0.15454859137535096,0.4,0.44545140862464905,0.0,0.0,1,64,32,0.5,32.0,0.5,0.5,2
S19,EmaTentCaseS10E40B50M075,0.4653414487838745,0.4653414487838745,0.9015045166015625,1,0.3673292756080627,0.4,0.23267072439193726,0.0,0.0,2,64,6,0.09375,58.0,0.90625,0.90625,2
S19,EmaTentCaseS10E40B50M075,0.5684548616409302,0.5684548616409302,0.8806553483009338,1,0.3157725691795349,0.4,0.2842274308204651,0.0,0.0,3,9,8,0.8888888888888888,1.0,0.1111111111111111,0.8888888888888888,2
S20,EmaTentGridS20E50B30M075,0.8606293201446533,0.8606293201446533,0.8998771905899048,1,0.24181120395660402,0.5,0.258188796043396,0.0,0.0,0,64,28,0.4375,36.0,0.5625,0.5625,2
S20,EmaTentGridS20E50B30M075,0.9836875200271606,0.9836875200271606,0.7859832048416138,1,0.2048937439918518,0.5,0.29510625600814816,0.0,0.0,1,64,13,0.203125,51.0,0.796875,0.796875,2
S20,EmaTentGridS20E50B30M075,0.3871300220489502,0.3871300220489502,0.9395744800567627,1,0.383860993385315,0.5,0.11613900661468506,0.0,0.0,2,64,35,0.546875,29.0,0.453125,0.546875,2
S20,EmaTentGridS20E50B30M075,0.9995906949043274,0.9995906949043274,0.723076343536377,1,0.2001227915287018,0.5,0.29987720847129823,0.0,0.0,3,64,15,0.234375,49.0,0.765625,0.765625,2
S20,EmaTentGridS20E50B30M075,0.9478026032447815,0.9478026032447815,0.7428929209709167,1,0.21565921902656557,0.5,0.28434078097343446,0.0,0.0,4,27,27,1.0,,,1.0,1
S20,EmaTentCaseS20E50B30M060,0.8606293201446533,0.8606293201446533,0.8998771905899048,1,0.24181120395660402,0.5,0.258188796043396,0.0,0.0,0,64,28,0.4375,36.0,0.5625,0.5625,2
S20,EmaTentCaseS20E50B30M060,0.9688219428062439,0.9688219428062439,0.7609648704528809,1,0.20935341715812683,0.5,0.29064658284187317,0.0,0.0,1,64,13,0.203125,51.0,0.796875,0.796875,2
S20,EmaTentCaseS20E50B30M060,0.42451930046081543,0.42451930046081543,0.9267774820327759,1,0.3726442098617554,0.5,0.12735579013824463,0.0,0.0,2,64,35,0.546875,29.0,0.453125,0.546875,2
S20,EmaTentCaseS20E50B30M060,0.9998974800109863,0.9998974800109863,0.7320157289505005,1,0.2000307559967041,0.5,0.2999692440032959,0.0,0.0,3,64,15,0.234375,49.0,0.765625,0.765625,2
S20,EmaTentCaseS20E50B30M060,0.7760993838310242,0.7760993838310242,0.8228639960289001,1,0.26717018485069277,0.5,0.23282981514930723,0.0,0.0,4,27,27,1.0,,,1.0,1
S20,EmaTentCaseS20E50B30M065,0.8606293201446533,0.8606293201446533,0.8998771905899048,1,0.24181120395660402,0.5,0.258188796043396,0.0,0.0,0,64,28,0.4375,36.0,0.5625,0.5625,2
S20,EmaTentCaseS20E50B30M065,0.9941572546958923,0.9941572546958923,0.7731196880340576,1,0.2017528235912323,0.5,0.2982471764087677,0.0,0.0,1,64,13,0.203125,51.0,0.796875,0.796875,2
S20,EmaTentCaseS20E50B30M065,0.41878247261047363,0.41878247261047363,0.9299876093864441,1,0.37436525821685795,0.5,0.12563474178314207,0.0,0.0,2,64,35,0.546875,29.0,0.453125,0.546875,2
S20,EmaTentCaseS20E50B30M065,0.9991326332092285,0.9991326332092285,0.7065399289131165,1,0.20026021003723146,0.5,0.29973978996276857,0.0,0.0,3,64,15,0.234375,49.0,0.765625,0.765625,2
S20,EmaTentCaseS20E50B30M065,0.8038492202758789,0.8038492202758789,0.8105457425117493,1,0.25884523391723635,0.5,0.24115476608276365,0.0,0.0,4,27,27,1.0,,,1.0,1
S20,EmaTentCaseS20E50B30M070,0.8606293201446533,0.8606293201446533,0.8998771905899048,1,0.24181120395660402,0.5,0.258188796043396,0.0,0.0,0,64,28,0.4375,36.0,0.5625,0.5625,2
S20,EmaTentCaseS20E50B30M070,0.9993571043014526,0.9993571043014526,0.7813644409179688,1,0.2001928687095642,0.5,0.2998071312904358,0.0,0.0,1,64,13,0.203125,51.0,0.796875,0.796875,2
S20,EmaTentCaseS20E50B30M070,0.4064289629459381,0.4064289629459381,0.9342265129089355,1,0.3780713111162186,0.5,0.12192868888378143,0.0,0.0,2,64,35,0.546875,29.0,0.453125,0.546875,2
S20,EmaTentCaseS20E50B30M070,0.9974887371063232,0.9974887371063232,0.6975606083869934,1,0.20075337886810304,0.5,0.299246621131897,0.0,0.0,3,64,15,0.234375,49.0,0.765625,0.765625,2
S20,EmaTentCaseS20E50B30M070,0.8629562854766846,0.8629562854766846,0.7856035232543945,1,0.24111311435699465,0.5,0.2588868856430054,0.0,0.0,4,27,27,1.0,,,1.0,1
S20,EmaTentCaseS10E50B40M070,0.8606293201446533,0.8606293201446533,0.8998771905899048,1,0.1557482719421387,0.5,0.34425172805786136,0.0,0.0,0,64,28,0.4375,36.0,0.5625,0.5625,2
S20,EmaTentCaseS10E50B40M070,0.9922822713851929,0.9922822713851929,0.7833178639411926,1,0.10308709144592286,0.5,0.3969129085540772,0.0,0.0,1,64,13,0.203125,51.0,0.796875,0.796875,2
S20,EmaTentCaseS10E50B40M070,0.35664376616477966,0.35664376616477966,0.9461458325386047,1,0.3573424935340882,0.5,0.14265750646591188,0.0,0.0,2,64,35,0.546875,29.0,0.453125,0.546875,2
S20,EmaTentCaseS10E50B40M070,0.9978725910186768,0.9978725910186768,0.714814305305481,1,0.1008509635925293,0.5,0.39914903640747074,0.0,0.0,3,64,15,0.234375,49.0,0.765625,0.765625,2
S20,EmaTentCaseS10E50B40M070,0.9623849987983704,0.9623849987983704,0.7465372681617737,1,0.11504600048065186,0.5,0.38495399951934817,0.0,0.0,4,27,27,1.0,,,1.0,1
S20,EmaTentCaseS10E50B40M075,0.8606293201446533,0.8606293201446533,0.8998771905899048,1,0.1557482719421387,0.5,0.34425172805786136,0.0,0.0,0,64,28,0.4375,36.0,0.5625,0.5625,2
S20,EmaTentCaseS10E50B40M075,0.9674634337425232,0.9674634337425232,0.7891735434532166,1,0.11301462650299073,0.5,0.3869853734970093,0.0,0.0,1,64,13,0.203125,51.0,0.796875,0.796875,2
S20,EmaTentCaseS10E50B40M075,0.34147414565086365,0.34147414565086365,0.9508352875709534,1,0.3634103417396546,0.5,0.13658965826034547,0.0,0.0,2,64,35,0.546875,29.0,0.453125,0.546875,2
S20,EmaTentCaseS10E50B40M075,0.9997320771217346,0.9997320771217346,0.7306325435638428,1,0.10010716915130616,0.5,0.39989283084869387,0.0,0.0,3,64,15,0.234375,49.0,0.765625,0.765625,2
S20,EmaTentCaseS10E50B40M075,0.997519850730896,0.997519850730896,0.7136261463165283,1,0.10099205970764161,0.5,0.3990079402923584,0.0,0.0,4,27,27,1.0,,,1.0,1
S20,EmaTentCaseS10E50B40M080,0.8606293201446533,0.8606293201446533,0.8998771905899048,1,0.1557482719421387,0.5,0.34425172805786136,0.0,0.0,0,64,28,0.4375,36.0,0.5625,0.5625,2
S20,EmaTentCaseS10E50B40M080,0.9257325530052185,0.9257325530052185,0.8087997436523438,1,0.1297069787979126,0.5,0.3702930212020874,0.0,0.0,1,64,13,0.203125,51.0,0.796875,0.796875,2
S20,EmaTentCaseS10E50B40M080,0.32111215591430664,0.32111215591430664,0.9565456509590149,1,0.3715551376342774,0.5,0.12844486236572267,0.0,0.0,2,64,35,0.546875,29.0,0.453125,0.546875,2
S20,EmaTentCaseS10E50B40M080,0.9844214916229248,0.9844214916229248,0.7534247636795044,1,0.10623140335083009,0.5,0.39376859664916997,0.0,0.0,3,64,15,0.234375,49.0,0.765625,0.765625,2
S20,EmaTentCaseS10E50B40M080,0.9804467558860779,0.9804467558860779,0.6945796608924866,1,0.10782129764556886,0.5,0.3921787023544312,0.0,0.0,4,27,27,1.0,,,1.0,1
S20,EmaTentCaseS00E50B50M070,0.8606293201446533,0.8606293201446533,0.8998771905899048,1,0.06968533992767334,0.5,0.43031466007232666,0.0,0.0,0,64,28,0.4375,36.0,0.5625,0.5625,2
S20,EmaTentCaseS00E50B50M070,0.9800207018852234,0.9800207018852234,0.786922037601471,1,0.009989649057388306,0.5,0.4900103509426117,0.0,0.0,1,64,13,0.203125,51.0,0.796875,0.796875,2
S20,EmaTentCaseS00E50B50M070,0.32079142332077026,0.32079142332077026,0.9556303024291992,1,0.33960428833961487,0.5,0.16039571166038513,0.0,0.0,2,64,35,0.546875,29.0,0.453125,0.546875,2
S20,EmaTentCaseS00E50B50M070,0.9990823268890381,0.9990823268890381,0.7250912189483643,1,0.00045883655548095703,0.5,0.49954116344451904,0.0,0.0,3,64,15,0.234375,49.0,0.765625,0.765625,2
S20,EmaTentCaseS00E50B50M070,0.9978497624397278,0.9978497624397278,0.7255756258964539,1,0.0010751187801361084,0.5,0.4989248812198639,0.0,0.0,4,27,27,1.0,,,1.0,1
S20,EmaTentCaseS00E50B50M075,0.8606293201446533,0.8606293201446533,0.8998771905899048,1,0.06968533992767334,0.5,0.43031466007232666,0.0,0.0,0,64,28,0.4375,36.0,0.5625,0.5625,2
S20,EmaTentCaseS00E50B50M075,0.9490689039230347,0.9490689039230347,0.7967028021812439,1,0.025465548038482666,0.5,0.47453445196151733,0.0,0.0,1,64,13,0.203125,51.0,0.796875,0.796875,2
S20,EmaTentCaseS00E50B50M075,0.30851036310195923,0.30851036310195923,0.9590011239051819,1,0.3457448184490204,0.5,0.15425518155097961,0.0,0.0,2,64,35,0.546875,29.0,0.453125,0.546875,2
S20,EmaTentCaseS00E50B50M075,0.9972914457321167,0.9972914457321167,0.7372441291809082,1,0.0013542771339416504,0.5,0.49864572286605835,0.0,0.0,3,64,15,0.234375,49.0,0.765625,0.765625,2
S20,EmaTentCaseS00E50B50M075,0.9917361736297607,0.9917361736297607,0.6988276839256287,1,0.004131913185119629,0.5,0.49586808681488037,0.0,0.0,4,27,27,1.0,,,1.0,1
S20,EmaTentCaseS00E50B50M080,0.8606293201446533,0.8606293201446533,0.8998771905899048,1,0.06968533992767334,0.5,0.43031466007232666,0.0,0.0,0,64,28,0.4375,36.0,0.5625,0.5625,2
S20,EmaTentCaseS00E50B50M080,0.9046927094459534,0.9046927094459534,0.8171192407608032,1,0.047653645277023315,0.5,0.4523463547229767,0.0,0.0,1,64,13,0.203125,51.0,0.796875,0.796875,2
S20,EmaTentCaseS00E50B50M080,0.29245615005493164,0.29245615005493164,0.9631178379058838,1,0.3537719249725342,0.5,0.14622807502746582,0.0,0.0,2,64,35,0.546875,29.0,0.453125,0.546875,2
S20,EmaTentCaseS00E50B50M080,0.9723176956176758,0.9723176956176758,0.7624592781066895,1,0.01384115219116211,0.5,0.4861588478088379,0.0,0.0,3,64,15,0.234375,49.0,0.765625,0.765625,2
S20,EmaTentCaseS00E50B50M080,0.9426658749580383,0.9426658749580383,0.7123367786407471,1,0.028667062520980835,0.5,0.47133293747901917,0.0,0.0,4,27,27,1.0,,,1.0,1
S20,EmaTentCaseS10E40B50M075,0.8606284260749817,0.8606284260749817,0.89987713098526,1,0.16968578696250916,0.4,0.43031421303749084,0.0,0.0,0,64,28,0.4375,36.0,0.5625,0.5625,2
S20,EmaTentCaseS10E40B50M075,0.9046915173530579,0.9046915173530579,0.8171185255050659,1,0.14765424132347107,0.4,0.45234575867652893,0.0,0.0,1,64,13,0.203125,51.0,0.796875,0.796875,2
S20,EmaTentCaseS10E40B50M075,0.2871103584766388,0.2871103584766388,0.9642844200134277,1,0.4564448207616806,0.4,0.1435551792383194,0.0,0.0,2,64,35,0.546875,29.0,0.453125,0.546875,2
S20,EmaTentCaseS10E40B50M075,0.9646323919296265,0.9646323919296265,0.7682234048843384,1,0.11768380403518677,0.4,0.48231619596481323,0.0,0.0,3,64,15,0.234375,49.0,0.765625,0.765625,2
S20,EmaTentCaseS10E40B50M075,0.908660352230072,0.908660352230072,0.7235904335975647,1,0.145669823884964,0.4,0.454330176115036,0.0,0.0,4,27,27,1.0,,,1.0,1
S21,EmaTentGridS20E50B30M075,0.8295466899871826,0.8295466899871826,0.7448365688323975,1,0.2511359930038452,0.5,0.24886400699615477,0.0,0.0,0,64,2,0.03125,62.0,0.96875,0.96875,2
S21,EmaTentGridS20E50B30M075,0.9424201846122742,0.9424201846122742,0.6584776639938354,1,0.21727394461631777,0.5,0.28272605538368223,0.0,0.0,1,64,29,0.453125,35.0,0.546875,0.546875,2
S21,EmaTentGridS20E50B30M075,0.9470359086990356,0.9470359086990356,0.6510685682296753,1,0.21588922739028932,0.5,0.2841107726097107,0.0,0.0,2,64,38,0.59375,26.0,0.40625,0.59375,2
S21,EmaTentGridS20E50B30M075,0.995332658290863,0.995332658290863,0.5946192741394043,1,0.2014002025127411,0.5,0.2985997974872589,0.0,0.0,3,64,40,0.625,24.0,0.375,0.625,2
S21,EmaTentGridS20E50B30M075,0.9876032471656799,0.9876032471656799,0.5825047492980957,1,0.20371902585029603,0.5,0.29628097414970395,0.0,0.0,4,32,23,0.71875,9.0,0.28125,0.71875,2
S21,EmaTentCaseS20E50B30M060,0.8295466899871826,0.8295466899871826,0.7448365688323975,1,0.2511359930038452,0.5,0.24886400699615477,0.0,0.0,0,64,2,0.03125,62.0,0.96875,0.96875,2
S21,EmaTentCaseS20E50B30M060,0.9845248460769653,0.9845248460769653,0.6040265560150146,1,0.2046425461769104,0.5,0.2953574538230896,0.0,0.0,1,64,29,0.453125,35.0,0.546875,0.546875,2
S21,EmaTentCaseS20E50B30M060,0.9829375743865967,0.9829375743865967,0.6106626391410828,1,0.205118727684021,0.5,0.294881272315979,0.0,0.0,2,64,38,0.59375,26.0,0.40625,0.59375,2
S21,EmaTentCaseS20E50B30M060,0.97675621509552,0.97675621509552,0.6237777471542358,1,0.206973135471344,0.5,0.293026864528656,0.0,0.0,3,64,40,0.625,24.0,0.375,0.625,2
S21,EmaTentCaseS20E50B30M060,0.9984273910522461,0.9984273910522461,0.559616208076477,1,0.2004717826843262,0.5,0.2995282173156738,0.0,0.0,4,32,23,0.71875,9.0,0.28125,0.71875,2
S21,EmaTentCaseS20E50B30M065,0.8295466899871826,0.8295466899871826,0.7448365688323975,1,0.2511359930038452,0.5,0.24886400699615477,0.0,0.0,0,64,2,0.03125,62.0,0.96875,0.96875,2
S21,EmaTentCaseS20E50B30M065,0.973503589630127,0.973503589630127,0.6204779148101807,1,0.20794892311096191,0.5,0.2920510768890381,0.0,0.0,1,64,29,0.453125,35.0,0.546875,0.546875,2
S21,EmaTentCaseS20E50B30M065,0.9750967621803284,0.9750967621803284,0.6217514276504517,1,0.2074709713459015,0.5,0.2925290286540985,0.0,0.0,2,64,38,0.59375,26.0,0.40625,0.59375,2
S21,EmaTentCaseS20E50B30M065,0.983326256275177,0.983326256275177,0.6137807369232178,1,0.20500212311744692,0.5,0.2949978768825531,0.0,0.0,3,64,40,0.625,24.0,0.375,0.625,2
S21,EmaTentCaseS20E50B30M065,0.9966506361961365,0.9966506361961365,0.5637255907058716,1,0.20100480914115906,0.5,0.2989951908588409,0.0,0.0,4,32,23,0.71875,9.0,0.28125,0.71875,2
S21,EmaTentCaseS20E50B30M070,0.8295466899871826,0.8295466899871826,0.7448365688323975,1,0.2511359930038452,0.5,0.24886400699615477,0.0,0.0,0,64,2,0.03125,62.0,0.96875,0.96875,2
S21,EmaTentCaseS20E50B30M070,0.9594533443450928,0.9594533443450928,0.6391125917434692,1,0.21216399669647218,0.5,0.2878360033035278,0.0,0.0,1,64,29,0.453125,35.0,0.546875,0.546875,2
S21,EmaTentCaseS20E50B30M070,0.963563859462738,0.963563859462738,0.6340770721435547,1,0.2109308421611786,0.5,0.2890691578388214,0.0,0.0,2,64,38,0.59375,26.0,0.40625,0.59375,2
S21,EmaTentCaseS20E50B30M070,0.9895954132080078,0.9895954132080078,0.6023396253585815,1,0.20312137603759767,0.5,0.29687862396240233,0.0,0.0,3,64,40,0.625,24.0,0.375,0.625,2
S21,EmaTentCaseS20E50B30M070,0.9933561086654663,0.9933561086654663,0.5714952945709229,1,0.2019931674003601,0.5,0.2980068325996399,0.0,0.0,4,32,23,0.71875,9.0,0.28125,0.71875,2
S21,EmaTentCaseS10E50B40M070,0.8295466899871826,0.8295466899871826,0.7448365688323975,1,0.16818132400512698,0.5,0.3318186759948731,0.0,0.0,0,64,2,0.03125,62.0,0.96875,0.96875,2
S21,EmaTentCaseS10E50B40M070,0.9522451758384705,0.9522451758384705,0.6484272480010986,1,0.11910192966461182,0.5,0.3808980703353882,0.0,0.0,1,64,29,0.453125,35.0,0.546875,0.546875,2
S21,EmaTentCaseS10E50B40M070,0.9530507326126099,0.9530507326126099,0.6470595598220825,1,0.11877970695495606,0.5,0.38122029304504396,0.0,0.0,2,64,38,0.59375,26.0,0.40625,0.59375,2
S21,EmaTentCaseS10E50B40M070,0.9904778599739075,0.9904778599739075,0.6008548736572266,1,0.10380885601043702,0.5,0.396191143989563,0.0,0.0,3,64,40,0.625,24.0,0.375,0.625,2
S21,EmaTentCaseS10E50B40M070,0.9948701858520508,0.9948701858520508,0.5715380907058716,1,0.1020519256591797,0.5,0.39794807434082036,0.0,0.0,4,32,23,0.71875,9.0,0.28125,0.71875,2
S21,EmaTentCaseS10E50B40M075,0.8295466899871826,0.8295466899871826,0.7448365688323975,1,0.16818132400512698,0.5,0.3318186759948731,0.0,0.0,0,64,2,0.03125,62.0,0.96875,0.96875,2
S21,EmaTentCaseS10E50B40M075,0.9358512163162231,0.9358512163162231,0.665584146976471,1,0.12565951347351076,0.5,0.37434048652648927,0.0,0.0,1,64,29,0.453125,35.0,0.546875,0.546875,2
S21,EmaTentCaseS10E50B40M075,0.9355613589286804,0.9355613589286804,0.6627291440963745,1,0.12577545642852783,0.5,0.37422454357147217,0.0,0.0,2,64,38,0.59375,26.0,0.40625,0.59375,2
S21,EmaTentCaseS10E50B40M075,0.9968786835670471,0.9968786835670471,0.5945184230804443,1,0.10124852657318116,0.5,0.3987514734268189,0.0,0.0,3,64,40,0.625,24.0,0.375,0.625,2
S21,EmaTentCaseS10E50B40M075,0.987257719039917,0.987257719039917,0.5858263969421387,1,0.10509691238403321,0.5,0.3949030876159668,0.0,0.0,4,32,23,0.71875,9.0,0.28125,0.71875,2
S21,EmaTentCaseS10E50B40M080,0.8295466899871826,0.8295466899871826,0.7448365688323975,1,0.16818132400512698,0.5,0.3318186759948731,0.0,0.0,0,64,2,0.03125,62.0,0.96875,0.96875,2
S21,EmaTentCaseS10E50B40M080,0.9174648523330688,0.9174648523330688,0.6827383041381836,1,0.13301405906677247,0.5,0.36698594093322756,0.0,0.0,1,64,29,0.453125,35.0,0.546875,0.546875,2
S21,EmaTentCaseS10E50B40M080,0.9134159088134766,0.9134159088134766,0.6806626319885254,1,0.13463363647460938,0.5,0.36536636352539065,0.0,0.0,2,64,38,0.59375,26.0,0.40625,0.59375,2
S21,EmaTentCaseS10E50B40M080,0.9999896883964539,0.9999896883964539,0.5952463150024414,1,0.10000412464141846,0.5,0.39999587535858155,0.0,0.0,3,64,40,0.625,24.0,0.375,0.625,2
S21,EmaTentCaseS10E50B40M080,0.9734956622123718,0.9734956622123718,0.6058579087257385,1,0.11060173511505128,0.5,0.3893982648849488,0.0,0.0,4,32,23,0.71875,9.0,0.28125,0.71875,2
S21,EmaTentCaseS00E50B50M070,0.8295466899871826,0.8295466899871826,0.7448365688323975,1,0.08522665500640869,0.5,0.4147733449935913,0.0,0.0,0,64,2,0.03125,62.0,0.96875,0.96875,2
S21,EmaTentCaseS00E50B50M070,0.9416927099227905,0.9416927099227905,0.6603015661239624,1,0.029153645038604736,0.5,0.47084635496139526,0.0,0.0,1,64,29,0.453125,35.0,0.546875,0.546875,2
S21,EmaTentCaseS00E50B50M070,0.9418753385543823,0.9418753385543823,0.6595289707183838,1,0.029062330722808838,0.5,0.47093766927719116,0.0,0.0,2,64,38,0.59375,26.0,0.40625,0.59375,2
S21,EmaTentCaseS00E50B50M070,0.9924700856208801,0.9924700856208801,0.6007370352745056,1,0.0037649571895599365,0.5,0.49623504281044006,0.0,0.0,3,64,40,0.625,24.0,0.375,0.625,2
S21,EmaTentCaseS00E50B50M070,0.9953610897064209,0.9953610897064209,0.5787642002105713,1,0.0023194551467895508,0.5,0.49768054485321045,0.0,0.0,4,32,23,0.71875,9.0,0.28125,0.71875,2
S21,EmaTentCaseS00E50B50M075,0.8295466899871826,0.8295466899871826,0.7448365688323975,1,0.08522665500640869,0.5,0.4147733449935913,0.0,0.0,0,64,2,0.03125,62.0,0.96875,0.96875,2
S21,EmaTentCaseS00E50B50M075,0.9258348941802979,0.9258348941802979,0.6754792928695679,1,0.037082552909851074,0.5,0.4629174470901489,0.0,0.0,1,64,29,0.453125,35.0,0.546875,0.546875,2
S21,EmaTentCaseS00E50B50M075,0.922333300113678,0.922333300113678,0.6750307083129883,1,0.03883334994316101,0.5,0.461166650056839,0.0,0.0,2,64,38,0.59375,26.0,0.40625,0.59375,2
S21,EmaTentCaseS00E50B50M075,0.9983833432197571,0.9983833432197571,0.5962628126144409,1,0.00080832839012146,0.5,0.49919167160987854,0.0,0.0,3,64,40,0.625,24.0,0.375,0.625,2
S21,EmaTentCaseS00E50B50M075,0.9860827922821045,0.9860827922821045,0.5911486148834229,1,0.006958603858947754,0.5,0.49304139614105225,0.0,0.0,4,32,23,0.71875,9.0,0.28125,0.71875,2
S21,EmaTentCaseS00E50B50M080,0.8295466899871826,0.8295466899871826,0.7448365688323975,1,0.08522665500640869,0.5,0.4147733449935913,0.0,0.0,0,64,2,0.03125,62.0,0.96875,0.96875,2
S21,EmaTentCaseS00E50B50M080,0.9086999297142029,0.9086999297142029,0.6905271410942078,1,0.04565003514289856,0.5,0.45434996485710144,0.0,0.0,1,64,29,0.453125,35.0,0.546875,0.546875,2
S21,EmaTentCaseS00E50B50M080,0.8993354439735413,0.8993354439735413,0.6920194029808044,1,0.05033227801322937,0.5,0.44966772198677063,0.0,0.0,2,64,38,0.59375,26.0,0.40625,0.59375,2
S21,EmaTentCaseS00E50B50M080,0.9997084736824036,0.9997084736824036,0.5982446670532227,1,0.00014576315879821777,0.5,0.4998542368412018,0.0,0.0,3,64,40,0.625,24.0,0.375,0.625,2
S21,EmaTentCaseS00E50B50M080,0.9687392115592957,0.9687392115592957,0.613681435585022,1,0.015630394220352173,0.5,0.4843696057796478,0.0,0.0,4,32,23,0.71875,9.0,0.28125,0.71875,2
S21,EmaTentCaseS10E40B50M075,0.8295489549636841,0.8295489549636841,0.7448351383209229,1,0.18522552251815796,0.4,0.41477447748184204,0.0,0.0,0,64,2,0.03125,62.0,0.96875,0.96875,2
S21,EmaTentCaseS10E40B50M075,0.9087013006210327,0.9087013006210327,0.6905262470245361,1,0.14564934968948365,0.4,0.45435065031051636,0.0,0.0,1,64,29,0.453125,35.0,0.546875,0.546875,2
S21,EmaTentCaseS10E40B50M075,0.8954031467437744,0.8954031467437744,0.6948971748352051,1,0.1522984266281128,0.4,0.4477015733718872,0.0,0.0,2,64,38,0.59375,26.0,0.40625,0.59375,2
S21,EmaTentCaseS10E40B50M075,0.9989250898361206,0.9989250898361206,0.6004500389099121,1,0.1005374550819397,0.4,0.4994625449180603,0.0,0.0,3,64,40,0.625,24.0,0.375,0.625,2
S21,EmaTentCaseS10E40B50M075,0.9567924737930298,0.9567924737930298,0.6294349431991577,1,0.12160376310348511,0.4,0.4783962368965149,0.0,0.0,4,32,23,0.71875,9.0,0.28125,0.71875,2
S22,EmaTentGridS20E50B30M075,0.6068472862243652,0.6068472862243652,0.8516100645065308,1,0.3179458141326904,0.5,0.18205418586730956,0.0,0.0,0,64,26,0.40625,38.0,0.59375,0.59375,2
S22,EmaTentGridS20E50B30M075,0.975941002368927,0.975941002368927,0.664790153503418,1,0.2072176992893219,0.5,0.29278230071067807,0.0,0.0,1,64,28,0.4375,36.0,0.5625,0.5625,2
S22,EmaTentGridS20E50B30M075,0.8337005972862244,0.8337005972862244,0.7564940452575684,1,0.2498898208141327,0.5,0.2501101791858673,0.0,0.0,2,64,42,0.65625,22.0,0.34375,0.65625,2
S22,EmaTentGridS20E50B30M075,0.9964903593063354,0.9964903593063354,0.6023920178413391,1,0.20105289220809938,0.5,0.29894710779190065,0.0,0.0,3,58,19,0.3275862068965517,39.0,0.6724137931034483,0.6724137931034483,2
S22,EmaTentCaseS20E50B30M060,0.6068472862243652,0.6068472862243652,0.8516100645065308,1,0.3179458141326904,0.5,0.18205418586730956,0.0,0.0,0,64,26,0.40625,38.0,0.59375,0.59375,2
S22,EmaTentCaseS20E50B30M060,0.9956099987030029,0.9956099987030029,0.6534356474876404,1,0.20131700038909914,0.5,0.2986829996109009,0.0,0.0,1,64,28,0.4375,36.0,0.5625,0.5625,2
S22,EmaTentCaseS20E50B30M060,0.862091064453125,0.862091064453125,0.7442885637283325,1,0.2413726806640625,0.5,0.25862731933593747,0.0,0.0,2,64,42,0.65625,22.0,0.34375,0.65625,2
S22,EmaTentCaseS20E50B30M060,0.9997861981391907,0.9997861981391907,0.597785472869873,1,0.20006414055824281,0.5,0.2999358594417572,0.0,0.0,3,58,19,0.3275862068965517,39.0,0.6724137931034483,0.6724137931034483,2
S22,EmaTentCaseS20E50B30M065,0.6068472862243652,0.6068472862243652,0.8516100645065308,1,0.3179458141326904,0.5,0.18205418586730956,0.0,0.0,0,64,26,0.40625,38.0,0.59375,0.59375,2
S22,EmaTentCaseS20E50B30M065,0.9913222789764404,0.9913222789764404,0.6554625034332275,1,0.20260331630706788,0.5,0.2973966836929321,0.0,0.0,1,64,28,0.4375,36.0,0.5625,0.5625,2
S22,EmaTentCaseS20E50B30M065,0.8554690480232239,0.8554690480232239,0.7471755743026733,1,0.24335928559303285,0.5,0.2566407144069672,0.0,0.0,2,64,42,0.65625,22.0,0.34375,0.65625,2
S22,EmaTentCaseS20E50B30M065,0.999990701675415,0.999990701675415,0.600369930267334,1,0.2000027894973755,0.5,0.2999972105026245,0.0,0.0,3,58,19,0.3275862068965517,39.0,0.6724137931034483,0.6724137931034483,2
S22,EmaTentCaseS20E50B30M070,0.6068472862243652,0.6068472862243652,0.8516100645065308,1,0.3179458141326904,0.5,0.18205418586730956,0.0,0.0,0,64,26,0.40625,38.0,0.59375,0.59375,2
S22,EmaTentCaseS20E50B30M070,0.9849181771278381,0.9849181771278381,0.6593083143234253,1,0.20452454686164856,0.5,0.29547545313835144,0.0,0.0,1,64,28,0.4375,36.0,0.5625,0.5625,2
S22,EmaTentCaseS20E50B30M070,0.8464193344116211,0.8464193344116211,0.751093864440918,1,0.24607419967651367,0.5,0.25392580032348633,0.0,0.0,2,64,42,0.65625,22.0,0.34375,0.65625,2
S22,EmaTentCaseS20E50B30M070,0.999295711517334,0.999295711517334,0.6018803119659424,1,0.2002112865447998,0.5,0.2997887134552002,0.0,0.0,3,58,19,0.3275862068965517,39.0,0.6724137931034483,0.6724137931034483,2
S22,EmaTentCaseS10E50B40M070,0.6068472862243652,0.6068472862243652,0.8516100645065308,1,0.25726108551025395,0.5,0.2427389144897461,0.0,0.0,0,64,26,0.40625,38.0,0.59375,0.59375,2
S22,EmaTentCaseS10E50B40M070,0.9809594750404358,0.9809594750404358,0.6615607738494873,1,0.10761620998382569,0.5,0.39238379001617435,0.0,0.0,1,64,28,0.4375,36.0,0.5625,0.5625,2
S22,EmaTentCaseS10E50B40M070,0.8311634063720703,0.8311634063720703,0.759250283241272,1,0.16753463745117186,0.5,0.33246536254882814,0.0,0.0,2,64,42,0.65625,22.0,0.34375,0.65625,2
S22,EmaTentCaseS10E50B40M070,0.9952015280723572,0.9952015280723572,0.6019123792648315,1,0.10191938877105713,0.5,0.3980806112289429,0.0,0.0,3,58,19,0.3275862068965517,39.0,0.6724137931034483,0.6724137931034483,2
S22,EmaTentCaseS10E50B40M075,0.6068472862243652,0.6068472862243652,0.8516100645065308,1,0.25726108551025395,0.5,0.2427389144897461,0.0,0.0,0,64,26,0.40625,38.0,0.59375,0.59375,2
S22,EmaTentCaseS10E50B40M075,0.9716400504112244,0.9716400504112244,0.667133092880249,1,0.11134397983551025,0.5,0.38865602016448975,0.0,0.0,1,64,28,0.4375,36.0,0.5625,0.5625,2
S22,EmaTentCaseS10E50B40M075,0.8192151784896851,0.8192151784896851,0.764969527721405,1,0.17231392860412598,0.5,0.327686071395874,0.0,0.0,2,64,42,0.65625,22.0,0.34375,0.65625,2
S22,EmaTentCaseS10E50B40M075,0.9906901717185974,0.9906901717185974,0.6035696864128113,1,0.10372393131256104,0.5,0.396276068687439,0.0,0.0,3,58,19,0.3275862068965517,39.0,0.6724137931034483,0.6724137931034483,2
S22,EmaTentCaseS10E50B40M080,0.6068472862243652,0.6068472862243652,0.8516100645065308,1,0.25726108551025395,0.5,0.2427389144897461,0.0,0.0,0,64,26,0.40625,38.0,0.59375,0.59375,2
S22,EmaTentCaseS10E50B40M080,0.959943950176239,0.959943950176239,0.6737509965896606,1,0.1160224199295044,0.5,0.38397758007049565,0.0,0.0,1,64,28,0.4375,36.0,0.5625,0.5625,2
S22,EmaTentCaseS10E50B40M080,0.8026297688484192,0.8026297688484192,0.7734835743904114,1,0.17894809246063234,0.5,0.3210519075393677,0.0,0.0,2,64,42,0.65625,22.0,0.34375,0.65625,2
S22,EmaTentCaseS10E50B40M080,0.9823585152626038,0.9823585152626038,0.6109596490859985,1,0.1070565938949585,0.5,0.3929434061050415,0.0,0.0,3,58,19,0.3275862068965517,39.0,0.6724137931034483,0.6724137931034483,2
S22,EmaTentCaseS00E50B50M070,0.6068472862243652,0.6068472862243652,0.8516100645065308,1,0.19657635688781738,0.5,0.3034236431121826,0.0,0.0,0,64,26,0.40625,38.0,0.59375,0.59375,2
S22,EmaTentCaseS00E50B50M070,0.9762476682662964,0.9762476682662964,0.6643337607383728,1,0.011876165866851807,0.5,0.4881238341331482,0.0,0.0,1,64,28,0.4375,36.0,0.5625,0.5625,2
S22,EmaTentCaseS00E50B50M070,0.8097881078720093,0.8097881078720093,0.7716426849365234,1,0.09510594606399536,0.5,0.40489405393600464,0.0,0.0,2,64,42,0.65625,22.0,0.34375,0.65625,2
S22,EmaTentCaseS00E50B50M070,0.9867468476295471,0.9867468476295471,0.6081441044807434,1,0.00662657618522644,0.5,0.49337342381477356,0.0,0.0,3,58,19,0.3275862068965517,39.0,0.6724137931034483,0.6724137931034483,2
S22,EmaTentCaseS00E50B50M075,0.6068472862243652,0.6068472862243652,0.8516100645065308,1,0.19657635688781738,0.5,0.3034236431121826,0.0,0.0,0,64,26,0.40625,38.0,0.59375,0.59375,2
S22,EmaTentCaseS00E50B50M075,0.9669050574302673,0.9669050574302673,0.6697825193405151,1,0.016547471284866333,0.5,0.48345252871513367,0.0,0.0,1,64,28,0.4375,36.0,0.5625,0.5625,2
S22,EmaTentCaseS00E50B50M075,0.7999782562255859,0.7999782562255859,0.7761576175689697,1,0.10001087188720703,0.5,0.39998912811279297,0.0,0.0,2,64,42,0.65625,22.0,0.34375,0.65625,2
S22,EmaTentCaseS00E50B50M075,0.9811080694198608,0.9811080694198608,0.6129760146141052,1,0.00944596529006958,0.5,0.4905540347099304,0.0,0.0,3,58,19,0.3275862068965517,39.0,0.6724137931034483,0.6724137931034483,2
S22,EmaTentCaseS00E50B50M080,0.6068472862243652,0.6068472862243652,0.8516100645065308,1,0.19657635688781738,0.5,0.3034236431121826,0.0,0.0,0,64,26,0.40625,38.0,0.59375,0.59375,2
S22,EmaTentCaseS00E50B50M080,0.9553402066230774,0.9553402066230774,0.6768404245376587,1,0.022329896688461304,0.5,0.4776701033115387,0.0,0.0,1,64,28,0.4375,36.0,0.5625,0.5625,2
S22,EmaTentCaseS00E50B50M080,0.7864436507225037,0.7864436507225037,0.7822383642196655,1,0.10677817463874817,0.5,0.39322182536125183,0.0,0.0,2,64,42,0.65625,22.0,0.34375,0.65625,2
S22,EmaTentCaseS00E50B50M080,0.9722367525100708,0.9722367525100708,0.6209689974784851,1,0.0138816237449646,0.5,0.4861183762550354,0.0,0.0,3,58,19,0.3275862068965517,39.0,0.6724137931034483,0.6724137931034483,2
S22,EmaTentCaseS10E40B50M075,0.606846809387207,0.606846809387207,0.8516102433204651,1,0.29657659530639646,0.4,0.3034234046936035,0.0,0.0,0,64,26,0.40625,38.0,0.59375,0.59375,2
S22,EmaTentCaseS10E40B50M075,0.9553402066230774,0.9553402066230774,0.676840603351593,1,0.12232989668846131,0.4,0.4776701033115387,0.0,0.0,1,64,28,0.4375,36.0,0.5625,0.5625,2
S22,EmaTentCaseS10E40B50M075,0.7810269594192505,0.7810269594192505,0.7848412394523621,1,0.20948652029037476,0.4,0.39051347970962524,0.0,0.0,2,64,42,0.65625,22.0,0.34375,0.65625,2
S22,EmaTentCaseS10E40B50M075,0.9675965905189514,0.9675965905189514,0.6251048445701599,1,0.1162017047405243,0.4,0.4837982952594757,0.0,0.0,3,58,19,0.3275862068965517,39.0,0.6724137931034483,0.6724137931034483,2
S23,EmaTentGridS20E50B30M075,0.7156593799591064,0.7156593799591064,0.8088412284851074,1,0.2853021860122681,0.5,0.21469781398773194,0.0,0.0,0,64,58,0.90625,6.0,0.09375,0.90625,2
S23,EmaTentGridS20E50B30M075,0.9996928572654724,0.9996928572654724,0.5976547598838806,1,0.20009214282035828,0.5,0.2999078571796417,0.0,0.0,1,64,37,0.578125,27.0,0.421875,0.578125,2
S23,EmaTentGridS20E50B30M075,0.9652281999588013,0.9652281999588013,0.6365394592285156,1,0.21043154001235964,0.5,0.28956845998764036,0.0,0.0,2,64,43,0.671875,21.0,0.328125,0.671875,2
S23,EmaTentGridS20E50B30M075,0.991289496421814,0.991289496421814,0.6318451762199402,1,0.20261315107345582,0.5,0.29738684892654416,0.0,0.0,3,51,21,0.4117647058823529,30.0,0.5882352941176471,0.5882352941176471,2
S23,EmaTentCaseS20E50B30M060,0.7156593799591064,0.7156593799591064,0.8088412284851074,1,0.2853021860122681,0.5,0.21469781398773194,0.0,0.0,0,64,58,0.90625,6.0,0.09375,0.90625,2
S23,EmaTentCaseS20E50B30M060,0.999885618686676,0.999885618686676,0.577425479888916,1,0.20003431439399721,0.5,0.2999656856060028,0.0,0.0,1,64,37,0.578125,27.0,0.421875,0.578125,2
S23,EmaTentCaseS20E50B30M060,0.9628346562385559,0.9628346562385559,0.6316512823104858,1,0.21114960312843323,0.5,0.2888503968715668,0.0,0.0,2,64,43,0.671875,21.0,0.328125,0.671875,2
S23,EmaTentCaseS20E50B30M060,0.9982179403305054,0.9982179403305054,0.6062467694282532,1,0.2005346179008484,0.5,0.2994653820991516,0.0,0.0,3,51,21,0.4117647058823529,30.0,0.5882352941176471,0.5882352941176471,2
S23,EmaTentCaseS20E50B30M065,0.7156593799591064,0.7156593799591064,0.8088412284851074,1,0.2853021860122681,0.5,0.21469781398773194,0.0,0.0,0,64,58,0.90625,6.0,0.09375,0.90625,2
S23,EmaTentCaseS20E50B30M065,0.9999877214431763,0.9999877214431763,0.5832254886627197,1,0.20000368356704712,0.5,0.2999963164329529,0.0,0.0,1,64,37,0.578125,27.0,0.421875,0.578125,2
S23,EmaTentCaseS20E50B30M065,0.9638587236404419,0.9638587236404419,0.6316770315170288,1,0.21084238290786744,0.5,0.28915761709213256,0.0,0.0,2,64,43,0.671875,21.0,0.328125,0.671875,2
S23,EmaTentCaseS20E50B30M065,0.9973450303077698,0.9973450303077698,0.6105272173881531,1,0.20079649090766907,0.5,0.2992035090923309,0.0,0.0,3,51,21,0.4117647058823529,30.0,0.5882352941176471,0.5882352941176471,2
S23,EmaTentCaseS20E50B30M070,0.7156593799591064,0.7156593799591064,0.8088412284851074,1,0.2853021860122681,0.5,0.21469781398773194,0.0,0.0,0,64,58,0.90625,6.0,0.09375,0.90625,2
S23,EmaTentCaseS20E50B30M070,0.9999829530715942,0.9999829530715942,0.5901355743408203,1,0.20000511407852173,0.5,0.29999488592147827,0.0,0.0,1,64,37,0.578125,27.0,0.421875,0.578125,2
S23,EmaTentCaseS20E50B30M070,0.9648157954216003,0.9648157954216003,0.6326426267623901,1,0.2105552613735199,0.5,0.28944473862648007,0.0,0.0,2,64,43,0.671875,21.0,0.328125,0.671875,2
S23,EmaTentCaseS20E50B30M070,0.9952903985977173,0.9952903985977173,0.6192846298217773,1,0.20141288042068484,0.5,0.29858711957931516,0.0,0.0,3,51,21,0.4117647058823529,30.0,0.5882352941176471,0.5882352941176471,2
S23,EmaTentCaseS10E50B40M070,0.7156593799591064,0.7156593799591064,0.8088412284851074,1,0.21373624801635743,0.5,0.28626375198364257,0.0,0.0,0,64,58,0.90625,6.0,0.09375,0.90625,2
S23,EmaTentCaseS10E50B40M070,0.9994815587997437,0.9994815587997437,0.5943456888198853,1,0.10020737648010254,0.5,0.39979262351989747,0.0,0.0,1,64,37,0.578125,27.0,0.421875,0.578125,2
S23,EmaTentCaseS10E50B40M070,0.9612528085708618,0.9612528085708618,0.639970064163208,1,0.11549887657165528,0.5,0.38450112342834475,0.0,0.0,2,64,43,0.671875,21.0,0.328125,0.671875,2
S23,EmaTentCaseS10E50B40M070,0.9930770993232727,0.9930770993232727,0.6359410285949707,1,0.10276916027069093,0.5,0.3972308397293091,0.0,0.0,3,51,21,0.4117647058823529,30.0,0.5882352941176471,0.5882352941176471,2
S23,EmaTentCaseS10E50B40M075,0.7156593799591064,0.7156593799591064,0.8088412284851074,1,0.21373624801635743,0.5,0.28626375198364257,0.0,0.0,0,64,58,0.90625,6.0,0.09375,0.90625,2
S23,EmaTentCaseS10E50B40M075,0.998895525932312,0.998895525932312,0.6006554365158081,1,0.1004417896270752,0.5,0.3995582103729248,0.0,0.0,1,64,37,0.578125,27.0,0.421875,0.578125,2
S23,EmaTentCaseS10E50B40M075,0.9630746245384216,0.9630746245384216,0.6428432464599609,1,0.11477015018463135,0.5,0.3852298498153687,0.0,0.0,2,64,43,0.671875,21.0,0.328125,0.671875,2
S23,EmaTentCaseS10E50B40M075,0.9890599250793457,0.9890599250793457,0.6444421410560608,1,0.10437602996826173,0.5,0.3956239700317383,0.0,0.0,3,51,21,0.4117647058823529,30.0,0.5882352941176471,0.5882352941176471,2
S23,EmaTentCaseS10E50B40M080,0.7156593799591064,0.7156593799591064,0.8088412284851074,1,0.21373624801635743,0.5,0.28626375198364257,0.0,0.0,0,64,58,0.90625,6.0,0.09375,0.90625,2
S23,EmaTentCaseS10E50B40M080,0.9972643852233887,0.9972643852233887,0.6076496243476868,1,0.10109424591064453,0.5,0.39890575408935547,0.0,0.0,1,64,37,0.578125,27.0,0.421875,0.578125,2
S23,EmaTentCaseS10E50B40M080,0.9623679518699646,0.9623679518699646,0.6492537260055542,1,0.11505281925201416,0.5,0.38494718074798584,0.0,0.0,2,64,43,0.671875,21.0,0.328125,0.671875,2
S23,EmaTentCaseS10E50B40M080,0.9829078316688538,0.9829078316688538,0.65475994348526,1,0.10683686733245851,0.5,0.39316313266754155,0.0,0.0,3,51,21,0.4117647058823529,30.0,0.5882352941176471,0.5882352941176471,2
S23,EmaTentCaseS00E50B50M070,0.7156593799591064,0.7156593799591064,0.8088412284851074,1,0.14217031002044678,0.5,0.3578296899795532,0.0,0.0,0,64,58,0.90625,6.0,0.09375,0.90625,2
S23,EmaTentCaseS00E50B50M070,0.9989752173423767,0.9989752173423767,0.5980403423309326,1,0.0005123913288116455,0.5,0.49948760867118835,0.0,0.0,1,64,37,0.578125,27.0,0.421875,0.578125,2
S23,EmaTentCaseS00E50B50M070,0.9604938626289368,0.9604938626289368,0.6456778049468994,1,0.019753068685531616,0.5,0.4802469313144684,0.0,0.0,2,64,43,0.671875,21.0,0.328125,0.671875,2
S23,EmaTentCaseS00E50B50M070,0.9896915555000305,0.9896915555000305,0.6492338180541992,1,0.005154222249984741,0.5,0.49484577775001526,0.0,0.0,3,51,21,0.4117647058823529,30.0,0.5882352941176471,0.5882352941176471,2
S23,EmaTentCaseS00E50B50M075,0.7156593799591064,0.7156593799591064,0.8088412284851074,1,0.14217031002044678,0.5,0.3578296899795532,0.0,0.0,0,64,58,0.90625,6.0,0.09375,0.90625,2
S23,EmaTentCaseS00E50B50M075,0.9983205795288086,0.9983205795288086,0.6036282181739807,1,0.0008397102355957031,0.5,0.4991602897644043,0.0,0.0,1,64,37,0.578125,27.0,0.421875,0.578125,2
S23,EmaTentCaseS00E50B50M075,0.9628554582595825,0.9628554582595825,0.6472980976104736,1,0.01857227087020874,0.5,0.48142772912979126,0.0,0.0,2,64,43,0.671875,21.0,0.328125,0.671875,2
S23,EmaTentCaseS00E50B50M075,0.9857601523399353,0.9857601523399353,0.6558095216751099,1,0.007119923830032349,0.5,0.49288007616996765,0.0,0.0,3,51,21,0.4117647058823529,30.0,0.5882352941176471,0.5882352941176471,2
S23,EmaTentCaseS00E50B50M080,0.7156593799591064,0.7156593799591064,0.8088412284851074,1,0.14217031002044678,0.5,0.3578296899795532,0.0,0.0,0,64,58,0.90625,6.0,0.09375,0.90625,2
S23,EmaTentCaseS00E50B50M080,0.996517539024353,0.996517539024353,0.6102163791656494,1,0.0017412304878234863,0.5,0.4982587695121765,0.0,0.0,1,64,37,0.578125,27.0,0.421875,0.578125,2
S23,EmaTentCaseS00E50B50M080,0.9625933170318604,0.9625933170318604,0.6527440547943115,1,0.018703341484069824,0.5,0.4812966585159302,0.0,0.0,2,64,43,0.671875,21.0,0.328125,0.671875,2
S23,EmaTentCaseS00E50B50M080,0.9798473119735718,0.9798473119735718,0.6632350087165833,1,0.010076344013214111,0.5,0.4899236559867859,0.0,0.0,3,51,21,0.4117647058823529,30.0,0.5882352941176471,0.5882352941176471,2
S23,EmaTentCaseS10E40B50M075,0.7156577110290527,0.7156577110290527,0.808842122554779,1,0.24217114448547364,0.4,0.35782885551452637,0.0,0.0,0,64,58,0.90625,6.0,0.09375,0.90625,2
S23,EmaTentCaseS10E40B50M075,0.9965177774429321,0.9965177774429321,0.6102167367935181,1,0.10174111127853394,0.4,0.49825888872146606,0.0,0.0,1,64,37,0.578125,27.0,0.421875,0.578125,2
S23,EmaTentCaseS10E40B50M075,0.9625771045684814,0.9625771045684814,0.6538865566253662,1,0.11871144771575928,0.4,0.4812885522842407,0.0,0.0,2,64,43,0.671875,21.0,0.328125,0.671875,2
S23,EmaTentCaseS10E40B50M075,0.9764214158058167,0.9764214158058167,0.6668935418128967,1,0.11178929209709168,0.4,0.4882107079029083,0.0,0.0,3,51,21,0.4117647058823529,30.0,0.5882352941176471,0.5882352941176471,2
S24,EmaTentGridS20E50B30M075,0.9983936548233032,0.9983936548233032,0.5918505191802979,1,0.20048190355300904,0.5,0.29951809644699096,0.0,0.0,0,64,24,0.375,40.0,0.625,0.625,2
S24,EmaTentGridS20E50B30M075,0.9609807729721069,0.9609807729721069,0.6999348402023315,1,0.21170576810836794,0.5,0.28829423189163206,0.0,0.0,1,64,27,0.421875,37.0,0.578125,0.578125,2
S24,EmaTentGridS20E50B30M075,0.7745887041091919,0.7745887041091919,0.7758890390396118,1,0.26762338876724245,0.5,0.23237661123275755,0.0,0.0,2,64,46,0.71875,18.0,0.28125,0.71875,2
S24,EmaTentGridS20E50B30M075,0.9352846741676331,0.9352846741676331,0.7379106879234314,1,0.2194145977497101,0.5,0.2805854022502899,0.0,0.0,3,5,5,1.0,,,1.0,1
S24,EmaTentCaseS20E50B30M060,0.9983936548233032,0.9983936548233032,0.5918505191802979,1,0.20048190355300904,0.5,0.29951809644699096,0.0,0.0,0,64,24,0.375,40.0,0.625,0.625,2
S24,EmaTentCaseS20E50B30M060,0.9265772700309753,0.9265772700309753,0.718142032623291,1,0.22202681899070742,0.5,0.2779731810092926,0.0,0.0,1,64,27,0.421875,37.0,0.578125,0.578125,2
S24,EmaTentCaseS20E50B30M060,0.8783747553825378,0.8783747553825378,0.7304728627204895,1,0.23648757338523865,0.5,0.2635124266147613,0.0,0.0,2,64,46,0.71875,18.0,0.28125,0.71875,2
S24,EmaTentCaseS20E50B30M060,0.9059777855873108,0.9059777855873108,0.732111394405365,1,0.22820666432380676,0.5,0.27179333567619324,0.0,0.0,3,5,5,1.0,,,1.0,1
S24,EmaTentCaseS20E50B30M065,0.9983936548233032,0.9983936548233032,0.5918505191802979,1,0.20048190355300904,0.5,0.29951809644699096,0.0,0.0,0,64,24,0.375,40.0,0.625,0.625,2
S24,EmaTentCaseS20E50B30M065,0.9380881190299988,0.9380881190299988,0.7107473611831665,1,0.2185735642910004,0.5,0.2814264357089996,0.0,0.0,1,64,27,0.421875,37.0,0.578125,0.578125,2
S24,EmaTentCaseS20E50B30M065,0.8373785614967346,0.8373785614967346,0.7455217242240906,1,0.24878643155097963,0.5,0.2512135684490204,0.0,0.0,2,64,46,0.71875,18.0,0.28125,0.71875,2
S24,EmaTentCaseS20E50B30M065,0.9143348336219788,0.9143348336219788,0.7350399494171143,1,0.22569954991340638,0.5,0.2743004500865936,0.0,0.0,3,5,5,1.0,,,1.0,1
S24,EmaTentCaseS20E50B30M070,0.9983936548233032,0.9983936548233032,0.5918505191802979,1,0.20048190355300904,0.5,0.29951809644699096,0.0,0.0,0,64,24,0.375,40.0,0.625,0.625,2
S24,EmaTentCaseS20E50B30M070,0.9499684572219849,0.9499684572219849,0.7037951350212097,1,0.21500946283340455,0.5,0.28499053716659545,0.0,0.0,1,64,27,0.421875,37.0,0.578125,0.578125,2
S24,EmaTentCaseS20E50B30M070,0.8006431460380554,0.8006431460380554,0.7627759575843811,1,0.25980705618858335,0.5,0.24019294381141662,0.0,0.0,2,64,46,0.71875,18.0,0.28125,0.71875,2
S24,EmaTentCaseS20E50B30M070,0.923966109752655,0.923966109752655,0.7373676300048828,1,0.2228101670742035,0.5,0.2771898329257965,0.0,0.0,3,5,5,1.0,,,1.0,1
S24,EmaTentCaseS10E50B40M070,0.9983936548233032,0.9983936548233032,0.5918505191802979,1,0.10064253807067872,0.5,0.3993574619293213,0.0,0.0,0,64,24,0.375,40.0,0.625,0.625,2
S24,EmaTentCaseS10E50B40M070,0.9566413760185242,0.9566413760185242,0.7031722068786621,1,0.11734344959259034,0.5,0.3826565504074097,0.0,0.0,1,64,27,0.421875,37.0,0.578125,0.578125,2
S24,EmaTentCaseS10E50B40M070,0.7767199873924255,0.7767199873924255,0.7748958468437195,1,0.1893120050430298,0.5,0.31068799495697025,0.0,0.0,2,64,46,0.71875,18.0,0.28125,0.71875,2
S24,EmaTentCaseS10E50B40M070,0.9339837431907654,0.9339837431907654,0.737771213054657,1,0.12640650272369386,0.5,0.3735934972763062,0.0,0.0,3,5,5,1.0,,,1.0,1
S24,EmaTentCaseS10E50B40M075,0.9983936548233032,0.9983936548233032,0.5918505191802979,1,0.10064253807067872,0.5,0.3993574619293213,0.0,0.0,0,64,24,0.375,40.0,0.625,0.625,2
S24,EmaTentCaseS10E50B40M075,0.9662203788757324,0.9662203788757324,0.6996167898178101,1,0.11351184844970703,0.5,0.386488151550293,0.0,0.0,1,64,27,0.421875,37.0,0.578125,0.578125,2
S24,EmaTentCaseS10E50B40M075,0.76276034116745,0.76276034116745,0.7814605236053467,1,0.19489586353302002,0.5,0.30510413646698,0.0,0.0,2,64,46,0.71875,18.0,0.28125,0.71875,2
S24,EmaTentCaseS10E50B40M075,0.9452312588691711,0.9452312588691711,0.7365826964378357,1,0.12190749645233155,0.5,0.3780925035476685,0.0,0.0,3,5,5,1.0,,,1.0,1
S24,EmaTentCaseS10E50B40M080,0.9983936548233032,0.9983936548233032,0.5918505191802979,1,0.10064253807067872,0.5,0.3993574619293213,0.0,0.0,0,64,24,0.375,40.0,0.625,0.625,2
S24,EmaTentCaseS10E50B40M080,0.9746982455253601,0.9746982455253601,0.6973249316215515,1,0.11012070178985596,0.5,0.38987929821014405,0.0,0.0,1,64,27,0.421875,37.0,0.578125,0.578125,2
S24,EmaTentCaseS10E50B40M080,0.760872483253479,0.760872483253479,0.7826995253562927,1,0.1956510066986084,0.5,0.30434899330139165,0.0,0.0,2,64,46,0.71875,18.0,0.28125,0.71875,2
S24,EmaTentCaseS10E50B40M080,0.9573634266853333,0.9573634266853333,0.7324407696723938,1,0.1170546293258667,0.5,0.3829453706741333,0.0,0.0,3,5,5,1.0,,,1.0,1
S24,EmaTentCaseS00E50B50M070,0.9983936548233032,0.9983936548233032,0.5918505191802979,1,0.0008031725883483887,0.5,0.4991968274116516,0.0,0.0,0,64,24,0.375,40.0,0.625,0.625,2
S24,EmaTentCaseS00E50B50M070,0.9615033864974976,0.9615033864974976,0.7034069299697876,1,0.01924830675125122,0.5,0.4807516932487488,0.0,0.0,1,64,27,0.421875,37.0,0.578125,0.578125,2
S24,EmaTentCaseS00E50B50M070,0.756253719329834,0.756253719329834,0.7851341962814331,1,0.12187314033508301,0.5,0.378126859664917,0.0,0.0,2,64,46,0.71875,18.0,0.28125,0.71875,2
S24,EmaTentCaseS00E50B50M070,0.9408579468727112,0.9408579468727112,0.7389008402824402,1,0.02957102656364441,0.5,0.4704289734363556,0.0,0.0,3,5,5,1.0,,,1.0,1
S24,EmaTentCaseS00E50B50M075,0.9983936548233032,0.9983936548233032,0.5918505191802979,1,0.0008031725883483887,0.5,0.4991968274116516,0.0,0.0,0,64,24,0.375,40.0,0.625,0.625,2
S24,EmaTentCaseS00E50B50M075,0.9700536131858826,0.9700536131858826,0.7004486322402954,1,0.014973193407058716,0.5,0.4850268065929413,0.0,0.0,1,64,27,0.421875,37.0,0.578125,0.578125,2
S24,EmaTentCaseS00E50B50M075,0.7517544031143188,0.7517544031143188,0.7873660326004028,1,0.12412279844284058,0.5,0.3758772015571594,0.0,0.0,2,64,46,0.71875,18.0,0.28125,0.71875,2
S24,EmaTentCaseS00E50B50M075,0.9514862895011902,0.9514862895011902,0.7367703318595886,1,0.024256855249404907,0.5,0.4757431447505951,0.0,0.0,3,5,5,1.0,,,1.0,1
S24,EmaTentCaseS00E50B50M080,0.9983936548233032,0.9983936548233032,0.5918505191802979,1,0.0008031725883483887,0.5,0.4991968274116516,0.0,0.0,0,64,24,0.375,40.0,0.625,0.625,2
S24,EmaTentCaseS00E50B50M080,0.9775880575180054,0.9775880575180054,0.6976362466812134,1,0.011205971240997314,0.5,0.4887940287590027,0.0,0.0,1,64,27,0.421875,37.0,0.578125,0.578125,2
S24,EmaTentCaseS00E50B50M080,0.7567704319953918,0.7567704319953918,0.7850748300552368,1,0.12161478400230408,0.5,0.3783852159976959,0.0,0.0,2,64,46,0.71875,18.0,0.28125,0.71875,2
S24,EmaTentCaseS00E50B50M080,0.9632735252380371,0.9632735252380371,0.7304719090461731,1,0.018363237380981445,0.5,0.48163676261901855,0.0,0.0,3,5,5,1.0,,,1.0,1
S24,EmaTentCaseS10E40B50M075,0.9983936548233032,0.9983936548233032,0.591850221157074,1,0.1008031725883484,0.4,0.4991968274116516,0.0,0.0,0,64,24,0.375,40.0,0.625,0.625,2
S24,EmaTentCaseS10E40B50M075,0.9775885939598083,0.9775885939598083,0.6976361274719238,1,0.11120570302009583,0.4,0.4887942969799042,0.0,0.0,1,64,27,0.421875,37.0,0.578125,0.578125,2
S24,EmaTentCaseS10E40B50M075,0.7611482739448547,0.7611482739448547,0.7828637957572937,1,0.21942586302757264,0.4,0.38057413697242737,0.0,0.0,2,64,46,0.71875,18.0,0.28125,0.71875,2
S24,EmaTentCaseS10E40B50M075,0.9682407379150391,0.9682407379150391,0.7249100804328918,1,0.11587963104248047,0.4,0.48412036895751953,0.0,0.0,3,5,5,1.0,,,1.0,1
S25,EmaTentGridS20E50B30M075,0.4531514048576355,0.4531514048576355,0.9049357175827026,1,0.3640545785427094,0.5,0.13594542145729063,0.0,0.0,0,64,28,0.4375,36.0,0.5625,0.5625,2
S25,EmaTentGridS20E50B30M075,0.5337926745414734,0.5337926745414734,0.8784525394439697,1,0.339862197637558,0.5,0.16013780236244202,0.0,0.0,1,64,32,0.5,32.0,0.5,0.5,2
S25,EmaTentGridS20E50B30M075,0.5849385261535645,0.5849385261535645,0.8597326278686523,1,0.32451844215393066,0.5,0.17548155784606934,0.0,0.0,2,64,15,0.234375,49.0,0.765625,0.765625,2
S25,EmaTentGridS20E50B30M075,0.6339461207389832,0.6339461207389832,0.8488637208938599,1,0.30981616377830506,0.5,0.19018383622169494,0.0,0.0,3,53,33,0.6226415094339622,20.0,0.37735849056603776,0.6226415094339622,2
S25,EmaTentCaseS20E50B30M060,0.4531514048576355,0.4531514048576355,0.9049357175827026,1,0.3640545785427094,0.5,0.13594542145729063,0.0,0.0,0,64,28,0.4375,36.0,0.5625,0.5625,2
S25,EmaTentCaseS20E50B30M060,0.4610736072063446,0.4610736072063446,0.9024834036827087,1,0.36167791783809666,0.5,0.13832208216190336,0.0,0.0,1,64,32,0.5,32.0,0.5,0.5,2
S25,EmaTentCaseS20E50B30M060,0.7321922183036804,0.7321922183036804,0.7948552370071411,1,0.2803423345088959,0.5,0.21965766549110413,0.0,0.0,2,64,15,0.234375,49.0,0.765625,0.765625,2
S25,EmaTentCaseS20E50B30M060,0.5528387427330017,0.5528387427330017,0.8719779253005981,1,0.3341483771800995,0.5,0.1658516228199005,0.0,0.0,3,53,33,0.6226415094339622,20.0,0.37735849056603776,0.6226415094339622,2
S25,EmaTentCaseS20E50B30M065,0.4531514048576355,0.4531514048576355,0.9049357175827026,1,0.3640545785427094,0.5,0.13594542145729063,0.0,0.0,0,64,28,0.4375,36.0,0.5625,0.5625,2
S25,EmaTentCaseS20E50B30M065,0.4830581247806549,0.4830581247806549,0.8955135345458984,1,0.3550825625658035,0.5,0.14491743743419647,0.0,0.0,1,64,32,0.5,32.0,0.5,0.5,2
S25,EmaTentCaseS20E50B30M065,0.680189311504364,0.680189311504364,0.819948673248291,1,0.2959432065486908,0.5,0.2040567934513092,0.0,0.0,2,64,15,0.234375,49.0,0.765625,0.765625,2
S25,EmaTentCaseS20E50B30M065,0.582642138004303,0.582642138004303,0.8641301989555359,1,0.3252073585987091,0.5,0.1747926414012909,0.0,0.0,3,53,33,0.6226415094339622,20.0,0.37735849056603776,0.6226415094339622,2
S25,EmaTentCaseS20E50B30M070,0.4531514048576355,0.4531514048576355,0.9049357175827026,1,0.3640545785427094,0.5,0.13594542145729063,0.0,0.0,0,64,28,0.4375,36.0,0.5625,0.5625,2
S25,EmaTentCaseS20E50B30M070,0.5082067251205444,0.5082067251205444,0.887232780456543,1,0.3475379824638367,0.5,0.1524620175361633,0.0,0.0,1,64,32,0.5,32.0,0.5,0.5,2
S25,EmaTentCaseS20E50B30M070,0.6307944655418396,0.6307944655418396,0.8414645195007324,1,0.3107616603374481,0.5,0.18923833966255188,0.0,0.0,2,64,15,0.234375,49.0,0.765625,0.765625,2
S25,EmaTentCaseS20E50B30M070,0.6088951826095581,0.6088951826095581,0.8567703366279602,1,0.3173314452171326,0.5,0.18266855478286742,0.0,0.0,3,53,33,0.6226415094339622,20.0,0.37735849056603776,0.6226415094339622,2
S25,EmaTentCaseS10E50B40M070,0.4531514048576355,0.4531514048576355,0.9049357175827026,1,0.3187394380569458,0.5,0.1812605619430542,0.0,0.0,0,64,28,0.4375,36.0,0.5625,0.5625,2
S25,EmaTentCaseS10E50B40M070,0.5111713409423828,0.5111713409423828,0.8862341642379761,1,0.2955314636230469,0.5,0.20446853637695314,0.0,0.0,1,64,32,0.5,32.0,0.5,0.5,2
S25,EmaTentCaseS10E50B40M070,0.6160412430763245,0.6160412430763245,0.8475080728530884,1,0.2535835027694702,0.5,0.2464164972305298,0.0,0.0,2,64,15,0.234375,49.0,0.765625,0.765625,2
S25,EmaTentCaseS10E50B40M070,0.62063068151474,0.62063068151474,0.8526968359947205,1,0.251747727394104,0.5,0.248252272605896,0.0,0.0,3,53,33,0.6226415094339622,20.0,0.37735849056603776,0.6226415094339622,2
S25,EmaTentCaseS10E50B40M075,0.4531514048576355,0.4531514048576355,0.9049357175827026,1,0.3187394380569458,0.5,0.1812605619430542,0.0,0.0,0,64,28,0.4375,36.0,0.5625,0.5625,2
S25,EmaTentCaseS10E50B40M075,0.5360357165336609,0.5360357165336609,0.8776650428771973,1,0.28558571338653566,0.5,0.21441428661346437,0.0,0.0,1,64,32,0.5,32.0,0.5,0.5,2
S25,EmaTentCaseS10E50B40M075,0.5737305283546448,0.5737305283546448,0.863976001739502,1,0.27050778865814207,0.5,0.22949221134185793,0.0,0.0,2,64,15,0.234375,49.0,0.765625,0.765625,2
S25,EmaTentCaseS10E50B40M075,0.6435896754264832,0.6435896754264832,0.8454443216323853,1,0.24256412982940675,0.5,0.2574358701705933,0.0,0.0,3,53,33,0.6226415094339622,20.0,0.37735849056603776,0.6226415094339622,2
S25,EmaTentCaseS10E50B40M080,0.4531514048576355,0.4531514048576355,0.9049357175827026,1,0.3187394380569458,0.5,0.1812605619430542,0.0,0.0,0,64,28,0.4375,36.0,0.5625,0.5625,2
S25,EmaTentCaseS10E50B40M080,0.5604092478752136,0.5604092478752136,0.8689138889312744,1,0.27583630084991456,0.5,0.22416369915008547,0.0,0.0,1,64,32,0.5,32.0,0.5,0.5,2
S25,EmaTentCaseS10E50B40M080,0.5345072150230408,0.5345072150230408,0.878201961517334,1,0.28619711399078374,0.5,0.21380288600921632,0.0,0.0,2,64,15,0.234375,49.0,0.765625,0.765625,2
S25,EmaTentCaseS10E50B40M080,0.6663175225257874,0.6663175225257874,0.8382134437561035,1,0.23347299098968508,0.5,0.26652700901031495,0.0,0.0,3,53,33,0.6226415094339622,20.0,0.37735849056603776,0.6226415094339622,2
S25,EmaTentCaseS00E50B50M070,0.4531514048576355,0.4531514048576355,0.9049357175827026,1,0.27342429757118225,0.5,0.22657570242881775,0.0,0.0,0,64,28,0.4375,36.0,0.5625,0.5625,2
S25,EmaTentCaseS00E50B50M070,0.5139906406402588,0.5139906406402588,0.8852800726890564,1,0.2430046796798706,0.5,0.2569953203201294,0.0,0.0,1,64,32,0.5,32.0,0.5,0.5,2
S25,EmaTentCaseS00E50B50M070,0.5997891426086426,0.5997891426086426,0.8539803624153137,1,0.2001054286956787,0.5,0.2998945713043213,0.0,0.0,2,64,15,0.234375,49.0,0.765625,0.765625,2
S25,EmaTentCaseS00E50B50M070,0.6277268528938293,0.6277268528938293,0.8502799272537231,1,0.18613657355308533,0.5,0.3138634264469147,0.0,0.0,3,53,33,0.6226415094339622,20.0,0.37735849056603776,0.6226415094339622,2
S25,EmaTentCaseS00E50B50M075,0.4531514048576355,0.4531514048576355,0.9049357175827026,1,0.27342429757118225,0.5,0.22657570242881775,0.0,0.0,0,64,28,0.4375,36.0,0.5625,0.5625,2
S25,EmaTentCaseS00E50B50M075,0.5380235314369202,0.5380235314369202,0.8769646286964417,1,0.23098823428153992,0.5,0.2690117657184601,0.0,0.0,1,64,32,0.5,32.0,0.5,0.5,2
S25,EmaTentCaseS00E50B50M075,0.5611405372619629,0.5611405372619629,0.8686457276344299,1,0.21942973136901855,0.5,0.28057026863098145,0.0,0.0,2,64,15,0.234375,49.0,0.765625,0.765625,2
S25,EmaTentCaseS00E50B50M075,0.6497493386268616,0.6497493386268616,0.8434349298477173,1,0.1751253306865692,0.5,0.3248746693134308,0.0,0.0,3,53,33,0.6226415094339622,20.0,0.37735849056603776,0.6226415094339622,2
S25,EmaTentCaseS00E50B50M080,0.4531514048576355,0.4531514048576355,0.9049357175827026,1,0.27342429757118225,0.5,0.22657570242881775,0.0,0.0,0,64,28,0.4375,36.0,0.5625,0.5625,2
S25,EmaTentCaseS00E50B50M080,0.5616825819015503,0.5616825819015503,0.8684467673301697,1,0.21915870904922485,0.5,0.28084129095077515,0.0,0.0,1,64,32,0.5,32.0,0.5,0.5,2
S25,EmaTentCaseS00E50B50M080,0.5251300930976868,0.5251300930976868,0.8814666271209717,1,0.23743495345115662,0.5,0.2625650465488434,0.0,0.0,2,64,15,0.234375,49.0,0.765625,0.765625,2
S25,EmaTentCaseS00E50B50M080,0.6704877018928528,0.6704877018928528,0.8375665545463562,1,0.1647561490535736,0.5,0.3352438509464264,0.0,0.0,3,53,33,0.6226415094339622,20.0,0.37735849056603776,0.6226415094339622,2
S25,EmaTentCaseS10E40B50M075,0.45315107703208923,0.45315107703208923,0.904935896396637,1,0.37342446148395536,0.4,0.22657553851604462,0.0,0.0,0,64,28,0.4375,36.0,0.5625,0.5625,2
S25,EmaTentCaseS10E40B50M075,0.5616836547851562,0.5616836547851562,0.8684463500976562,1,0.31915817260742185,0.4,0.2808418273925781,0.0,0.0,1,64,32,0.5,32.0,0.5,0.5,2
S25,EmaTentCaseS10E40B50M075,0.5186142325401306,0.5186142325401306,0.883705735206604,1,0.34069288372993467,0.4,0.2593071162700653,0.0,0.0,2,64,15,0.234375,49.0,0.765625,0.765625,2
S25,EmaTentCaseS10E40B50M075,0.6751487851142883,0.6751487851142883,0.8367869853973389,1,0.2624256074428558,0.4,0.33757439255714417,0.0,0.0,3,53,33,0.6226415094339622,20.0,0.37735849056603776,0.6226415094339622,2
S26,EmaTentGridS20E50B30M075,0.06087273359298706,0.06087273359298706,0.9929019212722778,0,0.4817381799221039,0.5,0.018261820077896118,0.0,0.0,0,64,19,0.296875,45.0,0.703125,0.703125,2
S26,EmaTentGridS20E50B30M075,0.035247474908828735,0.035247474908828735,0.9962962865829468,0,0.4894257575273514,0.5,0.010574242472648621,0.0,0.0,1,64,53,0.828125,11.0,0.171875,0.828125,2
S26,EmaTentGridS20E50B30M075,0.285906583070755,0.285906583070755,0.9501153826713562,1,0.41422802507877354,0.5,0.0857719749212265,0.0,0.0,2,64,35,0.546875,29.0,0.453125,0.546875,2
S26,EmaTentGridS20E50B30M075,0.48686376214027405,0.48686376214027405,0.9148619174957275,1,0.3539408713579178,0.5,0.1460591286420822,0.0,0.0,3,64,64,1.0,,,1.0,1
S26,EmaTentGridS20E50B30M075,0.9606612920761108,0.9606612920761108,0.7916650772094727,1,0.21180161237716677,0.5,0.28819838762283323,0.0,0.0,4,47,9,0.19148936170212766,38.0,0.8085106382978723,0.8085106382978723,2
S26,EmaTentCaseS20E50B30M060,0.06087273359298706,0.06087273359298706,0.9929019212722778,0,0.4817381799221039,0.5,0.018261820077896118,0.0,0.0,0,64,19,0.296875,45.0,0.703125,0.703125,2
S26,EmaTentCaseS20E50B30M060,0.12338138371706009,0.12338138371706009,0.9831477999687195,0,0.46298558488488195,0.5,0.03701441511511803,0.0,0.0,1,64,53,0.828125,11.0,0.171875,0.828125,2
S26,EmaTentCaseS20E50B30M060,0.8385542035102844,0.8385542035102844,0.7591543197631836,1,0.24843373894691467,0.5,0.2515662610530853,0.0,0.0,2,64,35,0.546875,29.0,0.453125,0.546875,2
S26,EmaTentCaseS20E50B30M060,0.6457269787788391,0.6457269787788391,0.8771644830703735,1,0.3062819063663483,0.5,0.19371809363365172,0.0,0.0,3,64,64,1.0,,,1.0,1
S26,EmaTentCaseS20E50B30M060,0.9933255314826965,0.9933255314826965,0.7466514706611633,1,0.20200234055519106,0.5,0.29799765944480894,0.0,0.0,4,47,9,0.19148936170212766,38.0,0.8085106382978723,0.8085106382978723,2
S26,EmaTentCaseS20E50B30M065,0.06087273359298706,0.06087273359298706,0.9929019212722778,0,0.4817381799221039,0.5,0.018261820077896118,0.0,0.0,0,64,19,0.296875,45.0,0.703125,0.703125,2
S26,EmaTentCaseS20E50B30M065,0.08295460790395737,0.08295460790395737,0.9896727800369263,0,0.47511361762881277,0.5,0.024886382371187208,0.0,0.0,1,64,53,0.828125,11.0,0.171875,0.828125,2
S26,EmaTentCaseS20E50B30M065,0.6845890283584595,0.6845890283584595,0.8230226635932922,1,0.29462329149246214,0.5,0.20537670850753784,0.0,0.0,2,64,35,0.546875,29.0,0.453125,0.546875,2
S26,EmaTentCaseS20E50B30M065,0.6287810802459717,0.6287810802459717,0.8813104033470154,1,0.3113656759262085,0.5,0.1886343240737915,0.0,0.0,3,64,64,1.0,,,1.0,1
S26,EmaTentCaseS20E50B30M065,0.9895706176757812,0.9895706176757812,0.7580414414405823,1,0.20312881469726562,0.5,0.2968711853027344,0.0,0.0,4,47,9,0.19148936170212766,38.0,0.8085106382978723,0.8085106382978723,2
S26,EmaTentCaseS20E50B30M070,0.06087273359298706,0.06087273359298706,0.9929019212722778,0,0.4817381799221039,0.5,0.018261820077896118,0.0,0.0,0,64,19,0.296875,45.0,0.703125,0.703125,2
S26,EmaTentCaseS20E50B30M070,0.054757874459028244,0.054757874459028244,0.9937489628791809,0,0.4835726376622915,0.5,0.016427362337708473,0.0,0.0,1,64,53,0.828125,11.0,0.171875,0.828125,2
S26,EmaTentCaseS20E50B30M070,0.480538010597229,0.480538010597229,0.8963249921798706,1,0.3558385968208313,0.5,0.1441614031791687,0.0,0.0,2,64,35,0.546875,29.0,0.453125,0.546875,2
S26,EmaTentCaseS20E50B30M070,0.582938015460968,0.582938015460968,0.8934844136238098,1,0.3251185953617096,0.5,0.1748814046382904,0.0,0.0,3,64,64,1.0,,,1.0,1
S26,EmaTentCaseS20E50B30M070,0.9802177548408508,0.9802177548408508,0.7731192111968994,1,0.20593467354774475,0.5,0.29406532645225525,0.0,0.0,4,47,9,0.19148936170212766,38.0,0.8085106382978723,0.8085106382978723,2
S26,EmaTentCaseS10E50B40M070,0.06087273359298706,0.06087273359298706,0.9929019212722778,0,0.4756509065628052,0.5,0.024349093437194824,0.0,0.0,0,64,19,0.296875,45.0,0.703125,0.703125,2
S26,EmaTentCaseS10E50B40M070,0.05366041511297226,0.05366041511297226,0.9938987493515015,0,0.47853583395481114,0.5,0.021464166045188905,0.0,0.0,1,64,53,0.828125,11.0,0.171875,0.828125,2
S26,EmaTentCaseS10E50B40M070,0.46803155541419983,0.46803155541419983,0.9003039002418518,1,0.3127873778343201,0.5,0.18721262216567994,0.0,0.0,2,64,35,0.546875,29.0,0.453125,0.546875,2
S26,EmaTentCaseS10E50B40M070,0.5393127202987671,0.5393127202987671,0.9032706022262573,1,0.28427491188049314,0.5,0.21572508811950686,0.0,0.0,3,64,64,1.0,,,1.0,1
S26,EmaTentCaseS10E50B40M070,0.9680564403533936,0.9680564403533936,0.7830008268356323,1,0.11277742385864259,0.5,0.38722257614135747,0.0,0.0,4,47,9,0.19148936170212766,38.0,0.8085106382978723,0.8085106382978723,2
S26,EmaTentCaseS10E50B40M075,0.06087273359298706,0.06087273359298706,0.9929019212722778,0,0.4756509065628052,0.5,0.024349093437194824,0.0,0.0,0,64,19,0.296875,45.0,0.703125,0.703125,2
S26,EmaTentCaseS10E50B40M075,0.0346292145550251,0.0346292145550251,0.9963727593421936,0,0.48614831417799,0.5,0.01385168582201004,0.0,0.0,1,64,53,0.828125,11.0,0.171875,0.828125,2
S26,EmaTentCaseS10E50B40M075,0.2798632085323334,0.2798632085323334,0.9515296220779419,1,0.3880547165870667,0.5,0.11194528341293336,0.0,0.0,2,64,35,0.546875,29.0,0.453125,0.546875,2
S26,EmaTentCaseS10E50B40M075,0.4590625762939453,0.4590625762939453,0.9206178784370422,1,0.3163749694824219,0.5,0.18362503051757814,0.0,0.0,3,64,64,1.0,,,1.0,1
S26,EmaTentCaseS10E50B40M075,0.9475314617156982,0.9475314617156982,0.7977882027626038,1,0.1209874153137207,0.5,0.3790125846862793,0.0,0.0,4,47,9,0.19148936170212766,38.0,0.8085106382978723,0.8085106382978723,2
S26,EmaTentCaseS10E50B40M080,0.06087273359298706,0.06087273359298706,0.9929019212722778,0,0.4756509065628052,0.5,0.024349093437194824,0.0,0.0,0,64,19,0.296875,45.0,0.703125,0.703125,2
S26,EmaTentCaseS10E50B40M080,0.02194300852715969,0.02194300852715969,0.9978734254837036,0,0.49122279658913615,0.5,0.008777203410863877,0.0,0.0,1,64,53,0.828125,11.0,0.171875,0.828125,2
S26,EmaTentCaseS10E50B40M080,0.14445120096206665,0.14445120096206665,0.9794618487358093,0,0.44221951961517336,0.5,0.057780480384826666,0.0,0.0,2,64,35,0.546875,29.0,0.453125,0.546875,2
S26,EmaTentCaseS10E50B40M080,0.31867316365242004,0.31867316365242004,0.95246422290802,1,0.37253073453903196,0.5,0.127469265460968,0.0,0.0,3,64,64,1.0,,,1.0,1
S26,EmaTentCaseS10E50B40M080,0.8959857821464539,0.8959857821464539,0.8161967992782593,1,0.14160568714141847,0.5,0.3583943128585816,0.0,0.0,4,47,9,0.19148936170212766,38.0,0.8085106382978723,0.8085106382978723,2
S26,EmaTentCaseS00E50B50M070,0.06087273359298706,0.06087273359298706,0.9929019212722778,0,0.46956363320350647,0.5,0.03043636679649353,0.0,0.0,0,64,19,0.296875,45.0,0.703125,0.703125,2
S26,EmaTentCaseS00E50B50M070,0.05256963521242142,0.05256963521242142,0.9940468072891235,0,0.4737151823937893,0.5,0.02628481760621071,0.0,0.0,1,64,53,0.828125,11.0,0.171875,0.828125,2
S26,EmaTentCaseS00E50B50M070,0.45618703961372375,0.45618703961372375,0.9039996862411499,1,0.2719064801931381,0.5,0.22809351980686188,0.0,0.0,2,64,35,0.546875,29.0,0.453125,0.546875,2
S26,EmaTentCaseS00E50B50M070,0.5002323389053345,0.5002323389053345,0.9107998609542847,1,0.24988383054733276,0.5,0.25011616945266724,0.0,0.0,3,64,64,1.0,,,1.0,1
S26,EmaTentCaseS00E50B50M070,0.9546990990638733,0.9546990990638733,0.790352463722229,1,0.022650450468063354,0.5,0.47734954953193665,0.0,0.0,4,47,9,0.19148936170212766,38.0,0.8085106382978723,0.8085106382978723,2
S26,EmaTentCaseS00E50B50M075,0.06087273359298706,0.06087273359298706,0.9929019212722778,0,0.46956363320350647,0.5,0.03043636679649353,0.0,0.0,0,64,19,0.296875,45.0,0.703125,0.703125,2
S26,EmaTentCaseS00E50B50M075,0.03403114527463913,0.03403114527463913,0.9964464902877808,0,0.48298442736268044,0.5,0.017015572637319565,0.0,0.0,1,64,53,0.828125,11.0,0.171875,0.828125,2
S26,EmaTentCaseS00E50B50M075,0.27407577633857727,0.27407577633857727,0.9528704881668091,1,0.36296211183071136,0.5,0.13703788816928864,0.0,0.0,2,64,35,0.546875,29.0,0.453125,0.546875,2
S26,EmaTentCaseS00E50B50M075,0.43382033705711365,0.43382033705711365,0.9267168045043945,1,0.2830898314714432,0.5,0.21691016852855682,0.0,0.0,3,64,64,1.0,,,1.0,1
S26,EmaTentCaseS00E50B50M075,0.9336855411529541,0.9336855411529541,0.8021984100341797,1,0.03315722942352295,0.5,0.46684277057647705,0.0,0.0,4,47,9,0.19148936170212766,38.0,0.8085106382978723,0.8085106382978723,2
S26,EmaTentCaseS00E50B50M080,0.06087273359298706,0.06087273359298706,0.9929019212722778,0,0.46956363320350647,0.5,0.03043636679649353,0.0,0.0,0,64,19,0.296875,45.0,0.703125,0.703125,2
S26,EmaTentCaseS00E50B50M080,0.021656347438693047,0.021656347438693047,0.9979056715965271,0,0.4891718262806535,0.5,0.010828173719346523,0.0,0.0,1,64,53,0.828125,11.0,0.171875,0.828125,2
S26,EmaTentCaseS00E50B50M080,0.142227441072464,0.142227441072464,0.9798597097396851,0,0.428886279463768,0.5,0.071113720536232,0.0,0.0,2,64,35,0.546875,29.0,0.453125,0.546875,2
S26,EmaTentCaseS00E50B50M080,0.3063790500164032,0.3063790500164032,0.9544318914413452,1,0.3468104749917984,0.5,0.1531895250082016,0.0,0.0,3,64,64,1.0,,,1.0,1
S26,EmaTentCaseS00E50B50M080,0.8811047077178955,0.8811047077178955,0.8201562166213989,1,0.059447646141052246,0.5,0.44055235385894775,0.0,0.0,4,47,9,0.19148936170212766,38.0,0.8085106382978723,0.8085106382978723,2
S26,EmaTentCaseS10E40B50M075,0.06087321788072586,0.06087321788072586,0.9929018020629883,0,0.569563391059637,0.4,0.03043660894036293,0.0,0.0,0,64,19,0.296875,45.0,0.703125,0.703125,2
S26,EmaTentCaseS10E40B50M075,0.021656321361660957,0.021656321361660957,0.9979057312011719,0,0.5891718393191695,0.4,0.010828160680830479,0.0,0.0,1,64,53,0.828125,11.0,0.171875,0.828125,2
S26,EmaTentCaseS10E40B50M075,0.13213062286376953,0.13213062286376953,0.9816399812698364,0,0.5339346885681152,0.4,0.06606531143188477,0.0,0.0,2,64,35,0.546875,29.0,0.453125,0.546875,2
S26,EmaTentCaseS10E40B50M075,0.26004457473754883,0.26004457473754883,0.9612489938735962,1,0.46997771263122556,0.4,0.13002228736877441,0.0,0.0,3,64,64,1.0,,,1.0,1
S26,EmaTentCaseS10E40B50M075,0.8159390687942505,0.8159390687942505,0.833682119846344,1,0.19203046560287476,0.4,0.40796953439712524,0.0,0.0,4,47,9,0.19148936170212766,38.0,0.8085106382978723,0.8085106382978723,2
S27,EmaTentGridS20E50B30M075,0.27057844400405884,0.27057844400405884,0.9553197622299194,1,0.4188264667987823,0.5,0.08117353320121765,0.0,0.0,0,64,9,0.140625,55.0,0.859375,0.859375,2
S27,EmaTentGridS20E50B30M075,0.7140878438949585,0.7140878438949585,0.8855410814285278,1,0.28577364683151246,0.5,0.21422635316848754,0.0,0.0,1,64,41,0.640625,23.0,0.359375,0.640625,2
S27,EmaTentGridS20E50B30M075,0.8222872018814087,0.8222872018814087,0.7996927499771118,1,0.2533138394355774,0.5,0.2466861605644226,0.0,0.0,2,64,28,0.4375,36.0,0.5625,0.5625,2
S27,EmaTentGridS20E50B30M075,0.9140844345092773,0.9140844345092773,0.7393049001693726,1,0.22577466964721682,0.5,0.2742253303527832,0.0,0.0,3,64,29,0.453125,35.0,0.546875,0.546875,2
S27,EmaTentGridS20E50B30M075,0.9697697758674622,0.9697697758674622,0.7953798770904541,1,0.20906906723976137,0.5,0.2909309327602386,0.0,0.0,4,64,35,0.546875,29.0,0.453125,0.546875,2
S27,EmaTentGridS20E50B30M075,0.8368968367576599,0.8368968367576599,0.7331578135490417,1,0.24893094897270204,0.5,0.251069051027298,0.0,0.0,5,1,1,1.0,,,1.0,1
S27,EmaTentCaseS20E50B30M060,0.27057844400405884,0.27057844400405884,0.9553197622299194,1,0.4188264667987823,0.5,0.08117353320121765,0.0,0.0,0,64,9,0.140625,55.0,0.859375,0.859375,2
S27,EmaTentCaseS20E50B30M060,0.8048946857452393,0.8048946857452393,0.8508479595184326,1,0.25853159427642824,0.5,0.24146840572357176,0.0,0.0,1,64,41,0.640625,23.0,0.359375,0.640625,2
S27,EmaTentCaseS20E50B30M060,0.9409048557281494,0.9409048557281494,0.7960792183876038,1,0.2177285432815552,0.5,0.28227145671844484,0.0,0.0,2,64,28,0.4375,36.0,0.5625,0.5625,2
S27,EmaTentCaseS20E50B30M060,0.9754601120948792,0.9754601120948792,0.7069377899169922,1,0.20736196637153625,0.5,0.29263803362846375,0.0,0.0,3,64,29,0.453125,35.0,0.546875,0.546875,2
S27,EmaTentCaseS20E50B30M060,0.9540823698043823,0.9540823698043823,0.7792020440101624,1,0.2137752890586853,0.5,0.2862247109413147,0.0,0.0,4,64,35,0.546875,29.0,0.453125,0.546875,2
S27,EmaTentCaseS20E50B30M060,0.9054684638977051,0.9054684638977051,0.6789973974227905,1,0.22835946083068848,0.5,0.2716405391693115,0.0,0.0,5,1,1,1.0,,,1.0,1
S27,EmaTentCaseS20E50B30M065,0.27057844400405884,0.27057844400405884,0.9553197622299194,1,0.4188264667987823,0.5,0.08117353320121765,0.0,0.0,0,64,9,0.140625,55.0,0.859375,0.859375,2
S27,EmaTentCaseS20E50B30M065,0.7778357267379761,0.7778357267379761,0.865702748298645,1,0.26664928197860716,0.5,0.23335071802139282,0.0,0.0,1,64,41,0.640625,23.0,0.359375,0.640625,2
S27,EmaTentCaseS20E50B30M065,0.9138426184654236,0.9138426184654236,0.789415717124939,1,0.22584721446037292,0.5,0.2741527855396271,0.0,0.0,2,64,28,0.4375,36.0,0.5625,0.5625,2
S27,EmaTentCaseS20E50B30M065,0.9663029313087463,0.9663029313087463,0.7126293182373047,1,0.2101091206073761,0.5,0.28989087939262387,0.0,0.0,3,64,29,0.453125,35.0,0.546875,0.546875,2
S27,EmaTentCaseS20E50B30M065,0.9611477255821228,0.9611477255821228,0.7843198180198669,1,0.21165568232536316,0.5,0.2883443176746368,0.0,0.0,4,64,35,0.546875,29.0,0.453125,0.546875,2
S27,EmaTentCaseS20E50B30M065,0.8925583958625793,0.8925583958625793,0.6905320286750793,1,0.2322324812412262,0.5,0.2677675187587738,0.0,0.0,5,1,1,1.0,,,1.0,1
S27,EmaTentCaseS20E50B30M070,0.27057844400405884,0.27057844400405884,0.9553197622299194,1,0.4188264667987823,0.5,0.08117353320121765,0.0,0.0,0,64,9,0.140625,55.0,0.859375,0.859375,2
S27,EmaTentCaseS20E50B30M070,0.7476247549057007,0.7476247549057007,0.8761879205703735,1,0.2757125735282898,0.5,0.2242874264717102,0.0,0.0,1,64,41,0.640625,23.0,0.359375,0.640625,2
S27,EmaTentCaseS20E50B30M070,0.8754187822341919,0.8754187822341919,0.7904882431030273,1,0.23737436532974243,0.5,0.26262563467025757,0.0,0.0,2,64,28,0.4375,36.0,0.5625,0.5625,2
S27,EmaTentCaseS20E50B30M070,0.9478720426559448,0.9478720426559448,0.7219111919403076,1,0.21563838720321657,0.5,0.28436161279678346,0.0,0.0,3,64,29,0.453125,35.0,0.546875,0.546875,2
S27,EmaTentCaseS20E50B30M070,0.9664773941040039,0.9664773941040039,0.7896827459335327,1,0.21005678176879883,0.5,0.28994321823120117,0.0,0.0,4,64,35,0.546875,29.0,0.453125,0.546875,2
S27,EmaTentCaseS20E50B30M070,0.8697709441184998,0.8697709441184998,0.7091855406761169,1,0.23906871676445007,0.5,0.2609312832355499,0.0,0.0,5,1,1,1.0,,,1.0,1
S27,EmaTentCaseS10E50B40M070,0.27057844400405884,0.27057844400405884,0.9553197622299194,1,0.3917686223983765,0.5,0.10823137760162355,0.0,0.0,0,64,9,0.140625,55.0,0.859375,0.859375,2
S27,EmaTentCaseS10E50B40M070,0.7411032319068909,0.7411032319068909,0.8774275779724121,1,0.20355870723724367,0.5,0.2964412927627564,0.0,0.0,1,64,41,0.640625,23.0,0.359375,0.640625,2
S27,EmaTentCaseS10E50B40M070,0.8454412817955017,0.8454412817955017,0.7988415360450745,1,0.16182348728179932,0.5,0.3381765127182007,0.0,0.0,2,64,28,0.4375,36.0,0.5625,0.5625,2
S27,EmaTentCaseS10E50B40M070,0.9143792986869812,0.9143792986869812,0.7416558861732483,1,0.13424828052520754,0.5,0.3657517194747925,0.0,0.0,3,64,29,0.453125,35.0,0.546875,0.546875,2
S27,EmaTentCaseS10E50B40M070,0.959027886390686,0.959027886390686,0.7903882265090942,1,0.11638884544372559,0.5,0.3836111545562744,0.0,0.0,4,64,35,0.546875,29.0,0.453125,0.546875,2
S27,EmaTentCaseS10E50B40M070,0.8528813719749451,0.8528813719749451,0.7218764424324036,1,0.15884745121002197,0.5,0.341152548789978,0.0,0.0,5,1,1,1.0,,,1.0,1
S27,EmaTentCaseS10E50B40M075,0.27057844400405884,0.27057844400405884,0.9553197622299194,1,0.3917686223983765,0.5,0.10823137760162355,0.0,0.0,0,64,9,0.140625,55.0,0.859375,0.859375,2
S27,EmaTentCaseS10E50B40M075,0.7079489231109619,0.7079489231109619,0.8866778016090393,1,0.21682043075561525,0.5,0.28317956924438475,0.0,0.0,1,64,41,0.640625,23.0,0.359375,0.640625,2
S27,EmaTentCaseS10E50B40M075,0.790105938911438,0.790105938911438,0.8069871664047241,1,0.18395762443542482,0.5,0.3160423755645752,0.0,0.0,2,64,28,0.4375,36.0,0.5625,0.5625,2
S27,EmaTentCaseS10E50B40M075,0.8785360455513,0.8785360455513,0.7596043944358826,1,0.14858558177948,0.5,0.35141441822052005,0.0,0.0,3,64,29,0.453125,35.0,0.546875,0.546875,2
S27,EmaTentCaseS10E50B40M075,0.9629306793212891,0.9629306793212891,0.7954061031341553,1,0.11482772827148438,0.5,0.38517227172851565,0.0,0.0,4,64,35,0.546875,29.0,0.453125,0.546875,2
S27,EmaTentCaseS10E50B40M075,0.8306458592414856,0.8306458592414856,0.7373991012573242,1,0.16774165630340576,0.5,0.33225834369659424,0.0,0.0,5,1,1,1.0,,,1.0,1
S27,EmaTentCaseS10E50B40M080,0.27057844400405884,0.27057844400405884,0.9553197622299194,1,0.3917686223983765,0.5,0.10823137760162355,0.0,0.0,0,64,9,0.140625,55.0,0.859375,0.859375,2
S27,EmaTentCaseS10E50B40M080,0.6712555289268494,0.6712555289268494,0.8964630365371704,1,0.23149778842926028,0.5,0.2685022115707398,0.0,0.0,1,64,41,0.640625,23.0,0.359375,0.640625,2
S27,EmaTentCaseS10E50B40M080,0.7197383642196655,0.7197383642196655,0.8257427215576172,1,0.2121046543121338,0.5,0.28789534568786623,0.0,0.0,2,64,28,0.4375,36.0,0.5625,0.5625,2
S27,EmaTentCaseS10E50B40M080,0.8182826042175293,0.8182826042175293,0.793836772441864,1,0.1726869583129883,0.5,0.32731304168701175,0.0,0.0,3,64,29,0.453125,35.0,0.546875,0.546875,2
S27,EmaTentCaseS10E50B40M080,0.964009165763855,0.964009165763855,0.8005570769309998,1,0.11439633369445801,0.5,0.385603666305542,0.0,0.0,4,64,35,0.546875,29.0,0.453125,0.546875,2
S27,EmaTentCaseS10E50B40M080,0.8051824569702148,0.8051824569702148,0.7538105845451355,1,0.17792701721191406,0.5,0.32207298278808594,0.0,0.0,5,1,1,1.0,,,1.0,1
S27,EmaTentCaseS00E50B50M070,0.27057844400405884,0.27057844400405884,0.9553197622299194,1,0.3647107779979706,0.5,0.13528922200202942,0.0,0.0,0,64,9,0.140625,55.0,0.859375,0.859375,2
S27,EmaTentCaseS00E50B50M070,0.7346332669258118,0.7346332669258118,0.8783984184265137,1,0.13268336653709412,0.5,0.3673166334629059,0.0,0.0,1,64,41,0.640625,23.0,0.359375,0.640625,2
S27,EmaTentCaseS00E50B50M070,0.815525233745575,0.815525233745575,0.804953396320343,1,0.09223738312721252,0.5,0.4077626168727875,0.0,0.0,2,64,28,0.4375,36.0,0.5625,0.5625,2
S27,EmaTentCaseS00E50B50M070,0.8747543096542358,0.8747543096542358,0.762573778629303,1,0.06262284517288208,0.5,0.4373771548271179,0.0,0.0,3,64,29,0.453125,35.0,0.546875,0.546875,2
S27,EmaTentCaseS00E50B50M070,0.9530326724052429,0.9530326724052429,0.7915421724319458,1,0.02348366379737854,0.5,0.47651633620262146,0.0,0.0,4,64,35,0.546875,29.0,0.453125,0.546875,2
S27,EmaTentCaseS00E50B50M070,0.8391112685203552,0.8391112685203552,0.7316332459449768,1,0.08044436573982239,0.5,0.4195556342601776,0.0,0.0,5,1,1,1.0,,,1.0,1
S27,EmaTentCaseS00E50B50M075,0.27057844400405884,0.27057844400405884,0.9553197622299194,1,0.3647107779979706,0.5,0.13528922200202942,0.0,0.0,0,64,9,0.140625,55.0,0.859375,0.859375,2
S27,EmaTentCaseS00E50B50M075,0.7019992470741272,0.7019992470741272,0.8880345821380615,1,0.1490003764629364,0.5,0.3509996235370636,0.0,0.0,1,64,41,0.640625,23.0,0.359375,0.640625,2
S27,EmaTentCaseS00E50B50M075,0.75956130027771,0.75956130027771,0.8150604367256165,1,0.12021934986114502,0.5,0.379780650138855,0.0,0.0,2,64,28,0.4375,36.0,0.5625,0.5625,2
S27,EmaTentCaseS00E50B50M075,0.8394142985343933,0.8394142985343933,0.7832528948783875,1,0.08029285073280334,0.5,0.41970714926719666,0.0,0.0,3,64,29,0.453125,35.0,0.546875,0.546875,2
S27,EmaTentCaseS00E50B50M075,0.9572523236274719,0.9572523236274719,0.7957806587219238,1,0.021373838186264038,0.5,0.47862616181373596,0.0,0.0,4,64,35,0.546875,29.0,0.453125,0.546875,2
S27,EmaTentCaseS00E50B50M075,0.8227560520172119,0.8227560520172119,0.7426271438598633,1,0.08862197399139404,0.5,0.41137802600860596,0.0,0.0,5,1,1,1.0,,,1.0,1
S27,EmaTentCaseS00E50B50M080,0.27057844400405884,0.27057844400405884,0.9553197622299194,1,0.3647107779979706,0.5,0.13528922200202942,0.0,0.0,0,64,9,0.140625,55.0,0.859375,0.859375,2
S27,EmaTentCaseS00E50B50M080,0.6659859418869019,0.6659859418869019,0.8976210355758667,1,0.16700702905654907,0.5,0.3329929709434509,0.0,0.0,1,64,41,0.640625,23.0,0.359375,0.640625,2
S27,EmaTentCaseS00E50B50M080,0.6915447115898132,0.6915447115898132,0.8346062898635864,1,0.15422764420509338,0.5,0.3457723557949066,0.0,0.0,2,64,28,0.4375,36.0,0.5625,0.5625,2
S27,EmaTentCaseS00E50B50M080,0.7821990847587585,0.7821990847587585,0.8127908110618591,1,0.10890045762062073,0.5,0.3910995423793793,0.0,0.0,3,64,29,0.453125,35.0,0.546875,0.546875,2
S27,EmaTentCaseS00E50B50M080,0.9588346481323242,0.9588346481323242,0.8008628487586975,1,0.02058267593383789,0.5,0.4794173240661621,0.0,0.0,4,64,35,0.546875,29.0,0.453125,0.546875,2
S27,EmaTentCaseS00E50B50M080,0.8042845129966736,0.8042845129966736,0.7543660402297974,1,0.09785774350166321,0.5,0.4021422564983368,0.0,0.0,5,1,1,1.0,,,1.0,1
S27,EmaTentCaseS10E40B50M075,0.27057787775993347,0.27057787775993347,0.9553198218345642,1,0.46471106112003324,0.4,0.13528893887996674,0.0,0.0,0,64,9,0.140625,55.0,0.859375,0.859375,2
S27,EmaTentCaseS10E40B50M075,0.6659862399101257,0.6659862399101257,0.8976209759712219,1,0.2670068800449371,0.4,0.33299311995506287,0.0,0.0,1,64,41,0.640625,23.0,0.359375,0.640625,2
S27,EmaTentCaseS10E40B50M075,0.6776908040046692,0.6776908040046692,0.8385055661201477,1,0.2611545979976654,0.4,0.3388454020023346,0.0,0.0,2,64,28,0.4375,36.0,0.5625,0.5625,2
S27,EmaTentCaseS10E40B50M075,0.7512843608856201,0.7512843608856201,0.8276330232620239,1,0.22435781955718995,0.4,0.37564218044281006,0.0,0.0,3,64,29,0.453125,35.0,0.546875,0.546875,2
S27,EmaTentCaseS10E40B50M075,0.9528504610061646,0.9528504610061646,0.8010274171829224,1,0.12357476949691773,0.4,0.4764252305030823,0.0,0.0,4,64,35,0.546875,29.0,0.453125,0.546875,2
S27,EmaTentCaseS10E40B50M075,0.8096449375152588,0.8096449375152588,0.7510278820991516,1,0.1951775312423706,0.4,0.4048224687576294,0.0,0.0,5,1,1,1.0,,,1.0,1
S28,EmaTentGridS20E50B30M075,0.7847253680229187,0.7847253680229187,0.7678525447845459,1,0.2645823895931244,0.5,0.2354176104068756,0.0,0.0,0,64,41,0.640625,23.0,0.359375,0.640625,2
S28,EmaTentGridS20E50B30M075,0.7410039901733398,0.7410039901733398,0.790250301361084,1,0.27769880294799804,0.5,0.22230119705200194,0.0,0.0,1,64,38,0.59375,26.0,0.40625,0.59375,2
S28,EmaTentGridS20E50B30M075,0.8399150371551514,0.8399150371551514,0.736728310585022,1,0.2480254888534546,0.5,0.2519745111465454,0.0,0.0,2,64,49,0.765625,15.0,0.234375,0.765625,2
S28,EmaTentGridS20E50B30M075,0.8092886209487915,0.8092886209487915,0.7512513995170593,1,0.25721341371536255,0.5,0.24278658628463745,0.0,0.0,3,19,0,0.0,19.0,1.0,1.0,1
S28,EmaTentCaseS20E50B30M060,0.7847253680229187,0.7847253680229187,0.7678525447845459,1,0.2645823895931244,0.5,0.2354176104068756,0.0,0.0,0,64,41,0.640625,23.0,0.359375,0.640625,2
S28,EmaTentCaseS20E50B30M060,0.8049297332763672,0.8049297332763672,0.7539670467376709,1,0.25852108001708984,0.5,0.24147891998291016,0.0,0.0,1,64,38,0.59375,26.0,0.40625,0.59375,2
S28,EmaTentCaseS20E50B30M060,0.8740155100822449,0.8740155100822449,0.7227877378463745,1,0.23779534697532656,0.5,0.26220465302467344,0.0,0.0,2,64,49,0.765625,15.0,0.234375,0.765625,2
S28,EmaTentCaseS20E50B30M060,0.8454142808914185,0.8454142808914185,0.7272279858589172,1,0.24637571573257447,0.5,0.2536242842674255,0.0,0.0,3,19,0,0.0,19.0,1.0,1.0,1
S28,EmaTentCaseS20E50B30M065,0.7847253680229187,0.7847253680229187,0.7678525447845459,1,0.2645823895931244,0.5,0.2354176104068756,0.0,0.0,0,64,41,0.640625,23.0,0.359375,0.640625,2
S28,EmaTentCaseS20E50B30M065,0.7819983959197998,0.7819983959197998,0.7677004337310791,1,0.26540048122406007,0.5,0.23459951877593993,0.0,0.0,1,64,38,0.59375,26.0,0.40625,0.59375,2
S28,EmaTentCaseS20E50B30M065,0.8633061051368713,0.8633061051368713,0.7266383767127991,1,0.2410081684589386,0.5,0.25899183154106137,0.0,0.0,2,64,49,0.765625,15.0,0.234375,0.765625,2
S28,EmaTentCaseS20E50B30M065,0.8401367664337158,0.8401367664337158,0.7309231758117676,1,0.24795897006988527,0.5,0.25204102993011473,0.0,0.0,3,19,0,0.0,19.0,1.0,1.0,1
S28,EmaTentCaseS20E50B30M070,0.7847253680229187,0.7847253680229187,0.7678525447845459,1,0.2645823895931244,0.5,0.2354176104068756,0.0,0.0,0,64,41,0.640625,23.0,0.359375,0.640625,2
S28,EmaTentCaseS20E50B30M070,0.7609319686889648,0.7609319686889648,0.7795809507369995,1,0.27172040939331055,0.5,0.22827959060668945,0.0,0.0,1,64,38,0.59375,26.0,0.40625,0.59375,2
S28,EmaTentCaseS20E50B30M070,0.8518385887145996,0.8518385887145996,0.7311524152755737,1,0.24444842338562012,0.5,0.2555515766143799,0.0,0.0,2,64,49,0.765625,15.0,0.234375,0.765625,2
S28,EmaTentCaseS20E50B30M070,0.8279761672019958,0.8279761672019958,0.7391833066940308,1,0.25160714983940125,0.5,0.24839285016059875,0.0,0.0,3,19,0,0.0,19.0,1.0,1.0,1
S28,EmaTentCaseS10E50B40M070,0.7847253680229187,0.7847253680229187,0.7678525447845459,1,0.18610985279083253,0.5,0.3138901472091675,0.0,0.0,0,64,41,0.640625,23.0,0.359375,0.640625,2
S28,EmaTentCaseS10E50B40M070,0.7524810433387756,0.7524810433387756,0.7841693162918091,1,0.19900758266448976,0.5,0.3009924173355103,0.0,0.0,1,64,38,0.59375,26.0,0.40625,0.59375,2
S28,EmaTentCaseS10E50B40M070,0.8402207493782043,0.8402207493782043,0.7372678518295288,1,0.16391170024871826,0.5,0.33608829975128174,0.0,0.0,2,64,49,0.765625,15.0,0.234375,0.765625,2
S28,EmaTentCaseS10E50B40M070,0.7995400428771973,0.7995400428771973,0.7572765350341797,1,0.1801839828491211,0.5,0.31981601715087893,0.0,0.0,3,19,0,0.0,19.0,1.0,1.0,1
S28,EmaTentCaseS10E50B40M075,0.7847253680229187,0.7847253680229187,0.7678525447845459,1,0.18610985279083253,0.5,0.3138901472091675,0.0,0.0,0,64,41,0.640625,23.0,0.359375,0.640625,2
S28,EmaTentCaseS10E50B40M075,0.7340618371963501,0.7340618371963501,0.79384845495224,1,0.20637526512145998,0.5,0.2936247348785401,0.0,0.0,1,64,38,0.59375,26.0,0.40625,0.59375,2
S28,EmaTentCaseS10E50B40M075,0.8301141858100891,0.8301141858100891,0.7425687313079834,1,0.16795432567596436,0.5,0.33204567432403564,0.0,0.0,2,64,49,0.765625,15.0,0.234375,0.765625,2
S28,EmaTentCaseS10E50B40M075,0.7850629687309265,0.7850629687309265,0.7659160494804382,1,0.1859748125076294,0.5,0.3140251874923706,0.0,0.0,3,19,0,0.0,19.0,1.0,1.0,1
S28,EmaTentCaseS10E50B40M080,0.7847253680229187,0.7847253680229187,0.7678525447845459,1,0.18610985279083253,0.5,0.3138901472091675,0.0,0.0,0,64,41,0.640625,23.0,0.359375,0.640625,2
S28,EmaTentCaseS10E50B40M080,0.7162380814552307,0.7162380814552307,0.8028268814086914,1,0.21350476741790772,0.5,0.2864952325820923,0.0,0.0,1,64,38,0.59375,26.0,0.40625,0.59375,2
S28,EmaTentCaseS10E50B40M080,0.819807231426239,0.819807231426239,0.7483111619949341,1,0.17207710742950438,0.5,0.3279228925704956,0.0,0.0,2,64,49,0.765625,15.0,0.234375,0.765625,2
S28,EmaTentCaseS10E50B40M080,0.7627570033073425,0.7627570033073425,0.7785772681236267,1,0.194897198677063,0.5,0.30510280132293705,0.0,0.0,3,19,0,0.0,19.0,1.0,1.0,1
S28,EmaTentCaseS00E50B50M070,0.7847253680229187,0.7847253680229187,0.7678525447845459,1,0.10763731598854065,0.5,0.39236268401145935,0.0,0.0,0,64,41,0.640625,23.0,0.359375,0.640625,2
S28,EmaTentCaseS00E50B50M070,0.7425615787506104,0.7425615787506104,0.7894348502159119,1,0.12871921062469482,0.5,0.3712807893753052,0.0,0.0,1,64,38,0.59375,26.0,0.40625,0.59375,2
S28,EmaTentCaseS00E50B50M070,0.82740718126297,0.82740718126297,0.7448824644088745,1,0.08629640936851501,0.5,0.413703590631485,0.0,0.0,2,64,49,0.765625,15.0,0.234375,0.765625,2
S28,EmaTentCaseS00E50B50M070,0.770521342754364,0.770521342754364,0.7742541432380676,1,0.114739328622818,0.5,0.385260671377182,0.0,0.0,3,19,0,0.0,19.0,1.0,1.0,1
S28,EmaTentCaseS00E50B50M075,0.7847253680229187,0.7847253680229187,0.7678525447845459,1,0.10763731598854065,0.5,0.39236268401145935,0.0,0.0,0,64,41,0.640625,23.0,0.359375,0.640625,2
S28,EmaTentCaseS00E50B50M075,0.7257130146026611,0.7257130146026611,0.7980993986129761,1,0.13714349269866943,0.5,0.36285650730133057,0.0,0.0,1,64,38,0.59375,26.0,0.40625,0.59375,2
S28,EmaTentCaseS00E50B50M075,0.8193863034248352,0.8193863034248352,0.7489345669746399,1,0.0903068482875824,0.5,0.4096931517124176,0.0,0.0,2,64,49,0.765625,15.0,0.234375,0.765625,2
S28,EmaTentCaseS00E50B50M075,0.7597858905792236,0.7597858905792236,0.7802088856697083,1,0.12010705471038818,0.5,0.3798929452896118,0.0,0.0,3,19,0,0.0,19.0,1.0,1.0,1
S28,EmaTentCaseS00E50B50M080,0.7847253680229187,0.7847253680229187,0.7678525447845459,1,0.10763731598854065,0.5,0.39236268401145935,0.0,0.0,0,64,41,0.640625,23.0,0.359375,0.640625,2
S28,EmaTentCaseS00E50B50M080,0.709572970867157,0.709572970867157,0.8060932159423828,1,0.1452135145664215,0.5,0.3547864854335785,0.0,0.0,1,64,38,0.59375,26.0,0.40625,0.59375,2
S28,EmaTentCaseS00E50B50M080,0.8107662796974182,0.8107662796974182,0.7537714242935181,1,0.0946168601512909,0.5,0.4053831398487091,0.0,0.0,2,64,49,0.765625,15.0,0.234375,0.765625,2
S28,EmaTentCaseS00E50B50M080,0.7418856620788574,0.7418856620788574,0.7897890210151672,1,0.1290571689605713,0.5,0.3709428310394287,0.0,0.0,3,19,0,0.0,19.0,1.0,1.0,1
S28,EmaTentCaseS10E40B50M075,0.7847241759300232,0.7847241759300232,0.7678532600402832,1,0.2076379120349884,0.4,0.3923620879650116,0.0,0.0,0,64,41,0.640625,23.0,0.359375,0.640625,2
S28,EmaTentCaseS10E40B50M075,0.7095741629600525,0.7095741629600525,0.8060926198959351,1,0.24521291851997376,0.4,0.35478708148002625,0.0,0.0,1,64,38,0.59375,26.0,0.40625,0.59375,2
S28,EmaTentCaseS10E40B50M075,0.8099494576454163,0.8099494576454163,0.7543721199035645,1,0.19502527117729188,0.4,0.40497472882270813,0.0,0.0,2,64,49,0.765625,15.0,0.234375,0.765625,2
S28,EmaTentCaseS10E40B50M075,0.7329651117324829,0.7329651117324829,0.7944115400314331,1,0.23351744413375855,0.4,0.36648255586624146,0.0,0.0,3,19,0,0.0,19.0,1.0,1.0,1
S29,EmaTentGridS20E50B30M075,0.7566846013069153,0.7566846013069153,0.8340625762939453,1,0.2729946196079254,0.5,0.22700538039207457,0.0,0.0,0,64,22,0.34375,42.0,0.65625,0.65625,2
S29,EmaTentGridS20E50B30M075,0.9145945906639099,0.9145945906639099,0.7510923743247986,1,0.22562162280082704,0.5,0.27437837719917296,0.0,0.0,1,64,35,0.546875,29.0,0.453125,0.546875,2
S29,EmaTentGridS20E50B30M075,0.8918777108192444,0.8918777108192444,0.7466955184936523,1,0.23243668675422668,0.5,0.2675633132457733,0.0,0.0,2,64,24,0.375,40.0,0.625,0.625,2
S29,EmaTentCaseS20E50B30M060,0.7566846013069153,0.7566846013069153,0.8340625762939453,1,0.2729946196079254,0.5,0.22700538039207457,0.0,0.0,0,64,22,0.34375,42.0,0.65625,0.65625,2
S29,EmaTentCaseS20E50B30M060,0.9900816082954407,0.9900816082954407,0.7170634269714355,1,0.2029755175113678,0.5,0.29702448248863217,0.0,0.0,1,64,35,0.546875,29.0,0.453125,0.546875,2
S29,EmaTentCaseS20E50B30M060,0.8314536213874817,0.8314536213874817,0.7527142763137817,1,0.2505639135837555,0.5,0.24943608641624448,0.0,0.0,2,64,24,0.375,40.0,0.625,0.625,2
S29,EmaTentCaseS20E50B30M065,0.7566846013069153,0.7566846013069153,0.8340625762939453,1,0.2729946196079254,0.5,0.22700538039207457,0.0,0.0,0,64,22,0.34375,42.0,0.65625,0.65625,2
S29,EmaTentCaseS20E50B30M065,0.974154531955719,0.974154531955719,0.7225662469863892,1,0.2077536404132843,0.5,0.2922463595867157,0.0,0.0,1,64,35,0.546875,29.0,0.453125,0.546875,2
S29,EmaTentCaseS20E50B30M065,0.8482017517089844,0.8482017517089844,0.7513325214385986,1,0.2455394744873047,0.5,0.2544605255126953,0.0,0.0,2,64,24,0.375,40.0,0.625,0.625,2
S29,EmaTentCaseS20E50B30M070,0.7566846013069153,0.7566846013069153,0.8340625762939453,1,0.2729946196079254,0.5,0.22700538039207457,0.0,0.0,0,64,22,0.34375,42.0,0.65625,0.65625,2
S29,EmaTentCaseS20E50B30M070,0.9489197134971619,0.9489197134971619,0.7347675561904907,1,0.21532408595085145,0.5,0.28467591404914855,0.0,0.0,1,64,35,0.546875,29.0,0.453125,0.546875,2
S29,EmaTentCaseS20E50B30M070,0.8680607676506042,0.8680607676506042,0.7470704913139343,1,0.23958176970481873,0.5,0.26041823029518124,0.0,0.0,2,64,24,0.375,40.0,0.625,0.625,2
S29,EmaTentCaseS10E50B40M070,0.7566846013069153,0.7566846013069153,0.8340625762939453,1,0.1973261594772339,0.5,0.30267384052276614,0.0,0.0,0,64,22,0.34375,42.0,0.65625,0.65625,2
S29,EmaTentCaseS10E50B40M070,0.9354908466339111,0.9354908466339111,0.7415541410446167,1,0.12580366134643556,0.5,0.3741963386535645,0.0,0.0,1,64,35,0.546875,29.0,0.453125,0.546875,2
S29,EmaTentCaseS10E50B40M070,0.8907127380371094,0.8907127380371094,0.7446184158325195,1,0.14371490478515625,0.5,0.35628509521484375,0.0,0.0,2,64,24,0.375,40.0,0.625,0.625,2
S29,EmaTentCaseS10E50B40M075,0.7566846013069153,0.7566846013069153,0.8340625762939453,1,0.1973261594772339,0.5,0.30267384052276614,0.0,0.0,0,64,22,0.34375,42.0,0.65625,0.65625,2
S29,EmaTentCaseS10E50B40M075,0.9009894728660583,0.9009894728660583,0.7567335963249207,1,0.13960421085357666,0.5,0.36039578914642334,0.0,0.0,1,64,35,0.546875,29.0,0.453125,0.546875,2
S29,EmaTentCaseS10E50B40M075,0.9107896089553833,0.9107896089553833,0.7433773279190063,1,0.1356841564178467,0.5,0.36431584358215335,0.0,0.0,2,64,24,0.375,40.0,0.625,0.625,2
S29,EmaTentCaseS10E50B40M080,0.7566846013069153,0.7566846013069153,0.8340625762939453,1,0.1973261594772339,0.5,0.30267384052276614,0.0,0.0,0,64,22,0.34375,42.0,0.65625,0.65625,2
S29,EmaTentCaseS10E50B40M080,0.8587369918823242,0.8587369918823242,0.7771955728530884,1,0.15650520324707032,0.5,0.3434947967529297,0.0,0.0,1,64,35,0.546875,29.0,0.453125,0.546875,2
S29,EmaTentCaseS10E50B40M080,0.9315330386161804,0.9315330386161804,0.7474839091300964,1,0.12738678455352784,0.5,0.3726132154464722,0.0,0.0,2,64,24,0.375,40.0,0.625,0.625,2
S29,EmaTentCaseS00E50B50M070,0.7566846013069153,0.7566846013069153,0.8340625762939453,1,0.12165769934654236,0.5,0.37834230065345764,0.0,0.0,0,64,22,0.34375,42.0,0.65625,0.65625,2
S29,EmaTentCaseS00E50B50M070,0.9229799509048462,0.9229799509048462,0.748192548751831,1,0.038510024547576904,0.5,0.4614899754524231,0.0,0.0,1,64,35,0.546875,29.0,0.453125,0.546875,2
S29,EmaTentCaseS00E50B50M070,0.9051818251609802,0.9051818251609802,0.7452601194381714,1,0.04740908741950989,0.5,0.4525909125804901,0.0,0.0,2,64,24,0.375,40.0,0.625,0.625,2
S29,EmaTentCaseS00E50B50M075,0.7566846013069153,0.7566846013069153,0.8340625762939453,1,0.12165769934654236,0.5,0.37834230065345764,0.0,0.0,0,64,22,0.34375,42.0,0.65625,0.65625,2
S29,EmaTentCaseS00E50B50M075,0.8885365128517151,0.8885365128517151,0.7630530595779419,1,0.055731743574142456,0.5,0.44426825642585754,0.0,0.0,1,64,35,0.546875,29.0,0.453125,0.546875,2
S29,EmaTentCaseS00E50B50M075,0.9234691262245178,0.9234691262245178,0.7464880347251892,1,0.03826543688774109,0.5,0.4617345631122589,0.0,0.0,2,64,24,0.375,40.0,0.625,0.625,2
S29,EmaTentCaseS00E50B50M080,0.7566846013069153,0.7566846013069153,0.8340625762939453,1,0.12165769934654236,0.5,0.37834230065345764,0.0,0.0,0,64,22,0.34375,42.0,0.65625,0.65625,2
S29,EmaTentCaseS00E50B50M080,0.8471106886863708,0.8471106886863708,0.7833755612373352,1,0.07644465565681458,0.5,0.4235553443431854,0.0,0.0,1,64,35,0.546875,29.0,0.453125,0.546875,2
S29,EmaTentCaseS00E50B50M080,0.9413653612136841,0.9413653612136841,0.7498397827148438,1,0.02931731939315796,0.5,0.47068268060684204,0.0,0.0,2,64,24,0.375,40.0,0.625,0.625,2
S29,EmaTentCaseS10E40B50M075,0.7566822171211243,0.7566822171211243,0.8340628743171692,1,0.22165889143943787,0.4,0.37834110856056213,0.0,0.0,0,64,22,0.34375,42.0,0.65625,0.65625,2
S29,EmaTentCaseS10E40B50M075,0.8471100330352783,0.8471100330352783,0.783376157283783,1,0.17644498348236085,0.4,0.42355501651763916,0.0,0.0,1,64,35,0.546875,29.0,0.453125,0.546875,2
S29,EmaTentCaseS10E40B50M075,0.9438720941543579,0.9438720941543579,0.7505617141723633,1,0.12806395292282105,0.4,0.47193604707717896,0.0,0.0,2,64,24,0.375,40.0,0.625,0.625,2
S30,EmaTentGridS20E50B30M075,0.36452555656433105,0.36452555656433105,0.9361588954925537,1,0.39064233303070073,0.5,0.10935766696929931,0.0,0.0,0,64,51,0.796875,13.0,0.203125,0.796875,2
S30,EmaTentGridS20E50B30M075,0.9553616642951965,0.9553616642951965,0.787710964679718,1,0.21339150071144106,0.5,0.28660849928855897,0.0,0.0,1,64,33,0.515625,31.0,0.484375,0.515625,2
S30,EmaTentGridS20E50B30M075,0.9617434740066528,0.9617434740066528,0.6951954364776611,1,0.21147695779800416,0.5,0.2885230422019958,0.0,0.0,2,64,5,0.078125,59.0,0.921875,0.921875,2
S30,EmaTentGridS20E50B30M075,0.6285866498947144,0.6285866498947144,0.8423794507980347,1,0.3114240050315857,0.5,0.1885759949684143,0.0,0.0,3,64,37,0.578125,27.0,0.421875,0.578125,2
S30,EmaTentGridS20E50B30M075,0.9758377075195312,0.9758377075195312,0.8845860958099365,1,0.20724868774414062,0.5,0.2927513122558594,0.0,0.0,4,64,24,0.375,40.0,0.625,0.625,2
S30,EmaTentGridS20E50B30M075,0.038434118032455444,0.038434118032455444,0.9958977103233337,0,0.48846976459026337,0.5,0.011530235409736633,0.0,0.0,5,23,23,1.0,,,1.0,1
S30,EmaTentCaseS20E50B30M060,0.36452555656433105,0.36452555656433105,0.9361588954925537,1,0.39064233303070073,0.5,0.10935766696929931,0.0,0.0,0,64,51,0.796875,13.0,0.203125,0.796875,2
S30,EmaTentCaseS20E50B30M060,0.758084237575531,0.758084237575531,0.8252513408660889,1,0.2725747287273407,0.5,0.2274252712726593,0.0,0.0,1,64,33,0.515625,31.0,0.484375,0.515625,2
S30,EmaTentCaseS20E50B30M060,0.8842907547950745,0.8842907547950745,0.7242631912231445,1,0.23471277356147768,0.5,0.2652872264385223,0.0,0.0,2,64,5,0.078125,59.0,0.921875,0.921875,2
S30,EmaTentCaseS20E50B30M060,0.6760216355323792,0.6760216355323792,0.8218461275100708,1,0.29719350934028627,0.5,0.20280649065971373,0.0,0.0,3,64,37,0.578125,27.0,0.421875,0.578125,2
S30,EmaTentCaseS20E50B30M060,0.9774083495140076,0.9774083495140076,0.8848551511764526,1,0.20677749514579774,0.5,0.29322250485420226,0.0,0.0,4,64,24,0.375,40.0,0.625,0.625,2
S30,EmaTentCaseS20E50B30M060,0.050233930349349976,0.050233930349349976,0.9943615794181824,0,0.484929820895195,0.5,0.015070179104804992,0.0,0.0,5,23,23,1.0,,,1.0,1
S30,EmaTentCaseS20E50B30M065,0.36452555656433105,0.36452555656433105,0.9361588954925537,1,0.39064233303070073,0.5,0.10935766696929931,0.0,0.0,0,64,51,0.796875,13.0,0.203125,0.796875,2
S30,EmaTentCaseS20E50B30M065,0.83421790599823,0.83421790599823,0.8101906776428223,1,0.24973462820053102,0.5,0.250265371799469,0.0,0.0,1,64,33,0.515625,31.0,0.484375,0.515625,2
S30,EmaTentCaseS20E50B30M065,0.8967925310134888,0.8967925310134888,0.7158435583114624,1,0.2309622406959534,0.5,0.2690377593040466,0.0,0.0,2,64,5,0.078125,59.0,0.921875,0.921875,2
S30,EmaTentCaseS20E50B30M065,0.6504925489425659,0.6504925489425659,0.8331307172775269,1,0.3048522353172302,0.5,0.19514776468276976,0.0,0.0,3,64,37,0.578125,27.0,0.421875,0.578125,2
S30,EmaTentCaseS20E50B30M065,0.9751982092857361,0.9751982092857361,0.8875406980514526,1,0.20744053721427919,0.5,0.2925594627857208,0.0,0.0,4,64,24,0.375,40.0,0.625,0.625,2
S30,EmaTentCaseS20E50B30M065,0.045780330896377563,0.045780330896377563,0.9949520230293274,0,0.4862659007310867,0.5,0.013734099268913268,0.0,0.0,5,23,23,1.0,,,1.0,1
S30,EmaTentCaseS20E50B30M070,0.36452555656433105,0.36452555656433105,0.9361588954925537,1,0.39064233303070073,0.5,0.10935766696929931,0.0,0.0,0,64,51,0.796875,13.0,0.203125,0.796875,2
S30,EmaTentCaseS20E50B30M070,0.9024519324302673,0.9024519324302673,0.7948655486106873,1,0.2292644202709198,0.5,0.2707355797290802,0.0,0.0,1,64,33,0.515625,31.0,0.484375,0.515625,2
S30,EmaTentCaseS20E50B30M070,0.9243234992027283,0.9243234992027283,0.7075652480125427,1,0.22270295023918152,0.5,0.2772970497608185,0.0,0.0,2,64,5,0.078125,59.0,0.921875,0.921875,2
S30,EmaTentCaseS20E50B30M070,0.6312838792800903,0.6312838792800903,0.8412611484527588,1,0.3106148362159729,0.5,0.1893851637840271,0.0,0.0,3,64,37,0.578125,27.0,0.421875,0.578125,2
S30,EmaTentCaseS20E50B30M070,0.9743926525115967,0.9743926525115967,0.8878533840179443,1,0.207682204246521,0.5,0.292317795753479,0.0,0.0,4,64,24,0.375,40.0,0.625,0.625,2
S30,EmaTentCaseS20E50B30M070,0.041898492723703384,0.041898492723703384,0.9954563975334167,0,0.487430452182889,0.5,0.012569547817111015,0.0,0.0,5,23,23,1.0,,,1.0,1
S30,EmaTentCaseS10E50B40M070,0.36452555656433105,0.36452555656433105,0.9361588954925537,1,0.3541897773742676,0.5,0.14581022262573243,0.0,0.0,0,64,51,0.796875,13.0,0.203125,0.796875,2
S30,EmaTentCaseS10E50B40M070,0.9203543066978455,0.9203543066978455,0.7911679744720459,1,0.13185827732086183,0.5,0.3681417226791382,0.0,0.0,1,64,33,0.515625,31.0,0.484375,0.515625,2
S30,EmaTentCaseS10E50B40M070,0.9468806385993958,0.9468806385993958,0.7012896537780762,1,0.1212477445602417,0.5,0.3787522554397583,0.0,0.0,2,64,5,0.078125,59.0,0.921875,0.921875,2
S30,EmaTentCaseS10E50B40M070,0.6429391503334045,0.6429391503334045,0.8363633155822754,1,0.2428243398666382,0.5,0.25717566013336185,0.0,0.0,3,64,37,0.578125,27.0,0.421875,0.578125,2
S30,EmaTentCaseS10E50B40M070,0.9825032353401184,0.9825032353401184,0.8775820732116699,1,0.10699870586395265,0.5,0.3930012941360474,0.0,0.0,4,64,24,0.375,40.0,0.625,0.625,2
S30,EmaTentCaseS10E50B40M070,0.04026169702410698,0.04026169702410698,0.995665967464447,0,0.4838953211903573,0.5,0.01610467880964279,0.0,0.0,5,23,23,1.0,,,1.0,1
S30,EmaTentCaseS10E50B40M075,0.36452555656433105,0.36452555656433105,0.9361588954925537,1,0.3541897773742676,0.5,0.14581022262573243,0.0,0.0,0,64,51,0.796875,13.0,0.203125,0.796875,2
S30,EmaTentCaseS10E50B40M075,0.9657174944877625,0.9657174944877625,0.7877376079559326,1,0.11371300220489503,0.5,0.386286997795105,0.0,0.0,1,64,33,0.515625,31.0,0.484375,0.515625,2
S30,EmaTentCaseS10E50B40M075,0.9785338044166565,0.9785338044166565,0.6883304119110107,1,0.1085864782333374,0.5,0.3914135217666626,0.0,0.0,2,64,5,0.078125,59.0,0.921875,0.921875,2
S30,EmaTentCaseS10E50B40M075,0.6511169075965881,0.6511169075965881,0.8328614234924316,1,0.23955323696136477,0.5,0.2604467630386353,0.0,0.0,3,64,37,0.578125,27.0,0.421875,0.578125,2
S30,EmaTentCaseS10E50B40M075,0.9837653636932373,0.9837653636932373,0.8754704594612122,1,0.10649385452270509,0.5,0.39350614547729496,0.0,0.0,4,64,24,0.375,40.0,0.625,0.625,2
S30,EmaTentCaseS10E50B40M075,0.03683371841907501,0.03683371841907501,0.9960988163948059,0,0.48526651263237,0.5,0.014733487367630006,0.0,0.0,5,23,23,1.0,,,1.0,1
S30,EmaTentCaseS10E50B40M080,0.36452555656433105,0.36452555656433105,0.9361588954925537,1,0.3541897773742676,0.5,0.14581022262573243,0.0,0.0,0,64,51,0.796875,13.0,0.203125,0.796875,2
S30,EmaTentCaseS10E50B40M080,0.9928692579269409,0.9928692579269409,0.7881737947463989,1,0.10285229682922364,0.5,0.3971477031707764,0.0,0.0,1,64,33,0.515625,31.0,0.484375,0.515625,2
S30,EmaTentCaseS10E50B40M080,0.9988104104995728,0.9988104104995728,0.6829960942268372,1,0.1004758358001709,0.5,0.3995241641998291,0.0,0.0,2,64,5,0.078125,59.0,0.921875,0.921875,2
S30,EmaTentCaseS10E50B40M080,0.6843222975730896,0.6843222975730896,0.8195011615753174,1,0.22627108097076418,0.5,0.27372891902923585,0.0,0.0,3,64,37,0.578125,27.0,0.421875,0.578125,2
S30,EmaTentCaseS10E50B40M080,0.9872487187385559,0.9872487187385559,0.8715035915374756,1,0.10510051250457764,0.5,0.39489948749542236,0.0,0.0,4,64,24,0.375,40.0,0.625,0.625,2
S30,EmaTentCaseS10E50B40M080,0.0343780554831028,0.0343780554831028,0.9964037537574768,0,0.4862487778067589,0.5,0.01375122219324112,0.0,0.0,5,23,23,1.0,,,1.0,1
S30,EmaTentCaseS00E50B50M070,0.36452555656433105,0.36452555656433105,0.9361588954925537,1,0.3177372217178345,0.5,0.18226277828216553,0.0,0.0,0,64,51,0.796875,13.0,0.203125,0.796875,2
S30,EmaTentCaseS00E50B50M070,0.9362563490867615,0.9362563490867615,0.788314700126648,1,0.03187182545661926,0.5,0.46812817454338074,0.0,0.0,1,64,33,0.515625,31.0,0.484375,0.515625,2
S30,EmaTentCaseS00E50B50M070,0.9654515981674194,0.9654515981674194,0.6948570609092712,1,0.017274200916290283,0.5,0.4827257990837097,0.0,0.0,2,64,5,0.078125,59.0,0.921875,0.921875,2
S30,EmaTentCaseS00E50B50M070,0.6552193760871887,0.6552193760871887,0.8310838341712952,1,0.17239031195640564,0.5,0.32760968804359436,0.0,0.0,3,64,37,0.578125,27.0,0.421875,0.578125,2
S30,EmaTentCaseS00E50B50M070,0.9890842437744141,0.9890842437744141,0.8737345337867737,1,0.005457878112792969,0.5,0.49454212188720703,0.0,0.0,4,64,24,0.375,40.0,0.625,0.625,2
S30,EmaTentCaseS00E50B50M070,0.04215335473418236,0.04215335473418236,0.9954236149787903,0,0.4789233226329088,0.5,0.02107667736709118,0.0,0.0,5,23,23,1.0,,,1.0,1
S30,EmaTentCaseS00E50B50M075,0.36452555656433105,0.36452555656433105,0.9361588954925537,1,0.3177372217178345,0.5,0.18226277828216553,0.0,0.0,0,64,51,0.796875,13.0,0.203125,0.796875,2
S30,EmaTentCaseS00E50B50M075,0.9745063185691833,0.9745063185691833,0.7879773378372192,1,0.012746840715408325,0.5,0.4872531592845917,0.0,0.0,1,64,33,0.515625,31.0,0.484375,0.515625,2
S30,EmaTentCaseS00E50B50M075,0.9899013638496399,0.9899013638496399,0.6823335886001587,1,0.005049318075180054,0.5,0.49495068192481995,0.0,0.0,2,64,5,0.078125,59.0,0.921875,0.921875,2
S30,EmaTentCaseS00E50B50M075,0.6697638034820557,0.6697638034820557,0.8252344131469727,1,0.16511809825897217,0.5,0.33488190174102783,0.0,0.0,3,64,37,0.578125,27.0,0.421875,0.578125,2
S30,EmaTentCaseS00E50B50M075,0.9899073839187622,0.9899073839187622,0.8716673254966736,1,0.0050463080406188965,0.5,0.4949536919593811,0.0,0.0,4,64,24,0.375,40.0,0.625,0.625,2
S30,EmaTentCaseS00E50B50M075,0.0380924791097641,0.0380924791097641,0.9959408640861511,0,0.48095376044511795,0.5,0.01904623955488205,0.0,0.0,5,23,23,1.0,,,1.0,1
S30,EmaTentCaseS00E50B50M080,0.36452555656433105,0.36452555656433105,0.9361588954925537,1,0.3177372217178345,0.5,0.18226277828216553,0.0,0.0,0,64,51,0.796875,13.0,0.203125,0.796875,2
S30,EmaTentCaseS00E50B50M080,0.9959343075752258,0.9959343075752258,0.7873984575271606,1,0.002032846212387085,0.5,0.4979671537876129,0.0,0.0,1,64,33,0.515625,31.0,0.484375,0.515625,2
S30,EmaTentCaseS00E50B50M080,0.9999470114707947,0.9999470114707947,0.6876976490020752,1,2.6494264602661133e-05,0.5,0.49997350573539734,0.0,0.0,2,64,5,0.078125,59.0,0.921875,0.921875,2
S30,EmaTentCaseS00E50B50M080,0.7080521583557129,0.7080521583557129,0.8113405108451843,1,0.14597392082214355,0.5,0.35402607917785645,0.0,0.0,3,64,37,0.578125,27.0,0.421875,0.578125,2
S30,EmaTentCaseS00E50B50M080,0.9925519227981567,0.9925519227981567,0.8668748140335083,1,0.003724038600921631,0.5,0.49627596139907837,0.0,0.0,4,64,24,0.375,40.0,0.625,0.625,2
S30,EmaTentCaseS00E50B50M080,0.035451553761959076,0.035451553761959076,0.9962710738182068,0,0.48227422311902046,0.5,0.017725776880979538,0.0,0.0,5,23,23,1.0,,,1.0,1
S30,EmaTentCaseS10E40B50M075,0.3645271062850952,0.3645271062850952,0.9361584186553955,1,0.41773644685745237,0.4,0.1822635531425476,0.0,0.0,0,64,51,0.796875,13.0,0.203125,0.796875,2
S30,EmaTentCaseS10E40B50M075,0.9959336519241333,0.9959336519241333,0.7873993515968323,1,0.10203317403793336,0.4,0.49796682596206665,0.0,0.0,1,64,33,0.515625,31.0,0.484375,0.515625,2
S30,EmaTentCaseS10E40B50M075,0.9986786842346191,0.9986786842346191,0.6904754042625427,1,0.10066065788269044,0.4,0.49933934211730957,0.0,0.0,2,64,5,0.078125,59.0,0.921875,0.921875,2
S30,EmaTentCaseS10E40B50M075,0.7401764988899231,0.7401764988899231,0.8020790815353394,1,0.22991175055503846,0.4,0.37008824944496155,0.0,0.0,3,64,37,0.578125,27.0,0.421875,0.578125,2
S30,EmaTentCaseS10E40B50M075,0.9962157011032104,0.9962157011032104,0.8599398136138916,1,0.10189214944839478,0.4,0.4981078505516052,0.0,0.0,4,64,24,0.375,40.0,0.625,0.625,2
S30,EmaTentCaseS10E40B50M075,0.03747586905956268,0.03747586905956268,0.9960184693336487,0,0.5812620654702186,0.4,0.01873793452978134,0.0,0.0,5,23,23,1.0,,,1.0,1
