Subject,Method,raw_gate,effective_gate,confidence,updated,effective_source_weight,effective_ema_weight,effective_batch_weight,probe_gate,min_gate,batch_index,batch_size,true_class_0_count,true_class_0_ratio,true_class_1_count,true_class_1_ratio,true_class_2_count,true_class_2_ratio,true_max_class_ratio,true_num_present_classes
S2,EMATent,0.1494554877281189,0.1494554877281189,0.9649808406829834,0,0.45516335368156435,0.5,0.04483664631843567,0.0,0.0,0,64,42,0.65625,13,0.203125,9,0.140625,0.65625,3
S2,EMATent,0.32519450783729553,0.32519450783729553,0.930118203163147,1,0.40244164764881135,0.5,0.09755835235118866,0.0,0.0,1,64,34,0.53125,22,0.34375,8,0.125,0.53125,3
S2,EMATent,0.3765721321105957,0.3765721321105957,0.9403721690177917,1,0.3870283603668213,0.5,0.1129716396331787,0.0,0.0,2,64,40,0.625,14,0.21875,10,0.15625,0.625,3
S2,EMATent,0.4232022762298584,0.4232022762298584,0.9195583462715149,1,0.3730393171310425,0.5,0.1269606828689575,0.0,0.0,3,64,34,0.53125,20,0.3125,10,0.15625,0.53125,3
S2,EMATent,0.5360774397850037,0.5360774397850037,0.8662828803062439,1,0.3391767680644989,0.5,0.1608232319355011,0.0,0.0,4,64,26,0.40625,22,0.34375,16,0.25,0.40625,3
S2,EMATent,0.5751290321350098,0.5751290321350098,0.9062318801879883,1,0.3274612903594971,0.5,0.1725387096405029,0.0,0.0,5,64,36,0.5625,19,0.296875,9,0.140625,0.5625,3
S2,EMATent,0.6957151889801025,0.6957151889801025,0.8394506573677063,1,0.2912854433059692,0.5,0.20871455669403075,0.0,0.0,6,40,17,0.425,13,0.325,10,0.25,0.425,3
S2,EMATentProbe025,0.25466930866241455,0.25466930866241455,0.9310941696166992,1,0.42359920740127566,0.5,0.07640079259872436,0.25,0.0,0,64,42,0.65625,13,0.203125,9,0.140625,0.65625,3
S2,EMATentProbe025,0.4297062158584595,0.4297062158584595,0.9079067707061768,1,0.3710881352424622,0.5,0.12891186475753783,0.25,0.0,1,64,34,0.53125,22,0.34375,8,0.125,0.53125,3
S2,EMATentProbe025,0.4644400477409363,0.4644400477409363,0.9178540706634521,1,0.3606679856777191,0.5,0.13933201432228087,0.25,0.0,2,64,40,0.625,14,0.21875,10,0.15625,0.625,3
S2,EMATentProbe025,0.5364241003990173,0.5364241003990173,0.875569224357605,1,0.3390727698802948,0.5,0.1609272301197052,0.25,0.0,3,64,34,0.53125,20,0.3125,10,0.15625,0.53125,3
S2,EMATentProbe025,0.6446396112442017,0.6446396112442017,0.831985592842102,1,0.3066081166267395,0.5,0.1933918833732605,0.25,0.0,4,64,26,0.40625,22,0.34375,16,0.25,0.40625,3
S2,EMATentProbe025,0.669258713722229,0.669258713722229,0.8771315813064575,1,0.2992223858833313,0.5,0.2007776141166687,0.25,0.0,5,64,36,0.5625,19,0.296875,9,0.140625,0.5625,3
S2,EMATentProbe025,0.7719406485557556,0.7719406485557556,0.817359447479248,1,0.2684178054332733,0.5,0.23158219456672668,0.25,0.0,6,40,17,0.425,13,0.325,10,0.25,0.425,3
S2,EMATentProbe050,0.3694015443325043,0.3694015443325043,0.908414900302887,1,0.38917953670024874,0.5,0.11082046329975127,0.5,0.0,0,64,42,0.65625,13,0.203125,9,0.140625,0.65625,3
S2,EMATentProbe050,0.5225890278816223,0.5225890278816223,0.8942065834999084,1,0.34322329163551335,0.5,0.15677670836448668,0.5,0.0,1,64,34,0.53125,22,0.34375,8,0.125,0.53125,3
S2,EMATentProbe050,0.5693694353103638,0.5693694353103638,0.8944355249404907,1,0.3291891694068909,0.5,0.17081083059310911,0.5,0.0,2,64,40,0.625,14,0.21875,10,0.15625,0.625,3
S2,EMATentProbe050,0.6530981063842773,0.6530981063842773,0.833071231842041,1,0.3040705680847168,0.5,0.1959294319152832,0.5,0.0,3,64,34,0.53125,20,0.3125,10,0.15625,0.53125,3
S2,EMATentProbe050,0.7268354296684265,0.7268354296684265,0.8194422721862793,1,0.28194937109947205,0.5,0.21805062890052795,0.5,0.0,4,64,26,0.40625,22,0.34375,16,0.25,0.40625,3
S2,EMATentProbe050,0.7545410990715027,0.7545410990715027,0.8452455401420593,1,0.2736376702785492,0.5,0.2263623297214508,0.5,0.0,5,64,36,0.5625,19,0.296875,9,0.140625,0.5625,3
S2,EMATentProbe050,0.8209985494613647,0.8209985494613647,0.832410991191864,1,0.2537004351615906,0.5,0.24629956483840942,0.5,0.0,6,40,17,0.425,13,0.325,10,0.25,0.425,3
S2,EMATentProbe100,0.5623162388801575,0.5623162388801575,0.8800739049911499,1,0.33130512833595277,0.5,0.16869487166404723,1.0,0.0,0,64,42,0.65625,13,0.203125,9,0.140625,0.65625,3
S2,EMATentProbe100,0.6777222752571106,0.6777222752571106,0.852679967880249,1,0.2966833174228668,0.5,0.20331668257713317,1.0,0.0,1,64,34,0.53125,22,0.34375,8,0.125,0.53125,3
S2,EMATentProbe100,0.735930860042572,0.735930860042572,0.8625234365463257,1,0.2792207419872284,0.5,0.2207792580127716,1.0,0.0,2,64,40,0.625,14,0.21875,10,0.15625,0.625,3
S2,EMATentProbe100,0.7950236201286316,0.7950236201286316,0.8799028992652893,1,0.2614929139614105,0.5,0.23850708603858947,1.0,0.0,3,64,34,0.53125,20,0.3125,10,0.15625,0.53125,3
S2,EMATentProbe100,0.8452083468437195,0.8452083468437195,0.8391183614730835,1,0.24643749594688416,0.5,0.2535625040531158,1.0,0.0,4,64,26,0.40625,22,0.34375,16,0.25,0.40625,3
S2,EMATentProbe100,0.8748811483383179,0.8748811483383179,0.8631926774978638,1,0.23753565549850464,0.5,0.26246434450149536,1.0,0.0,5,64,36,0.5625,19,0.296875,9,0.140625,0.5625,3
S2,EMATentProbe100,0.904719889163971,0.904719889163971,0.8347988128662109,1,0.22858403325080873,0.5,0.2714159667491913,1.0,0.0,6,40,17,0.425,13,0.325,10,0.25,0.425,3
S2,EMATentMinGate025,0.1494554877281189,0.3620916157960892,0.9649808406829834,1,0.3913725152611732,0.5,0.10862748473882675,0.0,0.25,0,64,42,0.65625,13,0.203125,9,0.140625,0.65625,3
S2,EMATentMinGate025,0.31431132555007935,0.4857334941625595,0.9325498342514038,1,0.35427995175123217,0.5,0.14572004824876786,0.0,0.25,1,64,34,0.53125,22,0.34375,8,0.125,0.53125,3
S2,EMATentMinGate025,0.36421096324920654,0.5231582224369049,0.9418579339981079,1,0.34305253326892854,0.5,0.15694746673107146,0.0,0.25,2,64,40,0.625,14,0.21875,10,0.15625,0.625,3
S2,EMATentMinGate025,0.40725183486938477,0.5554388761520386,0.9272432327270508,1,0.3333683371543884,0.5,0.16663166284561157,0.0,0.25,3,64,34,0.53125,20,0.3125,10,0.15625,0.53125,3
S2,EMATentMinGate025,0.5128934979438782,0.6346701234579086,0.8798620104789734,1,0.3095989629626274,0.5,0.19040103703737257,0.0,0.25,4,64,26,0.40625,22,0.34375,16,0.25,0.40625,3
S2,EMATentMinGate025,0.5584073662757874,0.6688055247068405,0.9091924428939819,1,0.29935834258794786,0.5,0.20064165741205214,0.0,0.25,5,64,36,0.5625,19,0.296875,9,0.140625,0.5625,3
S2,EMATentMinGate025,0.6773451566696167,0.7580088675022125,0.842326819896698,1,0.27259733974933625,0.5,0.22740266025066375,0.0,0.25,6,40,17,0.425,13,0.325,10,0.25,0.425,3
S2,EMATentMinGate050,0.1494554877281189,0.5747277438640594,0.9649808406829834,1,0.3275816768407822,0.5,0.17241832315921782,0.0,0.5,0,64,42,0.65625,13,0.203125,9,0.140625,0.65625,3
S2,EMATentMinGate050,0.3058447241783142,0.6529223620891571,0.9341157674789429,1,0.3041232913732529,0.5,0.19587670862674714,0.0,0.5,1,64,34,0.53125,22,0.34375,8,0.125,0.53125,3
S2,EMATentMinGate050,0.3536129891872406,0.6768064945936203,0.9424067735671997,1,0.2969580516219139,0.5,0.2030419483780861,0.0,0.5,2,64,40,0.625,14,0.21875,10,0.15625,0.625,3
S2,EMATentMinGate050,0.39358216524124146,0.6967910826206207,0.9334216713905334,1,0.2909626752138138,0.5,0.20903732478618622,0.0,0.5,3,64,34,0.53125,20,0.3125,10,0.15625,0.53125,3
S2,EMATentMinGate050,0.4920695126056671,0.7460347563028336,0.891292929649353,1,0.27618957310914993,0.5,0.22381042689085007,0.0,0.5,4,64,26,0.40625,22,0.34375,16,0.25,0.40625,3
S2,EMATentMinGate050,0.5425074100494385,0.7712537050247192,0.9107987880706787,1,0.26862388849258423,0.5,0.23137611150741577,0.0,0.5,5,64,36,0.5625,19,0.296875,9,0.140625,0.5625,3
S2,EMATentMinGate050,0.6582530736923218,0.8291265368461609,0.8446194529533386,1,0.25126203894615173,0.5,0.24873796105384827,0.0,0.5,6,40,17,0.425,13,0.325,10,0.25,0.425,3
S3,EMATent,0.4866589307785034,0.4866589307785034,0.9399929642677307,1,0.354002320766449,0.5,0.14599767923355103,0.0,0.0,0,64,37,0.578125,16,0.25,11,0.171875,0.578125,3
S3,EMATent,0.624828577041626,0.624828577041626,0.894330620765686,1,0.3125514268875122,0.5,0.18744857311248778,0.0,0.0,1,64,32,0.5,22,0.34375,10,0.15625,0.5,3
S3,EMATent,0.5855026245117188,0.5855026245117188,0.9104012846946716,1,0.32434921264648436,0.5,0.1756507873535156,0.0,0.0,2,64,32,0.5,21,0.328125,11,0.171875,0.5,3
S3,EMATent,0.6559411287307739,0.6559411287307739,0.9173872470855713,1,0.30321766138076783,0.5,0.19678233861923217,0.0,0.0,3,64,34,0.53125,21,0.328125,9,0.140625,0.53125,3
S3,EMATent,0.6756784915924072,0.6756784915924072,0.8896458745002747,1,0.2972964525222778,0.5,0.20270354747772215,0.0,0.0,4,64,31,0.484375,22,0.34375,11,0.171875,0.484375,3
S3,EMATent,0.6637094616889954,0.6637094616889954,0.9178920984268188,1,0.3008871614933014,0.5,0.19911283850669861,0.0,0.0,5,64,38,0.59375,13,0.203125,13,0.203125,0.59375,3
S3,EMATent,0.699683666229248,0.699683666229248,0.9097835421562195,1,0.2900949001312256,0.5,0.2099050998687744,0.0,0.0,6,47,24,0.5106382978723404,13,0.2765957446808511,10,0.2127659574468085,0.5106382978723404,3
S3,EMATentProbe025,0.5417110919952393,0.5417110919952393,0.934262752532959,1,0.33748667240142827,0.5,0.16251332759857176,0.25,0.0,0,64,37,0.578125,16,0.25,11,0.171875,0.578125,3
S3,EMATentProbe025,0.657904326915741,0.657904326915741,0.9000860452651978,1,0.3026287019252777,0.5,0.19737129807472228,0.25,0.0,1,64,32,0.5,22,0.34375,10,0.15625,0.5,3
S3,EMATentProbe025,0.6343423128128052,0.6343423128128052,0.9096255302429199,1,0.3096973061561584,0.5,0.19030269384384155,0.25,0.0,2,64,32,0.5,21,0.328125,11,0.171875,0.5,3
S3,EMATentProbe025,0.7187578678131104,0.7187578678131104,0.9007865190505981,1,0.2843726396560669,0.5,0.2156273603439331,0.25,0.0,3,64,34,0.53125,21,0.328125,9,0.140625,0.53125,3
S3,EMATentProbe025,0.7094897031784058,0.7094897031784058,0.8993810415267944,1,0.2871530890464783,0.5,0.21284691095352173,0.25,0.0,4,64,31,0.484375,22,0.34375,11,0.171875,0.484375,3
S3,EMATentProbe025,0.7014256119728088,0.7014256119728088,0.9300504922866821,1,0.28957231640815734,0.5,0.21042768359184263,0.25,0.0,5,64,38,0.59375,13,0.203125,13,0.203125,0.59375,3
S3,EMATentProbe025,0.7345923781394958,0.7345923781394958,0.9085745215415955,1,0.27962228655815125,0.5,0.22037771344184875,0.25,0.0,6,47,24,0.5106382978723404,13,0.2765957446808511,10,0.2127659574468085,0.5106382978723404,3
S3,EMATentProbe050,0.5895048975944519,0.5895048975944519,0.9235424995422363,1,0.32314853072166444,0.5,0.17685146927833556,0.5,0.0,0,64,37,0.578125,16,0.25,11,0.171875,0.578125,3
S3,EMATentProbe050,0.6856074929237366,0.6856074929237366,0.9112801551818848,1,0.29431775212287903,0.5,0.20568224787712097,0.5,0.0,1,64,32,0.5,22,0.34375,10,0.15625,0.5,3
S3,EMATentProbe050,0.6776493787765503,0.6776493787765503,0.9032269716262817,1,0.2967051863670349,0.5,0.2032948136329651,0.5,0.0,2,64,32,0.5,21,0.328125,11,0.171875,0.5,3
S3,EMATentProbe050,0.7619020938873291,0.7619020938873291,0.9121066331863403,1,0.2714293718338013,0.5,0.22857062816619872,0.5,0.0,3,64,34,0.53125,21,0.328125,9,0.140625,0.53125,3
S3,EMATentProbe050,0.7399000525474548,0.7399000525474548,0.9059593677520752,1,0.2780299842357635,0.5,0.22197001576423644,0.5,0.0,4,64,31,0.484375,22,0.34375,11,0.171875,0.484375,3
S3,EMATentProbe050,0.7359588146209717,0.7359588146209717,0.9324999451637268,1,0.2792123556137085,0.5,0.2207876443862915,0.5,0.0,5,64,38,0.59375,13,0.203125,13,0.203125,0.59375,3
S3,EMATentProbe050,0.7691231966018677,0.7691231966018677,0.9177530407905579,1,0.2692630410194397,0.5,0.2307369589805603,0.5,0.0,6,47,24,0.5106382978723404,13,0.2765957446808511,10,0.2127659574468085,0.5106382978723404,3
S3,EMATentProbe100,0.661339282989502,0.661339282989502,0.9268652200698853,1,0.30159821510314944,0.5,0.1984017848968506,1.0,0.0,0,64,37,0.578125,16,0.25,11,0.171875,0.578125,3
S3,EMATentProbe100,0.738518238067627,0.738518238067627,0.916547954082489,1,0.2784445285797119,0.5,0.22155547142028809,1.0,0.0,1,64,32,0.5,22,0.34375,10,0.15625,0.5,3
S3,EMATentProbe100,0.7528215646743774,0.7528215646743774,0.9064958691596985,1,0.27415353059768677,0.5,0.22584646940231323,1.0,0.0,2,64,32,0.5,21,0.328125,11,0.171875,0.5,3
S3,EMATentProbe100,0.823768675327301,0.823768675327301,0.9114261865615845,1,0.2528693974018097,0.5,0.2471306025981903,1.0,0.0,3,64,34,0.53125,21,0.328125,9,0.140625,0.53125,3
S3,EMATentProbe100,0.7911924123764038,0.7911924123764038,0.925675094127655,1,0.26264227628707887,0.5,0.23735772371292113,1.0,0.0,4,64,31,0.484375,22,0.34375,11,0.171875,0.484375,3
S3,EMATentProbe100,0.8061323761940002,0.8061323761940002,0.9273453950881958,1,0.25816028714179995,0.5,0.24183971285820005,1.0,0.0,5,64,38,0.59375,13,0.203125,13,0.203125,0.59375,3
S3,EMATentProbe100,0.8377605676651001,0.8377605676651001,0.9258682727813721,1,0.24867182970046997,0.5,0.25132817029953003,1.0,0.0,6,47,24,0.5106382978723404,13,0.2765957446808511,10,0.2127659574468085,0.5106382978723404,3
S3,EMATentMinGate025,0.4866589307785034,0.6149941980838776,0.9399929642677307,1,0.3155017405748367,0.5,0.18449825942516326,0.0,0.25,0,64,37,0.578125,16,0.25,11,0.171875,0.578125,3
S3,EMATentMinGate025,0.6232404708862305,0.7174303531646729,0.8937897086143494,1,0.28477089405059813,0.5,0.21522910594940184,0.0,0.25,1,64,32,0.5,22,0.34375,10,0.15625,0.5,3
S3,EMATentMinGate025,0.5817198157310486,0.6862898617982864,0.9097845554351807,1,0.2941130414605141,0.5,0.20588695853948594,0.0,0.25,2,64,32,0.5,21,0.328125,11,0.171875,0.5,3
S3,EMATentMinGate025,0.6528079509735107,0.7396059632301331,0.9175695180892944,1,0.27811821103096007,0.5,0.2218817889690399,0.0,0.25,3,64,34,0.53125,21,0.328125,9,0.140625,0.53125,3
S3,EMATentMinGate025,0.67133629322052,0.75350221991539,0.8892801403999329,1,0.273949334025383,0.5,0.22605066597461698,0.0,0.25,4,64,31,0.484375,22,0.34375,11,0.171875,0.484375,3
S3,EMATentMinGate025,0.658444344997406,0.7438332587480545,0.916502058506012,1,0.27685002237558365,0.5,0.22314997762441635,0.0,0.25,5,64,38,0.59375,13,0.203125,13,0.203125,0.59375,3
S3,EMATentMinGate025,0.6954303979873657,0.7715727984905243,0.9098910689353943,1,0.2685281604528427,0.5,0.23147183954715728,0.0,0.25,6,47,24,0.5106382978723404,13,0.2765957446808511,10,0.2127659574468085,0.5106382978723404,3
S3,EMATentMinGate050,0.4866589307785034,0.7433294653892517,0.9399929642677307,1,0.2770011603832245,0.5,0.2229988396167755,0.0,0.5,0,64,37,0.578125,16,0.25,11,0.171875,0.578125,3
S3,EMATentMinGate050,0.6216166615486145,0.8108083307743073,0.8932176828384399,1,0.2567575007677078,0.5,0.24324249923229216,0.0,0.5,1,64,32,0.5,22,0.34375,10,0.15625,0.5,3
S3,EMATentMinGate050,0.577892541885376,0.788946270942688,0.909089982509613,1,0.2633161187171936,0.5,0.23668388128280637,0.0,0.5,2,64,32,0.5,21,0.328125,11,0.171875,0.5,3
S3,EMATentMinGate050,0.6495363116264343,0.8247681558132172,0.9176112413406372,1,0.25256955325603486,0.5,0.24743044674396514,0.0,0.5,3,64,34,0.53125,21,0.328125,9,0.140625,0.53125,3
S3,EMATentMinGate050,0.666872501373291,0.8334362506866455,0.8886258602142334,1,0.24996912479400635,0.5,0.25003087520599365,0.0,0.5,4,64,31,0.484375,22,0.34375,11,0.171875,0.484375,3
S3,EMATentMinGate050,0.6530016660690308,0.8265008330345154,0.9148513674736023,1,0.2520497500896454,0.5,0.2479502499103546,0.0,0.5,5,64,38,0.59375,13,0.203125,13,0.203125,0.59375,3
S3,EMATentMinGate050,0.6909704804420471,0.8454852402210236,0.9095948338508606,1,0.24635442793369294,0.5,0.25364557206630706,0.0,0.5,6,47,24,0.5106382978723404,13,0.2765957446808511,10,0.2127659574468085,0.5106382978723404,3
S4,EMATent,0.8339060544967651,0.8339060544967651,0.8949775099754333,1,0.24982818365097048,0.5,0.2501718163490295,0.0,0.0,0,64,34,0.53125,15,0.234375,15,0.234375,0.53125,3
S4,EMATent,0.8607391119003296,0.8607391119003296,0.8594217300415039,1,0.24177826642990113,0.5,0.25822173357009887,0.0,0.0,1,64,36,0.5625,17,0.265625,11,0.171875,0.5625,3
S4,EMATent,0.9073548913002014,0.9073548913002014,0.8444651365280151,1,0.2277935326099396,0.5,0.27220646739006044,0.0,0.0,2,64,38,0.59375,19,0.296875,7,0.109375,0.59375,3
S4,EMATent,0.856353759765625,0.856353759765625,0.8689575791358948,1,0.24309387207031252,0.5,0.2569061279296875,0.0,0.0,3,64,31,0.484375,23,0.359375,10,0.15625,0.484375,3
S4,EMATent,0.8830066323280334,0.8830066323280334,0.8458154797554016,1,0.23509801030158997,0.5,0.26490198969841,0.0,0.0,4,64,33,0.515625,19,0.296875,12,0.1875,0.515625,3
S4,EMATent,0.8201676607131958,0.8201676607131958,0.8501970767974854,1,0.25394970178604126,0.5,0.24605029821395874,0.0,0.0,5,64,38,0.59375,16,0.25,10,0.15625,0.59375,3
S4,EMATent,0.8405368328094482,0.8405368328094482,0.8470954895019531,1,0.24783895015716553,0.5,0.25216104984283444,0.0,0.0,6,50,22,0.44,18,0.36,10,0.2,0.44,3
S4,EMATentProbe025,0.850563645362854,0.850563645362854,0.876291811466217,1,0.2448309063911438,0.5,0.2551690936088562,0.25,0.0,0,64,34,0.53125,15,0.234375,15,0.234375,0.53125,3
S4,EMATentProbe025,0.874723494052887,0.874723494052887,0.85439133644104,1,0.2375829517841339,0.5,0.2624170482158661,0.25,0.0,1,64,36,0.5625,17,0.265625,11,0.171875,0.5625,3
S4,EMATentProbe025,0.9027745127677917,0.9027745127677917,0.8436858654022217,1,0.22916764616966248,0.5,0.2708323538303375,0.25,0.0,2,64,38,0.59375,19,0.296875,7,0.109375,0.59375,3
S4,EMATentProbe025,0.8578091263771057,0.8578091263771057,0.862174391746521,1,0.2426572620868683,0.5,0.2573427379131317,0.25,0.0,3,64,31,0.484375,23,0.359375,10,0.15625,0.484375,3
S4,EMATentProbe025,0.8684929013252258,0.8684929013252258,0.8500315546989441,1,0.23945212960243226,0.5,0.2605478703975677,0.25,0.0,4,64,33,0.515625,19,0.296875,12,0.1875,0.515625,3
S4,EMATentProbe025,0.8069162368774414,0.8069162368774414,0.8629086017608643,1,0.25792512893676756,0.5,0.24207487106323242,0.25,0.0,5,64,38,0.59375,16,0.25,10,0.15625,0.59375,3
S4,EMATentProbe025,0.8309952616691589,0.8309952616691589,0.8821389079093933,1,0.25070142149925234,0.5,0.24929857850074766,0.25,0.0,6,50,22,0.44,18,0.36,10,0.2,0.44,3
S4,EMATentProbe050,0.8631561398506165,0.8631561398506165,0.8573455214500427,1,0.24105315804481509,0.5,0.2589468419551849,0.5,0.0,0,64,34,0.53125,15,0.234375,15,0.234375,0.53125,3
S4,EMATentProbe050,0.8725854754447937,0.8725854754447937,0.8399564027786255,1,0.2382243573665619,0.5,0.2617756426334381,0.5,0.0,1,64,36,0.5625,17,0.265625,11,0.171875,0.5625,3
S4,EMATentProbe050,0.8885886073112488,0.8885886073112488,0.8439452648162842,1,0.23342341780662537,0.5,0.2665765821933746,0.5,0.0,2,64,38,0.59375,19,0.296875,7,0.109375,0.59375,3
S4,EMATentProbe050,0.8563728928565979,0.8563728928565979,0.8635948896408081,1,0.24308813214302064,0.5,0.25691186785697934,0.5,0.0,3,64,31,0.484375,23,0.359375,10,0.15625,0.484375,3
S4,EMATentProbe050,0.8553423285484314,0.8553423285484314,0.8524391055107117,1,0.2433973014354706,0.5,0.2566026985645294,0.5,0.0,4,64,33,0.515625,19,0.296875,12,0.1875,0.515625,3
S4,EMATentProbe050,0.7994583249092102,0.7994583249092102,0.8694979548454285,1,0.26016250252723694,0.5,0.23983749747276306,0.5,0.0,5,64,38,0.59375,16,0.25,10,0.15625,0.59375,3
S4,EMATentProbe050,0.8275277614593506,0.8275277614593506,0.8968332409858704,1,0.25174167156219485,0.5,0.24825832843780515,0.5,0.0,6,50,22,0.44,18,0.36,10,0.2,0.44,3
S4,EMATentProbe100,0.8504762649536133,0.8504762649536133,0.8316165208816528,1,0.24485712051391603,0.5,0.255142879486084,1.0,0.0,0,64,34,0.53125,15,0.234375,15,0.234375,0.53125,3
S4,EMATentProbe100,0.8429161906242371,0.8429161906242371,0.8456105589866638,1,0.2471251428127289,0.5,0.2528748571872711,1.0,0.0,1,64,36,0.5625,17,0.265625,11,0.171875,0.5625,3
S4,EMATentProbe100,0.8707584142684937,0.8707584142684937,0.8481117486953735,1,0.23877247571945193,0.5,0.2612275242805481,1.0,0.0,2,64,38,0.59375,19,0.296875,7,0.109375,0.59375,3
S4,EMATentProbe100,0.8656119704246521,0.8656119704246521,0.8615038394927979,1,0.2403164088726044,0.5,0.25968359112739564,1.0,0.0,3,64,31,0.484375,23,0.359375,10,0.15625,0.484375,3
S4,EMATentProbe100,0.8468422293663025,0.8468422293663025,0.855744481086731,1,0.24594733119010925,0.5,0.25405266880989075,1.0,0.0,4,64,33,0.515625,19,0.296875,12,0.1875,0.515625,3
S4,EMATentProbe100,0.8025338649749756,0.8025338649749756,0.8697190880775452,1,0.2592398405075073,0.5,0.24076015949249266,1.0,0.0,5,64,38,0.59375,16,0.25,10,0.15625,0.59375,3
S4,EMATentProbe100,0.8405390977859497,0.8405390977859497,0.8918045163154602,1,0.2478382706642151,0.5,0.2521617293357849,1.0,0.0,6,50,22,0.44,18,0.36,10,0.2,0.44,3
S4,EMATentMinGate025,0.8339060544967651,0.8754295408725739,0.8949775099754333,1,0.23737113773822785,0.5,0.2626288622617721,0.0,0.25,0,64,34,0.53125,15,0.234375,15,0.234375,0.53125,3
S4,EMATentMinGate025,0.8602110147476196,0.8951582610607147,0.8594967126846313,1,0.2314525216817856,0.5,0.2685474783182144,0.0,0.25,1,64,36,0.5625,17,0.265625,11,0.171875,0.5625,3
S4,EMATentMinGate025,0.9069643616676331,0.9302232712507248,0.8450903296470642,1,0.22093301862478257,0.5,0.2790669813752174,0.0,0.25,2,64,38,0.59375,19,0.296875,7,0.109375,0.59375,3
S4,EMATentMinGate025,0.855699896812439,0.8917749226093292,0.8699572682380676,1,0.23246752321720124,0.5,0.26753247678279873,0.0,0.25,3,64,31,0.484375,23,0.359375,10,0.15625,0.484375,3
S4,EMATentMinGate025,0.8832958340644836,0.9124718755483627,0.8458993434906006,1,0.2262584373354912,0.5,0.27374156266450883,0.0,0.25,4,64,33,0.515625,19,0.296875,12,0.1875,0.515625,3
S4,EMATentMinGate025,0.8211669921875,0.865875244140625,0.8496800065040588,1,0.2402374267578125,0.5,0.2597625732421875,0.0,0.25,5,64,38,0.59375,16,0.25,10,0.15625,0.59375,3
S4,EMATentMinGate025,0.8403618335723877,0.8802713751792908,0.8470237851142883,1,0.23591858744621277,0.5,0.2640814125537872,0.0,0.25,6,50,22,0.44,18,0.36,10,0.2,0.44,3
S4,EMATentMinGate050,0.8339060544967651,0.9169530272483826,0.8949775099754333,1,0.22491409182548525,0.5,0.2750859081745148,0.0,0.5,0,64,34,0.53125,15,0.234375,15,0.234375,0.53125,3
S4,EMATentMinGate050,0.859706699848175,0.9298533499240875,0.8596969842910767,1,0.22104399502277375,0.5,0.2789560049772262,0.0,0.5,1,64,36,0.5625,17,0.265625,11,0.171875,0.5625,3
S4,EMATentMinGate050,0.9065811634063721,0.953290581703186,0.8456758260726929,1,0.2140128254890442,0.5,0.2859871745109558,0.0,0.5,2,64,38,0.59375,19,0.296875,7,0.109375,0.59375,3
S4,EMATentMinGate050,0.855050802230835,0.9275254011154175,0.8709365129470825,1,0.22174237966537477,0.5,0.27825762033462526,0.0,0.5,3,64,31,0.484375,23,0.359375,10,0.15625,0.484375,3
S4,EMATentMinGate050,0.8835607767105103,0.9417803883552551,0.8460283875465393,1,0.21746588349342347,0.5,0.2825341165065765,0.0,0.5,4,64,33,0.515625,19,0.296875,12,0.1875,0.515625,3
S4,EMATentMinGate050,0.8221518397331238,0.9110759198665619,0.8494003415107727,1,0.22667722404003143,0.5,0.27332277595996857,0.0,0.5,5,64,38,0.59375,16,0.25,10,0.15625,0.59375,3
S4,EMATentMinGate050,0.8401835560798645,0.9200917780399323,0.8469210863113403,1,0.22397246658802034,0.5,0.27602753341197966,0.0,0.5,6,50,22,0.44,18,0.36,10,0.2,0.44,3
S5,EMATent,0.838359534740448,0.838359534740448,0.8181135058403015,1,0.24849213957786562,0.5,0.2515078604221344,0.0,0.0,0,64,37,0.578125,18,0.28125,9,0.140625,0.578125,3
S5,EMATent,0.8433370590209961,0.8433370590209961,0.8237072825431824,1,0.24699888229370118,0.5,0.2530011177062988,0.0,0.0,1,64,36,0.5625,18,0.28125,10,0.15625,0.5625,3
S5,EMATent,0.8431746363639832,0.8431746363639832,0.8803764581680298,1,0.24704760909080506,0.5,0.2529523909091949,0.0,0.0,2,64,38,0.59375,17,0.265625,9,0.140625,0.59375,3
S5,EMATent,0.8211824297904968,0.8211824297904968,0.8707653284072876,1,0.25364527106285095,0.5,0.24635472893714905,0.0,0.0,3,64,39,0.609375,17,0.265625,8,0.125,0.609375,3
S5,EMATent,0.9300603270530701,0.9300603270530701,0.820986270904541,1,0.22098190188407899,0.5,0.279018098115921,0.0,0.0,4,64,35,0.546875,20,0.3125,9,0.140625,0.546875,3
S5,EMATent,0.9604368805885315,0.9604368805885315,0.8687634468078613,1,0.21186893582344057,0.5,0.2881310641765594,0.0,0.0,5,64,29,0.453125,20,0.3125,15,0.234375,0.453125,3
S5,EMATent,0.9763296246528625,0.9763296246528625,0.8262138366699219,1,0.20710111260414124,0.5,0.29289888739585873,0.0,0.0,6,59,25,0.423728813559322,19,0.3220338983050847,15,0.2542372881355932,0.423728813559322,3
S5,EMATentProbe025,0.857223391532898,0.857223391532898,0.8283129930496216,1,0.24283298254013064,0.5,0.25716701745986936,0.25,0.0,0,64,37,0.578125,18,0.28125,9,0.140625,0.578125,3
S5,EMATentProbe025,0.866847574710846,0.866847574710846,0.8348240852355957,1,0.23994572758674623,0.5,0.2600542724132538,0.25,0.0,1,64,36,0.5625,18,0.28125,10,0.15625,0.5625,3
S5,EMATentProbe025,0.8615553975105286,0.8615553975105286,0.8873358964920044,1,0.24153338074684144,0.5,0.25846661925315856,0.25,0.0,2,64,38,0.59375,17,0.265625,9,0.140625,0.59375,3
S5,EMATentProbe025,0.8444291949272156,0.8444291949272156,0.876402735710144,1,0.24667124152183534,0.5,0.25332875847816466,0.25,0.0,3,64,39,0.609375,17,0.265625,8,0.125,0.609375,3
S5,EMATentProbe025,0.9409653544425964,0.9409653544425964,0.823979377746582,1,0.21771039366722109,0.5,0.28228960633277894,0.25,0.0,4,64,35,0.546875,20,0.3125,9,0.140625,0.546875,3
S5,EMATentProbe025,0.9683990478515625,0.9683990478515625,0.8734570741653442,1,0.20948028564453125,0.5,0.29051971435546875,0.25,0.0,5,64,29,0.453125,20,0.3125,15,0.234375,0.453125,3
S5,EMATentProbe025,0.9832319021224976,0.9832319021224976,0.8301843404769897,1,0.20503042936325075,0.5,0.2949695706367493,0.25,0.0,6,59,25,0.423728813559322,19,0.3220338983050847,15,0.2542372881355932,0.423728813559322,3
S5,EMATentProbe050,0.8731393218040466,0.8731393218040466,0.8393687009811401,1,0.23805820345878603,0.5,0.26194179654121397,0.5,0.0,0,64,37,0.578125,18,0.28125,9,0.140625,0.578125,3
S5,EMATentProbe050,0.8840093612670898,0.8840093612670898,0.8469944596290588,1,0.23479719161987306,0.5,0.26520280838012694,0.5,0.0,1,64,36,0.5625,18,0.28125,10,0.15625,0.5625,3
S5,EMATentProbe050,0.8775316476821899,0.8775316476821899,0.8895242810249329,1,0.23674050569534302,0.5,0.26325949430465695,0.5,0.0,2,64,38,0.59375,17,0.265625,9,0.140625,0.59375,3
S5,EMATentProbe050,0.8635900616645813,0.8635900616645813,0.8786383271217346,1,0.24092298150062563,0.5,0.25907701849937437,0.5,0.0,3,64,39,0.609375,17,0.265625,8,0.125,0.609375,3
S5,EMATentProbe050,0.9516054391860962,0.9516054391860962,0.8267419338226318,1,0.21451836824417114,0.5,0.28548163175582886,0.5,0.0,4,64,35,0.546875,20,0.3125,9,0.140625,0.546875,3
S5,EMATentProbe050,0.9742709994316101,0.9742709994316101,0.8768386840820312,1,0.20771870017051697,0.5,0.29228129982948303,0.5,0.0,5,64,29,0.453125,20,0.3125,15,0.234375,0.453125,3
S5,EMATentProbe050,0.9867812395095825,0.9867812395095825,0.8335800170898438,1,0.20396562814712527,0.5,0.29603437185287473,0.5,0.0,6,59,25,0.423728813559322,19,0.3220338983050847,15,0.2542372881355932,0.423728813559322,3
S5,EMATentProbe100,0.9006615281105042,0.9006615281105042,0.8551650643348694,1,0.22980154156684876,0.5,0.2701984584331512,1.0,0.0,0,64,37,0.578125,18,0.28125,9,0.140625,0.578125,3
S5,EMATentProbe100,0.9070255160331726,0.9070255160331726,0.8671962022781372,1,0.22789234519004822,0.5,0.27210765480995175,1.0,0.0,1,64,36,0.5625,18,0.28125,10,0.15625,0.5625,3
S5,EMATentProbe100,0.9032641649246216,0.9032641649246216,0.8929603099822998,1,0.22902075052261353,0.5,0.27097924947738644,1.0,0.0,2,64,38,0.59375,17,0.265625,9,0.140625,0.59375,3
S5,EMATentProbe100,0.8981582522392273,0.8981582522392273,0.8739593625068665,1,0.2305525243282318,0.5,0.2694474756717682,1.0,0.0,3,64,39,0.609375,17,0.265625,8,0.125,0.609375,3
S5,EMATentProbe100,0.9667842388153076,0.9667842388153076,0.8429837226867676,1,0.20996472835540772,0.5,0.29003527164459225,1.0,0.0,4,64,35,0.546875,20,0.3125,9,0.140625,0.546875,3
S5,EMATentProbe100,0.9783346652984619,0.9783346652984619,0.8873034119606018,1,0.20649960041046145,0.5,0.29350039958953855,1.0,0.0,5,64,29,0.453125,20,0.3125,15,0.234375,0.453125,3
S5,EMATentProbe100,0.982780933380127,0.982780933380127,0.8533754348754883,1,0.20516571998596192,0.5,0.29483428001403805,1.0,0.0,6,59,25,0.423728813559322,19,0.3220338983050847,15,0.2542372881355932,0.423728813559322,3
S5,EMATentMinGate025,0.838359534740448,0.878769651055336,0.8181135058403015,1,0.23636910468339922,0.5,0.2636308953166008,0.0,0.25,0,64,37,0.578125,18,0.28125,9,0.140625,0.578125,3
S5,EMATentMinGate025,0.8432135581970215,0.8824101686477661,0.8236591815948486,1,0.23527694940567018,0.5,0.2647230505943298,0.0,0.25,1,64,36,0.5625,18,0.28125,10,0.15625,0.5625,3
S5,EMATentMinGate025,0.8429288864135742,0.8821966648101807,0.8801804780960083,1,0.23534100055694582,0.5,0.2646589994430542,0.0,0.25,2,64,38,0.59375,17,0.265625,9,0.140625,0.59375,3
S5,EMATentMinGate025,0.820693850517273,0.8655203878879547,0.8705674409866333,1,0.2403438836336136,0.5,0.2596561163663864,0.0,0.25,3,64,39,0.609375,17,0.265625,8,0.125,0.609375,3
S5,EMATentMinGate025,0.9294813275337219,0.9471109956502914,0.820925772190094,1,0.2158667013049126,0.5,0.2841332986950874,0.0,0.25,4,64,35,0.546875,20,0.3125,9,0.140625,0.546875,3
S5,EMATentMinGate025,0.9601702690124512,0.9701277017593384,0.8684250116348267,1,0.2089616894721985,0.5,0.2910383105278015,0.0,0.25,5,64,29,0.453125,20,0.3125,15,0.234375,0.453125,3
S5,EMATentMinGate025,0.9760535955429077,0.9820401966571808,0.8260793685913086,1,0.20538794100284577,0.5,0.2946120589971542,0.0,0.25,6,59,25,0.423728813559322,19,0.3220338983050847,15,0.2542372881355932,0.423728813559322,3
S5,EMATentMinGate050,0.838359534740448,0.919179767370224,0.8181135058403015,1,0.2242460697889328,0.5,0.2757539302110672,0.0,0.5,0,64,37,0.578125,18,0.28125,9,0.140625,0.578125,3
S5,EMATentMinGate050,0.8430863618850708,0.9215431809425354,0.8236070871353149,1,0.2235370457172394,0.5,0.27646295428276063,0.0,0.5,1,64,36,0.5625,18,0.28125,10,0.15625,0.5625,3
S5,EMATentMinGate050,0.8426765203475952,0.9213382601737976,0.879976212978363,1,0.22359852194786073,0.5,0.27640147805213927,0.0,0.5,2,64,38,0.59375,17,0.265625,9,0.140625,0.59375,3
S5,EMATentMinGate050,0.8201928734779358,0.9100964367389679,0.8703697919845581,1,0.22697106897830965,0.5,0.27302893102169035,0.0,0.5,3,64,39,0.609375,17,0.265625,8,0.125,0.609375,3
S5,EMATentMinGate050,0.9288855791091919,0.964442789554596,0.8208779692649841,1,0.21066716313362122,0.5,0.2893328368663788,0.0,0.5,4,64,35,0.546875,20,0.3125,9,0.140625,0.546875,3
S5,EMATentMinGate050,0.9598942399024963,0.9799471199512482,0.868063747882843,1,0.20601586401462557,0.5,0.29398413598537443,0.0,0.5,5,64,29,0.453125,20,0.3125,15,0.234375,0.453125,3
S5,EMATentMinGate050,0.9757686257362366,0.9878843128681183,0.825938880443573,1,0.20363470613956453,0.5,0.2963652938604355,0.0,0.5,6,59,25,0.423728813559322,19,0.3220338983050847,15,0.2542372881355932,0.423728813559322,3
S6,EMATent,0.8046180009841919,0.8046180009841919,0.8469725847244263,1,0.25861459970474243,0.5,0.24138540029525757,0.0,0.0,0,64,40,0.625,15,0.234375,9,0.140625,0.625,3
S6,EMATent,0.9144047498703003,0.9144047498703003,0.825069010257721,1,0.22567857503890992,0.5,0.2743214249610901,0.0,0.0,1,64,31,0.484375,19,0.296875,14,0.21875,0.484375,3
S6,EMATent,0.8876021504402161,0.8876021504402161,0.8545629978179932,1,0.2337193548679352,0.5,0.2662806451320648,0.0,0.0,2,64,36,0.5625,19,0.296875,9,0.140625,0.5625,3
S6,EMATent,0.8771819472312927,0.8771819472312927,0.8641022443771362,1,0.2368454158306122,0.5,0.2631545841693878,0.0,0.0,3,64,35,0.546875,22,0.34375,7,0.109375,0.546875,3
S6,EMATent,0.9116864204406738,0.9116864204406738,0.8272143006324768,1,0.22649407386779785,0.5,0.27350592613220215,0.0,0.0,4,64,31,0.484375,22,0.34375,11,0.171875,0.484375,3
S6,EMATent,0.9219980239868164,0.9219980239868164,0.8369023203849792,1,0.22340059280395508,0.5,0.2765994071960449,0.0,0.0,5,64,30,0.46875,20,0.3125,14,0.21875,0.46875,3
S6,EMATent,0.8697970509529114,0.8697970509529114,0.858294665813446,1,0.2390608847141266,0.5,0.2609391152858734,0.0,0.0,6,57,33,0.5789473684210527,13,0.22807017543859648,11,0.19298245614035087,0.5789473684210527,3
S6,EMATentProbe025,0.8244163990020752,0.8244163990020752,0.8559073805809021,1,0.25267508029937746,0.5,0.24732491970062254,0.25,0.0,0,64,40,0.625,15,0.234375,9,0.140625,0.625,3
S6,EMATentProbe025,0.9184325337409973,0.9184325337409973,0.8302197456359863,1,0.22447023987770082,0.5,0.2755297601222992,0.25,0.0,1,64,31,0.484375,19,0.296875,14,0.21875,0.484375,3
S6,EMATentProbe025,0.9035338163375854,0.9035338163375854,0.8545348644256592,1,0.2289398550987244,0.5,0.2710601449012756,0.25,0.0,2,64,36,0.5625,19,0.296875,9,0.140625,0.5625,3
S6,EMATentProbe025,0.8960894346237183,0.8960894346237183,0.8591760396957397,1,0.23117316961288453,0.5,0.26882683038711547,0.25,0.0,3,64,35,0.546875,22,0.34375,7,0.109375,0.546875,3
S6,EMATentProbe025,0.9224039316177368,0.9224039316177368,0.8273270130157471,1,0.22327882051467896,0.5,0.27672117948532104,0.25,0.0,4,64,31,0.484375,22,0.34375,11,0.171875,0.484375,3
S6,EMATentProbe025,0.9296976923942566,0.9296976923942566,0.8320314288139343,1,0.22109069228172304,0.5,0.278909307718277,0.25,0.0,5,64,30,0.46875,20,0.3125,14,0.21875,0.46875,3
S6,EMATentProbe025,0.8785778880119324,0.8785778880119324,0.8613187670707703,1,0.2364266335964203,0.5,0.2635733664035797,0.25,0.0,6,57,33,0.5789473684210527,13,0.22807017543859648,11,0.19298245614035087,0.5789473684210527,3
S6,EMATentProbe050,0.8395980596542358,0.8395980596542358,0.8574033379554749,1,0.24812058210372925,0.5,0.2518794178962707,0.5,0.0,0,64,40,0.625,15,0.234375,9,0.140625,0.625,3
S6,EMATentProbe050,0.9239436984062195,0.9239436984062195,0.832273006439209,1,0.22281689047813416,0.5,0.2771831095218658,0.5,0.0,1,64,31,0.484375,19,0.296875,14,0.21875,0.484375,3
S6,EMATentProbe050,0.918053388595581,0.918053388595581,0.8527499437332153,1,0.22458398342132568,0.5,0.2754160165786743,0.5,0.0,2,64,36,0.5625,19,0.296875,9,0.140625,0.5625,3
S6,EMATentProbe050,0.9130963683128357,0.9130963683128357,0.8587380647659302,1,0.2260710895061493,0.5,0.2739289104938507,0.5,0.0,3,64,35,0.546875,22,0.34375,7,0.109375,0.546875,3
S6,EMATentProbe050,0.9335355162620544,0.9335355162620544,0.8315792083740234,1,0.2199393451213837,0.5,0.2800606548786163,0.5,0.0,4,64,31,0.484375,22,0.34375,11,0.171875,0.484375,3
S6,EMATentProbe050,0.9411194324493408,0.9411194324493408,0.8198646306991577,1,0.21766417026519777,0.5,0.28233582973480226,0.5,0.0,5,64,30,0.46875,20,0.3125,14,0.21875,0.46875,3
S6,EMATentProbe050,0.8867833614349365,0.8867833614349365,0.8688575625419617,1,0.23396499156951905,0.5,0.26603500843048095,0.5,0.0,6,57,33,0.5789473684210527,13,0.22807017543859648,11,0.19298245614035087,0.5789473684210527,3
S6,EMATentProbe100,0.8672621846199036,0.8672621846199036,0.8479732275009155,1,0.23982134461402893,0.5,0.26017865538597107,1.0,0.0,0,64,40,0.625,15,0.234375,9,0.140625,0.625,3
S6,EMATentProbe100,0.9412115812301636,0.9412115812301636,0.8337573409080505,1,0.21763652563095093,0.5,0.2823634743690491,1.0,0.0,1,64,31,0.484375,19,0.296875,14,0.21875,0.484375,3
S6,EMATentProbe100,0.9395780563354492,0.9395780563354492,0.8604770302772522,1,0.21812658309936525,0.5,0.2818734169006348,1.0,0.0,2,64,36,0.5625,19,0.296875,9,0.140625,0.5625,3
S6,EMATentProbe100,0.9382792115211487,0.9382792115211487,0.8467289805412292,1,0.2185162365436554,0.5,0.28148376345634457,1.0,0.0,3,64,35,0.546875,22,0.34375,7,0.109375,0.546875,3
S6,EMATentProbe100,0.9564453959465027,0.9564453959465027,0.8307836651802063,1,0.2130663812160492,0.5,0.2869336187839508,1.0,0.0,4,64,31,0.484375,22,0.34375,11,0.171875,0.484375,3
S6,EMATentProbe100,0.9622795581817627,0.9622795581817627,0.8167699575424194,1,0.2113161325454712,0.5,0.2886838674545288,1.0,0.0,5,64,30,0.46875,20,0.3125,14,0.21875,0.46875,3
S6,EMATentProbe100,0.9011039733886719,0.9011039733886719,0.8698121905326843,1,0.22966880798339845,0.5,0.27033119201660155,1.0,0.0,6,57,33,0.5789473684210527,13,0.22807017543859648,11,0.19298245614035087,0.5789473684210527,3
S6,EMATentMinGate025,0.8046180009841919,0.8534635007381439,0.8469725847244263,1,0.24396094977855684,0.5,0.2560390502214432,0.0,0.25,0,64,40,0.625,15,0.234375,9,0.140625,0.625,3
S6,EMATentMinGate025,0.9142717123031616,0.9357037842273712,0.825018048286438,1,0.21928886473178866,0.5,0.28071113526821134,0.0,0.25,1,64,31,0.484375,19,0.296875,14,0.21875,0.484375,3
S6,EMATentMinGate025,0.8874026536941528,0.9155519902706146,0.8544567823410034,1,0.22533440291881562,0.5,0.2746655970811844,0.0,0.25,2,64,36,0.5625,19,0.296875,9,0.140625,0.5625,3
S6,EMATentMinGate025,0.8768169283866882,0.9076126962900162,0.8641788959503174,1,0.22771619111299515,0.5,0.2722838088870048,0.0,0.25,3,64,35,0.546875,22,0.34375,7,0.109375,0.546875,3
S6,EMATentMinGate025,0.9113103151321411,0.9334827363491058,0.8273027539253235,1,0.21995517909526827,0.5,0.28004482090473176,0.0,0.25,4,64,31,0.484375,22,0.34375,11,0.171875,0.484375,3
S6,EMATentMinGate025,0.9217144846916199,0.9412858635187149,0.8370286226272583,1,0.21761424094438553,0.5,0.28238575905561447,0.0,0.25,5,64,30,0.46875,20,0.3125,14,0.21875,0.46875,3
S6,EMATentMinGate025,0.8694437146186829,0.9020827859640121,0.8583909273147583,1,0.22937516421079637,0.5,0.27062483578920365,0.0,0.25,6,57,33,0.5789473684210527,13,0.22807017543859648,11,0.19298245614035087,0.5789473684210527,3
S6,EMATentMinGate050,0.8046180009841919,0.902309000492096,0.8469725847244263,1,0.22930729985237122,0.5,0.27069270014762875,0.0,0.5,0,64,40,0.625,15,0.234375,9,0.140625,0.625,3
S6,EMATentMinGate050,0.91414475440979,0.957072377204895,0.8249639272689819,1,0.2128782868385315,0.5,0.2871217131614685,0.0,0.5,1,64,31,0.484375,19,0.296875,14,0.21875,0.484375,3
S6,EMATentMinGate050,0.8872074484825134,0.9436037242412567,0.8543463945388794,1,0.216918882727623,0.5,0.283081117272377,0.0,0.5,2,64,36,0.5625,19,0.296875,9,0.140625,0.5625,3
S6,EMATentMinGate050,0.8764575719833374,0.9382287859916687,0.8642504811286926,1,0.2185313642024994,0.5,0.2814686357975006,0.0,0.5,3,64,35,0.546875,22,0.34375,7,0.109375,0.546875,3
S6,EMATentMinGate050,0.91093909740448,0.95546954870224,0.8273826837539673,1,0.21335913538932802,0.5,0.286640864610672,0.0,0.5,4,64,31,0.484375,22,0.34375,11,0.171875,0.484375,3
S6,EMATentMinGate050,0.9214324355125427,0.9607162177562714,0.8371514678001404,1,0.2117851346731186,0.5,0.2882148653268814,0.0,0.5,5,64,30,0.46875,20,0.3125,14,0.21875,0.46875,3
S6,EMATentMinGate050,0.8690875172615051,0.9345437586307526,0.8584829568862915,1,0.21963687241077423,0.5,0.28036312758922577,0.0,0.5,6,57,33,0.5789473684210527,13,0.22807017543859648,11,0.19298245614035087,0.5789473684210527,3
S7,EMATent,0.6977993845939636,0.6977993845939636,0.8848153352737427,1,0.2906601846218109,0.5,0.20933981537818908,0.0,0.0,0,64,37,0.578125,17,0.265625,10,0.15625,0.578125,3
S7,EMATent,0.8221938610076904,0.8221938610076904,0.8624674677848816,1,0.25334184169769286,0.5,0.2466581583023071,0.0,0.0,1,64,34,0.53125,21,0.328125,9,0.140625,0.53125,3
S7,EMATent,0.7273257374763489,0.7273257374763489,0.8979450464248657,1,0.28180227875709535,0.5,0.21819772124290465,0.0,0.0,2,64,36,0.5625,17,0.265625,11,0.171875,0.5625,3
S7,EMATent,0.7613202333450317,0.7613202333450317,0.8762405514717102,1,0.27160392999649047,0.5,0.2283960700035095,0.0,0.0,3,64,35,0.546875,16,0.25,13,0.203125,0.546875,3
S7,EMATent,0.8391364216804504,0.8391364216804504,0.8649278879165649,1,0.24825907349586487,0.5,0.2517409265041351,0.0,0.0,4,64,31,0.484375,22,0.34375,11,0.171875,0.484375,3
S7,EMATent,0.848626971244812,0.848626971244812,0.8720373511314392,1,0.2454119086265564,0.5,0.25458809137344357,0.0,0.0,5,64,30,0.46875,22,0.34375,12,0.1875,0.46875,3
S7,EMATent,0.6988822221755981,0.6988822221755981,0.9062210917472839,1,0.29033533334732053,0.5,0.20966466665267944,0.0,0.0,6,56,34,0.6071428571428571,13,0.23214285714285715,9,0.16071428571428573,0.6071428571428571,3
S7,EMATentProbe025,0.7089356780052185,0.7089356780052185,0.8962332606315613,1,0.28731929659843447,0.5,0.21268070340156556,0.25,0.0,0,64,37,0.578125,17,0.265625,10,0.15625,0.578125,3
S7,EMATentProbe025,0.8231056332588196,0.8231056332588196,0.8696909546852112,1,0.25306831002235414,0.5,0.24693168997764586,0.25,0.0,1,64,34,0.53125,21,0.328125,9,0.140625,0.53125,3
S7,EMATentProbe025,0.7317085266113281,0.7317085266113281,0.9036598205566406,1,0.2804874420166016,0.5,0.21951255798339844,0.25,0.0,2,64,36,0.5625,17,0.265625,11,0.171875,0.5625,3
S7,EMATentProbe025,0.7708330750465393,0.7708330750465393,0.8788272738456726,1,0.2687500774860382,0.5,0.2312499225139618,0.25,0.0,3,64,35,0.546875,16,0.25,13,0.203125,0.546875,3
S7,EMATentProbe025,0.838553249835968,0.838553249835968,0.8695118427276611,1,0.2484340250492096,0.5,0.2515659749507904,0.25,0.0,4,64,31,0.484375,22,0.34375,11,0.171875,0.484375,3
S7,EMATentProbe025,0.846702516078949,0.846702516078949,0.8771156668663025,1,0.24598924517631532,0.5,0.2540107548236847,0.25,0.0,5,64,30,0.46875,22,0.34375,12,0.1875,0.46875,3
S7,EMATentProbe025,0.710666835308075,0.710666835308075,0.9063660502433777,1,0.2867999494075775,0.5,0.21320005059242247,0.25,0.0,6,56,34,0.6071428571428571,13,0.23214285714285715,9,0.16071428571428573,0.6071428571428571,3
S7,EMATentProbe050,0.7168304920196533,0.7168304920196533,0.9038370847702026,1,0.284950852394104,0.5,0.215049147605896,0.5,0.0,0,64,37,0.578125,17,0.265625,10,0.15625,0.578125,3
S7,EMATentProbe050,0.8234992027282715,0.8234992027282715,0.8755346536636353,1,0.25295023918151854,0.5,0.24704976081848143,0.5,0.0,1,64,34,0.53125,21,0.328125,9,0.140625,0.53125,3
S7,EMATentProbe050,0.7373626828193665,0.7373626828193665,0.9057822227478027,1,0.27879119515419004,0.5,0.22120880484580993,0.5,0.0,2,64,36,0.5625,17,0.265625,11,0.171875,0.5625,3
S7,EMATentProbe050,0.7807345390319824,0.7807345390319824,0.8789184093475342,1,0.2657796382904053,0.5,0.2342203617095947,0.5,0.0,3,64,35,0.546875,16,0.25,13,0.203125,0.546875,3
S7,EMATentProbe050,0.8392041325569153,0.8392041325569153,0.8718777894973755,1,0.24823876023292543,0.5,0.2517612397670746,0.5,0.0,4,64,31,0.484375,22,0.34375,11,0.171875,0.484375,3
S7,EMATentProbe050,0.8449888825416565,0.8449888825416565,0.8802056908607483,1,0.24650333523750306,0.5,0.25349666476249694,0.5,0.0,5,64,30,0.46875,22,0.34375,12,0.1875,0.46875,3
S7,EMATentProbe050,0.7250908017158508,0.7250908017158508,0.9036052823066711,1,0.28247275948524475,0.5,0.21752724051475525,0.5,0.0,6,56,34,0.6071428571428571,13,0.23214285714285715,9,0.16071428571428573,0.6071428571428571,3
S7,EMATentProbe100,0.7297508716583252,0.7297508716583252,0.9097141027450562,1,0.2810747385025024,0.5,0.21892526149749755,1.0,0.0,0,64,37,0.578125,17,0.265625,10,0.15625,0.578125,3
S7,EMATentProbe100,0.8247343301773071,0.8247343301773071,0.8817499876022339,1,0.2525797009468079,0.5,0.24742029905319213,1.0,0.0,1,64,34,0.53125,21,0.328125,9,0.140625,0.53125,3
S7,EMATentProbe100,0.7536423802375793,0.7536423802375793,0.9022941589355469,1,0.2739072859287262,0.5,0.2260927140712738,1.0,0.0,2,64,36,0.5625,17,0.265625,11,0.171875,0.5625,3
S7,EMATentProbe100,0.8019363284111023,0.8019363284111023,0.8754790425300598,1,0.2594191014766693,0.5,0.24058089852333067,1.0,0.0,3,64,35,0.546875,16,0.25,13,0.203125,0.546875,3
S7,EMATentProbe100,0.842607319355011,0.842607319355011,0.8738415241241455,1,0.2472178041934967,0.5,0.2527821958065033,1.0,0.0,4,64,31,0.484375,22,0.34375,11,0.171875,0.484375,3
S7,EMATentProbe100,0.8428164124488831,0.8428164124488831,0.8812888860702515,1,0.2471550762653351,0.5,0.2528449237346649,1.0,0.0,5,64,30,0.46875,22,0.34375,12,0.1875,0.46875,3
S7,EMATentProbe100,0.7603749632835388,0.7603749632835388,0.8910521268844604,1,0.27188751101493835,0.5,0.22811248898506165,1.0,0.0,6,56,34,0.6071428571428571,13,0.23214285714285715,9,0.16071428571428573,0.6071428571428571,3
S7,EMATentMinGate025,0.6977993845939636,0.7733495384454727,0.8848153352737427,1,0.2679951384663582,0.5,0.2320048615336418,0.0,0.25,0,64,37,0.578125,17,0.265625,10,0.15625,0.578125,3
S7,EMATentMinGate025,0.8222675919532776,0.8667006939649582,0.8621646165847778,1,0.23998979181051255,0.5,0.26001020818948745,0.0,0.25,1,64,34,0.53125,21,0.328125,9,0.140625,0.53125,3
S7,EMATentMinGate025,0.7275211215019226,0.795640841126442,0.8974884152412415,1,0.26130774766206744,0.5,0.23869225233793256,0.0,0.25,2,64,36,0.5625,17,0.265625,11,0.171875,0.5625,3
S7,EMATentMinGate025,0.7612481713294983,0.8209361284971237,0.8757413029670715,1,0.2537191614508629,0.5,0.2462808385491371,0.0,0.25,3,64,35,0.546875,16,0.25,13,0.203125,0.546875,3
S7,EMATentMinGate025,0.8393362760543823,0.8795022070407867,0.8642570972442627,1,0.236149337887764,0.5,0.263850662112236,0.0,0.25,4,64,31,0.484375,22,0.34375,11,0.171875,0.484375,3
S7,EMATentMinGate025,0.8486497402191162,0.8864873051643372,0.8717068433761597,1,0.23405380845069887,0.5,0.26594619154930116,0.0,0.25,5,64,30,0.46875,22,0.34375,12,0.1875,0.46875,3
S7,EMATentMinGate025,0.6989361047744751,0.7742020785808563,0.9058359861373901,1,0.2677393764257431,0.5,0.2322606235742569,0.0,0.25,6,56,34,0.6071428571428571,13,0.23214285714285715,9,0.16071428571428573,0.6071428571428571,3
S7,EMATentMinGate050,0.6977993845939636,0.8488996922969818,0.8848153352737427,1,0.24533009231090547,0.5,0.25466990768909453,0.0,0.5,0,64,37,0.578125,17,0.265625,10,0.15625,0.578125,3
S7,EMATentMinGate050,0.822329044342041,0.9111645221710205,0.8618834614753723,1,0.22665064334869386,0.5,0.27334935665130616,0.0,0.5,1,64,34,0.53125,21,0.328125,9,0.140625,0.53125,3
S7,EMATentMinGate050,0.7277013063430786,0.8638506531715393,0.8970410823822021,1,0.24084480404853822,0.5,0.2591551959514618,0.0,0.5,2,64,36,0.5625,17,0.265625,11,0.171875,0.5625,3
S7,EMATentMinGate050,0.7611520886421204,0.8805760443210602,0.875257670879364,1,0.23582718670368197,0.5,0.26417281329631803,0.0,0.5,3,64,35,0.546875,16,0.25,13,0.203125,0.546875,3
S7,EMATentMinGate050,0.8394920825958252,0.9197460412979126,0.8636119961738586,1,0.22407618761062623,0.5,0.27592381238937375,0.0,0.5,4,64,31,0.484375,22,0.34375,11,0.171875,0.484375,3
S7,EMATentMinGate050,0.8486436605453491,0.9243218302726746,0.8713858723640442,1,0.22270345091819765,0.5,0.27729654908180235,0.0,0.5,5,64,30,0.46875,22,0.34375,12,0.1875,0.46875,3
S7,EMATentMinGate050,0.6989609599113464,0.8494804799556732,0.9054675102233887,1,0.24515585601329803,0.5,0.25484414398670197,0.0,0.5,6,56,34,0.6071428571428571,13,0.23214285714285715,9,0.16071428571428573,0.6071428571428571,3
S8,EMATent,0.9157230257987976,0.9157230257987976,0.7811314463615417,1,0.22528309226036072,0.5,0.27471690773963925,0.0,0.0,0,64,35,0.546875,15,0.234375,14,0.21875,0.546875,3
S8,EMATent,0.9681171178817749,0.9681171178817749,0.756158173084259,1,0.20956486463546753,0.5,0.29043513536453247,0.0,0.0,1,64,34,0.53125,19,0.296875,11,0.171875,0.53125,3
S8,EMATent,0.9053367972373962,0.9053367972373962,0.8107812404632568,1,0.22839896082878114,0.5,0.27160103917121886,0.0,0.0,2,64,35,0.546875,22,0.34375,7,0.109375,0.546875,3
S8,EMATent,0.9273692965507507,0.9273692965507507,0.7737572193145752,1,0.22178921103477478,0.5,0.2782107889652252,0.0,0.0,3,64,38,0.59375,16,0.25,10,0.15625,0.59375,3
S8,EMATent,0.8918718695640564,0.8918718695640564,0.8217886686325073,1,0.2324384391307831,0.5,0.2675615608692169,0.0,0.0,4,64,37,0.578125,20,0.3125,7,0.109375,0.578125,3
S8,EMATent,0.9179335832595825,0.9179335832595825,0.7953271865844727,1,0.22461992502212524,0.5,0.27538007497787476,0.0,0.0,5,64,31,0.484375,22,0.34375,11,0.171875,0.484375,3
S8,EMATent,0.9048690795898438,0.9048690795898438,0.8046720027923584,1,0.2285392761230469,0.5,0.27146072387695314,0.0,0.0,6,58,24,0.41379310344827586,20,0.3448275862068966,14,0.2413793103448276,0.41379310344827586,3
S8,EMATentProbe025,0.9241451621055603,0.9241451621055603,0.7659434080123901,1,0.22275645136833191,0.5,0.27724354863166806,0.25,0.0,0,64,35,0.546875,15,0.234375,14,0.21875,0.546875,3
S8,EMATentProbe025,0.9487118124961853,0.9487118124961853,0.7473618388175964,1,0.21538645625114441,0.5,0.28461354374885556,0.25,0.0,1,64,34,0.53125,19,0.296875,11,0.171875,0.53125,3
S8,EMATentProbe025,0.8952711820602417,0.8952711820602417,0.8161348700523376,1,0.2314186453819275,0.5,0.2685813546180725,0.25,0.0,2,64,35,0.546875,22,0.34375,7,0.109375,0.546875,3
S8,EMATentProbe025,0.9099318981170654,0.9099318981170654,0.7740883231163025,1,0.2270204305648804,0.5,0.27297956943511964,0.25,0.0,3,64,38,0.59375,16,0.25,10,0.15625,0.59375,3
S8,EMATentProbe025,0.8886132836341858,0.8886132836341858,0.8153033256530762,1,0.23341601490974428,0.5,0.2665839850902557,0.25,0.0,4,64,37,0.578125,20,0.3125,7,0.109375,0.578125,3
S8,EMATentProbe025,0.9150440096855164,0.9150440096855164,0.7805294990539551,1,0.2254867970943451,0.5,0.2745132029056549,0.25,0.0,5,64,31,0.484375,22,0.34375,11,0.171875,0.484375,3
S8,EMATentProbe025,0.8984312415122986,0.8984312415122986,0.7944175601005554,1,0.23047062754631042,0.5,0.2695293724536896,0.25,0.0,6,58,24,0.41379310344827586,20,0.3448275862068966,14,0.2413793103448276,0.41379310344827586,3
S8,EMATentProbe050,0.9127606153488159,0.9127606153488159,0.7744781374931335,1,0.22617181539535525,0.5,0.27382818460464475,0.5,0.0,0,64,35,0.546875,15,0.234375,14,0.21875,0.546875,3
S8,EMATentProbe050,0.9264287352561951,0.9264287352561951,0.753875195980072,1,0.22207137942314148,0.5,0.2779286205768585,0.5,0.0,1,64,34,0.53125,19,0.296875,11,0.171875,0.53125,3
S8,EMATentProbe050,0.8891981244087219,0.8891981244087219,0.8145613670349121,1,0.23324056267738344,0.5,0.2667594373226166,0.5,0.0,2,64,35,0.546875,22,0.34375,7,0.109375,0.546875,3
S8,EMATentProbe050,0.8976419568061829,0.8976419568061829,0.7655007243156433,1,0.23070741295814515,0.5,0.2692925870418548,0.5,0.0,3,64,38,0.59375,16,0.25,10,0.15625,0.59375,3
S8,EMATentProbe050,0.8903926014900208,0.8903926014900208,0.8008243441581726,1,0.2328822195529938,0.5,0.26711778044700624,0.5,0.0,4,64,37,0.578125,20,0.3125,7,0.109375,0.578125,3
S8,EMATentProbe050,0.9146097302436829,0.9146097302436829,0.7676342129707336,1,0.22561708092689514,0.5,0.27438291907310486,0.5,0.0,5,64,31,0.484375,22,0.34375,11,0.171875,0.484375,3
S8,EMATentProbe050,0.8980733752250671,0.8980733752250671,0.7758995294570923,1,0.23057798743247987,0.5,0.26942201256752013,0.5,0.0,6,58,24,0.41379310344827586,20,0.3448275862068966,14,0.2413793103448276,0.41379310344827586,3
S8,EMATentProbe100,0.898571789264679,0.898571789264679,0.7678161859512329,1,0.23042846322059632,0.5,0.26957153677940365,1.0,0.0,0,64,35,0.546875,15,0.234375,14,0.21875,0.546875,3
S8,EMATentProbe100,0.9028027057647705,0.9028027057647705,0.7575517892837524,1,0.22915918827056886,0.5,0.27084081172943114,1.0,0.0,1,64,34,0.53125,19,0.296875,11,0.171875,0.53125,3
S8,EMATentProbe100,0.8924679160118103,0.8924679160118103,0.7926471829414368,1,0.23225962519645693,0.5,0.26774037480354307,1.0,0.0,2,64,35,0.546875,22,0.34375,7,0.109375,0.546875,3
S8,EMATentProbe100,0.8890640139579773,0.8890640139579773,0.7426707148551941,1,0.23328079581260683,0.5,0.2667192041873932,1.0,0.0,3,64,38,0.59375,16,0.25,10,0.15625,0.59375,3
S8,EMATentProbe100,0.9072239398956299,0.9072239398956299,0.7590250968933105,1,0.22783281803131106,0.5,0.27216718196868894,1.0,0.0,4,64,37,0.578125,20,0.3125,7,0.109375,0.578125,3
S8,EMATentProbe100,0.9344328045845032,0.9344328045845032,0.735763669013977,1,0.21967015862464906,0.5,0.28032984137535094,1.0,0.0,5,64,31,0.484375,22,0.34375,11,0.171875,0.484375,3
S8,EMATentProbe100,0.919114351272583,0.919114351272583,0.7429308891296387,1,0.2242656946182251,0.5,0.2757343053817749,1.0,0.0,6,58,24,0.41379310344827586,20,0.3448275862068966,14,0.2413793103448276,0.41379310344827586,3
S8,EMATentMinGate025,0.9157230257987976,0.9367922693490982,0.7811314463615417,1,0.21896231919527054,0.5,0.28103768080472946,0.0,0.25,0,64,35,0.546875,15,0.234375,14,0.21875,0.546875,3
S8,EMATentMinGate025,0.9681044220924377,0.9760783165693283,0.7562663555145264,1,0.2071765050292015,0.5,0.29282349497079846,0.0,0.25,1,64,34,0.53125,19,0.296875,11,0.171875,0.53125,3
S8,EMATentMinGate025,0.9053279757499695,0.9289959818124771,0.8108028769493103,1,0.22130120545625687,0.5,0.27869879454374313,0.0,0.25,2,64,35,0.546875,22,0.34375,7,0.109375,0.546875,3
S8,EMATentMinGate025,0.9275860786437988,0.9456895589828491,0.7737152576446533,1,0.21629313230514527,0.5,0.2837068676948547,0.0,0.25,3,64,38,0.59375,16,0.25,10,0.15625,0.59375,3
S8,EMATentMinGate025,0.8916996717453003,0.9187747538089752,0.8220605254173279,1,0.22436757385730743,0.5,0.27563242614269257,0.0,0.25,4,64,37,0.578125,20,0.3125,7,0.109375,0.578125,3
S8,EMATentMinGate025,0.9176794290542603,0.9382595717906952,0.7957637310028076,1,0.21852212846279145,0.5,0.28147787153720855,0.0,0.25,5,64,31,0.484375,22,0.34375,11,0.171875,0.484375,3
S8,EMATentMinGate025,0.9047719836235046,0.9285789877176285,0.8051185011863708,1,0.22142630368471147,0.5,0.27857369631528855,0.0,0.25,6,58,24,0.41379310344827586,20,0.3448275862068966,14,0.2413793103448276,0.41379310344827586,3
S8,EMATentMinGate050,0.9157230257987976,0.9578615128993988,0.7811314463615417,1,0.21264154613018038,0.5,0.2873584538698196,0.0,0.5,0,64,35,0.546875,15,0.234375,14,0.21875,0.546875,3
S8,EMATentMinGate050,0.9680929183959961,0.984046459197998,0.7563709020614624,1,0.20478606224060059,0.5,0.2952139377593994,0.0,0.5,1,64,34,0.53125,19,0.296875,11,0.171875,0.53125,3
S8,EMATentMinGate050,0.9053202867507935,0.9526601433753967,0.8108254075050354,1,0.21420195698738098,0.5,0.285798043012619,0.0,0.5,2,64,35,0.546875,22,0.34375,7,0.109375,0.546875,3
S8,EMATentMinGate050,0.9277976751327515,0.9638988375663757,0.7736722230911255,1,0.2108303487300873,0.5,0.28916965126991273,0.0,0.5,3,64,38,0.59375,16,0.25,10,0.15625,0.59375,3
S8,EMATentMinGate050,0.8915299773216248,0.9457649886608124,0.8223266005516052,1,0.2162705034017563,0.5,0.2837294965982437,0.0,0.5,4,64,37,0.578125,20,0.3125,7,0.109375,0.578125,3
S8,EMATentMinGate050,0.9174236059188843,0.9587118029594421,0.7961939573287964,1,0.21238645911216736,0.5,0.28761354088783264,0.0,0.5,5,64,31,0.484375,22,0.34375,11,0.171875,0.484375,3
S8,EMATentMinGate050,0.9046728014945984,0.9523364007472992,0.805554211139679,1,0.21429907977581025,0.5,0.28570092022418975,0.0,0.5,6,58,24,0.41379310344827586,20,0.3448275862068966,14,0.2413793103448276,0.41379310344827586,3
S9,EMATent,0.7705824375152588,0.7705824375152588,0.9365580081939697,1,0.26882526874542234,0.5,0.23117473125457763,0.0,0.0,0,64,36,0.5625,15,0.234375,13,0.203125,0.5625,3
S9,EMATent,0.8155382871627808,0.8155382871627808,0.9035556316375732,1,0.2553385138511658,0.5,0.2446614861488342,0.0,0.0,1,64,25,0.390625,25,0.390625,14,0.21875,0.390625,3
S9,EMATent,0.7089468836784363,0.7089468836784363,0.9451045393943787,1,0.2873159348964691,0.5,0.21268406510353088,0.0,0.0,2,64,43,0.671875,12,0.1875,9,0.140625,0.671875,3
S9,EMATent,0.8352974653244019,0.8352974653244019,0.9016025066375732,1,0.24941076040267945,0.5,0.25058923959732055,0.0,0.0,3,64,27,0.421875,27,0.421875,10,0.15625,0.421875,3
S9,EMATent,0.7880452275276184,0.7880452275276184,0.9260737895965576,1,0.2635864317417145,0.5,0.23641356825828552,0.0,0.0,4,64,34,0.53125,16,0.25,14,0.21875,0.53125,3
S9,EMATent,0.7976505756378174,0.7976505756378174,0.8998291492462158,1,0.2607048273086548,0.5,0.2392951726913452,0.0,0.0,5,64,39,0.609375,17,0.265625,8,0.125,0.609375,3
S9,EMATent,0.7797033786773682,0.7797033786773682,0.9269744157791138,1,0.2660889863967896,0.5,0.23391101360321043,0.0,0.0,6,55,32,0.5818181818181818,17,0.3090909090909091,6,0.10909090909090909,0.5818181818181818,3
S9,EMATentProbe025,0.7842739224433899,0.7842739224433899,0.9353870153427124,1,0.264717823266983,0.5,0.23528217673301696,0.25,0.0,0,64,36,0.5625,15,0.234375,13,0.203125,0.5625,3
S9,EMATentProbe025,0.8261152505874634,0.8261152505874634,0.9001220464706421,1,0.252165424823761,0.5,0.247834575176239,0.25,0.0,1,64,25,0.390625,25,0.390625,14,0.21875,0.390625,3
S9,EMATentProbe025,0.7191352844238281,0.7191352844238281,0.942338764667511,1,0.28425941467285154,0.5,0.21574058532714843,0.25,0.0,2,64,43,0.671875,12,0.1875,9,0.140625,0.671875,3
S9,EMATentProbe025,0.8492047190666199,0.8492047190666199,0.893076479434967,1,0.24523858428001405,0.5,0.25476141571998595,0.25,0.0,3,64,27,0.421875,27,0.421875,10,0.15625,0.421875,3
S9,EMATentProbe025,0.7991893291473389,0.7991893291473389,0.9207389950752258,1,0.26024320125579836,0.5,0.23975679874420164,0.25,0.0,4,64,34,0.53125,16,0.25,14,0.21875,0.53125,3
S9,EMATentProbe025,0.8205989003181458,0.8205989003181458,0.8938421010971069,1,0.2538203299045563,0.5,0.24617967009544373,0.25,0.0,5,64,39,0.609375,17,0.265625,8,0.125,0.609375,3
S9,EMATentProbe025,0.8022160530090332,0.8022160530090332,0.9237126708030701,1,0.25933518409729006,0.5,0.24066481590270994,0.25,0.0,6,55,32,0.5818181818181818,17,0.3090909090909091,6,0.10909090909090909,0.5818181818181818,3
S9,EMATentProbe050,0.7957388162612915,0.7957388162612915,0.9335721731185913,1,0.26127835512161257,0.5,0.23872164487838743,0.5,0.0,0,64,36,0.5625,15,0.234375,13,0.203125,0.5625,3
S9,EMATentProbe050,0.8363463282585144,0.8363463282585144,0.8963274955749512,1,0.24909610152244568,0.5,0.2509038984775543,0.5,0.0,1,64,25,0.390625,25,0.390625,14,0.21875,0.390625,3
S9,EMATentProbe050,0.7330843806266785,0.7330843806266785,0.9372060298919678,1,0.28007468581199646,0.5,0.21992531418800354,0.5,0.0,2,64,43,0.671875,12,0.1875,9,0.140625,0.671875,3
S9,EMATentProbe050,0.8607683777809143,0.8607683777809143,0.8862621188163757,1,0.24176948666572573,0.5,0.25823051333427427,0.5,0.0,3,64,27,0.421875,27,0.421875,10,0.15625,0.421875,3
S9,EMATentProbe050,0.8148572444915771,0.8148572444915771,0.9127690196037292,1,0.25554282665252687,0.5,0.24445717334747313,0.5,0.0,4,64,34,0.53125,16,0.25,14,0.21875,0.53125,3
S9,EMATentProbe050,0.8446927666664124,0.8446927666664124,0.8888269662857056,1,0.2465921700000763,0.5,0.2534078299999237,0.5,0.0,5,64,39,0.609375,17,0.265625,8,0.125,0.609375,3
S9,EMATentProbe050,0.8284585475921631,0.8284585475921631,0.9171943664550781,1,0.2514624357223511,0.5,0.24853756427764892,0.5,0.0,6,55,32,0.5818181818181818,17,0.3090909090909091,6,0.10909090909090909,0.5818181818181818,3
S9,EMATentProbe100,0.8148955702781677,0.8148955702781677,0.9285227656364441,1,0.25553132891654967,0.5,0.2444686710834503,1.0,0.0,0,64,36,0.5625,15,0.234375,13,0.203125,0.5625,3
S9,EMATentProbe100,0.8558555245399475,0.8558555245399475,0.8863893151283264,1,0.24324334263801575,0.5,0.2567566573619842,1.0,0.0,1,64,25,0.390625,25,0.390625,14,0.21875,0.390625,3
S9,EMATentProbe100,0.7745379209518433,0.7745379209518433,0.9188514947891235,1,0.267638623714447,0.5,0.23236137628555298,1.0,0.0,2,64,43,0.671875,12,0.1875,9,0.140625,0.671875,3
S9,EMATentProbe100,0.8790061473846436,0.8790061473846436,0.874320387840271,1,0.23629815578460694,0.5,0.26370184421539306,1.0,0.0,3,64,27,0.421875,27,0.421875,10,0.15625,0.421875,3
S9,EMATentProbe100,0.8550273180007935,0.8550273180007935,0.9081664681434631,1,0.24349180459976197,0.5,0.256508195400238,1.0,0.0,4,64,34,0.53125,16,0.25,14,0.21875,0.53125,3
S9,EMATentProbe100,0.8929324746131897,0.8929324746131897,0.8745678067207336,1,0.2321202576160431,0.5,0.2678797423839569,1.0,0.0,5,64,39,0.609375,17,0.265625,8,0.125,0.609375,3
S9,EMATentProbe100,0.8759538531303406,0.8759538531303406,0.9049397706985474,1,0.23721384406089785,0.5,0.26278615593910215,1.0,0.0,6,55,32,0.5818181818181818,17,0.3090909090909091,6,0.10909090909090909,0.5818181818181818,3
S9,EMATentMinGate025,0.7705824375152588,0.8279368281364441,0.9365580081939697,1,0.2516189515590668,0.5,0.24838104844093323,0.0,0.25,0,64,36,0.5625,15,0.234375,13,0.203125,0.5625,3
S9,EMATentMinGate025,0.815341055393219,0.8615057915449142,0.9036509394645691,1,0.24154826253652573,0.5,0.2584517374634743,0.0,0.25,1,64,25,0.390625,25,0.390625,14,0.21875,0.390625,3
S9,EMATentMinGate025,0.7087933421134949,0.7815950065851212,0.9451373815536499,1,0.2655214980244637,0.5,0.23447850197553632,0.0,0.25,2,64,43,0.671875,12,0.1875,9,0.140625,0.671875,3
S9,EMATentMinGate025,0.835189163684845,0.8763918727636337,0.9013988375663757,1,0.2370824381709099,0.5,0.2629175618290901,0.0,0.25,3,64,27,0.421875,27,0.421875,10,0.15625,0.421875,3
S9,EMATentMinGate025,0.7878268361091614,0.840870127081871,0.9260398745536804,1,0.2477389618754387,0.5,0.2522610381245613,0.0,0.25,4,64,34,0.53125,16,0.25,14,0.21875,0.53125,3
S9,EMATentMinGate025,0.7964873909950256,0.8473655432462692,0.9002004265785217,1,0.24579033702611924,0.5,0.25420966297388076,0.0,0.25,5,64,39,0.609375,17,0.265625,8,0.125,0.609375,3
S9,EMATentMinGate025,0.7785742282867432,0.8339306712150574,0.9272173643112183,1,0.2498207986354828,0.5,0.2501792013645172,0.0,0.25,6,55,32,0.5818181818181818,17,0.3090909090909091,6,0.10909090909090909,0.5818181818181818,3
S9,EMATentMinGate050,0.7705824375152588,0.8852912187576294,0.9365580081939697,1,0.2344126343727112,0.5,0.2655873656272888,0.0,0.5,0,64,36,0.5625,15,0.234375,13,0.203125,0.5625,3
S9,EMATentMinGate050,0.8151587843894958,0.9075793921947479,0.9037346243858337,1,0.22772618234157563,0.5,0.27227381765842434,0.0,0.5,1,64,25,0.390625,25,0.390625,14,0.21875,0.390625,3
S9,EMATentMinGate050,0.7086459398269653,0.8543229699134827,0.945166826248169,1,0.2437031090259552,0.5,0.2562968909740448,0.0,0.5,2,64,43,0.671875,12,0.1875,9,0.140625,0.671875,3
S9,EMATentMinGate050,0.8350827693939209,0.9175413846969604,0.9011861085891724,1,0.22473758459091187,0.5,0.27526241540908813,0.0,0.5,3,64,27,0.421875,27,0.421875,10,0.15625,0.421875,3
S9,EMATentMinGate050,0.7876179814338684,0.8938089907169342,0.9259987473487854,1,0.23185730278491976,0.5,0.2681426972150803,0.0,0.5,4,64,34,0.53125,16,0.25,14,0.21875,0.53125,3
S9,EMATentMinGate050,0.7953575849533081,0.897678792476654,0.9005779027938843,1,0.2306963622570038,0.5,0.2693036377429962,0.0,0.5,5,64,39,0.609375,17,0.265625,8,0.125,0.609375,3
S9,EMATentMinGate050,0.7774814963340759,0.888740748167038,0.9274387955665588,1,0.23337777554988862,0.5,0.26662222445011136,0.0,0.5,6,55,32,0.5818181818181818,17,0.3090909090909091,6,0.10909090909090909,0.5818181818181818,3
S10,EMATent,0.9655210375785828,0.9655210375785828,0.7918431758880615,1,0.21034368872642517,0.5,0.28965631127357483,0.0,0.0,0,64,37,0.578125,19,0.296875,8,0.125,0.578125,3
S10,EMATent,0.8861262202262878,0.8861262202262878,0.8415713906288147,1,0.23416213393211366,0.5,0.26583786606788634,0.0,0.0,1,64,28,0.4375,17,0.265625,19,0.296875,0.4375,3
S10,EMATent,0.9344010949134827,0.9344010949134827,0.7992818355560303,1,0.21967967152595522,0.5,0.2803203284740448,0.0,0.0,2,64,28,0.4375,24,0.375,12,0.1875,0.4375,3
S10,EMATent,0.9565644860267639,0.9565644860267639,0.8029980063438416,1,0.21303065419197084,0.5,0.2869693458080292,0.0,0.0,3,64,38,0.59375,21,0.328125,5,0.078125,0.59375,3
S10,EMATent,0.9622306227684021,0.9622306227684021,0.7537055015563965,1,0.21133081316947938,0.5,0.2886691868305206,0.0,0.0,4,64,30,0.46875,25,0.390625,9,0.140625,0.46875,3
S10,EMATent,0.9736034274101257,0.9736034274101257,0.774192750453949,1,0.20791897177696228,0.5,0.2920810282230377,0.0,0.0,5,64,34,0.53125,20,0.3125,10,0.15625,0.53125,3
S10,EMATent,0.9950321316719055,0.9950321316719055,0.7471767663955688,1,0.20149036049842836,0.5,0.29850963950157167,0.0,0.0,6,64,35,0.546875,19,0.296875,10,0.15625,0.546875,3
S10,EMATent,0.8477542996406555,0.8477542996406555,0.8830128312110901,1,0.24567371010780337,0.5,0.25432628989219663,0.0,0.0,7,8,6,0.75,0,0.0,2,0.25,0.75,2
S10,EMATentProbe025,0.9728736281394958,0.9728736281394958,0.7802095413208008,1,0.20813791155815126,0.5,0.29186208844184874,0.25,0.0,0,64,37,0.578125,19,0.296875,8,0.125,0.578125,3
S10,EMATentProbe025,0.9158937335014343,0.9158937335014343,0.819063663482666,1,0.22523187994956972,0.5,0.2747681200504303,0.25,0.0,1,64,28,0.4375,17,0.265625,19,0.296875,0.4375,3
S10,EMATentProbe025,0.9515726566314697,0.9515726566314697,0.7818859815597534,1,0.21452820301055908,0.5,0.2854717969894409,0.25,0.0,2,64,28,0.4375,24,0.375,12,0.1875,0.4375,3
S10,EMATentProbe025,0.9694293141365051,0.9694293141365051,0.788479745388031,1,0.20917120575904846,0.5,0.29082879424095154,0.25,0.0,3,64,38,0.59375,21,0.328125,5,0.078125,0.59375,3
S10,EMATentProbe025,0.9747627377510071,0.9747627377510071,0.7413815259933472,1,0.20757117867469788,0.5,0.2924288213253021,0.25,0.0,4,64,30,0.46875,25,0.390625,9,0.140625,0.46875,3
S10,EMATentProbe025,0.9846954345703125,0.9846954345703125,0.761161744594574,1,0.20459136962890626,0.5,0.2954086303710937,0.25,0.0,5,64,34,0.53125,20,0.3125,10,0.15625,0.53125,3
S10,EMATentProbe025,0.9979550242424011,0.9979550242424011,0.7414117455482483,1,0.20061349272727969,0.5,0.2993865072727203,0.25,0.0,6,64,35,0.546875,19,0.296875,10,0.15625,0.546875,3
S10,EMATentProbe025,0.9055237174034119,0.9055237174034119,0.8500847220420837,1,0.22834288477897646,0.5,0.27165711522102354,0.25,0.0,7,8,6,0.75,0,0.0,2,0.25,0.75,2
S10,EMATentProbe050,0.9784582853317261,0.9784582853317261,0.7756102085113525,1,0.2064625144004822,0.5,0.2935374855995178,0.5,0.0,0,64,37,0.578125,19,0.296875,8,0.125,0.578125,3
S10,EMATentProbe050,0.9389052987098694,0.9389052987098694,0.8026671409606934,1,0.2183284103870392,0.5,0.2816715896129608,0.5,0.0,1,64,28,0.4375,17,0.265625,19,0.296875,0.4375,3
S10,EMATentProbe050,0.965730607509613,0.965730607509613,0.7693262100219727,1,0.2102808177471161,0.5,0.2897191822528839,0.5,0.0,2,64,28,0.4375,24,0.375,12,0.1875,0.4375,3
S10,EMATentProbe050,0.9790992140769958,0.9790992140769958,0.7764001488685608,1,0.20627023577690126,0.5,0.29372976422309877,0.5,0.0,3,64,38,0.59375,21,0.328125,5,0.078125,0.59375,3
S10,EMATentProbe050,0.9843792915344238,0.9843792915344238,0.7318556904792786,1,0.20468621253967287,0.5,0.29531378746032716,0.5,0.0,4,64,30,0.46875,25,0.390625,9,0.140625,0.46875,3
S10,EMATentProbe050,0.9922481179237366,0.9922481179237366,0.7530643343925476,1,0.20232556462287904,0.5,0.29767443537712096,0.5,0.0,5,64,34,0.53125,20,0.3125,10,0.15625,0.53125,3
S10,EMATentProbe050,0.9978949427604675,0.9978949427604675,0.7476867437362671,1,0.20063151717185976,0.5,0.29936848282814027,0.5,0.0,6,64,35,0.546875,19,0.296875,10,0.15625,0.546875,3
S10,EMATentProbe050,0.9429501891136169,0.9429501891136169,0.8344208598136902,1,0.21711494326591493,0.5,0.2828850567340851,0.5,0.0,7,8,6,0.75,0,0.0,2,0.25,0.75,2
S10,EMATentProbe100,0.9862536787986755,0.9862536787986755,0.7679052352905273,1,0.20412389636039735,0.5,0.29587610363960265,1.0,0.0,0,64,37,0.578125,19,0.296875,8,0.125,0.578125,3
S10,EMATentProbe100,0.9701637029647827,0.9701637029647827,0.7805816531181335,1,0.2089508891105652,0.5,0.2910491108894348,1.0,0.0,1,64,28,0.4375,17,0.265625,19,0.296875,0.4375,3
S10,EMATentProbe100,0.9868336319923401,0.9868336319923401,0.7612032890319824,1,0.20394991040229798,0.5,0.296050089597702,1.0,0.0,2,64,28,0.4375,24,0.375,12,0.1875,0.4375,3
S10,EMATentProbe100,0.9919286966323853,0.9919286966323853,0.7686105370521545,1,0.20242139101028445,0.5,0.29757860898971555,1.0,0.0,3,64,38,0.59375,21,0.328125,5,0.078125,0.59375,3
S10,EMATentProbe100,0.9951301217079163,0.9951301217079163,0.7270349860191345,1,0.20146096348762513,0.5,0.29853903651237484,1.0,0.0,4,64,30,0.46875,25,0.390625,9,0.140625,0.46875,3
S10,EMATentProbe100,0.9990578293800354,0.9990578293800354,0.7535489201545715,1,0.2002826511859894,0.5,0.29971734881401063,1.0,0.0,5,64,34,0.53125,20,0.3125,10,0.15625,0.53125,3
S10,EMATentProbe100,0.9912759065628052,0.9912759065628052,0.7669367790222168,1,0.20261722803115845,0.5,0.29738277196884155,1.0,0.0,6,64,35,0.546875,19,0.296875,10,0.15625,0.546875,3
S10,EMATentProbe100,0.9730477929115295,0.9730477929115295,0.8386578559875488,1,0.20808566212654114,0.5,0.29191433787345883,1.0,0.0,7,8,6,0.75,0,0.0,2,0.25,0.75,2
S10,EMATentMinGate025,0.9655210375785828,0.9741407781839371,0.7918431758880615,1,0.2077577665448189,0.5,0.29224223345518113,0.0,0.25,0,64,37,0.578125,19,0.296875,8,0.125,0.578125,3
S10,EMATentMinGate025,0.8860957622528076,0.9145718216896057,0.8415941596031189,1,0.2256284534931183,0.5,0.2743715465068817,0.0,0.25,1,64,28,0.4375,17,0.265625,19,0.296875,0.4375,3
S10,EMATentMinGate025,0.9341229200363159,0.9505921900272369,0.7995578646659851,1,0.21482234299182892,0.5,0.28517765700817105,0.0,0.25,2,64,28,0.4375,24,0.375,12,0.1875,0.4375,3
S10,EMATentMinGate025,0.956427812576294,0.9673208594322205,0.8031314611434937,1,0.20980374217033387,0.5,0.2901962578296661,0.0,0.25,3,64,38,0.59375,21,0.328125,5,0.078125,0.59375,3
S10,EMATentMinGate025,0.9620112180709839,0.9715084135532379,0.7538748383522034,1,0.20854747593402864,0.5,0.2914525240659714,0.0,0.25,4,64,30,0.46875,25,0.390625,9,0.140625,0.46875,3
S10,EMATentMinGate025,0.9734704494476318,0.9801028370857239,0.7743000388145447,1,0.20596914887428286,0.5,0.29403085112571714,0.0,0.25,5,64,34,0.53125,20,0.3125,10,0.15625,0.53125,3
S10,EMATentMinGate025,0.9949771165847778,0.9962328374385834,0.7472658157348633,1,0.201130148768425,0.5,0.298869851231575,0.0,0.25,6,64,35,0.546875,19,0.296875,10,0.15625,0.546875,3
S10,EMATentMinGate025,0.8476455807685852,0.8857341855764389,0.8830512762069702,1,0.23427974432706833,0.5,0.26572025567293167,0.0,0.25,7,8,6,0.75,0,0.0,2,0.25,0.75,2
S10,EMATentMinGate050,0.9655210375785828,0.9827605187892914,0.7918431758880615,1,0.2051718443632126,0.5,0.2948281556367874,0.0,0.5,0,64,37,0.578125,19,0.296875,8,0.125,0.578125,3
S10,EMATentMinGate050,0.8860658407211304,0.9430329203605652,0.8416165113449097,1,0.21709012389183047,0.5,0.28290987610816953,0.0,0.5,1,64,28,0.4375,17,0.265625,19,0.296875,0.4375,3
S10,EMATentMinGate050,0.933849573135376,0.966924786567688,0.7998293042182922,1,0.20992256402969361,0.5,0.2900774359703064,0.0,0.5,2,64,28,0.4375,24,0.375,12,0.1875,0.4375,3
S10,EMATentMinGate050,0.9562978744506836,0.9781489372253418,0.8032569885253906,1,0.20655531883239747,0.5,0.29344468116760253,0.0,0.5,3,64,38,0.59375,21,0.328125,5,0.078125,0.59375,3
S10,EMATentMinGate050,0.9617910385131836,0.9808955192565918,0.754043698310852,1,0.20573134422302247,0.5,0.29426865577697753,0.0,0.5,4,64,30,0.46875,25,0.390625,9,0.140625,0.46875,3
S10,EMATentMinGate050,0.9733378291130066,0.9866689145565033,0.7744069695472717,1,0.203999325633049,0.5,0.296000674366951,0.0,0.5,5,64,34,0.53125,20,0.3125,10,0.15625,0.53125,3
S10,EMATentMinGate050,0.9949214458465576,0.9974607229232788,0.747355043888092,1,0.20076178312301637,0.5,0.29923821687698365,0.0,0.5,6,64,35,0.546875,19,0.296875,10,0.15625,0.546875,3
S10,EMATentMinGate050,0.8475502729415894,0.9237751364707947,0.8830891847610474,1,0.2228674590587616,0.5,0.2771325409412384,0.0,0.5,7,8,6,0.75,0,0.0,2,0.25,0.75,2
S11,EMATent,0.8058843612670898,0.8058843612670898,0.7800712585449219,1,0.25823469161987306,0.5,0.24176530838012694,0.0,0.0,0,64,30,0.46875,22,0.34375,12,0.1875,0.46875,3
S11,EMATent,0.7896113395690918,0.7896113395690918,0.7976284027099609,1,0.26311659812927246,0.5,0.23688340187072754,0.0,0.0,1,64,34,0.53125,22,0.34375,8,0.125,0.53125,3
S11,EMATent,0.8270657062530518,0.8270657062530518,0.7927330732345581,1,0.2518802881240845,0.5,0.24811971187591553,0.0,0.0,2,64,34,0.53125,19,0.296875,11,0.171875,0.53125,3
S11,EMATent,0.8061306476593018,0.8061306476593018,0.7966339588165283,1,0.25816080570220945,0.5,0.24183919429779052,0.0,0.0,3,64,40,0.625,15,0.234375,9,0.140625,0.625,3
S11,EMATent,0.825595498085022,0.825595498085022,0.825486421585083,1,0.2523213505744934,0.5,0.24767864942550658,0.0,0.0,4,64,33,0.515625,19,0.296875,12,0.1875,0.515625,3
S11,EMATent,0.8652432560920715,0.8652432560920715,0.8031311631202698,1,0.24042702317237855,0.5,0.2595729768276214,0.0,0.0,5,64,30,0.46875,19,0.296875,15,0.234375,0.46875,3
S11,EMATent,0.823795735836029,0.823795735836029,0.8154114484786987,1,0.2528612792491913,0.5,0.2471387207508087,0.0,0.0,6,62,35,0.5645161290322581,20,0.3225806451612903,7,0.11290322580645161,0.5645161290322581,3
S11,EMATentProbe025,0.8195670247077942,0.8195670247077942,0.7802022695541382,1,0.2541298925876618,0.5,0.24587010741233825,0.25,0.0,0,64,30,0.46875,22,0.34375,12,0.1875,0.46875,3
S11,EMATentProbe025,0.8122159838676453,0.8122159838676453,0.7962347269058228,1,0.2563352048397064,0.5,0.24366479516029357,0.25,0.0,1,64,34,0.53125,22,0.34375,8,0.125,0.53125,3
S11,EMATentProbe025,0.8460942506790161,0.8460942506790161,0.7973592877388,1,0.24617172479629518,0.5,0.2538282752037048,0.25,0.0,2,64,34,0.53125,19,0.296875,11,0.171875,0.53125,3
S11,EMATentProbe025,0.8300100564956665,0.8300100564956665,0.8000012040138245,1,0.2509969830513001,0.5,0.24900301694869995,0.25,0.0,3,64,40,0.625,15,0.234375,9,0.140625,0.625,3
S11,EMATentProbe025,0.843989372253418,0.843989372253418,0.8252752423286438,1,0.24680318832397463,0.5,0.25319681167602537,0.25,0.0,4,64,33,0.515625,19,0.296875,12,0.1875,0.515625,3
S11,EMATentProbe025,0.8775683641433716,0.8775683641433716,0.8029956817626953,1,0.23672949075698854,0.5,0.2632705092430115,0.25,0.0,5,64,30,0.46875,19,0.296875,15,0.234375,0.46875,3
S11,EMATentProbe025,0.8519787788391113,0.8519787788391113,0.8093793392181396,1,0.24440636634826662,0.5,0.2555936336517334,0.25,0.0,6,62,35,0.5645161290322581,20,0.3225806451612903,7,0.11290322580645161,0.5645161290322581,3
S11,EMATentProbe050,0.8338404893875122,0.8338404893875122,0.7782385349273682,1,0.24984785318374636,0.5,0.25015214681625364,0.5,0.0,0,64,30,0.46875,22,0.34375,12,0.1875,0.46875,3
S11,EMATentProbe050,0.8331860303878784,0.8331860303878784,0.7977142333984375,1,0.2500441908836365,0.5,0.2499558091163635,0.5,0.0,1,64,34,0.53125,22,0.34375,8,0.125,0.53125,3
S11,EMATentProbe050,0.8646120429039001,0.8646120429039001,0.7985780835151672,1,0.24061638712882996,0.5,0.25938361287117,0.5,0.0,2,64,34,0.53125,19,0.296875,11,0.171875,0.53125,3
S11,EMATentProbe050,0.8538221120834351,0.8538221120834351,0.8016294240951538,1,0.2438533663749695,0.5,0.2561466336250305,0.5,0.0,3,64,40,0.625,15,0.234375,9,0.140625,0.625,3
S11,EMATentProbe050,0.863898754119873,0.863898754119873,0.8229066133499146,1,0.2408303737640381,0.5,0.2591696262359619,0.5,0.0,4,64,33,0.515625,19,0.296875,12,0.1875,0.515625,3
S11,EMATentProbe050,0.8936365842819214,0.8936365842819214,0.7998073697090149,1,0.2319090247154236,0.5,0.2680909752845764,0.5,0.0,5,64,30,0.46875,19,0.296875,15,0.234375,0.46875,3
S11,EMATentProbe050,0.8818850517272949,0.8818850517272949,0.7998733520507812,1,0.23543448448181153,0.5,0.26456551551818847,0.5,0.0,6,62,35,0.5645161290322581,20,0.3225806451612903,7,0.11290322580645161,0.5645161290322581,3
S11,EMATentProbe100,0.8633739948272705,0.8633739948272705,0.782046914100647,1,0.24098780155181887,0.5,0.25901219844818113,1.0,0.0,0,64,30,0.46875,22,0.34375,12,0.1875,0.46875,3
S11,EMATentProbe100,0.8702918887138367,0.8702918887138367,0.8009151816368103,1,0.238912433385849,0.5,0.261087566614151,1.0,0.0,1,64,34,0.53125,22,0.34375,8,0.125,0.53125,3
S11,EMATentProbe100,0.9041104912757874,0.9041104912757874,0.7890251278877258,1,0.22876685261726382,0.5,0.2712331473827362,1.0,0.0,2,64,34,0.53125,19,0.296875,11,0.171875,0.53125,3
S11,EMATentProbe100,0.9030720591545105,0.9030720591545105,0.7877327799797058,1,0.22907838225364685,0.5,0.27092161774635315,1.0,0.0,3,64,40,0.625,15,0.234375,9,0.140625,0.625,3
S11,EMATentProbe100,0.908270001411438,0.908270001411438,0.8013414144515991,1,0.22751899957656863,0.5,0.2724810004234314,1.0,0.0,4,64,33,0.515625,19,0.296875,12,0.1875,0.515625,3
S11,EMATentProbe100,0.936910092830658,0.936910092830658,0.7811403870582581,1,0.21892697215080262,0.5,0.28107302784919735,1.0,0.0,5,64,30,0.46875,19,0.296875,15,0.234375,0.46875,3
S11,EMATentProbe100,0.9442598223686218,0.9442598223686218,0.7775135040283203,1,0.21672205328941346,0.5,0.28327794671058654,1.0,0.0,6,62,35,0.5645161290322581,20,0.3225806451612903,7,0.11290322580645161,0.5645161290322581,3
S11,EMATentMinGate025,0.8058843612670898,0.8544132709503174,0.7800712585449219,1,0.2436760187149048,0.5,0.2563239812850952,0.0,0.25,0,64,30,0.46875,22,0.34375,12,0.1875,0.46875,3
S11,EMATentMinGate025,0.7893645763397217,0.8420234322547913,0.7975881099700928,1,0.24739297032356264,0.5,0.2526070296764374,0.0,0.25,1,64,34,0.53125,22,0.34375,8,0.125,0.53125,3
S11,EMATentMinGate025,0.8265291452407837,0.8698968589305878,0.7925479412078857,1,0.23903094232082367,0.5,0.26096905767917633,0.0,0.25,2,64,34,0.53125,19,0.296875,11,0.171875,0.53125,3
S11,EMATentMinGate025,0.8053297996520996,0.8539973497390747,0.7965863347053528,1,0.2438007950782776,0.5,0.2561992049217224,0.0,0.25,3,64,40,0.625,15,0.234375,9,0.140625,0.625,3
S11,EMATentMinGate025,0.8249622583389282,0.8687216937541962,0.8251923322677612,1,0.23938349187374117,0.5,0.26061650812625886,0.0,0.25,4,64,33,0.515625,19,0.296875,12,0.1875,0.515625,3
S11,EMATentMinGate025,0.8649086952209473,0.8986815214157104,0.8026250600814819,1,0.23039554357528688,0.5,0.26960445642471315,0.0,0.25,5,64,30,0.46875,19,0.296875,15,0.234375,0.46875,3
S11,EMATentMinGate025,0.8223468065261841,0.8667601048946381,0.8154529929161072,1,0.2399719685316086,0.5,0.26002803146839143,0.0,0.25,6,62,35,0.5645161290322581,20,0.3225806451612903,7,0.11290322580645161,0.5645161290322581,3
S11,EMATentMinGate050,0.8058843612670898,0.9029421806335449,0.7800712585449219,1,0.22911734580993653,0.5,0.27088265419006347,0.0,0.5,0,64,30,0.46875,22,0.34375,12,0.1875,0.46875,3
S11,EMATentMinGate050,0.789114236831665,0.8945571184158325,0.7975513339042664,1,0.23163286447525025,0.5,0.2683671355247497,0.0,0.5,1,64,34,0.53125,22,0.34375,8,0.125,0.53125,3
S11,EMATentMinGate050,0.8259916305541992,0.9129958152770996,0.7923622131347656,1,0.22610125541687012,0.5,0.27389874458312985,0.0,0.5,2,64,34,0.53125,19,0.296875,11,0.171875,0.53125,3
S11,EMATentMinGate050,0.8045201897621155,0.9022600948810577,0.7966265082359314,1,0.22932197153568268,0.5,0.2706780284643173,0.0,0.5,3,64,40,0.625,15,0.234375,9,0.140625,0.625,3
S11,EMATentMinGate050,0.8243129253387451,0.9121564626693726,0.8248952627182007,1,0.22635306119918824,0.5,0.27364693880081176,0.0,0.5,4,64,33,0.515625,19,0.296875,12,0.1875,0.515625,3
S11,EMATentMinGate050,0.8645662069320679,0.9322831034660339,0.8021063208580017,1,0.22031506896018982,0.5,0.2796849310398102,0.0,0.5,5,64,30,0.46875,19,0.296875,15,0.234375,0.46875,3
S11,EMATentMinGate050,0.8208793997764587,0.9104396998882294,0.8155677318572998,1,0.2268680900335312,0.5,0.2731319099664688,0.0,0.5,6,62,35,0.5645161290322581,20,0.3225806451612903,7,0.11290322580645161,0.5645161290322581,3
S13,EMATent,0.9819338917732239,0.9819338917732239,0.8697795867919922,1,0.20541983246803286,0.5,0.29458016753196714,0.0,0.0,0,64,31,0.484375,22,0.34375,11,0.171875,0.484375,3
S13,EMATent,0.9211381673812866,0.9211381673812866,0.925260066986084,1,0.22365854978561403,0.5,0.276341450214386,0.0,0.0,1,64,37,0.578125,21,0.328125,6,0.09375,0.578125,3
S13,EMATent,0.9496278762817383,0.9496278762817383,0.9015964865684509,1,0.21511163711547854,0.5,0.28488836288452146,0.0,0.0,2,64,33,0.515625,21,0.328125,10,0.15625,0.515625,3
S13,EMATent,0.953974187374115,0.953974187374115,0.9244303703308105,1,0.21380774378776551,0.5,0.2861922562122345,0.0,0.0,3,64,32,0.5,17,0.265625,15,0.234375,0.5,3
S13,EMATent,0.9042240977287292,0.9042240977287292,0.9339567422866821,1,0.22873277068138123,0.5,0.27126722931861874,0.0,0.0,4,64,37,0.578125,15,0.234375,12,0.1875,0.578125,3
S13,EMATent,0.9464278221130371,0.9464278221130371,0.9044120907783508,1,0.21607165336608888,0.5,0.28392834663391114,0.0,0.0,5,64,32,0.5,20,0.3125,12,0.1875,0.5,3
S13,EMATent,0.9213528037071228,0.9213528037071228,0.9101161360740662,1,0.22359415888786316,0.5,0.27640584111213684,0.0,0.0,6,61,34,0.5573770491803278,17,0.2786885245901639,10,0.16393442622950818,0.5573770491803278,3
S13,EMATentProbe025,0.9758901596069336,0.9758901596069336,0.8823963403701782,1,0.20723295211791992,0.5,0.2927670478820801,0.25,0.0,0,64,31,0.484375,22,0.34375,11,0.171875,0.484375,3
S13,EMATentProbe025,0.9215832948684692,0.9215832948684692,0.9237973690032959,1,0.22352501153945925,0.5,0.27647498846054075,0.25,0.0,1,64,37,0.578125,21,0.328125,6,0.09375,0.578125,3
S13,EMATentProbe025,0.949241042137146,0.949241042137146,0.8956540822982788,1,0.21522768735885622,0.5,0.2847723126411438,0.25,0.0,2,64,33,0.515625,21,0.328125,10,0.15625,0.515625,3
S13,EMATentProbe025,0.9512344598770142,0.9512344598770142,0.9216920733451843,1,0.21462966203689576,0.5,0.28537033796310424,0.25,0.0,3,64,32,0.5,17,0.265625,15,0.234375,0.5,3
S13,EMATentProbe025,0.9048726558685303,0.9048726558685303,0.9360784888267517,1,0.22853820323944093,0.5,0.2714617967605591,0.25,0.0,4,64,37,0.578125,15,0.234375,12,0.1875,0.578125,3
S13,EMATentProbe025,0.9454507231712341,0.9454507231712341,0.9031589031219482,1,0.21636478304862977,0.5,0.28363521695137023,0.25,0.0,5,64,32,0.5,20,0.3125,12,0.1875,0.5,3
S13,EMATentProbe025,0.9224101305007935,0.9224101305007935,0.9074432253837585,1,0.22327696084976198,0.5,0.27672303915023805,0.25,0.0,6,61,34,0.5573770491803278,17,0.2786885245901639,10,0.16393442622950818,0.5573770491803278,3
S13,EMATentProbe050,0.9715185761451721,0.9715185761451721,0.8901687860488892,1,0.2085444271564484,0.5,0.2914555728435516,0.5,0.0,0,64,31,0.484375,22,0.34375,11,0.171875,0.484375,3
S13,EMATentProbe050,0.9230014085769653,0.9230014085769653,0.9207585453987122,1,0.22309957742691042,0.5,0.2769004225730896,0.5,0.0,1,64,37,0.578125,21,0.328125,6,0.09375,0.578125,3
S13,EMATentProbe050,0.9491143822669983,0.9491143822669983,0.8909602165222168,1,0.21526568531990053,0.5,0.28473431468009947,0.5,0.0,2,64,33,0.515625,21,0.328125,10,0.15625,0.515625,3
S13,EMATentProbe050,0.947865903377533,0.947865903377533,0.9183070063591003,1,0.21564022898674012,0.5,0.2843597710132599,0.5,0.0,3,64,32,0.5,17,0.265625,15,0.234375,0.5,3
S13,EMATentProbe050,0.9049422740936279,0.9049422740936279,0.9352647662162781,1,0.22851731777191164,0.5,0.27148268222808836,0.5,0.0,4,64,37,0.578125,15,0.234375,12,0.1875,0.578125,3
S13,EMATentProbe050,0.9452470541000366,0.9452470541000366,0.9033117294311523,1,0.21642588376998903,0.5,0.283574116230011,0.5,0.0,5,64,32,0.5,20,0.3125,12,0.1875,0.5,3
S13,EMATentProbe050,0.9235543608665466,0.9235543608665466,0.9065818786621094,1,0.22293369174003602,0.5,0.277066308259964,0.5,0.0,6,61,34,0.5573770491803278,17,0.2786885245901639,10,0.16393442622950818,0.5573770491803278,3
S13,EMATentProbe100,0.9666211009025574,0.9666211009025574,0.8929215669631958,1,0.2100136697292328,0.5,0.2899863302707672,1.0,0.0,0,64,31,0.484375,22,0.34375,11,0.171875,0.484375,3
S13,EMATentProbe100,0.9267324805259705,0.9267324805259705,0.9120707511901855,1,0.22198025584220887,0.5,0.2780197441577911,1.0,0.0,1,64,37,0.578125,21,0.328125,6,0.09375,0.578125,3
S13,EMATentProbe100,0.9494656324386597,0.9494656324386597,0.8787064552307129,1,0.2151603102684021,0.5,0.2848396897315979,1.0,0.0,2,64,33,0.515625,21,0.328125,10,0.15625,0.515625,3
S13,EMATentProbe100,0.9397852420806885,0.9397852420806885,0.9145138263702393,1,0.21806442737579346,0.5,0.28193557262420654,1.0,0.0,3,64,32,0.5,17,0.265625,15,0.234375,0.5,3
S13,EMATentProbe100,0.9033977389335632,0.9033977389335632,0.9240672588348389,1,0.22898067831993105,0.5,0.271019321680069,1.0,0.0,4,64,37,0.578125,15,0.234375,12,0.1875,0.578125,3
S13,EMATentProbe100,0.9472424983978271,0.9472424983978271,0.8969098329544067,1,0.21582725048065188,0.5,0.2841727495193481,1.0,0.0,5,64,32,0.5,20,0.3125,12,0.1875,0.5,3
S13,EMATentProbe100,0.92787104845047,0.92787104845047,0.9014520049095154,1,0.22163868546485901,0.5,0.27836131453514096,1.0,0.0,6,61,34,0.5573770491803278,17,0.2786885245901639,10,0.16393442622950818,0.5573770491803278,3
S13,EMATentMinGate025,0.9819338917732239,0.9864504188299179,0.8697795867919922,1,0.20406487435102463,0.5,0.29593512564897534,0.0,0.25,0,64,31,0.484375,22,0.34375,11,0.171875,0.484375,3
S13,EMATentMinGate025,0.9211451411247253,0.940858855843544,0.9252557158470154,1,0.2177423432469368,0.5,0.2822576567530632,0.0,0.25,1,64,37,0.578125,21,0.328125,6,0.09375,0.578125,3
S13,EMATentMinGate025,0.9496392607688904,0.9622294455766678,0.9016062021255493,1,0.21133116632699966,0.5,0.28866883367300034,0.0,0.25,2,64,33,0.515625,21,0.328125,10,0.15625,0.515625,3
S13,EMATentMinGate025,0.9540060758590698,0.9655045568943024,0.9244440197944641,1,0.2103486329317093,0.5,0.2896513670682907,0.0,0.25,3,64,32,0.5,17,0.265625,15,0.234375,0.5,3
S13,EMATentMinGate025,0.9042302966117859,0.9281727224588394,0.9339446425437927,1,0.22154818326234818,0.5,0.2784518167376518,0.0,0.25,4,64,37,0.578125,15,0.234375,12,0.1875,0.578125,3
S13,EMATentMinGate025,0.9464448690414429,0.9598336517810822,0.904391348361969,1,0.21204990446567537,0.5,0.28795009553432466,0.0,0.25,5,64,32,0.5,20,0.3125,12,0.1875,0.5,3
S13,EMATentMinGate025,0.9213781952857971,0.9410336464643478,0.9101508259773254,1,0.21768990606069566,0.5,0.28231009393930434,0.0,0.25,6,61,34,0.5573770491803278,17,0.2786885245901639,10,0.16393442622950818,0.5573770491803278,3
S13,EMATentMinGate050,0.9819338917732239,0.9909669458866119,0.8697795867919922,1,0.20270991623401644,0.5,0.2972900837659836,0.0,0.5,0,64,31,0.484375,22,0.34375,11,0.171875,0.484375,3
S13,EMATentMinGate050,0.9211521744728088,0.9605760872364044,0.9252511858940125,1,0.21182717382907867,0.5,0.2881728261709213,0.0,0.5,1,64,37,0.578125,21,0.328125,6,0.09375,0.578125,3
S13,EMATentMinGate050,0.949650764465332,0.974825382232666,0.901616632938385,1,0.2075523853302002,0.5,0.2924476146697998,0.0,0.5,2,64,33,0.515625,21,0.328125,10,0.15625,0.515625,3
S13,EMATentMinGate050,0.9540373086929321,0.9770186543464661,0.9244577288627625,1,0.2068944036960602,0.5,0.2931055963039398,0.0,0.5,3,64,32,0.5,17,0.265625,15,0.234375,0.5,3
S13,EMATentMinGate050,0.9042360782623291,0.9521180391311646,0.9339314103126526,1,0.21436458826065063,0.5,0.28563541173934937,0.0,0.5,4,64,37,0.578125,15,0.234375,12,0.1875,0.578125,3
S13,EMATentMinGate050,0.9464592933654785,0.9732296466827393,0.9043710231781006,1,0.20803110599517824,0.5,0.2919688940048218,0.0,0.5,5,64,32,0.5,20,0.3125,12,0.1875,0.5,3
S13,EMATentMinGate050,0.9213986992835999,0.9606993496417999,0.9101887345314026,1,0.21179019510746003,0.5,0.28820980489253994,0.0,0.5,6,61,34,0.5573770491803278,17,0.2786885245901639,10,0.16393442622950818,0.5573770491803278,3
S14,EMATent,0.9464901089668274,0.9464901089668274,0.8244736194610596,1,0.2160529673099518,0.5,0.28394703269004823,0.0,0.0,0,64,31,0.484375,15,0.234375,18,0.28125,0.484375,3
S14,EMATent,0.9085929989814758,0.9085929989814758,0.8665741682052612,1,0.22742210030555726,0.5,0.27257789969444274,0.0,0.0,1,64,37,0.578125,14,0.21875,13,0.203125,0.578125,3
S14,EMATent,0.9760157465934753,0.9760157465934753,0.829707682132721,1,0.20719527602195742,0.5,0.2928047239780426,0.0,0.0,2,64,33,0.515625,20,0.3125,11,0.171875,0.515625,3
S14,EMATent,0.9579451680183411,0.9579451680183411,0.8404948711395264,1,0.2126164495944977,0.5,0.2873835504055023,0.0,0.0,3,64,32,0.5,29,0.453125,3,0.046875,0.5,3
S14,EMATent,0.9087909460067749,0.9087909460067749,0.8756507635116577,1,0.22736271619796755,0.5,0.27263728380203245,0.0,0.0,4,64,37,0.578125,19,0.296875,8,0.125,0.578125,3
S14,EMATent,0.9557346105575562,0.9557346105575562,0.8633500933647156,1,0.21327961683273317,0.5,0.28672038316726683,0.0,0.0,5,64,32,0.5,21,0.328125,11,0.171875,0.5,3
S14,EMATent,0.8948071599006653,0.8948071599006653,0.871863067150116,1,0.23155785202980042,0.5,0.26844214797019955,0.0,0.0,6,61,34,0.5573770491803278,17,0.2786885245901639,10,0.16393442622950818,0.5573770491803278,3
S14,EMATentProbe025,0.9360109567642212,0.9360109567642212,0.8465321063995361,1,0.21919671297073365,0.5,0.2808032870292663,0.25,0.0,0,64,31,0.484375,15,0.234375,18,0.28125,0.484375,3
S14,EMATentProbe025,0.9023249745368958,0.9023249745368958,0.8732099533081055,1,0.22930250763893129,0.5,0.2706974923610687,0.25,0.0,1,64,37,0.578125,14,0.21875,13,0.203125,0.578125,3
S14,EMATentProbe025,0.9661178588867188,0.9661178588867188,0.848749041557312,1,0.21016464233398438,0.5,0.2898353576660156,0.25,0.0,2,64,33,0.515625,20,0.3125,11,0.171875,0.515625,3
S14,EMATentProbe025,0.9494055509567261,0.9494055509567261,0.8518496751785278,1,0.2151783347129822,0.5,0.2848216652870178,0.25,0.0,3,64,32,0.5,29,0.453125,3,0.046875,0.5,3
S14,EMATentProbe025,0.9012999534606934,0.9012999534606934,0.8857402801513672,1,0.229610013961792,0.5,0.270389986038208,0.25,0.0,4,64,37,0.578125,19,0.296875,8,0.125,0.578125,3
S14,EMATentProbe025,0.9522922039031982,0.9522922039031982,0.8722448945045471,1,0.21431233882904055,0.5,0.28568766117095945,0.25,0.0,5,64,32,0.5,21,0.328125,11,0.171875,0.5,3
S14,EMATentProbe025,0.8897110223770142,0.8897110223770142,0.8793311715126038,1,0.23308669328689577,0.5,0.26691330671310426,0.25,0.0,6,61,34,0.5573770491803278,17,0.2786885245901639,10,0.16393442622950818,0.5573770491803278,3
S14,EMATentProbe050,0.929283618927002,0.929283618927002,0.8636996150016785,1,0.22121491432189944,0.5,0.27878508567810056,0.5,0.0,0,64,31,0.484375,15,0.234375,18,0.28125,0.484375,3
S14,EMATentProbe050,0.8982953429222107,0.8982953429222107,0.8774807453155518,1,0.2305113971233368,0.5,0.2694886028766632,0.5,0.0,1,64,37,0.578125,14,0.21875,13,0.203125,0.578125,3
S14,EMATentProbe050,0.9584022164344788,0.9584022164344788,0.8621802926063538,1,0.21247933506965638,0.5,0.2875206649303436,0.5,0.0,2,64,33,0.515625,20,0.3125,11,0.171875,0.515625,3
S14,EMATentProbe050,0.9426536560058594,0.9426536560058594,0.8608916401863098,1,0.2172039031982422,0.5,0.2827960968017578,0.5,0.0,3,64,32,0.5,29,0.453125,3,0.046875,0.5,3
S14,EMATentProbe050,0.8965386748313904,0.8965386748313904,0.8926513195037842,1,0.2310383975505829,0.5,0.2689616024494171,0.5,0.0,4,64,37,0.578125,19,0.296875,8,0.125,0.578125,3
S14,EMATentProbe050,0.9504645466804504,0.9504645466804504,0.8779614567756653,1,0.21486063599586488,0.5,0.28513936400413514,0.5,0.0,5,64,32,0.5,21,0.328125,11,0.171875,0.5,3
S14,EMATentProbe050,0.887148916721344,0.887148916721344,0.8839581608772278,1,0.23385532498359682,0.5,0.2661446750164032,0.5,0.0,6,61,34,0.5573770491803278,17,0.2786885245901639,10,0.16393442622950818,0.5573770491803278,3
S14,EMATentProbe100,0.9232835173606873,0.9232835173606873,0.8787771463394165,1,0.22301494479179385,0.5,0.27698505520820615,1.0,0.0,0,64,31,0.484375,15,0.234375,18,0.28125,0.484375,3
S14,EMATentProbe100,0.8947604298591614,0.8947604298591614,0.8830435872077942,1,0.2315718710422516,0.5,0.2684281289577484,1.0,0.0,1,64,37,0.578125,14,0.21875,13,0.203125,0.578125,3
S14,EMATentProbe100,0.9485860466957092,0.9485860466957092,0.8787195682525635,1,0.21542418599128724,0.5,0.28457581400871274,1.0,0.0,2,64,33,0.515625,20,0.3125,11,0.171875,0.515625,3
S14,EMATentProbe100,0.9330005049705505,0.9330005049705505,0.8726357221603394,1,0.22009984850883485,0.5,0.27990015149116515,1.0,0.0,3,64,32,0.5,29,0.453125,3,0.046875,0.5,3
S14,EMATentProbe100,0.8921378254890442,0.8921378254890442,0.9009566903114319,1,0.23235865235328676,0.5,0.26764134764671327,1.0,0.0,4,64,37,0.578125,19,0.296875,8,0.125,0.578125,3
S14,EMATentProbe100,0.9495050311088562,0.9495050311088562,0.8804841637611389,1,0.21514849066734315,0.5,0.28485150933265685,1.0,0.0,5,64,32,0.5,21,0.328125,11,0.171875,0.5,3
S14,EMATentProbe100,0.8874492049217224,0.8874492049217224,0.8864133358001709,1,0.2337652385234833,0.5,0.2662347614765167,1.0,0.0,6,61,34,0.5573770491803278,17,0.2786885245901639,10,0.16393442622950818,0.5573770491803278,3
S14,EMATentMinGate025,0.9464901089668274,0.9598675817251205,0.8244736194610596,1,0.21203972548246386,0.5,0.28796027451753614,0.0,0.25,0,64,31,0.484375,15,0.234375,18,0.28125,0.484375,3
S14,EMATentMinGate025,0.9086625576019287,0.9314969182014465,0.8665083646774292,1,0.22055092453956604,0.5,0.27944907546043396,0.0,0.25,1,64,37,0.578125,14,0.21875,13,0.203125,0.578125,3
S14,EMATentMinGate025,0.9760980606079102,0.9820735454559326,0.8295573592185974,1,0.20537793636322021,0.5,0.2946220636367798,0.0,0.25,2,64,33,0.515625,20,0.3125,11,0.171875,0.515625,3
S14,EMATentMinGate025,0.9580253958702087,0.9685190469026566,0.8403640389442444,1,0.20944428592920306,0.5,0.29055571407079694,0.0,0.25,3,64,32,0.5,29,0.453125,3,0.046875,0.5,3
S14,EMATentMinGate025,0.9089088439941406,0.9316816329956055,0.8754990100860596,1,0.22049551010131838,0.5,0.27950448989868165,0.0,0.25,4,64,37,0.578125,19,0.296875,8,0.125,0.578125,3
S14,EMATentMinGate025,0.9558331370353699,0.9668748527765274,0.8631386160850525,1,0.2099375441670418,0.5,0.2900624558329582,0.0,0.25,5,64,32,0.5,21,0.328125,11,0.171875,0.5,3
S14,EMATentMinGate025,0.8949979543685913,0.9212484657764435,0.8716329336166382,1,0.22362546026706698,0.5,0.276374539732933,0.0,0.25,6,61,34,0.5573770491803278,17,0.2786885245901639,10,0.16393442622950818,0.5573770491803278,3
S14,EMATentMinGate050,0.9464901089668274,0.9732450544834137,0.8244736194610596,1,0.2080264836549759,0.5,0.2919735163450241,0.0,0.5,0,64,31,0.484375,15,0.234375,18,0.28125,0.484375,3
S14,EMATentMinGate050,0.9087328910827637,0.9543664455413818,0.8664425611495972,1,0.21369006633758547,0.5,0.28630993366241453,0.0,0.5,1,64,37,0.578125,14,0.21875,13,0.203125,0.578125,3
S14,EMATentMinGate050,0.9761798977851868,0.9880899488925934,0.8294064402580261,1,0.203573015332222,0.5,0.296426984667778,0.0,0.5,2,64,33,0.515625,20,0.3125,11,0.171875,0.515625,3
S14,EMATentMinGate050,0.9581049084663391,0.9790524542331696,0.8402343988418579,1,0.20628426373004916,0.5,0.29371573626995084,0.0,0.5,3,64,32,0.5,29,0.453125,3,0.046875,0.5,3
S14,EMATentMinGate050,0.9090265035629272,0.9545132517814636,0.875346302986145,1,0.2136460244655609,0.5,0.2863539755344391,0.0,0.5,4,64,37,0.578125,19,0.296875,8,0.125,0.578125,3
S14,EMATentMinGate050,0.9559307098388672,0.9779653549194336,0.8629257082939148,1,0.20661039352416993,0.5,0.29338960647583007,0.0,0.5,5,64,32,0.5,21,0.328125,11,0.171875,0.5,3
S14,EMATentMinGate050,0.8951877355575562,0.9475938677787781,0.8714022636413574,1,0.2157218396663666,0.5,0.2842781603336334,0.0,0.5,6,61,34,0.5573770491803278,17,0.2786885245901639,10,0.16393442622950818,0.5573770491803278,3
S15,EMATent,0.8844566345214844,0.8844566345214844,0.8983451128005981,1,0.2346630096435547,0.5,0.2653369903564453,0.0,0.0,0,64,29,0.453125,24,0.375,11,0.171875,0.453125,3
S15,EMATent,0.8787684440612793,0.8787684440612793,0.9111191034317017,1,0.23636946678161622,0.5,0.26363053321838376,0.0,0.0,1,64,36,0.5625,17,0.265625,11,0.171875,0.5625,3
S15,EMATent,0.8870726227760315,0.8870726227760315,0.9074825048446655,1,0.23387821316719057,0.5,0.26612178683280946,0.0,0.0,2,64,35,0.546875,16,0.25,13,0.203125,0.546875,3
S15,EMATent,0.931111216545105,0.931111216545105,0.8911571502685547,1,0.22066663503646852,0.5,0.2793333649635315,0.0,0.0,3,64,33,0.515625,21,0.328125,10,0.15625,0.515625,3
S15,EMATent,0.914378821849823,0.914378821849823,0.8696631789207458,1,0.2256863534450531,0.5,0.2743136465549469,0.0,0.0,4,64,35,0.546875,16,0.25,13,0.203125,0.546875,3
S15,EMATent,0.9328906536102295,0.9328906536102295,0.8843052983283997,1,0.22013280391693116,0.5,0.2798671960830688,0.0,0.0,5,64,32,0.5,23,0.359375,9,0.140625,0.5,3
S15,EMATent,0.8942757248878479,0.8942757248878479,0.8771719336509705,1,0.23171728253364565,0.5,0.26828271746635435,0.0,0.0,6,63,35,0.5555555555555556,20,0.31746031746031744,8,0.12698412698412698,0.5555555555555556,3
S15,EMATentProbe025,0.9002399444580078,0.9002399444580078,0.8977358341217041,1,0.22992801666259766,0.5,0.27007198333740234,0.25,0.0,0,64,29,0.453125,24,0.375,11,0.171875,0.453125,3
S15,EMATentProbe025,0.8993445038795471,0.8993445038795471,0.9005557298660278,1,0.2301966488361359,0.5,0.2698033511638641,0.25,0.0,1,64,36,0.5625,17,0.265625,11,0.171875,0.5625,3
S15,EMATentProbe025,0.8985459804534912,0.8985459804534912,0.9022489190101624,1,0.23043620586395264,0.5,0.26956379413604736,0.25,0.0,2,64,35,0.546875,16,0.25,13,0.203125,0.546875,3
S15,EMATentProbe025,0.9383056163787842,0.9383056163787842,0.8924943804740906,1,0.21850831508636476,0.5,0.28149168491363524,0.25,0.0,3,64,33,0.515625,21,0.328125,10,0.15625,0.515625,3
S15,EMATentProbe025,0.9258249998092651,0.9258249998092651,0.8585895895957947,1,0.22225250005722047,0.5,0.27774749994277953,0.25,0.0,4,64,35,0.546875,16,0.25,13,0.203125,0.546875,3
S15,EMATentProbe025,0.9403607845306396,0.9403607845306396,0.8829329609870911,1,0.21789176464080812,0.5,0.2821082353591919,0.25,0.0,5,64,32,0.5,23,0.359375,9,0.140625,0.5,3
S15,EMATentProbe025,0.9051274657249451,0.9051274657249451,0.8743084073066711,1,0.2284617602825165,0.5,0.27153823971748353,0.25,0.0,6,63,35,0.5555555555555556,20,0.31746031746031744,8,0.12698412698412698,0.5555555555555556,3
S15,EMATentProbe050,0.9134747385978699,0.9134747385978699,0.891981303691864,1,0.22595757842063904,0.5,0.27404242157936093,0.5,0.0,0,64,29,0.453125,24,0.375,11,0.171875,0.453125,3
S15,EMATentProbe050,0.913612425327301,0.913612425327301,0.8901456594467163,1,0.2259162724018097,0.5,0.2740837275981903,0.5,0.0,1,64,36,0.5625,17,0.265625,11,0.171875,0.5625,3
S15,EMATentProbe050,0.9076026678085327,0.9076026678085327,0.8987536430358887,1,0.2277191996574402,0.5,0.2722808003425598,0.5,0.0,2,64,35,0.546875,16,0.25,13,0.203125,0.546875,3
S15,EMATentProbe050,0.9439530372619629,0.9439530372619629,0.8922359943389893,1,0.21681408882141115,0.5,0.2831859111785889,0.5,0.0,3,64,33,0.515625,21,0.328125,10,0.15625,0.515625,3
S15,EMATentProbe050,0.9328446388244629,0.9328446388244629,0.8536877632141113,1,0.22014660835266114,0.5,0.27985339164733886,0.5,0.0,4,64,35,0.546875,16,0.25,13,0.203125,0.546875,3
S15,EMATentProbe050,0.9458227753639221,0.9458227753639221,0.8793613314628601,1,0.21625316739082337,0.5,0.2837468326091766,0.5,0.0,5,64,32,0.5,23,0.359375,9,0.140625,0.5,3
S15,EMATentProbe050,0.9124152660369873,0.9124152660369873,0.8813712000846863,1,0.22627542018890381,0.5,0.27372457981109616,0.5,0.0,6,63,35,0.5555555555555556,20,0.31746031746031744,8,0.12698412698412698,0.5555555555555556,3
S15,EMATentProbe100,0.9339581727981567,0.9339581727981567,0.8771777749061584,1,0.21981254816055298,0.5,0.280187451839447,1.0,0.0,0,64,29,0.453125,24,0.375,11,0.171875,0.453125,3
S15,EMATentProbe100,0.9311084151268005,0.9311084151268005,0.8772310018539429,1,0.22066747546195986,0.5,0.27933252453804014,1.0,0.0,1,64,36,0.5625,17,0.265625,11,0.171875,0.5625,3
S15,EMATentProbe100,0.9202237725257874,0.9202237725257874,0.8948230743408203,1,0.2239328682422638,0.5,0.2760671317577362,1.0,0.0,2,64,35,0.546875,16,0.25,13,0.203125,0.546875,3
S15,EMATentProbe100,0.9496843814849854,0.9496843814849854,0.8947733044624329,1,0.2150946855545044,0.5,0.2849053144454956,1.0,0.0,3,64,33,0.515625,21,0.328125,10,0.15625,0.515625,3
S15,EMATentProbe100,0.9393962025642395,0.9393962025642395,0.8543466925621033,1,0.21818113923072815,0.5,0.2818188607692718,1.0,0.0,4,64,35,0.546875,16,0.25,13,0.203125,0.546875,3
S15,EMATentProbe100,0.9521593451499939,0.9521593451499939,0.8762466311454773,1,0.21435219645500184,0.5,0.28564780354499814,1.0,0.0,5,64,32,0.5,23,0.359375,9,0.140625,0.5,3
S15,EMATentProbe100,0.9210364818572998,0.9210364818572998,0.8891899585723877,1,0.22368905544281006,0.5,0.2763109445571899,1.0,0.0,6,63,35,0.5555555555555556,20,0.31746031746031744,8,0.12698412698412698,0.5555555555555556,3
S15,EMATentMinGate025,0.8844566345214844,0.9133424758911133,0.8983451128005981,1,0.22599725723266603,0.5,0.274002742767334,0.0,0.25,0,64,29,0.453125,24,0.375,11,0.171875,0.453125,3
S15,EMATentMinGate025,0.8787633776664734,0.909072533249855,0.9110727310180664,1,0.2272782400250435,0.5,0.2727217599749565,0.0,0.25,1,64,36,0.5625,17,0.265625,11,0.171875,0.5625,3
S15,EMATentMinGate025,0.8868651986122131,0.9151488989591599,0.90755695104599,1,0.22545533031225207,0.5,0.27454466968774793,0.0,0.25,2,64,35,0.546875,16,0.25,13,0.203125,0.546875,3
S15,EMATentMinGate025,0.9308710098266602,0.9481532573699951,0.8912310004234314,1,0.2155540227890015,0.5,0.2844459772109985,0.0,0.25,3,64,33,0.515625,21,0.328125,10,0.15625,0.515625,3
S15,EMATentMinGate025,0.9140589237213135,0.9355441927909851,0.8699502944946289,1,0.2193367421627045,0.5,0.2806632578372955,0.0,0.25,4,64,35,0.546875,16,0.25,13,0.203125,0.546875,3
S15,EMATentMinGate025,0.9326454401016235,0.9494840800762177,0.8842911720275879,1,0.21515477597713473,0.5,0.2848452240228653,0.0,0.25,5,64,32,0.5,23,0.359375,9,0.140625,0.5,3
S15,EMATentMinGate025,0.8939840197563171,0.9204880148172379,0.8774094581604004,1,0.22385359555482864,0.5,0.27614640444517136,0.0,0.25,6,63,35,0.5555555555555556,20,0.31746031746031744,8,0.12698412698412698,0.5555555555555556,3
S15,EMATentMinGate050,0.8844566345214844,0.9422283172607422,0.8983451128005981,1,0.21733150482177735,0.5,0.2826684951782226,0.0,0.5,0,64,29,0.453125,24,0.375,11,0.171875,0.453125,3
S15,EMATentMinGate050,0.8787579536437988,0.9393789768218994,0.9110267162322998,1,0.2181863069534302,0.5,0.28181369304656984,0.0,0.5,1,64,36,0.5625,17,0.265625,11,0.171875,0.5625,3
S15,EMATentMinGate050,0.8866639137268066,0.9433319568634033,0.9076241254806519,1,0.21700041294097902,0.5,0.282999587059021,0.0,0.5,2,64,35,0.546875,16,0.25,13,0.203125,0.546875,3
S15,EMATentMinGate050,0.9306336641311646,0.9653168320655823,0.8912991881370544,1,0.21040495038032533,0.5,0.2895950496196747,0.0,0.5,3,64,33,0.515625,21,0.328125,10,0.15625,0.515625,3
S15,EMATentMinGate050,0.9137418866157532,0.9568709433078766,0.8702300190925598,1,0.21293871700763703,0.5,0.28706128299236294,0.0,0.5,4,64,35,0.546875,16,0.25,13,0.203125,0.546875,3
S15,EMATentMinGate050,0.9324003458023071,0.9662001729011536,0.8842722177505493,1,0.21013994812965395,0.5,0.2898600518703461,0.0,0.5,5,64,32,0.5,23,0.359375,9,0.140625,0.5,3
S15,EMATentMinGate050,0.8936942219734192,0.9468471109867096,0.8776411414146423,1,0.21594586670398713,0.5,0.28405413329601287,0.0,0.5,6,63,35,0.5555555555555556,20,0.31746031746031744,8,0.12698412698412698,0.5555555555555556,3
S16,EMATent,0.6544060707092285,0.6544060707092285,0.9910951852798462,1,0.30367817878723147,0.5,0.19632182121276856,0.0,0.0,0,64,27,0.421875,24,0.375,13,0.203125,0.421875,3
S16,EMATent,0.6829363703727722,0.6829363703727722,0.9860697984695435,1,0.29511908888816835,0.5,0.20488091111183165,0.0,0.0,1,64,33,0.515625,16,0.25,15,0.234375,0.515625,3
S16,EMATent,0.6202449798583984,0.6202449798583984,0.9932042360305786,1,0.31392650604248046,0.5,0.18607349395751951,0.0,0.0,2,64,41,0.640625,20,0.3125,3,0.046875,0.640625,3
S16,EMATent,0.735650897026062,0.735650897026062,0.9655809998512268,1,0.2793047308921814,0.5,0.2206952691078186,0.0,0.0,3,64,34,0.53125,20,0.3125,10,0.15625,0.53125,3
S16,EMATent,0.8038856387138367,0.8038856387138367,0.933897852897644,1,0.258834308385849,0.5,0.241165691614151,0.0,0.0,4,64,32,0.5,16,0.25,16,0.25,0.5,3
S16,EMATent,0.638143002986908,0.638143002986908,0.9809345006942749,1,0.3085570991039276,0.5,0.19144290089607238,0.0,0.0,5,64,43,0.671875,16,0.25,5,0.078125,0.671875,3
S16,EMATent,0.7215731739997864,0.7215731739997864,0.9718254804611206,1,0.2835280478000641,0.5,0.2164719521999359,0.0,0.0,6,60,26,0.43333333333333335,22,0.36666666666666664,12,0.2,0.43333333333333335,3
S16,EMATentProbe025,0.6766924858093262,0.6766924858093262,0.9851592779159546,1,0.29699225425720216,0.5,0.20300774574279784,0.25,0.0,0,64,27,0.421875,24,0.375,13,0.203125,0.421875,3
S16,EMATentProbe025,0.7100585103034973,0.7100585103034973,0.976733922958374,1,0.2869824469089508,0.5,0.2130175530910492,0.25,0.0,1,64,33,0.515625,16,0.25,15,0.234375,0.515625,3
S16,EMATentProbe025,0.6336615085601807,0.6336615085601807,0.98906010389328,1,0.3099015474319458,0.5,0.1900984525680542,0.25,0.0,2,64,41,0.640625,20,0.3125,3,0.046875,0.640625,3
S16,EMATentProbe025,0.762502908706665,0.762502908706665,0.9553138613700867,1,0.2712491273880005,0.5,0.2287508726119995,0.25,0.0,3,64,34,0.53125,20,0.3125,10,0.15625,0.53125,3
S16,EMATentProbe025,0.8334631323814392,0.8334631323814392,0.9158973693847656,1,0.24996106028556825,0.5,0.25003893971443175,0.25,0.0,4,64,32,0.5,16,0.25,16,0.25,0.5,3
S16,EMATentProbe025,0.6542099118232727,0.6542099118232727,0.9742081761360168,1,0.3037370264530182,0.5,0.1962629735469818,0.25,0.0,5,64,43,0.671875,16,0.25,5,0.078125,0.671875,3
S16,EMATentProbe025,0.7502157688140869,0.7502157688140869,0.9603639245033264,1,0.27493526935577395,0.5,0.22506473064422605,0.25,0.0,6,60,26,0.43333333333333335,22,0.36666666666666664,12,0.2,0.43333333333333335,3
S16,EMATentProbe050,0.7087486386299133,0.7087486386299133,0.9744399189949036,1,0.287375408411026,0.5,0.21262459158897398,0.5,0.0,0,64,27,0.421875,24,0.375,13,0.203125,0.421875,3
S16,EMATentProbe050,0.7341717481613159,0.7341717481613159,0.967173159122467,1,0.2797484755516052,0.5,0.22025152444839477,0.5,0.0,1,64,33,0.515625,16,0.25,15,0.234375,0.515625,3
S16,EMATentProbe050,0.6443608403205872,0.6443608403205872,0.9854510426521301,1,0.30669174790382386,0.5,0.19330825209617614,0.5,0.0,2,64,41,0.640625,20,0.3125,3,0.046875,0.640625,3
S16,EMATentProbe050,0.7856922149658203,0.7856922149658203,0.9439982175827026,1,0.2642923355102539,0.5,0.2357076644897461,0.5,0.0,3,64,34,0.53125,20,0.3125,10,0.15625,0.53125,3
S16,EMATentProbe050,0.8560361862182617,0.8560361862182617,0.9018317461013794,1,0.2431891441345215,0.5,0.2568108558654785,0.5,0.0,4,64,32,0.5,16,0.25,16,0.25,0.5,3
S16,EMATentProbe050,0.6746653914451599,0.6746653914451599,0.9657018184661865,1,0.29760038256645205,0.5,0.20239961743354798,0.5,0.0,5,64,43,0.671875,16,0.25,5,0.078125,0.671875,3
S16,EMATentProbe050,0.7719303369522095,0.7719303369522095,0.9505146741867065,1,0.2684208989143372,0.5,0.23157910108566282,0.5,0.0,6,60,26,0.43333333333333335,22,0.36666666666666664,12,0.2,0.43333333333333335,3
S16,EMATentProbe100,0.7652196884155273,0.7652196884155273,0.9510363936424255,1,0.2704340934753418,0.5,0.2295659065246582,1.0,0.0,0,64,27,0.421875,24,0.375,13,0.203125,0.421875,3
S16,EMATentProbe100,0.769358217716217,0.769358217716217,0.9541275501251221,1,0.2691925346851349,0.5,0.2308074653148651,1.0,0.0,1,64,33,0.515625,16,0.25,15,0.234375,0.515625,3
S16,EMATentProbe100,0.6661397218704224,0.6661397218704224,0.9773842692375183,1,0.3001580834388733,0.5,0.1998419165611267,1.0,0.0,2,64,41,0.640625,20,0.3125,3,0.046875,0.640625,3
S16,EMATentProbe100,0.8350709080696106,0.8350709080696106,0.9174400568008423,1,0.24947872757911682,0.5,0.2505212724208832,1.0,0.0,3,64,34,0.53125,20,0.3125,10,0.15625,0.53125,3
S16,EMATentProbe100,0.8917322158813477,0.8917322158813477,0.8899063467979431,1,0.23248033523559572,0.5,0.2675196647644043,1.0,0.0,4,64,32,0.5,16,0.25,16,0.25,0.5,3
S16,EMATentProbe100,0.7307653427124023,0.7307653427124023,0.955604612827301,1,0.2807703971862793,0.5,0.2192296028137207,1.0,0.0,5,64,43,0.671875,16,0.25,5,0.078125,0.671875,3
S16,EMATentProbe100,0.8061330318450928,0.8061330318450928,0.9326489567756653,1,0.25816009044647215,0.5,0.24183990955352783,1.0,0.0,6,60,26,0.43333333333333335,22,0.36666666666666664,12,0.2,0.43333333333333335,3
S16,EMATentMinGate025,0.6544060707092285,0.7408045530319214,0.9910951852798462,1,0.27775863409042356,0.5,0.2222413659095764,0.0,0.25,0,64,27,0.421875,24,0.375,13,0.203125,0.421875,3
S16,EMATentMinGate025,0.6810590624809265,0.7607942968606949,0.9866561889648438,1,0.2717617109417915,0.5,0.22823828905820845,0.0,0.25,1,64,33,0.515625,16,0.25,15,0.234375,0.515625,3
S16,EMATentMinGate025,0.6194002628326416,0.7145501971244812,0.99344402551651,1,0.2856349408626556,0.5,0.21436505913734435,0.0,0.25,2,64,41,0.640625,20,0.3125,3,0.046875,0.640625,3
S16,EMATentMinGate025,0.7321982383728027,0.799148678779602,0.9667049646377563,1,0.2602553963661194,0.5,0.23974460363388062,0.0,0.25,3,64,34,0.53125,20,0.3125,10,0.15625,0.53125,3
S16,EMATentMinGate025,0.7993882894515991,0.8495412170886993,0.9363821744918823,1,0.24513763487339021,0.5,0.2548623651266098,0.0,0.25,4,64,32,0.5,16,0.25,16,0.25,0.5,3
S16,EMATentMinGate025,0.6362763047218323,0.7272072285413742,0.9816374778747559,1,0.2818378314375877,0.5,0.21816216856241225,0.0,0.25,5,64,43,0.671875,16,0.25,5,0.078125,0.671875,3
S16,EMATentMinGate025,0.7181997299194336,0.7886497974395752,0.9730591177940369,1,0.2634050607681274,0.5,0.23659493923187255,0.0,0.25,6,60,26,0.43333333333333335,22,0.36666666666666664,12,0.2,0.43333333333333335,3
S16,EMATentMinGate050,0.6544060707092285,0.8272030353546143,0.9910951852798462,1,0.2518390893936157,0.5,0.24816091060638426,0.0,0.5,0,64,27,0.421875,24,0.375,13,0.203125,0.421875,3
S16,EMATentMinGate050,0.6793863773345947,0.8396931886672974,0.9871718883514404,1,0.2480920433998108,0.5,0.2519079566001892,0.0,0.5,1,64,33,0.515625,16,0.25,15,0.234375,0.515625,3
S16,EMATentMinGate050,0.6186586022377014,0.8093293011188507,0.9936521053314209,1,0.2572012096643448,0.5,0.2427987903356552,0.0,0.5,2,64,41,0.640625,20,0.3125,3,0.046875,0.640625,3
S16,EMATentMinGate050,0.7289853096008301,0.864492654800415,0.9680293798446655,1,0.2406522035598755,0.5,0.2593477964401245,0.0,0.5,3,64,34,0.53125,20,0.3125,10,0.15625,0.53125,3
S16,EMATentMinGate050,0.7950618863105774,0.8975309431552887,0.9387186765670776,1,0.2307407170534134,0.5,0.2692592829465866,0.0,0.5,4,64,32,0.5,16,0.25,16,0.25,0.5,3
S16,EMATentMinGate050,0.6345036029815674,0.8172518014907837,0.9822964072227478,1,0.2548244595527649,0.5,0.2451755404472351,0.0,0.5,5,64,43,0.671875,16,0.25,5,0.078125,0.671875,3
S16,EMATentMinGate050,0.715035617351532,0.857517808675766,0.9741983413696289,1,0.24274465739727022,0.5,0.2572553426027298,0.0,0.5,6,60,26,0.43333333333333335,22,0.36666666666666664,12,0.2,0.43333333333333335,3
S17,EMATent,0.927463173866272,0.927463173866272,0.7666001319885254,1,0.2217610478401184,0.5,0.2782389521598816,0.0,0.0,0,64,37,0.578125,19,0.296875,8,0.125,0.578125,3
S17,EMATent,0.9776638746261597,0.9776638746261597,0.7398826479911804,1,0.2067008376121521,0.5,0.29329916238784787,0.0,0.0,1,64,28,0.4375,17,0.265625,19,0.296875,0.4375,3
S17,EMATent,0.9758175015449524,0.9758175015449524,0.7572661638259888,1,0.2072547495365143,0.5,0.2927452504634857,0.0,0.0,2,64,28,0.4375,24,0.375,12,0.1875,0.4375,3
S17,EMATent,0.864028811454773,0.864028811454773,0.8316757082939148,1,0.24079135656356812,0.5,0.25920864343643185,0.0,0.0,3,64,39,0.609375,21,0.328125,4,0.0625,0.609375,3
S17,EMATent,0.968440055847168,0.968440055847168,0.7567698955535889,1,0.20946798324584961,0.5,0.29053201675415036,0.0,0.0,4,64,30,0.46875,25,0.390625,9,0.140625,0.46875,3
S17,EMATent,0.9370249509811401,0.9370249509811401,0.7848723530769348,1,0.21889251470565796,0.5,0.28110748529434204,0.0,0.0,5,64,34,0.53125,20,0.3125,10,0.15625,0.53125,3
S17,EMATent,0.923954427242279,0.923954427242279,0.7808406949043274,1,0.2228136718273163,0.5,0.2771863281726837,0.0,0.0,6,64,35,0.546875,19,0.296875,10,0.15625,0.546875,3
S17,EMATent,0.8031406402587891,0.8031406402587891,0.8218412399291992,1,0.25905780792236327,0.5,0.2409421920776367,0.0,0.0,7,8,6,0.75,0,0.0,2,0.25,0.75,2
S17,EMATentProbe025,0.9255416989326477,0.9255416989326477,0.7712984681129456,1,0.2223374903202057,0.5,0.2776625096797943,0.25,0.0,0,64,37,0.578125,19,0.296875,8,0.125,0.578125,3
S17,EMATentProbe025,0.9762175679206848,0.9762175679206848,0.7438970804214478,1,0.20713472962379456,0.5,0.2928652703762054,0.25,0.0,1,64,28,0.4375,17,0.265625,19,0.296875,0.4375,3
S17,EMATentProbe025,0.974862813949585,0.974862813949585,0.7611837387084961,1,0.20754115581512453,0.5,0.2924588441848755,0.25,0.0,2,64,28,0.4375,24,0.375,12,0.1875,0.4375,3
S17,EMATentProbe025,0.8662816882133484,0.8662816882133484,0.8347421884536743,1,0.24011549353599548,0.5,0.2598845064640045,0.25,0.0,3,64,39,0.609375,21,0.328125,4,0.0625,0.609375,3
S17,EMATentProbe025,0.9671027064323425,0.9671027064323425,0.7602115273475647,1,0.20986918807029725,0.5,0.29013081192970275,0.25,0.0,4,64,30,0.46875,25,0.390625,9,0.140625,0.46875,3
S17,EMATentProbe025,0.9363714456558228,0.9363714456558228,0.7890834808349609,1,0.21908856630325318,0.5,0.2809114336967468,0.25,0.0,5,64,34,0.53125,20,0.3125,10,0.15625,0.53125,3
S17,EMATentProbe025,0.9237749576568604,0.9237749576568604,0.7840113639831543,1,0.22286751270294192,0.5,0.2771324872970581,0.25,0.0,6,64,35,0.546875,19,0.296875,10,0.15625,0.546875,3
S17,EMATentProbe025,0.8181073665618896,0.8181073665618896,0.8302873969078064,1,0.2545677900314331,0.5,0.24543220996856688,0.25,0.0,7,8,6,0.75,0,0.0,2,0.25,0.75,2
S17,EMATentProbe050,0.9243809580802917,0.9243809580802917,0.7750876545906067,1,0.2226857125759125,0.5,0.27731428742408754,0.5,0.0,0,64,37,0.578125,19,0.296875,8,0.125,0.578125,3
S17,EMATentProbe050,0.9751228094100952,0.9751228094100952,0.7463540434837341,1,0.20746315717697145,0.5,0.29253684282302855,0.5,0.0,1,64,28,0.4375,17,0.265625,19,0.296875,0.4375,3
S17,EMATentProbe050,0.9742393493652344,0.9742393493652344,0.7639945149421692,1,0.2077281951904297,0.5,0.2922718048095703,0.5,0.0,2,64,28,0.4375,24,0.375,12,0.1875,0.4375,3
S17,EMATentProbe050,0.8692513704299927,0.8692513704299927,0.8370610475540161,1,0.2392245888710022,0.5,0.26077541112899777,0.5,0.0,3,64,39,0.609375,21,0.328125,4,0.0625,0.609375,3
S17,EMATentProbe050,0.9661630988121033,0.9661630988121033,0.7622310519218445,1,0.21015107035636904,0.5,0.28984892964363096,0.5,0.0,4,64,30,0.46875,25,0.390625,9,0.140625,0.46875,3
S17,EMATentProbe050,0.935736894607544,0.935736894607544,0.7922823429107666,1,0.21927893161773682,0.5,0.2807210683822632,0.5,0.0,5,64,34,0.53125,20,0.3125,10,0.15625,0.53125,3
S17,EMATentProbe050,0.9240758419036865,0.9240758419036865,0.785232424736023,1,0.22277724742889404,0.5,0.27722275257110596,0.5,0.0,6,64,35,0.546875,19,0.296875,10,0.15625,0.546875,3
S17,EMATentProbe050,0.8266549706459045,0.8266549706459045,0.8420395255088806,1,0.2520035088062286,0.5,0.24799649119377135,0.5,0.0,7,8,6,0.75,0,0.0,2,0.25,0.75,2
S17,EMATentProbe100,0.9240593314170837,0.9240593314170837,0.7807090878486633,1,0.22278220057487488,0.5,0.2772177994251251,1.0,0.0,0,64,37,0.578125,19,0.296875,8,0.125,0.578125,3
S17,EMATentProbe100,0.9730842709541321,0.9730842709541321,0.7506557106971741,1,0.20807471871376038,0.5,0.2919252812862396,1.0,0.0,1,64,28,0.4375,17,0.265625,19,0.296875,0.4375,3
S17,EMATentProbe100,0.9727679491043091,0.9727679491043091,0.7671111822128296,1,0.20816961526870728,0.5,0.2918303847312927,1.0,0.0,2,64,28,0.4375,24,0.375,12,0.1875,0.4375,3
S17,EMATentProbe100,0.8785135746002197,0.8785135746002197,0.8377827405929565,1,0.2364459276199341,0.5,0.2635540723800659,1.0,0.0,3,64,39,0.609375,21,0.328125,4,0.0625,0.609375,3
S17,EMATentProbe100,0.9632875919342041,0.9632875919342041,0.7692787647247314,1,0.2110137224197388,0.5,0.28898627758026124,1.0,0.0,4,64,30,0.46875,25,0.390625,9,0.140625,0.46875,3
S17,EMATentProbe100,0.9321740865707397,0.9321740865707397,0.7994116544723511,1,0.2203477740287781,0.5,0.2796522259712219,1.0,0.0,5,64,34,0.53125,20,0.3125,10,0.15625,0.53125,3
S17,EMATentProbe100,0.9233472943305969,0.9233472943305969,0.7881495356559753,1,0.22299581170082095,0.5,0.27700418829917905,1.0,0.0,6,64,35,0.546875,19,0.296875,10,0.15625,0.546875,3
S17,EMATentProbe100,0.8345019221305847,0.8345019221305847,0.867554783821106,1,0.2496494233608246,0.5,0.2503505766391754,1.0,0.0,7,8,6,0.75,0,0.0,2,0.25,0.75,2
S17,EMATentMinGate025,0.927463173866272,0.945597380399704,0.7666001319885254,1,0.21632078588008882,0.5,0.2836792141199112,0.0,0.25,0,64,37,0.578125,19,0.296875,8,0.125,0.578125,3
S17,EMATentMinGate025,0.9776719808578491,0.9832539856433868,0.7398478388786316,1,0.20502380430698397,0.5,0.29497619569301603,0.0,0.25,1,64,28,0.4375,17,0.265625,19,0.296875,0.4375,3
S17,EMATentMinGate025,0.9758239984512329,0.9818679988384247,0.7572264671325684,1,0.2054396003484726,0.5,0.2945603996515274,0.0,0.25,2,64,28,0.4375,24,0.375,12,0.1875,0.4375,3
S17,EMATentMinGate025,0.864051878452301,0.8980389088392258,0.8316358327865601,1,0.23058832734823229,0.5,0.26941167265176774,0.0,0.25,3,64,39,0.609375,21,0.328125,4,0.0625,0.609375,3
S17,EMATentMinGate025,0.9684631824493408,0.9763473868370056,0.7566580772399902,1,0.20709578394889833,0.5,0.2929042160511017,0.0,0.25,4,64,30,0.46875,25,0.390625,9,0.140625,0.46875,3
S17,EMATentMinGate025,0.937081515789032,0.952811136841774,0.7847390174865723,1,0.21415665894746783,0.5,0.2858433410525322,0.0,0.25,5,64,34,0.53125,20,0.3125,10,0.15625,0.53125,3
S17,EMATentMinGate025,0.9240067005157471,0.9430050253868103,0.7807290554046631,1,0.21709849238395693,0.5,0.2829015076160431,0.0,0.25,6,64,35,0.546875,19,0.296875,10,0.15625,0.546875,3
S17,EMATentMinGate025,0.8032503724098206,0.8524377793073654,0.8218095898628235,1,0.2442686662077904,0.5,0.25573133379220964,0.0,0.25,7,8,6,0.75,0,0.0,2,0.25,0.75,2
S17,EMATentMinGate050,0.927463173866272,0.963731586933136,0.7666001319885254,1,0.2108805239200592,0.5,0.28911947607994076,0.0,0.5,0,64,37,0.578125,19,0.296875,8,0.125,0.578125,3
S17,EMATentMinGate050,0.9776801466941833,0.9888400733470917,0.7398131489753723,1,0.2033479779958725,0.5,0.2966520220041275,0.0,0.5,1,64,28,0.4375,17,0.265625,19,0.296875,0.4375,3
S17,EMATentMinGate050,0.975830614566803,0.9879153072834015,0.7571874856948853,1,0.20362540781497956,0.5,0.29637459218502044,0.0,0.5,2,64,28,0.4375,24,0.375,12,0.1875,0.4375,3
S17,EMATentMinGate050,0.8640749454498291,0.9320374727249146,0.8315958976745605,1,0.22038875818252565,0.5,0.2796112418174744,0.0,0.5,3,64,39,0.609375,21,0.328125,4,0.0625,0.609375,3
S17,EMATentMinGate050,0.9684863090515137,0.9842431545257568,0.756546676158905,1,0.20472705364227295,0.5,0.29527294635772705,0.0,0.5,4,64,30,0.46875,25,0.390625,9,0.140625,0.46875,3
S17,EMATentMinGate050,0.9371382594108582,0.9685691297054291,0.7846044301986694,1,0.2094292610883713,0.5,0.2905707389116287,0.0,0.5,5,64,34,0.53125,20,0.3125,10,0.15625,0.53125,3
S17,EMATentMinGate050,0.9240591526031494,0.9620295763015747,0.7806164622306824,1,0.2113911271095276,0.5,0.2886088728904724,0.0,0.5,6,64,35,0.546875,19,0.296875,10,0.15625,0.546875,3
S17,EMATentMinGate050,0.8033607006072998,0.9016803503036499,0.8217774033546448,1,0.22949589490890504,0.5,0.27050410509109496,0.0,0.5,7,8,6,0.75,0,0.0,2,0.25,0.75,2
