Subject,Method,raw_gate,effective_gate,confidence,updated,effective_source_weight,effective_ema_weight,effective_batch_weight,probe_gate,min_gate,batch_index,batch_size,true_class_0_count,true_class_0_ratio,true_class_1_count,true_class_1_ratio,true_max_class_ratio,true_num_present_classes,g_mi,effective_mi_gate,diversity_norm,sample_entropy_norm,w_source,w_ema,w_batch,rho,n_eff,alpha,entropy_updated,loss_entropy,gate_threshold,gate_aware_ema,dynamic_mixture_weights,pred_class_0_count,pred_class_0_ratio,pred_class_1_count,pred_class_1_ratio,pred_max_class_ratio,pred_num_present_classes,true_imbalance,dua_momentum,rotta_memory_occupancy,note_memory_occupancy,note_updated,note_loss,delta_loss,delta_used_samples
S1,EMATent,0.9807481169700623,0.9807481169700623,0.6112730503082275,1.0,0.20577556490898133,0.5,0.29422443509101864,0.0,0.0,0,64,47,0.734375,17.0,0.265625,0.734375,2,,,,,,,,,,,,,,,,,,,,,,,,,,,,,
S1,EMATent,0.9736644625663757,0.9736644625663757,0.6277356147766113,1.0,0.2079006612300873,0.5,0.29209933876991273,0.0,0.0,1,64,19,0.296875,45.0,0.703125,0.703125,2,,,,,,,,,,,,,,,,,,,,,,,,,,,,,
S1,EMATent,0.8201050162315369,0.8201050162315369,0.7597371339797974,1.0,0.25396849513053893,0.5,0.24603150486946104,0.0,0.0,2,64,41,0.640625,23.0,0.359375,0.640625,2,,,,,,,,,,,,,,,,,,,,,,,,,,,,,
S1,EMATent,0.9938268661499023,0.9938268661499023,0.672234296798706,1.0,0.2018519401550293,0.5,0.29814805984497067,0.0,0.0,3,64,36,0.5625,28.0,0.4375,0.5625,2,,,,,,,,,,,,,,,,,,,,,,,,,,,,,
S1,EMATent,0.9315522909164429,0.9315522909164429,0.6527892351150513,1.0,0.22053431272506716,0.5,0.2794656872749329,0.0,0.0,4,10,0,0.0,10.0,1.0,1.0,1,,,,,,,,,,,,,,,,,,,,,,,,,,,,,
S1,DynaMixEMATent,,,,,,,,,,0,64,47,0.734375,17.0,0.265625,0.734375,2,0.03937258943915367,0.9807481169700623,0.9807481169700623,0.9413754940032959,0.4322150354907947,0.2735605294181867,0.29422443509101864,0.3876027210625601,62.767879486083984,0.19999999999999996,1.0,0.655042290687561,0.2,0.0,1.0,27.0,0.421875,37.0,0.578125,0.578125,2.0,0.234375,,,,,,,
S1,DynaMixEMATent,,,,,,,,,,1,64,19,0.296875,45.0,0.703125,0.703125,2,0.06151045486330986,0.9445433616638184,0.9445433616638184,0.8830328583717346,0.2736701872158339,0.44296680428502067,0.2833630084991455,0.6181188098556205,123.21865463256836,0.19999999999999996,1.0,0.6578389406204224,0.2,0.0,1.0,27.0,0.421875,37.0,0.578125,0.578125,2.0,0.203125,,,,,,,
S1,DynaMixEMATent,,,,,,,,,,2,64,41,0.640625,23.0,0.359375,0.640625,2,0.09883429855108261,0.9874877333641052,0.9874877333641052,0.8886534571647644,0.16402827189291744,0.539725408097851,0.29624632000923157,0.7669237454004232,186.4178695678711,0.19999999999999996,1.0,0.4433923363685608,0.2,0.0,1.0,36.0,0.5625,28.0,0.4375,0.5625,2.0,0.140625,,,,,,,
S1,DynaMixEMATent,,,,,,,,,,3,64,36,0.5625,28.0,0.4375,0.5625,2,0.053899966180324554,0.9841325283050537,0.9841325283050537,0.930232584476471,0.10042405717509764,0.6043361843333863,0.2952397584915161,0.8575060690708831,249.40235137939453,0.19999999999999996,1.0,0.4550846815109253,0.2,0.0,1.0,51.0,0.796875,13.0,0.203125,0.796875,2.0,0.0625,,,,,,,
S1,DynaMixEMATent,,,,,,,,,,4,10,0,0.0,10.0,1.0,1.0,1,0.023295221850275993,0.9783856272697449,0.9783856272697449,0.9550904035568237,0.09326162812143286,0.6132226836976437,0.29351568818092344,0.8679919333505084,259.186207652092,0.19999999999999996,1.0,0.5857917666435242,0.2,0.0,1.0,10.0,1.0,0.0,0.0,1.0,1.0,0.5,,,,,,,
S1,TEMA,,,,,,,,,,0,64,47,0.734375,17.0,0.265625,0.734375,2,,,,,,,,,,,,,,,,,,,,,,,,,,,,,
S1,TEMA,,,,,,,,,,1,64,19,0.296875,45.0,0.703125,0.703125,2,,,,,,,,,,,,,,,,,,,,,,,,,,,,,
S1,TEMA,,,,,,,,,,2,64,41,0.640625,23.0,0.359375,0.640625,2,,,,,,,,,,,,,,,,,,,,,,,,,,,,,
S1,TEMA,,,,,,,,,,3,64,36,0.5625,28.0,0.4375,0.5625,2,,,,,,,,,,,,,,,,,,,,,,,,,,,,,
S1,TEMA,,,,,,,,,,4,10,0,0.0,10.0,1.0,1.0,1,,,,,,,,,,,,,,,,,,,,,,,,,,,,,
S1,DUA,,,,,,,,,,0,64,47,0.734375,17.0,0.265625,0.734375,2,,,,,,,,,,,,,,,,,,,,,,,0.099,,,,,,
S1,DUA,,,,,,,,,,1,64,19,0.296875,45.0,0.703125,0.703125,2,,,,,,,,,,,,,,,,,,,,,,,0.09336,,,,,,
S1,DUA,,,,,,,,,,2,64,41,0.640625,23.0,0.359375,0.640625,2,,,,,,,,,,,,,,,,,,,,,,,0.0880584,,,,,,
S1,DUA,,,,,,,,,,3,64,36,0.5625,28.0,0.4375,0.5625,2,,,,,,,,,,,,,,,,,,,,,,,0.083074896,,,,,,
S1,DUA,,,,,,,,,,4,10,0,0.0,10.0,1.0,1.0,1,,,,,,,,,,,,,,,,,,,,,,,0.07839040223999999,,,,,,
S1,RoTTA,,,,,,,,,,0,64,47,0.734375,17.0,0.265625,0.734375,2,,,,,,,,,,,,,,,,,,,,,,,,53.0,,,,,
S1,RoTTA,,,,,,,,,,1,64,19,0.296875,45.0,0.703125,0.703125,2,,,,,,,,,,,,,,,,,,,,,,,,64.0,,,,,
S1,RoTTA,,,,,,,,,,2,64,41,0.640625,23.0,0.359375,0.640625,2,,,,,,,,,,,,,,,,,,,,,,,,64.0,,,,,
S1,RoTTA,,,,,,,,,,3,64,36,0.5625,28.0,0.4375,0.5625,2,,,,,,,,,,,,,,,,,,,,,,,,64.0,,,,,
S1,RoTTA,,,,,,,,,,4,10,0,0.0,10.0,1.0,1.0,1,,,,,,,,,,,,,,,,,,,,,,,,64.0,,,,,
S1,NOTE,,,,,,,,,,0,64,47,0.734375,17.0,0.265625,0.734375,2,,,,,,,,,,,,,,,,,,,,,,,,,64.0,1.0,0.6417566537857056,,
S1,NOTE,,,,,,,,,,1,64,19,0.296875,45.0,0.703125,0.703125,2,,,,,,,,,,,,,,,,,,,,,,,,,64.0,1.0,0.5810626745223999,,
S1,NOTE,,,,,,,,,,2,64,41,0.640625,23.0,0.359375,0.640625,2,,,,,,,,,,,,,,,,,,,,,,,,,64.0,1.0,0.5844516158103943,,
S1,NOTE,,,,,,,,,,3,64,36,0.5625,28.0,0.4375,0.5625,2,,,,,,,,,,,,,,,,,,,,,,,,,64.0,1.0,0.5902474522590637,,
S1,NOTE,,,,,,,,,,4,10,0,0.0,10.0,1.0,1.0,1,,,,,,,,,,,,,,,,,,,,,,,,,64.0,0.0,,,
S1,DELTA,,,,,,,,,,0,64,47,0.734375,17.0,0.265625,0.734375,2,,,,,,,,,,,,,,,,,,,,,,,,,,,,0.23621894419193268,1.0
S1,DELTA,,,,,,,,,,1,64,19,0.296875,45.0,0.703125,0.703125,2,,,,,,,,,,,,,,,,,,,,,,,,,,,,0.07925969362258911,17.0
S1,DELTA,,,,,,,,,,2,64,41,0.640625,23.0,0.359375,0.640625,2,,,,,,,,,,,,,,,,,,,,,,,,,,,,0.10092607885599136,56.0
S1,DELTA,,,,,,,,,,3,64,36,0.5625,28.0,0.4375,0.5625,2,,,,,,,,,,,,,,,,,,,,,,,,,,,,0.08376405388116837,49.0
S1,DELTA,,,,,,,,,,4,10,0,0.0,10.0,1.0,1.0,1,,,,,,,,,,,,,,,,,,,,,,,,,,,,0.19280457496643066,4.0
S2,EMATent,0.9914031624794006,0.9914031624794006,0.6842595338821411,1.0,0.2025790512561798,0.5,0.2974209487438202,0.0,0.0,0,64,50,0.78125,14.0,0.21875,0.78125,2,,,,,,,,,,,,,,,,,,,,,,,,,,,,,
S2,EMATent,0.993725061416626,0.993725061416626,0.6426578760147095,1.0,0.2018824815750122,0.5,0.2981175184249878,0.0,0.0,1,64,37,0.578125,27.0,0.421875,0.578125,2,,,,,,,,,,,,,,,,,,,,,,,,,,,,,
S2,EMATent,0.978816032409668,0.978816032409668,0.6848114728927612,1.0,0.20635519027709961,0.5,0.29364480972290036,0.0,0.0,2,64,54,0.84375,10.0,0.15625,0.84375,2,,,,,,,,,,,,,,,,,,,,,,,,,,,,,
S2,EMATent,0.9899023771286011,0.9899023771286011,0.7088375091552734,1.0,0.2030292868614197,0.5,0.2969707131385803,0.0,0.0,3,61,22,0.36065573770491804,39.0,0.639344262295082,0.639344262295082,2,,,,,,,,,,,,,,,,,,,,,,,,,,,,,
S2,DynaMixEMATent,,,,,,,,,,0,64,50,0.78125,14.0,0.21875,0.78125,2,0.14638321101665497,0.9914031624794006,0.9914031624794006,0.8450199961662292,0.42797138767302084,0.27460766358315897,0.2974209487438202,0.39085660623124585,63.44980239868164,0.19999999999999996,1.0,0.5789000988006592,0.2,0.0,1.0,28.0,0.4375,36.0,0.5625,0.5625,2.0,0.28125,,,,,,,
S2,DynaMixEMATent,,,,,,,,,,1,64,37,0.578125,27.0,0.421875,0.578125,2,0.08228045701980591,0.99559485912323,0.99559485912323,0.9133144021034241,0.25968450759519524,0.44163703466783577,0.298678457736969,0.6297211878630695,127.16787338256836,0.19999999999999996,1.0,0.5799933671951294,0.2,0.0,1.0,32.0,0.5,32.0,0.5,0.5,2.0,0.078125,,,,,,,
S2,DynaMixEMATent,,,,,,,,,,2,64,54,0.84375,10.0,0.15625,0.84375,2,0.1222175806760788,0.9572819471359253,0.9572819471359253,0.8350643515586853,0.16354407383329844,0.5492713420259239,0.2871845841407776,0.7705660256573384,188.43391799926758,0.19999999999999996,1.0,0.5561937689781189,0.2,0.0,1.0,57.0,0.890625,7.0,0.109375,0.890625,2.0,0.34375,,,,,,,
S2,DynaMixEMATent,,,,,,,,,,3,61,22,0.36065573770491804,39.0,0.639344262295082,0.639344262295082,2,0.14481927454471588,0.9954744577407837,0.9954744577407837,0.8506551384925842,0.10013028560737566,0.6012273770703892,0.2986423373222351,0.8572336328014427,249.15785992145538,0.19999999999999996,1.0,0.49052944779396057,0.2,0.0,1.0,31.0,0.5081967213114754,30.0,0.4918032786885246,0.5081967213114754,2.0,0.139344262295082,,,,,,,
S2,TEMA,,,,,,,,,,0,64,50,0.78125,14.0,0.21875,0.78125,2,,,,,,,,,,,,,,,,,,,,,,,,,,,,,
S2,TEMA,,,,,,,,,,1,64,37,0.578125,27.0,0.421875,0.578125,2,,,,,,,,,,,,,,,,,,,,,,,,,,,,,
S2,TEMA,,,,,,,,,,2,64,54,0.84375,10.0,0.15625,0.84375,2,,,,,,,,,,,,,,,,,,,,,,,,,,,,,
S2,TEMA,,,,,,,,,,3,61,22,0.36065573770491804,39.0,0.639344262295082,0.639344262295082,2,,,,,,,,,,,,,,,,,,,,,,,,,,,,,
S2,DUA,,,,,,,,,,0,64,50,0.78125,14.0,0.21875,0.78125,2,,,,,,,,,,,,,,,,,,,,,,,0.099,,,,,,
S2,DUA,,,,,,,,,,1,64,37,0.578125,27.0,0.421875,0.578125,2,,,,,,,,,,,,,,,,,,,,,,,0.09336,,,,,,
S2,DUA,,,,,,,,,,2,64,54,0.84375,10.0,0.15625,0.84375,2,,,,,,,,,,,,,,,,,,,,,,,0.0880584,,,,,,
S2,DUA,,,,,,,,,,3,61,22,0.36065573770491804,39.0,0.639344262295082,0.639344262295082,2,,,,,,,,,,,,,,,,,,,,,,,0.083074896,,,,,,
S2,RoTTA,,,,,,,,,,0,64,50,0.78125,14.0,0.21875,0.78125,2,,,,,,,,,,,,,,,,,,,,,,,,51.0,,,,,
S2,RoTTA,,,,,,,,,,1,64,37,0.578125,27.0,0.421875,0.578125,2,,,,,,,,,,,,,,,,,,,,,,,,64.0,,,,,
S2,RoTTA,,,,,,,,,,2,64,54,0.84375,10.0,0.15625,0.84375,2,,,,,,,,,,,,,,,,,,,,,,,,64.0,,,,,
S2,RoTTA,,,,,,,,,,3,61,22,0.36065573770491804,39.0,0.639344262295082,0.639344262295082,2,,,,,,,,,,,,,,,,,,,,,,,,64.0,,,,,
S2,NOTE,,,,,,,,,,0,64,50,0.78125,14.0,0.21875,0.78125,2,,,,,,,,,,,,,,,,,,,,,,,,,64.0,1.0,0.5733658075332642,,
S2,NOTE,,,,,,,,,,1,64,37,0.578125,27.0,0.421875,0.578125,2,,,,,,,,,,,,,,,,,,,,,,,,,64.0,1.0,0.5723223090171814,,
S2,NOTE,,,,,,,,,,2,64,54,0.84375,10.0,0.15625,0.84375,2,,,,,,,,,,,,,,,,,,,,,,,,,64.0,1.0,0.6609739065170288,,
S2,NOTE,,,,,,,,,,3,61,22,0.36065573770491804,39.0,0.639344262295082,0.639344262295082,2,,,,,,,,,,,,,,,,,,,,,,,,,64.0,0.0,,,
S2,DELTA,,,,,,,,,,0,64,50,0.78125,14.0,0.21875,0.78125,2,,,,,,,,,,,,,,,,,,,,,,,,,,,,0.25197112560272217,4.0
S2,DELTA,,,,,,,,,,1,64,37,0.578125,27.0,0.421875,0.578125,2,,,,,,,,,,,,,,,,,,,,,,,,,,,,0.2274141162633896,10.0
S2,DELTA,,,,,,,,,,2,64,54,0.84375,10.0,0.15625,0.84375,2,,,,,,,,,,,,,,,,,,,,,,,,,,,,0.15911592543125153,47.0
S2,DELTA,,,,,,,,,,3,61,22,0.36065573770491804,39.0,0.639344262295082,0.639344262295082,2,,,,,,,,,,,,,,,,,,,,,,,,,,,,0.23496873676776886,43.0
S3,EMATent,0.5883578062057495,0.5883578062057495,0.8604081869125366,1.0,0.32349265813827516,0.5,0.17650734186172484,0.0,0.0,0,64,50,0.78125,14.0,0.21875,0.78125,2,,,,,,,,,,,,,,,,,,,,,,,,,,,,,
S3,EMATent,0.4773707687854767,0.4773707687854767,0.8994777202606201,1.0,0.356788769364357,0.5,0.143211230635643,0.0,0.0,1,64,6,0.09375,58.0,0.90625,0.90625,2,,,,,,,,,,,,,,,,,,,,,,,,,,,,,
S3,EMATent,0.7590852379798889,0.7590852379798889,0.7926199436187744,1.0,0.27227442860603335,0.5,0.22772557139396665,0.0,0.0,2,64,43,0.671875,21.0,0.328125,0.671875,2,,,,,,,,,,,,,,,,,,,,,,,,,,,,,
S3,EMATent,0.8749520182609558,0.8749520182609558,0.8184739947319031,1.0,0.23751439452171327,0.5,0.26248560547828675,0.0,0.0,3,64,36,0.5625,28.0,0.4375,0.5625,2,,,,,,,,,,,,,,,,,,,,,,,,,,,,,
S3,EMATent,0.7153105735778809,0.7153105735778809,0.803284227848053,1.0,0.28540682792663574,0.5,0.21459317207336426,0.0,0.0,4,11,11,1.0,,,1.0,1,,,,,,,,,,,,,,,,,,,,,,,,,,,,,
S3,DynaMixEMATent,,,,,,,,,,0,64,50,0.78125,14.0,0.21875,0.78125,2,0.08957604318857193,0.5883578062057495,0.5883578062057495,0.4987817704677582,0.6136199306565773,0.20987272748169783,0.17650734186172484,0.2548568289074624,37.65489959716797,0.19999999999999996,1.0,0.5636284351348877,0.2,0.0,1.0,7.0,0.109375,57.0,0.890625,0.890625,2.0,0.28125,,,,,,,
S3,DynaMixEMATent,,,,,,,,,,1,64,6,0.09375,58.0,0.90625,0.90625,2,0.07465583831071854,0.4309764802455902,0.4309764802455902,0.35632064938545227,0.5230298025663908,0.34767725335993216,0.12929294407367706,0.39930450889713676,65.23739433288574,0.19999999999999996,1.0,0.39542096853256226,0.2,0.0,1.0,2.0,0.03125,62.0,0.96875,0.96875,2.0,0.40625,,,,,,,
S3,DynaMixEMATent,,,,,,,,,,2,64,43,0.671875,21.0,0.328125,0.671875,2,0.09702104330062866,0.5451962947845459,0.5451962947845459,0.44817525148391724,0.38256203714243375,0.45387907442220243,0.16355888843536376,0.5426312362542558,100.12995719909668,0.19999999999999996,1.0,0.6161667108535767,0.2,0.0,1.0,12.0,0.1875,52.0,0.8125,0.8125,2.0,0.171875,,,,,,,
S3,DynaMixEMATent,,,,,,,,,,3,64,36,0.5625,28.0,0.4375,0.5625,2,0.04936134070158005,0.40519240498542786,0.40519240498542786,0.3558310866355896,0.3280902450054888,0.5503520334988828,0.12155772149562835,0.6265090455754333,126.06227111816406,0.19999999999999996,1.0,0.5468113422393799,0.2,0.0,1.0,26.0,0.40625,38.0,0.59375,0.59375,2.0,0.0625,,,,,,,
S3,DynaMixEMATent,,,,,,,,,,4,11,11,1.0,,,1.0,1,0.0906759575009346,0.4629049003124237,0.4629049003124237,0.3722289204597473,0.3090803854348066,0.5520481444714662,0.1388714700937271,0.6410751999257909,131.15422502160072,0.19999999999999996,1.0,0.6723895072937012,0.2,0.0,1.0,3.0,0.2727272727272727,8.0,0.7272727272727273,0.7272727272727273,2.0,0.0,,,,,,,
S3,TEMA,,,,,,,,,,0,64,50,0.78125,14.0,0.21875,0.78125,2,,,,,,,,,,,,,,,,,,,,,,,,,,,,,
S3,TEMA,,,,,,,,,,1,64,6,0.09375,58.0,0.90625,0.90625,2,,,,,,,,,,,,,,,,,,,,,,,,,,,,,
S3,TEMA,,,,,,,,,,2,64,43,0.671875,21.0,0.328125,0.671875,2,,,,,,,,,,,,,,,,,,,,,,,,,,,,,
S3,TEMA,,,,,,,,,,3,64,36,0.5625,28.0,0.4375,0.5625,2,,,,,,,,,,,,,,,,,,,,,,,,,,,,,
S3,TEMA,,,,,,,,,,4,11,11,1.0,0.0,0.0,1.0,1,,,,,,,,,,,,,,,,,,,,,,,,,,,,,
S3,DUA,,,,,,,,,,0,64,50,0.78125,14.0,0.21875,0.78125,2,,,,,,,,,,,,,,,,,,,,,,,0.099,,,,,,
S3,DUA,,,,,,,,,,1,64,6,0.09375,58.0,0.90625,0.90625,2,,,,,,,,,,,,,,,,,,,,,,,0.09336,,,,,,
S3,DUA,,,,,,,,,,2,64,43,0.671875,21.0,0.328125,0.671875,2,,,,,,,,,,,,,,,,,,,,,,,0.0880584,,,,,,
S3,DUA,,,,,,,,,,3,64,36,0.5625,28.0,0.4375,0.5625,2,,,,,,,,,,,,,,,,,,,,,,,0.083074896,,,,,,
S3,DUA,,,,,,,,,,4,11,11,1.0,0.0,0.0,1.0,1,,,,,,,,,,,,,,,,,,,,,,,0.07839040223999999,,,,,,
S3,RoTTA,,,,,,,,,,0,64,50,0.78125,14.0,0.21875,0.78125,2,,,,,,,,,,,,,,,,,,,,,,,,55.0,,,,,
S3,RoTTA,,,,,,,,,,1,64,6,0.09375,58.0,0.90625,0.90625,2,,,,,,,,,,,,,,,,,,,,,,,,64.0,,,,,
S3,RoTTA,,,,,,,,,,2,64,43,0.671875,21.0,0.328125,0.671875,2,,,,,,,,,,,,,,,,,,,,,,,,64.0,,,,,
S3,RoTTA,,,,,,,,,,3,64,36,0.5625,28.0,0.4375,0.5625,2,,,,,,,,,,,,,,,,,,,,,,,,64.0,,,,,
S3,RoTTA,,,,,,,,,,4,11,11,1.0,0.0,0.0,1.0,1,,,,,,,,,,,,,,,,,,,,,,,,64.0,,,,,
S3,NOTE,,,,,,,,,,0,64,50,0.78125,14.0,0.21875,0.78125,2,,,,,,,,,,,,,,,,,,,,,,,,,64.0,1.0,0.6166884899139404,,
S3,NOTE,,,,,,,,,,1,64,6,0.09375,58.0,0.90625,0.90625,2,,,,,,,,,,,,,,,,,,,,,,,,,64.0,1.0,0.5908539295196533,,
S3,NOTE,,,,,,,,,,2,64,43,0.671875,21.0,0.328125,0.671875,2,,,,,,,,,,,,,,,,,,,,,,,,,64.0,1.0,0.5721480846405029,,
S3,NOTE,,,,,,,,,,3,64,36,0.5625,28.0,0.4375,0.5625,2,,,,,,,,,,,,,,,,,,,,,,,,,64.0,1.0,0.6338247060775757,,
S3,NOTE,,,,,,,,,,4,11,11,1.0,0.0,0.0,1.0,1,,,,,,,,,,,,,,,,,,,,,,,,,64.0,0.0,,,
S3,DELTA,,,,,,,,,,0,64,50,0.78125,14.0,0.21875,0.78125,2,,,,,,,,,,,,,,,,,,,,,,,,,,,,0.17341546714305878,4.0
S3,DELTA,,,,,,,,,,1,64,6,0.09375,58.0,0.90625,0.90625,2,,,,,,,,,,,,,,,,,,,,,,,,,,,,0.1275421380996704,53.0
S3,DELTA,,,,,,,,,,2,64,43,0.671875,21.0,0.328125,0.671875,2,,,,,,,,,,,,,,,,,,,,,,,,,,,,0.2559453248977661,24.0
S3,DELTA,,,,,,,,,,3,64,36,0.5625,28.0,0.4375,0.5625,2,,,,,,,,,,,,,,,,,,,,,,,,,,,,0.18976296484470367,29.0
S3,DELTA,,,,,,,,,,4,11,11,1.0,0.0,0.0,1.0,1,,,,,,,,,,,,,,,,,,,,,,,,,,,,0.2746007740497589,2.0
S4,EMATent,0.9810284376144409,0.9810284376144409,0.7433178424835205,1.0,0.20569146871566774,0.5,0.29430853128433226,0.0,0.0,0,64,35,0.546875,29.0,0.453125,0.546875,2,,,,,,,,,,,,,,,,,,,,,,,,,,,,,
S4,EMATent,0.6542725563049316,0.6542725563049316,0.8544729351997375,1.0,0.30371823310852053,0.5,0.1962817668914795,0.0,0.0,1,64,20,0.3125,44.0,0.6875,0.6875,2,,,,,,,,,,,,,,,,,,,,,,,,,,,,,
S4,EMATent,0.8507832884788513,0.8507832884788513,0.7236484289169312,1.0,0.2447650134563446,0.5,0.2552349865436554,0.0,0.0,2,64,35,0.546875,29.0,0.453125,0.546875,2,,,,,,,,,,,,,,,,,,,,,,,,,,,,,
S4,EMATent,0.9660083055496216,0.9660083055496216,0.7617323398590088,1.0,0.21019750833511353,0.5,0.2898024916648865,0.0,0.0,3,64,10,0.15625,54.0,0.84375,0.84375,2,,,,,,,,,,,,,,,,,,,,,,,,,,,,,
S4,EMATent,0.911170244216919,0.911170244216919,0.7157402634620667,1.0,0.22664892673492432,0.5,0.2733510732650757,0.0,0.0,4,11,0,0.0,11.0,1.0,1.0,1,,,,,,,,,,,,,,,,,,,,,,,,,,,,,
S4,DynaMixEMATent,,,,,,,,,,0,64,35,0.546875,29.0,0.453125,0.546875,2,0.2341674566268921,0.9810284376144409,0.9810284376144409,0.7468609809875488,0.4321029672752166,0.2735885014404511,0.29430853128433226,0.38768854884751835,62.78582000732422,0.19999999999999996,1.0,0.5518625974655151,0.2,0.0,1.0,4.0,0.0625,60.0,0.9375,0.9375,2.0,0.046875,,,,,,,
S4,DynaMixEMATent,,,,,,,,,,1,64,20,0.3125,44.0,0.6875,0.6875,2,0.14099429547786713,0.5992379784584045,0.5992379784584045,0.4582436978816986,0.37220689973200216,0.4480217067304765,0.17977139353752136,0.5462156564652457,101.13705062866211,0.19999999999999996,1.0,0.5623102784156799,0.2,0.0,1.0,11.0,0.171875,53.0,0.828125,0.828125,2.0,0.1875,,,,,,,
S4,DynaMixEMATent,,,,,,,,,,2,64,35,0.546875,29.0,0.453125,0.546875,2,0.04547346010804176,0.5594545006752014,0.5594545006752014,0.51398104429245,0.28547905319874955,0.5466845965986901,0.1678363502025604,0.6569436152753858,136.942138671875,0.19999999999999996,1.0,0.626324474811554,0.2,0.0,1.0,36.0,0.5625,28.0,0.4375,0.5625,2.0,0.046875,,,,,,,
S4,DynaMixEMATent,,,,,,,,,,3,64,10,0.15625,54.0,0.84375,0.84375,2,0.3376304507255554,0.9099583029747009,0.9099583029747009,0.5723278522491455,0.15823860846335086,0.5687739006442388,0.27298749089241026,0.7823440360639884,195.17947006225586,0.19999999999999996,1.0,0.4980774521827698,0.2,0.0,1.0,28.0,0.4375,36.0,0.5625,0.5625,2.0,0.34375,,,,,,,
S4,DynaMixEMATent,,,,,,,,,,4,11,0,0.0,11.0,1.0,1.0,1,0.1762678623199463,0.9912173748016357,0.9912173748016357,0.8149495124816895,0.14044485185142724,0.5621899357080822,0.2973652124404907,0.8001168539644327,206.08286118507385,0.19999999999999996,1.0,0.5362685322761536,0.2,0.0,1.0,9.0,0.8181818181818182,2.0,0.18181818181818182,0.8181818181818182,2.0,0.5,,,,,,,
S4,TEMA,,,,,,,,,,0,64,35,0.546875,29.0,0.453125,0.546875,2,,,,,,,,,,,,,,,,,,,,,,,,,,,,,
S4,TEMA,,,,,,,,,,1,64,20,0.3125,44.0,0.6875,0.6875,2,,,,,,,,,,,,,,,,,,,,,,,,,,,,,
S4,TEMA,,,,,,,,,,2,64,35,0.546875,29.0,0.453125,0.546875,2,,,,,,,,,,,,,,,,,,,,,,,,,,,,,
S4,TEMA,,,,,,,,,,3,64,10,0.15625,54.0,0.84375,0.84375,2,,,,,,,,,,,,,,,,,,,,,,,,,,,,,
S4,TEMA,,,,,,,,,,4,11,0,0.0,11.0,1.0,1.0,1,,,,,,,,,,,,,,,,,,,,,,,,,,,,,
S4,DUA,,,,,,,,,,0,64,35,0.546875,29.0,0.453125,0.546875,2,,,,,,,,,,,,,,,,,,,,,,,0.099,,,,,,
S4,DUA,,,,,,,,,,1,64,20,0.3125,44.0,0.6875,0.6875,2,,,,,,,,,,,,,,,,,,,,,,,0.09336,,,,,,
S4,DUA,,,,,,,,,,2,64,35,0.546875,29.0,0.453125,0.546875,2,,,,,,,,,,,,,,,,,,,,,,,0.0880584,,,,,,
S4,DUA,,,,,,,,,,3,64,10,0.15625,54.0,0.84375,0.84375,2,,,,,,,,,,,,,,,,,,,,,,,0.083074896,,,,,,
S4,DUA,,,,,,,,,,4,11,0,0.0,11.0,1.0,1.0,1,,,,,,,,,,,,,,,,,,,,,,,0.07839040223999999,,,,,,
S4,RoTTA,,,,,,,,,,0,64,35,0.546875,29.0,0.453125,0.546875,2,,,,,,,,,,,,,,,,,,,,,,,,59.0,,,,,
S4,RoTTA,,,,,,,,,,1,64,20,0.3125,44.0,0.6875,0.6875,2,,,,,,,,,,,,,,,,,,,,,,,,64.0,,,,,
S4,RoTTA,,,,,,,,,,2,64,35,0.546875,29.0,0.453125,0.546875,2,,,,,,,,,,,,,,,,,,,,,,,,64.0,,,,,
S4,RoTTA,,,,,,,,,,3,64,10,0.15625,54.0,0.84375,0.84375,2,,,,,,,,,,,,,,,,,,,,,,,,64.0,,,,,
S4,RoTTA,,,,,,,,,,4,11,0,0.0,11.0,1.0,1.0,1,,,,,,,,,,,,,,,,,,,,,,,,64.0,,,,,
S4,NOTE,,,,,,,,,,0,64,35,0.546875,29.0,0.453125,0.546875,2,,,,,,,,,,,,,,,,,,,,,,,,,64.0,1.0,0.6107050180435181,,
S4,NOTE,,,,,,,,,,1,64,20,0.3125,44.0,0.6875,0.6875,2,,,,,,,,,,,,,,,,,,,,,,,,,64.0,1.0,0.5436188578605652,,
S4,NOTE,,,,,,,,,,2,64,35,0.546875,29.0,0.453125,0.546875,2,,,,,,,,,,,,,,,,,,,,,,,,,64.0,1.0,0.5564206838607788,,
S4,NOTE,,,,,,,,,,3,64,10,0.15625,54.0,0.84375,0.84375,2,,,,,,,,,,,,,,,,,,,,,,,,,64.0,1.0,0.5370209217071533,,
S4,NOTE,,,,,,,,,,4,11,0,0.0,11.0,1.0,1.0,1,,,,,,,,,,,,,,,,,,,,,,,,,64.0,0.0,,,
S4,DELTA,,,,,,,,,,0,64,35,0.546875,29.0,0.453125,0.546875,2,,,,,,,,,,,,,,,,,,,,,,,,,,,,,0.0
S4,DELTA,,,,,,,,,,1,64,20,0.3125,44.0,0.6875,0.6875,2,,,,,,,,,,,,,,,,,,,,,,,,,,,,0.2083946317434311,14.0
S4,DELTA,,,,,,,,,,2,64,35,0.546875,29.0,0.453125,0.546875,2,,,,,,,,,,,,,,,,,,,,,,,,,,,,0.12009915709495544,32.0
S4,DELTA,,,,,,,,,,3,64,10,0.15625,54.0,0.84375,0.84375,2,,,,,,,,,,,,,,,,,,,,,,,,,,,,0.08334958553314209,43.0
S4,DELTA,,,,,,,,,,4,11,0,0.0,11.0,1.0,1.0,1,,,,,,,,,,,,,,,,,,,,,,,,,,,,,0.0
S5,EMATent,0.8513361215591431,0.8513361215591431,0.772223711013794,1.0,0.24459916353225708,0.5,0.2554008364677429,0.0,0.0,0,64,37,0.578125,27.0,0.421875,0.578125,2,,,,,,,,,,,,,,,,,,,,,,,,,,,,,
S5,EMATent,0.9938839673995972,0.9938839673995972,0.7192894220352173,1.0,0.20183480978012086,0.5,0.29816519021987914,0.0,0.0,1,64,33,0.515625,31.0,0.484375,0.515625,2,,,,,,,,,,,,,,,,,,,,,,,,,,,,,
S5,EMATent,0.9959190487861633,0.9959190487861633,0.7512577176094055,1.0,0.20122428536415102,0.5,0.298775714635849,0.0,0.0,2,64,24,0.375,40.0,0.625,0.625,2,,,,,,,,,,,,,,,,,,,,,,,,,,,,,
S5,EMATent,0.9935988187789917,0.9935988187789917,0.6569825410842896,1.0,0.2019203543663025,0.5,0.2980796456336975,0.0,0.0,3,64,36,0.5625,28.0,0.4375,0.5625,2,,,,,,,,,,,,,,,,,,,,,,,,,,,,,
S5,EMATent,0.9542375802993774,0.9542375802993774,0.6491833925247192,1.0,0.21372872591018677,0.5,0.28627127408981323,0.0,0.0,4,38,11,0.2894736842105263,27.0,0.7105263157894737,0.7105263157894737,2,,,,,,,,,,,,,,,,,,,,,,,,,,,,,
S5,DynaMixEMATent,,,,,,,,,,0,64,37,0.578125,27.0,0.421875,0.578125,2,0.13356396555900574,0.8513361215591431,0.8513361215591431,0.7177721858024597,0.4864713341500935,0.25812782938216355,0.2554008364677429,0.34666682696452034,54.485511779785156,0.19999999999999996,1.0,0.6093412637710571,0.2,0.0,1.0,53.0,0.828125,11.0,0.171875,0.828125,2.0,0.078125,,,,,,,
S5,DynaMixEMATent,,,,,,,,,,1,64,33,0.515625,31.0,0.484375,0.515625,2,0.23775827884674072,0.9970520734786987,0.9970520734786987,0.759293794631958,0.27814674585017685,0.4227376321062136,0.2991156220436096,0.603148886466573,118.29684448242188,0.19999999999999996,1.0,0.5101673007011414,0.2,0.0,1.0,32.0,0.5,32.0,0.5,0.5,2.0,0.015625,,,,,,,
S5,DynaMixEMATent,,,,,,,,,,2,64,24,0.375,40.0,0.625,0.625,2,0.3167247176170349,0.9901567697525024,0.9901567697525024,0.6734320521354675,0.1700372459466328,0.5329157231276165,0.29704703092575074,0.7581100679173991,181.66687774658203,0.19999999999999996,1.0,0.6207525730133057,0.2,0.0,1.0,33.0,0.515625,31.0,0.484375,0.515625,2.0,0.125,,,,,,,
S5,DynaMixEMATent,,,,,,,,,,3,64,36,0.5625,28.0,0.4375,0.5625,2,0.14094339311122894,0.9932006597518921,0.9932006597518921,0.852257251739502,0.10334958682110257,0.5986902152533298,0.2979601979255676,0.852786713067096,245.23171997070312,0.19999999999999996,1.0,0.5846588611602783,0.2,0.0,1.0,39.0,0.609375,25.0,0.390625,0.609375,2.0,0.0625,,,,,,,
S5,DynaMixEMATent,,,,,,,,,,4,38,11,0.2894736842105263,27.0,0.7105263157894737,0.7105263157894737,2,0.1504732072353363,0.9548213481903076,0.9548213481903076,0.8043481707572937,0.07911655543975314,0.6344370401031546,0.2864464044570923,0.889123177384374,281.5149312019348,0.19999999999999996,1.0,0.5758662223815918,0.2,0.0,1.0,25.0,0.6578947368421053,13.0,0.34210526315789475,0.6578947368421053,2.0,0.21052631578947367,,,,,,,
S5,TEMA,,,,,,,,,,0,64,37,0.578125,27.0,0.421875,0.578125,2,,,,,,,,,,,,,,,,,,,,,,,,,,,,,
S5,TEMA,,,,,,,,,,1,64,33,0.515625,31.0,0.484375,0.515625,2,,,,,,,,,,,,,,,,,,,,,,,,,,,,,
S5,TEMA,,,,,,,,,,2,64,24,0.375,40.0,0.625,0.625,2,,,,,,,,,,,,,,,,,,,,,,,,,,,,,
S5,TEMA,,,,,,,,,,3,64,36,0.5625,28.0,0.4375,0.5625,2,,,,,,,,,,,,,,,,,,,,,,,,,,,,,
S5,TEMA,,,,,,,,,,4,38,11,0.2894736842105263,27.0,0.7105263157894737,0.7105263157894737,2,,,,,,,,,,,,,,,,,,,,,,,,,,,,,
S5,DUA,,,,,,,,,,0,64,37,0.578125,27.0,0.421875,0.578125,2,,,,,,,,,,,,,,,,,,,,,,,0.099,,,,,,
S5,DUA,,,,,,,,,,1,64,33,0.515625,31.0,0.484375,0.515625,2,,,,,,,,,,,,,,,,,,,,,,,0.09336,,,,,,
S5,DUA,,,,,,,,,,2,64,24,0.375,40.0,0.625,0.625,2,,,,,,,,,,,,,,,,,,,,,,,0.0880584,,,,,,
S5,DUA,,,,,,,,,,3,64,36,0.5625,28.0,0.4375,0.5625,2,,,,,,,,,,,,,,,,,,,,,,,0.083074896,,,,,,
S5,DUA,,,,,,,,,,4,38,11,0.2894736842105263,27.0,0.7105263157894737,0.7105263157894737,2,,,,,,,,,,,,,,,,,,,,,,,0.07839040223999999,,,,,,
S5,RoTTA,,,,,,,,,,0,64,37,0.578125,27.0,0.421875,0.578125,2,,,,,,,,,,,,,,,,,,,,,,,,58.0,,,,,
S5,RoTTA,,,,,,,,,,1,64,33,0.515625,31.0,0.484375,0.515625,2,,,,,,,,,,,,,,,,,,,,,,,,64.0,,,,,
S5,RoTTA,,,,,,,,,,2,64,24,0.375,40.0,0.625,0.625,2,,,,,,,,,,,,,,,,,,,,,,,,64.0,,,,,
S5,RoTTA,,,,,,,,,,3,64,36,0.5625,28.0,0.4375,0.5625,2,,,,,,,,,,,,,,,,,,,,,,,,64.0,,,,,
S5,RoTTA,,,,,,,,,,4,38,11,0.2894736842105263,27.0,0.7105263157894737,0.7105263157894737,2,,,,,,,,,,,,,,,,,,,,,,,,64.0,,,,,
S5,NOTE,,,,,,,,,,0,64,37,0.578125,27.0,0.421875,0.578125,2,,,,,,,,,,,,,,,,,,,,,,,,,64.0,1.0,0.6021063327789307,,
S5,NOTE,,,,,,,,,,1,64,33,0.515625,31.0,0.484375,0.515625,2,,,,,,,,,,,,,,,,,,,,,,,,,64.0,1.0,0.5090630054473877,,
S5,NOTE,,,,,,,,,,2,64,24,0.375,40.0,0.625,0.625,2,,,,,,,,,,,,,,,,,,,,,,,,,64.0,1.0,0.5808364748954773,,
S5,NOTE,,,,,,,,,,3,64,36,0.5625,28.0,0.4375,0.5625,2,,,,,,,,,,,,,,,,,,,,,,,,,64.0,1.0,0.5799973607063293,,
S5,NOTE,,,,,,,,,,4,38,11,0.2894736842105263,27.0,0.7105263157894737,0.7105263157894737,2,,,,,,,,,,,,,,,,,,,,,,,,,64.0,0.0,,,
S5,DELTA,,,,,,,,,,0,64,37,0.578125,27.0,0.421875,0.578125,2,,,,,,,,,,,,,,,,,,,,,,,,,,,,0.1110842302441597,1.0
S5,DELTA,,,,,,,,,,1,64,33,0.515625,31.0,0.484375,0.515625,2,,,,,,,,,,,,,,,,,,,,,,,,,,,,0.044747598469257355,29.0
S5,DELTA,,,,,,,,,,2,64,24,0.375,40.0,0.625,0.625,2,,,,,,,,,,,,,,,,,,,,,,,,,,,,0.1161036342382431,23.0
S5,DELTA,,,,,,,,,,3,64,36,0.5625,28.0,0.4375,0.5625,2,,,,,,,,,,,,,,,,,,,,,,,,,,,,0.14765159785747528,12.0
S5,DELTA,,,,,,,,,,4,38,11,0.2894736842105263,27.0,0.7105263157894737,0.7105263157894737,2,,,,,,,,,,,,,,,,,,,,,,,,,,,,0.20060963928699493,11.0
S6,EMATent,0.004454898647964001,0.004454898647964001,0.9996559023857117,0.0,0.4986635304056108,0.5,0.0013364695943892003,0.0,0.0,0,64,41,0.640625,23.0,0.359375,0.640625,2,,,,,,,,,,,,,,,,,,,,,,,,,,,,,
S6,EMATent,0.4114377498626709,0.4114377498626709,0.917353093624115,1.0,0.37656867504119873,0.5,0.12343132495880127,0.0,0.0,1,64,35,0.546875,29.0,0.453125,0.546875,2,,,,,,,,,,,,,,,,,,,,,,,,,,,,,
S6,EMATent,0.8946917653083801,0.8946917653083801,0.6963344812393188,1.0,0.23159247040748598,0.5,0.268407529592514,0.0,0.0,2,64,22,0.34375,42.0,0.65625,0.65625,2,,,,,,,,,,,,,,,,,,,,,,,,,,,,,
S6,EMATent,0.9177044034004211,0.9177044034004211,0.6674846410751343,1.0,0.22468867897987366,0.5,0.27531132102012634,0.0,0.0,3,62,29,0.46774193548387094,33.0,0.532258064516129,0.532258064516129,2,,,,,,,,,,,,,,,,,,,,,,,,,,,,,
S6,DynaMixEMATent,,,,,,,,,,0,64,41,0.640625,23.0,0.359375,0.640625,2,0.0009749205783009529,0.004454898647964001,0.004454898647964001,0.0034799783024936914,0.9964415336112609,0.0022219967943500067,0.0013364695943892003,0.002224970399637538,0.28511351346969604,0.19999999999999996,0.0,0.005741780158132315,0.2,0.0,1.0,0.0,0.0,64.0,1.0,1.0,1.0,0.140625,,,,,,,
S6,DynaMixEMATent,,,,,,,,,,1,64,35,0.546875,29.0,0.453125,0.546875,2,0.0002490633341949433,0.0007669038022868335,0.0007669038022868335,0.0005178404971957207,0.9971630329819232,0.002606895877390735,0.00023007114068605004,0.002607495786920766,0.3341953568160534,0.19999999999999996,0.0,0.004890912678092718,0.2,0.0,1.0,0.0,0.0,64.0,1.0,1.0,1.0,0.046875,,,,,,,
S6,DynaMixEMATent,,,,,,,,,,2,64,22,0.34375,42.0,0.65625,0.65625,2,0.0002982056175824255,0.0009305855492129922,0.0009305855492129922,0.0006323799025267363,0.9966502144512829,0.0030706098839532593,0.0002791756647638976,0.0030714673628960965,0.3937528319656849,0.19999999999999996,0.0,0.004880676511675119,0.2,0.0,1.0,0.0,0.0,64.0,1.0,1.0,1.0,0.15625,,,,,,,
S6,DynaMixEMATent,,,,,,,,,,3,62,29,0.46774193548387094,33.0,0.532258064516129,0.532258064516129,2,7.327752246055752e-05,0.00033710795105434954,0.00033710795105434954,0.00026383044314570725,0.9966649554935774,0.0032339121211063127,0.00010113238531630486,0.0032342392074320436,0.41465352493105456,0.19999999999999996,0.0,0.0009303821134380996,0.2,0.0,1.0,0.0,0.0,62.0,1.0,1.0,1.0,0.032258064516129004,,,,,,,
S6,TEMA,,,,,,,,,,0,64,41,0.640625,23.0,0.359375,0.640625,2,,,,,,,,,,,,,,,,,,,,,,,,,,,,,
S6,TEMA,,,,,,,,,,1,64,35,0.546875,29.0,0.453125,0.546875,2,,,,,,,,,,,,,,,,,,,,,,,,,,,,,
S6,TEMA,,,,,,,,,,2,64,22,0.34375,42.0,0.65625,0.65625,2,,,,,,,,,,,,,,,,,,,,,,,,,,,,,
S6,TEMA,,,,,,,,,,3,62,29,0.46774193548387094,33.0,0.532258064516129,0.532258064516129,2,,,,,,,,,,,,,,,,,,,,,,,,,,,,,
S6,DUA,,,,,,,,,,0,64,41,0.640625,23.0,0.359375,0.640625,2,,,,,,,,,,,,,,,,,,,,,,,0.099,,,,,,
S6,DUA,,,,,,,,,,1,64,35,0.546875,29.0,0.453125,0.546875,2,,,,,,,,,,,,,,,,,,,,,,,0.09336,,,,,,
S6,DUA,,,,,,,,,,2,64,22,0.34375,42.0,0.65625,0.65625,2,,,,,,,,,,,,,,,,,,,,,,,0.0880584,,,,,,
S6,DUA,,,,,,,,,,3,62,29,0.46774193548387094,33.0,0.532258064516129,0.532258064516129,2,,,,,,,,,,,,,,,,,,,,,,,0.083074896,,,,,,
S6,RoTTA,,,,,,,,,,0,64,41,0.640625,23.0,0.359375,0.640625,2,,,,,,,,,,,,,,,,,,,,,,,,56.0,,,,,
S6,RoTTA,,,,,,,,,,1,64,35,0.546875,29.0,0.453125,0.546875,2,,,,,,,,,,,,,,,,,,,,,,,,64.0,,,,,
S6,RoTTA,,,,,,,,,,2,64,22,0.34375,42.0,0.65625,0.65625,2,,,,,,,,,,,,,,,,,,,,,,,,64.0,,,,,
S6,RoTTA,,,,,,,,,,3,62,29,0.46774193548387094,33.0,0.532258064516129,0.532258064516129,2,,,,,,,,,,,,,,,,,,,,,,,,64.0,,,,,
S6,NOTE,,,,,,,,,,0,64,41,0.640625,23.0,0.359375,0.640625,2,,,,,,,,,,,,,,,,,,,,,,,,,64.0,1.0,0.6317658424377441,,
S6,NOTE,,,,,,,,,,1,64,35,0.546875,29.0,0.453125,0.546875,2,,,,,,,,,,,,,,,,,,,,,,,,,64.0,1.0,0.6135441660881042,,
S6,NOTE,,,,,,,,,,2,64,22,0.34375,42.0,0.65625,0.65625,2,,,,,,,,,,,,,,,,,,,,,,,,,64.0,1.0,0.6438563466072083,,
S6,NOTE,,,,,,,,,,3,62,29,0.46774193548387094,33.0,0.532258064516129,0.532258064516129,2,,,,,,,,,,,,,,,,,,,,,,,,,64.0,0.0,,,
S6,DELTA,,,,,,,,,,0,64,41,0.640625,23.0,0.359375,0.640625,2,,,,,,,,,,,,,,,,,,,,,,,,,,,,,0.0
S6,DELTA,,,,,,,,,,1,64,35,0.546875,29.0,0.453125,0.546875,2,,,,,,,,,,,,,,,,,,,,,,,,,,,,0.23645874857902527,8.0
S6,DELTA,,,,,,,,,,2,64,22,0.34375,42.0,0.65625,0.65625,2,,,,,,,,,,,,,,,,,,,,,,,,,,,,0.19758443534374237,12.0
S6,DELTA,,,,,,,,,,3,62,29,0.46774193548387094,33.0,0.532258064516129,0.532258064516129,2,,,,,,,,,,,,,,,,,,,,,,,,,,,,0.31384754180908203,2.0
S7,EMATent,0.002560202032327652,0.002560202032327652,0.9998149871826172,0.0,0.4992319393903017,0.5,0.0007680606096982955,0.0,0.0,0,64,52,0.8125,12.0,0.1875,0.8125,2,,,,,,,,,,,,,,,,,,,,,,,,,,,,,
S7,EMATent,0.15895988047122955,0.15895988047122955,0.9820894598960876,0.0,0.4523120358586311,0.5,0.04768796414136887,0.0,0.0,1,64,31,0.484375,33.0,0.515625,0.515625,2,,,,,,,,,,,,,,,,,,,,,,,,,,,,,
S7,EMATent,0.8022719025611877,0.8022719025611877,0.9533787965774536,1.0,0.25931842923164367,0.5,0.2406815707683563,0.0,0.0,2,64,54,0.84375,10.0,0.15625,0.84375,2,,,,,,,,,,,,,,,,,,,,,,,,,,,,,
S7,EMATent,0.9985391497612,0.9985391497612,0.8706311583518982,1.0,0.20043825507164004,0.5,0.29956174492835996,0.0,0.0,3,38,27,0.7105263157894737,11.0,0.2894736842105263,0.7105263157894737,2,,,,,,,,,,,,,,,,,,,,,,,,,,,,,
S7,DynaMixEMATent,,,,,,,,,,0,64,52,0.8125,12.0,0.1875,0.8125,2,0.0004983232356607914,0.002560202032327652,0.002560202032327652,0.0020618787966668606,0.9979536399200882,0.0012782994702134828,0.0007680606096982955,0.0012792820363543012,0.16385293006896973,0.19999999999999996,0.0,0.001014535315334797,0.2,0.0,1.0,64.0,1.0,0.0,0.0,1.0,1.0,0.3125,,,,,,,
S7,DynaMixEMATent,,,,,,,,,,1,64,31,0.484375,33.0,0.515625,0.515625,2,0.007043899968266487,0.015428316779434681,0.015428316779434681,0.00838441587984562,0.9864590161459804,0.00891248882018909,0.0046284950338304045,0.008953932050216773,1.1512652039527893,0.19999999999999996,0.0,0.004779862239956856,0.2,0.0,1.0,64.0,1.0,0.0,0.0,1.0,1.0,0.015625,,,,,,,
S7,DynaMixEMATent,,,,,,,,,,2,64,54,0.84375,10.0,0.15625,0.84375,2,0.041354116052389145,0.09725499898195267,0.09725499898195267,0.055900879204273224,0.9164641238855062,0.054359376419907963,0.0291764996945858,0.055993057855322714,7.37558513879776,0.19999999999999996,0.0,0.11718226969242096,0.2,0.0,1.0,61.0,0.953125,3.0,0.046875,0.953125,2.0,0.34375,,,,,,,
S7,DynaMixEMATent,,,,,,,,,,3,38,27,0.7105263157894737,11.0,0.2894736842105263,0.7105263157894737,2,0.18551164865493774,0.38831064105033875,0.38831064105033875,0.202798992395401,0.7432240273985574,0.14028278028634097,0.11649319231510162,0.15877951258115564,22.131389498710632,0.19999999999999996,1.0,0.47550341486930847,0.2,0.0,1.0,24.0,0.631578947368421,14.0,0.3684210526315789,0.631578947368421,2.0,0.21052631578947367,,,,,,,
S7,TEMA,,,,,,,,,,0,64,52,0.8125,12.0,0.1875,0.8125,2,,,,,,,,,,,,,,,,,,,,,,,,,,,,,
S7,TEMA,,,,,,,,,,1,64,31,0.484375,33.0,0.515625,0.515625,2,,,,,,,,,,,,,,,,,,,,,,,,,,,,,
S7,TEMA,,,,,,,,,,2,64,54,0.84375,10.0,0.15625,0.84375,2,,,,,,,,,,,,,,,,,,,,,,,,,,,,,
S7,TEMA,,,,,,,,,,3,38,27,0.7105263157894737,11.0,0.2894736842105263,0.7105263157894737,2,,,,,,,,,,,,,,,,,,,,,,,,,,,,,
S7,DUA,,,,,,,,,,0,64,52,0.8125,12.0,0.1875,0.8125,2,,,,,,,,,,,,,,,,,,,,,,,0.099,,,,,,
S7,DUA,,,,,,,,,,1,64,31,0.484375,33.0,0.515625,0.515625,2,,,,,,,,,,,,,,,,,,,,,,,0.09336,,,,,,
S7,DUA,,,,,,,,,,2,64,54,0.84375,10.0,0.15625,0.84375,2,,,,,,,,,,,,,,,,,,,,,,,0.0880584,,,,,,
S7,DUA,,,,,,,,,,3,38,27,0.7105263157894737,11.0,0.2894736842105263,0.7105263157894737,2,,,,,,,,,,,,,,,,,,,,,,,0.083074896,,,,,,
S7,RoTTA,,,,,,,,,,0,64,52,0.8125,12.0,0.1875,0.8125,2,,,,,,,,,,,,,,,,,,,,,,,,61.0,,,,,
S7,RoTTA,,,,,,,,,,1,64,31,0.484375,33.0,0.515625,0.515625,2,,,,,,,,,,,,,,,,,,,,,,,,64.0,,,,,
S7,RoTTA,,,,,,,,,,2,64,54,0.84375,10.0,0.15625,0.84375,2,,,,,,,,,,,,,,,,,,,,,,,,64.0,,,,,
S7,RoTTA,,,,,,,,,,3,38,27,0.7105263157894737,11.0,0.2894736842105263,0.7105263157894737,2,,,,,,,,,,,,,,,,,,,,,,,,64.0,,,,,
S7,NOTE,,,,,,,,,,0,64,52,0.8125,12.0,0.1875,0.8125,2,,,,,,,,,,,,,,,,,,,,,,,,,64.0,1.0,0.5049343705177307,,
S7,NOTE,,,,,,,,,,1,64,31,0.484375,33.0,0.515625,0.515625,2,,,,,,,,,,,,,,,,,,,,,,,,,64.0,1.0,0.49580705165863037,,
S7,NOTE,,,,,,,,,,2,64,54,0.84375,10.0,0.15625,0.84375,2,,,,,,,,,,,,,,,,,,,,,,,,,64.0,1.0,0.4471821188926697,,
S7,NOTE,,,,,,,,,,3,38,27,0.7105263157894737,11.0,0.2894736842105263,0.7105263157894737,2,,,,,,,,,,,,,,,,,,,,,,,,,64.0,0.0,,,
S7,DELTA,,,,,,,,,,0,64,52,0.8125,12.0,0.1875,0.8125,2,,,,,,,,,,,,,,,,,,,,,,,,,,,,0.2706992030143738,11.0
S7,DELTA,,,,,,,,,,1,64,31,0.484375,33.0,0.515625,0.515625,2,,,,,,,,,,,,,,,,,,,,,,,,,,,,0.23593875765800476,18.0
S7,DELTA,,,,,,,,,,2,64,54,0.84375,10.0,0.15625,0.84375,2,,,,,,,,,,,,,,,,,,,,,,,,,,,,0.19276709854602814,18.0
S7,DELTA,,,,,,,,,,3,38,27,0.7105263157894737,11.0,0.2894736842105263,0.7105263157894737,2,,,,,,,,,,,,,,,,,,,,,,,,,,,,0.15359775722026825,15.0
S8,EMATent,0.9942569732666016,0.9942569732666016,0.8711667060852051,1.0,0.20172290802001955,0.5,0.2982770919799805,0.0,0.0,0,64,52,0.8125,12.0,0.1875,0.8125,2,,,,,,,,,,,,,,,,,,,,,,,,,,,,,
S8,EMATent,0.17123882472515106,0.17123882472515106,0.9750023484230042,0.0,0.4486283525824547,0.5,0.05137164741754532,0.0,0.0,1,64,9,0.140625,55.0,0.859375,0.859375,2,,,,,,,,,,,,,,,,,,,,,,,,,,,,,
S8,EMATent,0.9988516569137573,0.9988516569137573,0.8347779512405396,1.0,0.2003445029258728,0.5,0.2996554970741272,0.0,0.0,2,64,34,0.53125,30.0,0.46875,0.53125,2,,,,,,,,,,,,,,,,,,,,,,,,,,,,,
S8,EMATent,0.36241620779037476,0.36241620779037476,0.9309372901916504,1.0,0.3912751376628876,0.5,0.10872486233711243,0.0,0.0,3,64,34,0.53125,30.0,0.46875,0.53125,2,,,,,,,,,,,,,,,,,,,,,,,,,,,,,
S8,EMATent,0.9996055364608765,0.9996055364608765,0.8335758447647095,1.0,0.20011833906173707,0.5,0.2998816609382629,0.0,0.0,4,16,0,0.0,16.0,1.0,1.0,1,,,,,,,,,,,,,,,,,,,,,,,,,,,,,
S8,DynaMixEMATent,,,,,,,,,,0,64,52,0.8125,12.0,0.1875,0.8125,2,0.5947364568710327,0.9942569732666016,0.9942569732666016,0.39952054619789124,0.42684037809603076,0.2748825299239888,0.2982770919799805,0.3917251763941938,63.6324462890625,0.19999999999999996,1.0,0.28008851408958435,0.2,0.0,1.0,21.0,0.328125,43.0,0.671875,0.671875,2.0,0.3125,,,,,,,
S8,DynaMixEMATent,,,,,,,,,,1,64,9,0.140625,55.0,0.859375,0.859375,2,0.034265682101249695,0.07283611595630646,0.07283611595630646,0.03857043385505676,0.5737051764342587,0.40444398877884935,0.021850834786891937,0.41347884674699253,68.29395771026611,0.19999999999999996,0.0,0.14330723881721497,0.2,0.0,1.0,62.0,0.96875,2.0,0.03125,0.96875,2.0,0.359375,,,,,,,
S8,DynaMixEMATent,,,,,,,,,,2,64,34,0.53125,30.0,0.46875,0.53125,2,0.577061116695404,0.8055378198623657,0.8055378198623657,0.22847673296928406,0.2973216663675475,0.46101698767374283,0.2416613459587097,0.6079302238082159,119.84837818145752,0.19999999999999996,1.0,0.4469616413116455,0.2,0.0,1.0,28.0,0.4375,36.0,0.5625,0.5625,2.0,0.03125,,,,,,,
S8,DynaMixEMATent,,,,,,,,,,3,64,34,0.53125,30.0,0.46875,0.53125,2,0.003566410858184099,0.025463875383138657,0.025463875383138657,0.021897463127970695,0.38415241821686363,0.6082084191681948,0.0076391626149415965,0.6128903885111663,121.4780662059784,0.19999999999999996,0.0,0.49092185497283936,0.2,0.0,1.0,63.0,0.984375,1.0,0.015625,0.984375,2.0,0.03125,,,,,,,
S8,DynaMixEMATent,,,,,,,,,,4,16,0,0.0,16.0,1.0,1.0,1,0.1273612082004547,0.3640159070491791,0.3640159070491791,0.23665468394756317,0.32949632401953627,0.5612989038657099,0.10920477211475373,0.630109913361612,127.30232071876526,0.19999999999999996,1.0,0.4599188566207886,0.2,0.0,1.0,7.0,0.4375,9.0,0.5625,0.5625,2.0,0.5,,,,,,,
S8,TEMA,,,,,,,,,,0,64,52,0.8125,12.0,0.1875,0.8125,2,,,,,,,,,,,,,,,,,,,,,,,,,,,,,
S8,TEMA,,,,,,,,,,1,64,9,0.140625,55.0,0.859375,0.859375,2,,,,,,,,,,,,,,,,,,,,,,,,,,,,,
S8,TEMA,,,,,,,,,,2,64,34,0.53125,30.0,0.46875,0.53125,2,,,,,,,,,,,,,,,,,,,,,,,,,,,,,
S8,TEMA,,,,,,,,,,3,64,34,0.53125,30.0,0.46875,0.53125,2,,,,,,,,,,,,,,,,,,,,,,,,,,,,,
S8,TEMA,,,,,,,,,,4,16,0,0.0,16.0,1.0,1.0,1,,,,,,,,,,,,,,,,,,,,,,,,,,,,,
S8,DUA,,,,,,,,,,0,64,52,0.8125,12.0,0.1875,0.8125,2,,,,,,,,,,,,,,,,,,,,,,,0.099,,,,,,
S8,DUA,,,,,,,,,,1,64,9,0.140625,55.0,0.859375,0.859375,2,,,,,,,,,,,,,,,,,,,,,,,0.09336,,,,,,
S8,DUA,,,,,,,,,,2,64,34,0.53125,30.0,0.46875,0.53125,2,,,,,,,,,,,,,,,,,,,,,,,0.0880584,,,,,,
S8,DUA,,,,,,,,,,3,64,34,0.53125,30.0,0.46875,0.53125,2,,,,,,,,,,,,,,,,,,,,,,,0.083074896,,,,,,
S8,DUA,,,,,,,,,,4,16,0,0.0,16.0,1.0,1.0,1,,,,,,,,,,,,,,,,,,,,,,,0.07839040223999999,,,,,,
S8,RoTTA,,,,,,,,,,0,64,52,0.8125,12.0,0.1875,0.8125,2,,,,,,,,,,,,,,,,,,,,,,,,55.0,,,,,
S8,RoTTA,,,,,,,,,,1,64,9,0.140625,55.0,0.859375,0.859375,2,,,,,,,,,,,,,,,,,,,,,,,,64.0,,,,,
S8,RoTTA,,,,,,,,,,2,64,34,0.53125,30.0,0.46875,0.53125,2,,,,,,,,,,,,,,,,,,,,,,,,64.0,,,,,
S8,RoTTA,,,,,,,,,,3,64,34,0.53125,30.0,0.46875,0.53125,2,,,,,,,,,,,,,,,,,,,,,,,,64.0,,,,,
S8,RoTTA,,,,,,,,,,4,16,0,0.0,16.0,1.0,1.0,1,,,,,,,,,,,,,,,,,,,,,,,,64.0,,,,,
S8,NOTE,,,,,,,,,,0,64,52,0.8125,12.0,0.1875,0.8125,2,,,,,,,,,,,,,,,,,,,,,,,,,64.0,1.0,0.6401340961456299,,
S8,NOTE,,,,,,,,,,1,64,9,0.140625,55.0,0.859375,0.859375,2,,,,,,,,,,,,,,,,,,,,,,,,,64.0,1.0,0.572461724281311,,
S8,NOTE,,,,,,,,,,2,64,34,0.53125,30.0,0.46875,0.53125,2,,,,,,,,,,,,,,,,,,,,,,,,,64.0,1.0,0.5157098770141602,,
S8,NOTE,,,,,,,,,,3,64,34,0.53125,30.0,0.46875,0.53125,2,,,,,,,,,,,,,,,,,,,,,,,,,64.0,1.0,0.6189817190170288,,
S8,NOTE,,,,,,,,,,4,16,0,0.0,16.0,1.0,1.0,1,,,,,,,,,,,,,,,,,,,,,,,,,64.0,0.0,,,
S8,DELTA,,,,,,,,,,0,64,52,0.8125,12.0,0.1875,0.8125,2,,,,,,,,,,,,,,,,,,,,,,,,,,,,,0.0
S8,DELTA,,,,,,,,,,1,64,9,0.140625,55.0,0.859375,0.859375,2,,,,,,,,,,,,,,,,,,,,,,,,,,,,0.1306772232055664,42.0
S8,DELTA,,,,,,,,,,2,64,34,0.53125,30.0,0.46875,0.53125,2,,,,,,,,,,,,,,,,,,,,,,,,,,,,0.06412818282842636,48.0
S8,DELTA,,,,,,,,,,3,64,34,0.53125,30.0,0.46875,0.53125,2,,,,,,,,,,,,,,,,,,,,,,,,,,,,0.2420683205127716,25.0
S8,DELTA,,,,,,,,,,4,16,0,0.0,16.0,1.0,1.0,1,,,,,,,,,,,,,,,,,,,,,,,,,,,,0.1737959384918213,11.0
S9,EMATent,0.519035279750824,0.519035279750824,0.8974267244338989,1.0,0.34428941607475283,0.5,0.1557105839252472,0.0,0.0,0,64,63,0.984375,1.0,0.015625,0.984375,2,,,,,,,,,,,,,,,,,,,,,,,,,,,,,
S9,EMATent,0.881071925163269,0.881071925163269,0.7437628507614136,1.0,0.2356784224510193,0.5,0.2643215775489807,0.0,0.0,1,64,37,0.578125,27.0,0.421875,0.578125,2,,,,,,,,,,,,,,,,,,,,,,,,,,,,,
S9,EMATent,0.9503998756408691,0.9503998756408691,0.7583203315734863,1.0,0.21488003730773927,0.5,0.28511996269226075,0.0,0.0,2,64,35,0.546875,29.0,0.453125,0.546875,2,,,,,,,,,,,,,,,,,,,,,,,,,,,,,
S9,EMATent,0.3079470098018646,0.3079470098018646,0.9481342434883118,1.0,0.4076158970594406,0.5,0.09238410294055939,0.0,0.0,3,64,27,0.421875,37.0,0.578125,0.578125,2,,,,,,,,,,,,,,,,,,,,,,,,,,,,,
S9,EMATent,0.9222325682640076,0.9222325682640076,0.6626784205436707,1.0,0.22333022952079773,0.5,0.27666977047920227,0.0,0.0,4,2,0,0.0,2.0,1.0,1.0,1,,,,,,,,,,,,,,,,,,,,,,,,,,,,,
S9,DynaMixEMATent,,,,,,,,,,0,64,63,0.984375,1.0,0.015625,0.984375,2,0.20352162420749664,0.519035279750824,0.519035279750824,0.3155136704444885,0.6513047808390551,0.19298463523569773,0.1557105839252472,0.22857639994223378,33.218257904052734,0.19999999999999996,1.0,0.2990647852420807,0.2,0.0,1.0,13.0,0.203125,51.0,0.796875,0.796875,2.0,0.484375,,,,,,,
S9,DynaMixEMATent,,,,,,,,,,1,64,37,0.578125,27.0,0.421875,0.578125,2,0.14123773574829102,0.7726762294769287,0.7726762294769287,0.6314384937286377,0.4026995002227556,0.36549763093416576,0.2318028688430786,0.4757862482299543,82.66953659057617,0.19999999999999996,1.0,0.5678260326385498,0.2,0.0,1.0,17.0,0.265625,47.0,0.734375,0.734375,2.0,0.078125,,,,,,,
S9,DynaMixEMATent,,,,,,,,,,2,64,35,0.546875,29.0,0.453125,0.546875,2,0.26320159435272217,0.9279964566230774,0.9279964566230774,0.6647948622703552,0.23784482350725566,0.48375623950582114,0.2783989369869232,0.6703929141759795,142.06130981445312,0.19999999999999996,1.0,0.5393072366714478,0.2,0.0,1.0,47.0,0.734375,17.0,0.265625,0.734375,2.0,0.046875,,,,,,,
S9,DynaMixEMATent,,,,,,,,,,3,64,27,0.421875,37.0,0.578125,0.578125,2,0.08714795112609863,0.2337774783372879,0.2337774783372879,0.14662952721118927,0.27267990039335194,0.6571868561054618,0.07013324350118637,0.706753791887279,157.02306842803955,0.19999999999999996,1.0,0.46335041522979736,0.2,0.0,1.0,7.0,0.109375,57.0,0.890625,0.890625,2.0,0.078125,,,,,,,
S9,DynaMixEMATent,,,,,,,,,,4,2,0,0.0,2.0,1.0,1.0,1,0.036542098969221115,0.48334962129592896,0.48334962129592896,0.44680753350257874,0.24883765451295,0.6061574590982712,0.14500488638877868,0.7089601442727074,157.9897676706314,0.19999999999999996,1.0,0.6521748304367065,0.2,0.0,1.0,0.0,0.0,2.0,1.0,1.0,1.0,0.5,,,,,,,
S9,TEMA,,,,,,,,,,0,64,63,0.984375,1.0,0.015625,0.984375,2,,,,,,,,,,,,,,,,,,,,,,,,,,,,,
S9,TEMA,,,,,,,,,,1,64,37,0.578125,27.0,0.421875,0.578125,2,,,,,,,,,,,,,,,,,,,,,,,,,,,,,
S9,TEMA,,,,,,,,,,2,64,35,0.546875,29.0,0.453125,0.546875,2,,,,,,,,,,,,,,,,,,,,,,,,,,,,,
S9,TEMA,,,,,,,,,,3,64,27,0.421875,37.0,0.578125,0.578125,2,,,,,,,,,,,,,,,,,,,,,,,,,,,,,
S9,TEMA,,,,,,,,,,4,2,0,0.0,2.0,1.0,1.0,1,,,,,,,,,,,,,,,,,,,,,,,,,,,,,
S9,DUA,,,,,,,,,,0,64,63,0.984375,1.0,0.015625,0.984375,2,,,,,,,,,,,,,,,,,,,,,,,0.099,,,,,,
S9,DUA,,,,,,,,,,1,64,37,0.578125,27.0,0.421875,0.578125,2,,,,,,,,,,,,,,,,,,,,,,,0.09336,,,,,,
S9,DUA,,,,,,,,,,2,64,35,0.546875,29.0,0.453125,0.546875,2,,,,,,,,,,,,,,,,,,,,,,,0.0880584,,,,,,
S9,DUA,,,,,,,,,,3,64,27,0.421875,37.0,0.578125,0.578125,2,,,,,,,,,,,,,,,,,,,,,,,0.083074896,,,,,,
S9,DUA,,,,,,,,,,4,2,0,0.0,2.0,1.0,1.0,1,,,,,,,,,,,,,,,,,,,,,,,0.07839040223999999,,,,,,
S9,RoTTA,,,,,,,,,,0,64,63,0.984375,1.0,0.015625,0.984375,2,,,,,,,,,,,,,,,,,,,,,,,,60.0,,,,,
S9,RoTTA,,,,,,,,,,1,64,37,0.578125,27.0,0.421875,0.578125,2,,,,,,,,,,,,,,,,,,,,,,,,64.0,,,,,
S9,RoTTA,,,,,,,,,,2,64,35,0.546875,29.0,0.453125,0.546875,2,,,,,,,,,,,,,,,,,,,,,,,,64.0,,,,,
S9,RoTTA,,,,,,,,,,3,64,27,0.421875,37.0,0.578125,0.578125,2,,,,,,,,,,,,,,,,,,,,,,,,64.0,,,,,
S9,RoTTA,,,,,,,,,,4,2,0,0.0,2.0,1.0,1.0,1,,,,,,,,,,,,,,,,,,,,,,,,64.0,,,,,
S9,NOTE,,,,,,,,,,0,64,63,0.984375,1.0,0.015625,0.984375,2,,,,,,,,,,,,,,,,,,,,,,,,,64.0,1.0,0.5715288519859314,,
S9,NOTE,,,,,,,,,,1,64,37,0.578125,27.0,0.421875,0.578125,2,,,,,,,,,,,,,,,,,,,,,,,,,64.0,1.0,0.6024429202079773,,
S9,NOTE,,,,,,,,,,2,64,35,0.546875,29.0,0.453125,0.546875,2,,,,,,,,,,,,,,,,,,,,,,,,,64.0,1.0,0.5633590221405029,,
S9,NOTE,,,,,,,,,,3,64,27,0.421875,37.0,0.578125,0.578125,2,,,,,,,,,,,,,,,,,,,,,,,,,64.0,1.0,0.6418814659118652,,
S9,NOTE,,,,,,,,,,4,2,0,0.0,2.0,1.0,1.0,1,,,,,,,,,,,,,,,,,,,,,,,,,64.0,0.0,,,
S9,DELTA,,,,,,,,,,0,64,63,0.984375,1.0,0.015625,0.984375,2,,,,,,,,,,,,,,,,,,,,,,,,,,,,0.31481263041496277,6.0
S9,DELTA,,,,,,,,,,1,64,37,0.578125,27.0,0.421875,0.578125,2,,,,,,,,,,,,,,,,,,,,,,,,,,,,0.20906595885753632,21.0
S9,DELTA,,,,,,,,,,2,64,35,0.546875,29.0,0.453125,0.546875,2,,,,,,,,,,,,,,,,,,,,,,,,,,,,0.21430139243602753,24.0
S9,DELTA,,,,,,,,,,3,64,27,0.421875,37.0,0.578125,0.578125,2,,,,,,,,,,,,,,,,,,,,,,,,,,,,0.1657964289188385,33.0
S9,DELTA,,,,,,,,,,4,2,0,0.0,2.0,1.0,1.0,1,,,,,,,,,,,,,,,,,,,,,,,,,,,,0.03918472304940224,2.0
S10,EMATent,0.006499860435724258,0.006499860435724258,0.9994729161262512,0.0,0.4980500418692827,0.5,0.0019499581307172774,0.0,0.0,0,64,30,0.46875,34.0,0.53125,0.53125,2,,,,,,,,,,,,,,,,,,,,,,,,,,,,,
S10,EMATent,0.0368940643966198,0.0368940643966198,0.9960913062095642,0.0,0.48893178068101406,0.5,0.011068219318985939,0.0,0.0,1,64,55,0.859375,9.0,0.140625,0.859375,2,,,,,,,,,,,,,,,,,,,,,,,,,,,,,
S10,EMATent,0.5735342502593994,0.5735342502593994,0.9266402721405029,1.0,0.32793972492218015,0.5,0.17206027507781982,0.0,0.0,2,64,40,0.625,24.0,0.375,0.625,2,,,,,,,,,,,,,,,,,,,,,,,,,,,,,
S10,EMATent,0.26518064737319946,0.26518064737319946,0.9620209336280823,1.0,0.42044580578804014,0.5,0.07955419421195983,0.0,0.0,3,64,52,0.8125,12.0,0.1875,0.8125,2,,,,,,,,,,,,,,,,,,,,,,,,,,,,,
S10,EMATent,0.6526066660881042,0.6526066660881042,0.8352401256561279,1.0,0.3042180001735687,0.5,0.19578199982643127,0.0,0.0,4,28,5,0.17857142857142858,23.0,0.8214285714285714,0.8214285714285714,2,,,,,,,,,,,,,,,,,,,,,,,,,,,,,
S10,DynaMixEMATent,,,,,,,,,,0,64,30,0.46875,34.0,0.53125,0.53125,2,0.001564054866321385,0.006499860435724258,0.006499860435724258,0.004935805685818195,0.9948117138995156,0.0032383279697670675,0.0019499581307172774,0.0032446549109921285,0.41599106788635254,0.19999999999999996,0.0,0.0036171930842101574,0.2,0.0,1.0,0.0,0.0,64.0,1.0,1.0,1.0,0.03125,,,,,,,
S10,DynaMixEMATent,,,,,,,,,,1,64,55,0.859375,9.0,0.140625,0.859375,2,0.00020171137293800712,0.0013358504511415958,0.0013358504511415958,0.0011341391364112496,0.9956906212327461,0.003908623631911514,0.00040075513534247874,0.003910190660899038,0.5014854967594147,0.19999999999999996,0.0,0.0007994186016730964,0.2,0.0,1.0,0.0,0.0,64.0,1.0,1.0,1.0,0.359375,,,,,,,
S10,DynaMixEMATent,,,,,,,,,,2,64,40,0.625,24.0,0.375,0.625,2,0.0007360366871580482,0.003710252232849598,0.003710252232849598,0.0029742156621068716,0.9931369816612738,0.0057499426688712805,0.0011130756698548793,0.005756349921916537,0.7389416396617889,0.19999999999999996,0.0,0.0029215561226010323,0.2,0.0,1.0,0.0,0.0,64.0,1.0,1.0,1.0,0.125,,,,,,,
S10,DynaMixEMATent,,,,,,,,,,3,64,52,0.8125,12.0,0.1875,0.8125,2,0.00012374950165394694,0.0005641148309223354,0.0005641148309223354,0.0004403653147164732,0.9937950430050998,0.006035722545623508,0.0001692344492767006,0.00603674417069866,0.7750449888408184,0.19999999999999996,0.0,0.0007760406006127596,0.2,0.0,1.0,0.0,0.0,64.0,1.0,1.0,1.0,0.3125,,,,,,,
S10,DynaMixEMATent,,,,,,,,,,4,28,5,0.17857142857142858,23.0,0.8214285714285714,0.8214285714285714,2,3.431763616390526e-05,0.0003570268745534122,0.0003570268745534122,0.00032270923838950694,0.9937791775351404,0.006113714402493547,0.00010710806236602366,0.00611436930074194,0.785041741328314,0.19999999999999996,0.0,0.0008120849961414933,0.2,0.0,1.0,0.0,0.0,28.0,1.0,1.0,1.0,0.3214285714285714,,,,,,,
S10,TEMA,,,,,,,,,,0,64,30,0.46875,34.0,0.53125,0.53125,2,,,,,,,,,,,,,,,,,,,,,,,,,,,,,
S10,TEMA,,,,,,,,,,1,64,55,0.859375,9.0,0.140625,0.859375,2,,,,,,,,,,,,,,,,,,,,,,,,,,,,,
S10,TEMA,,,,,,,,,,2,64,40,0.625,24.0,0.375,0.625,2,,,,,,,,,,,,,,,,,,,,,,,,,,,,,
S10,TEMA,,,,,,,,,,3,64,52,0.8125,12.0,0.1875,0.8125,2,,,,,,,,,,,,,,,,,,,,,,,,,,,,,
S10,TEMA,,,,,,,,,,4,28,5,0.17857142857142858,23.0,0.8214285714285714,0.8214285714285714,2,,,,,,,,,,,,,,,,,,,,,,,,,,,,,
S10,DUA,,,,,,,,,,0,64,30,0.46875,34.0,0.53125,0.53125,2,,,,,,,,,,,,,,,,,,,,,,,0.099,,,,,,
S10,DUA,,,,,,,,,,1,64,55,0.859375,9.0,0.140625,0.859375,2,,,,,,,,,,,,,,,,,,,,,,,0.09336,,,,,,
S10,DUA,,,,,,,,,,2,64,40,0.625,24.0,0.375,0.625,2,,,,,,,,,,,,,,,,,,,,,,,0.0880584,,,,,,
S10,DUA,,,,,,,,,,3,64,52,0.8125,12.0,0.1875,0.8125,2,,,,,,,,,,,,,,,,,,,,,,,0.083074896,,,,,,
S10,DUA,,,,,,,,,,4,28,5,0.17857142857142858,23.0,0.8214285714285714,0.8214285714285714,2,,,,,,,,,,,,,,,,,,,,,,,0.07839040223999999,,,,,,
S10,RoTTA,,,,,,,,,,0,64,30,0.46875,34.0,0.53125,0.53125,2,,,,,,,,,,,,,,,,,,,,,,,,61.0,,,,,
S10,RoTTA,,,,,,,,,,1,64,55,0.859375,9.0,0.140625,0.859375,2,,,,,,,,,,,,,,,,,,,,,,,,64.0,,,,,
S10,RoTTA,,,,,,,,,,2,64,40,0.625,24.0,0.375,0.625,2,,,,,,,,,,,,,,,,,,,,,,,,64.0,,,,,
S10,RoTTA,,,,,,,,,,3,64,52,0.8125,12.0,0.1875,0.8125,2,,,,,,,,,,,,,,,,,,,,,,,,64.0,,,,,
S10,RoTTA,,,,,,,,,,4,28,5,0.17857142857142858,23.0,0.8214285714285714,0.8214285714285714,2,,,,,,,,,,,,,,,,,,,,,,,,64.0,,,,,
S10,NOTE,,,,,,,,,,0,64,30,0.46875,34.0,0.53125,0.53125,2,,,,,,,,,,,,,,,,,,,,,,,,,64.0,1.0,0.552773654460907,,
S10,NOTE,,,,,,,,,,1,64,55,0.859375,9.0,0.140625,0.859375,2,,,,,,,,,,,,,,,,,,,,,,,,,64.0,1.0,0.5670808553695679,,
S10,NOTE,,,,,,,,,,2,64,40,0.625,24.0,0.375,0.625,2,,,,,,,,,,,,,,,,,,,,,,,,,64.0,1.0,0.5268981456756592,,
S10,NOTE,,,,,,,,,,3,64,52,0.8125,12.0,0.1875,0.8125,2,,,,,,,,,,,,,,,,,,,,,,,,,64.0,1.0,0.47465628385543823,,
S10,NOTE,,,,,,,,,,4,28,5,0.17857142857142858,23.0,0.8214285714285714,0.8214285714285714,2,,,,,,,,,,,,,,,,,,,,,,,,,64.0,0.0,,,
S10,DELTA,,,,,,,,,,0,64,30,0.46875,34.0,0.53125,0.53125,2,,,,,,,,,,,,,,,,,,,,,,,,,,,,0.22201605141162872,10.0
S10,DELTA,,,,,,,,,,1,64,55,0.859375,9.0,0.140625,0.859375,2,,,,,,,,,,,,,,,,,,,,,,,,,,,,0.2622945010662079,6.0
S10,DELTA,,,,,,,,,,2,64,40,0.625,24.0,0.375,0.625,2,,,,,,,,,,,,,,,,,,,,,,,,,,,,0.174930140376091,20.0
S10,DELTA,,,,,,,,,,3,64,52,0.8125,12.0,0.1875,0.8125,2,,,,,,,,,,,,,,,,,,,,,,,,,,,,0.04178152605891228,30.0
S10,DELTA,,,,,,,,,,4,28,5,0.17857142857142858,23.0,0.8214285714285714,0.8214285714285714,2,,,,,,,,,,,,,,,,,,,,,,,,,,,,0.1086394414305687,14.0
S11,EMATent,0.8445022106170654,0.8445022106170654,0.7323256731033325,1.0,0.24664933681488038,0.5,0.2533506631851196,0.0,0.0,0,64,42,0.65625,22.0,0.34375,0.65625,2,,,,,,,,,,,,,,,,,,,,,,,,,,,,,
S11,EMATent,0.9254032373428345,0.9254032373428345,0.6774718165397644,1.0,0.22237902879714966,0.5,0.27762097120285034,0.0,0.0,1,64,2,0.03125,62.0,0.96875,0.96875,2,,,,,,,,,,,,,,,,,,,,,,,,,,,,,
S11,EMATent,0.7558345794677734,0.7558345794677734,0.7837813496589661,1.0,0.27324962615966797,0.5,0.22675037384033203,0.0,0.0,2,64,27,0.421875,37.0,0.578125,0.578125,2,,,,,,,,,,,,,,,,,,,,,,,,,,,,,
S11,EMATent,0.8143139481544495,0.8143139481544495,0.748091459274292,1.0,0.25570581555366517,0.5,0.24429418444633483,0.0,0.0,3,64,26,0.40625,38.0,0.59375,0.59375,2,,,,,,,,,,,,,,,,,,,,,,,,,,,,,
S11,EMATent,0.8741126656532288,0.8741126656532288,0.7098800539970398,1.0,0.2377662003040314,0.5,0.2622337996959686,0.0,0.0,4,44,27,0.6136363636363636,17.0,0.38636363636363635,0.6136363636363636,2,,,,,,,,,,,,,,,,,,,,,,,,,,,,,
S11,DynaMixEMATent,,,,,,,,,,0,64,42,0.65625,22.0,0.34375,0.65625,2,0.06312046945095062,0.8445022106170654,0.8445022106170654,0.7813817858695984,0.48948045906524973,0.2571688777496306,0.2533506631851196,0.3444305982332795,54.04814147949219,0.19999999999999996,1.0,0.6276382207870483,0.2,0.0,1.0,36.0,0.5625,28.0,0.4375,0.5625,2.0,0.15625,,,,,,,
S11,DynaMixEMATent,,,,,,,,,,1,64,2,0.03125,62.0,0.96875,0.96875,2,0.06177685409784317,0.8514888286590576,0.8514888286590576,0.7897120118141174,0.31887175201047047,0.42568159939181227,0.25544664859771726,0.5717274639756691,108.54342651367188,0.19999999999999996,1.0,0.6278505325317383,0.2,0.0,1.0,32.0,0.5,32.0,0.5,0.5,2.0,0.46875,,,,,,,
S11,DynaMixEMATent,,,,,,,,,,2,64,27,0.421875,37.0,0.578125,0.578125,2,0.05548005551099777,0.638573408126831,0.638573408126831,0.5830933451652527,0.25159216151539254,0.5568358160465582,0.1915720224380493,0.6887884035456792,149.41212463378906,0.19999999999999996,1.0,0.6424812078475952,0.2,0.0,1.0,42.0,0.65625,22.0,0.34375,0.65625,2.0,0.078125,,,,,,,
S11,DynaMixEMATent,,,,,,,,,,3,64,26,0.40625,38.0,0.59375,0.59375,2,0.0366186760365963,0.601146399974823,0.601146399974823,0.564527690410614,0.18886442204448115,0.6307916579630719,0.1803439199924469,0.7695808929487343,187.88549423217773,0.19999999999999996,1.0,0.6789684891700745,0.2,0.0,1.0,25.0,0.390625,39.0,0.609375,0.609375,2.0,0.09375,,,,,,,
S11,DynaMixEMATent,,,,,,,,,,4,44,27,0.6136363636363636,17.0,0.38636363636363635,0.6136363636363636,2,0.03219674155116081,0.4257739782333374,0.4257739782333374,0.3935772180557251,0.17362212905747954,0.6986456774725193,0.12773219347000123,0.8009531846094696,206.61954927444458,0.19999999999999996,1.0,0.6490171551704407,0.2,0.0,1.0,11.0,0.25,33.0,0.75,0.75,2.0,0.11363636363636365,,,,,,,
S11,TEMA,,,,,,,,,,0,64,42,0.65625,22.0,0.34375,0.65625,2,,,,,,,,,,,,,,,,,,,,,,,,,,,,,
S11,TEMA,,,,,,,,,,1,64,2,0.03125,62.0,0.96875,0.96875,2,,,,,,,,,,,,,,,,,,,,,,,,,,,,,
S11,TEMA,,,,,,,,,,2,64,27,0.421875,37.0,0.578125,0.578125,2,,,,,,,,,,,,,,,,,,,,,,,,,,,,,
S11,TEMA,,,,,,,,,,3,64,26,0.40625,38.0,0.59375,0.59375,2,,,,,,,,,,,,,,,,,,,,,,,,,,,,,
S11,TEMA,,,,,,,,,,4,44,27,0.6136363636363636,17.0,0.38636363636363635,0.6136363636363636,2,,,,,,,,,,,,,,,,,,,,,,,,,,,,,
S11,DUA,,,,,,,,,,0,64,42,0.65625,22.0,0.34375,0.65625,2,,,,,,,,,,,,,,,,,,,,,,,0.099,,,,,,
S11,DUA,,,,,,,,,,1,64,2,0.03125,62.0,0.96875,0.96875,2,,,,,,,,,,,,,,,,,,,,,,,0.09336,,,,,,
S11,DUA,,,,,,,,,,2,64,27,0.421875,37.0,0.578125,0.578125,2,,,,,,,,,,,,,,,,,,,,,,,0.0880584,,,,,,
S11,DUA,,,,,,,,,,3,64,26,0.40625,38.0,0.59375,0.59375,2,,,,,,,,,,,,,,,,,,,,,,,0.083074896,,,,,,
S11,DUA,,,,,,,,,,4,44,27,0.6136363636363636,17.0,0.38636363636363635,0.6136363636363636,2,,,,,,,,,,,,,,,,,,,,,,,0.07839040223999999,,,,,,
S11,RoTTA,,,,,,,,,,0,64,42,0.65625,22.0,0.34375,0.65625,2,,,,,,,,,,,,,,,,,,,,,,,,62.0,,,,,
S11,RoTTA,,,,,,,,,,1,64,2,0.03125,62.0,0.96875,0.96875,2,,,,,,,,,,,,,,,,,,,,,,,,64.0,,,,,
S11,RoTTA,,,,,,,,,,2,64,27,0.421875,37.0,0.578125,0.578125,2,,,,,,,,,,,,,,,,,,,,,,,,64.0,,,,,
S11,RoTTA,,,,,,,,,,3,64,26,0.40625,38.0,0.59375,0.59375,2,,,,,,,,,,,,,,,,,,,,,,,,64.0,,,,,
S11,RoTTA,,,,,,,,,,4,44,27,0.6136363636363636,17.0,0.38636363636363635,0.6136363636363636,2,,,,,,,,,,,,,,,,,,,,,,,,64.0,,,,,
S11,NOTE,,,,,,,,,,0,64,42,0.65625,22.0,0.34375,0.65625,2,,,,,,,,,,,,,,,,,,,,,,,,,64.0,1.0,0.6613943576812744,,
S11,NOTE,,,,,,,,,,1,64,2,0.03125,62.0,0.96875,0.96875,2,,,,,,,,,,,,,,,,,,,,,,,,,64.0,1.0,0.6340361833572388,,
S11,NOTE,,,,,,,,,,2,64,27,0.421875,37.0,0.578125,0.578125,2,,,,,,,,,,,,,,,,,,,,,,,,,64.0,1.0,0.5528525114059448,,
S11,NOTE,,,,,,,,,,3,64,26,0.40625,38.0,0.59375,0.59375,2,,,,,,,,,,,,,,,,,,,,,,,,,64.0,1.0,0.6482037305831909,,
S11,NOTE,,,,,,,,,,4,44,27,0.6136363636363636,17.0,0.38636363636363635,0.6136363636363636,2,,,,,,,,,,,,,,,,,,,,,,,,,64.0,0.0,,,
S11,DELTA,,,,,,,,,,0,64,42,0.65625,22.0,0.34375,0.65625,2,,,,,,,,,,,,,,,,,,,,,,,,,,,,,0.0
S11,DELTA,,,,,,,,,,1,64,2,0.03125,62.0,0.96875,0.96875,2,,,,,,,,,,,,,,,,,,,,,,,,,,,,0.2721444070339203,2.0
S11,DELTA,,,,,,,,,,2,64,27,0.421875,37.0,0.578125,0.578125,2,,,,,,,,,,,,,,,,,,,,,,,,,,,,0.2267797291278839,27.0
S11,DELTA,,,,,,,,,,3,64,26,0.40625,38.0,0.59375,0.59375,2,,,,,,,,,,,,,,,,,,,,,,,,,,,,0.16890214383602142,13.0
S11,DELTA,,,,,,,,,,4,44,27,0.6136363636363636,17.0,0.38636363636363635,0.6136363636363636,2,,,,,,,,,,,,,,,,,,,,,,,,,,,,0.008980280719697475,44.0
S12,EMATent,0.5668510794639587,0.5668510794639587,0.8697349429130554,1.0,0.32994467616081236,0.5,0.17005532383918762,0.0,0.0,0,64,37,0.578125,27.0,0.421875,0.578125,2,,,,,,,,,,,,,,,,,,,,,,,,,,,,,
S12,EMATent,0.7610280513763428,0.7610280513763428,0.7968353033065796,1.0,0.2716915845870972,0.5,0.2283084154129028,0.0,0.0,1,64,31,0.484375,33.0,0.515625,0.515625,2,,,,,,,,,,,,,,,,,,,,,,,,,,,,,
S12,EMATent,0.5220679640769958,0.5220679640769958,0.8918319344520569,1.0,0.34337961077690127,0.5,0.15662038922309876,0.0,0.0,2,64,38,0.59375,26.0,0.40625,0.59375,2,,,,,,,,,,,,,,,,,,,,,,,,,,,,,
S12,EMATent,0.9652824401855469,0.9652824401855469,0.6645394563674927,1.0,0.21041526794433596,0.5,0.28958473205566404,0.0,0.0,3,56,20,0.35714285714285715,36.0,0.6428571428571429,0.6428571428571429,2,,,,,,,,,,,,,,,,,,,,,,,,,,,,,
S12,DynaMixEMATent,,,,,,,,,,0,64,37,0.578125,27.0,0.421875,0.578125,2,0.0564563162624836,0.5668510794639587,0.5668510794639587,0.5103947520256042,0.6251136690057408,0.20483100715507155,0.17005532383918762,0.24680079653331366,36.27846908569336,0.19999999999999996,1.0,0.5977888107299805,0.2,0.0,1.0,59.0,0.921875,5.0,0.078125,0.921875,2.0,0.078125,,,,,,,
S12,DynaMixEMATent,,,,,,,,,,1,64,31,0.484375,33.0,0.515625,0.515625,2,0.10355789214372635,0.6002599596977234,0.6002599596977234,0.49670207500457764,0.45744365055684655,0.3624783615338364,0.180077987909317,0.4420888281918043,74.69510650634766,0.19999999999999996,1.0,0.6308474540710449,0.2,0.0,1.0,42.0,0.65625,22.0,0.34375,0.65625,2.0,0.015625,,,,,,,
S12,DynaMixEMATent,,,,,,,,,,2,64,38,0.59375,26.0,0.40625,0.59375,2,0.10911798477172852,0.3579759895801544,0.3579759895801544,0.2488580197095871,0.41638199978185864,0.476225203344095,0.10739279687404632,0.5335215777738868,97.60556983947754,0.19999999999999996,1.0,0.46330463886260986,0.2,0.0,1.0,59.0,0.921875,5.0,0.078125,0.921875,2.0,0.09375,,,,,,,
S12,DynaMixEMATent,,,,,,,,,,3,56,20,0.35714285714285715,36.0,0.6428571428571429,0.6428571428571429,2,0.11220939457416534,0.5452151894569397,0.5452151894569397,0.43300577998161316,0.30737674657559083,0.5290586965873273,0.1635645568370819,0.6325158754472806,128.13762044906616,0.19999999999999996,1.0,0.6495603919029236,0.2,0.0,1.0,10.0,0.17857142857142858,46.0,0.8214285714285714,0.8214285714285714,2.0,0.1428571428571429,,,,,,,
S12,TEMA,,,,,,,,,,0,64,37,0.578125,27.0,0.421875,0.578125,2,,,,,,,,,,,,,,,,,,,,,,,,,,,,,
S12,TEMA,,,,,,,,,,1,64,31,0.484375,33.0,0.515625,0.515625,2,,,,,,,,,,,,,,,,,,,,,,,,,,,,,
S12,TEMA,,,,,,,,,,2,64,38,0.59375,26.0,0.40625,0.59375,2,,,,,,,,,,,,,,,,,,,,,,,,,,,,,
S12,TEMA,,,,,,,,,,3,56,20,0.35714285714285715,36.0,0.6428571428571429,0.6428571428571429,2,,,,,,,,,,,,,,,,,,,,,,,,,,,,,
S12,DUA,,,,,,,,,,0,64,37,0.578125,27.0,0.421875,0.578125,2,,,,,,,,,,,,,,,,,,,,,,,0.099,,,,,,
S12,DUA,,,,,,,,,,1,64,31,0.484375,33.0,0.515625,0.515625,2,,,,,,,,,,,,,,,,,,,,,,,0.09336,,,,,,
S12,DUA,,,,,,,,,,2,64,38,0.59375,26.0,0.40625,0.59375,2,,,,,,,,,,,,,,,,,,,,,,,0.0880584,,,,,,
S12,DUA,,,,,,,,,,3,56,20,0.35714285714285715,36.0,0.6428571428571429,0.6428571428571429,2,,,,,,,,,,,,,,,,,,,,,,,0.083074896,,,,,,
S12,RoTTA,,,,,,,,,,0,64,37,0.578125,27.0,0.421875,0.578125,2,,,,,,,,,,,,,,,,,,,,,,,,58.0,,,,,
S12,RoTTA,,,,,,,,,,1,64,31,0.484375,33.0,0.515625,0.515625,2,,,,,,,,,,,,,,,,,,,,,,,,64.0,,,,,
S12,RoTTA,,,,,,,,,,2,64,38,0.59375,26.0,0.40625,0.59375,2,,,,,,,,,,,,,,,,,,,,,,,,64.0,,,,,
S12,RoTTA,,,,,,,,,,3,56,20,0.35714285714285715,36.0,0.6428571428571429,0.6428571428571429,2,,,,,,,,,,,,,,,,,,,,,,,,64.0,,,,,
S12,NOTE,,,,,,,,,,0,64,37,0.578125,27.0,0.421875,0.578125,2,,,,,,,,,,,,,,,,,,,,,,,,,64.0,1.0,0.5596152544021606,,
S12,NOTE,,,,,,,,,,1,64,31,0.484375,33.0,0.515625,0.515625,2,,,,,,,,,,,,,,,,,,,,,,,,,64.0,1.0,0.5396578311920166,,
S12,NOTE,,,,,,,,,,2,64,38,0.59375,26.0,0.40625,0.59375,2,,,,,,,,,,,,,,,,,,,,,,,,,64.0,1.0,0.5228143334388733,,
S12,NOTE,,,,,,,,,,3,56,20,0.35714285714285715,36.0,0.6428571428571429,0.6428571428571429,2,,,,,,,,,,,,,,,,,,,,,,,,,64.0,0.0,,,
S12,DELTA,,,,,,,,,,0,64,37,0.578125,27.0,0.421875,0.578125,2,,,,,,,,,,,,,,,,,,,,,,,,,,,,0.27358078956604004,6.0
S12,DELTA,,,,,,,,,,1,64,31,0.484375,33.0,0.515625,0.515625,2,,,,,,,,,,,,,,,,,,,,,,,,,,,,0.15880118310451508,37.0
S12,DELTA,,,,,,,,,,2,64,38,0.59375,26.0,0.40625,0.59375,2,,,,,,,,,,,,,,,,,,,,,,,,,,,,0.1723003089427948,50.0
S12,DELTA,,,,,,,,,,3,56,20,0.35714285714285715,36.0,0.6428571428571429,0.6428571428571429,2,,,,,,,,,,,,,,,,,,,,,,,,,,,,0.16493315994739532,37.0
S13,EMATent,0.912726879119873,0.912726879119873,0.7443848252296448,1.0,0.2261819362640381,0.5,0.2738180637359619,0.0,0.0,0,64,60,0.9375,4.0,0.0625,0.9375,2,,,,,,,,,,,,,,,,,,,,,,,,,,,,,
S13,EMATent,0.9902026653289795,0.9902026653289795,0.8151990175247192,1.0,0.20293920040130617,0.5,0.29706079959869386,0.0,0.0,1,64,25,0.390625,39.0,0.609375,0.609375,2,,,,,,,,,,,,,,,,,,,,,,,,,,,,,
S13,EMATent,0.9913076758384705,0.9913076758384705,0.6544252634048462,1.0,0.20260769724845887,0.5,0.2973923027515411,0.0,0.0,2,64,54,0.84375,10.0,0.15625,0.84375,2,,,,,,,,,,,,,,,,,,,,,,,,,,,,,
S13,EMATent,0.9828402400016785,0.9828402400016785,0.7357182502746582,1.0,0.20514792799949647,0.5,0.2948520720005035,0.0,0.0,3,64,50,0.78125,14.0,0.21875,0.78125,2,,,,,,,,,,,,,,,,,,,,,,,,,,,,,
S13,EMATent,0.5955492854118347,0.5955492854118347,0.8556380867958069,1.0,0.3213352143764496,0.5,0.1786647856235504,0.0,0.0,4,21,0,0.0,21.0,1.0,1.0,1,,,,,,,,,,,,,,,,,,,,,,,,,,,,,
S13,DynaMixEMATent,,,,,,,,,,0,64,60,0.9375,4.0,0.0625,0.9375,2,0.16454903781414032,0.912726879119873,0.912726879119873,0.7481778264045715,0.4600969116456731,0.2660850246183649,0.2738180637359619,0.3664164740688579,58.414520263671875,0.19999999999999996,1.0,0.6323567032814026,0.2,0.0,1.0,45.0,0.703125,19.0,0.296875,0.703125,2.0,0.4375,,,,,,,
S13,DynaMixEMATent,,,,,,,,,,1,64,25,0.390625,39.0,0.609375,0.609375,2,0.4158969521522522,0.9744921922683716,0.9744921922683716,0.5585952401161194,0.2754327219927552,0.4322196203267333,0.29234765768051146,0.6107796081194856,120.78202056884766,0.19999999999999996,1.0,0.6042973399162292,0.2,0.0,1.0,34.0,0.53125,30.0,0.46875,0.53125,2.0,0.109375,,,,,,,
S13,DynaMixEMATent,,,,,,,,,,2,64,54,0.84375,10.0,0.15625,0.84375,2,0.21600814163684845,0.950157880783081,0.950157880783081,0.7341497540473938,0.17304087196531356,0.5419117637997621,0.2850473642349243,0.7579687614129272,181.59212493896484,0.19999999999999996,1.0,0.6490893363952637,0.2,0.0,1.0,30.0,0.46875,34.0,0.53125,0.53125,2.0,0.34375,,,,,,,
S13,DynaMixEMATent,,,,,,,,,,3,64,50,0.78125,14.0,0.21875,0.78125,2,0.23588193953037262,0.9998957514762878,0.9998957514762878,0.7640138268470764,0.10276950449803617,0.5972617700590775,0.29996872544288633,0.8531929811806551,245.58545303344727,0.19999999999999996,1.0,0.6295047402381897,0.2,0.0,1.0,38.0,0.59375,26.0,0.40625,0.59375,2.0,0.28125,,,,,,,
S13,DynaMixEMATent,,,,,,,,,,4,21,0,0.0,21.0,1.0,1.0,1,0.10989923775196075,0.6998111009597778,0.6998111009597778,0.5899118185043335,0.10340523259134127,0.6866514371207254,0.20994333028793336,0.8691166892761921,260.2814861536026,0.19999999999999996,1.0,0.5932450890541077,0.2,0.0,1.0,9.0,0.42857142857142855,12.0,0.5714285714285714,0.5714285714285714,2.0,0.5,,,,,,,
S13,TEMA,,,,,,,,,,0,64,60,0.9375,4.0,0.0625,0.9375,2,,,,,,,,,,,,,,,,,,,,,,,,,,,,,
S13,TEMA,,,,,,,,,,1,64,25,0.390625,39.0,0.609375,0.609375,2,,,,,,,,,,,,,,,,,,,,,,,,,,,,,
S13,TEMA,,,,,,,,,,2,64,54,0.84375,10.0,0.15625,0.84375,2,,,,,,,,,,,,,,,,,,,,,,,,,,,,,
S13,TEMA,,,,,,,,,,3,64,50,0.78125,14.0,0.21875,0.78125,2,,,,,,,,,,,,,,,,,,,,,,,,,,,,,
S13,TEMA,,,,,,,,,,4,21,0,0.0,21.0,1.0,1.0,1,,,,,,,,,,,,,,,,,,,,,,,,,,,,,
S13,DUA,,,,,,,,,,0,64,60,0.9375,4.0,0.0625,0.9375,2,,,,,,,,,,,,,,,,,,,,,,,0.099,,,,,,
S13,DUA,,,,,,,,,,1,64,25,0.390625,39.0,0.609375,0.609375,2,,,,,,,,,,,,,,,,,,,,,,,0.09336,,,,,,
S13,DUA,,,,,,,,,,2,64,54,0.84375,10.0,0.15625,0.84375,2,,,,,,,,,,,,,,,,,,,,,,,0.0880584,,,,,,
S13,DUA,,,,,,,,,,3,64,50,0.78125,14.0,0.21875,0.78125,2,,,,,,,,,,,,,,,,,,,,,,,0.083074896,,,,,,
S13,DUA,,,,,,,,,,4,21,0,0.0,21.0,1.0,1.0,1,,,,,,,,,,,,,,,,,,,,,,,0.07839040223999999,,,,,,
S13,RoTTA,,,,,,,,,,0,64,60,0.9375,4.0,0.0625,0.9375,2,,,,,,,,,,,,,,,,,,,,,,,,44.0,,,,,
S13,RoTTA,,,,,,,,,,1,64,25,0.390625,39.0,0.609375,0.609375,2,,,,,,,,,,,,,,,,,,,,,,,,64.0,,,,,
S13,RoTTA,,,,,,,,,,2,64,54,0.84375,10.0,0.15625,0.84375,2,,,,,,,,,,,,,,,,,,,,,,,,64.0,,,,,
S13,RoTTA,,,,,,,,,,3,64,50,0.78125,14.0,0.21875,0.78125,2,,,,,,,,,,,,,,,,,,,,,,,,64.0,,,,,
S13,RoTTA,,,,,,,,,,4,21,0,0.0,21.0,1.0,1.0,1,,,,,,,,,,,,,,,,,,,,,,,,64.0,,,,,
S13,NOTE,,,,,,,,,,0,64,60,0.9375,4.0,0.0625,0.9375,2,,,,,,,,,,,,,,,,,,,,,,,,,64.0,1.0,0.6504436731338501,,
S13,NOTE,,,,,,,,,,1,64,25,0.390625,39.0,0.609375,0.609375,2,,,,,,,,,,,,,,,,,,,,,,,,,64.0,1.0,0.6161202788352966,,
S13,NOTE,,,,,,,,,,2,64,54,0.84375,10.0,0.15625,0.84375,2,,,,,,,,,,,,,,,,,,,,,,,,,64.0,1.0,0.5859954357147217,,
S13,NOTE,,,,,,,,,,3,64,50,0.78125,14.0,0.21875,0.78125,2,,,,,,,,,,,,,,,,,,,,,,,,,64.0,1.0,0.6405737996101379,,
S13,NOTE,,,,,,,,,,4,21,0,0.0,21.0,1.0,1.0,1,,,,,,,,,,,,,,,,,,,,,,,,,64.0,0.0,,,
S13,DELTA,,,,,,,,,,0,64,60,0.9375,4.0,0.0625,0.9375,2,,,,,,,,,,,,,,,,,,,,,,,,,,,,,0.0
S13,DELTA,,,,,,,,,,1,64,25,0.390625,39.0,0.609375,0.609375,2,,,,,,,,,,,,,,,,,,,,,,,,,,,,0.07137313485145569,45.0
S13,DELTA,,,,,,,,,,2,64,54,0.84375,10.0,0.15625,0.84375,2,,,,,,,,,,,,,,,,,,,,,,,,,,,,0.18319523334503174,26.0
S13,DELTA,,,,,,,,,,3,64,50,0.78125,14.0,0.21875,0.78125,2,,,,,,,,,,,,,,,,,,,,,,,,,,,,0.2967129349708557,6.0
S13,DELTA,,,,,,,,,,4,21,0,0.0,21.0,1.0,1.0,1,,,,,,,,,,,,,,,,,,,,,,,,,,,,0.14225280284881592,8.0
S14,EMATent,0.7571911215782166,0.7571911215782166,0.8286082744598389,1.0,0.272842663526535,0.5,0.22715733647346495,0.0,0.0,0,64,49,0.765625,15.0,0.234375,0.765625,2,,,,,,,,,,,,,,,,,,,,,,,,,,,,,
S14,EMATent,0.5816900134086609,0.5816900134086609,0.8609710931777954,1.0,0.3254929959774018,0.5,0.17450700402259825,0.0,0.0,1,64,46,0.71875,18.0,0.28125,0.71875,2,,,,,,,,,,,,,,,,,,,,,,,,,,,,,
S14,EMATent,0.7091201543807983,0.7091201543807983,0.8112324476242065,1.0,0.2872639536857605,0.5,0.2127360463142395,0.0,0.0,2,64,26,0.40625,38.0,0.59375,0.59375,2,,,,,,,,,,,,,,,,,,,,,,,,,,,,,
S14,EMATent,0.6595959663391113,0.6595959663391113,0.8291717767715454,1.0,0.3021212100982666,0.5,0.19787878990173338,0.0,0.0,3,52,52,1.0,,,1.0,1,,,,,,,,,,,,,,,,,,,,,,,,,,,,,
S14,DynaMixEMATent,,,,,,,,,,0,64,49,0.765625,15.0,0.234375,0.765625,2,0.20811930298805237,0.7571911215782166,0.7571911215782166,0.5490717887878418,0.5292600648414072,0.2435825986851279,0.22715733647346495,0.31517747425283626,48.46023178100586,0.19999999999999996,1.0,0.5781446695327759,0.2,0.0,1.0,48.0,0.75,16.0,0.25,0.75,2.0,0.265625,,,,,,,
S14,DynaMixEMATent,,,,,,,,,,1,64,46,0.71875,18.0,0.28125,0.71875,2,0.05305217579007149,0.46712759137153625,0.46712759137153625,0.41407540440559387,0.4661988370914473,0.3936628854970918,0.14013827741146087,0.4578211532803249,78.35639762878418,0.19999999999999996,1.0,0.5410846471786499,0.2,0.0,1.0,63.0,0.984375,1.0,0.015625,0.984375,2.0,0.21875,,,,,,,
S14,DynaMixEMATent,,,,,,,,,,2,64,26,0.40625,38.0,0.59375,0.59375,2,0.09460266679525375,0.5254936814308167,0.5254936814308167,0.4308910071849823,0.3511774523544333,0.49117444321632164,0.15764810442924498,0.5830988756587472,111.98799324035645,0.19999999999999996,1.0,0.5949503183364868,0.2,0.0,1.0,58.0,0.90625,6.0,0.09375,0.90625,2.0,0.09375,,,,,,,
S14,DynaMixEMATent,,,,,,,,,,3,52,52,1.0,,,1.0,1,0.11099553853273392,0.46238815784454346,0.46238815784454346,0.35139262676239014,0.29757681499899624,0.5637067376476407,0.13871644735336303,0.6544961132897837,136.0321774482727,0.19999999999999996,1.0,0.622178316116333,0.2,0.0,1.0,51.0,0.9807692307692307,1.0,0.019230769230769232,0.9807692307692307,2.0,0.0,,,,,,,
S14,TEMA,,,,,,,,,,0,64,49,0.765625,15.0,0.234375,0.765625,2,,,,,,,,,,,,,,,,,,,,,,,,,,,,,
S14,TEMA,,,,,,,,,,1,64,46,0.71875,18.0,0.28125,0.71875,2,,,,,,,,,,,,,,,,,,,,,,,,,,,,,
S14,TEMA,,,,,,,,,,2,64,26,0.40625,38.0,0.59375,0.59375,2,,,,,,,,,,,,,,,,,,,,,,,,,,,,,
S14,TEMA,,,,,,,,,,3,52,52,1.0,0.0,0.0,1.0,1,,,,,,,,,,,,,,,,,,,,,,,,,,,,,
S14,DUA,,,,,,,,,,0,64,49,0.765625,15.0,0.234375,0.765625,2,,,,,,,,,,,,,,,,,,,,,,,0.099,,,,,,
S14,DUA,,,,,,,,,,1,64,46,0.71875,18.0,0.28125,0.71875,2,,,,,,,,,,,,,,,,,,,,,,,0.09336,,,,,,
S14,DUA,,,,,,,,,,2,64,26,0.40625,38.0,0.59375,0.59375,2,,,,,,,,,,,,,,,,,,,,,,,0.0880584,,,,,,
S14,DUA,,,,,,,,,,3,52,52,1.0,0.0,0.0,1.0,1,,,,,,,,,,,,,,,,,,,,,,,0.083074896,,,,,,
S14,RoTTA,,,,,,,,,,0,64,49,0.765625,15.0,0.234375,0.765625,2,,,,,,,,,,,,,,,,,,,,,,,,49.0,,,,,
S14,RoTTA,,,,,,,,,,1,64,46,0.71875,18.0,0.28125,0.71875,2,,,,,,,,,,,,,,,,,,,,,,,,64.0,,,,,
S14,RoTTA,,,,,,,,,,2,64,26,0.40625,38.0,0.59375,0.59375,2,,,,,,,,,,,,,,,,,,,,,,,,64.0,,,,,
S14,RoTTA,,,,,,,,,,3,52,52,1.0,0.0,0.0,1.0,1,,,,,,,,,,,,,,,,,,,,,,,,64.0,,,,,
S14,NOTE,,,,,,,,,,0,64,49,0.765625,15.0,0.234375,0.765625,2,,,,,,,,,,,,,,,,,,,,,,,,,64.0,1.0,0.6173530220985413,,
S14,NOTE,,,,,,,,,,1,64,46,0.71875,18.0,0.28125,0.71875,2,,,,,,,,,,,,,,,,,,,,,,,,,64.0,1.0,0.607155442237854,,
S14,NOTE,,,,,,,,,,2,64,26,0.40625,38.0,0.59375,0.59375,2,,,,,,,,,,,,,,,,,,,,,,,,,64.0,1.0,0.59824538230896,,
S14,NOTE,,,,,,,,,,3,52,52,1.0,0.0,0.0,1.0,1,,,,,,,,,,,,,,,,,,,,,,,,,64.0,0.0,,,
S14,DELTA,,,,,,,,,,0,64,49,0.765625,15.0,0.234375,0.765625,2,,,,,,,,,,,,,,,,,,,,,,,,,,,,0.2622923254966736,4.0
S14,DELTA,,,,,,,,,,1,64,46,0.71875,18.0,0.28125,0.71875,2,,,,,,,,,,,,,,,,,,,,,,,,,,,,0.17446720600128174,37.0
S14,DELTA,,,,,,,,,,2,64,26,0.40625,38.0,0.59375,0.59375,2,,,,,,,,,,,,,,,,,,,,,,,,,,,,0.13935324549674988,39.0
S14,DELTA,,,,,,,,,,3,52,52,1.0,0.0,0.0,1.0,1,,,,,,,,,,,,,,,,,,,,,,,,,,,,0.20466715097427368,29.0
S15,EMATent,0.9999948143959045,0.9999948143959045,0.6163960695266724,1.0,0.20000155568122865,0.5,0.2999984443187714,0.0,0.0,0,64,50,0.78125,14.0,0.21875,0.78125,2,,,,,,,,,,,,,,,,,,,,,,,,,,,,,
S15,EMATent,0.9624401330947876,0.9624401330947876,0.7238137722015381,1.0,0.21126796007156373,0.5,0.28873203992843627,0.0,0.0,1,64,55,0.859375,9.0,0.140625,0.859375,2,,,,,,,,,,,,,,,,,,,,,,,,,,,,,
S15,EMATent,0.7667490243911743,0.7667490243911743,0.8099978566169739,1.0,0.2699752926826477,0.5,0.23002470731735228,0.0,0.0,2,64,29,0.453125,35.0,0.546875,0.546875,2,,,,,,,,,,,,,,,,,,,,,,,,,,,,,
S15,EMATent,0.5690361857414246,0.5690361857414246,0.865729033946991,1.0,0.3292891442775726,0.5,0.17071085572242736,0.0,0.0,3,64,58,0.90625,6.0,0.09375,0.90625,2,,,,,,,,,,,,,,,,,,,,,,,,,,,,,
S15,EMATent,0.7590728402137756,0.7590728402137756,0.7978552579879761,1.0,0.2722781479358673,0.5,0.22772185206413267,0.0,0.0,4,64,29,0.453125,35.0,0.546875,0.546875,2,,,,,,,,,,,,,,,,,,,,,,,,,,,,,
S15,DynaMixEMATent,,,,,,,,,,0,64,50,0.78125,14.0,0.21875,0.78125,2,0.05929669365286827,0.9999948143959045,0.9999948143959045,0.9406981468200684,0.42457350620083445,0.27542804948039423,0.2999984443187714,0.39346776767139136,63.99966812133789,0.19999999999999996,1.0,0.6407901048660278,0.2,0.0,1.0,38.0,0.59375,26.0,0.40625,0.59375,2.0,0.28125,,,,,,,
S15,DynaMixEMATent,,,,,,,,,,1,64,55,0.859375,9.0,0.140625,0.859375,2,0.200725257396698,0.9379478096961975,0.9379478096961975,0.7372225522994995,0.27269538073852767,0.44592027635261317,0.2813843429088592,0.6205268031003364,124.02832794189453,0.19999999999999996,1.0,0.6147972345352173,0.2,0.0,1.0,46.0,0.71875,18.0,0.28125,0.71875,2.0,0.359375,,,,,,,
S15,DynaMixEMATent,,,,,,,,,,2,64,29,0.453125,35.0,0.546875,0.546875,2,0.09753350913524628,0.7571641802787781,0.7571641802787781,0.6596306562423706,0.20084481467375453,0.572005931242612,0.2271492540836334,0.740124706180346,172.48683547973633,0.19999999999999996,1.0,0.4673847258090973,0.2,0.0,1.0,16.0,0.25,48.0,0.75,0.75,2.0,0.046875,,,,,,,
S15,DynaMixEMATent,,,,,,,,,,3,64,58,0.90625,6.0,0.09375,0.90625,2,0.03567234054207802,0.6408777832984924,0.6408777832984924,0.6052054166793823,0.1523596435260695,0.6553770214843827,0.19226333498954773,0.8113746099118851,213.50301361083984,0.19999999999999996,1.0,0.49086642265319824,0.2,0.0,1.0,19.0,0.296875,45.0,0.703125,0.703125,2.0,0.40625,,,,,,,
S15,DynaMixEMATent,,,,,,,,,,4,64,29,0.453125,35.0,0.546875,0.546875,2,0.05068715661764145,0.6670103073120117,0.6670103073120117,0.6163231134414673,0.10809229079761716,0.6918046170087793,0.2001030921936035,0.8648672225849142,256.1916732788086,0.19999999999999996,1.0,0.48750734329223633,0.2,0.0,1.0,33.0,0.515625,31.0,0.484375,0.515625,2.0,0.046875,,,,,,,
S15,TEMA,,,,,,,,,,0,64,50,0.78125,14.0,0.21875,0.78125,2,,,,,,,,,,,,,,,,,,,,,,,,,,,,,
S15,TEMA,,,,,,,,,,1,64,55,0.859375,9.0,0.140625,0.859375,2,,,,,,,,,,,,,,,,,,,,,,,,,,,,,
S15,TEMA,,,,,,,,,,2,64,29,0.453125,35.0,0.546875,0.546875,2,,,,,,,,,,,,,,,,,,,,,,,,,,,,,
S15,TEMA,,,,,,,,,,3,64,58,0.90625,6.0,0.09375,0.90625,2,,,,,,,,,,,,,,,,,,,,,,,,,,,,,
S15,TEMA,,,,,,,,,,4,64,29,0.453125,35.0,0.546875,0.546875,2,,,,,,,,,,,,,,,,,,,,,,,,,,,,,
S15,DUA,,,,,,,,,,0,64,50,0.78125,14.0,0.21875,0.78125,2,,,,,,,,,,,,,,,,,,,,,,,0.099,,,,,,
S15,DUA,,,,,,,,,,1,64,55,0.859375,9.0,0.140625,0.859375,2,,,,,,,,,,,,,,,,,,,,,,,0.09336,,,,,,
S15,DUA,,,,,,,,,,2,64,29,0.453125,35.0,0.546875,0.546875,2,,,,,,,,,,,,,,,,,,,,,,,0.0880584,,,,,,
S15,DUA,,,,,,,,,,3,64,58,0.90625,6.0,0.09375,0.90625,2,,,,,,,,,,,,,,,,,,,,,,,0.083074896,,,,,,
S15,DUA,,,,,,,,,,4,64,29,0.453125,35.0,0.546875,0.546875,2,,,,,,,,,,,,,,,,,,,,,,,0.07839040223999999,,,,,,
S15,RoTTA,,,,,,,,,,0,64,50,0.78125,14.0,0.21875,0.78125,2,,,,,,,,,,,,,,,,,,,,,,,,52.0,,,,,
S15,RoTTA,,,,,,,,,,1,64,55,0.859375,9.0,0.140625,0.859375,2,,,,,,,,,,,,,,,,,,,,,,,,64.0,,,,,
S15,RoTTA,,,,,,,,,,2,64,29,0.453125,35.0,0.546875,0.546875,2,,,,,,,,,,,,,,,,,,,,,,,,64.0,,,,,
S15,RoTTA,,,,,,,,,,3,64,58,0.90625,6.0,0.09375,0.90625,2,,,,,,,,,,,,,,,,,,,,,,,,64.0,,,,,
S15,RoTTA,,,,,,,,,,4,64,29,0.453125,35.0,0.546875,0.546875,2,,,,,,,,,,,,,,,,,,,,,,,,64.0,,,,,
S15,NOTE,,,,,,,,,,0,64,50,0.78125,14.0,0.21875,0.78125,2,,,,,,,,,,,,,,,,,,,,,,,,,64.0,1.0,0.5867615938186646,,
S15,NOTE,,,,,,,,,,1,64,55,0.859375,9.0,0.140625,0.859375,2,,,,,,,,,,,,,,,,,,,,,,,,,64.0,1.0,0.6547974348068237,,
S15,NOTE,,,,,,,,,,2,64,29,0.453125,35.0,0.546875,0.546875,2,,,,,,,,,,,,,,,,,,,,,,,,,64.0,1.0,0.6042298078536987,,
S15,NOTE,,,,,,,,,,3,64,58,0.90625,6.0,0.09375,0.90625,2,,,,,,,,,,,,,,,,,,,,,,,,,64.0,1.0,0.6114100813865662,,
S15,NOTE,,,,,,,,,,4,64,29,0.453125,35.0,0.546875,0.546875,2,,,,,,,,,,,,,,,,,,,,,,,,,64.0,1.0,0.6160159111022949,,
S15,DELTA,,,,,,,,,,0,64,50,0.78125,14.0,0.21875,0.78125,2,,,,,,,,,,,,,,,,,,,,,,,,,,,,0.30154407024383545,7.0
S15,DELTA,,,,,,,,,,1,64,55,0.859375,9.0,0.140625,0.859375,2,,,,,,,,,,,,,,,,,,,,,,,,,,,,0.2539805769920349,3.0
S15,DELTA,,,,,,,,,,2,64,29,0.453125,35.0,0.546875,0.546875,2,,,,,,,,,,,,,,,,,,,,,,,,,,,,0.14232589304447174,44.0
S15,DELTA,,,,,,,,,,3,64,58,0.90625,6.0,0.09375,0.90625,2,,,,,,,,,,,,,,,,,,,,,,,,,,,,0.15078718960285187,36.0
S15,DELTA,,,,,,,,,,4,64,29,0.453125,35.0,0.546875,0.546875,2,,,,,,,,,,,,,,,,,,,,,,,,,,,,0.14892125129699707,49.0
S16,EMATent,0.9404332637786865,0.9404332637786865,0.7669713497161865,1.0,0.21787002086639407,0.5,0.28212997913360593,0.0,0.0,0,64,60,0.9375,4.0,0.0625,0.9375,2,,,,,,,,,,,,,,,,,,,,,,,,,,,,,
S16,EMATent,0.5353703498840332,0.5353703498840332,0.8778989315032959,1.0,0.3393888950347901,0.5,0.16061110496520994,0.0,0.0,1,64,49,0.765625,15.0,0.234375,0.765625,2,,,,,,,,,,,,,,,,,,,,,,,,,,,,,
S16,EMATent,0.8134552240371704,0.8134552240371704,0.7632187604904175,1.0,0.25596343278884887,0.5,0.2440365672111511,0.0,0.0,2,64,3,0.046875,61.0,0.953125,0.953125,2,,,,,,,,,,,,,,,,,,,,,,,,,,,,,
S16,EMATent,0.6594365239143372,0.6594365239143372,0.8292416930198669,1.0,0.30216904282569884,0.5,0.19783095717430113,0.0,0.0,3,29,27,0.9310344827586207,2.0,0.06896551724137931,0.9310344827586207,2,,,,,,,,,,,,,,,,,,,,,,,,,,,,,
S16,DynaMixEMATent,,,,,,,,,,0,64,60,0.9375,4.0,0.0625,0.9375,2,0.2155400961637497,0.9404332637786865,0.9404332637786865,0.7248932123184204,0.4485732055862209,0.2692968152801732,0.28212997913360593,0.37513311247509695,60.18772888183594,0.19999999999999996,1.0,0.593120813369751,0.2,0.0,1.0,21.0,0.328125,43.0,0.671875,0.671875,2.0,0.4375,,,,,,,
S16,DynaMixEMATent,,,,,,,,,,1,64,49,0.765625,15.0,0.234375,0.765625,2,0.09405455738306046,0.5715627074241638,0.5715627074241638,0.47750815749168396,0.38903001274065846,0.43950117503209235,0.17146881222724913,0.530458215113851,96.76774215698242,0.19999999999999996,1.0,0.44139325618743896,0.2,0.0,1.0,62.0,0.96875,2.0,0.03125,0.96875,2.0,0.265625,,,,,,,
S16,DynaMixEMATent,,,,,,,,,,2,64,3,0.046875,61.0,0.953125,0.953125,2,0.0991317480802536,0.7024024128913879,0.7024024128913879,0.6032707095146179,0.2608436089522104,0.5284356671803733,0.2107207238674164,0.6695167137412668,141.72149658203125,0.19999999999999996,1.0,0.5238133668899536,0.2,0.0,1.0,48.0,0.75,16.0,0.25,0.75,2.0,0.453125,,,,,,,
S16,DynaMixEMATent,,,,,,,,,,3,29,27,0.9310344827586207,2.0,0.06896551724137931,0.9310344827586207,2,0.08493749797344208,0.5436756610870361,0.5436756610870361,0.45873817801475525,0.24452698130928388,0.5923703203646054,0.16310269832611082,0.7078172186477334,157.4880907535553,0.19999999999999996,1.0,0.5486529469490051,0.2,0.0,1.0,27.0,0.9310344827586207,2.0,0.06896551724137931,0.9310344827586207,2.0,0.43103448275862066,,,,,,,
S16,TEMA,,,,,,,,,,0,64,60,0.9375,4.0,0.0625,0.9375,2,,,,,,,,,,,,,,,,,,,,,,,,,,,,,
S16,TEMA,,,,,,,,,,1,64,49,0.765625,15.0,0.234375,0.765625,2,,,,,,,,,,,,,,,,,,,,,,,,,,,,,
S16,TEMA,,,,,,,,,,2,64,3,0.046875,61.0,0.953125,0.953125,2,,,,,,,,,,,,,,,,,,,,,,,,,,,,,
S16,TEMA,,,,,,,,,,3,29,27,0.9310344827586207,2.0,0.06896551724137931,0.9310344827586207,2,,,,,,,,,,,,,,,,,,,,,,,,,,,,,
S16,DUA,,,,,,,,,,0,64,60,0.9375,4.0,0.0625,0.9375,2,,,,,,,,,,,,,,,,,,,,,,,0.099,,,,,,
S16,DUA,,,,,,,,,,1,64,49,0.765625,15.0,0.234375,0.765625,2,,,,,,,,,,,,,,,,,,,,,,,0.09336,,,,,,
S16,DUA,,,,,,,,,,2,64,3,0.046875,61.0,0.953125,0.953125,2,,,,,,,,,,,,,,,,,,,,,,,0.0880584,,,,,,
S16,DUA,,,,,,,,,,3,29,27,0.9310344827586207,2.0,0.06896551724137931,0.9310344827586207,2,,,,,,,,,,,,,,,,,,,,,,,0.083074896,,,,,,
S16,RoTTA,,,,,,,,,,0,64,60,0.9375,4.0,0.0625,0.9375,2,,,,,,,,,,,,,,,,,,,,,,,,62.0,,,,,
S16,RoTTA,,,,,,,,,,1,64,49,0.765625,15.0,0.234375,0.765625,2,,,,,,,,,,,,,,,,,,,,,,,,64.0,,,,,
S16,RoTTA,,,,,,,,,,2,64,3,0.046875,61.0,0.953125,0.953125,2,,,,,,,,,,,,,,,,,,,,,,,,64.0,,,,,
S16,RoTTA,,,,,,,,,,3,29,27,0.9310344827586207,2.0,0.06896551724137931,0.9310344827586207,2,,,,,,,,,,,,,,,,,,,,,,,,64.0,,,,,
S16,NOTE,,,,,,,,,,0,64,60,0.9375,4.0,0.0625,0.9375,2,,,,,,,,,,,,,,,,,,,,,,,,,64.0,1.0,0.6002089381217957,,
S16,NOTE,,,,,,,,,,1,64,49,0.765625,15.0,0.234375,0.765625,2,,,,,,,,,,,,,,,,,,,,,,,,,64.0,1.0,0.6233240962028503,,
S16,NOTE,,,,,,,,,,2,64,3,0.046875,61.0,0.953125,0.953125,2,,,,,,,,,,,,,,,,,,,,,,,,,64.0,1.0,0.5658891201019287,,
S16,NOTE,,,,,,,,,,3,29,27,0.9310344827586207,2.0,0.06896551724137931,0.9310344827586207,2,,,,,,,,,,,,,,,,,,,,,,,,,64.0,0.0,,,
S16,DELTA,,,,,,,,,,0,64,60,0.9375,4.0,0.0625,0.9375,2,,,,,,,,,,,,,,,,,,,,,,,,,,,,0.2251800000667572,4.0
S16,DELTA,,,,,,,,,,1,64,49,0.765625,15.0,0.234375,0.765625,2,,,,,,,,,,,,,,,,,,,,,,,,,,,,,0.0
S16,DELTA,,,,,,,,,,2,64,3,0.046875,61.0,0.953125,0.953125,2,,,,,,,,,,,,,,,,,,,,,,,,,,,,0.23558788001537323,11.0
S16,DELTA,,,,,,,,,,3,29,27,0.9310344827586207,2.0,0.06896551724137931,0.9310344827586207,2,,,,,,,,,,,,,,,,,,,,,,,,,,,,0.2893363833427429,8.0
S17,EMATent,0.9864597916603088,0.9864597916603088,0.7285124063491821,1.0,0.20406206250190737,0.5,0.29593793749809266,0.0,0.0,0,64,27,0.421875,37.0,0.578125,0.578125,2,,,,,,,,,,,,,,,,,,,,,,,,,,,,,
S17,EMATent,0.776991069316864,0.776991069316864,0.8155028820037842,1.0,0.2669026792049408,0.5,0.23309732079505918,0.0,0.0,1,64,40,0.625,24.0,0.375,0.625,2,,,,,,,,,,,,,,,,,,,,,,,,,,,,,
S17,EMATent,0.6174876093864441,0.6174876093864441,0.8732503056526184,1.0,0.31475371718406675,0.5,0.18524628281593322,0.0,0.0,2,64,26,0.40625,38.0,0.59375,0.59375,2,,,,,,,,,,,,,,,,,,,,,,,,,,,,,
S17,EMATent,0.9536946415901184,0.9536946415901184,0.7040199041366577,1.0,0.2138916075229645,0.5,0.2861083924770355,0.0,0.0,3,64,64,1.0,,,1.0,1,,,,,,,,,,,,,,,,,,,,,,,,,,,,,
S17,EMATent,0.8548527359962463,0.8548527359962463,0.743692934513092,1.0,0.24354417920112612,0.5,0.2564558207988739,0.0,0.0,4,30,17,0.5666666666666667,13.0,0.43333333333333335,0.5666666666666667,2,,,,,,,,,,,,,,,,,,,,,,,,,,,,,
S17,DynaMixEMATent,,,,,,,,,,0,64,27,0.421875,37.0,0.578125,0.578125,2,0.19715145230293274,0.9864597916603088,0.9864597916603088,0.7893083691596985,0.4299361087756613,0.2741259537262461,0.29593793749809266,0.3893491331604072,63.133426666259766,0.19999999999999996,1.0,0.5668987035751343,0.2,0.0,1.0,38.0,0.59375,26.0,0.40625,0.59375,2.0,0.078125,,,,,,,
S17,DynaMixEMATent,,,,,,,,,,1,64,40,0.625,24.0,0.375,0.625,2,0.2080375701189041,0.8130937218666077,0.8130937218666077,0.6050561666488647,0.30746452010316355,0.4486073633368542,0.24392811655998228,0.5933395662007104,115.17142486572266,0.19999999999999996,1.0,0.5264961123466492,0.2,0.0,1.0,52.0,0.8125,12.0,0.1875,0.8125,2.0,0.125,,,,,,,
S17,DynaMixEMATent,,,,,,,,,,2,64,26,0.40625,38.0,0.59375,0.59375,2,0.17659951746463776,0.5912854075431824,0.5912854075431824,0.41468584537506104,0.2489041975201658,0.5737101802168795,0.1773856222629547,0.6974229915542154,153.01369094848633,0.19999999999999996,1.0,0.49046993255615234,0.2,0.0,1.0,57.0,0.890625,7.0,0.109375,0.890625,2.0,0.09375,,,,,,,
S17,DynaMixEMATent,,,,,,,,,,3,64,64,1.0,,,1.0,1,0.18378539383411407,0.840490460395813,0.840490460395813,0.6567050814628601,0.1486421232054822,0.5992107386757739,0.2521471381187439,0.8012414864181083,206.80508041381836,0.19999999999999996,1.0,0.6478419899940491,0.2,0.0,1.0,41.0,0.640625,23.0,0.359375,0.640625,2.0,0.0,,,,,,,
S17,DynaMixEMATent,,,,,,,,,,4,30,17,0.5666666666666667,13.0,0.43333333333333335,0.5666666666666667,2,0.21708166599273682,0.7075908184051514,0.7075908184051514,0.49050912261009216,0.13264016093854664,0.6550825935399079,0.2122772455215454,0.8316156792672992,228.0328049659729,0.19999999999999996,1.0,0.6759394407272339,0.2,0.0,1.0,19.0,0.6333333333333333,11.0,0.36666666666666664,0.6333333333333333,2.0,0.06666666666666665,,,,,,,
S17,TEMA,,,,,,,,,,0,64,27,0.421875,37.0,0.578125,0.578125,2,,,,,,,,,,,,,,,,,,,,,,,,,,,,,
S17,TEMA,,,,,,,,,,1,64,40,0.625,24.0,0.375,0.625,2,,,,,,,,,,,,,,,,,,,,,,,,,,,,,
S17,TEMA,,,,,,,,,,2,64,26,0.40625,38.0,0.59375,0.59375,2,,,,,,,,,,,,,,,,,,,,,,,,,,,,,
S17,TEMA,,,,,,,,,,3,64,64,1.0,0.0,0.0,1.0,1,,,,,,,,,,,,,,,,,,,,,,,,,,,,,
S17,TEMA,,,,,,,,,,4,30,17,0.5666666666666667,13.0,0.43333333333333335,0.5666666666666667,2,,,,,,,,,,,,,,,,,,,,,,,,,,,,,
S17,DUA,,,,,,,,,,0,64,27,0.421875,37.0,0.578125,0.578125,2,,,,,,,,,,,,,,,,,,,,,,,0.099,,,,,,
S17,DUA,,,,,,,,,,1,64,40,0.625,24.0,0.375,0.625,2,,,,,,,,,,,,,,,,,,,,,,,0.09336,,,,,,
S17,DUA,,,,,,,,,,2,64,26,0.40625,38.0,0.59375,0.59375,2,,,,,,,,,,,,,,,,,,,,,,,0.0880584,,,,,,
S17,DUA,,,,,,,,,,3,64,64,1.0,0.0,0.0,1.0,1,,,,,,,,,,,,,,,,,,,,,,,0.083074896,,,,,,
S17,DUA,,,,,,,,,,4,30,17,0.5666666666666667,13.0,0.43333333333333335,0.5666666666666667,2,,,,,,,,,,,,,,,,,,,,,,,0.07839040223999999,,,,,,
S17,RoTTA,,,,,,,,,,0,64,27,0.421875,37.0,0.578125,0.578125,2,,,,,,,,,,,,,,,,,,,,,,,,64.0,,,,,
S17,RoTTA,,,,,,,,,,1,64,40,0.625,24.0,0.375,0.625,2,,,,,,,,,,,,,,,,,,,,,,,,64.0,,,,,
S17,RoTTA,,,,,,,,,,2,64,26,0.40625,38.0,0.59375,0.59375,2,,,,,,,,,,,,,,,,,,,,,,,,64.0,,,,,
S17,RoTTA,,,,,,,,,,3,64,64,1.0,0.0,0.0,1.0,1,,,,,,,,,,,,,,,,,,,,,,,,64.0,,,,,
S17,RoTTA,,,,,,,,,,4,30,17,0.5666666666666667,13.0,0.43333333333333335,0.5666666666666667,2,,,,,,,,,,,,,,,,,,,,,,,,64.0,,,,,
S17,NOTE,,,,,,,,,,0,64,27,0.421875,37.0,0.578125,0.578125,2,,,,,,,,,,,,,,,,,,,,,,,,,64.0,1.0,0.6140165328979492,,
S17,NOTE,,,,,,,,,,1,64,40,0.625,24.0,0.375,0.625,2,,,,,,,,,,,,,,,,,,,,,,,,,64.0,1.0,0.5877645611763,,
S17,NOTE,,,,,,,,,,2,64,26,0.40625,38.0,0.59375,0.59375,2,,,,,,,,,,,,,,,,,,,,,,,,,64.0,1.0,0.5830357074737549,,
S17,NOTE,,,,,,,,,,3,64,64,1.0,0.0,0.0,1.0,1,,,,,,,,,,,,,,,,,,,,,,,,,64.0,1.0,0.5689010620117188,,
S17,NOTE,,,,,,,,,,4,30,17,0.5666666666666667,13.0,0.43333333333333335,0.5666666666666667,2,,,,,,,,,,,,,,,,,,,,,,,,,64.0,0.0,,,
S17,DELTA,,,,,,,,,,0,64,27,0.421875,37.0,0.578125,0.578125,2,,,,,,,,,,,,,,,,,,,,,,,,,,,,0.34330153465270996,1.0
S17,DELTA,,,,,,,,,,1,64,40,0.625,24.0,0.375,0.625,2,,,,,,,,,,,,,,,,,,,,,,,,,,,,0.23297357559204102,19.0
S17,DELTA,,,,,,,,,,2,64,26,0.40625,38.0,0.59375,0.59375,2,,,,,,,,,,,,,,,,,,,,,,,,,,,,0.22849644720554352,22.0
S17,DELTA,,,,,,,,,,3,64,64,1.0,0.0,0.0,1.0,1,,,,,,,,,,,,,,,,,,,,,,,,,,,,0.20399968326091766,23.0
S17,DELTA,,,,,,,,,,4,30,17,0.5666666666666667,13.0,0.43333333333333335,0.5666666666666667,2,,,,,,,,,,,,,,,,,,,,,,,,,,,,0.2385806292295456,6.0
S18,EMATent,0.7192286252975464,0.7192286252975464,0.8862815499305725,1.0,0.2842314124107361,0.5,0.2157685875892639,0.0,0.0,0,64,13,0.203125,51.0,0.796875,0.796875,2,,,,,,,,,,,,,,,,,,,,,,,,,,,,,
S18,EMATent,0.7698103189468384,0.7698103189468384,0.8796482682228088,1.0,0.2690569043159485,0.5,0.2309430956840515,0.0,0.0,1,64,44,0.6875,20.0,0.3125,0.6875,2,,,,,,,,,,,,,,,,,,,,,,,,,,,,,
S18,EMATent,0.24645119905471802,0.24645119905471802,0.9590895771980286,1.0,0.4260646402835846,0.5,0.0739353597164154,0.0,0.0,2,64,24,0.375,40.0,0.625,0.625,2,,,,,,,,,,,,,,,,,,,,,,,,,,,,,
S18,EMATent,0.9966011047363281,0.9966011047363281,0.6550847291946411,1.0,0.20101966857910158,0.5,0.2989803314208984,0.0,0.0,3,63,35,0.5555555555555556,28.0,0.4444444444444444,0.5555555555555556,2,,,,,,,,,,,,,,,,,,,,,,,,,,,,,
S18,DynaMixEMATent,,,,,,,,,,0,64,13,0.203125,51.0,0.796875,0.796875,2,0.34477341175079346,0.7192286252975464,0.7192286252975464,0.37445521354675293,0.5473507561582782,0.23688065625245788,0.2157685875892639,0.30205453709675323,46.03063201904297,0.19999999999999996,1.0,0.5101904273033142,0.2,0.0,1.0,21.0,0.328125,43.0,0.671875,0.671875,2.0,0.296875,,,,,,,
S18,DynaMixEMATent,,,,,,,,,,1,64,44,0.6875,20.0,0.3125,0.6875,2,0.5072891116142273,0.8660646677017212,0.8660646677017212,0.3587755560874939,0.3350392079243634,0.40514139176512026,0.25981940031051637,0.5473547833259651,101.45877075195312,0.19999999999999996,1.0,0.4485650658607483,0.2,0.0,1.0,43.0,0.671875,21.0,0.328125,0.671875,2.0,0.1875,,,,,,,
S18,DynaMixEMATent,,,,,,,,,,2,64,24,0.375,40.0,0.625,0.625,2,0.17240335047245026,0.3206281065940857,0.3206281065940857,0.14822475612163544,0.3485076553096522,0.5553039127121221,0.0961884319782257,0.614402307250336,121.97896957397461,0.19999999999999996,1.0,0.26524773240089417,0.2,0.0,1.0,62.0,0.96875,2.0,0.03125,0.96875,2.0,0.125,,,,,,,
S18,DynaMixEMATent,,,,,,,,,,3,63,35,0.5555555555555556,28.0,0.4444444444444444,0.5555555555555556,2,0.36697667837142944,0.9906802773475647,0.9906802773475647,0.6237035989761353,0.16641844965693753,0.5363774671387931,0.2972040832042694,0.7632051557503464,184.39182704687119,0.19999999999999996,1.0,0.6232339143753052,0.2,0.0,1.0,32.0,0.5079365079365079,31.0,0.49206349206349204,0.5079365079365079,2.0,0.05555555555555558,,,,,,,
S18,TEMA,,,,,,,,,,0,64,13,0.203125,51.0,0.796875,0.796875,2,,,,,,,,,,,,,,,,,,,,,,,,,,,,,
S18,TEMA,,,,,,,,,,1,64,44,0.6875,20.0,0.3125,0.6875,2,,,,,,,,,,,,,,,,,,,,,,,,,,,,,
S18,TEMA,,,,,,,,,,2,64,24,0.375,40.0,0.625,0.625,2,,,,,,,,,,,,,,,,,,,,,,,,,,,,,
S18,TEMA,,,,,,,,,,3,63,35,0.5555555555555556,28.0,0.4444444444444444,0.5555555555555556,2,,,,,,,,,,,,,,,,,,,,,,,,,,,,,
S18,DUA,,,,,,,,,,0,64,13,0.203125,51.0,0.796875,0.796875,2,,,,,,,,,,,,,,,,,,,,,,,0.099,,,,,,
S18,DUA,,,,,,,,,,1,64,44,0.6875,20.0,0.3125,0.6875,2,,,,,,,,,,,,,,,,,,,,,,,0.09336,,,,,,
S18,DUA,,,,,,,,,,2,64,24,0.375,40.0,0.625,0.625,2,,,,,,,,,,,,,,,,,,,,,,,0.0880584,,,,,,
S18,DUA,,,,,,,,,,3,63,35,0.5555555555555556,28.0,0.4444444444444444,0.5555555555555556,2,,,,,,,,,,,,,,,,,,,,,,,0.083074896,,,,,,
S18,RoTTA,,,,,,,,,,0,64,13,0.203125,51.0,0.796875,0.796875,2,,,,,,,,,,,,,,,,,,,,,,,,60.0,,,,,
S18,RoTTA,,,,,,,,,,1,64,44,0.6875,20.0,0.3125,0.6875,2,,,,,,,,,,,,,,,,,,,,,,,,64.0,,,,,
S18,RoTTA,,,,,,,,,,2,64,24,0.375,40.0,0.625,0.625,2,,,,,,,,,,,,,,,,,,,,,,,,64.0,,,,,
S18,RoTTA,,,,,,,,,,3,63,35,0.5555555555555556,28.0,0.4444444444444444,0.5555555555555556,2,,,,,,,,,,,,,,,,,,,,,,,,64.0,,,,,
S18,NOTE,,,,,,,,,,0,64,13,0.203125,51.0,0.796875,0.796875,2,,,,,,,,,,,,,,,,,,,,,,,,,64.0,1.0,0.6124573945999146,,
S18,NOTE,,,,,,,,,,1,64,44,0.6875,20.0,0.3125,0.6875,2,,,,,,,,,,,,,,,,,,,,,,,,,64.0,1.0,0.6061995029449463,,
S18,NOTE,,,,,,,,,,2,64,24,0.375,40.0,0.625,0.625,2,,,,,,,,,,,,,,,,,,,,,,,,,64.0,1.0,0.6433596014976501,,
S18,NOTE,,,,,,,,,,3,63,35,0.5555555555555556,28.0,0.4444444444444444,0.5555555555555556,2,,,,,,,,,,,,,,,,,,,,,,,,,64.0,0.0,,,
S18,DELTA,,,,,,,,,,0,64,13,0.203125,51.0,0.796875,0.796875,2,,,,,,,,,,,,,,,,,,,,,,,,,,,,,0.0
S18,DELTA,,,,,,,,,,1,64,44,0.6875,20.0,0.3125,0.6875,2,,,,,,,,,,,,,,,,,,,,,,,,,,,,0.14658594131469727,41.0
S18,DELTA,,,,,,,,,,2,64,24,0.375,40.0,0.625,0.625,2,,,,,,,,,,,,,,,,,,,,,,,,,,,,0.13176310062408447,54.0
S18,DELTA,,,,,,,,,,3,63,35,0.5555555555555556,28.0,0.4444444444444444,0.5555555555555556,2,,,,,,,,,,,,,,,,,,,,,,,,,,,,0.1403079628944397,51.0
S19,EMATent,0.8336611986160278,0.8336611986160278,0.7677768468856812,1.0,0.24990164041519167,0.5,0.25009835958480836,0.0,0.0,0,64,42,0.65625,22.0,0.34375,0.65625,2,,,,,,,,,,,,,,,,,,,,,,,,,,,,,
S19,EMATent,0.7152267098426819,0.7152267098426819,0.8730020523071289,1.0,0.2854319870471954,0.5,0.21456801295280456,0.0,0.0,1,64,34,0.53125,30.0,0.46875,0.53125,2,,,,,,,,,,,,,,,,,,,,,,,,,,,,,
S19,EMATent,0.885989248752594,0.885989248752594,0.721118688583374,1.0,0.2342032253742218,0.5,0.26579677462577816,0.0,0.0,2,64,58,0.90625,6.0,0.09375,0.90625,2,,,,,,,,,,,,,,,,,,,,,,,,,,,,,
S19,EMATent,0.601841926574707,0.601841926574707,0.8531732559204102,1.0,0.3194474220275879,0.5,0.18055257797241211,0.0,0.0,3,9,1,0.1111111111111111,8.0,0.8888888888888888,0.8888888888888888,2,,,,,,,,,,,,,,,,,,,,,,,,,,,,,
S19,DynaMixEMATent,,,,,,,,,,0,64,42,0.65625,22.0,0.34375,0.65625,2,0.11815478652715683,0.8336611986160278,0.8336611986160278,0.7155064344406128,0.4942845939945437,0.255617046420648,0.25009835958480836,0.34086743199964553,53.35431671142578,0.19999999999999996,1.0,0.583509087562561,0.2,0.0,1.0,46.0,0.71875,18.0,0.28125,0.71875,2.0,0.15625,,,,,,,
S19,DynaMixEMATent,,,,,,,,,,1,64,34,0.53125,30.0,0.46875,0.53125,2,0.259050577878952,0.7109448909759521,0.7109448909759521,0.4518943130970001,0.36342209379956986,0.42329443890764445,0.21328346729278563,0.5380520445541195,98.85478973388672,0.19999999999999996,1.0,0.49201107025146484,0.2,0.0,1.0,21.0,0.328125,43.0,0.671875,0.671875,2.0,0.03125,,,,,,,
S19,DynaMixEMATent,,,,,,,,,,2,64,58,0.90625,6.0,0.09375,0.90625,2,0.16175656020641327,0.9502056837081909,0.9502056837081909,0.7884491086006165,0.20536530141635728,0.5095729934711855,0.28506170511245726,0.7127510123812006,159.66795349121094,0.19999999999999996,1.0,0.5567629933357239,0.2,0.0,1.0,40.0,0.625,24.0,0.375,0.625,2.0,0.40625,,,,,,,
S19,DynaMixEMATent,,,,,,,,,,3,9,1,0.1111111111111111,8.0,0.8888888888888888,0.8888888888888888,2,0.12668603658676147,0.9277814030647278,0.9277814030647278,0.8010953664779663,0.19420636448676534,0.5274592145938164,0.27833442091941835,0.7308914681310024,168.0179861187935,0.19999999999999996,1.0,0.5607562065124512,0.2,0.0,1.0,9.0,1.0,0.0,0.0,1.0,1.0,0.38888888888888884,,,,,,,
S19,TEMA,,,,,,,,,,0,64,42,0.65625,22.0,0.34375,0.65625,2,,,,,,,,,,,,,,,,,,,,,,,,,,,,,
S19,TEMA,,,,,,,,,,1,64,34,0.53125,30.0,0.46875,0.53125,2,,,,,,,,,,,,,,,,,,,,,,,,,,,,,
S19,TEMA,,,,,,,,,,2,64,58,0.90625,6.0,0.09375,0.90625,2,,,,,,,,,,,,,,,,,,,,,,,,,,,,,
S19,TEMA,,,,,,,,,,3,9,1,0.1111111111111111,8.0,0.8888888888888888,0.8888888888888888,2,,,,,,,,,,,,,,,,,,,,,,,,,,,,,
S19,DUA,,,,,,,,,,0,64,42,0.65625,22.0,0.34375,0.65625,2,,,,,,,,,,,,,,,,,,,,,,,0.099,,,,,,
S19,DUA,,,,,,,,,,1,64,34,0.53125,30.0,0.46875,0.53125,2,,,,,,,,,,,,,,,,,,,,,,,0.09336,,,,,,
S19,DUA,,,,,,,,,,2,64,58,0.90625,6.0,0.09375,0.90625,2,,,,,,,,,,,,,,,,,,,,,,,0.0880584,,,,,,
S19,DUA,,,,,,,,,,3,9,1,0.1111111111111111,8.0,0.8888888888888888,0.8888888888888888,2,,,,,,,,,,,,,,,,,,,,,,,0.083074896,,,,,,
S19,RoTTA,,,,,,,,,,0,64,42,0.65625,22.0,0.34375,0.65625,2,,,,,,,,,,,,,,,,,,,,,,,,62.0,,,,,
S19,RoTTA,,,,,,,,,,1,64,34,0.53125,30.0,0.46875,0.53125,2,,,,,,,,,,,,,,,,,,,,,,,,64.0,,,,,
S19,RoTTA,,,,,,,,,,2,64,58,0.90625,6.0,0.09375,0.90625,2,,,,,,,,,,,,,,,,,,,,,,,,64.0,,,,,
S19,RoTTA,,,,,,,,,,3,9,1,0.1111111111111111,8.0,0.8888888888888888,0.8888888888888888,2,,,,,,,,,,,,,,,,,,,,,,,,64.0,,,,,
S19,NOTE,,,,,,,,,,0,64,42,0.65625,22.0,0.34375,0.65625,2,,,,,,,,,,,,,,,,,,,,,,,,,64.0,1.0,0.567524790763855,,
S19,NOTE,,,,,,,,,,1,64,34,0.53125,30.0,0.46875,0.53125,2,,,,,,,,,,,,,,,,,,,,,,,,,64.0,1.0,0.48977911472320557,,
S19,NOTE,,,,,,,,,,2,64,58,0.90625,6.0,0.09375,0.90625,2,,,,,,,,,,,,,,,,,,,,,,,,,64.0,1.0,0.5328087210655212,,
S19,NOTE,,,,,,,,,,3,9,1,0.1111111111111111,8.0,0.8888888888888888,0.8888888888888888,2,,,,,,,,,,,,,,,,,,,,,,,,,64.0,0.0,,,
S19,DELTA,,,,,,,,,,0,64,42,0.65625,22.0,0.34375,0.65625,2,,,,,,,,,,,,,,,,,,,,,,,,,,,,0.2631169259548187,5.0
S19,DELTA,,,,,,,,,,1,64,34,0.53125,30.0,0.46875,0.53125,2,,,,,,,,,,,,,,,,,,,,,,,,,,,,0.09178439527750015,46.0
S19,DELTA,,,,,,,,,,2,64,58,0.90625,6.0,0.09375,0.90625,2,,,,,,,,,,,,,,,,,,,,,,,,,,,,0.23743197321891785,19.0
S19,DELTA,,,,,,,,,,3,9,1,0.1111111111111111,8.0,0.8888888888888888,0.8888888888888888,2,,,,,,,,,,,,,,,,,,,,,,,,,,,,0.06682568788528442,6.0
S20,EMATent,0.9742019772529602,0.9742019772529602,0.6717686653137207,1.0,0.20773940682411196,0.5,0.29226059317588804,0.0,0.0,0,64,48,0.75,16.0,0.25,0.75,2,,,,,,,,,,,,,,,,,,,,,,,,,,,,,
S20,EMATent,0.9872643351554871,0.9872643351554871,0.648684024810791,1.0,0.2038206994533539,0.5,0.2961793005466461,0.0,0.0,1,64,34,0.53125,30.0,0.46875,0.53125,2,,,,,,,,,,,,,,,,,,,,,,,,,,,,,
S20,EMATent,0.5248717665672302,0.5248717665672302,0.8815559148788452,1.0,0.34253847002983095,0.5,0.15746152997016907,0.0,0.0,2,64,50,0.78125,14.0,0.21875,0.78125,2,,,,,,,,,,,,,,,,,,,,,,,,,,,,,
S20,EMATent,0.8077774047851562,0.8077774047851562,0.7560400366783142,1.0,0.25766677856445314,0.5,0.24233322143554686,0.0,0.0,3,64,29,0.453125,35.0,0.546875,0.546875,2,,,,,,,,,,,,,,,,,,,,,,,,,,,,,
S20,EMATent,0.993131160736084,0.993131160736084,0.5535929203033447,1.0,0.20206065177917482,0.5,0.2979393482208252,0.0,0.0,4,27,0,0.0,27.0,1.0,1.0,1,,,,,,,,,,,,,,,,,,,,,,,,,,,,,
S20,DynaMixEMATent,,,,,,,,,,0,64,48,0.75,16.0,0.25,0.75,2,0.10435176640748978,0.9742019772529602,0.9742019772529602,0.869850218296051,0.43483861743702,0.27290078938709195,0.29226059317588804,0.38559501810376584,62.34892654418945,0.19999999999999996,1.0,0.6179156303405762,0.2,0.0,1.0,58.0,0.90625,6.0,0.09375,0.90625,2.0,0.25,,,,,,,
S20,DynaMixEMATent,,,,,,,,,,1,64,34,0.53125,30.0,0.46875,0.53125,2,0.09951148182153702,0.9985499382019043,0.9985499382019043,0.8990384340286255,0.26121025019762056,0.43922476834180824,0.29956498146057126,0.6270742563067375,126.25612258911133,0.19999999999999996,1.0,0.664945125579834,0.2,0.0,1.0,44.0,0.6875,20.0,0.3125,0.6875,2.0,0.03125,,,,,,,
S20,DynaMixEMATent,,,,,,,,,,2,64,50,0.78125,14.0,0.21875,0.78125,2,0.08277163654565811,0.7032166719436646,0.7032166719436646,0.6204450130462646,0.20702227250207833,0.5820127259148222,0.21096500158309936,0.7376259951492108,171.26198959350586,0.19999999999999996,1.0,0.5447880625724792,0.2,0.0,1.0,63.0,0.984375,1.0,0.015625,0.984375,2.0,0.28125,,,,,,,
S20,DynaMixEMATent,,,,,,,,,,3,64,29,0.453125,35.0,0.546875,0.546875,2,0.13113905489444733,0.7883883118629456,0.7883883118629456,0.6572492718696594,0.13505918263046232,0.6284243238106539,0.23651649355888366,0.8231013748286142,221.71884155273438,0.19999999999999996,1.0,0.664533257484436,0.2,0.0,1.0,45.0,0.703125,19.0,0.296875,0.703125,2.0,0.046875,,,,,,,
S20,DynaMixEMATent,,,,,,,,,,4,27,0,0.0,27.0,1.0,1.0,1,0.034807655960321426,0.9936128854751587,0.9936128854751587,0.95880526304245,0.10068987641051572,0.6012262579469367,0.2980838656425476,0.8565499901171396,248.54638946056366,0.19999999999999996,1.0,0.620064914226532,0.2,0.0,1.0,15.0,0.5555555555555556,12.0,0.4444444444444444,0.5555555555555556,2.0,0.5,,,,,,,
S20,TEMA,,,,,,,,,,0,64,48,0.75,16.0,0.25,0.75,2,,,,,,,,,,,,,,,,,,,,,,,,,,,,,
S20,TEMA,,,,,,,,,,1,64,34,0.53125,30.0,0.46875,0.53125,2,,,,,,,,,,,,,,,,,,,,,,,,,,,,,
S20,TEMA,,,,,,,,,,2,64,50,0.78125,14.0,0.21875,0.78125,2,,,,,,,,,,,,,,,,,,,,,,,,,,,,,
S20,TEMA,,,,,,,,,,3,64,29,0.453125,35.0,0.546875,0.546875,2,,,,,,,,,,,,,,,,,,,,,,,,,,,,,
S20,TEMA,,,,,,,,,,4,27,0,0.0,27.0,1.0,1.0,1,,,,,,,,,,,,,,,,,,,,,,,,,,,,,
S20,DUA,,,,,,,,,,0,64,48,0.75,16.0,0.25,0.75,2,,,,,,,,,,,,,,,,,,,,,,,0.099,,,,,,
S20,DUA,,,,,,,,,,1,64,34,0.53125,30.0,0.46875,0.53125,2,,,,,,,,,,,,,,,,,,,,,,,0.09336,,,,,,
S20,DUA,,,,,,,,,,2,64,50,0.78125,14.0,0.21875,0.78125,2,,,,,,,,,,,,,,,,,,,,,,,0.0880584,,,,,,
S20,DUA,,,,,,,,,,3,64,29,0.453125,35.0,0.546875,0.546875,2,,,,,,,,,,,,,,,,,,,,,,,0.083074896,,,,,,
S20,DUA,,,,,,,,,,4,27,0,0.0,27.0,1.0,1.0,1,,,,,,,,,,,,,,,,,,,,,,,0.07839040223999999,,,,,,
S20,RoTTA,,,,,,,,,,0,64,48,0.75,16.0,0.25,0.75,2,,,,,,,,,,,,,,,,,,,,,,,,61.0,,,,,
S20,RoTTA,,,,,,,,,,1,64,34,0.53125,30.0,0.46875,0.53125,2,,,,,,,,,,,,,,,,,,,,,,,,64.0,,,,,
S20,RoTTA,,,,,,,,,,2,64,50,0.78125,14.0,0.21875,0.78125,2,,,,,,,,,,,,,,,,,,,,,,,,64.0,,,,,
S20,RoTTA,,,,,,,,,,3,64,29,0.453125,35.0,0.546875,0.546875,2,,,,,,,,,,,,,,,,,,,,,,,,64.0,,,,,
S20,RoTTA,,,,,,,,,,4,27,0,0.0,27.0,1.0,1.0,1,,,,,,,,,,,,,,,,,,,,,,,,64.0,,,,,
S20,NOTE,,,,,,,,,,0,64,48,0.75,16.0,0.25,0.75,2,,,,,,,,,,,,,,,,,,,,,,,,,64.0,1.0,0.6218838691711426,,
S20,NOTE,,,,,,,,,,1,64,34,0.53125,30.0,0.46875,0.53125,2,,,,,,,,,,,,,,,,,,,,,,,,,64.0,1.0,0.6189639568328857,,
S20,NOTE,,,,,,,,,,2,64,50,0.78125,14.0,0.21875,0.78125,2,,,,,,,,,,,,,,,,,,,,,,,,,64.0,1.0,0.5972113013267517,,
S20,NOTE,,,,,,,,,,3,64,29,0.453125,35.0,0.546875,0.546875,2,,,,,,,,,,,,,,,,,,,,,,,,,64.0,1.0,0.5858730673789978,,
S20,NOTE,,,,,,,,,,4,27,0,0.0,27.0,1.0,1.0,1,,,,,,,,,,,,,,,,,,,,,,,,,64.0,0.0,,,
S20,DELTA,,,,,,,,,,0,64,48,0.75,16.0,0.25,0.75,2,,,,,,,,,,,,,,,,,,,,,,,,,,,,0.22490069270133972,1.0
S20,DELTA,,,,,,,,,,1,64,34,0.53125,30.0,0.46875,0.53125,2,,,,,,,,,,,,,,,,,,,,,,,,,,,,0.24579188227653503,9.0
S20,DELTA,,,,,,,,,,2,64,50,0.78125,14.0,0.21875,0.78125,2,,,,,,,,,,,,,,,,,,,,,,,,,,,,0.10413064062595367,27.0
S20,DELTA,,,,,,,,,,3,64,29,0.453125,35.0,0.546875,0.546875,2,,,,,,,,,,,,,,,,,,,,,,,,,,,,0.244688019156456,11.0
S20,DELTA,,,,,,,,,,4,27,0,0.0,27.0,1.0,1.0,1,,,,,,,,,,,,,,,,,,,,,,,,,,,,0.24586710333824158,2.0
S21,EMATent,0.9992643594741821,0.9992643594741821,0.5997864007949829,1.0,0.20022069215774538,0.5,0.29977930784225465,0.0,0.0,0,64,9,0.140625,55.0,0.859375,0.859375,2,,,,,,,,,,,,,,,,,,,,,,,,,,,,,
S21,EMATent,0.9663429856300354,0.9663429856300354,0.6299492120742798,1.0,0.21009710431098938,0.5,0.2899028956890106,0.0,0.0,1,64,41,0.640625,23.0,0.359375,0.640625,2,,,,,,,,,,,,,,,,,,,,,,,,,,,,,
S21,EMATent,0.9791572690010071,0.9791572690010071,0.6224666833877563,1.0,0.20625281929969788,0.5,0.2937471807003021,0.0,0.0,2,64,2,0.03125,62.0,0.96875,0.96875,2,,,,,,,,,,,,,,,,,,,,,,,,,,,,,
S21,EMATent,0.9942893981933594,0.9942893981933594,0.631878137588501,1.0,0.2017131805419922,0.5,0.2982868194580078,0.0,0.0,3,64,40,0.625,24.0,0.375,0.625,2,,,,,,,,,,,,,,,,,,,,,,,,,,,,,
S21,EMATent,0.9682500958442688,0.9682500958442688,0.6171839237213135,1.0,0.20952497124671937,0.5,0.29047502875328063,0.0,0.0,4,32,0,0.0,32.0,1.0,1.0,1,,,,,,,,,,,,,,,,,,,,,,,,,,,,,
S21,DynaMixEMATent,,,,,,,,,,0,64,9,0.140625,55.0,0.859375,0.859375,2,0.04220221936702728,0.9992643594741821,0.9992643594741821,0.9570621252059937,0.42486156231381644,0.27535912984392896,0.29977930784225465,0.3932462049863219,63.952919006347656,0.19999999999999996,1.0,0.6423566937446594,0.2,0.0,1.0,18.0,0.28125,46.0,0.71875,0.71875,2.0,0.359375,,,,,,,
S21,DynaMixEMATent,,,,,,,,,,1,64,41,0.640625,23.0,0.359375,0.640625,2,0.05180332437157631,0.9819573760032654,0.9819573760032654,0.9301540851593018,0.2619548806010741,0.44345790659794626,0.2945872128009796,0.6286502238764097,126.79819107055664,0.19999999999999996,1.0,0.6497541666030884,0.2,0.0,1.0,5.0,0.078125,59.0,0.921875,0.921875,2.0,0.140625,,,,,,,
S21,DynaMixEMATent,,,,,,,,,,2,64,2,0.03125,62.0,0.96875,0.96875,2,0.050919074565172195,0.9932311177253723,0.9932311177253723,0.9423120021820068,0.15865795496197826,0.5433727097204101,0.29796933531761166,0.7740013891932227,190.36498260498047,0.19999999999999996,1.0,0.6138859987258911,0.2,0.0,1.0,16.0,0.25,48.0,0.75,0.75,2.0,0.46875,,,,,,,
S21,DynaMixEMATent,,,,,,,,,,3,64,40,0.625,24.0,0.375,0.625,2,0.05837409198284149,0.998305082321167,0.998305082321167,0.9399310350418091,0.09610366925455421,0.6044048060490957,0.2994915246963501,0.8628086987628578,254.25650787353516,0.19999999999999996,1.0,0.5728413462638855,0.2,0.0,1.0,41.0,0.640625,23.0,0.359375,0.640625,2.0,0.125,,,,,,,
S21,DynaMixEMATent,,,,,,,,,,4,32,0,0.0,32.0,1.0,1.0,1,0.02955951727926731,0.9969457387924194,0.9969457387924194,0.9673862457275391,0.07494638908371364,0.6259698892785606,0.29908372163772584,0.8930736931109239,286.1587715148926,0.19999999999999996,1.0,0.6176245212554932,0.2,0.0,1.0,24.0,0.75,8.0,0.25,0.75,2.0,0.5,,,,,,,
S21,TEMA,,,,,,,,,,0,64,9,0.140625,55.0,0.859375,0.859375,2,,,,,,,,,,,,,,,,,,,,,,,,,,,,,
S21,TEMA,,,,,,,,,,1,64,41,0.640625,23.0,0.359375,0.640625,2,,,,,,,,,,,,,,,,,,,,,,,,,,,,,
S21,TEMA,,,,,,,,,,2,64,2,0.03125,62.0,0.96875,0.96875,2,,,,,,,,,,,,,,,,,,,,,,,,,,,,,
S21,TEMA,,,,,,,,,,3,64,40,0.625,24.0,0.375,0.625,2,,,,,,,,,,,,,,,,,,,,,,,,,,,,,
S21,TEMA,,,,,,,,,,4,32,0,0.0,32.0,1.0,1.0,1,,,,,,,,,,,,,,,,,,,,,,,,,,,,,
S21,DUA,,,,,,,,,,0,64,9,0.140625,55.0,0.859375,0.859375,2,,,,,,,,,,,,,,,,,,,,,,,0.099,,,,,,
S21,DUA,,,,,,,,,,1,64,41,0.640625,23.0,0.359375,0.640625,2,,,,,,,,,,,,,,,,,,,,,,,0.09336,,,,,,
S21,DUA,,,,,,,,,,2,64,2,0.03125,62.0,0.96875,0.96875,2,,,,,,,,,,,,,,,,,,,,,,,0.0880584,,,,,,
S21,DUA,,,,,,,,,,3,64,40,0.625,24.0,0.375,0.625,2,,,,,,,,,,,,,,,,,,,,,,,0.083074896,,,,,,
S21,DUA,,,,,,,,,,4,32,0,0.0,32.0,1.0,1.0,1,,,,,,,,,,,,,,,,,,,,,,,0.07839040223999999,,,,,,
S21,RoTTA,,,,,,,,,,0,64,9,0.140625,55.0,0.859375,0.859375,2,,,,,,,,,,,,,,,,,,,,,,,,59.0,,,,,
S21,RoTTA,,,,,,,,,,1,64,41,0.640625,23.0,0.359375,0.640625,2,,,,,,,,,,,,,,,,,,,,,,,,64.0,,,,,
S21,RoTTA,,,,,,,,,,2,64,2,0.03125,62.0,0.96875,0.96875,2,,,,,,,,,,,,,,,,,,,,,,,,64.0,,,,,
S21,RoTTA,,,,,,,,,,3,64,40,0.625,24.0,0.375,0.625,2,,,,,,,,,,,,,,,,,,,,,,,,64.0,,,,,
S21,RoTTA,,,,,,,,,,4,32,0,0.0,32.0,1.0,1.0,1,,,,,,,,,,,,,,,,,,,,,,,,64.0,,,,,
S21,NOTE,,,,,,,,,,0,64,9,0.140625,55.0,0.859375,0.859375,2,,,,,,,,,,,,,,,,,,,,,,,,,64.0,1.0,0.5815401077270508,,
S21,NOTE,,,,,,,,,,1,64,41,0.640625,23.0,0.359375,0.640625,2,,,,,,,,,,,,,,,,,,,,,,,,,64.0,1.0,0.6334342360496521,,
S21,NOTE,,,,,,,,,,2,64,2,0.03125,62.0,0.96875,0.96875,2,,,,,,,,,,,,,,,,,,,,,,,,,64.0,1.0,0.6321579217910767,,
S21,NOTE,,,,,,,,,,3,64,40,0.625,24.0,0.375,0.625,2,,,,,,,,,,,,,,,,,,,,,,,,,64.0,1.0,0.6237300634384155,,
S21,NOTE,,,,,,,,,,4,32,0,0.0,32.0,1.0,1.0,1,,,,,,,,,,,,,,,,,,,,,,,,,64.0,0.0,,,
S21,DELTA,,,,,,,,,,0,64,9,0.140625,55.0,0.859375,0.859375,2,,,,,,,,,,,,,,,,,,,,,,,,,,,,0.30554458498954773,3.0
S21,DELTA,,,,,,,,,,1,64,41,0.640625,23.0,0.359375,0.640625,2,,,,,,,,,,,,,,,,,,,,,,,,,,,,0.3203819692134857,4.0
S21,DELTA,,,,,,,,,,2,64,2,0.03125,62.0,0.96875,0.96875,2,,,,,,,,,,,,,,,,,,,,,,,,,,,,0.30593785643577576,1.0
S21,DELTA,,,,,,,,,,3,64,40,0.625,24.0,0.375,0.625,2,,,,,,,,,,,,,,,,,,,,,,,,,,,,0.2645152509212494,1.0
S21,DELTA,,,,,,,,,,4,32,0,0.0,32.0,1.0,1.0,1,,,,,,,,,,,,,,,,,,,,,,,,,,,,,0.0
S22,EMATent,0.957565188407898,0.957565188407898,0.6626242995262146,1.0,0.21273044347763062,0.5,0.28726955652236935,0.0,0.0,0,64,25,0.390625,39.0,0.609375,0.609375,2,,,,,,,,,,,,,,,,,,,,,,,,,,,,,
S22,EMATent,0.9129132032394409,0.9129132032394409,0.7047140598297119,1.0,0.22612603902816775,0.5,0.27387396097183225,0.0,0.0,1,64,41,0.640625,23.0,0.359375,0.640625,2,,,,,,,,,,,,,,,,,,,,,,,,,,,,,
S22,EMATent,0.9878911972045898,0.9878911972045898,0.6032909154891968,1.0,0.20363264083862306,0.5,0.29636735916137696,0.0,0.0,2,64,36,0.5625,28.0,0.4375,0.5625,2,,,,,,,,,,,,,,,,,,,,,,,,,,,,,
S22,EMATent,0.9508109092712402,0.9508109092712402,0.6364476680755615,1.0,0.21475672721862793,0.5,0.28524327278137207,0.0,0.0,3,58,31,0.5344827586206896,27.0,0.46551724137931033,0.5344827586206896,2,,,,,,,,,,,,,,,,,,,,,,,,,,,,,
S22,DynaMixEMATent,,,,,,,,,,0,64,25,0.390625,39.0,0.609375,0.609375,2,0.06766726076602936,0.957565188407898,0.957565188407898,0.889897882938385,0.4415629955262511,0.2711674479513796,0.28726955652236935,0.38046283897776323,61.28417205810547,0.19999999999999996,1.0,0.645890474319458,0.2,0.0,1.0,50.0,0.78125,14.0,0.21875,0.78125,2.0,0.109375,,,,,,,
S22,DynaMixEMATent,,,,,,,,,,1,64,41,0.640625,23.0,0.359375,0.640625,2,0.09558331221342087,0.8298133611679077,0.8298133611679077,0.7342300415039062,0.3072896936950724,0.44376629795455524,0.2489440083503723,0.5908564779303099,114.39222717285156,0.19999999999999996,1.0,0.6604645252227783,0.2,0.0,1.0,31.0,0.484375,33.0,0.515625,0.515625,2.0,0.140625,,,,,,,
S22,DynaMixEMATent,,,,,,,,,,2,64,36,0.5625,28.0,0.4375,0.5625,2,0.06474940478801727,0.8790078163146973,0.8790078163146973,0.8142583966255188,0.19411315781524474,0.5421844972903461,0.2637023448944092,0.7363659160541434,170.6487274169922,0.19999999999999996,1.0,0.6536188721656799,0.2,0.0,1.0,34.0,0.53125,30.0,0.46875,0.53125,2.0,0.0625,,,,,,,
S22,DynaMixEMATent,,,,,,,,,,3,58,31,0.5344827586206896,27.0,0.46551724137931033,0.5344827586206896,2,0.06506099551916122,0.7406744360923767,0.7406744360923767,0.6756134033203125,0.14659228153318907,0.631205387639098,0.222202330827713,0.8115290295364488,213.60784471035004,0.19999999999999996,1.0,0.6515012979507446,0.2,0.0,1.0,47.0,0.8103448275862069,11.0,0.1896551724137931,0.8103448275862069,2.0,0.03448275862068961,,,,,,,
S22,TEMA,,,,,,,,,,0,64,25,0.390625,39.0,0.609375,0.609375,2,,,,,,,,,,,,,,,,,,,,,,,,,,,,,
S22,TEMA,,,,,,,,,,1,64,41,0.640625,23.0,0.359375,0.640625,2,,,,,,,,,,,,,,,,,,,,,,,,,,,,,
S22,TEMA,,,,,,,,,,2,64,36,0.5625,28.0,0.4375,0.5625,2,,,,,,,,,,,,,,,,,,,,,,,,,,,,,
S22,TEMA,,,,,,,,,,3,58,31,0.5344827586206896,27.0,0.46551724137931033,0.5344827586206896,2,,,,,,,,,,,,,,,,,,,,,,,,,,,,,
S22,DUA,,,,,,,,,,0,64,25,0.390625,39.0,0.609375,0.609375,2,,,,,,,,,,,,,,,,,,,,,,,0.099,,,,,,
S22,DUA,,,,,,,,,,1,64,41,0.640625,23.0,0.359375,0.640625,2,,,,,,,,,,,,,,,,,,,,,,,0.09336,,,,,,
S22,DUA,,,,,,,,,,2,64,36,0.5625,28.0,0.4375,0.5625,2,,,,,,,,,,,,,,,,,,,,,,,0.0880584,,,,,,
S22,DUA,,,,,,,,,,3,58,31,0.5344827586206896,27.0,0.46551724137931033,0.5344827586206896,2,,,,,,,,,,,,,,,,,,,,,,,0.083074896,,,,,,
S22,RoTTA,,,,,,,,,,0,64,25,0.390625,39.0,0.609375,0.609375,2,,,,,,,,,,,,,,,,,,,,,,,,62.0,,,,,
S22,RoTTA,,,,,,,,,,1,64,41,0.640625,23.0,0.359375,0.640625,2,,,,,,,,,,,,,,,,,,,,,,,,64.0,,,,,
S22,RoTTA,,,,,,,,,,2,64,36,0.5625,28.0,0.4375,0.5625,2,,,,,,,,,,,,,,,,,,,,,,,,64.0,,,,,
S22,RoTTA,,,,,,,,,,3,58,31,0.5344827586206896,27.0,0.46551724137931033,0.5344827586206896,2,,,,,,,,,,,,,,,,,,,,,,,,64.0,,,,,
S22,NOTE,,,,,,,,,,0,64,25,0.390625,39.0,0.609375,0.609375,2,,,,,,,,,,,,,,,,,,,,,,,,,64.0,1.0,0.6020973324775696,,
S22,NOTE,,,,,,,,,,1,64,41,0.640625,23.0,0.359375,0.640625,2,,,,,,,,,,,,,,,,,,,,,,,,,64.0,1.0,0.5522490739822388,,
S22,NOTE,,,,,,,,,,2,64,36,0.5625,28.0,0.4375,0.5625,2,,,,,,,,,,,,,,,,,,,,,,,,,64.0,1.0,0.6040136814117432,,
S22,NOTE,,,,,,,,,,3,58,31,0.5344827586206896,27.0,0.46551724137931033,0.5344827586206896,2,,,,,,,,,,,,,,,,,,,,,,,,,64.0,0.0,,,
S22,DELTA,,,,,,,,,,0,64,25,0.390625,39.0,0.609375,0.609375,2,,,,,,,,,,,,,,,,,,,,,,,,,,,,0.2628239691257477,1.0
S22,DELTA,,,,,,,,,,1,64,41,0.640625,23.0,0.359375,0.640625,2,,,,,,,,,,,,,,,,,,,,,,,,,,,,0.24809761345386505,21.0
S22,DELTA,,,,,,,,,,2,64,36,0.5625,28.0,0.4375,0.5625,2,,,,,,,,,,,,,,,,,,,,,,,,,,,,0.25977495312690735,18.0
S22,DELTA,,,,,,,,,,3,58,31,0.5344827586206896,27.0,0.46551724137931033,0.5344827586206896,2,,,,,,,,,,,,,,,,,,,,,,,,,,,,0.2621060311794281,4.0
S23,EMATent,0.9948974251747131,0.9948974251747131,0.629024088382721,1.0,0.20153077244758608,0.5,0.29846922755241395,0.0,0.0,0,64,19,0.296875,45.0,0.703125,0.703125,2,,,,,,,,,,,,,,,,,,,,,,,,,,,,,
S23,EMATent,0.8738721609115601,0.8738721609115601,0.7060441970825195,1.0,0.237838351726532,0.5,0.262161648273468,0.0,0.0,1,64,38,0.59375,26.0,0.40625,0.59375,2,,,,,,,,,,,,,,,,,,,,,,,,,,,,,
S23,EMATent,0.888111412525177,0.888111412525177,0.6943303346633911,1.0,0.23356657624244692,0.5,0.2664334237575531,0.0,0.0,2,64,46,0.71875,18.0,0.28125,0.71875,2,,,,,,,,,,,,,,,,,,,,,,,,,,,,,
S23,EMATent,0.8839467763900757,0.8839467763900757,0.7021626830101013,1.0,0.2348159670829773,0.5,0.2651840329170227,0.0,0.0,3,51,21,0.4117647058823529,30.0,0.5882352941176471,0.5882352941176471,2,,,,,,,,,,,,,,,,,,,,,,,,,,,,,
S23,DynaMixEMATent,,,,,,,,,,0,64,19,0.296875,45.0,0.703125,0.703125,2,0.06824331730604172,0.9948974251747131,0.9948974251747131,0.9266541004180908,0.42658688079927026,0.27494389164831584,0.29846922755241395,0.39191993059557184,63.67343521118164,0.19999999999999996,1.0,0.6678614616394043,0.2,0.0,1.0,49.0,0.765625,15.0,0.234375,0.765625,2.0,0.203125,,,,,,,
S23,DynaMixEMATent,,,,,,,,,,1,64,38,0.59375,26.0,0.40625,0.59375,2,0.040368109941482544,0.8910386562347412,0.8910386562347412,0.850670576095581,0.2853602658705519,0.4473281372590258,0.26731159687042233,0.6105298450860218,120.69990921020508,0.19999999999999996,1.0,0.6594870090484619,0.2,0.0,1.0,64.0,1.0,0.0,0.0,1.0,1.0,0.09375,,,,,,,
S23,DynaMixEMATent,,,,,,,,,,2,64,46,0.71875,18.0,0.28125,0.71875,2,0.035362470895051956,0.8732727766036987,0.8732727766036987,0.8379102945327759,0.18574300260420448,0.5522751644146858,0.2619818329811096,0.7483219100764356,176.5893669128418,0.19999999999999996,1.0,0.6634997129440308,0.2,0.0,1.0,64.0,1.0,0.0,0.0,1.0,1.0,0.21875,,,,,,,
S23,DynaMixEMATent,,,,,,,,,,3,51,21,0.4117647058823529,30.0,0.5882352941176471,0.5882352941176471,2,0.07466506212949753,0.8268270492553711,0.8268270492553711,0.752161979675293,0.1361325451808599,0.6158193400425287,0.24804811477661132,0.818961095974355,218.75754642486572,0.19999999999999996,1.0,0.6808198094367981,0.2,0.0,1.0,45.0,0.8823529411764706,6.0,0.11764705882352941,0.8823529411764706,2.0,0.08823529411764708,,,,,,,
S23,TEMA,,,,,,,,,,0,64,19,0.296875,45.0,0.703125,0.703125,2,,,,,,,,,,,,,,,,,,,,,,,,,,,,,
S23,TEMA,,,,,,,,,,1,64,38,0.59375,26.0,0.40625,0.59375,2,,,,,,,,,,,,,,,,,,,,,,,,,,,,,
S23,TEMA,,,,,,,,,,2,64,46,0.71875,18.0,0.28125,0.71875,2,,,,,,,,,,,,,,,,,,,,,,,,,,,,,
S23,TEMA,,,,,,,,,,3,51,21,0.4117647058823529,30.0,0.5882352941176471,0.5882352941176471,2,,,,,,,,,,,,,,,,,,,,,,,,,,,,,
S23,DUA,,,,,,,,,,0,64,19,0.296875,45.0,0.703125,0.703125,2,,,,,,,,,,,,,,,,,,,,,,,0.099,,,,,,
S23,DUA,,,,,,,,,,1,64,38,0.59375,26.0,0.40625,0.59375,2,,,,,,,,,,,,,,,,,,,,,,,0.09336,,,,,,
S23,DUA,,,,,,,,,,2,64,46,0.71875,18.0,0.28125,0.71875,2,,,,,,,,,,,,,,,,,,,,,,,0.0880584,,,,,,
S23,DUA,,,,,,,,,,3,51,21,0.4117647058823529,30.0,0.5882352941176471,0.5882352941176471,2,,,,,,,,,,,,,,,,,,,,,,,0.083074896,,,,,,
S23,RoTTA,,,,,,,,,,0,64,19,0.296875,45.0,0.703125,0.703125,2,,,,,,,,,,,,,,,,,,,,,,,,45.0,,,,,
S23,RoTTA,,,,,,,,,,1,64,38,0.59375,26.0,0.40625,0.59375,2,,,,,,,,,,,,,,,,,,,,,,,,64.0,,,,,
S23,RoTTA,,,,,,,,,,2,64,46,0.71875,18.0,0.28125,0.71875,2,,,,,,,,,,,,,,,,,,,,,,,,64.0,,,,,
S23,RoTTA,,,,,,,,,,3,51,21,0.4117647058823529,30.0,0.5882352941176471,0.5882352941176471,2,,,,,,,,,,,,,,,,,,,,,,,,64.0,,,,,
S23,NOTE,,,,,,,,,,0,64,19,0.296875,45.0,0.703125,0.703125,2,,,,,,,,,,,,,,,,,,,,,,,,,64.0,1.0,0.6581990718841553,,
S23,NOTE,,,,,,,,,,1,64,38,0.59375,26.0,0.40625,0.59375,2,,,,,,,,,,,,,,,,,,,,,,,,,64.0,1.0,0.6686146259307861,,
S23,NOTE,,,,,,,,,,2,64,46,0.71875,18.0,0.28125,0.71875,2,,,,,,,,,,,,,,,,,,,,,,,,,64.0,1.0,0.644206166267395,,
S23,NOTE,,,,,,,,,,3,51,21,0.4117647058823529,30.0,0.5882352941176471,0.5882352941176471,2,,,,,,,,,,,,,,,,,,,,,,,,,64.0,0.0,,,
S23,DELTA,,,,,,,,,,0,64,19,0.296875,45.0,0.703125,0.703125,2,,,,,,,,,,,,,,,,,,,,,,,,,,,,0.3219858705997467,1.0
S23,DELTA,,,,,,,,,,1,64,38,0.59375,26.0,0.40625,0.59375,2,,,,,,,,,,,,,,,,,,,,,,,,,,,,0.2508351802825928,7.0
S23,DELTA,,,,,,,,,,2,64,46,0.71875,18.0,0.28125,0.71875,2,,,,,,,,,,,,,,,,,,,,,,,,,,,,0.20551297068595886,17.0
S23,DELTA,,,,,,,,,,3,51,21,0.4117647058823529,30.0,0.5882352941176471,0.5882352941176471,2,,,,,,,,,,,,,,,,,,,,,,,,,,,,0.20895014703273773,29.0
S24,EMATent,0.7968876957893372,0.7968876957893372,0.7598392963409424,1.0,0.2609336912631989,0.5,0.23906630873680113,0.0,0.0,0,64,8,0.125,56.0,0.875,0.875,2,,,,,,,,,,,,,,,,,,,,,,,,,,,,,
S24,EMATent,0.9840394258499146,0.9840394258499146,0.6412990689277649,1.0,0.20478817224502566,0.5,0.29521182775497434,0.0,0.0,1,64,49,0.765625,15.0,0.234375,0.765625,2,,,,,,,,,,,,,,,,,,,,,,,,,,,,,
S24,EMATent,0.937163233757019,0.937163233757019,0.6511107087135315,1.0,0.2188510298728943,0.5,0.2811489701271057,0.0,0.0,2,64,20,0.3125,44.0,0.6875,0.6875,2,,,,,,,,,,,,,,,,,,,,,,,,,,,,,
S24,EMATent,0.8361436724662781,0.8361436724662781,0.7336735725402832,1.0,0.24915689826011658,0.5,0.2508431017398834,0.0,0.0,3,5,0,0.0,5.0,1.0,1.0,1,,,,,,,,,,,,,,,,,,,,,,,,,,,,,
S24,DynaMixEMATent,,,,,,,,,,0,64,8,0.125,56.0,0.875,0.875,2,0.05631545931100845,0.7968876957893372,0.7968876957893372,0.7405722737312317,0.5108634699868201,0.2500702212763788,0.23906630873680113,0.328636021965654,51.00081253051758,0.19999999999999996,1.0,0.5259124636650085,0.2,0.0,1.0,64.0,1.0,0.0,0.0,1.0,1.0,0.375,,,,,,,
S24,DynaMixEMATent,,,,,,,,,,1,64,49,0.765625,15.0,0.234375,0.765625,2,0.07125955075025558,0.9576283693313599,0.9576283693313599,0.8863688111305237,0.2964322409040397,0.41627924829655244,0.2872885107994079,0.5840782064050478,112.28902816772461,0.19999999999999996,1.0,0.6062915325164795,0.2,0.0,1.0,52.0,0.8125,12.0,0.1875,0.8125,2.0,0.265625,,,,,,,
S24,DynaMixEMATent,,,,,,,,,,2,64,20,0.3125,44.0,0.6875,0.6875,2,0.030369039624929428,0.96466463804245,0.96466463804245,0.9342955946922302,0.18245803264096008,0.528142575946305,0.28939939141273496,0.7432340608267951,174.0275650024414,0.19999999999999996,1.0,0.6395576000213623,0.2,0.0,1.0,45.0,0.703125,19.0,0.296875,0.703125,2.0,0.1875,,,,,,,
S24,DynaMixEMATent,,,,,,,,,,3,5,0,0.0,5.0,1.0,1.0,1,0.056227318942546844,0.7987204194068909,0.7987204194068909,0.7424931526184082,0.18924321419989987,0.5711406599780329,0.23961612582206726,0.7511214787340214,178.02116709947586,0.19999999999999996,1.0,0.6650698781013489,0.2,0.0,1.0,2.0,0.4,3.0,0.6,0.6,2.0,0.5,,,,,,,
S24,TEMA,,,,,,,,,,0,64,8,0.125,56.0,0.875,0.875,2,,,,,,,,,,,,,,,,,,,,,,,,,,,,,
S24,TEMA,,,,,,,,,,1,64,49,0.765625,15.0,0.234375,0.765625,2,,,,,,,,,,,,,,,,,,,,,,,,,,,,,
S24,TEMA,,,,,,,,,,2,64,20,0.3125,44.0,0.6875,0.6875,2,,,,,,,,,,,,,,,,,,,,,,,,,,,,,
S24,TEMA,,,,,,,,,,3,5,0,0.0,5.0,1.0,1.0,1,,,,,,,,,,,,,,,,,,,,,,,,,,,,,
S24,DUA,,,,,,,,,,0,64,8,0.125,56.0,0.875,0.875,2,,,,,,,,,,,,,,,,,,,,,,,0.099,,,,,,
S24,DUA,,,,,,,,,,1,64,49,0.765625,15.0,0.234375,0.765625,2,,,,,,,,,,,,,,,,,,,,,,,0.09336,,,,,,
S24,DUA,,,,,,,,,,2,64,20,0.3125,44.0,0.6875,0.6875,2,,,,,,,,,,,,,,,,,,,,,,,0.0880584,,,,,,
S24,DUA,,,,,,,,,,3,5,0,0.0,5.0,1.0,1.0,1,,,,,,,,,,,,,,,,,,,,,,,0.083074896,,,,,,
S24,RoTTA,,,,,,,,,,0,64,8,0.125,56.0,0.875,0.875,2,,,,,,,,,,,,,,,,,,,,,,,,46.0,,,,,
S24,RoTTA,,,,,,,,,,1,64,49,0.765625,15.0,0.234375,0.765625,2,,,,,,,,,,,,,,,,,,,,,,,,64.0,,,,,
S24,RoTTA,,,,,,,,,,2,64,20,0.3125,44.0,0.6875,0.6875,2,,,,,,,,,,,,,,,,,,,,,,,,64.0,,,,,
S24,RoTTA,,,,,,,,,,3,5,0,0.0,5.0,1.0,1.0,1,,,,,,,,,,,,,,,,,,,,,,,,64.0,,,,,
S24,NOTE,,,,,,,,,,0,64,8,0.125,56.0,0.875,0.875,2,,,,,,,,,,,,,,,,,,,,,,,,,64.0,1.0,0.6201077699661255,,
S24,NOTE,,,,,,,,,,1,64,49,0.765625,15.0,0.234375,0.765625,2,,,,,,,,,,,,,,,,,,,,,,,,,64.0,1.0,0.5812458992004395,,
S24,NOTE,,,,,,,,,,2,64,20,0.3125,44.0,0.6875,0.6875,2,,,,,,,,,,,,,,,,,,,,,,,,,64.0,1.0,0.610787034034729,,
S24,NOTE,,,,,,,,,,3,5,0,0.0,5.0,1.0,1.0,1,,,,,,,,,,,,,,,,,,,,,,,,,64.0,0.0,,,
S24,DELTA,,,,,,,,,,0,64,8,0.125,56.0,0.875,0.875,2,,,,,,,,,,,,,,,,,,,,,,,,,,,,0.25219038128852844,3.0
S24,DELTA,,,,,,,,,,1,64,49,0.765625,15.0,0.234375,0.765625,2,,,,,,,,,,,,,,,,,,,,,,,,,,,,0.15029089152812958,46.0
S24,DELTA,,,,,,,,,,2,64,20,0.3125,44.0,0.6875,0.6875,2,,,,,,,,,,,,,,,,,,,,,,,,,,,,0.16483567655086517,37.0
S24,DELTA,,,,,,,,,,3,5,0,0.0,5.0,1.0,1.0,1,,,,,,,,,,,,,,,,,,,,,,,,,,,,0.11743287742137909,3.0
S25,EMATent,0.8617836236953735,0.8617836236953735,0.7180684208869934,1.0,0.24146491289138794,0.5,0.25853508710861206,0.0,0.0,0,64,22,0.34375,42.0,0.65625,0.65625,2,,,,,,,,,,,,,,,,,,,,,,,,,,,,,
S25,EMATent,0.7378086447715759,0.7378086447715759,0.8010891079902649,1.0,0.2786574065685272,0.5,0.22134259343147278,0.0,0.0,1,64,36,0.5625,28.0,0.4375,0.5625,2,,,,,,,,,,,,,,,,,,,,,,,,,,,,,
S25,EMATent,0.9972613453865051,0.9972613453865051,0.5939153432846069,1.0,0.20082159638404848,0.5,0.29917840361595155,0.0,0.0,2,64,40,0.625,24.0,0.375,0.625,2,,,,,,,,,,,,,,,,,,,,,,,,,,,,,
S25,EMATent,0.8715144395828247,0.8715144395828247,0.749424934387207,1.0,0.2385456681251526,0.5,0.2614543318748474,0.0,0.0,3,53,26,0.49056603773584906,27.0,0.5094339622641509,0.5094339622641509,2,,,,,,,,,,,,,,,,,,,,,,,,,,,,,
S25,DynaMixEMATent,,,,,,,,,,0,64,22,0.34375,42.0,0.65625,0.65625,2,0.033321209251880646,0.8617836236953735,0.8617836236953735,0.8284624218940735,0.48189971368877776,0.2595651992026102,0.25853508710861206,0.3500707783870982,55.154151916503906,0.19999999999999996,1.0,0.6479506492614746,0.2,0.0,1.0,20.0,0.3125,44.0,0.6875,0.6875,2.0,0.15625,,,,,,,
S25,DynaMixEMATent,,,,,,,,,,1,64,36,0.5625,28.0,0.4375,0.5625,2,0.06652430444955826,0.6806837320327759,0.6806837320327759,0.6141594052314758,0.3680091444175785,0.42778573597258873,0.20420511960983276,0.5375577884628402,98.71791076660156,0.19999999999999996,1.0,0.544967770576477,0.2,0.0,1.0,13.0,0.203125,51.0,0.796875,0.796875,2.0,0.0625,,,,,,,
S25,DynaMixEMATent,,,,,,,,,,2,64,40,0.625,24.0,0.375,0.625,2,0.029536817222833633,0.9075945615768433,0.9075945615768433,0.8780577778816223,0.21376721490568146,0.5139544166212656,0.272278368473053,0.7062513938782569,156.80396270751953,0.19999999999999996,1.0,0.5871120691299438,0.2,0.0,1.0,54.0,0.84375,10.0,0.15625,0.84375,2.0,0.125,,,,,,,
S25,DynaMixEMATent,,,,,,,,,,3,53,26,0.49056603773584906,27.0,0.5094339622641509,0.5094339622641509,2,0.06433681398630142,0.6688003540039062,0.6688003540039062,0.6044635772705078,0.17801274865900157,0.6213471451398265,0.20064010620117187,0.7773058793167307,192.25038146972656,0.19999999999999996,1.0,0.54889315366745,0.2,0.0,1.0,24.0,0.4528301886792453,29.0,0.5471698113207547,0.5471698113207547,2.0,0.009433962264150941,,,,,,,
S25,TEMA,,,,,,,,,,0,64,22,0.34375,42.0,0.65625,0.65625,2,,,,,,,,,,,,,,,,,,,,,,,,,,,,,
S25,TEMA,,,,,,,,,,1,64,36,0.5625,28.0,0.4375,0.5625,2,,,,,,,,,,,,,,,,,,,,,,,,,,,,,
S25,TEMA,,,,,,,,,,2,64,40,0.625,24.0,0.375,0.625,2,,,,,,,,,,,,,,,,,,,,,,,,,,,,,
S25,TEMA,,,,,,,,,,3,53,26,0.49056603773584906,27.0,0.5094339622641509,0.5094339622641509,2,,,,,,,,,,,,,,,,,,,,,,,,,,,,,
S25,DUA,,,,,,,,,,0,64,22,0.34375,42.0,0.65625,0.65625,2,,,,,,,,,,,,,,,,,,,,,,,0.099,,,,,,
S25,DUA,,,,,,,,,,1,64,36,0.5625,28.0,0.4375,0.5625,2,,,,,,,,,,,,,,,,,,,,,,,0.09336,,,,,,
S25,DUA,,,,,,,,,,2,64,40,0.625,24.0,0.375,0.625,2,,,,,,,,,,,,,,,,,,,,,,,0.0880584,,,,,,
S25,DUA,,,,,,,,,,3,53,26,0.49056603773584906,27.0,0.5094339622641509,0.5094339622641509,2,,,,,,,,,,,,,,,,,,,,,,,0.083074896,,,,,,
S25,RoTTA,,,,,,,,,,0,64,22,0.34375,42.0,0.65625,0.65625,2,,,,,,,,,,,,,,,,,,,,,,,,50.0,,,,,
S25,RoTTA,,,,,,,,,,1,64,36,0.5625,28.0,0.4375,0.5625,2,,,,,,,,,,,,,,,,,,,,,,,,64.0,,,,,
S25,RoTTA,,,,,,,,,,2,64,40,0.625,24.0,0.375,0.625,2,,,,,,,,,,,,,,,,,,,,,,,,64.0,,,,,
S25,RoTTA,,,,,,,,,,3,53,26,0.49056603773584906,27.0,0.5094339622641509,0.5094339622641509,2,,,,,,,,,,,,,,,,,,,,,,,,64.0,,,,,
S25,NOTE,,,,,,,,,,0,64,22,0.34375,42.0,0.65625,0.65625,2,,,,,,,,,,,,,,,,,,,,,,,,,64.0,1.0,0.6400133371353149,,
S25,NOTE,,,,,,,,,,1,64,36,0.5625,28.0,0.4375,0.5625,2,,,,,,,,,,,,,,,,,,,,,,,,,64.0,1.0,0.514599621295929,,
S25,NOTE,,,,,,,,,,2,64,40,0.625,24.0,0.375,0.625,2,,,,,,,,,,,,,,,,,,,,,,,,,64.0,1.0,0.6162885427474976,,
S25,NOTE,,,,,,,,,,3,53,26,0.49056603773584906,27.0,0.5094339622641509,0.5094339622641509,2,,,,,,,,,,,,,,,,,,,,,,,,,64.0,0.0,,,
S25,DELTA,,,,,,,,,,0,64,22,0.34375,42.0,0.65625,0.65625,2,,,,,,,,,,,,,,,,,,,,,,,,,,,,0.25324636697769165,2.0
S25,DELTA,,,,,,,,,,1,64,36,0.5625,28.0,0.4375,0.5625,2,,,,,,,,,,,,,,,,,,,,,,,,,,,,0.08928430080413818,48.0
S25,DELTA,,,,,,,,,,2,64,40,0.625,24.0,0.375,0.625,2,,,,,,,,,,,,,,,,,,,,,,,,,,,,0.10439519584178925,12.0
S25,DELTA,,,,,,,,,,3,53,26,0.49056603773584906,27.0,0.5094339622641509,0.5094339622641509,2,,,,,,,,,,,,,,,,,,,,,,,,,,,,0.17463916540145874,30.0
S26,EMATent,0.8343570828437805,0.8343570828437805,0.771648108959198,1.0,0.24969287514686586,0.5,0.25030712485313417,0.0,0.0,0,64,53,0.828125,11.0,0.171875,0.828125,2,,,,,,,,,,,,,,,,,,,,,,,,,,,,,
S26,EMATent,0.9845813512802124,0.9845813512802124,0.6885613203048706,1.0,0.2046255946159363,0.5,0.29537440538406373,0.0,0.0,1,64,43,0.671875,21.0,0.328125,0.671875,2,,,,,,,,,,,,,,,,,,,,,,,,,,,,,
S26,EMATent,0.9301741719245911,0.9301741719245911,0.6992968320846558,1.0,0.2209477484226227,0.5,0.2790522515773773,0.0,0.0,2,64,42,0.65625,22.0,0.34375,0.65625,2,,,,,,,,,,,,,,,,,,,,,,,,,,,,,
S26,EMATent,0.8446658849716187,0.8446658849716187,0.7405226230621338,1.0,0.24660023450851443,0.5,0.2533997654914856,0.0,0.0,3,64,26,0.40625,38.0,0.59375,0.59375,2,,,,,,,,,,,,,,,,,,,,,,,,,,,,,
S26,EMATent,0.7739487290382385,0.7739487290382385,0.7745805978775024,1.0,0.26781538128852844,0.5,0.23218461871147156,0.0,0.0,4,47,17,0.3617021276595745,30.0,0.6382978723404256,0.6382978723404256,2,,,,,,,,,,,,,,,,,,,,,,,,,,,,,
S26,DynaMixEMATent,,,,,,,,,,0,64,53,0.828125,11.0,0.171875,0.828125,2,0.12802822887897491,0.8343570828437805,0.8343570828437805,0.706328809261322,0.4939750853670204,0.2557177897798455,0.25030712485313417,0.34109673208478875,53.39885330200195,0.19999999999999996,1.0,0.6100210547447205,0.2,0.0,1.0,27.0,0.421875,37.0,0.578125,0.578125,2.0,0.328125,,,,,,,
S26,DynaMixEMATent,,,,,,,,,,1,64,43,0.671875,21.0,0.328125,0.671875,2,0.21609801054000854,0.9769561886787415,0.9769561886787415,0.7608582377433777,0.28578825521992207,0.4211248881764555,0.29308685660362244,0.5957236643714856,115.9240493774414,0.19999999999999996,1.0,0.5518183708190918,0.2,0.0,1.0,10.0,0.15625,54.0,0.84375,0.84375,2.0,0.171875,,,,,,,
S26,DynaMixEMATent,,,,,,,,,,2,64,42,0.65625,22.0,0.34375,0.65625,2,0.2512436807155609,0.9999751448631287,0.9999751448631287,0.7487314343452454,0.17164815633298486,0.5283593002080765,0.2999925434589386,0.7547909601118424,179.92245864868164,0.19999999999999996,1.0,0.5906271934509277,0.2,0.0,1.0,15.0,0.234375,49.0,0.765625,0.765625,2.0,0.15625,,,,,,,
S26,DynaMixEMATent,,,,,,,,,,3,64,26,0.40625,38.0,0.59375,0.59375,2,0.20166978240013123,0.9891657829284668,0.9891657829284668,0.787496030330658,0.10516028654517123,0.5980899785762889,0.29674973487854,0.8504653439028441,243.22906875610352,0.19999999999999996,1.0,0.5629422664642334,0.2,0.0,1.0,19.0,0.296875,45.0,0.703125,0.703125,2.0,0.09375,,,,,,,
S26,DynaMixEMATent,,,,,,,,,,4,47,17,0.3617021276595745,30.0,0.6382978723404256,0.6382978723404256,2,0.21332040429115295,0.9515488743782043,0.9515488743782043,0.7382284998893738,0.07533979657014458,0.6391955411163941,0.2854646623134613,0.8945611328138461,287.9518658518791,0.19999999999999996,1.0,0.5555598735809326,0.2,0.0,1.0,25.0,0.5319148936170213,22.0,0.46808510638297873,0.5319148936170213,2.0,0.13829787234042556,,,,,,,
S26,TEMA,,,,,,,,,,0,64,53,0.828125,11.0,0.171875,0.828125,2,,,,,,,,,,,,,,,,,,,,,,,,,,,,,
S26,TEMA,,,,,,,,,,1,64,43,0.671875,21.0,0.328125,0.671875,2,,,,,,,,,,,,,,,,,,,,,,,,,,,,,
S26,TEMA,,,,,,,,,,2,64,42,0.65625,22.0,0.34375,0.65625,2,,,,,,,,,,,,,,,,,,,,,,,,,,,,,
S26,TEMA,,,,,,,,,,3,64,26,0.40625,38.0,0.59375,0.59375,2,,,,,,,,,,,,,,,,,,,,,,,,,,,,,
S26,TEMA,,,,,,,,,,4,47,17,0.3617021276595745,30.0,0.6382978723404256,0.6382978723404256,2,,,,,,,,,,,,,,,,,,,,,,,,,,,,,
S26,DUA,,,,,,,,,,0,64,53,0.828125,11.0,0.171875,0.828125,2,,,,,,,,,,,,,,,,,,,,,,,0.099,,,,,,
S26,DUA,,,,,,,,,,1,64,43,0.671875,21.0,0.328125,0.671875,2,,,,,,,,,,,,,,,,,,,,,,,0.09336,,,,,,
S26,DUA,,,,,,,,,,2,64,42,0.65625,22.0,0.34375,0.65625,2,,,,,,,,,,,,,,,,,,,,,,,0.0880584,,,,,,
S26,DUA,,,,,,,,,,3,64,26,0.40625,38.0,0.59375,0.59375,2,,,,,,,,,,,,,,,,,,,,,,,0.083074896,,,,,,
S26,DUA,,,,,,,,,,4,47,17,0.3617021276595745,30.0,0.6382978723404256,0.6382978723404256,2,,,,,,,,,,,,,,,,,,,,,,,0.07839040223999999,,,,,,
S26,RoTTA,,,,,,,,,,0,64,53,0.828125,11.0,0.171875,0.828125,2,,,,,,,,,,,,,,,,,,,,,,,,63.0,,,,,
S26,RoTTA,,,,,,,,,,1,64,43,0.671875,21.0,0.328125,0.671875,2,,,,,,,,,,,,,,,,,,,,,,,,64.0,,,,,
S26,RoTTA,,,,,,,,,,2,64,42,0.65625,22.0,0.34375,0.65625,2,,,,,,,,,,,,,,,,,,,,,,,,64.0,,,,,
S26,RoTTA,,,,,,,,,,3,64,26,0.40625,38.0,0.59375,0.59375,2,,,,,,,,,,,,,,,,,,,,,,,,64.0,,,,,
S26,RoTTA,,,,,,,,,,4,47,17,0.3617021276595745,30.0,0.6382978723404256,0.6382978723404256,2,,,,,,,,,,,,,,,,,,,,,,,,64.0,,,,,
S26,NOTE,,,,,,,,,,0,64,53,0.828125,11.0,0.171875,0.828125,2,,,,,,,,,,,,,,,,,,,,,,,,,64.0,1.0,0.58625727891922,,
S26,NOTE,,,,,,,,,,1,64,43,0.671875,21.0,0.328125,0.671875,2,,,,,,,,,,,,,,,,,,,,,,,,,64.0,1.0,0.5650863647460938,,
S26,NOTE,,,,,,,,,,2,64,42,0.65625,22.0,0.34375,0.65625,2,,,,,,,,,,,,,,,,,,,,,,,,,64.0,1.0,0.5770964026451111,,
S26,NOTE,,,,,,,,,,3,64,26,0.40625,38.0,0.59375,0.59375,2,,,,,,,,,,,,,,,,,,,,,,,,,64.0,1.0,0.5544973015785217,,
S26,NOTE,,,,,,,,,,4,47,17,0.3617021276595745,30.0,0.6382978723404256,0.6382978723404256,2,,,,,,,,,,,,,,,,,,,,,,,,,64.0,0.0,,,
S26,DELTA,,,,,,,,,,0,64,53,0.828125,11.0,0.171875,0.828125,2,,,,,,,,,,,,,,,,,,,,,,,,,,,,0.3318742513656616,4.0
S26,DELTA,,,,,,,,,,1,64,43,0.671875,21.0,0.328125,0.671875,2,,,,,,,,,,,,,,,,,,,,,,,,,,,,0.11734410375356674,33.0
S26,DELTA,,,,,,,,,,2,64,42,0.65625,22.0,0.34375,0.65625,2,,,,,,,,,,,,,,,,,,,,,,,,,,,,0.1657366305589676,27.0
S26,DELTA,,,,,,,,,,3,64,26,0.40625,38.0,0.59375,0.59375,2,,,,,,,,,,,,,,,,,,,,,,,,,,,,0.10624896734952927,40.0
S26,DELTA,,,,,,,,,,4,47,17,0.3617021276595745,30.0,0.6382978723404256,0.6382978723404256,2,,,,,,,,,,,,,,,,,,,,,,,,,,,,0.226541668176651,14.0
S27,EMATent,0.9308540225028992,0.9308540225028992,0.7506248950958252,1.0,0.22074379324913027,0.5,0.27925620675086976,0.0,0.0,0,64,63,0.984375,1.0,0.015625,0.984375,2,,,,,,,,,,,,,,,,,,,,,,,,,,,,,
S27,EMATent,0.9306688904762268,0.9306688904762268,0.7279994487762451,1.0,0.22079933285713196,0.5,0.279200667142868,0.0,0.0,1,64,15,0.234375,49.0,0.765625,0.765625,2,,,,,,,,,,,,,,,,,,,,,,,,,,,,,
S27,EMATent,0.9267532825469971,0.9267532825469971,0.7013980746269226,1.0,0.22197401523590088,0.5,0.2780259847640991,0.0,0.0,2,64,33,0.515625,31.0,0.484375,0.515625,2,,,,,,,,,,,,,,,,,,,,,,,,,,,,,
S27,EMATent,0.9421051144599915,0.9421051144599915,0.6819169521331787,1.0,0.21736846566200257,0.5,0.2826315343379974,0.0,0.0,3,64,6,0.09375,58.0,0.90625,0.90625,2,,,,,,,,,,,,,,,,,,,,,,,,,,,,,
S27,EMATent,0.8622291684150696,0.8622291684150696,0.7314218878746033,1.0,0.24133124947547913,0.5,0.2586687505245209,0.0,0.0,4,64,27,0.421875,37.0,0.578125,0.578125,2,,,,,,,,,,,,,,,,,,,,,,,,,,,,,
S27,EMATent,0.547604501247406,0.547604501247406,0.8735560178756714,1.0,0.33571864962577824,0.5,0.16428135037422179,0.0,0.0,5,1,0,0.0,1.0,1.0,1.0,1,,,,,,,,,,,,,,,,,,,,,,,,,,,,,
S27,DynaMixEMATent,,,,,,,,,,0,64,63,0.984375,1.0,0.015625,0.984375,2,0.21079276502132416,0.9308540225028992,0.9308540225028992,0.7200612425804138,0.45253120120994667,0.26821259203918363,0.27925620675086976,0.3721330583092153,59.57465744018555,0.19999999999999996,1.0,0.6383539438247681,0.2,0.0,1.0,23.0,0.359375,41.0,0.640625,0.640625,2.0,0.484375,,,,,,,
S27,DynaMixEMATent,,,,,,,,,,1,64,15,0.234375,49.0,0.765625,0.765625,2,0.22488047182559967,0.9033174514770508,0.9033174514770508,0.6784369945526123,0.2913701729424599,0.43763459161442486,0.2709952354431152,0.6003178756731924,117.3869743347168,0.19999999999999996,1.0,0.5624558925628662,0.2,0.0,1.0,39.0,0.609375,25.0,0.390625,0.609375,2.0,0.265625,,,,,,,
S27,DynaMixEMATent,,,,,,,,,,2,64,33,0.515625,31.0,0.484375,0.515625,2,0.18385522067546844,0.7166677713394165,0.7166677713394165,0.5328125953674316,0.2192611911788602,0.5657384774193148,0.21500033140182495,0.7206862627465701,163.25371170043945,0.19999999999999996,1.0,0.6188258528709412,0.2,0.0,1.0,51.0,0.796875,13.0,0.203125,0.796875,2.0,0.015625,,,,,,,
S27,DynaMixEMATent,,,,,,,,,,3,64,6,0.09375,58.0,0.90625,0.90625,2,0.13323074579238892,0.7326712608337402,0.7326712608337402,0.5994405150413513,0.15107754944423082,0.6291210723056472,0.21980137825012205,0.8063601431320339,210.14467239379883,0.19999999999999996,1.0,0.57602459192276,0.2,0.0,1.0,44.0,0.6875,20.0,0.3125,0.6875,2.0,0.40625,,,,,,,
S27,DynaMixEMATent,,,,,,,,,,4,64,27,0.421875,37.0,0.578125,0.578125,2,0.17255595326423645,0.5495081543922424,0.5495081543922424,0.3769521713256836,0.12286658476326008,0.7122809689190672,0.16485244631767274,0.8528803871585117,245.31319427490234,0.19999999999999996,1.0,0.4354262948036194,0.2,0.0,1.0,51.0,0.796875,13.0,0.203125,0.796875,2.0,0.078125,,,,,,,
S27,DynaMixEMATent,,,,,,,,,,5,1,0,0.0,1.0,1.0,1.0,1,0.0,0.004510904662311077,0.004510904662311077,0.004510904662311077,0.1469153424773907,0.851731386123916,0.001353271398693323,0.8528855717745567,245.31770517956465,0.19999999999999996,0.0,0.4963311553001404,0.2,0.0,1.0,1.0,1.0,0.0,0.0,1.0,1.0,0.5,,,,,,,
S27,TEMA,,,,,,,,,,0,64,63,0.984375,1.0,0.015625,0.984375,2,,,,,,,,,,,,,,,,,,,,,,,,,,,,,
S27,TEMA,,,,,,,,,,1,64,15,0.234375,49.0,0.765625,0.765625,2,,,,,,,,,,,,,,,,,,,,,,,,,,,,,
S27,TEMA,,,,,,,,,,2,64,33,0.515625,31.0,0.484375,0.515625,2,,,,,,,,,,,,,,,,,,,,,,,,,,,,,
S27,TEMA,,,,,,,,,,3,64,6,0.09375,58.0,0.90625,0.90625,2,,,,,,,,,,,,,,,,,,,,,,,,,,,,,
S27,TEMA,,,,,,,,,,4,64,27,0.421875,37.0,0.578125,0.578125,2,,,,,,,,,,,,,,,,,,,,,,,,,,,,,
S27,TEMA,,,,,,,,,,5,1,0,0.0,1.0,1.0,1.0,1,,,,,,,,,,,,,,,,,,,,,,,,,,,,,
S27,DUA,,,,,,,,,,0,64,63,0.984375,1.0,0.015625,0.984375,2,,,,,,,,,,,,,,,,,,,,,,,0.099,,,,,,
S27,DUA,,,,,,,,,,1,64,15,0.234375,49.0,0.765625,0.765625,2,,,,,,,,,,,,,,,,,,,,,,,0.09336,,,,,,
S27,DUA,,,,,,,,,,2,64,33,0.515625,31.0,0.484375,0.515625,2,,,,,,,,,,,,,,,,,,,,,,,0.0880584,,,,,,
S27,DUA,,,,,,,,,,3,64,6,0.09375,58.0,0.90625,0.90625,2,,,,,,,,,,,,,,,,,,,,,,,0.083074896,,,,,,
S27,DUA,,,,,,,,,,4,64,27,0.421875,37.0,0.578125,0.578125,2,,,,,,,,,,,,,,,,,,,,,,,0.07839040223999999,,,,,,
S27,DUA,,,,,,,,,,5,1,0,0.0,1.0,1.0,1.0,1,,,,,,,,,,,,,,,,,,,,,,,0.07398697810559998,,,,,,
S27,RoTTA,,,,,,,,,,0,64,63,0.984375,1.0,0.015625,0.984375,2,,,,,,,,,,,,,,,,,,,,,,,,53.0,,,,,
S27,RoTTA,,,,,,,,,,1,64,15,0.234375,49.0,0.765625,0.765625,2,,,,,,,,,,,,,,,,,,,,,,,,64.0,,,,,
S27,RoTTA,,,,,,,,,,2,64,33,0.515625,31.0,0.484375,0.515625,2,,,,,,,,,,,,,,,,,,,,,,,,64.0,,,,,
S27,RoTTA,,,,,,,,,,3,64,6,0.09375,58.0,0.90625,0.90625,2,,,,,,,,,,,,,,,,,,,,,,,,64.0,,,,,
S27,RoTTA,,,,,,,,,,4,64,27,0.421875,37.0,0.578125,0.578125,2,,,,,,,,,,,,,,,,,,,,,,,,64.0,,,,,
S27,RoTTA,,,,,,,,,,5,1,0,0.0,1.0,1.0,1.0,1,,,,,,,,,,,,,,,,,,,,,,,,64.0,,,,,
S27,NOTE,,,,,,,,,,0,64,63,0.984375,1.0,0.015625,0.984375,2,,,,,,,,,,,,,,,,,,,,,,,,,64.0,1.0,0.5261301398277283,,
S27,NOTE,,,,,,,,,,1,64,15,0.234375,49.0,0.765625,0.765625,2,,,,,,,,,,,,,,,,,,,,,,,,,64.0,1.0,0.4636780917644501,,
S27,NOTE,,,,,,,,,,2,64,33,0.515625,31.0,0.484375,0.515625,2,,,,,,,,,,,,,,,,,,,,,,,,,64.0,1.0,0.6010862588882446,,
S27,NOTE,,,,,,,,,,3,64,6,0.09375,58.0,0.90625,0.90625,2,,,,,,,,,,,,,,,,,,,,,,,,,64.0,1.0,0.5721791982650757,,
S27,NOTE,,,,,,,,,,4,64,27,0.421875,37.0,0.578125,0.578125,2,,,,,,,,,,,,,,,,,,,,,,,,,64.0,1.0,0.49190783500671387,,
S27,NOTE,,,,,,,,,,5,1,0,0.0,1.0,1.0,1.0,1,,,,,,,,,,,,,,,,,,,,,,,,,64.0,0.0,,,
S27,DELTA,,,,,,,,,,0,64,63,0.984375,1.0,0.015625,0.984375,2,,,,,,,,,,,,,,,,,,,,,,,,,,,,0.25369197130203247,12.0
S27,DELTA,,,,,,,,,,1,64,15,0.234375,49.0,0.765625,0.765625,2,,,,,,,,,,,,,,,,,,,,,,,,,,,,0.2171512246131897,28.0
S27,DELTA,,,,,,,,,,2,64,33,0.515625,31.0,0.484375,0.515625,2,,,,,,,,,,,,,,,,,,,,,,,,,,,,0.2410115897655487,12.0
S27,DELTA,,,,,,,,,,3,64,6,0.09375,58.0,0.90625,0.90625,2,,,,,,,,,,,,,,,,,,,,,,,,,,,,0.23328490555286407,9.0
S27,DELTA,,,,,,,,,,4,64,27,0.421875,37.0,0.578125,0.578125,2,,,,,,,,,,,,,,,,,,,,,,,,,,,,0.24114519357681274,37.0
S27,DELTA,,,,,,,,,,5,1,0,0.0,1.0,1.0,1.0,1,,,,,,,,,,,,,,,,,,,,,,,,,,,,0.30993592739105225,1.0
S28,EMATent,0.13508106768131256,0.13508106768131256,0.981124222278595,0.0,0.4594756796956062,0.5,0.04052432030439377,0.0,0.0,0,64,45,0.703125,19.0,0.296875,0.703125,2,,,,,,,,,,,,,,,,,,,,,,,,,,,,,
S28,EMATent,0.585224449634552,0.585224449634552,0.8731532692909241,1.0,0.3244326651096344,0.5,0.1755673348903656,0.0,0.0,1,64,51,0.796875,13.0,0.203125,0.796875,2,,,,,,,,,,,,,,,,,,,,,,,,,,,,,
S28,EMATent,0.9941364526748657,0.9941364526748657,0.7150537967681885,1.0,0.2017590641975403,0.5,0.2982409358024597,0.0,0.0,2,64,31,0.484375,33.0,0.515625,0.515625,2,,,,,,,,,,,,,,,,,,,,,,,,,,,,,
S28,EMATent,0.9991455674171448,0.9991455674171448,0.5982779860496521,1.0,0.20025632977485658,0.5,0.2997436702251434,0.0,0.0,3,19,8,0.42105263157894735,11.0,0.5789473684210527,0.5789473684210527,2,,,,,,,,,,,,,,,,,,,,,,,,,,,,,
S28,DynaMixEMATent,,,,,,,,,,0,64,45,0.703125,19.0,0.296875,0.703125,2,0.018200471997261047,0.13508106768131256,0.13508106768131256,0.11688058823347092,0.8968121630903327,0.06266351660527346,0.04052432030439377,0.06531016672059209,8.645188331604004,0.19999999999999996,0.0,0.10803098976612091,0.2,0.0,1.0,0.0,0.0,64.0,1.0,1.0,1.0,0.203125,,,,,,,
S28,DynaMixEMATent,,,,,,,,,,1,64,51,0.796875,13.0,0.203125,0.796875,2,0.02901618182659149,0.2298046350479126,0.2298046350479126,0.2007884532213211,0.7757880699834125,0.1552705395022137,0.06894139051437377,0.16676773934564082,23.35268497467041,0.19999999999999996,1.0,0.3173981308937073,0.2,0.0,1.0,2.0,0.03125,62.0,0.96875,0.96875,2.0,0.296875,,,,,,,
S28,DynaMixEMATent,,,,,,,,,,2,64,31,0.484375,33.0,0.515625,0.515625,2,0.07484007626771927,0.3216716945171356,0.3216716945171356,0.24683161079883575,0.6409783890680373,0.262520102576822,0.09650150835514068,0.2905595360750326,43.93967342376709,0.19999999999999996,1.0,0.5597732067108154,0.2,0.0,1.0,21.0,0.328125,43.0,0.671875,0.671875,2.0,0.015625,,,,,,,
S28,DynaMixEMATent,,,,,,,,,,3,19,8,0.42105263157894735,11.0,0.5789473684210527,0.5789473684210527,2,0.02433367446064949,0.35225072503089905,0.35225072503089905,0.32791703939437866,0.6021478932310073,0.29217688925972307,0.10567521750926971,0.3267010989519923,50.63243719935417,0.19999999999999996,1.0,0.681684672832489,0.2,0.0,1.0,11.0,0.5789473684210527,8.0,0.42105263157894735,0.5789473684210527,2.0,0.07894736842105265,,,,,,,
S28,TEMA,,,,,,,,,,0,64,45,0.703125,19.0,0.296875,0.703125,2,,,,,,,,,,,,,,,,,,,,,,,,,,,,,
S28,TEMA,,,,,,,,,,1,64,51,0.796875,13.0,0.203125,0.796875,2,,,,,,,,,,,,,,,,,,,,,,,,,,,,,
S28,TEMA,,,,,,,,,,2,64,31,0.484375,33.0,0.515625,0.515625,2,,,,,,,,,,,,,,,,,,,,,,,,,,,,,
S28,TEMA,,,,,,,,,,3,19,8,0.42105263157894735,11.0,0.5789473684210527,0.5789473684210527,2,,,,,,,,,,,,,,,,,,,,,,,,,,,,,
S28,DUA,,,,,,,,,,0,64,45,0.703125,19.0,0.296875,0.703125,2,,,,,,,,,,,,,,,,,,,,,,,0.099,,,,,,
S28,DUA,,,,,,,,,,1,64,51,0.796875,13.0,0.203125,0.796875,2,,,,,,,,,,,,,,,,,,,,,,,0.09336,,,,,,
S28,DUA,,,,,,,,,,2,64,31,0.484375,33.0,0.515625,0.515625,2,,,,,,,,,,,,,,,,,,,,,,,0.0880584,,,,,,
S28,DUA,,,,,,,,,,3,19,8,0.42105263157894735,11.0,0.5789473684210527,0.5789473684210527,2,,,,,,,,,,,,,,,,,,,,,,,0.083074896,,,,,,
S28,RoTTA,,,,,,,,,,0,64,45,0.703125,19.0,0.296875,0.703125,2,,,,,,,,,,,,,,,,,,,,,,,,57.0,,,,,
S28,RoTTA,,,,,,,,,,1,64,51,0.796875,13.0,0.203125,0.796875,2,,,,,,,,,,,,,,,,,,,,,,,,64.0,,,,,
S28,RoTTA,,,,,,,,,,2,64,31,0.484375,33.0,0.515625,0.515625,2,,,,,,,,,,,,,,,,,,,,,,,,64.0,,,,,
S28,RoTTA,,,,,,,,,,3,19,8,0.42105263157894735,11.0,0.5789473684210527,0.5789473684210527,2,,,,,,,,,,,,,,,,,,,,,,,,64.0,,,,,
S28,NOTE,,,,,,,,,,0,64,45,0.703125,19.0,0.296875,0.703125,2,,,,,,,,,,,,,,,,,,,,,,,,,64.0,1.0,0.6626320481300354,,
S28,NOTE,,,,,,,,,,1,64,51,0.796875,13.0,0.203125,0.796875,2,,,,,,,,,,,,,,,,,,,,,,,,,64.0,1.0,0.6157577633857727,,
S28,NOTE,,,,,,,,,,2,64,31,0.484375,33.0,0.515625,0.515625,2,,,,,,,,,,,,,,,,,,,,,,,,,64.0,1.0,0.6218937039375305,,
S28,NOTE,,,,,,,,,,3,19,8,0.42105263157894735,11.0,0.5789473684210527,0.5789473684210527,2,,,,,,,,,,,,,,,,,,,,,,,,,64.0,0.0,,,
S28,DELTA,,,,,,,,,,0,64,45,0.703125,19.0,0.296875,0.703125,2,,,,,,,,,,,,,,,,,,,,,,,,,,,,,0.0
S28,DELTA,,,,,,,,,,1,64,51,0.796875,13.0,0.203125,0.796875,2,,,,,,,,,,,,,,,,,,,,,,,,,,,,0.11295993626117706,6.0
S28,DELTA,,,,,,,,,,2,64,31,0.484375,33.0,0.515625,0.515625,2,,,,,,,,,,,,,,,,,,,,,,,,,,,,0.14528873562812805,24.0
S28,DELTA,,,,,,,,,,3,19,8,0.42105263157894735,11.0,0.5789473684210527,0.5789473684210527,2,,,,,,,,,,,,,,,,,,,,,,,,,,,,,0.0
S29,EMATent,0.999826192855835,0.999826192855835,0.7187473773956299,1.0,0.2000521421432495,0.5,0.2999478578567505,0.0,0.0,0,64,48,0.75,16.0,0.25,0.75,2,,,,,,,,,,,,,,,,,,,,,,,,,,,,,
S29,EMATent,0.9715545773506165,0.9715545773506165,0.7889115810394287,1.0,0.20853362679481507,0.5,0.2914663732051849,0.0,0.0,1,64,29,0.453125,35.0,0.546875,0.546875,2,,,,,,,,,,,,,,,,,,,,,,,,,,,,,
S29,EMATent,0.8058666586875916,0.8058666586875916,0.7901729345321655,1.0,0.2582400023937225,0.5,0.24175999760627745,0.0,0.0,2,64,46,0.71875,18.0,0.28125,0.71875,2,,,,,,,,,,,,,,,,,,,,,,,,,,,,,
S29,DynaMixEMATent,,,,,,,,,,0,64,48,0.75,16.0,0.25,0.75,2,0.21928398311138153,0.999826192855835,0.999826192855835,0.780542254447937,0.42463998873581443,0.2754121534074351,0.2999478578567505,0.39341662831606383,63.98887634277344,0.19999999999999996,1.0,0.5971020460128784,0.2,0.0,1.0,58.0,0.90625,6.0,0.09375,0.90625,2.0,0.25,,,,,,,
S29,DynaMixEMATent,,,,,,,,,,1,64,29,0.453125,35.0,0.546875,0.546875,2,0.32639405131340027,0.917188823223114,0.917188823223114,0.5907947421073914,0.27795189487176575,0.44689145816130005,0.2751566469669342,0.6165352228054629,122.68896102905273,0.19999999999999996,1.0,0.4932825565338135,0.2,0.0,1.0,38.0,0.59375,26.0,0.40625,0.59375,2.0,0.046875,,,,,,,
S29,DynaMixEMATent,,,,,,,,,,2,64,46,0.71875,18.0,0.28125,0.71875,2,0.20081903040409088,0.8975159525871277,0.8975159525871277,0.696696937084198,0.17889505884899096,0.5518501553748708,0.2692547857761383,0.7551881895812362,180.1299819946289,0.19999999999999996,1.0,0.5677119493484497,0.2,0.0,1.0,50.0,0.78125,14.0,0.21875,0.78125,2.0,0.21875,,,,,,,
S29,TEMA,,,,,,,,,,0,64,48,0.75,16.0,0.25,0.75,2,,,,,,,,,,,,,,,,,,,,,,,,,,,,,
S29,TEMA,,,,,,,,,,1,64,29,0.453125,35.0,0.546875,0.546875,2,,,,,,,,,,,,,,,,,,,,,,,,,,,,,
S29,TEMA,,,,,,,,,,2,64,46,0.71875,18.0,0.28125,0.71875,2,,,,,,,,,,,,,,,,,,,,,,,,,,,,,
S29,DUA,,,,,,,,,,0,64,48,0.75,16.0,0.25,0.75,2,,,,,,,,,,,,,,,,,,,,,,,0.099,,,,,,
S29,DUA,,,,,,,,,,1,64,29,0.453125,35.0,0.546875,0.546875,2,,,,,,,,,,,,,,,,,,,,,,,0.09336,,,,,,
S29,DUA,,,,,,,,,,2,64,46,0.71875,18.0,0.28125,0.71875,2,,,,,,,,,,,,,,,,,,,,,,,0.0880584,,,,,,
S29,RoTTA,,,,,,,,,,0,64,48,0.75,16.0,0.25,0.75,2,,,,,,,,,,,,,,,,,,,,,,,,49.0,,,,,
S29,RoTTA,,,,,,,,,,1,64,29,0.453125,35.0,0.546875,0.546875,2,,,,,,,,,,,,,,,,,,,,,,,,64.0,,,,,
S29,RoTTA,,,,,,,,,,2,64,46,0.71875,18.0,0.28125,0.71875,2,,,,,,,,,,,,,,,,,,,,,,,,64.0,,,,,
S29,NOTE,,,,,,,,,,0,64,48,0.75,16.0,0.25,0.75,2,,,,,,,,,,,,,,,,,,,,,,,,,64.0,1.0,0.6250283718109131,,
S29,NOTE,,,,,,,,,,1,64,29,0.453125,35.0,0.546875,0.546875,2,,,,,,,,,,,,,,,,,,,,,,,,,64.0,1.0,0.5755131244659424,,
S29,NOTE,,,,,,,,,,2,64,46,0.71875,18.0,0.28125,0.71875,2,,,,,,,,,,,,,,,,,,,,,,,,,64.0,1.0,0.5799023509025574,,
S29,DELTA,,,,,,,,,,0,64,48,0.75,16.0,0.25,0.75,2,,,,,,,,,,,,,,,,,,,,,,,,,,,,0.24245375394821167,3.0
S29,DELTA,,,,,,,,,,1,64,29,0.453125,35.0,0.546875,0.546875,2,,,,,,,,,,,,,,,,,,,,,,,,,,,,0.16380277276039124,28.0
S29,DELTA,,,,,,,,,,2,64,46,0.71875,18.0,0.28125,0.71875,2,,,,,,,,,,,,,,,,,,,,,,,,,,,,0.12786123156547546,24.0
S30,EMATent,0.2770143449306488,0.2770143449306488,0.9521913528442383,1.0,0.4168956965208054,0.5,0.08310430347919463,0.0,0.0,0,64,61,0.953125,3.0,0.046875,0.953125,2,,,,,,,,,,,,,,,,,,,,,,,,,,,,,
S30,EMATent,0.9255227446556091,0.9255227446556091,0.7561348676681519,1.0,0.22234317660331726,0.5,0.27765682339668274,0.0,0.0,1,64,31,0.484375,33.0,0.515625,0.515625,2,,,,,,,,,,,,,,,,,,,,,,,,,,,,,
S30,EMATent,0.9987275004386902,0.9987275004386902,0.5928049087524414,1.0,0.20038174986839297,0.5,0.29961825013160703,0.0,0.0,2,64,60,0.9375,4.0,0.0625,0.9375,2,,,,,,,,,,,,,,,,,,,,,,,,,,,,,
S30,EMATent,0.9246346950531006,0.9246346950531006,0.66253662109375,1.0,0.22260959148406984,0.5,0.27739040851593016,0.0,0.0,3,64,64,1.0,,,1.0,1,,,,,,,,,,,,,,,,,,,,,,,,,,,,,
S30,EMATent,0.998717725276947,0.998717725276947,0.7830251455307007,1.0,0.2003846824169159,0.5,0.2996153175830841,0.0,0.0,4,64,21,0.328125,43.0,0.671875,0.671875,2,,,,,,,,,,,,,,,,,,,,,,,,,,,,,
S30,EMATent,0.19631828367710114,0.19631828367710114,0.96961510181427,0.0,0.44110451489686964,0.5,0.058895485103130335,0.0,0.0,5,23,3,0.13043478260869565,20.0,0.8695652173913043,0.8695652173913043,2,,,,,,,,,,,,,,,,,,,,,,,,,,,,,
S30,DynaMixEMATent,,,,,,,,,,0,64,61,0.953125,3.0,0.046875,0.953125,2,0.026091143488883972,0.2770143449306488,0.2770143449306488,0.250923216342926,0.7983016623959394,0.11859403412486602,0.08310430347919463,0.1293429935104674,17.728918075561523,0.19999999999999996,1.0,0.2312476634979248,0.2,0.0,1.0,0.0,0.0,64.0,1.0,1.0,1.0,0.453125,,,,,,,
S30,DynaMixEMATent,,,,,,,,,,1,64,31,0.484375,33.0,0.515625,0.515625,2,0.2527954578399658,0.8160102963447571,0.8160102963447571,0.5632148385047913,0.43723298698035634,0.3179639241162165,0.2448030889034271,0.42103446060779237,69.95357704162598,0.19999999999999996,1.0,0.5356622338294983,0.2,0.0,1.0,41.0,0.640625,23.0,0.359375,0.640625,2.0,0.015625,,,,,,,
S30,DynaMixEMATent,,,,,,,,,,2,64,60,0.9375,4.0,0.0625,0.9375,2,0.07181703299283981,0.8491901159286499,0.8491901159286499,0.7773730754852295,0.28219629615062397,0.463046669070781,0.25475703477859496,0.6213365179947912,124.30174446105957,0.19999999999999996,1.0,0.6309491395950317,0.2,0.0,1.0,57.0,0.890625,7.0,0.109375,0.890625,2.0,0.4375,,,,,,,
S30,DynaMixEMATent,,,,,,,,,,3,64,64,1.0,,,1.0,1,0.07858944684267044,0.9827026128768921,0.9827026128768921,0.9041131138801575,0.16336835101792993,0.5418208651190025,0.29481078386306764,0.7683340197502292,187.19471168518066,0.19999999999999996,1.0,0.6002260446548462,0.2,0.0,1.0,62.0,0.96875,2.0,0.03125,0.96875,2.0,0.0,,,,,,,
S30,DynaMixEMATent,,,,,,,,,,4,64,21,0.328125,43.0,0.671875,0.671875,2,0.3002431392669678,0.9925342202186584,0.9925342202186584,0.6922910809516907,0.09904250009554844,0.603197233838854,0.2977602660655975,0.8589619821985177,250.7169017791748,0.19999999999999996,1.0,0.4840739071369171,0.2,0.0,1.0,41.0,0.640625,23.0,0.359375,0.640625,2.0,0.171875,,,,,,,
S30,DynaMixEMATent,,,,,,,,,,5,23,3,0.13043478260869565,20.0,0.8695652173913043,0.8695652173913043,2,0.08719108998775482,0.20287077128887177,0.20287077128887177,0.11567968875169754,0.12771281556608022,0.8114259530472582,0.060861231386661524,0.8640107087106506,255.38292951881886,0.19999999999999996,1.0,0.13358311355113983,0.2,0.0,1.0,2.0,0.08695652173913043,21.0,0.9130434782608695,0.9130434782608695,2.0,0.3695652173913043,,,,,,,
S30,TEMA,,,,,,,,,,0,64,61,0.953125,3.0,0.046875,0.953125,2,,,,,,,,,,,,,,,,,,,,,,,,,,,,,
S30,TEMA,,,,,,,,,,1,64,31,0.484375,33.0,0.515625,0.515625,2,,,,,,,,,,,,,,,,,,,,,,,,,,,,,
S30,TEMA,,,,,,,,,,2,64,60,0.9375,4.0,0.0625,0.9375,2,,,,,,,,,,,,,,,,,,,,,,,,,,,,,
S30,TEMA,,,,,,,,,,3,64,64,1.0,0.0,0.0,1.0,1,,,,,,,,,,,,,,,,,,,,,,,,,,,,,
S30,TEMA,,,,,,,,,,4,64,21,0.328125,43.0,0.671875,0.671875,2,,,,,,,,,,,,,,,,,,,,,,,,,,,,,
S30,TEMA,,,,,,,,,,5,23,3,0.13043478260869565,20.0,0.8695652173913043,0.8695652173913043,2,,,,,,,,,,,,,,,,,,,,,,,,,,,,,
S30,DUA,,,,,,,,,,0,64,61,0.953125,3.0,0.046875,0.953125,2,,,,,,,,,,,,,,,,,,,,,,,0.099,,,,,,
S30,DUA,,,,,,,,,,1,64,31,0.484375,33.0,0.515625,0.515625,2,,,,,,,,,,,,,,,,,,,,,,,0.09336,,,,,,
S30,DUA,,,,,,,,,,2,64,60,0.9375,4.0,0.0625,0.9375,2,,,,,,,,,,,,,,,,,,,,,,,0.0880584,,,,,,
S30,DUA,,,,,,,,,,3,64,64,1.0,0.0,0.0,1.0,1,,,,,,,,,,,,,,,,,,,,,,,0.083074896,,,,,,
S30,DUA,,,,,,,,,,4,64,21,0.328125,43.0,0.671875,0.671875,2,,,,,,,,,,,,,,,,,,,,,,,0.07839040223999999,,,,,,
S30,DUA,,,,,,,,,,5,23,3,0.13043478260869565,20.0,0.8695652173913043,0.8695652173913043,2,,,,,,,,,,,,,,,,,,,,,,,0.07398697810559998,,,,,,
S30,RoTTA,,,,,,,,,,0,64,61,0.953125,3.0,0.046875,0.953125,2,,,,,,,,,,,,,,,,,,,,,,,,58.0,,,,,
S30,RoTTA,,,,,,,,,,1,64,31,0.484375,33.0,0.515625,0.515625,2,,,,,,,,,,,,,,,,,,,,,,,,64.0,,,,,
S30,RoTTA,,,,,,,,,,2,64,60,0.9375,4.0,0.0625,0.9375,2,,,,,,,,,,,,,,,,,,,,,,,,64.0,,,,,
S30,RoTTA,,,,,,,,,,3,64,64,1.0,0.0,0.0,1.0,1,,,,,,,,,,,,,,,,,,,,,,,,64.0,,,,,
S30,RoTTA,,,,,,,,,,4,64,21,0.328125,43.0,0.671875,0.671875,2,,,,,,,,,,,,,,,,,,,,,,,,64.0,,,,,
S30,RoTTA,,,,,,,,,,5,23,3,0.13043478260869565,20.0,0.8695652173913043,0.8695652173913043,2,,,,,,,,,,,,,,,,,,,,,,,,64.0,,,,,
S30,NOTE,,,,,,,,,,0,64,61,0.953125,3.0,0.046875,0.953125,2,,,,,,,,,,,,,,,,,,,,,,,,,64.0,1.0,0.598455548286438,,
S30,NOTE,,,,,,,,,,1,64,31,0.484375,33.0,0.515625,0.515625,2,,,,,,,,,,,,,,,,,,,,,,,,,64.0,1.0,0.5538375377655029,,
S30,NOTE,,,,,,,,,,2,64,60,0.9375,4.0,0.0625,0.9375,2,,,,,,,,,,,,,,,,,,,,,,,,,64.0,1.0,0.6226390600204468,,
S30,NOTE,,,,,,,,,,3,64,64,1.0,0.0,0.0,1.0,1,,,,,,,,,,,,,,,,,,,,,,,,,64.0,1.0,0.5266244411468506,,
S30,NOTE,,,,,,,,,,4,64,21,0.328125,43.0,0.671875,0.671875,2,,,,,,,,,,,,,,,,,,,,,,,,,64.0,1.0,0.5048439502716064,,
S30,NOTE,,,,,,,,,,5,23,3,0.13043478260869565,20.0,0.8695652173913043,0.8695652173913043,2,,,,,,,,,,,,,,,,,,,,,,,,,64.0,0.0,,,
S30,DELTA,,,,,,,,,,0,64,61,0.953125,3.0,0.046875,0.953125,2,,,,,,,,,,,,,,,,,,,,,,,,,,,,0.27822014689445496,5.0
S30,DELTA,,,,,,,,,,1,64,31,0.484375,33.0,0.515625,0.515625,2,,,,,,,,,,,,,,,,,,,,,,,,,,,,0.17901857197284698,17.0
S30,DELTA,,,,,,,,,,2,64,60,0.9375,4.0,0.0625,0.9375,2,,,,,,,,,,,,,,,,,,,,,,,,,,,,0.2835499048233032,3.0
S30,DELTA,,,,,,,,,,3,64,64,1.0,0.0,0.0,1.0,1,,,,,,,,,,,,,,,,,,,,,,,,,,,,0.2874390184879303,1.0
S30,DELTA,,,,,,,,,,4,64,21,0.328125,43.0,0.671875,0.671875,2,,,,,,,,,,,,,,,,,,,,,,,,,,,,0.11781706660985947,22.0
S30,DELTA,,,,,,,,,,5,23,3,0.13043478260869565,20.0,0.8695652173913043,0.8695652173913043,2,,,,,,,,,,,,,,,,,,,,,,,,,,,,0.0029394961893558502,21.0
