Subject,Method,raw_gate,effective_gate,confidence,updated,effective_source_weight,effective_ema_weight,effective_batch_weight,probe_gate,min_gate,batch_index,batch_size,true_class_0_count,true_class_0_ratio,true_class_1_count,true_class_1_ratio,true_max_class_ratio,true_num_present_classes,g_mi,effective_mi_gate,diversity_norm,sample_entropy_norm,w_source,w_ema,w_batch,rho,n_eff,alpha,entropy_updated,loss_entropy,gate_threshold,gate_aware_ema,dynamic_mixture_weights,pred_class_0_count,pred_class_0_ratio,pred_class_1_count,pred_class_1_ratio,pred_max_class_ratio,pred_num_present_classes,true_imbalance,dua_momentum,rotta_memory_occupancy,note_memory_occupancy,note_updated,note_loss,delta_loss,delta_used_samples
S1,EMATent,0.4725733995437622,0.4725733995437622,0.9194223880767822,1.0,0.35822798013687135,0.5,0.14177201986312865,0.0,0.0,0,64,24,0.375,40.0,0.625,0.625,2,,,,,,,,,,,,,,,,,,,,,,,,,,,,,
S1,EMATent,0.6611337065696716,0.6611337065696716,0.8391216993331909,1.0,0.3016598880290985,0.5,0.19834011197090148,0.0,0.0,1,64,40,0.625,24.0,0.375,0.625,2,,,,,,,,,,,,,,,,,,,,,,,,,,,,,
S1,EMATent,0.4381847083568573,0.4381847083568573,0.909627377986908,1.0,0.36854458749294283,0.5,0.1314554125070572,0.0,0.0,2,64,19,0.296875,45.0,0.703125,0.703125,2,,,,,,,,,,,,,,,,,,,,,,,,,,,,,
S1,EMATent,0.8258705139160156,0.8258705139160156,0.7690149545669556,1.0,0.25223884582519535,0.5,0.24776115417480468,0.0,0.0,3,64,44,0.6875,20.0,0.3125,0.6875,2,,,,,,,,,,,,,,,,,,,,,,,,,,,,,
S1,EMATent,0.9157164692878723,0.9157164692878723,0.6755480170249939,1.0,0.2252850592136383,0.5,0.27471494078636166,0.0,0.0,4,10,10,1.0,,,1.0,1,,,,,,,,,,,,,,,,,,,,,,,,,,,,,
S1,DynaMixEMATent,,,,,,,,,,0,64,24,0.375,40.0,0.625,0.625,2,0.1516432911157608,0.4725733995437622,0.4725733995437622,0.3209301233291626,0.6776175718855582,0.18061040825131308,0.14177201986312865,0.21044572355064572,30.24469757080078,0.19999999999999996,1.0,0.4818645119667053,0.2,0.0,1.0,53.0,0.828125,11.0,0.171875,0.828125,2.0,0.125,,,,,,,
S1,DynaMixEMATent,,,,,,,,,,1,64,40,0.625,24.0,0.375,0.625,2,0.12617173790931702,0.46137163043022156,0.46137163043022156,0.33519989252090454,0.54012752880118,0.32146098206975365,0.13841148912906645,0.3731026795434006,59.77248191833496,0.19999999999999996,1.0,0.5897199511528015,0.2,0.0,1.0,49.0,0.765625,15.0,0.234375,0.765625,2.0,0.125,,,,,,,
S1,DynaMixEMATent,,,,,,,,,,2,64,19,0.296875,45.0,0.703125,0.703125,2,0.08091650158166885,0.24280709028244019,0.24280709028244019,0.16189058125019073,0.5147842063892639,0.4123736665260041,0.07284212708473205,0.44477178975935905,75.31213569641113,0.19999999999999996,1.0,0.4039846360683441,0.2,0.0,1.0,58.0,0.90625,6.0,0.09375,0.90625,2.0,0.203125,,,,,,,
S1,DynaMixEMATent,,,,,,,,,,3,64,44,0.6875,20.0,0.3125,0.6875,2,0.11251072585582733,0.41370147466659546,0.41370147466659546,0.30119073390960693,0.39544559184937017,0.48044396575065124,0.12411044239997863,0.5485211709420196,101.78903007507324,0.19999999999999996,1.0,0.555396556854248,0.2,0.0,1.0,45.0,0.703125,19.0,0.296875,0.703125,2.0,0.1875,,,,,,,
S1,DynaMixEMATent,,,,,,,,,,4,10,10,1.0,,,1.0,1,0.07427173852920532,0.3221867084503174,0.3221867084503174,0.24791496992111206,0.39770311523799656,0.5056408722269082,0.09665601253509522,0.5597434413062417,105.01089715957642,0.19999999999999996,1.0,0.6422200798988342,0.2,0.0,1.0,7.0,0.7,3.0,0.3,0.7,2.0,0.0,,,,,,,
S1,TEMA,,,,,,,,,,0,64,24,0.375,40.0,0.625,0.625,2,,,,,,,,,,,,,,,,,,,,,,,,,,,,,
S1,TEMA,,,,,,,,,,1,64,40,0.625,24.0,0.375,0.625,2,,,,,,,,,,,,,,,,,,,,,,,,,,,,,
S1,TEMA,,,,,,,,,,2,64,19,0.296875,45.0,0.703125,0.703125,2,,,,,,,,,,,,,,,,,,,,,,,,,,,,,
S1,TEMA,,,,,,,,,,3,64,44,0.6875,20.0,0.3125,0.6875,2,,,,,,,,,,,,,,,,,,,,,,,,,,,,,
S1,TEMA,,,,,,,,,,4,10,10,1.0,0.0,0.0,1.0,1,,,,,,,,,,,,,,,,,,,,,,,,,,,,,
S1,DUA,,,,,,,,,,0,64,24,0.375,40.0,0.625,0.625,2,,,,,,,,,,,,,,,,,,,,,,,0.099,,,,,,
S1,DUA,,,,,,,,,,1,64,40,0.625,24.0,0.375,0.625,2,,,,,,,,,,,,,,,,,,,,,,,0.09336,,,,,,
S1,DUA,,,,,,,,,,2,64,19,0.296875,45.0,0.703125,0.703125,2,,,,,,,,,,,,,,,,,,,,,,,0.0880584,,,,,,
S1,DUA,,,,,,,,,,3,64,44,0.6875,20.0,0.3125,0.6875,2,,,,,,,,,,,,,,,,,,,,,,,0.083074896,,,,,,
S1,DUA,,,,,,,,,,4,10,10,1.0,0.0,0.0,1.0,1,,,,,,,,,,,,,,,,,,,,,,,0.07839040223999999,,,,,,
S1,RoTTA,,,,,,,,,,0,64,24,0.375,40.0,0.625,0.625,2,,,,,,,,,,,,,,,,,,,,,,,,63.0,,,,,
S1,RoTTA,,,,,,,,,,1,64,40,0.625,24.0,0.375,0.625,2,,,,,,,,,,,,,,,,,,,,,,,,64.0,,,,,
S1,RoTTA,,,,,,,,,,2,64,19,0.296875,45.0,0.703125,0.703125,2,,,,,,,,,,,,,,,,,,,,,,,,64.0,,,,,
S1,RoTTA,,,,,,,,,,3,64,44,0.6875,20.0,0.3125,0.6875,2,,,,,,,,,,,,,,,,,,,,,,,,64.0,,,,,
S1,RoTTA,,,,,,,,,,4,10,10,1.0,0.0,0.0,1.0,1,,,,,,,,,,,,,,,,,,,,,,,,64.0,,,,,
S1,NOTE,,,,,,,,,,0,64,24,0.375,40.0,0.625,0.625,2,,,,,,,,,,,,,,,,,,,,,,,,,64.0,1.0,0.631740927696228,,
S1,NOTE,,,,,,,,,,1,64,40,0.625,24.0,0.375,0.625,2,,,,,,,,,,,,,,,,,,,,,,,,,64.0,1.0,0.5619849562644958,,
S1,NOTE,,,,,,,,,,2,64,19,0.296875,45.0,0.703125,0.703125,2,,,,,,,,,,,,,,,,,,,,,,,,,64.0,1.0,0.59944087266922,,
S1,NOTE,,,,,,,,,,3,64,44,0.6875,20.0,0.3125,0.6875,2,,,,,,,,,,,,,,,,,,,,,,,,,64.0,1.0,0.5154715776443481,,
S1,NOTE,,,,,,,,,,4,10,10,1.0,0.0,0.0,1.0,1,,,,,,,,,,,,,,,,,,,,,,,,,64.0,0.0,,,
S1,DELTA,,,,,,,,,,0,64,24,0.375,40.0,0.625,0.625,2,,,,,,,,,,,,,,,,,,,,,,,,,,,,,0.0
S1,DELTA,,,,,,,,,,1,64,40,0.625,24.0,0.375,0.625,2,,,,,,,,,,,,,,,,,,,,,,,,,,,,0.1678004264831543,5.0
S1,DELTA,,,,,,,,,,2,64,19,0.296875,45.0,0.703125,0.703125,2,,,,,,,,,,,,,,,,,,,,,,,,,,,,0.08341612666845322,38.0
S1,DELTA,,,,,,,,,,3,64,44,0.6875,20.0,0.3125,0.6875,2,,,,,,,,,,,,,,,,,,,,,,,,,,,,0.11864031106233597,37.0
S1,DELTA,,,,,,,,,,4,10,10,1.0,0.0,0.0,1.0,1,,,,,,,,,,,,,,,,,,,,,,,,,,,,0.11048352718353271,10.0
S2,EMATent,0.10897458344697952,0.10897458344697952,0.9855583310127258,0.0,0.46730762496590617,0.5,0.032692375034093855,0.0,0.0,0,64,10,0.15625,54.0,0.84375,0.84375,2,,,,,,,,,,,,,,,,,,,,,,,,,,,,,
S2,EMATent,0.16327305138111115,0.16327305138111115,0.9760135412216187,0.0,0.45101808458566667,0.5,0.04898191541433334,0.0,0.0,1,64,19,0.296875,45.0,0.703125,0.703125,2,,,,,,,,,,,,,,,,,,,,,,,,,,,,,
S2,EMATent,0.16327469050884247,0.16327469050884247,0.9760132431983948,0.0,0.45101759284734727,0.5,0.048982407152652736,0.0,0.0,2,64,0,0.0,64.0,1.0,1.0,1,,,,,,,,,,,,,,,,,,,,,,,,,,,,,
S2,EMATent,0.2407347410917282,0.2407347410917282,0.9603392481803894,1.0,0.42777957767248154,0.5,0.07222042232751846,0.0,0.0,3,61,38,0.6229508196721312,23.0,0.3770491803278688,0.6229508196721312,2,,,,,,,,,,,,,,,,,,,,,,,,,,,,,
S2,DynaMixEMATent,,,,,,,,,,0,64,10,0.15625,54.0,0.84375,0.84375,2,0.03944659233093262,0.10897458344697952,0.10897458344697952,0.0695279911160469,0.9160118270021351,0.05129579796377107,0.032692375034093855,0.05302945685513338,6.9743733406066895,0.19999999999999996,0.0,0.07199269533157349,0.2,0.0,1.0,64.0,1.0,0.0,0.0,1.0,1.0,0.34375,,,,,,,
S2,DynaMixEMATent,,,,,,,,,,1,64,19,0.296875,45.0,0.703125,0.703125,2,0.014833842404186726,0.03981006518006325,0.03981006518006325,0.024976223707199097,0.9172206310902536,0.07083634935572734,0.011943019554018974,0.07169257518301608,9.522217512130737,0.19999999999999996,0.0,0.03129015490412712,0.2,0.0,1.0,64.0,1.0,0.0,0.0,1.0,1.0,0.203125,,,,,,,
S2,DynaMixEMATent,,,,,,,,,,2,64,0,0.0,64.0,1.0,1.0,1,0.004096360877156258,0.011523783206939697,0.011523783206939697,0.007427422795444727,0.9197831524512287,0.07675971258668941,0.003457134962081909,0.07702600187074615,10.259739637374878,0.19999999999999996,0.0,0.013405958190560341,0.2,0.0,1.0,64.0,1.0,0.0,0.0,1.0,1.0,0.5,,,,,,,
S2,DynaMixEMATent,,,,,,,,,,3,61,38,0.6229508196721312,23.0,0.3770491803278688,0.6229508196721312,2,0.0051236809231340885,0.013800268992781639,0.013800268992781639,0.008676588535308838,0.9131276620451007,0.08273225725706486,0.0041400806978344916,0.08307619942676103,11.101556045934558,0.19999999999999996,0.0,0.028902817517518997,0.2,0.0,1.0,61.0,1.0,0.0,0.0,1.0,1.0,0.12295081967213117,,,,,,,
S2,TEMA,,,,,,,,,,0,64,10,0.15625,54.0,0.84375,0.84375,2,,,,,,,,,,,,,,,,,,,,,,,,,,,,,
S2,TEMA,,,,,,,,,,1,64,19,0.296875,45.0,0.703125,0.703125,2,,,,,,,,,,,,,,,,,,,,,,,,,,,,,
S2,TEMA,,,,,,,,,,2,64,0,0.0,64.0,1.0,1.0,1,,,,,,,,,,,,,,,,,,,,,,,,,,,,,
S2,TEMA,,,,,,,,,,3,61,38,0.6229508196721312,23.0,0.3770491803278688,0.6229508196721312,2,,,,,,,,,,,,,,,,,,,,,,,,,,,,,
S2,DUA,,,,,,,,,,0,64,10,0.15625,54.0,0.84375,0.84375,2,,,,,,,,,,,,,,,,,,,,,,,0.099,,,,,,
S2,DUA,,,,,,,,,,1,64,19,0.296875,45.0,0.703125,0.703125,2,,,,,,,,,,,,,,,,,,,,,,,0.09336,,,,,,
S2,DUA,,,,,,,,,,2,64,0,0.0,64.0,1.0,1.0,1,,,,,,,,,,,,,,,,,,,,,,,0.0880584,,,,,,
S2,DUA,,,,,,,,,,3,61,38,0.6229508196721312,23.0,0.3770491803278688,0.6229508196721312,2,,,,,,,,,,,,,,,,,,,,,,,0.083074896,,,,,,
S2,RoTTA,,,,,,,,,,0,64,10,0.15625,54.0,0.84375,0.84375,2,,,,,,,,,,,,,,,,,,,,,,,,62.0,,,,,
S2,RoTTA,,,,,,,,,,1,64,19,0.296875,45.0,0.703125,0.703125,2,,,,,,,,,,,,,,,,,,,,,,,,64.0,,,,,
S2,RoTTA,,,,,,,,,,2,64,0,0.0,64.0,1.0,1.0,1,,,,,,,,,,,,,,,,,,,,,,,,64.0,,,,,
S2,RoTTA,,,,,,,,,,3,61,38,0.6229508196721312,23.0,0.3770491803278688,0.6229508196721312,2,,,,,,,,,,,,,,,,,,,,,,,,64.0,,,,,
S2,NOTE,,,,,,,,,,0,64,10,0.15625,54.0,0.84375,0.84375,2,,,,,,,,,,,,,,,,,,,,,,,,,64.0,1.0,0.5277122855186462,,
S2,NOTE,,,,,,,,,,1,64,19,0.296875,45.0,0.703125,0.703125,2,,,,,,,,,,,,,,,,,,,,,,,,,64.0,1.0,0.5233721733093262,,
S2,NOTE,,,,,,,,,,2,64,0,0.0,64.0,1.0,1.0,1,,,,,,,,,,,,,,,,,,,,,,,,,64.0,1.0,0.5400826930999756,,
S2,NOTE,,,,,,,,,,3,61,38,0.6229508196721312,23.0,0.3770491803278688,0.6229508196721312,2,,,,,,,,,,,,,,,,,,,,,,,,,64.0,0.0,,,
S2,DELTA,,,,,,,,,,0,64,10,0.15625,54.0,0.84375,0.84375,2,,,,,,,,,,,,,,,,,,,,,,,,,,,,0.28666630387306213,8.0
S2,DELTA,,,,,,,,,,1,64,19,0.296875,45.0,0.703125,0.703125,2,,,,,,,,,,,,,,,,,,,,,,,,,,,,0.23683200776576996,25.0
S2,DELTA,,,,,,,,,,2,64,0,0.0,64.0,1.0,1.0,1,,,,,,,,,,,,,,,,,,,,,,,,,,,,0.05248216912150383,59.0
S2,DELTA,,,,,,,,,,3,61,38,0.6229508196721312,23.0,0.3770491803278688,0.6229508196721312,2,,,,,,,,,,,,,,,,,,,,,,,,,,,,0.07758738845586777,48.0
S3,EMATent,0.9849063754081726,0.9849063754081726,0.7665505409240723,1.0,0.20452808737754824,0.5,0.29547191262245176,0.0,0.0,0,64,16,0.25,48.0,0.75,0.75,2,,,,,,,,,,,,,,,,,,,,,,,,,,,,,
S3,EMATent,0.6317552924156189,0.6317552924156189,0.8561856746673584,1.0,0.31047341227531433,0.5,0.18952658772468567,0.0,0.0,1,64,27,0.421875,37.0,0.578125,0.578125,2,,,,,,,,,,,,,,,,,,,,,,,,,,,,,
S3,EMATent,0.9975740313529968,0.9975740313529968,0.6633040904998779,1.0,0.20072779059410095,0.5,0.29927220940589905,0.0,0.0,2,64,29,0.453125,35.0,0.546875,0.546875,2,,,,,,,,,,,,,,,,,,,,,,,,,,,,,
S3,EMATent,0.8150982856750488,0.8150982856750488,0.7715750932693481,1.0,0.25547051429748535,0.5,0.24452948570251465,0.0,0.0,3,64,38,0.59375,26.0,0.40625,0.59375,2,,,,,,,,,,,,,,,,,,,,,,,,,,,,,
S3,EMATent,0.8619612455368042,0.8619612455368042,0.7172195315361023,1.0,0.24141162633895874,0.5,0.25858837366104126,0.0,0.0,4,11,0,0.0,11.0,1.0,1.0,1,,,,,,,,,,,,,,,,,,,,,,,,,,,,,
S3,DynaMixEMATent,,,,,,,,,,0,64,16,0.25,48.0,0.75,0.75,2,0.29276013374328613,0.9849063754081726,0.9849063754081726,0.6921462416648865,0.43055497297815293,0.2739731143993953,0.29547191262245176,0.3888746514268868,63.03400802612305,0.19999999999999996,1.0,0.5770795345306396,0.2,0.0,1.0,40.0,0.625,24.0,0.375,0.625,2.0,0.25,,,,,,,
S3,DynaMixEMATent,,,,,,,,,,1,64,27,0.421875,37.0,0.578125,0.578125,2,0.17935481667518616,0.6633651852607727,0.6633651852607727,0.48401039838790894,0.3513255326495348,0.44966491177223333,0.1990095555782318,0.5613861125357678,105.4893798828125,0.19999999999999996,1.0,0.5280594825744629,0.2,0.0,1.0,50.0,0.78125,14.0,0.21875,0.78125,2.0,0.078125,,,,,,,
S3,DynaMixEMATent,,,,,,,,,,2,64,29,0.453125,35.0,0.546875,0.546875,2,0.19057251513004303,0.9508680701255798,0.9508680701255798,0.760295569896698,0.1948730723732987,0.5198665065890274,0.28526042103767396,0.7273509427640491,166.3449363708496,0.19999999999999996,1.0,0.658481240272522,0.2,0.0,1.0,35.0,0.546875,29.0,0.453125,0.546875,2.0,0.046875,,,,,,,
S3,DynaMixEMATent,,,,,,,,,,3,64,38,0.59375,26.0,0.40625,0.59375,2,0.15476000308990479,0.7063682675361633,0.7063682675361633,0.5516082644462585,0.15093627652416633,0.6371532432149847,0.211910480260849,0.8084782594569655,211.55250549316406,0.19999999999999996,1.0,0.567280113697052,0.2,0.0,1.0,36.0,0.5625,28.0,0.4375,0.5625,2.0,0.09375,,,,,,,
S3,DynaMixEMATent,,,,,,,,,,4,11,0,0.0,11.0,1.0,1.0,1,0.036828406155109406,0.5502216219902039,0.5502216219902039,0.5133931636810303,0.15252270606724977,0.682410807335689,0.16506648659706116,0.8173235310131307,217.6049433350563,0.19999999999999996,1.0,0.628242015838623,0.2,0.0,1.0,1.0,0.09090909090909091,10.0,0.9090909090909091,0.9090909090909091,2.0,0.5,,,,,,,
S3,TEMA,,,,,,,,,,0,64,16,0.25,48.0,0.75,0.75,2,,,,,,,,,,,,,,,,,,,,,,,,,,,,,
S3,TEMA,,,,,,,,,,1,64,27,0.421875,37.0,0.578125,0.578125,2,,,,,,,,,,,,,,,,,,,,,,,,,,,,,
S3,TEMA,,,,,,,,,,2,64,29,0.453125,35.0,0.546875,0.546875,2,,,,,,,,,,,,,,,,,,,,,,,,,,,,,
S3,TEMA,,,,,,,,,,3,64,38,0.59375,26.0,0.40625,0.59375,2,,,,,,,,,,,,,,,,,,,,,,,,,,,,,
S3,TEMA,,,,,,,,,,4,11,0,0.0,11.0,1.0,1.0,1,,,,,,,,,,,,,,,,,,,,,,,,,,,,,
S3,DUA,,,,,,,,,,0,64,16,0.25,48.0,0.75,0.75,2,,,,,,,,,,,,,,,,,,,,,,,0.099,,,,,,
S3,DUA,,,,,,,,,,1,64,27,0.421875,37.0,0.578125,0.578125,2,,,,,,,,,,,,,,,,,,,,,,,0.09336,,,,,,
S3,DUA,,,,,,,,,,2,64,29,0.453125,35.0,0.546875,0.546875,2,,,,,,,,,,,,,,,,,,,,,,,0.0880584,,,,,,
S3,DUA,,,,,,,,,,3,64,38,0.59375,26.0,0.40625,0.59375,2,,,,,,,,,,,,,,,,,,,,,,,0.083074896,,,,,,
S3,DUA,,,,,,,,,,4,11,0,0.0,11.0,1.0,1.0,1,,,,,,,,,,,,,,,,,,,,,,,0.07839040223999999,,,,,,
S3,RoTTA,,,,,,,,,,0,64,16,0.25,48.0,0.75,0.75,2,,,,,,,,,,,,,,,,,,,,,,,,57.0,,,,,
S3,RoTTA,,,,,,,,,,1,64,27,0.421875,37.0,0.578125,0.578125,2,,,,,,,,,,,,,,,,,,,,,,,,64.0,,,,,
S3,RoTTA,,,,,,,,,,2,64,29,0.453125,35.0,0.546875,0.546875,2,,,,,,,,,,,,,,,,,,,,,,,,64.0,,,,,
S3,RoTTA,,,,,,,,,,3,64,38,0.59375,26.0,0.40625,0.59375,2,,,,,,,,,,,,,,,,,,,,,,,,64.0,,,,,
S3,RoTTA,,,,,,,,,,4,11,0,0.0,11.0,1.0,1.0,1,,,,,,,,,,,,,,,,,,,,,,,,64.0,,,,,
S3,NOTE,,,,,,,,,,0,64,16,0.25,48.0,0.75,0.75,2,,,,,,,,,,,,,,,,,,,,,,,,,64.0,1.0,0.6075553894042969,,
S3,NOTE,,,,,,,,,,1,64,27,0.421875,37.0,0.578125,0.578125,2,,,,,,,,,,,,,,,,,,,,,,,,,64.0,1.0,0.6096571683883667,,
S3,NOTE,,,,,,,,,,2,64,29,0.453125,35.0,0.546875,0.546875,2,,,,,,,,,,,,,,,,,,,,,,,,,64.0,1.0,0.6391453742980957,,
S3,NOTE,,,,,,,,,,3,64,38,0.59375,26.0,0.40625,0.59375,2,,,,,,,,,,,,,,,,,,,,,,,,,64.0,1.0,0.576737642288208,,
S3,NOTE,,,,,,,,,,4,11,0,0.0,11.0,1.0,1.0,1,,,,,,,,,,,,,,,,,,,,,,,,,64.0,0.0,,,
S3,DELTA,,,,,,,,,,0,64,16,0.25,48.0,0.75,0.75,2,,,,,,,,,,,,,,,,,,,,,,,,,,,,0.3065694272518158,3.0
S3,DELTA,,,,,,,,,,1,64,27,0.421875,37.0,0.578125,0.578125,2,,,,,,,,,,,,,,,,,,,,,,,,,,,,0.058035098016262054,61.0
S3,DELTA,,,,,,,,,,2,64,29,0.453125,35.0,0.546875,0.546875,2,,,,,,,,,,,,,,,,,,,,,,,,,,,,0.16100546717643738,32.0
S3,DELTA,,,,,,,,,,3,64,38,0.59375,26.0,0.40625,0.59375,2,,,,,,,,,,,,,,,,,,,,,,,,,,,,0.12237917631864548,37.0
S3,DELTA,,,,,,,,,,4,11,0,0.0,11.0,1.0,1.0,1,,,,,,,,,,,,,,,,,,,,,,,,,,,,,0.0
S4,EMATent,0.012168439105153084,0.012168439105153084,0.9989232420921326,0.0,0.49634946826845405,0.5,0.003650531731545925,0.0,0.0,0,64,0,0.0,64.0,1.0,1.0,1,,,,,,,,,,,,,,,,,,,,,,,,,,,,,
S4,EMATent,0.12057908624410629,0.12057908624410629,0.9836238622665405,0.0,0.46382627412676813,0.5,0.036173725873231886,0.0,0.0,1,64,31,0.484375,33.0,0.515625,0.515625,2,,,,,,,,,,,,,,,,,,,,,,,,,,,,,
S4,EMATent,0.8489719033241272,0.8489719033241272,0.7641187906265259,1.0,0.24530842900276184,0.5,0.25469157099723816,0.0,0.0,2,64,23,0.359375,41.0,0.640625,0.640625,2,,,,,,,,,,,,,,,,,,,,,,,,,,,,,
S4,EMATent,0.512199342250824,0.512199342250824,0.9015927314758301,1.0,0.34634019732475285,0.5,0.15365980267524718,0.0,0.0,3,64,38,0.59375,26.0,0.40625,0.59375,2,,,,,,,,,,,,,,,,,,,,,,,,,,,,,
S4,EMATent,0.6837289929389954,0.6837289929389954,0.8183242678642273,1.0,0.2948813021183014,0.5,0.2051186978816986,0.0,0.0,4,11,0,0.0,11.0,1.0,1.0,1,,,,,,,,,,,,,,,,,,,,,,,,,,,,,
S4,DynaMixEMATent,,,,,,,,,,0,64,0,0.0,64.0,1.0,1.0,1,0.0036959312856197357,0.012168439105153084,0.012168439105153084,0.008472507819533348,0.9903058633055231,0.006043604962931026,0.003650531731545925,0.006065748169097884,0.7787801027297974,0.19999999999999996,0.0,0.0029050647281110287,0.2,0.0,1.0,0.0,0.0,64.0,1.0,1.0,1.0,0.5,,,,,,,
S4,DynaMixEMATent,,,,,,,,,,1,64,31,0.484375,33.0,0.515625,0.515625,2,0.0031459233723580837,0.011550654657185078,0.011550654657185078,0.008404730819165707,0.9847861568964856,0.011748646706358924,0.003465196397155523,0.011789499638028889,1.5180220007896423,0.19999999999999996,0.0,0.0055986507795751095,0.2,0.0,1.0,0.0,0.0,64.0,1.0,1.0,1.0,0.015625,,,,,,,
S4,DynaMixEMATent,,,,,,,,,,2,64,23,0.359375,41.0,0.640625,0.640625,2,0.006181661039590836,0.02657674439251423,0.02657674439251423,0.020395083352923393,0.9673906372433208,0.02463633943892491,0.007973023317754268,0.024834344244668793,3.218933641910553,0.19999999999999996,0.0,0.028464246541261673,0.2,0.0,1.0,0.0,0.0,64.0,1.0,1.0,1.0,0.140625,,,,,,,
S4,DynaMixEMATent,,,,,,,,,,3,64,38,0.59375,26.0,0.40625,0.59375,2,0.0032540715765208006,0.012574569322168827,0.012574569322168827,0.009320497512817383,0.9653981154295287,0.03082951377382066,0.003772370796650648,0.030946254520640037,4.023706078529358,0.19999999999999996,0.0,0.02090531960129738,0.2,0.0,1.0,0.0,0.0,64.0,1.0,1.0,1.0,0.09375,,,,,,,
S4,DynaMixEMATent,,,,,,,,,,4,11,0,0.0,11.0,1.0,1.0,1,0.003551686182618141,0.01339799351990223,0.01339799351990223,0.009846307337284088,0.9640480980691791,0.03193250387485027,0.004019398055970669,0.03206137128827813,4.171084007248282,0.19999999999999996,0.0,0.010578666813671589,0.2,0.0,1.0,0.0,0.0,11.0,1.0,1.0,1.0,0.5,,,,,,,
S4,TEMA,,,,,,,,,,0,64,0,0.0,64.0,1.0,1.0,1,,,,,,,,,,,,,,,,,,,,,,,,,,,,,
S4,TEMA,,,,,,,,,,1,64,31,0.484375,33.0,0.515625,0.515625,2,,,,,,,,,,,,,,,,,,,,,,,,,,,,,
S4,TEMA,,,,,,,,,,2,64,23,0.359375,41.0,0.640625,0.640625,2,,,,,,,,,,,,,,,,,,,,,,,,,,,,,
S4,TEMA,,,,,,,,,,3,64,38,0.59375,26.0,0.40625,0.59375,2,,,,,,,,,,,,,,,,,,,,,,,,,,,,,
S4,TEMA,,,,,,,,,,4,11,0,0.0,11.0,1.0,1.0,1,,,,,,,,,,,,,,,,,,,,,,,,,,,,,
S4,DUA,,,,,,,,,,0,64,0,0.0,64.0,1.0,1.0,1,,,,,,,,,,,,,,,,,,,,,,,0.099,,,,,,
S4,DUA,,,,,,,,,,1,64,31,0.484375,33.0,0.515625,0.515625,2,,,,,,,,,,,,,,,,,,,,,,,0.09336,,,,,,
S4,DUA,,,,,,,,,,2,64,23,0.359375,41.0,0.640625,0.640625,2,,,,,,,,,,,,,,,,,,,,,,,0.0880584,,,,,,
S4,DUA,,,,,,,,,,3,64,38,0.59375,26.0,0.40625,0.59375,2,,,,,,,,,,,,,,,,,,,,,,,0.083074896,,,,,,
S4,DUA,,,,,,,,,,4,11,0,0.0,11.0,1.0,1.0,1,,,,,,,,,,,,,,,,,,,,,,,0.07839040223999999,,,,,,
S4,RoTTA,,,,,,,,,,0,64,0,0.0,64.0,1.0,1.0,1,,,,,,,,,,,,,,,,,,,,,,,,60.0,,,,,
S4,RoTTA,,,,,,,,,,1,64,31,0.484375,33.0,0.515625,0.515625,2,,,,,,,,,,,,,,,,,,,,,,,,64.0,,,,,
S4,RoTTA,,,,,,,,,,2,64,23,0.359375,41.0,0.640625,0.640625,2,,,,,,,,,,,,,,,,,,,,,,,,64.0,,,,,
S4,RoTTA,,,,,,,,,,3,64,38,0.59375,26.0,0.40625,0.59375,2,,,,,,,,,,,,,,,,,,,,,,,,64.0,,,,,
S4,RoTTA,,,,,,,,,,4,11,0,0.0,11.0,1.0,1.0,1,,,,,,,,,,,,,,,,,,,,,,,,64.0,,,,,
S4,NOTE,,,,,,,,,,0,64,0,0.0,64.0,1.0,1.0,1,,,,,,,,,,,,,,,,,,,,,,,,,64.0,1.0,0.5866661071777344,,
S4,NOTE,,,,,,,,,,1,64,31,0.484375,33.0,0.515625,0.515625,2,,,,,,,,,,,,,,,,,,,,,,,,,64.0,1.0,0.5794618129730225,,
S4,NOTE,,,,,,,,,,2,64,23,0.359375,41.0,0.640625,0.640625,2,,,,,,,,,,,,,,,,,,,,,,,,,64.0,1.0,0.5971779227256775,,
S4,NOTE,,,,,,,,,,3,64,38,0.59375,26.0,0.40625,0.59375,2,,,,,,,,,,,,,,,,,,,,,,,,,64.0,1.0,0.5842342376708984,,
S4,NOTE,,,,,,,,,,4,11,0,0.0,11.0,1.0,1.0,1,,,,,,,,,,,,,,,,,,,,,,,,,64.0,0.0,,,
S4,DELTA,,,,,,,,,,0,64,0,0.0,64.0,1.0,1.0,1,,,,,,,,,,,,,,,,,,,,,,,,,,,,0.23851588368415833,6.0
S4,DELTA,,,,,,,,,,1,64,31,0.484375,33.0,0.515625,0.515625,2,,,,,,,,,,,,,,,,,,,,,,,,,,,,0.17592068016529083,20.0
S4,DELTA,,,,,,,,,,2,64,23,0.359375,41.0,0.640625,0.640625,2,,,,,,,,,,,,,,,,,,,,,,,,,,,,0.2036684900522232,16.0
S4,DELTA,,,,,,,,,,3,64,38,0.59375,26.0,0.40625,0.59375,2,,,,,,,,,,,,,,,,,,,,,,,,,,,,0.02563311904668808,50.0
S4,DELTA,,,,,,,,,,4,11,0,0.0,11.0,1.0,1.0,1,,,,,,,,,,,,,,,,,,,,,,,,,,,,0.1935204714536667,6.0
S5,EMATent,0.0025176643393933773,0.0025176643393933773,0.9998185038566589,0.0,0.499244700698182,0.5,0.0007552993018180131,0.0,0.0,0,64,16,0.25,48.0,0.75,0.75,2,,,,,,,,,,,,,,,,,,,,,,,,,,,,,
S5,EMATent,0.01562892645597458,0.01562892645597458,0.9985642433166504,0.0,0.4953113220632076,0.5,0.004688677936792373,0.0,0.0,1,64,40,0.625,24.0,0.375,0.625,2,,,,,,,,,,,,,,,,,,,,,,,,,,,,,
S5,EMATent,0.20361880958080292,0.20361880958080292,0.9681434631347656,1.0,0.4389143571257591,0.5,0.06108564287424087,0.0,0.0,2,64,51,0.796875,13.0,0.203125,0.796875,2,,,,,,,,,,,,,,,,,,,,,,,,,,,,,
S5,EMATent,0.3846017122268677,0.3846017122268677,0.9249199628829956,1.0,0.3846194863319397,0.5,0.11538051366806029,0.0,0.0,3,64,15,0.234375,49.0,0.765625,0.765625,2,,,,,,,,,,,,,,,,,,,,,,,,,,,,,
S5,EMATent,0.9547444581985474,0.9547444581985474,0.6878294348716736,1.0,0.2135766625404358,0.5,0.2864233374595642,0.0,0.0,4,38,0,0.0,38.0,1.0,1.0,1,,,,,,,,,,,,,,,,,,,,,,,,,,,,,
S5,DynaMixEMATent,,,,,,,,,,0,64,16,0.25,48.0,0.75,0.75,2,0.0005440835957415402,0.0025176643393933773,0.0025176643393933773,0.001973580801859498,0.9979876107222,0.0012570899759819323,0.0007552993018180131,0.0012580401728461421,0.16113051772117615,0.19999999999999996,0.0,0.0010073710000142455,0.2,0.0,1.0,64.0,1.0,0.0,0.0,1.0,1.0,0.25,,,,,,,
S5,DynaMixEMATent,,,,,,,,,,1,64,40,0.625,24.0,0.375,0.625,2,3.060236122109927e-05,0.00013049021072220057,0.00013049021072220057,9.988784586312249e-05,0.9986377036647136,0.0013231492720697474,3.914706321666017e-05,0.0013232010715057418,0.16948189120739698,0.19999999999999996,0.0,0.000553295249119401,0.2,0.0,1.0,64.0,1.0,0.0,0.0,1.0,1.0,0.125,,,,,,,
S5,DynaMixEMATent,,,,,,,,,,2,64,51,0.796875,13.0,0.203125,0.796875,2,1.5050483170853113e-06,9.08224956219783e-06,9.08224956219783e-06,7.577200904052006e-06,0.9986695427656124,0.0013277325595190208,2.724674868659349e-06,0.0013277361771684149,0.17006315517937765,0.19999999999999996,0.0,4.663677827920765e-06,0.2,0.0,1.0,64.0,1.0,0.0,0.0,1.0,1.0,0.296875,,,,,,,
S5,DynaMixEMATent,,,,,,,,,,3,64,15,0.234375,49.0,0.765625,0.765625,2,6.232561844399243e-08,7.558413699371158e-07,7.558413699371158e-07,6.93515744387696e-07,0.998671659952739,0.0013281132948500844,2.2675241098113472e-07,0.0013281135960030443,0.17011152902705362,0.19999999999999996,0.0,1.7834721802501008e-05,0.2,0.0,1.0,64.0,1.0,0.0,0.0,1.0,1.0,0.265625,,,,,,,
S5,DynaMixEMATent,,,,,,,,,,4,38,0,0.0,38.0,1.0,1.0,1,6.302433757809922e-05,0.00027201513876207173,0.00027201513876207173,0.00020899080845993012,0.998509752836433,0.0014086426219383993,8.160454162862151e-05,0.0014087575829552224,0.18044810430001235,0.19999999999999996,0.0,0.0002244575589429587,0.2,0.0,1.0,38.0,1.0,0.0,0.0,1.0,1.0,0.5,,,,,,,
S5,TEMA,,,,,,,,,,0,64,16,0.25,48.0,0.75,0.75,2,,,,,,,,,,,,,,,,,,,,,,,,,,,,,
S5,TEMA,,,,,,,,,,1,64,40,0.625,24.0,0.375,0.625,2,,,,,,,,,,,,,,,,,,,,,,,,,,,,,
S5,TEMA,,,,,,,,,,2,64,51,0.796875,13.0,0.203125,0.796875,2,,,,,,,,,,,,,,,,,,,,,,,,,,,,,
S5,TEMA,,,,,,,,,,3,64,15,0.234375,49.0,0.765625,0.765625,2,,,,,,,,,,,,,,,,,,,,,,,,,,,,,
S5,TEMA,,,,,,,,,,4,38,0,0.0,38.0,1.0,1.0,1,,,,,,,,,,,,,,,,,,,,,,,,,,,,,
S5,DUA,,,,,,,,,,0,64,16,0.25,48.0,0.75,0.75,2,,,,,,,,,,,,,,,,,,,,,,,0.099,,,,,,
S5,DUA,,,,,,,,,,1,64,40,0.625,24.0,0.375,0.625,2,,,,,,,,,,,,,,,,,,,,,,,0.09336,,,,,,
S5,DUA,,,,,,,,,,2,64,51,0.796875,13.0,0.203125,0.796875,2,,,,,,,,,,,,,,,,,,,,,,,0.0880584,,,,,,
S5,DUA,,,,,,,,,,3,64,15,0.234375,49.0,0.765625,0.765625,2,,,,,,,,,,,,,,,,,,,,,,,0.083074896,,,,,,
S5,DUA,,,,,,,,,,4,38,0,0.0,38.0,1.0,1.0,1,,,,,,,,,,,,,,,,,,,,,,,0.07839040223999999,,,,,,
S5,RoTTA,,,,,,,,,,0,64,16,0.25,48.0,0.75,0.75,2,,,,,,,,,,,,,,,,,,,,,,,,57.0,,,,,
S5,RoTTA,,,,,,,,,,1,64,40,0.625,24.0,0.375,0.625,2,,,,,,,,,,,,,,,,,,,,,,,,64.0,,,,,
S5,RoTTA,,,,,,,,,,2,64,51,0.796875,13.0,0.203125,0.796875,2,,,,,,,,,,,,,,,,,,,,,,,,64.0,,,,,
S5,RoTTA,,,,,,,,,,3,64,15,0.234375,49.0,0.765625,0.765625,2,,,,,,,,,,,,,,,,,,,,,,,,64.0,,,,,
S5,RoTTA,,,,,,,,,,4,38,0,0.0,38.0,1.0,1.0,1,,,,,,,,,,,,,,,,,,,,,,,,64.0,,,,,
S5,NOTE,,,,,,,,,,0,64,16,0.25,48.0,0.75,0.75,2,,,,,,,,,,,,,,,,,,,,,,,,,64.0,1.0,0.592078685760498,,
S5,NOTE,,,,,,,,,,1,64,40,0.625,24.0,0.375,0.625,2,,,,,,,,,,,,,,,,,,,,,,,,,64.0,1.0,0.5880761742591858,,
S5,NOTE,,,,,,,,,,2,64,51,0.796875,13.0,0.203125,0.796875,2,,,,,,,,,,,,,,,,,,,,,,,,,64.0,1.0,0.5566961765289307,,
S5,NOTE,,,,,,,,,,3,64,15,0.234375,49.0,0.765625,0.765625,2,,,,,,,,,,,,,,,,,,,,,,,,,64.0,1.0,0.5380294322967529,,
S5,NOTE,,,,,,,,,,4,38,0,0.0,38.0,1.0,1.0,1,,,,,,,,,,,,,,,,,,,,,,,,,64.0,0.0,,,
S5,DELTA,,,,,,,,,,0,64,16,0.25,48.0,0.75,0.75,2,,,,,,,,,,,,,,,,,,,,,,,,,,,,0.15860459208488464,7.0
S5,DELTA,,,,,,,,,,1,64,40,0.625,24.0,0.375,0.625,2,,,,,,,,,,,,,,,,,,,,,,,,,,,,0.056637611240148544,34.0
S5,DELTA,,,,,,,,,,2,64,51,0.796875,13.0,0.203125,0.796875,2,,,,,,,,,,,,,,,,,,,,,,,,,,,,0.09078634530305862,34.0
S5,DELTA,,,,,,,,,,3,64,15,0.234375,49.0,0.765625,0.765625,2,,,,,,,,,,,,,,,,,,,,,,,,,,,,0.17866116762161255,23.0
S5,DELTA,,,,,,,,,,4,38,0,0.0,38.0,1.0,1.0,1,,,,,,,,,,,,,,,,,,,,,,,,,,,,,0.0
S6,EMATent,0.999623715877533,0.999623715877533,0.718942403793335,1.0,0.20011288523674012,0.5,0.29988711476325985,0.0,0.0,0,64,39,0.609375,25.0,0.390625,0.609375,2,,,,,,,,,,,,,,,,,,,,,,,,,,,,,
S6,EMATent,0.9886059761047363,0.9886059761047363,0.7184974551200867,1.0,0.2034182071685791,0.5,0.2965817928314209,0.0,0.0,1,64,41,0.640625,23.0,0.359375,0.640625,2,,,,,,,,,,,,,,,,,,,,,,,,,,,,,
S6,EMATent,0.9856262803077698,0.9856262803077698,0.7419549822807312,1.0,0.20431211590766907,0.5,0.29568788409233093,0.0,0.0,2,64,55,0.859375,9.0,0.140625,0.859375,2,,,,,,,,,,,,,,,,,,,,,,,,,,,,,
S6,EMATent,0.8909315466880798,0.8909315466880798,0.7466238737106323,1.0,0.23272053599357606,0.5,0.26727946400642394,0.0,0.0,3,62,0,0.0,62.0,1.0,1.0,1,,,,,,,,,,,,,,,,,,,,,,,,,,,,,
S6,DynaMixEMATent,,,,,,,,,,0,64,39,0.609375,25.0,0.390625,0.609375,2,0.195403590798378,0.999623715877533,0.999623715877533,0.8042201399803162,0.4247198303037504,0.2753930549329898,0.29988711476325985,0.39335521562335884,63.97591781616211,0.19999999999999996,1.0,0.5402560234069824,0.2,0.0,1.0,42.0,0.65625,22.0,0.34375,0.65625,2.0,0.109375,,,,,,,
S6,DynaMixEMATent,,,,,,,,,,1,64,41,0.640625,23.0,0.359375,0.640625,2,0.2723190486431122,0.9944717884063721,0.9944717884063721,0.7221527695655823,0.25888890054133634,0.4427695629367521,0.2983415365219116,0.631032882781694,127.62211227416992,0.19999999999999996,1.0,0.6486966013908386,0.2,0.0,1.0,29.0,0.453125,35.0,0.546875,0.546875,2.0,0.140625,,,,,,,
S6,DynaMixEMATent,,,,,,,,,,2,64,55,0.859375,9.0,0.140625,0.859375,2,0.3959422707557678,0.999895453453064,0.999895453453064,0.6039531230926514,0.15666811659175361,0.5433632473723272,0.29996863603591917,0.776198432446532,191.61542129516602,0.19999999999999996,1.0,0.5951002240180969,0.2,0.0,1.0,30.0,0.46875,34.0,0.53125,0.53125,2.0,0.359375,,,,,,,
S6,DynaMixEMATent,,,,,,,,,,3,62,0,0.0,62.0,1.0,1.0,1,0.3466845154762268,0.9449041485786438,0.9449041485786438,0.598219633102417,0.10146713508773425,0.6150616203386725,0.28347124457359313,0.858390700555554,250.19947850704193,0.19999999999999996,1.0,0.6267879605293274,0.2,0.0,1.0,37.0,0.5967741935483871,25.0,0.4032258064516129,0.5967741935483871,2.0,0.5,,,,,,,
S6,TEMA,,,,,,,,,,0,64,39,0.609375,25.0,0.390625,0.609375,2,,,,,,,,,,,,,,,,,,,,,,,,,,,,,
S6,TEMA,,,,,,,,,,1,64,41,0.640625,23.0,0.359375,0.640625,2,,,,,,,,,,,,,,,,,,,,,,,,,,,,,
S6,TEMA,,,,,,,,,,2,64,55,0.859375,9.0,0.140625,0.859375,2,,,,,,,,,,,,,,,,,,,,,,,,,,,,,
S6,TEMA,,,,,,,,,,3,62,0,0.0,62.0,1.0,1.0,1,,,,,,,,,,,,,,,,,,,,,,,,,,,,,
S6,DUA,,,,,,,,,,0,64,39,0.609375,25.0,0.390625,0.609375,2,,,,,,,,,,,,,,,,,,,,,,,0.099,,,,,,
S6,DUA,,,,,,,,,,1,64,41,0.640625,23.0,0.359375,0.640625,2,,,,,,,,,,,,,,,,,,,,,,,0.09336,,,,,,
S6,DUA,,,,,,,,,,2,64,55,0.859375,9.0,0.140625,0.859375,2,,,,,,,,,,,,,,,,,,,,,,,0.0880584,,,,,,
S6,DUA,,,,,,,,,,3,62,0,0.0,62.0,1.0,1.0,1,,,,,,,,,,,,,,,,,,,,,,,0.083074896,,,,,,
S6,RoTTA,,,,,,,,,,0,64,39,0.609375,25.0,0.390625,0.609375,2,,,,,,,,,,,,,,,,,,,,,,,,61.0,,,,,
S6,RoTTA,,,,,,,,,,1,64,41,0.640625,23.0,0.359375,0.640625,2,,,,,,,,,,,,,,,,,,,,,,,,64.0,,,,,
S6,RoTTA,,,,,,,,,,2,64,55,0.859375,9.0,0.140625,0.859375,2,,,,,,,,,,,,,,,,,,,,,,,,64.0,,,,,
S6,RoTTA,,,,,,,,,,3,62,0,0.0,62.0,1.0,1.0,1,,,,,,,,,,,,,,,,,,,,,,,,64.0,,,,,
S6,NOTE,,,,,,,,,,0,64,39,0.609375,25.0,0.390625,0.609375,2,,,,,,,,,,,,,,,,,,,,,,,,,64.0,1.0,0.619271993637085,,
S6,NOTE,,,,,,,,,,1,64,41,0.640625,23.0,0.359375,0.640625,2,,,,,,,,,,,,,,,,,,,,,,,,,64.0,1.0,0.6134909391403198,,
S6,NOTE,,,,,,,,,,2,64,55,0.859375,9.0,0.140625,0.859375,2,,,,,,,,,,,,,,,,,,,,,,,,,64.0,1.0,0.6092245578765869,,
S6,NOTE,,,,,,,,,,3,62,0,0.0,62.0,1.0,1.0,1,,,,,,,,,,,,,,,,,,,,,,,,,64.0,0.0,,,
S6,DELTA,,,,,,,,,,0,64,39,0.609375,25.0,0.390625,0.609375,2,,,,,,,,,,,,,,,,,,,,,,,,,,,,0.24824607372283936,1.0
S6,DELTA,,,,,,,,,,1,64,41,0.640625,23.0,0.359375,0.640625,2,,,,,,,,,,,,,,,,,,,,,,,,,,,,0.12263807654380798,21.0
S6,DELTA,,,,,,,,,,2,64,55,0.859375,9.0,0.140625,0.859375,2,,,,,,,,,,,,,,,,,,,,,,,,,,,,0.12086209654808044,30.0
S6,DELTA,,,,,,,,,,3,62,0,0.0,62.0,1.0,1.0,1,,,,,,,,,,,,,,,,,,,,,,,,,,,,0.16012102365493774,7.0
S7,EMATent,2.9378385079326108e-05,2.9378385079326108e-05,0.9999985694885254,0.0,0.4999911864844762,0.5,8.813515523797831e-06,0.0,0.0,0,64,21,0.328125,43.0,0.671875,0.671875,2,,,,,,,,,,,,,,,,,,,,,,,,,,,,,
S7,EMATent,0.020491987466812134,0.020491987466812134,0.9980359077453613,0.0,0.49385240375995637,0.5,0.00614759624004364,0.0,0.0,1,64,35,0.546875,29.0,0.453125,0.546875,2,,,,,,,,,,,,,,,,,,,,,,,,,,,,,
S7,EMATent,0.7046276926994324,0.7046276926994324,0.9032357931137085,1.0,0.2886116921901703,0.5,0.2113883078098297,0.0,0.0,2,64,46,0.71875,18.0,0.28125,0.71875,2,,,,,,,,,,,,,,,,,,,,,,,,,,,,,
S7,EMATent,0.9995492100715637,0.9995492100715637,0.8676028251647949,1.0,0.2001352369785309,0.5,0.2998647630214691,0.0,0.0,3,38,25,0.6578947368421053,13.0,0.34210526315789475,0.6578947368421053,2,,,,,,,,,,,,,,,,,,,,,,,,,,,,,
S7,DynaMixEMATent,,,,,,,,,,0,64,21,0.328125,43.0,0.671875,0.671875,2,6.457812560256571e-06,2.937839053629432e-05,2.937839053629432e-05,2.2920577976037748e-05,0.9999764975249192,1.4688957919923063e-05,8.813517160888295e-06,1.4689087382446786e-05,0.0018802169943228364,0.19999999999999996,0.0,7.289931431841978e-07,0.2,0.0,1.0,64.0,1.0,0.0,0.0,1.0,1.0,0.171875,,,,,,,
S7,DynaMixEMATent,,,,,,,,,,1,64,35,0.546875,29.0,0.453125,0.546875,2,5.123632185188853e-09,4.541887932418831e-08,4.541887932418831e-08,4.02952444744642e-08,0.9999852745780484,1.4711796287806824e-05,1.3625663797256493e-08,1.4711796488264817e-05,0.0018831238025995845,0.19999999999999996,0.0,1.3543223758460954e-05,0.2,0.0,1.0,64.0,1.0,0.0,0.0,1.0,1.0,0.046875,,,,,,,
S7,DynaMixEMATent,,,,,,,,,,2,64,46,0.71875,18.0,0.28125,0.71875,2,0.00022797807469032705,0.0007525981054641306,0.0007525981054641306,0.0005246200016699731,0.999383374310717,0.00039084625764374453,0.00022577943163923917,0.0003909345226180694,0.050049402552303945,0.19999999999999996,0.0,0.00044796636211685836,0.2,0.0,1.0,64.0,1.0,0.0,0.0,1.0,1.0,0.21875,,,,,,,
S7,DynaMixEMATent,,,,,,,,,,3,38,25,0.6578947368421053,13.0,0.34210526315789475,0.6578947368421053,2,0.4712081551551819,0.6368775367736816,0.6368775367736816,0.16566936671733856,0.6693162626004163,0.13962047636747918,0.1910632610321045,0.172597521711794,24.251395799952206,0.19999999999999996,1.0,0.49713781476020813,0.2,0.0,1.0,17.0,0.4473684210526316,21.0,0.5526315789473685,0.5526315789473685,2.0,0.1578947368421053,,,,,,,
S7,TEMA,,,,,,,,,,0,64,21,0.328125,43.0,0.671875,0.671875,2,,,,,,,,,,,,,,,,,,,,,,,,,,,,,
S7,TEMA,,,,,,,,,,1,64,35,0.546875,29.0,0.453125,0.546875,2,,,,,,,,,,,,,,,,,,,,,,,,,,,,,
S7,TEMA,,,,,,,,,,2,64,46,0.71875,18.0,0.28125,0.71875,2,,,,,,,,,,,,,,,,,,,,,,,,,,,,,
S7,TEMA,,,,,,,,,,3,38,25,0.6578947368421053,13.0,0.34210526315789475,0.6578947368421053,2,,,,,,,,,,,,,,,,,,,,,,,,,,,,,
S7,DUA,,,,,,,,,,0,64,21,0.328125,43.0,0.671875,0.671875,2,,,,,,,,,,,,,,,,,,,,,,,0.099,,,,,,
S7,DUA,,,,,,,,,,1,64,35,0.546875,29.0,0.453125,0.546875,2,,,,,,,,,,,,,,,,,,,,,,,0.09336,,,,,,
S7,DUA,,,,,,,,,,2,64,46,0.71875,18.0,0.28125,0.71875,2,,,,,,,,,,,,,,,,,,,,,,,0.0880584,,,,,,
S7,DUA,,,,,,,,,,3,38,25,0.6578947368421053,13.0,0.34210526315789475,0.6578947368421053,2,,,,,,,,,,,,,,,,,,,,,,,0.083074896,,,,,,
S7,RoTTA,,,,,,,,,,0,64,21,0.328125,43.0,0.671875,0.671875,2,,,,,,,,,,,,,,,,,,,,,,,,51.0,,,,,
S7,RoTTA,,,,,,,,,,1,64,35,0.546875,29.0,0.453125,0.546875,2,,,,,,,,,,,,,,,,,,,,,,,,64.0,,,,,
S7,RoTTA,,,,,,,,,,2,64,46,0.71875,18.0,0.28125,0.71875,2,,,,,,,,,,,,,,,,,,,,,,,,64.0,,,,,
S7,RoTTA,,,,,,,,,,3,38,25,0.6578947368421053,13.0,0.34210526315789475,0.6578947368421053,2,,,,,,,,,,,,,,,,,,,,,,,,64.0,,,,,
S7,NOTE,,,,,,,,,,0,64,21,0.328125,43.0,0.671875,0.671875,2,,,,,,,,,,,,,,,,,,,,,,,,,64.0,1.0,0.46432608366012573,,
S7,NOTE,,,,,,,,,,1,64,35,0.546875,29.0,0.453125,0.546875,2,,,,,,,,,,,,,,,,,,,,,,,,,64.0,1.0,0.5104862451553345,,
S7,NOTE,,,,,,,,,,2,64,46,0.71875,18.0,0.28125,0.71875,2,,,,,,,,,,,,,,,,,,,,,,,,,64.0,1.0,0.4689083695411682,,
S7,NOTE,,,,,,,,,,3,38,25,0.6578947368421053,13.0,0.34210526315789475,0.6578947368421053,2,,,,,,,,,,,,,,,,,,,,,,,,,64.0,0.0,,,
S7,DELTA,,,,,,,,,,0,64,21,0.328125,43.0,0.671875,0.671875,2,,,,,,,,,,,,,,,,,,,,,,,,,,,,0.17352162301540375,19.0
S7,DELTA,,,,,,,,,,1,64,35,0.546875,29.0,0.453125,0.546875,2,,,,,,,,,,,,,,,,,,,,,,,,,,,,0.12049970775842667,41.0
S7,DELTA,,,,,,,,,,2,64,46,0.71875,18.0,0.28125,0.71875,2,,,,,,,,,,,,,,,,,,,,,,,,,,,,0.10248629003763199,61.0
S7,DELTA,,,,,,,,,,3,38,25,0.6578947368421053,13.0,0.34210526315789475,0.6578947368421053,2,,,,,,,,,,,,,,,,,,,,,,,,,,,,0.0720343366265297,27.0
S8,EMATent,0.9712284803390503,0.9712284803390503,0.7283135652542114,1.0,0.2086314558982849,0.5,0.2913685441017151,0.0,0.0,0,64,16,0.25,48.0,0.75,0.75,2,,,,,,,,,,,,,,,,,,,,,,,,,,,,,
S8,EMATent,0.9659959077835083,0.9659959077835083,0.7447531223297119,1.0,0.21020122766494753,0.5,0.28979877233505247,0.0,0.0,1,64,21,0.328125,43.0,0.671875,0.671875,2,,,,,,,,,,,,,,,,,,,,,,,,,,,,,
S8,EMATent,0.44880324602127075,0.44880324602127075,0.911449134349823,1.0,0.3653590261936188,0.5,0.1346409738063812,0.0,0.0,2,64,25,0.390625,39.0,0.609375,0.609375,2,,,,,,,,,,,,,,,,,,,,,,,,,,,,,
S8,EMATent,0.9581889510154724,0.9581889510154724,0.7544214725494385,1.0,0.21254331469535828,0.5,0.2874566853046417,0.0,0.0,3,64,20,0.3125,44.0,0.6875,0.6875,2,,,,,,,,,,,,,,,,,,,,,,,,,,,,,
S8,EMATent,0.25882142782211304,0.25882142782211304,0.956341564655304,1.0,0.42235357165336607,0.5,0.0776464283466339,0.0,0.0,4,16,16,1.0,,,1.0,1,,,,,,,,,,,,,,,,,,,,,,,,,,,,,
S8,DynaMixEMATent,,,,,,,,,,0,64,16,0.25,48.0,0.75,0.75,2,0.17673160135746002,0.9712284803390503,0.9712284803390503,0.7944968938827515,0.4360344887644853,0.2725969671337996,0.2913685441017151,0.3846808730615078,62.15862274169922,0.19999999999999996,1.0,0.6155946254730225,0.2,0.0,1.0,34.0,0.53125,30.0,0.46875,0.53125,2.0,0.25,,,,,,,
S8,DynaMixEMATent,,,,,,,,,,1,64,21,0.328125,43.0,0.671875,0.671875,2,0.22583790123462677,0.984363317489624,0.984363317489624,0.7585254311561584,0.2650619352730583,0.4396290694800544,0.2953089952468872,0.6238607652357897,125.15787506103516,0.19999999999999996,1.0,0.5887177586555481,0.2,0.0,1.0,39.0,0.609375,25.0,0.390625,0.609375,2.0,0.171875,,,,,,,
S8,DynaMixEMATent,,,,,,,,,,2,64,25,0.390625,39.0,0.609375,0.609375,2,0.19500799477100372,0.5477360486984253,0.5477360486984253,0.35272806882858276,0.23902803985945018,0.5966511455310222,0.16432081460952758,0.7139715287419012,160.21298217773438,0.19999999999999996,1.0,0.4302339553833008,0.2,0.0,1.0,56.0,0.875,8.0,0.125,0.875,2.0,0.109375,,,,,,,
S8,DynaMixEMATent,,,,,,,,,,3,64,20,0.3125,44.0,0.6875,0.6875,2,0.14502497017383575,0.8491941094398499,0.8491941094398499,0.7041690945625305,0.1394139698503198,0.6058277973177253,0.2547582328319549,0.8129278631549334,214.56140518188477,0.19999999999999996,1.0,0.5007777214050293,0.2,0.0,1.0,39.0,0.609375,25.0,0.390625,0.609375,2.0,0.1875,,,,,,,
S8,DynaMixEMATent,,,,,,,,,,4,16,16,1.0,,,1.0,1,0.014044791460037231,0.16141848266124725,0.16141848266124725,0.14737369120121002,0.17445723599923268,0.7771172192023932,0.04842554479837417,0.8166646497858462,217.14410090446472,0.19999999999999996,0.0,0.33409416675567627,0.2,0.0,1.0,16.0,1.0,0.0,0.0,1.0,1.0,0.0,,,,,,,
S8,TEMA,,,,,,,,,,0,64,16,0.25,48.0,0.75,0.75,2,,,,,,,,,,,,,,,,,,,,,,,,,,,,,
S8,TEMA,,,,,,,,,,1,64,21,0.328125,43.0,0.671875,0.671875,2,,,,,,,,,,,,,,,,,,,,,,,,,,,,,
S8,TEMA,,,,,,,,,,2,64,25,0.390625,39.0,0.609375,0.609375,2,,,,,,,,,,,,,,,,,,,,,,,,,,,,,
S8,TEMA,,,,,,,,,,3,64,20,0.3125,44.0,0.6875,0.6875,2,,,,,,,,,,,,,,,,,,,,,,,,,,,,,
S8,TEMA,,,,,,,,,,4,16,16,1.0,0.0,0.0,1.0,1,,,,,,,,,,,,,,,,,,,,,,,,,,,,,
S8,DUA,,,,,,,,,,0,64,16,0.25,48.0,0.75,0.75,2,,,,,,,,,,,,,,,,,,,,,,,0.099,,,,,,
S8,DUA,,,,,,,,,,1,64,21,0.328125,43.0,0.671875,0.671875,2,,,,,,,,,,,,,,,,,,,,,,,0.09336,,,,,,
S8,DUA,,,,,,,,,,2,64,25,0.390625,39.0,0.609375,0.609375,2,,,,,,,,,,,,,,,,,,,,,,,0.0880584,,,,,,
S8,DUA,,,,,,,,,,3,64,20,0.3125,44.0,0.6875,0.6875,2,,,,,,,,,,,,,,,,,,,,,,,0.083074896,,,,,,
S8,DUA,,,,,,,,,,4,16,16,1.0,0.0,0.0,1.0,1,,,,,,,,,,,,,,,,,,,,,,,0.07839040223999999,,,,,,
S8,RoTTA,,,,,,,,,,0,64,16,0.25,48.0,0.75,0.75,2,,,,,,,,,,,,,,,,,,,,,,,,55.0,,,,,
S8,RoTTA,,,,,,,,,,1,64,21,0.328125,43.0,0.671875,0.671875,2,,,,,,,,,,,,,,,,,,,,,,,,64.0,,,,,
S8,RoTTA,,,,,,,,,,2,64,25,0.390625,39.0,0.609375,0.609375,2,,,,,,,,,,,,,,,,,,,,,,,,64.0,,,,,
S8,RoTTA,,,,,,,,,,3,64,20,0.3125,44.0,0.6875,0.6875,2,,,,,,,,,,,,,,,,,,,,,,,,64.0,,,,,
S8,RoTTA,,,,,,,,,,4,16,16,1.0,0.0,0.0,1.0,1,,,,,,,,,,,,,,,,,,,,,,,,64.0,,,,,
S8,NOTE,,,,,,,,,,0,64,16,0.25,48.0,0.75,0.75,2,,,,,,,,,,,,,,,,,,,,,,,,,64.0,1.0,0.6326662302017212,,
S8,NOTE,,,,,,,,,,1,64,21,0.328125,43.0,0.671875,0.671875,2,,,,,,,,,,,,,,,,,,,,,,,,,64.0,1.0,0.5681681632995605,,
S8,NOTE,,,,,,,,,,2,64,25,0.390625,39.0,0.609375,0.609375,2,,,,,,,,,,,,,,,,,,,,,,,,,64.0,1.0,0.5148058533668518,,
S8,NOTE,,,,,,,,,,3,64,20,0.3125,44.0,0.6875,0.6875,2,,,,,,,,,,,,,,,,,,,,,,,,,64.0,1.0,0.589521586894989,,
S8,NOTE,,,,,,,,,,4,16,16,1.0,0.0,0.0,1.0,1,,,,,,,,,,,,,,,,,,,,,,,,,64.0,0.0,,,
S8,DELTA,,,,,,,,,,0,64,16,0.25,48.0,0.75,0.75,2,,,,,,,,,,,,,,,,,,,,,,,,,,,,,0.0
S8,DELTA,,,,,,,,,,1,64,21,0.328125,43.0,0.671875,0.671875,2,,,,,,,,,,,,,,,,,,,,,,,,,,,,0.12156519293785095,38.0
S8,DELTA,,,,,,,,,,2,64,25,0.390625,39.0,0.609375,0.609375,2,,,,,,,,,,,,,,,,,,,,,,,,,,,,0.049021217972040176,52.0
S8,DELTA,,,,,,,,,,3,64,20,0.3125,44.0,0.6875,0.6875,2,,,,,,,,,,,,,,,,,,,,,,,,,,,,0.14557747542858124,30.0
S8,DELTA,,,,,,,,,,4,16,16,1.0,0.0,0.0,1.0,1,,,,,,,,,,,,,,,,,,,,,,,,,,,,0.08605929464101791,9.0
S9,EMATent,0.8293210864067078,0.8293210864067078,0.8046149015426636,1.0,0.25120367407798766,0.5,0.2487963259220123,0.0,0.0,0,64,10,0.15625,54.0,0.84375,0.84375,2,,,,,,,,,,,,,,,,,,,,,,,,,,,,,
S9,EMATent,0.8087682127952576,0.8087682127952576,0.7610810995101929,1.0,0.2573695361614227,0.5,0.24263046383857725,0.0,0.0,1,64,33,0.515625,31.0,0.484375,0.515625,2,,,,,,,,,,,,,,,,,,,,,,,,,,,,,
S9,EMATent,0.9968693852424622,0.9968693852424622,0.7492096424102783,1.0,0.20093918442726136,0.5,0.2990608155727386,0.0,0.0,2,64,24,0.375,40.0,0.625,0.625,2,,,,,,,,,,,,,,,,,,,,,,,,,,,,,
S9,EMATent,0.957611083984375,0.957611083984375,0.798856258392334,1.0,0.2127166748046875,0.5,0.28728332519531247,0.0,0.0,3,64,36,0.5625,28.0,0.4375,0.5625,2,,,,,,,,,,,,,,,,,,,,,,,,,,,,,
S9,EMATent,0.4486854076385498,0.4486854076385498,0.9063047170639038,1.0,0.3653943777084351,0.5,0.13460562229156495,0.0,0.0,4,2,2,1.0,,,1.0,1,,,,,,,,,,,,,,,,,,,,,,,,,,,,,
S9,DynaMixEMATent,,,,,,,,,,0,64,10,0.15625,54.0,0.84375,0.84375,2,0.21610109508037567,0.8293210864067078,0.8293210864067078,0.6132199764251709,0.49621846114991214,0.2549852129280756,0.2487963259220123,0.3394355242485193,53.0765495300293,0.19999999999999996,1.0,0.5406079292297363,0.2,0.0,1.0,48.0,0.75,16.0,0.25,0.75,2.0,0.34375,,,,,,,
S9,DynaMixEMATent,,,,,,,,,,1,64,33,0.515625,31.0,0.484375,0.515625,2,0.1435331106185913,0.9121383428573608,0.9121383428573608,0.7686052322387695,0.3040870399443465,0.4222714571984453,0.27364150285720823,0.5813540543127049,111.45340347290039,0.19999999999999996,1.0,0.5491676926612854,0.2,0.0,1.0,62.0,0.96875,2.0,0.03125,0.96875,2.0,0.015625,,,,,,,
S9,DynaMixEMATent,,,,,,,,,,2,64,24,0.375,40.0,0.625,0.625,2,0.33982348442077637,0.9869754314422607,0.9869754314422607,0.6471519470214844,0.17990507330421449,0.5240022972631073,0.2960926294326782,0.7444193926265923,174.61983108520508,0.19999999999999996,1.0,0.5405354499816895,0.2,0.0,1.0,58.0,0.90625,6.0,0.09375,0.90625,2.0,0.125,,,,,,,
S9,DynaMixEMATent,,,,,,,,,,3,64,36,0.5625,28.0,0.4375,0.5625,2,0.31885677576065063,0.8841674327850342,0.8841674327850342,0.5653106570243835,0.12069043099872556,0.6140593391657643,0.2652502298355102,0.8357394096609158,231.20654678344727,0.19999999999999996,1.0,0.5002725720405579,0.2,0.0,1.0,46.0,0.71875,18.0,0.28125,0.71875,2.0,0.0625,,,,,,,
S9,DynaMixEMATent,,,,,,,,,,4,2,2,1.0,,,1.0,1,0.021797597408294678,0.43948978185653687,0.43948978185653687,0.4176921844482422,0.1416274285857528,0.7265256368572861,0.13184693455696106,0.8368635276159775,232.08552634716034,0.19999999999999996,1.0,0.3258827030658722,0.2,0.0,1.0,2.0,1.0,0.0,0.0,1.0,1.0,0.0,,,,,,,
S9,TEMA,,,,,,,,,,0,64,10,0.15625,54.0,0.84375,0.84375,2,,,,,,,,,,,,,,,,,,,,,,,,,,,,,
S9,TEMA,,,,,,,,,,1,64,33,0.515625,31.0,0.484375,0.515625,2,,,,,,,,,,,,,,,,,,,,,,,,,,,,,
S9,TEMA,,,,,,,,,,2,64,24,0.375,40.0,0.625,0.625,2,,,,,,,,,,,,,,,,,,,,,,,,,,,,,
S9,TEMA,,,,,,,,,,3,64,36,0.5625,28.0,0.4375,0.5625,2,,,,,,,,,,,,,,,,,,,,,,,,,,,,,
S9,TEMA,,,,,,,,,,4,2,2,1.0,0.0,0.0,1.0,1,,,,,,,,,,,,,,,,,,,,,,,,,,,,,
S9,DUA,,,,,,,,,,0,64,10,0.15625,54.0,0.84375,0.84375,2,,,,,,,,,,,,,,,,,,,,,,,0.099,,,,,,
S9,DUA,,,,,,,,,,1,64,33,0.515625,31.0,0.484375,0.515625,2,,,,,,,,,,,,,,,,,,,,,,,0.09336,,,,,,
S9,DUA,,,,,,,,,,2,64,24,0.375,40.0,0.625,0.625,2,,,,,,,,,,,,,,,,,,,,,,,0.0880584,,,,,,
S9,DUA,,,,,,,,,,3,64,36,0.5625,28.0,0.4375,0.5625,2,,,,,,,,,,,,,,,,,,,,,,,0.083074896,,,,,,
S9,DUA,,,,,,,,,,4,2,2,1.0,0.0,0.0,1.0,1,,,,,,,,,,,,,,,,,,,,,,,0.07839040223999999,,,,,,
S9,RoTTA,,,,,,,,,,0,64,10,0.15625,54.0,0.84375,0.84375,2,,,,,,,,,,,,,,,,,,,,,,,,52.0,,,,,
S9,RoTTA,,,,,,,,,,1,64,33,0.515625,31.0,0.484375,0.515625,2,,,,,,,,,,,,,,,,,,,,,,,,64.0,,,,,
S9,RoTTA,,,,,,,,,,2,64,24,0.375,40.0,0.625,0.625,2,,,,,,,,,,,,,,,,,,,,,,,,64.0,,,,,
S9,RoTTA,,,,,,,,,,3,64,36,0.5625,28.0,0.4375,0.5625,2,,,,,,,,,,,,,,,,,,,,,,,,64.0,,,,,
S9,RoTTA,,,,,,,,,,4,2,2,1.0,0.0,0.0,1.0,1,,,,,,,,,,,,,,,,,,,,,,,,64.0,,,,,
S9,NOTE,,,,,,,,,,0,64,10,0.15625,54.0,0.84375,0.84375,2,,,,,,,,,,,,,,,,,,,,,,,,,64.0,1.0,0.49652761220932007,,
S9,NOTE,,,,,,,,,,1,64,33,0.515625,31.0,0.484375,0.515625,2,,,,,,,,,,,,,,,,,,,,,,,,,64.0,1.0,0.5439105033874512,,
S9,NOTE,,,,,,,,,,2,64,24,0.375,40.0,0.625,0.625,2,,,,,,,,,,,,,,,,,,,,,,,,,64.0,1.0,0.5709865093231201,,
S9,NOTE,,,,,,,,,,3,64,36,0.5625,28.0,0.4375,0.5625,2,,,,,,,,,,,,,,,,,,,,,,,,,64.0,1.0,0.5402543544769287,,
S9,NOTE,,,,,,,,,,4,2,2,1.0,0.0,0.0,1.0,1,,,,,,,,,,,,,,,,,,,,,,,,,64.0,0.0,,,
S9,DELTA,,,,,,,,,,0,64,10,0.15625,54.0,0.84375,0.84375,2,,,,,,,,,,,,,,,,,,,,,,,,,,,,0.21106380224227905,13.0
S9,DELTA,,,,,,,,,,1,64,33,0.515625,31.0,0.484375,0.515625,2,,,,,,,,,,,,,,,,,,,,,,,,,,,,,0.0
S9,DELTA,,,,,,,,,,2,64,24,0.375,40.0,0.625,0.625,2,,,,,,,,,,,,,,,,,,,,,,,,,,,,0.16417133808135986,18.0
S9,DELTA,,,,,,,,,,3,64,36,0.5625,28.0,0.4375,0.5625,2,,,,,,,,,,,,,,,,,,,,,,,,,,,,0.18923181295394897,34.0
S9,DELTA,,,,,,,,,,4,2,2,1.0,0.0,0.0,1.0,1,,,,,,,,,,,,,,,,,,,,,,,,,,,,0.1938689649105072,2.0
S10,EMATent,0.6027693748474121,0.6027693748474121,0.9306908249855042,1.0,0.3191691875457764,0.5,0.18083081245422364,0.0,0.0,0,64,35,0.546875,29.0,0.453125,0.546875,2,,,,,,,,,,,,,,,,,,,,,,,,,,,,,
S10,EMATent,0.6778963208198547,0.6778963208198547,0.8450814485549927,1.0,0.29663110375404356,0.5,0.20336889624595642,0.0,0.0,1,64,48,0.75,16.0,0.25,0.75,2,,,,,,,,,,,,,,,,,,,,,,,,,,,,,
S10,EMATent,0.6563831567764282,0.6563831567764282,0.8686989545822144,1.0,0.30308505296707156,0.5,0.19691494703292847,0.0,0.0,2,64,23,0.359375,41.0,0.640625,0.640625,2,,,,,,,,,,,,,,,,,,,,,,,,,,,,,
S10,EMATent,0.41782376170158386,0.41782376170158386,0.9375728368759155,1.0,0.37465287148952486,0.5,0.12534712851047516,0.0,0.0,3,64,21,0.328125,43.0,0.671875,0.671875,2,,,,,,,,,,,,,,,,,,,,,,,,,,,,,
S10,EMATent,0.8300172686576843,0.8300172686576843,0.8244794607162476,1.0,0.2509948194026947,0.5,0.24900518059730528,0.0,0.0,4,28,28,1.0,,,1.0,1,,,,,,,,,,,,,,,,,,,,,,,,,,,,,
S10,DynaMixEMATent,,,,,,,,,,0,64,35,0.546875,29.0,0.453125,0.546875,2,0.36878669261932373,0.6027693748474121,0.6027693748474121,0.23398269712924957,0.6060157363430768,0.21315345120269955,0.18083081245422364,0.26020687111206586,38.577239990234375,0.19999999999999996,1.0,0.28376302123069763,0.2,0.0,1.0,51.0,0.796875,13.0,0.203125,0.796875,2.0,0.046875,,,,,,,
S10,DynaMixEMATent,,,,,,,,,,1,64,48,0.75,16.0,0.25,0.75,2,0.21127350628376007,0.5291217565536499,0.5291217565536499,0.31784823536872864,0.4776887312987057,0.3635747417351993,0.15873652696609497,0.4321770210990087,72.44103240966797,0.19999999999999996,1.0,0.4475793242454529,0.2,0.0,1.0,53.0,0.828125,11.0,0.171875,0.828125,2.0,0.25,,,,,,,
S10,DynaMixEMATent,,,,,,,,,,2,64,23,0.359375,41.0,0.640625,0.640625,2,0.09711585193872452,0.2843199670314789,0.2843199670314789,0.18720410764217377,0.45056167777060213,0.4641423321199542,0.08529599010944366,0.5074235240047635,90.63751029968262,0.19999999999999996,1.0,0.37605762481689453,0.2,0.0,1.0,42.0,0.65625,22.0,0.34375,0.65625,2.0,0.140625,,,,,,,
S10,DynaMixEMATent,,,,,,,,,,3,64,21,0.328125,43.0,0.671875,0.671875,2,0.18209628760814667,0.2913155257701874,0.2913155257701874,0.10921923816204071,0.3885959870772435,0.5240093551917002,0.08739465773105622,0.5741905409943078,109.28170394897461,0.19999999999999996,1.0,0.29143255949020386,0.2,0.0,1.0,57.0,0.890625,7.0,0.109375,0.890625,2.0,0.171875,,,,,,,
S10,DynaMixEMATent,,,,,,,,,,4,28,28,1.0,,,1.0,1,0.20654600858688354,0.3567778766155243,0.3567778766155243,0.15023188292980194,0.3516867086368227,0.54127992837852,0.10703336298465728,0.6061591843875572,119.27148449420929,0.19999999999999996,1.0,0.5894597172737122,0.2,0.0,1.0,11.0,0.39285714285714285,17.0,0.6071428571428571,0.6071428571428571,2.0,0.0,,,,,,,
S10,TEMA,,,,,,,,,,0,64,35,0.546875,29.0,0.453125,0.546875,2,,,,,,,,,,,,,,,,,,,,,,,,,,,,,
S10,TEMA,,,,,,,,,,1,64,48,0.75,16.0,0.25,0.75,2,,,,,,,,,,,,,,,,,,,,,,,,,,,,,
S10,TEMA,,,,,,,,,,2,64,23,0.359375,41.0,0.640625,0.640625,2,,,,,,,,,,,,,,,,,,,,,,,,,,,,,
S10,TEMA,,,,,,,,,,3,64,21,0.328125,43.0,0.671875,0.671875,2,,,,,,,,,,,,,,,,,,,,,,,,,,,,,
S10,TEMA,,,,,,,,,,4,28,28,1.0,0.0,0.0,1.0,1,,,,,,,,,,,,,,,,,,,,,,,,,,,,,
S10,DUA,,,,,,,,,,0,64,35,0.546875,29.0,0.453125,0.546875,2,,,,,,,,,,,,,,,,,,,,,,,0.099,,,,,,
S10,DUA,,,,,,,,,,1,64,48,0.75,16.0,0.25,0.75,2,,,,,,,,,,,,,,,,,,,,,,,0.09336,,,,,,
S10,DUA,,,,,,,,,,2,64,23,0.359375,41.0,0.640625,0.640625,2,,,,,,,,,,,,,,,,,,,,,,,0.0880584,,,,,,
S10,DUA,,,,,,,,,,3,64,21,0.328125,43.0,0.671875,0.671875,2,,,,,,,,,,,,,,,,,,,,,,,0.083074896,,,,,,
S10,DUA,,,,,,,,,,4,28,28,1.0,0.0,0.0,1.0,1,,,,,,,,,,,,,,,,,,,,,,,0.07839040223999999,,,,,,
S10,RoTTA,,,,,,,,,,0,64,35,0.546875,29.0,0.453125,0.546875,2,,,,,,,,,,,,,,,,,,,,,,,,60.0,,,,,
S10,RoTTA,,,,,,,,,,1,64,48,0.75,16.0,0.25,0.75,2,,,,,,,,,,,,,,,,,,,,,,,,64.0,,,,,
S10,RoTTA,,,,,,,,,,2,64,23,0.359375,41.0,0.640625,0.640625,2,,,,,,,,,,,,,,,,,,,,,,,,64.0,,,,,
S10,RoTTA,,,,,,,,,,3,64,21,0.328125,43.0,0.671875,0.671875,2,,,,,,,,,,,,,,,,,,,,,,,,64.0,,,,,
S10,RoTTA,,,,,,,,,,4,28,28,1.0,0.0,0.0,1.0,1,,,,,,,,,,,,,,,,,,,,,,,,64.0,,,,,
S10,NOTE,,,,,,,,,,0,64,35,0.546875,29.0,0.453125,0.546875,2,,,,,,,,,,,,,,,,,,,,,,,,,64.0,1.0,0.6166101694107056,,
S10,NOTE,,,,,,,,,,1,64,48,0.75,16.0,0.25,0.75,2,,,,,,,,,,,,,,,,,,,,,,,,,64.0,1.0,0.6168173551559448,,
S10,NOTE,,,,,,,,,,2,64,23,0.359375,41.0,0.640625,0.640625,2,,,,,,,,,,,,,,,,,,,,,,,,,64.0,1.0,0.548378586769104,,
S10,NOTE,,,,,,,,,,3,64,21,0.328125,43.0,0.671875,0.671875,2,,,,,,,,,,,,,,,,,,,,,,,,,64.0,1.0,0.5475051403045654,,
S10,NOTE,,,,,,,,,,4,28,28,1.0,0.0,0.0,1.0,1,,,,,,,,,,,,,,,,,,,,,,,,,64.0,0.0,,,
S10,DELTA,,,,,,,,,,0,64,35,0.546875,29.0,0.453125,0.546875,2,,,,,,,,,,,,,,,,,,,,,,,,,,,,0.2741515636444092,7.0
S10,DELTA,,,,,,,,,,1,64,48,0.75,16.0,0.25,0.75,2,,,,,,,,,,,,,,,,,,,,,,,,,,,,0.22743399441242218,11.0
S10,DELTA,,,,,,,,,,2,64,23,0.359375,41.0,0.640625,0.640625,2,,,,,,,,,,,,,,,,,,,,,,,,,,,,0.15778842568397522,10.0
S10,DELTA,,,,,,,,,,3,64,21,0.328125,43.0,0.671875,0.671875,2,,,,,,,,,,,,,,,,,,,,,,,,,,,,0.06701377779245377,29.0
S10,DELTA,,,,,,,,,,4,28,28,1.0,0.0,0.0,1.0,1,,,,,,,,,,,,,,,,,,,,,,,,,,,,0.14594942331314087,2.0
S11,EMATent,0.9369539022445679,0.9369539022445679,0.7405703067779541,1.0,0.21891382932662964,0.5,0.28108617067337033,0.0,0.0,0,64,47,0.734375,17.0,0.265625,0.734375,2,,,,,,,,,,,,,,,,,,,,,,,,,,,,,
S11,EMATent,0.9258702993392944,0.9258702993392944,0.7383166551589966,1.0,0.22223891019821168,0.5,0.2777610898017883,0.0,0.0,1,64,34,0.53125,30.0,0.46875,0.53125,2,,,,,,,,,,,,,,,,,,,,,,,,,,,,,
S11,EMATent,0.9484272003173828,0.9484272003173828,0.8069217205047607,1.0,0.21547183990478516,0.5,0.2845281600952148,0.0,0.0,2,64,42,0.65625,22.0,0.34375,0.65625,2,,,,,,,,,,,,,,,,,,,,,,,,,,,,,
S11,EMATent,0.5314860939979553,0.5314860939979553,0.8792593479156494,1.0,0.3405541718006134,0.5,0.1594458281993866,0.0,0.0,3,64,32,0.5,32.0,0.5,0.5,2,,,,,,,,,,,,,,,,,,,,,,,,,,,,,
S11,EMATent,0.4199686348438263,0.4199686348438263,0.9148797392845154,1.0,0.37400940954685213,0.5,0.1259905904531479,0.0,0.0,4,44,21,0.4772727272727273,23.0,0.5227272727272727,0.5227272727272727,2,,,,,,,,,,,,,,,,,,,,,,,,,,,,,
S11,DynaMixEMATent,,,,,,,,,,0,64,47,0.734375,17.0,0.265625,0.734375,2,0.1921645551919937,0.9369539022445679,0.9369539022445679,0.7447893619537354,0.4500076359823896,0.26890619334424015,0.28108617067337033,0.37404509744389114,59.965049743652344,0.19999999999999996,1.0,0.5402260422706604,0.2,0.0,1.0,33.0,0.515625,31.0,0.484375,0.515625,2.0,0.234375,,,,,,,
S11,DynaMixEMATent,,,,,,,,,,1,64,34,0.53125,30.0,0.46875,0.53125,2,0.21765732765197754,0.8616691827774048,0.8616691827774048,0.6440118551254272,0.30167871730008244,0.4398205278666961,0.25850075483322144,0.5931503379585658,115.11187744140625,0.19999999999999996,1.0,0.5803315043449402,0.2,0.0,1.0,32.0,0.5,32.0,0.5,0.5,2.0,0.03125,,,,,,,
S11,DynaMixEMATent,,,,,,,,,,2,64,42,0.65625,22.0,0.34375,0.65625,2,0.2852429747581482,0.9822049736976624,0.9822049736976624,0.6969619989395142,0.17560968110386702,0.5297288267868343,0.2946614921092987,0.7510277985119177,177.97299575805664,0.19999999999999996,1.0,0.48422858119010925,0.2,0.0,1.0,27.0,0.421875,37.0,0.578125,0.578125,2.0,0.15625,,,,,,,
S11,DynaMixEMATent,,,,,,,,,,3,64,32,0.5,32.0,0.5,0.5,2,0.09760251641273499,0.677789568901062,0.677789568901062,0.5801870226860046,0.14133360691273564,0.6553295224169458,0.2033368706703186,0.8225930111367714,221.3515281677246,0.19999999999999996,1.0,0.6062731742858887,0.2,0.0,1.0,11.0,0.171875,53.0,0.828125,0.828125,2.0,0.0,,,,,,,
S11,DynaMixEMATent,,,,,,,,,,4,44,21,0.4772727272727273,23.0,0.5227272727272727,0.5227272727272727,2,0.05480678752064705,0.4349023401737213,0.4349023401737213,0.38009554147720337,0.13284001841697352,0.7366892795309101,0.1304707020521164,0.8472276681987828,240.48723113536835,0.19999999999999996,1.0,0.6231091618537903,0.2,0.0,1.0,11.0,0.25,33.0,0.75,0.75,2.0,0.022727272727272707,,,,,,,
S11,TEMA,,,,,,,,,,0,64,47,0.734375,17.0,0.265625,0.734375,2,,,,,,,,,,,,,,,,,,,,,,,,,,,,,
S11,TEMA,,,,,,,,,,1,64,34,0.53125,30.0,0.46875,0.53125,2,,,,,,,,,,,,,,,,,,,,,,,,,,,,,
S11,TEMA,,,,,,,,,,2,64,42,0.65625,22.0,0.34375,0.65625,2,,,,,,,,,,,,,,,,,,,,,,,,,,,,,
S11,TEMA,,,,,,,,,,3,64,32,0.5,32.0,0.5,0.5,2,,,,,,,,,,,,,,,,,,,,,,,,,,,,,
S11,TEMA,,,,,,,,,,4,44,21,0.4772727272727273,23.0,0.5227272727272727,0.5227272727272727,2,,,,,,,,,,,,,,,,,,,,,,,,,,,,,
S11,DUA,,,,,,,,,,0,64,47,0.734375,17.0,0.265625,0.734375,2,,,,,,,,,,,,,,,,,,,,,,,0.099,,,,,,
S11,DUA,,,,,,,,,,1,64,34,0.53125,30.0,0.46875,0.53125,2,,,,,,,,,,,,,,,,,,,,,,,0.09336,,,,,,
S11,DUA,,,,,,,,,,2,64,42,0.65625,22.0,0.34375,0.65625,2,,,,,,,,,,,,,,,,,,,,,,,0.0880584,,,,,,
S11,DUA,,,,,,,,,,3,64,32,0.5,32.0,0.5,0.5,2,,,,,,,,,,,,,,,,,,,,,,,0.083074896,,,,,,
S11,DUA,,,,,,,,,,4,44,21,0.4772727272727273,23.0,0.5227272727272727,0.5227272727272727,2,,,,,,,,,,,,,,,,,,,,,,,0.07839040223999999,,,,,,
S11,RoTTA,,,,,,,,,,0,64,47,0.734375,17.0,0.265625,0.734375,2,,,,,,,,,,,,,,,,,,,,,,,,61.0,,,,,
S11,RoTTA,,,,,,,,,,1,64,34,0.53125,30.0,0.46875,0.53125,2,,,,,,,,,,,,,,,,,,,,,,,,64.0,,,,,
S11,RoTTA,,,,,,,,,,2,64,42,0.65625,22.0,0.34375,0.65625,2,,,,,,,,,,,,,,,,,,,,,,,,64.0,,,,,
S11,RoTTA,,,,,,,,,,3,64,32,0.5,32.0,0.5,0.5,2,,,,,,,,,,,,,,,,,,,,,,,,64.0,,,,,
S11,RoTTA,,,,,,,,,,4,44,21,0.4772727272727273,23.0,0.5227272727272727,0.5227272727272727,2,,,,,,,,,,,,,,,,,,,,,,,,64.0,,,,,
S11,NOTE,,,,,,,,,,0,64,47,0.734375,17.0,0.265625,0.734375,2,,,,,,,,,,,,,,,,,,,,,,,,,64.0,1.0,0.6278323531150818,,
S11,NOTE,,,,,,,,,,1,64,34,0.53125,30.0,0.46875,0.53125,2,,,,,,,,,,,,,,,,,,,,,,,,,64.0,1.0,0.5805593729019165,,
S11,NOTE,,,,,,,,,,2,64,42,0.65625,22.0,0.34375,0.65625,2,,,,,,,,,,,,,,,,,,,,,,,,,64.0,1.0,0.5676088929176331,,
S11,NOTE,,,,,,,,,,3,64,32,0.5,32.0,0.5,0.5,2,,,,,,,,,,,,,,,,,,,,,,,,,64.0,1.0,0.6332641243934631,,
S11,NOTE,,,,,,,,,,4,44,21,0.4772727272727273,23.0,0.5227272727272727,0.5227272727272727,2,,,,,,,,,,,,,,,,,,,,,,,,,64.0,0.0,,,
S11,DELTA,,,,,,,,,,0,64,47,0.734375,17.0,0.265625,0.734375,2,,,,,,,,,,,,,,,,,,,,,,,,,,,,0.19328007102012634,3.0
S11,DELTA,,,,,,,,,,1,64,34,0.53125,30.0,0.46875,0.53125,2,,,,,,,,,,,,,,,,,,,,,,,,,,,,0.08495606482028961,14.0
S11,DELTA,,,,,,,,,,2,64,42,0.65625,22.0,0.34375,0.65625,2,,,,,,,,,,,,,,,,,,,,,,,,,,,,0.07493000477552414,26.0
S11,DELTA,,,,,,,,,,3,64,32,0.5,32.0,0.5,0.5,2,,,,,,,,,,,,,,,,,,,,,,,,,,,,0.2582399547100067,6.0
S11,DELTA,,,,,,,,,,4,44,21,0.4772727272727273,23.0,0.5227272727272727,0.5227272727272727,2,,,,,,,,,,,,,,,,,,,,,,,,,,,,0.17445585131645203,7.0
S12,EMATent,0.9336991310119629,0.9336991310119629,0.7093305587768555,1.0,0.21989026069641116,0.5,0.28010973930358884,0.0,0.0,0,64,31,0.484375,33.0,0.515625,0.515625,2,,,,,,,,,,,,,,,,,,,,,,,,,,,,,
S12,EMATent,0.9426289200782776,0.9426289200782776,0.6927404403686523,1.0,0.21721132397651674,0.5,0.2827886760234833,0.0,0.0,1,64,29,0.453125,35.0,0.546875,0.546875,2,,,,,,,,,,,,,,,,,,,,,,,,,,,,,
S12,EMATent,0.9999164342880249,0.9999164342880249,0.8281804323196411,1.0,0.20002506971359255,0.5,0.2999749302864075,0.0,0.0,2,64,46,0.71875,18.0,0.28125,0.71875,2,,,,,,,,,,,,,,,,,,,,,,,,,,,,,
S12,EMATent,0.41370701789855957,0.41370701789855957,0.9166984558105469,1.0,0.37588789463043215,0.5,0.12411210536956786,0.0,0.0,3,56,20,0.35714285714285715,36.0,0.6428571428571429,0.6428571428571429,2,,,,,,,,,,,,,,,,,,,,,,,,,,,,,
S12,DynaMixEMATent,,,,,,,,,,0,64,31,0.484375,33.0,0.515625,0.515625,2,0.14655844867229462,0.9336991310119629,0.9336991310119629,0.7871406674385071,0.45135276563035576,0.2685374950660554,0.28010973930358884,0.37302559810473923,59.756744384765625,0.19999999999999996,1.0,0.6255015730857849,0.2,0.0,1.0,3.0,0.046875,61.0,0.953125,0.953125,2.0,0.015625,,,,,,,
S12,DynaMixEMATent,,,,,,,,,,1,64,29,0.453125,35.0,0.546875,0.546875,2,0.1515694260597229,0.9238878488540649,0.9238878488540649,0.772318422794342,0.28554099709667136,0.4372926482471091,0.27716635465621947,0.6049699693200256,118.88556671142578,0.19999999999999996,1.0,0.6069904565811157,0.2,0.0,1.0,18.0,0.28125,46.0,0.71875,0.71875,2.0,0.046875,,,,,,,
S12,DynaMixEMATent,,,,,,,,,,2,64,46,0.71875,18.0,0.28125,0.71875,2,0.45108142495155334,0.9929698705673218,0.9929698705673218,0.541888415813446,0.16881615671465844,0.533292882115145,0.29789096117019653,0.7595584910913236,182.43563842773438,0.19999999999999996,1.0,0.4803541302680969,0.2,0.0,1.0,45.0,0.703125,19.0,0.296875,0.703125,2.0,0.21875,,,,,,,
S12,DynaMixEMATent,,,,,,,,,,3,56,20,0.35714285714285715,36.0,0.6428571428571429,0.6428571428571429,2,0.15549764037132263,0.6352967023849487,0.6352967023849487,0.4797990322113037,0.14739058102223143,0.6620204082622839,0.19058901071548462,0.8179039042297679,218.0122537612915,0.19999999999999996,1.0,0.3388281762599945,0.2,0.0,1.0,56.0,1.0,0.0,0.0,1.0,1.0,0.1428571428571429,,,,,,,
S12,TEMA,,,,,,,,,,0,64,31,0.484375,33.0,0.515625,0.515625,2,,,,,,,,,,,,,,,,,,,,,,,,,,,,,
S12,TEMA,,,,,,,,,,1,64,29,0.453125,35.0,0.546875,0.546875,2,,,,,,,,,,,,,,,,,,,,,,,,,,,,,
S12,TEMA,,,,,,,,,,2,64,46,0.71875,18.0,0.28125,0.71875,2,,,,,,,,,,,,,,,,,,,,,,,,,,,,,
S12,TEMA,,,,,,,,,,3,56,20,0.35714285714285715,36.0,0.6428571428571429,0.6428571428571429,2,,,,,,,,,,,,,,,,,,,,,,,,,,,,,
S12,DUA,,,,,,,,,,0,64,31,0.484375,33.0,0.515625,0.515625,2,,,,,,,,,,,,,,,,,,,,,,,0.099,,,,,,
S12,DUA,,,,,,,,,,1,64,29,0.453125,35.0,0.546875,0.546875,2,,,,,,,,,,,,,,,,,,,,,,,0.09336,,,,,,
S12,DUA,,,,,,,,,,2,64,46,0.71875,18.0,0.28125,0.71875,2,,,,,,,,,,,,,,,,,,,,,,,0.0880584,,,,,,
S12,DUA,,,,,,,,,,3,56,20,0.35714285714285715,36.0,0.6428571428571429,0.6428571428571429,2,,,,,,,,,,,,,,,,,,,,,,,0.083074896,,,,,,
S12,RoTTA,,,,,,,,,,0,64,31,0.484375,33.0,0.515625,0.515625,2,,,,,,,,,,,,,,,,,,,,,,,,51.0,,,,,
S12,RoTTA,,,,,,,,,,1,64,29,0.453125,35.0,0.546875,0.546875,2,,,,,,,,,,,,,,,,,,,,,,,,64.0,,,,,
S12,RoTTA,,,,,,,,,,2,64,46,0.71875,18.0,0.28125,0.71875,2,,,,,,,,,,,,,,,,,,,,,,,,64.0,,,,,
S12,RoTTA,,,,,,,,,,3,56,20,0.35714285714285715,36.0,0.6428571428571429,0.6428571428571429,2,,,,,,,,,,,,,,,,,,,,,,,,64.0,,,,,
S12,NOTE,,,,,,,,,,0,64,31,0.484375,33.0,0.515625,0.515625,2,,,,,,,,,,,,,,,,,,,,,,,,,64.0,1.0,0.6060527563095093,,
S12,NOTE,,,,,,,,,,1,64,29,0.453125,35.0,0.546875,0.546875,2,,,,,,,,,,,,,,,,,,,,,,,,,64.0,1.0,0.5491428971290588,,
S12,NOTE,,,,,,,,,,2,64,46,0.71875,18.0,0.28125,0.71875,2,,,,,,,,,,,,,,,,,,,,,,,,,64.0,1.0,0.48928511142730713,,
S12,NOTE,,,,,,,,,,3,56,20,0.35714285714285715,36.0,0.6428571428571429,0.6428571428571429,2,,,,,,,,,,,,,,,,,,,,,,,,,64.0,0.0,,,
S12,DELTA,,,,,,,,,,0,64,31,0.484375,33.0,0.515625,0.515625,2,,,,,,,,,,,,,,,,,,,,,,,,,,,,0.211293563246727,5.0
S12,DELTA,,,,,,,,,,1,64,29,0.453125,35.0,0.546875,0.546875,2,,,,,,,,,,,,,,,,,,,,,,,,,,,,0.0502110980451107,23.0
S12,DELTA,,,,,,,,,,2,64,46,0.71875,18.0,0.28125,0.71875,2,,,,,,,,,,,,,,,,,,,,,,,,,,,,0.011308595538139343,64.0
S12,DELTA,,,,,,,,,,3,56,20,0.35714285714285715,36.0,0.6428571428571429,0.6428571428571429,2,,,,,,,,,,,,,,,,,,,,,,,,,,,,0.004533478990197182,55.0
S13,EMATent,0.8903706073760986,0.8903706073760986,0.698574960231781,1.0,0.2328888177871704,0.5,0.2671111822128296,0.0,0.0,0,64,22,0.34375,42.0,0.65625,0.65625,2,,,,,,,,,,,,,,,,,,,,,,,,,,,,,
S13,EMATent,0.9781085848808289,0.9781085848808289,0.6542707085609436,1.0,0.20656742453575136,0.5,0.29343257546424867,0.0,0.0,1,64,37,0.578125,27.0,0.421875,0.578125,2,,,,,,,,,,,,,,,,,,,,,,,,,,,,,
S13,EMATent,0.941083550453186,0.941083550453186,0.7567956447601318,1.0,0.2176749348640442,0.5,0.2823250651359558,0.0,0.0,2,64,18,0.28125,46.0,0.71875,0.71875,2,,,,,,,,,,,,,,,,,,,,,,,,,,,,,
S13,EMATent,0.9303815960884094,0.9303815960884094,0.6791894435882568,1.0,0.22088552117347718,0.5,0.2791144788265228,0.0,0.0,3,64,55,0.859375,9.0,0.140625,0.859375,2,,,,,,,,,,,,,,,,,,,,,,,,,,,,,
S13,EMATent,0.7330156564712524,0.7330156564712524,0.7943856716156006,1.0,0.2800953030586243,0.5,0.21990469694137574,0.0,0.0,4,21,21,1.0,,,1.0,1,,,,,,,,,,,,,,,,,,,,,,,,,,,,,
S13,DynaMixEMATent,,,,,,,,,,0,64,22,0.34375,42.0,0.65625,0.65625,2,0.03805786743760109,0.8903706073760986,0.8903706073760986,0.8523127436637878,0.46956592571048117,0.26332289207668924,0.2671111822128296,0.3592944600679632,56.98371887207031,0.19999999999999996,1.0,0.6299120187759399,0.2,0.0,1.0,64.0,1.0,0.0,0.0,1.0,1.0,0.15625,,,,,,,
S13,DynaMixEMATent,,,,,,,,,,1,64,37,0.578125,27.0,0.421875,0.578125,2,0.07031364738941193,0.9825080037117004,0.9825080037117004,0.9121943712234497,0.2764720247976274,0.4287755740888625,0.29475240111351014,0.6079787790356933,119.86423110961914,0.19999999999999996,1.0,0.568598747253418,0.2,0.0,1.0,40.0,0.625,24.0,0.375,0.625,2.0,0.078125,,,,,,,
S13,DynaMixEMATent,,,,,,,,,,2,64,18,0.28125,46.0,0.71875,0.71875,2,0.18741653859615326,0.9474650025367737,0.9474650025367737,0.7600484490394592,0.17471809789752085,0.541042401341447,0.2842395007610321,0.7558986587227294,180.50199127197266,0.19999999999999996,1.0,0.5161861181259155,0.2,0.0,1.0,30.0,0.46875,34.0,0.53125,0.53125,2.0,0.21875,,,,,,,
S13,DynaMixEMATent,,,,,,,,,,3,64,55,0.859375,9.0,0.140625,0.859375,2,0.10554713010787964,0.9954553842544556,0.9954553842544556,0.8899082541465759,0.10407654460847066,0.5972868401151926,0.29863661527633667,0.8516082434935255,244.2111358642578,0.19999999999999996,1.0,0.6438992023468018,0.2,0.0,1.0,37.0,0.578125,27.0,0.421875,0.578125,2.0,0.359375,,,,,,,
S13,DynaMixEMATent,,,,,,,,,,4,21,21,1.0,,,1.0,1,0.05816255509853363,0.9776973128318787,0.9776973128318787,0.9195347428321838,0.08932579230071201,0.6173650138497244,0.2933091938495636,0.8735998947159123,264.74277943372726,0.19999999999999996,1.0,0.5372862219810486,0.2,0.0,1.0,16.0,0.7619047619047619,5.0,0.23809523809523808,0.7619047619047619,2.0,0.0,,,,,,,
S13,TEMA,,,,,,,,,,0,64,22,0.34375,42.0,0.65625,0.65625,2,,,,,,,,,,,,,,,,,,,,,,,,,,,,,
S13,TEMA,,,,,,,,,,1,64,37,0.578125,27.0,0.421875,0.578125,2,,,,,,,,,,,,,,,,,,,,,,,,,,,,,
S13,TEMA,,,,,,,,,,2,64,18,0.28125,46.0,0.71875,0.71875,2,,,,,,,,,,,,,,,,,,,,,,,,,,,,,
S13,TEMA,,,,,,,,,,3,64,55,0.859375,9.0,0.140625,0.859375,2,,,,,,,,,,,,,,,,,,,,,,,,,,,,,
S13,TEMA,,,,,,,,,,4,21,21,1.0,0.0,0.0,1.0,1,,,,,,,,,,,,,,,,,,,,,,,,,,,,,
S13,DUA,,,,,,,,,,0,64,22,0.34375,42.0,0.65625,0.65625,2,,,,,,,,,,,,,,,,,,,,,,,0.099,,,,,,
S13,DUA,,,,,,,,,,1,64,37,0.578125,27.0,0.421875,0.578125,2,,,,,,,,,,,,,,,,,,,,,,,0.09336,,,,,,
S13,DUA,,,,,,,,,,2,64,18,0.28125,46.0,0.71875,0.71875,2,,,,,,,,,,,,,,,,,,,,,,,0.0880584,,,,,,
S13,DUA,,,,,,,,,,3,64,55,0.859375,9.0,0.140625,0.859375,2,,,,,,,,,,,,,,,,,,,,,,,0.083074896,,,,,,
S13,DUA,,,,,,,,,,4,21,21,1.0,0.0,0.0,1.0,1,,,,,,,,,,,,,,,,,,,,,,,0.07839040223999999,,,,,,
S13,RoTTA,,,,,,,,,,0,64,22,0.34375,42.0,0.65625,0.65625,2,,,,,,,,,,,,,,,,,,,,,,,,57.0,,,,,
S13,RoTTA,,,,,,,,,,1,64,37,0.578125,27.0,0.421875,0.578125,2,,,,,,,,,,,,,,,,,,,,,,,,64.0,,,,,
S13,RoTTA,,,,,,,,,,2,64,18,0.28125,46.0,0.71875,0.71875,2,,,,,,,,,,,,,,,,,,,,,,,,64.0,,,,,
S13,RoTTA,,,,,,,,,,3,64,55,0.859375,9.0,0.140625,0.859375,2,,,,,,,,,,,,,,,,,,,,,,,,64.0,,,,,
S13,RoTTA,,,,,,,,,,4,21,21,1.0,0.0,0.0,1.0,1,,,,,,,,,,,,,,,,,,,,,,,,64.0,,,,,
S13,NOTE,,,,,,,,,,0,64,22,0.34375,42.0,0.65625,0.65625,2,,,,,,,,,,,,,,,,,,,,,,,,,64.0,1.0,0.6485792398452759,,
S13,NOTE,,,,,,,,,,1,64,37,0.578125,27.0,0.421875,0.578125,2,,,,,,,,,,,,,,,,,,,,,,,,,64.0,1.0,0.5103380680084229,,
S13,NOTE,,,,,,,,,,2,64,18,0.28125,46.0,0.71875,0.71875,2,,,,,,,,,,,,,,,,,,,,,,,,,64.0,1.0,0.590761661529541,,
S13,NOTE,,,,,,,,,,3,64,55,0.859375,9.0,0.140625,0.859375,2,,,,,,,,,,,,,,,,,,,,,,,,,64.0,1.0,0.6473170518875122,,
S13,NOTE,,,,,,,,,,4,21,21,1.0,0.0,0.0,1.0,1,,,,,,,,,,,,,,,,,,,,,,,,,64.0,0.0,,,
S13,DELTA,,,,,,,,,,0,64,22,0.34375,42.0,0.65625,0.65625,2,,,,,,,,,,,,,,,,,,,,,,,,,,,,,0.0
S13,DELTA,,,,,,,,,,1,64,37,0.578125,27.0,0.421875,0.578125,2,,,,,,,,,,,,,,,,,,,,,,,,,,,,0.12911927700042725,45.0
S13,DELTA,,,,,,,,,,2,64,18,0.28125,46.0,0.71875,0.71875,2,,,,,,,,,,,,,,,,,,,,,,,,,,,,0.038504134863615036,40.0
S13,DELTA,,,,,,,,,,3,64,55,0.859375,9.0,0.140625,0.859375,2,,,,,,,,,,,,,,,,,,,,,,,,,,,,0.2114861011505127,15.0
S13,DELTA,,,,,,,,,,4,21,21,1.0,0.0,0.0,1.0,1,,,,,,,,,,,,,,,,,,,,,,,,,,,,0.15604078769683838,5.0
S14,EMATent,0.8405368328094482,0.8405368328094482,0.7805474996566772,1.0,0.24783895015716553,0.5,0.25216104984283444,0.0,0.0,0,64,28,0.4375,36.0,0.5625,0.5625,2,,,,,,,,,,,,,,,,,,,,,,,,,,,,,
S14,EMATent,0.9998044371604919,0.9998044371604919,0.7351703643798828,1.0,0.20005866885185242,0.5,0.2999413311481476,0.0,0.0,1,64,62,0.96875,2.0,0.03125,0.96875,2,,,,,,,,,,,,,,,,,,,,,,,,,,,,,
S14,EMATent,0.9965565800666809,0.9965565800666809,0.7859078049659729,1.0,0.20103302597999573,0.5,0.2989669740200043,0.0,0.0,2,64,33,0.515625,31.0,0.484375,0.515625,2,,,,,,,,,,,,,,,,,,,,,,,,,,,,,
S14,EMATent,0.5903872847557068,0.5903872847557068,0.8590443730354309,1.0,0.32288381457328796,0.5,0.17711618542671204,0.0,0.0,3,52,43,0.8269230769230769,9.0,0.17307692307692307,0.8269230769230769,2,,,,,,,,,,,,,,,,,,,,,,,,,,,,,
S14,DynaMixEMATent,,,,,,,,,,0,64,28,0.4375,36.0,0.5625,0.5625,2,0.18480980396270752,0.8405368328094482,0.8405368328094482,0.6557270288467407,0.49123333115235057,0.25660561900481504,0.25216104984283444,0.3431295186629245,53.79435729980469,0.19999999999999996,1.0,0.547828733921051,0.2,0.0,1.0,28.0,0.4375,36.0,0.5625,0.5625,2.0,0.0625,,,,,,,
S14,DynaMixEMATent,,,,,,,,,,1,64,62,0.96875,2.0,0.03125,0.96875,2,0.3256836235523224,0.9884066581726074,0.9884066581726074,0.6627230048179626,0.28190351358580634,0.42157448896241145,0.2965219974517822,0.5992717433030408,117.05238342285156,0.19999999999999996,1.0,0.6136336922645569,0.2,0.0,1.0,40.0,0.625,24.0,0.375,0.625,2.0,0.46875,,,,,,,
S14,DynaMixEMATent,,,,,,,,,,2,64,33,0.515625,31.0,0.484375,0.515625,2,0.4735329747200012,0.9975733160972595,0.9975733160972595,0.5240403413772583,0.17052150170132838,0.5302065034694938,0.2992719948291778,0.7566509395328663,180.89707565307617,0.19999999999999996,1.0,0.5546507835388184,0.2,0.0,1.0,42.0,0.65625,22.0,0.34375,0.65625,2.0,0.015625,,,,,,,
S14,DynaMixEMATent,,,,,,,,,,3,52,43,0.8269230769230769,9.0,0.17307692307692307,0.8269230769230769,2,0.22568440437316895,0.7092689871788025,0.7092689871788025,0.48358461260795593,0.14361095442752786,0.6436083494188314,0.21278069615364073,0.8175718586601679,217.7790629863739,0.19999999999999996,1.0,0.6253328323364258,0.2,0.0,1.0,17.0,0.3269230769230769,35.0,0.6730769230769231,0.6730769230769231,2.0,0.32692307692307687,,,,,,,
S14,TEMA,,,,,,,,,,0,64,28,0.4375,36.0,0.5625,0.5625,2,,,,,,,,,,,,,,,,,,,,,,,,,,,,,
S14,TEMA,,,,,,,,,,1,64,62,0.96875,2.0,0.03125,0.96875,2,,,,,,,,,,,,,,,,,,,,,,,,,,,,,
S14,TEMA,,,,,,,,,,2,64,33,0.515625,31.0,0.484375,0.515625,2,,,,,,,,,,,,,,,,,,,,,,,,,,,,,
S14,TEMA,,,,,,,,,,3,52,43,0.8269230769230769,9.0,0.17307692307692307,0.8269230769230769,2,,,,,,,,,,,,,,,,,,,,,,,,,,,,,
S14,DUA,,,,,,,,,,0,64,28,0.4375,36.0,0.5625,0.5625,2,,,,,,,,,,,,,,,,,,,,,,,0.099,,,,,,
S14,DUA,,,,,,,,,,1,64,62,0.96875,2.0,0.03125,0.96875,2,,,,,,,,,,,,,,,,,,,,,,,0.09336,,,,,,
S14,DUA,,,,,,,,,,2,64,33,0.515625,31.0,0.484375,0.515625,2,,,,,,,,,,,,,,,,,,,,,,,0.0880584,,,,,,
S14,DUA,,,,,,,,,,3,52,43,0.8269230769230769,9.0,0.17307692307692307,0.8269230769230769,2,,,,,,,,,,,,,,,,,,,,,,,0.083074896,,,,,,
S14,RoTTA,,,,,,,,,,0,64,28,0.4375,36.0,0.5625,0.5625,2,,,,,,,,,,,,,,,,,,,,,,,,58.0,,,,,
S14,RoTTA,,,,,,,,,,1,64,62,0.96875,2.0,0.03125,0.96875,2,,,,,,,,,,,,,,,,,,,,,,,,64.0,,,,,
S14,RoTTA,,,,,,,,,,2,64,33,0.515625,31.0,0.484375,0.515625,2,,,,,,,,,,,,,,,,,,,,,,,,64.0,,,,,
S14,RoTTA,,,,,,,,,,3,52,43,0.8269230769230769,9.0,0.17307692307692307,0.8269230769230769,2,,,,,,,,,,,,,,,,,,,,,,,,64.0,,,,,
S14,NOTE,,,,,,,,,,0,64,28,0.4375,36.0,0.5625,0.5625,2,,,,,,,,,,,,,,,,,,,,,,,,,64.0,1.0,0.6187398433685303,,
S14,NOTE,,,,,,,,,,1,64,62,0.96875,2.0,0.03125,0.96875,2,,,,,,,,,,,,,,,,,,,,,,,,,64.0,1.0,0.6168704032897949,,
S14,NOTE,,,,,,,,,,2,64,33,0.515625,31.0,0.484375,0.515625,2,,,,,,,,,,,,,,,,,,,,,,,,,64.0,1.0,0.5799190998077393,,
S14,NOTE,,,,,,,,,,3,52,43,0.8269230769230769,9.0,0.17307692307692307,0.8269230769230769,2,,,,,,,,,,,,,,,,,,,,,,,,,64.0,0.0,,,
S14,DELTA,,,,,,,,,,0,64,28,0.4375,36.0,0.5625,0.5625,2,,,,,,,,,,,,,,,,,,,,,,,,,,,,0.29686489701271057,5.0
S14,DELTA,,,,,,,,,,1,64,62,0.96875,2.0,0.03125,0.96875,2,,,,,,,,,,,,,,,,,,,,,,,,,,,,0.0005500807892531157,61.0
S14,DELTA,,,,,,,,,,2,64,33,0.515625,31.0,0.484375,0.515625,2,,,,,,,,,,,,,,,,,,,,,,,,,,,,0.032027509063482285,41.0
S14,DELTA,,,,,,,,,,3,52,43,0.8269230769230769,9.0,0.17307692307692307,0.8269230769230769,2,,,,,,,,,,,,,,,,,,,,,,,,,,,,,0.0
S15,EMATent,0.9757687449455261,0.9757687449455261,0.675233006477356,1.0,0.20726937651634217,0.5,0.2927306234836578,0.0,0.0,0,64,31,0.484375,33.0,0.515625,0.515625,2,,,,,,,,,,,,,,,,,,,,,,,,,,,,,
S15,EMATent,0.9668453335762024,0.9668453335762024,0.6873376965522766,1.0,0.2099463999271393,0.5,0.2900536000728607,0.0,0.0,1,64,30,0.46875,34.0,0.53125,0.53125,2,,,,,,,,,,,,,,,,,,,,,,,,,,,,,
S15,EMATent,0.845492422580719,0.845492422580719,0.8283331394195557,1.0,0.24635227322578432,0.5,0.2536477267742157,0.0,0.0,2,64,40,0.625,24.0,0.375,0.625,2,,,,,,,,,,,,,,,,,,,,,,,,,,,,,
S15,EMATent,0.8101490139961243,0.8101490139961243,0.7767544984817505,1.0,0.2569552958011627,0.5,0.24304470419883728,0.0,0.0,3,64,31,0.484375,33.0,0.515625,0.515625,2,,,,,,,,,,,,,,,,,,,,,,,,,,,,,
S15,EMATent,0.6764242053031921,0.6764242053031921,0.8228484392166138,1.0,0.29707273840904236,0.5,0.20292726159095764,0.0,0.0,4,64,26,0.40625,38.0,0.59375,0.59375,2,,,,,,,,,,,,,,,,,,,,,,,,,,,,,
S15,DynaMixEMATent,,,,,,,,,,0,64,31,0.484375,33.0,0.515625,0.515625,2,0.11673872917890549,0.9757687449455261,0.9757687449455261,0.85903000831604,0.434209542462937,0.2730598340534052,0.2927306234836578,0.38607614456370554,62.44919967651367,0.19999999999999996,1.0,0.6534320116043091,0.2,0.0,1.0,41.0,0.640625,23.0,0.359375,0.640625,2.0,0.015625,,,,,,,
S15,DynaMixEMATent,,,,,,,,,,1,64,30,0.46875,34.0,0.53125,0.53125,2,0.16292819380760193,0.867535412311554,0.867535412311554,0.7046072483062744,0.29431359583066535,0.4454257804758685,0.2602606236934662,0.6021388001539782,117.97146606445312,0.19999999999999996,1.0,0.6387490034103394,0.2,0.0,1.0,27.0,0.421875,37.0,0.578125,0.578125,2.0,0.03125,,,,,,,
S15,DynaMixEMATent,,,,,,,,,,2,64,40,0.625,24.0,0.375,0.625,2,0.35779088735580444,0.9308985471725464,0.9308985471725464,0.5731076598167419,0.18003726185596475,0.5406931739922712,0.2792695641517639,0.7502016663912954,177.5489730834961,0.19999999999999996,1.0,0.48193132877349854,0.2,0.0,1.0,51.0,0.796875,13.0,0.203125,0.796875,2.0,0.125,,,,,,,
S15,DynaMixEMATent,,,,,,,,,,3,64,31,0.484375,33.0,0.515625,0.515625,2,0.12966305017471313,0.9042336940765381,0.9042336940765381,0.774570643901825,0.11582552283169038,0.6129043689453483,0.27127010822296144,0.8410583617624838,235.41992950439453,0.19999999999999996,1.0,0.5266720056533813,0.2,0.0,1.0,50.0,0.78125,14.0,0.21875,0.78125,2.0,0.015625,,,,,,,
S15,DynaMixEMATent,,,,,,,,,,4,64,26,0.40625,38.0,0.59375,0.59375,2,0.15189293026924133,0.91490238904953,0.91490238904953,0.7630094289779663,0.07298340164971946,0.6525458816354215,0.274470716714859,0.8994066768480299,293.97368240356445,0.19999999999999996,1.0,0.517862856388092,0.2,0.0,1.0,54.0,0.84375,10.0,0.15625,0.84375,2.0,0.09375,,,,,,,
S15,TEMA,,,,,,,,,,0,64,31,0.484375,33.0,0.515625,0.515625,2,,,,,,,,,,,,,,,,,,,,,,,,,,,,,
S15,TEMA,,,,,,,,,,1,64,30,0.46875,34.0,0.53125,0.53125,2,,,,,,,,,,,,,,,,,,,,,,,,,,,,,
S15,TEMA,,,,,,,,,,2,64,40,0.625,24.0,0.375,0.625,2,,,,,,,,,,,,,,,,,,,,,,,,,,,,,
S15,TEMA,,,,,,,,,,3,64,31,0.484375,33.0,0.515625,0.515625,2,,,,,,,,,,,,,,,,,,,,,,,,,,,,,
S15,TEMA,,,,,,,,,,4,64,26,0.40625,38.0,0.59375,0.59375,2,,,,,,,,,,,,,,,,,,,,,,,,,,,,,
S15,DUA,,,,,,,,,,0,64,31,0.484375,33.0,0.515625,0.515625,2,,,,,,,,,,,,,,,,,,,,,,,0.099,,,,,,
S15,DUA,,,,,,,,,,1,64,30,0.46875,34.0,0.53125,0.53125,2,,,,,,,,,,,,,,,,,,,,,,,0.09336,,,,,,
S15,DUA,,,,,,,,,,2,64,40,0.625,24.0,0.375,0.625,2,,,,,,,,,,,,,,,,,,,,,,,0.0880584,,,,,,
S15,DUA,,,,,,,,,,3,64,31,0.484375,33.0,0.515625,0.515625,2,,,,,,,,,,,,,,,,,,,,,,,0.083074896,,,,,,
S15,DUA,,,,,,,,,,4,64,26,0.40625,38.0,0.59375,0.59375,2,,,,,,,,,,,,,,,,,,,,,,,0.07839040223999999,,,,,,
S15,RoTTA,,,,,,,,,,0,64,31,0.484375,33.0,0.515625,0.515625,2,,,,,,,,,,,,,,,,,,,,,,,,55.0,,,,,
S15,RoTTA,,,,,,,,,,1,64,30,0.46875,34.0,0.53125,0.53125,2,,,,,,,,,,,,,,,,,,,,,,,,64.0,,,,,
S15,RoTTA,,,,,,,,,,2,64,40,0.625,24.0,0.375,0.625,2,,,,,,,,,,,,,,,,,,,,,,,,64.0,,,,,
S15,RoTTA,,,,,,,,,,3,64,31,0.484375,33.0,0.515625,0.515625,2,,,,,,,,,,,,,,,,,,,,,,,,64.0,,,,,
S15,RoTTA,,,,,,,,,,4,64,26,0.40625,38.0,0.59375,0.59375,2,,,,,,,,,,,,,,,,,,,,,,,,64.0,,,,,
S15,NOTE,,,,,,,,,,0,64,31,0.484375,33.0,0.515625,0.515625,2,,,,,,,,,,,,,,,,,,,,,,,,,64.0,1.0,0.6133809089660645,,
S15,NOTE,,,,,,,,,,1,64,30,0.46875,34.0,0.53125,0.53125,2,,,,,,,,,,,,,,,,,,,,,,,,,64.0,1.0,0.6208168268203735,,
S15,NOTE,,,,,,,,,,2,64,40,0.625,24.0,0.375,0.625,2,,,,,,,,,,,,,,,,,,,,,,,,,64.0,1.0,0.5214824676513672,,
S15,NOTE,,,,,,,,,,3,64,31,0.484375,33.0,0.515625,0.515625,2,,,,,,,,,,,,,,,,,,,,,,,,,64.0,1.0,0.5926415920257568,,
S15,NOTE,,,,,,,,,,4,64,26,0.40625,38.0,0.59375,0.59375,2,,,,,,,,,,,,,,,,,,,,,,,,,64.0,1.0,0.6060024499893188,,
S15,DELTA,,,,,,,,,,0,64,31,0.484375,33.0,0.515625,0.515625,2,,,,,,,,,,,,,,,,,,,,,,,,,,,,0.18952226638793945,4.0
S15,DELTA,,,,,,,,,,1,64,30,0.46875,34.0,0.53125,0.53125,2,,,,,,,,,,,,,,,,,,,,,,,,,,,,0.19813965260982513,12.0
S15,DELTA,,,,,,,,,,2,64,40,0.625,24.0,0.375,0.625,2,,,,,,,,,,,,,,,,,,,,,,,,,,,,0.017403515055775642,50.0
S15,DELTA,,,,,,,,,,3,64,31,0.484375,33.0,0.515625,0.515625,2,,,,,,,,,,,,,,,,,,,,,,,,,,,,0.09152773767709732,51.0
S15,DELTA,,,,,,,,,,4,64,26,0.40625,38.0,0.59375,0.59375,2,,,,,,,,,,,,,,,,,,,,,,,,,,,,0.13104094564914703,33.0
S16,EMATent,0.7224241495132446,0.7224241495132446,0.8926771879196167,1.0,0.2832727551460266,0.5,0.21672724485397338,0.0,0.0,0,64,17,0.265625,47.0,0.734375,0.734375,2,,,,,,,,,,,,,,,,,,,,,,,,,,,,,
S16,EMATent,0.8727512359619141,0.8727512359619141,0.7845423817634583,1.0,0.2381746292114258,0.5,0.2618253707885742,0.0,0.0,1,64,54,0.84375,10.0,0.15625,0.84375,2,,,,,,,,,,,,,,,,,,,,,,,,,,,,,
S16,EMATent,0.9492540955543518,0.9492540955543518,0.7711586952209473,1.0,0.21522377133369447,0.5,0.28477622866630553,0.0,0.0,2,64,31,0.484375,33.0,0.515625,0.515625,2,,,,,,,,,,,,,,,,,,,,,,,,,,,,,
S16,EMATent,0.9936309456825256,0.9936309456825256,0.727643609046936,1.0,0.20191071629524232,0.5,0.2980892837047577,0.0,0.0,3,29,2,0.06896551724137931,27.0,0.9310344827586207,0.9310344827586207,2,,,,,,,,,,,,,,,,,,,,,,,,,,,,,
S16,DynaMixEMATent,,,,,,,,,,0,64,17,0.265625,47.0,0.734375,0.734375,2,0.34947335720062256,0.7224241495132446,0.7224241495132446,0.37295079231262207,0.5458088958443802,0.23746385930164635,0.21672724485397338,0.30316879751214587,46.235145568847656,0.19999999999999996,1.0,0.5838772058486938,0.2,0.0,1.0,33.0,0.515625,31.0,0.484375,0.515625,2.0,0.234375,,,,,,,
S16,DynaMixEMATent,,,,,,,,,,1,64,54,0.84375,10.0,0.15625,0.84375,2,0.32493749260902405,0.7212308049201965,0.7212308049201965,0.3962933421134949,0.380737614078852,0.40289314444508906,0.21636924147605896,0.5141364603962009,92.39391708374023,0.19999999999999996,1.0,0.60572749376297,0.2,0.0,1.0,23.0,0.359375,41.0,0.640625,0.640625,2.0,0.34375,,,,,,,
S16,DynaMixEMATent,,,,,,,,,,2,64,31,0.484375,33.0,0.515625,0.515625,2,0.32171890139579773,0.7415771484375,0.7415771484375,0.41985824704170227,0.26073436562138164,0.5167924898473684,0.22247314453125,0.6646619164502146,139.85485458374023,0.19999999999999996,1.0,0.5420847535133362,0.2,0.0,1.0,13.0,0.203125,51.0,0.796875,0.796875,2.0,0.015625,,,,,,,
S16,DynaMixEMATent,,,,,,,,,,3,29,2,0.06896551724137931,27.0,0.9310344827586207,0.9310344827586207,2,0.47159406542778015,0.8522639870643616,0.8522639870643616,0.3806699216365814,0.20577123024609734,0.5385495736345942,0.25567919611930845,0.7235449698930077,164.57051020860672,0.19999999999999996,1.0,0.6382883191108704,0.2,0.0,1.0,5.0,0.1724137931034483,24.0,0.8275862068965517,0.8275862068965517,2.0,0.43103448275862066,,,,,,,
S16,TEMA,,,,,,,,,,0,64,17,0.265625,47.0,0.734375,0.734375,2,,,,,,,,,,,,,,,,,,,,,,,,,,,,,
S16,TEMA,,,,,,,,,,1,64,54,0.84375,10.0,0.15625,0.84375,2,,,,,,,,,,,,,,,,,,,,,,,,,,,,,
S16,TEMA,,,,,,,,,,2,64,31,0.484375,33.0,0.515625,0.515625,2,,,,,,,,,,,,,,,,,,,,,,,,,,,,,
S16,TEMA,,,,,,,,,,3,29,2,0.06896551724137931,27.0,0.9310344827586207,0.9310344827586207,2,,,,,,,,,,,,,,,,,,,,,,,,,,,,,
S16,DUA,,,,,,,,,,0,64,17,0.265625,47.0,0.734375,0.734375,2,,,,,,,,,,,,,,,,,,,,,,,0.099,,,,,,
S16,DUA,,,,,,,,,,1,64,54,0.84375,10.0,0.15625,0.84375,2,,,,,,,,,,,,,,,,,,,,,,,0.09336,,,,,,
S16,DUA,,,,,,,,,,2,64,31,0.484375,33.0,0.515625,0.515625,2,,,,,,,,,,,,,,,,,,,,,,,0.0880584,,,,,,
S16,DUA,,,,,,,,,,3,29,2,0.06896551724137931,27.0,0.9310344827586207,0.9310344827586207,2,,,,,,,,,,,,,,,,,,,,,,,0.083074896,,,,,,
S16,RoTTA,,,,,,,,,,0,64,17,0.265625,47.0,0.734375,0.734375,2,,,,,,,,,,,,,,,,,,,,,,,,57.0,,,,,
S16,RoTTA,,,,,,,,,,1,64,54,0.84375,10.0,0.15625,0.84375,2,,,,,,,,,,,,,,,,,,,,,,,,64.0,,,,,
S16,RoTTA,,,,,,,,,,2,64,31,0.484375,33.0,0.515625,0.515625,2,,,,,,,,,,,,,,,,,,,,,,,,64.0,,,,,
S16,RoTTA,,,,,,,,,,3,29,2,0.06896551724137931,27.0,0.9310344827586207,0.9310344827586207,2,,,,,,,,,,,,,,,,,,,,,,,,64.0,,,,,
S16,NOTE,,,,,,,,,,0,64,17,0.265625,47.0,0.734375,0.734375,2,,,,,,,,,,,,,,,,,,,,,,,,,64.0,1.0,0.6077193021774292,,
S16,NOTE,,,,,,,,,,1,64,54,0.84375,10.0,0.15625,0.84375,2,,,,,,,,,,,,,,,,,,,,,,,,,64.0,1.0,0.6424919366836548,,
S16,NOTE,,,,,,,,,,2,64,31,0.484375,33.0,0.515625,0.515625,2,,,,,,,,,,,,,,,,,,,,,,,,,64.0,1.0,0.565790593624115,,
S16,NOTE,,,,,,,,,,3,29,2,0.06896551724137931,27.0,0.9310344827586207,0.9310344827586207,2,,,,,,,,,,,,,,,,,,,,,,,,,64.0,0.0,,,
S16,DELTA,,,,,,,,,,0,64,17,0.265625,47.0,0.734375,0.734375,2,,,,,,,,,,,,,,,,,,,,,,,,,,,,0.33060717582702637,2.0
S16,DELTA,,,,,,,,,,1,64,54,0.84375,10.0,0.15625,0.84375,2,,,,,,,,,,,,,,,,,,,,,,,,,,,,0.1327943056821823,41.0
S16,DELTA,,,,,,,,,,2,64,31,0.484375,33.0,0.515625,0.515625,2,,,,,,,,,,,,,,,,,,,,,,,,,,,,0.1073884442448616,45.0
S16,DELTA,,,,,,,,,,3,29,2,0.06896551724137931,27.0,0.9310344827586207,0.9310344827586207,2,,,,,,,,,,,,,,,,,,,,,,,,,,,,0.12022404372692108,26.0
S17,EMATent,0.21182793378829956,0.21182793378829956,0.966463565826416,1.0,0.4364516198635101,0.5,0.06354838013648986,0.0,0.0,0,64,38,0.59375,26.0,0.40625,0.59375,2,,,,,,,,,,,,,,,,,,,,,,,,,,,,,
S17,EMATent,0.48900264501571655,0.48900264501571655,0.8935863971710205,1.0,0.353299206495285,0.5,0.14670079350471496,0.0,0.0,1,64,51,0.796875,13.0,0.203125,0.796875,2,,,,,,,,,,,,,,,,,,,,,,,,,,,,,
S17,EMATent,0.9775194525718689,0.9775194525718689,0.6330366134643555,1.0,0.20674416422843933,0.5,0.29325583577156067,0.0,0.0,2,64,22,0.34375,42.0,0.65625,0.65625,2,,,,,,,,,,,,,,,,,,,,,,,,,,,,,
S17,EMATent,0.8563792705535889,0.8563792705535889,0.7412769198417664,1.0,0.24308621883392334,0.5,0.25691378116607666,0.0,0.0,3,64,39,0.609375,25.0,0.390625,0.609375,2,,,,,,,,,,,,,,,,,,,,,,,,,,,,,
S17,EMATent,0.9735836982727051,0.9735836982727051,0.6078885197639465,1.0,0.2079248905181885,0.5,0.29207510948181153,0.0,0.0,4,30,0,0.0,30.0,1.0,1.0,1,,,,,,,,,,,,,,,,,,,,,,,,,,,,,
S17,DynaMixEMATent,,,,,,,,,,0,64,38,0.59375,26.0,0.40625,0.59375,2,0.03995324671268463,0.21182793378829956,0.21182793378829956,0.17187468707561493,0.8423401346565502,0.09411148520695987,0.06354838013648986,0.10049796829939472,13.556987762451172,0.19999999999999996,1.0,0.28777456283569336,0.2,0.0,1.0,0.0,0.0,64.0,1.0,1.0,1.0,0.09375,,,,,,,
S17,DynaMixEMATent,,,,,,,,,,1,64,51,0.796875,13.0,0.203125,0.796875,2,0.013636783696711063,0.11389818787574768,0.11389818787574768,0.10026140511035919,0.820673494026934,0.1451570496103417,0.0341694563627243,0.1502924613086749,20.846471786499023,0.19999999999999996,0.0,0.2224973440170288,0.2,0.0,1.0,0.0,0.0,64.0,1.0,1.0,1.0,0.296875,,,,,,,
S17,DynaMixEMATent,,,,,,,,,,2,64,22,0.34375,42.0,0.65625,0.65625,2,0.0322720929980278,0.24029159545898438,0.24029159545898438,0.20801950991153717,0.6991942523665687,0.22871826899573602,0.07208747863769531,0.2464868872121111,36.22513389587402,0.19999999999999996,1.0,0.6162108182907104,0.2,0.0,1.0,6.0,0.09375,58.0,0.90625,0.90625,2.0,0.15625,,,,,,,
S17,DynaMixEMATent,,,,,,,,,,3,64,39,0.609375,25.0,0.390625,0.609375,2,0.022896286100149155,0.12229607999324799,0.12229607999324799,0.09939979016780853,0.6828120187551213,0.2804991572469044,0.03668882399797439,0.29118229315167266,44.052083015441895,0.19999999999999996,0.0,0.5151565074920654,0.2,0.0,1.0,5.0,0.078125,59.0,0.921875,0.921875,2.0,0.109375,,,,,,,
S17,DynaMixEMATent,,,,,,,,,,4,30,0,0.0,30.0,1.0,1.0,1,0.029037507250905037,0.2958638072013855,0.2958638072013855,0.2668263018131256,0.6026323277395537,0.3086085301000306,0.08875914216041565,0.33866845131559975,52.92799723148346,0.19999999999999996,1.0,0.6161671876907349,0.2,0.0,1.0,30.0,1.0,0.0,0.0,1.0,1.0,0.5,,,,,,,
S17,TEMA,,,,,,,,,,0,64,38,0.59375,26.0,0.40625,0.59375,2,,,,,,,,,,,,,,,,,,,,,,,,,,,,,
S17,TEMA,,,,,,,,,,1,64,51,0.796875,13.0,0.203125,0.796875,2,,,,,,,,,,,,,,,,,,,,,,,,,,,,,
S17,TEMA,,,,,,,,,,2,64,22,0.34375,42.0,0.65625,0.65625,2,,,,,,,,,,,,,,,,,,,,,,,,,,,,,
S17,TEMA,,,,,,,,,,3,64,39,0.609375,25.0,0.390625,0.609375,2,,,,,,,,,,,,,,,,,,,,,,,,,,,,,
S17,TEMA,,,,,,,,,,4,30,0,0.0,30.0,1.0,1.0,1,,,,,,,,,,,,,,,,,,,,,,,,,,,,,
S17,DUA,,,,,,,,,,0,64,38,0.59375,26.0,0.40625,0.59375,2,,,,,,,,,,,,,,,,,,,,,,,0.099,,,,,,
S17,DUA,,,,,,,,,,1,64,51,0.796875,13.0,0.203125,0.796875,2,,,,,,,,,,,,,,,,,,,,,,,0.09336,,,,,,
S17,DUA,,,,,,,,,,2,64,22,0.34375,42.0,0.65625,0.65625,2,,,,,,,,,,,,,,,,,,,,,,,0.0880584,,,,,,
S17,DUA,,,,,,,,,,3,64,39,0.609375,25.0,0.390625,0.609375,2,,,,,,,,,,,,,,,,,,,,,,,0.083074896,,,,,,
S17,DUA,,,,,,,,,,4,30,0,0.0,30.0,1.0,1.0,1,,,,,,,,,,,,,,,,,,,,,,,0.07839040223999999,,,,,,
S17,RoTTA,,,,,,,,,,0,64,38,0.59375,26.0,0.40625,0.59375,2,,,,,,,,,,,,,,,,,,,,,,,,62.0,,,,,
S17,RoTTA,,,,,,,,,,1,64,51,0.796875,13.0,0.203125,0.796875,2,,,,,,,,,,,,,,,,,,,,,,,,64.0,,,,,
S17,RoTTA,,,,,,,,,,2,64,22,0.34375,42.0,0.65625,0.65625,2,,,,,,,,,,,,,,,,,,,,,,,,64.0,,,,,
S17,RoTTA,,,,,,,,,,3,64,39,0.609375,25.0,0.390625,0.609375,2,,,,,,,,,,,,,,,,,,,,,,,,64.0,,,,,
S17,RoTTA,,,,,,,,,,4,30,0,0.0,30.0,1.0,1.0,1,,,,,,,,,,,,,,,,,,,,,,,,64.0,,,,,
S17,NOTE,,,,,,,,,,0,64,38,0.59375,26.0,0.40625,0.59375,2,,,,,,,,,,,,,,,,,,,,,,,,,64.0,1.0,0.672059953212738,,
S17,NOTE,,,,,,,,,,1,64,51,0.796875,13.0,0.203125,0.796875,2,,,,,,,,,,,,,,,,,,,,,,,,,64.0,1.0,0.6141308546066284,,
S17,NOTE,,,,,,,,,,2,64,22,0.34375,42.0,0.65625,0.65625,2,,,,,,,,,,,,,,,,,,,,,,,,,64.0,1.0,0.5951077342033386,,
S17,NOTE,,,,,,,,,,3,64,39,0.609375,25.0,0.390625,0.609375,2,,,,,,,,,,,,,,,,,,,,,,,,,64.0,1.0,0.5786061882972717,,
S17,NOTE,,,,,,,,,,4,30,0,0.0,30.0,1.0,1.0,1,,,,,,,,,,,,,,,,,,,,,,,,,64.0,0.0,,,
S17,DELTA,,,,,,,,,,0,64,38,0.59375,26.0,0.40625,0.59375,2,,,,,,,,,,,,,,,,,,,,,,,,,,,,,0.0
S17,DELTA,,,,,,,,,,1,64,51,0.796875,13.0,0.203125,0.796875,2,,,,,,,,,,,,,,,,,,,,,,,,,,,,0.1114502027630806,27.0
S17,DELTA,,,,,,,,,,2,64,22,0.34375,42.0,0.65625,0.65625,2,,,,,,,,,,,,,,,,,,,,,,,,,,,,0.16755780577659607,27.0
S17,DELTA,,,,,,,,,,3,64,39,0.609375,25.0,0.390625,0.609375,2,,,,,,,,,,,,,,,,,,,,,,,,,,,,0.18469026684761047,25.0
S17,DELTA,,,,,,,,,,4,30,0,0.0,30.0,1.0,1.0,1,,,,,,,,,,,,,,,,,,,,,,,,,,,,0.3004177212715149,7.0
S18,EMATent,0.770175039768219,0.770175039768219,0.860134482383728,1.0,0.2689474880695343,0.5,0.2310525119304657,0.0,0.0,0,64,42,0.65625,22.0,0.34375,0.65625,2,,,,,,,,,,,,,,,,,,,,,,,,,,,,,
S18,EMATent,0.5327948927879333,0.5327948927879333,0.956236720085144,1.0,0.34016153216362,0.5,0.15983846783638,0.0,0.0,1,64,25,0.390625,39.0,0.609375,0.609375,2,,,,,,,,,,,,,,,,,,,,,,,,,,,,,
S18,EMATent,0.4659685492515564,0.4659685492515564,0.9009526371955872,1.0,0.3602094352245331,0.5,0.13979056477546692,0.0,0.0,2,64,26,0.40625,38.0,0.59375,0.59375,2,,,,,,,,,,,,,,,,,,,,,,,,,,,,,
S18,EMATent,0.9316912293434143,0.9316912293434143,0.8558262586593628,1.0,0.2204926311969757,0.5,0.2795073688030243,0.0,0.0,3,63,42,0.6666666666666666,21.0,0.3333333333333333,0.6666666666666666,2,,,,,,,,,,,,,,,,,,,,,,,,,,,,,
S18,DynaMixEMATent,,,,,,,,,,0,64,42,0.65625,22.0,0.34375,0.65625,2,0.3030526638031006,0.770175039768219,0.770175039768219,0.4671223759651184,0.5231850163690472,0.24576247170048704,0.2310525119304657,0.31960891415027715,49.291202545166016,0.19999999999999996,1.0,0.41580405831336975,0.2,0.0,1.0,5.0,0.078125,59.0,0.921875,0.921875,2.0,0.15625,,,,,,,
S18,DynaMixEMATent,,,,,,,,,,1,64,25,0.390625,39.0,0.609375,0.609375,2,0.3461194634437561,0.48555004596710205,0.48555004596710205,0.13943059742450714,0.4559854173575143,0.39834956885235506,0.1456650137901306,0.4662685893499152,80.36640548706055,0.19999999999999996,1.0,0.2837616205215454,0.2,0.0,1.0,7.0,0.109375,57.0,0.890625,0.890625,2.0,0.109375,,,,,,,
S18,DynaMixEMATent,,,,,,,,,,2,64,26,0.40625,38.0,0.59375,0.59375,2,0.04602862149477005,0.23766569793224335,0.23766569793224335,0.1916370838880539,0.44013904127011655,0.48856124935021045,0.071299709379673,0.5260698788237431,95.57701015472412,0.19999999999999996,1.0,0.39469748735427856,0.2,0.0,1.0,0.0,0.0,64.0,1.0,1.0,1.0,0.09375,,,,,,,
S18,DynaMixEMATent,,,,,,,,,,3,63,42,0.6666666666666666,21.0,0.3333333333333333,0.6666666666666666,2,0.6666673421859741,0.9975183010101318,0.9975183010101318,0.3308509290218353,0.20325918224537315,0.4974853274515873,0.29925549030303955,0.7099382450627072,158.42066311836243,0.19999999999999996,1.0,0.49597597122192383,0.2,0.0,1.0,46.0,0.7301587301587301,17.0,0.2698412698412698,0.7301587301587301,2.0,0.16666666666666663,,,,,,,
S18,TEMA,,,,,,,,,,0,64,42,0.65625,22.0,0.34375,0.65625,2,,,,,,,,,,,,,,,,,,,,,,,,,,,,,
S18,TEMA,,,,,,,,,,1,64,25,0.390625,39.0,0.609375,0.609375,2,,,,,,,,,,,,,,,,,,,,,,,,,,,,,
S18,TEMA,,,,,,,,,,2,64,26,0.40625,38.0,0.59375,0.59375,2,,,,,,,,,,,,,,,,,,,,,,,,,,,,,
S18,TEMA,,,,,,,,,,3,63,42,0.6666666666666666,21.0,0.3333333333333333,0.6666666666666666,2,,,,,,,,,,,,,,,,,,,,,,,,,,,,,
S18,DUA,,,,,,,,,,0,64,42,0.65625,22.0,0.34375,0.65625,2,,,,,,,,,,,,,,,,,,,,,,,0.099,,,,,,
S18,DUA,,,,,,,,,,1,64,25,0.390625,39.0,0.609375,0.609375,2,,,,,,,,,,,,,,,,,,,,,,,0.09336,,,,,,
S18,DUA,,,,,,,,,,2,64,26,0.40625,38.0,0.59375,0.59375,2,,,,,,,,,,,,,,,,,,,,,,,0.0880584,,,,,,
S18,DUA,,,,,,,,,,3,63,42,0.6666666666666666,21.0,0.3333333333333333,0.6666666666666666,2,,,,,,,,,,,,,,,,,,,,,,,0.083074896,,,,,,
S18,RoTTA,,,,,,,,,,0,64,42,0.65625,22.0,0.34375,0.65625,2,,,,,,,,,,,,,,,,,,,,,,,,55.0,,,,,
S18,RoTTA,,,,,,,,,,1,64,25,0.390625,39.0,0.609375,0.609375,2,,,,,,,,,,,,,,,,,,,,,,,,64.0,,,,,
S18,RoTTA,,,,,,,,,,2,64,26,0.40625,38.0,0.59375,0.59375,2,,,,,,,,,,,,,,,,,,,,,,,,64.0,,,,,
S18,RoTTA,,,,,,,,,,3,63,42,0.6666666666666666,21.0,0.3333333333333333,0.6666666666666666,2,,,,,,,,,,,,,,,,,,,,,,,,64.0,,,,,
S18,NOTE,,,,,,,,,,0,64,42,0.65625,22.0,0.34375,0.65625,2,,,,,,,,,,,,,,,,,,,,,,,,,64.0,1.0,0.6534009575843811,,
S18,NOTE,,,,,,,,,,1,64,25,0.390625,39.0,0.609375,0.609375,2,,,,,,,,,,,,,,,,,,,,,,,,,64.0,1.0,0.6107003688812256,,
S18,NOTE,,,,,,,,,,2,64,26,0.40625,38.0,0.59375,0.59375,2,,,,,,,,,,,,,,,,,,,,,,,,,64.0,1.0,0.6408334970474243,,
S18,NOTE,,,,,,,,,,3,63,42,0.6666666666666666,21.0,0.3333333333333333,0.6666666666666666,2,,,,,,,,,,,,,,,,,,,,,,,,,64.0,0.0,,,
S18,DELTA,,,,,,,,,,0,64,42,0.65625,22.0,0.34375,0.65625,2,,,,,,,,,,,,,,,,,,,,,,,,,,,,,0.0
S18,DELTA,,,,,,,,,,1,64,25,0.390625,39.0,0.609375,0.609375,2,,,,,,,,,,,,,,,,,,,,,,,,,,,,0.18735867738723755,13.0
S18,DELTA,,,,,,,,,,2,64,26,0.40625,38.0,0.59375,0.59375,2,,,,,,,,,,,,,,,,,,,,,,,,,,,,0.3126980662345886,1.0
S18,DELTA,,,,,,,,,,3,63,42,0.6666666666666666,21.0,0.3333333333333333,0.6666666666666666,2,,,,,,,,,,,,,,,,,,,,,,,,,,,,0.10520201176404953,30.0
S19,EMATent,0.7242984175682068,0.7242984175682068,0.8157329559326172,1.0,0.282710474729538,0.5,0.21728952527046203,0.0,0.0,0,64,32,0.5,32.0,0.5,0.5,2,,,,,,,,,,,,,,,,,,,,,,,,,,,,,
S19,EMATent,0.888750433921814,0.888750433921814,0.8141810894012451,1.0,0.23337486982345582,0.5,0.26662513017654416,0.0,0.0,1,64,32,0.5,32.0,0.5,0.5,2,,,,,,,,,,,,,,,,,,,,,,,,,,,,,
S19,EMATent,0.4847395122051239,0.4847395122051239,0.8950811624526978,1.0,0.35457814633846285,0.5,0.14542185366153718,0.0,0.0,2,64,6,0.09375,58.0,0.90625,0.90625,2,,,,,,,,,,,,,,,,,,,,,,,,,,,,,
S19,EMATent,0.5145386457443237,0.5145386457443237,0.8882418870925903,1.0,0.3456384062767029,0.5,0.1543615937232971,0.0,0.0,3,9,8,0.8888888888888888,1.0,0.1111111111111111,0.8888888888888888,2,,,,,,,,,,,,,,,,,,,,,,,,,,,,,
S19,DynaMixEMATent,,,,,,,,,,0,64,32,0.5,32.0,0.5,0.5,2,0.12227596342563629,0.7242984175682068,0.7242984175682068,0.6020224094390869,0.5449061918229108,0.23780428290662708,0.21728952527046203,0.3038215158533547,46.355098724365234,0.19999999999999996,1.0,0.5188937187194824,0.2,0.0,1.0,1.0,0.015625,63.0,0.984375,0.984375,2.0,0.0,,,,,,,
S19,DynaMixEMATent,,,,,,,,,,1,64,32,0.5,32.0,0.5,0.5,2,0.24541373550891876,0.8074066042900085,0.8074066042900085,0.561992883682251,0.3523193401008605,0.4054586786121369,0.24222198128700256,0.5350626022390619,98.02912139892578,0.19999999999999996,1.0,0.552636981010437,0.2,0.0,1.0,15.0,0.234375,49.0,0.765625,0.765625,2.0,0.0,,,,,,,
S19,DynaMixEMATent,,,,,,,,,,2,64,6,0.09375,58.0,0.90625,0.90625,2,0.07356063276529312,0.4750177562236786,0.4750177562236786,0.40145713090896606,0.3143960754745821,0.5430985976583143,0.14250532686710357,0.6333550687540466,128.4302577972412,0.19999999999999996,1.0,0.4660649001598358,0.2,0.0,1.0,2.0,0.03125,62.0,0.96875,0.96875,2.0,0.40625,,,,,,,
S19,DynaMixEMATent,,,,,,,,,,3,9,8,0.8888888888888888,1.0,0.1111111111111111,0.8888888888888888,2,0.17628492414951324,0.7194223403930664,0.7194223403930664,0.5431374311447144,0.27333120549652046,0.5108420923855597,0.2158267021179199,0.6514403050515212,134.9050588607788,0.19999999999999996,1.0,0.6075165867805481,0.2,0.0,1.0,1.0,0.1111111111111111,8.0,0.8888888888888888,0.8888888888888888,2.0,0.38888888888888884,,,,,,,
S19,TEMA,,,,,,,,,,0,64,32,0.5,32.0,0.5,0.5,2,,,,,,,,,,,,,,,,,,,,,,,,,,,,,
S19,TEMA,,,,,,,,,,1,64,32,0.5,32.0,0.5,0.5,2,,,,,,,,,,,,,,,,,,,,,,,,,,,,,
S19,TEMA,,,,,,,,,,2,64,6,0.09375,58.0,0.90625,0.90625,2,,,,,,,,,,,,,,,,,,,,,,,,,,,,,
S19,TEMA,,,,,,,,,,3,9,8,0.8888888888888888,1.0,0.1111111111111111,0.8888888888888888,2,,,,,,,,,,,,,,,,,,,,,,,,,,,,,
S19,DUA,,,,,,,,,,0,64,32,0.5,32.0,0.5,0.5,2,,,,,,,,,,,,,,,,,,,,,,,0.099,,,,,,
S19,DUA,,,,,,,,,,1,64,32,0.5,32.0,0.5,0.5,2,,,,,,,,,,,,,,,,,,,,,,,0.09336,,,,,,
S19,DUA,,,,,,,,,,2,64,6,0.09375,58.0,0.90625,0.90625,2,,,,,,,,,,,,,,,,,,,,,,,0.0880584,,,,,,
S19,DUA,,,,,,,,,,3,9,8,0.8888888888888888,1.0,0.1111111111111111,0.8888888888888888,2,,,,,,,,,,,,,,,,,,,,,,,0.083074896,,,,,,
S19,RoTTA,,,,,,,,,,0,64,32,0.5,32.0,0.5,0.5,2,,,,,,,,,,,,,,,,,,,,,,,,59.0,,,,,
S19,RoTTA,,,,,,,,,,1,64,32,0.5,32.0,0.5,0.5,2,,,,,,,,,,,,,,,,,,,,,,,,64.0,,,,,
S19,RoTTA,,,,,,,,,,2,64,6,0.09375,58.0,0.90625,0.90625,2,,,,,,,,,,,,,,,,,,,,,,,,64.0,,,,,
S19,RoTTA,,,,,,,,,,3,9,8,0.8888888888888888,1.0,0.1111111111111111,0.8888888888888888,2,,,,,,,,,,,,,,,,,,,,,,,,64.0,,,,,
S19,NOTE,,,,,,,,,,0,64,32,0.5,32.0,0.5,0.5,2,,,,,,,,,,,,,,,,,,,,,,,,,64.0,1.0,0.6273719072341919,,
S19,NOTE,,,,,,,,,,1,64,32,0.5,32.0,0.5,0.5,2,,,,,,,,,,,,,,,,,,,,,,,,,64.0,1.0,0.554661750793457,,
S19,NOTE,,,,,,,,,,2,64,6,0.09375,58.0,0.90625,0.90625,2,,,,,,,,,,,,,,,,,,,,,,,,,64.0,1.0,0.5250953435897827,,
S19,NOTE,,,,,,,,,,3,9,8,0.8888888888888888,1.0,0.1111111111111111,0.8888888888888888,2,,,,,,,,,,,,,,,,,,,,,,,,,64.0,0.0,,,
S19,DELTA,,,,,,,,,,0,64,32,0.5,32.0,0.5,0.5,2,,,,,,,,,,,,,,,,,,,,,,,,,,,,,0.0
S19,DELTA,,,,,,,,,,1,64,32,0.5,32.0,0.5,0.5,2,,,,,,,,,,,,,,,,,,,,,,,,,,,,0.051411405205726624,61.0
S19,DELTA,,,,,,,,,,2,64,6,0.09375,58.0,0.90625,0.90625,2,,,,,,,,,,,,,,,,,,,,,,,,,,,,0.10782628506422043,24.0
S19,DELTA,,,,,,,,,,3,9,8,0.8888888888888888,1.0,0.1111111111111111,0.8888888888888888,2,,,,,,,,,,,,,,,,,,,,,,,,,,,,0.0834004133939743,5.0
S20,EMATent,0.8606293201446533,0.8606293201446533,0.8998771905899048,1.0,0.24181120395660402,0.5,0.258188796043396,0.0,0.0,0,64,28,0.4375,36.0,0.5625,0.5625,2,,,,,,,,,,,,,,,,,,,,,,,,,,,,,
S20,EMATent,0.9470159411430359,0.9470159411430359,0.7978097796440125,1.0,0.21589521765708924,0.5,0.28410478234291076,0.0,0.0,1,64,13,0.203125,51.0,0.796875,0.796875,2,,,,,,,,,,,,,,,,,,,,,,,,,,,,,
S20,EMATent,0.3597964346408844,0.3597964346408844,0.9470077753067017,1.0,0.3920610696077347,0.5,0.10793893039226532,0.0,0.0,2,64,35,0.546875,29.0,0.453125,0.546875,2,,,,,,,,,,,,,,,,,,,,,,,,,,,,,
S20,EMATent,0.9940611124038696,0.9940611124038696,0.7420542240142822,1.0,0.20178166627883912,0.5,0.29821833372116086,0.0,0.0,3,64,15,0.234375,49.0,0.765625,0.765625,2,,,,,,,,,,,,,,,,,,,,,,,,,,,,,
S20,EMATent,0.9999992847442627,0.9999992847442627,0.6968688368797302,1.0,0.2000002145767212,0.5,0.2999997854232788,0.0,0.0,4,27,27,1.0,,,1.0,1,,,,,,,,,,,,,,,,,,,,,,,,,,,,,
S20,DynaMixEMATent,,,,,,,,,,0,64,28,0.4375,36.0,0.5625,0.5625,2,0.5273417830467224,0.8606293201446533,0.8606293201446533,0.33328747749328613,0.4824031178573652,0.2594080860992388,0.258188796043396,0.34969556231509036,55.08027648925781,0.19999999999999996,1.0,0.5815418362617493,0.2,0.0,1.0,16.0,0.25,48.0,0.75,0.75,2.0,0.0625,,,,,,,
S20,DynaMixEMATent,,,,,,,,,,1,64,13,0.203125,51.0,0.796875,0.796875,2,0.2917681038379669,0.644730269908905,0.644730269908905,0.3529621958732605,0.3799822081928869,0.4265987108344416,0.1934190809726715,0.5288975982086028,96.34301376342773,0.19999999999999996,1.0,0.5301662683486938,0.2,0.0,1.0,9.0,0.140625,55.0,0.859375,0.859375,2.0,0.296875,,,,,,,
S20,DynaMixEMATent,,,,,,,,,,2,64,35,0.546875,29.0,0.453125,0.546875,2,0.12402935326099396,0.197906494140625,0.197906494140625,0.07387714087963104,0.4013824647689732,0.5392455869888393,0.0593719482421875,0.5732824850174478,109.00902938842773,0.19999999999999996,0.0,0.395682692527771,0.2,0.0,1.0,51.0,0.796875,13.0,0.203125,0.796875,2.0,0.046875,,,,,,,
S20,DynaMixEMATent,,,,,,,,,,3,64,15,0.234375,49.0,0.765625,0.765625,2,0.14398826658725739,0.3127795457839966,0.3127795457839966,0.1687912791967392,0.33069610689553014,0.5754700293692708,0.09383386373519897,0.6350601797385047,129.02692031860352,0.19999999999999996,1.0,0.5206683278083801,0.2,0.0,1.0,34.0,0.53125,30.0,0.46875,0.53125,2.0,0.265625,,,,,,,
S20,DynaMixEMATent,,,,,,,,,,4,27,27,1.0,,,1.0,1,0.4790317416191101,0.8704106211662292,0.8704106211662292,0.39137890934944153,0.22441705161716538,0.5144597620329658,0.26112318634986875,0.6962727108616105,152.5280070900917,0.19999999999999996,1.0,0.38311251997947693,0.2,0.0,1.0,24.0,0.8888888888888888,3.0,0.1111111111111111,0.8888888888888888,2.0,0.0,,,,,,,
S20,TEMA,,,,,,,,,,0,64,28,0.4375,36.0,0.5625,0.5625,2,,,,,,,,,,,,,,,,,,,,,,,,,,,,,
S20,TEMA,,,,,,,,,,1,64,13,0.203125,51.0,0.796875,0.796875,2,,,,,,,,,,,,,,,,,,,,,,,,,,,,,
S20,TEMA,,,,,,,,,,2,64,35,0.546875,29.0,0.453125,0.546875,2,,,,,,,,,,,,,,,,,,,,,,,,,,,,,
S20,TEMA,,,,,,,,,,3,64,15,0.234375,49.0,0.765625,0.765625,2,,,,,,,,,,,,,,,,,,,,,,,,,,,,,
S20,TEMA,,,,,,,,,,4,27,27,1.0,0.0,0.0,1.0,1,,,,,,,,,,,,,,,,,,,,,,,,,,,,,
S20,DUA,,,,,,,,,,0,64,28,0.4375,36.0,0.5625,0.5625,2,,,,,,,,,,,,,,,,,,,,,,,0.099,,,,,,
S20,DUA,,,,,,,,,,1,64,13,0.203125,51.0,0.796875,0.796875,2,,,,,,,,,,,,,,,,,,,,,,,0.09336,,,,,,
S20,DUA,,,,,,,,,,2,64,35,0.546875,29.0,0.453125,0.546875,2,,,,,,,,,,,,,,,,,,,,,,,0.0880584,,,,,,
S20,DUA,,,,,,,,,,3,64,15,0.234375,49.0,0.765625,0.765625,2,,,,,,,,,,,,,,,,,,,,,,,0.083074896,,,,,,
S20,DUA,,,,,,,,,,4,27,27,1.0,0.0,0.0,1.0,1,,,,,,,,,,,,,,,,,,,,,,,0.07839040223999999,,,,,,
S20,RoTTA,,,,,,,,,,0,64,28,0.4375,36.0,0.5625,0.5625,2,,,,,,,,,,,,,,,,,,,,,,,,64.0,,,,,
S20,RoTTA,,,,,,,,,,1,64,13,0.203125,51.0,0.796875,0.796875,2,,,,,,,,,,,,,,,,,,,,,,,,64.0,,,,,
S20,RoTTA,,,,,,,,,,2,64,35,0.546875,29.0,0.453125,0.546875,2,,,,,,,,,,,,,,,,,,,,,,,,64.0,,,,,
S20,RoTTA,,,,,,,,,,3,64,15,0.234375,49.0,0.765625,0.765625,2,,,,,,,,,,,,,,,,,,,,,,,,64.0,,,,,
S20,RoTTA,,,,,,,,,,4,27,27,1.0,0.0,0.0,1.0,1,,,,,,,,,,,,,,,,,,,,,,,,64.0,,,,,
S20,NOTE,,,,,,,,,,0,64,28,0.4375,36.0,0.5625,0.5625,2,,,,,,,,,,,,,,,,,,,,,,,,,64.0,1.0,0.5974017381668091,,
S20,NOTE,,,,,,,,,,1,64,13,0.203125,51.0,0.796875,0.796875,2,,,,,,,,,,,,,,,,,,,,,,,,,64.0,1.0,0.5783590078353882,,
S20,NOTE,,,,,,,,,,2,64,35,0.546875,29.0,0.453125,0.546875,2,,,,,,,,,,,,,,,,,,,,,,,,,64.0,1.0,0.6176981329917908,,
S20,NOTE,,,,,,,,,,3,64,15,0.234375,49.0,0.765625,0.765625,2,,,,,,,,,,,,,,,,,,,,,,,,,64.0,1.0,0.5240867137908936,,
S20,NOTE,,,,,,,,,,4,27,27,1.0,0.0,0.0,1.0,1,,,,,,,,,,,,,,,,,,,,,,,,,64.0,0.0,,,
S20,DELTA,,,,,,,,,,0,64,28,0.4375,36.0,0.5625,0.5625,2,,,,,,,,,,,,,,,,,,,,,,,,,,,,0.33535802364349365,1.0
S20,DELTA,,,,,,,,,,1,64,13,0.203125,51.0,0.796875,0.796875,2,,,,,,,,,,,,,,,,,,,,,,,,,,,,0.17870131134986877,21.0
S20,DELTA,,,,,,,,,,2,64,35,0.546875,29.0,0.453125,0.546875,2,,,,,,,,,,,,,,,,,,,,,,,,,,,,0.08811680972576141,51.0
S20,DELTA,,,,,,,,,,3,64,15,0.234375,49.0,0.765625,0.765625,2,,,,,,,,,,,,,,,,,,,,,,,,,,,,0.22556540369987488,19.0
S20,DELTA,,,,,,,,,,4,27,27,1.0,0.0,0.0,1.0,1,,,,,,,,,,,,,,,,,,,,,,,,,,,,0.31373581290245056,1.0
S21,EMATent,0.8295466899871826,0.8295466899871826,0.7448365688323975,1.0,0.2511359930038452,0.5,0.24886400699615477,0.0,0.0,0,64,2,0.03125,62.0,0.96875,0.96875,2,,,,,,,,,,,,,,,,,,,,,,,,,,,,,
S21,EMATent,0.9227832555770874,0.9227832555770874,0.6774663925170898,1.0,0.2231650233268738,0.5,0.27683497667312623,0.0,0.0,1,64,29,0.453125,35.0,0.546875,0.546875,2,,,,,,,,,,,,,,,,,,,,,,,,,,,,,
S21,EMATent,0.9240015745162964,0.9240015745162964,0.6711828708648682,1.0,0.2227995276451111,0.5,0.2772004723548889,0.0,0.0,2,64,38,0.59375,26.0,0.40625,0.59375,2,,,,,,,,,,,,,,,,,,,,,,,,,,,,,
S21,EMATent,0.9996209740638733,0.9996209740638733,0.5937983989715576,1.0,0.20011370778083803,0.5,0.29988629221916197,0.0,0.0,3,64,40,0.625,24.0,0.375,0.625,2,,,,,,,,,,,,,,,,,,,,,,,,,,,,,
S21,EMATent,0.9767410755157471,0.9767410755157471,0.6000666618347168,1.0,0.2069776773452759,0.5,0.2930223226547241,0.0,0.0,4,32,23,0.71875,9.0,0.28125,0.71875,2,,,,,,,,,,,,,,,,,,,,,,,,,,,,,
S21,DynaMixEMATent,,,,,,,,,,0,64,2,0.03125,62.0,0.96875,0.96875,2,0.07222437113523483,0.8295466899871826,0.8295466899871826,0.7573223114013672,0.49611778730559564,0.2550182056982496,0.24886400699615477,0.3395100329015176,53.09098815917969,0.19999999999999996,1.0,0.6662874221801758,0.2,0.0,1.0,28.0,0.4375,36.0,0.5625,0.5625,2.0,0.46875,,,,,,,
S21,DynaMixEMATent,,,,,,,,,,1,64,29,0.453125,35.0,0.546875,0.546875,2,0.07598735392093658,0.8271903991699219,0.8271903991699219,0.7512030005455017,0.3283758451386382,0.42346703511038525,0.24815711975097654,0.5632387380859756,106.03117370605469,0.19999999999999996,1.0,0.669824481010437,0.2,0.0,1.0,18.0,0.28125,46.0,0.71875,0.71875,2.0,0.046875,,,,,,,
S21,DynaMixEMATent,,,,,,,,,,2,64,38,0.59375,26.0,0.40625,0.59375,2,0.07786952704191208,0.756272554397583,0.756272554397583,0.6784030199050903,0.23134894830138808,0.541769285379337,0.2268817663192749,0.7007586443797051,154.4326171875,0.19999999999999996,1.0,0.6679763793945312,0.2,0.0,1.0,11.0,0.171875,53.0,0.828125,0.828125,2.0,0.09375,,,,,,,
S21,DynaMixEMATent,,,,,,,,,,3,64,40,0.625,24.0,0.375,0.625,2,0.07931040227413177,0.8777186274528503,0.8777186274528503,0.7984082102775574,0.1421375795212027,0.5945468322429421,0.2633155882358551,0.8070577071383599,210.60660934448242,0.19999999999999996,1.0,0.6588007807731628,0.2,0.0,1.0,5.0,0.078125,59.0,0.921875,0.921875,2.0,0.125,,,,,,,
S21,DynaMixEMATent,,,,,,,,,,4,32,23,0.71875,9.0,0.28125,0.71875,2,0.04730868712067604,0.7259833216667175,0.7259833216667175,0.6786746382713318,0.12587091442101453,0.6563340890789703,0.21779499650001524,0.8390819365028301,233.83807563781738,0.19999999999999996,1.0,0.6700672507286072,0.2,0.0,1.0,6.0,0.1875,26.0,0.8125,0.8125,2.0,0.21875,,,,,,,
S21,TEMA,,,,,,,,,,0,64,2,0.03125,62.0,0.96875,0.96875,2,,,,,,,,,,,,,,,,,,,,,,,,,,,,,
S21,TEMA,,,,,,,,,,1,64,29,0.453125,35.0,0.546875,0.546875,2,,,,,,,,,,,,,,,,,,,,,,,,,,,,,
S21,TEMA,,,,,,,,,,2,64,38,0.59375,26.0,0.40625,0.59375,2,,,,,,,,,,,,,,,,,,,,,,,,,,,,,
S21,TEMA,,,,,,,,,,3,64,40,0.625,24.0,0.375,0.625,2,,,,,,,,,,,,,,,,,,,,,,,,,,,,,
S21,TEMA,,,,,,,,,,4,32,23,0.71875,9.0,0.28125,0.71875,2,,,,,,,,,,,,,,,,,,,,,,,,,,,,,
S21,DUA,,,,,,,,,,0,64,2,0.03125,62.0,0.96875,0.96875,2,,,,,,,,,,,,,,,,,,,,,,,0.099,,,,,,
S21,DUA,,,,,,,,,,1,64,29,0.453125,35.0,0.546875,0.546875,2,,,,,,,,,,,,,,,,,,,,,,,0.09336,,,,,,
S21,DUA,,,,,,,,,,2,64,38,0.59375,26.0,0.40625,0.59375,2,,,,,,,,,,,,,,,,,,,,,,,0.0880584,,,,,,
S21,DUA,,,,,,,,,,3,64,40,0.625,24.0,0.375,0.625,2,,,,,,,,,,,,,,,,,,,,,,,0.083074896,,,,,,
S21,DUA,,,,,,,,,,4,32,23,0.71875,9.0,0.28125,0.71875,2,,,,,,,,,,,,,,,,,,,,,,,0.07839040223999999,,,,,,
S21,RoTTA,,,,,,,,,,0,64,2,0.03125,62.0,0.96875,0.96875,2,,,,,,,,,,,,,,,,,,,,,,,,61.0,,,,,
S21,RoTTA,,,,,,,,,,1,64,29,0.453125,35.0,0.546875,0.546875,2,,,,,,,,,,,,,,,,,,,,,,,,64.0,,,,,
S21,RoTTA,,,,,,,,,,2,64,38,0.59375,26.0,0.40625,0.59375,2,,,,,,,,,,,,,,,,,,,,,,,,64.0,,,,,
S21,RoTTA,,,,,,,,,,3,64,40,0.625,24.0,0.375,0.625,2,,,,,,,,,,,,,,,,,,,,,,,,64.0,,,,,
S21,RoTTA,,,,,,,,,,4,32,23,0.71875,9.0,0.28125,0.71875,2,,,,,,,,,,,,,,,,,,,,,,,,64.0,,,,,
S21,NOTE,,,,,,,,,,0,64,2,0.03125,62.0,0.96875,0.96875,2,,,,,,,,,,,,,,,,,,,,,,,,,64.0,1.0,0.6269296407699585,,
S21,NOTE,,,,,,,,,,1,64,29,0.453125,35.0,0.546875,0.546875,2,,,,,,,,,,,,,,,,,,,,,,,,,64.0,1.0,0.5794376134872437,,
S21,NOTE,,,,,,,,,,2,64,38,0.59375,26.0,0.40625,0.59375,2,,,,,,,,,,,,,,,,,,,,,,,,,64.0,1.0,0.6403946876525879,,
S21,NOTE,,,,,,,,,,3,64,40,0.625,24.0,0.375,0.625,2,,,,,,,,,,,,,,,,,,,,,,,,,64.0,1.0,0.6160191297531128,,
S21,NOTE,,,,,,,,,,4,32,23,0.71875,9.0,0.28125,0.71875,2,,,,,,,,,,,,,,,,,,,,,,,,,64.0,0.0,,,
S21,DELTA,,,,,,,,,,0,64,2,0.03125,62.0,0.96875,0.96875,2,,,,,,,,,,,,,,,,,,,,,,,,,,,,0.3252779245376587,1.0
S21,DELTA,,,,,,,,,,1,64,29,0.453125,35.0,0.546875,0.546875,2,,,,,,,,,,,,,,,,,,,,,,,,,,,,,0.0
S21,DELTA,,,,,,,,,,2,64,38,0.59375,26.0,0.40625,0.59375,2,,,,,,,,,,,,,,,,,,,,,,,,,,,,0.16674312949180603,6.0
S21,DELTA,,,,,,,,,,3,64,40,0.625,24.0,0.375,0.625,2,,,,,,,,,,,,,,,,,,,,,,,,,,,,0.19734138250350952,17.0
S21,DELTA,,,,,,,,,,4,32,23,0.71875,9.0,0.28125,0.71875,2,,,,,,,,,,,,,,,,,,,,,,,,,,,,,0.0
S22,EMATent,0.6068472862243652,0.6068472862243652,0.8516100645065308,1.0,0.3179458141326904,0.5,0.18205418586730956,0.0,0.0,0,64,26,0.40625,38.0,0.59375,0.59375,2,,,,,,,,,,,,,,,,,,,,,,,,,,,,,
S22,EMATent,0.964204728603363,0.964204728603363,0.6710325479507446,1.0,0.2107385814189911,0.5,0.2892614185810089,0.0,0.0,1,64,28,0.4375,36.0,0.5625,0.5625,2,,,,,,,,,,,,,,,,,,,,,,,,,,,,,
S22,EMATent,0.8149207234382629,0.8149207234382629,0.7664997577667236,1.0,0.25552378296852113,0.5,0.24447621703147887,0.0,0.0,2,64,42,0.65625,22.0,0.34375,0.65625,2,,,,,,,,,,,,,,,,,,,,,,,,,,,,,
S22,EMATent,0.9893826246261597,0.9893826246261597,0.6052674651145935,1.0,0.2031852126121521,0.5,0.2968147873878479,0.0,0.0,3,58,19,0.3275862068965517,39.0,0.6724137931034483,0.6724137931034483,2,,,,,,,,,,,,,,,,,,,,,,,,,,,,,
S22,DynaMixEMATent,,,,,,,,,,0,64,26,0.40625,38.0,0.59375,0.59375,2,0.05969216674566269,0.6068472862243652,0.6068472862243652,0.5471550822257996,0.6038781561792487,0.21406765795344176,0.18205418586730956,0.2617137397792403,38.838226318359375,0.19999999999999996,1.0,0.5844507217407227,0.2,0.0,1.0,58.0,0.90625,6.0,0.09375,0.90625,2.0,0.09375,,,,,,,
S22,DynaMixEMATent,,,,,,,,,,1,64,28,0.4375,36.0,0.5625,0.5625,2,0.10720375180244446,0.8826436996459961,0.8826436996459961,0.7754399180412292,0.3491167696640352,0.386090120442166,0.26479310989379884,0.5251448614503531,95.32742309570312,0.19999999999999996,1.0,0.6014248728752136,0.2,0.0,1.0,30.0,0.46875,34.0,0.53125,0.53125,2.0,0.0625,,,,,,,
S22,DynaMixEMATent,,,,,,,,,,2,64,42,0.65625,22.0,0.34375,0.65625,2,0.06532709300518036,0.6712534427642822,0.6712534427642822,0.6059263348579407,0.2711081967891283,0.527515770381587,0.20137603282928465,0.6605308531503467,138.2876434326172,0.19999999999999996,1.0,0.6320228576660156,0.2,0.0,1.0,52.0,0.8125,12.0,0.1875,0.8125,2.0,0.15625,,,,,,,
S22,DynaMixEMATent,,,,,,,,,,3,58,19,0.3275862068965517,39.0,0.6724137931034483,0.6724137931034483,2,0.029689708724617958,0.8605194687843323,0.8605194687843323,0.8308297991752625,0.17051855106205038,0.5713256083026499,0.25815584063529967,0.7701423554940718,188.19777262210846,0.19999999999999996,1.0,0.6396544575691223,0.2,0.0,1.0,11.0,0.1896551724137931,47.0,0.8103448275862069,0.8103448275862069,2.0,0.1724137931034483,,,,,,,
S22,TEMA,,,,,,,,,,0,64,26,0.40625,38.0,0.59375,0.59375,2,,,,,,,,,,,,,,,,,,,,,,,,,,,,,
S22,TEMA,,,,,,,,,,1,64,28,0.4375,36.0,0.5625,0.5625,2,,,,,,,,,,,,,,,,,,,,,,,,,,,,,
S22,TEMA,,,,,,,,,,2,64,42,0.65625,22.0,0.34375,0.65625,2,,,,,,,,,,,,,,,,,,,,,,,,,,,,,
S22,TEMA,,,,,,,,,,3,58,19,0.3275862068965517,39.0,0.6724137931034483,0.6724137931034483,2,,,,,,,,,,,,,,,,,,,,,,,,,,,,,
S22,DUA,,,,,,,,,,0,64,26,0.40625,38.0,0.59375,0.59375,2,,,,,,,,,,,,,,,,,,,,,,,0.099,,,,,,
S22,DUA,,,,,,,,,,1,64,28,0.4375,36.0,0.5625,0.5625,2,,,,,,,,,,,,,,,,,,,,,,,0.09336,,,,,,
S22,DUA,,,,,,,,,,2,64,42,0.65625,22.0,0.34375,0.65625,2,,,,,,,,,,,,,,,,,,,,,,,0.0880584,,,,,,
S22,DUA,,,,,,,,,,3,58,19,0.3275862068965517,39.0,0.6724137931034483,0.6724137931034483,2,,,,,,,,,,,,,,,,,,,,,,,0.083074896,,,,,,
S22,RoTTA,,,,,,,,,,0,64,26,0.40625,38.0,0.59375,0.59375,2,,,,,,,,,,,,,,,,,,,,,,,,54.0,,,,,
S22,RoTTA,,,,,,,,,,1,64,28,0.4375,36.0,0.5625,0.5625,2,,,,,,,,,,,,,,,,,,,,,,,,64.0,,,,,
S22,RoTTA,,,,,,,,,,2,64,42,0.65625,22.0,0.34375,0.65625,2,,,,,,,,,,,,,,,,,,,,,,,,64.0,,,,,
S22,RoTTA,,,,,,,,,,3,58,19,0.3275862068965517,39.0,0.6724137931034483,0.6724137931034483,2,,,,,,,,,,,,,,,,,,,,,,,,64.0,,,,,
S22,NOTE,,,,,,,,,,0,64,26,0.40625,38.0,0.59375,0.59375,2,,,,,,,,,,,,,,,,,,,,,,,,,64.0,1.0,0.6216052770614624,,
S22,NOTE,,,,,,,,,,1,64,28,0.4375,36.0,0.5625,0.5625,2,,,,,,,,,,,,,,,,,,,,,,,,,64.0,1.0,0.6050456762313843,,
S22,NOTE,,,,,,,,,,2,64,42,0.65625,22.0,0.34375,0.65625,2,,,,,,,,,,,,,,,,,,,,,,,,,64.0,1.0,0.6231745481491089,,
S22,NOTE,,,,,,,,,,3,58,19,0.3275862068965517,39.0,0.6724137931034483,0.6724137931034483,2,,,,,,,,,,,,,,,,,,,,,,,,,64.0,0.0,,,
S22,DELTA,,,,,,,,,,0,64,26,0.40625,38.0,0.59375,0.59375,2,,,,,,,,,,,,,,,,,,,,,,,,,,,,0.32595857977867126,3.0
S22,DELTA,,,,,,,,,,1,64,28,0.4375,36.0,0.5625,0.5625,2,,,,,,,,,,,,,,,,,,,,,,,,,,,,0.21533988416194916,17.0
S22,DELTA,,,,,,,,,,2,64,42,0.65625,22.0,0.34375,0.65625,2,,,,,,,,,,,,,,,,,,,,,,,,,,,,0.2984082102775574,4.0
S22,DELTA,,,,,,,,,,3,58,19,0.3275862068965517,39.0,0.6724137931034483,0.6724137931034483,2,,,,,,,,,,,,,,,,,,,,,,,,,,,,0.27079030871391296,14.0
S23,EMATent,0.7156593799591064,0.7156593799591064,0.8088412284851074,1.0,0.2853021860122681,0.5,0.21469781398773194,0.0,0.0,0,64,58,0.90625,6.0,0.09375,0.90625,2,,,,,,,,,,,,,,,,,,,,,,,,,,,,,
S23,EMATent,0.9984678030014038,0.9984678030014038,0.6044759154319763,1.0,0.20045965909957886,0.5,0.29954034090042114,0.0,0.0,1,64,37,0.578125,27.0,0.421875,0.578125,2,,,,,,,,,,,,,,,,,,,,,,,,,,,,,
S23,EMATent,0.9637835621833801,0.9637835621833801,0.6443030834197998,1.0,0.21086493134498596,0.5,0.28913506865501404,0.0,0.0,2,64,43,0.671875,21.0,0.328125,0.671875,2,,,,,,,,,,,,,,,,,,,,,,,,,,,,,
S23,EMATent,0.9848273396492004,0.9848273396492004,0.6452932953834534,1.0,0.20455179810523988,0.5,0.2954482018947601,0.0,0.0,3,51,21,0.4117647058823529,30.0,0.5882352941176471,0.5882352941176471,2,,,,,,,,,,,,,,,,,,,,,,,,,,,,,
S23,DynaMixEMATent,,,,,,,,,,0,64,58,0.90625,6.0,0.09375,0.90625,2,0.0723649263381958,0.7156593799591064,0.7156593799591064,0.6432944536209106,0.5490771193576905,0.23622506665457754,0.21469781398773194,0.30080785570471746,45.80220031738281,0.19999999999999996,1.0,0.6390628218650818,0.2,0.0,1.0,16.0,0.25,48.0,0.75,0.75,2.0,0.40625,,,,,,,
S23,DynaMixEMATent,,,,,,,,,,1,64,37,0.578125,27.0,0.421875,0.578125,2,0.07334122806787491,0.9564162492752075,0.9564162492752075,0.8830749988555908,0.30906418235259536,0.4040109428648424,0.28692487478256223,0.5665755662724141,107.0128402709961,0.19999999999999996,1.0,0.682967483997345,0.2,0.0,1.0,39.0,0.609375,25.0,0.390625,0.609375,2.0,0.078125,,,,,,,
S23,DynaMixEMATent,,,,,,,,,,2,64,43,0.671875,21.0,0.328125,0.671875,2,0.11111395061016083,0.895538330078125,0.895538330078125,0.784424364566803,0.20256674527672194,0.5287717556998406,0.2686614990234375,0.7230191696372708,164.3272933959961,0.19999999999999996,1.0,0.6660128831863403,0.2,0.0,1.0,53.0,0.828125,11.0,0.171875,0.828125,2.0,0.171875,,,,,,,
S23,DynaMixEMATent,,,,,,,,,,3,51,21,0.4117647058823529,30.0,0.5882352941176471,0.5882352941176471,2,0.12386680394411087,0.9720500707626343,0.9720500707626343,0.848183274269104,0.13320369813713973,0.57518128063407,0.2916150212287903,0.8119614303959414,213.90184700489044,0.19999999999999996,1.0,0.6426870822906494,0.2,0.0,1.0,34.0,0.6666666666666666,17.0,0.3333333333333333,0.6666666666666666,2.0,0.08823529411764708,,,,,,,
S23,TEMA,,,,,,,,,,0,64,58,0.90625,6.0,0.09375,0.90625,2,,,,,,,,,,,,,,,,,,,,,,,,,,,,,
S23,TEMA,,,,,,,,,,1,64,37,0.578125,27.0,0.421875,0.578125,2,,,,,,,,,,,,,,,,,,,,,,,,,,,,,
S23,TEMA,,,,,,,,,,2,64,43,0.671875,21.0,0.328125,0.671875,2,,,,,,,,,,,,,,,,,,,,,,,,,,,,,
S23,TEMA,,,,,,,,,,3,51,21,0.4117647058823529,30.0,0.5882352941176471,0.5882352941176471,2,,,,,,,,,,,,,,,,,,,,,,,,,,,,,
S23,DUA,,,,,,,,,,0,64,58,0.90625,6.0,0.09375,0.90625,2,,,,,,,,,,,,,,,,,,,,,,,0.099,,,,,,
S23,DUA,,,,,,,,,,1,64,37,0.578125,27.0,0.421875,0.578125,2,,,,,,,,,,,,,,,,,,,,,,,0.09336,,,,,,
S23,DUA,,,,,,,,,,2,64,43,0.671875,21.0,0.328125,0.671875,2,,,,,,,,,,,,,,,,,,,,,,,0.0880584,,,,,,
S23,DUA,,,,,,,,,,3,51,21,0.4117647058823529,30.0,0.5882352941176471,0.5882352941176471,2,,,,,,,,,,,,,,,,,,,,,,,0.083074896,,,,,,
S23,RoTTA,,,,,,,,,,0,64,58,0.90625,6.0,0.09375,0.90625,2,,,,,,,,,,,,,,,,,,,,,,,,60.0,,,,,
S23,RoTTA,,,,,,,,,,1,64,37,0.578125,27.0,0.421875,0.578125,2,,,,,,,,,,,,,,,,,,,,,,,,64.0,,,,,
S23,RoTTA,,,,,,,,,,2,64,43,0.671875,21.0,0.328125,0.671875,2,,,,,,,,,,,,,,,,,,,,,,,,64.0,,,,,
S23,RoTTA,,,,,,,,,,3,51,21,0.4117647058823529,30.0,0.5882352941176471,0.5882352941176471,2,,,,,,,,,,,,,,,,,,,,,,,,64.0,,,,,
S23,NOTE,,,,,,,,,,0,64,58,0.90625,6.0,0.09375,0.90625,2,,,,,,,,,,,,,,,,,,,,,,,,,64.0,1.0,0.6463587284088135,,
S23,NOTE,,,,,,,,,,1,64,37,0.578125,27.0,0.421875,0.578125,2,,,,,,,,,,,,,,,,,,,,,,,,,64.0,1.0,0.6191740036010742,,
S23,NOTE,,,,,,,,,,2,64,43,0.671875,21.0,0.328125,0.671875,2,,,,,,,,,,,,,,,,,,,,,,,,,64.0,1.0,0.6119220852851868,,
S23,NOTE,,,,,,,,,,3,51,21,0.4117647058823529,30.0,0.5882352941176471,0.5882352941176471,2,,,,,,,,,,,,,,,,,,,,,,,,,64.0,0.0,,,
S23,DELTA,,,,,,,,,,0,64,58,0.90625,6.0,0.09375,0.90625,2,,,,,,,,,,,,,,,,,,,,,,,,,,,,,0.0
S23,DELTA,,,,,,,,,,1,64,37,0.578125,27.0,0.421875,0.578125,2,,,,,,,,,,,,,,,,,,,,,,,,,,,,0.2842024862766266,1.0
S23,DELTA,,,,,,,,,,2,64,43,0.671875,21.0,0.328125,0.671875,2,,,,,,,,,,,,,,,,,,,,,,,,,,,,0.29881635308265686,1.0
S23,DELTA,,,,,,,,,,3,51,21,0.4117647058823529,30.0,0.5882352941176471,0.5882352941176471,2,,,,,,,,,,,,,,,,,,,,,,,,,,,,,0.0
S24,EMATent,0.9983936548233032,0.9983936548233032,0.5918505191802979,1.0,0.20048190355300904,0.5,0.29951809644699096,0.0,0.0,0,64,24,0.375,40.0,0.625,0.625,2,,,,,,,,,,,,,,,,,,,,,,,,,,,,,
S24,EMATent,0.9709426760673523,0.9709426760673523,0.6971806287765503,1.0,0.2087171971797943,0.5,0.2912828028202057,0.0,0.0,1,64,27,0.421875,37.0,0.578125,0.578125,2,,,,,,,,,,,,,,,,,,,,,,,,,,,,,
S24,EMATent,0.7630153298377991,0.7630153298377991,0.7811771631240845,1.0,0.27109540104866026,0.5,0.22890459895133972,0.0,0.0,2,64,46,0.71875,18.0,0.28125,0.71875,2,,,,,,,,,,,,,,,,,,,,,,,,,,,,,
S24,EMATent,0.9480184316635132,0.9480184316635132,0.7358508110046387,1.0,0.21559447050094604,0.5,0.28440552949905396,0.0,0.0,3,5,5,1.0,,,1.0,1,,,,,,,,,,,,,,,,,,,,,,,,,,,,,
S24,DynaMixEMATent,,,,,,,,,,0,64,24,0.375,40.0,0.625,0.625,2,0.03970855847001076,0.9983936548233032,0.9983936548233032,0.9586851000785828,0.4252051270709854,0.2752767764820236,0.29951809644699096,0.3929819958028252,63.897193908691406,0.19999999999999996,1.0,0.6773058176040649,0.2,0.0,1.0,23.0,0.359375,41.0,0.640625,0.640625,2.0,0.125,,,,,,,
S24,DynaMixEMATent,,,,,,,,,,1,64,27,0.421875,37.0,0.578125,0.578125,2,0.1977633684873581,0.9964733123779297,0.9964733123779297,0.7987099289894104,0.25856759468847607,0.4424904115981451,0.2989419937133789,0.631175177560467,127.6714859008789,0.19999999999999996,1.0,0.543619692325592,0.2,0.0,1.0,43.0,0.671875,21.0,0.328125,0.671875,2.0,0.078125,,,,,,,
S24,DynaMixEMATent,,,,,,,,,,2,64,46,0.71875,18.0,0.28125,0.71875,2,0.08240075409412384,0.8692546486854553,0.8692546486854553,0.7868539094924927,0.17653861698870396,0.5626849884056595,0.26077639460563656,0.7611837396689686,183.30378341674805,0.19999999999999996,1.0,0.5681594014167786,0.2,0.0,1.0,47.0,0.734375,17.0,0.265625,0.734375,2.0,0.21875,,,,,,,
S24,DynaMixEMATent,,,,,,,,,,3,5,5,1.0,,,1.0,1,0.16186052560806274,0.9998620748519897,0.9998620748519897,0.838001549243927,0.16077751643960264,0.5392638611048004,0.2999586224555969,0.7703314095467098,188.303093791008,0.19999999999999996,1.0,0.585976243019104,0.2,0.0,1.0,3.0,0.6,2.0,0.4,0.6,2.0,0.0,,,,,,,
S24,TEMA,,,,,,,,,,0,64,24,0.375,40.0,0.625,0.625,2,,,,,,,,,,,,,,,,,,,,,,,,,,,,,
S24,TEMA,,,,,,,,,,1,64,27,0.421875,37.0,0.578125,0.578125,2,,,,,,,,,,,,,,,,,,,,,,,,,,,,,
S24,TEMA,,,,,,,,,,2,64,46,0.71875,18.0,0.28125,0.71875,2,,,,,,,,,,,,,,,,,,,,,,,,,,,,,
S24,TEMA,,,,,,,,,,3,5,5,1.0,0.0,0.0,1.0,1,,,,,,,,,,,,,,,,,,,,,,,,,,,,,
S24,DUA,,,,,,,,,,0,64,24,0.375,40.0,0.625,0.625,2,,,,,,,,,,,,,,,,,,,,,,,0.099,,,,,,
S24,DUA,,,,,,,,,,1,64,27,0.421875,37.0,0.578125,0.578125,2,,,,,,,,,,,,,,,,,,,,,,,0.09336,,,,,,
S24,DUA,,,,,,,,,,2,64,46,0.71875,18.0,0.28125,0.71875,2,,,,,,,,,,,,,,,,,,,,,,,0.0880584,,,,,,
S24,DUA,,,,,,,,,,3,5,5,1.0,0.0,0.0,1.0,1,,,,,,,,,,,,,,,,,,,,,,,0.083074896,,,,,,
S24,RoTTA,,,,,,,,,,0,64,24,0.375,40.0,0.625,0.625,2,,,,,,,,,,,,,,,,,,,,,,,,52.0,,,,,
S24,RoTTA,,,,,,,,,,1,64,27,0.421875,37.0,0.578125,0.578125,2,,,,,,,,,,,,,,,,,,,,,,,,64.0,,,,,
S24,RoTTA,,,,,,,,,,2,64,46,0.71875,18.0,0.28125,0.71875,2,,,,,,,,,,,,,,,,,,,,,,,,64.0,,,,,
S24,RoTTA,,,,,,,,,,3,5,5,1.0,0.0,0.0,1.0,1,,,,,,,,,,,,,,,,,,,,,,,,64.0,,,,,
S24,NOTE,,,,,,,,,,0,64,24,0.375,40.0,0.625,0.625,2,,,,,,,,,,,,,,,,,,,,,,,,,64.0,1.0,0.6606208682060242,,
S24,NOTE,,,,,,,,,,1,64,27,0.421875,37.0,0.578125,0.578125,2,,,,,,,,,,,,,,,,,,,,,,,,,64.0,1.0,0.5666487216949463,,
S24,NOTE,,,,,,,,,,2,64,46,0.71875,18.0,0.28125,0.71875,2,,,,,,,,,,,,,,,,,,,,,,,,,64.0,1.0,0.6374958157539368,,
S24,NOTE,,,,,,,,,,3,5,5,1.0,0.0,0.0,1.0,1,,,,,,,,,,,,,,,,,,,,,,,,,64.0,0.0,,,
S24,DELTA,,,,,,,,,,0,64,24,0.375,40.0,0.625,0.625,2,,,,,,,,,,,,,,,,,,,,,,,,,,,,,0.0
S24,DELTA,,,,,,,,,,1,64,27,0.421875,37.0,0.578125,0.578125,2,,,,,,,,,,,,,,,,,,,,,,,,,,,,0.07235728204250336,49.0
S24,DELTA,,,,,,,,,,2,64,46,0.71875,18.0,0.28125,0.71875,2,,,,,,,,,,,,,,,,,,,,,,,,,,,,0.10595986992120743,51.0
S24,DELTA,,,,,,,,,,3,5,5,1.0,0.0,0.0,1.0,1,,,,,,,,,,,,,,,,,,,,,,,,,,,,0.0891975462436676,3.0
S25,EMATent,0.4531514048576355,0.4531514048576355,0.9049357175827026,1.0,0.3640545785427094,0.5,0.13594542145729063,0.0,0.0,0,64,28,0.4375,36.0,0.5625,0.5625,2,,,,,,,,,,,,,,,,,,,,,,,,,,,,,
S25,EMATent,0.5589725971221924,0.5589725971221924,0.8694398403167725,1.0,0.33230822086334233,0.5,0.1676917791366577,0.0,0.0,1,64,32,0.5,32.0,0.5,0.5,2,,,,,,,,,,,,,,,,,,,,,,,,,,,,,
S25,EMATent,0.5426616668701172,0.5426616668701172,0.8753212690353394,1.0,0.33720149993896487,0.5,0.16279850006103516,0.0,0.0,2,64,15,0.234375,49.0,0.765625,0.765625,2,,,,,,,,,,,,,,,,,,,,,,,,,,,,,
S25,EMATent,0.6601812839508057,0.6601812839508057,0.840165376663208,1.0,0.3019456148147583,0.5,0.19805438518524168,0.0,0.0,3,53,33,0.6226415094339622,20.0,0.37735849056603776,0.6226415094339622,2,,,,,,,,,,,,,,,,,,,,,,,,,,,,,
S25,DynaMixEMATent,,,,,,,,,,0,64,28,0.4375,36.0,0.5625,0.5625,2,0.03655732050538063,0.4531514048576355,0.4531514048576355,0.41659408807754517,0.6888752767806205,0.1751793017620888,0.13594542145729063,0.20274101441316517,29.001689910888672,0.19999999999999996,1.0,0.40308263897895813,0.2,0.0,1.0,64.0,1.0,0.0,0.0,1.0,1.0,0.0625,,,,,,,
S25,DynaMixEMATent,,,,,,,,,,1,64,32,0.5,32.0,0.5,0.5,2,0.06801629811525345,0.6358155608177185,0.6358155608177185,0.5677992701530457,0.4694824878884894,0.33977284386619505,0.19074466824531555,0.4198586410663191,69.69388580322266,0.19999999999999996,1.0,0.39264509081840515,0.2,0.0,1.0,64.0,1.0,0.0,0.0,1.0,1.0,0.0,,,,,,,
S25,DynaMixEMATent,,,,,,,,,,2,64,15,0.234375,49.0,0.765625,0.765625,2,0.028092849999666214,0.4204305410385132,0.4204305410385132,0.39233770966529846,0.4108523188584312,0.4630185188300149,0.12612916231155394,0.5298477748208037,96.6014404296875,0.19999999999999996,1.0,0.4926130771636963,0.2,0.0,1.0,64.0,1.0,0.0,0.0,1.0,1.0,0.265625,,,,,,,
S25,DynaMixEMATent,,,,,,,,,,3,53,33,0.6226415094339622,20.0,0.37735849056603776,0.6226415094339622,2,0.11979374289512634,0.776743471622467,0.776743471622467,0.6569497585296631,0.2614224451854159,0.505554513327844,0.2330230414867401,0.6591521527684898,137.76884442567825,0.19999999999999996,1.0,0.500144898891449,0.2,0.0,1.0,52.0,0.9811320754716981,1.0,0.018867924528301886,0.9811320754716981,2.0,0.12264150943396224,,,,,,,
S25,TEMA,,,,,,,,,,0,64,28,0.4375,36.0,0.5625,0.5625,2,,,,,,,,,,,,,,,,,,,,,,,,,,,,,
S25,TEMA,,,,,,,,,,1,64,32,0.5,32.0,0.5,0.5,2,,,,,,,,,,,,,,,,,,,,,,,,,,,,,
S25,TEMA,,,,,,,,,,2,64,15,0.234375,49.0,0.765625,0.765625,2,,,,,,,,,,,,,,,,,,,,,,,,,,,,,
S25,TEMA,,,,,,,,,,3,53,33,0.6226415094339622,20.0,0.37735849056603776,0.6226415094339622,2,,,,,,,,,,,,,,,,,,,,,,,,,,,,,
S25,DUA,,,,,,,,,,0,64,28,0.4375,36.0,0.5625,0.5625,2,,,,,,,,,,,,,,,,,,,,,,,0.099,,,,,,
S25,DUA,,,,,,,,,,1,64,32,0.5,32.0,0.5,0.5,2,,,,,,,,,,,,,,,,,,,,,,,0.09336,,,,,,
S25,DUA,,,,,,,,,,2,64,15,0.234375,49.0,0.765625,0.765625,2,,,,,,,,,,,,,,,,,,,,,,,0.0880584,,,,,,
S25,DUA,,,,,,,,,,3,53,33,0.6226415094339622,20.0,0.37735849056603776,0.6226415094339622,2,,,,,,,,,,,,,,,,,,,,,,,0.083074896,,,,,,
S25,RoTTA,,,,,,,,,,0,64,28,0.4375,36.0,0.5625,0.5625,2,,,,,,,,,,,,,,,,,,,,,,,,57.0,,,,,
S25,RoTTA,,,,,,,,,,1,64,32,0.5,32.0,0.5,0.5,2,,,,,,,,,,,,,,,,,,,,,,,,64.0,,,,,
S25,RoTTA,,,,,,,,,,2,64,15,0.234375,49.0,0.765625,0.765625,2,,,,,,,,,,,,,,,,,,,,,,,,64.0,,,,,
S25,RoTTA,,,,,,,,,,3,53,33,0.6226415094339622,20.0,0.37735849056603776,0.6226415094339622,2,,,,,,,,,,,,,,,,,,,,,,,,64.0,,,,,
S25,NOTE,,,,,,,,,,0,64,28,0.4375,36.0,0.5625,0.5625,2,,,,,,,,,,,,,,,,,,,,,,,,,64.0,1.0,0.6548750400543213,,
S25,NOTE,,,,,,,,,,1,64,32,0.5,32.0,0.5,0.5,2,,,,,,,,,,,,,,,,,,,,,,,,,64.0,1.0,0.580632209777832,,
S25,NOTE,,,,,,,,,,2,64,15,0.234375,49.0,0.765625,0.765625,2,,,,,,,,,,,,,,,,,,,,,,,,,64.0,1.0,0.61369389295578,,
S25,NOTE,,,,,,,,,,3,53,33,0.6226415094339622,20.0,0.37735849056603776,0.6226415094339622,2,,,,,,,,,,,,,,,,,,,,,,,,,64.0,0.0,,,
S25,DELTA,,,,,,,,,,0,64,28,0.4375,36.0,0.5625,0.5625,2,,,,,,,,,,,,,,,,,,,,,,,,,,,,,0.0
S25,DELTA,,,,,,,,,,1,64,32,0.5,32.0,0.5,0.5,2,,,,,,,,,,,,,,,,,,,,,,,,,,,,0.04647400602698326,50.0
S25,DELTA,,,,,,,,,,2,64,15,0.234375,49.0,0.765625,0.765625,2,,,,,,,,,,,,,,,,,,,,,,,,,,,,0.10349449515342712,37.0
S25,DELTA,,,,,,,,,,3,53,33,0.6226415094339622,20.0,0.37735849056603776,0.6226415094339622,2,,,,,,,,,,,,,,,,,,,,,,,,,,,,0.17326612770557404,14.0
S26,EMATent,0.06087273359298706,0.06087273359298706,0.9929019212722778,0.0,0.4817381799221039,0.5,0.018261820077896118,0.0,0.0,0,64,19,0.296875,45.0,0.703125,0.703125,2,,,,,,,,,,,,,,,,,,,,,,,,,,,,,
S26,EMATent,0.02225732058286667,0.02225732058286667,0.9978379607200623,0.0,0.49332280382514,0.5,0.0066771961748600004,0.0,0.0,1,64,53,0.828125,11.0,0.171875,0.828125,2,,,,,,,,,,,,,,,,,,,,,,,,,,,,,
S26,EMATent,0.1467585414648056,0.1467585414648056,0.9790469408035278,0.0,0.45597243756055833,0.5,0.04402756243944168,0.0,0.0,2,64,35,0.546875,29.0,0.453125,0.546875,2,,,,,,,,,,,,,,,,,,,,,,,,,,,,,
S26,EMATent,0.33186227083206177,0.33186227083206177,0.9502169489860535,1.0,0.40044131875038147,0.5,0.09955868124961853,0.0,0.0,3,64,64,1.0,,,1.0,1,,,,,,,,,,,,,,,,,,,,,,,,,,,,,
S26,EMATent,0.9107921123504639,0.9107921123504639,0.8121553659439087,1.0,0.22676236629486085,0.5,0.27323763370513915,0.0,0.0,4,47,9,0.19148936170212766,38.0,0.8085106382978723,0.8085106382978723,2,,,,,,,,,,,,,,,,,,,,,,,,,,,,,
S26,DynaMixEMATent,,,,,,,,,,0,64,19,0.296875,45.0,0.703125,0.703125,2,0.012536508962512016,0.06087273359298706,0.06087273359298706,0.048336222767829895,0.9523077856412512,0.02943039428085271,0.018261820077896118,0.029977844279406418,3.895854949951172,0.19999999999999996,0.0,0.05147814750671387,0.2,0.0,1.0,64.0,1.0,0.0,0.0,1.0,1.0,0.203125,,,,,,,
S26,DynaMixEMATent,,,,,,,,,,1,64,53,0.828125,11.0,0.171875,0.828125,2,0.0006072986288927495,0.0029936463106423616,0.0029936463106423616,0.002386347623541951,0.9677014222513054,0.03140048385550192,0.0008980938931927085,0.0314287097878333,4.087448313832283,0.19999999999999996,0.0,0.006916923448443413,0.2,0.0,1.0,64.0,1.0,0.0,0.0,1.0,1.0,0.328125,,,,,,,
S26,DynaMixEMATent,,,,,,,,,,2,64,35,0.546875,29.0,0.453125,0.546875,2,0.00040784425800666213,0.0020851672161370516,0.0020851672161370516,0.0016773228999227285,0.966956741319419,0.03241770851573989,0.0006255501648411155,0.03243800011205711,4.220899015665054,0.19999999999999996,0.0,0.00480143167078495,0.2,0.0,1.0,64.0,1.0,0.0,0.0,1.0,1.0,0.046875,,,,,,,
S26,DynaMixEMATent,,,,,,,,,,3,64,64,1.0,,,1.0,1,0.000986249651759863,0.002583075547590852,0.002583075547590852,0.001596825779415667,0.9655643456784798,0.03366073165724293,0.0007749226642772555,0.03368683635021852,4.386215850710869,0.19999999999999996,0.0,0.0010282136499881744,0.2,0.0,1.0,64.0,1.0,0.0,0.0,1.0,1.0,0.0,,,,,,,
S26,DynaMixEMATent,,,,,,,,,,4,47,9,0.19148936170212766,38.0,0.8085106382978723,0.8085106382978723,2,0.00029092084150761366,0.0015520370798185468,0.0015520370798185468,0.0012611162383109331,0.9653129598420169,0.03422142903403751,0.000465611123945564,0.0342373703345199,4.4591615934623405,0.19999999999999996,0.0,0.0017492743209004402,0.2,0.0,1.0,47.0,1.0,0.0,0.0,1.0,1.0,0.3085106382978723,,,,,,,
S26,TEMA,,,,,,,,,,0,64,19,0.296875,45.0,0.703125,0.703125,2,,,,,,,,,,,,,,,,,,,,,,,,,,,,,
S26,TEMA,,,,,,,,,,1,64,53,0.828125,11.0,0.171875,0.828125,2,,,,,,,,,,,,,,,,,,,,,,,,,,,,,
S26,TEMA,,,,,,,,,,2,64,35,0.546875,29.0,0.453125,0.546875,2,,,,,,,,,,,,,,,,,,,,,,,,,,,,,
S26,TEMA,,,,,,,,,,3,64,64,1.0,0.0,0.0,1.0,1,,,,,,,,,,,,,,,,,,,,,,,,,,,,,
S26,TEMA,,,,,,,,,,4,47,9,0.19148936170212766,38.0,0.8085106382978723,0.8085106382978723,2,,,,,,,,,,,,,,,,,,,,,,,,,,,,,
S26,DUA,,,,,,,,,,0,64,19,0.296875,45.0,0.703125,0.703125,2,,,,,,,,,,,,,,,,,,,,,,,0.099,,,,,,
S26,DUA,,,,,,,,,,1,64,53,0.828125,11.0,0.171875,0.828125,2,,,,,,,,,,,,,,,,,,,,,,,0.09336,,,,,,
S26,DUA,,,,,,,,,,2,64,35,0.546875,29.0,0.453125,0.546875,2,,,,,,,,,,,,,,,,,,,,,,,0.0880584,,,,,,
S26,DUA,,,,,,,,,,3,64,64,1.0,0.0,0.0,1.0,1,,,,,,,,,,,,,,,,,,,,,,,0.083074896,,,,,,
S26,DUA,,,,,,,,,,4,47,9,0.19148936170212766,38.0,0.8085106382978723,0.8085106382978723,2,,,,,,,,,,,,,,,,,,,,,,,0.07839040223999999,,,,,,
S26,RoTTA,,,,,,,,,,0,64,19,0.296875,45.0,0.703125,0.703125,2,,,,,,,,,,,,,,,,,,,,,,,,60.0,,,,,
S26,RoTTA,,,,,,,,,,1,64,53,0.828125,11.0,0.171875,0.828125,2,,,,,,,,,,,,,,,,,,,,,,,,64.0,,,,,
S26,RoTTA,,,,,,,,,,2,64,35,0.546875,29.0,0.453125,0.546875,2,,,,,,,,,,,,,,,,,,,,,,,,64.0,,,,,
S26,RoTTA,,,,,,,,,,3,64,64,1.0,0.0,0.0,1.0,1,,,,,,,,,,,,,,,,,,,,,,,,64.0,,,,,
S26,RoTTA,,,,,,,,,,4,47,9,0.19148936170212766,38.0,0.8085106382978723,0.8085106382978723,2,,,,,,,,,,,,,,,,,,,,,,,,64.0,,,,,
S26,NOTE,,,,,,,,,,0,64,19,0.296875,45.0,0.703125,0.703125,2,,,,,,,,,,,,,,,,,,,,,,,,,64.0,1.0,0.6129008531570435,,
S26,NOTE,,,,,,,,,,1,64,53,0.828125,11.0,0.171875,0.828125,2,,,,,,,,,,,,,,,,,,,,,,,,,64.0,1.0,0.5677493214607239,,
S26,NOTE,,,,,,,,,,2,64,35,0.546875,29.0,0.453125,0.546875,2,,,,,,,,,,,,,,,,,,,,,,,,,64.0,1.0,0.5595836639404297,,
S26,NOTE,,,,,,,,,,3,64,64,1.0,0.0,0.0,1.0,1,,,,,,,,,,,,,,,,,,,,,,,,,64.0,1.0,0.6135578751564026,,
S26,NOTE,,,,,,,,,,4,47,9,0.19148936170212766,38.0,0.8085106382978723,0.8085106382978723,2,,,,,,,,,,,,,,,,,,,,,,,,,64.0,0.0,,,
S26,DELTA,,,,,,,,,,0,64,19,0.296875,45.0,0.703125,0.703125,2,,,,,,,,,,,,,,,,,,,,,,,,,,,,0.20531180500984192,2.0
S26,DELTA,,,,,,,,,,1,64,53,0.828125,11.0,0.171875,0.828125,2,,,,,,,,,,,,,,,,,,,,,,,,,,,,0.06311219930648804,33.0
S26,DELTA,,,,,,,,,,2,64,35,0.546875,29.0,0.453125,0.546875,2,,,,,,,,,,,,,,,,,,,,,,,,,,,,0.11970748007297516,18.0
S26,DELTA,,,,,,,,,,3,64,64,1.0,0.0,0.0,1.0,1,,,,,,,,,,,,,,,,,,,,,,,,,,,,0.048671185970306396,37.0
S26,DELTA,,,,,,,,,,4,47,9,0.19148936170212766,38.0,0.8085106382978723,0.8085106382978723,2,,,,,,,,,,,,,,,,,,,,,,,,,,,,0.24601346254348755,8.0
S27,EMATent,0.27057844400405884,0.27057844400405884,0.9553197622299194,1.0,0.4188264667987823,0.5,0.08117353320121765,0.0,0.0,0,64,9,0.140625,55.0,0.859375,0.859375,2,,,,,,,,,,,,,,,,,,,,,,,,,,,,,
S27,EMATent,0.6767456531524658,0.6767456531524658,0.8951911926269531,1.0,0.29697630405426023,0.5,0.20302369594573974,0.0,0.0,1,64,41,0.640625,23.0,0.359375,0.640625,2,,,,,,,,,,,,,,,,,,,,,,,,,,,,,
S27,EMATent,0.7503429055213928,0.7503429055213928,0.8163473010063171,1.0,0.27489712834358215,0.5,0.22510287165641785,0.0,0.0,2,64,28,0.4375,36.0,0.5625,0.5625,2,,,,,,,,,,,,,,,,,,,,,,,,,,,,,
S27,EMATent,0.854341447353363,0.854341447353363,0.7741966247558594,1.0,0.2436975657939911,0.5,0.2563024342060089,0.0,0.0,3,64,29,0.453125,35.0,0.546875,0.546875,2,,,,,,,,,,,,,,,,,,,,,,,,,,,,,
S27,EMATent,0.9701818227767944,0.9701818227767944,0.8011676073074341,1.0,0.20894545316696167,0.5,0.29105454683303833,0.0,0.0,4,64,35,0.546875,29.0,0.453125,0.546875,2,,,,,,,,,,,,,,,,,,,,,,,,,,,,,
S27,EMATent,0.8020073175430298,0.8020073175430298,0.7557680606842041,1.0,0.25939780473709106,0.5,0.24060219526290894,0.0,0.0,5,1,1,1.0,,,1.0,1,,,,,,,,,,,,,,,,,,,,,,,,,,,,,
S27,DynaMixEMATent,,,,,,,,,,0,64,9,0.140625,55.0,0.859375,0.859375,2,0.07197757810354233,0.27057844400405884,0.27057844400405884,0.1986008733510971,0.8025611522088983,0.11626531458988396,0.08117353320121765,0.1265367496377805,17.317020416259766,0.19999999999999996,1.0,0.25593823194503784,0.2,0.0,1.0,63.0,0.984375,1.0,0.015625,0.984375,2.0,0.359375,,,,,,,
S27,DynaMixEMATent,,,,,,,,,,1,64,41,0.640625,23.0,0.359375,0.640625,2,0.2677341401576996,0.4903663098812103,0.4903663098812103,0.22263216972351074,0.5829831776359397,0.26990692939969735,0.14710989296436308,0.31646155486291694,48.70046424865723,0.19999999999999996,1.0,0.40004730224609375,0.2,0.0,1.0,51.0,0.796875,13.0,0.203125,0.796875,2.0,0.140625,,,,,,,
S27,DynaMixEMATent,,,,,,,,,,2,64,28,0.4375,36.0,0.5625,0.5625,2,0.08201994746923447,0.3137666583061218,0.3137666583061218,0.23174670338630676,0.5292919153737184,0.37657808713444496,0.09412999749183655,0.41570875080505976,68.78153038024902,0.19999999999999996,1.0,0.4675115942955017,0.2,0.0,1.0,55.0,0.859375,9.0,0.140625,0.859375,2.0,0.0625,,,,,,,
S27,DynaMixEMATent,,,,,,,,,,3,64,29,0.453125,35.0,0.546875,0.546875,2,0.13389010727405548,0.3273366689682007,0.3273366689682007,0.1934465616941452,0.44736177877051553,0.45443722053902424,0.0982010006904602,0.5039229594255072,89.73107719421387,0.19999999999999996,1.0,0.6051023006439209,0.2,0.0,1.0,35.0,0.546875,29.0,0.453125,0.546875,2.0,0.046875,,,,,,,
S27,DynaMixEMATent,,,,,,,,,,4,64,35,0.546875,29.0,0.453125,0.546875,2,0.4328402578830719,0.8894448280334473,0.8894448280334473,0.45660457015037537,0.23313704125628706,0.5000295103336788,0.26683344841003415,0.6820135332814905,146.6555461883545,0.19999999999999996,1.0,0.5277276039123535,0.2,0.0,1.0,28.0,0.4375,36.0,0.5625,0.5625,2.0,0.046875,,,,,,,
S27,DynaMixEMATent,,,,,,,,,,5,1,1,1.0,,,1.0,1,0.0,0.9253900647163391,0.9253900647163391,0.9253900647163391,0.2280533009669064,0.4943296796181919,0.27761701941490174,0.6843041612328777,147.58093625307083,0.19999999999999996,1.0,0.6928516626358032,0.2,0.0,1.0,1.0,1.0,0.0,0.0,1.0,1.0,0.0,,,,,,,
S27,TEMA,,,,,,,,,,0,64,9,0.140625,55.0,0.859375,0.859375,2,,,,,,,,,,,,,,,,,,,,,,,,,,,,,
S27,TEMA,,,,,,,,,,1,64,41,0.640625,23.0,0.359375,0.640625,2,,,,,,,,,,,,,,,,,,,,,,,,,,,,,
S27,TEMA,,,,,,,,,,2,64,28,0.4375,36.0,0.5625,0.5625,2,,,,,,,,,,,,,,,,,,,,,,,,,,,,,
S27,TEMA,,,,,,,,,,3,64,29,0.453125,35.0,0.546875,0.546875,2,,,,,,,,,,,,,,,,,,,,,,,,,,,,,
S27,TEMA,,,,,,,,,,4,64,35,0.546875,29.0,0.453125,0.546875,2,,,,,,,,,,,,,,,,,,,,,,,,,,,,,
S27,TEMA,,,,,,,,,,5,1,1,1.0,0.0,0.0,1.0,1,,,,,,,,,,,,,,,,,,,,,,,,,,,,,
S27,DUA,,,,,,,,,,0,64,9,0.140625,55.0,0.859375,0.859375,2,,,,,,,,,,,,,,,,,,,,,,,0.099,,,,,,
S27,DUA,,,,,,,,,,1,64,41,0.640625,23.0,0.359375,0.640625,2,,,,,,,,,,,,,,,,,,,,,,,0.09336,,,,,,
S27,DUA,,,,,,,,,,2,64,28,0.4375,36.0,0.5625,0.5625,2,,,,,,,,,,,,,,,,,,,,,,,0.0880584,,,,,,
S27,DUA,,,,,,,,,,3,64,29,0.453125,35.0,0.546875,0.546875,2,,,,,,,,,,,,,,,,,,,,,,,0.083074896,,,,,,
S27,DUA,,,,,,,,,,4,64,35,0.546875,29.0,0.453125,0.546875,2,,,,,,,,,,,,,,,,,,,,,,,0.07839040223999999,,,,,,
S27,DUA,,,,,,,,,,5,1,1,1.0,0.0,0.0,1.0,1,,,,,,,,,,,,,,,,,,,,,,,0.07398697810559998,,,,,,
S27,RoTTA,,,,,,,,,,0,64,9,0.140625,55.0,0.859375,0.859375,2,,,,,,,,,,,,,,,,,,,,,,,,63.0,,,,,
S27,RoTTA,,,,,,,,,,1,64,41,0.640625,23.0,0.359375,0.640625,2,,,,,,,,,,,,,,,,,,,,,,,,64.0,,,,,
S27,RoTTA,,,,,,,,,,2,64,28,0.4375,36.0,0.5625,0.5625,2,,,,,,,,,,,,,,,,,,,,,,,,64.0,,,,,
S27,RoTTA,,,,,,,,,,3,64,29,0.453125,35.0,0.546875,0.546875,2,,,,,,,,,,,,,,,,,,,,,,,,64.0,,,,,
S27,RoTTA,,,,,,,,,,4,64,35,0.546875,29.0,0.453125,0.546875,2,,,,,,,,,,,,,,,,,,,,,,,,64.0,,,,,
S27,RoTTA,,,,,,,,,,5,1,1,1.0,0.0,0.0,1.0,1,,,,,,,,,,,,,,,,,,,,,,,,64.0,,,,,
S27,NOTE,,,,,,,,,,0,64,9,0.140625,55.0,0.859375,0.859375,2,,,,,,,,,,,,,,,,,,,,,,,,,64.0,1.0,0.5421383380889893,,
S27,NOTE,,,,,,,,,,1,64,41,0.640625,23.0,0.359375,0.640625,2,,,,,,,,,,,,,,,,,,,,,,,,,64.0,1.0,0.5405411720275879,,
S27,NOTE,,,,,,,,,,2,64,28,0.4375,36.0,0.5625,0.5625,2,,,,,,,,,,,,,,,,,,,,,,,,,64.0,1.0,0.6311450600624084,,
S27,NOTE,,,,,,,,,,3,64,29,0.453125,35.0,0.546875,0.546875,2,,,,,,,,,,,,,,,,,,,,,,,,,64.0,1.0,0.5015202760696411,,
S27,NOTE,,,,,,,,,,4,64,35,0.546875,29.0,0.453125,0.546875,2,,,,,,,,,,,,,,,,,,,,,,,,,64.0,1.0,0.5021284818649292,,
S27,NOTE,,,,,,,,,,5,1,1,1.0,0.0,0.0,1.0,1,,,,,,,,,,,,,,,,,,,,,,,,,64.0,0.0,,,
S27,DELTA,,,,,,,,,,0,64,9,0.140625,55.0,0.859375,0.859375,2,,,,,,,,,,,,,,,,,,,,,,,,,,,,0.3004898130893707,14.0
S27,DELTA,,,,,,,,,,1,64,41,0.640625,23.0,0.359375,0.640625,2,,,,,,,,,,,,,,,,,,,,,,,,,,,,0.10671472549438477,30.0
S27,DELTA,,,,,,,,,,2,64,28,0.4375,36.0,0.5625,0.5625,2,,,,,,,,,,,,,,,,,,,,,,,,,,,,0.2218216061592102,26.0
S27,DELTA,,,,,,,,,,3,64,29,0.453125,35.0,0.546875,0.546875,2,,,,,,,,,,,,,,,,,,,,,,,,,,,,0.1630229502916336,15.0
S27,DELTA,,,,,,,,,,4,64,35,0.546875,29.0,0.453125,0.546875,2,,,,,,,,,,,,,,,,,,,,,,,,,,,,0.2196062207221985,23.0
S27,DELTA,,,,,,,,,,5,1,1,1.0,0.0,0.0,1.0,1,,,,,,,,,,,,,,,,,,,,,,,,,,,,,0.0
S28,EMATent,0.7847253680229187,0.7847253680229187,0.7678525447845459,1.0,0.2645823895931244,0.5,0.2354176104068756,0.0,0.0,0,64,41,0.640625,23.0,0.359375,0.640625,2,,,,,,,,,,,,,,,,,,,,,,,,,,,,,
S28,EMATent,0.7220339775085449,0.7220339775085449,0.7999470233917236,1.0,0.2833898067474365,0.5,0.21661019325256348,0.0,0.0,1,64,38,0.59375,26.0,0.40625,0.59375,2,,,,,,,,,,,,,,,,,,,,,,,,,,,,,
S28,EMATent,0.8280301690101624,0.8280301690101624,0.7434297800064087,1.0,0.2515909492969513,0.5,0.2484090507030487,0.0,0.0,2,64,49,0.765625,15.0,0.234375,0.765625,2,,,,,,,,,,,,,,,,,,,,,,,,,,,,,
S28,EMATent,0.7835321426391602,0.7835321426391602,0.7668092846870422,1.0,0.26494035720825193,0.5,0.23505964279174804,0.0,0.0,3,19,0,0.0,19.0,1.0,1.0,1,,,,,,,,,,,,,,,,,,,,,,,,,,,,,
S28,DynaMixEMATent,,,,,,,,,,0,64,41,0.640625,23.0,0.359375,0.640625,2,0.049407776445150375,0.7847253680229187,0.7847253680229187,0.735317587852478,0.51644412611201,0.24813826348111442,0.2354176104068756,0.3245409086824014,50.2224235534668,0.19999999999999996,1.0,0.5843095779418945,0.2,0.0,1.0,0.0,0.0,64.0,1.0,1.0,1.0,0.140625,,,,,,,
S28,DynaMixEMATent,,,,,,,,,,1,64,38,0.59375,26.0,0.40625,0.59375,2,0.027371598407626152,0.6502354145050049,0.6502354145050049,0.6228638291358948,0.3927896198912035,0.41213975575729506,0.19507062435150146,0.5120197724492922,91.83749008178711,0.19999999999999996,1.0,0.5704096555709839,0.2,0.0,1.0,1.0,0.015625,63.0,0.984375,0.984375,2.0,0.09375,,,,,,,
S28,DynaMixEMATent,,,,,,,,,,2,64,49,0.765625,15.0,0.234375,0.765625,2,0.04190365970134735,0.7671277523040771,0.7671277523040771,0.7252240777015686,0.2559972206383094,0.5138644536704675,0.23013832569122314,0.6674763412944833,140.93366622924805,0.19999999999999996,1.0,0.6110575199127197,0.2,0.0,1.0,11.0,0.171875,53.0,0.828125,0.828125,2.0,0.265625,,,,,,,
S28,DynaMixEMATent,,,,,,,,,,3,19,0,0.0,19.0,1.0,1.0,1,0.023558441549539566,0.6060940623283386,0.6060940623283386,0.5825356245040894,0.2486536492621587,0.5695181320393397,0.18182821869850158,0.6960862560346246,152.44945341348648,0.19999999999999996,1.0,0.6642016172409058,0.2,0.0,1.0,5.0,0.2631578947368421,14.0,0.7368421052631579,0.7368421052631579,2.0,0.5,,,,,,,
S28,TEMA,,,,,,,,,,0,64,41,0.640625,23.0,0.359375,0.640625,2,,,,,,,,,,,,,,,,,,,,,,,,,,,,,
S28,TEMA,,,,,,,,,,1,64,38,0.59375,26.0,0.40625,0.59375,2,,,,,,,,,,,,,,,,,,,,,,,,,,,,,
S28,TEMA,,,,,,,,,,2,64,49,0.765625,15.0,0.234375,0.765625,2,,,,,,,,,,,,,,,,,,,,,,,,,,,,,
S28,TEMA,,,,,,,,,,3,19,0,0.0,19.0,1.0,1.0,1,,,,,,,,,,,,,,,,,,,,,,,,,,,,,
S28,DUA,,,,,,,,,,0,64,41,0.640625,23.0,0.359375,0.640625,2,,,,,,,,,,,,,,,,,,,,,,,0.099,,,,,,
S28,DUA,,,,,,,,,,1,64,38,0.59375,26.0,0.40625,0.59375,2,,,,,,,,,,,,,,,,,,,,,,,0.09336,,,,,,
S28,DUA,,,,,,,,,,2,64,49,0.765625,15.0,0.234375,0.765625,2,,,,,,,,,,,,,,,,,,,,,,,0.0880584,,,,,,
S28,DUA,,,,,,,,,,3,19,0,0.0,19.0,1.0,1.0,1,,,,,,,,,,,,,,,,,,,,,,,0.083074896,,,,,,
S28,RoTTA,,,,,,,,,,0,64,41,0.640625,23.0,0.359375,0.640625,2,,,,,,,,,,,,,,,,,,,,,,,,57.0,,,,,
S28,RoTTA,,,,,,,,,,1,64,38,0.59375,26.0,0.40625,0.59375,2,,,,,,,,,,,,,,,,,,,,,,,,64.0,,,,,
S28,RoTTA,,,,,,,,,,2,64,49,0.765625,15.0,0.234375,0.765625,2,,,,,,,,,,,,,,,,,,,,,,,,64.0,,,,,
S28,RoTTA,,,,,,,,,,3,19,0,0.0,19.0,1.0,1.0,1,,,,,,,,,,,,,,,,,,,,,,,,64.0,,,,,
S28,NOTE,,,,,,,,,,0,64,41,0.640625,23.0,0.359375,0.640625,2,,,,,,,,,,,,,,,,,,,,,,,,,64.0,1.0,0.6115775108337402,,
S28,NOTE,,,,,,,,,,1,64,38,0.59375,26.0,0.40625,0.59375,2,,,,,,,,,,,,,,,,,,,,,,,,,64.0,1.0,0.5558615922927856,,
S28,NOTE,,,,,,,,,,2,64,49,0.765625,15.0,0.234375,0.765625,2,,,,,,,,,,,,,,,,,,,,,,,,,64.0,1.0,0.5849409103393555,,
S28,NOTE,,,,,,,,,,3,19,0,0.0,19.0,1.0,1.0,1,,,,,,,,,,,,,,,,,,,,,,,,,64.0,0.0,,,
S28,DELTA,,,,,,,,,,0,64,41,0.640625,23.0,0.359375,0.640625,2,,,,,,,,,,,,,,,,,,,,,,,,,,,,0.16219699382781982,2.0
S28,DELTA,,,,,,,,,,1,64,38,0.59375,26.0,0.40625,0.59375,2,,,,,,,,,,,,,,,,,,,,,,,,,,,,0.16354168951511383,19.0
S28,DELTA,,,,,,,,,,2,64,49,0.765625,15.0,0.234375,0.765625,2,,,,,,,,,,,,,,,,,,,,,,,,,,,,0.10088302940130234,43.0
S28,DELTA,,,,,,,,,,3,19,0,0.0,19.0,1.0,1.0,1,,,,,,,,,,,,,,,,,,,,,,,,,,,,0.2534297704696655,1.0
S29,EMATent,0.7566846013069153,0.7566846013069153,0.8340625762939453,1.0,0.2729946196079254,0.5,0.22700538039207457,0.0,0.0,0,64,22,0.34375,42.0,0.65625,0.65625,2,,,,,,,,,,,,,,,,,,,,,,,,,,,,,
S29,EMATent,0.8713634014129639,0.8713634014129639,0.7703491449356079,1.0,0.23859097957611086,0.5,0.26140902042388914,0.0,0.0,1,64,35,0.546875,29.0,0.453125,0.546875,2,,,,,,,,,,,,,,,,,,,,,,,,,,,,,
S29,EMATent,0.9175147414207458,0.9175147414207458,0.7477920651435852,1.0,0.22474557757377625,0.5,0.2752544224262237,0.0,0.0,2,64,24,0.375,40.0,0.625,0.625,2,,,,,,,,,,,,,,,,,,,,,,,,,,,,,
S29,DynaMixEMATent,,,,,,,,,,0,64,22,0.34375,42.0,0.65625,0.65625,2,0.20827512443065643,0.7566846013069153,0.7566846013069153,0.5484095215797424,0.529498211598005,0.24349640800992034,0.22700538039207457,0.31500401404271794,48.42781448364258,0.19999999999999996,1.0,0.6162163615226746,0.2,0.0,1.0,23.0,0.359375,41.0,0.640625,0.640625,2.0,0.15625,,,,,,,
S29,DynaMixEMATent,,,,,,,,,,1,64,35,0.546875,29.0,0.453125,0.546875,2,0.17907650768756866,0.6154189109802246,0.6154189109802246,0.43634241819381714,0.41059016363631223,0.40478416306962034,0.18462567329406737,0.4964396717087305,87.81462478637695,0.19999999999999996,1.0,0.5592139959335327,0.2,0.0,1.0,27.0,0.421875,37.0,0.578125,0.578125,2.0,0.046875,,,,,,,
S29,DynaMixEMATent,,,,,,,,,,2,64,24,0.375,40.0,0.625,0.625,2,0.277199387550354,0.9999986290931702,0.9999986290931702,0.7227992415428162,0.2137976168474605,0.4862027944245885,0.299999588727951,0.694575012521857,151.81453704833984,0.19999999999999996,1.0,0.5989164710044861,0.2,0.0,1.0,4.0,0.0625,60.0,0.9375,0.9375,2.0,0.125,,,,,,,
S29,TEMA,,,,,,,,,,0,64,22,0.34375,42.0,0.65625,0.65625,2,,,,,,,,,,,,,,,,,,,,,,,,,,,,,
S29,TEMA,,,,,,,,,,1,64,35,0.546875,29.0,0.453125,0.546875,2,,,,,,,,,,,,,,,,,,,,,,,,,,,,,
S29,TEMA,,,,,,,,,,2,64,24,0.375,40.0,0.625,0.625,2,,,,,,,,,,,,,,,,,,,,,,,,,,,,,
S29,DUA,,,,,,,,,,0,64,22,0.34375,42.0,0.65625,0.65625,2,,,,,,,,,,,,,,,,,,,,,,,0.099,,,,,,
S29,DUA,,,,,,,,,,1,64,35,0.546875,29.0,0.453125,0.546875,2,,,,,,,,,,,,,,,,,,,,,,,0.09336,,,,,,
S29,DUA,,,,,,,,,,2,64,24,0.375,40.0,0.625,0.625,2,,,,,,,,,,,,,,,,,,,,,,,0.0880584,,,,,,
S29,RoTTA,,,,,,,,,,0,64,22,0.34375,42.0,0.65625,0.65625,2,,,,,,,,,,,,,,,,,,,,,,,,55.0,,,,,
S29,RoTTA,,,,,,,,,,1,64,35,0.546875,29.0,0.453125,0.546875,2,,,,,,,,,,,,,,,,,,,,,,,,64.0,,,,,
S29,RoTTA,,,,,,,,,,2,64,24,0.375,40.0,0.625,0.625,2,,,,,,,,,,,,,,,,,,,,,,,,64.0,,,,,
S29,NOTE,,,,,,,,,,0,64,22,0.34375,42.0,0.65625,0.65625,2,,,,,,,,,,,,,,,,,,,,,,,,,64.0,1.0,0.5722615718841553,,
S29,NOTE,,,,,,,,,,1,64,35,0.546875,29.0,0.453125,0.546875,2,,,,,,,,,,,,,,,,,,,,,,,,,64.0,1.0,0.5620623826980591,,
S29,NOTE,,,,,,,,,,2,64,24,0.375,40.0,0.625,0.625,2,,,,,,,,,,,,,,,,,,,,,,,,,64.0,1.0,0.4965658187866211,,
S29,DELTA,,,,,,,,,,0,64,22,0.34375,42.0,0.65625,0.65625,2,,,,,,,,,,,,,,,,,,,,,,,,,,,,0.21744544804096222,8.0
S29,DELTA,,,,,,,,,,1,64,35,0.546875,29.0,0.453125,0.546875,2,,,,,,,,,,,,,,,,,,,,,,,,,,,,0.07545146346092224,42.0
S29,DELTA,,,,,,,,,,2,64,24,0.375,40.0,0.625,0.625,2,,,,,,,,,,,,,,,,,,,,,,,,,,,,0.22775708138942719,18.0
S30,EMATent,0.36452555656433105,0.36452555656433105,0.9361588954925537,1.0,0.39064233303070073,0.5,0.10935766696929931,0.0,0.0,0,64,51,0.796875,13.0,0.203125,0.796875,2,,,,,,,,,,,,,,,,,,,,,,,,,,,,,
S30,EMATent,0.9888204336166382,0.9888204336166382,0.7885600328445435,1.0,0.20335386991500856,0.5,0.29664613008499147,0.0,0.0,1,64,33,0.515625,31.0,0.484375,0.515625,2,,,,,,,,,,,,,,,,,,,,,,,,,,,,,
S30,EMATent,0.9933132529258728,0.9933132529258728,0.6802002191543579,1.0,0.20200602412223817,0.5,0.29799397587776183,0.0,0.0,2,64,5,0.078125,59.0,0.921875,0.921875,2,,,,,,,,,,,,,,,,,,,,,,,,,,,,,
S30,EMATent,0.6539631485939026,0.6539631485939026,0.8316296339035034,1.0,0.30381105542182923,0.5,0.19618894457817077,0.0,0.0,3,64,37,0.578125,27.0,0.421875,0.578125,2,,,,,,,,,,,,,,,,,,,,,,,,,,,,,
S30,EMATent,0.9802928566932678,0.9802928566932678,0.8783565163612366,1.0,0.20591214299201965,0.5,0.29408785700798035,0.0,0.0,4,64,24,0.375,40.0,0.625,0.625,2,,,,,,,,,,,,,,,,,,,,,,,,,,,,,
S30,EMATent,0.03537178039550781,0.03537178039550781,0.99628084897995,0.0,0.48938846588134766,0.5,0.010611534118652344,0.0,0.0,5,23,23,1.0,,,1.0,1,,,,,,,,,,,,,,,,,,,,,,,,,,,,,
S30,DynaMixEMATent,,,,,,,,,,0,64,51,0.796875,13.0,0.203125,0.796875,2,0.11402398347854614,0.36452555656433105,0.36452555656433105,0.2505015730857849,0.742245571000124,0.1483967620305767,0.10935766696929931,0.16661768313393366,23.329635620117188,0.19999999999999996,1.0,0.28560569882392883,0.2,0.0,1.0,62.0,0.96875,2.0,0.03125,0.96875,2.0,0.296875,,,,,,,
S30,DynaMixEMATent,,,,,,,,,,1,64,33,0.515625,31.0,0.484375,0.515625,2,0.2476883828639984,0.8755017518997192,0.8755017518997192,0.6278133988380432,0.3966476323772405,0.34070184205284376,0.26265052556991575,0.46206290757334667,79.36174774169922,0.19999999999999996,1.0,0.5202909111976624,0.2,0.0,1.0,16.0,0.25,48.0,0.75,0.75,2.0,0.015625,,,,,,,
S30,DynaMixEMATent,,,,,,,,,,2,64,5,0.078125,59.0,0.921875,0.921875,2,0.17839975655078888,0.7512507438659668,0.7512507438659668,0.5728510022163391,0.28621398404711257,0.48841079279309735,0.22537522315979003,0.630512742937794,127.4417953491211,0.19999999999999996,1.0,0.5948154926300049,0.2,0.0,1.0,11.0,0.171875,53.0,0.828125,0.828125,2.0,0.421875,,,,,,,
S30,DynaMixEMATent,,,,,,,,,,3,64,37,0.578125,27.0,0.421875,0.578125,2,0.3383558392524719,0.9937967658042908,0.9937967658042908,0.6554409265518188,0.15777941142065183,0.544081558838061,0.2981390297412872,0.7751984821687794,191.0447883605957,0.19999999999999996,1.0,0.5899865627288818,0.2,0.0,1.0,41.0,0.640625,23.0,0.359375,0.640625,2.0,0.078125,,,,,,,
S30,DynaMixEMATent,,,,,,,,,,4,64,24,0.375,40.0,0.625,0.625,2,0.4150119721889496,0.9605171084403992,0.9605171084403992,0.5455051064491272,0.09899447511071933,0.612850392357161,0.2881551325321197,0.8609325154470034,252.51788330078125,0.19999999999999996,1.0,0.3466000556945801,0.2,0.0,1.0,21.0,0.328125,43.0,0.671875,0.671875,2.0,0.125,,,,,,,
S30,DynaMixEMATent,,,,,,,,,,5,23,23,1.0,,,1.0,1,0.025449464097619057,0.051406361162662506,0.051406361162662506,0.0259568989276886,0.13566385506910092,0.8489142365821003,0.015421908348798752,0.8622111783519539,253.7002296075225,0.19999999999999996,0.0,0.04414968937635422,0.2,0.0,1.0,23.0,1.0,0.0,0.0,1.0,1.0,0.0,,,,,,,
S30,TEMA,,,,,,,,,,0,64,51,0.796875,13.0,0.203125,0.796875,2,,,,,,,,,,,,,,,,,,,,,,,,,,,,,
S30,TEMA,,,,,,,,,,1,64,33,0.515625,31.0,0.484375,0.515625,2,,,,,,,,,,,,,,,,,,,,,,,,,,,,,
S30,TEMA,,,,,,,,,,2,64,5,0.078125,59.0,0.921875,0.921875,2,,,,,,,,,,,,,,,,,,,,,,,,,,,,,
S30,TEMA,,,,,,,,,,3,64,37,0.578125,27.0,0.421875,0.578125,2,,,,,,,,,,,,,,,,,,,,,,,,,,,,,
S30,TEMA,,,,,,,,,,4,64,24,0.375,40.0,0.625,0.625,2,,,,,,,,,,,,,,,,,,,,,,,,,,,,,
S30,TEMA,,,,,,,,,,5,23,23,1.0,0.0,0.0,1.0,1,,,,,,,,,,,,,,,,,,,,,,,,,,,,,
S30,DUA,,,,,,,,,,0,64,51,0.796875,13.0,0.203125,0.796875,2,,,,,,,,,,,,,,,,,,,,,,,0.099,,,,,,
S30,DUA,,,,,,,,,,1,64,33,0.515625,31.0,0.484375,0.515625,2,,,,,,,,,,,,,,,,,,,,,,,0.09336,,,,,,
S30,DUA,,,,,,,,,,2,64,5,0.078125,59.0,0.921875,0.921875,2,,,,,,,,,,,,,,,,,,,,,,,0.0880584,,,,,,
S30,DUA,,,,,,,,,,3,64,37,0.578125,27.0,0.421875,0.578125,2,,,,,,,,,,,,,,,,,,,,,,,0.083074896,,,,,,
S30,DUA,,,,,,,,,,4,64,24,0.375,40.0,0.625,0.625,2,,,,,,,,,,,,,,,,,,,,,,,0.07839040223999999,,,,,,
S30,DUA,,,,,,,,,,5,23,23,1.0,0.0,0.0,1.0,1,,,,,,,,,,,,,,,,,,,,,,,0.07398697810559998,,,,,,
S30,RoTTA,,,,,,,,,,0,64,51,0.796875,13.0,0.203125,0.796875,2,,,,,,,,,,,,,,,,,,,,,,,,57.0,,,,,
S30,RoTTA,,,,,,,,,,1,64,33,0.515625,31.0,0.484375,0.515625,2,,,,,,,,,,,,,,,,,,,,,,,,64.0,,,,,
S30,RoTTA,,,,,,,,,,2,64,5,0.078125,59.0,0.921875,0.921875,2,,,,,,,,,,,,,,,,,,,,,,,,64.0,,,,,
S30,RoTTA,,,,,,,,,,3,64,37,0.578125,27.0,0.421875,0.578125,2,,,,,,,,,,,,,,,,,,,,,,,,64.0,,,,,
S30,RoTTA,,,,,,,,,,4,64,24,0.375,40.0,0.625,0.625,2,,,,,,,,,,,,,,,,,,,,,,,,64.0,,,,,
S30,RoTTA,,,,,,,,,,5,23,23,1.0,0.0,0.0,1.0,1,,,,,,,,,,,,,,,,,,,,,,,,64.0,,,,,
S30,NOTE,,,,,,,,,,0,64,51,0.796875,13.0,0.203125,0.796875,2,,,,,,,,,,,,,,,,,,,,,,,,,64.0,1.0,0.6270177364349365,,
S30,NOTE,,,,,,,,,,1,64,33,0.515625,31.0,0.484375,0.515625,2,,,,,,,,,,,,,,,,,,,,,,,,,64.0,1.0,0.5999669432640076,,
S30,NOTE,,,,,,,,,,2,64,5,0.078125,59.0,0.921875,0.921875,2,,,,,,,,,,,,,,,,,,,,,,,,,64.0,1.0,0.5955157279968262,,
S30,NOTE,,,,,,,,,,3,64,37,0.578125,27.0,0.421875,0.578125,2,,,,,,,,,,,,,,,,,,,,,,,,,64.0,1.0,0.6093761920928955,,
S30,NOTE,,,,,,,,,,4,64,24,0.375,40.0,0.625,0.625,2,,,,,,,,,,,,,,,,,,,,,,,,,64.0,1.0,0.49718326330184937,,
S30,NOTE,,,,,,,,,,5,23,23,1.0,0.0,0.0,1.0,1,,,,,,,,,,,,,,,,,,,,,,,,,64.0,0.0,,,
S30,DELTA,,,,,,,,,,0,64,51,0.796875,13.0,0.203125,0.796875,2,,,,,,,,,,,,,,,,,,,,,,,,,,,,,0.0
S30,DELTA,,,,,,,,,,1,64,33,0.515625,31.0,0.484375,0.515625,2,,,,,,,,,,,,,,,,,,,,,,,,,,,,0.08650165796279907,31.0
S30,DELTA,,,,,,,,,,2,64,5,0.078125,59.0,0.921875,0.921875,2,,,,,,,,,,,,,,,,,,,,,,,,,,,,0.1918109506368637,18.0
S30,DELTA,,,,,,,,,,3,64,37,0.578125,27.0,0.421875,0.578125,2,,,,,,,,,,,,,,,,,,,,,,,,,,,,0.3033573627471924,3.0
S30,DELTA,,,,,,,,,,4,64,24,0.375,40.0,0.625,0.625,2,,,,,,,,,,,,,,,,,,,,,,,,,,,,0.0714520514011383,40.0
S30,DELTA,,,,,,,,,,5,23,23,1.0,0.0,0.0,1.0,1,,,,,,,,,,,,,,,,,,,,,,,,,,,,0.0012623040238395333,21.0
