Subject,Method,batch_size,g_mi,effective_mi_gate,diversity_norm,sample_entropy_norm,w_source,w_ema,w_batch,rho,n_eff,alpha,entropy_updated,loss_entropy,gate_threshold,gate_aware_ema,dynamic_mixture_weights,pred_class_0_count,pred_class_0_ratio,pred_class_1_count,pred_class_1_ratio,pred_max_class_ratio,pred_num_present_classes,batch_index,true_class_0_count,true_class_0_ratio,true_class_1_count,true_class_1_ratio,true_max_class_ratio,true_num_present_classes,true_imbalance,dua_momentum,rotta_memory_occupancy,note_memory_occupancy,note_updated,note_loss,delta_loss,delta_used_samples
S1,DynaMixEMATent,64,0.04509161412715912,0.9698038101196289,0.9698038101196289,0.9247121810913086,0.43660837754578247,0.27245047941832895,0.29094114303588864,0.3842424034936198,62.06744384765625,0.19999999999999996,1.0,0.6503852605819702,0.2,0.0,1.0,30.0,0.46875,34.0,0.53125,0.53125,2.0,0,47,0.734375,17.0,0.265625,0.734375,2,0.234375,,,,,,,
S1,DynaMixEMATent,64,0.06568963080644608,0.9356231093406677,0.9356231093406677,0.8699334859848022,0.2774340434087584,0.44187902378904126,0.2806869328022003,0.6143069602648155,121.94732284545898,0.19999999999999996,1.0,0.6485036611557007,0.2,0.0,1.0,26.0,0.40625,38.0,0.59375,0.59375,2.0,1,19,0.296875,45.0,0.703125,0.703125,2,0.203125,,,,,,,
S1,DynaMixEMATent,64,0.0919359028339386,0.9923775792121887,0.9923775792121887,0.9004416465759277,0.16491653760580602,0.5373701886305374,0.2977132737636566,0.765172070829791,185.45948791503906,0.19999999999999996,1.0,0.4552660882472992,0.2,0.0,1.0,36.0,0.5625,28.0,0.4375,0.5625,2.0,2,41,0.640625,23.0,0.359375,0.640625,2,0.140625,,,,,,,
S1,DynaMixEMATent,64,0.05472875013947487,0.9868297576904297,0.9868297576904297,0.9321010112762451,0.10092641899595683,0.6030246536969143,0.2960489273071289,0.8566286452126903,248.61659240722656,0.19999999999999996,1.0,0.4435400366783142,0.2,0.0,1.0,51.0,0.796875,13.0,0.203125,0.796875,2.0,3,36,0.5625,28.0,0.4375,0.5625,2,0.0625,,,,,,,
S1,DynaMixEMATent,10,0.03484927490353584,0.999940037727356,0.999940037727356,0.965090811252594,0.09282059919105967,0.6071973894907335,0.2999820113182068,0.8674025515174967,258.6159927845001,0.19999999999999996,1.0,0.5650516748428345,0.2,0.0,1.0,10.0,1.0,0.0,0.0,1.0,1.0,4,0,0.0,10.0,1.0,1.0,1,0.5,,,,,,,
S1,TEMA,64,,,,,,,,,,,,,,,,,,,,,,0,47,0.734375,17.0,0.265625,0.734375,2,,,,,,,,
S1,TEMA,64,,,,,,,,,,,,,,,,,,,,,,1,19,0.296875,45.0,0.703125,0.703125,2,,,,,,,,
S1,TEMA,64,,,,,,,,,,,,,,,,,,,,,,2,41,0.640625,23.0,0.359375,0.640625,2,,,,,,,,
S1,TEMA,64,,,,,,,,,,,,,,,,,,,,,,3,36,0.5625,28.0,0.4375,0.5625,2,,,,,,,,
S1,TEMA,10,,,,,,,,,,,,,,,,,,,,,,4,0,0.0,10.0,1.0,1.0,1,,,,,,,,
S1,DUA,64,,,,,,,,,,,,,,,,,,,,,,0,47,0.734375,17.0,0.265625,0.734375,2,,0.099,,,,,,
S1,DUA,64,,,,,,,,,,,,,,,,,,,,,,1,19,0.296875,45.0,0.703125,0.703125,2,,0.09336,,,,,,
S1,DUA,64,,,,,,,,,,,,,,,,,,,,,,2,41,0.640625,23.0,0.359375,0.640625,2,,0.0880584,,,,,,
S1,DUA,64,,,,,,,,,,,,,,,,,,,,,,3,36,0.5625,28.0,0.4375,0.5625,2,,0.083074896,,,,,,
S1,DUA,10,,,,,,,,,,,,,,,,,,,,,,4,0,0.0,10.0,1.0,1.0,1,,0.07839040223999999,,,,,,
S1,RoTTA,64,,,,,,,,,,,,,,,,,,,,,,0,47,0.734375,17.0,0.265625,0.734375,2,,,53.0,,,,,
S1,RoTTA,64,,,,,,,,,,,,,,,,,,,,,,1,19,0.296875,45.0,0.703125,0.703125,2,,,64.0,,,,,
S1,RoTTA,64,,,,,,,,,,,,,,,,,,,,,,2,41,0.640625,23.0,0.359375,0.640625,2,,,64.0,,,,,
S1,RoTTA,64,,,,,,,,,,,,,,,,,,,,,,3,36,0.5625,28.0,0.4375,0.5625,2,,,64.0,,,,,
S1,RoTTA,10,,,,,,,,,,,,,,,,,,,,,,4,0,0.0,10.0,1.0,1.0,1,,,64.0,,,,,
S1,NOTE,64,,,,,,,,,,,,,,,,,,,,,,0,47,0.734375,17.0,0.265625,0.734375,2,,,,64.0,1.0,0.6436973214149475,,
S1,NOTE,64,,,,,,,,,,,,,,,,,,,,,,1,19,0.296875,45.0,0.703125,0.703125,2,,,,64.0,1.0,0.5777251720428467,,
S1,NOTE,64,,,,,,,,,,,,,,,,,,,,,,2,41,0.640625,23.0,0.359375,0.640625,2,,,,64.0,1.0,0.5964332818984985,,
S1,NOTE,64,,,,,,,,,,,,,,,,,,,,,,3,36,0.5625,28.0,0.4375,0.5625,2,,,,64.0,1.0,0.578032374382019,,
S1,NOTE,10,,,,,,,,,,,,,,,,,,,,,,4,0,0.0,10.0,1.0,1.0,1,,,,64.0,0.0,,,
S1,DELTA,64,,,,,,,,,,,,,,,,,,,,,,0,47,0.734375,17.0,0.265625,0.734375,2,,,,,,,0.29956406354904175,1.0
S1,DELTA,64,,,,,,,,,,,,,,,,,,,,,,1,19,0.296875,45.0,0.703125,0.703125,2,,,,,,,0.10913542658090591,19.0
S1,DELTA,64,,,,,,,,,,,,,,,,,,,,,,2,41,0.640625,23.0,0.359375,0.640625,2,,,,,,,0.07626257836818695,56.0
S1,DELTA,64,,,,,,,,,,,,,,,,,,,,,,3,36,0.5625,28.0,0.4375,0.5625,2,,,,,,,0.09084106981754303,51.0
S1,DELTA,10,,,,,,,,,,,,,,,,,,,,,,4,0,0.0,10.0,1.0,1.0,1,,,,,,,0.22538982331752777,6.0
S2,DynaMixEMATent,64,0.1400023102760315,0.991064190864563,0.991064190864563,0.8510618805885315,0.4281058840919857,0.2745748586486455,0.29731925725936886,0.39075335632186914,63.42810821533203,0.19999999999999996,1.0,0.5897292494773865,0.2,0.0,1.0,31.0,0.484375,33.0,0.515625,0.515625,2.0,0,50,0.78125,14.0,0.21875,0.78125,2,0.28125,,,,,,,
S2,DynaMixEMATent,64,0.08980993926525116,0.9955358505249023,0.9955358505249023,0.90572589635849,0.2597427435793487,0.4415965012631806,0.2986607551574707,0.6296474987113143,127.14240264892578,0.19999999999999996,1.0,0.5782145261764526,0.2,0.0,1.0,35.0,0.546875,29.0,0.453125,0.546875,2.0,1,37,0.578125,27.0,0.421875,0.578125,2,0.078125,,,,,,,
S2,DynaMixEMATent,64,0.08854294568300247,0.9475318789482117,0.9475318789482117,0.8589889407157898,0.16505052216196614,0.5506899141535704,0.2842595636844635,0.7693989136458359,187.78444290161133,0.19999999999999996,1.0,0.5632617473602295,0.2,0.0,1.0,60.0,0.9375,4.0,0.0625,0.9375,2.0,2,54,0.84375,10.0,0.15625,0.84375,2,0.34375,,,,,,,
S2,DynaMixEMATent,61,0.13985198736190796,0.999871015548706,0.999871015548706,0.8600190281867981,0.10024013141092178,0.5997985639244664,0.2999613046646118,0.8568077278029655,248.7765748500824,0.19999999999999996,1.0,0.49557697772979736,0.2,0.0,1.0,32.0,0.5245901639344263,29.0,0.47540983606557374,0.5245901639344263,2.0,3,22,0.36065573770491804,39.0,0.639344262295082,0.639344262295082,2,0.139344262295082,,,,,,,
S2,TEMA,64,,,,,,,,,,,,,,,,,,,,,,0,50,0.78125,14.0,0.21875,0.78125,2,,,,,,,,
S2,TEMA,64,,,,,,,,,,,,,,,,,,,,,,1,37,0.578125,27.0,0.421875,0.578125,2,,,,,,,,
S2,TEMA,64,,,,,,,,,,,,,,,,,,,,,,2,54,0.84375,10.0,0.15625,0.84375,2,,,,,,,,
S2,TEMA,61,,,,,,,,,,,,,,,,,,,,,,3,22,0.36065573770491804,39.0,0.639344262295082,0.639344262295082,2,,,,,,,,
S2,DUA,64,,,,,,,,,,,,,,,,,,,,,,0,50,0.78125,14.0,0.21875,0.78125,2,,0.099,,,,,,
S2,DUA,64,,,,,,,,,,,,,,,,,,,,,,1,37,0.578125,27.0,0.421875,0.578125,2,,0.09336,,,,,,
S2,DUA,64,,,,,,,,,,,,,,,,,,,,,,2,54,0.84375,10.0,0.15625,0.84375,2,,0.0880584,,,,,,
S2,DUA,61,,,,,,,,,,,,,,,,,,,,,,3,22,0.36065573770491804,39.0,0.639344262295082,0.639344262295082,2,,0.083074896,,,,,,
S2,RoTTA,64,,,,,,,,,,,,,,,,,,,,,,0,50,0.78125,14.0,0.21875,0.78125,2,,,51.0,,,,,
S2,RoTTA,64,,,,,,,,,,,,,,,,,,,,,,1,37,0.578125,27.0,0.421875,0.578125,2,,,64.0,,,,,
S2,RoTTA,64,,,,,,,,,,,,,,,,,,,,,,2,54,0.84375,10.0,0.15625,0.84375,2,,,64.0,,,,,
S2,RoTTA,61,,,,,,,,,,,,,,,,,,,,,,3,22,0.36065573770491804,39.0,0.639344262295082,0.639344262295082,2,,,64.0,,,,,
S2,NOTE,64,,,,,,,,,,,,,,,,,,,,,,0,50,0.78125,14.0,0.21875,0.78125,2,,,,64.0,1.0,0.5881431102752686,,
S2,NOTE,64,,,,,,,,,,,,,,,,,,,,,,1,37,0.578125,27.0,0.421875,0.578125,2,,,,64.0,1.0,0.5656344294548035,,
S2,NOTE,64,,,,,,,,,,,,,,,,,,,,,,2,54,0.84375,10.0,0.15625,0.84375,2,,,,64.0,1.0,0.6529015302658081,,
S2,NOTE,61,,,,,,,,,,,,,,,,,,,,,,3,22,0.36065573770491804,39.0,0.639344262295082,0.639344262295082,2,,,,64.0,0.0,,,
S2,DELTA,64,,,,,,,,,,,,,,,,,,,,,,0,50,0.78125,14.0,0.21875,0.78125,2,,,,,,,0.30218181014060974,5.0
S2,DELTA,64,,,,,,,,,,,,,,,,,,,,,,1,37,0.578125,27.0,0.421875,0.578125,2,,,,,,,0.27167975902557373,8.0
S2,DELTA,64,,,,,,,,,,,,,,,,,,,,,,2,54,0.84375,10.0,0.15625,0.84375,2,,,,,,,0.15753881633281708,48.0
S2,DELTA,61,,,,,,,,,,,,,,,,,,,,,,3,22,0.36065573770491804,39.0,0.639344262295082,0.639344262295082,2,,,,,,,0.23977138102054596,43.0
S3,DynaMixEMATent,64,0.09876877814531326,0.688866376876831,0.688866376876831,0.5900976061820984,0.5621781555789839,0.23116193135796678,0.20665991306304932,0.2913781052593375,44.08744812011719,0.19999999999999996,1.0,0.5773622989654541,0.2,0.0,1.0,8.0,0.125,56.0,0.875,0.875,2.0,0,50,0.78125,14.0,0.21875,0.78125,2,0.28125,,,,,,,
S3,DynaMixEMATent,64,0.06719177216291428,0.4328676462173462,0.4328676462173462,0.3656758666038513,0.49660094150470174,0.37353876463009444,0.12986029386520384,0.42928596637587335,71.79097747802734,0.19999999999999996,1.0,0.4249105155467987,0.2,0.0,1.0,1.0,0.015625,63.0,0.984375,0.984375,2.0,1,6,0.09375,58.0,0.90625,0.90625,2,0.40625,,,,,,,
S3,DynaMixEMATent,64,0.07265372574329376,0.5391700863838196,0.5391700863838196,0.4665163457393646,0.3653526701673333,0.4728963039175208,0.16175102591514587,0.5641477872773997,106.2978630065918,0.19999999999999996,1.0,0.6228742003440857,0.2,0.0,1.0,7.0,0.109375,57.0,0.890625,0.890625,2.0,2,43,0.671875,21.0,0.328125,0.671875,2,0.171875,,,,,,,
S3,DynaMixEMATent,64,0.07827149331569672,0.43542400002479553,0.43542400002479553,0.3571524918079376,0.3047854167504649,0.5645873832420965,0.13062720000743866,0.6494191942132619,134.1649990081787,0.19999999999999996,1.0,0.5431926250457764,0.2,0.0,1.0,26.0,0.40625,38.0,0.59375,0.59375,2.0,3,36,0.5625,28.0,0.4375,0.5625,2,0.0625,,,,,,,
S3,DynaMixEMATent,11,0.016380207613110542,0.2940891683101654,0.2940891683101654,0.2777089774608612,0.3116728208851377,0.6001004286218127,0.08822675049304962,0.658168496329896,137.39997985959053,0.19999999999999996,1.0,0.6296858191490173,0.2,0.0,1.0,0.0,0.0,11.0,1.0,1.0,1.0,4,11,1.0,,,1.0,1,0.0,,,,,,,
S3,TEMA,64,,,,,,,,,,,,,,,,,,,,,,0,50,0.78125,14.0,0.21875,0.78125,2,,,,,,,,
S3,TEMA,64,,,,,,,,,,,,,,,,,,,,,,1,6,0.09375,58.0,0.90625,0.90625,2,,,,,,,,
S3,TEMA,64,,,,,,,,,,,,,,,,,,,,,,2,43,0.671875,21.0,0.328125,0.671875,2,,,,,,,,
S3,TEMA,64,,,,,,,,,,,,,,,,,,,,,,3,36,0.5625,28.0,0.4375,0.5625,2,,,,,,,,
S3,TEMA,11,,,,,,,,,,,,,,,,,,,,,,4,11,1.0,0.0,0.0,1.0,1,,,,,,,,
S3,DUA,64,,,,,,,,,,,,,,,,,,,,,,0,50,0.78125,14.0,0.21875,0.78125,2,,0.099,,,,,,
S3,DUA,64,,,,,,,,,,,,,,,,,,,,,,1,6,0.09375,58.0,0.90625,0.90625,2,,0.09336,,,,,,
S3,DUA,64,,,,,,,,,,,,,,,,,,,,,,2,43,0.671875,21.0,0.328125,0.671875,2,,0.0880584,,,,,,
S3,DUA,64,,,,,,,,,,,,,,,,,,,,,,3,36,0.5625,28.0,0.4375,0.5625,2,,0.083074896,,,,,,
S3,DUA,11,,,,,,,,,,,,,,,,,,,,,,4,11,1.0,0.0,0.0,1.0,1,,0.07839040223999999,,,,,,
S3,RoTTA,64,,,,,,,,,,,,,,,,,,,,,,0,50,0.78125,14.0,0.21875,0.78125,2,,,55.0,,,,,
S3,RoTTA,64,,,,,,,,,,,,,,,,,,,,,,1,6,0.09375,58.0,0.90625,0.90625,2,,,64.0,,,,,
S3,RoTTA,64,,,,,,,,,,,,,,,,,,,,,,2,43,0.671875,21.0,0.328125,0.671875,2,,,64.0,,,,,
S3,RoTTA,64,,,,,,,,,,,,,,,,,,,,,,3,36,0.5625,28.0,0.4375,0.5625,2,,,64.0,,,,,
S3,RoTTA,11,,,,,,,,,,,,,,,,,,,,,,4,11,1.0,0.0,0.0,1.0,1,,,64.0,,,,,
S3,NOTE,64,,,,,,,,,,,,,,,,,,,,,,0,50,0.78125,14.0,0.21875,0.78125,2,,,,64.0,1.0,0.6161282658576965,,
S3,NOTE,64,,,,,,,,,,,,,,,,,,,,,,1,6,0.09375,58.0,0.90625,0.90625,2,,,,64.0,1.0,0.6006036996841431,,
S3,NOTE,64,,,,,,,,,,,,,,,,,,,,,,2,43,0.671875,21.0,0.328125,0.671875,2,,,,64.0,1.0,0.5823889970779419,,
S3,NOTE,64,,,,,,,,,,,,,,,,,,,,,,3,36,0.5625,28.0,0.4375,0.5625,2,,,,64.0,1.0,0.630716860294342,,
S3,NOTE,11,,,,,,,,,,,,,,,,,,,,,,4,11,1.0,0.0,0.0,1.0,1,,,,64.0,0.0,,,
S3,DELTA,64,,,,,,,,,,,,,,,,,,,,,,0,50,0.78125,14.0,0.21875,0.78125,2,,,,,,,0.19210600852966309,3.0
S3,DELTA,64,,,,,,,,,,,,,,,,,,,,,,1,6,0.09375,58.0,0.90625,0.90625,2,,,,,,,0.12709558010101318,53.0
S3,DELTA,64,,,,,,,,,,,,,,,,,,,,,,2,43,0.671875,21.0,0.328125,0.671875,2,,,,,,,0.23714275658130646,11.0
S3,DELTA,64,,,,,,,,,,,,,,,,,,,,,,3,36,0.5625,28.0,0.4375,0.5625,2,,,,,,,0.21368956565856934,26.0
S3,DELTA,11,,,,,,,,,,,,,,,,,,,,,,4,11,1.0,0.0,0.0,1.0,1,,,,,,,0.17565195262432098,1.0
S4,DynaMixEMATent,64,0.26092833280563354,0.969338595867157,0.969338595867157,0.7084102630615234,0.43679590533332263,0.27240251590653036,0.29080157876014706,0.3840991572292334,62.03767013549805,0.19999999999999996,1.0,0.5544223189353943,0.2,0.0,1.0,5.0,0.078125,59.0,0.921875,0.921875,2.0,0,35,0.546875,29.0,0.453125,0.546875,2,0.046875,,,,,,,
S4,DynaMixEMATent,64,0.14594443142414093,0.710731029510498,0.710731029510498,0.5647866129875183,0.339649679674474,0.44713101147237655,0.2132193088531494,0.568304505313439,107.52445602416992,0.19999999999999996,1.0,0.5582258701324463,0.2,0.0,1.0,12.0,0.1875,52.0,0.8125,0.8125,2.0,1,20,0.3125,44.0,0.6875,0.6875,2,0.1875,,,,,,,
S4,DynaMixEMATent,64,0.030746111646294594,0.5281861424446106,0.5281861424446106,0.49744004011154175,0.2789717724847407,0.5625723847818761,0.15845584273338317,0.6685001374249251,141.328369140625,0.19999999999999996,1.0,0.6329013109207153,0.2,0.0,1.0,36.0,0.5625,28.0,0.4375,0.5625,2.0,2,35,0.546875,29.0,0.453125,0.546875,2,0.046875,,,,,,,
S4,DynaMixEMATent,64,0.29429516196250916,0.9233231544494629,0.9233231544494629,0.6290280222892761,0.1510519752612237,0.5719510784039374,0.27699694633483884,0.7910769885472998,200.42105102539062,0.19999999999999996,1.0,0.4993818700313568,0.2,0.0,1.0,30.0,0.46875,34.0,0.53125,0.53125,2.0,3,10,0.15625,54.0,0.84375,0.84375,2,0.34375,,,,,,,
S4,DynaMixEMATent,11,0.17251244187355042,0.9974135756492615,0.9974135756492615,0.8249011039733887,0.1343815979140839,0.5663943293911378,0.2992240726947784,0.8082388497121502,211.3926003575325,0.19999999999999996,1.0,0.5447431802749634,0.2,0.0,1.0,10.0,0.9090909090909091,1.0,0.09090909090909091,0.9090909090909091,2.0,4,0,0.0,11.0,1.0,1.0,1,0.5,,,,,,,
S4,TEMA,64,,,,,,,,,,,,,,,,,,,,,,0,35,0.546875,29.0,0.453125,0.546875,2,,,,,,,,
S4,TEMA,64,,,,,,,,,,,,,,,,,,,,,,1,20,0.3125,44.0,0.6875,0.6875,2,,,,,,,,
S4,TEMA,64,,,,,,,,,,,,,,,,,,,,,,2,35,0.546875,29.0,0.453125,0.546875,2,,,,,,,,
S4,TEMA,64,,,,,,,,,,,,,,,,,,,,,,3,10,0.15625,54.0,0.84375,0.84375,2,,,,,,,,
S4,TEMA,11,,,,,,,,,,,,,,,,,,,,,,4,0,0.0,11.0,1.0,1.0,1,,,,,,,,
S4,DUA,64,,,,,,,,,,,,,,,,,,,,,,0,35,0.546875,29.0,0.453125,0.546875,2,,0.099,,,,,,
S4,DUA,64,,,,,,,,,,,,,,,,,,,,,,1,20,0.3125,44.0,0.6875,0.6875,2,,0.09336,,,,,,
S4,DUA,64,,,,,,,,,,,,,,,,,,,,,,2,35,0.546875,29.0,0.453125,0.546875,2,,0.0880584,,,,,,
S4,DUA,64,,,,,,,,,,,,,,,,,,,,,,3,10,0.15625,54.0,0.84375,0.84375,2,,0.083074896,,,,,,
S4,DUA,11,,,,,,,,,,,,,,,,,,,,,,4,0,0.0,11.0,1.0,1.0,1,,0.07839040223999999,,,,,,
S4,RoTTA,64,,,,,,,,,,,,,,,,,,,,,,0,35,0.546875,29.0,0.453125,0.546875,2,,,60.0,,,,,
S4,RoTTA,64,,,,,,,,,,,,,,,,,,,,,,1,20,0.3125,44.0,0.6875,0.6875,2,,,64.0,,,,,
S4,RoTTA,64,,,,,,,,,,,,,,,,,,,,,,2,35,0.546875,29.0,0.453125,0.546875,2,,,64.0,,,,,
S4,RoTTA,64,,,,,,,,,,,,,,,,,,,,,,3,10,0.15625,54.0,0.84375,0.84375,2,,,64.0,,,,,
S4,RoTTA,11,,,,,,,,,,,,,,,,,,,,,,4,0,0.0,11.0,1.0,1.0,1,,,64.0,,,,,
S4,NOTE,64,,,,,,,,,,,,,,,,,,,,,,0,35,0.546875,29.0,0.453125,0.546875,2,,,,64.0,1.0,0.6060925126075745,,
S4,NOTE,64,,,,,,,,,,,,,,,,,,,,,,1,20,0.3125,44.0,0.6875,0.6875,2,,,,64.0,1.0,0.5460209250450134,,
S4,NOTE,64,,,,,,,,,,,,,,,,,,,,,,2,35,0.546875,29.0,0.453125,0.546875,2,,,,64.0,1.0,0.5681692361831665,,
S4,NOTE,64,,,,,,,,,,,,,,,,,,,,,,3,10,0.15625,54.0,0.84375,0.84375,2,,,,64.0,1.0,0.5396140217781067,,
S4,NOTE,11,,,,,,,,,,,,,,,,,,,,,,4,0,0.0,11.0,1.0,1.0,1,,,,64.0,0.0,,,
S4,DELTA,64,,,,,,,,,,,,,,,,,,,,,,0,35,0.546875,29.0,0.453125,0.546875,2,,,,,,,0.3102445602416992,1.0
S4,DELTA,64,,,,,,,,,,,,,,,,,,,,,,1,20,0.3125,44.0,0.6875,0.6875,2,,,,,,,0.19935868680477142,12.0
S4,DELTA,64,,,,,,,,,,,,,,,,,,,,,,2,35,0.546875,29.0,0.453125,0.546875,2,,,,,,,0.1140410378575325,34.0
S4,DELTA,64,,,,,,,,,,,,,,,,,,,,,,3,10,0.15625,54.0,0.84375,0.84375,2,,,,,,,0.10617087781429291,45.0
S4,DELTA,11,,,,,,,,,,,,,,,,,,,,,,4,0,0.0,11.0,1.0,1.0,1,,,,,,,0.3133384585380554,1.0
S5,DynaMixEMATent,64,0.1497814953327179,0.8246254324913025,0.8246254324913025,0.6748439073562622,0.4983175869023734,0.2542947833502359,0.24738762974739073,0.3378828111274381,52.77602767944336,0.19999999999999996,1.0,0.6001181602478027,0.2,0.0,1.0,55.0,0.859375,9.0,0.140625,0.859375,2.0,0,37,0.578125,27.0,0.421875,0.578125,2,0.078125,,,,,,,
S5,DynaMixEMATent,64,0.27886396646499634,0.9999693036079407,0.9999693036079407,0.7211053371429443,0.28112407572559434,0.4188851331920234,0.2999907910823822,0.5983994608295516,116.77406311035156,0.19999999999999996,1.0,0.5153549909591675,0.2,0.0,1.0,35.0,0.546875,29.0,0.453125,0.546875,2.0,1,33,0.515625,31.0,0.484375,0.515625,2,0.015625,,,,,,,
S5,DynaMixEMATent,64,0.33232104778289795,0.9825482368469238,0.9825482368469238,0.6502271890640259,0.17328893470382534,0.5319465942420976,0.29476447105407716,0.754282182914365,179.6571502685547,0.19999999999999996,1.0,0.6067131757736206,0.2,0.0,1.0,35.0,0.546875,29.0,0.453125,0.546875,2.0,2,24,0.375,40.0,0.625,0.625,2,0.125,,,,,,,
S5,DynaMixEMATent,64,0.15176832675933838,0.9908061623573303,0.9908061623573303,0.8390378355979919,0.10521840539255897,0.597539745900242,0.2972418487071991,0.8502779296134835,243.06874465942383,0.19999999999999996,1.0,0.586348295211792,0.2,0.0,1.0,37.0,0.578125,27.0,0.421875,0.578125,2.0,3,36,0.5625,28.0,0.4375,0.5625,2,0.0625,,,,,,,
S5,DynaMixEMATent,38,0.13701410591602325,0.9641445279121399,0.9641445279121399,0.8271304368972778,0.07992791137695399,0.630828730249404,0.28924335837364196,0.8875453190362563,279.70623672008514,0.19999999999999996,1.0,0.5782245397567749,0.2,0.0,1.0,24.0,0.631578947368421,14.0,0.3684210526315789,0.631578947368421,2.0,4,11,0.2894736842105263,27.0,0.7105263157894737,0.7105263157894737,2,0.21052631578947367,,,,,,,
S5,TEMA,64,,,,,,,,,,,,,,,,,,,,,,0,37,0.578125,27.0,0.421875,0.578125,2,,,,,,,,
S5,TEMA,64,,,,,,,,,,,,,,,,,,,,,,1,33,0.515625,31.0,0.484375,0.515625,2,,,,,,,,
S5,TEMA,64,,,,,,,,,,,,,,,,,,,,,,2,24,0.375,40.0,0.625,0.625,2,,,,,,,,
S5,TEMA,64,,,,,,,,,,,,,,,,,,,,,,3,36,0.5625,28.0,0.4375,0.5625,2,,,,,,,,
S5,TEMA,38,,,,,,,,,,,,,,,,,,,,,,4,11,0.2894736842105263,27.0,0.7105263157894737,0.7105263157894737,2,,,,,,,,
S5,DUA,64,,,,,,,,,,,,,,,,,,,,,,0,37,0.578125,27.0,0.421875,0.578125,2,,0.099,,,,,,
S5,DUA,64,,,,,,,,,,,,,,,,,,,,,,1,33,0.515625,31.0,0.484375,0.515625,2,,0.09336,,,,,,
S5,DUA,64,,,,,,,,,,,,,,,,,,,,,,2,24,0.375,40.0,0.625,0.625,2,,0.0880584,,,,,,
S5,DUA,64,,,,,,,,,,,,,,,,,,,,,,3,36,0.5625,28.0,0.4375,0.5625,2,,0.083074896,,,,,,
S5,DUA,38,,,,,,,,,,,,,,,,,,,,,,4,11,0.2894736842105263,27.0,0.7105263157894737,0.7105263157894737,2,,0.07839040223999999,,,,,,
S5,RoTTA,64,,,,,,,,,,,,,,,,,,,,,,0,37,0.578125,27.0,0.421875,0.578125,2,,,58.0,,,,,
S5,RoTTA,64,,,,,,,,,,,,,,,,,,,,,,1,33,0.515625,31.0,0.484375,0.515625,2,,,64.0,,,,,
S5,RoTTA,64,,,,,,,,,,,,,,,,,,,,,,2,24,0.375,40.0,0.625,0.625,2,,,64.0,,,,,
S5,RoTTA,64,,,,,,,,,,,,,,,,,,,,,,3,36,0.5625,28.0,0.4375,0.5625,2,,,64.0,,,,,
S5,RoTTA,38,,,,,,,,,,,,,,,,,,,,,,4,11,0.2894736842105263,27.0,0.7105263157894737,0.7105263157894737,2,,,64.0,,,,,
S5,NOTE,64,,,,,,,,,,,,,,,,,,,,,,0,37,0.578125,27.0,0.421875,0.578125,2,,,,64.0,1.0,0.5909947156906128,,
S5,NOTE,64,,,,,,,,,,,,,,,,,,,,,,1,33,0.515625,31.0,0.484375,0.515625,2,,,,64.0,1.0,0.5219137668609619,,
S5,NOTE,64,,,,,,,,,,,,,,,,,,,,,,2,24,0.375,40.0,0.625,0.625,2,,,,64.0,1.0,0.6041292548179626,,
S5,NOTE,64,,,,,,,,,,,,,,,,,,,,,,3,36,0.5625,28.0,0.4375,0.5625,2,,,,64.0,1.0,0.5786707997322083,,
S5,NOTE,38,,,,,,,,,,,,,,,,,,,,,,4,11,0.2894736842105263,27.0,0.7105263157894737,0.7105263157894737,2,,,,64.0,0.0,,,
S5,DELTA,64,,,,,,,,,,,,,,,,,,,,,,0,37,0.578125,27.0,0.421875,0.578125,2,,,,,,,0.25131338834762573,2.0
S5,DELTA,64,,,,,,,,,,,,,,,,,,,,,,1,33,0.515625,31.0,0.484375,0.515625,2,,,,,,,0.043921180069446564,26.0
S5,DELTA,64,,,,,,,,,,,,,,,,,,,,,,2,24,0.375,40.0,0.625,0.625,2,,,,,,,0.14054831862449646,21.0
S5,DELTA,64,,,,,,,,,,,,,,,,,,,,,,3,36,0.5625,28.0,0.4375,0.5625,2,,,,,,,0.1715327650308609,16.0
S5,DELTA,38,,,,,,,,,,,,,,,,,,,,,,4,11,0.2894736842105263,27.0,0.7105263157894737,0.7105263157894737,2,,,,,,,0.1095123365521431,7.0
S6,DynaMixEMATent,64,0.002273234538733959,0.006538752932101488,0.006538752932101488,0.004265518393367529,0.9947807390671835,0.003257635053186053,0.0019616258796304464,0.0032640378743524767,0.41848018765449524,0.19999999999999996,0.0,0.006178130395710468,0.2,0.0,1.0,0.0,0.0,64.0,1.0,1.0,1.0,0,41,0.640625,23.0,0.359375,0.640625,2,0.140625,,,,,,,
S6,DynaMixEMATent,64,0.0018403524300083518,0.005340188276022673,0.005340188276022673,0.0034998359624296427,0.9924855638641527,0.0059123796530406135,0.0016020564828068018,0.0059218668181669765,0.7602522373199463,0.19999999999999996,0.0,0.0006187420221976936,0.2,0.0,1.0,0.0,0.0,64.0,1.0,1.0,1.0,1,35,0.546875,29.0,0.453125,0.546875,2,0.046875,,,,,,,
S6,DynaMixEMATent,64,0.00020831776782870293,0.0009670289582572877,0.0009670289582572877,0.0007587111904285848,0.9933093468981364,0.006400544414386455,0.0002901086874771863,0.006402401806771318,0.8221420906484127,0.19999999999999996,0.0,0.003762154607102275,0.2,0.0,1.0,0.0,0.0,64.0,1.0,1.0,1.0,2,22,0.34375,42.0,0.65625,0.65625,2,0.15625,,,,,,,
S6,DynaMixEMATent,62,0.0030968382488936186,0.007662567310035229,0.007662567310035229,0.004565729293972254,0.9876410494256617,0.010060180381327746,0.0022987701930105684,0.010083359708070061,1.2972212638705969,0.19999999999999996,0.0,0.004620259627699852,0.2,0.0,1.0,0.0,0.0,62.0,1.0,1.0,1.0,3,29,0.46774193548387094,33.0,0.532258064516129,0.532258064516129,2,0.032258064516129004,,,,,,,
S6,TEMA,64,,,,,,,,,,,,,,,,,,,,,,0,41,0.640625,23.0,0.359375,0.640625,2,,,,,,,,
S6,TEMA,64,,,,,,,,,,,,,,,,,,,,,,1,35,0.546875,29.0,0.453125,0.546875,2,,,,,,,,
S6,TEMA,64,,,,,,,,,,,,,,,,,,,,,,2,22,0.34375,42.0,0.65625,0.65625,2,,,,,,,,
S6,TEMA,62,,,,,,,,,,,,,,,,,,,,,,3,29,0.46774193548387094,33.0,0.532258064516129,0.532258064516129,2,,,,,,,,
S6,DUA,64,,,,,,,,,,,,,,,,,,,,,,0,41,0.640625,23.0,0.359375,0.640625,2,,0.099,,,,,,
S6,DUA,64,,,,,,,,,,,,,,,,,,,,,,1,35,0.546875,29.0,0.453125,0.546875,2,,0.09336,,,,,,
S6,DUA,64,,,,,,,,,,,,,,,,,,,,,,2,22,0.34375,42.0,0.65625,0.65625,2,,0.0880584,,,,,,
S6,DUA,62,,,,,,,,,,,,,,,,,,,,,,3,29,0.46774193548387094,33.0,0.532258064516129,0.532258064516129,2,,0.083074896,,,,,,
S6,RoTTA,64,,,,,,,,,,,,,,,,,,,,,,0,41,0.640625,23.0,0.359375,0.640625,2,,,57.0,,,,,
S6,RoTTA,64,,,,,,,,,,,,,,,,,,,,,,1,35,0.546875,29.0,0.453125,0.546875,2,,,64.0,,,,,
S6,RoTTA,64,,,,,,,,,,,,,,,,,,,,,,2,22,0.34375,42.0,0.65625,0.65625,2,,,64.0,,,,,
S6,RoTTA,62,,,,,,,,,,,,,,,,,,,,,,3,29,0.46774193548387094,33.0,0.532258064516129,0.532258064516129,2,,,64.0,,,,,
S6,NOTE,64,,,,,,,,,,,,,,,,,,,,,,0,41,0.640625,23.0,0.359375,0.640625,2,,,,64.0,1.0,0.6350038051605225,,
S6,NOTE,64,,,,,,,,,,,,,,,,,,,,,,1,35,0.546875,29.0,0.453125,0.546875,2,,,,64.0,1.0,0.6249396800994873,,
S6,NOTE,64,,,,,,,,,,,,,,,,,,,,,,2,22,0.34375,42.0,0.65625,0.65625,2,,,,64.0,1.0,0.6432372331619263,,
S6,NOTE,62,,,,,,,,,,,,,,,,,,,,,,3,29,0.46774193548387094,33.0,0.532258064516129,0.532258064516129,2,,,,64.0,0.0,,,
S6,DELTA,64,,,,,,,,,,,,,,,,,,,,,,0,41,0.640625,23.0,0.359375,0.640625,2,,,,,,,,0.0
S6,DELTA,64,,,,,,,,,,,,,,,,,,,,,,1,35,0.546875,29.0,0.453125,0.546875,2,,,,,,,0.22433705627918243,6.0
S6,DELTA,64,,,,,,,,,,,,,,,,,,,,,,2,22,0.34375,42.0,0.65625,0.65625,2,,,,,,,0.21963609755039215,13.0
S6,DELTA,62,,,,,,,,,,,,,,,,,,,,,,3,29,0.46774193548387094,33.0,0.532258064516129,0.532258064516129,2,,,,,,,0.22310827672481537,2.0
S7,DynaMixEMATent,64,0.013565139845013618,0.031946662813425064,0.031946662813425064,0.018381524831056595,0.9747214390605117,0.015694562095460853,0.00958399884402752,0.01584643430350763,2.044586420059204,0.19999999999999996,0.0,0.005526684690266848,0.2,0.0,1.0,64.0,1.0,0.0,0.0,1.0,1.0,0,52,0.8125,12.0,0.1875,0.8125,2,0.3125,,,,,,,
S7,DynaMixEMATent,64,0.02820644900202751,0.050411149859428406,0.050411149859428406,0.022204700857400894,0.9451441955028708,0.03973245953930072,0.015123344957828522,0.04034257420549725,5.270900011062622,0.19999999999999996,0.0,0.02397574670612812,0.2,0.0,1.0,64.0,1.0,0.0,0.0,1.0,1.0,1,31,0.484375,33.0,0.515625,0.515625,2,0.015625,,,,,,,
S7,DynaMixEMATent,64,0.0631709173321724,0.10735854506492615,0.10735854506492615,0.04418763518333435,0.8802090713130523,0.08758336516746992,0.032207563519477844,0.09049808808795401,12.141846895217896,0.19999999999999996,0.0,0.1297478973865509,0.2,0.0,1.0,63.0,0.984375,1.0,0.015625,0.984375,2.0,2,54,0.84375,10.0,0.15625,0.84375,2,0.34375,,,,,,,
S7,DynaMixEMATent,38,0.1772225797176361,0.37610188126564026,0.37610188126564026,0.19887931644916534,0.7216372293447578,0.16553220627555015,0.11283056437969208,0.18658465861124962,26.433718383312225,0.19999999999999996,1.0,0.49367257952690125,0.2,0.0,1.0,22.0,0.5789473684210527,16.0,0.42105263157894735,0.5789473684210527,2.0,3,27,0.7105263157894737,11.0,0.2894736842105263,0.7105263157894737,2,0.21052631578947367,,,,,,,
S7,TEMA,64,,,,,,,,,,,,,,,,,,,,,,0,52,0.8125,12.0,0.1875,0.8125,2,,,,,,,,
S7,TEMA,64,,,,,,,,,,,,,,,,,,,,,,1,31,0.484375,33.0,0.515625,0.515625,2,,,,,,,,
S7,TEMA,64,,,,,,,,,,,,,,,,,,,,,,2,54,0.84375,10.0,0.15625,0.84375,2,,,,,,,,
S7,TEMA,38,,,,,,,,,,,,,,,,,,,,,,3,27,0.7105263157894737,11.0,0.2894736842105263,0.7105263157894737,2,,,,,,,,
S7,DUA,64,,,,,,,,,,,,,,,,,,,,,,0,52,0.8125,12.0,0.1875,0.8125,2,,0.099,,,,,,
S7,DUA,64,,,,,,,,,,,,,,,,,,,,,,1,31,0.484375,33.0,0.515625,0.515625,2,,0.09336,,,,,,
S7,DUA,64,,,,,,,,,,,,,,,,,,,,,,2,54,0.84375,10.0,0.15625,0.84375,2,,0.0880584,,,,,,
S7,DUA,38,,,,,,,,,,,,,,,,,,,,,,3,27,0.7105263157894737,11.0,0.2894736842105263,0.7105263157894737,2,,0.083074896,,,,,,
S7,RoTTA,64,,,,,,,,,,,,,,,,,,,,,,0,52,0.8125,12.0,0.1875,0.8125,2,,,61.0,,,,,
S7,RoTTA,64,,,,,,,,,,,,,,,,,,,,,,1,31,0.484375,33.0,0.515625,0.515625,2,,,64.0,,,,,
S7,RoTTA,64,,,,,,,,,,,,,,,,,,,,,,2,54,0.84375,10.0,0.15625,0.84375,2,,,64.0,,,,,
S7,RoTTA,38,,,,,,,,,,,,,,,,,,,,,,3,27,0.7105263157894737,11.0,0.2894736842105263,0.7105263157894737,2,,,64.0,,,,,
S7,NOTE,64,,,,,,,,,,,,,,,,,,,,,,0,52,0.8125,12.0,0.1875,0.8125,2,,,,64.0,1.0,0.4989229738712311,,
S7,NOTE,64,,,,,,,,,,,,,,,,,,,,,,1,31,0.484375,33.0,0.515625,0.515625,2,,,,64.0,1.0,0.5084252953529358,,
S7,NOTE,64,,,,,,,,,,,,,,,,,,,,,,2,54,0.84375,10.0,0.15625,0.84375,2,,,,64.0,1.0,0.4574923813343048,,
S7,NOTE,38,,,,,,,,,,,,,,,,,,,,,,3,27,0.7105263157894737,11.0,0.2894736842105263,0.7105263157894737,2,,,,64.0,0.0,,,
S7,DELTA,64,,,,,,,,,,,,,,,,,,,,,,0,52,0.8125,12.0,0.1875,0.8125,2,,,,,,,0.2726787328720093,13.0
S7,DELTA,64,,,,,,,,,,,,,,,,,,,,,,1,31,0.484375,33.0,0.515625,0.515625,2,,,,,,,0.2049454003572464,16.0
S7,DELTA,64,,,,,,,,,,,,,,,,,,,,,,2,54,0.84375,10.0,0.15625,0.84375,2,,,,,,,0.23077081143856049,15.0
S7,DELTA,38,,,,,,,,,,,,,,,,,,,,,,3,27,0.7105263157894737,11.0,0.2894736842105263,0.7105263157894737,2,,,,,,,0.17530503869056702,21.0
S8,DynaMixEMATent,64,0.5813769698143005,0.997788667678833,0.997788667678833,0.41641169786453247,0.4254439731022938,0.27521942659405624,0.2993366003036499,0.3927983489837338,63.85847473144531,0.19999999999999996,1.0,0.3013540804386139,0.2,0.0,1.0,20.0,0.3125,44.0,0.6875,0.6875,2.0,0,52,0.8125,12.0,0.1875,0.8125,2,0.3125,,,,,,,
S8,DynaMixEMATent,64,0.007255891803652048,0.03262407332658768,0.03262407332658768,0.025368180125951767,0.5915306365827938,0.39868214141922986,0.009787221997976303,0.40262269915730686,65.94641542434692,0.19999999999999996,0.0,0.10589783638715744,0.2,0.0,1.0,64.0,1.0,0.0,0.0,1.0,1.0,1,9,0.140625,55.0,0.859375,0.859375,2,0.359375,,,,,,,
S8,DynaMixEMATent,64,0.5643763542175293,0.8268258571624756,0.8268258571624756,0.2624495327472687,0.2970954643675588,0.4548567784836985,0.24804775714874266,0.6049011527101371,118.86327028274536,0.19999999999999996,1.0,0.46535181999206543,0.2,0.0,1.0,31.0,0.484375,33.0,0.515625,0.515625,2.0,2,34,0.53125,30.0,0.46875,0.53125,2,0.03125,,,,,,,
S8,DynaMixEMATent,64,0.013029378838837147,0.06977394223213196,0.06977394223213196,0.056744564324617386,0.37356597989662066,0.6055018374337398,0.020932182669639587,0.6184472890598847,123.3288025856018,0.19999999999999996,0.0,0.516709566116333,0.2,0.0,1.0,62.0,0.96875,2.0,0.03125,0.96875,2.0,3,34,0.53125,30.0,0.46875,0.53125,2,0.03125,,,,,,,
S8,DynaMixEMATent,16,0.06586692482233047,0.25992366671562195,0.25992366671562195,0.19405674934387207,0.3405538735452156,0.5814690264400978,0.07797710001468658,0.6306448857716656,127.48758125305176,0.19999999999999996,1.0,0.4405643343925476,0.2,0.0,1.0,8.0,0.5,8.0,0.5,0.5,2.0,4,0,0.0,16.0,1.0,1.0,1,0.5,,,,,,,
S8,TEMA,64,,,,,,,,,,,,,,,,,,,,,,0,52,0.8125,12.0,0.1875,0.8125,2,,,,,,,,
S8,TEMA,64,,,,,,,,,,,,,,,,,,,,,,1,9,0.140625,55.0,0.859375,0.859375,2,,,,,,,,
S8,TEMA,64,,,,,,,,,,,,,,,,,,,,,,2,34,0.53125,30.0,0.46875,0.53125,2,,,,,,,,
S8,TEMA,64,,,,,,,,,,,,,,,,,,,,,,3,34,0.53125,30.0,0.46875,0.53125,2,,,,,,,,
S8,TEMA,16,,,,,,,,,,,,,,,,,,,,,,4,0,0.0,16.0,1.0,1.0,1,,,,,,,,
S8,DUA,64,,,,,,,,,,,,,,,,,,,,,,0,52,0.8125,12.0,0.1875,0.8125,2,,0.099,,,,,,
S8,DUA,64,,,,,,,,,,,,,,,,,,,,,,1,9,0.140625,55.0,0.859375,0.859375,2,,0.09336,,,,,,
S8,DUA,64,,,,,,,,,,,,,,,,,,,,,,2,34,0.53125,30.0,0.46875,0.53125,2,,0.0880584,,,,,,
S8,DUA,64,,,,,,,,,,,,,,,,,,,,,,3,34,0.53125,30.0,0.46875,0.53125,2,,0.083074896,,,,,,
S8,DUA,16,,,,,,,,,,,,,,,,,,,,,,4,0,0.0,16.0,1.0,1.0,1,,0.07839040223999999,,,,,,
S8,RoTTA,64,,,,,,,,,,,,,,,,,,,,,,0,52,0.8125,12.0,0.1875,0.8125,2,,,55.0,,,,,
S8,RoTTA,64,,,,,,,,,,,,,,,,,,,,,,1,9,0.140625,55.0,0.859375,0.859375,2,,,64.0,,,,,
S8,RoTTA,64,,,,,,,,,,,,,,,,,,,,,,2,34,0.53125,30.0,0.46875,0.53125,2,,,64.0,,,,,
S8,RoTTA,64,,,,,,,,,,,,,,,,,,,,,,3,34,0.53125,30.0,0.46875,0.53125,2,,,64.0,,,,,
S8,RoTTA,16,,,,,,,,,,,,,,,,,,,,,,4,0,0.0,16.0,1.0,1.0,1,,,64.0,,,,,
S8,NOTE,64,,,,,,,,,,,,,,,,,,,,,,0,52,0.8125,12.0,0.1875,0.8125,2,,,,64.0,1.0,0.6408097147941589,,
S8,NOTE,64,,,,,,,,,,,,,,,,,,,,,,1,9,0.140625,55.0,0.859375,0.859375,2,,,,64.0,1.0,0.5727275013923645,,
S8,NOTE,64,,,,,,,,,,,,,,,,,,,,,,2,34,0.53125,30.0,0.46875,0.53125,2,,,,64.0,1.0,0.5075487494468689,,
S8,NOTE,64,,,,,,,,,,,,,,,,,,,,,,3,34,0.53125,30.0,0.46875,0.53125,2,,,,64.0,1.0,0.6308172345161438,,
S8,NOTE,16,,,,,,,,,,,,,,,,,,,,,,4,0,0.0,16.0,1.0,1.0,1,,,,64.0,0.0,,,
S8,DELTA,64,,,,,,,,,,,,,,,,,,,,,,0,52,0.8125,12.0,0.1875,0.8125,2,,,,,,,,0.0
S8,DELTA,64,,,,,,,,,,,,,,,,,,,,,,1,9,0.140625,55.0,0.859375,0.859375,2,,,,,,,0.11864586919546127,40.0
S8,DELTA,64,,,,,,,,,,,,,,,,,,,,,,2,34,0.53125,30.0,0.46875,0.53125,2,,,,,,,0.07234056293964386,46.0
S8,DELTA,64,,,,,,,,,,,,,,,,,,,,,,3,34,0.53125,30.0,0.46875,0.53125,2,,,,,,,0.25603196024894714,22.0
S8,DELTA,16,,,,,,,,,,,,,,,,,,,,,,4,0,0.0,16.0,1.0,1.0,1,,,,,,,0.15510813891887665,9.0
S9,DynaMixEMATent,64,0.16422954201698303,0.45153293013572693,0.45153293013572693,0.2873033881187439,0.6898203824522107,0.17471973850707123,0.13545987904071807,0.2020955815366956,28.898107528686523,0.19999999999999996,1.0,0.28279438614845276,0.2,0.0,1.0,8.0,0.125,56.0,0.875,0.875,2.0,0,63,0.984375,1.0,0.015625,0.984375,2,0.484375,,,,,,,
S9,DynaMixEMATent,64,0.17241880297660828,0.8088430166244507,0.8088430166244507,0.63642418384552,0.4032810400946936,0.3540660549179712,0.2426529049873352,0.4675083026654381,80.66406059265137,0.19999999999999996,1.0,0.5567732453346252,0.2,0.0,1.0,15.0,0.234375,49.0,0.765625,0.765625,2.0,1,37,0.578125,27.0,0.421875,0.578125,2,0.078125,,,,,,,
S9,DynaMixEMATent,64,0.24736681580543518,0.9496695399284363,0.9496695399284363,0.7023026943206787,0.2368432297261953,0.47825590829527376,0.2849008619785309,0.6687966505154916,141.4429111480713,0.19999999999999996,1.0,0.5324954986572266,0.2,0.0,1.0,51.0,0.796875,13.0,0.203125,0.796875,2.0,2,35,0.546875,29.0,0.453125,0.546875,2,0.046875,,,,,,,
S9,DynaMixEMATent,64,0.054389383643865585,0.21898597478866577,0.21898597478866577,0.16459660232067108,0.2773516951651223,0.656952512398278,0.06569579243659973,0.7031462633691482,155.4580135345459,0.19999999999999996,1.0,0.43182653188705444,0.2,0.0,1.0,1.0,0.015625,63.0,0.984375,0.984375,2.0,3,27,0.421875,37.0,0.578125,0.578125,2,0.078125,,,,,,,
S9,DynaMixEMATent,2,0.05708654597401619,0.9255936145782471,0.9255936145782471,0.8685070276260376,0.21134519143290104,0.5109767241936248,0.27767808437347413,0.7074085849249293,157.3092007637024,0.19999999999999996,1.0,0.6886886358261108,0.2,0.0,1.0,2.0,1.0,0.0,0.0,1.0,1.0,4,0,0.0,2.0,1.0,1.0,1,0.5,,,,,,,
S9,TEMA,64,,,,,,,,,,,,,,,,,,,,,,0,63,0.984375,1.0,0.015625,0.984375,2,,,,,,,,
S9,TEMA,64,,,,,,,,,,,,,,,,,,,,,,1,37,0.578125,27.0,0.421875,0.578125,2,,,,,,,,
S9,TEMA,64,,,,,,,,,,,,,,,,,,,,,,2,35,0.546875,29.0,0.453125,0.546875,2,,,,,,,,
S9,TEMA,64,,,,,,,,,,,,,,,,,,,,,,3,27,0.421875,37.0,0.578125,0.578125,2,,,,,,,,
S9,TEMA,2,,,,,,,,,,,,,,,,,,,,,,4,0,0.0,2.0,1.0,1.0,1,,,,,,,,
S9,DUA,64,,,,,,,,,,,,,,,,,,,,,,0,63,0.984375,1.0,0.015625,0.984375,2,,0.099,,,,,,
S9,DUA,64,,,,,,,,,,,,,,,,,,,,,,1,37,0.578125,27.0,0.421875,0.578125,2,,0.09336,,,,,,
S9,DUA,64,,,,,,,,,,,,,,,,,,,,,,2,35,0.546875,29.0,0.453125,0.546875,2,,0.0880584,,,,,,
S9,DUA,64,,,,,,,,,,,,,,,,,,,,,,3,27,0.421875,37.0,0.578125,0.578125,2,,0.083074896,,,,,,
S9,DUA,2,,,,,,,,,,,,,,,,,,,,,,4,0,0.0,2.0,1.0,1.0,1,,0.07839040223999999,,,,,,
S9,RoTTA,64,,,,,,,,,,,,,,,,,,,,,,0,63,0.984375,1.0,0.015625,0.984375,2,,,60.0,,,,,
S9,RoTTA,64,,,,,,,,,,,,,,,,,,,,,,1,37,0.578125,27.0,0.421875,0.578125,2,,,64.0,,,,,
S9,RoTTA,64,,,,,,,,,,,,,,,,,,,,,,2,35,0.546875,29.0,0.453125,0.546875,2,,,64.0,,,,,
S9,RoTTA,64,,,,,,,,,,,,,,,,,,,,,,3,27,0.421875,37.0,0.578125,0.578125,2,,,64.0,,,,,
S9,RoTTA,2,,,,,,,,,,,,,,,,,,,,,,4,0,0.0,2.0,1.0,1.0,1,,,64.0,,,,,
S9,NOTE,64,,,,,,,,,,,,,,,,,,,,,,0,63,0.984375,1.0,0.015625,0.984375,2,,,,64.0,1.0,0.5808913707733154,,
S9,NOTE,64,,,,,,,,,,,,,,,,,,,,,,1,37,0.578125,27.0,0.421875,0.578125,2,,,,64.0,1.0,0.6178301572799683,,
S9,NOTE,64,,,,,,,,,,,,,,,,,,,,,,2,35,0.546875,29.0,0.453125,0.546875,2,,,,64.0,1.0,0.551203727722168,,
S9,NOTE,64,,,,,,,,,,,,,,,,,,,,,,3,27,0.421875,37.0,0.578125,0.578125,2,,,,64.0,1.0,0.6434135437011719,,
S9,NOTE,2,,,,,,,,,,,,,,,,,,,,,,4,0,0.0,2.0,1.0,1.0,1,,,,64.0,0.0,,,
S9,DELTA,64,,,,,,,,,,,,,,,,,,,,,,0,63,0.984375,1.0,0.015625,0.984375,2,,,,,,,0.3283136188983917,7.0
S9,DELTA,64,,,,,,,,,,,,,,,,,,,,,,1,37,0.578125,27.0,0.421875,0.578125,2,,,,,,,0.20825354754924774,20.0
S9,DELTA,64,,,,,,,,,,,,,,,,,,,,,,2,35,0.546875,29.0,0.453125,0.546875,2,,,,,,,0.24539630115032196,24.0
S9,DELTA,64,,,,,,,,,,,,,,,,,,,,,,3,27,0.421875,37.0,0.578125,0.578125,2,,,,,,,0.14624392986297607,33.0
S9,DELTA,2,,,,,,,,,,,,,,,,,,,,,,4,0,0.0,2.0,1.0,1.0,1,,,,,,,0.05725211277604103,2.0
S10,DynaMixEMATent,64,0.0009746374562382698,0.005122745875269175,0.005122745875269175,0.004148108884692192,0.9959090121583658,0.0025541640790533817,0.0015368237625807523,0.002558095420883144,0.3278557360172272,0.19999999999999996,0.0,0.002789151156321168,0.2,0.0,1.0,0.0,0.0,64.0,1.0,1.0,1.0,0,30,0.46875,34.0,0.53125,0.53125,2,0.03125,,,,,,,
S10,DynaMixEMATent,64,0.0001601951225893572,0.0012387667084112763,0.0012387667084112763,0.0010785715421661735,0.9964538471283584,0.0031745228591181854,0.0003716300125233829,0.003175703045680822,0.40713680535554886,0.19999999999999996,0.0,0.0008722830098122358,0.2,0.0,1.0,0.0,0.0,64.0,1.0,1.0,1.0,1,55,0.859375,9.0,0.140625,0.859375,2,0.359375,,,,,,,
S10,DynaMixEMATent,64,0.0016332584200426936,0.006559998262673616,0.006559998262673616,0.004926739726215601,0.9916047446821868,0.0064272558390110705,0.001967999478802085,0.006439929617141127,0.8269766941666603,0.19999999999999996,0.0,0.004833135288208723,0.2,0.0,1.0,0.0,0.0,64.0,1.0,1.0,1.0,2,40,0.625,24.0,0.375,0.625,2,0.125,,,,,,,
S10,DynaMixEMATent,64,0.0010804259218275547,0.00328416028060019,0.00328416028060019,0.0022037343587726355,0.9909526068838964,0.008062145031923465,0.000985248084180057,0.008070096078624078,1.0371629521250725,0.19999999999999996,0.0,0.0012595437001436949,0.2,0.0,1.0,0.0,0.0,64.0,1.0,1.0,1.0,3,52,0.8125,12.0,0.1875,0.8125,2,0.3125,,,,,,,
S10,DynaMixEMATent,28,2.8402813768479973e-05,0.0002828438882716,0.0002828438882716,0.00025444108177907765,0.9917843698474439,0.008130776986074626,8.485316648148e-05,0.008131466966794898,1.0450825809966773,0.19999999999999996,0.0,0.0009569809189997613,0.2,0.0,1.0,0.0,0.0,28.0,1.0,1.0,1.0,4,5,0.17857142857142858,23.0,0.8214285714285714,0.8214285714285714,2,0.3214285714285714,,,,,,,
S10,TEMA,64,,,,,,,,,,,,,,,,,,,,,,0,30,0.46875,34.0,0.53125,0.53125,2,,,,,,,,
S10,TEMA,64,,,,,,,,,,,,,,,,,,,,,,1,55,0.859375,9.0,0.140625,0.859375,2,,,,,,,,
S10,TEMA,64,,,,,,,,,,,,,,,,,,,,,,2,40,0.625,24.0,0.375,0.625,2,,,,,,,,
S10,TEMA,64,,,,,,,,,,,,,,,,,,,,,,3,52,0.8125,12.0,0.1875,0.8125,2,,,,,,,,
S10,TEMA,28,,,,,,,,,,,,,,,,,,,,,,4,5,0.17857142857142858,23.0,0.8214285714285714,0.8214285714285714,2,,,,,,,,
S10,DUA,64,,,,,,,,,,,,,,,,,,,,,,0,30,0.46875,34.0,0.53125,0.53125,2,,0.099,,,,,,
S10,DUA,64,,,,,,,,,,,,,,,,,,,,,,1,55,0.859375,9.0,0.140625,0.859375,2,,0.09336,,,,,,
S10,DUA,64,,,,,,,,,,,,,,,,,,,,,,2,40,0.625,24.0,0.375,0.625,2,,0.0880584,,,,,,
S10,DUA,64,,,,,,,,,,,,,,,,,,,,,,3,52,0.8125,12.0,0.1875,0.8125,2,,0.083074896,,,,,,
S10,DUA,28,,,,,,,,,,,,,,,,,,,,,,4,5,0.17857142857142858,23.0,0.8214285714285714,0.8214285714285714,2,,0.07839040223999999,,,,,,
S10,RoTTA,64,,,,,,,,,,,,,,,,,,,,,,0,30,0.46875,34.0,0.53125,0.53125,2,,,61.0,,,,,
S10,RoTTA,64,,,,,,,,,,,,,,,,,,,,,,1,55,0.859375,9.0,0.140625,0.859375,2,,,64.0,,,,,
S10,RoTTA,64,,,,,,,,,,,,,,,,,,,,,,2,40,0.625,24.0,0.375,0.625,2,,,64.0,,,,,
S10,RoTTA,64,,,,,,,,,,,,,,,,,,,,,,3,52,0.8125,12.0,0.1875,0.8125,2,,,64.0,,,,,
S10,RoTTA,28,,,,,,,,,,,,,,,,,,,,,,4,5,0.17857142857142858,23.0,0.8214285714285714,0.8214285714285714,2,,,64.0,,,,,
S10,NOTE,64,,,,,,,,,,,,,,,,,,,,,,0,30,0.46875,34.0,0.53125,0.53125,2,,,,64.0,1.0,0.556572437286377,,
S10,NOTE,64,,,,,,,,,,,,,,,,,,,,,,1,55,0.859375,9.0,0.140625,0.859375,2,,,,64.0,1.0,0.5702286958694458,,
S10,NOTE,64,,,,,,,,,,,,,,,,,,,,,,2,40,0.625,24.0,0.375,0.625,2,,,,64.0,1.0,0.5325007438659668,,
S10,NOTE,64,,,,,,,,,,,,,,,,,,,,,,3,52,0.8125,12.0,0.1875,0.8125,2,,,,64.0,1.0,0.4850805401802063,,
S10,NOTE,28,,,,,,,,,,,,,,,,,,,,,,4,5,0.17857142857142858,23.0,0.8214285714285714,0.8214285714285714,2,,,,64.0,0.0,,,
S10,DELTA,64,,,,,,,,,,,,,,,,,,,,,,0,30,0.46875,34.0,0.53125,0.53125,2,,,,,,,0.24457399547100067,10.0
S10,DELTA,64,,,,,,,,,,,,,,,,,,,,,,1,55,0.859375,9.0,0.140625,0.859375,2,,,,,,,0.31364041566848755,5.0
S10,DELTA,64,,,,,,,,,,,,,,,,,,,,,,2,40,0.625,24.0,0.375,0.625,2,,,,,,,0.15237155556678772,18.0
S10,DELTA,64,,,,,,,,,,,,,,,,,,,,,,3,52,0.8125,12.0,0.1875,0.8125,2,,,,,,,0.03722674027085304,29.0
S10,DELTA,28,,,,,,,,,,,,,,,,,,,,,,4,5,0.17857142857142858,23.0,0.8214285714285714,0.8214285714285714,2,,,,,,,0.08482112735509872,15.0
S11,DynaMixEMATent,64,0.04938223958015442,0.8649926781654358,0.8649926781654358,0.815610408782959,0.48050241813071326,0.25999977841965605,0.25949780344963075,0.35111277134742536,55.35953140258789,0.19999999999999996,1.0,0.6132300496101379,0.2,0.0,1.0,37.0,0.578125,27.0,0.421875,0.578125,2.0,0,42,0.65625,22.0,0.34375,0.65625,2,0.15625,,,,,,,
S11,DynaMixEMATent,64,0.0690837949514389,0.8186547160148621,0.8186547160148621,0.749570906162262,0.32509055900162875,0.42931302619391265,0.2455964148044586,0.5690760683257288,107.75343322753906,0.19999999999999996,1.0,0.6308006048202515,0.2,0.0,1.0,33.0,0.515625,31.0,0.484375,0.515625,2.0,1,2,0.03125,62.0,0.96875,0.96875,2,0.46875,,,,,,,
S11,DynaMixEMATent,64,0.05155239999294281,0.5995730757713318,0.5995730757713318,0.5480206608772278,0.26187054664409376,0.5582575306245068,0.17987192273139954,0.6806955475585694,146.1261100769043,0.19999999999999996,1.0,0.6316549777984619,0.2,0.0,1.0,40.0,0.625,24.0,0.375,0.625,2.0,2,27,0.421875,37.0,0.578125,0.578125,2,0.078125,,,,,,,
S11,DynaMixEMATent,64,0.05208653584122658,0.6440081000328064,0.6440081000328064,0.5919215679168701,0.18669168431040428,0.6201058856797538,0.1932024300098419,0.768601578320716,187.3426284790039,0.19999999999999996,1.0,0.6763185262680054,0.2,0.0,1.0,23.0,0.359375,41.0,0.640625,0.640625,2.0,3,26,0.40625,38.0,0.59375,0.59375,2,0.09375,,,,,,,
S11,DynaMixEMATent,44,0.03750760853290558,0.41430965065956116,0.41430965065956116,0.3768020272254944,0.1757387385962961,0.6999683662058356,0.12429289519786835,0.7993179024897774,205.5722531080246,0.19999999999999996,1.0,0.6638749241828918,0.2,0.0,1.0,15.0,0.3409090909090909,29.0,0.6590909090909091,0.6590909090909091,2.0,4,27,0.6136363636363636,17.0,0.38636363636363635,0.6136363636363636,2,0.11363636363636365,,,,,,,
S11,TEMA,64,,,,,,,,,,,,,,,,,,,,,,0,42,0.65625,22.0,0.34375,0.65625,2,,,,,,,,
S11,TEMA,64,,,,,,,,,,,,,,,,,,,,,,1,2,0.03125,62.0,0.96875,0.96875,2,,,,,,,,
S11,TEMA,64,,,,,,,,,,,,,,,,,,,,,,2,27,0.421875,37.0,0.578125,0.578125,2,,,,,,,,
S11,TEMA,64,,,,,,,,,,,,,,,,,,,,,,3,26,0.40625,38.0,0.59375,0.59375,2,,,,,,,,
S11,TEMA,44,,,,,,,,,,,,,,,,,,,,,,4,27,0.6136363636363636,17.0,0.38636363636363635,0.6136363636363636,2,,,,,,,,
S11,DUA,64,,,,,,,,,,,,,,,,,,,,,,0,42,0.65625,22.0,0.34375,0.65625,2,,0.099,,,,,,
S11,DUA,64,,,,,,,,,,,,,,,,,,,,,,1,2,0.03125,62.0,0.96875,0.96875,2,,0.09336,,,,,,
S11,DUA,64,,,,,,,,,,,,,,,,,,,,,,2,27,0.421875,37.0,0.578125,0.578125,2,,0.0880584,,,,,,
S11,DUA,64,,,,,,,,,,,,,,,,,,,,,,3,26,0.40625,38.0,0.59375,0.59375,2,,0.083074896,,,,,,
S11,DUA,44,,,,,,,,,,,,,,,,,,,,,,4,27,0.6136363636363636,17.0,0.38636363636363635,0.6136363636363636,2,,0.07839040223999999,,,,,,
S11,RoTTA,64,,,,,,,,,,,,,,,,,,,,,,0,42,0.65625,22.0,0.34375,0.65625,2,,,62.0,,,,,
S11,RoTTA,64,,,,,,,,,,,,,,,,,,,,,,1,2,0.03125,62.0,0.96875,0.96875,2,,,64.0,,,,,
S11,RoTTA,64,,,,,,,,,,,,,,,,,,,,,,2,27,0.421875,37.0,0.578125,0.578125,2,,,64.0,,,,,
S11,RoTTA,64,,,,,,,,,,,,,,,,,,,,,,3,26,0.40625,38.0,0.59375,0.59375,2,,,64.0,,,,,
S11,RoTTA,44,,,,,,,,,,,,,,,,,,,,,,4,27,0.6136363636363636,17.0,0.38636363636363635,0.6136363636363636,2,,,64.0,,,,,
S11,NOTE,64,,,,,,,,,,,,,,,,,,,,,,0,42,0.65625,22.0,0.34375,0.65625,2,,,,64.0,1.0,0.6617321372032166,,
S11,NOTE,64,,,,,,,,,,,,,,,,,,,,,,1,2,0.03125,62.0,0.96875,0.96875,2,,,,64.0,1.0,0.6335037350654602,,
S11,NOTE,64,,,,,,,,,,,,,,,,,,,,,,2,27,0.421875,37.0,0.578125,0.578125,2,,,,64.0,1.0,0.5618040561676025,,
S11,NOTE,64,,,,,,,,,,,,,,,,,,,,,,3,26,0.40625,38.0,0.59375,0.59375,2,,,,64.0,1.0,0.6474084854125977,,
S11,NOTE,44,,,,,,,,,,,,,,,,,,,,,,4,27,0.6136363636363636,17.0,0.38636363636363635,0.6136363636363636,2,,,,64.0,0.0,,,
S11,DELTA,64,,,,,,,,,,,,,,,,,,,,,,0,42,0.65625,22.0,0.34375,0.65625,2,,,,,,,,0.0
S11,DELTA,64,,,,,,,,,,,,,,,,,,,,,,1,2,0.03125,62.0,0.96875,0.96875,2,,,,,,,0.24867886304855347,2.0
S11,DELTA,64,,,,,,,,,,,,,,,,,,,,,,2,27,0.421875,37.0,0.578125,0.578125,2,,,,,,,0.2203836888074875,19.0
S11,DELTA,64,,,,,,,,,,,,,,,,,,,,,,3,26,0.40625,38.0,0.59375,0.59375,2,,,,,,,0.15250791609287262,16.0
S11,DELTA,44,,,,,,,,,,,,,,,,,,,,,,4,27,0.6136363636363636,17.0,0.38636363636363635,0.6136363636363636,2,,,,,,,0.007194760255515575,44.0
S12,DynaMixEMATent,64,0.07644297927618027,0.6405250430107117,0.6405250430107117,0.5640820860862732,0.5864600655228538,0.22138242157393276,0.1921575129032135,0.27404156764462084,40.99360275268555,0.19999999999999996,1.0,0.6082090139389038,0.2,0.0,1.0,58.0,0.90625,6.0,0.09375,0.90625,2.0,0,37,0.578125,27.0,0.421875,0.578125,2,0.078125,,,,,,,
S12,DynaMixEMATent,64,0.06467889249324799,0.5762441158294678,0.5762441158294678,0.5115652084350586,0.4501466358420069,0.37698012940915276,0.17287323474884034,0.45577068140780275,77.87322616577148,0.19999999999999996,1.0,0.6318060159683228,0.2,0.0,1.0,48.0,0.75,16.0,0.25,0.75,2.0,1,31,0.484375,33.0,0.515625,0.515625,2,0.015625,,,,,,,
S12,DynaMixEMATent,64,0.056695371866226196,0.34557557106018066,0.34557557106018066,0.28888019919395447,0.41040041435808977,0.485926914323856,0.1036726713180542,0.5421310929327728,99.99006271362305,0.19999999999999996,1.0,0.5057340264320374,0.2,0.0,1.0,61.0,0.953125,3.0,0.046875,0.953125,2.0,2,38,0.59375,26.0,0.40625,0.59375,2,0.09375,,,,,,,
S12,DynaMixEMATent,56,0.06677411496639252,0.46179619431495667,0.46179619431495667,0.39502209424972534,0.3222803276582379,0.5391808140472751,0.138538858294487,0.6258910448123172,125.85064959526062,0.19999999999999996,1.0,0.651346743106842,0.2,0.0,1.0,8.0,0.14285714285714285,48.0,0.8571428571428571,0.8571428571428571,2.0,3,20,0.35714285714285715,36.0,0.6428571428571429,0.6428571428571429,2,0.1428571428571429,,,,,,,
S12,TEMA,64,,,,,,,,,,,,,,,,,,,,,,0,37,0.578125,27.0,0.421875,0.578125,2,,,,,,,,
S12,TEMA,64,,,,,,,,,,,,,,,,,,,,,,1,31,0.484375,33.0,0.515625,0.515625,2,,,,,,,,
S12,TEMA,64,,,,,,,,,,,,,,,,,,,,,,2,38,0.59375,26.0,0.40625,0.59375,2,,,,,,,,
S12,TEMA,56,,,,,,,,,,,,,,,,,,,,,,3,20,0.35714285714285715,36.0,0.6428571428571429,0.6428571428571429,2,,,,,,,,
S12,DUA,64,,,,,,,,,,,,,,,,,,,,,,0,37,0.578125,27.0,0.421875,0.578125,2,,0.099,,,,,,
S12,DUA,64,,,,,,,,,,,,,,,,,,,,,,1,31,0.484375,33.0,0.515625,0.515625,2,,0.09336,,,,,,
S12,DUA,64,,,,,,,,,,,,,,,,,,,,,,2,38,0.59375,26.0,0.40625,0.59375,2,,0.0880584,,,,,,
S12,DUA,56,,,,,,,,,,,,,,,,,,,,,,3,20,0.35714285714285715,36.0,0.6428571428571429,0.6428571428571429,2,,0.083074896,,,,,,
S12,RoTTA,64,,,,,,,,,,,,,,,,,,,,,,0,37,0.578125,27.0,0.421875,0.578125,2,,,58.0,,,,,
S12,RoTTA,64,,,,,,,,,,,,,,,,,,,,,,1,31,0.484375,33.0,0.515625,0.515625,2,,,64.0,,,,,
S12,RoTTA,64,,,,,,,,,,,,,,,,,,,,,,2,38,0.59375,26.0,0.40625,0.59375,2,,,64.0,,,,,
S12,RoTTA,56,,,,,,,,,,,,,,,,,,,,,,3,20,0.35714285714285715,36.0,0.6428571428571429,0.6428571428571429,2,,,64.0,,,,,
S12,NOTE,64,,,,,,,,,,,,,,,,,,,,,,0,37,0.578125,27.0,0.421875,0.578125,2,,,,64.0,1.0,0.5639049410820007,,
S12,NOTE,64,,,,,,,,,,,,,,,,,,,,,,1,31,0.484375,33.0,0.515625,0.515625,2,,,,64.0,1.0,0.5538850426673889,,
S12,NOTE,64,,,,,,,,,,,,,,,,,,,,,,2,38,0.59375,26.0,0.40625,0.59375,2,,,,64.0,1.0,0.562693178653717,,
S12,NOTE,56,,,,,,,,,,,,,,,,,,,,,,3,20,0.35714285714285715,36.0,0.6428571428571429,0.6428571428571429,2,,,,64.0,0.0,,,
S12,DELTA,64,,,,,,,,,,,,,,,,,,,,,,0,37,0.578125,27.0,0.421875,0.578125,2,,,,,,,0.2771930694580078,5.0
S12,DELTA,64,,,,,,,,,,,,,,,,,,,,,,1,31,0.484375,33.0,0.515625,0.515625,2,,,,,,,0.14189787209033966,33.0
S12,DELTA,64,,,,,,,,,,,,,,,,,,,,,,2,38,0.59375,26.0,0.40625,0.59375,2,,,,,,,0.15285059809684753,38.0
S12,DELTA,56,,,,,,,,,,,,,,,,,,,,,,3,20,0.35714285714285715,36.0,0.6428571428571429,0.6428571428571429,2,,,,,,,0.16174140572547913,35.0
S13,DynaMixEMATent,64,0.15520548820495605,0.9381878972053528,0.9381878972053528,0.7829824090003967,0.44949848341558746,0.26904514742280666,0.2814563691616058,0.3744311909200082,60.04402542114258,0.19999999999999996,1.0,0.6240681409835815,0.2,0.0,1.0,40.0,0.625,24.0,0.375,0.625,2.0,0,60,0.9375,4.0,0.0625,0.9375,2,0.4375,,,,,,,
S13,DynaMixEMATent,64,0.37286803126335144,0.9486055374145508,0.9486055374145508,0.5757375359535217,0.27851467291266696,0.4369036658629678,0.28458166122436523,0.6106967660497544,120.75477981567383,0.19999999999999996,1.0,0.595121443271637,0.2,0.0,1.0,32.0,0.5,32.0,0.5,0.5,2.0,1,25,0.390625,39.0,0.609375,0.609375,2,0.109375,,,,,,,
S13,DynaMixEMATent,64,0.25753524899482727,0.9532729983329773,0.9532729983329773,0.6957377791404724,0.1725824505329614,0.5414356499671454,0.28598189949989317,0.758294011857567,181.76425170898438,0.19999999999999996,1.0,0.6428189277648926,0.2,0.0,1.0,31.0,0.484375,33.0,0.515625,0.515625,2.0,2,54,0.84375,10.0,0.15625,0.84375,2,0.34375,,,,,,,
S13,DynaMixEMATent,64,0.21684381365776062,0.9982409477233887,0.9982409477233887,0.7813971638679504,0.10278919497275016,0.5977385207102333,0.2994722843170166,0.8532689104633994,245.65167236328125,0.19999999999999996,1.0,0.6303536295890808,0.2,0.0,1.0,39.0,0.609375,25.0,0.390625,0.609375,2.0,3,50,0.78125,14.0,0.21875,0.78125,2,0.28125,,,,,,,
S13,DynaMixEMATent,21,0.13485142588615417,0.6235175728797913,0.6235175728797913,0.4886661767959595,0.10768535335048723,0.7052593747855754,0.18705527186393736,0.867536685307757,258.74554139375687,0.19999999999999996,1.0,0.5799283385276794,0.2,0.0,1.0,9.0,0.42857142857142855,12.0,0.5714285714285714,0.5714285714285714,2.0,4,0,0.0,21.0,1.0,1.0,1,0.5,,,,,,,
S13,TEMA,64,,,,,,,,,,,,,,,,,,,,,,0,60,0.9375,4.0,0.0625,0.9375,2,,,,,,,,
S13,TEMA,64,,,,,,,,,,,,,,,,,,,,,,1,25,0.390625,39.0,0.609375,0.609375,2,,,,,,,,
S13,TEMA,64,,,,,,,,,,,,,,,,,,,,,,2,54,0.84375,10.0,0.15625,0.84375,2,,,,,,,,
S13,TEMA,64,,,,,,,,,,,,,,,,,,,,,,3,50,0.78125,14.0,0.21875,0.78125,2,,,,,,,,
S13,TEMA,21,,,,,,,,,,,,,,,,,,,,,,4,0,0.0,21.0,1.0,1.0,1,,,,,,,,
S13,DUA,64,,,,,,,,,,,,,,,,,,,,,,0,60,0.9375,4.0,0.0625,0.9375,2,,0.099,,,,,,
S13,DUA,64,,,,,,,,,,,,,,,,,,,,,,1,25,0.390625,39.0,0.609375,0.609375,2,,0.09336,,,,,,
S13,DUA,64,,,,,,,,,,,,,,,,,,,,,,2,54,0.84375,10.0,0.15625,0.84375,2,,0.0880584,,,,,,
S13,DUA,64,,,,,,,,,,,,,,,,,,,,,,3,50,0.78125,14.0,0.21875,0.78125,2,,0.083074896,,,,,,
S13,DUA,21,,,,,,,,,,,,,,,,,,,,,,4,0,0.0,21.0,1.0,1.0,1,,0.07839040223999999,,,,,,
S13,RoTTA,64,,,,,,,,,,,,,,,,,,,,,,0,60,0.9375,4.0,0.0625,0.9375,2,,,44.0,,,,,
S13,RoTTA,64,,,,,,,,,,,,,,,,,,,,,,1,25,0.390625,39.0,0.609375,0.609375,2,,,64.0,,,,,
S13,RoTTA,64,,,,,,,,,,,,,,,,,,,,,,2,54,0.84375,10.0,0.15625,0.84375,2,,,64.0,,,,,
S13,RoTTA,64,,,,,,,,,,,,,,,,,,,,,,3,50,0.78125,14.0,0.21875,0.78125,2,,,64.0,,,,,
S13,RoTTA,21,,,,,,,,,,,,,,,,,,,,,,4,0,0.0,21.0,1.0,1.0,1,,,64.0,,,,,
S13,NOTE,64,,,,,,,,,,,,,,,,,,,,,,0,60,0.9375,4.0,0.0625,0.9375,2,,,,64.0,1.0,0.6543970704078674,,
S13,NOTE,64,,,,,,,,,,,,,,,,,,,,,,1,25,0.390625,39.0,0.609375,0.609375,2,,,,64.0,1.0,0.6263939738273621,,
S13,NOTE,64,,,,,,,,,,,,,,,,,,,,,,2,54,0.84375,10.0,0.15625,0.84375,2,,,,64.0,1.0,0.5808444619178772,,
S13,NOTE,64,,,,,,,,,,,,,,,,,,,,,,3,50,0.78125,14.0,0.21875,0.78125,2,,,,64.0,1.0,0.6442973613739014,,
S13,NOTE,21,,,,,,,,,,,,,,,,,,,,,,4,0,0.0,21.0,1.0,1.0,1,,,,64.0,0.0,,,
S13,DELTA,64,,,,,,,,,,,,,,,,,,,,,,0,60,0.9375,4.0,0.0625,0.9375,2,,,,,,,,0.0
S13,DELTA,64,,,,,,,,,,,,,,,,,,,,,,1,25,0.390625,39.0,0.609375,0.609375,2,,,,,,,0.05610796809196472,46.0
S13,DELTA,64,,,,,,,,,,,,,,,,,,,,,,2,54,0.84375,10.0,0.15625,0.84375,2,,,,,,,0.17027729749679565,25.0
S13,DELTA,64,,,,,,,,,,,,,,,,,,,,,,3,50,0.78125,14.0,0.21875,0.78125,2,,,,,,,0.24750065803527832,8.0
S13,DELTA,21,,,,,,,,,,,,,,,,,,,,,,4,0,0.0,21.0,1.0,1.0,1,,,,,,,0.08300254493951797,8.0
S14,DynaMixEMATent,64,0.26944461464881897,0.787446141242981,0.787446141242981,0.5180014967918396,0.5151914583122188,0.24857469931488696,0.23623384237289427,0.32545916944941256,50.39655303955078,0.19999999999999996,1.0,0.5779858827590942,0.2,0.0,1.0,48.0,0.75,16.0,0.25,0.75,2.0,0,49,0.765625,15.0,0.234375,0.765625,2,0.265625,,,,,,,
S14,DynaMixEMATent,64,0.0723513811826706,0.5302473902702332,0.5302473902702332,0.45789599418640137,0.43513513660754627,0.4057906463113838,0.15907421708106995,0.4825522710254494,84.3323860168457,0.19999999999999996,1.0,0.5551079511642456,0.2,0.0,1.0,62.0,0.96875,2.0,0.03125,0.96875,2.0,1,46,0.71875,18.0,0.28125,0.71875,2,0.21875,,,,,,,
S14,DynaMixEMATent,64,0.08586663752794266,0.5148074626922607,0.5148074626922607,0.4289408028125763,0.33823671307999315,0.5073210481123286,0.1544422388076782,0.5999839057676613,117.28006362915039,0.19999999999999996,1.0,0.5939079523086548,0.2,0.0,1.0,60.0,0.9375,4.0,0.0625,0.9375,2.0,2,26,0.40625,38.0,0.59375,0.59375,2,0.09375,,,,,,,
S14,DynaMixEMATent,52,0.047622811049222946,0.3674068748950958,0.3674068748950958,0.3197840750217438,0.3065749875914455,0.5832029499400257,0.11022206246852874,0.6554477531304241,136.38522112369537,0.19999999999999996,1.0,0.5899473428726196,0.2,0.0,1.0,52.0,1.0,0.0,0.0,1.0,1.0,3,52,1.0,,,1.0,1,0.0,,,,,,,
S14,TEMA,64,,,,,,,,,,,,,,,,,,,,,,0,49,0.765625,15.0,0.234375,0.765625,2,,,,,,,,
S14,TEMA,64,,,,,,,,,,,,,,,,,,,,,,1,46,0.71875,18.0,0.28125,0.71875,2,,,,,,,,
S14,TEMA,64,,,,,,,,,,,,,,,,,,,,,,2,26,0.40625,38.0,0.59375,0.59375,2,,,,,,,,
S14,TEMA,52,,,,,,,,,,,,,,,,,,,,,,3,52,1.0,0.0,0.0,1.0,1,,,,,,,,
S14,DUA,64,,,,,,,,,,,,,,,,,,,,,,0,49,0.765625,15.0,0.234375,0.765625,2,,0.099,,,,,,
S14,DUA,64,,,,,,,,,,,,,,,,,,,,,,1,46,0.71875,18.0,0.28125,0.71875,2,,0.09336,,,,,,
S14,DUA,64,,,,,,,,,,,,,,,,,,,,,,2,26,0.40625,38.0,0.59375,0.59375,2,,0.0880584,,,,,,
S14,DUA,52,,,,,,,,,,,,,,,,,,,,,,3,52,1.0,0.0,0.0,1.0,1,,0.083074896,,,,,,
S14,RoTTA,64,,,,,,,,,,,,,,,,,,,,,,0,49,0.765625,15.0,0.234375,0.765625,2,,,50.0,,,,,
S14,RoTTA,64,,,,,,,,,,,,,,,,,,,,,,1,46,0.71875,18.0,0.28125,0.71875,2,,,64.0,,,,,
S14,RoTTA,64,,,,,,,,,,,,,,,,,,,,,,2,26,0.40625,38.0,0.59375,0.59375,2,,,64.0,,,,,
S14,RoTTA,52,,,,,,,,,,,,,,,,,,,,,,3,52,1.0,0.0,0.0,1.0,1,,,64.0,,,,,
S14,NOTE,64,,,,,,,,,,,,,,,,,,,,,,0,49,0.765625,15.0,0.234375,0.765625,2,,,,64.0,1.0,0.5925825238227844,,
S14,NOTE,64,,,,,,,,,,,,,,,,,,,,,,1,46,0.71875,18.0,0.28125,0.71875,2,,,,64.0,1.0,0.6027488112449646,,
S14,NOTE,64,,,,,,,,,,,,,,,,,,,,,,2,26,0.40625,38.0,0.59375,0.59375,2,,,,64.0,1.0,0.5797888040542603,,
S14,NOTE,52,,,,,,,,,,,,,,,,,,,,,,3,52,1.0,0.0,0.0,1.0,1,,,,64.0,0.0,,,
S14,DELTA,64,,,,,,,,,,,,,,,,,,,,,,0,49,0.765625,15.0,0.234375,0.765625,2,,,,,,,0.21042490005493164,4.0
S14,DELTA,64,,,,,,,,,,,,,,,,,,,,,,1,46,0.71875,18.0,0.28125,0.71875,2,,,,,,,0.17992763221263885,35.0
S14,DELTA,64,,,,,,,,,,,,,,,,,,,,,,2,26,0.40625,38.0,0.59375,0.59375,2,,,,,,,0.13537369668483734,39.0
S14,DELTA,52,,,,,,,,,,,,,,,,,,,,,,3,52,1.0,0.0,0.0,1.0,1,,,,,,,0.1873917579650879,32.0
S15,DynaMixEMATent,64,0.08713758736848831,0.9924653768539429,0.9924653768539429,0.9053277373313904,0.42755014014871706,0.27471024679510003,0.29773961305618285,0.39118004076894863,63.517784118652344,0.19999999999999996,1.0,0.640787661075592,0.2,0.0,1.0,38.0,0.59375,26.0,0.40625,0.59375,2.0,0,50,0.78125,14.0,0.21875,0.78125,2,0.28125,,,,,,,
S15,DynaMixEMATent,64,0.17151279747486115,0.93272864818573,0.93272864818573,0.76121586561203,0.2750371336212029,0.4451442719230781,0.279818594455719,0.6181002015549928,123.21241760253906,0.19999999999999996,1.0,0.592334508895874,0.2,0.0,1.0,51.0,0.796875,13.0,0.203125,0.796875,2.0,1,55,0.859375,9.0,0.140625,0.859375,2,0.359375,,,,,,,
S15,DynaMixEMATent,64,0.07332299649715424,0.7633976936340332,0.7633976936340332,0.6900746822357178,0.2010125755433649,0.5699681163664251,0.22901930809020996,0.739276770932566,172.0698699951172,0.19999999999999996,1.0,0.46234235167503357,0.2,0.0,1.0,17.0,0.265625,47.0,0.734375,0.734375,2.0,2,29,0.453125,35.0,0.546875,0.546875,2,0.046875,,,,,,,
S15,DynaMixEMATent,64,0.05138682574033737,0.6772376298904419,0.6772376298904419,0.6258507966995239,0.14807591245560459,0.6487527985772629,0.20317128896713257,0.8141684525101195,215.41307830810547,0.19999999999999996,1.0,0.46450260281562805,0.2,0.0,1.0,20.0,0.3125,44.0,0.6875,0.6875,2.0,3,58,0.90625,6.0,0.09375,0.90625,2,0.40625,,,,,,,
S15,DynaMixEMATent,64,0.050396934151649475,0.6592943668365479,0.6592943668365479,0.6088974475860596,0.10721226644588412,0.6949994235031516,0.19778831005096434,0.8663541459328581,257.60791778564453,0.19999999999999996,1.0,0.4731329381465912,0.2,0.0,1.0,34.0,0.53125,30.0,0.46875,0.53125,2.0,4,29,0.453125,35.0,0.546875,0.546875,2,0.046875,,,,,,,
S15,TEMA,64,,,,,,,,,,,,,,,,,,,,,,0,50,0.78125,14.0,0.21875,0.78125,2,,,,,,,,
S15,TEMA,64,,,,,,,,,,,,,,,,,,,,,,1,55,0.859375,9.0,0.140625,0.859375,2,,,,,,,,
S15,TEMA,64,,,,,,,,,,,,,,,,,,,,,,2,29,0.453125,35.0,0.546875,0.546875,2,,,,,,,,
S15,TEMA,64,,,,,,,,,,,,,,,,,,,,,,3,58,0.90625,6.0,0.09375,0.90625,2,,,,,,,,
S15,TEMA,64,,,,,,,,,,,,,,,,,,,,,,4,29,0.453125,35.0,0.546875,0.546875,2,,,,,,,,
S15,DUA,64,,,,,,,,,,,,,,,,,,,,,,0,50,0.78125,14.0,0.21875,0.78125,2,,0.099,,,,,,
S15,DUA,64,,,,,,,,,,,,,,,,,,,,,,1,55,0.859375,9.0,0.140625,0.859375,2,,0.09336,,,,,,
S15,DUA,64,,,,,,,,,,,,,,,,,,,,,,2,29,0.453125,35.0,0.546875,0.546875,2,,0.0880584,,,,,,
S15,DUA,64,,,,,,,,,,,,,,,,,,,,,,3,58,0.90625,6.0,0.09375,0.90625,2,,0.083074896,,,,,,
S15,DUA,64,,,,,,,,,,,,,,,,,,,,,,4,29,0.453125,35.0,0.546875,0.546875,2,,0.07839040223999999,,,,,,
S15,RoTTA,64,,,,,,,,,,,,,,,,,,,,,,0,50,0.78125,14.0,0.21875,0.78125,2,,,52.0,,,,,
S15,RoTTA,64,,,,,,,,,,,,,,,,,,,,,,1,55,0.859375,9.0,0.140625,0.859375,2,,,64.0,,,,,
S15,RoTTA,64,,,,,,,,,,,,,,,,,,,,,,2,29,0.453125,35.0,0.546875,0.546875,2,,,64.0,,,,,
S15,RoTTA,64,,,,,,,,,,,,,,,,,,,,,,3,58,0.90625,6.0,0.09375,0.90625,2,,,64.0,,,,,
S15,RoTTA,64,,,,,,,,,,,,,,,,,,,,,,4,29,0.453125,35.0,0.546875,0.546875,2,,,64.0,,,,,
S15,NOTE,64,,,,,,,,,,,,,,,,,,,,,,0,50,0.78125,14.0,0.21875,0.78125,2,,,,64.0,1.0,0.5945191979408264,,
S15,NOTE,64,,,,,,,,,,,,,,,,,,,,,,1,55,0.859375,9.0,0.140625,0.859375,2,,,,64.0,1.0,0.6468566060066223,,
S15,NOTE,64,,,,,,,,,,,,,,,,,,,,,,2,29,0.453125,35.0,0.546875,0.546875,2,,,,64.0,1.0,0.5953990817070007,,
S15,NOTE,64,,,,,,,,,,,,,,,,,,,,,,3,58,0.90625,6.0,0.09375,0.90625,2,,,,64.0,1.0,0.609357476234436,,
S15,NOTE,64,,,,,,,,,,,,,,,,,,,,,,4,29,0.453125,35.0,0.546875,0.546875,2,,,,64.0,1.0,0.6249599456787109,,
S15,DELTA,64,,,,,,,,,,,,,,,,,,,,,,0,50,0.78125,14.0,0.21875,0.78125,2,,,,,,,0.2688072621822357,5.0
S15,DELTA,64,,,,,,,,,,,,,,,,,,,,,,1,55,0.859375,9.0,0.140625,0.859375,2,,,,,,,0.08109866827726364,1.0
S15,DELTA,64,,,,,,,,,,,,,,,,,,,,,,2,29,0.453125,35.0,0.546875,0.546875,2,,,,,,,0.1432807445526123,40.0
S15,DELTA,64,,,,,,,,,,,,,,,,,,,,,,3,58,0.90625,6.0,0.09375,0.90625,2,,,,,,,0.1334690898656845,38.0
S15,DELTA,64,,,,,,,,,,,,,,,,,,,,,,4,29,0.453125,35.0,0.546875,0.546875,2,,,,,,,0.14239348471164703,47.0
S16,DynaMixEMATent,64,0.24880962073802948,0.9766702055931091,0.9766702055931091,0.7278605699539185,0.43384792151348855,0.27315101680857873,0.2930010616779327,0.3863527963095005,62.506893157958984,0.19999999999999996,1.0,0.6007242202758789,0.2,0.0,1.0,22.0,0.34375,42.0,0.65625,0.65625,2.0,0,60,0.9375,4.0,0.0625,0.9375,2,0.4375,,,,,,,
S16,DynaMixEMATent,64,0.12504321336746216,0.6347029805183411,0.6347029805183411,0.5096597671508789,0.3617090824766794,0.44788002336781835,0.1904108941555023,0.5532189355495665,103.12788391113281,0.19999999999999996,1.0,0.4076771140098572,0.2,0.0,1.0,63.0,0.984375,1.0,0.015625,0.984375,2.0,1,49,0.765625,15.0,0.234375,0.765625,2,0.265625,,,,,,,
S16,DynaMixEMATent,64,0.07632353901863098,0.6475870013237,0.6475870013237,0.5712634325027466,0.26041096917606993,0.54531293042682,0.19427610039711,0.6767987528923787,144.5734519958496,0.19999999999999996,1.0,0.529268205165863,0.2,0.0,1.0,47.0,0.734375,17.0,0.265625,0.734375,2.0,2,3,0.046875,61.0,0.953125,0.953125,2,0.453125,,,,,,,
S16,DynaMixEMATent,29,0.07975076138973236,0.612037718296051,0.612037718296051,0.5322869420051575,0.22969347010063446,0.5866952144105503,0.1836113154888153,0.718646920935505,162.3225458264351,0.19999999999999996,1.0,0.578544020652771,0.2,0.0,1.0,27.0,0.9310344827586207,2.0,0.06896551724137931,0.9310344827586207,2.0,3,27,0.9310344827586207,2.0,0.06896551724137931,0.9310344827586207,2,0.43103448275862066,,,,,,,
S16,TEMA,64,,,,,,,,,,,,,,,,,,,,,,0,60,0.9375,4.0,0.0625,0.9375,2,,,,,,,,
S16,TEMA,64,,,,,,,,,,,,,,,,,,,,,,1,49,0.765625,15.0,0.234375,0.765625,2,,,,,,,,
S16,TEMA,64,,,,,,,,,,,,,,,,,,,,,,2,3,0.046875,61.0,0.953125,0.953125,2,,,,,,,,
S16,TEMA,29,,,,,,,,,,,,,,,,,,,,,,3,27,0.9310344827586207,2.0,0.06896551724137931,0.9310344827586207,2,,,,,,,,
S16,DUA,64,,,,,,,,,,,,,,,,,,,,,,0,60,0.9375,4.0,0.0625,0.9375,2,,0.099,,,,,,
S16,DUA,64,,,,,,,,,,,,,,,,,,,,,,1,49,0.765625,15.0,0.234375,0.765625,2,,0.09336,,,,,,
S16,DUA,64,,,,,,,,,,,,,,,,,,,,,,2,3,0.046875,61.0,0.953125,0.953125,2,,0.0880584,,,,,,
S16,DUA,29,,,,,,,,,,,,,,,,,,,,,,3,27,0.9310344827586207,2.0,0.06896551724137931,0.9310344827586207,2,,0.083074896,,,,,,
S16,RoTTA,64,,,,,,,,,,,,,,,,,,,,,,0,60,0.9375,4.0,0.0625,0.9375,2,,,62.0,,,,,
S16,RoTTA,64,,,,,,,,,,,,,,,,,,,,,,1,49,0.765625,15.0,0.234375,0.765625,2,,,64.0,,,,,
S16,RoTTA,64,,,,,,,,,,,,,,,,,,,,,,2,3,0.046875,61.0,0.953125,0.953125,2,,,64.0,,,,,
S16,RoTTA,29,,,,,,,,,,,,,,,,,,,,,,3,27,0.9310344827586207,2.0,0.06896551724137931,0.9310344827586207,2,,,64.0,,,,,
S16,NOTE,64,,,,,,,,,,,,,,,,,,,,,,0,60,0.9375,4.0,0.0625,0.9375,2,,,,64.0,1.0,0.5813849568367004,,
S16,NOTE,64,,,,,,,,,,,,,,,,,,,,,,1,49,0.765625,15.0,0.234375,0.765625,2,,,,64.0,1.0,0.6143075823783875,,
S16,NOTE,64,,,,,,,,,,,,,,,,,,,,,,2,3,0.046875,61.0,0.953125,0.953125,2,,,,64.0,1.0,0.5718272924423218,,
S16,NOTE,29,,,,,,,,,,,,,,,,,,,,,,3,27,0.9310344827586207,2.0,0.06896551724137931,0.9310344827586207,2,,,,64.0,0.0,,,
S16,DELTA,64,,,,,,,,,,,,,,,,,,,,,,0,60,0.9375,4.0,0.0625,0.9375,2,,,,,,,0.24168607592582703,5.0
S16,DELTA,64,,,,,,,,,,,,,,,,,,,,,,1,49,0.765625,15.0,0.234375,0.765625,2,,,,,,,0.1999952644109726,1.0
S16,DELTA,64,,,,,,,,,,,,,,,,,,,,,,2,3,0.046875,61.0,0.953125,0.953125,2,,,,,,,0.18415601551532745,9.0
S16,DELTA,29,,,,,,,,,,,,,,,,,,,,,,3,27,0.9310344827586207,2.0,0.06896551724137931,0.9310344827586207,2,,,,,,,0.251486212015152,10.0
S17,DynaMixEMATent,64,0.21100053191184998,0.9866877794265747,0.9866877794265747,0.7756872177124023,0.42984533996514096,0.27414832620688667,0.2960063338279724,0.38941873965652396,63.14801788330078,0.19999999999999996,1.0,0.5478096604347229,0.2,0.0,1.0,40.0,0.625,24.0,0.375,0.625,2.0,0,27,0.421875,37.0,0.578125,0.578125,2,0.078125,,,,,,,
S17,DynaMixEMATent,64,0.17718559503555298,0.8011472821235657,0.8011472821235657,0.6239616870880127,0.3107373201091134,0.44891849525381683,0.2403441846370697,0.5909498567312925,114.42144393920898,0.19999999999999996,1.0,0.5347714424133301,0.2,0.0,1.0,51.0,0.796875,13.0,0.203125,0.796875,2.0,1,40,0.625,24.0,0.375,0.625,2,0.125,,,,,,,
S17,DynaMixEMATent,64,0.16267134249210358,0.6716324090957642,0.6716324090957642,0.5089610815048218,0.2334607813327366,0.5650494959385342,0.20148972272872925,0.7076295847681056,157.4059181213379,0.19999999999999996,1.0,0.5437592267990112,0.2,0.0,1.0,58.0,0.90625,6.0,0.09375,0.90625,2.0,2,26,0.40625,38.0,0.59375,0.59375,2,0.09375,,,,,,,
S17,DynaMixEMATent,64,0.1688273698091507,0.8374246954917908,0.8374246954917908,0.6685973405838013,0.14402533736128534,0.6047472539911775,0.25122740864753723,0.8076514297870585,211.0010986328125,0.19999999999999996,1.0,0.6394288539886475,0.2,0.0,1.0,41.0,0.640625,23.0,0.359375,0.640625,2.0,3,64,1.0,,,1.0,1,0.0,,,,,,,
S17,DynaMixEMATent,30,0.14001576602458954,0.7057441473007202,0.7057441473007202,0.5657283663749695,0.12850841307092326,0.6597683427388608,0.21172324419021607,0.8369755138359894,232.1734230518341,0.19999999999999996,1.0,0.6707735061645508,0.2,0.0,1.0,19.0,0.6333333333333333,11.0,0.36666666666666664,0.6333333333333333,2.0,4,17,0.5666666666666667,13.0,0.43333333333333335,0.5666666666666667,2,0.06666666666666665,,,,,,,
S17,TEMA,64,,,,,,,,,,,,,,,,,,,,,,0,27,0.421875,37.0,0.578125,0.578125,2,,,,,,,,
S17,TEMA,64,,,,,,,,,,,,,,,,,,,,,,1,40,0.625,24.0,0.375,0.625,2,,,,,,,,
S17,TEMA,64,,,,,,,,,,,,,,,,,,,,,,2,26,0.40625,38.0,0.59375,0.59375,2,,,,,,,,
S17,TEMA,64,,,,,,,,,,,,,,,,,,,,,,3,64,1.0,0.0,0.0,1.0,1,,,,,,,,
S17,TEMA,30,,,,,,,,,,,,,,,,,,,,,,4,17,0.5666666666666667,13.0,0.43333333333333335,0.5666666666666667,2,,,,,,,,
S17,DUA,64,,,,,,,,,,,,,,,,,,,,,,0,27,0.421875,37.0,0.578125,0.578125,2,,0.099,,,,,,
S17,DUA,64,,,,,,,,,,,,,,,,,,,,,,1,40,0.625,24.0,0.375,0.625,2,,0.09336,,,,,,
S17,DUA,64,,,,,,,,,,,,,,,,,,,,,,2,26,0.40625,38.0,0.59375,0.59375,2,,0.0880584,,,,,,
S17,DUA,64,,,,,,,,,,,,,,,,,,,,,,3,64,1.0,0.0,0.0,1.0,1,,0.083074896,,,,,,
S17,DUA,30,,,,,,,,,,,,,,,,,,,,,,4,17,0.5666666666666667,13.0,0.43333333333333335,0.5666666666666667,2,,0.07839040223999999,,,,,,
S17,RoTTA,64,,,,,,,,,,,,,,,,,,,,,,0,27,0.421875,37.0,0.578125,0.578125,2,,,64.0,,,,,
S17,RoTTA,64,,,,,,,,,,,,,,,,,,,,,,1,40,0.625,24.0,0.375,0.625,2,,,64.0,,,,,
S17,RoTTA,64,,,,,,,,,,,,,,,,,,,,,,2,26,0.40625,38.0,0.59375,0.59375,2,,,64.0,,,,,
S17,RoTTA,64,,,,,,,,,,,,,,,,,,,,,,3,64,1.0,0.0,0.0,1.0,1,,,64.0,,,,,
S17,RoTTA,30,,,,,,,,,,,,,,,,,,,,,,4,17,0.5666666666666667,13.0,0.43333333333333335,0.5666666666666667,2,,,64.0,,,,,
S17,NOTE,64,,,,,,,,,,,,,,,,,,,,,,0,27,0.421875,37.0,0.578125,0.578125,2,,,,64.0,1.0,0.6072589755058289,,
S17,NOTE,64,,,,,,,,,,,,,,,,,,,,,,1,40,0.625,24.0,0.375,0.625,2,,,,64.0,1.0,0.5704441666603088,,
S17,NOTE,64,,,,,,,,,,,,,,,,,,,,,,2,26,0.40625,38.0,0.59375,0.59375,2,,,,64.0,1.0,0.595310389995575,,
S17,NOTE,64,,,,,,,,,,,,,,,,,,,,,,3,64,1.0,0.0,0.0,1.0,1,,,,64.0,1.0,0.5509870052337646,,
S17,NOTE,30,,,,,,,,,,,,,,,,,,,,,,4,17,0.5666666666666667,13.0,0.43333333333333335,0.5666666666666667,2,,,,64.0,0.0,,,
S17,DELTA,64,,,,,,,,,,,,,,,,,,,,,,0,27,0.421875,37.0,0.578125,0.578125,2,,,,,,,,0.0
S17,DELTA,64,,,,,,,,,,,,,,,,,,,,,,1,40,0.625,24.0,0.375,0.625,2,,,,,,,0.22637826204299927,11.0
S17,DELTA,64,,,,,,,,,,,,,,,,,,,,,,2,26,0.40625,38.0,0.59375,0.59375,2,,,,,,,0.21995624899864197,17.0
S17,DELTA,64,,,,,,,,,,,,,,,,,,,,,,3,64,1.0,0.0,0.0,1.0,1,,,,,,,0.15438216924667358,17.0
S17,DELTA,30,,,,,,,,,,,,,,,,,,,,,,4,17,0.5666666666666667,13.0,0.43333333333333335,0.5666666666666667,2,,,,,,,0.22476601600646973,3.0
S18,DynaMixEMATent,64,0.28919780254364014,0.7168903350830078,0.7168903350830078,0.4276925027370453,0.5484812353112961,0.23645166416380162,0.21506710052490233,0.30123806037678147,45.8809814453125,0.19999999999999996,1.0,0.5020850896835327,0.2,0.0,1.0,24.0,0.375,40.0,0.625,0.625,2.0,0,13,0.203125,51.0,0.796875,0.796875,2,0.296875,,,,,,,
S18,DynaMixEMATent,64,0.5197679996490479,0.8836458325386047,0.8836458325386047,0.3638778328895569,0.33012615080237967,0.40478009943603893,0.2650937497615814,0.5507914775588315,102.4343147277832,0.19999999999999996,1.0,0.44335585832595825,0.2,0.0,1.0,42.0,0.65625,22.0,0.34375,0.65625,2.0,1,44,0.6875,20.0,0.3125,0.6875,2,0.1875,,,,,,,
S18,DynaMixEMATent,64,0.22071771323680878,0.33869850635528564,0.33869850635528564,0.11798078566789627,0.3406949268720976,0.5576955212213166,0.10160955190658569,0.6207718730813216,124.11101913452148,0.19999999999999996,1.0,0.3017239272594452,0.2,0.0,1.0,63.0,0.984375,1.0,0.015625,0.984375,2.0,2,24,0.375,40.0,0.625,0.625,2,0.125,,,,,,,
S18,DynaMixEMATent,63,0.346267431974411,0.9887312054634094,0.9887312054634094,0.642463743686676,0.16396282358927688,0.5394178147717004,0.2966193616390228,0.7668931803818992,186.40108507871628,0.19999999999999996,1.0,0.6321881413459778,0.2,0.0,1.0,38.0,0.6031746031746031,25.0,0.3968253968253968,0.6031746031746031,2.0,3,35,0.5555555555555556,28.0,0.4444444444444444,0.5555555555555556,2,0.05555555555555558,,,,,,,
S18,TEMA,64,,,,,,,,,,,,,,,,,,,,,,0,13,0.203125,51.0,0.796875,0.796875,2,,,,,,,,
S18,TEMA,64,,,,,,,,,,,,,,,,,,,,,,1,44,0.6875,20.0,0.3125,0.6875,2,,,,,,,,
S18,TEMA,64,,,,,,,,,,,,,,,,,,,,,,2,24,0.375,40.0,0.625,0.625,2,,,,,,,,
S18,TEMA,63,,,,,,,,,,,,,,,,,,,,,,3,35,0.5555555555555556,28.0,0.4444444444444444,0.5555555555555556,2,,,,,,,,
S18,DUA,64,,,,,,,,,,,,,,,,,,,,,,0,13,0.203125,51.0,0.796875,0.796875,2,,0.099,,,,,,
S18,DUA,64,,,,,,,,,,,,,,,,,,,,,,1,44,0.6875,20.0,0.3125,0.6875,2,,0.09336,,,,,,
S18,DUA,64,,,,,,,,,,,,,,,,,,,,,,2,24,0.375,40.0,0.625,0.625,2,,0.0880584,,,,,,
S18,DUA,63,,,,,,,,,,,,,,,,,,,,,,3,35,0.5555555555555556,28.0,0.4444444444444444,0.5555555555555556,2,,0.083074896,,,,,,
S18,RoTTA,64,,,,,,,,,,,,,,,,,,,,,,0,13,0.203125,51.0,0.796875,0.796875,2,,,60.0,,,,,
S18,RoTTA,64,,,,,,,,,,,,,,,,,,,,,,1,44,0.6875,20.0,0.3125,0.6875,2,,,64.0,,,,,
S18,RoTTA,64,,,,,,,,,,,,,,,,,,,,,,2,24,0.375,40.0,0.625,0.625,2,,,64.0,,,,,
S18,RoTTA,63,,,,,,,,,,,,,,,,,,,,,,3,35,0.5555555555555556,28.0,0.4444444444444444,0.5555555555555556,2,,,64.0,,,,,
S18,NOTE,64,,,,,,,,,,,,,,,,,,,,,,0,13,0.203125,51.0,0.796875,0.796875,2,,,,64.0,1.0,0.6054591536521912,,
S18,NOTE,64,,,,,,,,,,,,,,,,,,,,,,1,44,0.6875,20.0,0.3125,0.6875,2,,,,64.0,1.0,0.6108472347259521,,
S18,NOTE,64,,,,,,,,,,,,,,,,,,,,,,2,24,0.375,40.0,0.625,0.625,2,,,,64.0,1.0,0.6417779922485352,,
S18,NOTE,63,,,,,,,,,,,,,,,,,,,,,,3,35,0.5555555555555556,28.0,0.4444444444444444,0.5555555555555556,2,,,,64.0,0.0,,,
S18,DELTA,64,,,,,,,,,,,,,,,,,,,,,,0,13,0.203125,51.0,0.796875,0.796875,2,,,,,,,0.3098190128803253,2.0
S18,DELTA,64,,,,,,,,,,,,,,,,,,,,,,1,44,0.6875,20.0,0.3125,0.6875,2,,,,,,,0.166071355342865,39.0
S18,DELTA,64,,,,,,,,,,,,,,,,,,,,,,2,24,0.375,40.0,0.625,0.625,2,,,,,,,0.13335274159908295,53.0
S18,DELTA,63,,,,,,,,,,,,,,,,,,,,,,3,35,0.5555555555555556,28.0,0.4444444444444444,0.5555555555555556,2,,,,,,,0.15074186027050018,54.0
S19,DynaMixEMATent,64,0.16631634533405304,0.8837943077087402,0.8837943077087402,0.7174779772758484,0.472380674759783,0.262481032927595,0.26513829231262204,0.35718425682245325,56.562835693359375,0.19999999999999996,1.0,0.587895929813385,0.2,0.0,1.0,41.0,0.640625,23.0,0.359375,0.640625,2.0,0,42,0.65625,22.0,0.34375,0.65625,2,0.15625,,,,,,,
S19,DynaMixEMATent,64,0.2480476051568985,0.7345244884490967,0.7345244884490967,0.486476868391037,0.34712199197293053,0.4325206614923404,0.220357346534729,0.5547678280170019,103.57240295410156,0.19999999999999996,1.0,0.5061559677124023,0.2,0.0,1.0,20.0,0.3125,44.0,0.6875,0.6875,2.0,1,34,0.53125,30.0,0.46875,0.53125,2,0.03125,,,,,,,
S19,DynaMixEMATent,64,0.18368710577487946,0.956038236618042,0.956038236618042,0.7723511457443237,0.1968746606005515,0.5163138684140359,0.2868114709854126,0.7239514481920044,164.75885009765625,0.19999999999999996,1.0,0.5594903230667114,0.2,0.0,1.0,39.0,0.609375,25.0,0.390625,0.609375,2.0,2,58,0.90625,6.0,0.09375,0.90625,2,0.40625,,,,,,,
S19,DynaMixEMATent,9,0.18703027069568634,0.7421834468841553,0.7421834468841553,0.5551531910896301,0.20367405235329314,0.5736709135814603,0.2226550340652466,0.737987558575907,171.43850111961365,0.19999999999999996,1.0,0.5782747864723206,0.2,0.0,1.0,8.0,0.8888888888888888,1.0,0.1111111111111111,0.8888888888888888,2.0,3,1,0.1111111111111111,8.0,0.8888888888888888,0.8888888888888888,2,0.38888888888888884,,,,,,,
S19,TEMA,64,,,,,,,,,,,,,,,,,,,,,,0,42,0.65625,22.0,0.34375,0.65625,2,,,,,,,,
S19,TEMA,64,,,,,,,,,,,,,,,,,,,,,,1,34,0.53125,30.0,0.46875,0.53125,2,,,,,,,,
S19,TEMA,64,,,,,,,,,,,,,,,,,,,,,,2,58,0.90625,6.0,0.09375,0.90625,2,,,,,,,,
S19,TEMA,9,,,,,,,,,,,,,,,,,,,,,,3,1,0.1111111111111111,8.0,0.8888888888888888,0.8888888888888888,2,,,,,,,,
S19,DUA,64,,,,,,,,,,,,,,,,,,,,,,0,42,0.65625,22.0,0.34375,0.65625,2,,0.099,,,,,,
S19,DUA,64,,,,,,,,,,,,,,,,,,,,,,1,34,0.53125,30.0,0.46875,0.53125,2,,0.09336,,,,,,
S19,DUA,64,,,,,,,,,,,,,,,,,,,,,,2,58,0.90625,6.0,0.09375,0.90625,2,,0.0880584,,,,,,
S19,DUA,9,,,,,,,,,,,,,,,,,,,,,,3,1,0.1111111111111111,8.0,0.8888888888888888,0.8888888888888888,2,,0.083074896,,,,,,
S19,RoTTA,64,,,,,,,,,,,,,,,,,,,,,,0,42,0.65625,22.0,0.34375,0.65625,2,,,62.0,,,,,
S19,RoTTA,64,,,,,,,,,,,,,,,,,,,,,,1,34,0.53125,30.0,0.46875,0.53125,2,,,64.0,,,,,
S19,RoTTA,64,,,,,,,,,,,,,,,,,,,,,,2,58,0.90625,6.0,0.09375,0.90625,2,,,64.0,,,,,
S19,RoTTA,9,,,,,,,,,,,,,,,,,,,,,,3,1,0.1111111111111111,8.0,0.8888888888888888,0.8888888888888888,2,,,64.0,,,,,
S19,NOTE,64,,,,,,,,,,,,,,,,,,,,,,0,42,0.65625,22.0,0.34375,0.65625,2,,,,64.0,1.0,0.5787147283554077,,
S19,NOTE,64,,,,,,,,,,,,,,,,,,,,,,1,34,0.53125,30.0,0.46875,0.53125,2,,,,64.0,1.0,0.5339376330375671,,
S19,NOTE,64,,,,,,,,,,,,,,,,,,,,,,2,58,0.90625,6.0,0.09375,0.90625,2,,,,64.0,1.0,0.5393768548965454,,
S19,NOTE,9,,,,,,,,,,,,,,,,,,,,,,3,1,0.1111111111111111,8.0,0.8888888888888888,0.8888888888888888,2,,,,64.0,0.0,,,
S19,DELTA,64,,,,,,,,,,,,,,,,,,,,,,0,42,0.65625,22.0,0.34375,0.65625,2,,,,,,,0.2914387583732605,7.0
S19,DELTA,64,,,,,,,,,,,,,,,,,,,,,,1,34,0.53125,30.0,0.46875,0.53125,2,,,,,,,0.08739881962537766,43.0
S19,DELTA,64,,,,,,,,,,,,,,,,,,,,,,2,58,0.90625,6.0,0.09375,0.90625,2,,,,,,,0.22614160180091858,20.0
S19,DELTA,9,,,,,,,,,,,,,,,,,,,,,,3,1,0.1111111111111111,8.0,0.8888888888888888,0.8888888888888888,2,,,,,,,0.028681963682174683,7.0
S20,DynaMixEMATent,64,0.12519881129264832,0.9573372006416321,0.9573372006416321,0.8321384191513062,0.4416557127745343,0.27114312703297616,0.2872011601924896,0.3803922115055598,61.26958084106445,0.19999999999999996,1.0,0.6265667080879211,0.2,0.0,1.0,57.0,0.890625,7.0,0.109375,0.890625,2.0,0,48,0.75,16.0,0.25,0.75,2,0.25,,,,,,,
S20,DynaMixEMATent,64,0.12168004363775253,0.9988158941268921,0.9988158941268921,0.8771358728408813,0.26335715978166335,0.436998071980269,0.2996447682380676,0.6239663133248574,125.19379806518555,0.19999999999999996,1.0,0.6636638641357422,0.2,0.0,1.0,49.0,0.765625,15.0,0.234375,0.765625,2.0,1,34,0.53125,30.0,0.46875,0.53125,2,0.03125,,,,,,,
S20,DynaMixEMATent,64,0.13271737098693848,0.7567245960235596,0.7567245960235596,0.6240072250366211,0.19910209246887364,0.5738805287240585,0.22701737880706785,0.7424235849421783,173.62417221069336,0.19999999999999996,1.0,0.5554823279380798,0.2,0.0,1.0,62.0,0.96875,2.0,0.03125,0.96875,2.0,2,50,0.78125,14.0,0.21875,0.78125,2,0.28125,,,,,,,
S20,DynaMixEMATent,64,0.11599249392747879,0.8188174962997437,0.8188174962997437,0.7028250098228455,0.1290261576134851,0.6253285934965918,0.2456452488899231,0.8289582488562369,226.02849197387695,0.19999999999999996,1.0,0.6635024547576904,0.2,0.0,1.0,47.0,0.734375,17.0,0.265625,0.734375,2.0,3,29,0.453125,35.0,0.546875,0.546875,2,0.046875,,,,,,,
S20,DynaMixEMATent,27,0.057431112974882126,0.9940782785415649,0.9940782785415649,0.9366471767425537,0.0973272508384759,0.6044492655990545,0.29822348356246947,0.8613130411764931,252.8686054944992,0.19999999999999996,1.0,0.6313141584396362,0.2,0.0,1.0,18.0,0.6666666666666666,9.0,0.3333333333333333,0.6666666666666666,2.0,4,0,0.0,27.0,1.0,1.0,1,0.5,,,,,,,
S20,TEMA,64,,,,,,,,,,,,,,,,,,,,,,0,48,0.75,16.0,0.25,0.75,2,,,,,,,,
S20,TEMA,64,,,,,,,,,,,,,,,,,,,,,,1,34,0.53125,30.0,0.46875,0.53125,2,,,,,,,,
S20,TEMA,64,,,,,,,,,,,,,,,,,,,,,,2,50,0.78125,14.0,0.21875,0.78125,2,,,,,,,,
S20,TEMA,64,,,,,,,,,,,,,,,,,,,,,,3,29,0.453125,35.0,0.546875,0.546875,2,,,,,,,,
S20,TEMA,27,,,,,,,,,,,,,,,,,,,,,,4,0,0.0,27.0,1.0,1.0,1,,,,,,,,
S20,DUA,64,,,,,,,,,,,,,,,,,,,,,,0,48,0.75,16.0,0.25,0.75,2,,0.099,,,,,,
S20,DUA,64,,,,,,,,,,,,,,,,,,,,,,1,34,0.53125,30.0,0.46875,0.53125,2,,0.09336,,,,,,
S20,DUA,64,,,,,,,,,,,,,,,,,,,,,,2,50,0.78125,14.0,0.21875,0.78125,2,,0.0880584,,,,,,
S20,DUA,64,,,,,,,,,,,,,,,,,,,,,,3,29,0.453125,35.0,0.546875,0.546875,2,,0.083074896,,,,,,
S20,DUA,27,,,,,,,,,,,,,,,,,,,,,,4,0,0.0,27.0,1.0,1.0,1,,0.07839040223999999,,,,,,
S20,RoTTA,64,,,,,,,,,,,,,,,,,,,,,,0,48,0.75,16.0,0.25,0.75,2,,,61.0,,,,,
S20,RoTTA,64,,,,,,,,,,,,,,,,,,,,,,1,34,0.53125,30.0,0.46875,0.53125,2,,,64.0,,,,,
S20,RoTTA,64,,,,,,,,,,,,,,,,,,,,,,2,50,0.78125,14.0,0.21875,0.78125,2,,,64.0,,,,,
S20,RoTTA,64,,,,,,,,,,,,,,,,,,,,,,3,29,0.453125,35.0,0.546875,0.546875,2,,,64.0,,,,,
S20,RoTTA,27,,,,,,,,,,,,,,,,,,,,,,4,0,0.0,27.0,1.0,1.0,1,,,64.0,,,,,
S20,NOTE,64,,,,,,,,,,,,,,,,,,,,,,0,48,0.75,16.0,0.25,0.75,2,,,,64.0,1.0,0.629142701625824,,
S20,NOTE,64,,,,,,,,,,,,,,,,,,,,,,1,34,0.53125,30.0,0.46875,0.53125,2,,,,64.0,1.0,0.61617112159729,,
S20,NOTE,64,,,,,,,,,,,,,,,,,,,,,,2,50,0.78125,14.0,0.21875,0.78125,2,,,,64.0,1.0,0.6023939847946167,,
S20,NOTE,64,,,,,,,,,,,,,,,,,,,,,,3,29,0.453125,35.0,0.546875,0.546875,2,,,,64.0,1.0,0.5815532207489014,,
S20,NOTE,27,,,,,,,,,,,,,,,,,,,,,,4,0,0.0,27.0,1.0,1.0,1,,,,64.0,0.0,,,
S20,DELTA,64,,,,,,,,,,,,,,,,,,,,,,0,48,0.75,16.0,0.25,0.75,2,,,,,,,0.2899601459503174,2.0
S20,DELTA,64,,,,,,,,,,,,,,,,,,,,,,1,34,0.53125,30.0,0.46875,0.53125,2,,,,,,,0.23703496158123016,6.0
S20,DELTA,64,,,,,,,,,,,,,,,,,,,,,,2,50,0.78125,14.0,0.21875,0.78125,2,,,,,,,0.14671018719673157,28.0
S20,DELTA,64,,,,,,,,,,,,,,,,,,,,,,3,29,0.453125,35.0,0.546875,0.546875,2,,,,,,,0.19604413211345673,9.0
S20,DELTA,27,,,,,,,,,,,,,,,,,,,,,,4,0,0.0,27.0,1.0,1.0,1,,,,,,,0.23391948640346527,4.0
S21,DynaMixEMATent,64,0.03980512544512749,0.9928823113441467,0.9928823113441467,0.9530771970748901,0.42738488370019745,0.2747504228965585,0.297864693403244,0.3913069465603026,63.54446792602539,0.19999999999999996,1.0,0.6296218633651733,0.2,0.0,1.0,13.0,0.203125,51.0,0.796875,0.796875,2.0,0,9,0.140625,55.0,0.859375,0.859375,2,0.359375,,,,,,,
S21,DynaMixEMATent,64,0.030382798984646797,0.9689885973930359,0.9689885973930359,0.938605785369873,0.2659605359235945,0.4433428848584947,0.29069657921791076,0.6250398233941377,125.55973815917969,0.19999999999999996,1.0,0.6615346670150757,0.2,0.0,1.0,3.0,0.046875,61.0,0.953125,0.953125,2.0,1,41,0.640625,23.0,0.359375,0.640625,2,0.140625,,,,,,,
S21,DynaMixEMATent,64,0.04801188036799431,0.988806962966919,0.988806962966919,0.9407950639724731,0.16085879750674925,0.5424991136031752,0.29664208889007565,0.7712988011282788,188.8433837890625,0.19999999999999996,1.0,0.6182189583778381,0.2,0.0,1.0,16.0,0.25,48.0,0.75,0.75,2.0,2,2,0.03125,62.0,0.96875,0.96875,2,0.46875,,,,,,,
S21,DynaMixEMATent,64,0.059312690049409866,0.9995130896568298,0.9995130896568298,0.9402004480361938,0.09714391205586816,0.6030021610470829,0.29985392689704893,0.8612519361490671,252.8122215270996,0.19999999999999996,1.0,0.5780104994773865,0.2,0.0,1.0,40.0,0.625,24.0,0.375,0.625,2.0,3,40,0.625,24.0,0.375,0.625,2,0.125,,,,,,,
S21,DynaMixEMATent,32,0.030944665893912315,0.99876868724823,0.99876868724823,0.9678240418434143,0.07570318615779101,0.6246662076677401,0.29963060617446896,0.8919096310815526,284.77281951904297,0.19999999999999996,1.0,0.6181120872497559,0.2,0.0,1.0,24.0,0.75,8.0,0.25,0.75,2.0,4,0,0.0,32.0,1.0,1.0,1,0.5,,,,,,,
S21,TEMA,64,,,,,,,,,,,,,,,,,,,,,,0,9,0.140625,55.0,0.859375,0.859375,2,,,,,,,,
S21,TEMA,64,,,,,,,,,,,,,,,,,,,,,,1,41,0.640625,23.0,0.359375,0.640625,2,,,,,,,,
S21,TEMA,64,,,,,,,,,,,,,,,,,,,,,,2,2,0.03125,62.0,0.96875,0.96875,2,,,,,,,,
S21,TEMA,64,,,,,,,,,,,,,,,,,,,,,,3,40,0.625,24.0,0.375,0.625,2,,,,,,,,
S21,TEMA,32,,,,,,,,,,,,,,,,,,,,,,4,0,0.0,32.0,1.0,1.0,1,,,,,,,,
S21,DUA,64,,,,,,,,,,,,,,,,,,,,,,0,9,0.140625,55.0,0.859375,0.859375,2,,0.099,,,,,,
S21,DUA,64,,,,,,,,,,,,,,,,,,,,,,1,41,0.640625,23.0,0.359375,0.640625,2,,0.09336,,,,,,
S21,DUA,64,,,,,,,,,,,,,,,,,,,,,,2,2,0.03125,62.0,0.96875,0.96875,2,,0.0880584,,,,,,
S21,DUA,64,,,,,,,,,,,,,,,,,,,,,,3,40,0.625,24.0,0.375,0.625,2,,0.083074896,,,,,,
S21,DUA,32,,,,,,,,,,,,,,,,,,,,,,4,0,0.0,32.0,1.0,1.0,1,,0.07839040223999999,,,,,,
S21,RoTTA,64,,,,,,,,,,,,,,,,,,,,,,0,9,0.140625,55.0,0.859375,0.859375,2,,,59.0,,,,,
S21,RoTTA,64,,,,,,,,,,,,,,,,,,,,,,1,41,0.640625,23.0,0.359375,0.640625,2,,,64.0,,,,,
S21,RoTTA,64,,,,,,,,,,,,,,,,,,,,,,2,2,0.03125,62.0,0.96875,0.96875,2,,,64.0,,,,,
S21,RoTTA,64,,,,,,,,,,,,,,,,,,,,,,3,40,0.625,24.0,0.375,0.625,2,,,64.0,,,,,
S21,RoTTA,32,,,,,,,,,,,,,,,,,,,,,,4,0,0.0,32.0,1.0,1.0,1,,,64.0,,,,,
S21,NOTE,64,,,,,,,,,,,,,,,,,,,,,,0,9,0.140625,55.0,0.859375,0.859375,2,,,,64.0,1.0,0.5689805746078491,,
S21,NOTE,64,,,,,,,,,,,,,,,,,,,,,,1,41,0.640625,23.0,0.359375,0.640625,2,,,,64.0,1.0,0.622402548789978,,
S21,NOTE,64,,,,,,,,,,,,,,,,,,,,,,2,2,0.03125,62.0,0.96875,0.96875,2,,,,64.0,1.0,0.6414657831192017,,
S21,NOTE,64,,,,,,,,,,,,,,,,,,,,,,3,40,0.625,24.0,0.375,0.625,2,,,,64.0,1.0,0.6349647641181946,,
S21,NOTE,32,,,,,,,,,,,,,,,,,,,,,,4,0,0.0,32.0,1.0,1.0,1,,,,64.0,0.0,,,
S21,DELTA,64,,,,,,,,,,,,,,,,,,,,,,0,9,0.140625,55.0,0.859375,0.859375,2,,,,,,,0.297877699136734,3.0
S21,DELTA,64,,,,,,,,,,,,,,,,,,,,,,1,41,0.640625,23.0,0.359375,0.640625,2,,,,,,,0.3293633759021759,3.0
S21,DELTA,64,,,,,,,,,,,,,,,,,,,,,,2,2,0.03125,62.0,0.96875,0.96875,2,,,,,,,0.27579984068870544,3.0
S21,DELTA,64,,,,,,,,,,,,,,,,,,,,,,3,40,0.625,24.0,0.375,0.625,2,,,,,,,0.32496511936187744,1.0
S21,DELTA,32,,,,,,,,,,,,,,,,,,,,,,4,0,0.0,32.0,1.0,1.0,1,,,,,,,,0.0
S22,DynaMixEMATent,64,0.07790195196866989,0.9619598388671875,0.9619598388671875,0.884057879447937,0.43977880123362645,0.2716332471062174,0.2885879516601562,0.38182266907076234,61.5654296875,0.19999999999999996,1.0,0.6566179990768433,0.2,0.0,1.0,39.0,0.609375,25.0,0.390625,0.609375,2.0,0,25,0.390625,39.0,0.609375,0.609375,2,0.109375,,,,,,,
S22,DynaMixEMATent,64,0.10557765513658524,0.8332609534263611,0.8332609534263611,0.7276832461357117,0.30566562078071785,0.44435609319137387,0.2499782860279083,0.5924576381103392,114.89413070678711,0.19999999999999996,1.0,0.6627877950668335,0.2,0.0,1.0,29.0,0.453125,35.0,0.546875,0.546875,2.0,1,41,0.640625,23.0,0.359375,0.640625,2,0.140625,,,,,,,
S22,DynaMixEMATent,64,0.057913437485694885,0.8904350399971008,0.8904350399971008,0.8325215578079224,0.19135679422738486,0.5415126937734849,0.26713051199913024,0.7388937629954138,171.88197326660156,0.19999999999999996,1.0,0.6577938199043274,0.2,0.0,1.0,36.0,0.5625,28.0,0.4375,0.5625,2.0,2,36,0.5625,28.0,0.4375,0.5625,2,0.0625,,,,,,,
S22,DynaMixEMATent,58,0.05186476558446884,0.7700198292732239,0.7700198292732239,0.718155026435852,0.14164728830345155,0.6273467629145814,0.23100594878196715,0.8158018412768056,216.54312336444855,0.19999999999999996,1.0,0.6545059084892273,0.2,0.0,1.0,43.0,0.7413793103448276,15.0,0.25862068965517243,0.7413793103448276,2.0,3,31,0.5344827586206896,27.0,0.46551724137931033,0.5344827586206896,2,0.03448275862068961,,,,,,,
S22,TEMA,64,,,,,,,,,,,,,,,,,,,,,,0,25,0.390625,39.0,0.609375,0.609375,2,,,,,,,,
S22,TEMA,64,,,,,,,,,,,,,,,,,,,,,,1,41,0.640625,23.0,0.359375,0.640625,2,,,,,,,,
S22,TEMA,64,,,,,,,,,,,,,,,,,,,,,,2,36,0.5625,28.0,0.4375,0.5625,2,,,,,,,,
S22,TEMA,58,,,,,,,,,,,,,,,,,,,,,,3,31,0.5344827586206896,27.0,0.46551724137931033,0.5344827586206896,2,,,,,,,,
S22,DUA,64,,,,,,,,,,,,,,,,,,,,,,0,25,0.390625,39.0,0.609375,0.609375,2,,0.099,,,,,,
S22,DUA,64,,,,,,,,,,,,,,,,,,,,,,1,41,0.640625,23.0,0.359375,0.640625,2,,0.09336,,,,,,
S22,DUA,64,,,,,,,,,,,,,,,,,,,,,,2,36,0.5625,28.0,0.4375,0.5625,2,,0.0880584,,,,,,
S22,DUA,58,,,,,,,,,,,,,,,,,,,,,,3,31,0.5344827586206896,27.0,0.46551724137931033,0.5344827586206896,2,,0.083074896,,,,,,
S22,RoTTA,64,,,,,,,,,,,,,,,,,,,,,,0,25,0.390625,39.0,0.609375,0.609375,2,,,62.0,,,,,
S22,RoTTA,64,,,,,,,,,,,,,,,,,,,,,,1,41,0.640625,23.0,0.359375,0.640625,2,,,64.0,,,,,
S22,RoTTA,64,,,,,,,,,,,,,,,,,,,,,,2,36,0.5625,28.0,0.4375,0.5625,2,,,64.0,,,,,
S22,RoTTA,58,,,,,,,,,,,,,,,,,,,,,,3,31,0.5344827586206896,27.0,0.46551724137931033,0.5344827586206896,2,,,64.0,,,,,
S22,NOTE,64,,,,,,,,,,,,,,,,,,,,,,0,25,0.390625,39.0,0.609375,0.609375,2,,,,64.0,1.0,0.5826658606529236,,
S22,NOTE,64,,,,,,,,,,,,,,,,,,,,,,1,41,0.640625,23.0,0.359375,0.640625,2,,,,64.0,1.0,0.5592843890190125,,
S22,NOTE,64,,,,,,,,,,,,,,,,,,,,,,2,36,0.5625,28.0,0.4375,0.5625,2,,,,64.0,1.0,0.61646568775177,,
S22,NOTE,58,,,,,,,,,,,,,,,,,,,,,,3,31,0.5344827586206896,27.0,0.46551724137931033,0.5344827586206896,2,,,,64.0,0.0,,,
S22,DELTA,64,,,,,,,,,,,,,,,,,,,,,,0,25,0.390625,39.0,0.609375,0.609375,2,,,,,,,0.2992202341556549,2.0
S22,DELTA,64,,,,,,,,,,,,,,,,,,,,,,1,41,0.640625,23.0,0.359375,0.640625,2,,,,,,,0.2818624973297119,16.0
S22,DELTA,64,,,,,,,,,,,,,,,,,,,,,,2,36,0.5625,28.0,0.4375,0.5625,2,,,,,,,0.2713434398174286,18.0
S22,DELTA,58,,,,,,,,,,,,,,,,,,,,,,3,31,0.5344827586206896,27.0,0.46551724137931033,0.5344827586206896,2,,,,,,,0.2980966866016388,11.0
S23,DynaMixEMATent,64,0.09483407437801361,0.9985694289207458,0.9985694289207458,0.9037353992462158,0.4251357520899319,0.27529341923384437,0.29957082867622375,0.3930353424794595,63.908443450927734,0.19999999999999996,1.0,0.6717298626899719,0.2,0.0,1.0,45.0,0.703125,19.0,0.296875,0.703125,2.0,0,19,0.296875,45.0,0.703125,0.703125,2,0.203125,,,,,,,
S23,DynaMixEMATent,64,0.040328383445739746,0.8843593597412109,0.8843593597412109,0.8440309762954712,0.286571259898657,0.4481209321789798,0.26530780792236325,0.6099437791923964,120.50744247436523,0.19999999999999996,1.0,0.6508328914642334,0.2,0.0,1.0,64.0,1.0,0.0,0.0,1.0,1.0,1,38,0.59375,26.0,0.40625,0.59375,2,0.09375,,,,,,,
S23,DynaMixEMATent,64,0.0316338874399662,0.8790749311447144,0.8790749311447144,0.8474410772323608,0.18504615008059228,0.5512313705759935,0.2637224793434143,0.7486733671896233,176.76823806762695,0.19999999999999996,1.0,0.6682290434837341,0.2,0.0,1.0,62.0,0.96875,2.0,0.03125,0.96875,2.0,2,46,0.71875,18.0,0.28125,0.71875,2,0.21875,,,,,,,
S23,DynaMixEMATent,51,0.0690893828868866,0.8403773903846741,0.8403773903846741,0.7712880373001099,0.1344795146966317,0.6134072681879662,0.2521132171154022,0.820187336139376,219.62748497724533,0.19999999999999996,1.0,0.6763445734977722,0.2,0.0,1.0,50.0,0.9803921568627451,1.0,0.0196078431372549,0.9803921568627451,2.0,3,21,0.4117647058823529,30.0,0.5882352941176471,0.5882352941176471,2,0.08823529411764708,,,,,,,
S23,TEMA,64,,,,,,,,,,,,,,,,,,,,,,0,19,0.296875,45.0,0.703125,0.703125,2,,,,,,,,
S23,TEMA,64,,,,,,,,,,,,,,,,,,,,,,1,38,0.59375,26.0,0.40625,0.59375,2,,,,,,,,
S23,TEMA,64,,,,,,,,,,,,,,,,,,,,,,2,46,0.71875,18.0,0.28125,0.71875,2,,,,,,,,
S23,TEMA,51,,,,,,,,,,,,,,,,,,,,,,3,21,0.4117647058823529,30.0,0.5882352941176471,0.5882352941176471,2,,,,,,,,
S23,DUA,64,,,,,,,,,,,,,,,,,,,,,,0,19,0.296875,45.0,0.703125,0.703125,2,,0.099,,,,,,
S23,DUA,64,,,,,,,,,,,,,,,,,,,,,,1,38,0.59375,26.0,0.40625,0.59375,2,,0.09336,,,,,,
S23,DUA,64,,,,,,,,,,,,,,,,,,,,,,2,46,0.71875,18.0,0.28125,0.71875,2,,0.0880584,,,,,,
S23,DUA,51,,,,,,,,,,,,,,,,,,,,,,3,21,0.4117647058823529,30.0,0.5882352941176471,0.5882352941176471,2,,0.083074896,,,,,,
S23,RoTTA,64,,,,,,,,,,,,,,,,,,,,,,0,19,0.296875,45.0,0.703125,0.703125,2,,,45.0,,,,,
S23,RoTTA,64,,,,,,,,,,,,,,,,,,,,,,1,38,0.59375,26.0,0.40625,0.59375,2,,,64.0,,,,,
S23,RoTTA,64,,,,,,,,,,,,,,,,,,,,,,2,46,0.71875,18.0,0.28125,0.71875,2,,,64.0,,,,,
S23,RoTTA,51,,,,,,,,,,,,,,,,,,,,,,3,21,0.4117647058823529,30.0,0.5882352941176471,0.5882352941176471,2,,,64.0,,,,,
S23,NOTE,64,,,,,,,,,,,,,,,,,,,,,,0,19,0.296875,45.0,0.703125,0.703125,2,,,,64.0,1.0,0.6535544991493225,,
S23,NOTE,64,,,,,,,,,,,,,,,,,,,,,,1,38,0.59375,26.0,0.40625,0.59375,2,,,,64.0,1.0,0.659943163394928,,
S23,NOTE,64,,,,,,,,,,,,,,,,,,,,,,2,46,0.71875,18.0,0.28125,0.71875,2,,,,64.0,1.0,0.6476813554763794,,
S23,NOTE,51,,,,,,,,,,,,,,,,,,,,,,3,21,0.4117647058823529,30.0,0.5882352941176471,0.5882352941176471,2,,,,64.0,0.0,,,
S23,DELTA,64,,,,,,,,,,,,,,,,,,,,,,0,19,0.296875,45.0,0.703125,0.703125,2,,,,,,,0.3402459919452667,2.0
S23,DELTA,64,,,,,,,,,,,,,,,,,,,,,,1,38,0.59375,26.0,0.40625,0.59375,2,,,,,,,0.20455120503902435,7.0
S23,DELTA,64,,,,,,,,,,,,,,,,,,,,,,2,46,0.71875,18.0,0.28125,0.71875,2,,,,,,,0.22194591164588928,15.0
S23,DELTA,51,,,,,,,,,,,,,,,,,,,,,,3,21,0.4117647058823529,30.0,0.5882352941176471,0.5882352941176471,2,,,,,,,0.20673277974128723,27.0
S24,DynaMixEMATent,64,0.05302104726433754,0.7971292734146118,0.7971292734146118,0.7441082000732422,0.510753117043531,0.2501081009320854,0.23913878202438354,0.32871711032602624,51.016273498535156,0.19999999999999996,1.0,0.5391567945480347,0.2,0.0,1.0,64.0,1.0,0.0,0.0,1.0,1.0,0,8,0.125,56.0,0.875,0.875,2,0.375,,,,,,,
S24,DynaMixEMATent,64,0.049375101923942566,0.9721718430519104,0.9721718430519104,0.9227967262268066,0.292447619291468,0.4159008277929589,0.2916515529155731,0.5871415819499755,113.23527145385742,0.19999999999999996,1.0,0.6066309213638306,0.2,0.0,1.0,55.0,0.859375,9.0,0.140625,0.859375,2.0,1,49,0.765625,15.0,0.234375,0.765625,2,0.265625,,,,,,,
S24,DynaMixEMATent,64,0.034301940351724625,0.9665476679801941,0.9665476679801941,0.9322457313537598,0.18079989327831192,0.5292358063276299,0.28996430039405824,0.745365066321802,175.09432220458984,0.19999999999999996,1.0,0.6413928270339966,0.2,0.0,1.0,49.0,0.765625,15.0,0.234375,0.765625,2.0,2,20,0.3125,44.0,0.6875,0.6875,2,0.1875,,,,,,,
S24,DynaMixEMATent,5,0.06861763447523117,0.9137769937515259,0.9137769937515259,0.8451593518257141,0.17834999097899706,0.5475169108955452,0.2741330981254578,0.7542938099003957,179.66320717334747,0.19999999999999996,1.0,0.6604061722755432,0.2,0.0,1.0,2.0,0.4,3.0,0.6,0.6,2.0,3,0,0.0,5.0,1.0,1.0,1,0.5,,,,,,,
S24,TEMA,64,,,,,,,,,,,,,,,,,,,,,,0,8,0.125,56.0,0.875,0.875,2,,,,,,,,
S24,TEMA,64,,,,,,,,,,,,,,,,,,,,,,1,49,0.765625,15.0,0.234375,0.765625,2,,,,,,,,
S24,TEMA,64,,,,,,,,,,,,,,,,,,,,,,2,20,0.3125,44.0,0.6875,0.6875,2,,,,,,,,
S24,TEMA,5,,,,,,,,,,,,,,,,,,,,,,3,0,0.0,5.0,1.0,1.0,1,,,,,,,,
S24,DUA,64,,,,,,,,,,,,,,,,,,,,,,0,8,0.125,56.0,0.875,0.875,2,,0.099,,,,,,
S24,DUA,64,,,,,,,,,,,,,,,,,,,,,,1,49,0.765625,15.0,0.234375,0.765625,2,,0.09336,,,,,,
S24,DUA,64,,,,,,,,,,,,,,,,,,,,,,2,20,0.3125,44.0,0.6875,0.6875,2,,0.0880584,,,,,,
S24,DUA,5,,,,,,,,,,,,,,,,,,,,,,3,0,0.0,5.0,1.0,1.0,1,,0.083074896,,,,,,
S24,RoTTA,64,,,,,,,,,,,,,,,,,,,,,,0,8,0.125,56.0,0.875,0.875,2,,,46.0,,,,,
S24,RoTTA,64,,,,,,,,,,,,,,,,,,,,,,1,49,0.765625,15.0,0.234375,0.765625,2,,,64.0,,,,,
S24,RoTTA,64,,,,,,,,,,,,,,,,,,,,,,2,20,0.3125,44.0,0.6875,0.6875,2,,,64.0,,,,,
S24,RoTTA,5,,,,,,,,,,,,,,,,,,,,,,3,0,0.0,5.0,1.0,1.0,1,,,64.0,,,,,
S24,NOTE,64,,,,,,,,,,,,,,,,,,,,,,0,8,0.125,56.0,0.875,0.875,2,,,,64.0,1.0,0.6195048093795776,,
S24,NOTE,64,,,,,,,,,,,,,,,,,,,,,,1,49,0.765625,15.0,0.234375,0.765625,2,,,,64.0,1.0,0.5970629453659058,,
S24,NOTE,64,,,,,,,,,,,,,,,,,,,,,,2,20,0.3125,44.0,0.6875,0.6875,2,,,,64.0,1.0,0.6044778227806091,,
S24,NOTE,5,,,,,,,,,,,,,,,,,,,,,,3,0,0.0,5.0,1.0,1.0,1,,,,64.0,0.0,,,
S24,DELTA,64,,,,,,,,,,,,,,,,,,,,,,0,8,0.125,56.0,0.875,0.875,2,,,,,,,0.22826556861400604,4.0
S24,DELTA,64,,,,,,,,,,,,,,,,,,,,,,1,49,0.765625,15.0,0.234375,0.765625,2,,,,,,,0.14853090047836304,45.0
S24,DELTA,64,,,,,,,,,,,,,,,,,,,,,,2,20,0.3125,44.0,0.6875,0.6875,2,,,,,,,0.14646321535110474,42.0
S24,DELTA,5,,,,,,,,,,,,,,,,,,,,,,3,0,0.0,5.0,1.0,1.0,1,,,,,,,0.11772729456424713,4.0
S25,DynaMixEMATent,64,0.02407430298626423,0.8505974411964417,0.8505974411964417,0.8265231847763062,0.48679587554426124,0.2580248920968063,0.2551792323589325,0.34642548020512454,54.438236236572266,0.19999999999999996,1.0,0.6396554708480835,0.2,0.0,1.0,15.0,0.234375,49.0,0.765625,0.765625,2.0,0,22,0.34375,42.0,0.65625,0.65625,2,0.15625,,,,,,,
S25,DynaMixEMATent,64,0.06598750501871109,0.748651921749115,0.748651921749115,0.6826643943786621,0.3485424562679423,0.4268619672073232,0.2245955765247345,0.5505023627466314,102.35195922851562,0.19999999999999996,1.0,0.5773245096206665,0.2,0.0,1.0,16.0,0.25,48.0,0.75,0.75,2.0,1,36,0.5625,28.0,0.4375,0.5625,2,0.0625,,,,,,,
S25,DynaMixEMATent,64,0.027866004034876823,0.9144066572189331,0.9144066572189331,0.8865406513214111,0.20649545120400267,0.5191825516303175,0.2743219971656799,0.7154447972827037,160.87398529052734,0.19999999999999996,1.0,0.5870503187179565,0.2,0.0,1.0,48.0,0.75,16.0,0.25,0.75,2.0,2,40,0.625,24.0,0.375,0.625,2,0.125,,,,,,,
S25,DynaMixEMATent,53,0.05332760512828827,0.6617640256881714,0.6617640256881714,0.6084364652633667,0.17340135057707526,0.6280694417164733,0.1985292077064514,0.7836460763830744,195.94747865200043,0.19999999999999996,1.0,0.5624260306358337,0.2,0.0,1.0,24.0,0.4528301886792453,29.0,0.5471698113207547,0.5471698113207547,2.0,3,26,0.49056603773584906,27.0,0.5094339622641509,0.5094339622641509,2,0.009433962264150941,,,,,,,
S25,TEMA,64,,,,,,,,,,,,,,,,,,,,,,0,22,0.34375,42.0,0.65625,0.65625,2,,,,,,,,
S25,TEMA,64,,,,,,,,,,,,,,,,,,,,,,1,36,0.5625,28.0,0.4375,0.5625,2,,,,,,,,
S25,TEMA,64,,,,,,,,,,,,,,,,,,,,,,2,40,0.625,24.0,0.375,0.625,2,,,,,,,,
S25,TEMA,53,,,,,,,,,,,,,,,,,,,,,,3,26,0.49056603773584906,27.0,0.5094339622641509,0.5094339622641509,2,,,,,,,,
S25,DUA,64,,,,,,,,,,,,,,,,,,,,,,0,22,0.34375,42.0,0.65625,0.65625,2,,0.099,,,,,,
S25,DUA,64,,,,,,,,,,,,,,,,,,,,,,1,36,0.5625,28.0,0.4375,0.5625,2,,0.09336,,,,,,
S25,DUA,64,,,,,,,,,,,,,,,,,,,,,,2,40,0.625,24.0,0.375,0.625,2,,0.0880584,,,,,,
S25,DUA,53,,,,,,,,,,,,,,,,,,,,,,3,26,0.49056603773584906,27.0,0.5094339622641509,0.5094339622641509,2,,0.083074896,,,,,,
S25,RoTTA,64,,,,,,,,,,,,,,,,,,,,,,0,22,0.34375,42.0,0.65625,0.65625,2,,,50.0,,,,,
S25,RoTTA,64,,,,,,,,,,,,,,,,,,,,,,1,36,0.5625,28.0,0.4375,0.5625,2,,,64.0,,,,,
S25,RoTTA,64,,,,,,,,,,,,,,,,,,,,,,2,40,0.625,24.0,0.375,0.625,2,,,64.0,,,,,
S25,RoTTA,53,,,,,,,,,,,,,,,,,,,,,,3,26,0.49056603773584906,27.0,0.5094339622641509,0.5094339622641509,2,,,64.0,,,,,
S25,NOTE,64,,,,,,,,,,,,,,,,,,,,,,0,22,0.34375,42.0,0.65625,0.65625,2,,,,64.0,1.0,0.6371539831161499,,
S25,NOTE,64,,,,,,,,,,,,,,,,,,,,,,1,36,0.5625,28.0,0.4375,0.5625,2,,,,64.0,1.0,0.5046485066413879,,
S25,NOTE,64,,,,,,,,,,,,,,,,,,,,,,2,40,0.625,24.0,0.375,0.625,2,,,,64.0,1.0,0.6283572912216187,,
S25,NOTE,53,,,,,,,,,,,,,,,,,,,,,,3,26,0.49056603773584906,27.0,0.5094339622641509,0.5094339622641509,2,,,,64.0,0.0,,,
S25,DELTA,64,,,,,,,,,,,,,,,,,,,,,,0,22,0.34375,42.0,0.65625,0.65625,2,,,,,,,0.2904859483242035,4.0
S25,DELTA,64,,,,,,,,,,,,,,,,,,,,,,1,36,0.5625,28.0,0.4375,0.5625,2,,,,,,,0.0950457975268364,47.0
S25,DELTA,64,,,,,,,,,,,,,,,,,,,,,,2,40,0.625,24.0,0.375,0.625,2,,,,,,,0.13964077830314636,14.0
S25,DELTA,53,,,,,,,,,,,,,,,,,,,,,,3,26,0.49056603773584906,27.0,0.5094339622641509,0.5094339622641509,2,,,,,,,0.13470906019210815,24.0
S26,DynaMixEMATent,64,0.16299182176589966,0.8667937517166138,0.8667937517166138,0.7038019299507141,0.47971961031541965,0.26024226416959617,0.2600381255149841,0.35169685512610294,55.47480010986328,0.19999999999999996,1.0,0.6250988245010376,0.2,0.0,1.0,27.0,0.421875,37.0,0.578125,0.578125,2.0,0,53,0.828125,11.0,0.171875,0.828125,2,0.328125,,,,,,,
S26,DynaMixEMATent,64,0.21620911359786987,0.996570348739624,0.996570348739624,0.7803612351417542,0.27612869856512606,0.4249001968129867,0.2989711046218872,0.6061093909457312,119.25530242919922,0.19999999999999996,1.0,0.5475988984107971,0.2,0.0,1.0,6.0,0.09375,58.0,0.90625,0.90625,2.0,1,43,0.671875,21.0,0.328125,0.671875,2,0.171875,,,,,,,
S26,DynaMixEMATent,64,0.25840574502944946,0.9976564645767212,0.9976564645767212,0.7392507195472717,0.16759894961366523,0.5331041110133186,0.2992969393730163,0.7608131617639875,183.10531616210938,0.19999999999999996,1.0,0.5896656513214111,0.2,0.0,1.0,13.0,0.203125,51.0,0.796875,0.796875,2.0,2,42,0.65625,22.0,0.34375,0.65625,2,0.15625,,,,,,,
S26,DynaMixEMATent,64,0.27235913276672363,0.9922513365745544,0.9922513365745544,0.7198922038078308,0.10228466281687175,0.6000399362107619,0.29767540097236633,0.8543626936056568,246.60940170288086,0.19999999999999996,1.0,0.5429704189300537,0.2,0.0,1.0,23.0,0.359375,41.0,0.640625,0.640625,2.0,3,26,0.40625,38.0,0.59375,0.59375,2,0.09375,,,,,,,
S26,DynaMixEMATent,47,0.16691432893276215,0.9836742877960205,0.9836742877960205,0.8167599439620972,0.07153764766726278,0.633360065993931,0.29510228633880614,0.8985134349554054,292.8420932292938,0.19999999999999996,1.0,0.5658262372016907,0.2,0.0,1.0,26.0,0.5531914893617021,21.0,0.44680851063829785,0.5531914893617021,2.0,4,17,0.3617021276595745,30.0,0.6382978723404256,0.6382978723404256,2,0.13829787234042556,,,,,,,
S26,TEMA,64,,,,,,,,,,,,,,,,,,,,,,0,53,0.828125,11.0,0.171875,0.828125,2,,,,,,,,
S26,TEMA,64,,,,,,,,,,,,,,,,,,,,,,1,43,0.671875,21.0,0.328125,0.671875,2,,,,,,,,
S26,TEMA,64,,,,,,,,,,,,,,,,,,,,,,2,42,0.65625,22.0,0.34375,0.65625,2,,,,,,,,
S26,TEMA,64,,,,,,,,,,,,,,,,,,,,,,3,26,0.40625,38.0,0.59375,0.59375,2,,,,,,,,
S26,TEMA,47,,,,,,,,,,,,,,,,,,,,,,4,17,0.3617021276595745,30.0,0.6382978723404256,0.6382978723404256,2,,,,,,,,
S26,DUA,64,,,,,,,,,,,,,,,,,,,,,,0,53,0.828125,11.0,0.171875,0.828125,2,,0.099,,,,,,
S26,DUA,64,,,,,,,,,,,,,,,,,,,,,,1,43,0.671875,21.0,0.328125,0.671875,2,,0.09336,,,,,,
S26,DUA,64,,,,,,,,,,,,,,,,,,,,,,2,42,0.65625,22.0,0.34375,0.65625,2,,0.0880584,,,,,,
S26,DUA,64,,,,,,,,,,,,,,,,,,,,,,3,26,0.40625,38.0,0.59375,0.59375,2,,0.083074896,,,,,,
S26,DUA,47,,,,,,,,,,,,,,,,,,,,,,4,17,0.3617021276595745,30.0,0.6382978723404256,0.6382978723404256,2,,0.07839040223999999,,,,,,
S26,RoTTA,64,,,,,,,,,,,,,,,,,,,,,,0,53,0.828125,11.0,0.171875,0.828125,2,,,63.0,,,,,
S26,RoTTA,64,,,,,,,,,,,,,,,,,,,,,,1,43,0.671875,21.0,0.328125,0.671875,2,,,64.0,,,,,
S26,RoTTA,64,,,,,,,,,,,,,,,,,,,,,,2,42,0.65625,22.0,0.34375,0.65625,2,,,64.0,,,,,
S26,RoTTA,64,,,,,,,,,,,,,,,,,,,,,,3,26,0.40625,38.0,0.59375,0.59375,2,,,64.0,,,,,
S26,RoTTA,47,,,,,,,,,,,,,,,,,,,,,,4,17,0.3617021276595745,30.0,0.6382978723404256,0.6382978723404256,2,,,64.0,,,,,
S26,NOTE,64,,,,,,,,,,,,,,,,,,,,,,0,53,0.828125,11.0,0.171875,0.828125,2,,,,64.0,1.0,0.5732017755508423,,
S26,NOTE,64,,,,,,,,,,,,,,,,,,,,,,1,43,0.671875,21.0,0.328125,0.671875,2,,,,64.0,1.0,0.5588550567626953,,
S26,NOTE,64,,,,,,,,,,,,,,,,,,,,,,2,42,0.65625,22.0,0.34375,0.65625,2,,,,64.0,1.0,0.5715384483337402,,
S26,NOTE,64,,,,,,,,,,,,,,,,,,,,,,3,26,0.40625,38.0,0.59375,0.59375,2,,,,64.0,1.0,0.5629540681838989,,
S26,NOTE,47,,,,,,,,,,,,,,,,,,,,,,4,17,0.3617021276595745,30.0,0.6382978723404256,0.6382978723404256,2,,,,64.0,0.0,,,
S26,DELTA,64,,,,,,,,,,,,,,,,,,,,,,0,53,0.828125,11.0,0.171875,0.828125,2,,,,,,,0.22796358168125153,7.0
S26,DELTA,64,,,,,,,,,,,,,,,,,,,,,,1,43,0.671875,21.0,0.328125,0.671875,2,,,,,,,0.11706209182739258,37.0
S26,DELTA,64,,,,,,,,,,,,,,,,,,,,,,2,42,0.65625,22.0,0.34375,0.65625,2,,,,,,,0.1291566640138626,24.0
S26,DELTA,64,,,,,,,,,,,,,,,,,,,,,,3,26,0.40625,38.0,0.59375,0.59375,2,,,,,,,0.10498008131980896,38.0
S26,DELTA,47,,,,,,,,,,,,,,,,,,,,,,4,17,0.3617021276595745,30.0,0.6382978723404256,0.6382978723404256,2,,,,,,,0.24226540327072144,13.0
S27,DynaMixEMATent,64,0.23735041916370392,0.9182699918746948,0.9182699918746948,0.6809195280075073,0.4577728012199051,0.2667462012176865,0.27548099756240846,0.3681700553335914,58.76927947998047,0.19999999999999996,1.0,0.6354909539222717,0.2,0.0,1.0,27.0,0.421875,37.0,0.578125,0.578125,2.0,0,63,0.984375,1.0,0.015625,0.984375,2,0.484375,,,,,,,
S27,DynaMixEMATent,64,0.22712768614292145,0.917033851146698,0.917033851146698,0.6899061799049377,0.2895615213434624,0.4353283233125282,0.2751101553440094,0.6005441054552516,117.45944595336914,0.19999999999999996,1.0,0.5848752856254578,0.2,0.0,1.0,39.0,0.609375,25.0,0.390625,0.609375,2.0,1,15,0.234375,49.0,0.765625,0.765625,2,0.265625,,,,,,,
S27,DynaMixEMATent,64,0.17484401166439056,0.7486651539802551,0.7486651539802551,0.5738211274147034,0.21302192868643824,0.5623785251194853,0.22459954619407654,0.7252749496845717,165.37401580810547,0.19999999999999996,1.0,0.6132491827011108,0.2,0.0,1.0,54.0,0.84375,10.0,0.15625,0.84375,2.0,2,33,0.515625,31.0,0.484375,0.515625,2,0.015625,,,,,,,
S27,DynaMixEMATent,64,0.12084833532571793,0.7390022873878479,0.7390022873878479,0.618153989315033,0.14776534815074907,0.6305339656328965,0.22170068621635436,0.8101432886630742,212.67016220092773,0.19999999999999996,1.0,0.5795342922210693,0.2,0.0,1.0,49.0,0.765625,15.0,0.234375,0.765625,2.0,3,6,0.09375,58.0,0.90625,0.90625,2,0.40625,,,,,,,
S27,DynaMixEMATent,64,0.18178406357765198,0.6123160123825073,0.6123160123825073,0.43053194880485535,0.1141079182259064,0.7021972780593414,0.1836948037147522,0.8602141469328185,251.8583869934082,0.19999999999999996,1.0,0.45262670516967773,0.2,0.0,1.0,51.0,0.796875,13.0,0.203125,0.796875,2.0,4,27,0.421875,37.0,0.578125,0.578125,2,0.078125,,,,,,,
S27,DynaMixEMATent,1,0.0,0.0031247930601239204,0.0031247930601239204,0.0031247930601239204,0.13965140323418718,0.8594111588477756,0.0009374379180371761,0.860217559405724,251.86151178646833,0.19999999999999996,0.0,0.5252604484558105,0.2,0.0,1.0,1.0,1.0,0.0,0.0,1.0,1.0,5,0,0.0,1.0,1.0,1.0,1,0.5,,,,,,,
S27,TEMA,64,,,,,,,,,,,,,,,,,,,,,,0,63,0.984375,1.0,0.015625,0.984375,2,,,,,,,,
S27,TEMA,64,,,,,,,,,,,,,,,,,,,,,,1,15,0.234375,49.0,0.765625,0.765625,2,,,,,,,,
S27,TEMA,64,,,,,,,,,,,,,,,,,,,,,,2,33,0.515625,31.0,0.484375,0.515625,2,,,,,,,,
S27,TEMA,64,,,,,,,,,,,,,,,,,,,,,,3,6,0.09375,58.0,0.90625,0.90625,2,,,,,,,,
S27,TEMA,64,,,,,,,,,,,,,,,,,,,,,,4,27,0.421875,37.0,0.578125,0.578125,2,,,,,,,,
S27,TEMA,1,,,,,,,,,,,,,,,,,,,,,,5,0,0.0,1.0,1.0,1.0,1,,,,,,,,
S27,DUA,64,,,,,,,,,,,,,,,,,,,,,,0,63,0.984375,1.0,0.015625,0.984375,2,,0.099,,,,,,
S27,DUA,64,,,,,,,,,,,,,,,,,,,,,,1,15,0.234375,49.0,0.765625,0.765625,2,,0.09336,,,,,,
S27,DUA,64,,,,,,,,,,,,,,,,,,,,,,2,33,0.515625,31.0,0.484375,0.515625,2,,0.0880584,,,,,,
S27,DUA,64,,,,,,,,,,,,,,,,,,,,,,3,6,0.09375,58.0,0.90625,0.90625,2,,0.083074896,,,,,,
S27,DUA,64,,,,,,,,,,,,,,,,,,,,,,4,27,0.421875,37.0,0.578125,0.578125,2,,0.07839040223999999,,,,,,
S27,DUA,1,,,,,,,,,,,,,,,,,,,,,,5,0,0.0,1.0,1.0,1.0,1,,0.07398697810559998,,,,,,
S27,RoTTA,64,,,,,,,,,,,,,,,,,,,,,,0,63,0.984375,1.0,0.015625,0.984375,2,,,52.0,,,,,
S27,RoTTA,64,,,,,,,,,,,,,,,,,,,,,,1,15,0.234375,49.0,0.765625,0.765625,2,,,64.0,,,,,
S27,RoTTA,64,,,,,,,,,,,,,,,,,,,,,,2,33,0.515625,31.0,0.484375,0.515625,2,,,64.0,,,,,
S27,RoTTA,64,,,,,,,,,,,,,,,,,,,,,,3,6,0.09375,58.0,0.90625,0.90625,2,,,64.0,,,,,
S27,RoTTA,64,,,,,,,,,,,,,,,,,,,,,,4,27,0.421875,37.0,0.578125,0.578125,2,,,64.0,,,,,
S27,RoTTA,1,,,,,,,,,,,,,,,,,,,,,,5,0,0.0,1.0,1.0,1.0,1,,,64.0,,,,,
S27,NOTE,64,,,,,,,,,,,,,,,,,,,,,,0,63,0.984375,1.0,0.015625,0.984375,2,,,,64.0,1.0,0.5184367895126343,,
S27,NOTE,64,,,,,,,,,,,,,,,,,,,,,,1,15,0.234375,49.0,0.765625,0.765625,2,,,,64.0,1.0,0.4569231867790222,,
S27,NOTE,64,,,,,,,,,,,,,,,,,,,,,,2,33,0.515625,31.0,0.484375,0.515625,2,,,,64.0,1.0,0.5844274759292603,,
S27,NOTE,64,,,,,,,,,,,,,,,,,,,,,,3,6,0.09375,58.0,0.90625,0.90625,2,,,,64.0,1.0,0.570978045463562,,
S27,NOTE,64,,,,,,,,,,,,,,,,,,,,,,4,27,0.421875,37.0,0.578125,0.578125,2,,,,64.0,1.0,0.4945441484451294,,
S27,NOTE,1,,,,,,,,,,,,,,,,,,,,,,5,0,0.0,1.0,1.0,1.0,1,,,,64.0,0.0,,,
S27,DELTA,64,,,,,,,,,,,,,,,,,,,,,,0,63,0.984375,1.0,0.015625,0.984375,2,,,,,,,0.23481345176696777,12.0
S27,DELTA,64,,,,,,,,,,,,,,,,,,,,,,1,15,0.234375,49.0,0.765625,0.765625,2,,,,,,,0.19129762053489685,25.0
S27,DELTA,64,,,,,,,,,,,,,,,,,,,,,,2,33,0.515625,31.0,0.484375,0.515625,2,,,,,,,0.2653314173221588,7.0
S27,DELTA,64,,,,,,,,,,,,,,,,,,,,,,3,6,0.09375,58.0,0.90625,0.90625,2,,,,,,,0.25609567761421204,11.0
S27,DELTA,64,,,,,,,,,,,,,,,,,,,,,,4,27,0.421875,37.0,0.578125,0.578125,2,,,,,,,0.2473253309726715,34.0
S27,DELTA,1,,,,,,,,,,,,,,,,,,,,,,5,0,0.0,1.0,1.0,1.0,1,,,,,,,,0.0
S28,DynaMixEMATent,64,0.013875441625714302,0.11581958830356598,0.11581958830356598,0.10194414854049683,0.9109441716979332,0.05430995181099703,0.03474587649106979,0.05626492597987287,7.412453651428223,0.19999999999999996,0.0,0.10095938295125961,0.2,0.0,1.0,0.0,0.0,64.0,1.0,1.0,1.0,0,45,0.703125,19.0,0.296875,0.703125,2,0.203125,,,,,,,
S28,DynaMixEMATent,64,0.030626261606812477,0.2607322931289673,0.2607322931289673,0.23010604083538055,0.7635899887692993,0.15819032329201052,0.07821968793869018,0.17161390975932334,24.09932041168213,0.19999999999999996,1.0,0.3429301381111145,0.2,0.0,1.0,2.0,0.03125,62.0,0.96875,0.96875,2.0,1,51,0.796875,13.0,0.203125,0.796875,2,0.296875,,,,,,,
S28,DynaMixEMATent,64,0.0759274810552597,0.32523417472839355,0.32523417472839355,0.24930669367313385,0.63536384374826,0.26706590383322193,0.09757025241851806,0.2959409356229229,44.914307594299316,0.19999999999999996,1.0,0.5789802074432373,0.2,0.0,1.0,31.0,0.484375,33.0,0.515625,0.515625,2.0,2,31,0.484375,33.0,0.515625,0.515625,2,0.015625,,,,,,,
S28,DynaMixEMATent,19,0.03873470798134804,0.3933672308921814,0.3933672308921814,0.35463252663612366,0.5857523268112552,0.2962375039210904,0.11801016926765441,0.33587405840622275,52.38828498125076,0.19999999999999996,1.0,0.6806231141090393,0.2,0.0,1.0,12.0,0.631578947368421,7.0,0.3684210526315789,0.631578947368421,2.0,3,8,0.42105263157894735,11.0,0.5789473684210527,0.5789473684210527,2,0.07894736842105265,,,,,,,
S28,TEMA,64,,,,,,,,,,,,,,,,,,,,,,0,45,0.703125,19.0,0.296875,0.703125,2,,,,,,,,
S28,TEMA,64,,,,,,,,,,,,,,,,,,,,,,1,51,0.796875,13.0,0.203125,0.796875,2,,,,,,,,
S28,TEMA,64,,,,,,,,,,,,,,,,,,,,,,2,31,0.484375,33.0,0.515625,0.515625,2,,,,,,,,
S28,TEMA,19,,,,,,,,,,,,,,,,,,,,,,3,8,0.42105263157894735,11.0,0.5789473684210527,0.5789473684210527,2,,,,,,,,
S28,DUA,64,,,,,,,,,,,,,,,,,,,,,,0,45,0.703125,19.0,0.296875,0.703125,2,,0.099,,,,,,
S28,DUA,64,,,,,,,,,,,,,,,,,,,,,,1,51,0.796875,13.0,0.203125,0.796875,2,,0.09336,,,,,,
S28,DUA,64,,,,,,,,,,,,,,,,,,,,,,2,31,0.484375,33.0,0.515625,0.515625,2,,0.0880584,,,,,,
S28,DUA,19,,,,,,,,,,,,,,,,,,,,,,3,8,0.42105263157894735,11.0,0.5789473684210527,0.5789473684210527,2,,0.083074896,,,,,,
S28,RoTTA,64,,,,,,,,,,,,,,,,,,,,,,0,45,0.703125,19.0,0.296875,0.703125,2,,,57.0,,,,,
S28,RoTTA,64,,,,,,,,,,,,,,,,,,,,,,1,51,0.796875,13.0,0.203125,0.796875,2,,,64.0,,,,,
S28,RoTTA,64,,,,,,,,,,,,,,,,,,,,,,2,31,0.484375,33.0,0.515625,0.515625,2,,,64.0,,,,,
S28,RoTTA,19,,,,,,,,,,,,,,,,,,,,,,3,8,0.42105263157894735,11.0,0.5789473684210527,0.5789473684210527,2,,,64.0,,,,,
S28,NOTE,64,,,,,,,,,,,,,,,,,,,,,,0,45,0.703125,19.0,0.296875,0.703125,2,,,,64.0,1.0,0.6628890633583069,,
S28,NOTE,64,,,,,,,,,,,,,,,,,,,,,,1,51,0.796875,13.0,0.203125,0.796875,2,,,,64.0,1.0,0.6191790699958801,,
S28,NOTE,64,,,,,,,,,,,,,,,,,,,,,,2,31,0.484375,33.0,0.515625,0.515625,2,,,,64.0,1.0,0.6084146499633789,,
S28,NOTE,19,,,,,,,,,,,,,,,,,,,,,,3,8,0.42105263157894735,11.0,0.5789473684210527,0.5789473684210527,2,,,,64.0,0.0,,,
S28,DELTA,64,,,,,,,,,,,,,,,,,,,,,,0,45,0.703125,19.0,0.296875,0.703125,2,,,,,,,,0.0
S28,DELTA,64,,,,,,,,,,,,,,,,,,,,,,1,51,0.796875,13.0,0.203125,0.796875,2,,,,,,,0.11617755889892578,5.0
S28,DELTA,64,,,,,,,,,,,,,,,,,,,,,,2,31,0.484375,33.0,0.515625,0.515625,2,,,,,,,0.13695017993450165,23.0
S28,DELTA,19,,,,,,,,,,,,,,,,,,,,,,3,8,0.42105263157894735,11.0,0.5789473684210527,0.5789473684210527,2,,,,,,,,0.0
S29,DynaMixEMATent,64,0.2076270878314972,0.9998127222061157,0.9998127222061157,0.7921856045722961,0.42464530017186697,0.27541088316629836,0.29994381666183473,0.3934125427662424,63.988014221191406,0.19999999999999996,1.0,0.604404091835022,0.2,0.0,1.0,57.0,0.890625,7.0,0.109375,0.890625,2.0,0,48,0.75,16.0,0.25,0.75,2,0.25,,,,,,,
S29,DynaMixEMATent,64,0.3157919943332672,0.9336171746253967,0.9336171746253967,0.6178252100944519,0.2738054970120658,0.4461093506003152,0.280085152387619,0.61966960687066,123.7395133972168,0.19999999999999996,1.0,0.4986265003681183,0.2,0.0,1.0,37.0,0.578125,27.0,0.421875,0.578125,2.0,1,29,0.453125,35.0,0.546875,0.546875,2,0.046875,,,,,,,
S29,DynaMixEMATent,64,0.19162513315677643,0.9349491000175476,0.9349491000175476,0.7433239817619324,0.17146655804027824,0.5480487119544576,0.28048473000526425,0.7616915648759855,183.57625579833984,0.19999999999999996,1.0,0.5830530524253845,0.2,0.0,1.0,54.0,0.84375,10.0,0.15625,0.84375,2.0,2,46,0.71875,18.0,0.28125,0.71875,2,0.21875,,,,,,,
S29,TEMA,64,,,,,,,,,,,,,,,,,,,,,,0,48,0.75,16.0,0.25,0.75,2,,,,,,,,
S29,TEMA,64,,,,,,,,,,,,,,,,,,,,,,1,29,0.453125,35.0,0.546875,0.546875,2,,,,,,,,
S29,TEMA,64,,,,,,,,,,,,,,,,,,,,,,2,46,0.71875,18.0,0.28125,0.71875,2,,,,,,,,
S29,DUA,64,,,,,,,,,,,,,,,,,,,,,,0,48,0.75,16.0,0.25,0.75,2,,0.099,,,,,,
S29,DUA,64,,,,,,,,,,,,,,,,,,,,,,1,29,0.453125,35.0,0.546875,0.546875,2,,0.09336,,,,,,
S29,DUA,64,,,,,,,,,,,,,,,,,,,,,,2,46,0.71875,18.0,0.28125,0.71875,2,,0.0880584,,,,,,
S29,RoTTA,64,,,,,,,,,,,,,,,,,,,,,,0,48,0.75,16.0,0.25,0.75,2,,,49.0,,,,,
S29,RoTTA,64,,,,,,,,,,,,,,,,,,,,,,1,29,0.453125,35.0,0.546875,0.546875,2,,,64.0,,,,,
S29,RoTTA,64,,,,,,,,,,,,,,,,,,,,,,2,46,0.71875,18.0,0.28125,0.71875,2,,,64.0,,,,,
S29,NOTE,64,,,,,,,,,,,,,,,,,,,,,,0,48,0.75,16.0,0.25,0.75,2,,,,64.0,1.0,0.6203957796096802,,
S29,NOTE,64,,,,,,,,,,,,,,,,,,,,,,1,29,0.453125,35.0,0.546875,0.546875,2,,,,64.0,1.0,0.5883408188819885,,
S29,NOTE,64,,,,,,,,,,,,,,,,,,,,,,2,46,0.71875,18.0,0.28125,0.71875,2,,,,64.0,1.0,0.575911283493042,,
S29,DELTA,64,,,,,,,,,,,,,,,,,,,,,,0,48,0.75,16.0,0.25,0.75,2,,,,,,,0.3039403259754181,3.0
S29,DELTA,64,,,,,,,,,,,,,,,,,,,,,,1,29,0.453125,35.0,0.546875,0.546875,2,,,,,,,0.14900387823581696,27.0
S29,DELTA,64,,,,,,,,,,,,,,,,,,,,,,2,46,0.71875,18.0,0.28125,0.71875,2,,,,,,,0.08905773609876633,22.0
S30,DynaMixEMATent,64,0.029717590659856796,0.2529100179672241,0.2529100179672241,0.22319242358207703,0.8143534563110314,0.10977353829880133,0.07587300539016724,0.11878620464403578,16.186241149902344,0.19999999999999996,1.0,0.2068231999874115,0.2,0.0,1.0,0.0,0.0,64.0,1.0,1.0,1.0,0,61,0.953125,3.0,0.046875,0.953125,2,0.453125,,,,,,,
S30,DynaMixEMATent,64,0.24207951128482819,0.8100712895393372,0.8100712895393372,0.5679917931556702,0.44489769068308443,0.3120809224551144,0.24302138686180114,0.41227178289928634,68.03080368041992,0.19999999999999996,1.0,0.5479028224945068,0.2,0.0,1.0,41.0,0.640625,23.0,0.359375,0.640625,2.0,1,31,0.484375,33.0,0.515625,0.515625,2,0.015625,,,,,,,
S30,DynaMixEMATent,64,0.06704924255609512,0.8379590511322021,0.8379590511322021,0.77090984582901,0.28938298725240647,0.4592292974079329,0.25138771533966064,0.6134407714352358,121.66018295288086,0.19999999999999996,1.0,0.6369489431381226,0.2,0.0,1.0,53.0,0.828125,11.0,0.171875,0.828125,2.0,2,60,0.9375,4.0,0.0625,0.9375,2,0.4375,,,,,,,
S30,DynaMixEMATent,64,0.08121106773614883,0.9798238277435303,0.9798238277435303,0.8986127972602844,0.16721961397482624,0.5388332377021147,0.29394714832305907,0.7631627525083085,184.3689079284668,0.19999999999999996,1.0,0.5963817238807678,0.2,0.0,1.0,62.0,0.96875,2.0,0.03125,0.96875,2.0,3,64,1.0,,,1.0,1,0.0,,,,,,,
S30,DynaMixEMATent,64,0.292087584733963,0.9895702600479126,0.9895702600479126,0.697482705116272,0.10153190053593819,0.6015970214496881,0.2968710780143738,0.8555998802478306,247.7014045715332,0.19999999999999996,1.0,0.4822882115840912,0.2,0.0,1.0,40.0,0.625,24.0,0.375,0.625,2.0,4,21,0.328125,43.0,0.671875,0.671875,2,0.171875,,,,,,,
S30,DynaMixEMATent,23,0.07763513177633286,0.18432410061359406,0.18432410061359406,0.1066889762878418,0.1319710247049526,0.8127317451109692,0.055297230184078214,0.8603041835786429,251.94085888564587,0.19999999999999996,0.0,0.1325225979089737,0.2,0.0,1.0,2.0,0.08695652173913043,21.0,0.9130434782608695,0.9130434782608695,2.0,5,3,0.13043478260869565,20.0,0.8695652173913043,0.8695652173913043,2,0.3695652173913043,,,,,,,
S30,TEMA,64,,,,,,,,,,,,,,,,,,,,,,0,61,0.953125,3.0,0.046875,0.953125,2,,,,,,,,
S30,TEMA,64,,,,,,,,,,,,,,,,,,,,,,1,31,0.484375,33.0,0.515625,0.515625,2,,,,,,,,
S30,TEMA,64,,,,,,,,,,,,,,,,,,,,,,2,60,0.9375,4.0,0.0625,0.9375,2,,,,,,,,
S30,TEMA,64,,,,,,,,,,,,,,,,,,,,,,3,64,1.0,0.0,0.0,1.0,1,,,,,,,,
S30,TEMA,64,,,,,,,,,,,,,,,,,,,,,,4,21,0.328125,43.0,0.671875,0.671875,2,,,,,,,,
S30,TEMA,23,,,,,,,,,,,,,,,,,,,,,,5,3,0.13043478260869565,20.0,0.8695652173913043,0.8695652173913043,2,,,,,,,,
S30,DUA,64,,,,,,,,,,,,,,,,,,,,,,0,61,0.953125,3.0,0.046875,0.953125,2,,0.099,,,,,,
S30,DUA,64,,,,,,,,,,,,,,,,,,,,,,1,31,0.484375,33.0,0.515625,0.515625,2,,0.09336,,,,,,
S30,DUA,64,,,,,,,,,,,,,,,,,,,,,,2,60,0.9375,4.0,0.0625,0.9375,2,,0.0880584,,,,,,
S30,DUA,64,,,,,,,,,,,,,,,,,,,,,,3,64,1.0,0.0,0.0,1.0,1,,0.083074896,,,,,,
S30,DUA,64,,,,,,,,,,,,,,,,,,,,,,4,21,0.328125,43.0,0.671875,0.671875,2,,0.07839040223999999,,,,,,
S30,DUA,23,,,,,,,,,,,,,,,,,,,,,,5,3,0.13043478260869565,20.0,0.8695652173913043,0.8695652173913043,2,,0.07398697810559998,,,,,,
S30,RoTTA,64,,,,,,,,,,,,,,,,,,,,,,0,61,0.953125,3.0,0.046875,0.953125,2,,,58.0,,,,,
S30,RoTTA,64,,,,,,,,,,,,,,,,,,,,,,1,31,0.484375,33.0,0.515625,0.515625,2,,,64.0,,,,,
S30,RoTTA,64,,,,,,,,,,,,,,,,,,,,,,2,60,0.9375,4.0,0.0625,0.9375,2,,,64.0,,,,,
S30,RoTTA,64,,,,,,,,,,,,,,,,,,,,,,3,64,1.0,0.0,0.0,1.0,1,,,64.0,,,,,
S30,RoTTA,64,,,,,,,,,,,,,,,,,,,,,,4,21,0.328125,43.0,0.671875,0.671875,2,,,64.0,,,,,
S30,RoTTA,23,,,,,,,,,,,,,,,,,,,,,,5,3,0.13043478260869565,20.0,0.8695652173913043,0.8695652173913043,2,,,64.0,,,,,
S30,NOTE,64,,,,,,,,,,,,,,,,,,,,,,0,61,0.953125,3.0,0.046875,0.953125,2,,,,64.0,1.0,0.6128458976745605,,
S30,NOTE,64,,,,,,,,,,,,,,,,,,,,,,1,31,0.484375,33.0,0.515625,0.515625,2,,,,64.0,1.0,0.5434750318527222,,
S30,NOTE,64,,,,,,,,,,,,,,,,,,,,,,2,60,0.9375,4.0,0.0625,0.9375,2,,,,64.0,1.0,0.6109616160392761,,
S30,NOTE,64,,,,,,,,,,,,,,,,,,,,,,3,64,1.0,0.0,0.0,1.0,1,,,,64.0,1.0,0.530931293964386,,
S30,NOTE,64,,,,,,,,,,,,,,,,,,,,,,4,21,0.328125,43.0,0.671875,0.671875,2,,,,64.0,1.0,0.5170274972915649,,
S30,NOTE,23,,,,,,,,,,,,,,,,,,,,,,5,3,0.13043478260869565,20.0,0.8695652173913043,0.8695652173913043,2,,,,64.0,0.0,,,
S30,DELTA,64,,,,,,,,,,,,,,,,,,,,,,0,61,0.953125,3.0,0.046875,0.953125,2,,,,,,,0.15487438440322876,2.0
S30,DELTA,64,,,,,,,,,,,,,,,,,,,,,,1,31,0.484375,33.0,0.515625,0.515625,2,,,,,,,0.14607039093971252,20.0
S30,DELTA,64,,,,,,,,,,,,,,,,,,,,,,2,60,0.9375,4.0,0.0625,0.9375,2,,,,,,,0.35598453879356384,1.0
S30,DELTA,64,,,,,,,,,,,,,,,,,,,,,,3,64,1.0,0.0,0.0,1.0,1,,,,,,,0.293336421251297,6.0
S30,DELTA,64,,,,,,,,,,,,,,,,,,,,,,4,21,0.328125,43.0,0.671875,0.671875,2,,,,,,,0.1551647186279297,27.0
S30,DELTA,23,,,,,,,,,,,,,,,,,,,,,,5,3,0.13043478260869565,20.0,0.8695652173913043,0.8695652173913043,2,,,,,,,0.01884526014328003,21.0
