Subject,Method,raw_gate,effective_gate,confidence,updated,effective_source_weight,effective_ema_weight,effective_batch_weight,probe_gate,min_gate,batch_index,batch_size,true_class_0_count,true_class_0_ratio,true_class_1_count,true_class_1_ratio,true_class_2_count,true_class_2_ratio,true_max_class_ratio,true_num_present_classes,g_mi,effective_mi_gate,diversity_norm,sample_entropy_norm,w_source,w_ema,w_batch,rho,n_eff,alpha,entropy_updated,loss_entropy,gate_threshold,gate_aware_ema,dynamic_mixture_weights,pred_class_0_count,pred_class_0_ratio,pred_class_1_count,pred_class_1_ratio,pred_class_2_count,pred_class_2_ratio,pred_max_class_ratio,pred_num_present_classes,true_imbalance
S10,EMATent,0.109647236764431,0.109647236764431,0.9781075119972229,0.0,0.4671058289706707,0.5,0.032894171029329296,0.0,0.0,0,64,64,1.0,0,0.0,0,0.0,1.0,1,,,,,,,,,,,,,,,,,,,,,,,,
S10,EMATent,0.853682279586792,0.853682279586792,0.6456230282783508,1.0,0.24389531612396242,0.5,0.2561046838760376,0.0,0.0,1,64,64,1.0,0,0.0,0,0.0,1.0,1,,,,,,,,,,,,,,,,,,,,,,,,
S10,EMATent,0.8682008981704712,0.8682008981704712,0.6177782416343689,1.0,0.23953973054885866,0.5,0.26046026945114137,0.0,0.0,2,64,64,1.0,0,0.0,0,0.0,1.0,1,,,,,,,,,,,,,,,,,,,,,,,,
S10,EMATent,0.8450646996498108,0.8450646996498108,0.775323748588562,1.0,0.24648059010505677,0.5,0.2535194098949432,0.0,0.0,3,64,44,0.6875,0,0.0,20,0.3125,0.6875,2,,,,,,,,,,,,,,,,,,,,,,,,
S10,EMATent,0.160710409283638,0.160710409283638,0.9632365703582764,0.0,0.4517868772149086,0.5,0.0482131227850914,0.0,0.0,4,64,0,0.0,9,0.140625,55,0.859375,0.859375,2,,,,,,,,,,,,,,,,,,,,,,,,
S10,EMATent,0.6526212096214294,0.6526212096214294,0.7504882216453552,1.0,0.3042136371135712,0.5,0.19578636288642884,0.0,0.0,5,64,0,0.0,64,1.0,0,0.0,1.0,1,,,,,,,,,,,,,,,,,,,,,,,,
S10,EMATent,0.6692977547645569,0.6692977547645569,0.6491234302520752,1.0,0.2992106735706329,0.5,0.20078932642936706,0.0,0.0,6,64,0,0.0,64,1.0,0,0.0,1.0,1,,,,,,,,,,,,,,,,,,,,,,,,
S10,EMATent,0.6557409763336182,0.6557409763336182,0.6518597602844238,1.0,0.30327770709991453,0.5,0.19672229290008544,0.0,0.0,7,8,0,0.0,8,1.0,0,0.0,1.0,1,,,,,,,,,,,,,,,,,,,,,,,,
S10,MIDynamicEMATent,,,,,,,,,,0,64,64,1.0,0,0.0,0,0.0,1.0,1,0.021838359534740448,0.021838359534740448,0.109647236764431,0.08780887722969055,0.9907402795849708,0.0027082125546070337,0.006551507860422134,0.002726072439623306,1.3976550102233887,0.004367671906948089,0.0,0.10422705113887787,0.05,1.0,1.0,64.0,1.0,0.0,0.0,0.0,0.0,1.0,1.0,0.6666666666666667
S10,MIDynamicEMATent,,,,,,,,,,1,64,64,1.0,0,0.0,0,0.0,1.0,1,0.0708380714058876,0.0708380714058876,0.6197370886802673,0.5488989949226379,0.9674756350283554,0.011272943549878312,0.02125142142176628,0.011517711286236354,5.931291580200195,0.014167614281177517,1.0,0.672788143157959,0.05,1.0,1.0,59.0,0.921875,5.0,0.078125,0.0,0.0,0.921875,2.0,0.6666666666666667
S10,MIDynamicEMATent,,,,,,,,,,2,64,64,1.0,0,0.0,0,0.0,1.0,1,0.12466155737638474,0.12466155737638474,0.8520060777664185,0.7273445129394531,0.9368023311221847,0.02579920166489989,0.03739846721291542,0.026801538109129885,13.909631252288818,0.02493231147527694,1.0,0.8999199867248535,0.05,1.0,1.0,36.0,0.5625,28.0,0.4375,0.0,0.0,0.5625,2.0,0.6666666666666667
S10,MIDynamicEMATent,,,,,,,,,,3,64,44,0.6875,0,0.0,20,0.3125,0.6875,2,0.4421616792678833,0.4421616792678833,0.9918725490570068,0.5497108697891235,0.7987171298080339,0.06863436641160116,0.132648503780365,0.07913097136598612,42.20797872543335,0.08843233585357664,1.0,0.6531771421432495,0.05,1.0,1.0,12.0,0.1875,32.0,0.5,20.0,0.3125,0.5,3.0,0.3541666666666667
S10,MIDynamicEMATent,,,,,,,,,,4,64,0,0.0,9,0.140625,55,0.859375,0.859375,2,0.02902637980878353,0.02902637980878353,0.1866920292377472,0.1576656550168991,0.9095440897417916,0.08174799631557343,0.00870791394263506,0.08246610405285004,44.065667033195496,0.005805275961756705,0.0,0.12152361869812012,0.05,1.0,1.0,0.0,0.0,0.0,0.0,64.0,1.0,1.0,1.0,0.5260416666666667
S10,MIDynamicEMATent,,,,,,,,,,5,64,0,0.0,64,1.0,0,0.0,1.0,1,0.05842367187142372,0.05842367187142372,0.4808410704135895,0.42241740226745605,0.8948928980835,0.08758000035507287,0.017527101561427116,0.08914240840053933,47.804782032966614,0.011684734374284743,1.0,0.44870448112487793,0.05,1.0,1.0,0.0,0.0,2.0,0.03125,62.0,0.96875,0.96875,2.0,0.6666666666666667
S10,MIDynamicEMATent,,,,,,,,,,6,64,0,0.0,64,1.0,0,0.0,1.0,1,0.047311048954725266,0.047311048954725266,0.4309886693954468,0.3836776316165924,0.8926349260130622,0.09317175930052024,0.01419331468641758,0.09451321510452382,50.83268916606903,0.009462209790945052,0.0,0.47347021102905273,0.05,1.0,1.0,0.0,0.0,2.0,0.03125,62.0,0.96875,0.96875,2.0,0.6666666666666667
S10,MIDynamicEMATent,,,,,,,,,,7,8,0,0.0,8,1.0,0,0.0,1.0,1,0.026435742154717445,0.026435742154717445,0.4397442936897278,0.4133085608482361,0.897934644220985,0.09413463313259972,0.007930722646415233,0.0948871568563342,51.04417510330677,0.005287148430943488,0.0,0.4457054138183594,0.05,1.0,1.0,0.0,0.0,0.0,0.0,8.0,1.0,1.0,1.0,0.6666666666666667
S10,MIDynamicRelaxed,,,,,,,,,,0,64,64,1.0,0,0.0,0,0.0,1.0,1,0.09154055267572403,0.30255669332494367,0.3260748088359833,0.23453424870967865,0.755576286661257,0.12340103600876551,0.12102267732997747,0.14039160377188886,19.363628372796395,0.06051133866498872,1.0,0.19907045364379883,0.0,1.0,1.0,64.0,1.0,0.0,0.0,0.0,0.0,1.0,1.0,0.6666666666666667
S10,MIDynamicRelaxed,,,,,,,,,,1,64,64,1.0,0,0.0,0,0.0,1.0,1,0.10960404574871063,0.33106501740399974,0.9370865225791931,0.8274824619293213,0.6320003496484536,0.2355736433899464,0.1324260069615999,0.27153147198998573,40.55178948665238,0.06621300348079993,1.0,0.8912662267684937,0.0,1.0,1.0,47.0,0.734375,16.0,0.25,1.0,0.015625,0.734375,3.0,0.6666666666666667
S10,MIDynamicRelaxed,,,,,,,,,,2,64,64,1.0,0,0.0,0,0.0,1.0,1,0.0810508280992508,0.28469427127929847,0.9670636057853699,0.8860127925872803,0.5598657241009795,0.3262565673873011,0.1138777085117194,0.36818458413831245,58.772222848527484,0.056938854255859685,1.0,0.9763273000717163,0.0,1.0,1.0,19.0,0.296875,45.0,0.703125,0.0,0.0,0.703125,2.0,0.6666666666666667
S10,MIDynamicRelaxed,,,,,,,,,,3,64,44,0.6875,0,0.0,20,0.3125,0.6875,2,0.3082486391067505,0.555201440115883,0.940633237361908,0.6323845982551575,0.37236115853348056,0.4055582654201662,0.22208057604635323,0.5213371114439892,94.305115015944,0.11104028802317657,1.0,0.6495732665061951,0.0,1.0,1.0,4.0,0.0625,40.0,0.625,20.0,0.3125,0.625,3.0,0.3541666666666667
S10,MIDynamicRelaxed,,,,,,,,,,4,64,0,0.0,9,0.140625,55,0.859375,0.859375,2,0.08275428414344788,0.28767044363898053,0.44529736042022705,0.3625430762767792,0.3668366569271736,0.5180951656172342,0.11506817745559222,0.5854633683842182,112.71602340883875,0.05753408872779609,1.0,0.23344025015830994,0.0,1.0,1.0,0.0,0.0,0.0,0.0,64.0,1.0,1.0,1.0,0.5260416666666667
S10,MIDynamicRelaxed,,,,,,,,,,5,64,0,0.0,64,1.0,0,0.0,1.0,1,0.06419038027524948,0.2533582054626404,0.639454185962677,0.5752638578414917,0.32820160764347195,0.5704551101714719,0.10134328218505616,0.6347864527831227,128.93094855844774,0.050671641092528065,1.0,0.6149998903274536,0.0,1.0,1.0,0.0,0.0,11.0,0.171875,53.0,0.828125,0.828125,2.0,0.6666666666666667
S10,MIDynamicRelaxed,,,,,,,,,,6,64,0,0.0,64,1.0,0,0.0,1.0,1,0.04295039921998978,0.20724478092340415,0.6152228116989136,0.5722724199295044,0.3019686994586807,0.6151333881719576,0.08289791236936167,0.6707360025329064,142.1946145375456,0.04144895618468082,1.0,0.6683880686759949,0.0,1.0,1.0,0.0,0.0,19.0,0.296875,45.0,0.703125,0.703125,2.0,0.6666666666666667
S10,MIDynamicRelaxed,,,,,,,,,,7,8,0,0.0,8,1.0,0,0.0,1.0,1,0.028921546414494514,0.17006336000001446,0.6211938858032227,0.5922723412513733,0.30362131030640843,0.6283533456935857,0.06802534400000579,0.6742172028480458,143.5551214175457,0.03401267200000289,1.0,0.6776273250579834,0.0,1.0,1.0,0.0,0.0,2.0,0.25,6.0,0.75,0.75,2.0,0.6666666666666667
S10,MIDynamicRelaxedAnchor,,,,,,,,,,0,64,64,1.0,0,0.0,0,0.0,1.0,1,0.09154055267572403,0.37230102399244935,0.3260748088359833,0.23453424870967865,0.7065225630151958,0.1445570273878245,0.14892040959697975,0.16985136175028115,23.82726553551676,0.07446020479848986,1.0,0.2262086123228073,0.0,1.0,1.0,64.0,1.0,0.0,0.0,0.0,0.0,1.0,1.0,0.6666666666666667
S10,MIDynamicRelaxedAnchor,,,,,,,,,,1,64,64,1.0,0,0.0,0,0.0,1.0,1,0.10960659384727478,0.3979619791454819,0.9370870590209961,0.8274804353713989,0.5720580119741417,0.26875719636766543,0.15918479165819277,0.3196388382385331,49.2968322008276,0.07959239582909637,1.0,0.9186789393424988,0.0,1.0,1.0,43.0,0.671875,20.0,0.3125,1.0,0.015625,0.671875,3.0,0.6666666666666667
S10,MIDynamicRelaxedAnchor,,,,,,,,,,2,64,64,1.0,0,0.0,0,0.0,1.0,1,0.08105722814798355,0.3562349601437452,0.9670590758323669,0.8860018253326416,0.4882263904092611,0.3692796255332408,0.1424939840574981,0.43064377236742557,72.0958696500273,0.07124699202874903,1.0,0.9774575233459473,0.0,1.0,1.0,15.0,0.234375,49.0,0.765625,0.0,0.0,0.765625,2.0,0.6666666666666667
S10,MIDynamicRelaxedAnchor,,,,,,,,,,3,64,44,0.6875,0,0.0,20,0.3125,0.6875,2,0.30824553966522217,0.5996787839490786,0.9405698776245117,0.6323242783546448,0.32066568685757396,0.4394627995627946,0.23987151357963143,0.5781427842973399,110.47531182276833,0.11993575678981569,1.0,0.6425238251686096,0.0,1.0,1.0,2.0,0.03125,42.0,0.65625,20.0,0.3125,0.65625,3.0,0.3541666666666667
S10,MIDynamicRelaxedAnchor,,,,,,,,,,4,64,0,0.0,9,0.140625,55,0.859375,0.859375,2,0.0827673077583313,0.3589237711842008,0.44528114795684814,0.36251384019851685,0.30193836319949585,0.5544921283268238,0.14356950847368033,0.647445570671608,133.44643317855719,0.07178475423684015,1.0,0.26292526721954346,0.0,1.0,1.0,0.0,0.0,0.0,0.0,64.0,1.0,1.0,1.0,0.5260416666666667
S10,MIDynamicRelaxedAnchor,,,,,,,,,,5,64,0,0.0,64,1.0,0,0.0,1.0,1,0.06420084834098816,0.3280409769234477,0.639455258846283,0.5752543807029724,0.2599588463831373,0.6088247628474835,0.13121639076937908,0.7007783714826846,154.44105570165783,0.06560819538468952,1.0,0.6433740854263306,0.0,1.0,1.0,0.0,0.0,25.0,0.390625,39.0,0.609375,0.609375,2.0,0.6666666666666667
S10,MIDynamicRelaxedAnchor,,,,,,,,,,6,64,0,0.0,64,1.0,0,0.0,1.0,1,0.042958810925483704,0.286538566654839,0.615249752998352,0.5722909569740295,0.22956404775881806,0.6558205255792464,0.11461542666193561,0.7407182656308107,172.7795239675675,0.05730771333096779,1.0,0.6956978440284729,0.0,1.0,1.0,0.0,0.0,28.0,0.4375,36.0,0.5625,0.5625,2.0,0.6666666666666667
S10,MIDynamicRelaxedAnchor,,,,,,,,,,7,8,0,0.0,8,1.0,0,0.0,1.0,1,0.028939396142959595,0.2531042483923855,0.6212654113769531,0.5923259854316711,0.22937428421963793,0.6693840164234078,0.1012416993569542,0.7447875763088645,174.8043579547066,0.05062084967847709,1.0,0.727427065372467,0.0,1.0,1.0,0.0,0.0,2.0,0.25,6.0,0.75,0.75,2.0,0.6666666666666667
S10,MIDynamicFastEMA,,,,,,,,,,0,64,64,1.0,0,0.0,0,0.0,1.0,1,0.09154055267572403,0.30255669332494367,0.3260748088359833,0.23453424870967865,0.6271430012896271,0.2215786520479011,0.15127834666247184,0.2610734051341347,19.363628372796395,0.06051133866498872,1.0,0.22852709889411926,0.0,1.0,1.0,64.0,1.0,0.0,0.0,0.0,0.0,1.0,1.0,0.6666666666666667
S10,MIDynamicFastEMA,,,,,,,,,,1,64,64,1.0,0,0.0,0,0.0,1.0,1,0.10960578173398972,0.33106763921288007,0.9370875954627991,0.8274818062782288,0.4428219997884015,0.39164418060515854,0.16553381960644004,0.4693349950029695,40.551957282420716,0.066213527842576,1.0,0.9264066219329834,0.0,1.0,1.0,43.0,0.671875,20.0,0.3125,1.0,0.015625,0.671875,3.0,0.6666666666666667
S10,MIDynamicFastEMA,,,,,,,,,,2,64,64,1.0,0,0.0,0,0.0,1.0,1,0.08105885982513428,0.2847083768088573,0.9670575261116028,0.8859986662864685,0.34235852200132705,0.5152872895942444,0.14235418840442865,0.6008159576219461,58.77329339818758,0.05694167536177145,1.0,0.9751865863800049,0.0,1.0,1.0,13.0,0.203125,50.0,0.78125,1.0,0.015625,0.78125,3.0,0.6666666666666667
S10,MIDynamicFastEMA,,,,,,,,,,3,64,44,0.6875,0,0.0,20,0.3125,0.6875,2,0.30824553966522217,0.5551986488323095,0.9405521750450134,0.6323066353797913,0.1655128075971664,0.5568878679866788,0.27759932441615476,0.7708850321002279,94.30600692345539,0.11103972976646188,1.0,0.643962025642395,0.0,1.0,1.0,1.0,0.015625,43.0,0.671875,20.0,0.3125,0.671875,3.0,0.3541666666666667
S10,MIDynamicFastEMA,,,,,,,,,,4,64,0,0.0,9,0.140625,55,0.859375,0.859375,2,0.08276977390050888,0.28769736512611455,0.44526681303977966,0.3624970614910126,0.1471155614013619,0.7090357560355809,0.14384868256305727,0.8281664018905195,112.71863829152672,0.057539473025222894,1.0,0.26730072498321533,0.0,1.0,1.0,0.0,0.0,0.0,0.0,64.0,1.0,1.0,1.0,0.5260416666666667
S10,MIDynamicFastEMA,,,,,,,,,,5,64,0,0.0,64,1.0,0,0.0,1.0,1,0.06420464813709259,0.2533863613872945,0.6394490003585815,0.5752443671226501,0.11647444158035807,0.7568323777259948,0.12669318069364724,0.8666282696923505,128.93536542031356,0.050677272277458885,1.0,0.6444247364997864,0.0,1.0,1.0,0.0,0.0,25.0,0.390625,39.0,0.609375,0.609375,2.0,0.6666666666666667
S10,MIDynamicFastEMA,,,,,,,,,,6,64,0,0.0,64,1.0,0,0.0,1.0,1,0.04296249896287918,0.20727397077992976,0.615259051322937,0.5722965598106384,0.0971694562221173,0.7991935583879178,0.10363698538996488,0.8915958661409171,142.20089955022905,0.04145479415598594,1.0,0.6918211579322815,0.0,1.0,1.0,0.0,0.0,29.0,0.453125,35.0,0.546875,0.546875,2.0,0.6666666666666667
S10,MIDynamicFastEMA,,,,,,,,,,7,8,0,0.0,8,1.0,0,0.0,1.0,1,0.028943954035639763,0.17012922745854037,0.6212878823280334,0.5923439264297485,0.09709581143740303,0.8178395748333268,0.08506461372927018,0.8938768650831564,143.5619333698974,0.03402584549170807,1.0,0.7232755422592163,0.0,1.0,1.0,0.0,0.0,2.0,0.25,6.0,0.75,0.75,2.0,0.6666666666666667
S11,EMATent,0.14645294845104218,0.14645294845104218,0.9686616659164429,0.0,0.45606411546468734,0.5,0.04393588453531265,0.0,0.0,0,64,64,1.0,0,0.0,0,0.0,1.0,1,,,,,,,,,,,,,,,,,,,,,,,,
S11,EMATent,0.20222258567810059,0.20222258567810059,0.9529796838760376,1.0,0.43933322429656985,0.5,0.060666775703430174,0.0,0.0,1,64,64,1.0,0,0.0,0,0.0,1.0,1,,,,,,,,,,,,,,,,,,,,,,,,
S11,EMATent,0.9186703562736511,0.9186703562736511,0.609183669090271,1.0,0.22439889311790467,0.5,0.2756011068820953,0.0,0.0,2,64,64,1.0,0,0.0,0,0.0,1.0,1,,,,,,,,,,,,,,,,,,,,,,,,
S11,EMATent,0.8507895469665527,0.8507895469665527,0.6367895603179932,1.0,0.24476313591003418,0.5,0.2552368640899658,0.0,0.0,3,64,44,0.6875,20,0.3125,0,0.0,0.6875,2,,,,,,,,,,,,,,,,,,,,,,,,
S11,EMATent,0.6819781064987183,0.6819781064987183,0.7419804334640503,1.0,0.2954065680503845,0.5,0.20459343194961546,0.0,0.0,4,64,0,0.0,64,1.0,0,0.0,1.0,1,,,,,,,,,,,,,,,,,,,,,,,,
S11,EMATent,0.47257664799690247,0.47257664799690247,0.8389599919319153,1.0,0.35822700560092924,0.5,0.14177299439907073,0.0,0.0,5,64,0,0.0,52,0.8125,12,0.1875,0.8125,2,,,,,,,,,,,,,,,,,,,,,,,,
S11,EMATent,0.36233755946159363,0.36233755946159363,0.8967939615249634,1.0,0.3912987321615219,0.5,0.10870126783847808,0.0,0.0,6,62,0,0.0,0,0.0,62,1.0,1.0,1,,,,,,,,,,,,,,,,,,,,,,,,
S11,MIDynamicEMATent,,,,,,,,,,0,64,64,1.0,0,0.0,0,0.0,1.0,1,0.016283195465803146,0.016283195465803146,0.14645294845104218,0.13016976416110992,0.993091644677863,0.002023396682395996,0.004884958639740943,0.002033329412476914,1.0421245098114014,0.0032566390931606285,0.0,0.14188890159130096,0.05,1.0,1.0,64.0,1.0,0.0,0.0,0.0,0.0,1.0,1.0,0.6666666666666667
S11,MIDynamicEMATent,,,,,,,,,,1,64,64,1.0,0,0.0,0,0.0,1.0,1,0.01744742877781391,0.01744742877781391,0.16596712172031403,0.14851969480514526,0.990580342332496,0.0041854290341597385,0.005234228633344174,0.004207451798838635,2.1587599515914917,0.0034894857555627817,0.0,0.15484647452831268,0.05,1.0,1.0,64.0,1.0,0.0,0.0,0.0,0.0,1.0,1.0,0.6666666666666667
S11,MIDynamicEMATent,,,,,,,,,,2,64,64,1.0,0,0.0,0,0.0,1.0,1,0.03969290480017662,0.03969290480017662,0.43194079399108887,0.39224788546562195,0.9790649659227019,0.009027162637245088,0.011907871440052986,0.009135952383712787,4.699105858802795,0.007938580960035323,0.0,0.43918323516845703,0.05,1.0,1.0,64.0,1.0,0.0,0.0,0.0,0.0,1.0,1.0,0.6666666666666667
S11,MIDynamicEMATent,,,,,,,,,,3,64,44,0.6875,20,0.3125,0,0.0,0.6875,2,0.04567164182662964,0.04567164182662964,0.7801593542098999,0.7344877123832703,0.971724335049065,0.014574172402946077,0.013701492547988891,0.014776634348354412,7.622090935707092,0.009134328365325926,0.0,0.838434100151062,0.05,1.0,1.0,60.0,0.9375,0.0,0.0,4.0,0.0625,0.9375,2.0,0.3541666666666667
S11,MIDynamicEMATent,,,,,,,,,,4,64,0,0.0,64,1.0,0,0.0,1.0,1,0.03797580674290657,0.03797580674290657,0.8644134402275085,0.8264376521110535,0.969386377025583,0.01922088095154508,0.01139274202287197,0.01944238300543588,10.052542567253113,0.007595161348581313,0.0,0.9138935208320618,0.05,1.0,1.0,56.0,0.875,0.0,0.0,8.0,0.125,0.875,2.0,0.6666666666666667
S11,MIDynamicEMATent,,,,,,,,,,5,64,0,0.0,52,0.8125,12,0.1875,0.8125,2,0.06522506475448608,0.06522506475448608,0.7841250896453857,0.7189000248908997,0.9535642210444227,0.02686825952923141,0.019567519426345825,0.027404497567757757,14.226946711540222,0.013045012950897213,1.0,0.8034230470657349,0.05,1.0,1.0,8.0,0.125,0.0,0.0,56.0,0.875,0.875,2.0,0.4791666666666667
S11,MIDynamicEMATent,,,,,,,,,,6,62,0,0.0,0,0.0,62,1.0,1.0,1,0.028472211211919785,0.028472211211919785,0.5712972283363342,0.5428250432014465,0.9609689654348285,0.030489371201595575,0.008541663363575935,0.030752044816156787,15.992223806679249,0.005694442242383956,0.0,0.6119650602340698,0.05,1.0,1.0,0.0,0.0,0.0,0.0,62.0,1.0,1.0,1.0,0.6666666666666667
S11,MIDynamicRelaxed,,,,,,,,,,0,64,64,1.0,0,0.0,0,0.0,1.0,1,0.025206688791513443,0.15876614497906485,0.300086110830307,0.27487942576408386,0.8650259906639535,0.07146755134442068,0.06350645799162595,0.07631398203895101,10.16103327866015,0.03175322899581296,1.0,0.17825402319431305,0.0,1.0,1.0,64.0,1.0,0.0,0.0,0.0,0.0,1.0,1.0,0.6666666666666667
S11,MIDynamicRelaxed,,,,,,,,,,1,64,64,1.0,0,0.0,0,0.0,1.0,1,0.027275709435343742,0.16515359346784964,0.34079036116600037,0.3135146498680115,0.7942917110586343,0.13964685155422585,0.06606143738713986,0.1495246659090067,20.730863260602526,0.03303071869356992,1.0,0.2039523720741272,0.0,1.0,1.0,64.0,1.0,0.0,0.0,0.0,0.0,1.0,1.0,0.6666666666666667
S11,MIDynamicRelaxed,,,,,,,,,,2,64,64,1.0,0,0.0,0,0.0,1.0,1,0.07259532064199448,0.26943518820301565,0.662804126739502,0.5902088284492493,0.6631769954480539,0.2290489292707398,0.10777407528120626,0.25671629003935303,37.974715305595524,0.05388703764060312,1.0,0.585257887840271,0.0,1.0,1.0,64.0,1.0,0.0,0.0,0.0,0.0,1.0,1.0,0.6666666666666667
S11,MIDynamicRelaxed,,,,,,,,,,3,64,44,0.6875,20,0.3125,0,0.0,0.6875,2,0.0631648600101471,0.2513262023947107,0.8856256604194641,0.8224607706069946,0.5896119459253293,0.3098575731167864,0.10053048095788429,0.3444892423333781,54.05959225885701,0.05026524047894213,1.0,0.9509043097496033,0.0,1.0,1.0,47.0,0.734375,1.0,0.015625,16.0,0.25,0.734375,3.0,0.3541666666666667
S11,MIDynamicRelaxed,,,,,,,,,,4,64,0,0.0,64,1.0,0,0.0,1.0,1,0.029703408479690552,0.17234676811501443,0.9376484751701355,0.9079450368881226,0.5599296562089552,0.37113163654503895,0.06893870724600577,0.39861139049961525,65.08978541821793,0.03446935362300288,1.0,0.9827890396118164,0.0,1.0,1.0,29.0,0.453125,0.0,0.0,35.0,0.546875,0.546875,2.0,0.6666666666666667
S11,MIDynamicRelaxed,,,,,,,,,,5,64,0,0.0,52,0.8125,12,0.1875,0.8125,2,0.0844031572341919,0.2905222146999983,0.8588655591011047,0.7744623422622681,0.4596409689918616,0.4241501451281391,0.11620888587999932,0.47992126007113056,83.68320715901783,0.05810444293999965,1.0,0.7549530267715454,0.0,1.0,1.0,3.0,0.046875,0.0,0.0,61.0,0.953125,0.953125,2.0,0.4791666666666667
S11,MIDynamicRelaxed,,,,,,,,,,6,62,0,0.0,0,0.0,62,1.0,1.0,1,0.03209700807929039,0.1791563788406385,0.7018374800682068,0.6697404980659485,0.44267743608084115,0.4856600123829034,0.0716625515362554,0.5231502975416923,94.79090264713741,0.035831275768127696,1.0,0.5666168332099915,0.0,1.0,1.0,0.0,0.0,0.0,0.0,62.0,1.0,1.0,1.0,0.6666666666666667
S11,MIDynamicRelaxedAnchor,,,,,,,,,,0,64,64,1.0,0,0.0,0,0.0,1.0,1,0.025206688791513443,0.24288953048115838,0.300086110830307,0.27487942576408386,0.7995948995025761,0.10324928830496051,0.09715581219246336,0.11436002989141536,15.544929950794137,0.048577906096231666,1.0,0.20241041481494904,0.0,1.0,1.0,64.0,1.0,0.0,0.0,0.0,0.0,1.0,1.0,0.6666666666666667
S11,MIDynamicRelaxedAnchor,,,,,,,,,,1,64,64,1.0,0,0.0,0,0.0,1.0,1,0.027275709435343742,0.24863823412106467,0.340790331363678,0.3135146200656891,0.7043222037413186,0.19622250261025553,0.09945529364842587,0.21789312759965296,31.457776934542274,0.04972764682421292,1.0,0.23957687616348267,0.0,1.0,1.0,64.0,1.0,0.0,0.0,0.0,0.0,1.0,1.0,0.6666666666666667
S11,MIDynamicRelaxedAnchor,,,,,,,,,,2,64,64,1.0,0,0.0,0,0.0,1.0,1,0.07259456068277359,0.3424904001255444,0.6628003716468811,0.5902057886123657,0.5687324190607745,0.2942714208890077,0.13699616005021775,0.3409850654965002,53.37716254257711,0.06849808002510886,1.0,0.6579870581626892,0.0,1.0,1.0,62.0,0.96875,0.0,0.0,2.0,0.03125,0.96875,2.0,0.6666666666666667
S11,MIDynamicRelaxedAnchor,,,,,,,,,,3,64,44,0.6875,20,0.3125,0,0.0,0.6875,2,0.06316079199314117,0.32618629824647727,0.8855857849121094,0.8224249482154846,0.48679612789572757,0.38272935280568154,0.1304745192985909,0.4401588697515225,74.25308563035165,0.06523725964929544,1.0,0.9872784614562988,0.0,1.0,1.0,38.0,0.59375,3.0,0.046875,23.0,0.359375,0.59375,3.0,0.3541666666666667
S11,MIDynamicRelaxedAnchor,,,,,,,,,,4,64,0,0.0,64,1.0,0,0.0,1.0,1,0.02970438450574875,0.25511463970127546,0.9376429319381714,0.907938539981842,0.44250840172004746,0.45544574239944235,0.10204585588051018,0.5072037869439764,90.58042257123327,0.05102292794025508,1.0,0.9655610918998718,0.0,1.0,1.0,9.0,0.140625,0.0,0.0,55.0,0.859375,0.859375,2.0,0.6666666666666667
S11,MIDynamicRelaxedAnchor,,,,,,,,,,5,64,0,0.0,52,0.8125,12,0.1875,0.8125,2,0.08433035016059875,0.3613571954817487,0.8586488366127014,0.774318516254425,0.35188267922113586,0.5035744425861646,0.14454287819269948,0.5886612312283717,113.70728308206519,0.07227143909634973,1.0,0.7181208729743958,0.0,1.0,1.0,0.0,0.0,0.0,0.0,64.0,1.0,1.0,1.0,0.4791666666666667
S11,MIDynamicRelaxedAnchor,,,,,,,,,,6,62,0,0.0,0,0.0,62,1.0,1.0,1,0.032084204256534576,0.26120857746346193,0.7015279531478882,0.6694437265396118,0.3245824769389089,0.5709340920757063,0.10448343098538478,0.6375472122240414,129.90221488479983,0.052241715492692374,1.0,0.5414341688156128,0.0,1.0,1.0,0.0,0.0,0.0,0.0,62.0,1.0,1.0,1.0,0.6666666666666667
S11,MIDynamicFastEMA,,,,,,,,,,0,64,64,1.0,0,0.0,0,0.0,1.0,1,0.025206688791513443,0.15876614497906485,0.300086110830307,0.27487942576408386,0.7854665509923136,0.135150376518154,0.07938307248953243,0.1468041402232606,10.16103327866015,0.03175322899581296,1.0,0.18933583796024323,0.0,1.0,1.0,64.0,1.0,0.0,0.0,0.0,0.0,1.0,1.0,0.6666666666666667
S11,MIDynamicFastEMA,,,,,,,,,,1,64,64,1.0,0,0.0,0,0.0,1.0,1,0.02727573737502098,0.16515367805477715,0.34079036116600037,0.3135146200656891,0.6635797252146911,0.25384343575792034,0.08257683902738858,0.27669176728523703,20.73086867416589,0.033030735610955424,1.0,0.22214007377624512,0.0,1.0,1.0,64.0,1.0,0.0,0.0,0.0,0.0,1.0,1.0,0.6666666666666667
S11,MIDynamicFastEMA,,,,,,,,,,2,64,64,1.0,0,0.0,0,0.0,1.0,1,0.07259499281644821,0.26943457984536473,0.6628028154373169,0.5902078151702881,0.4780435719833073,0.3872391380940103,0.13471728992268237,0.44752903713909686,37.97468178426924,0.053886915969072934,1.0,0.6458349227905273,0.0,1.0,1.0,63.0,0.984375,0.0,0.0,1.0,0.015625,0.984375,2.0,0.6666666666666667
S11,MIDynamicFastEMA,,,,,,,,,,3,64,44,0.6875,20,0.3125,0,0.0,0.6875,2,0.06316355615854263,0.2513236084384884,0.8856163620948792,0.8224527835845947,0.3756993570296914,0.49863883875106435,0.1256618042192442,0.570304306911579,54.0593927243325,0.05026472168769767,1.0,0.9825843572616577,0.0,1.0,1.0,39.0,0.609375,3.0,0.046875,22.0,0.34375,0.609375,3.0,0.3541666666666667
S11,MIDynamicFastEMA,,,,,,,,,,4,64,0,0.0,64,1.0,0,0.0,1.0,1,0.029703570529818535,0.1723472382425043,0.9376587867736816,0.9079552292823792,0.3305028718206831,0.5833235090580647,0.08617361912125215,0.6383307828092388,65.08961597185277,0.03446944764850085,1.0,0.9707891941070557,0.0,1.0,1.0,10.0,0.15625,0.0,0.0,54.0,0.84375,0.84375,2.0,0.6666666666666667
S11,MIDynamicFastEMA,,,,,,,,,,5,64,0,0.0,52,0.8125,12,0.1875,0.8125,2,0.08433615416288376,0.29040687692078465,0.8586775064468384,0.774341344833374,0.2312342750794158,0.623562286460192,0.14520343846039233,0.7294861894824066,83.67565609478298,0.05808137538415692,1.0,0.7295745015144348,0.0,1.0,1.0,1.0,0.015625,0.0,0.0,63.0,0.984375,0.984375,2.0,0.4791666666666667
S11,MIDynamicFastEMA,,,,,,,,,,6,62,0,0.0,0,0.0,62,1.0,1.0,1,0.032085832208395004,0.17912518585725182,0.7015767693519592,0.6694909334182739,0.20705107477182075,0.7033863322995534,0.08956259292862591,0.7725806594021143,94.78141761793259,0.03582503717145036,1.0,0.5407032370567322,0.0,1.0,1.0,0.0,0.0,0.0,0.0,62.0,1.0,1.0,1.0,0.6666666666666667
S13,EMATent,0.11999023705720901,0.11999023705720901,0.9754358530044556,0.0,0.4640029288828373,0.5,0.0359970711171627,0.0,0.0,0,64,64,1.0,0,0.0,0,0.0,1.0,1,,,,,,,,,,,,,,,,,,,,,,,,
S13,EMATent,0.0451284684240818,0.0451284684240818,0.9924033284187317,0.0,0.48646145947277547,0.5,0.01353854052722454,0.0,0.0,1,64,64,1.0,0,0.0,0,0.0,1.0,1,,,,,,,,,,,,,,,,,,,,,,,,
S13,EMATent,0.23266924917697906,0.23266924917697906,0.9746440649032593,1.0,0.4301992252469063,0.5,0.06980077475309372,0.0,0.0,2,64,64,1.0,0,0.0,0,0.0,1.0,1,,,,,,,,,,,,,,,,,,,,,,,,
S13,EMATent,0.9562434554100037,0.9562434554100037,0.8147724866867065,1.0,0.2131269633769989,0.5,0.28687303662300107,0.0,0.0,3,64,44,0.6875,0,0.0,20,0.3125,0.6875,2,,,,,,,,,,,,,,,,,,,,,,,,
S13,EMATent,0.4027569890022278,0.4027569890022278,0.9645830392837524,1.0,0.3791729032993317,0.5,0.12082709670066832,0.0,0.0,4,64,0,0.0,8,0.125,56,0.875,0.875,2,,,,,,,,,,,,,,,,,,,,,,,,
S13,EMATent,0.5711360573768616,0.5711360573768616,0.9263198375701904,1.0,0.3286591827869415,0.5,0.17134081721305847,0.0,0.0,5,64,0,0.0,64,1.0,0,0.0,1.0,1,,,,,,,,,,,,,,,,,,,,,,,,
S13,EMATent,0.5922224521636963,0.5922224521636963,0.806748628616333,1.0,0.3223332643508911,0.5,0.17766673564910887,0.0,0.0,6,61,0,0.0,61,1.0,0,0.0,1.0,1,,,,,,,,,,,,,,,,,,,,,,,,
S13,MIDynamicEMATent,,,,,,,,,,0,64,64,1.0,0,0.0,0,0.0,1.0,1,0.031070267781615257,0.031070267781615257,0.11999023705720901,0.08891996741294861,0.9868387991757679,0.003840120489747525,0.009321080334484576,0.00387625133988323,1.9884971380233765,0.00621405355632305,0.0,0.09531299024820328,0.05,1.0,1.0,64.0,1.0,0.0,0.0,0.0,0.0,1.0,1.0,0.6666666666666667
S13,MIDynamicEMATent,,,,,,,,,,1,64,64,1.0,0,0.0,0,0.0,1.0,1,0.003628504229709506,0.003628504229709506,0.030780071392655373,0.027151567861437798,0.9945882061318988,0.004323242599188343,0.0010885512689128517,0.004327953798787809,2.220721408724785,0.0007257008459419011,0.0,0.02660481445491314,0.05,1.0,1.0,64.0,1.0,0.0,0.0,0.0,0.0,1.0,1.0,0.6666666666666667
S13,MIDynamicEMATent,,,,,,,,,,2,64,64,1.0,0,0.0,0,0.0,1.0,1,0.034362390637397766,0.034362390637397766,0.08426772803068161,0.049905337393283844,0.9811844002564879,0.008506882552292785,0.010308717191219329,0.008595491038528635,4.419914409518242,0.006872478127479552,0.0,0.0652071014046669,0.05,1.0,1.0,64.0,1.0,0.0,0.0,0.0,0.0,1.0,1.0,0.6666666666666667
S13,MIDynamicEMATent,,,,,,,,,,3,64,44,0.6875,0,0.0,20,0.3125,0.6875,2,0.6002416014671326,0.6002416014671326,0.9156975150108337,0.31545591354370117,0.7541212017048127,0.06580631785504752,0.18007248044013976,0.0802587012695617,42.835376903414726,0.12004832029342649,1.0,0.3594871163368225,0.05,1.0,1.0,27.0,0.421875,26.0,0.40625,11.0,0.171875,0.421875,3.0,0.3541666666666667
S13,MIDynamicEMATent,,,,,,,,,,4,64,0,0.0,8,0.125,56,0.875,0.875,2,0.24335512518882751,0.24335512518882751,0.4698944091796875,0.2265392690896988,0.8270492757602846,0.09994418668306716,0.07300653755664825,0.10781541697137342,58.41010491549969,0.04867102503776549,1.0,0.2553998529911041,0.05,1.0,1.0,0.0,0.0,56.0,0.875,8.0,0.125,0.875,2.0,0.5416666666666667
S13,MIDynamicEMATent,,,,,,,,,,5,64,0,0.0,64,1.0,0,0.0,1.0,1,0.2326926589012146,0.2326926589012146,0.6688118577003479,0.4361191987991333,0.8061117781344874,0.12408042419514824,0.06980779767036438,0.13339224289818052,73.30243508517742,0.04653853178024291,1.0,0.5089185833930969,0.05,1.0,1.0,0.0,0.0,26.0,0.40625,38.0,0.59375,0.59375,2.0,0.6666666666666667
S13,MIDynamicEMATent,,,,,,,,,,6,61,0,0.0,61,1.0,0,0.0,1.0,1,0.08997843414545059,0.08997843414545059,0.4840669631958008,0.3940885365009308,0.8342238954021287,0.13878257435423613,0.026993530243635176,0.1426327354112933,78.79111956804991,0.017995686829090113,1.0,0.4501515328884125,0.05,1.0,1.0,0.0,0.0,4.0,0.06557377049180328,57.0,0.9344262295081968,0.9344262295081968,2.0,0.6666666666666667
S13,MIDynamicRelaxed,,,,,,,,,,0,64,64,1.0,0,0.0,0,0.0,1.0,1,0.19971336424350739,0.4468930120772839,0.4126063883304596,0.2128930240869522,0.6567952267744424,0.164447568394644,0.17875720483091356,0.20024232707062684,28.60115277294617,0.08937860241545675,1.0,0.21408846974372864,0.0,1.0,1.0,59.0,0.921875,0.0,0.0,5.0,0.078125,0.921875,2.0,0.6666666666666667
S13,MIDynamicRelaxed,,,,,,,,,,1,64,64,1.0,0,0.0,0,0.0,1.0,1,0.025686364620923996,0.1602696621975725,0.164417564868927,0.1387311965227127,0.6908473533182664,0.24504478180270456,0.064107864879029,0.2618301539322485,38.85841115359081,0.032053932439514495,1.0,0.04944593459367752,0.0,1.0,1.0,64.0,1.0,0.0,0.0,0.0,0.0,1.0,1.0,0.6666666666666667
S13,MIDynamicRelaxed,,,,,,,,,,2,64,64,1.0,0,0.0,0,0.0,1.0,1,0.17469826340675354,0.4179692134676351,0.2894248962402344,0.11472662538290024,0.498818529025086,0.3339937855878599,0.16718768538705406,0.40104328397579636,65.60844081551946,0.083593842693527,1.0,0.138693168759346,0.0,1.0,1.0,59.0,0.921875,2.0,0.03125,3.0,0.046875,0.921875,3.0,0.6666666666666667
S13,MIDynamicRelaxed,,,,,,,,,,3,64,44,0.6875,0,0.0,20,0.3125,0.6875,2,0.6342599391937256,0.7964043817017368,0.9402870535850525,0.3060271441936493,0.27408478680753284,0.4073534605117724,0.31856175268069475,0.5977848500788606,116.57832124443061,0.15928087634034732,1.0,0.36706027388572693,0.0,1.0,1.0,23.0,0.359375,26.0,0.40625,15.0,0.234375,0.40625,3.0,0.3541666666666667
S13,MIDynamicRelaxed,,,,,,,,,,4,64,0,0.0,8,0.125,56,0.875,0.875,2,0.2441856563091278,0.4941514507811626,0.5559287071228027,0.3117430806159973,0.25206522283349553,0.5502741968540394,0.19766058031246506,0.6858371698455743,148.20401409442502,0.0988302901562325,1.0,0.2649509906768799,0.0,1.0,1.0,0.0,0.0,56.0,0.875,8.0,0.125,0.875,2.0,0.5416666666666667
S13,MIDynamicRelaxed,,,,,,,,,,5,64,0,0.0,64,1.0,0,0.0,1.0,1,0.22803263366222382,0.4775276260722764,0.7889075875282288,0.5608749389648438,0.20017211759872333,0.6088168319723661,0.19101105042891056,0.7525650780460589,178.76578216305072,0.09550552521445525,1.0,0.5068501234054565,0.0,1.0,1.0,1.0,0.015625,35.0,0.546875,28.0,0.4375,0.546875,3.0,0.6666666666666667
S13,MIDynamicRelaxed,,,,,,,,,,6,61,0,0.0,61,1.0,0,0.0,1.0,1,0.10694649815559387,0.32702675449509305,0.5764485001564026,0.46950197219848633,0.1840310650643016,0.6851582331376612,0.13081070179803722,0.7882727439868449,198.7144141872514,0.0654053508990186,1.0,0.5181863903999329,0.0,1.0,1.0,0.0,0.0,15.0,0.2459016393442623,46.0,0.7540983606557377,0.7540983606557377,2.0,0.6666666666666667
S13,MIDynamicRelaxedAnchor,,,,,,,,,,0,64,64,1.0,0,0.0,0,0.0,1.0,1,0.19971336424350739,0.5022037108695555,0.4126063883304596,0.2128930240869522,0.6216687591377614,0.17744975651441636,0.20088148434782221,0.2220568702122936,32.14103749565155,0.10044074217391108,1.0,0.22689586877822876,0.0,1.0,1.0,57.0,0.890625,0.0,0.0,7.0,0.109375,0.890625,2.0,0.6666666666666667
S13,MIDynamicRelaxedAnchor,,,,,,,,,,1,64,64,1.0,0,0.0,0,0.0,1.0,1,0.025689078494906425,0.24425031570459113,0.16443753242492676,0.13874845206737518,0.6212415065436621,0.28105836717450144,0.09770012628183646,0.3114910855703954,47.77305770074538,0.048850063140918214,1.0,0.06769917160272598,0.0,1.0,1.0,64.0,1.0,0.0,0.0,0.0,0.0,1.0,1.0,0.6666666666666667
S13,MIDynamicRelaxedAnchor,,,,,,,,,,2,64,64,1.0,0,0.0,0,0.0,1.0,1,0.17469081282615662,0.47616427048456755,0.28940096497535706,0.11471015214920044,0.43928569417441415,0.3702485976317588,0.19046570819382702,0.4573599925034523,78.24757101175771,0.09523285409691348,1.0,0.15851238369941711,0.0,1.0,1.0,59.0,0.921875,2.0,0.03125,3.0,0.046875,0.921875,3.0,0.6666666666666667
S13,MIDynamicRelaxedAnchor,,,,,,,,,,3,64,44,0.6875,0,0.0,20,0.3125,0.6875,2,0.6342629194259644,0.8167656274787674,0.9402719736099243,0.30600911378860474,0.24286111800939977,0.4304326309990933,0.32670625099150696,0.6392939658699605,130.52057117039882,0.16335312549575343,1.0,0.3714342713356018,0.0,1.0,1.0,23.0,0.359375,26.0,0.40625,15.0,0.234375,0.40625,3.0,0.3541666666666667
S13,MIDynamicRelaxedAnchor,,,,,,,,,,4,64,0,0.0,8,0.125,56,0.875,0.875,2,0.2441861480474472,0.544736753505298,0.5559855103492737,0.31179937720298767,0.21484762273582098,0.5672576758620598,0.21789470140211922,0.7252957841853405,165.3837233947379,0.10894735070105958,1.0,0.2696155905723572,0.0,1.0,1.0,0.0,0.0,56.0,0.875,8.0,0.125,0.875,2.0,0.5416666666666667
S13,MIDynamicRelaxedAnchor,,,,,,,,,,5,64,0,0.0,64,1.0,0,0.0,1.0,1,0.22809132933616638,0.5298301720008669,0.7889772057533264,0.5608858466148376,0.16610313128149498,0.6219647999181582,0.21193206880034676,0.7892273943584521,199.29285440279338,0.10596603440017335,1.0,0.5086578726768494,0.0,1.0,1.0,2.0,0.03125,35.0,0.546875,27.0,0.421875,0.546875,3.0,0.6666666666666667
S13,MIDynamicRelaxedAnchor,,,,,,,,,,6,61,0,0.0,61,1.0,0,0.0,1.0,1,0.10694025456905365,0.3943154875315491,0.5764406323432922,0.4695003628730774,0.14711487525340908,0.6951589297339713,0.15772619501261964,0.8253360434786248,223.34609914221787,0.0788630975063098,1.0,0.5246425271034241,0.0,1.0,1.0,0.0,0.0,16.0,0.26229508196721313,45.0,0.7377049180327869,0.7377049180327869,2.0,0.6666666666666667
S13,MIDynamicFastEMA,,,,,,,,,,0,64,64,1.0,0,0.0,0,0.0,1.0,1,0.19971336424350739,0.4468930120772839,0.4126063883304596,0.2128930240869522,0.49669319384295846,0.27986030011839963,0.22344650603864194,0.3603876645905938,28.60115277294617,0.08937860241545675,1.0,0.240446537733078,0.0,1.0,1.0,57.0,0.890625,0.0,0.0,7.0,0.109375,0.890625,2.0,0.6666666666666667
S13,MIDynamicFastEMA,,,,,,,,,,1,64,64,1.0,0,0.0,0,0.0,1.0,1,0.02569042146205902,0.1602823179956511,0.16444456577301025,0.13875414431095123,0.5012198837415833,0.418638957260591,0.08014115899782555,0.45511217439024587,38.85922112466784,0.03205646359913021,1.0,0.061745621263980865,0.0,1.0,1.0,64.0,1.0,0.0,0.0,0.0,0.0,1.0,1.0,0.6666666666666667
S13,MIDynamicFastEMA,,,,,,,,,,2,64,64,1.0,0,0.0,0,0.0,1.0,1,0.17469745874404907,0.4179682508804336,0.2894275486469269,0.11473008990287781,0.28377295255578033,0.5072429220040028,0.2089841254402168,0.6412550472344112,65.6091891810156,0.0835936501760867,1.0,0.1741034984588623,0.0,1.0,1.0,59.0,0.921875,2.0,0.03125,3.0,0.046875,0.921875,3.0,0.6666666666666667
S13,MIDynamicFastEMA,,,,,,,,,,3,64,44,0.6875,0,0.0,20,0.3125,0.6875,2,0.6342577934265137,0.7964030345412514,0.9402878284454346,0.3060300052165985,0.09735616202743816,0.5044423207019362,0.3982015172706257,0.8382246469185288,116.57898339165568,0.15928060690825024,1.0,0.36364513635635376,0.0,1.0,1.0,23.0,0.359375,25.0,0.390625,16.0,0.25,0.390625,3.0,0.3541666666666667
S13,MIDynamicFastEMA,,,,,,,,,,4,64,0,0.0,8,0.125,56,0.875,0.875,2,0.244179829955101,0.49414555543392374,0.5559449195861816,0.3117651343345642,0.07431229396106707,0.678614928321971,0.24707277771696187,0.901302155425147,148.2042989394268,0.09882911108678473,1.0,0.2853558659553528,0.0,1.0,1.0,0.0,0.0,56.0,0.875,8.0,0.125,0.875,2.0,0.5416666666666667
S13,MIDynamicFastEMA,,,,,,,,,,5,64,0,0.0,64,1.0,0,0.0,1.0,1,0.22805362939834595,0.4775496093583848,0.7889341115951538,0.5608804821968079,0.04660405031860694,0.7146211450022006,0.2387748046791924,0.9387775777718887,178.76747393836342,0.09550992187167694,1.0,0.5171321630477905,0.0,1.0,1.0,4.0,0.0625,34.0,0.53125,26.0,0.40625,0.53125,3.0,0.6666666666666667
S13,MIDynamicFastEMA,,,,,,,,,,6,61,0,0.0,61,1.0,0,0.0,1.0,1,0.10695035010576248,0.3270326437922711,0.5764731764793396,0.4695228040218353,0.03749704909971434,0.7989866290041502,0.16351632189613555,0.9551730056649612,198.71646520969196,0.06540652875845421,1.0,0.5317479968070984,0.0,1.0,1.0,0.0,0.0,18.0,0.29508196721311475,43.0,0.7049180327868853,0.7049180327868853,2.0,0.6666666666666667
S14,EMATent,0.03347034379839897,0.03347034379839897,0.9946631193161011,0.0,0.48995889686048033,0.5,0.010041103139519692,0.0,0.0,0,64,64,1.0,0,0.0,0,0.0,1.0,1,,,,,,,,,,,,,,,,,,,,,,,,
S14,EMATent,0.9197412133216858,0.9197412133216858,0.7422871589660645,1.0,0.22407763600349428,0.5,0.2759223639965057,0.0,0.0,1,64,64,1.0,0,0.0,0,0.0,1.0,1,,,,,,,,,,,,,,,,,,,,,,,,
S14,EMATent,0.9949799180030823,0.9949799180030823,0.559194803237915,1.0,0.20150602459907532,0.5,0.29849397540092465,0.0,0.0,2,64,64,1.0,0,0.0,0,0.0,1.0,1,,,,,,,,,,,,,,,,,,,,,,,,
S14,EMATent,0.9719070196151733,0.9719070196151733,0.6168927550315857,1.0,0.20842789411544801,0.5,0.291572105884552,0.0,0.0,3,64,44,0.6875,20,0.3125,0,0.0,0.6875,2,,,,,,,,,,,,,,,,,,,,,,,,
S14,EMATent,0.5234255790710449,0.5234255790710449,0.8450758457183838,1.0,0.34297232627868657,0.5,0.15702767372131346,0.0,0.0,4,64,0,0.0,64,1.0,0,0.0,1.0,1,,,,,,,,,,,,,,,,,,,,,,,,
S14,EMATent,0.6205260157585144,0.6205260157585144,0.8112057447433472,1.0,0.31384219527244567,0.5,0.1861578047275543,0.0,0.0,5,64,0,0.0,51,0.796875,13,0.203125,0.796875,2,,,,,,,,,,,,,,,,,,,,,,,,
S14,EMATent,0.3209274113178253,0.3209274113178253,0.8929850459098816,1.0,0.4037217766046524,0.5,0.0962782233953476,0.0,0.0,6,61,0,0.0,0,0.0,61,1.0,1.0,1,,,,,,,,,,,,,,,,,,,,,,,,
S14,MIDynamicEMATent,,,,,,,,,,0,64,64,1.0,0,0.0,0,0.0,1.0,1,0.0035747261717915535,0.0035747261717915535,0.03347034379839897,0.029895618557929993,0.9984813202884308,0.0004462618600316611,0.001072417851537466,0.0004467409530046762,0.22878247499465942,0.0007149452343583106,0.0,0.04648382216691971,0.05,1.0,1.0,64.0,1.0,0.0,0.0,0.0,0.0,1.0,1.0,0.6666666666666667
S14,MIDynamicEMATent,,,,,,,,,,1,64,64,1.0,0,0.0,0,0.0,1.0,1,0.12192238867282867,0.12192238867282867,0.548827052116394,0.4269046485424042,0.9484278533067957,0.014995430091355698,0.0365767166018486,0.01556473706807704,8.031815350055695,0.02438447773456573,1.0,0.5068817138671875,0.05,1.0,1.0,60.0,0.9375,2.0,0.03125,2.0,0.03125,0.9375,3.0,0.6666666666666667
S14,MIDynamicEMATent,,,,,,,,,,2,64,64,1.0,0,0.0,0,0.0,1.0,1,0.14382348954677582,0.14382348954677582,0.7977874875068665,0.6539639830589294,0.9251766110132977,0.0316763421226696,0.04314704686403274,0.033104712713541096,17.236518681049347,0.028764697909355156,1.0,0.7035742998123169,0.05,1.0,1.0,51.0,0.796875,9.0,0.140625,4.0,0.0625,0.796875,3.0,0.6666666666666667
S14,MIDynamicEMATent,,,,,,,,,,3,64,44,0.6875,20,0.3125,0,0.0,0.6875,2,0.35560137033462524,0.35560137033462524,0.9879802465438843,0.632378876209259,0.82619361957524,0.06712596932437237,0.10668041110038758,0.0751421665420523,39.99500638246536,0.07112027406692503,1.0,0.6297103762626648,0.05,1.0,1.0,35.0,0.546875,19.0,0.296875,10.0,0.15625,0.546875,3.0,0.3541666666666667
S14,MIDynamicEMATent,,,,,,,,,,4,64,0,0.0,64,1.0,0,0.0,1.0,1,0.23532214760780334,0.23532214760780334,0.636608898639679,0.4012867212295532,0.8346498636843304,0.09475349203332857,0.070596644282341,0.10195088219814163,55.05562382936478,0.04706442952156066,1.0,0.4593965709209442,0.05,1.0,1.0,0.0,0.0,33.0,0.515625,31.0,0.484375,0.515625,2.0,0.6666666666666667
S14,MIDynamicEMATent,,,,,,,,,,5,64,0,0.0,51,0.796875,13,0.203125,0.796875,2,0.21078144013881683,0.21078144013881683,0.6572608947753906,0.446479469537735,0.8193856575375242,0.11737991042083076,0.06323443204164504,0.12530339973602556,68.54563599824905,0.042156288027763354,1.0,0.5167320966720581,0.05,1.0,1.0,0.0,0.0,36.0,0.5625,28.0,0.4375,0.5625,2.0,0.4635416666666667
S14,MIDynamicEMATent,,,,,,,,,,6,61,0,0.0,0,0.0,61,1.0,1.0,1,0.08237653970718384,0.08237653970718384,0.4506106972694397,0.36823415756225586,0.8447487433343894,0.13053829475345544,0.024712961912155152,0.13384602650865718,73.57060492038727,0.016475307941436763,1.0,0.46671169996261597,0.05,1.0,1.0,0.0,0.0,57.0,0.9344262295081968,4.0,0.06557377049180328,0.9344262295081968,2.0,0.6666666666666667
S14,MIDynamicRelaxed,,,,,,,,,,0,64,64,1.0,0,0.0,0,0.0,1.0,1,0.03654320165514946,0.1911627622084109,0.17957863211631775,0.143035426735878,0.8393495138296251,0.08418538128701056,0.07646510488336437,0.09115560411648393,12.234416781338298,0.03823255244168217,1.0,0.07560010999441147,0.0,1.0,1.0,64.0,1.0,0.0,0.0,0.0,0.0,1.0,1.0,0.6666666666666667
S14,MIDynamicRelaxed,,,,,,,,,,1,64,64,1.0,0,0.0,0,0.0,1.0,1,0.2805754542350769,0.5296937362618864,0.8324848413467407,0.5519093871116638,0.5496189898092656,0.2385035156859798,0.21187749450475457,0.3026223893151071,46.13481590209903,0.10593874725237726,1.0,0.5997023582458496,0.0,1.0,1.0,39.0,0.609375,10.0,0.15625,15.0,0.234375,0.609375,3.0,0.6666666666666667
S14,MIDynamicRelaxed,,,,,,,,,,2,64,64,1.0,0,0.0,0,0.0,1.0,1,0.17373126745224,0.4168108293365709,0.8579739332199097,0.6842426657676697,0.4717885310755055,0.3614871371898662,0.16672433173462836,0.4338145837647861,72.81070897963957,0.08336216586731415,1.0,0.8090077042579651,0.0,1.0,1.0,45.0,0.703125,9.0,0.140625,10.0,0.15625,0.703125,3.0,0.6666666666666667
S14,MIDynamicRelaxed,,,,,,,,,,3,64,44,0.6875,20,0.3125,0,0.0,0.6875,2,0.42172831296920776,0.6494061232920488,0.9439423084259033,0.5222139954566956,0.3029096037597617,0.4373279469234187,0.2597624493168195,0.5907940586367171,114.3727008703307,0.12988122465840973,1.0,0.5619038343429565,0.0,1.0,1.0,35.0,0.546875,22.0,0.34375,7.0,0.109375,0.546875,3.0,0.3541666666666667
S14,MIDynamicRelaxed,,,,,,,,,,4,64,0,0.0,64,1.0,0,0.0,1.0,1,0.24041496217250824,0.4903212846415177,0.6897156834602356,0.44930070638656616,0.2574285086969112,0.5464429774464816,0.1961285138566071,0.6797641001897763,145.75326308738784,0.09806425692830352,1.0,0.4584795832633972,0.0,1.0,1.0,0.0,0.0,33.0,0.515625,31.0,0.484375,0.515625,2.0,0.6666666666666667
S14,MIDynamicRelaxed,,,,,,,,,,5,64,0,0.0,51,0.796875,13,0.203125,0.796875,2,0.20735928416252136,0.4553671970646561,0.7012242674827576,0.4938650131225586,0.20857564800654863,0.609277473167589,0.18214687882586245,0.7449717527431938,174.89676369952582,0.09107343941293121,1.0,0.5279889106750488,0.0,1.0,1.0,0.0,0.0,39.0,0.609375,25.0,0.390625,0.609375,2.0,0.4635416666666667
S14,MIDynamicRelaxed,,,,,,,,,,6,61,0,0.0,0,0.0,61,1.0,1.0,1,0.0846412256360054,0.2909316511416477,0.589238166809082,0.5045969486236572,0.19617504173422318,0.6874522978091178,0.11637266045665909,0.7779889406368905,192.64359441916633,0.05818633022832953,1.0,0.4737412631511688,0.0,1.0,1.0,0.0,0.0,58.0,0.9508196721311475,3.0,0.04918032786885246,0.9508196721311475,2.0,0.6666666666666667
S14,MIDynamicRelaxedAnchor,,,,,,,,,,0,64,64,1.0,0,0.0,0,0.0,1.0,1,0.03654320165514946,0.27204648598756986,0.17957863211631775,0.143035426735878,0.777843044482081,0.11333836112289104,0.10881859439502795,0.12717765475139386,17.41097510320447,0.05440929719751396,1.0,0.09354231506586075,0.0,1.0,1.0,64.0,1.0,0.0,0.0,0.0,0.0,1.0,1.0,0.6666666666666667
S14,MIDynamicRelaxedAnchor,,,,,,,,,,1,64,64,1.0,0,0.0,0,0.0,1.0,1,0.2805597484111786,0.5767110196052265,0.8324880599975586,0.5519283413887024,0.5032678460266011,0.26604774613130827,0.23068440784209063,0.3458239360326125,54.32048035793897,0.11534220392104529,1.0,0.5992937088012695,0.0,1.0,1.0,38.0,0.59375,11.0,0.171875,15.0,0.234375,0.59375,3.0,0.6666666666666667
S14,MIDynamicRelaxedAnchor,,,,,,,,,,2,64,64,1.0,0,0.0,0,0.0,1.0,1,0.17373545467853546,0.47513426701597616,0.8579866290092468,0.6842511892318726,0.41780802406899475,0.3921382691246148,0.19005370680639047,0.4841534215539376,84.72907344696145,0.09502685340319521,1.0,0.8354702591896057,0.0,1.0,1.0,43.0,0.671875,7.0,0.109375,14.0,0.21875,0.671875,3.0,0.6666666666666667
S14,MIDynamicRelaxedAnchor,,,,,,,,,,3,64,44,0.6875,20,0.3125,0,0.0,0.6875,2,0.42173144221305847,0.6844676793395656,0.943957507610321,0.5222260355949402,0.2660444860185314,0.4601684422456423,0.2737870717358263,0.6336549851096114,128.53500492469365,0.1368935358679131,1.0,0.5604459047317505,0.0,1.0,1.0,34.0,0.53125,23.0,0.359375,7.0,0.109375,0.53125,3.0,0.3541666666666667
S14,MIDynamicRelaxedAnchor,,,,,,,,,,4,64,0,0.0,64,1.0,0,0.0,1.0,1,0.2404148280620575,0.5412890330953927,0.6897020936012268,0.4492872655391693,0.2189682827105353,0.5645161040513077,0.21651561323815707,0.7205199153801447,163.17750304279878,0.10825780661907851,1.0,0.45989328622817993,0.0,1.0,1.0,0.0,0.0,33.0,0.515625,31.0,0.484375,0.515625,2.0,0.6666666666666667
S14,MIDynamicRelaxedAnchor,,,,,,,,,,5,64,0,0.0,51,0.796875,13,0.203125,0.796875,2,0.2073601484298706,0.5098313314379407,0.7011964321136475,0.49383625388145447,0.1724218399556034,0.6236456274692204,0.2039325325751763,0.7834080062166515,195.806708254827,0.10196626628758812,1.0,0.5344840288162231,0.0,1.0,1.0,0.0,0.0,39.0,0.609375,25.0,0.390625,0.609375,2.0,0.4635416666666667
S14,MIDynamicRelaxedAnchor,,,,,,,,,,6,61,0,0.0,0,0.0,61,1.0,1.0,1,0.08464355766773224,0.3618420930844831,0.5891904234886169,0.5045468807220459,0.15590220716943354,0.6993609555967731,0.14473683723379324,0.8177143434247843,217.87907593298047,0.07236841861689661,1.0,0.4973594844341278,0.0,1.0,1.0,0.0,0.0,58.0,0.9508196721311475,3.0,0.04918032786885246,0.9508196721311475,2.0,0.6666666666666667
S14,MIDynamicFastEMA,,,,,,,,,,0,64,64,1.0,0,0.0,0,0.0,1.0,1,0.03654320165514946,0.1911627622084109,0.17957863211631775,0.143035426735878,0.7470480933072924,0.1573705255885022,0.09558138110420546,0.17400186407112672,12.234416781338298,0.03823255244168217,1.0,0.08566653728485107,0.0,1.0,1.0,64.0,1.0,0.0,0.0,0.0,0.0,1.0,1.0,0.6666666666666667
S14,MIDynamicFastEMA,,,,,,,,,,1,64,64,1.0,0,0.0,0,0.0,1.0,1,0.28056395053863525,0.5296828773319326,0.8324946165084839,0.5519306659698486,0.3575376124006918,0.37762094893334186,0.2648414386659663,0.5136591870032816,46.134120930581986,0.1059365754663865,1.0,0.5939077138900757,0.0,1.0,1.0,36.0,0.5625,13.0,0.203125,15.0,0.234375,0.5625,3.0,0.6666666666666667
S14,MIDynamicFastEMA,,,,,,,,,,2,64,64,1.0,0,0.0,0,0.0,1.0,1,0.1737481951713562,0.41683113507913033,0.8581693768501282,0.684421181678772,0.2537525990839676,0.5378318333764673,0.20841556753956517,0.6794371027544801,72.81131357564632,0.08336622701582605,1.0,0.8421726226806641,0.0,1.0,1.0,43.0,0.671875,6.0,0.09375,15.0,0.234375,0.671875,3.0,0.6666666666666667
S14,MIDynamicFastEMA,,,,,,,,,,3,64,44,0.6875,20,0.3125,0,0.0,0.6875,2,0.4217039942741394,0.6493873992264859,0.9440454244613647,0.5223413705825806,0.11308075307297853,0.5622255473137785,0.32469369961324296,0.8325489440743916,114.37210712614143,0.12987747984529716,1.0,0.5248919129371643,0.0,1.0,1.0,35.0,0.546875,23.0,0.359375,6.0,0.09375,0.546875,3.0,0.3541666666666667
S14,MIDynamicFastEMA,,,,,,,,,,4,64,0,0.0,64,1.0,0,0.0,1.0,1,0.24041816592216492,0.4903245516208269,0.6896445155143738,0.4492263197898865,0.07740985250433269,0.6774278716852538,0.24516227581041344,0.8974483521111217,145.75287842987436,0.09806491032416535,1.0,0.47112712264060974,0.0,1.0,1.0,0.0,0.0,33.0,0.515625,31.0,0.484375,0.515625,2.0,0.6666666666666667
S14,MIDynamicFastEMA,,,,,,,,,,5,64,0,0.0,51,0.796875,13,0.203125,0.796875,2,0.2073725163936615,0.4553817260207764,0.7011204957962036,0.4937479794025421,0.050230100316291534,0.7220790366733203,0.2276908630103882,0.934961147148817,174.89730889520405,0.09107634520415527,1.0,0.5505462288856506,0.0,1.0,1.0,0.0,0.0,40.0,0.625,24.0,0.375,0.625,2.0,0.4635416666666667
S14,MIDynamicFastEMA,,,,,,,,,,6,61,0,0.0,0,0.0,61,1.0,1.0,1,0.08465549349784851,0.29095617109428784,0.589144766330719,0.5044893026351929,0.0421171110392457,0.8124048034136104,0.14547808554714392,0.950712661282405,192.64563533195562,0.05819123421885756,1.0,0.4965880513191223,0.0,1.0,1.0,0.0,0.0,58.0,0.9508196721311475,3.0,0.04918032786885246,0.9508196721311475,2.0,0.6666666666666667
S15,EMATent,0.1083436831831932,0.1083436831831932,0.9782970547676086,0.0,0.46749689504504205,0.5,0.03250310495495796,0.0,0.0,0,64,64,1.0,0,0.0,0,0.0,1.0,1,,,,,,,,,,,,,,,,,,,,,,,,
S15,EMATent,0.36075615882873535,0.36075615882873535,0.9028865694999695,1.0,0.39177315235137944,0.5,0.1082268476486206,0.0,0.0,1,64,64,1.0,0,0.0,0,0.0,1.0,1,,,,,,,,,,,,,,,,,,,,,,,,
S15,EMATent,0.7783912420272827,0.7783912420272827,0.714208722114563,1.0,0.26648262739181516,0.5,0.2335173726081848,0.0,0.0,2,64,64,1.0,0,0.0,0,0.0,1.0,1,,,,,,,,,,,,,,,,,,,,,,,,
S15,EMATent,0.8078107833862305,0.8078107833862305,0.694603681564331,1.0,0.25765676498413087,0.5,0.24234323501586913,0.0,0.0,3,64,43,0.671875,0,0.0,21,0.328125,0.671875,2,,,,,,,,,,,,,,,,,,,,,,,,
S15,EMATent,0.6225892305374146,0.6225892305374146,0.8602321743965149,1.0,0.3132232308387756,0.5,0.18677676916122435,0.0,0.0,4,64,0,0.0,10,0.15625,54,0.84375,0.84375,2,,,,,,,,,,,,,,,,,,,,,,,,
S15,EMATent,0.3305525481700897,0.3305525481700897,0.9041790962219238,1.0,0.40083423554897313,0.5,0.09916576445102691,0.0,0.0,5,64,0,0.0,64,1.0,0,0.0,1.0,1,,,,,,,,,,,,,,,,,,,,,,,,
S15,EMATent,0.3324192464351654,0.3324192464351654,0.9214603304862976,1.0,0.4002742260694504,0.5,0.09972577393054961,0.0,0.0,6,63,0,0.0,63,1.0,0,0.0,1.0,1,,,,,,,,,,,,,,,,,,,,,,,,
S15,MIDynamicEMATent,,,,,,,,,,0,64,64,1.0,0,0.0,0,0.0,1.0,1,0.025670869275927544,0.025670869275927544,0.1083436831831932,0.08267281204462051,0.9891196960929354,0.0031790431242864235,0.007701260782778263,0.003203715774943161,1.6429356336593628,0.005134173855185507,0.0,0.0870804488658905,0.05,1.0,1.0,63.0,0.984375,0.0,0.0,1.0,0.015625,0.984375,2.0,0.6666666666666667
S15,MIDynamicEMATent,,,,,,,,,,1,64,64,1.0,0,0.0,0,0.0,1.0,1,0.02533128298819065,0.02533128298819065,0.18009960651397705,0.15476831793785095,0.9860939189967179,0.006306696106824871,0.007599384896457195,0.006354990122781068,3.2641377449035645,0.005066256597638129,0.0,0.1690393090248108,0.05,1.0,1.0,64.0,1.0,0.0,0.0,0.0,0.0,1.0,1.0,0.6666666666666667
S15,MIDynamicEMATent,,,,,,,,,,2,64,64,1.0,0,0.0,0,0.0,1.0,1,0.04205707460641861,0.04205707460641861,0.26016342639923096,0.21810635924339294,0.97596378621677,0.011419091401304355,0.012617122381925583,0.011565008529266119,5.9557905197143555,0.00841141492128372,0.0,0.33675462007522583,0.05,1.0,1.0,62.0,0.96875,1.0,0.015625,1.0,0.015625,0.96875,3.0,0.6666666666666667
S15,MIDynamicEMATent,,,,,,,,,,3,64,43,0.671875,0,0.0,21,0.328125,0.671875,2,0.3417615592479706,0.3417615592479706,0.7867172360420227,0.4449557065963745,0.8499935851944981,0.04747794703111078,0.10252846777439117,0.052901897526901887,27.828530311584473,0.0683523118495941,1.0,0.5037088990211487,0.05,1.0,1.0,41.0,0.640625,23.0,0.359375,0.0,0.0,0.640625,2.0,0.3385416666666667
S15,MIDynamicEMATent,,,,,,,,,,4,64,0,0.0,10,0.15625,54,0.84375,0.84375,2,0.2749541997909546,0.2749541997909546,0.8061813116073608,0.531227171421051,0.8396168712401999,0.07789686882251365,0.08248625993728638,0.0848999480020749,45.425599098205566,0.05499083995819091,1.0,0.6458027362823486,0.05,1.0,1.0,1.0,0.015625,27.0,0.421875,36.0,0.5625,0.5625,3.0,0.5104166666666667
S15,MIDynamicEMATent,,,,,,,,,,5,64,0,0.0,64,1.0,0,0.0,1.0,1,0.07190433889627457,0.07190433889627457,0.3906421363353729,0.31873780488967896,0.8873486754196236,0.09108002291149413,0.02157130166888237,0.09308805339300363,50.02747678756714,0.014380867779254911,1.0,0.3650873005390167,0.05,1.0,1.0,0.0,0.0,63.0,0.984375,1.0,0.015625,0.984375,2.0,0.6666666666666667
S15,MIDynamicEMATent,,,,,,,,,,6,63,0,0.0,63,1.0,0,0.0,1.0,1,0.05995776876807213,0.05995776876807213,0.33736446499824524,0.2774066925048828,0.8840527017191786,0.09795996765039973,0.017987330630421638,0.09975428088243199,53.80481621995568,0.011991553753614423,1.0,0.3624141216278076,0.05,1.0,1.0,0.0,0.0,63.0,1.0,0.0,0.0,1.0,1.0,0.6666666666666667
S15,MIDynamicRelaxed,,,,,,,,,,0,64,64,1.0,0,0.0,0,0.0,1.0,1,0.17986544966697693,0.42410546998002385,0.42306411266326904,0.24319866299629211,0.6716947335139606,0.1586630784940298,0.16964218799200956,0.19107796205390915,27.142750078721527,0.08482109399600475,1.0,0.23800012469291687,0.0,1.0,1.0,61.0,0.953125,0.0,0.0,3.0,0.046875,0.953125,2.0,0.6666666666666667
S15,MIDynamicRelaxed,,,,,,,,,,1,64,64,1.0,0,0.0,0,0.0,1.0,1,0.14002138376235962,0.37419431284074806,0.6114447712898254,0.4714234173297882,0.5704728242021949,0.2798494506615058,0.14967772513629923,0.32910986685179244,51.0911861005294,0.07483886256814959,1.0,0.48014748096466064,0.0,1.0,1.0,58.0,0.90625,6.0,0.09375,0.0,0.0,0.90625,2.0,0.6666666666666667
S15,MIDynamicRelaxed,,,,,,,,,,2,64,64,1.0,0,0.0,0,0.0,1.0,1,0.18480731546878815,0.4298922137801383,0.7576353549957275,0.5728279948234558,0.4480788517808841,0.3799642627070606,0.17195688551205535,0.45887014342487165,78.60428778245824,0.08597844275602765,1.0,0.6791963577270508,0.0,1.0,1.0,45.0,0.703125,16.0,0.25,3.0,0.046875,0.703125,3.0,0.6666666666666667
S15,MIDynamicRelaxed,,,,,,,,,,3,64,43,0.671875,0,0.0,21,0.328125,0.671875,2,0.3236764073371887,0.5689256606422219,0.861771821975708,0.5380954146385193,0.3144994159445288,0.45793031979858245,0.22757026425688878,0.592843981282043,115.01553006356045,0.11378513212844436,1.0,0.708915650844574,0.0,1.0,1.0,34.0,0.53125,29.0,0.453125,1.0,0.015625,0.53125,3.0,0.3385416666666667
S15,MIDynamicRelaxed,,,,,,,,,,4,64,0,0.0,10,0.15625,54,0.84375,0.84375,2,0.24394558370113373,0.4939084770492745,0.843713641166687,0.5997681021690369,0.2552235411399149,0.5472130680403753,0.1975633908197098,0.6819393105698002,146.62567259471402,0.09878169540985487,1.0,0.5123432278633118,0.0,1.0,1.0,0.0,0.0,26.0,0.40625,38.0,0.59375,0.59375,2.0,0.5104166666666667
S15,MIDynamicRelaxed,,,,,,,,,,5,64,0,0.0,64,1.0,0,0.0,1.0,1,0.08370351791381836,0.28931560261039907,0.5205044746398926,0.43680092692375183,0.2433731417486826,0.6409006172071577,0.11572624104415963,0.7247762479844928,165.14187116177956,0.0578631205220798,1.0,0.4107704162597656,0.0,1.0,1.0,0.0,0.0,63.0,0.984375,1.0,0.015625,0.984375,2.0,0.6666666666666667
S15,MIDynamicRelaxed,,,,,,,,,,6,63,0,0.0,63,1.0,0,0.0,1.0,1,0.09360683709383011,0.3059523444816694,0.491956889629364,0.3983500599861145,0.20777501623199696,0.6698440459753352,0.12238093779266777,0.7632514775722689,184.41686886412475,0.061190468896333866,1.0,0.3898804187774658,0.0,1.0,1.0,0.0,0.0,56.0,0.8888888888888888,7.0,0.1111111111111111,0.8888888888888888,2.0,0.6666666666666667
S15,MIDynamicRelaxedAnchor,,,,,,,,,,0,64,64,1.0,0,0.0,0,0.0,1.0,1,0.17986544966697693,0.48169492298202143,0.42306411266326904,0.24319866299629211,0.6345240396779194,0.17279799112927208,0.19267796919280858,0.21403849335871838,30.82847507084937,0.09633898459640426,1.0,0.26102110743522644,0.0,1.0,1.0,60.0,0.9375,0.0,0.0,4.0,0.0625,0.9375,2.0,0.6666666666666667
S15,MIDynamicRelaxedAnchor,,,,,,,,,,1,64,64,1.0,0,0.0,0,0.0,1.0,1,0.14001238346099854,0.4367640577665747,0.6114487051963806,0.4714363217353821,0.5213964290961413,0.30389794779722895,0.17470562310662988,0.36822975692768256,58.78137476791015,0.08735281155331491,1.0,0.5156102180480957,0.0,1.0,1.0,53.0,0.828125,11.0,0.171875,0.0,0.0,0.828125,2.0,0.6666666666666667
S15,MIDynamicRelaxedAnchor,,,,,,,,,,2,64,64,1.0,0,0.0,0,0.0,1.0,1,0.18479934334754944,0.48689464730274445,0.7576631307601929,0.572863757610321,0.39880246317441453,0.4064396779044877,0.1947578589210978,0.5047421852014852,89.9426321952858,0.09737892946054887,1.0,0.7052599191665649,0.0,1.0,1.0,42.0,0.65625,19.0,0.296875,3.0,0.046875,0.65625,3.0,0.6666666666666667
S15,MIDynamicRelaxedAnchor,,,,,,,,,,3,64,43,0.671875,0,0.0,21,0.328125,0.671875,2,0.323659211397171,0.6120194930192683,0.8618281483650208,0.5381689667701721,0.2754168393674277,0.479775363424865,0.24480779720770732,0.6353023265480164,129.11187974851896,0.12240389860385363,1.0,0.7319207191467285,0.0,1.0,1.0,31.0,0.484375,30.0,0.46875,3.0,0.046875,0.484375,3.0,0.3385416666666667
S15,MIDynamicRelaxedAnchor,,,,,,,,,,4,64,0,0.0,10,0.15625,54,0.84375,0.84375,2,0.24396701157093048,0.5445371518472373,0.8436866998672485,0.5997197031974792,0.21726902387140157,0.5649161153897035,0.21781486073889492,0.7222281363250576,163.96225746674213,0.10890743036944743,1.0,0.49502015113830566,0.0,1.0,1.0,0.0,0.0,26.0,0.40625,38.0,0.59375,0.59375,2.0,0.5104166666666667
S15,MIDynamicRelaxedAnchor,,,,,,,,,,5,64,0,0.0,64,1.0,0,0.0,1.0,1,0.08370888978242874,0.3603923975921096,0.5205264687538147,0.43681758642196655,0.1985290944082371,0.657313946554919,0.14415695903684386,0.768030953216825,187.02737091263714,0.0720784795184219,1.0,0.4230496287345886,0.0,1.0,1.0,0.0,0.0,63.0,0.984375,1.0,0.015625,0.984375,2.0,0.6666666666666667
S15,MIDynamicRelaxedAnchor,,,,,,,,,,6,63,0,0.0,63,1.0,0,0.0,1.0,1,0.09361616522073746,0.37537082966210733,0.4919554591178894,0.39833930134773254,0.1638838033747475,0.6859678647604096,0.15014833186484294,0.8071618736310063,210.6757331813499,0.07507416593242144,1.0,0.39348217844963074,0.0,1.0,1.0,0.0,0.0,55.0,0.873015873015873,8.0,0.12698412698412698,0.873015873015873,2.0,0.6666666666666667
S15,MIDynamicFastEMA,,,,,,,,,,0,64,64,1.0,0,0.0,0,0.0,1.0,1,0.17986544966697693,0.42410546998002385,0.42306411266326904,0.24319866299629211,0.5155971250209977,0.27235013998899044,0.21205273499001193,0.34564513652514306,27.142750078721527,0.08482109399600475,1.0,0.27806782722473145,0.0,1.0,1.0,58.0,0.90625,2.0,0.03125,4.0,0.0625,0.90625,3.0,0.6666666666666667
S15,MIDynamicFastEMA,,,,,,,,,,1,64,64,1.0,0,0.0,0,0.0,1.0,1,0.14000961184501648,0.37417858282512173,0.6114619374275208,0.4714523255825043,0.36589163896953325,0.44701906961790594,0.18708929141256087,0.5498993492097948,51.09017937952932,0.07483571656502433,1.0,0.5415164828300476,0.0,1.0,1.0,52.0,0.8125,12.0,0.1875,0.0,0.0,0.8125,2.0,0.6666666666666667
S15,MIDynamicFastEMA,,,,,,,,,,2,64,64,1.0,0,0.0,0,0.0,1.0,1,0.18478605151176453,0.4298674813378706,0.7576874494552612,0.5729013681411743,0.22989359854646915,0.5551726607845955,0.2149337406689353,0.7071666298047814,78.60169818515304,0.0859734962675741,1.0,0.7305043935775757,0.0,1.0,1.0,40.0,0.625,21.0,0.328125,3.0,0.046875,0.625,3.0,0.6666666666666667
S15,MIDynamicFastEMA,,,,,,,,,,3,64,43,0.671875,0,0.0,21,0.328125,0.671875,2,0.32364389300346375,0.5688970847204824,0.8618718981742859,0.5382279753684998,0.1186294650164814,0.5969219926232774,0.2844485423602412,0.8342125311186147,115.01111160726391,0.11377941694409645,1.0,0.7508781552314758,0.0,1.0,1.0,28.0,0.4375,30.0,0.46875,6.0,0.09375,0.46875,3.0,0.3385416666666667
S15,MIDynamicFastEMA,,,,,,,,,,4,64,0,0.0,10,0.15625,54,0.84375,0.84375,2,0.24398550391197205,0.4939488879549908,0.8436501622200012,0.5996646881103516,0.07618020555646225,0.6768453504660423,0.2469744439774954,0.8988345017679777,146.62384043638332,0.09878977759099813,1.0,0.48653775453567505,0.0,1.0,1.0,0.0,0.0,26.0,0.40625,38.0,0.59375,0.59375,2.0,0.5104166666666667
S15,MIDynamicFastEMA,,,,,,,,,,5,64,0,0.0,64,1.0,0,0.0,1.0,1,0.08371108770370483,0.28932868455046906,0.520526111125946,0.4368150234222412,0.06479106983426808,0.7905445878904974,0.14466434227523453,0.9242507087724888,165.14087624761333,0.0578657369100938,1.0,0.4145883023738861,0.0,1.0,1.0,0.0,0.0,63.0,0.984375,1.0,0.015625,0.984375,2.0,0.6666666666666667
S15,MIDynamicFastEMA,,,,,,,,,,6,63,0,0.0,63,1.0,0,0.0,1.0,1,0.09363320469856262,0.3059954324799026,0.49196967482566833,0.3983364701271057,0.04747308627510843,0.7995291974849403,0.1529977162399513,0.9439516431238368,184.4185884938472,0.0611990864959805,1.0,0.382620632648468,0.0,1.0,1.0,0.0,0.0,55.0,0.873015873015873,8.0,0.12698412698412698,0.873015873015873,2.0,0.6666666666666667
S16,EMATent,0.08527723699808121,0.08527723699808121,0.9830548167228699,0.0,0.4744168289005756,0.5,0.025583171099424363,0.0,0.0,0,64,64,1.0,0,0.0,0,0.0,1.0,1,,,,,,,,,,,,,,,,,,,,,,,,
S16,EMATent,0.0612209178507328,0.0612209178507328,0.9891757965087891,0.0,0.48163372464478016,0.5,0.01836627535521984,0.0,0.0,1,64,64,1.0,0,0.0,0,0.0,1.0,1,,,,,,,,,,,,,,,,,,,,,,,,
S16,EMATent,0.038003794848918915,0.038003794848918915,0.9938360452651978,0.0,0.48859886154532434,0.5,0.011401138454675674,0.0,0.0,2,64,64,1.0,0,0.0,0,0.0,1.0,1,,,,,,,,,,,,,,,,,,,,,,,,
S16,EMATent,0.7559645175933838,0.7559645175933838,0.9232550859451294,1.0,0.27321064472198486,0.5,0.22678935527801514,0.0,0.0,3,64,44,0.6875,20,0.3125,0,0.0,0.6875,2,,,,,,,,,,,,,,,,,,,,,,,,
S16,EMATent,0.004571347963064909,0.004571347963064909,0.9994351863861084,0.0,0.4986285956110805,0.5,0.0013714043889194727,0.0,0.0,4,64,0,0.0,64,1.0,0,0.0,1.0,1,,,,,,,,,,,,,,,,,,,,,,,,
S16,EMATent,0.29679831862449646,0.29679831862449646,0.9295728206634521,1.0,0.4109605044126511,0.5,0.08903949558734893,0.0,0.0,5,64,0,0.0,50,0.78125,14,0.21875,0.78125,2,,,,,,,,,,,,,,,,,,,,,,,,
S16,EMATent,0.49939852952957153,0.49939852952957153,0.7866978049278259,1.0,0.35018044114112856,0.5,0.14981955885887147,0.0,0.0,6,60,0,0.0,0,0.0,60,1.0,1.0,1,,,,,,,,,,,,,,,,,,,,,,,,
S16,MIDynamicEMATent,,,,,,,,,,0,64,64,1.0,0,0.0,0,0.0,1.0,1,0.03490421175956726,0.03490421175956726,0.08527723699808121,0.050373028963804245,0.985220801054079,0.004307935418050749,0.010471263527870178,0.0043535222973002385,2.2338695526123047,0.006980842351913451,0.0,0.043895937502384186,0.05,1.0,1.0,64.0,1.0,0.0,0.0,0.0,0.0,1.0,1.0,0.6666666666666667
S16,MIDynamicEMATent,,,,,,,,,,1,64,64,1.0,0,0.0,0,0.0,1.0,1,0.004384742118418217,0.004384742118418217,0.03518008813261986,0.030795346945524216,0.9937919423179986,0.004892635046475984,0.001315422635525465,0.004899079406420426,2.5144930481910706,0.0008769484236836432,0.0,0.03198543190956116,0.05,1.0,1.0,64.0,1.0,0.0,0.0,0.0,0.0,1.0,1.0,0.6666666666666667
S16,MIDynamicEMATent,,,,,,,,,,2,64,64,1.0,0,0.0,0,0.0,1.0,1,0.0013570114970207214,0.0013570114970207214,0.01565198227763176,0.014294969849288464,0.9945270991794996,0.0050657973713941875,0.00040710344910621643,0.0050678605148893885,2.6013417840003967,0.00027140229940414423,0.0,0.022345667704939842,0.05,1.0,1.0,64.0,1.0,0.0,0.0,0.0,0.0,1.0,1.0,0.6666666666666667
S16,MIDynamicEMATent,,,,,,,,,,3,64,44,0.6875,20,0.3125,0,0.0,0.6875,2,0.544975996017456,0.544975996017456,0.5979365706443787,0.05296057090163231,0.777460146280459,0.0590470549143042,0.16349279880523682,0.07058762295168375,37.479805529117584,0.10899519920349118,1.0,0.07363463938236237,0.05,1.0,1.0,44.0,0.6875,20.0,0.3125,0.0,0.0,0.6875,2.0,0.3541666666666667
S16,MIDynamicEMATent,,,,,,,,,,4,64,0,0.0,64,1.0,0,0.0,1.0,1,0.004469322506338358,0.004469322506338358,0.014437236823141575,0.009967914782464504,0.9276478344942886,0.07101136875380996,0.0013407967519015074,0.07110670839746769,37.76584216952324,0.0008938645012676714,0.0,0.005390139762312174,0.05,1.0,1.0,0.0,0.0,64.0,1.0,0.0,0.0,1.0,1.0,0.6666666666666667
S16,MIDynamicEMATent,,,,,,,,,,5,64,0,0.0,50,0.78125,14,0.21875,0.78125,2,0.010042189620435238,0.010042189620435238,0.037520457059144974,0.027478264644742012,0.9249330816379855,0.07205426147588394,0.003012656886130571,0.07227199219083202,38.408542305231094,0.002008437924087047,0.0,0.03687310591340065,0.05,1.0,1.0,0.0,0.0,64.0,1.0,0.0,0.0,1.0,1.0,0.4479166666666667
S16,MIDynamicEMATent,,,,,,,,,,6,60,0,0.0,0,0.0,60,1.0,1.0,1,0.008142581209540367,0.008142581209540367,0.08599826693534851,0.077855683863163,0.9245791150925348,0.07297811054460311,0.00244277436286211,0.0731568161395374,38.897097177803516,0.001628516241908073,0.0,0.08732146769762039,0.05,1.0,1.0,0.0,0.0,60.0,1.0,0.0,0.0,1.0,1.0,0.6666666666666667
S16,MIDynamicRelaxed,,,,,,,,,,0,64,64,1.0,0,0.0,0,0.0,1.0,1,0.10792157053947449,0.3285141862073455,0.2398415058851242,0.13191993534564972,0.7370229961439269,0.13157132937313504,0.13140567448293822,0.1514761557932266,21.024907917270113,0.0657028372414691,1.0,0.09258244186639786,0.0,1.0,1.0,63.0,0.984375,0.0,0.0,1.0,0.015625,0.984375,2.0,0.6666666666666667
S16,MIDynamicRelaxed,,,,,,,,,,1,64,64,1.0,0,0.0,0,0.0,1.0,1,0.0185549259185791,0.13621646713440744,0.13876017928123474,0.12020526081323624,0.7494673450592911,0.19604606808694588,0.05448658685376298,0.20734350815245872,29.74276181387219,0.02724329342688148,1.0,0.05185424163937569,0.0,1.0,1.0,64.0,1.0,0.0,0.0,0.0,0.0,1.0,1.0,0.6666666666666667
S16,MIDynamicRelaxed,,,,,,,,,,2,64,64,1.0,0,0.0,0,0.0,1.0,1,0.007249409798532724,0.0851434659767426,0.08393728733062744,0.07668787986040115,0.7337492629079893,0.2321933507013137,0.034057386390697046,0.24038006754222097,35.19194363638371,0.017028693195348516,1.0,0.03334570303559303,0.0,1.0,1.0,64.0,1.0,0.0,0.0,0.0,0.0,1.0,1.0,0.6666666666666667
S16,MIDynamicRelaxed,,,,,,,,,,3,64,44,0.6875,20,0.3125,0,0.0,0.6875,2,0.5412371754646301,0.7356882325174368,0.6153532266616821,0.0741160586476326,0.3710897889630043,0.33463491803002093,0.2942752930069747,0.4741720315501554,82.27599051749966,0.14713764650348732,1.0,0.11785218119621277,0.0,1.0,1.0,44.0,0.6875,20.0,0.3125,0.0,0.0,0.6875,2.0,0.3541666666666667
S16,MIDynamicRelaxed,,,,,,,,,,4,64,0,0.0,64,1.0,0,0.0,1.0,1,0.015055294148623943,0.12270001690555687,0.09007866680622101,0.07502337545156479,0.4702661192080664,0.4806538740297108,0.04908000676222275,0.5054619499513704,90.1287915994553,0.02454000338111137,1.0,0.011617652140557766,0.0,1.0,1.0,0.0,0.0,64.0,1.0,0.0,0.0,1.0,1.0,0.6666666666666667
S16,MIDynamicRelaxed,,,,,,,,,,5,64,0,0.0,50,0.78125,14,0.21875,0.78125,2,0.20024016499519348,0.4474820275666873,0.4073154032230377,0.20707525312900543,0.32462142837828667,0.49638576059503836,0.17899281102667494,0.6046058637023289,118.76764136372329,0.08949640551333744,1.0,0.19200538098812103,0.0,1.0,1.0,0.0,0.0,54.0,0.84375,10.0,0.15625,0.84375,2.0,0.4479166666666667
S16,MIDynamicRelaxed,,,,,,,,,,6,60,0,0.0,0,0.0,60,1.0,1.0,1,0.012164181098341942,0.11029134643453194,0.16530324518680573,0.15313905477523804,0.35890751486972217,0.596975946556465,0.04411653857381278,0.6245279583201191,125.38512214979521,0.022058269286906382,1.0,0.29943713545799255,0.0,1.0,1.0,0.0,0.0,59.0,0.9833333333333333,1.0,0.016666666666666666,0.9833333333333333,2.0,0.6666666666666667
S16,MIDynamicRelaxedAnchor,,,,,,,,,,0,64,64,1.0,0,0.0,0,0.0,1.0,1,0.10792157053947449,0.395662767586611,0.2398415058851242,0.13191993534564972,0.690650375551919,0.15108451741343668,0.15826510703464441,0.17949180754664884,25.322417125543105,0.07913255351732218,1.0,0.10599225014448166,0.0,1.0,1.0,62.0,0.96875,0.0,0.0,2.0,0.03125,0.96875,2.0,0.6666666666666667
S16,MIDynamicRelaxedAnchor,,,,,,,,,,1,64,64,1.0,0,0.0,0,0.0,1.0,1,0.018555983901023865,0.22259831548528444,0.13876459002494812,0.12020861357450485,0.6687225071971079,0.24223816660877823,0.08903932619411378,0.26591506480377003,39.56870931660131,0.04451966309705688,1.0,0.06957675516605377,0.0,1.0,1.0,64.0,1.0,0.0,0.0,0.0,0.0,1.0,1.0,0.6666666666666667
S16,MIDynamicRelaxedAnchor,,,,,,,,,,2,64,64,1.0,0,0.0,0,0.0,1.0,1,0.007246588356792927,0.17661420605215636,0.08390599489212036,0.07665940374135971,0.624563133097353,0.3047911844817845,0.07064568242086254,0.327960153319921,50.872018503939316,0.03532284121043126,1.0,0.04967466741800308,0.0,1.0,1.0,64.0,1.0,0.0,0.0,0.0,0.0,1.0,1.0,0.6666666666666667
S16,MIDynamicRelaxedAnchor,,,,,,,,,,3,64,44,0.6875,20,0.3125,0,0.0,0.6875,2,0.5412539839744568,0.7621296904831485,0.6153115034103394,0.07405751198530197,0.31913763289949404,0.3760104909072465,0.30485187619325943,0.5409070067659161,99.64831869486082,0.15242593809662966,1.0,0.1348530799150467,0.0,1.0,1.0,44.0,0.6875,20.0,0.3125,0.0,0.0,0.6875,2.0,0.3541666666666667
S16,MIDynamicRelaxedAnchor,,,,,,,,,,4,64,0,0.0,64,1.0,0,0.0,1.0,1,0.01505559217184782,0.21043110820415023,0.09007909148931503,0.07502350211143494,0.3784598710255077,0.5373676856928322,0.0841724432816601,0.5867564059967438,113.11590961992644,0.042086221640830035,1.0,0.016322875395417213,0.0,1.0,1.0,0.0,0.0,64.0,1.0,0.0,0.0,1.0,1.0,0.6666666666666667
S16,MIDynamicRelaxedAnchor,,,,,,,,,,5,64,0,0.0,50,0.78125,14,0.21875,0.78125,2,0.2002127319574356,0.5027062364621672,0.40732359886169434,0.20711086690425873,0.2567714863039208,0.5421460191112123,0.20108249458486688,0.6786007509367349,145.28910875350513,0.10054124729243341,1.0,0.2055806815624237,0.0,1.0,1.0,0.0,0.0,52.0,0.8125,12.0,0.1875,0.8125,2.0,0.4479166666666667
S16,MIDynamicRelaxedAnchor,,,,,,,,,,6,60,0,0.0,0,0.0,60,1.0,1.0,1,0.012163747102022171,0.19926044102580825,0.16529622673988342,0.15313248336315155,0.26940630616045563,0.6508895174292211,0.0797041764103233,0.7072611879193171,157.24473521505362,0.039852088205161645,1.0,0.41356974840164185,0.0,1.0,1.0,0.0,0.0,59.0,0.9833333333333333,1.0,0.016666666666666666,0.9833333333333333,2.0,0.6666666666666667
S16,MIDynamicFastEMA,,,,,,,,,,0,64,64,1.0,0,0.0,0,0.0,1.0,1,0.10792157053947449,0.3285141862073455,0.2398415058851242,0.13191993534564972,0.6017288038991883,0.23401410299713904,0.16425709310367276,0.2800072858125593,21.024907917270113,0.0657028372414691,1.0,0.10912599414587021,0.0,1.0,1.0,62.0,0.96875,0.0,0.0,2.0,0.03125,0.96875,2.0,0.6666666666666667
S16,MIDynamicFastEMA,,,,,,,,,,1,64,64,1.0,0,0.0,0,0.0,1.0,1,0.018555983901023865,0.13622035053920492,0.13876459002494812,0.12020861357450485,0.5855081233447589,0.3463817013856387,0.06811017526960246,0.3716981258871985,29.743010351779226,0.027244070107840978,1.0,0.06159622222185135,0.0,1.0,1.0,64.0,1.0,0.0,0.0,0.0,0.0,1.0,1.0,0.6666666666666667
S16,MIDynamicFastEMA,,,,,,,,,,2,64,64,1.0,0,0.0,0,0.0,1.0,1,0.007249490823596716,0.08514394179033948,0.08393487334251404,0.07668538391590118,0.5524550509120689,0.40497297819276135,0.04257197089516974,0.42298007357419887,35.19222262636095,0.01702878835806789,1.0,0.03977636620402336,0.0,1.0,1.0,64.0,1.0,0.0,0.0,0.0,0.0,1.0,1.0,0.6666666666666667
S16,MIDynamicFastEMA,,,,,,,,,,3,64,44,0.6875,20,0.3125,0,0.0,0.6875,2,0.5412377119064331,0.7356885971023562,0.6153522729873657,0.07411456853151321,0.17478709813781318,0.45736860331100876,0.3678442985511781,0.7235062537010692,82.27629284091175,0.1471377194204712,1.0,0.14155292510986328,0.0,1.0,1.0,44.0,0.6875,20.0,0.3125,0.0,0.0,0.6875,2.0,0.3541666666666667
S16,MIDynamicFastEMA,,,,,,,,,,4,64,0,0.0,64,1.0,0,0.0,1.0,1,0.015055823139846325,0.12270217251477793,0.09007970988750458,0.07502388954162598,0.22956179840775415,0.7090871153348569,0.06135108625738896,0.7554337995316716,90.12923188185754,0.02454043450295558,1.0,0.012674098834395409,0.0,1.0,1.0,0.0,0.0,64.0,1.0,0.0,0.0,1.0,1.0,0.6666666666666667
S16,MIDynamicFastEMA,,,,,,,,,,5,64,0,0.0,50,0.78125,14,0.21875,0.78125,2,0.20024578273296356,0.44748830457673816,0.40732356905937195,0.2070777863264084,0.12135554358876027,0.6549003041228706,0.22374415228836908,0.843665533797251,118.76848337476878,0.08949766091534761,1.0,0.22745025157928467,0.0,1.0,1.0,0.0,0.0,51.0,0.796875,13.0,0.203125,0.796875,2.0,0.4479166666666667
S16,MIDynamicFastEMA,,,,,,,,,,6,60,0,0.0,0,0.0,60,1.0,1.0,1,0.012164303101599216,0.11029189952847497,0.1653079390525818,0.15314362943172455,0.13320299766324095,0.8116510525725216,0.055145949764237485,0.8590226737875508,125.38599734647728,0.02205837990569499,1.0,0.4018532335758209,0.0,1.0,1.0,0.0,0.0,59.0,0.9833333333333333,1.0,0.016666666666666666,0.9833333333333333,2.0,0.6666666666666667
S17,EMATent,0.03007838875055313,0.03007838875055313,0.995313286781311,0.0,0.49097648337483407,0.5,0.009023516625165939,0.0,0.0,0,64,64,1.0,0,0.0,0,0.0,1.0,1,,,,,,,,,,,,,,,,,,,,,,,,
S17,EMATent,0.13484054803848267,0.13484054803848267,0.9717593193054199,0.0,0.4595478355884552,0.5,0.0404521644115448,0.0,0.0,1,64,64,1.0,0,0.0,0,0.0,1.0,1,,,,,,,,,,,,,,,,,,,,,,,,
S17,EMATent,0.9418758749961853,0.9418758749961853,0.538442850112915,1.0,0.2174372375011444,0.5,0.2825627624988556,0.0,0.0,2,64,64,1.0,0,0.0,0,0.0,1.0,1,,,,,,,,,,,,,,,,,,,,,,,,
S17,EMATent,0.9842584729194641,0.9842584729194641,0.5566784143447876,1.0,0.2047224581241608,0.5,0.2952775418758392,0.0,0.0,3,64,45,0.703125,0,0.0,19,0.296875,0.703125,2,,,,,,,,,,,,,,,,,,,,,,,,
S17,EMATent,0.6660618782043457,0.6660618782043457,0.631582498550415,1.0,0.3001814365386963,0.5,0.1998185634613037,0.0,0.0,4,64,0,0.0,9,0.140625,55,0.859375,0.859375,2,,,,,,,,,,,,,,,,,,,,,,,,
S17,EMATent,0.6514753103256226,0.6514753103256226,0.6421020030975342,1.0,0.30455740690231325,0.5,0.19544259309768677,0.0,0.0,5,64,0,0.0,64,1.0,0,0.0,1.0,1,,,,,,,,,,,,,,,,,,,,,,,,
S17,EMATent,0.6424279808998108,0.6424279808998108,0.6545726656913757,1.0,0.30727160573005674,0.5,0.19272839426994323,0.0,0.0,6,64,0,0.0,64,1.0,0,0.0,1.0,1,,,,,,,,,,,,,,,,,,,,,,,,
S17,EMATent,0.6296526193618774,0.6296526193618774,0.6324785351753235,1.0,0.31110421419143675,0.5,0.18889578580856323,0.0,0.0,7,8,0,0.0,8,1.0,0,0.0,1.0,1,,,,,,,,,,,,,,,,,,,,,,,,
S17,MIDynamicEMATent,,,,,,,,,,0,64,64,1.0,0,0.0,0,0.0,1.0,1,0.0032022963277995586,0.0032022963277995586,0.03007838875055313,0.026876091957092285,0.9986394886392154,0.00039982246244475207,0.0009606888983398676,0.0004002069368059802,0.20494696497917175,0.0006404592655599115,0.0,0.04137372970581055,0.05,1.0,1.0,64.0,1.0,0.0,0.0,0.0,0.0,1.0,1.0,0.6666666666666667
S17,MIDynamicEMATent,,,,,,,,,,1,64,64,1.0,0,0.0,0,0.0,1.0,1,0.006747908424586058,0.006747908424586058,0.08062177151441574,0.0738738626241684,0.9967351413468197,0.0012404861258043982,0.002024372527375817,0.0012430024257665817,0.6368131041526794,0.0013495816849172111,0.0,0.07655441015958786,0.05,1.0,1.0,64.0,1.0,0.0,0.0,0.0,0.0,1.0,1.0,0.6666666666666667
S17,MIDynamicEMATent,,,,,,,,,,2,64,64,1.0,0,0.0,0,0.0,1.0,1,0.025210268795490265,0.025210268795490265,0.3681884706020355,0.34297817945480347,0.9880846715541927,0.004352247807160216,0.0075630806386470795,0.004385415054854014,2.2502703070640564,0.005042053759098052,0.0,0.3493522107601166,0.05,1.0,1.0,64.0,1.0,0.0,0.0,0.0,0.0,1.0,1.0,0.6666666666666667
S17,MIDynamicEMATent,,,,,,,,,,3,64,45,0.703125,0,0.0,19,0.296875,0.703125,2,0.3227768540382385,0.3227768540382385,0.8980382680892944,0.5752614140510559,0.8636479730884049,0.03951897070012358,0.09683305621147155,0.043755997683388115,22.907988965511322,0.06455537080764769,1.0,0.6424776315689087,0.05,1.0,1.0,39.0,0.609375,6.0,0.09375,19.0,0.296875,0.609375,3.0,0.3697916666666667
S17,MIDynamicEMATent,,,,,,,,,,4,64,0,0.0,9,0.140625,55,0.859375,0.859375,2,0.022832348942756653,0.022832348942756653,0.7841150164604187,0.7612826824188232,0.9469874093785189,0.046162885938654134,0.006849704682826995,0.04648126890392912,24.369259297847748,0.004566469788551329,0.0,0.8205749988555908,0.05,1.0,1.0,0.0,0.0,11.0,0.171875,53.0,0.828125,0.828125,2.0,0.5260416666666667
S17,MIDynamicEMATent,,,,,,,,,,5,64,0,0.0,64,1.0,0,0.0,1.0,1,0.027694419026374817,0.027694419026374817,0.6843265295028687,0.656632125377655,0.9423287779140047,0.049362896378082846,0.008308325707912444,0.04977645538198172,26.141702115535736,0.005538883805274962,0.0,0.7213187217712402,0.05,1.0,1.0,0.0,0.0,23.0,0.359375,41.0,0.640625,0.640625,2.0,0.6666666666666667
S17,MIDynamicEMATent,,,,,,,,,,6,64,0,0.0,64,1.0,0,0.0,1.0,1,0.03259989246726036,0.03259989246726036,0.6919364333152771,0.659336507320404,0.9371039120342638,0.053116120225558165,0.009779967740178109,0.05364072478350057,28.2280952334404,0.006519978493452071,0.0,0.7138332724571228,0.05,1.0,1.0,0.0,0.0,35.0,0.546875,29.0,0.453125,0.546875,2.0,0.6666666666666667
S17,MIDynamicEMATent,,,,,,,,,,7,8,0,0.0,8,1.0,0,0.0,1.0,1,0.01907506212592125,0.01907506212592125,0.6761013865470886,0.6570262908935547,0.9406633121674067,0.05361416919481688,0.0057225186377763745,0.053922743097190584,28.38069573044777,0.003815012425184249,0.0,0.6988875865936279,0.05,1.0,1.0,0.0,0.0,6.0,0.75,2.0,0.25,0.75,2.0,0.6666666666666667
S17,MIDynamicRelaxed,,,,,,,,,,0,64,64,1.0,0,0.0,0,0.0,1.0,1,0.02290206588804722,0.15133428523651613,0.1394778937101364,0.11657582223415375,0.871002450642895,0.06846383526249844,0.06053371409460645,0.07287524447619498,9.685394255137032,0.030266857047303218,1.0,0.06296677142381668,0.0,1.0,1.0,64.0,1.0,0.0,0.0,0.0,0.0,1.0,1.0,0.6666666666666667
S17,MIDynamicRelaxed,,,,,,,,,,1,64,64,1.0,0,0.0,0,0.0,1.0,1,0.01948263682425022,0.13958021645007657,0.21059741079807281,0.19111476838588715,0.816352930128533,0.1278149832914364,0.05583208658003063,0.1353731486473252,18.618528107941934,0.02791604329001531,1.0,0.10340970754623413,0.0,1.0,1.0,64.0,1.0,0.0,0.0,0.0,0.0,1.0,1.0,0.6666666666666667
S17,MIDynamicRelaxed,,,,,,,,,,2,64,64,1.0,0,0.0,0,0.0,1.0,1,0.045624442398548126,0.21359878838267815,0.6298019289970398,0.5841774344444275,0.7106549148761283,0.2039055697708004,0.08543951535307126,0.22295471233870257,32.28885056443333,0.04271975767653562,1.0,0.49205300211906433,0.0,1.0,1.0,64.0,1.0,0.0,0.0,0.0,0.0,1.0,1.0,0.6666666666666667
S17,MIDynamicRelaxed,,,,,,,,,,3,64,45,0.703125,0,0.0,19,0.296875,0.703125,2,0.33232808113098145,0.5764790378938175,0.9166555404663086,0.5843274593353271,0.4481489810745799,0.3212594037678931,0.23059161515752702,0.4175408146009054,69.18350898963766,0.11529580757876347,1.0,0.6836878657341003,0.0,1.0,1.0,38.0,0.59375,7.0,0.109375,19.0,0.296875,0.59375,3.0,0.3697916666666667
S17,MIDynamicRelaxed,,,,,,,,,,4,64,0,0.0,9,0.140625,55,0.859375,0.859375,2,0.02217467688024044,0.14891164118443004,0.8384658694267273,0.8162911534309387,0.508462219548628,0.43197312397760007,0.059564656473772015,0.45933314496442323,78.71385402544118,0.029782328236886,1.0,0.7905299663543701,0.0,1.0,1.0,0.0,0.0,11.0,0.171875,53.0,0.828125,0.828125,2.0,0.5260416666666667
S17,MIDynamicRelaxed,,,,,,,,,,5,64,0,0.0,64,1.0,0,0.0,1.0,1,0.02147631160914898,0.14654798398186505,0.7209517359733582,0.6994754076004028,0.4730124757062632,0.46836833070099076,0.058619193592746026,0.49753333349603934,88.09292500028054,0.029309596796373006,1.0,0.7121555805206299,0.0,1.0,1.0,0.0,0.0,25.0,0.390625,39.0,0.609375,0.609375,2.0,0.6666666666666667
S17,MIDynamicRelaxed,,,,,,,,,,6,64,0,0.0,64,1.0,0,0.0,1.0,1,0.025522014126181602,0.15975610825937644,0.7273999452590942,0.7018779516220093,0.4342479427326006,0.5018496139636488,0.06390244330375058,0.5361082404005163,98.31731592888063,0.031951221651875285,1.0,0.7085387110710144,0.0,1.0,1.0,0.0,0.0,37.0,0.578125,27.0,0.421875,0.578125,2.0,0.6666666666666667
S17,MIDynamicRelaxed,,,,,,,,,,7,8,0,0.0,8,1.0,0,0.0,1.0,1,0.014412106946110725,0.12005043501008535,0.7071723341941833,0.6927602291107178,0.43831448740388407,0.5136653385920817,0.04802017400403414,0.539575865543876,99.27771940896132,0.024010087002017063,1.0,0.6904528141021729,0.0,1.0,1.0,0.0,0.0,6.0,0.75,2.0,0.25,0.75,2.0,0.6666666666666667
S17,MIDynamicRelaxedAnchor,,,,,,,,,,0,64,64,1.0,0,0.0,0,0.0,1.0,1,0.02290206588804722,0.23620085671286453,0.1394778937101364,0.11657582223415375,0.8046509311921985,0.10086872612265563,0.09448034268514582,0.11139319318783492,15.11685482962333,0.0472401713425729,1.0,0.07920608669519424,0.0,1.0,1.0,64.0,1.0,0.0,0.0,0.0,0.0,1.0,1.0,0.6666666666666667
S17,MIDynamicRelaxedAnchor,,,,,,,,,,1,64,64,1.0,0,0.0,0,0.0,1.0,1,0.01948241889476776,0.22562149220878525,0.21059705317020416,0.1911146342754364,0.7221697372019086,0.18758166591457734,0.09024859688351411,0.20619002649733653,29.556630330985584,0.04512429844175704,1.0,0.1273263692855835,0.0,1.0,1.0,64.0,1.0,0.0,0.0,0.0,0.0,1.0,1.0,0.6666666666666667
S17,MIDynamicRelaxedAnchor,,,,,,,,,,2,64,64,1.0,0,0.0,0,0.0,1.0,1,0.04562417045235634,0.2922383366199589,0.6298007965087891,0.5841766595840454,0.6057173054773017,0.27738735987471475,0.11689533464798357,0.31410473838244835,48.259883874662954,0.058447667323991766,1.0,0.59373939037323,0.0,1.0,1.0,64.0,1.0,0.0,0.0,0.0,0.0,1.0,1.0,0.6666666666666667
S17,MIDynamicRelaxedAnchor,,,,,,,,,,3,64,45,0.703125,0,0.0,19,0.296875,0.703125,2,0.33233699202537537,0.6188380899091296,0.9166417717933655,0.5843048095703125,0.37876076641601547,0.37370399762033274,0.24753523596365185,0.4966398633946941,87.86552162884725,0.1237676179818259,1.0,0.7139011025428772,0.0,1.0,1.0,37.0,0.578125,9.0,0.140625,18.0,0.28125,0.578125,3.0,0.3697916666666667
S17,MIDynamicRelaxedAnchor,,,,,,,,,,4,64,0,0.0,9,0.140625,55,0.859375,0.859375,2,0.022175272926688194,0.23402227826230027,0.8384883403778076,0.8163130879402161,0.40586084367154124,0.5005302450235386,0.0936089113049201,0.5522232635187818,102.84294743763446,0.046804455652460046,1.0,0.7769104242324829,0.0,1.0,1.0,0.0,0.0,9.0,0.140625,55.0,0.859375,0.859375,2.0,0.5260416666666667
S17,MIDynamicRelaxedAnchor,,,,,,,,,,5,64,0,0.0,64,1.0,0,0.0,1.0,1,0.021475335583090782,0.23189018849900678,0.7209576964378357,0.6994823217391968,0.36176894279425403,0.5454749818061432,0.09275607539960272,0.6012440171990151,117.6839195015709,0.046378037699801346,1.0,0.7092803120613098,0.0,1.0,1.0,0.0,0.0,26.0,0.40625,38.0,0.59375,0.59375,2.0,0.6666666666666667
S17,MIDynamicRelaxedAnchor,,,,,,,,,,6,64,0,0.0,64,1.0,0,0.0,1.0,1,0.025520984083414078,0.2437775959861807,0.7274045944213867,0.7018836140632629,0.3185763106287772,0.5839126509767505,0.09751103839447228,0.647002540549604,133.28568564468645,0.04875551919723613,1.0,0.7073149681091309,0.0,1.0,1.0,0.0,0.0,39.0,0.609375,25.0,0.390625,0.609375,2.0,0.6666666666666667
S17,MIDynamicRelaxedAnchor,,,,,,,,,,7,8,0,0.0,8,1.0,0,0.0,1.0,1,0.014412866905331612,0.20804824012133935,0.7071731090545654,0.6927602291107178,0.3194404477606263,0.597340256190838,0.08321929604853574,0.6515628586162543,134.95007156565717,0.04160964802426786,1.0,0.6908829212188721,0.0,1.0,1.0,0.0,0.0,6.0,0.75,2.0,0.25,0.75,2.0,0.6666666666666667
S17,MIDynamicFastEMA,,,,,,,,,,0,64,64,1.0,0,0.0,0,0.0,1.0,1,0.02290206588804722,0.15133428523651613,0.1394778937101364,0.11657582223415375,0.7945198395648927,0.12981301781684929,0.07566714261825806,0.14043968769492476,9.685394255137032,0.030266857047303218,1.0,0.06982651352882385,0.0,1.0,1.0,64.0,1.0,0.0,0.0,0.0,0.0,1.0,1.0,0.6666666666666667
S17,MIDynamicFastEMA,,,,,,,,,,1,64,64,1.0,0,0.0,0,0.0,1.0,1,0.019482431933283806,0.1395794824939676,0.21059705317020416,0.1911146193742752,0.695406716185069,0.23480354256794725,0.0697897412469838,0.25241985922914967,18.618481134750958,0.027915896498793513,1.0,0.11363832652568817,0.0,1.0,1.0,64.0,1.0,0.0,0.0,0.0,0.0,1.0,1.0,0.6666666666666667
S17,MIDynamicFastEMA,,,,,,,,,,2,64,64,1.0,0,0.0,0,0.0,1.0,1,0.04562395438551903,0.21359764602054732,0.629797637462616,0.5841736793518066,0.539315327983148,0.3538858490065783,0.10679882301027366,0.3961994880025206,32.288730480065986,0.04271952920410945,1.0,0.559421718120575,0.0,1.0,1.0,64.0,1.0,0.0,0.0,0.0,0.0,1.0,1.0,0.6666666666666667
S17,MIDynamicFastEMA,,,,,,,,,,3,64,45,0.703125,0,0.0,19,0.296875,0.703125,2,0.33232662081718445,0.5764777713122896,0.9166527390480042,0.5843260884284973,0.2414719111739473,0.4702892031699078,0.2882388856561448,0.6607402310864497,69.18330784405252,0.1152955542624579,1.0,0.699047863483429,0.0,1.0,1.0,37.0,0.578125,9.0,0.140625,18.0,0.28125,0.578125,3.0,0.3697916666666667
S17,MIDynamicFastEMA,,,,,,,,,,4,64,0,0.0,9,0.140625,55,0.859375,0.859375,2,0.02217424288392067,0.14891018394965694,0.8384712934494019,0.8162970542907715,0.2705571319874438,0.6549877760377277,0.07445509197482847,0.7076780071485352,78.71355961683057,0.029782036789931382,1.0,0.7755742073059082,0.0,1.0,1.0,0.0,0.0,9.0,0.140625,55.0,0.859375,0.859375,2.0,0.5260416666666667
S17,MIDynamicFastEMA,,,,,,,,,,5,64,0,0.0,64,1.0,0,0.0,1.0,1,0.021475715562701225,0.14654595034562104,0.7209569215774536,0.699481189250946,0.23397487346613935,0.6927521513610502,0.07327297517281052,0.747525574200483,88.09250043895031,0.029309190069124202,1.0,0.7074503302574158,0.0,1.0,1.0,0.0,0.0,26.0,0.40625,38.0,0.59375,0.59375,2.0,0.6666666666666667
S17,MIDynamicFastEMA,,,,,,,,,,6,64,0,0.0,64,1.0,0,0.0,1.0,1,0.025520604103803635,0.15975169515158089,0.7274071574211121,0.7018865346908569,0.19800882387274132,0.7221153285514682,0.07987584757579044,0.7848020581232908,98.31660892865149,0.03195033903031617,1.0,0.704562246799469,0.0,1.0,1.0,0.0,0.0,39.0,0.609375,25.0,0.390625,0.609375,2.0,0.6666666666666667
S17,MIDynamicFastEMA,,,,,,,,,,7,8,0,0.0,8,1.0,0,0.0,1.0,1,0.014412052929401398,0.12005021003480751,0.7071815729141235,0.692769467830658,0.19926784543128634,0.74070704955131,0.060025105017403754,0.788007268603726,99.27701060892996,0.024010042006961496,1.0,0.6850516200065613,0.0,1.0,1.0,0.0,0.0,6.0,0.75,2.0,0.25,0.75,2.0,0.6666666666666667
S2,EMATent,0.023137448355555534,0.023137448355555534,0.996536910533905,0.0,0.49305876549333333,0.5,0.00694123450666666,0.0,0.0,0,64,64,1.0,0,0.0,0,0.0,1.0,1,,,,,,,,,,,,,,,,,,,,,,,,
S2,EMATent,0.054176073521375656,0.054176073521375656,0.9905073046684265,0.0,0.4837471779435873,0.5,0.016252822056412698,0.0,0.0,1,64,64,1.0,0,0.0,0,0.0,1.0,1,,,,,,,,,,,,,,,,,,,,,,,,
S2,EMATent,0.09425278753042221,0.09425278753042221,0.9813370704650879,0.0,0.47172416374087334,0.5,0.028275836259126663,0.0,0.0,2,64,64,1.0,0,0.0,0,0.0,1.0,1,,,,,,,,,,,,,,,,,,,,,,,,
S2,EMATent,0.6277035474777222,0.6277035474777222,0.8698461651802063,1.0,0.3116889357566833,0.5,0.18831106424331664,0.0,0.0,3,64,37,0.578125,27,0.421875,0,0.0,0.578125,2,,,,,,,,,,,,,,,,,,,,,,,,
S2,EMATent,0.6780999898910522,0.6780999898910522,0.7464786171913147,1.0,0.2965700030326843,0.5,0.20342999696731567,0.0,0.0,4,64,0,0.0,64,1.0,0,0.0,1.0,1,,,,,,,,,,,,,,,,,,,,,,,,
S2,EMATent,0.6456448435783386,0.6456448435783386,0.8560023903846741,1.0,0.3063065469264984,0.5,0.19369345307350158,0.0,0.0,5,64,0,0.0,32,0.5,32,0.5,0.5,2,,,,,,,,,,,,,,,,,,,,,,,,
S2,EMATent,0.6814496517181396,0.6814496517181396,0.7173002362251282,1.0,0.2955651044845581,0.5,0.2044348955154419,0.0,0.0,6,40,0,0.0,0,0.0,40,1.0,1.0,1,,,,,,,,,,,,,,,,,,,,,,,,
S2,MIDynamicEMATent,,,,,,,,,,0,64,64,1.0,0,0.0,0,0.0,1.0,1,0.0032719303853809834,0.0032719303853809834,0.023137448355555534,0.01986551843583584,0.9986099145869848,0.000408506297401015,0.000981579115614295,0.0004089076726326857,0.20940354466438293,0.0006543860770761965,0.0,0.021610556170344353,0.05,1.0,1.0,64.0,1.0,0.0,0.0,0.0,0.0,1.0,1.0,0.6666666666666667
S2,MIDynamicEMATent,,,,,,,,,,1,64,64,1.0,0,0.0,0,0.0,1.0,1,0.004838692955672741,0.004838692955672741,0.03802860900759697,0.033189915120601654,0.9975365488803947,0.0010118432329034865,0.0014516078867018222,0.0010133141677410862,0.5190798938274384,0.000967738591134548,0.0,0.028403449803590775,0.05,1.0,1.0,64.0,1.0,0.0,0.0,0.0,0.0,1.0,1.0,0.6666666666666667
S2,MIDynamicEMATent,,,,,,,,,,2,64,64,1.0,0,0.0,0,0.0,1.0,1,0.006053311750292778,0.006053311750292778,0.05874742195010185,0.052694108337163925,0.9964182933419234,0.001765713132988725,0.0018159935250878334,0.001768925490225337,0.9064918458461761,0.0012106623500585554,0.0,0.04909306764602661,0.05,1.0,1.0,64.0,1.0,0.0,0.0,0.0,0.0,1.0,1.0,0.6666666666666667
S2,MIDynamicEMATent,,,,,,,,,,3,64,37,0.578125,27,0.421875,0,0.0,0.578125,2,0.138914093375206,0.138914093375206,0.25291645526885986,0.11400236189365387,0.9401627709643263,0.018163001023111816,0.0416742280125618,0.018952846259622347,9.79699382185936,0.027782818675041194,1.0,0.1414308249950409,0.05,1.0,1.0,59.0,0.921875,0.0,0.0,5.0,0.078125,0.921875,2.0,0.24479166666666669
S2,MIDynamicEMATent,,,,,,,,,,4,64,0,0.0,64,1.0,0,0.0,1.0,1,0.0113977687433362,0.0113977687433362,0.07644961774349213,0.0650518462061882,0.9763006816577628,0.02027998771923633,0.00341933062300086,0.020349569625822794,10.526451021432877,0.0022795537486672394,0.0,0.10060437023639679,0.05,1.0,1.0,64.0,1.0,0.0,0.0,0.0,0.0,1.0,1.0,0.6666666666666667
S2,MIDynamicEMATent,,,,,,,,,,5,64,0,0.0,32,0.5,32,0.5,0.5,2,0.13508693873882294,0.13508693873882294,0.41022446751594543,0.2751375436782837,0.9242104362501897,0.03526348212816343,0.04052608162164688,0.03675293455372264,19.172015100717545,0.02701738774776458,1.0,0.38876020908355713,0.05,1.0,1.0,53.0,0.828125,0.0,0.0,11.0,0.171875,0.828125,2.0,0.16666666666666669
S2,MIDynamicEMATent,,,,,,,,,,6,40,0,0.0,0,0.0,40,1.0,1.0,1,0.02285601757466793,0.02285601757466793,0.1388917863368988,0.11603577435016632,0.9549355864273998,0.03820760830019977,0.006856805272400379,0.038471399193023115,20.086255803704262,0.004571203514933585,0.0,0.17230549454689026,0.05,1.0,1.0,40.0,1.0,0.0,0.0,0.0,0.0,1.0,1.0,0.6666666666666667
S2,MIDynamicRelaxed,,,,,,,,,,0,64,64,1.0,0,0.0,0,0.0,1.0,1,0.060015443712472916,0.24498049659610235,0.16943272948265076,0.10941728204488754,0.7980194101791536,0.10398839118240556,0.09799219863844094,0.1152854676261531,15.67875178215055,0.04899609931922046,1.0,0.04933948069810867,0.0,1.0,1.0,64.0,1.0,0.0,0.0,0.0,0.0,1.0,1.0,0.6666666666666667
S2,MIDynamicRelaxed,,,,,,,,,,1,64,64,1.0,0,0.0,0,0.0,1.0,1,0.00959044974297285,0.09793084163312828,0.09396237879991531,0.08437193185091019,0.8094373634039853,0.15139029994276337,0.039172336653251316,0.15756238680247991,21.94632564667076,0.01958616832662565,1.0,0.03629090264439583,0.0,1.0,1.0,64.0,1.0,0.0,0.0,0.0,0.0,1.0,1.0,0.6666666666666667
S2,MIDynamicRelaxed,,,,,,,,,,2,64,64,1.0,0,0.0,0,0.0,1.0,1,0.012950138188898563,0.11379867393295302,0.1369120329618454,0.12396189570426941,0.7596153898581424,0.19486514056867643,0.04551946957318121,0.20415831895653003,29.229440778379754,0.0227597347865906,1.0,0.06465619802474976,0.0,1.0,1.0,64.0,1.0,0.0,0.0,0.0,0.0,1.0,1.0,0.6666666666666667
S2,MIDynamicRelaxed,,,,,,,,,,3,64,37,0.578125,27,0.421875,0,0.0,0.578125,2,0.18204425275325775,0.4266664420284981,0.41153740882873535,0.2294931560754776,0.5332199730529592,0.2961134501356415,0.17066657681139927,0.35704994138202195,56.536093068203634,0.0853332884056996,1.0,0.22993458807468414,0.0,1.0,1.0,56.0,0.875,0.0,0.0,8.0,0.125,0.875,2.0,0.24479166666666669
S2,MIDynamicRelaxed,,,,,,,,,,4,64,0,0.0,64,1.0,0,0.0,1.0,1,0.05642107129096985,0.2375312006683961,0.24455305933952332,0.18813200294971466,0.516702526943799,0.38828499278884254,0.09501248026735844,0.42905010767833873,71.73808991098099,0.047506240133679205,1.0,0.2394862174987793,0.0,1.0,1.0,62.0,0.96875,0.0,0.0,2.0,0.03125,0.96875,2.0,0.6666666666666667
S2,MIDynamicRelaxed,,,,,,,,,,5,64,0,0.0,32,0.5,32,0.5,0.5,2,0.257678359746933,0.5076202909133292,0.7164721488952637,0.4587937593460083,0.3530219838644144,0.4439298997702539,0.20304811636533168,0.5570347581658472,104.22578852943406,0.10152405818266581,1.0,0.5260907411575317,0.0,1.0,1.0,26.0,0.40625,0.0,0.0,38.0,0.59375,0.59375,2.0,0.16666666666666669
S2,MIDynamicRelaxed,,,,,,,,,,6,40,0,0.0,0,0.0,40,1.0,1.0,1,0.04237307980656624,0.2058472244325054,0.2883850932121277,0.24601201713085175,0.3811667452536921,0.5364943649733057,0.08233888977300216,0.5846323430232272,112.45967750673427,0.041169444886501066,1.0,0.5002681016921997,0.0,1.0,1.0,37.0,0.925,0.0,0.0,3.0,0.075,0.925,2.0,0.6666666666666667
S2,MIDynamicRelaxedAnchor,,,,,,,,,,0,64,64,1.0,0,0.0,0,0.0,1.0,1,0.060015443712472916,0.32048244693649214,0.16943272948265076,0.10941728204488754,0.7427257538211852,0.12908126740421788,0.12819297877459687,0.14806174332340494,20.510876603935497,0.06409648938729841,1.0,0.06591187417507172,0.0,1.0,1.0,64.0,1.0,0.0,0.0,0.0,0.0,1.0,1.0,0.6666666666666667
S2,MIDynamicRelaxedAnchor,,,,,,,,,,1,64,64,1.0,0,0.0,0,0.0,1.0,1,0.009590606205165386,0.18813847642309212,0.09396401047706604,0.08437339961528778,0.7170941477057896,0.2076504617249736,0.07525539056923686,0.22454898315416527,32.55173909501339,0.037627695284618415,1.0,0.04561637341976166,0.0,1.0,1.0,64.0,1.0,0.0,0.0,0.0,0.0,1.0,1.0,0.6666666666666667
S2,MIDynamicRelaxedAnchor,,,,,,,,,,2,64,64,1.0,0,0.0,0,0.0,1.0,1,0.012948918156325817,0.20241398198792931,0.13689610362052917,0.12394718825817108,0.6440691581770013,0.27496524902782693,0.08096559279517174,0.29918928700842917,45.50623394224087,0.040482796397585855,1.0,0.08283031731843948,0.0,1.0,1.0,64.0,1.0,0.0,0.0,0.0,0.0,1.0,1.0,0.6666666666666667
S2,MIDynamicRelaxedAnchor,,,,,,,,,,3,64,37,0.578125,27,0.421875,0,0.0,0.578125,2,0.182041734457016,0.48399714179949693,0.4115034341812134,0.22946171462535858,0.44366301165535493,0.36273813162484625,0.1935988567197988,0.4498234342145584,76.48205101740868,0.09679942835989937,1.0,0.26983365416526794,0.0,1.0,1.0,53.0,0.828125,0.0,0.0,11.0,0.171875,0.828125,2.0,0.24479166666666669
S2,MIDynamicRelaxedAnchor,,,,,,,,,,4,64,0,0.0,64,1.0,0,0.0,1.0,1,0.05638889595866203,0.3137171161290463,0.24445144832134247,0.18806254863739014,0.41128761129294694,0.4632255422554345,0.12548684645161853,0.5296953400596359,96.55994644966765,0.06274342322580924,1.0,0.3258998692035675,0.0,1.0,1.0,58.0,0.90625,0.0,0.0,6.0,0.09375,0.90625,2.0,0.6666666666666667
S2,MIDynamicRelaxedAnchor,,,,,,,,,,5,64,0,0.0,32,0.5,32,0.5,0.5,2,0.257640540599823,0.5568247343192536,0.7164179682731628,0.45877742767333984,0.2767185620705516,0.5005515442017469,0.22272989372770147,0.6439866143860038,132.19672944609988,0.11136494686385069,1.0,0.5276350378990173,0.0,1.0,1.0,22.0,0.34375,0.0,0.0,42.0,0.65625,0.65625,2.0,0.16666666666666669
S2,MIDynamicRelaxedAnchor,,,,,,,,,,6,40,0,0.0,0,0.0,40,1.0,1.0,1,0.042355362325906754,0.28522376598046073,0.28825628757476807,0.2459009438753128,0.2885004214616489,0.5974100721461668,0.11408950639218429,0.6743458582517193,143.6056800853183,0.05704475319609213,1.0,0.6131501197814941,0.0,1.0,1.0,30.0,0.75,0.0,0.0,10.0,0.25,0.75,2.0,0.6666666666666667
S2,MIDynamicFastEMA,,,,,,,,,,0,64,64,1.0,0,0.0,0,0.0,1.0,1,0.060015443712472916,0.24498049659610235,0.16943272948265076,0.10941728204488754,0.6868442606790099,0.1906654910229388,0.12249024829805118,0.2172801962065254,15.67875178215055,0.04899609931922046,1.0,0.06232118979096413,0.0,1.0,1.0,64.0,1.0,0.0,0.0,0.0,0.0,1.0,1.0,0.6666666666666667
S2,MIDynamicFastEMA,,,,,,,,,,1,64,64,1.0,0,0.0,0,0.0,1.0,1,0.00959046371281147,0.09793091295812303,0.0939629003405571,0.08437243849039078,0.6749502440906612,0.2760842994302773,0.04896545647906152,0.2902989184894932,21.946330211470425,0.019586182591624604,1.0,0.0398789644241333,0.0,1.0,1.0,64.0,1.0,0.0,0.0,0.0,0.0,1.0,1.0,0.6666666666666667
S2,MIDynamicFastEMA,,,,,,,,,,2,64,64,1.0,0,0.0,0,0.0,1.0,1,0.012951264157891273,0.11380362102275689,0.13692499697208405,0.12397373467683792,0.597321426424015,0.34577676306460664,0.056901810511378444,0.366639197189105,29.229761956926865,0.022760724204551372,1.0,0.07275175303220749,0.0,1.0,1.0,64.0,1.0,0.0,0.0,0.0,0.0,1.0,1.0,0.6666666666666667
S2,MIDynamicFastEMA,,,,,,,,,,3,64,37,0.578125,27,0.421875,0,0.0,0.578125,2,0.18204669654369354,0.42666930583731183,0.41155874729156494,0.2295120358467102,0.32519291651325827,0.4614724305680858,0.21333465291865591,0.5866184805015542,56.536597530514825,0.08533386116746235,1.0,0.2807694673538208,0.0,1.0,1.0,53.0,0.828125,0.0,0.0,11.0,0.171875,0.828125,2.0,0.24479166666666669
S2,MIDynamicFastEMA,,,,,,,,,,4,64,0,0.0,64,1.0,0,0.0,1.0,1,0.05642956122756004,0.23754907119911045,0.24459370970726013,0.1881641447544098,0.2872578097389551,0.5939676546614897,0.11877453559955523,0.6740246153299765,71.73973808725789,0.047509814239822076,1.0,0.30868542194366455,0.0,1.0,1.0,60.0,0.9375,0.0,0.0,4.0,0.0625,0.9375,2.0,0.6666666666666667
S2,MIDynamicFastEMA,,,,,,,,,,5,64,0,0.0,32,0.5,32,0.5,0.5,2,0.2576729357242584,0.5076149482868471,0.7164859771728516,0.45881304144859314,0.1464135700109057,0.5997789558456708,0.25380747414342353,0.8037857993246003,104.2270947776161,0.10152298965736939,1.0,0.5632827281951904,0.0,1.0,1.0,23.0,0.359375,0.0,0.0,41.0,0.640625,0.640625,2.0,0.16666666666666669
S2,MIDynamicFastEMA,,,,,,,,,,6,40,0,0.0,0,0.0,40,1.0,1.0,1,0.04238476976752281,0.2058756172243882,0.28846415877342224,0.24607938528060913,0.1547644951945964,0.7422976961932095,0.1029378086121941,0.8274762924127178,112.46211946659163,0.041175123444877636,1.0,0.602465033531189,0.0,1.0,1.0,31.0,0.775,0.0,0.0,9.0,0.225,0.775,2.0,0.6666666666666667
S3,EMATent,0.08264516294002533,0.08264516294002533,0.9843663573265076,0.0,0.4752064511179924,0.5,0.024793548882007597,0.0,0.0,0,64,64,1.0,0,0.0,0,0.0,1.0,1,,,,,,,,,,,,,,,,,,,,,,,,
S3,EMATent,0.0506594143807888,0.0506594143807888,0.9910949468612671,0.0,0.48480217568576334,0.5,0.01519782431423664,0.0,0.0,1,64,64,1.0,0,0.0,0,0.0,1.0,1,,,,,,,,,,,,,,,,,,,,,,,,
S3,EMATent,0.13685202598571777,0.13685202598571777,0.9704316854476929,0.0,0.4589443922042847,0.5,0.04105560779571533,0.0,0.0,2,64,64,1.0,0,0.0,0,0.0,1.0,1,,,,,,,,,,,,,,,,,,,,,,,,
S3,EMATent,0.6418731808662415,0.6418731808662415,0.9714098572731018,1.0,0.30743804574012756,0.5,0.19256195425987244,0.0,0.0,3,64,36,0.5625,28,0.4375,0,0.0,0.5625,2,,,,,,,,,,,,,,,,,,,,,,,,
S3,EMATent,0.08428408205509186,0.08428408205509186,0.9832876920700073,0.0,0.47471477538347245,0.5,0.025285224616527557,0.0,0.0,4,64,0,0.0,64,1.0,0,0.0,1.0,1,,,,,,,,,,,,,,,,,,,,,,,,
S3,EMATent,0.6197126507759094,0.6197126507759094,0.8175292015075684,1.0,0.31408620476722715,0.5,0.18591379523277282,0.0,0.0,5,64,0,0.0,36,0.5625,28,0.4375,0.5625,2,,,,,,,,,,,,,,,,,,,,,,,,
S3,EMATent,0.4948347508907318,0.4948347508907318,0.8454035520553589,1.0,0.3515495747327805,0.5,0.14845042526721955,0.0,0.0,6,47,0,0.0,0,0.0,47,1.0,1.0,1,,,,,,,,,,,,,,,,,,,,,,,,
S3,MIDynamicEMATent,,,,,,,,,,0,64,64,1.0,0,0.0,0,0.0,1.0,1,0.014016435481607914,0.014016435481607914,0.08264516294002533,0.06862872838973999,0.9940519096889285,0.0017431596665891098,0.004204930644482374,0.0017505204838152988,0.8970518708229065,0.002803287096321582,0.0,0.06250889599323273,0.05,1.0,1.0,64.0,1.0,0.0,0.0,0.0,0.0,1.0,1.0,0.6666666666666667
S3,MIDynamicEMATent,,,,,,,,,,1,64,64,1.0,0,0.0,0,0.0,1.0,1,0.006024194415658712,0.006024194415658712,0.04345805197954178,0.03743385896086693,0.9956953196879357,0.002497421987366664,0.0018072583246976136,0.0025019436458485478,1.282600313425064,0.0012048388831317422,0.0,0.039956189692020416,0.05,1.0,1.0,64.0,1.0,0.0,0.0,0.0,0.0,1.0,1.0,0.6666666666666667
S3,MIDynamicEMATent,,,,,,,,,,2,64,64,1.0,0,0.0,0,0.0,1.0,1,0.01565997302532196,0.01565997302532196,0.07571789622306824,0.06005792319774628,0.990870293654513,0.004431714437890464,0.004697991907596588,0.004452632871086326,2.2848385870456696,0.0031319946050643913,0.0,0.06813230365514755,0.05,1.0,1.0,64.0,1.0,0.0,0.0,0.0,0.0,1.0,1.0,0.6666666666666667
S3,MIDynamicEMATent,,,,,,,,,,3,64,36,0.5625,28,0.4375,0,0.0,0.5625,2,0.2993881404399872,0.2993881404399872,0.47468817234039307,0.17530003190040588,0.872846926195643,0.03733663167236091,0.08981644213199615,0.04102099115019997,21.44567957520485,0.059877628087997424,1.0,0.2020794153213501,0.05,1.0,1.0,47.0,0.734375,17.0,0.265625,0.0,0.0,0.734375,2.0,0.22916666666666669
S3,MIDynamicEMATent,,,,,,,,,,4,64,0,0.0,64,1.0,0,0.0,1.0,1,0.2445635348558426,0.2445635348558426,0.6931934356689453,0.44862988591194153,0.8618651570116734,0.06476578253157379,0.07336906045675277,0.06989382694635471,37.097745805978775,0.04891270697116851,1.0,0.5818473100662231,0.05,1.0,1.0,24.0,0.375,40.0,0.625,0.0,0.0,0.625,2.0,0.6666666666666667
S3,MIDynamicEMATent,,,,,,,,,,5,64,0,0.0,36,0.5625,28,0.4375,0.5625,2,0.12308897078037262,0.12308897078037262,0.40370166301727295,0.28061267733573914,0.8820836371236148,0.08098967164227347,0.03692669123411178,0.08409502257523482,44.97543993592262,0.02461779415607452,1.0,0.3282664120197296,0.05,1.0,1.0,55.0,0.859375,9.0,0.140625,0.0,0.0,0.859375,2.0,0.22916666666666669
S3,MIDynamicEMATent,,,,,,,,,,6,47,0,0.0,0,0.0,47,1.0,1.0,1,0.3248351216316223,0.3248351216316223,0.6540104746818542,0.32917535305023193,0.8023636955034888,0.1001857680070245,0.09745053648948669,0.11100307745721405,60.24269065260887,0.06496702432632445,1.0,0.4365696907043457,0.05,1.0,1.0,24.0,0.5106382978723404,23.0,0.48936170212765956,0.0,0.0,0.5106382978723404,2.0,0.6666666666666667
S3,MIDynamicRelaxed,,,,,,,,,,0,64,64,1.0,0,0.0,0,0.0,1.0,1,0.06277600675821304,0.2505514054205505,0.251361221075058,0.18858520686626434,0.7938336746270425,0.1059457632047374,0.1002205621682202,0.11774637066616844,16.03528994691523,0.050110281084110087,1.0,0.10966932028532028,0.0,1.0,1.0,64.0,1.0,0.0,0.0,0.0,0.0,1.0,1.0,0.6666666666666667
S3,MIDynamicRelaxed,,,,,,,,,,1,64,64,1.0,0,0.0,0,0.0,1.0,1,0.019160784780979156,0.1384224865438385,0.13937503099441528,0.12021423876285553,0.7776740167479322,0.16695698863453234,0.05536899461753541,0.17674307500306363,24.894329085720898,0.027684497308767698,1.0,0.059138212352991104,0.0,1.0,1.0,64.0,1.0,0.0,0.0,0.0,0.0,1.0,1.0,0.6666666666666667
S3,MIDynamicRelaxed,,,,,,,,,,2,64,64,1.0,0,0.0,0,0.0,1.0,1,0.06731866300106049,0.25945840321920677,0.24728624522686005,0.17996758222579956,0.6480488118440434,0.2481678268682739,0.10378336128768272,0.2769060695244858,41.49966689175013,0.051891680643841344,1.0,0.1316322535276413,0.0,1.0,1.0,64.0,1.0,0.0,0.0,0.0,0.0,1.0,1.0,0.6666666666666667
S3,MIDynamicRelaxed,,,,,,,,,,3,64,36,0.5625,28,0.4375,0,0.0,0.5625,2,0.43856698274612427,0.6622438997424772,0.6520056128501892,0.21343861520290375,0.38171404932889025,0.3533883907741188,0.2648975598969909,0.4807335297711689,83.88327647526867,0.1324487799484954,1.0,0.20613178610801697,0.0,1.0,1.0,39.0,0.609375,24.0,0.375,1.0,0.015625,0.609375,3.0,0.22916666666666669
S3,MIDynamicRelaxed,,,,,,,,,,4,64,0,0.0,64,1.0,0,0.0,1.0,1,0.18025407195091248,0.4245633897911035,0.8502920866012573,0.6700379848480225,0.34863178253358074,0.48154286154997783,0.1698253559164414,0.5800500713696932,111.05533342189929,0.08491267795822068,1.0,0.5841689705848694,0.0,1.0,1.0,9.0,0.140625,55.0,0.859375,0.0,0.0,0.859375,2.0,0.6666666666666667
S3,MIDynamicRelaxed,,,,,,,,,,5,64,0,0.0,36,0.5625,28,0.4375,0.5625,2,0.1990446001291275,0.4461441472541442,0.5659214854240417,0.36687687039375305,0.27602504693566876,0.5455172941626736,0.17845765890165768,0.6640160425978248,139.60855884616453,0.08922882945082881,1.0,0.5571094155311584,0.0,1.0,1.0,35.0,0.546875,29.0,0.453125,0.0,0.0,0.546875,2.0,0.22916666666666669
S3,MIDynamicRelaxed,,,,,,,,,,6,47,0,0.0,0,0.0,47,1.0,1.0,1,0.37736088037490845,0.6142970619943647,0.6819614768028259,0.3046005666255951,0.20225133192727923,0.552029843274975,0.2457188247977459,0.7318621509107035,168.48052075989966,0.12285941239887292,1.0,0.5244497656822205,0.0,1.0,1.0,16.0,0.3404255319148936,31.0,0.6595744680851063,0.0,0.0,0.6595744680851063,2.0,0.6666666666666667
S3,MIDynamicRelaxedAnchor,,,,,,,,,,0,64,64,1.0,0,0.0,0,0.0,1.0,1,0.06277600675821304,0.3254962648784955,0.251361221075058,0.18858520686626434,0.7391618324580448,0.1306396615905571,0.1301985059513982,0.15019480017501252,20.83176095222371,0.06509925297569909,1.0,0.1300850212574005,0.0,1.0,1.0,64.0,1.0,0.0,0.0,0.0,0.0,1.0,1.0,0.6666666666666667
S3,MIDynamicRelaxedAnchor,,,,,,,,,,1,64,64,1.0,0,0.0,0,0.0,1.0,1,0.019161177799105644,0.22458151555216999,0.1393776834011078,0.120216503739357,0.6913108940306276,0.21885649974850438,0.089832606220868,0.2404574161240649,35.20497794756259,0.044916303110433986,1.0,0.07489483058452606,0.0,1.0,1.0,64.0,1.0,0.0,0.0,0.0,0.0,1.0,1.0,0.6666666666666667
S3,MIDynamicRelaxedAnchor,,,,,,,,,,2,64,64,1.0,0,0.0,0,0.0,1.0,1,0.06731322407722473,0.33350312953481376,0.24726545810699463,0.1799522340297699,0.5571227595505561,0.3094759886355184,0.1334012518139255,0.35711566544874385,56.54917823779067,0.06670062590696274,1.0,0.16369867324829102,0.0,1.0,1.0,64.0,1.0,0.0,0.0,0.0,0.0,1.0,1.0,0.6666666666666667
S3,MIDynamicRelaxedAnchor,,,,,,,,,,3,64,36,0.5625,28,0.4375,0,0.0,0.5625,2,0.43855398893356323,0.6960106803037897,0.6519875526428223,0.21343357861042023,0.32755934777905915,0.394036380099425,0.27840427212151586,0.5460625179391032,101.0938617772332,0.1392021360607579,1.0,0.19518709182739258,0.0,1.0,1.0,38.0,0.59375,25.0,0.390625,1.0,0.015625,0.59375,3.0,0.22916666666666669
S3,MIDynamicRelaxedAnchor,,,,,,,,,,4,64,0,0.0,64,1.0,0,0.0,1.0,1,0.1802641600370407,0.4821177431499394,0.8502965569496155,0.6700324416160583,0.287913029656326,0.5192398730836982,0.19284709725997576,0.6432980310434938,131.94939733882933,0.09642354862998785,1.0,0.5627135634422302,0.0,1.0,1.0,5.0,0.078125,59.0,0.921875,0.0,0.0,0.921875,2.0,0.6666666666666667
S3,MIDynamicRelaxedAnchor,,,,,,,,,,5,64,0,0.0,36,0.5625,28,0.4375,0.5625,2,0.19897401332855225,0.5014585293602906,0.565767765045166,0.36679375171661377,0.22191585212953036,0.5775007361263534,0.20058341174411623,0.7224027429632249,164.04274321788793,0.10029170587205809,1.0,0.5764856338500977,0.0,1.0,1.0,28.0,0.4375,36.0,0.5625,0.0,0.0,0.5625,2.0,0.22916666666666669
S3,MIDynamicRelaxedAnchor,,,,,,,,,,6,47,0,0.0,0,0.0,47,1.0,1.0,1,0.3774010241031647,0.6528967620845354,0.6819539070129395,0.3045528829097748,0.16138029823762204,0.5774609969285638,0.26115870483381415,0.7815765045978877,194.7288910358611,0.13057935241690705,1.0,0.5312544107437134,0.0,1.0,1.0,10.0,0.2127659574468085,37.0,0.7872340425531915,0.0,0.0,0.7872340425531915,2.0,0.6666666666666667
S3,MIDynamicFastEMA,,,,,,,,,,0,64,64,1.0,0,0.0,0,0.0,1.0,1,0.06277600675821304,0.2505514054205505,0.251361221075058,0.18858520686626434,0.6808604340407207,0.193863863249004,0.12527570271027524,0.22162853352728207,16.03528994691523,0.050110281084110087,1.0,0.12650994956493378,0.0,1.0,1.0,64.0,1.0,0.0,0.0,0.0,0.0,1.0,1.0,0.6666666666666667
S3,MIDynamicFastEMA,,,,,,,,,,1,64,64,1.0,0,0.0,0,0.0,1.0,1,0.019161123782396317,0.13842371105557139,0.13937747478485107,0.12021635472774506,0.6308427210261428,0.29994542344607156,0.06921185552778569,0.3222488653593132,24.8944074544718,0.02768474221111427,1.0,0.06634577363729477,0.0,1.0,1.0,64.0,1.0,0.0,0.0,0.0,0.0,1.0,1.0,0.6666666666666667
S3,MIDynamicFastEMA,,,,,,,,,,2,64,64,1.0,0,0.0,0,0.0,1.0,1,0.06732223182916641,0.259465280585219,0.24729569256305695,0.17997345328330994,0.45502851048102855,0.4152388492263619,0.1297326402926095,0.4771394038792601,41.50018541192581,0.05189305611704379,1.0,0.15951785445213318,0.0,1.0,1.0,64.0,1.0,0.0,0.0,0.0,0.0,1.0,1.0,0.6666666666666667
S3,MIDynamicFastEMA,,,,,,,,,,3,64,36,0.5625,28,0.4375,0,0.0,0.5625,2,0.4385608732700348,0.662239287017944,0.652006983757019,0.21344609558582306,0.18035470960956004,0.4885256468814679,0.331119643508972,0.7303632737015813,83.88349978107422,0.13244785740358878,1.0,0.1972198635339737,0.0,1.0,1.0,38.0,0.59375,25.0,0.390625,1.0,0.015625,0.59375,3.0,0.22916666666666669
S3,MIDynamicFastEMA,,,,,,,,,,4,64,0,0.0,64,1.0,0,0.0,1.0,1,0.1802578717470169,0.4245678647130714,0.8503094911575317,0.670051634311676,0.13891887864357771,0.6487971889998866,0.2122839323565357,0.8236434619657205,111.0558431227108,0.08491357294261426,1.0,0.596970796585083,0.0,1.0,1.0,5.0,0.078125,59.0,0.921875,0.0,0.0,0.921875,2.0,0.6666666666666667
S3,MIDynamicFastEMA,,,,,,,,,,5,64,0,0.0,36,0.5625,28,0.4375,0.5625,2,0.19899167120456696,0.44608482512249503,0.5658233165740967,0.3668316602706909,0.08771153248064635,0.6892460549581061,0.22304241256124752,0.8871089826540105,139.6052719305505,0.08921696502449898,1.0,0.5877285003662109,0.0,1.0,1.0,30.0,0.46875,34.0,0.53125,0.0,0.0,0.53125,2.0,0.22916666666666669
S3,MIDynamicFastEMA,,,,,,,,,,6,47,0,0.0,0,0.0,47,1.0,1.0,1,0.3773794174194336,0.614312149822412,0.6819624304771423,0.30458301305770874,0.04981603392430783,0.6430278911644862,0.307156074911206,0.9280991979284173,168.47794297220386,0.12286242996448238,1.0,0.5529696941375732,0.0,1.0,1.0,16.0,0.3404255319148936,31.0,0.6595744680851063,0.0,0.0,0.6595744680851063,2.0,0.6666666666666667
S4,EMATent,0.025264937430620193,0.025264937430620193,0.9960735440254211,0.0,0.49242051877081394,0.5,0.007579481229186058,0.0,0.0,0,64,64,1.0,0,0.0,0,0.0,1.0,1,,,,,,,,,,,,,,,,,,,,,,,,
S4,EMATent,0.3256304860115051,0.3256304860115051,0.9281567335128784,1.0,0.40231085419654844,0.5,0.09768914580345153,0.0,0.0,1,64,64,1.0,0,0.0,0,0.0,1.0,1,,,,,,,,,,,,,,,,,,,,,,,,
S4,EMATent,0.5927305817604065,0.5927305817604065,0.7821331024169922,1.0,0.32218082547187804,0.5,0.17781917452812193,0.0,0.0,2,64,64,1.0,0,0.0,0,0.0,1.0,1,,,,,,,,,,,,,,,,,,,,,,,,
S4,EMATent,0.649554967880249,0.649554967880249,0.842400312423706,1.0,0.3051335096359253,0.5,0.1948664903640747,0.0,0.0,3,64,40,0.625,0,0.0,24,0.375,0.625,2,,,,,,,,,,,,,,,,,,,,,,,,
S4,EMATent,0.10987649112939835,0.10987649112939835,0.9766724109649658,0.0,0.4670370526611805,0.5,0.0329629473388195,0.0,0.0,4,64,0,0.0,13,0.203125,51,0.796875,0.796875,2,,,,,,,,,,,,,,,,,,,,,,,,
S4,EMATent,0.04602692276239395,0.04602692276239395,0.9912410974502563,0.0,0.4861919231712818,0.5,0.013808076828718185,0.0,0.0,5,64,0,0.0,64,1.0,0,0.0,1.0,1,,,,,,,,,,,,,,,,,,,,,,,,
S4,EMATent,0.13293875753879547,0.13293875753879547,0.9673599004745483,0.0,0.46011837273836137,0.5,0.03988162726163864,0.0,0.0,6,50,0,0.0,50,1.0,0,0.0,1.0,1,,,,,,,,,,,,,,,,,,,,,,,,
S4,MIDynamicEMATent,,,,,,,,,,0,64,64,1.0,0,0.0,0,0.0,1.0,1,0.0038100075908005238,0.0038100075908005238,0.025264937430620193,0.021454928442835808,0.9983814043897062,0.000475593333053624,0.001143002277240157,0.0004761375593682615,0.24384048581123352,0.0007620015181601046,0.0,0.02078290469944477,0.05,1.0,1.0,64.0,1.0,0.0,0.0,0.0,0.0,1.0,1.0,0.6666666666666667
S4,MIDynamicEMATent,,,,,,,,,,1,64,64,1.0,0,0.0,0,0.0,1.0,1,0.02596173994243145,0.02596173994243145,0.10713175684213638,0.08117002248764038,0.9885258565300227,0.0036856214872478896,0.007788521982729435,0.0037145523599594332,1.9053918421268463,0.005192347988486288,0.0,0.09808579832315445,0.05,1.0,1.0,64.0,1.0,0.0,0.0,0.0,0.0,1.0,1.0,0.6666666666666667
S4,MIDynamicEMATent,,,,,,,,,,2,64,64,1.0,0,0.0,0,0.0,1.0,1,0.1869584023952484,0.1869584023952484,0.8566188812255859,0.6696605086326599,0.9186839717677204,0.02522850751370505,0.05608752071857452,0.026727591876855805,13.870729595422745,0.03739168047904967,1.0,0.7374861240386963,0.05,1.0,1.0,18.0,0.28125,46.0,0.71875,0.0,0.0,0.71875,2.0,0.6666666666666667
S4,MIDynamicEMATent,,,,,,,,,,3,64,40,0.625,0,0.0,24,0.375,0.625,2,0.2030184417963028,0.2030184417963028,0.683864951133728,0.4808465540409088,0.8910918463730749,0.04800262108803419,0.06090553253889083,0.05111585974711552,26.863909870386124,0.04060368835926055,1.0,0.5947473049163818,0.05,1.0,1.0,0.0,0.0,40.0,0.625,24.0,0.375,0.625,2.0,0.2916666666666667
S4,MIDynamicEMATent,,,,,,,,,,4,64,0,0.0,13,0.203125,51,0.796875,0.796875,2,0.056066665798425674,0.056066665798425674,0.283334344625473,0.22726766765117645,0.9264085252903225,0.05677147497014981,0.0168199997395277,0.05774270729175679,30.452176481485367,0.011213333159685132,1.0,0.2720910906791687,0.05,1.0,1.0,0.0,0.0,63.0,0.984375,1.0,0.015625,0.984375,2.0,0.4635416666666667
S4,MIDynamicEMATent,,,,,,,,,,5,64,0,0.0,64,1.0,0,0.0,1.0,1,0.027077192440629005,0.027077192440629005,0.08442673832178116,0.0573495477437973,0.9314452315997986,0.06043161066801262,0.008123157732188701,0.06092652645246033,32.18511679768562,0.0054154384881258,0.0,0.0830240324139595,0.05,1.0,1.0,0.0,0.0,64.0,1.0,0.0,0.0,1.0,1.0,0.6666666666666667
S4,MIDynamicEMATent,,,,,,,,,,6,50,0,0.0,50,1.0,0,0.0,1.0,1,0.02502444013953209,0.02502444013953209,0.08499568700790405,0.059971246868371964,0.9297486454047974,0.06274402255334297,0.007507332041859626,0.06321862576821502,33.43633880466223,0.005004888027906417,0.0,0.10153712332248688,0.05,1.0,1.0,0.0,0.0,49.0,0.98,1.0,0.02,0.98,2.0,0.6666666666666667
S4,MIDynamicRelaxed,,,,,,,,,,0,64,64,1.0,0,0.0,0,0.0,1.0,1,0.025809286162257195,0.1606526880019665,0.10679704695940018,0.08098776638507843,0.8635140488155119,0.07222487598370154,0.0642610752007866,0.07718485794443064,10.281772032125856,0.03213053760039329,1.0,0.033670827746391296,0.0,1.0,1.0,64.0,1.0,0.0,0.0,0.0,0.0,1.0,1.0,0.6666666666666667
S4,MIDynamicRelaxed,,,,,,,,,,1,64,64,1.0,0,0.0,0,0.0,1.0,1,0.21396352350711823,0.46256191316094997,0.4470731317996979,0.23310960829257965,0.5967811273820952,0.21819410735352482,0.18502476526438,0.2677309666033073,39.885734474426656,0.09251238263218997,1.0,0.25277256965637207,0.0,1.0,1.0,56.0,0.875,8.0,0.125,0.0,0.0,0.875,2.0,0.6666666666666667
S4,MIDynamicRelaxed,,,,,,,,,,2,64,64,1.0,0,0.0,0,0.0,1.0,1,0.25142955780029297,0.5014275199869798,0.9289807677268982,0.6775512099266052,0.45558242360018053,0.3438465684050276,0.2005710079947919,0.43011520953544236,71.97709575359336,0.10028550399739593,1.0,0.7470439076423645,0.0,1.0,1.0,18.0,0.28125,44.0,0.6875,2.0,0.03125,0.6875,3.0,0.6666666666666667
S4,MIDynamicRelaxed,,,,,,,,,,3,64,40,0.625,0,0.0,24,0.375,0.625,2,0.18180091679096222,0.4263811871916516,0.7735047936439514,0.5917038321495056,0.3819341427656548,0.4475133823576845,0.17055247487666064,0.539531879718538,99.26549173385906,0.0852762374383303,1.0,0.5932660102844238,0.0,1.0,1.0,0.0,0.0,37.0,0.578125,27.0,0.421875,0.578125,2.0,0.2916666666666667
S4,MIDynamicRelaxed,,,,,,,,,,4,64,0,0.0,13,0.203125,51,0.796875,0.796875,2,0.1080707535147667,0.32874116492274996,0.697821319103241,0.5897505283355713,0.3393016104474189,0.5292019235834811,0.1314964659691,0.6093261602832498,120.30492628891506,0.06574823298454997,1.0,0.4674922525882721,0.0,1.0,1.0,0.0,0.0,64.0,1.0,0.0,0.0,1.0,1.0,0.4635416666666667
S4,MIDynamicRelaxed,,,,,,,,,,5,64,0,0.0,64,1.0,0,0.0,1.0,1,0.03518644720315933,0.1875805085907364,0.30371594429016113,0.2685295045375824,0.3290094360815933,0.5959583604821121,0.07503220343629458,0.6443017396888008,132.31007883872218,0.037516101718147274,1.0,0.13347719609737396,0.0,1.0,1.0,0.0,0.0,64.0,1.0,0.0,0.0,1.0,1.0,0.6666666666666667
S4,MIDynamicRelaxed,,,,,,,,,,6,50,0,0.0,50,1.0,0,0.0,1.0,1,0.026515481993556023,0.16283575158286348,0.2350664585828781,0.20855097472667694,0.3120372823997489,0.6228284169671057,0.06513430063314539,0.6662223433685943,140.45186641786535,0.03256715031657269,1.0,0.13215592503547668,0.0,1.0,1.0,0.0,0.0,50.0,1.0,0.0,0.0,1.0,1.0,0.6666666666666667
S4,MIDynamicRelaxedAnchor,,,,,,,,,,0,64,64,1.0,0,0.0,0,0.0,1.0,1,0.025809286162257195,0.24458741920176985,0.10679704695940018,0.08098776638507843,0.7983153991434365,0.1038496331758555,0.09783496768070794,0.11511156989633942,15.65359482891327,0.04891748384035396,1.0,0.043054576963186264,0.0,1.0,1.0,64.0,1.0,0.0,0.0,0.0,0.0,1.0,1.0,0.6666666666666667
S4,MIDynamicRelaxedAnchor,,,,,,,,,,1,64,64,1.0,0,0.0,0,0.0,1.0,1,0.2139643281698227,0.5163065046543909,0.4470762610435486,0.2331119328737259,0.5423860915500757,0.251091306588168,0.20652260186175636,0.31644418250262696,48.697211126794286,0.10326130093087815,1.0,0.2672293186187744,0.0,1.0,1.0,54.0,0.84375,9.0,0.140625,1.0,0.015625,0.84375,3.0,0.6666666666666667
S4,MIDynamicRelaxedAnchor,,,,,,,,,,2,64,64,1.0,0,0.0,0,0.0,1.0,1,0.251438170671463,0.5512924974380641,0.9289647340774536,0.6775265336036682,0.4044538627633873,0.3750291382613871,0.22051699897522564,0.4811254867243314,83.9799309628304,0.1102584994876128,1.0,0.7467992901802063,0.0,1.0,1.0,16.0,0.25,46.0,0.71875,2.0,0.03125,0.71875,3.0,0.6666666666666667
S4,MIDynamicRelaxedAnchor,,,,,,,,,,3,64,40,0.625,0,0.0,24,0.375,0.625,2,0.1818075329065323,0.4837500510153597,0.7734935879707336,0.5916860699653625,0.3285653116950553,0.4779346678988008,0.1935000204061439,0.5926034469827055,114.93993422781341,0.09675001020307192,1.0,0.5878193378448486,0.0,1.0,1.0,0.0,0.0,37.0,0.578125,27.0,0.421875,0.578125,2.0,0.2916666666666667
S4,MIDynamicRelaxedAnchor,,,,,,,,,,4,64,0,0.0,13,0.203125,51,0.796875,0.796875,2,0.10807569324970245,0.39587381014929146,0.6978112459182739,0.5897355675697327,0.28131067824503697,0.5603397976952464,0.15834952405971658,0.6657630616429469,140.27585807736807,0.07917476202985828,1.0,0.5253905057907104,0.0,1.0,1.0,0.0,0.0,63.0,0.984375,1.0,0.015625,0.984375,2.0,0.4635416666666667
S4,MIDynamicRelaxedAnchor,,,,,,,,,,5,64,0,0.0,64,1.0,0,0.0,1.0,1,0.03518538922071457,0.26881991964451,0.3037104308605194,0.26852503418922424,0.2607807655417857,0.6316912666004102,0.10752796785780401,0.7077995095086229,157.4803329346167,0.05376398392890199,1.0,0.16303110122680664,0.0,1.0,1.0,0.0,0.0,64.0,1.0,0.0,0.0,1.0,1.0,0.6666666666666667
S4,MIDynamicRelaxedAnchor,,,,,,,,,,6,50,0,0.0,50,1.0,0,0.0,1.0,1,0.026514071971178055,0.2465482797464857,0.2350531369447708,0.20853906869888306,0.23920111007823935,0.6621795780231664,0.09861931189859428,0.7346280952811703,169.807746921941,0.04930965594929713,1.0,0.16055327653884888,0.0,1.0,1.0,0.0,0.0,50.0,1.0,0.0,0.0,1.0,1.0,0.6666666666666667
S4,MIDynamicFastEMA,,,,,,,,,,0,64,64,1.0,0,0.0,0,0.0,1.0,1,0.025809286162257195,0.1606526880019665,0.10679704695940018,0.08098776638507843,0.7831828529290729,0.13649080306994385,0.08032634400098325,0.1484122135929593,10.281772032125856,0.03213053760039329,1.0,0.03790665417909622,0.0,1.0,1.0,64.0,1.0,0.0,0.0,0.0,0.0,1.0,1.0,0.6666666666666667
S4,MIDynamicFastEMA,,,,,,,,,,1,64,64,1.0,0,0.0,0,0.0,1.0,1,0.21396557986736298,0.4625641359502085,0.44707751274108887,0.2331119328737259,0.4121994276206986,0.3565185044041972,0.23128206797510426,0.4637832546264199,39.8858767329392,0.09251282719004168,1.0,0.2785066068172455,0.0,1.0,1.0,54.0,0.84375,9.0,0.140625,1.0,0.015625,0.84375,3.0,0.6666666666666667
S4,MIDynamicFastEMA,,,,,,,,,,2,64,64,1.0,0,0.0,0,0.0,1.0,1,0.2514253854751587,0.5014233595228275,0.9289628863334656,0.6775375008583069,0.24334584603409037,0.5059424742044959,0.25071167976141373,0.675230696300451,71.97697174240017,0.10028467190456547,1.0,0.7472437024116516,0.0,1.0,1.0,16.0,0.25,46.0,0.71875,2.0,0.03125,0.71875,3.0,0.6666666666666667
S4,MIDynamicFastEMA,,,,,,,,,,3,64,40,0.625,0,0.0,24,0.375,0.625,2,0.18179890513420105,0.4263788281964772,0.7734804153442383,0.5916814804077148,0.16682886543635564,0.6199817204654057,0.2131894140982386,0.7879681991757221,99.26521674697472,0.08527576563929543,1.0,0.5929439663887024,0.0,1.0,1.0,0.0,0.0,37.0,0.578125,27.0,0.421875,0.578125,2.0,0.2916666666666667
S4,MIDynamicFastEMA,,,,,,,,,,4,64,0,0.0,13,0.203125,51,0.796875,0.796875,2,0.10806506127119064,0.3287325071713941,0.6977699398994446,0.5897048711776733,0.1275411293697339,0.708092617044569,0.16436625358569704,0.8473719737660048,120.30409720594393,0.0657465014342788,1.0,0.5478038787841797,0.0,1.0,1.0,0.0,0.0,63.0,0.984375,1.0,0.015625,0.984375,2.0,0.4635416666666667
S4,MIDynamicFastEMA,,,,,,,,,,5,64,0,0.0,64,1.0,0,0.0,1.0,1,0.03518734127283096,0.18758289173810858,0.30371716618537903,0.26852983236312866,0.11465585324578056,0.7915527008851652,0.09379144586905429,0.8734774101136845,132.30940227718287,0.037516578347621704,1.0,0.1451796293258667,0.0,1.0,1.0,0.0,0.0,64.0,1.0,0.0,0.0,1.0,1.0,0.6666666666666667
S4,MIDynamicFastEMA,,,,,,,,,,6,50,0,0.0,50,1.0,0,0.0,1.0,1,0.026516228914260864,0.16283804504556318,0.23506933450698853,0.20855310559272766,0.10233773082599712,0.8162432466512214,0.08141902252278159,0.8885914978262924,140.45130452946103,0.03256760900911263,1.0,0.13916069269180298,0.0,1.0,1.0,0.0,0.0,50.0,1.0,0.0,0.0,1.0,1.0,0.6666666666666667
S5,EMATent,0.042312245815992355,0.042312245815992355,0.992756724357605,0.0,0.4873063262552023,0.5,0.012693673744797707,0.0,0.0,0,64,64,1.0,0,0.0,0,0.0,1.0,1,,,,,,,,,,,,,,,,,,,,,,,,
S5,EMATent,0.009105642326176167,0.009105642326176167,0.998808741569519,0.0,0.49726830730214716,0.5,0.0027316926978528497,0.0,0.0,1,64,64,1.0,0,0.0,0,0.0,1.0,1,,,,,,,,,,,,,,,,,,,,,,,,
S5,EMATent,0.29225242137908936,0.29225242137908936,0.9218935966491699,1.0,0.4123242735862732,0.5,0.0876757264137268,0.0,0.0,2,64,64,1.0,0,0.0,0,0.0,1.0,1,,,,,,,,,,,,,,,,,,,,,,,,
S5,EMATent,0.6069488525390625,0.6069488525390625,0.819819986820221,1.0,0.31791534423828127,0.5,0.18208465576171876,0.0,0.0,3,64,47,0.734375,0,0.0,17,0.265625,0.734375,2,,,,,,,,,,,,,,,,,,,,,,,,
S5,EMATent,0.6954334378242493,0.6954334378242493,0.8082517385482788,1.0,0.29136996865272524,0.5,0.20863003134727479,0.0,0.0,4,64,0,0.0,6,0.09375,58,0.90625,0.90625,2,,,,,,,,,,,,,,,,,,,,,,,,
S5,EMATent,0.4315375089645386,0.4315375089645386,0.8400960564613342,1.0,0.3705387473106384,0.5,0.12946125268936157,0.0,0.0,5,64,0,0.0,64,1.0,0,0.0,1.0,1,,,,,,,,,,,,,,,,,,,,,,,,
S5,EMATent,0.3803061246871948,0.3803061246871948,0.8889907598495483,1.0,0.38590816259384153,0.5,0.11409183740615844,0.0,0.0,6,59,0,0.0,59,1.0,0,0.0,1.0,1,,,,,,,,,,,,,,,,,,,,,,,,
S5,MIDynamicEMATent,,,,,,,,,,0,64,64,1.0,0,0.0,0,0.0,1.0,1,0.012349491007626057,0.012349491007626057,0.042312245815992355,0.029962753877043724,0.9947583719030272,0.0015367807946850486,0.003704847302287817,0.0015424955049955225,0.7903674244880676,0.002469898201525211,0.0,0.027540896087884903,0.05,1.0,1.0,64.0,1.0,0.0,0.0,0.0,0.0,1.0,1.0,0.6666666666666667
S5,MIDynamicEMATent,,,,,,,,,,1,64,64,1.0,0,0.0,0,0.0,1.0,1,0.0007352359825745225,0.0007352359825745225,0.006790847983211279,0.006055612117052078,0.9981455356499689,0.0016338935552587363,0.00022057079477235674,0.0016342540239676628,0.8374225273728371,0.00014704719651490448,0.0,0.004495725966989994,0.05,1.0,1.0,64.0,1.0,0.0,0.0,0.0,0.0,1.0,1.0,0.6666666666666667
S5,MIDynamicEMATent,,,,,,,,,,2,64,64,1.0,0,0.0,0,0.0,1.0,1,0.017837973311543465,0.017837973311543465,0.06182735413312912,0.043989378958940506,0.9908113762807048,0.003837231725832187,0.005351391993463039,0.003857876736511723,1.9790528193116188,0.003567594662308692,0.0,0.03056841343641281,0.05,1.0,1.0,64.0,1.0,0.0,0.0,0.0,0.0,1.0,1.0,0.6666666666666667
S5,MIDynamicEMATent,,,,,,,,,,3,64,47,0.734375,0,0.0,17,0.265625,0.734375,2,0.2604560852050781,0.2604560852050781,0.6540594100952148,0.3936033248901367,0.8888908624057891,0.0329723120326875,0.07813682556152343,0.03576703457405328,18.64824227243662,0.05209121704101562,1.0,0.40863335132598877,0.05,1.0,1.0,47.0,0.734375,0.0,0.0,17.0,0.265625,0.734375,2.0,0.4010416666666667
S5,MIDynamicEMATent,,,,,,,,,,4,64,0,0.0,6,0.09375,58,0.90625,0.90625,2,0.17806202173233032,0.17806202173233032,0.8897576928138733,0.711695671081543,0.8926341943939046,0.053947199086396364,0.0534186065196991,0.05699161155920085,30.04421166330576,0.03561240434646606,1.0,0.7764935493469238,0.05,1.0,1.0,30.0,0.46875,6.0,0.09375,28.0,0.4375,0.46875,3.0,0.5729166666666667
S5,MIDynamicEMATent,,,,,,,,,,5,64,0,0.0,64,1.0,0,0.0,1.0,1,0.10324058681726456,0.10324058681726456,0.7435991764068604,0.640358567237854,0.9020844593419162,0.06694336461290452,0.030972176045179364,0.06908301594446853,36.65160921961069,0.020648117363452907,1.0,0.6903486251831055,0.05,1.0,1.0,0.0,0.0,21.0,0.328125,43.0,0.671875,0.671875,2.0,0.6666666666666667
S5,MIDynamicEMATent,,,,,,,,,,6,59,0,0.0,59,1.0,0,0.0,1.0,1,0.09796862304210663,0.09796862304210663,0.8756317496299744,0.7776631116867065,0.8934135788165647,0.0771958342708033,0.029390586912631987,0.07953336659414267,42.43175797909498,0.01959372460842132,1.0,0.8189166188240051,0.05,1.0,1.0,4.0,0.06779661016949153,48.0,0.8135593220338984,7.0,0.11864406779661017,0.8135593220338984,3.0,0.6666666666666667
S5,MIDynamicRelaxed,,,,,,,,,,0,64,64,1.0,0,0.0,0,0.0,1.0,1,0.11208570748567581,0.3347920361742134,0.27706268429756165,0.16497696936130524,0.7325890790020487,0.1334941065282659,0.13391681446968537,0.15413543266808216,21.426690315149656,0.06695840723484266,1.0,0.1181684210896492,0.0,1.0,1.0,63.0,0.984375,1.0,0.015625,0.0,0.0,0.984375,2.0,0.6666666666666667
S5,MIDynamicRelaxed,,,,,,,,,,1,64,64,1.0,0,0.0,0,0.0,1.0,1,0.002782943192869425,0.05275360833980387,0.03466658294200897,0.031883638352155685,0.8064607227912515,0.172437833872827,0.021101443335921552,0.17615495773174505,24.802921248897103,0.010550721667960773,1.0,0.005877273622900248,0.0,1.0,1.0,64.0,1.0,0.0,0.0,0.0,0.0,1.0,1.0,0.6666666666666667
S5,MIDynamicRelaxed,,,,,,,,,,2,64,64,1.0,0,0.0,0,0.0,1.0,1,0.07056459039449692,0.2656399638505037,0.2368360161781311,0.16627143323421478,0.6447267558495516,0.24901725861024693,0.10625598554020149,0.2786225748999944,41.80387893532934,0.053127992770100725,1.0,0.08420101553201675,0.0,1.0,1.0,64.0,1.0,0.0,0.0,0.0,0.0,1.0,1.0,0.6666666666666667
S5,MIDynamicRelaxed,,,,,,,,,,3,64,47,0.734375,0,0.0,17,0.265625,0.734375,2,0.3110210597515106,0.557692621209489,0.7176337838172913,0.40661272406578064,0.4240714983356765,0.3528514531805279,0.22307704848379561,0.4541653100760127,77.49620669273664,0.11153852424189778,1.0,0.5052213668823242,0.0,1.0,1.0,44.0,0.6875,0.0,0.0,20.0,0.3125,0.6875,2.0,0.4010416666666667
S5,MIDynamicRelaxed,,,,,,,,,,4,64,0,0.0,6,0.09375,58,0.90625,0.90625,2,0.20529381930828094,0.45309360987359,0.9386349320411682,0.7333410978317261,0.3563125170853801,0.46245003896518394,0.181237443949436,0.5648158132632345,106.4941977246464,0.09061872197471797,1.0,0.783351719379425,0.0,1.0,1.0,9.0,0.140625,14.0,0.21875,41.0,0.640625,0.640625,3.0,0.5729166666666667
S5,MIDynamicRelaxed,,,,,,,,,,5,64,0,0.0,64,1.0,0,0.0,1.0,1,0.12800803780555725,0.35778210939838406,0.7892232537269592,0.6612152457237244,0.3118209866806943,0.5450661695599521,0.14311284375935363,0.6361002911413424,129.39225272614297,0.0715564218796768,1.0,0.6652482748031616,0.0,1.0,1.0,0.0,0.0,32.0,0.5,32.0,0.5,0.5,2.0,0.6666666666666667
S5,MIDynamicRelaxed,,,,,,,,,,6,59,0,0.0,59,1.0,0,0.0,1.0,1,0.09928125888109207,0.31508928715697726,0.8744774460792542,0.7751961946487427,0.2750426202571554,0.5989216648800537,0.12603571486279092,0.6852930663934685,147.98252066840462,0.06301785743139544,1.0,0.6332587599754333,0.0,1.0,1.0,1.0,0.01694915254237288,55.0,0.9322033898305084,3.0,0.05084745762711865,0.9322033898305084,3.0,0.6666666666666667
S5,MIDynamicRelaxedAnchor,,,,,,,,,,0,64,64,1.0,0,0.0,0,0.0,1.0,1,0.11208570748567581,0.40131283255679207,0.27706268429756165,0.16497696936130524,0.6868528806098858,0.15262198636739732,0.16052513302271684,0.18180649876624289,25.684021283634692,0.0802625665113584,1.0,0.14489227533340454,0.0,1.0,1.0,63.0,0.984375,1.0,0.015625,0.0,0.0,0.984375,2.0,0.6666666666666667
S5,MIDynamicRelaxedAnchor,,,,,,,,,,1,64,64,1.0,0,0.0,0,0.0,1.0,1,0.0027823802083730698,0.14747344488008204,0.0346585251390934,0.03187614306807518,0.7151993312785873,0.22581129076937995,0.05898937795203282,0.2399667819667496,35.122321755959945,0.0294946889760164,1.0,0.00870584324002266,0.0,1.0,1.0,64.0,1.0,0.0,0.0,0.0,0.0,1.0,1.0,0.6666666666666667
S5,MIDynamicRelaxedAnchor,,,,,,,,,,2,64,64,1.0,0,0.0,0,0.0,1.0,1,0.07054699957370758,0.33904616636688223,0.23678675293922424,0.16623975336551666,0.5545173185723165,0.3098642148809307,0.13561846654675289,0.35848083616850046,56.82127640344041,0.06780923327337643,1.0,0.12305762618780136,0.0,1.0,1.0,64.0,1.0,0.0,0.0,0.0,0.0,1.0,1.0,0.6666666666666667
S5,MIDynamicRelaxedAnchor,,,,,,,,,,3,64,47,0.734375,0,0.0,17,0.265625,0.734375,2,0.31103914976119995,0.6019379556345306,0.7175899744033813,0.4065508544445038,0.36047144219729454,0.39875337554889323,0.24077518225381223,0.5252111973007161,95.34530556405036,0.12038759112690608,1.0,0.5492303967475891,0.0,1.0,1.0,43.0,0.671875,2.0,0.03125,19.0,0.296875,0.671875,3.0,0.4010416666666667
S5,MIDynamicRelaxedAnchor,,,,,,,,,,4,64,0,0.0,6,0.09375,58,0.90625,0.90625,2,0.2053067833185196,0.5077971241781885,0.9385661482810974,0.7332593202590942,0.2935129569315987,0.503368193397126,0.2031188496712754,0.6316728576017635,127.84432151145442,0.10155942483563767,1.0,0.7308844327926636,0.0,1.0,1.0,2.0,0.03125,16.0,0.25,46.0,0.71875,0.71875,3.0,0.5729166666666667
S5,MIDynamicRelaxedAnchor,,,,,,,,,,5,64,0,0.0,64,1.0,0,0.0,1.0,1,0.12800754606723785,0.42200327997469633,0.7892102599143982,0.6612027287483215,0.24791438370378469,0.5832843043063367,0.16880131198987855,0.701738721102546,154.85253142983498,0.08440065599493925,1.0,0.6458643674850464,0.0,1.0,1.0,0.0,0.0,36.0,0.5625,28.0,0.4375,0.5625,2.0,0.6666666666666667
S5,MIDynamicRelaxedAnchor,,,,,,,,,,6,59,0,0.0,59,1.0,0,0.0,1.0,1,0.09928185492753983,0.3835812096936383,0.8744556903839111,0.7751737833023071,0.21157881819098007,0.6349886979315646,0.15343248387745534,0.7500744900299801,177.48382280175963,0.07671624193872764,1.0,0.592005729675293,0.0,1.0,1.0,1.0,0.01694915254237288,55.0,0.9322033898305084,3.0,0.05084745762711865,0.9322033898305084,3.0,0.6666666666666667
S5,MIDynamicFastEMA,,,,,,,,,,0,64,64,1.0,0,0.0,0,0.0,1.0,1,0.11208570748567581,0.3347920361742134,0.27706268429756165,0.16497696936130524,0.595717213860792,0.23688676805210127,0.1673960180871067,0.2845131337323874,21.426690315149656,0.06695840723484266,1.0,0.15184424817562103,0.0,1.0,1.0,63.0,0.984375,1.0,0.015625,0.0,0.0,0.984375,2.0,0.6666666666666667
S5,MIDynamicFastEMA,,,,,,,,,,1,64,64,1.0,0,0.0,0,0.0,1.0,1,0.002782281953841448,0.052747340727675056,0.03465758264064789,0.03187530115246773,0.6608244406592619,0.3128018889769005,0.026373670363837528,0.3212750923588852,24.80252012172086,0.010549468145535009,1.0,0.006533859763294458,0.0,1.0,1.0,64.0,1.0,0.0,0.0,0.0,0.0,1.0,1.0,0.6666666666666667
S5,MIDynamicFastEMA,,,,,,,,,,2,64,64,1.0,0,0.0,0,0.0,1.0,1,0.07055401057004929,0.26562004926219196,0.2368052750825882,0.1662512719631195,0.45128480852883984,0.41590516684006423,0.13281002463109598,0.47960098554314756,41.802203274501146,0.053124009852438384,1.0,0.11663173139095306,0.0,1.0,1.0,64.0,1.0,0.0,0.0,0.0,0.0,1.0,1.0,0.6666666666666667
S5,MIDynamicFastEMA,,,,,,,,,,3,64,47,0.734375,0,0.0,17,0.265625,0.734375,2,0.31103530526161194,0.5577053928927099,0.7176086902618408,0.40657341480255127,0.2148582700907063,0.5062890334629389,0.27885269644635496,0.7020604957795238,77.49534841963458,0.11154107857854197,1.0,0.5394912958145142,0.0,1.0,1.0,43.0,0.671875,5.0,0.078125,16.0,0.25,0.671875,3.0,0.4010416666666667
S5,MIDynamicFastEMA,,,,,,,,,,4,64,0,0.0,6,0.09375,58,0.90625,0.90625,2,0.20529918372631073,0.4530995296028354,0.9386071562767029,0.733307957649231,0.14648118381907968,0.6269690513795027,0.2265497648014177,0.8106133049639958,106.49371831421604,0.09061990592056705,1.0,0.7428248524665833,0.0,1.0,1.0,5.0,0.078125,18.0,0.28125,41.0,0.640625,0.640625,3.0,0.5729166666666667
S5,MIDynamicFastEMA,,,,,,,,,,5,64,0,0.0,64,1.0,0,0.0,1.0,1,0.1280062347650528,0.35777958964291523,0.7892159819602966,0.661209762096405,0.10873496363696693,0.7123752415415755,0.17888979482145762,0.8675756762597737,129.3916120513626,0.07155591792858303,1.0,0.6488772034645081,0.0,1.0,1.0,0.0,0.0,36.0,0.5625,28.0,0.4375,0.5625,2.0,0.6666666666666667
S5,MIDynamicFastEMA,,,,,,,,,,6,59,0,0.0,59,1.0,0,0.0,1.0,1,0.09928125888109207,0.31508928715697726,0.8744505643844604,0.775169312953949,0.08343799628079324,0.7590173601407182,0.15754464357848863,0.9009585544862437,147.98187999362426,0.06301785743139544,1.0,0.5940656661987305,0.0,1.0,1.0,1.0,0.01694915254237288,55.0,0.9322033898305084,3.0,0.05084745762711865,0.9322033898305084,3.0,0.6666666666666667
S6,EMATent,0.06043564900755882,0.06043564900755882,0.989325225353241,0.0,0.48186930529773236,0.5,0.018130694702267646,0.0,0.0,0,64,64,1.0,0,0.0,0,0.0,1.0,1,,,,,,,,,,,,,,,,,,,,,,,,
S6,EMATent,0.08245626091957092,0.08245626091957092,0.9843129515647888,0.0,0.4752631217241287,0.5,0.024736878275871278,0.0,0.0,1,64,64,1.0,0,0.0,0,0.0,1.0,1,,,,,,,,,,,,,,,,,,,,,,,,
S6,EMATent,0.5600141882896423,0.5600141882896423,0.8510106205940247,1.0,0.33199574351310734,0.5,0.16800425648689268,0.0,0.0,2,64,64,1.0,0,0.0,0,0.0,1.0,1,,,,,,,,,,,,,,,,,,,,,,,,
S6,EMATent,0.852838933467865,0.852838933467865,0.8214836716651917,1.0,0.2441483199596405,0.5,0.25585168004035946,0.0,0.0,3,64,44,0.6875,20,0.3125,0,0.0,0.6875,2,,,,,,,,,,,,,,,,,,,,,,,,
S6,EMATent,0.7022824287414551,0.7022824287414551,0.6999104022979736,1.0,0.28931527137756347,0.5,0.2106847286224365,0.0,0.0,4,64,0,0.0,64,1.0,0,0.0,1.0,1,,,,,,,,,,,,,,,,,,,,,,,,
S6,EMATent,0.6407026648521423,0.6407026648521423,0.7423861026763916,1.0,0.3077892005443573,0.5,0.1922107994556427,0.0,0.0,5,64,0,0.0,46,0.71875,18,0.28125,0.71875,2,,,,,,,,,,,,,,,,,,,,,,,,
S6,EMATent,0.8401179313659668,0.8401179313659668,0.6597211956977844,1.0,0.24796462059020996,0.5,0.25203537940979004,0.0,0.0,6,57,0,0.0,0,0.0,57,1.0,1.0,1,,,,,,,,,,,,,,,,,,,,,,,,
S6,MIDynamicEMATent,,,,,,,,,,0,64,64,1.0,0,0.0,0,0.0,1.0,1,0.00731620704755187,0.00731620704755187,0.06043564900755882,0.053119443356990814,0.9968930363967782,0.000912101488956233,0.002194862114265561,0.0009141078295997751,0.4682372510433197,0.0014632414095103739,0.0,0.052885428071022034,0.05,1.0,1.0,64.0,1.0,0.0,0.0,0.0,0.0,1.0,1.0,0.6666666666666667
S6,MIDynamicEMATent,,,,,,,,,,1,64,64,1.0,0,0.0,0,0.0,1.0,1,0.007031618617475033,0.007031618617475033,0.06643027812242508,0.05939865857362747,0.9961024234534357,0.0017880909613218296,0.0021094855852425098,0.0017918708871288436,0.9182608425617218,0.0014063237234950062,0.0,0.05306246131658554,0.05,1.0,1.0,64.0,1.0,0.0,0.0,0.0,0.0,1.0,1.0,0.6666666666666667
S6,MIDynamicEMATent,,,,,,,,,,2,64,64,1.0,0,0.0,0,0.0,1.0,1,0.0616435669362545,0.0616435669362545,0.2139451503753662,0.1523015946149826,0.9722278107078123,0.009279119211311419,0.01849307008087635,0.009453951804574645,4.86344912648201,0.012328713387250898,1.0,0.21819651126861572,0.05,1.0,1.0,62.0,0.96875,0.0,0.0,2.0,0.03125,0.96875,2.0,0.6666666666666667
S6,MIDynamicEMATent,,,,,,,,,,3,64,44,0.6875,20,0.3125,0,0.0,0.6875,2,0.38070589303970337,0.38070589303970337,0.7814124822616577,0.40070658922195435,0.8366373856625451,0.04915084642554392,0.11421176791191101,0.05548825853068684,29.228626281023026,0.07614117860794066,1.0,0.46711266040802,0.05,1.0,1.0,34.0,0.53125,2.0,0.03125,28.0,0.4375,0.53125,3.0,0.3541666666666667
S6,MIDynamicEMATent,,,,,,,,,,4,64,0,0.0,64,1.0,0,0.0,1.0,1,0.12428975105285645,0.12428975105285645,0.8393459320068359,0.7150561809539795,0.8952759890297244,0.06743708565441868,0.03728692531585693,0.07004899738849413,37.18317034840584,0.024857950210571283,1.0,0.7954437732696533,0.05,1.0,1.0,2.0,0.03125,9.0,0.140625,53.0,0.828125,0.828125,3.0,0.6666666666666667
S6,MIDynamicEMATent,,,,,,,,,,5,64,0,0.0,46,0.71875,18,0.28125,0.71875,2,0.10936950147151947,0.10936950147151947,0.568774938583374,0.45940545201301575,0.8872257979558557,0.07996335160268857,0.03281085044145584,0.08267602220226145,44.182818442583084,0.02187390029430389,1.0,0.54559725522995,0.05,1.0,1.0,0.0,0.0,7.0,0.109375,57.0,0.890625,0.890625,2.0,0.3854166666666667
S6,MIDynamicEMATent,,,,,,,,,,6,57,0,0.0,0,0.0,57,1.0,1.0,1,0.18152692914009094,0.18152692914009094,0.8626279830932617,0.6811010241508484,0.8500155172000913,0.09552640405788143,0.05445807874202728,0.10102820605858565,54.52985340356827,0.03630538582801818,1.0,0.7913123965263367,0.05,1.0,1.0,3.0,0.05263157894736842,16.0,0.2807017543859649,38.0,0.6666666666666666,0.6666666666666666,3.0,0.6666666666666667
S6,MIDynamicRelaxed,,,,,,,,,,0,64,64,1.0,0,0.0,0,0.0,1.0,1,0.01515879761427641,0.12312106892923083,0.15205499529838562,0.13689620792865753,0.8939879230810491,0.056763649347258485,0.04924842757169234,0.05970397629980129,7.879748411470773,0.02462421378584616,1.0,0.06769850105047226,0.0,1.0,1.0,64.0,1.0,0.0,0.0,0.0,0.0,1.0,1.0,0.6666666666666667
S6,MIDynamicRelaxed,,,,,,,,,,1,64,64,1.0,0,0.0,0,0.0,1.0,1,0.01962021179497242,0.14007216638209183,0.18887893855571747,0.169258713722229,0.8275743639770593,0.11639676947010388,0.05602886655283673,0.12330543312807662,16.84436705992465,0.02801443327641836,1.0,0.0734071433544159,0.0,1.0,1.0,64.0,1.0,0.0,0.0,0.0,0.0,1.0,1.0,0.6666666666666667
S6,MIDynamicRelaxed,,,,,,,,,,2,64,64,1.0,0,0.0,0,0.0,1.0,1,0.13870863616466522,0.372436083327952,0.4815831482410431,0.3428744971752167,0.6193233504949062,0.23170221617391298,0.14897443333118082,0.2722623446917912,40.68027639291358,0.07448721666559038,1.0,0.36006370186805725,0.0,1.0,1.0,59.0,0.921875,2.0,0.03125,3.0,0.046875,0.921875,3.0,0.6666666666666667
S6,MIDynamicRelaxed,,,,,,,,,,3,64,44,0.6875,20,0.3125,0,0.0,0.6875,2,0.48106929659843445,0.693591592075938,0.8915712833404541,0.41050198674201965,0.3717399908894398,0.35082337228018495,0.2774366368303752,0.4855261007716325,85.07013828577362,0.13871831841518756,1.0,0.45761966705322266,0.0,1.0,1.0,31.0,0.484375,14.0,0.21875,19.0,0.296875,0.484375,3.0,0.3541666666666667
S6,MIDynamicRelaxed,,,,,,,,,,4,64,0,0.0,64,1.0,0,0.0,1.0,1,0.11066921800374985,0.33266983332389766,0.8358725309371948,0.7252033352851868,0.3776679034728393,0.4892641631976017,0.13306793332955907,0.5643627476795048,106.36100761850307,0.06653396666477952,1.0,0.7747889161109924,0.0,1.0,1.0,0.0,0.0,22.0,0.34375,42.0,0.65625,0.65625,2.0,0.6666666666666667
S6,MIDynamicRelaxed,,,,,,,,,,5,64,0,0.0,46,0.71875,18,0.28125,0.71875,2,0.11633680760860443,0.3410818195222437,0.6967552900314331,0.5804184675216675,0.31721682138052176,0.5463504508105808,0.13643272780889748,0.6326669252116777,128.19024406792667,0.06821636390444873,1.0,0.6413772702217102,0.0,1.0,1.0,0.0,0.0,17.0,0.265625,47.0,0.734375,0.734375,2.0,0.3854166666666667
S6,MIDynamicRelaxed,,,,,,,,,,6,57,0,0.0,0,0.0,57,1.0,1.0,1,0.16982385516166687,0.4120969002087578,0.867922306060791,0.6980984210968018,0.25534782242457077,0.5798134174919262,0.16483876008350312,0.694253264854459,151.67976737982588,0.08241938004175153,1.0,0.7809459567070007,0.0,1.0,1.0,3.0,0.05263157894736842,27.0,0.47368421052631576,27.0,0.47368421052631576,0.47368421052631576,3.0,0.6666666666666667
S6,MIDynamicRelaxedAnchor,,,,,,,,,,0,64,64,1.0,0,0.0,0,0.0,1.0,1,0.01515879761427641,0.21080896203630775,0.15205499529838562,0.13689620792865753,0.8240725422242159,0.09160387296126103,0.08432358481452311,0.10003956795447877,13.491773570323696,0.04216179240726154,1.0,0.08113675564527512,0.0,1.0,1.0,64.0,1.0,0.0,0.0,0.0,0.0,1.0,1.0,0.6666666666666667
S6,MIDynamicRelaxedAnchor,,,,,,,,,,1,64,64,1.0,0,0.0,0,0.0,1.0,1,0.019619207829236984,0.22606172433249497,0.18887078762054443,0.16925159096717834,0.7310943018860714,0.17848100838093062,0.090424689732998,0.19622455267452044,27.959723927603374,0.045212344866498985,1.0,0.09198358654975891,0.0,1.0,1.0,64.0,1.0,0.0,0.0,0.0,0.0,1.0,1.0,0.6666666666666667
S6,MIDynamicRelaxedAnchor,,,,,,,,,,2,64,64,1.0,0,0.0,0,0.0,1.0,1,0.13870210945606232,0.43518458893482925,0.4815691411495209,0.34286704659461975,0.5340437383129064,0.29188242611316184,0.17407383557393172,0.35340014481317394,55.81153761943244,0.08703691778696583,1.0,0.413105309009552,0.0,1.0,1.0,59.0,0.921875,2.0,0.03125,3.0,0.046875,0.921875,3.0,0.6666666666666667
S6,MIDynamicRelaxedAnchor,,,,,,,,,,3,64,44,0.6875,20,0.3125,0,0.0,0.6875,2,0.48106643557548523,0.7242305766430727,0.8915614485740662,0.41049501299858093,0.31975511208434165,0.3905526572584292,0.2896922306572291,0.5498358234484713,102.1622945245891,0.1448461153286145,1.0,0.4525706171989441,0.0,1.0,1.0,30.0,0.46875,14.0,0.21875,20.0,0.3125,0.46875,3.0,0.3541666666666667
S6,MIDynamicRelaxedAnchor,,,,,,,,,,4,64,0,0.0,64,1.0,0,0.0,1.0,1,0.1106945052742958,0.39943705393985496,0.8359741568565369,0.7252796292304993,0.30976330467177293,0.530461873752285,0.159774821575942,0.6313329895055385,127.72626597673982,0.07988741078797097,1.0,0.759270191192627,0.0,1.0,1.0,0.0,0.0,24.0,0.375,40.0,0.625,0.625,2.0,0.6666666666666667
S6,MIDynamicRelaxedAnchor,,,,,,,,,,5,64,0,0.0,46,0.71875,18,0.28125,0.71875,2,0.11635557562112808,0.4069983978021934,0.6968883275985718,0.5805327296257019,0.2518171186055785,0.5853835222735441,0.16279935912087737,0.6992153298626815,153.7741634360802,0.08139967956043866,1.0,0.6471920013427734,0.0,1.0,1.0,0.0,0.0,21.0,0.328125,43.0,0.671875,0.671875,2.0,0.3854166666666667
S6,MIDynamicRelaxedAnchor,,,,,,,,,,6,57,0,0.0,0,0.0,57,1.0,1.0,1,0.1697935312986374,0.47085409577338677,0.8680458068847656,0.698252260684967,0.19795537933906665,0.6137029823515787,0.18834163830935471,0.7561099735032174,180.61284689516324,0.09417081915467733,1.0,0.7715569138526917,0.0,1.0,1.0,3.0,0.05263157894736842,27.0,0.47368421052631576,27.0,0.47368421052631576,0.47368421052631576,3.0,0.6666666666666667
S6,MIDynamicFastEMA,,,,,,,,,,0,64,64,1.0,0,0.0,0,0.0,1.0,1,0.01515879761427641,0.12312106892923083,0.15205499529838562,0.13689620792865753,0.8297274585897859,0.10871200694559863,0.061560534464615416,0.11584338781359527,7.879748411470773,0.02462421378584616,1.0,0.07216302305459976,0.0,1.0,1.0,64.0,1.0,0.0,0.0,0.0,0.0,1.0,1.0,0.6666666666666667
S6,MIDynamicFastEMA,,,,,,,,,,1,64,64,1.0,0,0.0,0,0.0,1.0,1,0.019619451835751534,0.1400694536140965,0.18887141346931458,0.1692519634962082,0.7147670763331401,0.2151981968598117,0.07003472680704825,0.23140455139894434,16.844193442772948,0.028013890722819294,1.0,0.0807623416185379,0.0,1.0,1.0,64.0,1.0,0.0,0.0,0.0,0.0,1.0,1.0,0.6666666666666667
S6,MIDynamicFastEMA,,,,,,,,,,2,64,64,1.0,0,0.0,0,0.0,1.0,1,0.13870340585708618,0.3724290615098212,0.4815733730792999,0.34286996722221375,0.4309866848114897,0.3827987844335997,0.1862145307549106,0.4703927495642115,40.6796533794015,0.07448581230196422,1.0,0.41794097423553467,0.0,1.0,1.0,59.0,0.921875,2.0,0.03125,3.0,0.046875,0.921875,3.0,0.6666666666666667
S6,MIDynamicFastEMA,,,,,,,,,,3,64,44,0.6875,20,0.3125,0,0.0,0.6875,2,0.4810643792152405,0.6935880471974992,0.8915722966194153,0.4105079472064972,0.17289507009213864,0.4803109063091117,0.3467940235987496,0.7353130921356835,85.06928840004144,0.13871760943949982,1.0,0.43180787563323975,0.0,1.0,1.0,31.0,0.484375,14.0,0.21875,19.0,0.296875,0.484375,3.0,0.3541666666666667
S6,MIDynamicFastEMA,,,,,,,,,,4,64,0,0.0,64,1.0,0,0.0,1.0,1,0.11067654192447662,0.3326808409338846,0.8359344601631165,0.7252578735351562,0.15821212071927515,0.6754474588137825,0.1663404204669423,0.8102197532380164,106.36086221981006,0.0665361681867769,1.0,0.7688479423522949,0.0,1.0,1.0,0.0,0.0,27.0,0.421875,37.0,0.578125,0.578125,2.0,0.6666666666666667
S6,MIDynamicFastEMA,,,,,,,,,,5,64,0,0.0,46,0.71875,18,0.28125,0.71875,2,0.11634809523820877,0.341098365927204,0.6968892216682434,0.5805411338806152,0.1119191770667678,0.7175316399696302,0.170549182963602,0.8650683382691073,128.19115763915113,0.06821967318544078,1.0,0.6576811671257019,0.0,1.0,1.0,0.0,0.0,22.0,0.34375,42.0,0.65625,0.65625,2.0,0.3854166666666667
S6,MIDynamicFastEMA,,,,,,,,,,6,57,0,0.0,0,0.0,57,1.0,1.0,1,0.16979250311851501,0.41205885880358767,0.868048906326294,0.6982564330101013,0.07422267055462183,0.7197479000435844,0.20602942940179383,0.9065171011329806,151.67851259095562,0.08241177176071751,1.0,0.780632495880127,0.0,1.0,1.0,3.0,0.05263157894736842,27.0,0.47368421052631576,27.0,0.47368421052631576,0.47368421052631576,3.0,0.6666666666666667
S7,EMATent,0.054060570895671844,0.054060570895671844,0.9904893040657043,0.0,0.48378182873129844,0.5,0.016218171268701554,0.0,0.0,0,64,64,1.0,0,0.0,0,0.0,1.0,1,,,,,,,,,,,,,,,,,,,,,,,,
S7,EMATent,0.11279728263616562,0.11279728263616562,0.9755935072898865,0.0,0.4661608152091503,0.5,0.033839184790849686,0.0,0.0,1,64,64,1.0,0,0.0,0,0.0,1.0,1,,,,,,,,,,,,,,,,,,,,,,,,
S7,EMATent,0.11385467648506165,0.11385467648506165,0.9760887622833252,0.0,0.46584359705448153,0.5,0.03415640294551849,0.0,0.0,2,64,64,1.0,0,0.0,0,0.0,1.0,1,,,,,,,,,,,,,,,,,,,,,,,,
S7,EMATent,0.5263750553131104,0.5263750553131104,0.9080843925476074,1.0,0.3420874834060669,0.5,0.1579125165939331,0.0,0.0,3,64,45,0.703125,0,0.0,19,0.296875,0.703125,2,,,,,,,,,,,,,,,,,,,,,,,,
S7,EMATent,0.8845400810241699,0.8845400810241699,0.6962800025939941,1.0,0.23463797569274902,0.5,0.265362024307251,0.0,0.0,4,64,0,0.0,8,0.125,56,0.875,0.875,2,,,,,,,,,,,,,,,,,,,,,,,,
S7,EMATent,0.3821617662906647,0.3821617662906647,0.8833485245704651,1.0,0.3853514701128006,0.5,0.1146485298871994,0.0,0.0,5,64,0,0.0,64,1.0,0,0.0,1.0,1,,,,,,,,,,,,,,,,,,,,,,,,
S7,EMATent,0.18454605340957642,0.18454605340957642,0.9494243860244751,0.0,0.44463618397712706,0.5,0.05536381602287292,0.0,0.0,6,56,0,0.0,56,1.0,0,0.0,1.0,1,,,,,,,,,,,,,,,,,,,,,,,,
S7,MIDynamicEMATent,,,,,,,,,,0,64,64,1.0,0,0.0,0,0.0,1.0,1,0.003926912322640419,0.003926912322640419,0.054060570895671844,0.050133660435676575,0.9983317608490321,0.0004901654541757723,0.0011780736967921257,0.000490743586286646,0.2513223886489868,0.0007853824645280836,0.0,0.05902843177318573,0.05,1.0,1.0,64.0,1.0,0.0,0.0,0.0,0.0,1.0,1.0,0.6666666666666667
S7,MIDynamicEMATent,,,,,,,,,,1,64,64,1.0,0,0.0,0,0.0,1.0,1,0.009093438275158405,0.009093438275158405,0.08773524314165115,0.07864180952310562,0.99565018480355,0.0016217837139024356,0.0027280314825475216,0.0016262200935150961,0.8333024382591248,0.0018186876550316806,0.0,0.08175090700387955,0.05,1.0,1.0,64.0,1.0,0.0,0.0,0.0,0.0,1.0,1.0,0.6666666666666667
S7,MIDynamicEMATent,,,,,,,,,,2,64,64,1.0,0,0.0,0,0.0,1.0,1,0.004435467068105936,0.004435467068105936,0.07515574991703033,0.07072027772665024,0.9964926617142476,0.002176698165320585,0.0013306401204317808,0.002179598426433227,1.1171723306179047,0.000887093413621187,0.0,0.09113705158233643,0.05,1.0,1.0,64.0,1.0,0.0,0.0,0.0,0.0,1.0,1.0,0.6666666666666667
S7,MIDynamicEMATent,,,,,,,,,,3,64,45,0.703125,0,0.0,19,0.296875,0.703125,2,0.08520533889532089,0.08520533889532089,0.27949467301368713,0.19428932666778564,0.962013668287272,0.012424730044131785,0.02556160166859627,0.012750657266182741,6.570314019918442,0.017041067779064174,1.0,0.21498216688632965,0.05,1.0,1.0,62.0,0.96875,0.0,0.0,2.0,0.03125,0.96875,2.0,0.3697916666666667
S7,MIDynamicEMATent,,,,,,,,,,4,64,0,0.0,8,0.125,56,0.875,0.875,2,0.1733696162700653,0.1733696162700653,0.6736644506454468,0.5002948045730591,0.9158377073944791,0.0321514077245013,0.05201088488101959,0.03391537646554732,17.66596946120262,0.034673923254013056,1.0,0.5413859486579895,0.05,1.0,1.0,55.0,0.859375,8.0,0.125,1.0,0.015625,0.859375,3.0,0.5416666666666667
S7,MIDynamicEMATent,,,,,,,,,,5,64,0,0.0,64,1.0,0,0.0,1.0,1,0.07871495932340622,0.07871495932340622,0.8425998687744141,0.7638849020004272,0.9340353485408778,0.04235016366210035,0.023614487797021865,0.04337442857642104,22.70372685790062,0.01574299186468124,1.0,0.8535577654838562,0.05,1.0,1.0,0.0,0.0,33.0,0.515625,31.0,0.484375,0.515625,2.0,0.6666666666666667
S7,MIDynamicEMATent,,,,,,,,,,6,56,0,0.0,56,1.0,0,0.0,1.0,1,0.03445154428482056,0.03445154428482056,0.5746648907661438,0.5402133464813232,0.9431776751948837,0.04648686151967007,0.010335463285446166,0.046972342440394166,24.63301333785057,0.006890308856964109,0.0,0.5976542830467224,0.05,1.0,1.0,0.0,0.0,56.0,1.0,0.0,0.0,1.0,1.0,0.6666666666666667
S7,MIDynamicRelaxed,,,,,,,,,,0,64,64,1.0,0,0.0,0,0.0,1.0,1,0.016229063272476196,0.12739334076974432,0.17197564244270325,0.15574657917022705,0.8904768303436459,0.05856583334845648,0.05095733630789773,0.061710432617028244,8.153173809263636,0.025478668153948857,1.0,0.07765833288431168,0.0,1.0,1.0,64.0,1.0,0.0,0.0,0.0,0.0,1.0,1.0,0.6666666666666667
S7,MIDynamicRelaxed,,,,,,,,,,1,64,64,1.0,0,0.0,0,0.0,1.0,1,0.015274576842784882,0.12359035902037376,0.18911296129226685,0.17383837699890137,0.8384571624724377,0.11210669391941275,0.049436143608149505,0.1179370466966283,16.062956786567558,0.024718071804074745,1.0,0.10093126446008682,0.0,1.0,1.0,64.0,1.0,0.0,0.0,0.0,0.0,1.0,1.0,0.6666666666666667
S7,MIDynamicRelaxed,,,,,,,,,,2,64,64,1.0,0,0.0,0,0.0,1.0,1,0.009913786314427853,0.09956799844542348,0.17579926550388336,0.16588547825813293,0.8058014883433312,0.15437131227849946,0.03982719937816939,0.16077451077402416,22.43530868707466,0.019913599689084693,1.0,0.1093299388885498,0.0,1.0,1.0,64.0,1.0,0.0,0.0,0.0,0.0,1.0,1.0,0.6666666666666667
S7,MIDynamicRelaxed,,,,,,,,,,3,64,45,0.703125,0,0.0,19,0.296875,0.703125,2,0.16072046756744385,0.4008995729200068,0.45426732301712036,0.2935468554496765,0.5766570926971581,0.2629830781348391,0.16035982916800273,0.313209261860649,48.09288135395509,0.08017991458400134,1.0,0.3065844178199768,0.0,1.0,1.0,58.0,0.90625,0.0,0.0,6.0,0.09375,0.90625,2.0,0.3697916666666667
S7,MIDynamicRelaxed,,,,,,,,,,4,64,0,0.0,8,0.125,56,0.875,0.875,2,0.26802024245262146,0.5177067147069095,0.7434443831443787,0.4754241406917572,0.4203719663719309,0.3725453477453053,0.20708268588276382,0.46984135812454064,81.2261110951973,0.10354134294138188,1.0,0.5979962348937988,0.0,1.0,1.0,52.0,0.8125,8.0,0.125,4.0,0.0625,0.8125,3.0,0.5416666666666667
S7,MIDynamicRelaxed,,,,,,,,,,5,64,0,0.0,64,1.0,0,0.0,1.0,1,0.10464219748973846,0.3234844625167312,0.9037394523620605,0.7990972995758057,0.3926303341576242,0.47797588083568326,0.1293937850066925,0.549015011154449,101.9291166962681,0.06469689250334622,1.0,0.7127349376678467,0.0,1.0,1.0,0.0,0.0,50.0,0.78125,14.0,0.21875,0.78125,2.0,0.6666666666666667
S7,MIDynamicRelaxed,,,,,,,,,,6,56,0,0.0,56,1.0,0,0.0,1.0,1,0.03718472272157669,0.19283340665345486,0.7115197777748108,0.6743350625038147,0.3825268688678924,0.5403397684707256,0.07713336266138195,0.5855014653351959,112.72778746886156,0.038566681330690966,1.0,0.4175876975059509,0.0,1.0,1.0,0.0,0.0,56.0,1.0,0.0,0.0,1.0,1.0,0.6666666666666667
S7,MIDynamicRelaxedAnchor,,,,,,,,,,0,64,64,1.0,0,0.0,0,0.0,1.0,1,0.016229063272476196,0.2146540066927699,0.17197564244270325,0.15574657917022705,0.821108269603099,0.09303012771979302,0.08586160267710796,0.10176809987660207,13.737856428337274,0.042930801338553974,1.0,0.09404393285512924,0.0,1.0,1.0,64.0,1.0,0.0,0.0,0.0,0.0,1.0,1.0,0.6666666666666667
S7,MIDynamicRelaxedAnchor,,,,,,,,,,1,64,64,1.0,0,0.0,0,0.0,1.0,1,0.015274319797754288,0.21123038719783804,0.1891118735074997,0.1738375574350357,0.7399160518762088,0.17559179324465599,0.08449215487913522,0.19179714753998034,27.25660120899891,0.0422460774395676,1.0,0.12003210186958313,0.0,1.0,1.0,64.0,1.0,0.0,0.0,0.0,0.0,1.0,1.0,0.6666666666666667
S7,MIDynamicRelaxedAnchor,,,,,,,,,,2,64,64,1.0,0,0.0,0,0.0,1.0,1,0.009913705289363861,0.1896108324053779,0.1757989227771759,0.16588521003723145,0.6793475926962401,0.24480807434160867,0.07584433296215116,0.2648991756186272,39.391694482943095,0.037922166481075575,1.0,0.1335659623146057,0.0,1.0,1.0,64.0,1.0,0.0,0.0,0.0,0.0,1.0,1.0,0.6666666666666667
S7,MIDynamicRelaxedAnchor,,,,,,,,,,3,64,45,0.703125,0,0.0,19,0.296875,0.703125,2,0.16070353984832764,0.46079061417551515,0.4542485773563385,0.29354503750801086,0.47622184359877107,0.33946191073102283,0.18431624567020607,0.4161685321414076,68.88229379017606,0.09215812283510301,1.0,0.33375462889671326,0.0,1.0,1.0,54.0,0.84375,0.0,0.0,10.0,0.15625,0.84375,2.0,0.3697916666666667
S7,MIDynamicRelaxedAnchor,,,,,,,,,,4,64,0,0.0,8,0.125,56,0.875,0.875,2,0.26803073287010193,0.5659451616067953,0.7434033155441284,0.4753725826740265,0.3403477188841171,0.4332742164731648,0.22637806464271815,0.5600593735402108,105.10278413301097,0.11318903232135903,1.0,0.6480990648269653,0.0,1.0,1.0,48.0,0.75,8.0,0.125,8.0,0.125,0.75,3.0,0.5416666666666667
S7,MIDynamicRelaxedAnchor,,,,,,,,,,5,64,0,0.0,64,1.0,0,0.0,1.0,1,0.10467111319303513,0.39117623818979197,0.9037743806838989,0.799103319644928,0.3051767937050159,0.5383527110190673,0.1564704952759168,0.6382144406379258,130.13806337715766,0.07823524763795837,1.0,0.650110125541687,0.0,1.0,1.0,0.0,0.0,54.0,0.84375,10.0,0.15625,0.84375,2.0,0.6666666666666667
S7,MIDynamicRelaxedAnchor,,,,,,,,,,6,56,0,0.0,56,1.0,0,0.0,1.0,1,0.03719090670347214,0.27356449645538816,0.7115497589111328,0.6743588447570801,0.2858531843245815,0.6047210170932632,0.10942579858215527,0.6790237311282014,145.4576751786594,0.05471289929107762,1.0,0.3760923743247986,0.0,1.0,1.0,0.0,0.0,56.0,1.0,0.0,0.0,1.0,1.0,0.6666666666666667
S7,MIDynamicFastEMA,,,,,,,,,,0,64,64,1.0,0,0.0,0,0.0,1.0,1,0.016229063272476196,0.12739334076974432,0.17197564244270325,0.15574657917022705,0.8243095718196931,0.11199375779543469,0.06369667038487216,0.11961268774027567,8.153173809263636,0.025478668153948857,1.0,0.0832807868719101,0.0,1.0,1.0,64.0,1.0,0.0,0.0,0.0,0.0,1.0,1.0,0.6666666666666667
S7,MIDynamicFastEMA,,,,,,,,,,1,64,64,1.0,0,0.0,0,0.0,1.0,1,0.01527440082281828,0.12358964690789548,0.18911248445510864,0.1738380789756775,0.7299570346240009,0.2082481419220515,0.06179482345394774,0.22196439236106635,16.06291121136895,0.02471792938157909,1.0,0.10776957124471664,0.0,1.0,1.0,64.0,1.0,0.0,0.0,0.0,0.0,1.0,1.0,0.6666666666666667
S7,MIDynamicFastEMA,,,,,,,,,,2,64,64,1.0,0,0.0,0,0.0,1.0,1,0.009913786314427853,0.09956799844542348,0.1757994443178177,0.16588565707206726,0.6692370564726839,0.2809789443046043,0.04978399922271174,0.29570007669283627,22.43526311187605,0.019913599689084693,1.0,0.1169777661561966,0.0,1.0,1.0,64.0,1.0,0.0,0.0,0.0,0.0,1.0,1.0,0.6666666666666667
S7,MIDynamicFastEMA,,,,,,,,,,3,64,45,0.703125,0,0.0,19,0.296875,0.703125,2,0.16071337461471558,0.4008907265262138,0.45426076650619507,0.2935473918914795,0.3771387496410697,0.4224158870958234,0.2004453632631069,0.5283139734137099,48.09226960955374,0.08017814530524275,1.0,0.3360961079597473,0.0,1.0,1.0,54.0,0.84375,0.0,0.0,10.0,0.15625,0.84375,2.0,0.3697916666666667
S7,MIDynamicFastEMA,,,,,,,,,,4,64,0,0.0,8,0.125,56,0.875,0.875,2,0.268022745847702,0.5177091324746957,0.7434963583946228,0.4754736125469208,0.2083138898099127,0.5328315439527395,0.25885456623734787,0.718929807403193,81.22565408793426,0.10354182649493912,1.0,0.635539174079895,0.0,1.0,1.0,48.0,0.75,8.0,0.125,8.0,0.125,0.75,3.0,0.5416666666666667
S7,MIDynamicFastEMA,,,,,,,,,,5,64,0,0.0,64,1.0,0,0.0,1.0,1,0.10464919358491898,0.3234952759854755,0.9037222862243652,0.7990731000900269,0.1704893927224479,0.6677629692848144,0.16174763799273775,0.7966132868218857,101.92935175100469,0.06469905519709508,1.0,0.6555467844009399,0.0,1.0,1.0,0.0,0.0,54.0,0.84375,10.0,0.15625,0.84375,2.0,0.6666666666666667
S7,MIDynamicFastEMA,,,,,,,,,,6,56,0,0.0,56,1.0,0,0.0,1.0,1,0.037187378853559494,0.19284029364621777,0.7115323543548584,0.6743450164794922,0.15524167716308718,0.7483381760138039,0.09642014682310888,0.8281926311025264,112.72840819519288,0.03856805872924354,1.0,0.366028755903244,0.0,1.0,1.0,0.0,0.0,56.0,1.0,0.0,0.0,1.0,1.0,0.6666666666666667
S8,EMATent,0.046477243304252625,0.046477243304252625,0.9921072721481323,0.0,0.4860568270087242,0.5,0.013943172991275787,0.0,0.0,0,64,64,1.0,0,0.0,0,0.0,1.0,1,,,,,,,,,,,,,,,,,,,,,,,,
S8,EMATent,0.9773402810096741,0.9773402810096741,0.6727362275123596,1.0,0.2067979156970978,0.5,0.29320208430290223,0.0,0.0,1,64,64,1.0,0,0.0,0,0.0,1.0,1,,,,,,,,,,,,,,,,,,,,,,,,
S8,EMATent,0.7571327090263367,0.7571327090263367,0.637954831123352,1.0,0.272860187292099,0.5,0.22713981270790098,0.0,0.0,2,64,64,1.0,0,0.0,0,0.0,1.0,1,,,,,,,,,,,,,,,,,,,,,,,,
S8,EMATent,0.9808162450790405,0.9808162450790405,0.6339928507804871,1.0,0.20575512647628785,0.5,0.29424487352371215,0.0,0.0,3,64,42,0.65625,0,0.0,22,0.34375,0.65625,2,,,,,,,,,,,,,,,,,,,,,,,,
S8,EMATent,0.8942054510116577,0.8942054510116577,0.74763423204422,1.0,0.2317383646965027,0.5,0.2682616353034973,0.0,0.0,4,64,0,0.0,12,0.1875,52,0.8125,0.8125,2,,,,,,,,,,,,,,,,,,,,,,,,
S8,EMATent,0.2080283910036087,0.2080283910036087,0.9450353384017944,1.0,0.4375914826989174,0.5,0.06240851730108261,0.0,0.0,5,64,0,0.0,64,1.0,0,0.0,1.0,1,,,,,,,,,,,,,,,,,,,,,,,,
S8,EMATent,0.32626527547836304,0.32626527547836304,0.8997600078582764,1.0,0.40212041735649107,0.5,0.0978795826435089,0.0,0.0,6,58,0,0.0,58,1.0,0,0.0,1.0,1,,,,,,,,,,,,,,,,,,,,,,,,
S8,MIDynamicEMATent,,,,,,,,,,0,64,64,1.0,0,0.0,0,0.0,1.0,1,0.004126830026507378,0.004126830026507378,0.046477243304252625,0.042350415140390396,0.9982468687559365,0.0005150822361113035,0.0012380490079522133,0.0005157207236415884,0.26411712169647217,0.0008253660053014753,0.0,0.06211349368095398,0.05,1.0,1.0,64.0,1.0,0.0,0.0,0.0,0.0,1.0,1.0,0.6666666666666667
S8,MIDynamicEMATent,,,,,,,,,,1,64,64,1.0,0,0.0,0,0.0,1.0,1,0.2465064972639084,0.2465064972639084,0.8580747246742249,0.6115682125091553,0.8974854945080781,0.028562556312749423,0.07395194917917251,0.03084349271879816,16.04053294658661,0.049301299452781666,1.0,0.7029409408569336,0.05,1.0,1.0,39.0,0.609375,18.0,0.28125,7.0,0.109375,0.609375,3.0,0.6666666666666667
S8,MIDynamicEMATent,,,,,,,,,,2,64,64,1.0,0,0.0,0,0.0,1.0,1,0.09416435658931732,0.09416435658931732,0.8819652199745178,0.7878009080886841,0.9307582461693091,0.04099244685389568,0.028249306976795195,0.0421841189805221,22.067051768302917,0.01883287131786346,1.0,0.8876006603240967,0.05,1.0,1.0,4.0,0.0625,28.0,0.4375,32.0,0.5,0.5,3.0,0.6666666666666667
S8,MIDynamicEMATent,,,,,,,,,,3,64,42,0.65625,0,0.0,22,0.34375,0.65625,2,0.23117998242378235,0.23117998242378235,0.9991545081138611,0.7679744958877563,0.8659972785813518,0.0646487266915135,0.0693539947271347,0.06946650641084362,36.86257064342499,0.04623599648475646,1.0,0.9538320302963257,0.05,1.0,1.0,18.0,0.28125,10.0,0.15625,36.0,0.5625,0.5625,3.0,0.3229166666666667
S8,MIDynamicEMATent,,,,,,,,,,4,64,0,0.0,12,0.1875,52,0.8125,0.8125,2,0.4238508343696594,0.4238508343696594,0.8309860229492188,0.40713515877723694,0.7702993010873087,0.10254544860179343,0.12715525031089783,0.11748417875953199,63.98902404308319,0.08477016687393187,1.0,0.8336879014968872,0.05,1.0,1.0,7.0,0.109375,43.0,0.671875,14.0,0.21875,0.671875,3.0,0.4791666666666667
S8,MIDynamicEMATent,,,,,,,,,,5,64,0,0.0,64,1.0,0,0.0,1.0,1,0.06079110503196716,0.06079110503196716,0.1695820838212967,0.10879097133874893,0.8598622024068479,0.12190046608356196,0.018237331509590147,0.12416490257365365,67.87965476512909,0.01215822100639343,1.0,0.15405651926994324,0.05,1.0,1.0,0.0,0.0,64.0,1.0,0.0,0.0,1.0,1.0,0.6666666666666667
S8,MIDynamicEMATent,,,,,,,,,,6,58,0,0.0,58,1.0,0,0.0,1.0,1,0.07249826192855835,0.07249826192855835,0.19304537773132324,0.12054711580276489,0.8497784340296465,0.12847208739178606,0.021749478578567506,0.13132841187256572,72.08455395698547,0.014499652385711667,1.0,0.17718680202960968,0.05,1.0,1.0,0.0,0.0,58.0,1.0,0.0,0.0,1.0,1.0,0.6666666666666667
S8,MIDynamicRelaxed,,,,,,,,,,0,64,64,1.0,0,0.0,0,0.0,1.0,1,0.018003618344664574,0.13417756274677436,0.15019334852695465,0.13218973577022552,0.8849237479803026,0.06140522692098764,0.053671025098709746,0.06488782289202621,8.58736401579356,0.026835512549354866,1.0,0.08236774802207947,0.0,1.0,1.0,64.0,1.0,0.0,0.0,0.0,0.0,1.0,1.0,0.6666666666666667
S8,MIDynamicRelaxed,,,,,,,,,,1,64,64,1.0,0,0.0,0,0.0,1.0,1,0.3175586462020874,0.5635234211655159,0.974551796913147,0.6569931507110596,0.546472606198524,0.22811802533526956,0.22540936846620638,0.2945013998988927,44.65286297038658,0.11270468423310316,1.0,0.7134900093078613,0.0,1.0,1.0,23.0,0.359375,16.0,0.25,25.0,0.390625,0.390625,3.0,0.6666666666666667
S8,MIDynamicRelaxed,,,,,,,,,,2,64,64,1.0,0,0.0,0,0.0,1.0,1,0.15016208589076996,0.3875075301084741,0.9580528140068054,0.8078907132148743,0.49113979679437786,0.3538571911622325,0.15500301204338965,0.4187673994175263,69.45334489732892,0.07750150602169481,1.0,0.8972584009170532,0.0,1.0,1.0,9.0,0.140625,20.0,0.3125,35.0,0.546875,0.546875,3.0,0.6666666666666667
S8,MIDynamicRelaxed,,,,,,,,,,3,64,42,0.65625,0,0.0,22,0.34375,0.65625,2,0.14154040813446045,0.3762185643139642,0.996964156627655,0.8554237484931946,0.4090957367382502,0.44041683753616406,0.1504874257255857,0.5184347481993812,93.53133301342262,0.07524371286279283,1.0,0.9409371018409729,0.0,1.0,1.0,24.0,0.375,9.0,0.140625,31.0,0.484375,0.484375,3.0,0.3229166666666667
S8,MIDynamicRelaxed,,,,,,,,,,4,64,0,0.0,12,0.1875,52,0.8125,0.8125,2,0.10720561444759369,0.32742268468692526,0.8986748456954956,0.7914692759513855,0.35529691894792753,0.5137340071773023,0.1309690738747701,0.5911573359856146,114.48638483338584,0.06548453693738504,1.0,0.8494659662246704,0.0,1.0,1.0,8.0,0.125,46.0,0.71875,10.0,0.15625,0.71875,3.0,0.4791666666666667
S8,MIDynamicRelaxed,,,,,,,,,,5,64,0,0.0,64,1.0,0,0.0,1.0,1,0.057094842195510864,0.2389452702932428,0.3990519940853119,0.341957151889801,0.3281262455915462,0.5762956462911567,0.09557810811729713,0.6371978071998042,129.77888213215337,0.04778905405864855,1.0,0.29402291774749756,0.0,1.0,1.0,0.0,0.0,64.0,1.0,0.0,0.0,1.0,1.0,0.6666666666666667
S8,MIDynamicRelaxed,,,,,,,,,,6,58,0,0.0,58,1.0,0,0.0,1.0,1,0.06100447475910187,0.24699083942345285,0.3967723846435547,0.3357678949832916,0.29233956887586965,0.6088640953547492,0.09879633576938114,0.675612094713965,144.10435081871364,0.04939816788469056,1.0,0.34251755475997925,0.0,1.0,1.0,0.0,0.0,58.0,1.0,0.0,0.0,1.0,1.0,0.6666666666666667
S8,MIDynamicRelaxedAnchor,,,,,,,,,,0,64,64,1.0,0,0.0,0,0.0,1.0,1,0.018003618344664574,0.22075980647209692,0.15019334852695465,0.13218973577022552,0.8164182483035219,0.0952778291076393,0.08830392258883878,0.10450613035233058,14.128627614214203,0.044151961294419374,1.0,0.09886585175991058,0.0,1.0,1.0,64.0,1.0,0.0,0.0,0.0,0.0,1.0,1.0,0.6666666666666667
S8,MIDynamicRelaxedAnchor,,,,,,,,,,1,64,64,1.0,0,0.0,0,0.0,1.0,1,0.317558616399765,0.6071710552504053,0.9745520353317261,0.6569934487342834,0.5004819941577107,0.2566495837421272,0.24286842210016213,0.33897619810552904,52.98757515024014,0.12143421105008102,1.0,0.708339273929596,0.0,1.0,1.0,22.0,0.34375,16.0,0.25,26.0,0.40625,0.40625,3.0,0.6666666666666667
S8,MIDynamicRelaxedAnchor,,,,,,,,,,2,64,64,1.0,0,0.0,0,0.0,1.0,1,0.15012986958026886,0.4487193633281894,0.958020806312561,0.8078909516334534,0.43337514279663264,0.3871371118720916,0.17948774533127576,0.4718236804743341,81.70561440324425,0.08974387266563787,1.0,0.8913223147392273,0.0,1.0,1.0,9.0,0.140625,19.0,0.296875,36.0,0.5625,0.5625,3.0,0.6666666666666667
S8,MIDynamicRelaxedAnchor,,,,,,,,,,3,64,42,0.65625,0,0.0,22,0.34375,0.65625,2,0.1415347009897232,0.43858988142246047,0.9969698786735535,0.8554351925849915,0.349755649392724,0.47480839803829183,0.1754359525689842,0.575829615076705,109.77536681428172,0.08771797628449207,1.0,0.9312493205070496,0.0,1.0,1.0,24.0,0.375,9.0,0.140625,31.0,0.484375,0.484375,3.0,0.3229166666666667
S8,MIDynamicRelaxedAnchor,,,,,,,,,,4,64,0,0.0,12,0.1875,52,0.8125,0.8125,2,0.10720442235469818,0.3946787778366564,0.8986919522285461,0.7914875149726868,0.29323465536627774,0.5488938334990597,0.15787151113466258,0.6517934504728908,135.03480859582774,0.07893575556733126,1.0,0.8612889647483826,0.0,1.0,1.0,7.0,0.109375,49.0,0.765625,8.0,0.125,0.765625,3.0,0.4791666666666667
S8,MIDynamicRelaxedAnchor,,,,,,,,,,5,64,0,0.0,64,1.0,0,0.0,1.0,1,0.05709240213036537,0.3150461478975988,0.3990687429904938,0.3419763445854187,0.25997272950869327,0.6140088113322673,0.12601845915903953,0.7025420820003327,155.19776206127406,0.06300922957951975,1.0,0.35418450832366943,0.0,1.0,1.0,0.0,0.0,64.0,1.0,0.0,0.0,1.0,1.0,0.6666666666666667
S8,MIDynamicRelaxedAnchor,,,,,,,,,,6,58,0,0.0,58,1.0,0,0.0,1.0,1,0.06099948287010193,0.3222826604231256,0.39678478240966797,0.33578529953956604,0.2239056900822696,0.6471812457484802,0.12891306416925025,0.7429582733108812,173.89015636581536,0.06445653208462511,1.0,0.4182320237159729,0.0,1.0,1.0,0.0,0.0,57.0,0.9827586206896551,1.0,0.017241379310344827,0.9827586206896551,2.0,0.6666666666666667
S8,MIDynamicFastEMA,,,,,,,,,,0,64,64,1.0,0,0.0,0,0.0,1.0,1,0.018003618344664574,0.13417756274677436,0.15019334852695465,0.13218973577022552,0.8157700197416075,0.11714119888500545,0.06708878137338718,0.12556521622438532,8.58736401579356,0.026835512549354866,1.0,0.08843893557786942,0.0,1.0,1.0,64.0,1.0,0.0,0.0,0.0,0.0,1.0,1.0,0.6666666666666667
S8,MIDynamicFastEMA,,,,,,,,,,1,64,64,1.0,0,0.0,0,0.0,1.0,1,0.3175584375858307,0.5635232360655865,0.9745521545410156,0.6569936871528625,0.3574876168828332,0.3607507650843735,0.28176161803279326,0.5022716331259008,44.6528511239911,0.11270464721311728,1.0,0.7017130255699158,0.0,1.0,1.0,21.0,0.328125,15.0,0.234375,28.0,0.4375,0.4375,3.0,0.6666666666666667
S8,MIDynamicFastEMA,,,,,,,,,,2,64,64,1.0,0,0.0,0,0.0,1.0,1,0.15007518231868744,0.38739538241786964,0.9579651355743408,0.807889997959137,0.2724247867002833,0.533877522090782,0.19369769120893482,0.6621307123518656,69.44615559873475,0.07747907648357391,1.0,0.887205958366394,0.0,1.0,1.0,9.0,0.140625,20.0,0.3125,35.0,0.546875,0.546875,3.0,0.6666666666666667
S8,MIDynamicFastEMA,,,,,,,,,,3,64,42,0.65625,0,0.0,22,0.34375,0.65625,2,0.14150063693523407,0.3761657040922711,0.9970013499259949,0.8555006980895996,0.18831882706792916,0.6235983208859354,0.18808285204613556,0.7680565959931789,93.5207606606401,0.07523314081845421,1.0,0.9215269684791565,0.0,1.0,1.0,27.0,0.421875,9.0,0.140625,28.0,0.4375,0.4375,3.0,0.3229166666666667
S8,MIDynamicFastEMA,,,,,,,,,,4,64,0,0.0,12,0.1875,52,0.8125,0.8125,2,0.10720784217119217,0.3274260865770963,0.8987095952033997,0.7915017604827881,0.1398099264520645,0.6964770302593873,0.16371304328854816,0.832820630131741,114.47603020157426,0.06548521731541924,1.0,0.8681031465530396,0.0,1.0,1.0,9.0,0.140625,47.0,0.734375,8.0,0.125,0.734375,3.0,0.4791666666666667
S8,MIDynamicFastEMA,,,,,,,,,,5,64,0,0.0,64,1.0,0,0.0,1.0,1,0.05709158629179001,0.23893845712189155,0.3990919291973114,0.3420003354549408,0.11591978531397411,0.7646109861250802,0.11946922856094577,0.8683523744155743,129.7680914573753,0.0477876914243783,1.0,0.34745723009109497,0.0,1.0,1.0,0.0,0.0,64.0,1.0,0.0,0.0,1.0,1.0,0.6666666666666667
S8,MIDynamicFastEMA,,,,,,,,,,6,58,0,0.0,58,1.0,0,0.0,1.0,1,0.060997556895017624,0.24697683473357906,0.39681750535964966,0.33581995964050293,0.09224985705836415,0.7842617255748463,0.12348841736678953,0.8947534078429087,144.09274787192288,0.0493953669467158,1.0,0.40657973289489746,0.0,1.0,1.0,0.0,0.0,57.0,0.9827586206896551,1.0,0.017241379310344827,0.9827586206896551,2.0,0.6666666666666667
S9,EMATent,0.04053409397602081,0.04053409397602081,0.9932560920715332,0.0,0.48783977180719373,0.5,0.012160228192806244,0.0,0.0,0,64,64,1.0,0,0.0,0,0.0,1.0,1,,,,,,,,,,,,,,,,,,,,,,,,
S9,EMATent,0.3267122507095337,0.3267122507095337,0.9025951623916626,1.0,0.4019863247871399,0.5,0.0980136752128601,0.0,0.0,1,64,64,1.0,0,0.0,0,0.0,1.0,1,,,,,,,,,,,,,,,,,,,,,,,,
S9,EMATent,0.3043893873691559,0.3043893873691559,0.9245911836624146,1.0,0.4086831837892533,0.5,0.09131681621074676,0.0,0.0,2,64,64,1.0,0,0.0,0,0.0,1.0,1,,,,,,,,,,,,,,,,,,,,,,,,
S9,EMATent,0.848183810710907,0.848183810710907,0.8771675825119019,1.0,0.2455448567867279,0.5,0.25445514321327206,0.0,0.0,3,64,44,0.6875,20,0.3125,0,0.0,0.6875,2,,,,,,,,,,,,,,,,,,,,,,,,
S9,EMATent,0.10151553899049759,0.10151553899049759,0.9772615432739258,0.0,0.4695453383028507,0.5,0.030454661697149277,0.0,0.0,4,64,0,0.0,64,1.0,0,0.0,1.0,1,,,,,,,,,,,,,,,,,,,,,,,,
S9,EMATent,0.06519316881895065,0.06519316881895065,0.9874209761619568,0.0,0.4804420493543148,0.5,0.019557950645685194,0.0,0.0,5,64,0,0.0,45,0.703125,19,0.296875,0.703125,2,,,,,,,,,,,,,,,,,,,,,,,,
S9,EMATent,0.1592286229133606,0.1592286229133606,0.9587222933769226,0.0,0.4522314131259918,0.5,0.04776858687400818,0.0,0.0,6,55,0,0.0,0,0.0,55,1.0,1.0,1,,,,,,,,,,,,,,,,,,,,,,,,
S9,MIDynamicEMATent,,,,,,,,,,0,64,64,1.0,0,0.0,0,0.0,1.0,1,0.004213718697428703,0.004213718697428703,0.04053409397602081,0.03632037714123726,0.9982099738966288,0.000525910494142597,0.001264115609228611,0.0005265761472698083,0.269677996635437,0.0008427437394857405,0.0,0.04877138137817383,0.05,1.0,1.0,64.0,1.0,0.0,0.0,0.0,0.0,1.0,1.0,0.6666666666666667
S9,MIDynamicEMATent,,,,,,,,,,1,64,64,1.0,0,0.0,0,0.0,1.0,1,0.03720516338944435,0.03720516338944435,0.18475428223609924,0.147549107670784,0.9837321081771114,0.00510634280605523,0.011161549016833305,0.005163980831224935,2.6508084535598755,0.0074410326778888685,0.0,0.166893869638443,0.05,1.0,1.0,63.0,0.984375,0.0,0.0,1.0,0.015625,0.984375,2.0,0.6666666666666667
S9,MIDynamicEMATent,,,,,,,,,,2,64,64,1.0,0,0.0,0,0.0,1.0,1,0.022902892902493477,0.022902892902493477,0.12207333743572235,0.09917044639587402,0.9851761681983499,0.007952963930902026,0.006870867870748043,0.008007985742851997,4.116593599319458,0.004580578580498694,0.0,0.12298023700714111,0.05,1.0,1.0,64.0,1.0,0.0,0.0,0.0,0.0,1.0,1.0,0.6666666666666667
S9,MIDynamicEMATent,,,,,,,,,,3,64,44,0.6875,20,0.3125,0,0.0,0.6875,2,0.3883892595767975,0.3883892595767975,0.7122101187705994,0.3238208591938019,0.8348761763208289,0.04860704580613189,0.11651677787303924,0.05501750863939647,28.973506212234497,0.07767785191535947,1.0,0.36752253770828247,0.05,1.0,1.0,42.0,0.65625,20.0,0.3125,2.0,0.03125,0.65625,3.0,0.3541666666666667
S9,MIDynamicEMATent,,,,,,,,,,4,64,0,0.0,64,1.0,0,0.0,1.0,1,0.03575454652309418,0.03575454652309418,0.4202519357204437,0.38449737429618835,0.9306774624825781,0.05859617356049368,0.010726363956928253,0.05923151231935031,31.261797189712524,0.007150909304618834,0.0,0.4229661524295807,0.05,1.0,1.0,0.0,0.0,63.0,0.984375,1.0,0.015625,0.984375,2.0,0.6666666666666667
S9,MIDynamicEMATent,,,,,,,,,,5,64,0,0.0,45,0.703125,19,0.296875,0.703125,2,0.023200059309601784,0.023200059309601784,0.24477820098400116,0.22157813608646393,0.9315153998702967,0.061524582336822675,0.006960017792880535,0.0619557957778083,32.74660098552704,0.004640011861920356,0.0,0.2638803720474243,0.05,1.0,1.0,0.0,0.0,64.0,1.0,0.0,0.0,1.0,1.0,0.3697916666666667
S9,MIDynamicEMATent,,,,,,,,,,6,55,0,0.0,0,0.0,55,1.0,1.0,1,0.017468981444835663,0.017468981444835663,0.20936770737171173,0.19189871847629547,0.931378780716791,0.06338052484975831,0.005240694433450699,0.06371443272265842,33.707394964993,0.003493796288967132,0.0,0.2598133385181427,0.05,1.0,1.0,0.0,0.0,55.0,1.0,0.0,0.0,1.0,1.0,0.6666666666666667
S9,MIDynamicRelaxed,,,,,,,,,,0,64,64,1.0,0,0.0,0,0.0,1.0,1,0.028645770624279976,0.1692506148416601,0.16317467391490936,0.13452890515327454,0.8566496970090938,0.07565005705424226,0.06770024593666404,0.08114349137659749,10.832039349866246,0.033850122968332015,1.0,0.07272540032863617,0.0,1.0,1.0,64.0,1.0,0.0,0.0,0.0,0.0,1.0,1.0,0.6666666666666667
S9,MIDynamicRelaxed,,,,,,,,,,1,64,64,1.0,0,0.0,0,0.0,1.0,1,0.13029588758945465,0.3609652165922011,0.4134865701198578,0.28319066762924194,0.656361249697421,0.19925266366569855,0.14438608663688043,0.2328768391370658,33.93381321176712,0.0721930433184402,1.0,0.2775007486343384,0.0,1.0,1.0,61.0,0.953125,0.0,0.0,3.0,0.046875,0.953125,2.0,0.6666666666666667
S9,MIDynamicRelaxed,,,,,,,,,,2,64,64,1.0,0,0.0,0,0.0,1.0,1,0.07992449402809143,0.28270920400314425,0.30512189865112305,0.2251974195241928,0.5906880937041629,0.2962282246945794,0.1130836816012577,0.33399794157513774,52.02720226796835,0.05654184080062884,1.0,0.2348761111497879,0.0,1.0,1.0,63.0,0.984375,0.0,0.0,1.0,0.015625,0.984375,2.0,0.6666666666666667
S9,MIDynamicRelaxed,,,,,,,,,,3,64,44,0.6875,20,0.3125,0,0.0,0.6875,2,0.4632430076599121,0.6806195763125772,0.8237539529800415,0.360510915517807,0.3448771469503993,0.38287502252456984,0.2722478305250309,0.5261063293027239,95.58685515197328,0.1361239152625154,1.0,0.40805500745773315,0.0,1.0,1.0,38.0,0.59375,24.0,0.375,2.0,0.03125,0.59375,3.0,0.3541666666666667
S9,MIDynamicRelaxed,,,,,,,,,,4,64,0,0.0,64,1.0,0,0.0,1.0,1,0.06609292328357697,0.25708543965689107,0.6605333685874939,0.5944404602050781,0.3738765581568015,0.523289265980442,0.10283417586275644,0.5832692818896232,112.04032329001431,0.051417087931378204,1.0,0.34978553652763367,0.0,1.0,1.0,0.0,0.0,62.0,0.96875,2.0,0.03125,0.96875,2.0,0.6666666666666667
S9,MIDynamicRelaxed,,,,,,,,,,5,64,0,0.0,45,0.703125,19,0.296875,0.703125,2,0.05099178105592728,0.22581359803148984,0.5484992265701294,0.4975074529647827,0.33861544580164743,0.5710591149857567,0.09032543921259595,0.6277619926970963,126.49239356402967,0.04516271960629796,1.0,0.2238130271434784,0.0,1.0,1.0,0.0,0.0,64.0,1.0,0.0,0.0,1.0,1.0,0.3697916666666667
S9,MIDynamicRelaxed,,,,,,,,,,6,55,0,0.0,0,0.0,55,1.0,1.0,1,0.022851256653666496,0.15116632116204487,0.39273515343666077,0.3698839247226715,0.32773565115639713,0.6117978203787849,0.060466528464817954,0.6511719261891942,134.80654122794215,0.030233264232408966,1.0,0.24765990674495697,0.0,1.0,1.0,0.0,0.0,55.0,1.0,0.0,0.0,1.0,1.0,0.6666666666666667
S9,MIDynamicRelaxedAnchor,,,,,,,,,,0,64,64,1.0,0,0.0,0,0.0,1.0,1,0.028645770624279976,0.25232555335749407,0.16317467391490936,0.13452890515327454,0.7925042534482597,0.10656552520874264,0.10093022134299763,0.11852864787416872,16.14883541487962,0.0504651106714988,1.0,0.08920976519584656,0.0,1.0,1.0,64.0,1.0,0.0,0.0,0.0,0.0,1.0,1.0,0.6666666666666667
S9,MIDynamicRelaxedAnchor,,,,,,,,,,1,64,64,1.0,0,0.0,0,0.0,1.0,1,0.13029740750789642,0.4248705897452032,0.41349154710769653,0.2831941545009613,0.5916350609384715,0.23841670316344718,0.16994823589808128,0.2872311263881284,43.340553158572625,0.08497411794904063,1.0,0.3056405484676361,0.0,1.0,1.0,61.0,0.953125,0.0,0.0,3.0,0.046875,0.953125,2.0,0.6666666666666667
S9,MIDynamicRelaxedAnchor,,,,,,,,,,2,64,64,1.0,0,0.0,0,0.0,1.0,1,0.0799204483628273,0.3544318438676458,0.3050892949104309,0.2251688539981842,0.5123740606939879,0.34585320175895373,0.14177273754705833,0.40298556907928285,66.02419116610196,0.07088636877352915,1.0,0.288167268037796,0.0,1.0,1.0,63.0,0.984375,1.0,0.015625,0.0,0.0,0.984375,2.0,0.6666666666666667
S9,MIDynamicRelaxedAnchor,,,,,,,,,,3,64,44,0.6875,20,0.3125,0,0.0,0.6875,2,0.46324074268341064,0.7125561211624307,0.8237316608428955,0.36049094796180725,0.2989149520664393,0.4160625994685883,0.2850224484649723,0.5819240038730151,111.62778292049752,0.1425112242324861,1.0,0.41925472021102905,0.0,1.0,1.0,37.0,0.578125,23.0,0.359375,4.0,0.0625,0.578125,3.0,0.3541666666666667
S9,MIDynamicRelaxedAnchor,,,,,,,,,,4,64,0,0.0,64,1.0,0,0.0,1.0,1,0.06611939519643784,0.33142322724634765,0.6606425642967224,0.5945231318473816,0.30727157531804056,0.5601591337834203,0.13256929089853906,0.6457681609677715,132.83886946426378,0.06628464544926951,1.0,0.33856886625289917,0.0,1.0,1.0,0.0,0.0,62.0,0.96875,2.0,0.03125,0.96875,2.0,0.6666666666666667
S9,MIDynamicRelaxedAnchor,,,,,,,,,,5,64,0,0.0,45,0.703125,19,0.296875,0.703125,2,0.05103621631860733,0.30332076927375606,0.5486764907836914,0.4976402521133423,0.26745391582735983,0.6112177764631378,0.12132830770950243,0.6956156455545208,152.25139869778417,0.0606641538547512,1.0,0.2278374284505844,0.0,1.0,1.0,0.0,0.0,64.0,1.0,0.0,0.0,1.0,1.0,0.3697916666666667
S9,MIDynamicRelaxedAnchor,,,,,,,,,,6,55,0,0.0,0,0.0,55,1.0,1.0,1,0.022852260619401932,0.23605267767197957,0.39278870820999146,0.369936466217041,0.24905692938275756,0.6565219995484506,0.09442107106879183,0.7249749067409264,165.23429596974304,0.0472105355343959,1.0,0.2700009047985077,0.0,1.0,1.0,0.0,0.0,55.0,1.0,0.0,0.0,1.0,1.0,0.6666666666666667
S9,MIDynamicFastEMA,,,,,,,,,,0,64,64,1.0,0,0.0,0,0.0,1.0,1,0.028645770624279976,0.1692506148416601,0.16317467391490936,0.13452890515327454,0.772848366273942,0.14252632630522785,0.08462530742083005,0.15570271656041101,10.832039349866246,0.033850122968332015,1.0,0.0806659534573555,0.0,1.0,1.0,64.0,1.0,0.0,0.0,0.0,0.0,1.0,1.0,0.6666666666666667
S9,MIDynamicFastEMA,,,,,,,,,,1,64,64,1.0,0,0.0,0,0.0,1.0,1,0.13029839098453522,0.36096868421586825,0.41349151730537415,0.2831931412220001,0.4822652170595013,0.3372504408325646,0.18048434210793413,0.41152409668416867,33.93403513968181,0.07219373684317364,1.0,0.31367936730384827,0.0,1.0,1.0,60.0,0.9375,1.0,0.015625,3.0,0.046875,0.9375,3.0,0.6666666666666667
S9,MIDynamicFastEMA,,,,,,,,,,2,64,64,1.0,0,0.0,0,0.0,1.0,1,0.07992568612098694,0.28271131233289365,0.30511271953582764,0.2251870185136795,0.38085708117969047,0.4777872626538627,0.14135565616644682,0.5564437314298328,52.02755912898701,0.056542262466578716,1.0,0.2936033010482788,0.0,1.0,1.0,63.0,0.984375,1.0,0.015625,0.0,0.0,0.984375,2.0,0.6666666666666667
S9,MIDynamicFastEMA,,,,,,,,,,3,64,44,0.6875,20,0.3125,0,0.0,0.6875,2,0.4632532298564911,0.6806270857499657,0.8237503170967102,0.36049705743789673,0.1481472868086046,0.5115391703164126,0.34031354287498283,0.7754277275082377,95.58769261698481,0.1361254171499931,1.0,0.4306049644947052,0.0,1.0,1.0,36.0,0.5625,24.0,0.375,4.0,0.0625,0.5625,3.0,0.3541666666666667
S9,MIDynamicFastEMA,,,,,,,,,,4,64,0,0.0,64,1.0,0,0.0,1.0,1,0.06610231101512909,0.25710369700789815,0.6605777740478516,0.5944754481315613,0.15133485670198893,0.720113294794062,0.12855184850394907,0.8263409516192258,112.04232922549029,0.05142073940157962,1.0,0.324496328830719,0.0,1.0,1.0,0.0,0.0,62.0,0.96875,2.0,0.03125,0.96875,2.0,0.6666666666666667
S9,MIDynamicFastEMA,,,,,,,,,,5,64,0,0.0,45,0.703125,19,0.296875,0.703125,2,0.05101831257343292,0.2258723368928407,0.5486252307891846,0.49760693311691284,0.12290149883944049,0.7641623327141392,0.11293616844642035,0.8614513471660837,126.4981587866321,0.04517446737856813,1.0,0.2094573676586151,0.0,1.0,1.0,0.0,0.0,64.0,1.0,0.0,0.0,1.0,1.0,0.3697916666666667
S9,MIDynamicFastEMA,,,,,,,,,,6,55,0,0.0,0,0.0,55,1.0,1.0,1,0.022855326533317566,0.15117978215792469,0.3928286135196686,0.3699733018875122,0.11247173635316596,0.8119383725678717,0.07558989107896234,0.8783313431260051,134.81304680531795,0.03023595643158493,1.0,0.24513937532901764,0.0,1.0,1.0,0.0,0.0,55.0,1.0,0.0,0.0,1.0,1.0,0.6666666666666667
