Subject,Method,raw_gate,effective_gate,confidence,updated,effective_source_weight,effective_ema_weight,effective_batch_weight,probe_gate,min_gate,batch_index,batch_size,true_class_0_count,true_class_0_ratio,true_class_1_count,true_class_1_ratio,true_max_class_ratio,true_num_present_classes
S1,EmaTentGridS20E50B30M075,0.9807481169700623,0.9807481169700623,0.6112730503082275,1,0.20577556490898133,0.5,0.29422443509101864,0.0,0.0,0,64,47,0.734375,17.0,0.265625,0.734375,2
S1,EmaTentGridS20E50B30M075,0.9808760285377502,0.9808760285377502,0.6216474771499634,1,0.20573719143867494,0.5,0.2942628085613251,0.0,0.0,1,64,19,0.296875,45.0,0.703125,0.703125,2
S1,EmaTentGridS20E50B30M075,0.7852017283439636,0.7852017283439636,0.7802162170410156,1,0.2644394814968109,0.5,0.23556051850318907,0.0,0.0,2,64,41,0.640625,23.0,0.359375,0.640625,2
S1,EmaTentGridS20E50B30M075,0.9818060994148254,0.9818060994148254,0.7127703428268433,1,0.20545817017555237,0.5,0.2945418298244476,0.0,0.0,3,64,36,0.5625,28.0,0.4375,0.5625,2
S1,EmaTentGridS20E50B30M075,0.8652995824813843,0.8652995824813843,0.7126300930976868,1,0.24041012525558472,0.5,0.25958987474441525,0.0,0.0,4,10,0,0.0,10.0,1.0,1.0,1
S1,EmaTentCaseS20E50B30M060,0.9807481169700623,0.9807481169700623,0.6112730503082275,1,0.20577556490898133,0.5,0.29422443509101864,0.0,0.0,0,64,47,0.734375,17.0,0.265625,0.734375,2
S1,EmaTentCaseS20E50B30M060,0.9966652393341064,0.9966652393341064,0.6095116138458252,1,0.20100042819976807,0.5,0.2989995718002319,0.0,0.0,1,64,19,0.296875,45.0,0.703125,0.703125,2
S1,EmaTentCaseS20E50B30M060,0.7340260148048401,0.7340260148048401,0.8113880753517151,1,0.27979219555854795,0.5,0.22020780444145202,0.0,0.0,2,64,41,0.640625,23.0,0.359375,0.640625,2
S1,EmaTentCaseS20E50B30M060,0.9048294425010681,0.9048294425010681,0.8074088096618652,1,0.22855116724967958,0.5,0.27144883275032045,0.0,0.0,3,64,36,0.5625,28.0,0.4375,0.5625,2
S1,EmaTentCaseS20E50B30M060,0.8146696090698242,0.8146696090698242,0.7478489875793457,1,0.25559911727905277,0.5,0.24440088272094726,0.0,0.0,4,10,0,0.0,10.0,1.0,1.0,1
S1,EmaTentCaseS20E50B30M065,0.9807481169700623,0.9807481169700623,0.6112730503082275,1,0.20577556490898133,0.5,0.29422443509101864,0.0,0.0,0,64,47,0.734375,17.0,0.265625,0.734375,2
S1,EmaTentCaseS20E50B30M065,0.9926429390907288,0.9926429390907288,0.6123170852661133,1,0.20220711827278137,0.5,0.29779288172721863,0.0,0.0,1,64,19,0.296875,45.0,0.703125,0.703125,2
S1,EmaTentCaseS20E50B30M065,0.7416618466377258,0.7416618466377258,0.8036279678344727,1,0.27750144600868226,0.5,0.22249855399131774,0.0,0.0,2,64,41,0.640625,23.0,0.359375,0.640625,2
S1,EmaTentCaseS20E50B30M065,0.9181632399559021,0.9181632399559021,0.7971257567405701,1,0.22455102801322938,0.5,0.2754489719867706,0.0,0.0,3,64,36,0.5625,28.0,0.4375,0.5625,2
S1,EmaTentCaseS20E50B30M065,0.7997927665710449,0.7997927665710449,0.7571226358413696,1,0.26006217002868653,0.5,0.23993782997131347,0.0,0.0,4,10,0,0.0,10.0,1.0,1.0,1
S1,EmaTentCaseS20E50B30M070,0.9807481169700623,0.9807481169700623,0.6112730503082275,1,0.20577556490898133,0.5,0.29422443509101864,0.0,0.0,0,64,47,0.734375,17.0,0.265625,0.734375,2
S1,EmaTentCaseS20E50B30M070,0.9873544573783875,0.9873544573783875,0.6165502071380615,1,0.20379366278648378,0.5,0.29620633721351625,0.0,0.0,1,64,19,0.296875,45.0,0.703125,0.703125,2
S1,EmaTentCaseS20E50B30M070,0.7575559020042419,0.7575559020042419,0.7945969700813293,1,0.2727332293987274,0.5,0.22726677060127257,0.0,0.0,2,64,41,0.640625,23.0,0.359375,0.640625,2
S1,EmaTentCaseS20E50B30M070,0.950248658657074,0.950248658657074,0.7631776928901672,1,0.21492540240287783,0.5,0.28507459759712217,0.0,0.0,3,64,36,0.5625,28.0,0.4375,0.5625,2
S1,EmaTentCaseS20E50B30M070,0.8094824552536011,0.8094824552536011,0.7511298060417175,1,0.2571552634239197,0.5,0.2428447365760803,0.0,0.0,4,10,0,0.0,10.0,1.0,1.0,1
S1,EmaTentCaseS10E50B40M070,0.9807481169700623,0.9807481169700623,0.6112730503082275,1,0.1077007532119751,0.5,0.3922992467880249,0.0,0.0,0,64,47,0.734375,17.0,0.265625,0.734375,2
S1,EmaTentCaseS10E50B40M070,0.9844396710395813,0.9844396710395813,0.6201697587966919,1,0.10622413158416749,0.5,0.39377586841583256,0.0,0.0,1,64,19,0.296875,45.0,0.703125,0.703125,2
S1,EmaTentCaseS10E50B40M070,0.7819798588752747,0.7819798588752747,0.7827733755111694,1,0.18720805644989014,0.5,0.31279194355010986,0.0,0.0,2,64,41,0.640625,23.0,0.359375,0.640625,2
S1,EmaTentCaseS10E50B40M070,0.9796508550643921,0.9796508550643921,0.7111665606498718,1,0.10813965797424317,0.5,0.39186034202575687,0.0,0.0,3,64,36,0.5625,28.0,0.4375,0.5625,2
S1,EmaTentCaseS10E50B40M070,0.854560911655426,0.854560911655426,0.7206519842147827,1,0.1581756353378296,0.5,0.3418243646621704,0.0,0.0,4,10,0,0.0,10.0,1.0,1.0,1
S1,EmaTentCaseS10E50B40M075,0.9807481169700623,0.9807481169700623,0.6112730503082275,1,0.1077007532119751,0.5,0.3922992467880249,0.0,0.0,0,64,47,0.734375,17.0,0.265625,0.734375,2
S1,EmaTentCaseS10E50B40M075,0.9780307412147522,0.9780307412147522,0.6251753568649292,1,0.10878770351409912,0.5,0.3912122964859009,0.0,0.0,1,64,19,0.296875,45.0,0.703125,0.703125,2
S1,EmaTentCaseS10E50B40M075,0.8108935356140137,0.8108935356140137,0.766238808631897,1,0.17564258575439454,0.5,0.3243574142456055,0.0,0.0,2,64,41,0.640625,23.0,0.359375,0.640625,2
S1,EmaTentCaseS10E50B40M075,0.9920806884765625,0.9920806884765625,0.6765598058700562,1,0.10316772460937501,0.5,0.39683227539062504,0.0,0.0,3,64,36,0.5625,28.0,0.4375,0.5625,2
S1,EmaTentCaseS10E50B40M075,0.9056240320205688,0.9056240320205688,0.6788533329963684,1,0.13775038719177246,0.5,0.36224961280822754,0.0,0.0,4,10,0,0.0,10.0,1.0,1.0,1
S1,EmaTentCaseS10E50B40M080,0.9807481169700623,0.9807481169700623,0.6112730503082275,1,0.1077007532119751,0.5,0.3922992467880249,0.0,0.0,0,64,47,0.734375,17.0,0.265625,0.734375,2
S1,EmaTentCaseS10E50B40M080,0.97110915184021,0.97110915184021,0.6310440897941589,1,0.11155633926391602,0.5,0.388443660736084,0.0,0.0,1,64,19,0.296875,45.0,0.703125,0.703125,2
S1,EmaTentCaseS10E50B40M080,0.8420544862747192,0.8420544862747192,0.7479603290557861,1,0.1631782054901123,0.5,0.3368217945098877,0.0,0.0,2,64,41,0.640625,23.0,0.359375,0.640625,2
S1,EmaTentCaseS10E50B40M080,0.9967732429504395,0.9967732429504395,0.6473641395568848,1,0.10129070281982422,0.5,0.3987092971801758,0.0,0.0,3,64,36,0.5625,28.0,0.4375,0.5625,2
S1,EmaTentCaseS10E50B40M080,0.9508639574050903,0.9508639574050903,0.6297498345375061,1,0.11965441703796387,0.5,0.38034558296203613,0.0,0.0,4,10,0,0.0,10.0,1.0,1.0,1
S1,EmaTentCaseS00E50B50M070,0.9807481169700623,0.9807481169700623,0.6112730503082275,1,0.009625941514968872,0.5,0.49037405848503113,0.0,0.0,0,64,47,0.734375,17.0,0.265625,0.734375,2
S1,EmaTentCaseS00E50B50M070,0.9830822348594666,0.9830822348594666,0.6228176951408386,1,0.008458882570266724,0.5,0.4915411174297333,0.0,0.0,1,64,19,0.296875,45.0,0.703125,0.703125,2
S1,EmaTentCaseS00E50B50M070,0.7983236908912659,0.7983236908912659,0.7738510966300964,1,0.10083815455436707,0.5,0.39916184544563293,0.0,0.0,2,64,41,0.640625,23.0,0.359375,0.640625,2
S1,EmaTentCaseS00E50B50M070,0.9862785339355469,0.9862785339355469,0.6836898326873779,1,0.0068607330322265625,0.5,0.49313926696777344,0.0,0.0,3,64,36,0.5625,28.0,0.4375,0.5625,2
S1,EmaTentCaseS00E50B50M070,0.8597398996353149,0.8597398996353149,0.7168257832527161,1,0.07013005018234253,0.5,0.42986994981765747,0.0,0.0,4,10,0,0.0,10.0,1.0,1.0,1
S1,EmaTentCaseS00E50B50M075,0.9807481169700623,0.9807481169700623,0.6112730503082275,1,0.009625941514968872,0.5,0.49037405848503113,0.0,0.0,0,64,47,0.734375,17.0,0.265625,0.734375,2
S1,EmaTentCaseS00E50B50M075,0.9767199754714966,0.9767199754714966,0.6279426217079163,1,0.011640012264251709,0.5,0.4883599877357483,0.0,0.0,1,64,19,0.296875,45.0,0.703125,0.703125,2
S1,EmaTentCaseS00E50B50M075,0.8254936933517456,0.8254936933517456,0.7577289938926697,1,0.0872531533241272,0.5,0.4127468466758728,0.0,0.0,2,64,41,0.640625,23.0,0.359375,0.640625,2
S1,EmaTentCaseS00E50B50M075,0.9946807622909546,0.9946807622909546,0.6541900634765625,1,0.002659618854522705,0.5,0.4973403811454773,0.0,0.0,3,64,36,0.5625,28.0,0.4375,0.5625,2
S1,EmaTentCaseS00E50B50M075,0.9156497120857239,0.9156497120857239,0.6692904829978943,1,0.04217514395713806,0.5,0.45782485604286194,0.0,0.0,4,10,0,0.0,10.0,1.0,1.0,1
S1,EmaTentCaseS00E50B50M080,0.9807481169700623,0.9807481169700623,0.6112730503082275,1,0.009625941514968872,0.5,0.49037405848503113,0.0,0.0,0,64,47,0.734375,17.0,0.265625,0.734375,2
S1,EmaTentCaseS00E50B50M080,0.9699580669403076,0.9699580669403076,0.6333625912666321,1,0.015020966529846191,0.5,0.4849790334701538,0.0,0.0,1,64,19,0.296875,45.0,0.703125,0.703125,2
S1,EmaTentCaseS00E50B50M080,0.8548253178596497,0.8548253178596497,0.7410463690757751,1,0.07258734107017517,0.5,0.42741265892982483,0.0,0.0,2,64,41,0.640625,23.0,0.359375,0.640625,2
S1,EmaTentCaseS00E50B50M080,0.9981194734573364,0.9981194734573364,0.6283488273620605,1,0.0009402632713317871,0.5,0.4990597367286682,0.0,0.0,3,64,36,0.5625,28.0,0.4375,0.5625,2
S1,EmaTentCaseS00E50B50M080,0.9579338431358337,0.9579338431358337,0.6237703561782837,1,0.02103307843208313,0.5,0.47896692156791687,0.0,0.0,4,10,0,0.0,10.0,1.0,1.0,1
S1,EmaTentCaseS10E40B50M075,0.9807478189468384,0.9807478189468384,0.6112732887268066,1,0.10962609052658082,0.4,0.4903739094734192,0.0,0.0,0,64,47,0.734375,17.0,0.265625,0.734375,2
S1,EmaTentCaseS10E40B50M075,0.9699578881263733,0.9699578881263733,0.6333622932434082,1,0.11502105593681336,0.4,0.48497894406318665,0.0,0.0,1,64,19,0.296875,45.0,0.703125,0.703125,2
S1,EmaTentCaseS10E40B50M075,0.8587257266044617,0.8587257266044617,0.738835334777832,1,0.17063713669776917,0.4,0.42936286330223083,0.0,0.0,2,64,41,0.640625,23.0,0.359375,0.640625,2
S1,EmaTentCaseS10E40B50M075,0.9986547231674194,0.9986547231674194,0.6202765107154846,1,0.10067263841629029,0.4,0.4993273615837097,0.0,0.0,3,64,36,0.5625,28.0,0.4375,0.5625,2
S1,EmaTentCaseS10E40B50M075,0.9721368551254272,0.9721368551254272,0.6108539700508118,1,0.11393157243728638,0.4,0.4860684275627136,0.0,0.0,4,10,0,0.0,10.0,1.0,1.0,1
S2,EmaTentGridS20E50B30M075,0.9914031624794006,0.9914031624794006,0.6842595338821411,1,0.2025790512561798,0.5,0.2974209487438202,0.0,0.0,0,64,50,0.78125,14.0,0.21875,0.78125,2
S2,EmaTentGridS20E50B30M075,0.9931206107139587,0.9931206107139587,0.6441794633865356,1,0.2020638167858124,0.5,0.29793618321418763,0.0,0.0,1,64,37,0.578125,27.0,0.421875,0.578125,2
S2,EmaTentGridS20E50B30M075,0.9823042154312134,0.9823042154312134,0.6861411333084106,1,0.205308735370636,0.5,0.294691264629364,0.0,0.0,2,64,54,0.84375,10.0,0.15625,0.84375,2
S2,EmaTentGridS20E50B30M075,0.9852045178413391,0.9852045178413391,0.7197030186653137,1,0.20443864464759828,0.5,0.29556135535240174,0.0,0.0,3,61,22,0.36065573770491804,39.0,0.639344262295082,0.639344262295082,2
S2,EmaTentCaseS20E50B30M060,0.9914031624794006,0.9914031624794006,0.6842595338821411,1,0.2025790512561798,0.5,0.2974209487438202,0.0,0.0,0,64,50,0.78125,14.0,0.21875,0.78125,2
S2,EmaTentCaseS20E50B30M060,0.9906935691833496,0.9906935691833496,0.6505178213119507,1,0.20279192924499512,0.5,0.2972080707550049,0.0,0.0,1,64,37,0.578125,27.0,0.421875,0.578125,2
S2,EmaTentCaseS20E50B30M060,0.9905436038970947,0.9905436038970947,0.6976423263549805,1,0.2028369188308716,0.5,0.29716308116912843,0.0,0.0,2,64,54,0.84375,10.0,0.15625,0.84375,2
S2,EmaTentCaseS20E50B30M060,0.9788767695426941,0.9788767695426941,0.7522426843643188,1,0.2063369691371918,0.5,0.2936630308628082,0.0,0.0,3,61,22,0.36065573770491804,39.0,0.639344262295082,0.639344262295082,2
S2,EmaTentCaseS20E50B30M065,0.9914031624794006,0.9914031624794006,0.6842595338821411,1,0.2025790512561798,0.5,0.2974209487438202,0.0,0.0,0,64,50,0.78125,14.0,0.21875,0.78125,2
S2,EmaTentCaseS20E50B30M065,0.9916077852249146,0.9916077852249146,0.6480721235275269,1,0.20251766443252564,0.5,0.29748233556747433,0.0,0.0,1,64,37,0.578125,27.0,0.421875,0.578125,2
S2,EmaTentCaseS20E50B30M065,0.9881176948547363,0.9881176948547363,0.6932603120803833,1,0.20356469154357912,0.5,0.2964353084564209,0.0,0.0,2,64,54,0.84375,10.0,0.15625,0.84375,2
S2,EmaTentCaseS20E50B30M065,0.979526162147522,0.979526162147522,0.7424368262290955,1,0.20614215135574343,0.5,0.29385784864425657,0.0,0.0,3,61,22,0.36065573770491804,39.0,0.639344262295082,0.639344262295082,2
S2,EmaTentCaseS20E50B30M070,0.9914031624794006,0.9914031624794006,0.6842595338821411,1,0.2025790512561798,0.5,0.2974209487438202,0.0,0.0,0,64,50,0.78125,14.0,0.21875,0.78125,2
S2,EmaTentCaseS20E50B30M070,0.9924036264419556,0.9924036264419556,0.6460714936256409,1,0.20227891206741333,0.5,0.29772108793258667,0.0,0.0,1,64,37,0.578125,27.0,0.421875,0.578125,2
S2,EmaTentCaseS20E50B30M070,0.9853430986404419,0.9853430986404419,0.6895294189453125,1,0.20439707040786745,0.5,0.2956029295921326,0.0,0.0,2,64,54,0.84375,10.0,0.15625,0.84375,2
S2,EmaTentCaseS20E50B30M070,0.9816648364067078,0.9816648364067078,0.7310461401939392,1,0.20550054907798768,0.5,0.2944994509220123,0.0,0.0,3,61,22,0.36065573770491804,39.0,0.639344262295082,0.639344262295082,2
S2,EmaTentCaseS10E50B40M070,0.9914031624794006,0.9914031624794006,0.6842595338821411,1,0.10343873500823975,0.5,0.39656126499176025,0.0,0.0,0,64,50,0.78125,14.0,0.21875,0.78125,2
S2,EmaTentCaseS10E50B40M070,0.9937312602996826,0.9937312602996826,0.6441838145256042,1,0.10250749588012696,0.5,0.3974925041198731,0.0,0.0,1,64,37,0.578125,27.0,0.421875,0.578125,2
S2,EmaTentCaseS10E50B40M070,0.9903395771980286,0.9903395771980286,0.6913855075836182,1,0.10386416912078858,0.5,0.39613583087921145,0.0,0.0,2,64,54,0.84375,10.0,0.15625,0.84375,2
S2,EmaTentCaseS10E50B40M070,0.973744809627533,0.973744809627533,0.7291156649589539,1,0.11050207614898683,0.5,0.38949792385101323,0.0,0.0,3,61,22,0.36065573770491804,39.0,0.639344262295082,0.639344262295082,2
S2,EmaTentCaseS10E50B40M075,0.9914031624794006,0.9914031624794006,0.6842595338821411,1,0.10343873500823975,0.5,0.39656126499176025,0.0,0.0,0,64,50,0.78125,14.0,0.21875,0.78125,2
S2,EmaTentCaseS10E50B40M075,0.9941676259040833,0.9941676259040833,0.6428235769271851,1,0.1023329496383667,0.5,0.3976670503616333,0.0,0.0,1,64,37,0.578125,27.0,0.421875,0.578125,2
S2,EmaTentCaseS10E50B40M075,0.9869604706764221,0.9869604706764221,0.6877681016921997,1,0.10521581172943116,0.5,0.3947841882705689,0.0,0.0,2,64,54,0.84375,10.0,0.15625,0.84375,2
S2,EmaTentCaseS10E50B40M075,0.9785643219947815,0.9785643219947815,0.7190296649932861,1,0.1085742712020874,0.5,0.3914257287979126,0.0,0.0,3,61,22,0.36065573770491804,39.0,0.639344262295082,0.639344262295082,2
S2,EmaTentCaseS10E50B40M080,0.9914031624794006,0.9914031624794006,0.6842595338821411,1,0.10343873500823975,0.5,0.39656126499176025,0.0,0.0,0,64,50,0.78125,14.0,0.21875,0.78125,2
S2,EmaTentCaseS10E50B40M080,0.994536817073822,0.994536817073822,0.6417267322540283,1,0.1021852731704712,0.5,0.39781472682952884,0.0,0.0,1,64,37,0.578125,27.0,0.421875,0.578125,2
S2,EmaTentCaseS10E50B40M080,0.9827413558959961,0.9827413558959961,0.6859215497970581,1,0.10690345764160157,0.5,0.39309654235839847,0.0,0.0,2,64,54,0.84375,10.0,0.15625,0.84375,2
S2,EmaTentCaseS10E50B40M080,0.9849048256874084,0.9849048256874084,0.7090454697608948,1,0.10603806972503663,0.5,0.3939619302749634,0.0,0.0,3,61,22,0.36065573770491804,39.0,0.639344262295082,0.639344262295082,2
S2,EmaTentCaseS00E50B50M070,0.9914031624794006,0.9914031624794006,0.6842595338821411,1,0.004298418760299683,0.5,0.4957015812397003,0.0,0.0,0,64,50,0.78125,14.0,0.21875,0.78125,2
S2,EmaTentCaseS00E50B50M070,0.9947524666786194,0.9947524666786194,0.6427822113037109,1,0.0026237666606903076,0.5,0.4973762333393097,0.0,0.0,1,64,37,0.578125,27.0,0.421875,0.578125,2
S2,EmaTentCaseS00E50B50M070,0.9927218556404114,0.9927218556404114,0.6929795742034912,1,0.0036390721797943115,0.5,0.4963609278202057,0.0,0.0,2,64,54,0.84375,10.0,0.15625,0.84375,2
S2,EmaTentCaseS00E50B50M070,0.9668455123901367,0.9668455123901367,0.7281349897384644,1,0.01657724380493164,0.5,0.48342275619506836,0.0,0.0,3,61,22,0.36065573770491804,39.0,0.639344262295082,0.639344262295082,2
S2,EmaTentCaseS00E50B50M075,0.9914031624794006,0.9914031624794006,0.6842595338821411,1,0.004298418760299683,0.5,0.4957015812397003,0.0,0.0,0,64,50,0.78125,14.0,0.21875,0.78125,2
S2,EmaTentCaseS00E50B50M075,0.9949816465377808,0.9949816465377808,0.6417958736419678,1,0.002509176731109619,0.5,0.4974908232688904,0.0,0.0,1,64,37,0.578125,27.0,0.421875,0.578125,2
S2,EmaTentCaseS00E50B50M075,0.9893470406532288,0.9893470406532288,0.6894076466560364,1,0.00532647967338562,0.5,0.4946735203266144,0.0,0.0,2,64,54,0.84375,10.0,0.15625,0.84375,2
S2,EmaTentCaseS00E50B50M075,0.9728944897651672,0.9728944897651672,0.7203150987625122,1,0.013552755117416382,0.5,0.4864472448825836,0.0,0.0,3,61,22,0.36065573770491804,39.0,0.639344262295082,0.639344262295082,2
S2,EmaTentCaseS00E50B50M080,0.9914031624794006,0.9914031624794006,0.6842595338821411,1,0.004298418760299683,0.5,0.4957015812397003,0.0,0.0,0,64,50,0.78125,14.0,0.21875,0.78125,2
S2,EmaTentCaseS00E50B50M080,0.9951714277267456,0.9951714277267456,0.6410502195358276,1,0.0024142861366271973,0.5,0.4975857138633728,0.0,0.0,1,64,37,0.578125,27.0,0.421875,0.578125,2
S2,EmaTentCaseS00E50B50M080,0.9849151372909546,0.9849151372909546,0.6871618628501892,1,0.007542431354522705,0.5,0.4924575686454773,0.0,0.0,2,64,54,0.84375,10.0,0.15625,0.84375,2
S2,EmaTentCaseS00E50B50M080,0.9806987047195435,0.9806987047195435,0.7114153504371643,1,0.009650647640228271,0.5,0.49034935235977173,0.0,0.0,3,61,22,0.36065573770491804,39.0,0.639344262295082,0.639344262295082,2
S2,EmaTentCaseS10E40B50M075,0.9914034605026245,0.9914034605026245,0.6842598915100098,1,0.10429826974868775,0.4,0.49570173025131226,0.0,0.0,0,64,50,0.78125,14.0,0.21875,0.78125,2
S2,EmaTentCaseS10E40B50M075,0.9951712489128113,0.9951712489128113,0.641050398349762,1,0.10241437554359437,0.4,0.49758562445640564,0.0,0.0,1,64,37,0.578125,27.0,0.421875,0.578125,2
S2,EmaTentCaseS10E40B50M075,0.9838821887969971,0.9838821887969971,0.6868733167648315,1,0.10805890560150147,0.4,0.49194109439849854,0.0,0.0,2,64,54,0.84375,10.0,0.15625,0.84375,2
S2,EmaTentCaseS10E40B50M075,0.9843704104423523,0.9843704104423523,0.7079107165336609,1,0.10781479477882386,0.4,0.49218520522117615,0.0,0.0,3,61,22,0.36065573770491804,39.0,0.639344262295082,0.639344262295082,2
S3,EmaTentGridS20E50B30M075,0.5883578062057495,0.5883578062057495,0.8604081869125366,1,0.32349265813827516,0.5,0.17650734186172484,0.0,0.0,0,64,50,0.78125,14.0,0.21875,0.78125,2
S3,EmaTentGridS20E50B30M075,0.4860425293445587,0.4860425293445587,0.8973153233528137,1,0.35418724119663236,0.5,0.1458127588033676,0.0,0.0,1,64,6,0.09375,58.0,0.90625,0.90625,2
S3,EmaTentGridS20E50B30M075,0.8085324764251709,0.8085324764251709,0.765620231628418,1,0.2574402570724487,0.5,0.24255974292755125,0.0,0.0,2,64,43,0.671875,21.0,0.328125,0.671875,2
S3,EmaTentGridS20E50B30M075,0.9247648119926453,0.9247648119926453,0.8128442764282227,1,0.22257055640220644,0.5,0.2774294435977936,0.0,0.0,3,64,36,0.5625,28.0,0.4375,0.5625,2
S3,EmaTentGridS20E50B30M075,0.7439395785331726,0.7439395785331726,0.78871089220047,1,0.2768181264400482,0.5,0.22318187355995178,0.0,0.0,4,11,11,1.0,,,1.0,1
S3,EmaTentCaseS20E50B30M060,0.5883578062057495,0.5883578062057495,0.8604081869125366,1,0.32349265813827516,0.5,0.17650734186172484,0.0,0.0,0,64,50,0.78125,14.0,0.21875,0.78125,2
S3,EmaTentCaseS20E50B30M060,0.5066247582435608,0.5066247582435608,0.8918411135673523,1,0.34801257252693174,0.5,0.15198742747306823,0.0,0.0,1,64,6,0.09375,58.0,0.90625,0.90625,2
S3,EmaTentCaseS20E50B30M060,0.9287339448928833,0.9287339448928833,0.6808164715766907,1,0.221379816532135,0.5,0.278620183467865,0.0,0.0,2,64,43,0.671875,21.0,0.328125,0.671875,2
S3,EmaTentCaseS20E50B30M060,0.9755801558494568,0.9755801558494568,0.8052878379821777,1,0.20732595324516298,0.5,0.29267404675483705,0.0,0.0,3,64,36,0.5625,28.0,0.4375,0.5625,2
S3,EmaTentCaseS20E50B30M060,0.7548480033874512,0.7548480033874512,0.7828938961029053,1,0.2735455989837646,0.5,0.22645440101623535,0.0,0.0,4,11,11,1.0,,,1.0,1
S3,EmaTentCaseS20E50B30M065,0.5883578062057495,0.5883578062057495,0.8604081869125366,1,0.32349265813827516,0.5,0.17650734186172484,0.0,0.0,0,64,50,0.78125,14.0,0.21875,0.78125,2
S3,EmaTentCaseS20E50B30M065,0.5009108781814575,0.5009108781814575,0.893345832824707,1,0.34972673654556274,0.5,0.15027326345443726,0.0,0.0,1,64,6,0.09375,58.0,0.90625,0.90625,2
S3,EmaTentCaseS20E50B30M065,0.8941763043403625,0.8941763043403625,0.7082140445709229,1,0.23174710869789125,0.5,0.2682528913021088,0.0,0.0,2,64,43,0.671875,21.0,0.328125,0.671875,2
S3,EmaTentCaseS20E50B30M065,0.9700285792350769,0.9700285792350769,0.8075239658355713,1,0.20899142622947695,0.5,0.2910085737705231,0.0,0.0,3,64,36,0.5625,28.0,0.4375,0.5625,2
S3,EmaTentCaseS20E50B30M065,0.7602641582489014,0.7602641582489014,0.77994704246521,1,0.2719207525253296,0.5,0.2280792474746704,0.0,0.0,4,11,11,1.0,,,1.0,1
S3,EmaTentCaseS20E50B30M070,0.5883578062057495,0.5883578062057495,0.8604081869125366,1,0.32349265813827516,0.5,0.17650734186172484,0.0,0.0,0,64,50,0.78125,14.0,0.21875,0.78125,2
S3,EmaTentCaseS20E50B30M070,0.4937502443790436,0.4937502443790436,0.8952493071556091,1,0.35187492668628695,0.5,0.14812507331371308,0.0,0.0,1,64,6,0.09375,58.0,0.90625,0.90625,2
S3,EmaTentCaseS20E50B30M070,0.8538137078285217,0.8538137078285217,0.7372774481773376,1,0.2438558876514435,0.5,0.2561441123485565,0.0,0.0,2,64,43,0.671875,21.0,0.328125,0.671875,2
S3,EmaTentCaseS20E50B30M070,0.9546249508857727,0.9546249508857727,0.807982325553894,1,0.2136125147342682,0.5,0.2863874852657318,0.0,0.0,3,64,36,0.5625,28.0,0.4375,0.5625,2
S3,EmaTentCaseS20E50B30M070,0.7579445838928223,0.7579445838928223,0.7812139391899109,1,0.2726166248321533,0.5,0.22738337516784668,0.0,0.0,4,11,11,1.0,,,1.0,1
S3,EmaTentCaseS10E50B40M070,0.5883578062057495,0.5883578062057495,0.8604081869125366,1,0.2646568775177002,0.5,0.23534312248229983,0.0,0.0,0,64,50,0.78125,14.0,0.21875,0.78125,2
S3,EmaTentCaseS10E50B40M070,0.48463863134384155,0.48463863134384155,0.8979142308235168,1,0.3061445474624634,0.5,0.19385545253753664,0.0,0.0,1,64,6,0.09375,58.0,0.90625,0.90625,2
S3,EmaTentCaseS10E50B40M070,0.8355569243431091,0.8355569243431091,0.7493311166763306,1,0.16577723026275637,0.5,0.3342227697372437,0.0,0.0,2,64,43,0.671875,21.0,0.328125,0.671875,2
S3,EmaTentCaseS10E50B40M070,0.9221504926681519,0.9221504926681519,0.8095320463180542,1,0.13113980293273927,0.5,0.36886019706726075,0.0,0.0,3,64,36,0.5625,28.0,0.4375,0.5625,2
S3,EmaTentCaseS10E50B40M070,0.7048088312149048,0.7048088312149048,0.8083989024162292,1,0.21807646751403809,0.5,0.2819235324859619,0.0,0.0,4,11,11,1.0,,,1.0,1
S3,EmaTentCaseS10E50B40M075,0.5883578062057495,0.5883578062057495,0.8604081869125366,1,0.2646568775177002,0.5,0.23534312248229983,0.0,0.0,0,64,50,0.78125,14.0,0.21875,0.78125,2
S3,EmaTentCaseS10E50B40M075,0.4781077206134796,0.4781077206134796,0.8995290398597717,1,0.3087569117546082,0.5,0.19124308824539185,0.0,0.0,1,64,6,0.09375,58.0,0.90625,0.90625,2
S3,EmaTentCaseS10E50B40M075,0.7917128205299377,0.7917128205299377,0.775304913520813,1,0.1833148717880249,0.5,0.31668512821197514,0.0,0.0,2,64,43,0.671875,21.0,0.328125,0.671875,2
S3,EmaTentCaseS10E50B40M075,0.8935585618019104,0.8935585618019104,0.8139251470565796,1,0.14257657527923584,0.5,0.35742342472076416,0.0,0.0,3,64,36,0.5625,28.0,0.4375,0.5625,2
S3,EmaTentCaseS10E50B40M075,0.6984500288963318,0.6984500288963318,0.8114396929740906,1,0.2206199884414673,0.5,0.2793800115585327,0.0,0.0,4,11,11,1.0,,,1.0,1
S3,EmaTentCaseS10E50B40M080,0.5883578062057495,0.5883578062057495,0.8604081869125366,1,0.2646568775177002,0.5,0.23534312248229983,0.0,0.0,0,64,50,0.78125,14.0,0.21875,0.78125,2
S3,EmaTentCaseS10E50B40M080,0.47037503123283386,0.47037503123283386,0.9013916254043579,1,0.31184998750686643,0.5,0.18815001249313357,0.0,0.0,1,64,6,0.09375,58.0,0.90625,0.90625,2
S3,EmaTentCaseS10E50B40M080,0.7449226379394531,0.7449226379394531,0.8000037670135498,1,0.20203094482421877,0.5,0.29796905517578126,0.0,0.0,2,64,43,0.671875,21.0,0.328125,0.671875,2
S3,EmaTentCaseS10E50B40M080,0.8454087376594543,0.8454087376594543,0.8239222764968872,1,0.16183650493621826,0.5,0.33816349506378174,0.0,0.0,3,64,36,0.5625,28.0,0.4375,0.5625,2
S3,EmaTentCaseS10E50B40M080,0.6805503368377686,0.6805503368377686,0.8197835683822632,1,0.22777986526489258,0.5,0.2722201347351074,0.0,0.0,4,11,11,1.0,,,1.0,1
S3,EmaTentCaseS00E50B50M070,0.5883578062057495,0.5883578062057495,0.8604081869125366,1,0.20582109689712524,0.5,0.29417890310287476,0.0,0.0,0,64,50,0.78125,14.0,0.21875,0.78125,2
S3,EmaTentCaseS00E50B50M070,0.4758191406726837,0.4758191406726837,0.9003970623016357,1,0.26209042966365814,0.5,0.23790957033634186,0.0,0.0,1,64,6,0.09375,58.0,0.90625,0.90625,2
S3,EmaTentCaseS00E50B50M070,0.8172218203544617,0.8172218203544617,0.7608169317245483,1,0.09138908982276917,0.5,0.40861091017723083,0.0,0.0,2,64,43,0.671875,21.0,0.328125,0.671875,2
S3,EmaTentCaseS00E50B50M070,0.8839691281318665,0.8839691281318665,0.8112118244171143,1,0.05801543593406677,0.5,0.4419845640659332,0.0,0.0,3,64,36,0.5625,28.0,0.4375,0.5625,2
S3,EmaTentCaseS00E50B50M070,0.664189338684082,0.664189338684082,0.8271472454071045,1,0.16790533065795898,0.5,0.332094669342041,0.0,0.0,4,11,11,1.0,,,1.0,1
S3,EmaTentCaseS00E50B50M075,0.5883578062057495,0.5883578062057495,0.8604081869125366,1,0.20582109689712524,0.5,0.29417890310287476,0.0,0.0,0,64,50,0.78125,14.0,0.21875,0.78125,2
S3,EmaTentCaseS00E50B50M075,0.47033265233039856,0.47033265233039856,0.9016677141189575,1,0.2648336738348007,0.5,0.23516632616519928,0.0,0.0,1,64,6,0.09375,58.0,0.90625,0.90625,2
S3,EmaTentCaseS00E50B50M075,0.7752623558044434,0.7752623558044434,0.7845019102096558,1,0.11236882209777832,0.5,0.3876311779022217,0.0,0.0,2,64,43,0.671875,21.0,0.328125,0.671875,2
S3,EmaTentCaseS00E50B50M075,0.858495831489563,0.858495831489563,0.8175594806671143,1,0.0707520842552185,0.5,0.4292479157447815,0.0,0.0,3,64,36,0.5625,28.0,0.4375,0.5625,2
S3,EmaTentCaseS00E50B50M075,0.6619361042976379,0.6619361042976379,0.8281426429748535,1,0.16903194785118103,0.5,0.33096805214881897,0.0,0.0,4,11,11,1.0,,,1.0,1
S3,EmaTentCaseS00E50B50M080,0.5883578062057495,0.5883578062057495,0.8604081869125366,1,0.20582109689712524,0.5,0.29417890310287476,0.0,0.0,0,64,50,0.78125,14.0,0.21875,0.78125,2
S3,EmaTentCaseS00E50B50M080,0.46367979049682617,0.46367979049682617,0.9032105207443237,1,0.2681601047515869,0.5,0.23183989524841309,0.0,0.0,1,64,6,0.09375,58.0,0.90625,0.90625,2
S3,EmaTentCaseS00E50B50M080,0.731044590473175,0.731044590473175,0.8069695234298706,1,0.13447770476341248,0.5,0.3655222952365875,0.0,0.0,2,64,43,0.671875,21.0,0.328125,0.671875,2
S3,EmaTentCaseS00E50B50M080,0.8135045170783997,0.8135045170783997,0.8283720016479492,1,0.09324774146080017,0.5,0.40675225853919983,0.0,0.0,3,64,36,0.5625,28.0,0.4375,0.5625,2
S3,EmaTentCaseS00E50B50M080,0.6499068140983582,0.6499068140983582,0.8333831429481506,1,0.17504659295082092,0.5,0.3249534070491791,0.0,0.0,4,11,11,1.0,,,1.0,1
S3,EmaTentCaseS10E40B50M075,0.5883614420890808,0.5883614420890808,0.8604071140289307,1,0.3058192789554596,0.4,0.2941807210445404,0.0,0.0,0,64,50,0.78125,14.0,0.21875,0.78125,2
S3,EmaTentCaseS10E40B50M075,0.4636777341365814,0.4636777341365814,0.9032109975814819,1,0.36816113293170927,0.4,0.2318388670682907,0.0,0.0,1,64,6,0.09375,58.0,0.90625,0.90625,2
S3,EmaTentCaseS10E40B50M075,0.7271105647087097,0.7271105647087097,0.808754563331604,1,0.23644471764564515,0.4,0.36355528235435486,0.0,0.0,2,64,43,0.671875,21.0,0.328125,0.671875,2
S3,EmaTentCaseS10E40B50M075,0.7941337823867798,0.7941337823867798,0.83042311668396,1,0.2029331088066101,0.4,0.3970668911933899,0.0,0.0,3,64,36,0.5625,28.0,0.4375,0.5625,2
S3,EmaTentCaseS10E40B50M075,0.6349114775657654,0.6349114775657654,0.8397482633590698,1,0.2825442612171173,0.4,0.3174557387828827,0.0,0.0,4,11,11,1.0,,,1.0,1
S4,EmaTentGridS20E50B30M075,0.9810284376144409,0.9810284376144409,0.7433178424835205,1,0.20569146871566774,0.5,0.29430853128433226,0.0,0.0,0,64,35,0.546875,29.0,0.453125,0.546875,2
S4,EmaTentGridS20E50B30M075,0.6778717041015625,0.6778717041015625,0.8445576429367065,1,0.29663848876953125,0.5,0.20336151123046875,0.0,0.0,1,64,20,0.3125,44.0,0.6875,0.6875,2
S4,EmaTentGridS20E50B30M075,0.9174673557281494,0.9174673557281494,0.674201250076294,1,0.22475979328155518,0.5,0.2752402067184448,0.0,0.0,2,64,35,0.546875,29.0,0.453125,0.546875,2
S4,EmaTentGridS20E50B30M075,0.9122625589370728,0.9122625589370728,0.7764196395874023,1,0.22632123231887818,0.5,0.2736787676811218,0.0,0.0,3,64,10,0.15625,54.0,0.84375,0.84375,2
S4,EmaTentGridS20E50B30M075,0.8360451459884644,0.8360451459884644,0.7534483075141907,1,0.2491864562034607,0.5,0.2508135437965393,0.0,0.0,4,11,0,0.0,11.0,1.0,1.0,1
S4,EmaTentCaseS20E50B30M060,0.9810284376144409,0.9810284376144409,0.7433178424835205,1,0.20569146871566774,0.5,0.29430853128433226,0.0,0.0,0,64,35,0.546875,29.0,0.453125,0.546875,2
S4,EmaTentCaseS20E50B30M060,0.7617834210395813,0.7617834210395813,0.8074337244033813,1,0.2714649736881256,0.5,0.2285350263118744,0.0,0.0,1,64,20,0.3125,44.0,0.6875,0.6875,2
S4,EmaTentCaseS20E50B30M060,0.9965646266937256,0.9965646266937256,0.6329782605171204,1,0.20103061199188232,0.5,0.2989693880081177,0.0,0.0,2,64,35,0.546875,29.0,0.453125,0.546875,2
S4,EmaTentCaseS20E50B30M060,0.7347944974899292,0.7347944974899292,0.8193544149398804,1,0.27956165075302125,0.5,0.22043834924697875,0.0,0.0,3,64,10,0.15625,54.0,0.84375,0.84375,2
S4,EmaTentCaseS20E50B30M060,0.642960250377655,0.642960250377655,0.8363543748855591,1,0.30711192488670347,0.5,0.1928880751132965,0.0,0.0,4,11,0,0.0,11.0,1.0,1.0,1
S4,EmaTentCaseS20E50B30M065,0.9810284376144409,0.9810284376144409,0.7433178424835205,1,0.20569146871566774,0.5,0.29430853128433226,0.0,0.0,0,64,35,0.546875,29.0,0.453125,0.546875,2
S4,EmaTentCaseS20E50B30M065,0.7316064834594727,0.7316064834594727,0.8202203512191772,1,0.2805180549621582,0.5,0.2194819450378418,0.0,0.0,1,64,20,0.3125,44.0,0.6875,0.6875,2
S4,EmaTentCaseS20E50B30M065,0.9867211580276489,0.9867211580276489,0.6323751211166382,1,0.20398365259170534,0.5,0.2960163474082947,0.0,0.0,2,64,35,0.546875,29.0,0.453125,0.546875,2
S4,EmaTentCaseS20E50B30M065,0.7898060083389282,0.7898060083389282,0.8034745454788208,1,0.26305819749832154,0.5,0.23694180250167846,0.0,0.0,3,64,10,0.15625,54.0,0.84375,0.84375,2
S4,EmaTentCaseS20E50B30M065,0.690130352973938,0.690130352973938,0.8153566122055054,1,0.2929608941078186,0.5,0.20703910589218139,0.0,0.0,4,11,0,0.0,11.0,1.0,1.0,1
S4,EmaTentCaseS20E50B30M070,0.9810284376144409,0.9810284376144409,0.7433178424835205,1,0.20569146871566774,0.5,0.29430853128433226,0.0,0.0,0,64,35,0.546875,29.0,0.453125,0.546875,2
S4,EmaTentCaseS20E50B30M070,0.7036411166191101,0.7036411166191101,0.833247184753418,1,0.28890766501426696,0.5,0.21109233498573302,0.0,0.0,1,64,20,0.3125,44.0,0.6875,0.6875,2
S4,EmaTentCaseS20E50B30M070,0.96282559633255,0.96282559633255,0.6437888741493225,1,0.211152321100235,0.5,0.288847678899765,0.0,0.0,2,64,35,0.546875,29.0,0.453125,0.546875,2
S4,EmaTentCaseS20E50B30M070,0.8504863381385803,0.8504863381385803,0.7879029512405396,1,0.2448540985584259,0.5,0.25514590144157406,0.0,0.0,3,64,10,0.15625,54.0,0.84375,0.84375,2
S4,EmaTentCaseS20E50B30M070,0.7577921152114868,0.7577921152114868,0.7812970876693726,1,0.272662365436554,0.5,0.22733763456344602,0.0,0.0,4,11,0,0.0,11.0,1.0,1.0,1
S4,EmaTentCaseS10E50B40M070,0.9810284376144409,0.9810284376144409,0.7433178424835205,1,0.10758862495422364,0.5,0.3924113750457764,0.0,0.0,0,64,35,0.546875,29.0,0.453125,0.546875,2
S4,EmaTentCaseS10E50B40M070,0.6844251751899719,0.6844251751899719,0.8420403003692627,1,0.22622992992401125,0.5,0.2737700700759888,0.0,0.0,1,64,20,0.3125,44.0,0.6875,0.6875,2
S4,EmaTentCaseS10E50B40M070,0.937458872795105,0.937458872795105,0.6587782502174377,1,0.125016450881958,0.5,0.374983549118042,0.0,0.0,2,64,35,0.546875,29.0,0.453125,0.546875,2
S4,EmaTentCaseS10E50B40M070,0.864854633808136,0.864854633808136,0.7948838472366333,1,0.15405814647674562,0.5,0.3459418535232544,0.0,0.0,3,64,10,0.15625,54.0,0.84375,0.84375,2
S4,EmaTentCaseS10E50B40M070,0.848657488822937,0.848657488822937,0.740204930305481,1,0.1605370044708252,0.5,0.3394629955291748,0.0,0.0,4,11,0,0.0,11.0,1.0,1.0,1
S4,EmaTentCaseS10E50B40M075,0.9810284376144409,0.9810284376144409,0.7433178424835205,1,0.10758862495422364,0.5,0.3924113750457764,0.0,0.0,0,64,35,0.546875,29.0,0.453125,0.546875,2
S4,EmaTentCaseS10E50B40M075,0.6626594066619873,0.6626594066619873,0.8513041734695435,1,0.23493623733520508,0.5,0.2650637626647949,0.0,0.0,1,64,20,0.3125,44.0,0.6875,0.6875,2
S4,EmaTentCaseS10E50B40M075,0.8890922665596008,0.8890922665596008,0.6962071657180786,1,0.14436309337615968,0.5,0.35563690662384034,0.0,0.0,2,64,35,0.546875,29.0,0.453125,0.546875,2
S4,EmaTentCaseS10E50B40M075,0.9236904382705688,0.9236904382705688,0.7834071516990662,1,0.13052382469177248,0.5,0.3694761753082276,0.0,0.0,3,64,10,0.15625,54.0,0.84375,0.84375,2
S4,EmaTentCaseS10E50B40M075,0.9005389213562012,0.9005389213562012,0.7169113159179688,1,0.13978443145751954,0.5,0.3602155685424805,0.0,0.0,4,11,0,0.0,11.0,1.0,1.0,1
S4,EmaTentCaseS10E50B40M080,0.9810284376144409,0.9810284376144409,0.7433178424835205,1,0.10758862495422364,0.5,0.3924113750457764,0.0,0.0,0,64,35,0.546875,29.0,0.453125,0.546875,2
S4,EmaTentCaseS10E50B40M080,0.6426351070404053,0.6426351070404053,0.859548807144165,1,0.2429459571838379,0.5,0.2570540428161621,0.0,0.0,1,64,20,0.3125,44.0,0.6875,0.6875,2
S4,EmaTentCaseS10E50B40M080,0.8261662721633911,0.8261662721633911,0.740384042263031,1,0.16953349113464355,0.5,0.33046650886535645,0.0,0.0,2,64,35,0.546875,29.0,0.453125,0.546875,2
S4,EmaTentCaseS10E50B40M080,0.9729732871055603,0.9729732871055603,0.7649257183074951,1,0.11081068515777588,0.5,0.38918931484222413,0.0,0.0,3,64,10,0.15625,54.0,0.84375,0.84375,2
S4,EmaTentCaseS10E50B40M080,0.9468358755111694,0.9468358755111694,0.6913867592811584,1,0.12126564979553223,0.5,0.3787343502044678,0.0,0.0,4,11,0,0.0,11.0,1.0,1.0,1
S4,EmaTentCaseS00E50B50M070,0.9810284376144409,0.9810284376144409,0.7433178424835205,1,0.009485781192779541,0.5,0.49051421880722046,0.0,0.0,0,64,35,0.546875,29.0,0.453125,0.546875,2
S4,EmaTentCaseS00E50B50M070,0.659631609916687,0.659631609916687,0.8523390889167786,1,0.1701841950416565,0.5,0.3298158049583435,0.0,0.0,1,64,20,0.3125,44.0,0.6875,0.6875,2
S4,EmaTentCaseS00E50B50M070,0.9062901139259338,0.9062901139259338,0.6820874810218811,1,0.04685494303703308,0.5,0.4531450569629669,0.0,0.0,2,64,35,0.546875,29.0,0.453125,0.546875,2
S4,EmaTentCaseS00E50B50M070,0.8728481531143188,0.8728481531143188,0.8040120005607605,1,0.06357592344284058,0.5,0.4364240765571594,0.0,0.0,3,64,10,0.15625,54.0,0.84375,0.84375,2
S4,EmaTentCaseS00E50B50M070,0.9112018942832947,0.9112018942832947,0.7030070424079895,1,0.04439905285835266,0.5,0.45560094714164734,0.0,0.0,4,11,0,0.0,11.0,1.0,1.0,1
S4,EmaTentCaseS00E50B50M075,0.9810284376144409,0.9810284376144409,0.7433178424835205,1,0.009485781192779541,0.5,0.49051421880722046,0.0,0.0,0,64,35,0.546875,29.0,0.453125,0.546875,2
S4,EmaTentCaseS00E50B50M075,0.6425948739051819,0.6425948739051819,0.8593871593475342,1,0.17870256304740906,0.5,0.32129743695259094,0.0,0.0,1,64,20,0.3125,44.0,0.6875,0.6875,2
S4,EmaTentCaseS00E50B50M075,0.858130156993866,0.858130156993866,0.7183371782302856,1,0.07093492150306702,0.5,0.429065078496933,0.0,0.0,2,64,35,0.546875,29.0,0.453125,0.546875,2
S4,EmaTentCaseS00E50B50M075,0.9287694096565247,0.9287694096565247,0.7898836135864258,1,0.03561529517173767,0.5,0.46438470482826233,0.0,0.0,3,64,10,0.15625,54.0,0.84375,0.84375,2
S4,EmaTentCaseS00E50B50M075,0.9423804879188538,0.9423804879188538,0.6840383410453796,1,0.02880975604057312,0.5,0.4711902439594269,0.0,0.0,4,11,0,0.0,11.0,1.0,1.0,1
S4,EmaTentCaseS00E50B50M080,0.9810284376144409,0.9810284376144409,0.7433178424835205,1,0.009485781192779541,0.5,0.49051421880722046,0.0,0.0,0,64,35,0.546875,29.0,0.453125,0.546875,2
S4,EmaTentCaseS00E50B50M080,0.6271118521690369,0.6271118521690369,0.8656030893325806,1,0.18644407391548157,0.5,0.31355592608451843,0.0,0.0,1,64,20,0.3125,44.0,0.6875,0.6875,2
S4,EmaTentCaseS00E50B50M080,0.7994421720504761,0.7994421720504761,0.7573361396789551,1,0.10027891397476196,0.5,0.39972108602523804,0.0,0.0,2,64,35,0.546875,29.0,0.453125,0.546875,2
S4,EmaTentCaseS00E50B50M080,0.9753897786140442,0.9753897786140442,0.7713960409164429,1,0.012305110692977905,0.5,0.4876948893070221,0.0,0.0,3,64,10,0.15625,54.0,0.84375,0.84375,2
S4,EmaTentCaseS00E50B50M080,0.9692621231079102,0.9692621231079102,0.6957209706306458,1,0.015368938446044922,0.5,0.4846310615539551,0.0,0.0,4,11,0,0.0,11.0,1.0,1.0,1
S4,EmaTentCaseS10E40B50M075,0.9810286164283752,0.9810286164283752,0.7433185577392578,1,0.10948569178581238,0.4,0.4905143082141876,0.0,0.0,0,64,35,0.546875,29.0,0.453125,0.546875,2
S4,EmaTentCaseS10E40B50M075,0.6271108984947205,0.6271108984947205,0.865603506565094,1,0.28644455075263975,0.4,0.31355544924736023,0.0,0.0,1,64,20,0.3125,44.0,0.6875,0.6875,2
S4,EmaTentCaseS10E40B50M075,0.7920680046081543,0.7920680046081543,0.76177978515625,1,0.20396599769592286,0.4,0.39603400230407715,0.0,0.0,2,64,35,0.546875,29.0,0.453125,0.546875,2
S4,EmaTentCaseS10E40B50M075,0.9838732481002808,0.9838732481002808,0.7730809450149536,1,0.10806337594985962,0.4,0.4919366240501404,0.0,0.0,3,64,10,0.15625,54.0,0.84375,0.84375,2
S4,EmaTentCaseS10E40B50M075,0.9843327403068542,0.9843327403068542,0.7024822235107422,1,0.10783362984657288,0.4,0.4921663701534271,0.0,0.0,4,11,0,0.0,11.0,1.0,1.0,1
S5,EmaTentGridS20E50B30M075,0.8513361215591431,0.8513361215591431,0.772223711013794,1,0.24459916353225708,0.5,0.2554008364677429,0.0,0.0,0,64,37,0.578125,27.0,0.421875,0.578125,2
S5,EmaTentGridS20E50B30M075,0.9881856441497803,0.9881856441497803,0.7279586791992188,1,0.20354430675506593,0.5,0.2964556932449341,0.0,0.0,1,64,33,0.515625,31.0,0.484375,0.515625,2
S5,EmaTentGridS20E50B30M075,0.99574214220047,0.99574214220047,0.7438151836395264,1,0.20127735733985902,0.5,0.298722642660141,0.0,0.0,2,64,24,0.375,40.0,0.625,0.625,2
S5,EmaTentGridS20E50B30M075,0.9891844987869263,0.9891844987869263,0.6632399559020996,1,0.20324465036392214,0.5,0.29675534963607786,0.0,0.0,3,64,36,0.5625,28.0,0.4375,0.5625,2
S5,EmaTentGridS20E50B30M075,0.9420198202133179,0.9420198202133179,0.6614302396774292,1,0.21739405393600464,0.5,0.28260594606399536,0.0,0.0,4,38,11,0.2894736842105263,27.0,0.7105263157894737,0.7105263157894737,2
S5,EmaTentCaseS20E50B30M060,0.8513361215591431,0.8513361215591431,0.772223711013794,1,0.24459916353225708,0.5,0.2554008364677429,0.0,0.0,0,64,37,0.578125,27.0,0.421875,0.578125,2
S5,EmaTentCaseS20E50B30M060,0.96501225233078,0.96501225233078,0.7508538961410522,1,0.210496324300766,0.5,0.289503675699234,0.0,0.0,1,64,33,0.515625,31.0,0.484375,0.515625,2
S5,EmaTentCaseS20E50B30M060,0.9962874054908752,0.9962874054908752,0.6978585720062256,1,0.20111377835273744,0.5,0.2988862216472626,0.0,0.0,2,64,24,0.375,40.0,0.625,0.625,2
S5,EmaTentCaseS20E50B30M060,0.9757034778594971,0.9757034778594971,0.6841862201690674,1,0.20728895664215088,0.5,0.2927110433578491,0.0,0.0,3,64,36,0.5625,28.0,0.4375,0.5625,2
S5,EmaTentCaseS20E50B30M060,0.9223513603210449,0.9223513603210449,0.683809220790863,1,0.22329459190368653,0.5,0.27670540809631344,0.0,0.0,4,38,11,0.2894736842105263,27.0,0.7105263157894737,0.7105263157894737,2
S5,EmaTentCaseS20E50B30M065,0.8513361215591431,0.8513361215591431,0.772223711013794,1,0.24459916353225708,0.5,0.2554008364677429,0.0,0.0,0,64,37,0.578125,27.0,0.421875,0.578125,2
S5,EmaTentCaseS20E50B30M065,0.9731557369232178,0.9731557369232178,0.7442610263824463,1,0.20805327892303468,0.5,0.29194672107696534,0.0,0.0,1,64,33,0.515625,31.0,0.484375,0.515625,2
S5,EmaTentCaseS20E50B30M065,0.9958658814430237,0.9958658814430237,0.7169933319091797,1,0.20124023556709292,0.5,0.2987597644329071,0.0,0.0,2,64,24,0.375,40.0,0.625,0.625,2
S5,EmaTentCaseS20E50B30M065,0.9796879887580872,0.9796879887580872,0.6770078539848328,1,0.20609360337257387,0.5,0.2939063966274261,0.0,0.0,3,64,36,0.5625,28.0,0.4375,0.5625,2
S5,EmaTentCaseS20E50B30M065,0.9275937676429749,0.9275937676429749,0.6792588233947754,1,0.22172186970710756,0.5,0.27827813029289244,0.0,0.0,4,38,11,0.2894736842105263,27.0,0.7105263157894737,0.7105263157894737,2
S5,EmaTentCaseS20E50B30M070,0.8513361215591431,0.8513361215591431,0.772223711013794,1,0.24459916353225708,0.5,0.2554008364677429,0.0,0.0,0,64,37,0.578125,27.0,0.421875,0.578125,2
S5,EmaTentCaseS20E50B30M070,0.9810678958892822,0.9810678958892822,0.7368412017822266,1,0.20567963123321534,0.5,0.29432036876678463,0.0,0.0,1,64,33,0.515625,31.0,0.484375,0.515625,2
S5,EmaTentCaseS20E50B30M070,0.9956424832344055,0.9956424832344055,0.7323405742645264,1,0.20130725502967836,0.5,0.29869274497032167,0.0,0.0,2,64,24,0.375,40.0,0.625,0.625,2
S5,EmaTentCaseS20E50B30M070,0.9842859506607056,0.9842859506607056,0.6700270771980286,1,0.20471421480178834,0.5,0.29528578519821164,0.0,0.0,3,64,36,0.5625,28.0,0.4375,0.5625,2
S5,EmaTentCaseS20E50B30M070,0.9335540533065796,0.9335540533065796,0.6729815006256104,1,0.21993378400802613,0.5,0.28006621599197384,0.0,0.0,4,38,11,0.2894736842105263,27.0,0.7105263157894737,0.7105263157894737,2
S5,EmaTentCaseS10E50B40M070,0.8513361215591431,0.8513361215591431,0.772223711013794,1,0.15946555137634277,0.5,0.3405344486236572,0.0,0.0,0,64,37,0.578125,27.0,0.421875,0.578125,2
S5,EmaTentCaseS10E50B40M070,0.9842245578765869,0.9842245578765869,0.7357251644134521,1,0.10631017684936524,0.5,0.3936898231506348,0.0,0.0,1,64,33,0.515625,31.0,0.484375,0.515625,2
S5,EmaTentCaseS10E50B40M070,0.9940234422683716,0.9940234422683716,0.7409646511077881,1,0.10239062309265137,0.5,0.39760937690734866,0.0,0.0,2,64,24,0.375,40.0,0.625,0.625,2
S5,EmaTentCaseS10E50B40M070,0.9862614870071411,0.9862614870071411,0.669793963432312,1,0.10549540519714357,0.5,0.3945045948028565,0.0,0.0,3,64,36,0.5625,28.0,0.4375,0.5625,2
S5,EmaTentCaseS10E50B40M070,0.9321007132530212,0.9321007132530212,0.6696608662605286,1,0.1271597146987915,0.5,0.3728402853012085,0.0,0.0,4,38,11,0.2894736842105263,27.0,0.7105263157894737,0.7105263157894737,2
S5,EmaTentCaseS10E50B40M075,0.8513361215591431,0.8513361215591431,0.772223711013794,1,0.15946555137634277,0.5,0.3405344486236572,0.0,0.0,0,64,37,0.578125,27.0,0.421875,0.578125,2
S5,EmaTentCaseS10E50B40M075,0.9903711080551147,0.9903711080551147,0.726943850517273,1,0.1038515567779541,0.5,0.3961484432220459,0.0,0.0,1,64,33,0.515625,31.0,0.484375,0.515625,2
S5,EmaTentCaseS10E50B40M075,0.9946243166923523,0.9946243166923523,0.7485874891281128,1,0.1021502733230591,0.5,0.39784972667694096,0.0,0.0,2,64,24,0.375,40.0,0.625,0.625,2
S5,EmaTentCaseS10E50B40M075,0.9911010265350342,0.9911010265350342,0.6634209156036377,1,0.10355958938598633,0.5,0.3964404106140137,0.0,0.0,3,64,36,0.5625,28.0,0.4375,0.5625,2
S5,EmaTentCaseS10E50B40M075,0.9427697062492371,0.9427697062492371,0.656053900718689,1,0.12289211750030518,0.5,0.37710788249969485,0.0,0.0,4,38,11,0.2894736842105263,27.0,0.7105263157894737,0.7105263157894737,2
S5,EmaTentCaseS10E50B40M080,0.8513361215591431,0.8513361215591431,0.772223711013794,1,0.15946555137634277,0.5,0.3405344486236572,0.0,0.0,0,64,37,0.578125,27.0,0.421875,0.578125,2
S5,EmaTentCaseS10E50B40M080,0.9951693415641785,0.9951693415641785,0.7192809581756592,1,0.10193226337432862,0.5,0.3980677366256714,0.0,0.0,1,64,33,0.515625,31.0,0.484375,0.515625,2
S5,EmaTentCaseS10E50B40M080,0.9949523210525513,0.9949523210525513,0.7541991472244263,1,0.10201907157897949,0.5,0.3979809284210205,0.0,0.0,2,64,24,0.375,40.0,0.625,0.625,2
S5,EmaTentCaseS10E50B40M080,0.9950790405273438,0.9950790405273438,0.6574249267578125,1,0.1019683837890625,0.5,0.3980316162109375,0.0,0.0,3,64,36,0.5625,28.0,0.4375,0.5625,2
S5,EmaTentCaseS10E50B40M080,0.9550072550773621,0.9550072550773621,0.6511759161949158,1,0.11799709796905518,0.5,0.38200290203094484,0.0,0.0,4,38,11,0.2894736842105263,27.0,0.7105263157894737,0.7105263157894737,2
S5,EmaTentCaseS00E50B50M070,0.8513361215591431,0.8513361215591431,0.772223711013794,1,0.07433193922042847,0.5,0.42566806077957153,0.0,0.0,0,64,37,0.578125,27.0,0.421875,0.578125,2
S5,EmaTentCaseS00E50B50M070,0.9872600436210632,0.9872600436210632,0.7345407009124756,1,0.006369978189468384,0.5,0.4936300218105316,0.0,0.0,1,64,33,0.515625,31.0,0.484375,0.515625,2
S5,EmaTentCaseS00E50B50M070,0.9923430681228638,0.9923430681228638,0.7470402717590332,1,0.0038284659385681152,0.5,0.4961715340614319,0.0,0.0,2,64,24,0.375,40.0,0.625,0.625,2
S5,EmaTentCaseS00E50B50M070,0.988506555557251,0.988506555557251,0.6700903177261353,1,0.005746722221374512,0.5,0.4942532777786255,0.0,0.0,3,64,36,0.5625,28.0,0.4375,0.5625,2
S5,EmaTentCaseS00E50B50M070,0.9334567189216614,0.9334567189216614,0.6648193001747131,1,0.03327164053916931,0.5,0.4667283594608307,0.0,0.0,4,38,11,0.2894736842105263,27.0,0.7105263157894737,0.7105263157894737,2
S5,EmaTentCaseS00E50B50M075,0.8513361215591431,0.8513361215591431,0.772223711013794,1,0.07433193922042847,0.5,0.42566806077957153,0.0,0.0,0,64,37,0.578125,27.0,0.421875,0.578125,2
S5,EmaTentCaseS00E50B50M075,0.9924028515815735,0.9924028515815735,0.726074755191803,1,0.003798574209213257,0.5,0.49620142579078674,0.0,0.0,1,64,33,0.515625,31.0,0.484375,0.515625,2
S5,EmaTentCaseS00E50B50M075,0.993375837802887,0.993375837802887,0.7523858547210693,1,0.0033120810985565186,0.5,0.4966879189014435,0.0,0.0,2,64,24,0.375,40.0,0.625,0.625,2
S5,EmaTentCaseS00E50B50M075,0.9927971959114075,0.9927971959114075,0.663578450679779,1,0.0036014020442962646,0.5,0.49639859795570374,0.0,0.0,3,64,36,0.5625,28.0,0.4375,0.5625,2
S5,EmaTentCaseS00E50B50M075,0.944312334060669,0.944312334060669,0.6567195057868958,1,0.027843832969665527,0.5,0.4721561670303345,0.0,0.0,4,38,11,0.2894736842105263,27.0,0.7105263157894737,0.7105263157894737,2
S5,EmaTentCaseS00E50B50M080,0.8513361215591431,0.8513361215591431,0.772223711013794,1,0.07433193922042847,0.5,0.42566806077957153,0.0,0.0,0,64,37,0.578125,27.0,0.421875,0.578125,2
S5,EmaTentCaseS00E50B50M080,0.9963300824165344,0.9963300824165344,0.7199792861938477,1,0.001834958791732788,0.5,0.4981650412082672,0.0,0.0,1,64,33,0.515625,31.0,0.484375,0.515625,2
S5,EmaTentCaseS00E50B50M080,0.9939354658126831,0.9939354658126831,0.7566097974777222,1,0.0030322670936584473,0.5,0.49696773290634155,0.0,0.0,2,64,24,0.375,40.0,0.625,0.625,2
S5,EmaTentCaseS00E50B50M080,0.9963688254356384,0.9963688254356384,0.6594219207763672,1,0.0018155872821807861,0.5,0.4981844127178192,0.0,0.0,3,64,36,0.5625,28.0,0.4375,0.5625,2
S5,EmaTentCaseS00E50B50M080,0.954345166683197,0.954345166683197,0.6566564440727234,1,0.02282741665840149,0.5,0.4771725833415985,0.0,0.0,4,38,11,0.2894736842105263,27.0,0.7105263157894737,0.7105263157894737,2
S5,EmaTentCaseS10E40B50M075,0.8513357043266296,0.8513357043266296,0.7722238302230835,1,0.1743321478366852,0.4,0.4256678521633148,0.0,0.0,0,64,37,0.578125,27.0,0.421875,0.578125,2
S5,EmaTentCaseS10E40B50M075,0.9963297247886658,0.9963297247886658,0.719978928565979,1,0.10183513760566712,0.4,0.4981648623943329,0.0,0.0,1,64,33,0.515625,31.0,0.484375,0.515625,2
S5,EmaTentCaseS10E40B50M075,0.9932893514633179,0.9932893514633179,0.7565344572067261,1,0.10335532426834107,0.4,0.49664467573165894,0.0,0.0,2,64,24,0.375,40.0,0.625,0.625,2
S5,EmaTentCaseS10E40B50M075,0.9970847964286804,0.9970847964286804,0.6589844822883606,1,0.1014576017856598,0.4,0.4985423982143402,0.0,0.0,3,64,36,0.5625,28.0,0.4375,0.5625,2
S5,EmaTentCaseS10E40B50M075,0.9544990658760071,0.9544990658760071,0.6609212160110474,1,0.12275046706199647,0.4,0.47724953293800354,0.0,0.0,4,38,11,0.2894736842105263,27.0,0.7105263157894737,0.7105263157894737,2
S6,EmaTentGridS20E50B30M075,0.004454898647964001,0.004454898647964001,0.9996559023857117,0,0.4986635304056108,0.5,0.0013364695943892003,0.0,0.0,0,64,41,0.640625,23.0,0.359375,0.640625,2
S6,EmaTentGridS20E50B30M075,0.6708406209945679,0.6708406209945679,0.8241827487945557,1,0.2987478137016296,0.5,0.20125218629837036,0.0,0.0,1,64,35,0.546875,29.0,0.453125,0.546875,2
S6,EmaTentGridS20E50B30M075,0.9653558135032654,0.9653558135032654,0.6339712142944336,1,0.2103932559490204,0.5,0.2896067440509796,0.0,0.0,2,64,22,0.34375,42.0,0.65625,0.65625,2
S6,EmaTentGridS20E50B30M075,0.9563699960708618,0.9563699960708618,0.624574601650238,1,0.21308900117874147,0.5,0.28691099882125853,0.0,0.0,3,62,29,0.46774193548387094,33.0,0.532258064516129,0.532258064516129,2
S6,EmaTentCaseS20E50B30M060,0.004454898647964001,0.004454898647964001,0.9996559023857117,0,0.4986635304056108,0.5,0.0013364695943892003,0.0,0.0,0,64,41,0.640625,23.0,0.359375,0.640625,2
S6,EmaTentCaseS20E50B30M060,0.9984045028686523,0.9984045028686523,0.5731724500656128,1,0.2004786491394043,0.5,0.29952135086059567,0.0,0.0,1,64,35,0.546875,29.0,0.453125,0.546875,2
S6,EmaTentCaseS20E50B30M060,0.9953891634941101,0.9953891634941101,0.5965836048126221,1,0.20138325095176698,0.5,0.29861674904823304,0.0,0.0,2,64,22,0.34375,42.0,0.65625,0.65625,2
S6,EmaTentCaseS20E50B30M060,0.9838835000991821,0.9838835000991821,0.5899976491928101,1,0.20483494997024537,0.5,0.2951650500297546,0.0,0.0,3,62,29,0.46774193548387094,33.0,0.532258064516129,0.532258064516129,2
S6,EmaTentCaseS20E50B30M065,0.004454898647964001,0.004454898647964001,0.9996559023857117,0,0.4986635304056108,0.5,0.0013364695943892003,0.0,0.0,0,64,41,0.640625,23.0,0.359375,0.640625,2
S6,EmaTentCaseS20E50B30M065,0.9618038535118103,0.9618038535118103,0.6237587928771973,1,0.21145884394645692,0.5,0.2885411560535431,0.0,0.0,1,64,35,0.546875,29.0,0.453125,0.546875,2
S6,EmaTentCaseS20E50B30M065,0.9998756647109985,0.9998756647109985,0.592003583908081,1,0.20003730058670044,0.5,0.29996269941329956,0.0,0.0,2,64,22,0.34375,42.0,0.65625,0.65625,2
S6,EmaTentCaseS20E50B30M065,0.9811722636222839,0.9811722636222839,0.5903928875923157,1,0.20564832091331484,0.5,0.2943516790866852,0.0,0.0,3,62,29,0.46774193548387094,33.0,0.532258064516129,0.532258064516129,2
S6,EmaTentCaseS20E50B30M070,0.004454898647964001,0.004454898647964001,0.9996559023857117,0,0.4986635304056108,0.5,0.0013364695943892003,0.0,0.0,0,64,41,0.640625,23.0,0.359375,0.640625,2
S6,EmaTentCaseS20E50B30M070,0.8600512742996216,0.8600512742996216,0.7165931463241577,1,0.24198461771011354,0.5,0.25801538228988646,0.0,0.0,1,64,35,0.546875,29.0,0.453125,0.546875,2
S6,EmaTentCaseS20E50B30M070,0.9946226477622986,0.9946226477622986,0.5987632274627686,1,0.20161320567131044,0.5,0.2983867943286896,0.0,0.0,2,64,22,0.34375,42.0,0.65625,0.65625,2
S6,EmaTentCaseS20E50B30M070,0.973522424697876,0.973522424697876,0.6014726758003235,1,0.20794327259063722,0.5,0.2920567274093628,0.0,0.0,3,62,29,0.46774193548387094,33.0,0.532258064516129,0.532258064516129,2
S6,EmaTentCaseS10E50B40M070,0.004454898647964001,0.004454898647964001,0.9996559023857117,0,0.4982180405408144,0.5,0.0017819594591856004,0.0,0.0,0,64,41,0.640625,23.0,0.359375,0.640625,2
S6,EmaTentCaseS10E50B40M070,0.8580321073532104,0.8580321073532104,0.7180960178375244,1,0.15678715705871582,0.5,0.3432128429412842,0.0,0.0,1,64,35,0.546875,29.0,0.453125,0.546875,2
S6,EmaTentCaseS10E50B40M070,0.9841721653938293,0.9841721653938293,0.6145282983779907,1,0.10633113384246827,0.5,0.39366886615753177,0.0,0.0,2,64,22,0.34375,42.0,0.65625,0.65625,2
S6,EmaTentCaseS10E50B40M070,0.9299206733703613,0.9299206733703613,0.6553520560264587,1,0.12803173065185547,0.5,0.37196826934814453,0.0,0.0,3,62,29,0.46774193548387094,33.0,0.532258064516129,0.532258064516129,2
S6,EmaTentCaseS10E50B40M075,0.004454898647964001,0.004454898647964001,0.9996559023857117,0,0.4982180405408144,0.5,0.0017819594591856004,0.0,0.0,0,64,41,0.640625,23.0,0.359375,0.640625,2
S6,EmaTentCaseS10E50B40M075,0.6681638360023499,0.6681638360023499,0.8253805637359619,1,0.23273446559906008,0.5,0.26726553440094,0.0,0.0,1,64,35,0.546875,29.0,0.453125,0.546875,2
S6,EmaTentCaseS10E50B40M075,0.9513930678367615,0.9513930678367615,0.6473186016082764,1,0.11944277286529542,0.5,0.38055722713470463,0.0,0.0,2,64,22,0.34375,42.0,0.65625,0.65625,2
S6,EmaTentCaseS10E50B40M075,0.9212422370910645,0.9212422370910645,0.6642016172409058,1,0.13150310516357422,0.5,0.3684968948364258,0.0,0.0,3,62,29,0.46774193548387094,33.0,0.532258064516129,0.532258064516129,2
S6,EmaTentCaseS10E50B40M080,0.004454898647964001,0.004454898647964001,0.9996559023857117,0,0.4982180405408144,0.5,0.0017819594591856004,0.0,0.0,0,64,41,0.640625,23.0,0.359375,0.640625,2
S6,EmaTentCaseS10E50B40M080,0.4092150926589966,0.4092150926589966,0.917992115020752,1,0.33631396293640137,0.5,0.16368603706359863,0.0,0.0,1,64,35,0.546875,29.0,0.453125,0.546875,2
S6,EmaTentCaseS10E50B40M080,0.8759706020355225,0.8759706020355225,0.7104275226593018,1,0.14961175918579103,0.5,0.350388240814209,0.0,0.0,2,64,22,0.34375,42.0,0.65625,0.65625,2
S6,EmaTentCaseS10E50B40M080,0.889723002910614,0.889723002910614,0.6929633617401123,1,0.1441107988357544,0.5,0.3558892011642456,0.0,0.0,3,62,29,0.46774193548387094,33.0,0.532258064516129,0.532258064516129,2
S6,EmaTentCaseS00E50B50M070,0.004454898647964001,0.004454898647964001,0.9996559023857117,0,0.497772550676018,0.5,0.0022274493239820004,0.0,0.0,0,64,41,0.640625,23.0,0.359375,0.640625,2
S6,EmaTentCaseS00E50B50M070,0.8560209274291992,0.8560209274291992,0.719581127166748,1,0.07198953628540039,0.5,0.4280104637145996,0.0,0.0,1,64,35,0.546875,29.0,0.453125,0.546875,2
S6,EmaTentCaseS00E50B50M070,0.9603993892669678,0.9603993892669678,0.6407339572906494,1,0.019800305366516113,0.5,0.4801996946334839,0.0,0.0,2,64,22,0.34375,42.0,0.65625,0.65625,2
S6,EmaTentCaseS00E50B50M070,0.8402671813964844,0.8402671813964844,0.7308326363563538,1,0.07986640930175781,0.5,0.4201335906982422,0.0,0.0,3,62,29,0.46774193548387094,33.0,0.532258064516129,0.532258064516129,2
S6,EmaTentCaseS00E50B50M075,0.004454898647964001,0.004454898647964001,0.9996559023857117,0,0.497772550676018,0.5,0.0022274493239820004,0.0,0.0,0,64,41,0.640625,23.0,0.359375,0.640625,2
S6,EmaTentCaseS00E50B50M075,0.6655056476593018,0.6655056476593018,0.8265636563301086,1,0.16724717617034912,0.5,0.3327528238296509,0.0,0.0,1,64,35,0.546875,29.0,0.453125,0.546875,2
S6,EmaTentCaseS00E50B50M075,0.9352805018424988,0.9352805018424988,0.6631617546081543,1,0.03235974907875061,0.5,0.4676402509212494,0.0,0.0,2,64,22,0.34375,42.0,0.65625,0.65625,2
S6,EmaTentCaseS00E50B50M075,0.8538214564323425,0.8538214564323425,0.7211920619010925,1,0.07308927178382874,0.5,0.42691072821617126,0.0,0.0,3,62,29,0.46774193548387094,33.0,0.532258064516129,0.532258064516129,2
S6,EmaTentCaseS00E50B50M080,0.004454898647964001,0.004454898647964001,0.9996559023857117,0,0.497772550676018,0.5,0.0022274493239820004,0.0,0.0,0,64,41,0.640625,23.0,0.359375,0.640625,2
S6,EmaTentCaseS00E50B50M080,0.4070190489292145,0.4070190489292145,0.9186211824417114,1,0.29649047553539276,0.5,0.20350952446460724,0.0,0.0,1,64,35,0.546875,29.0,0.453125,0.546875,2
S6,EmaTentCaseS00E50B50M080,0.8605363368988037,0.8605363368988037,0.7212816476821899,1,0.06973183155059814,0.5,0.43026816844940186,0.0,0.0,2,64,22,0.34375,42.0,0.65625,0.65625,2
S6,EmaTentCaseS00E50B50M080,0.8439652323722839,0.8439652323722839,0.7282495498657227,1,0.07801738381385803,0.5,0.42198261618614197,0.0,0.0,3,62,29,0.46774193548387094,33.0,0.532258064516129,0.532258064516129,2
S6,EmaTentCaseS10E40B50M075,0.00445492984727025,0.00445492984727025,0.9996559023857117,0,0.5977725350763649,0.4,0.002227464923635125,0.0,0.0,0,64,41,0.640625,23.0,0.359375,0.640625,2
S6,EmaTentCaseS10E40B50M075,0.40701791644096375,0.40701791644096375,0.9186215400695801,1,0.3964910417795181,0.4,0.20350895822048187,0.0,0.0,1,64,35,0.546875,29.0,0.453125,0.546875,2
S6,EmaTentCaseS10E40B50M075,0.8306861519813538,0.8306861519813538,0.7404657602310181,1,0.18465692400932313,0.4,0.4153430759906769,0.0,0.0,2,64,22,0.34375,42.0,0.65625,0.65625,2
S6,EmaTentCaseS10E40B50M075,0.7965485453605652,0.7965485453605652,0.7590910196304321,1,0.2017257273197174,0.4,0.3982742726802826,0.0,0.0,3,62,29,0.46774193548387094,33.0,0.532258064516129,0.532258064516129,2
S7,EmaTentGridS20E50B30M075,0.002560202032327652,0.002560202032327652,0.9998149871826172,0,0.4992319393903017,0.5,0.0007680606096982955,0.0,0.0,0,64,52,0.8125,12.0,0.1875,0.8125,2
S7,EmaTentGridS20E50B30M075,0.26643893122673035,0.26643893122673035,0.9745290279388428,1,0.4200683206319809,0.5,0.0799316793680191,0.0,0.0,1,64,31,0.484375,33.0,0.515625,0.515625,2
S7,EmaTentGridS20E50B30M075,0.8590487241744995,0.8590487241744995,0.9407671689987183,1,0.24228538274765016,0.5,0.25771461725234984,0.0,0.0,2,64,54,0.84375,10.0,0.15625,0.84375,2
S7,EmaTentGridS20E50B30M075,0.9982754588127136,0.9982754588127136,0.8585288524627686,1,0.20051736235618592,0.5,0.29948263764381405,0.0,0.0,3,38,27,0.7105263157894737,11.0,0.2894736842105263,0.7105263157894737,2
S7,EmaTentCaseS20E50B30M060,0.002560202032327652,0.002560202032327652,0.9998149871826172,0,0.4992319393903017,0.5,0.0007680606096982955,0.0,0.0,0,64,52,0.8125,12.0,0.1875,0.8125,2
S7,EmaTentCaseS20E50B30M060,0.6103296875953674,0.6103296875953674,0.9397517442703247,1,0.31690109372138975,0.5,0.18309890627861022,0.0,0.0,1,64,31,0.484375,33.0,0.515625,0.515625,2
S7,EmaTentCaseS20E50B30M060,0.958110511302948,0.958110511302948,0.889633059501648,1,0.21256684660911562,0.5,0.2874331533908844,0.0,0.0,2,64,54,0.84375,10.0,0.15625,0.84375,2
S7,EmaTentCaseS20E50B30M060,0.9805718064308167,0.9805718064308167,0.8335896730422974,1,0.205828458070755,0.5,0.294171541929245,0.0,0.0,3,38,27,0.7105263157894737,11.0,0.2894736842105263,0.7105263157894737,2
S7,EmaTentCaseS20E50B30M065,0.002560202032327652,0.002560202032327652,0.9998149871826172,0,0.4992319393903017,0.5,0.0007680606096982955,0.0,0.0,0,64,52,0.8125,12.0,0.1875,0.8125,2
S7,EmaTentCaseS20E50B30M065,0.5057259798049927,0.5057259798049927,0.9590306282043457,1,0.34828220605850224,0.5,0.15171779394149779,0.0,0.0,1,64,31,0.484375,33.0,0.515625,0.515625,2
S7,EmaTentCaseS20E50B30M065,0.9352189302444458,0.9352189302444458,0.909246027469635,1,0.21943432092666626,0.5,0.28056567907333374,0.0,0.0,2,64,54,0.84375,10.0,0.15625,0.84375,2
S7,EmaTentCaseS20E50B30M065,0.9849075675010681,0.9849075675010681,0.8402655124664307,1,0.2045277297496796,0.5,0.2954722702503204,0.0,0.0,3,38,27,0.7105263157894737,11.0,0.2894736842105263,0.7105263157894737,2
S7,EmaTentCaseS20E50B30M070,0.002560202032327652,0.002560202032327652,0.9998149871826172,0,0.4992319393903017,0.5,0.0007680606096982955,0.0,0.0,0,64,52,0.8125,12.0,0.1875,0.8125,2
S7,EmaTentCaseS20E50B30M070,0.3941444158554077,0.3941444158554077,0.9632220268249512,1,0.3817566752433777,0.5,0.1182433247566223,0.0,0.0,1,64,31,0.484375,33.0,0.515625,0.515625,2
S7,EmaTentCaseS20E50B30M070,0.9030099511146545,0.9030099511146545,0.9238805174827576,1,0.22909701466560364,0.5,0.27090298533439633,0.0,0.0,2,64,54,0.84375,10.0,0.15625,0.84375,2
S7,EmaTentCaseS20E50B30M070,0.9920141696929932,0.9920141696929932,0.8487218618392944,1,0.20239574909210206,0.5,0.29760425090789794,0.0,0.0,3,38,27,0.7105263157894737,11.0,0.2894736842105263,0.7105263157894737,2
S7,EmaTentCaseS10E50B40M070,0.002560202032327652,0.002560202032327652,0.9998149871826172,0,0.49897591918706896,0.5,0.001024080812931061,0.0,0.0,0,64,52,0.8125,12.0,0.1875,0.8125,2
S7,EmaTentCaseS10E50B40M070,0.3939029276371002,0.3939029276371002,0.963202953338623,1,0.3424388289451599,0.5,0.1575611710548401,0.0,0.0,1,64,31,0.484375,33.0,0.515625,0.515625,2
S7,EmaTentCaseS10E50B40M070,0.8949742317199707,0.8949742317199707,0.9266233444213867,1,0.14201030731201172,0.5,0.3579896926879883,0.0,0.0,2,64,54,0.84375,10.0,0.15625,0.84375,2
S7,EmaTentCaseS10E50B40M070,0.9960172176361084,0.9960172176361084,0.8561100363731384,1,0.10159311294555665,0.5,0.3984068870544434,0.0,0.0,3,38,27,0.7105263157894737,11.0,0.2894736842105263,0.7105263157894737,2
S7,EmaTentCaseS10E50B40M075,0.002560202032327652,0.002560202032327652,0.9998149871826172,0,0.49897591918706896,0.5,0.001024080812931061,0.0,0.0,0,64,52,0.8125,12.0,0.1875,0.8125,2
S7,EmaTentCaseS10E50B40M075,0.2662610709667206,0.2662610709667206,0.9745451807975769,1,0.39349557161331183,0.5,0.10650442838668824,0.0,0.0,1,64,31,0.484375,33.0,0.515625,0.515625,2
S7,EmaTentCaseS10E50B40M075,0.8534215688705444,0.8534215688705444,0.9432414174079895,1,0.15863137245178224,0.5,0.3413686275482178,0.0,0.0,2,64,54,0.84375,10.0,0.15625,0.84375,2
S7,EmaTentCaseS10E50B40M075,0.9997473359107971,0.9997473359107971,0.8586001992225647,1,0.10010106563568116,0.5,0.3998989343643189,0.0,0.0,3,38,27,0.7105263157894737,11.0,0.2894736842105263,0.7105263157894737,2
S7,EmaTentCaseS10E50B40M080,0.002560202032327652,0.002560202032327652,0.9998149871826172,0,0.49897591918706896,0.5,0.001024080812931061,0.0,0.0,0,64,52,0.8125,12.0,0.1875,0.8125,2
S7,EmaTentCaseS10E50B40M080,0.1588555872440338,0.1588555872440338,0.9821020364761353,0,0.43645776510238654,0.5,0.06354223489761353,0.0,0.0,1,64,31,0.484375,33.0,0.515625,0.515625,2
S7,EmaTentCaseS10E50B40M080,0.7985392808914185,0.7985392808914185,0.9538195729255676,1,0.18058428764343262,0.5,0.3194157123565674,0.0,0.0,2,64,54,0.84375,10.0,0.15625,0.84375,2
S7,EmaTentCaseS10E50B40M080,0.9962145090103149,0.9962145090103149,0.8716540932655334,1,0.10151419639587403,0.5,0.398485803604126,0.0,0.0,3,38,27,0.7105263157894737,11.0,0.2894736842105263,0.7105263157894737,2
S7,EmaTentCaseS00E50B50M070,0.002560202032327652,0.002560202032327652,0.9998149871826172,0,0.4987198989838362,0.5,0.001280101016163826,0.0,0.0,0,64,52,0.8125,12.0,0.1875,0.8125,2
S7,EmaTentCaseS00E50B50M070,0.3936607539653778,0.3936607539653778,0.9631856679916382,1,0.3031696230173111,0.5,0.1968303769826889,0.0,0.0,1,64,31,0.484375,33.0,0.515625,0.515625,2
S7,EmaTentCaseS00E50B50M070,0.8876608610153198,0.8876608610153198,0.9284745454788208,1,0.05616956949234009,0.5,0.4438304305076599,0.0,0.0,2,64,54,0.84375,10.0,0.15625,0.84375,2
S7,EmaTentCaseS00E50B50M070,0.998936116695404,0.998936116695404,0.8613688945770264,1,0.0005319416522979736,0.5,0.499468058347702,0.0,0.0,3,38,27,0.7105263157894737,11.0,0.2894736842105263,0.7105263157894737,2
S7,EmaTentCaseS00E50B50M075,0.002560202032327652,0.002560202032327652,0.9998149871826172,0,0.4987198989838362,0.5,0.001280101016163826,0.0,0.0,0,64,52,0.8125,12.0,0.1875,0.8125,2
S7,EmaTentCaseS00E50B50M075,0.266090989112854,0.266090989112854,0.9745624661445618,1,0.366954505443573,0.5,0.133045494556427,0.0,0.0,1,64,31,0.484375,33.0,0.515625,0.515625,2
S7,EmaTentCaseS00E50B50M075,0.8482611775398254,0.8482611775398254,0.9452584981918335,1,0.07586941123008728,0.5,0.4241305887699127,0.0,0.0,2,64,54,0.84375,10.0,0.15625,0.84375,2
S7,EmaTentCaseS00E50B50M075,0.999937117099762,0.999937117099762,0.8624593019485474,1,3.1441450119018555e-05,0.5,0.499968558549881,0.0,0.0,3,38,27,0.7105263157894737,11.0,0.2894736842105263,0.7105263157894737,2
S7,EmaTentCaseS00E50B50M080,0.002560202032327652,0.002560202032327652,0.9998149871826172,0,0.4987198989838362,0.5,0.001280101016163826,0.0,0.0,0,64,52,0.8125,12.0,0.1875,0.8125,2
S7,EmaTentCaseS00E50B50M080,0.1587531715631485,0.1587531715631485,0.9821151494979858,0,0.42062341421842575,0.5,0.07937658578157425,0.0,0.0,1,64,31,0.484375,33.0,0.515625,0.515625,2
S7,EmaTentCaseS00E50B50M080,0.794996440410614,0.794996440410614,0.9541115164756775,1,0.102501779794693,0.5,0.397498220205307,0.0,0.0,2,64,54,0.84375,10.0,0.15625,0.84375,2
S7,EmaTentCaseS00E50B50M080,0.9935137033462524,0.9935137033462524,0.8742306232452393,1,0.0032431483268737793,0.5,0.4967568516731262,0.0,0.0,3,38,27,0.7105263157894737,11.0,0.2894736842105263,0.7105263157894737,2
S7,EmaTentCaseS10E40B50M075,0.002560197841376066,0.002560197841376066,0.9998149871826172,0,0.598719901079312,0.4,0.001280098920688033,0.0,0.0,0,64,52,0.8125,12.0,0.1875,0.8125,2
S7,EmaTentCaseS10E40B50M075,0.15875305235385895,0.15875305235385895,0.9821151494979858,0,0.5206234738230705,0.4,0.07937652617692947,0.0,0.0,1,64,31,0.484375,33.0,0.515625,0.515625,2
S7,EmaTentCaseS10E40B50M075,0.7817261815071106,0.7817261815071106,0.9535343050956726,1,0.2091369092464447,0.4,0.3908630907535553,0.0,0.0,2,64,54,0.84375,10.0,0.15625,0.84375,2
S7,EmaTentCaseS10E40B50M075,0.98404860496521,0.98404860496521,0.8778485655784607,1,0.10797569751739503,0.4,0.492024302482605,0.0,0.0,3,38,27,0.7105263157894737,11.0,0.2894736842105263,0.7105263157894737,2
S8,EmaTentGridS20E50B30M075,0.9942569732666016,0.9942569732666016,0.8711667060852051,1,0.20172290802001955,0.5,0.2982770919799805,0.0,0.0,0,64,52,0.8125,12.0,0.1875,0.8125,2
S8,EmaTentGridS20E50B30M075,0.20354440808296204,0.20354440808296204,0.9699047803878784,1,0.4389366775751114,0.5,0.06106332242488861,0.0,0.0,1,64,9,0.140625,55.0,0.859375,0.859375,2
S8,EmaTentGridS20E50B30M075,0.9783890247344971,0.9783890247344971,0.8118059635162354,1,0.2064832925796509,0.5,0.29351670742034913,0.0,0.0,2,64,34,0.53125,30.0,0.46875,0.53125,2
S8,EmaTentGridS20E50B30M075,0.4317571222782135,0.4317571222782135,0.9114066362380981,1,0.37047286331653595,0.5,0.12952713668346405,0.0,0.0,3,64,34,0.53125,30.0,0.46875,0.53125,2
S8,EmaTentGridS20E50B30M075,0.9992061853408813,0.9992061853408813,0.8429936766624451,1,0.2002381443977356,0.5,0.29976185560226437,0.0,0.0,4,16,0,0.0,16.0,1.0,1.0,1
S8,EmaTentCaseS20E50B30M060,0.9942569732666016,0.9942569732666016,0.8711667060852051,1,0.20172290802001955,0.5,0.2982770919799805,0.0,0.0,0,64,52,0.8125,12.0,0.1875,0.8125,2
S8,EmaTentCaseS20E50B30M060,0.33695662021636963,0.33695662021636963,0.9477804899215698,1,0.39891301393508916,0.5,0.10108698606491089,0.0,0.0,1,64,9,0.140625,55.0,0.859375,0.859375,2
S8,EmaTentCaseS20E50B30M060,0.861807644367218,0.861807644367218,0.8362857103347778,1,0.2414577066898346,0.5,0.25854229331016537,0.0,0.0,2,64,34,0.53125,30.0,0.46875,0.53125,2
S8,EmaTentCaseS20E50B30M060,0.5460556745529175,0.5460556745529175,0.8741108179092407,1,0.3361832976341248,0.5,0.16381670236587523,0.0,0.0,3,64,34,0.53125,30.0,0.46875,0.53125,2
S8,EmaTentCaseS20E50B30M060,0.9941349625587463,0.9941349625587463,0.85520339012146,1,0.20175951123237612,0.5,0.2982404887676239,0.0,0.0,4,16,0,0.0,16.0,1.0,1.0,1
S8,EmaTentCaseS20E50B30M065,0.9942569732666016,0.9942569732666016,0.8711667060852051,1,0.20172290802001955,0.5,0.2982770919799805,0.0,0.0,0,64,52,0.8125,12.0,0.1875,0.8125,2
S8,EmaTentCaseS20E50B30M065,0.2848142385482788,0.2848142385482788,0.9583513736724854,1,0.41455572843551636,0.5,0.08544427156448364,0.0,0.0,1,64,9,0.140625,55.0,0.859375,0.859375,2
S8,EmaTentCaseS20E50B30M065,0.8996209502220154,0.8996209502220154,0.8230686187744141,1,0.23011371493339539,0.5,0.2698862850666046,0.0,0.0,2,64,34,0.53125,30.0,0.46875,0.53125,2
S8,EmaTentCaseS20E50B30M065,0.5246933698654175,0.5246933698654175,0.881617546081543,1,0.3425919890403748,0.5,0.15740801095962523,0.0,0.0,3,64,34,0.53125,30.0,0.46875,0.53125,2
S8,EmaTentCaseS20E50B30M065,0.9953960180282593,0.9953960180282593,0.8523522615432739,1,0.20138119459152223,0.5,0.2986188054084778,0.0,0.0,4,16,0,0.0,16.0,1.0,1.0,1
S8,EmaTentCaseS20E50B30M070,0.9942569732666016,0.9942569732666016,0.8711667060852051,1,0.20172290802001955,0.5,0.2982770919799805,0.0,0.0,0,64,52,0.8125,12.0,0.1875,0.8125,2
S8,EmaTentCaseS20E50B30M070,0.2408905029296875,0.2408905029296875,0.9654746651649475,1,0.42773284912109377,0.5,0.07226715087890624,0.0,0.0,1,64,9,0.140625,55.0,0.859375,0.859375,2
S8,EmaTentCaseS20E50B30M070,0.941534161567688,0.941534161567688,0.810926616191864,1,0.21753975152969363,0.5,0.2824602484703064,0.0,0.0,2,64,34,0.53125,30.0,0.46875,0.53125,2
S8,EmaTentCaseS20E50B30M070,0.4861352741718292,0.4861352741718292,0.894518256187439,1,0.3541594177484513,0.5,0.14584058225154875,0.0,0.0,3,64,34,0.53125,30.0,0.46875,0.53125,2
S8,EmaTentCaseS20E50B30M070,0.9970699548721313,0.9970699548721313,0.8484406471252441,1,0.2008790135383606,0.5,0.29912098646163937,0.0,0.0,4,16,0,0.0,16.0,1.0,1.0,1
S8,EmaTentCaseS10E50B40M070,0.9942569732666016,0.9942569732666016,0.8711667060852051,1,0.10229721069335938,0.5,0.39770278930664066,0.0,0.0,0,64,52,0.8125,12.0,0.1875,0.8125,2
S8,EmaTentCaseS10E50B40M070,0.20981016755104065,0.20981016755104065,0.9702433347702026,1,0.4160759329795838,0.5,0.08392406702041627,0.0,0.0,1,64,9,0.140625,55.0,0.859375,0.859375,2
S8,EmaTentCaseS10E50B40M070,0.9429865479469299,0.9429865479469299,0.8130893707275391,1,0.12280538082122804,0.5,0.377194619178772,0.0,0.0,2,64,34,0.53125,30.0,0.46875,0.53125,2
S8,EmaTentCaseS10E50B40M070,0.4326232075691223,0.4326232075691223,0.9111489653587341,1,0.3269507169723511,0.5,0.17304928302764894,0.0,0.0,3,64,34,0.53125,30.0,0.46875,0.53125,2
S8,EmaTentCaseS10E50B40M070,0.9984129667282104,0.9984129667282104,0.851871132850647,1,0.10063481330871582,0.5,0.3993651866912842,0.0,0.0,4,16,0,0.0,16.0,1.0,1.0,1
S8,EmaTentCaseS10E50B40M075,0.9942569732666016,0.9942569732666016,0.8711667060852051,1,0.10229721069335938,0.5,0.39770278930664066,0.0,0.0,0,64,52,0.8125,12.0,0.1875,0.8125,2
S8,EmaTentCaseS10E50B40M075,0.18031705915927887,0.18031705915927887,0.9737529754638672,0,0.4278731763362885,0.5,0.07212682366371155,0.0,0.0,1,64,9,0.140625,55.0,0.859375,0.859375,2
S8,EmaTentCaseS10E50B40M075,0.9805809259414673,0.9805809259414673,0.8146562576293945,1,0.10776762962341309,0.5,0.3922323703765869,0.0,0.0,2,64,34,0.53125,30.0,0.46875,0.53125,2
S8,EmaTentCaseS10E50B40M075,0.3806479573249817,0.3806479573249817,0.926007866859436,1,0.34774081707000737,0.5,0.1522591829299927,0.0,0.0,3,64,34,0.53125,30.0,0.46875,0.53125,2
S8,EmaTentCaseS10E50B40M075,0.9998596906661987,0.9998596906661987,0.8457932472229004,1,0.10005612373352052,0.5,0.39994387626647954,0.0,0.0,4,16,0,0.0,16.0,1.0,1.0,1
S8,EmaTentCaseS10E50B40M080,0.9942569732666016,0.9942569732666016,0.8711667060852051,1,0.10229721069335938,0.5,0.39770278930664066,0.0,0.0,0,64,52,0.8125,12.0,0.1875,0.8125,2
S8,EmaTentCaseS10E50B40M080,0.15456454455852509,0.15456454455852509,0.9776270389556885,0,0.43817418217659,0.5,0.06182581782341004,0.0,0.0,1,64,9,0.140625,55.0,0.859375,0.859375,2
S8,EmaTentCaseS10E50B40M080,0.9994683265686035,0.9994683265686035,0.8397216796875,1,0.1002126693725586,0.5,0.39978733062744143,0.0,0.0,2,64,34,0.53125,30.0,0.46875,0.53125,2
S8,EmaTentCaseS10E50B40M080,0.31564831733703613,0.31564831733703613,0.9429433345794678,1,0.37374067306518555,0.5,0.12625932693481445,0.0,0.0,3,64,34,0.53125,30.0,0.46875,0.53125,2
S8,EmaTentCaseS10E50B40M080,0.9984769225120544,0.9984769225120544,0.838037371635437,1,0.10060923099517823,0.5,0.3993907690048218,0.0,0.0,4,16,0,0.0,16.0,1.0,1.0,1
S8,EmaTentCaseS00E50B50M070,0.9942569732666016,0.9942569732666016,0.8711667060852051,1,0.0028715133666992188,0.5,0.4971284866333008,0.0,0.0,0,64,52,0.8125,12.0,0.1875,0.8125,2
S8,EmaTentCaseS00E50B50M070,0.18405933678150177,0.18405933678150177,0.9735395908355713,0,0.4079703316092491,0.5,0.09202966839075089,0.0,0.0,1,64,9,0.140625,55.0,0.859375,0.859375,2
S8,EmaTentCaseS00E50B50M070,0.941308856010437,0.941308856010437,0.8158226013183594,1,0.029345571994781494,0.5,0.4706544280052185,0.0,0.0,2,64,34,0.53125,30.0,0.46875,0.53125,2
S8,EmaTentCaseS00E50B50M070,0.3943234980106354,0.3943234980106354,0.9222157001495361,1,0.3028382509946823,0.5,0.1971617490053177,0.0,0.0,3,64,34,0.53125,30.0,0.46875,0.53125,2
S8,EmaTentCaseS00E50B50M070,0.998988151550293,0.998988151550293,0.854886531829834,1,0.0005059242248535156,0.5,0.4994940757751465,0.0,0.0,4,16,0,0.0,16.0,1.0,1.0,1
S8,EmaTentCaseS00E50B50M075,0.9942569732666016,0.9942569732666016,0.8711667060852051,1,0.0028715133666992188,0.5,0.4971284866333008,0.0,0.0,0,64,52,0.8125,12.0,0.1875,0.8125,2
S8,EmaTentCaseS00E50B50M075,0.16093429923057556,0.16093429923057556,0.9768527746200562,0,0.4195328503847122,0.5,0.08046714961528778,0.0,0.0,1,64,9,0.140625,55.0,0.859375,0.859375,2
S8,EmaTentCaseS00E50B50M075,0.9814928770065308,0.9814928770065308,0.8173245191574097,1,0.00925356149673462,0.5,0.4907464385032654,0.0,0.0,2,64,34,0.53125,30.0,0.46875,0.53125,2
S8,EmaTentCaseS00E50B50M075,0.3397738039493561,0.3397738039493561,0.9368629455566406,1,0.33011309802532196,0.5,0.16988690197467804,0.0,0.0,3,64,34,0.53125,30.0,0.46875,0.53125,2
S8,EmaTentCaseS00E50B50M075,0.9999949932098389,0.9999949932098389,0.8487159013748169,1,2.5033950805664062e-06,0.5,0.49999749660491943,0.0,0.0,4,16,0,0.0,16.0,1.0,1.0,1
S8,EmaTentCaseS00E50B50M080,0.9942569732666016,0.9942569732666016,0.8711667060852051,1,0.0028715133666992188,0.5,0.4971284866333008,0.0,0.0,0,64,52,0.8125,12.0,0.1875,0.8125,2
S8,EmaTentCaseS00E50B50M080,0.1404327154159546,0.1404327154159546,0.9801793098449707,0,0.4297836422920227,0.5,0.0702163577079773,0.0,0.0,1,64,9,0.140625,55.0,0.859375,0.859375,2
S8,EmaTentCaseS00E50B50M080,0.9997490644454956,0.9997490644454956,0.8436019420623779,1,0.00012546777725219727,0.5,0.4998745322227478,0.0,0.0,2,64,34,0.53125,30.0,0.46875,0.53125,2
S8,EmaTentCaseS00E50B50M080,0.27711066603660583,0.27711066603660583,0.9521690011024475,1,0.3614446669816971,0.5,0.13855533301830292,0.0,0.0,3,64,34,0.53125,30.0,0.46875,0.53125,2
S8,EmaTentCaseS00E50B50M080,0.9974017143249512,0.9974017143249512,0.8426152467727661,1,0.001299142837524414,0.5,0.4987008571624756,0.0,0.0,4,16,0,0.0,16.0,1.0,1.0,1
S8,EmaTentCaseS10E40B50M075,0.9942567944526672,0.9942567944526672,0.8711668252944946,1,0.10287160277366639,0.4,0.4971283972263336,0.0,0.0,0,64,52,0.8125,12.0,0.1875,0.8125,2
S8,EmaTentCaseS10E40B50M075,0.14043362438678741,0.14043362438678741,0.9801791310310364,0,0.5297831878066063,0.4,0.07021681219339371,0.0,0.0,1,64,9,0.140625,55.0,0.859375,0.859375,2
S8,EmaTentCaseS10E40B50M075,0.9998778104782104,0.9998778104782104,0.8452169895172119,1,0.10006109476089478,0.4,0.4999389052391052,0.0,0.0,2,64,34,0.53125,30.0,0.46875,0.53125,2
S8,EmaTentCaseS10E40B50M075,0.24758610129356384,0.24758610129356384,0.9588398933410645,1,0.47620694935321806,0.4,0.12379305064678192,0.0,0.0,3,64,34,0.53125,30.0,0.46875,0.53125,2
S8,EmaTentCaseS10E40B50M075,0.9933050870895386,0.9933050870895386,0.8423683047294617,1,0.10334745645523072,0.4,0.4966525435447693,0.0,0.0,4,16,0,0.0,16.0,1.0,1.0,1
S9,EmaTentGridS20E50B30M075,0.519035279750824,0.519035279750824,0.8974267244338989,1,0.34428941607475283,0.5,0.1557105839252472,0.0,0.0,0,64,63,0.984375,1.0,0.015625,0.984375,2
S9,EmaTentGridS20E50B30M075,0.9076536297798157,0.9076536297798157,0.7283614277839661,1,0.2277039110660553,0.5,0.2722960889339447,0.0,0.0,1,64,37,0.578125,27.0,0.421875,0.578125,2
S9,EmaTentGridS20E50B30M075,0.9587749242782593,0.9587749242782593,0.7505707740783691,1,0.21236752271652223,0.5,0.2876324772834778,0.0,0.0,2,64,35,0.546875,29.0,0.453125,0.546875,2
S9,EmaTentGridS20E50B30M075,0.3383799195289612,0.3383799195289612,0.9394438862800598,1,0.3984860241413116,0.5,0.10151397585868835,0.0,0.0,3,64,27,0.421875,37.0,0.578125,0.578125,2
S9,EmaTentGridS20E50B30M075,0.9717293977737427,0.9717293977737427,0.5986593961715698,1,0.20848118066787721,0.5,0.2915188193321228,0.0,0.0,4,2,0,0.0,2.0,1.0,1.0,1
S9,EmaTentCaseS20E50B30M060,0.519035279750824,0.519035279750824,0.8974267244338989,1,0.34428941607475283,0.5,0.1557105839252472,0.0,0.0,0,64,63,0.984375,1.0,0.015625,0.984375,2
S9,EmaTentCaseS20E50B30M060,0.9752795696258545,0.9752795696258545,0.683124303817749,1,0.20741612911224366,0.5,0.29258387088775634,0.0,0.0,1,64,37,0.578125,27.0,0.421875,0.578125,2
S9,EmaTentCaseS20E50B30M060,0.9885832667350769,0.9885832667350769,0.7061997056007385,1,0.20342501997947693,0.5,0.29657498002052307,0.0,0.0,2,64,35,0.546875,29.0,0.453125,0.546875,2
S9,EmaTentCaseS20E50B30M060,0.41776132583618164,0.41776132583618164,0.9155229330062866,1,0.37467160224914553,0.5,0.1253283977508545,0.0,0.0,3,64,27,0.421875,37.0,0.578125,0.578125,2
S9,EmaTentCaseS20E50B30M060,0.9945071935653687,0.9945071935653687,0.5436030626296997,1,0.20164784193038943,0.5,0.2983521580696106,0.0,0.0,4,2,0,0.0,2.0,1.0,1.0,1
S9,EmaTentCaseS20E50B30M065,0.519035279750824,0.519035279750824,0.8974267244338989,1,0.34428941607475283,0.5,0.1557105839252472,0.0,0.0,0,64,63,0.984375,1.0,0.015625,0.984375,2
S9,EmaTentCaseS20E50B30M065,0.9558416604995728,0.9558416604995728,0.6965267658233643,1,0.2132475018501282,0.5,0.2867524981498718,0.0,0.0,1,64,37,0.578125,27.0,0.421875,0.578125,2
S9,EmaTentCaseS20E50B30M065,0.9794508218765259,0.9794508218765259,0.7235859036445618,1,0.20616475343704224,0.5,0.29383524656295773,0.0,0.0,2,64,35,0.546875,29.0,0.453125,0.546875,2
S9,EmaTentCaseS20E50B30M065,0.39507365226745605,0.39507365226745605,0.9225639700889587,1,0.3814779043197632,0.5,0.1185220956802368,0.0,0.0,3,64,27,0.421875,37.0,0.578125,0.578125,2
S9,EmaTentCaseS20E50B30M065,0.9944296479225159,0.9944296479225159,0.5439095497131348,1,0.20167110562324525,0.5,0.29832889437675475,0.0,0.0,4,2,0,0.0,2.0,1.0,1.0,1
S9,EmaTentCaseS20E50B30M070,0.519035279750824,0.519035279750824,0.8974267244338989,1,0.34428941607475283,0.5,0.1557105839252472,0.0,0.0,0,64,63,0.984375,1.0,0.015625,0.984375,2
S9,EmaTentCaseS20E50B30M070,0.9329097270965576,0.9329097270965576,0.7119794487953186,1,0.22012708187103272,0.5,0.27987291812896725,0.0,0.0,1,64,37,0.578125,27.0,0.421875,0.578125,2
S9,EmaTentCaseS20E50B30M070,0.9687882661819458,0.9687882661819458,0.7400031685829163,1,0.20936352014541626,0.5,0.29063647985458374,0.0,0.0,2,64,35,0.546875,29.0,0.453125,0.546875,2
S9,EmaTentCaseS20E50B30M070,0.36817169189453125,0.36817169189453125,0.9307076334953308,1,0.38954849243164064,0.5,0.11045150756835938,0.0,0.0,3,64,27,0.421875,37.0,0.578125,0.578125,2
S9,EmaTentCaseS20E50B30M070,0.9899330139160156,0.9899330139160156,0.5589984655380249,1,0.2030200958251953,0.5,0.2969799041748047,0.0,0.0,4,2,0,0.0,2.0,1.0,1.0,1
S9,EmaTentCaseS10E50B40M070,0.519035279750824,0.519035279750824,0.8974267244338989,1,0.2923858880996704,0.5,0.2076141119003296,0.0,0.0,0,64,63,0.984375,1.0,0.015625,0.984375,2
S9,EmaTentCaseS10E50B40M070,0.9248953461647034,0.9248953461647034,0.7176268100738525,1,0.13004186153411867,0.5,0.3699581384658814,0.0,0.0,1,64,37,0.578125,27.0,0.421875,0.578125,2
S9,EmaTentCaseS10E50B40M070,0.9599795341491699,0.9599795341491699,0.7465500831604004,1,0.11600818634033204,0.5,0.383991813659668,0.0,0.0,2,64,35,0.546875,29.0,0.453125,0.546875,2
S9,EmaTentCaseS10E50B40M070,0.338624507188797,0.338624507188797,0.9379849433898926,1,0.3645501971244812,0.5,0.1354498028755188,0.0,0.0,3,64,27,0.421875,37.0,0.578125,0.578125,2
S9,EmaTentCaseS10E50B40M070,0.9752424359321594,0.9752424359321594,0.5923640727996826,1,0.10990302562713623,0.5,0.3900969743728638,0.0,0.0,4,2,0,0.0,2.0,1.0,1.0,1
S9,EmaTentCaseS10E50B40M075,0.519035279750824,0.519035279750824,0.8974267244338989,1,0.2923858880996704,0.5,0.2076141119003296,0.0,0.0,0,64,63,0.984375,1.0,0.015625,0.984375,2
S9,EmaTentCaseS10E50B40M075,0.9005502462387085,0.9005502462387085,0.7329142093658447,1,0.1397799015045166,0.5,0.3602200984954834,0.0,0.0,1,64,37,0.578125,27.0,0.421875,0.578125,2
S9,EmaTentCaseS10E50B40M075,0.9528157114982605,0.9528157114982605,0.7546956539154053,1,0.1188737154006958,0.5,0.3811262845993042,0.0,0.0,2,64,35,0.546875,29.0,0.453125,0.546875,2
S9,EmaTentCaseS10E50B40M075,0.3222382962703705,0.3222382962703705,0.9436180591583252,1,0.37110468149185183,0.5,0.1288953185081482,0.0,0.0,3,64,27,0.421875,37.0,0.578125,0.578125,2
S9,EmaTentCaseS10E50B40M075,0.9535335302352905,0.9535335302352905,0.6262156367301941,1,0.11858658790588379,0.5,0.3814134120941162,0.0,0.0,4,2,0,0.0,2.0,1.0,1.0,1
S9,EmaTentCaseS10E50B40M080,0.519035279750824,0.519035279750824,0.8974267244338989,1,0.2923858880996704,0.5,0.2076141119003296,0.0,0.0,0,64,63,0.984375,1.0,0.015625,0.984375,2
S9,EmaTentCaseS10E50B40M080,0.8752566576004028,0.8752566576004028,0.7470526695251465,1,0.14989733695983887,0.5,0.35010266304016113,0.0,0.0,1,64,37,0.578125,27.0,0.421875,0.578125,2
S9,EmaTentCaseS10E50B40M080,0.9470862746238708,0.9470862746238708,0.7600157260894775,1,0.12116549015045167,0.5,0.37883450984954836,0.0,0.0,2,64,35,0.546875,29.0,0.453125,0.546875,2
S9,EmaTentCaseS10E50B40M080,0.3005725145339966,0.3005725145339966,0.9502070546150208,1,0.37977099418640137,0.5,0.12022900581359863,0.0,0.0,3,64,27,0.421875,37.0,0.578125,0.578125,2
S9,EmaTentCaseS10E50B40M080,0.9048727750778198,0.9048727750778198,0.6795475482940674,1,0.13805088996887208,0.5,0.36194911003112795,0.0,0.0,4,2,0,0.0,2.0,1.0,1.0,1
S9,EmaTentCaseS00E50B50M070,0.519035279750824,0.519035279750824,0.8974267244338989,1,0.240482360124588,0.5,0.259517639875412,0.0,0.0,0,64,63,0.984375,1.0,0.015625,0.984375,2
S9,EmaTentCaseS00E50B50M070,0.9161005020141602,0.9161005020141602,0.7235596179962158,1,0.04194974899291992,0.5,0.4580502510070801,0.0,0.0,1,64,37,0.578125,27.0,0.421875,0.578125,2
S9,EmaTentCaseS00E50B50M070,0.950453519821167,0.950453519821167,0.7539606094360352,1,0.024773240089416504,0.5,0.4752267599105835,0.0,0.0,2,64,35,0.546875,29.0,0.453125,0.546875,2
S9,EmaTentCaseS00E50B50M070,0.30433639883995056,0.30433639883995056,0.9457175731658936,1,0.3478318005800247,0.5,0.15216819941997528,0.0,0.0,3,64,27,0.421875,37.0,0.578125,0.578125,2
S9,EmaTentCaseS00E50B50M070,0.9523875713348389,0.9523875713348389,0.6277453899383545,1,0.023806214332580566,0.5,0.47619378566741943,0.0,0.0,4,2,0,0.0,2.0,1.0,1.0,1
S9,EmaTentCaseS00E50B50M075,0.519035279750824,0.519035279750824,0.8974267244338989,1,0.240482360124588,0.5,0.259517639875412,0.0,0.0,0,64,63,0.984375,1.0,0.015625,0.984375,2
S9,EmaTentCaseS00E50B50M075,0.8927850127220154,0.8927850127220154,0.7376382350921631,1,0.05360749363899231,0.5,0.4463925063610077,0.0,0.0,1,64,37,0.578125,27.0,0.421875,0.578125,2
S9,EmaTentCaseS00E50B50M075,0.9466375708580017,0.9466375708580017,0.7596314549446106,1,0.026681214570999146,0.5,0.47331878542900085,0.0,0.0,2,64,35,0.546875,29.0,0.453125,0.546875,2
S9,EmaTentCaseS00E50B50M075,0.2979181706905365,0.2979181706905365,0.9491134881973267,1,0.35104091465473175,0.5,0.14895908534526825,0.0,0.0,3,64,27,0.421875,37.0,0.578125,0.578125,2
S9,EmaTentCaseS00E50B50M075,0.9265905618667603,0.9265905618667603,0.6581367254257202,1,0.03670471906661987,0.5,0.4632952809333801,0.0,0.0,4,2,0,0.0,2.0,1.0,1.0,1
S9,EmaTentCaseS00E50B50M080,0.519035279750824,0.519035279750824,0.8974267244338989,1,0.240482360124588,0.5,0.259517639875412,0.0,0.0,0,64,63,0.984375,1.0,0.015625,0.984375,2
S9,EmaTentCaseS00E50B50M080,0.8688551187515259,0.8688551187515259,0.7505926489830017,1,0.06557244062423706,0.5,0.43442755937576294,0.0,0.0,1,64,37,0.578125,27.0,0.421875,0.578125,2
S9,EmaTentCaseS00E50B50M080,0.9430100321769714,0.9430100321769714,0.7626192569732666,1,0.028494983911514282,0.5,0.4715050160884857,0.0,0.0,2,64,35,0.546875,29.0,0.453125,0.546875,2
S9,EmaTentCaseS00E50B50M080,0.28536179661750793,0.28536179661750793,0.9536436796188354,1,0.35731910169124603,0.5,0.14268089830875397,0.0,0.0,3,64,27,0.421875,37.0,0.578125,0.578125,2
S9,EmaTentCaseS00E50B50M080,0.8760716319084167,0.8760716319084167,0.7042195796966553,1,0.061964184045791626,0.5,0.4380358159542084,0.0,0.0,4,2,0,0.0,2.0,1.0,1.0,1
S9,EmaTentCaseS10E40B50M075,0.5190364122390747,0.5190364122390747,0.8974264860153198,1,0.3404817938804626,0.4,0.25951820611953735,0.0,0.0,0,64,63,0.984375,1.0,0.015625,0.984375,2
S9,EmaTentCaseS10E40B50M075,0.8688586950302124,0.8688586950302124,0.7505914568901062,1,0.1655706524848938,0.4,0.4344293475151062,0.0,0.0,1,64,37,0.578125,27.0,0.421875,0.578125,2
S9,EmaTentCaseS10E40B50M075,0.9397667050361633,0.9397667050361633,0.763519287109375,1,0.13011664748191834,0.4,0.46988335251808167,0.0,0.0,2,64,35,0.546875,29.0,0.453125,0.546875,2
S9,EmaTentCaseS10E40B50M075,0.273195743560791,0.273195743560791,0.9564205408096313,1,0.46340212821960447,0.4,0.1365978717803955,0.0,0.0,3,64,27,0.421875,37.0,0.578125,0.578125,2
S9,EmaTentCaseS10E40B50M075,0.8489407300949097,0.8489407300949097,0.7247190475463867,1,0.17552963495254517,0.4,0.42447036504745483,0.0,0.0,4,2,0,0.0,2.0,1.0,1.0,1
S10,EmaTentGridS20E50B30M075,0.006499860435724258,0.006499860435724258,0.9994729161262512,0,0.4980500418692827,0.5,0.0019499581307172774,0.0,0.0,0,64,30,0.46875,34.0,0.53125,0.53125,2
S10,EmaTentGridS20E50B30M075,0.06825660169124603,0.06825660169124603,0.9918508529663086,0,0.4795230194926262,0.5,0.02047698050737381,0.0,0.0,1,64,55,0.859375,9.0,0.140625,0.859375,2
S10,EmaTentGridS20E50B30M075,0.7087059617042542,0.7087059617042542,0.9229114651679993,1,0.28738821148872373,0.5,0.21261178851127624,0.0,0.0,2,64,40,0.625,24.0,0.375,0.625,2
S10,EmaTentGridS20E50B30M075,0.36348387598991394,0.36348387598991394,0.9596088528633118,1,0.3909548372030258,0.5,0.10904516279697418,0.0,0.0,3,64,52,0.8125,12.0,0.1875,0.8125,2
S10,EmaTentGridS20E50B30M075,0.8355501890182495,0.8355501890182495,0.7770067453384399,1,0.24933494329452516,0.5,0.25066505670547484,0.0,0.0,4,28,5,0.17857142857142858,23.0,0.8214285714285714,0.8214285714285714,2
S10,EmaTentCaseS20E50B30M060,0.006499860435724258,0.006499860435724258,0.9994729161262512,0,0.4980500418692827,0.5,0.0019499581307172774,0.0,0.0,0,64,30,0.46875,34.0,0.53125,0.53125,2
S10,EmaTentCaseS20E50B30M060,0.32345297932624817,0.32345297932624817,0.945091724395752,1,0.4029641062021255,0.5,0.09703589379787445,0.0,0.0,1,64,55,0.859375,9.0,0.140625,0.859375,2
S10,EmaTentCaseS20E50B30M060,0.8671801090240479,0.8671801090240479,0.9161072969436646,1,0.23984596729278565,0.5,0.2601540327072143,0.0,0.0,2,64,40,0.625,24.0,0.375,0.625,2
S10,EmaTentCaseS20E50B30M060,0.4972371757030487,0.4972371757030487,0.9407974481582642,1,0.35082884728908537,0.5,0.1491711527109146,0.0,0.0,3,64,52,0.8125,12.0,0.1875,0.8125,2
S10,EmaTentCaseS20E50B30M060,0.9963095784187317,0.9963095784187317,0.6815522313117981,1,0.2011071264743805,0.5,0.2988928735256195,0.0,0.0,4,28,5,0.17857142857142858,23.0,0.8214285714285714,0.8214285714285714,2
S10,EmaTentCaseS20E50B30M065,0.006499860435724258,0.006499860435724258,0.9994729161262512,0,0.4980500418692827,0.5,0.0019499581307172774,0.0,0.0,0,64,30,0.46875,34.0,0.53125,0.53125,2
S10,EmaTentCaseS20E50B30M065,0.20546464622020721,0.20546464622020721,0.9677679538726807,1,0.43836060613393785,0.5,0.06163939386606216,0.0,0.0,1,64,55,0.859375,9.0,0.140625,0.859375,2
S10,EmaTentCaseS20E50B30M065,0.8376061320304871,0.8376061320304871,0.9166952967643738,1,0.2487181603908539,0.5,0.25128183960914613,0.0,0.0,2,64,40,0.625,24.0,0.375,0.625,2
S10,EmaTentCaseS20E50B30M065,0.4717083275318146,0.4717083275318146,0.9460169076919556,1,0.3584875017404556,0.5,0.14151249825954437,0.0,0.0,3,64,52,0.8125,12.0,0.1875,0.8125,2
S10,EmaTentCaseS20E50B30M065,0.9814255237579346,0.9814255237579346,0.7065209746360779,1,0.20557234287261963,0.5,0.29442765712738034,0.0,0.0,4,28,5,0.17857142857142858,23.0,0.8214285714285714,0.8214285714285714,2
S10,EmaTentCaseS20E50B30M070,0.006499860435724258,0.006499860435724258,0.9994729161262512,0,0.4980500418692827,0.5,0.0019499581307172774,0.0,0.0,0,64,30,0.46875,34.0,0.53125,0.53125,2
S10,EmaTentCaseS20E50B30M070,0.12080065906047821,0.12080065906047821,0.983586311340332,0,0.46375980228185654,0.5,0.03624019771814346,0.0,0.0,1,64,55,0.859375,9.0,0.140625,0.859375,2
S10,EmaTentCaseS20E50B30M070,0.7890550494194031,0.7890550494194031,0.9165600538253784,1,0.2632834851741791,0.5,0.2367165148258209,0.0,0.0,2,64,40,0.625,24.0,0.375,0.625,2
S10,EmaTentCaseS20E50B30M070,0.42823851108551025,0.42823851108551025,0.9537926316261292,1,0.3715284466743469,0.5,0.12847155332565308,0.0,0.0,3,64,52,0.8125,12.0,0.1875,0.8125,2
S10,EmaTentCaseS20E50B30M070,0.9371987581253052,0.9371987581253052,0.7435083985328674,1,0.21884037256240846,0.5,0.28115962743759154,0.0,0.0,4,28,5,0.17857142857142858,23.0,0.8214285714285714,0.8214285714285714,2
S10,EmaTentCaseS10E50B40M070,0.006499860435724258,0.006499860435724258,0.9994729161262512,0,0.49740005582571034,0.5,0.0025999441742897036,0.0,0.0,0,64,30,0.46875,34.0,0.53125,0.53125,2
S10,EmaTentCaseS10E50B40M070,0.12035825103521347,0.12035825103521347,0.9836611747741699,0,0.4518566995859147,0.5,0.04814330041408539,0.0,0.0,1,64,55,0.859375,9.0,0.140625,0.859375,2
S10,EmaTentCaseS10E50B40M070,0.7842850089073181,0.7842850089073181,0.9167516231536865,1,0.18628599643707278,0.5,0.3137140035629273,0.0,0.0,2,64,40,0.625,24.0,0.375,0.625,2
S10,EmaTentCaseS10E50B40M070,0.39323076605796814,0.39323076605796814,0.9595634937286377,1,0.34270769357681274,0.5,0.15729230642318726,0.0,0.0,3,64,52,0.8125,12.0,0.1875,0.8125,2
S10,EmaTentCaseS10E50B40M070,0.8803417086601257,0.8803417086601257,0.7731858491897583,1,0.14786331653594972,0.5,0.3521366834640503,0.0,0.0,4,28,5,0.17857142857142858,23.0,0.8214285714285714,0.8214285714285714,2
S10,EmaTentCaseS10E50B40M075,0.006499860435724258,0.006499860435724258,0.9994729161262512,0,0.49740005582571034,0.5,0.0025999441742897036,0.0,0.0,0,64,30,0.46875,34.0,0.53125,0.53125,2
S10,EmaTentCaseS10E50B40M075,0.06802648305892944,0.06802648305892944,0.9918841123580933,0,0.4727894067764282,0.5,0.027210593223571777,0.0,0.0,1,64,55,0.859375,9.0,0.140625,0.859375,2
S10,EmaTentCaseS10E50B40M075,0.7053251266479492,0.7053251266479492,0.9235161542892456,1,0.21786994934082032,0.5,0.2821300506591797,0.0,0.0,2,64,40,0.625,24.0,0.375,0.625,2
S10,EmaTentCaseS10E50B40M075,0.33690375089645386,0.33690375089645386,0.9608793258666992,1,0.3652384996414185,0.5,0.13476150035858156,0.0,0.0,3,64,52,0.8125,12.0,0.1875,0.8125,2
S10,EmaTentCaseS10E50B40M075,0.7765193581581116,0.7765193581581116,0.7947199940681458,1,0.1893922567367554,0.5,0.31060774326324464,0.0,0.0,4,28,5,0.17857142857142858,23.0,0.8214285714285714,0.8214285714285714,2
S10,EmaTentCaseS10E50B40M080,0.006499860435724258,0.006499860435724258,0.9994729161262512,0,0.49740005582571034,0.5,0.0025999441742897036,0.0,0.0,0,64,30,0.46875,34.0,0.53125,0.53125,2
S10,EmaTentCaseS10E50B40M080,0.03678355738520622,0.03678355738520622,0.9961051344871521,0,0.4852865770459175,0.5,0.01471342295408249,0.0,0.0,1,64,55,0.859375,9.0,0.140625,0.859375,2
S10,EmaTentCaseS10E50B40M080,0.5710899829864502,0.5710899829864502,0.9267747402191162,1,0.2715640068054199,0.5,0.22843599319458008,0.0,0.0,2,64,40,0.625,24.0,0.375,0.625,2
S10,EmaTentCaseS10E50B40M080,0.24611607193946838,0.24611607193946838,0.9636236429214478,1,0.40155357122421265,0.5,0.09844642877578735,0.0,0.0,3,64,52,0.8125,12.0,0.1875,0.8125,2
S10,EmaTentCaseS10E50B40M080,0.6094327569007874,0.6094327569007874,0.8501628041267395,1,0.25622689723968506,0.5,0.24377310276031494,0.0,0.0,4,28,5,0.17857142857142858,23.0,0.8214285714285714,0.8214285714285714,2
S10,EmaTentCaseS00E50B50M070,0.006499860435724258,0.006499860435724258,0.9994729161262512,0,0.49675006978213787,0.5,0.003249930217862129,0.0,0.0,0,64,30,0.46875,34.0,0.53125,0.53125,2
S10,EmaTentCaseS00E50B50M070,0.11991112679243088,0.11991112679243088,0.9837367534637451,0,0.44004443660378456,0.5,0.05995556339621544,0.0,0.0,1,64,55,0.859375,9.0,0.140625,0.859375,2
S10,EmaTentCaseS00E50B50M070,0.7795021533966064,0.7795021533966064,0.9168300032615662,1,0.11024892330169678,0.5,0.3897510766983032,0.0,0.0,2,64,40,0.625,24.0,0.375,0.625,2
S10,EmaTentCaseS00E50B50M070,0.3579712212085724,0.3579712212085724,0.9630231857299805,1,0.3210143893957138,0.5,0.1789856106042862,0.0,0.0,3,64,52,0.8125,12.0,0.1875,0.8125,2
S10,EmaTentCaseS00E50B50M070,0.8180304169654846,0.8180304169654846,0.791535496711731,1,0.09098479151725769,0.5,0.4090152084827423,0.0,0.0,4,28,5,0.17857142857142858,23.0,0.8214285714285714,0.8214285714285714,2
S10,EmaTentCaseS00E50B50M075,0.006499860435724258,0.006499860435724258,0.9994729161262512,0,0.49675006978213787,0.5,0.003249930217862129,0.0,0.0,0,64,30,0.46875,34.0,0.53125,0.53125,2
S10,EmaTentCaseS00E50B50M075,0.06779393553733826,0.06779393553733826,0.991917610168457,0,0.46610303223133087,0.5,0.03389696776866913,0.0,0.0,1,64,55,0.859375,9.0,0.140625,0.859375,2
S10,EmaTentCaseS00E50B50M075,0.7019993662834167,0.7019993662834167,0.9240854978561401,1,0.14900031685829163,0.5,0.3509996831417084,0.0,0.0,2,64,40,0.625,24.0,0.375,0.625,2
S10,EmaTentCaseS00E50B50M075,0.31086498498916626,0.31086498498916626,0.9611353874206543,1,0.34456750750541687,0.5,0.15543249249458313,0.0,0.0,3,64,52,0.8125,12.0,0.1875,0.8125,2
S10,EmaTentCaseS00E50B50M075,0.7223085761070251,0.7223085761070251,0.8139102458953857,1,0.13884571194648743,0.5,0.3611542880535126,0.0,0.0,4,28,5,0.17857142857142858,23.0,0.8214285714285714,0.8214285714285714,2
S10,EmaTentCaseS00E50B50M080,0.006499860435724258,0.006499860435724258,0.9994729161262512,0,0.49675006978213787,0.5,0.003249930217862129,0.0,0.0,0,64,30,0.46875,34.0,0.53125,0.53125,2
S10,EmaTentCaseS00E50B50M080,0.036671917885541916,0.036671917885541916,0.9961190223693848,0,0.48166404105722904,0.5,0.018335958942770958,0.0,0.0,1,64,55,0.859375,9.0,0.140625,0.859375,2
S10,EmaTentCaseS00E50B50M080,0.5686694979667664,0.5686694979667664,0.9269046783447266,1,0.21566525101661682,0.5,0.2843347489833832,0.0,0.0,2,64,40,0.625,24.0,0.375,0.625,2
S10,EmaTentCaseS00E50B50M080,0.22812211513519287,0.22812211513519287,0.9648677110671997,1,0.38593894243240356,0.5,0.11406105756759644,0.0,0.0,3,64,52,0.8125,12.0,0.1875,0.8125,2
S10,EmaTentCaseS00E50B50M080,0.5707204341888428,0.5707204341888428,0.86510169506073,1,0.2146397829055786,0.5,0.2853602170944214,0.0,0.0,4,28,5,0.17857142857142858,23.0,0.8214285714285714,0.8214285714285714,2
S10,EmaTentCaseS10E40B50M075,0.006499778013676405,0.006499778013676405,0.9994729161262512,0,0.5967501109931618,0.4,0.0032498890068382025,0.0,0.0,0,64,30,0.46875,34.0,0.53125,0.53125,2
S10,EmaTentCaseS10E40B50M075,0.036672141402959824,0.036672141402959824,0.9961190223693848,0,0.5816639292985201,0.4,0.018336070701479912,0.0,0.0,1,64,55,0.859375,9.0,0.140625,0.859375,2
S10,EmaTentCaseS10E40B50M075,0.5400890111923218,0.5400890111923218,0.927574872970581,1,0.3299554944038391,0.4,0.2700445055961609,0.0,0.0,2,64,40,0.625,24.0,0.375,0.625,2
S10,EmaTentCaseS10E40B50M075,0.1886400580406189,0.1886400580406189,0.971140444278717,0,0.5056799709796905,0.4,0.09432002902030945,0.0,0.0,3,64,52,0.8125,12.0,0.1875,0.8125,2
S10,EmaTentCaseS10E40B50M075,0.47431254386901855,0.47431254386901855,0.8983155488967896,1,0.3628437280654907,0.4,0.23715627193450928,0.0,0.0,4,28,5,0.17857142857142858,23.0,0.8214285714285714,0.8214285714285714,2
S11,EmaTentGridS20E50B30M075,0.8445022106170654,0.8445022106170654,0.7323256731033325,1,0.24664933681488038,0.5,0.2533506631851196,0.0,0.0,0,64,42,0.65625,22.0,0.34375,0.65625,2
S11,EmaTentGridS20E50B30M075,0.941651463508606,0.941651463508606,0.6653853058815002,1,0.2175045609474182,0.5,0.2824954390525818,0.0,0.0,1,64,2,0.03125,62.0,0.96875,0.96875,2
S11,EmaTentGridS20E50B30M075,0.7856927514076233,0.7856927514076233,0.7682443857192993,1,0.26429217457771303,0.5,0.23570782542228697,0.0,0.0,2,64,27,0.421875,37.0,0.578125,0.578125,2
S11,EmaTentGridS20E50B30M075,0.8471370935440063,0.8471370935440063,0.7274166941642761,1,0.24585887193679812,0.5,0.2541411280632019,0.0,0.0,3,64,26,0.40625,38.0,0.59375,0.59375,2
S11,EmaTentGridS20E50B30M075,0.92426598072052,0.92426598072052,0.683502733707428,1,0.222720205783844,0.5,0.277279794216156,0.0,0.0,4,44,27,0.6136363636363636,17.0,0.38636363636363635,0.6136363636363636,2
S11,EmaTentCaseS20E50B30M060,0.8445022106170654,0.8445022106170654,0.7323256731033325,1,0.24664933681488038,0.5,0.2533506631851196,0.0,0.0,0,64,42,0.65625,22.0,0.34375,0.65625,2
S11,EmaTentCaseS20E50B30M060,0.9815419912338257,0.9815419912338257,0.6320034265518188,1,0.20553740262985232,0.5,0.2944625973701477,0.0,0.0,1,64,2,0.03125,62.0,0.96875,0.96875,2
S11,EmaTentCaseS20E50B30M060,0.8768842220306396,0.8768842220306396,0.7145432233810425,1,0.23693473339080812,0.5,0.2630652666091919,0.0,0.0,2,64,27,0.421875,37.0,0.578125,0.578125,2
S11,EmaTentCaseS20E50B30M060,0.8939446806907654,0.8939446806907654,0.6925190687179565,1,0.2318165957927704,0.5,0.2681834042072296,0.0,0.0,3,64,26,0.40625,38.0,0.59375,0.59375,2
S11,EmaTentCaseS20E50B30M060,0.9589771628379822,0.9589771628379822,0.667490541934967,1,0.21230685114860537,0.5,0.28769314885139463,0.0,0.0,4,44,27,0.6136363636363636,17.0,0.38636363636363635,0.6136363636363636,2
S11,EmaTentCaseS20E50B30M065,0.8445022106170654,0.8445022106170654,0.7323256731033325,1,0.24664933681488038,0.5,0.2533506631851196,0.0,0.0,0,64,42,0.65625,22.0,0.34375,0.65625,2
S11,EmaTentCaseS20E50B30M065,0.9699206352233887,0.9699206352233887,0.6419870853424072,1,0.2090238094329834,0.5,0.29097619056701657,0.0,0.0,1,64,2,0.03125,62.0,0.96875,0.96875,2
S11,EmaTentCaseS20E50B30M065,0.8484110236167908,0.8484110236167908,0.7317110896110535,1,0.24547669291496277,0.5,0.25452330708503723,0.0,0.0,2,64,27,0.421875,37.0,0.578125,0.578125,2
S11,EmaTentCaseS20E50B30M065,0.885686457157135,0.885686457157135,0.6992508172988892,1,0.2342940628528595,0.5,0.26570593714714047,0.0,0.0,3,64,26,0.40625,38.0,0.59375,0.59375,2
S11,EmaTentCaseS20E50B30M065,0.957568347454071,0.957568347454071,0.6684470176696777,1,0.2127294957637787,0.5,0.2872705042362213,0.0,0.0,4,44,27,0.6136363636363636,17.0,0.38636363636363635,0.6136363636363636,2
S11,EmaTentCaseS20E50B30M070,0.8445022106170654,0.8445022106170654,0.7323256731033325,1,0.24664933681488038,0.5,0.2533506631851196,0.0,0.0,0,64,42,0.65625,22.0,0.34375,0.65625,2
S11,EmaTentCaseS20E50B30M070,0.9565714597702026,0.9565714597702026,0.6533263921737671,1,0.21302856206893922,0.5,0.2869714379310608,0.0,0.0,1,64,2,0.03125,62.0,0.96875,0.96875,2
S11,EmaTentCaseS20E50B30M070,0.8167710304260254,0.8167710304260254,0.7505608201026917,1,0.25496869087219237,0.5,0.2450313091278076,0.0,0.0,2,64,27,0.421875,37.0,0.578125,0.578125,2
S11,EmaTentCaseS20E50B30M070,0.8706302642822266,0.8706302642822266,0.7108596563339233,1,0.23881092071533205,0.5,0.26118907928466795,0.0,0.0,3,64,26,0.40625,38.0,0.59375,0.59375,2
S11,EmaTentCaseS20E50B30M070,0.9483197331428528,0.9483197331428528,0.6732388138771057,1,0.21550408005714417,0.5,0.28449591994285583,0.0,0.0,4,44,27,0.6136363636363636,17.0,0.38636363636363635,0.6136363636363636,2
S11,EmaTentCaseS10E50B40M070,0.8445022106170654,0.8445022106170654,0.7323256731033325,1,0.16219911575317383,0.5,0.3378008842468262,0.0,0.0,0,64,42,0.65625,22.0,0.34375,0.65625,2
S11,EmaTentCaseS10E50B40M070,0.9482505917549133,0.9482505917549133,0.6601325273513794,1,0.12069976329803467,0.5,0.37930023670196533,0.0,0.0,1,64,2,0.03125,62.0,0.96875,0.96875,2
S11,EmaTentCaseS10E50B40M070,0.7824356555938721,0.7824356555938721,0.7695256471633911,1,0.18702573776245118,0.5,0.3129742622375489,0.0,0.0,2,64,27,0.421875,37.0,0.578125,0.578125,2
S11,EmaTentCaseS10E50B40M070,0.8246679902076721,0.8246679902076721,0.741538941860199,1,0.17013280391693114,0.5,0.32986719608306886,0.0,0.0,3,64,26,0.40625,38.0,0.59375,0.59375,2
S11,EmaTentCaseS10E50B40M070,0.9000851511955261,0.9000851511955261,0.697260856628418,1,0.13996593952178957,0.5,0.36003406047821046,0.0,0.0,4,44,27,0.6136363636363636,17.0,0.38636363636363635,0.6136363636363636,2
S11,EmaTentCaseS10E50B40M075,0.8445022106170654,0.8445022106170654,0.7323256731033325,1,0.16219911575317383,0.5,0.3378008842468262,0.0,0.0,0,64,42,0.65625,22.0,0.34375,0.65625,2
S11,EmaTentCaseS10E50B40M075,0.9341495633125305,0.9341495633125305,0.6711273193359375,1,0.12634017467498782,0.5,0.37365982532501224,0.0,0.0,1,64,2,0.03125,62.0,0.96875,0.96875,2
S11,EmaTentCaseS10E50B40M075,0.7603442668914795,0.7603442668914795,0.7812270522117615,1,0.1958622932434082,0.5,0.3041377067565918,0.0,0.0,2,64,27,0.421875,37.0,0.578125,0.578125,2
S11,EmaTentCaseS10E50B40M075,0.8070535063743591,0.8070535063743591,0.7526484131813049,1,0.17717859745025635,0.5,0.3228214025497437,0.0,0.0,3,64,26,0.40625,38.0,0.59375,0.59375,2
S11,EmaTentCaseS10E50B40M075,0.8733469843864441,0.8733469843864441,0.7107763886451721,1,0.15066120624542237,0.5,0.34933879375457766,0.0,0.0,4,44,27,0.6136363636363636,17.0,0.38636363636363635,0.6136363636363636,2
S11,EmaTentCaseS10E50B40M080,0.8445022106170654,0.8445022106170654,0.7323256731033325,1,0.16219911575317383,0.5,0.3378008842468262,0.0,0.0,0,64,42,0.65625,22.0,0.34375,0.65625,2
S11,EmaTentCaseS10E50B40M080,0.9191820621490479,0.9191820621490479,0.681801438331604,1,0.13232717514038086,0.5,0.36767282485961916,0.0,0.0,1,64,2,0.03125,62.0,0.96875,0.96875,2
S11,EmaTentCaseS10E50B40M080,0.7379176020622253,0.7379176020622253,0.7929175496101379,1,0.20483295917510988,0.5,0.29516704082489015,0.0,0.0,2,64,27,0.421875,37.0,0.578125,0.578125,2
S11,EmaTentCaseS10E50B40M080,0.7819957137107849,0.7819957137107849,0.7677019834518433,1,0.18720171451568604,0.5,0.312798285484314,0.0,0.0,3,64,26,0.40625,38.0,0.59375,0.59375,2
S11,EmaTentCaseS10E50B40M080,0.8259060978889465,0.8259060978889465,0.7412673234939575,1,0.1696375608444214,0.5,0.3303624391555786,0.0,0.0,4,44,27,0.6136363636363636,17.0,0.38636363636363635,0.6136363636363636,2
S11,EmaTentCaseS00E50B50M070,0.8445022106170654,0.8445022106170654,0.7323256731033325,1,0.07774889469146729,0.5,0.4222511053085327,0.0,0.0,0,64,42,0.65625,22.0,0.34375,0.65625,2
S11,EmaTentCaseS00E50B50M070,0.9393519759178162,0.9393519759178162,0.667303204536438,1,0.03032401204109192,0.5,0.4696759879589081,0.0,0.0,1,64,2,0.03125,62.0,0.96875,0.96875,2
S11,EmaTentCaseS00E50B50M070,0.7543918490409851,0.7543918490409851,0.7842820882797241,1,0.12280407547950745,0.5,0.37719592452049255,0.0,0.0,2,64,27,0.421875,37.0,0.578125,0.578125,2
S11,EmaTentCaseS00E50B50M070,0.7851400375366211,0.7851400375366211,0.7658709287643433,1,0.10742998123168945,0.5,0.39257001876831055,0.0,0.0,3,64,26,0.40625,38.0,0.59375,0.59375,2
S11,EmaTentCaseS00E50B50M070,0.8525408506393433,0.8525408506393433,0.7243809700012207,1,0.07372957468032837,0.5,0.42627042531967163,0.0,0.0,4,44,27,0.6136363636363636,17.0,0.38636363636363635,0.6136363636363636,2
S11,EmaTentCaseS00E50B50M075,0.8445022106170654,0.8445022106170654,0.7323256731033325,1,0.07774889469146729,0.5,0.4222511053085327,0.0,0.0,0,64,42,0.65625,22.0,0.34375,0.65625,2
S11,EmaTentCaseS00E50B50M075,0.9263314008712769,0.9263314008712769,0.6770403385162354,1,0.03683429956436157,0.5,0.4631657004356384,0.0,0.0,1,64,2,0.03125,62.0,0.96875,0.96875,2
S11,EmaTentCaseS00E50B50M075,0.7367361783981323,0.7367361783981323,0.793418288230896,1,0.13163191080093384,0.5,0.36836808919906616,0.0,0.0,2,64,27,0.421875,37.0,0.578125,0.578125,2
S11,EmaTentCaseS00E50B50M075,0.771267294883728,0.771267294883728,0.773834228515625,1,0.11436635255813599,0.5,0.385633647441864,0.0,0.0,3,64,26,0.40625,38.0,0.59375,0.59375,2
S11,EmaTentCaseS00E50B50M075,0.8232854008674622,0.8232854008674622,0.7422805428504944,1,0.08835729956626892,0.5,0.4116427004337311,0.0,0.0,4,44,27,0.6136363636363636,17.0,0.38636363636363635,0.6136363636363636,2
S11,EmaTentCaseS00E50B50M080,0.8445022106170654,0.8445022106170654,0.7323256731033325,1,0.07774889469146729,0.5,0.4222511053085327,0.0,0.0,0,64,42,0.65625,22.0,0.34375,0.65625,2
S11,EmaTentCaseS00E50B50M080,0.9127766489982605,0.9127766489982605,0.6864907741546631,1,0.04361167550086975,0.5,0.45638832449913025,0.0,0.0,1,64,2,0.03125,62.0,0.96875,0.96875,2
S11,EmaTentCaseS00E50B50M080,0.719396710395813,0.719396710395813,0.8019991517066956,1,0.1403016448020935,0.5,0.3596983551979065,0.0,0.0,2,64,27,0.421875,37.0,0.578125,0.578125,2
S11,EmaTentCaseS00E50B50M080,0.75237637758255,0.75237637758255,0.7842255234718323,1,0.12381181120872498,0.5,0.376188188791275,0.0,0.0,3,64,26,0.40625,38.0,0.59375,0.59375,2
S11,EmaTentCaseS00E50B50M080,0.7777333855628967,0.7777333855628967,0.7701593041419983,1,0.11113330721855164,0.5,0.38886669278144836,0.0,0.0,4,44,27,0.6136363636363636,17.0,0.38636363636363635,0.6136363636363636,2
S11,EmaTentCaseS10E40B50M075,0.8445009589195251,0.8445009589195251,0.7323266267776489,1,0.17774952054023743,0.4,0.4222504794597626,0.0,0.0,0,64,42,0.65625,22.0,0.34375,0.65625,2
S11,EmaTentCaseS10E40B50M075,0.9127771854400635,0.9127771854400635,0.6864902973175049,1,0.14361140727996827,0.4,0.45638859272003174,0.0,0.0,1,64,2,0.03125,62.0,0.96875,0.96875,2
S11,EmaTentCaseS10E40B50M075,0.7159209251403809,0.7159209251403809,0.8036718368530273,1,0.24203953742980958,0.4,0.35796046257019043,0.0,0.0,2,64,27,0.421875,37.0,0.578125,0.578125,2
S11,EmaTentCaseS10E40B50M075,0.7469586730003357,0.7469586730003357,0.7871164083480835,1,0.22652066349983216,0.4,0.37347933650016785,0.0,0.0,3,64,26,0.40625,38.0,0.59375,0.59375,2
S11,EmaTentCaseS10E40B50M075,0.7396440505981445,0.7396440505981445,0.7909598350524902,1,0.23017797470092774,0.4,0.36982202529907227,0.0,0.0,4,44,27,0.6136363636363636,17.0,0.38636363636363635,0.6136363636363636,2
S12,EmaTentGridS20E50B30M075,0.5668510794639587,0.5668510794639587,0.8697349429130554,1,0.32994467616081236,0.5,0.17005532383918762,0.0,0.0,0,64,37,0.578125,27.0,0.421875,0.578125,2
S12,EmaTentGridS20E50B30M075,0.7996891140937805,0.7996891140937805,0.7783710956573486,1,0.26009326577186587,0.5,0.23990673422813413,0.0,0.0,1,64,31,0.484375,33.0,0.515625,0.515625,2
S12,EmaTentGridS20E50B30M075,0.570445716381073,0.570445716381073,0.8749350905418396,1,0.3288662850856781,0.5,0.1711337149143219,0.0,0.0,2,64,38,0.59375,26.0,0.40625,0.59375,2
S12,EmaTentGridS20E50B30M075,0.996296763420105,0.996296763420105,0.6474022269248962,1,0.20111097097396852,0.5,0.2988890290260315,0.0,0.0,3,56,20,0.35714285714285715,36.0,0.6428571428571429,0.6428571428571429,2
S12,EmaTentCaseS20E50B30M060,0.5668510794639587,0.5668510794639587,0.8697349429130554,1,0.32994467616081236,0.5,0.17005532383918762,0.0,0.0,0,64,37,0.578125,27.0,0.421875,0.578125,2
S12,EmaTentCaseS20E50B30M060,0.9013915061950684,0.9013915061950684,0.716917872428894,1,0.2295825481414795,0.5,0.2704174518585205,0.0,0.0,1,64,31,0.484375,33.0,0.515625,0.515625,2
S12,EmaTentCaseS20E50B30M060,0.7465710043907166,0.7465710043907166,0.8053396344184875,1,0.276028698682785,0.5,0.22397130131721496,0.0,0.0,2,64,38,0.59375,26.0,0.40625,0.59375,2
S12,EmaTentCaseS20E50B30M060,0.9773746728897095,0.9773746728897095,0.6497289538383484,1,0.20678759813308717,0.5,0.29321240186691283,0.0,0.0,3,56,20,0.35714285714285715,36.0,0.6428571428571429,0.6428571428571429,2
S12,EmaTentCaseS20E50B30M065,0.5668510794639587,0.5668510794639587,0.8697349429130554,1,0.32994467616081236,0.5,0.17005532383918762,0.0,0.0,0,64,37,0.578125,27.0,0.421875,0.578125,2
S12,EmaTentCaseS20E50B30M065,0.8707613945007324,0.8707613945007324,0.7371349930763245,1,0.2387715816497803,0.5,0.2612284183502197,0.0,0.0,1,64,31,0.484375,33.0,0.515625,0.515625,2
S12,EmaTentCaseS20E50B30M065,0.6847369074821472,0.6847369074821472,0.8298269510269165,1,0.2945789277553558,0.5,0.20542107224464415,0.0,0.0,2,64,38,0.59375,26.0,0.40625,0.59375,2
S12,EmaTentCaseS20E50B30M065,0.9879445433616638,0.9879445433616638,0.6458932757377625,1,0.20361663699150087,0.5,0.29638336300849916,0.0,0.0,3,56,20,0.35714285714285715,36.0,0.6428571428571429,0.6428571428571429,2
S12,EmaTentCaseS20E50B30M070,0.5668510794639587,0.5668510794639587,0.8697349429130554,1,0.32994467616081236,0.5,0.17005532383918762,0.0,0.0,0,64,37,0.578125,27.0,0.421875,0.578125,2
S12,EmaTentCaseS20E50B30M070,0.8366859555244446,0.8366859555244446,0.7579928636550903,1,0.24899421334266664,0.5,0.25100578665733336,0.0,0.0,1,64,31,0.484375,33.0,0.515625,0.515625,2
S12,EmaTentCaseS20E50B30M070,0.6247366070747375,0.6247366070747375,0.854432225227356,1,0.31257901787757875,0.5,0.18742098212242125,0.0,0.0,2,64,38,0.59375,26.0,0.40625,0.59375,2
S12,EmaTentCaseS20E50B30M070,0.9983701109886169,0.9983701109886169,0.6451143622398376,1,0.20048896670341493,0.5,0.29951103329658507,0.0,0.0,3,56,20,0.35714285714285715,36.0,0.6428571428571429,0.6428571428571429,2
S12,EmaTentCaseS10E50B40M070,0.5668510794639587,0.5668510794639587,0.8697349429130554,1,0.27325956821441655,0.5,0.2267404317855835,0.0,0.0,0,64,37,0.578125,27.0,0.421875,0.578125,2
S12,EmaTentCaseS10E50B40M070,0.8167701959609985,0.8167701959609985,0.7684569358825684,1,0.17329192161560059,0.5,0.3267080783843994,0.0,0.0,1,64,31,0.484375,33.0,0.515625,0.515625,2
S12,EmaTentCaseS10E50B40M070,0.5893198847770691,0.5893198847770691,0.8678752779960632,1,0.2642720460891724,0.5,0.23572795391082765,0.0,0.0,2,64,38,0.59375,26.0,0.40625,0.59375,2
S12,EmaTentCaseS10E50B40M070,0.999286949634552,0.999286949634552,0.6455496549606323,1,0.1002852201461792,0.5,0.3997147798538208,0.0,0.0,3,56,20,0.35714285714285715,36.0,0.6428571428571429,0.6428571428571429,2
S12,EmaTentCaseS10E50B40M075,0.5668510794639587,0.5668510794639587,0.8697349429130554,1,0.27325956821441655,0.5,0.2267404317855835,0.0,0.0,0,64,37,0.578125,27.0,0.421875,0.578125,2
S12,EmaTentCaseS10E50B40M075,0.7823535203933716,0.7823535203933716,0.7862110733985901,1,0.1870585918426514,0.5,0.31294140815734867,0.0,0.0,1,64,31,0.484375,33.0,0.515625,0.515625,2
S12,EmaTentCaseS10E50B40M075,0.5439311265945435,0.5439311265945435,0.8840404748916626,1,0.2824275493621826,0.5,0.21757245063781738,0.0,0.0,2,64,38,0.59375,26.0,0.40625,0.59375,2
S12,EmaTentCaseS10E50B40M075,0.9856793284416199,0.9856793284416199,0.6509062647819519,1,0.10572826862335205,0.5,0.39427173137664795,0.0,0.0,3,56,20,0.35714285714285715,36.0,0.6428571428571429,0.6428571428571429,2
S12,EmaTentCaseS10E50B40M080,0.5668510794639587,0.5668510794639587,0.8697349429130554,1,0.27325956821441655,0.5,0.2267404317855835,0.0,0.0,0,64,37,0.578125,27.0,0.421875,0.578125,2
S12,EmaTentCaseS10E50B40M080,0.7469637393951416,0.7469637393951416,0.8031740188598633,1,0.20121450424194337,0.5,0.29878549575805663,0.0,0.0,1,64,31,0.484375,33.0,0.515625,0.515625,2
S12,EmaTentCaseS10E50B40M080,0.5025588274002075,0.5025588274002075,0.897944450378418,1,0.29897646903991704,0.5,0.20102353096008302,0.0,0.0,2,64,38,0.59375,26.0,0.40625,0.59375,2
S12,EmaTentCaseS10E50B40M080,0.9453862309455872,0.9453862309455872,0.6779314279556274,1,0.12184550762176515,0.5,0.3781544923782349,0.0,0.0,3,56,20,0.35714285714285715,36.0,0.6428571428571429,0.6428571428571429,2
S12,EmaTentCaseS00E50B50M070,0.5668510794639587,0.5668510794639587,0.8697349429130554,1,0.21657446026802063,0.5,0.28342553973197937,0.0,0.0,0,64,37,0.578125,27.0,0.421875,0.578125,2
S12,EmaTentCaseS00E50B50M070,0.7986136674880981,0.7986136674880981,0.7776102423667908,1,0.10069316625595093,0.5,0.3993068337440491,0.0,0.0,1,64,31,0.484375,33.0,0.515625,0.515625,2
S12,EmaTentCaseS00E50B50M070,0.5561346411705017,0.5561346411705017,0.8799411654472351,1,0.22193267941474915,0.5,0.27806732058525085,0.0,0.0,2,64,38,0.59375,26.0,0.40625,0.59375,2
S12,EmaTentCaseS00E50B50M070,0.9920442700386047,0.9920442700386047,0.6484168171882629,1,0.003977864980697632,0.5,0.49602213501930237,0.0,0.0,3,56,20,0.35714285714285715,36.0,0.6428571428571429,0.6428571428571429,2
S12,EmaTentCaseS00E50B50M075,0.5668510794639587,0.5668510794639587,0.8697349429130554,1,0.21657446026802063,0.5,0.28342553973197937,0.0,0.0,0,64,37,0.578125,27.0,0.421875,0.578125,2
S12,EmaTentCaseS00E50B50M075,0.766965389251709,0.766965389251709,0.7936726808547974,1,0.11651730537414551,0.5,0.3834826946258545,0.0,0.0,1,64,31,0.484375,33.0,0.515625,0.515625,2
S12,EmaTentCaseS00E50B50M075,0.5197985768318176,0.5197985768318176,0.8921841382980347,1,0.2401007115840912,0.5,0.2598992884159088,0.0,0.0,2,64,38,0.59375,26.0,0.40625,0.59375,2
S12,EmaTentCaseS00E50B50M075,0.9699319005012512,0.9699319005012512,0.6595878005027771,1,0.01503404974937439,0.5,0.4849659502506256,0.0,0.0,3,56,20,0.35714285714285715,36.0,0.6428571428571429,0.6428571428571429,2
S12,EmaTentCaseS00E50B50M080,0.5668510794639587,0.5668510794639587,0.8697349429130554,1,0.21657446026802063,0.5,0.28342553973197937,0.0,0.0,0,64,37,0.578125,27.0,0.421875,0.578125,2
S12,EmaTentCaseS00E50B50M080,0.734326183795929,0.734326183795929,0.8088421821594238,1,0.13283690810203552,0.5,0.3671630918979645,0.0,0.0,1,64,31,0.484375,33.0,0.515625,0.515625,2
S12,EmaTentCaseS00E50B50M080,0.4856337308883667,0.4856337308883667,0.9033432006835938,1,0.25718313455581665,0.5,0.24281686544418335,0.0,0.0,2,64,38,0.59375,26.0,0.40625,0.59375,2
S12,EmaTentCaseS00E50B50M080,0.9237866401672363,0.9237866401672363,0.6931875944137573,1,0.038106679916381836,0.5,0.46189332008361816,0.0,0.0,3,56,20,0.35714285714285715,36.0,0.6428571428571429,0.6428571428571429,2
S12,EmaTentCaseS10E40B50M075,0.5668503642082214,0.5668503642082214,0.8697352409362793,1,0.31657481789588926,0.4,0.2834251821041107,0.0,0.0,0,64,37,0.578125,27.0,0.421875,0.578125,2
S12,EmaTentCaseS10E40B50M075,0.7343267798423767,0.7343267798423767,0.8088419437408447,1,0.23283661007881165,0.4,0.36716338992118835,0.0,0.0,1,64,31,0.484375,33.0,0.515625,0.515625,2
S12,EmaTentCaseS10E40B50M075,0.480968177318573,0.480968177318573,0.9049147963523865,1,0.3595159113407135,0.4,0.2404840886592865,0.0,0.0,2,64,38,0.59375,26.0,0.40625,0.59375,2
S12,EmaTentCaseS10E40B50M075,0.9046970009803772,0.9046970009803772,0.7056642174720764,1,0.1476514995098114,0.4,0.4523485004901886,0.0,0.0,3,56,20,0.35714285714285715,36.0,0.6428571428571429,0.6428571428571429,2
S13,EmaTentGridS20E50B30M075,0.912726879119873,0.912726879119873,0.7443848252296448,1,0.2261819362640381,0.5,0.2738180637359619,0.0,0.0,0,64,60,0.9375,4.0,0.0625,0.9375,2
S13,EmaTentGridS20E50B30M075,0.9923551082611084,0.9923551082611084,0.811854362487793,1,0.2022934675216675,0.5,0.2977065324783325,0.0,0.0,1,64,25,0.390625,39.0,0.609375,0.609375,2
S13,EmaTentGridS20E50B30M075,0.9955117702484131,0.9955117702484131,0.6419485807418823,1,0.20134646892547609,0.5,0.2986535310745239,0.0,0.0,2,64,54,0.84375,10.0,0.15625,0.84375,2
S13,EmaTentGridS20E50B30M075,0.9886232018470764,0.9886232018470764,0.7388412952423096,1,0.20341303944587708,0.5,0.2965869605541229,0.0,0.0,3,64,50,0.78125,14.0,0.21875,0.78125,2
S13,EmaTentGridS20E50B30M075,0.5928921103477478,0.5928921103477478,0.8566705584526062,1,0.32213236689567565,0.5,0.17786763310432432,0.0,0.0,4,21,0,0.0,21.0,1.0,1.0,1
S13,EmaTentCaseS20E50B30M060,0.912726879119873,0.912726879119873,0.7443848252296448,1,0.2261819362640381,0.5,0.2738180637359619,0.0,0.0,0,64,60,0.9375,4.0,0.0625,0.9375,2
S13,EmaTentCaseS20E50B30M060,0.9964736700057983,0.9964736700057983,0.8002314567565918,1,0.20105789899826051,0.5,0.2989421010017395,0.0,0.0,1,64,25,0.390625,39.0,0.609375,0.609375,2
S13,EmaTentCaseS20E50B30M060,0.9997480511665344,0.9997480511665344,0.6322345733642578,1,0.2000755846500397,0.5,0.29992441534996034,0.0,0.0,2,64,54,0.84375,10.0,0.15625,0.84375,2
S13,EmaTentCaseS20E50B30M060,0.9989193677902222,0.9989193677902222,0.728326678276062,1,0.20032418966293336,0.5,0.29967581033706664,0.0,0.0,3,64,50,0.78125,14.0,0.21875,0.78125,2
S13,EmaTentCaseS20E50B30M060,0.580111563205719,0.580111563205719,0.8615702986717224,1,0.3259665310382843,0.5,0.1740334689617157,0.0,0.0,4,21,0,0.0,21.0,1.0,1.0,1
S13,EmaTentCaseS20E50B30M065,0.912726879119873,0.912726879119873,0.7443848252296448,1,0.2261819362640381,0.5,0.2738180637359619,0.0,0.0,0,64,60,0.9375,4.0,0.0625,0.9375,2
S13,EmaTentCaseS20E50B30M065,0.9954610466957092,0.9954610466957092,0.805274486541748,1,0.20136168599128723,0.5,0.29863831400871277,0.0,0.0,1,64,25,0.390625,39.0,0.609375,0.609375,2
S13,EmaTentCaseS20E50B30M065,0.9991493821144104,0.9991493821144104,0.6313735246658325,1,0.20025518536567688,0.5,0.2997448146343231,0.0,0.0,2,64,54,0.84375,10.0,0.15625,0.84375,2
S13,EmaTentCaseS20E50B30M065,0.9970465302467346,0.9970465302467346,0.7332839965820312,1,0.20088604092597961,0.5,0.2991139590740204,0.0,0.0,3,64,50,0.78125,14.0,0.21875,0.78125,2
S13,EmaTentCaseS20E50B30M065,0.5868244767189026,0.5868244767189026,0.8590104579925537,1,0.32395265698432923,0.5,0.17604734301567077,0.0,0.0,4,21,0,0.0,21.0,1.0,1.0,1
S13,EmaTentCaseS20E50B30M070,0.912726879119873,0.912726879119873,0.7443848252296448,1,0.2261819362640381,0.5,0.2738180637359619,0.0,0.0,0,64,60,0.9375,4.0,0.0625,0.9375,2
S13,EmaTentCaseS20E50B30M070,0.9941001534461975,0.9941001534461975,0.8090618848800659,1,0.20176995396614075,0.5,0.2982300460338592,0.0,0.0,1,64,25,0.390625,39.0,0.609375,0.609375,2
S13,EmaTentCaseS20E50B30M070,0.9978972673416138,0.9978972673416138,0.6346771717071533,1,0.20063081979751587,0.5,0.2993691802024841,0.0,0.0,2,64,54,0.84375,10.0,0.15625,0.84375,2
S13,EmaTentCaseS20E50B30M070,0.9937282800674438,0.9937282800674438,0.7373757362365723,1,0.20188151597976686,0.5,0.29811848402023317,0.0,0.0,3,64,50,0.78125,14.0,0.21875,0.78125,2
S13,EmaTentCaseS20E50B30M070,0.5906570553779602,0.5906570553779602,0.8575354218482971,1,0.32280288338661195,0.5,0.17719711661338805,0.0,0.0,4,21,0,0.0,21.0,1.0,1.0,1
S13,EmaTentCaseS10E50B40M070,0.912726879119873,0.912726879119873,0.7443848252296448,1,0.1349092483520508,0.5,0.36509075164794924,0.0,0.0,0,64,60,0.9375,4.0,0.0625,0.9375,2
S13,EmaTentCaseS10E50B40M070,0.9944729804992676,0.9944729804992676,0.810338020324707,1,0.10221080780029297,0.5,0.39778919219970704,0.0,0.0,1,64,25,0.390625,39.0,0.609375,0.609375,2
S13,EmaTentCaseS10E50B40M070,0.9936571717262268,0.9936571717262268,0.6457115411758423,1,0.10253713130950928,0.5,0.39746286869049074,0.0,0.0,2,64,54,0.84375,10.0,0.15625,0.84375,2
S13,EmaTentCaseS10E50B40M070,0.9919009804725647,0.9919009804725647,0.7416814565658569,1,0.10323960781097413,0.5,0.3967603921890259,0.0,0.0,3,64,50,0.78125,14.0,0.21875,0.78125,2
S13,EmaTentCaseS10E50B40M070,0.5700216293334961,0.5700216293334961,0.865362286567688,1,0.27199134826660154,0.5,0.22800865173339846,0.0,0.0,4,21,0,0.0,21.0,1.0,1.0,1
S13,EmaTentCaseS10E50B40M075,0.912726879119873,0.912726879119873,0.7443848252296448,1,0.1349092483520508,0.5,0.36509075164794924,0.0,0.0,0,64,60,0.9375,4.0,0.0625,0.9375,2
S13,EmaTentCaseS10E50B40M075,0.9925366640090942,0.9925366640090942,0.8129910826683044,1,0.10298533439636232,0.5,0.39701466560363774,0.0,0.0,1,64,25,0.390625,39.0,0.609375,0.609375,2
S13,EmaTentCaseS10E50B40M075,0.990788459777832,0.990788459777832,0.6537253856658936,1,0.1036846160888672,0.5,0.39631538391113286,0.0,0.0,2,64,54,0.84375,10.0,0.15625,0.84375,2
S13,EmaTentCaseS10E50B40M075,0.9866474270820618,0.9866474270820618,0.741365909576416,1,0.1053410291671753,0.5,0.39465897083282475,0.0,0.0,3,64,50,0.78125,14.0,0.21875,0.78125,2
S13,EmaTentCaseS10E50B40M075,0.5765883922576904,0.5765883922576904,0.8629018068313599,1,0.2693646430969239,0.5,0.23063535690307618,0.0,0.0,4,21,0,0.0,21.0,1.0,1.0,1
S13,EmaTentCaseS10E50B40M080,0.912726879119873,0.912726879119873,0.7443848252296448,1,0.1349092483520508,0.5,0.36509075164794924,0.0,0.0,0,64,60,0.9375,4.0,0.0625,0.9375,2
S13,EmaTentCaseS10E50B40M080,0.9901918172836304,0.9901918172836304,0.8163918852806091,1,0.10392327308654786,0.5,0.3960767269134522,0.0,0.0,1,64,25,0.390625,39.0,0.609375,0.609375,2
S13,EmaTentCaseS10E50B40M080,0.9863622784614563,0.9863622784614563,0.668985903263092,1,0.10545508861541748,0.5,0.39454491138458253,0.0,0.0,2,64,54,0.84375,10.0,0.15625,0.84375,2
S13,EmaTentCaseS10E50B40M080,0.9816452264785767,0.9816452264785767,0.738795816898346,1,0.10734190940856934,0.5,0.3926580905914307,0.0,0.0,3,64,50,0.78125,14.0,0.21875,0.78125,2
S13,EmaTentCaseS10E50B40M080,0.5852581262588501,0.5852581262588501,0.8596104383468628,1,0.26589674949645997,0.5,0.23410325050354006,0.0,0.0,4,21,0,0.0,21.0,1.0,1.0,1
S13,EmaTentCaseS00E50B50M070,0.912726879119873,0.912726879119873,0.7443848252296448,1,0.04363656044006348,0.5,0.4563634395599365,0.0,0.0,0,64,60,0.9375,4.0,0.0625,0.9375,2
S13,EmaTentCaseS00E50B50M070,0.9944467544555664,0.9944467544555664,0.8125467300415039,1,0.002776622772216797,0.5,0.4972233772277832,0.0,0.0,1,64,25,0.390625,39.0,0.609375,0.609375,2
S13,EmaTentCaseS00E50B50M070,0.984872579574585,0.984872579574585,0.6621683239936829,1,0.0075637102127075195,0.5,0.4924362897872925,0.0,0.0,2,64,54,0.84375,10.0,0.15625,0.84375,2
S13,EmaTentCaseS00E50B50M070,0.9924800395965576,0.9924800395965576,0.7493944764137268,1,0.0037599802017211914,0.5,0.4962400197982788,0.0,0.0,3,64,50,0.78125,14.0,0.21875,0.78125,2
S13,EmaTentCaseS00E50B50M070,0.5615686178207397,0.5615686178207397,0.8684886693954468,1,0.21921569108963013,0.5,0.2807843089103699,0.0,0.0,4,21,0,0.0,21.0,1.0,1.0,1
S13,EmaTentCaseS00E50B50M075,0.912726879119873,0.912726879119873,0.7443848252296448,1,0.04363656044006348,0.5,0.4563634395599365,0.0,0.0,0,64,60,0.9375,4.0,0.0625,0.9375,2
S13,EmaTentCaseS00E50B50M075,0.9923765063285828,0.9923765063285828,0.8152416944503784,1,0.003811746835708618,0.5,0.4961882531642914,0.0,0.0,1,64,25,0.390625,39.0,0.609375,0.609375,2
S13,EmaTentCaseS00E50B50M075,0.982398271560669,0.982398271560669,0.6721525192260742,1,0.008800864219665527,0.5,0.4911991357803345,0.0,0.0,2,64,54,0.84375,10.0,0.15625,0.84375,2
S13,EmaTentCaseS00E50B50M075,0.9876452684402466,0.9876452684402466,0.7476142644882202,1,0.006177365779876709,0.5,0.4938226342201233,0.0,0.0,3,64,50,0.78125,14.0,0.21875,0.78125,2
S13,EmaTentCaseS00E50B50M075,0.5703282356262207,0.5703282356262207,0.865247905254364,1,0.21483588218688965,0.5,0.28516411781311035,0.0,0.0,4,21,0,0.0,21.0,1.0,1.0,1
S13,EmaTentCaseS00E50B50M080,0.912726879119873,0.912726879119873,0.7443848252296448,1,0.04363656044006348,0.5,0.4563634395599365,0.0,0.0,0,64,60,0.9375,4.0,0.0625,0.9375,2
S13,EmaTentCaseS00E50B50M080,0.9899061918258667,0.9899061918258667,0.8183591961860657,1,0.00504690408706665,0.5,0.49495309591293335,0.0,0.0,1,64,25,0.390625,39.0,0.609375,0.609375,2
S13,EmaTentCaseS00E50B50M080,0.9789988398551941,0.9789988398551941,0.6847461462020874,1,0.010500580072402954,0.5,0.48949941992759705,0.0,0.0,2,64,54,0.84375,10.0,0.15625,0.84375,2
S13,EmaTentCaseS00E50B50M080,0.9834790229797363,0.9834790229797363,0.7443035840988159,1,0.008260488510131836,0.5,0.49173951148986816,0.0,0.0,3,64,50,0.78125,14.0,0.21875,0.78125,2
S13,EmaTentCaseS00E50B50M080,0.58203125,0.58203125,0.8608413338661194,1,0.208984375,0.5,0.291015625,0.0,0.0,4,21,0,0.0,21.0,1.0,1.0,1
S13,EmaTentCaseS10E40B50M075,0.912726640701294,0.912726640701294,0.7443845868110657,1,0.14363667964935303,0.4,0.456363320350647,0.0,0.0,0,64,60,0.9375,4.0,0.0625,0.9375,2
S13,EmaTentCaseS10E40B50M075,0.9899060726165771,0.9899060726165771,0.8183593153953552,1,0.10504696369171143,0.4,0.4949530363082886,0.0,0.0,1,64,25,0.390625,39.0,0.609375,0.609375,2
S13,EmaTentCaseS10E40B50M075,0.9775029420852661,0.9775029420852661,0.687538743019104,1,0.11124852895736695,0.4,0.48875147104263306,0.0,0.0,2,64,54,0.84375,10.0,0.15625,0.84375,2
S13,EmaTentCaseS10E40B50M075,0.9838720560073853,0.9838720560073853,0.7426694631576538,1,0.10806397199630738,0.4,0.4919360280036926,0.0,0.0,3,64,50,0.78125,14.0,0.21875,0.78125,2
S13,EmaTentCaseS10E40B50M075,0.5891748070716858,0.5891748070716858,0.8581070899963379,1,0.3054125964641571,0.4,0.2945874035358429,0.0,0.0,4,21,0,0.0,21.0,1.0,1.0,1
S14,EmaTentGridS20E50B30M075,0.7571911215782166,0.7571911215782166,0.8286082744598389,1,0.272842663526535,0.5,0.22715733647346495,0.0,0.0,0,64,49,0.765625,15.0,0.234375,0.765625,2
S14,EmaTentGridS20E50B30M075,0.6090917587280273,0.6090917587280273,0.8502990007400513,1,0.3172724723815918,0.5,0.1827275276184082,0.0,0.0,1,64,46,0.71875,18.0,0.28125,0.71875,2
S14,EmaTentGridS20E50B30M075,0.7413858771324158,0.7413858771324158,0.7953161597251892,1,0.2775842368602753,0.5,0.22241576313972472,0.0,0.0,2,64,26,0.40625,38.0,0.59375,0.59375,2
S14,EmaTentGridS20E50B30M075,0.681812047958374,0.681812047958374,0.8192055225372314,1,0.29545638561248777,0.5,0.2045436143875122,0.0,0.0,3,52,52,1.0,,,1.0,1
S14,EmaTentCaseS20E50B30M060,0.7571911215782166,0.7571911215782166,0.8286082744598389,1,0.272842663526535,0.5,0.22715733647346495,0.0,0.0,0,64,49,0.765625,15.0,0.234375,0.765625,2
S14,EmaTentCaseS20E50B30M060,0.6811738610267639,0.6811738610267639,0.8194980621337891,1,0.29564784169197084,0.5,0.20435215830802916,0.0,0.0,1,64,46,0.71875,18.0,0.28125,0.71875,2
S14,EmaTentCaseS20E50B30M060,0.8161531090736389,0.8161531090736389,0.7554768323898315,1,0.25515406727790835,0.5,0.24484593272209165,0.0,0.0,2,64,26,0.40625,38.0,0.59375,0.59375,2
S14,EmaTentCaseS20E50B30M060,0.7028052806854248,0.7028052806854248,0.8093615174293518,1,0.28915841579437257,0.5,0.21084158420562743,0.0,0.0,3,52,52,1.0,,,1.0,1
S14,EmaTentCaseS20E50B30M065,0.7571911215782166,0.7571911215782166,0.8286082744598389,1,0.272842663526535,0.5,0.22715733647346495,0.0,0.0,0,64,49,0.765625,15.0,0.234375,0.765625,2
S14,EmaTentCaseS20E50B30M065,0.6592613458633423,0.6592613458633423,0.8293185234069824,1,0.3022215962409973,0.5,0.19777840375900269,0.0,0.0,1,64,46,0.71875,18.0,0.28125,0.71875,2
S14,EmaTentCaseS20E50B30M065,0.7948137521743774,0.7948137521743774,0.7663359642028809,1,0.2615558743476868,0.5,0.2384441256523132,0.0,0.0,2,64,26,0.40625,38.0,0.59375,0.59375,2
S14,EmaTentCaseS20E50B30M065,0.7034270167350769,0.7034270167350769,0.809063196182251,1,0.28897189497947695,0.5,0.21102810502052308,0.0,0.0,3,52,52,1.0,,,1.0,1
S14,EmaTentCaseS20E50B30M070,0.7571911215782166,0.7571911215782166,0.8286082744598389,1,0.272842663526535,0.5,0.22715733647346495,0.0,0.0,0,64,49,0.765625,15.0,0.234375,0.765625,2
S14,EmaTentCaseS20E50B30M070,0.6348536610603333,0.6348536610603333,0.8397724628448486,1,0.30954390168190005,0.5,0.19045609831809998,0.0,0.0,1,64,46,0.71875,18.0,0.28125,0.71875,2
S14,EmaTentCaseS20E50B30M070,0.7698968648910522,0.7698968648910522,0.7802640199661255,1,0.26903094053268434,0.5,0.23096905946731566,0.0,0.0,2,64,26,0.40625,38.0,0.59375,0.59375,2
S14,EmaTentCaseS20E50B30M070,0.6965574622154236,0.6965574622154236,0.812336802482605,1,0.2910327613353729,0.5,0.20896723866462708,0.0,0.0,3,52,52,1.0,,,1.0,1
S14,EmaTentCaseS10E50B40M070,0.7571911215782166,0.7571911215782166,0.8286082744598389,1,0.1971235513687134,0.5,0.30287644863128665,0.0,0.0,0,64,49,0.765625,15.0,0.234375,0.765625,2
S14,EmaTentCaseS10E50B40M070,0.6158722639083862,0.6158722639083862,0.847576379776001,1,0.2536510944366455,0.5,0.2463489055633545,0.0,0.0,1,64,46,0.71875,18.0,0.28125,0.71875,2
S14,EmaTentCaseS10E50B40M070,0.7512937188148499,0.7512937188148499,0.7903584241867065,1,0.19948251247406007,0.5,0.30051748752594,0.0,0.0,2,64,26,0.40625,38.0,0.59375,0.59375,2
S14,EmaTentCaseS10E50B40M070,0.6566329598426819,0.6566329598426819,0.8304679989814758,1,0.23734681606292726,0.5,0.26265318393707277,0.0,0.0,3,52,52,1.0,,,1.0,1
S14,EmaTentCaseS10E50B40M075,0.7571911215782166,0.7571911215782166,0.8286082744598389,1,0.1971235513687134,0.5,0.30287644863128665,0.0,0.0,0,64,49,0.765625,15.0,0.234375,0.765625,2
S14,EmaTentCaseS10E50B40M075,0.5918214321136475,0.5918214321136475,0.8570853471755981,1,0.263271427154541,0.5,0.236728572845459,0.0,0.0,1,64,46,0.71875,18.0,0.28125,0.71875,2
S14,EmaTentCaseS10E50B40M075,0.7247982025146484,0.7247982025146484,0.8037571907043457,1,0.21008071899414063,0.5,0.2899192810058594,0.0,0.0,2,64,26,0.40625,38.0,0.59375,0.59375,2
S14,EmaTentCaseS10E50B40M075,0.649480938911438,0.649480938911438,0.833566427230835,1,0.24020762443542482,0.5,0.2597923755645752,0.0,0.0,3,52,52,1.0,,,1.0,1
S14,EmaTentCaseS10E50B40M080,0.7571911215782166,0.7571911215782166,0.8286082744598389,1,0.1971235513687134,0.5,0.30287644863128665,0.0,0.0,0,64,49,0.765625,15.0,0.234375,0.765625,2
S14,EmaTentCaseS10E50B40M080,0.566730797290802,0.566730797290802,0.8665847778320312,1,0.2733076810836792,0.5,0.2266923189163208,0.0,0.0,1,64,46,0.71875,18.0,0.28125,0.71875,2
S14,EmaTentCaseS10E50B40M080,0.6943732500076294,0.6943732500076294,0.8181824684143066,1,0.22225069999694824,0.5,0.27774930000305176,0.0,0.0,2,64,26,0.40625,38.0,0.59375,0.59375,2
S14,EmaTentCaseS10E50B40M080,0.6334978938102722,0.6334978938102722,0.8403391242027283,1,0.24660084247589112,0.5,0.2533991575241089,0.0,0.0,3,52,52,1.0,,,1.0,1
S14,EmaTentCaseS00E50B50M070,0.7571911215782166,0.7571911215782166,0.8286082744598389,1,0.12140443921089172,0.5,0.3785955607891083,0.0,0.0,0,64,49,0.765625,15.0,0.234375,0.765625,2
S14,EmaTentCaseS00E50B50M070,0.5962124466896057,0.5962124466896057,0.855379581451416,1,0.20189377665519714,0.5,0.29810622334480286,0.0,0.0,1,64,46,0.71875,18.0,0.28125,0.71875,2
S14,EmaTentCaseS00E50B50M070,0.7327542901039124,0.7327542901039124,0.7999595403671265,1,0.13362285494804382,0.5,0.3663771450519562,0.0,0.0,2,64,26,0.40625,38.0,0.59375,0.59375,2
S14,EmaTentCaseS00E50B50M070,0.6146067380905151,0.6146067380905151,0.8480871319770813,1,0.19269663095474243,0.5,0.30730336904525757,0.0,0.0,3,52,52,1.0,,,1.0,1
S14,EmaTentCaseS00E50B50M075,0.7571911215782166,0.7571911215782166,0.8286082744598389,1,0.12140443921089172,0.5,0.3785955607891083,0.0,0.0,0,64,49,0.765625,15.0,0.234375,0.765625,2
S14,EmaTentCaseS00E50B50M075,0.5739838480949402,0.5739838480949402,0.86388099193573,1,0.2130080759525299,0.5,0.2869919240474701,0.0,0.0,1,64,46,0.71875,18.0,0.28125,0.71875,2
S14,EmaTentCaseS00E50B50M075,0.7081218957901001,0.7081218957901001,0.8119039535522461,1,0.14593905210494995,0.5,0.35406094789505005,0.0,0.0,2,64,26,0.40625,38.0,0.59375,0.59375,2
S14,EmaTentCaseS00E50B50M075,0.6158143877983093,0.6158143877983093,0.8475998640060425,1,0.19209280610084534,0.5,0.30790719389915466,0.0,0.0,3,52,52,1.0,,,1.0,1
S14,EmaTentCaseS00E50B50M080,0.7571911215782166,0.7571911215782166,0.8286082744598389,1,0.12140443921089172,0.5,0.3785955607891083,0.0,0.0,0,64,49,0.765625,15.0,0.234375,0.765625,2
S14,EmaTentCaseS00E50B50M080,0.5516747236251831,0.5516747236251831,0.8720912933349609,1,0.22416263818740845,0.5,0.27583736181259155,0.0,0.0,1,64,46,0.71875,18.0,0.28125,0.71875,2
S14,EmaTentCaseS00E50B50M080,0.6796959638595581,0.6796959638595581,0.8248555064201355,1,0.16015201807022095,0.5,0.33984798192977905,0.0,0.0,2,64,26,0.40625,38.0,0.59375,0.59375,2
S14,EmaTentCaseS00E50B50M080,0.6066277623176575,0.6066277623176575,0.851372241973877,1,0.19668611884117126,0.5,0.30331388115882874,0.0,0.0,3,52,52,1.0,,,1.0,1
S14,EmaTentCaseS10E40B50M075,0.7571913003921509,0.7571913003921509,0.8286084532737732,1,0.22140434980392457,0.4,0.37859565019607544,0.0,0.0,0,64,49,0.765625,15.0,0.234375,0.765625,2
S14,EmaTentCaseS10E40B50M075,0.5516752600669861,0.5516752600669861,0.8720911741256714,1,0.32416236996650694,0.4,0.27583763003349304,0.0,0.0,1,64,46,0.71875,18.0,0.28125,0.71875,2
S14,EmaTentCaseS10E40B50M075,0.6774105429649353,0.6774105429649353,0.8259018659591675,1,0.2612947285175323,0.4,0.33870527148246765,0.0,0.0,2,64,26,0.40625,38.0,0.59375,0.59375,2
S14,EmaTentCaseS10E40B50M075,0.6019245982170105,0.6019245982170105,0.8536820411682129,1,0.29903770089149473,0.4,0.30096229910850525,0.0,0.0,3,52,52,1.0,,,1.0,1
S15,EmaTentGridS20E50B30M075,0.9999948143959045,0.9999948143959045,0.6163960695266724,1,0.20000155568122865,0.5,0.2999984443187714,0.0,0.0,0,64,50,0.78125,14.0,0.21875,0.78125,2
S15,EmaTentGridS20E50B30M075,0.9685089588165283,0.9685089588165283,0.7230195999145508,1,0.20944731235504152,0.5,0.2905526876449585,0.0,0.0,1,64,55,0.859375,9.0,0.140625,0.859375,2
S15,EmaTentGridS20E50B30M075,0.7762226462364197,0.7762226462364197,0.8115919232368469,1,0.2671332061290741,0.5,0.2328667938709259,0.0,0.0,2,64,29,0.453125,35.0,0.546875,0.546875,2
S15,EmaTentGridS20E50B30M075,0.5837198495864868,0.5837198495864868,0.8602961897850037,1,0.32488404512405394,0.5,0.17511595487594603,0.0,0.0,3,64,58,0.90625,6.0,0.09375,0.90625,2
S15,EmaTentGridS20E50B30M075,0.8145325183868408,0.8145325183868408,0.7853320240974426,1,0.2556402444839478,0.5,0.24435975551605224,0.0,0.0,4,64,29,0.453125,35.0,0.546875,0.546875,2
S15,EmaTentCaseS20E50B30M060,0.9999948143959045,0.9999948143959045,0.6163960695266724,1,0.20000155568122865,0.5,0.2999984443187714,0.0,0.0,0,64,50,0.78125,14.0,0.21875,0.78125,2
S15,EmaTentCaseS20E50B30M060,0.9848603010177612,0.9848603010177612,0.7223055362701416,1,0.20454190969467165,0.5,0.2954580903053284,0.0,0.0,1,64,55,0.859375,9.0,0.140625,0.859375,2
S15,EmaTentCaseS20E50B30M060,0.8043855428695679,0.8043855428695679,0.8036102652549744,1,0.25868433713912964,0.5,0.24131566286087036,0.0,0.0,2,64,29,0.453125,35.0,0.546875,0.546875,2
S15,EmaTentCaseS20E50B30M060,0.7138676047325134,0.7138676047325134,0.8476206064224243,1,0.285839718580246,0.5,0.21416028141975402,0.0,0.0,3,64,58,0.90625,6.0,0.09375,0.90625,2
S15,EmaTentCaseS20E50B30M060,0.9227299094200134,0.9227299094200134,0.7766332626342773,1,0.223181027173996,0.5,0.27681897282600404,0.0,0.0,4,64,29,0.453125,35.0,0.546875,0.546875,2
S15,EmaTentCaseS20E50B30M065,0.9999948143959045,0.9999948143959045,0.6163960695266724,1,0.20000155568122865,0.5,0.2999984443187714,0.0,0.0,0,64,50,0.78125,14.0,0.21875,0.78125,2
S15,EmaTentCaseS20E50B30M065,0.9798172116279602,0.9798172116279602,0.7223062515258789,1,0.20605483651161194,0.5,0.29394516348838806,0.0,0.0,1,64,55,0.859375,9.0,0.140625,0.859375,2
S15,EmaTentCaseS20E50B30M065,0.7983067631721497,0.7983067631721497,0.8068846464157104,1,0.2605079710483551,0.5,0.2394920289516449,0.0,0.0,2,64,29,0.453125,35.0,0.546875,0.546875,2
S15,EmaTentCaseS20E50B30M065,0.6609392166137695,0.6609392166137695,0.8559190034866333,1,0.30171823501586914,0.5,0.19828176498413086,0.0,0.0,3,64,58,0.90625,6.0,0.09375,0.90625,2
S15,EmaTentCaseS20E50B30M065,0.8986763954162598,0.8986763954162598,0.7799107432365417,1,0.23039708137512208,0.5,0.2696029186248779,0.0,0.0,4,64,29,0.453125,35.0,0.546875,0.546875,2
S15,EmaTentCaseS20E50B30M070,0.9999948143959045,0.9999948143959045,0.6163960695266724,1,0.20000155568122865,0.5,0.2999984443187714,0.0,0.0,0,64,50,0.78125,14.0,0.21875,0.78125,2
S15,EmaTentCaseS20E50B30M070,0.9743251204490662,0.9743251204490662,0.7223149538040161,1,0.20770246386528016,0.5,0.2922975361347198,0.0,0.0,1,64,55,0.859375,9.0,0.140625,0.859375,2
S15,EmaTentCaseS20E50B30M070,0.7880201935768127,0.7880201935768127,0.810491681098938,1,0.2635939419269562,0.5,0.23640605807304382,0.0,0.0,2,64,29,0.453125,35.0,0.546875,0.546875,2
S15,EmaTentCaseS20E50B30M070,0.6164653897285461,0.6164653897285461,0.8587219715118408,1,0.31506038308143614,0.5,0.18493961691856384,0.0,0.0,3,64,58,0.90625,6.0,0.09375,0.90625,2
S15,EmaTentCaseS20E50B30M070,0.8629246950149536,0.8629246950149536,0.7810577750205994,1,0.24112259149551393,0.5,0.2588774085044861,0.0,0.0,4,64,29,0.453125,35.0,0.546875,0.546875,2
S15,EmaTentCaseS10E50B40M070,0.9999948143959045,0.9999948143959045,0.6163960695266724,1,0.10000207424163819,0.5,0.39999792575836185,0.0,0.0,0,64,50,0.78125,14.0,0.21875,0.78125,2
S15,EmaTentCaseS10E50B40M070,0.9746717810630798,0.9746717810630798,0.7256811857223511,1,0.11013128757476807,0.5,0.38986871242523197,0.0,0.0,1,64,55,0.859375,9.0,0.140625,0.859375,2
S15,EmaTentCaseS10E50B40M070,0.8012138605117798,0.8012138605117798,0.8009049296379089,1,0.1795144557952881,0.5,0.3204855442047119,0.0,0.0,2,64,29,0.453125,35.0,0.546875,0.546875,2
S15,EmaTentCaseS10E50B40M070,0.5940452814102173,0.5940452814102173,0.8569174408912659,1,0.26238188743591306,0.5,0.23761811256408694,0.0,0.0,3,64,58,0.90625,6.0,0.09375,0.90625,2
S15,EmaTentCaseS10E50B40M070,0.8228752613067627,0.8228752613067627,0.7810014486312866,1,0.17084989547729493,0.5,0.3291501045227051,0.0,0.0,4,64,29,0.453125,35.0,0.546875,0.546875,2
S15,EmaTentCaseS10E50B40M075,0.9999948143959045,0.9999948143959045,0.6163960695266724,1,0.10000207424163819,0.5,0.39999792575836185,0.0,0.0,0,64,50,0.78125,14.0,0.21875,0.78125,2
S15,EmaTentCaseS10E50B40M075,0.9690173268318176,0.9690173268318176,0.7260242700576782,1,0.11239306926727295,0.5,0.38760693073272706,0.0,0.0,1,64,55,0.859375,9.0,0.140625,0.859375,2
S15,EmaTentCaseS10E50B40M075,0.790108859539032,0.790108859539032,0.8037251234054565,1,0.18395645618438722,0.5,0.31604354381561284,0.0,0.0,2,64,29,0.453125,35.0,0.546875,0.546875,2
S15,EmaTentCaseS10E50B40M075,0.5722305774688721,0.5722305774688721,0.8645376563072205,1,0.27110776901245115,0.5,0.22889223098754885,0.0,0.0,3,64,58,0.90625,6.0,0.09375,0.90625,2
S15,EmaTentCaseS10E50B40M075,0.7789262533187866,0.7789262533187866,0.7912508249282837,1,0.18842949867248537,0.5,0.3115705013275147,0.0,0.0,4,64,29,0.453125,35.0,0.546875,0.546875,2
S15,EmaTentCaseS10E50B40M080,0.9999948143959045,0.9999948143959045,0.6163960695266724,1,0.10000207424163819,0.5,0.39999792575836185,0.0,0.0,0,64,50,0.78125,14.0,0.21875,0.78125,2
S15,EmaTentCaseS10E50B40M080,0.9629943370819092,0.9629943370819092,0.7263239622116089,1,0.11480226516723634,0.5,0.3851977348327637,0.0,0.0,1,64,55,0.859375,9.0,0.140625,0.859375,2
S15,EmaTentCaseS10E50B40M080,0.7795689702033997,0.7795689702033997,0.8037999272346497,1,0.18817241191864015,0.5,0.3118275880813599,0.0,0.0,2,64,29,0.453125,35.0,0.546875,0.546875,2
S15,EmaTentCaseS10E50B40M080,0.5675463080406189,0.5675463080406189,0.8662824630737305,1,0.27298147678375245,0.5,0.22701852321624758,0.0,0.0,3,64,58,0.90625,6.0,0.09375,0.90625,2
S15,EmaTentCaseS10E50B40M080,0.7344635128974915,0.7344635128974915,0.807526171207428,1,0.20621459484100343,0.5,0.2937854051589966,0.0,0.0,4,64,29,0.453125,35.0,0.546875,0.546875,2
S15,EmaTentCaseS00E50B50M070,0.9999948143959045,0.9999948143959045,0.6163960695266724,1,2.592802047729492e-06,0.5,0.49999740719795227,0.0,0.0,0,64,50,0.78125,14.0,0.21875,0.78125,2
S15,EmaTentCaseS00E50B50M070,0.9748533964157104,0.9748533964157104,0.7293595671653748,1,0.012573301792144775,0.5,0.4874266982078552,0.0,0.0,1,64,55,0.859375,9.0,0.140625,0.859375,2
S15,EmaTentCaseS00E50B50M070,0.812282145023346,0.812282145023346,0.7936975359916687,1,0.09385892748832703,0.5,0.406141072511673,0.0,0.0,2,64,29,0.453125,35.0,0.546875,0.546875,2
S15,EmaTentCaseS00E50B50M070,0.5736814141273499,0.5736814141273499,0.8639944791793823,1,0.21315929293632507,0.5,0.2868407070636749,0.0,0.0,3,64,58,0.90625,6.0,0.09375,0.90625,2
S15,EmaTentCaseS00E50B50M070,0.7843473553657532,0.7843473553657532,0.7896459102630615,1,0.10782632231712341,0.5,0.3921736776828766,0.0,0.0,4,64,29,0.453125,35.0,0.546875,0.546875,2
S15,EmaTentCaseS00E50B50M075,0.9999948143959045,0.9999948143959045,0.6163960695266724,1,2.592802047729492e-06,0.5,0.49999740719795227,0.0,0.0,0,64,50,0.78125,14.0,0.21875,0.78125,2
S15,EmaTentCaseS00E50B50M075,0.969268262386322,0.969268262386322,0.7292231917381287,1,0.01536586880683899,0.5,0.484634131193161,0.0,0.0,1,64,55,0.859375,9.0,0.140625,0.859375,2
S15,EmaTentCaseS00E50B50M075,0.8018203377723694,0.8018203377723694,0.7971131205558777,1,0.09908983111381531,0.5,0.4009101688861847,0.0,0.0,2,64,29,0.453125,35.0,0.546875,0.546875,2
S15,EmaTentCaseS00E50B50M075,0.5622080564498901,0.5622080564498901,0.8682537078857422,1,0.21889597177505493,0.5,0.28110402822494507,0.0,0.0,3,64,58,0.90625,6.0,0.09375,0.90625,2
S15,EmaTentCaseS00E50B50M075,0.7465417981147766,0.7465417981147766,0.8031225800514221,1,0.1267291009426117,0.5,0.3732708990573883,0.0,0.0,4,64,29,0.453125,35.0,0.546875,0.546875,2
S15,EmaTentCaseS00E50B50M080,0.9999948143959045,0.9999948143959045,0.6163960695266724,1,2.592802047729492e-06,0.5,0.49999740719795227,0.0,0.0,0,64,50,0.78125,14.0,0.21875,0.78125,2
S15,EmaTentCaseS00E50B50M080,0.9633418321609497,0.9633418321609497,0.7289213538169861,1,0.018329083919525146,0.5,0.48167091608047485,0.0,0.0,1,64,55,0.859375,9.0,0.140625,0.859375,2
S15,EmaTentCaseS00E50B50M080,0.7901338934898376,0.7901338934898376,0.7978091239929199,1,0.10493305325508118,0.5,0.3950669467449188,0.0,0.0,2,64,29,0.453125,35.0,0.546875,0.546875,2
S15,EmaTentCaseS00E50B50M080,0.565948486328125,0.565948486328125,0.8668743371963501,1,0.2170257568359375,0.5,0.2829742431640625,0.0,0.0,3,64,58,0.90625,6.0,0.09375,0.90625,2
S15,EmaTentCaseS00E50B50M080,0.7117356657981873,0.7117356657981873,0.8161231279373169,1,0.14413216710090637,0.5,0.35586783289909363,0.0,0.0,4,64,29,0.453125,35.0,0.546875,0.546875,2
S15,EmaTentCaseS10E40B50M075,0.9999948143959045,0.9999948143959045,0.6163961887359619,1,0.10000259280204774,0.4,0.49999740719795227,0.0,0.0,0,64,50,0.78125,14.0,0.21875,0.78125,2
S15,EmaTentCaseS10E40B50M075,0.9633395075798035,0.9633395075798035,0.7289212942123413,1,0.11833024621009827,0.4,0.48166975378990173,0.0,0.0,1,64,55,0.859375,9.0,0.140625,0.859375,2
S15,EmaTentCaseS10E40B50M075,0.789101779460907,0.789101779460907,0.797692060470581,1,0.20544911026954651,0.4,0.3945508897304535,0.0,0.0,2,64,29,0.453125,35.0,0.546875,0.546875,2
S15,EmaTentCaseS10E40B50M075,0.5799241065979004,0.5799241065979004,0.8616412878036499,1,0.3100379467010498,0.4,0.2899620532989502,0.0,0.0,3,64,58,0.90625,6.0,0.09375,0.90625,2
S15,EmaTentCaseS10E40B50M075,0.7195739150047302,0.7195739150047302,0.8118340373039246,1,0.2402130424976349,0.4,0.3597869575023651,0.0,0.0,4,64,29,0.453125,35.0,0.546875,0.546875,2
S16,EmaTentGridS20E50B30M075,0.9404332637786865,0.9404332637786865,0.7669713497161865,1,0.21787002086639407,0.5,0.28212997913360593,0.0,0.0,0,64,60,0.9375,4.0,0.0625,0.9375,2
S16,EmaTentGridS20E50B30M075,0.5278393626213074,0.5278393626213074,0.8805286884307861,1,0.3416481912136078,0.5,0.1583518087863922,0.0,0.0,1,64,49,0.765625,15.0,0.234375,0.765625,2
S16,EmaTentGridS20E50B30M075,0.8395370841026306,0.8395370841026306,0.754443883895874,1,0.24813887476921082,0.5,0.2518611252307892,0.0,0.0,2,64,3,0.046875,61.0,0.953125,0.953125,2
S16,EmaTentGridS20E50B30M075,0.6856711506843567,0.6856711506843567,0.8174280524253845,1,0.29429865479469297,0.5,0.205701345205307,0.0,0.0,3,29,27,0.9310344827586207,2.0,0.06896551724137931,0.9310344827586207,2
S16,EmaTentCaseS20E50B30M060,0.9404332637786865,0.9404332637786865,0.7669713497161865,1,0.21787002086639407,0.5,0.28212997913360593,0.0,0.0,0,64,60,0.9375,4.0,0.0625,0.9375,2
S16,EmaTentCaseS20E50B30M060,0.509127140045166,0.509127140045166,0.8869232535362244,1,0.3472618579864502,0.5,0.1527381420135498,0.0,0.0,1,64,49,0.765625,15.0,0.234375,0.765625,2
S16,EmaTentCaseS20E50B30M060,0.905540943145752,0.905540943145752,0.7552279233932495,1,0.22833771705627443,0.5,0.2716622829437256,0.0,0.0,2,64,3,0.046875,61.0,0.953125,0.953125,2
S16,EmaTentCaseS20E50B30M060,0.7725329995155334,0.7725329995155334,0.7817190885543823,1,0.26824010014533994,0.5,0.23175989985466003,0.0,0.0,3,29,27,0.9310344827586207,2.0,0.06896551724137931,0.9310344827586207,2
S16,EmaTentCaseS20E50B30M065,0.9404332637786865,0.9404332637786865,0.7669713497161865,1,0.21787002086639407,0.5,0.28212997913360593,0.0,0.0,0,64,60,0.9375,4.0,0.0625,0.9375,2
S16,EmaTentCaseS20E50B30M065,0.5147258639335632,0.5147258639335632,0.8850304484367371,1,0.34558224081993105,0.5,0.15441775918006898,0.0,0.0,1,64,49,0.765625,15.0,0.234375,0.765625,2
S16,EmaTentCaseS20E50B30M065,0.8858253359794617,0.8858253359794617,0.7496532201766968,1,0.2342523992061615,0.5,0.26574760079383847,0.0,0.0,2,64,3,0.046875,61.0,0.953125,0.953125,2
S16,EmaTentCaseS20E50B30M065,0.7457594275474548,0.7457594275474548,0.792631208896637,1,0.27627217173576357,0.5,0.22372782826423646,0.0,0.0,3,29,27,0.9310344827586207,2.0,0.06896551724137931,0.9310344827586207,2
S16,EmaTentCaseS20E50B30M070,0.9404332637786865,0.9404332637786865,0.7669713497161865,1,0.21787002086639407,0.5,0.28212997913360593,0.0,0.0,0,64,60,0.9375,4.0,0.0625,0.9375,2
S16,EmaTentCaseS20E50B30M070,0.5211202502250671,0.5211202502250671,0.8828474283218384,1,0.3436639249324799,0.5,0.15633607506752015,0.0,0.0,1,64,49,0.765625,15.0,0.234375,0.765625,2
S16,EmaTentCaseS20E50B30M070,0.8635222911834717,0.8635222911834717,0.748363733291626,1,0.2409433126449585,0.5,0.2590566873550415,0.0,0.0,2,64,3,0.046875,61.0,0.953125,0.953125,2
S16,EmaTentCaseS20E50B30M070,0.7159994840621948,0.7159994840621948,0.8050693869590759,1,0.28520015478134153,0.5,0.21479984521865844,0.0,0.0,3,29,27,0.9310344827586207,2.0,0.06896551724137931,0.9310344827586207,2
S16,EmaTentCaseS10E50B40M070,0.9404332637786865,0.9404332637786865,0.7669713497161865,1,0.1238266944885254,0.5,0.37617330551147465,0.0,0.0,0,64,60,0.9375,4.0,0.0625,0.9375,2
S16,EmaTentCaseS10E50B40M070,0.5369004011154175,0.5369004011154175,0.8773605823516846,1,0.28523983955383303,0.5,0.214760160446167,0.0,0.0,1,64,49,0.765625,15.0,0.234375,0.765625,2
S16,EmaTentCaseS10E50B40M070,0.8703991174697876,0.8703991174697876,0.74430251121521,1,0.15184035301208498,0.5,0.3481596469879151,0.0,0.0,2,64,3,0.046875,61.0,0.953125,0.953125,2
S16,EmaTentCaseS10E50B40M070,0.705729067325592,0.705729067325592,0.8097655177116394,1,0.2177083730697632,0.5,0.28229162693023685,0.0,0.0,3,29,27,0.9310344827586207,2.0,0.06896551724137931,0.9310344827586207,2
S16,EmaTentCaseS10E50B40M075,0.9404332637786865,0.9404332637786865,0.7669713497161865,1,0.1238266944885254,0.5,0.37617330551147465,0.0,0.0,0,64,60,0.9375,4.0,0.0625,0.9375,2
S16,EmaTentCaseS10E50B40M075,0.5407044887542725,0.5407044887542725,0.8760227560997009,1,0.283718204498291,0.5,0.216281795501709,0.0,0.0,1,64,49,0.765625,15.0,0.234375,0.765625,2
S16,EmaTentCaseS10E50B40M075,0.8461056351661682,0.8461056351661682,0.7505356669425964,1,0.16155774593353273,0.5,0.33844225406646733,0.0,0.0,2,64,3,0.046875,61.0,0.953125,0.953125,2
S16,EmaTentCaseS10E50B40M075,0.680473804473877,0.680473804473877,0.8198185563087463,1,0.22781047821044922,0.5,0.2721895217895508,0.0,0.0,3,29,27,0.9310344827586207,2.0,0.06896551724137931,0.9310344827586207,2
S16,EmaTentCaseS10E50B40M080,0.9404332637786865,0.9404332637786865,0.7669713497161865,1,0.1238266944885254,0.5,0.37617330551147465,0.0,0.0,0,64,60,0.9375,4.0,0.0625,0.9375,2
S16,EmaTentCaseS10E50B40M080,0.545695424079895,0.545695424079895,0.874931812286377,1,0.281721830368042,0.5,0.218278169631958,0.0,0.0,1,64,49,0.765625,15.0,0.234375,0.765625,2
S16,EmaTentCaseS10E50B40M080,0.8195879459381104,0.8195879459381104,0.7603397369384766,1,0.17216482162475588,0.5,0.3278351783752442,0.0,0.0,2,64,3,0.046875,61.0,0.953125,0.953125,2
S16,EmaTentCaseS10E50B40M080,0.6574764847755432,0.6574764847755432,0.8300998210906982,1,0.23700940608978271,0.5,0.2629905939102173,0.0,0.0,3,29,27,0.9310344827586207,2.0,0.06896551724137931,0.9310344827586207,2
S16,EmaTentCaseS00E50B50M070,0.9404332637786865,0.9404332637786865,0.7669713497161865,1,0.02978336811065674,0.5,0.47021663188934326,0.0,0.0,0,64,60,0.9375,4.0,0.0625,0.9375,2
S16,EmaTentCaseS00E50B50M070,0.5488633513450623,0.5488633513450623,0.8738815188407898,1,0.22556832432746887,0.5,0.27443167567253113,0.0,0.0,1,64,49,0.765625,15.0,0.234375,0.765625,2
S16,EmaTentCaseS00E50B50M070,0.8733088374137878,0.8733088374137878,0.7422182559967041,1,0.06334558129310608,0.5,0.4366544187068939,0.0,0.0,2,64,3,0.046875,61.0,0.953125,0.953125,2
S16,EmaTentCaseS00E50B50M070,0.6913514137268066,0.6913514137268066,0.8160635828971863,1,0.15432429313659668,0.5,0.3456757068634033,0.0,0.0,3,29,27,0.9310344827586207,2.0,0.06896551724137931,0.9310344827586207,2
S16,EmaTentCaseS00E50B50M075,0.9404332637786865,0.9404332637786865,0.7669713497161865,1,0.02978336811065674,0.5,0.47021663188934326,0.0,0.0,0,64,60,0.9375,4.0,0.0625,0.9375,2
S16,EmaTentCaseS00E50B50M075,0.5505938529968262,0.5505938529968262,0.8736758232116699,1,0.22470307350158691,0.5,0.2752969264984131,0.0,0.0,1,64,49,0.765625,15.0,0.234375,0.765625,2
S16,EmaTentCaseS00E50B50M075,0.849105715751648,0.849105715751648,0.748952329158783,1,0.07544714212417603,0.5,0.424552857875824,0.0,0.0,2,64,3,0.046875,61.0,0.953125,0.953125,2
S16,EmaTentCaseS00E50B50M075,0.6706466674804688,0.6706466674804688,0.8242697715759277,1,0.16467666625976562,0.5,0.3353233337402344,0.0,0.0,3,29,27,0.9310344827586207,2.0,0.06896551724137931,0.9310344827586207,2
S16,EmaTentCaseS00E50B50M080,0.9404332637786865,0.9404332637786865,0.7669713497161865,1,0.02978336811065674,0.5,0.47021663188934326,0.0,0.0,0,64,60,0.9375,4.0,0.0625,0.9375,2
S16,EmaTentCaseS00E50B50M080,0.553375780582428,0.553375780582428,0.8730980157852173,1,0.223312109708786,0.5,0.276687890291214,0.0,0.0,1,64,49,0.765625,15.0,0.234375,0.765625,2
S16,EmaTentCaseS00E50B50M080,0.8222173452377319,0.8222173452377319,0.7592727541923523,1,0.08889132738113403,0.5,0.41110867261886597,0.0,0.0,2,64,3,0.046875,61.0,0.953125,0.953125,2
S16,EmaTentCaseS00E50B50M080,0.6517142653465271,0.6517142653465271,0.8326035737991333,1,0.17414286732673645,0.5,0.32585713267326355,0.0,0.0,3,29,27,0.9310344827586207,2.0,0.06896551724137931,0.9310344827586207,2
S16,EmaTentCaseS10E40B50M075,0.9404332637786865,0.9404332637786865,0.7669715285301208,1,0.12978336811065674,0.4,0.47021663188934326,0.0,0.0,0,64,60,0.9375,4.0,0.0625,0.9375,2
S16,EmaTentCaseS10E40B50M075,0.5533745288848877,0.5533745288848877,0.8730982542037964,1,0.32331273555755613,0.4,0.27668726444244385,0.0,0.0,1,64,49,0.765625,15.0,0.234375,0.765625,2
S16,EmaTentCaseS10E40B50M075,0.8208112716674805,0.8208112716674805,0.7597107291221619,1,0.18959436416625977,0.4,0.41040563583374023,0.0,0.0,2,64,3,0.046875,61.0,0.953125,0.953125,2
S16,EmaTentCaseS10E40B50M075,0.6484148502349854,0.6484148502349854,0.8340246081352234,1,0.2757925748825073,0.4,0.3242074251174927,0.0,0.0,3,29,27,0.9310344827586207,2.0,0.06896551724137931,0.9310344827586207,2
S17,EmaTentGridS20E50B30M075,0.9864597916603088,0.9864597916603088,0.7285124063491821,1,0.20406206250190737,0.5,0.29593793749809266,0.0,0.0,0,64,27,0.421875,37.0,0.578125,0.578125,2
S17,EmaTentGridS20E50B30M075,0.7672247290611267,0.7672247290611267,0.8177535533905029,1,0.269832581281662,0.5,0.230167418718338,0.0,0.0,1,64,40,0.625,24.0,0.375,0.625,2
S17,EmaTentGridS20E50B30M075,0.631077766418457,0.631077766418457,0.8659473657608032,1,0.31067667007446287,0.5,0.1893233299255371,0.0,0.0,2,64,26,0.40625,38.0,0.59375,0.59375,2
S17,EmaTentGridS20E50B30M075,0.9690596461296082,0.9690596461296082,0.6867496967315674,1,0.20928210616111756,0.5,0.2907178938388824,0.0,0.0,3,64,64,1.0,,,1.0,1
S17,EmaTentGridS20E50B30M075,0.8691664934158325,0.8691664934158325,0.7299026846885681,1,0.23925005197525026,0.5,0.26074994802474977,0.0,0.0,4,30,17,0.5666666666666667,13.0,0.43333333333333335,0.5666666666666667,2
S17,EmaTentCaseS20E50B30M060,0.9864597916603088,0.9864597916603088,0.7285124063491821,1,0.20406206250190737,0.5,0.29593793749809266,0.0,0.0,0,64,27,0.421875,37.0,0.578125,0.578125,2
S17,EmaTentCaseS20E50B30M060,0.7426060438156128,0.7426060438156128,0.8238155841827393,1,0.2772181868553162,0.5,0.22278181314468384,0.0,0.0,1,64,40,0.625,24.0,0.375,0.625,2
S17,EmaTentCaseS20E50B30M060,0.6873331069946289,0.6873331069946289,0.8356333374977112,1,0.29380006790161134,0.5,0.20619993209838866,0.0,0.0,2,64,26,0.40625,38.0,0.59375,0.59375,2
S17,EmaTentCaseS20E50B30M060,0.9909179210662842,0.9909179210662842,0.64704430103302,1,0.20272462368011476,0.5,0.29727537631988527,0.0,0.0,3,64,64,1.0,,,1.0,1
S17,EmaTentCaseS20E50B30M060,0.8588641285896301,0.8588641285896301,0.7299768328666687,1,0.24234076142311098,0.5,0.25765923857688905,0.0,0.0,4,30,17,0.5666666666666667,13.0,0.43333333333333335,0.5666666666666667,2
S17,EmaTentCaseS20E50B30M065,0.9864597916603088,0.9864597916603088,0.7285124063491821,1,0.20406206250190737,0.5,0.29593793749809266,0.0,0.0,0,64,27,0.421875,37.0,0.578125,0.578125,2
S17,EmaTentCaseS20E50B30M065,0.7494809627532959,0.7494809627532959,0.8219467401504517,1,0.2751557111740112,0.5,0.22484428882598875,0.0,0.0,1,64,40,0.625,24.0,0.375,0.625,2
S17,EmaTentCaseS20E50B30M065,0.6666784286499023,0.6666784286499023,0.8469552397727966,1,0.2999964714050293,0.5,0.2000035285949707,0.0,0.0,2,64,26,0.40625,38.0,0.59375,0.59375,2
S17,EmaTentCaseS20E50B30M065,0.9863294363021851,0.9863294363021851,0.6552789211273193,1,0.2041011691093445,0.5,0.2958988308906555,0.0,0.0,3,64,64,1.0,,,1.0,1
S17,EmaTentCaseS20E50B30M065,0.8715037703514099,0.8715037703514099,0.722680926322937,1,0.23854886889457705,0.5,0.26145113110542295,0.0,0.0,4,30,17,0.5666666666666667,13.0,0.43333333333333335,0.5666666666666667,2
S17,EmaTentCaseS20E50B30M070,0.9864597916603088,0.9864597916603088,0.7285124063491821,1,0.20406206250190737,0.5,0.29593793749809266,0.0,0.0,0,64,27,0.421875,37.0,0.578125,0.578125,2
S17,EmaTentCaseS20E50B30M070,0.7575836777687073,0.7575836777687073,0.8201385736465454,1,0.2727248966693878,0.5,0.22727510333061218,0.0,0.0,1,64,40,0.625,24.0,0.375,0.625,2
S17,EmaTentCaseS20E50B30M070,0.647590160369873,0.647590160369873,0.857166588306427,1,0.3057229518890381,0.5,0.19427704811096191,0.0,0.0,2,64,26,0.40625,38.0,0.59375,0.59375,2
S17,EmaTentCaseS20E50B30M070,0.9792316555976868,0.9792316555976868,0.6704716086387634,1,0.20623050332069398,0.5,0.293769496679306,0.0,0.0,3,64,64,1.0,,,1.0,1
S17,EmaTentCaseS20E50B30M070,0.8749604225158691,0.8749604225158691,0.7226989269256592,1,0.23751187324523926,0.5,0.26248812675476074,0.0,0.0,4,30,17,0.5666666666666667,13.0,0.43333333333333335,0.5666666666666667,2
S17,EmaTentCaseS10E50B40M070,0.9864597916603088,0.9864597916603088,0.7285124063491821,1,0.10541608333587647,0.5,0.39458391666412357,0.0,0.0,0,64,27,0.421875,37.0,0.578125,0.578125,2
S17,EmaTentCaseS10E50B40M070,0.7775019407272339,0.7775019407272339,0.8164178133010864,1,0.18899922370910646,0.5,0.31100077629089357,0.0,0.0,1,64,40,0.625,24.0,0.375,0.625,2
S17,EmaTentCaseS10E50B40M070,0.6605324745178223,0.6605324745178223,0.8556771278381348,1,0.2357870101928711,0.5,0.26421298980712893,0.0,0.0,2,64,26,0.40625,38.0,0.59375,0.59375,2
S17,EmaTentCaseS10E50B40M070,0.9825412034988403,0.9825412034988403,0.6785947680473328,1,0.10698351860046387,0.5,0.39301648139953616,0.0,0.0,3,64,64,1.0,,,1.0,1
S17,EmaTentCaseS10E50B40M070,0.8707085251808167,0.8707085251808167,0.7390614748001099,1,0.15171658992767334,0.5,0.34828341007232666,0.0,0.0,4,30,17,0.5666666666666667,13.0,0.43333333333333335,0.5666666666666667,2
S17,EmaTentCaseS10E50B40M075,0.9864597916603088,0.9864597916603088,0.7285124063491821,1,0.10541608333587647,0.5,0.39458391666412357,0.0,0.0,0,64,27,0.421875,37.0,0.578125,0.578125,2
S17,EmaTentCaseS10E50B40M075,0.7835178971290588,0.7835178971290588,0.8150676488876343,1,0.1865928411483765,0.5,0.31340715885162357,0.0,0.0,1,64,40,0.625,24.0,0.375,0.625,2
S17,EmaTentCaseS10E50B40M075,0.6442628502845764,0.6442628502845764,0.8637735247612,1,0.24229485988616944,0.5,0.25770514011383056,0.0,0.0,2,64,26,0.40625,38.0,0.59375,0.59375,2
S17,EmaTentCaseS10E50B40M075,0.9729973673820496,0.9729973673820496,0.6929534673690796,1,0.11080105304718019,0.5,0.38919894695281987,0.0,0.0,3,64,64,1.0,,,1.0,1
S17,EmaTentCaseS10E50B40M075,0.8706246614456177,0.8706246614456177,0.7417654395103455,1,0.15175013542175295,0.5,0.3482498645782471,0.0,0.0,4,30,17,0.5666666666666667,13.0,0.43333333333333335,0.5666666666666667,2
S17,EmaTentCaseS10E50B40M080,0.9864597916603088,0.9864597916603088,0.7285124063491821,1,0.10541608333587647,0.5,0.39458391666412357,0.0,0.0,0,64,27,0.421875,37.0,0.578125,0.578125,2
S17,EmaTentCaseS10E50B40M080,0.7899678945541382,0.7899678945541382,0.8132082223892212,1,0.18401284217834474,0.5,0.3159871578216553,0.0,0.0,1,64,40,0.625,24.0,0.375,0.625,2
S17,EmaTentCaseS10E50B40M080,0.6296748518943787,0.6296748518943787,0.871001124382019,1,0.24813005924224854,0.5,0.2518699407577515,0.0,0.0,2,64,26,0.40625,38.0,0.59375,0.59375,2
S17,EmaTentCaseS10E50B40M080,0.9578545093536377,0.9578545093536377,0.7081935405731201,1,0.11685819625854493,0.5,0.3831418037414551,0.0,0.0,3,64,64,1.0,,,1.0,1
S17,EmaTentCaseS10E50B40M080,0.8593307733535767,0.8593307733535767,0.751920759677887,1,0.15626769065856935,0.5,0.3437323093414307,0.0,0.0,4,30,17,0.5666666666666667,13.0,0.43333333333333335,0.5666666666666667,2
S17,EmaTentCaseS00E50B50M070,0.9864597916603088,0.9864597916603088,0.7285124063491821,1,0.006770104169845581,0.5,0.4932298958301544,0.0,0.0,0,64,27,0.421875,37.0,0.578125,0.578125,2
S17,EmaTentCaseS00E50B50M070,0.7909361124038696,0.7909361124038696,0.8142355680465698,1,0.10453194379806519,0.5,0.3954680562019348,0.0,0.0,1,64,40,0.625,24.0,0.375,0.625,2
S17,EmaTentCaseS00E50B50M070,0.6662906408309937,0.6662906408309937,0.8559649586677551,1,0.16685467958450317,0.5,0.3331453204154968,0.0,0.0,2,64,26,0.40625,38.0,0.59375,0.59375,2
S17,EmaTentCaseS00E50B50M070,0.9834848642349243,0.9834848642349243,0.6878648996353149,1,0.008257567882537842,0.5,0.49174243211746216,0.0,0.0,3,64,64,1.0,,,1.0,1
S17,EmaTentCaseS00E50B50M070,0.8515196442604065,0.8515196442604065,0.7618857622146606,1,0.07424017786979675,0.5,0.42575982213020325,0.0,0.0,4,30,17,0.5666666666666667,13.0,0.43333333333333335,0.5666666666666667,2
S17,EmaTentCaseS00E50B50M075,0.9864597916603088,0.9864597916603088,0.7285124063491821,1,0.006770104169845581,0.5,0.4932298958301544,0.0,0.0,0,64,27,0.421875,37.0,0.578125,0.578125,2
S17,EmaTentCaseS00E50B50M075,0.7945963740348816,0.7945963740348816,0.8132410049438477,1,0.1027018129825592,0.5,0.3972981870174408,0.0,0.0,1,64,40,0.625,24.0,0.375,0.625,2
S17,EmaTentCaseS00E50B50M075,0.650897204875946,0.650897204875946,0.8633471727371216,1,0.17455139756202698,0.5,0.325448602437973,0.0,0.0,2,64,26,0.40625,38.0,0.59375,0.59375,2
S17,EmaTentCaseS00E50B50M075,0.9739516973495483,0.9739516973495483,0.700849175453186,1,0.01302415132522583,0.5,0.48697584867477417,0.0,0.0,3,64,64,1.0,,,1.0,1
S17,EmaTentCaseS00E50B50M075,0.860072672367096,0.860072672367096,0.7592083811759949,1,0.06996366381645203,0.5,0.430036336183548,0.0,0.0,4,30,17,0.5666666666666667,13.0,0.43333333333333335,0.5666666666666667,2
S17,EmaTentCaseS00E50B50M080,0.9864597916603088,0.9864597916603088,0.7285124063491821,1,0.006770104169845581,0.5,0.4932298958301544,0.0,0.0,0,64,27,0.421875,37.0,0.578125,0.578125,2
S17,EmaTentCaseS00E50B50M080,0.79868483543396,0.79868483543396,0.8117825388908386,1,0.10065758228302002,0.5,0.39934241771698,0.0,0.0,1,64,40,0.625,24.0,0.375,0.625,2
S17,EmaTentCaseS00E50B50M080,0.6362313032150269,0.6362313032150269,0.8703150749206543,1,0.18188434839248657,0.5,0.3181156516075134,0.0,0.0,2,64,26,0.40625,38.0,0.59375,0.59375,2
S17,EmaTentCaseS00E50B50M080,0.9593563675880432,0.9593563675880432,0.7146115303039551,1,0.020321816205978394,0.5,0.4796781837940216,0.0,0.0,3,64,64,1.0,,,1.0,1
S17,EmaTentCaseS00E50B50M080,0.8549599647521973,0.8549599647521973,0.7657838463783264,1,0.07252001762390137,0.5,0.42747998237609863,0.0,0.0,4,30,17,0.5666666666666667,13.0,0.43333333333333335,0.5666666666666667,2
S17,EmaTentCaseS10E40B50M075,0.9864601492881775,0.9864601492881775,0.7285118103027344,1,0.10676992535591126,0.4,0.49323007464408875,0.0,0.0,0,64,27,0.421875,37.0,0.578125,0.578125,2
S17,EmaTentCaseS10E40B50M075,0.79868483543396,0.79868483543396,0.8117825388908386,1,0.20065758228302003,0.4,0.39934241771698,0.0,0.0,1,64,40,0.625,24.0,0.375,0.625,2
S17,EmaTentCaseS10E40B50M075,0.6351419687271118,0.6351419687271118,0.8711246848106384,1,0.28242901563644407,0.4,0.3175709843635559,0.0,0.0,2,64,26,0.40625,38.0,0.59375,0.59375,2
S17,EmaTentCaseS10E40B50M075,0.9563723802566528,0.9563723802566528,0.7176386117935181,1,0.12181380987167359,0.4,0.4781861901283264,0.0,0.0,3,64,64,1.0,,,1.0,1
S17,EmaTentCaseS10E40B50M075,0.838045597076416,0.838045597076416,0.7751787304878235,1,0.180977201461792,0.4,0.419022798538208,0.0,0.0,4,30,17,0.5666666666666667,13.0,0.43333333333333335,0.5666666666666667,2
S18,EmaTentGridS20E50B30M075,0.7192286252975464,0.7192286252975464,0.8862815499305725,1,0.2842314124107361,0.5,0.2157685875892639,0.0,0.0,0,64,13,0.203125,51.0,0.796875,0.796875,2
S18,EmaTentGridS20E50B30M075,0.7380562424659729,0.7380562424659729,0.8725147843360901,1,0.2785831272602081,0.5,0.22141687273979185,0.0,0.0,1,64,44,0.6875,20.0,0.3125,0.6875,2
S18,EmaTentGridS20E50B30M075,0.24744433164596558,0.24744433164596558,0.9588711261749268,1,0.42576670050621035,0.5,0.07423329949378966,0.0,0.0,2,64,24,0.375,40.0,0.625,0.625,2
S18,EmaTentGridS20E50B30M075,0.9967913031578064,0.9967913031578064,0.6408272981643677,1,0.2009626090526581,0.5,0.2990373909473419,0.0,0.0,3,63,35,0.5555555555555556,28.0,0.4444444444444444,0.5555555555555556,2
S18,EmaTentCaseS20E50B30M060,0.7192286252975464,0.7192286252975464,0.8862815499305725,1,0.2842314124107361,0.5,0.2157685875892639,0.0,0.0,0,64,13,0.203125,51.0,0.796875,0.796875,2
S18,EmaTentCaseS20E50B30M060,0.6191829442977905,0.6191829442977905,0.8610591888427734,1,0.31424511671066285,0.5,0.18575488328933715,0.0,0.0,1,64,44,0.6875,20.0,0.3125,0.6875,2
S18,EmaTentCaseS20E50B30M060,0.3156997263431549,0.3156997263431549,0.9429306387901306,1,0.40529008209705353,0.5,0.09470991790294647,0.0,0.0,2,64,24,0.375,40.0,0.625,0.625,2
S18,EmaTentCaseS20E50B30M060,0.9971044063568115,0.9971044063568115,0.6187384128570557,1,0.20086867809295655,0.5,0.29913132190704345,0.0,0.0,3,63,35,0.5555555555555556,28.0,0.4444444444444444,0.5555555555555556,2
S18,EmaTentCaseS20E50B30M065,0.7192286252975464,0.7192286252975464,0.8862815499305725,1,0.2842314124107361,0.5,0.2157685875892639,0.0,0.0,0,64,13,0.203125,51.0,0.796875,0.796875,2
S18,EmaTentCaseS20E50B30M065,0.6620261073112488,0.6620261073112488,0.861568808555603,1,0.30139216780662537,0.5,0.19860783219337463,0.0,0.0,1,64,44,0.6875,20.0,0.3125,0.6875,2
S18,EmaTentCaseS20E50B30M065,0.27881816029548645,0.27881816029548645,0.9517727494239807,1,0.41635455191135406,0.5,0.08364544808864594,0.0,0.0,2,64,24,0.375,40.0,0.625,0.625,2
S18,EmaTentCaseS20E50B30M065,0.9978200197219849,0.9978200197219849,0.6195283532142639,1,0.20065399408340456,0.5,0.29934600591659544,0.0,0.0,3,63,35,0.5555555555555556,28.0,0.4444444444444444,0.5555555555555556,2
S18,EmaTentCaseS20E50B30M070,0.7192286252975464,0.7192286252975464,0.8862815499305725,1,0.2842314124107361,0.5,0.2157685875892639,0.0,0.0,0,64,13,0.203125,51.0,0.796875,0.796875,2
S18,EmaTentCaseS20E50B30M070,0.7017518281936646,0.7017518281936646,0.8656598329544067,1,0.28947445154190066,0.5,0.21052554845809937,0.0,0.0,1,64,44,0.6875,20.0,0.3125,0.6875,2
S18,EmaTentCaseS20E50B30M070,0.25790390372276306,0.25790390372276306,0.9565474987030029,1,0.4226288288831711,0.5,0.07737117111682891,0.0,0.0,2,64,24,0.375,40.0,0.625,0.625,2
S18,EmaTentCaseS20E50B30M070,0.9976101517677307,0.9976101517677307,0.6280675530433655,1,0.2007169544696808,0.5,0.2992830455303192,0.0,0.0,3,63,35,0.5555555555555556,28.0,0.4444444444444444,0.5555555555555556,2
S18,EmaTentCaseS10E50B40M070,0.7192286252975464,0.7192286252975464,0.8862815499305725,1,0.21230854988098147,0.5,0.2876914501190186,0.0,0.0,0,64,13,0.203125,51.0,0.796875,0.796875,2
S18,EmaTentCaseS10E50B40M070,0.7212167382240295,0.7212167382240295,0.869121789932251,1,0.2115133047103882,0.5,0.28848669528961185,0.0,0.0,1,64,44,0.6875,20.0,0.3125,0.6875,2
S18,EmaTentCaseS10E50B40M070,0.26600897312164307,0.26600897312164307,0.9547173976898193,1,0.3935964107513428,0.5,0.10640358924865723,0.0,0.0,2,64,24,0.375,40.0,0.625,0.625,2
S18,EmaTentCaseS10E50B40M070,0.9982982277870178,0.9982982277870178,0.6337059140205383,1,0.10068070888519287,0.5,0.39931929111480713,0.0,0.0,3,63,35,0.5555555555555556,28.0,0.4444444444444444,0.5555555555555556,2
S18,EmaTentCaseS10E50B40M075,0.7192286252975464,0.7192286252975464,0.8862815499305725,1,0.21230854988098147,0.5,0.2876914501190186,0.0,0.0,0,64,13,0.203125,51.0,0.796875,0.796875,2
S18,EmaTentCaseS10E50B40M075,0.7524622678756714,0.7524622678756714,0.8758678436279297,1,0.19901509284973146,0.5,0.3009849071502686,0.0,0.0,1,64,44,0.6875,20.0,0.3125,0.6875,2
S18,EmaTentCaseS10E50B40M075,0.25772541761398315,0.25772541761398315,0.9565874934196472,1,0.39690983295440674,0.5,0.10309016704559326,0.0,0.0,2,64,24,0.375,40.0,0.625,0.625,2
S18,EmaTentCaseS10E50B40M075,0.9980241656303406,0.9980241656303406,0.6442359089851379,1,0.10079033374786378,0.5,0.3992096662521363,0.0,0.0,3,63,35,0.5555555555555556,28.0,0.4444444444444444,0.5555555555555556,2
S18,EmaTentCaseS10E50B40M080,0.7192286252975464,0.7192286252975464,0.8862815499305725,1,0.21230854988098147,0.5,0.2876914501190186,0.0,0.0,0,64,13,0.203125,51.0,0.796875,0.796875,2
S18,EmaTentCaseS10E50B40M080,0.7794244289398193,0.7794244289398193,0.8819700479507446,1,0.18823022842407228,0.5,0.3117697715759278,0.0,0.0,1,64,44,0.6875,20.0,0.3125,0.6875,2
S18,EmaTentCaseS10E50B40M080,0.2575973868370056,0.2575973868370056,0.9566161632537842,1,0.3969610452651978,0.5,0.10303895473480225,0.0,0.0,2,64,24,0.375,40.0,0.625,0.625,2
S18,EmaTentCaseS10E50B40M080,0.998279333114624,0.998279333114624,0.6595993638038635,1,0.1006882667541504,0.5,0.3993117332458496,0.0,0.0,3,63,35,0.5555555555555556,28.0,0.4444444444444444,0.5555555555555556,2
S18,EmaTentCaseS00E50B50M070,0.7192286252975464,0.7192286252975464,0.8862815499305725,1,0.1403856873512268,0.5,0.3596143126487732,0.0,0.0,0,64,13,0.203125,51.0,0.796875,0.796875,2
S18,EmaTentCaseS00E50B50M070,0.7384154200553894,0.7384154200553894,0.8723828792572021,1,0.1307922899723053,0.5,0.3692077100276947,0.0,0.0,1,64,44,0.6875,20.0,0.3125,0.6875,2
S18,EmaTentCaseS00E50B50M070,0.27476003766059875,0.27476003766059875,0.9527127146720886,1,0.3626199811697006,0.5,0.13738001883029938,0.0,0.0,2,64,24,0.375,40.0,0.625,0.625,2
S18,EmaTentCaseS00E50B50M070,0.9993863701820374,0.9993863701820374,0.6394031047821045,1,0.00030681490898132324,0.5,0.4996931850910187,0.0,0.0,3,63,35,0.5555555555555556,28.0,0.4444444444444444,0.5555555555555556,2
S18,EmaTentCaseS00E50B50M075,0.7192286252975464,0.7192286252975464,0.8862815499305725,1,0.1403856873512268,0.5,0.3596143126487732,0.0,0.0,0,64,13,0.203125,51.0,0.796875,0.796875,2
S18,EmaTentCaseS00E50B50M075,0.7650955319404602,0.7650955319404602,0.8787074089050293,1,0.1174522340297699,0.5,0.3825477659702301,0.0,0.0,1,64,44,0.6875,20.0,0.3125,0.6875,2
S18,EmaTentCaseS00E50B50M075,0.2695770859718323,0.2695770859718323,0.9539036750793457,1,0.36521145701408386,0.5,0.13478854298591614,0.0,0.0,2,64,24,0.375,40.0,0.625,0.625,2
S18,EmaTentCaseS00E50B50M075,0.9993211627006531,0.9993211627006531,0.6500128507614136,1,0.0003394186496734619,0.5,0.49966058135032654,0.0,0.0,3,63,35,0.5555555555555556,28.0,0.4444444444444444,0.5555555555555556,2
S18,EmaTentCaseS00E50B50M080,0.7192286252975464,0.7192286252975464,0.8862815499305725,1,0.1403856873512268,0.5,0.3596143126487732,0.0,0.0,0,64,13,0.203125,51.0,0.796875,0.796875,2
S18,EmaTentCaseS00E50B50M080,0.7881640791893005,0.7881640791893005,0.8837884068489075,1,0.10591796040534973,0.5,0.39408203959465027,0.0,0.0,1,64,44,0.6875,20.0,0.3125,0.6875,2
S18,EmaTentCaseS00E50B50M080,0.2703187167644501,0.2703187167644501,0.9537339210510254,1,0.36484064161777496,0.5,0.13515935838222504,0.0,0.0,2,64,24,0.375,40.0,0.625,0.625,2
S18,EmaTentCaseS00E50B50M080,0.9994854927062988,0.9994854927062988,0.6642606258392334,1,0.00025725364685058594,0.5,0.4997427463531494,0.0,0.0,3,63,35,0.5555555555555556,28.0,0.4444444444444444,0.5555555555555556,2
S18,EmaTentCaseS10E40B50M075,0.7192266583442688,0.7192266583442688,0.8862814903259277,1,0.2403866708278656,0.4,0.3596133291721344,0.0,0.0,0,64,13,0.203125,51.0,0.796875,0.796875,2
S18,EmaTentCaseS10E40B50M075,0.7881635427474976,0.7881635427474976,0.8837884068489075,1,0.20591822862625123,0.4,0.3940817713737488,0.0,0.0,1,64,44,0.6875,20.0,0.3125,0.6875,2
S18,EmaTentCaseS10E40B50M075,0.27942854166030884,0.27942854166030884,0.9516308307647705,1,0.46028572916984556,0.4,0.13971427083015442,0.0,0.0,2,64,24,0.375,40.0,0.625,0.625,2
S18,EmaTentCaseS10E40B50M075,0.999996542930603,0.999996542930603,0.6673668622970581,1,0.10000172853469849,0.4,0.4999982714653015,0.0,0.0,3,63,35,0.5555555555555556,28.0,0.4444444444444444,0.5555555555555556,2
S19,EmaTentGridS20E50B30M075,0.8336611986160278,0.8336611986160278,0.7677768468856812,1,0.24990164041519167,0.5,0.25009835958480836,0.0,0.0,0,64,42,0.65625,22.0,0.34375,0.65625,2
S19,EmaTentGridS20E50B30M075,0.7228583097457886,0.7228583097457886,0.8741492033004761,1,0.2831425070762634,0.5,0.21685749292373657,0.0,0.0,1,64,34,0.53125,30.0,0.46875,0.53125,2
S19,EmaTentGridS20E50B30M075,0.8674889206886292,0.8674889206886292,0.7262629866600037,1,0.23975332379341127,0.5,0.26024667620658876,0.0,0.0,2,64,58,0.90625,6.0,0.09375,0.90625,2
S19,EmaTentGridS20E50B30M075,0.512076199054718,0.512076199054718,0.8859284520149231,1,0.3463771402835846,0.5,0.1536228597164154,0.0,0.0,3,9,1,0.1111111111111111,8.0,0.8888888888888888,0.8888888888888888,2
S19,EmaTentCaseS20E50B30M060,0.8336611986160278,0.8336611986160278,0.7677768468856812,1,0.24990164041519167,0.5,0.25009835958480836,0.0,0.0,0,64,42,0.65625,22.0,0.34375,0.65625,2
S19,EmaTentCaseS20E50B30M060,0.7619011998176575,0.7619011998176575,0.8773674964904785,1,0.27142964005470277,0.5,0.22857035994529723,0.0,0.0,1,64,34,0.53125,30.0,0.46875,0.53125,2
S19,EmaTentCaseS20E50B30M060,0.7988553047180176,0.7988553047180176,0.7645611763000488,1,0.2603434085845947,0.5,0.23965659141540527,0.0,0.0,2,64,58,0.90625,6.0,0.09375,0.90625,2
S19,EmaTentCaseS20E50B30M060,0.39406201243400574,0.39406201243400574,0.9222890138626099,1,0.3817813962697983,0.5,0.11821860373020171,0.0,0.0,3,9,1,0.1111111111111111,8.0,0.8888888888888888,0.8888888888888888,2
S19,EmaTentCaseS20E50B30M065,0.8336611986160278,0.8336611986160278,0.7677768468856812,1,0.24990164041519167,0.5,0.25009835958480836,0.0,0.0,0,64,42,0.65625,22.0,0.34375,0.65625,2
S19,EmaTentCaseS20E50B30M065,0.7465358972549438,0.7465358972549438,0.8769059181213379,1,0.27603923082351683,0.5,0.22396076917648314,0.0,0.0,1,64,34,0.53125,30.0,0.46875,0.53125,2
S19,EmaTentCaseS20E50B30M065,0.8238556981086731,0.8238556981086731,0.7498515248298645,1,0.25284329056739807,0.5,0.24715670943260193,0.0,0.0,2,64,58,0.90625,6.0,0.09375,0.90625,2
S19,EmaTentCaseS20E50B30M065,0.4148959219455719,0.4148959219455719,0.9163544774055481,1,0.37553122341632844,0.5,0.12446877658367156,0.0,0.0,3,9,1,0.1111111111111111,8.0,0.8888888888888888,0.8888888888888888,2
S19,EmaTentCaseS20E50B30M070,0.8336611986160278,0.8336611986160278,0.7677768468856812,1,0.24990164041519167,0.5,0.25009835958480836,0.0,0.0,0,64,42,0.65625,22.0,0.34375,0.65625,2
S19,EmaTentCaseS20E50B30M070,0.7331377863883972,0.7331377863883972,0.874706506729126,1,0.28005866408348085,0.5,0.21994133591651915,0.0,0.0,1,64,34,0.53125,30.0,0.46875,0.53125,2
S19,EmaTentCaseS20E50B30M070,0.8471153378486633,0.8471153378486633,0.7356836795806885,1,0.24586539864540102,0.5,0.254134601354599,0.0,0.0,2,64,58,0.90625,6.0,0.09375,0.90625,2
S19,EmaTentCaseS20E50B30M070,0.45286014676094055,0.45286014676094055,0.9050253033638,1,0.36414195597171783,0.5,0.13585804402828217,0.0,0.0,3,9,1,0.1111111111111111,8.0,0.8888888888888888,0.8888888888888888,2
S19,EmaTentCaseS10E50B40M070,0.8336611986160278,0.8336611986160278,0.7677768468856812,1,0.1665355205535889,0.5,0.33346447944641117,0.0,0.0,0,64,42,0.65625,22.0,0.34375,0.65625,2
S19,EmaTentCaseS10E50B40M070,0.733230471611023,0.733230471611023,0.8743431568145752,1,0.20670781135559083,0.5,0.2932921886444092,0.0,0.0,1,64,34,0.53125,30.0,0.46875,0.53125,2
S19,EmaTentCaseS10E50B40M070,0.8593494892120361,0.8593494892120361,0.7299312949180603,1,0.15626020431518556,0.5,0.3437397956848145,0.0,0.0,2,64,58,0.90625,6.0,0.09375,0.90625,2
S19,EmaTentCaseS10E50B40M070,0.5070962905883789,0.5070962905883789,0.8876055479049683,1,0.29716148376464846,0.5,0.20283851623535157,0.0,0.0,3,9,1,0.1111111111111111,8.0,0.8888888888888888,0.8888888888888888,2
S19,EmaTentCaseS10E50B40M075,0.8336611986160278,0.8336611986160278,0.7677768468856812,1,0.1665355205535889,0.5,0.33346447944641117,0.0,0.0,0,64,42,0.65625,22.0,0.34375,0.65625,2
S19,EmaTentCaseS10E50B40M075,0.7234773635864258,0.7234773635864258,0.8737660646438599,1,0.2106090545654297,0.5,0.28939094543457033,0.0,0.0,1,64,34,0.53125,30.0,0.46875,0.53125,2
S19,EmaTentCaseS10E50B40M075,0.8775525093078613,0.8775525093078613,0.7229092121124268,1,0.14897899627685549,0.5,0.35102100372314454,0.0,0.0,2,64,58,0.90625,6.0,0.09375,0.90625,2
S19,EmaTentCaseS10E50B40M075,0.5650407671928406,0.5650407671928406,0.8672099113464355,1,0.27398369312286375,0.5,0.22601630687713625,0.0,0.0,3,9,1,0.1111111111111111,8.0,0.8888888888888888,0.8888888888888888,2
S19,EmaTentCaseS10E50B40M080,0.8336611986160278,0.8336611986160278,0.7677768468856812,1,0.1665355205535889,0.5,0.33346447944641117,0.0,0.0,0,64,42,0.65625,22.0,0.34375,0.65625,2
S19,EmaTentCaseS10E50B40M080,0.7163121104240417,0.7163121104240417,0.872803807258606,1,0.21347515583038332,0.5,0.2865248441696167,0.0,0.0,1,64,34,0.53125,30.0,0.46875,0.53125,2
S19,EmaTentCaseS10E50B40M080,0.8936865329742432,0.8936865329742432,0.7188809514045715,1,0.14252538681030275,0.5,0.3574746131896973,0.0,0.0,2,64,58,0.90625,6.0,0.09375,0.90625,2
S19,EmaTentCaseS10E50B40M080,0.6505920886993408,0.6505920886993408,0.8330878615379333,1,0.2397631645202637,0.5,0.26023683547973636,0.0,0.0,3,9,1,0.1111111111111111,8.0,0.8888888888888888,0.8888888888888888,2
S19,EmaTentCaseS00E50B50M070,0.8336611986160278,0.8336611986160278,0.7677768468856812,1,0.08316940069198608,0.5,0.4168305993080139,0.0,0.0,0,64,42,0.65625,22.0,0.34375,0.65625,2
S19,EmaTentCaseS00E50B50M070,0.7349222898483276,0.7349222898483276,0.8736612200737,1,0.13253885507583618,0.5,0.3674611449241638,0.0,0.0,1,64,34,0.53125,30.0,0.46875,0.53125,2
S19,EmaTentCaseS00E50B50M070,0.8690103888511658,0.8690103888511658,0.7268677949905396,1,0.06549480557441711,0.5,0.4345051944255829,0.0,0.0,2,64,58,0.90625,6.0,0.09375,0.90625,2
S19,EmaTentCaseS00E50B50M070,0.5651075839996338,0.5651075839996338,0.8671852350234985,1,0.2174462080001831,0.5,0.2825537919998169,0.0,0.0,3,9,1,0.1111111111111111,8.0,0.8888888888888888,0.8888888888888888,2
S19,EmaTentCaseS00E50B50M075,0.8336611986160278,0.8336611986160278,0.7677768468856812,1,0.08316940069198608,0.5,0.4168305993080139,0.0,0.0,0,64,42,0.65625,22.0,0.34375,0.65625,2
S19,EmaTentCaseS00E50B50M075,0.725761353969574,0.725761353969574,0.8730792999267578,1,0.137119323015213,0.5,0.362880676984787,0.0,0.0,1,64,34,0.53125,30.0,0.46875,0.53125,2
S19,EmaTentCaseS00E50B50M075,0.885276198387146,0.885276198387146,0.7210890650749207,1,0.057361900806427,0.5,0.442638099193573,0.0,0.0,2,64,58,0.90625,6.0,0.09375,0.90625,2
S19,EmaTentCaseS00E50B50M075,0.6208377480506897,0.6208377480506897,0.8455612659454346,1,0.18958112597465515,0.5,0.31041887402534485,0.0,0.0,3,9,1,0.1111111111111111,8.0,0.8888888888888888,0.8888888888888888,2
S19,EmaTentCaseS00E50B50M080,0.8336611986160278,0.8336611986160278,0.7677768468856812,1,0.08316940069198608,0.5,0.4168305993080139,0.0,0.0,0,64,42,0.65625,22.0,0.34375,0.65625,2
S19,EmaTentCaseS00E50B50M080,0.7189806699752808,0.7189806699752808,0.8725550174713135,1,0.14050966501235962,0.5,0.3594903349876404,0.0,0.0,1,64,34,0.53125,30.0,0.46875,0.53125,2
S19,EmaTentCaseS00E50B50M080,0.8995136618614197,0.8995136618614197,0.7179452180862427,1,0.05024316906929016,0.5,0.44975683093070984,0.0,0.0,2,64,58,0.90625,6.0,0.09375,0.90625,2
S19,EmaTentCaseS00E50B50M080,0.7012696862220764,0.7012696862220764,0.8100964426994324,1,0.1493651568889618,0.5,0.3506348431110382,0.0,0.0,3,9,1,0.1111111111111111,8.0,0.8888888888888888,0.8888888888888888,2
S19,EmaTentCaseS10E40B50M075,0.8336585760116577,0.8336585760116577,0.7677780389785767,1,0.18317071199417115,0.4,0.41682928800582886,0.0,0.0,0,64,42,0.65625,22.0,0.34375,0.65625,2
S19,EmaTentCaseS10E40B50M075,0.7189819812774658,0.7189819812774658,0.8725553154945374,1,0.2405090093612671,0.4,0.3594909906387329,0.0,0.0,1,64,34,0.53125,30.0,0.46875,0.53125,2
S19,EmaTentCaseS10E40B50M075,0.8963432908058167,0.8963432908058167,0.719780683517456,1,0.15182835459709168,0.4,0.4481716454029083,0.0,0.0,2,64,58,0.90625,6.0,0.09375,0.90625,2
S19,EmaTentCaseS10E40B50M075,0.7367541790008545,0.7367541790008545,0.792460024356842,1,0.23162291049957276,0.4,0.36837708950042725,0.0,0.0,3,9,1,0.1111111111111111,8.0,0.8888888888888888,0.8888888888888888,2
S20,EmaTentGridS20E50B30M075,0.9742019772529602,0.9742019772529602,0.6717686653137207,1,0.20773940682411196,0.5,0.29226059317588804,0.0,0.0,0,64,48,0.75,16.0,0.25,0.75,2
S20,EmaTentGridS20E50B30M075,0.9838184118270874,0.9838184118270874,0.6470615863800049,1,0.2048544764518738,0.5,0.29514552354812623,0.0,0.0,1,64,34,0.53125,30.0,0.46875,0.53125,2
S20,EmaTentGridS20E50B30M075,0.5034836530685425,0.5034836530685425,0.8888137936592102,1,0.3489549040794373,0.5,0.15104509592056273,0.0,0.0,2,64,50,0.78125,14.0,0.21875,0.78125,2
S20,EmaTentGridS20E50B30M075,0.8424475789070129,0.8424475789070129,0.7342838048934937,1,0.24726572632789612,0.5,0.2527342736721039,0.0,0.0,3,64,29,0.453125,35.0,0.546875,0.546875,2
S20,EmaTentGridS20E50B30M075,0.9875244498252869,0.9875244498252869,0.567101001739502,1,0.20374266505241395,0.5,0.29625733494758605,0.0,0.0,4,27,0,0.0,27.0,1.0,1.0,1
S20,EmaTentCaseS20E50B30M060,0.9742019772529602,0.9742019772529602,0.6717686653137207,1,0.20773940682411196,0.5,0.29226059317588804,0.0,0.0,0,64,48,0.75,16.0,0.25,0.75,2
S20,EmaTentCaseS20E50B30M060,0.9764562845230103,0.9764562845230103,0.6355786323547363,1,0.20706311464309693,0.5,0.29293688535690304,0.0,0.0,1,64,34,0.53125,30.0,0.46875,0.53125,2
S20,EmaTentCaseS20E50B30M060,0.47342726588249207,0.47342726588249207,0.898597002029419,1,0.3579718202352524,0.5,0.1420281797647476,0.0,0.0,2,64,50,0.78125,14.0,0.21875,0.78125,2
S20,EmaTentCaseS20E50B30M060,0.9412142634391785,0.9412142634391785,0.6573833227157593,1,0.21763572096824646,0.5,0.28236427903175354,0.0,0.0,3,64,29,0.453125,35.0,0.546875,0.546875,2
S20,EmaTentCaseS20E50B30M060,0.9683060050010681,0.9683060050010681,0.6056696176528931,1,0.20950819849967958,0.5,0.29049180150032045,0.0,0.0,4,27,0,0.0,27.0,1.0,1.0,1
S20,EmaTentCaseS20E50B30M065,0.9742019772529602,0.9742019772529602,0.6717686653137207,1,0.20773940682411196,0.5,0.29226059317588804,0.0,0.0,0,64,48,0.75,16.0,0.25,0.75,2
S20,EmaTentCaseS20E50B30M065,0.9782000184059143,0.9782000184059143,0.6398055553436279,1,0.2065399944782257,0.5,0.29346000552177426,0.0,0.0,1,64,34,0.53125,30.0,0.46875,0.53125,2
S20,EmaTentCaseS20E50B30M065,0.4794636070728302,0.4794636070728302,0.8966699838638306,1,0.35616091787815096,0.5,0.14383908212184907,0.0,0.0,2,64,50,0.78125,14.0,0.21875,0.78125,2
S20,EmaTentCaseS20E50B30M065,0.9133744835853577,0.9133744835853577,0.6834856867790222,1,0.2259876549243927,0.5,0.2740123450756073,0.0,0.0,3,64,29,0.453125,35.0,0.546875,0.546875,2
S20,EmaTentCaseS20E50B30M065,0.9737244844436646,0.9737244844436646,0.5959277749061584,1,0.20788265466690065,0.5,0.29211734533309935,0.0,0.0,4,27,0,0.0,27.0,1.0,1.0,1
S20,EmaTentCaseS20E50B30M070,0.9742019772529602,0.9742019772529602,0.6717686653137207,1,0.20773940682411196,0.5,0.29226059317588804,0.0,0.0,0,64,48,0.75,16.0,0.25,0.75,2
S20,EmaTentCaseS20E50B30M070,0.9807174801826477,0.9807174801826477,0.6440761089324951,1,0.2057847559452057,0.5,0.2942152440547943,0.0,0.0,1,64,34,0.53125,30.0,0.46875,0.53125,2
S20,EmaTentCaseS20E50B30M070,0.48882150650024414,0.48882150650024414,0.8936454057693481,1,0.3533535480499268,0.5,0.14664645195007323,0.0,0.0,2,64,50,0.78125,14.0,0.21875,0.78125,2
S20,EmaTentCaseS20E50B30M070,0.8793281316757202,0.8793281316757202,0.7089856863021851,1,0.23620156049728394,0.5,0.26379843950271603,0.0,0.0,3,64,29,0.453125,35.0,0.546875,0.546875,2
S20,EmaTentCaseS20E50B30M070,0.9802806377410889,0.9802806377410889,0.582480251789093,1,0.20591580867767334,0.5,0.29408419132232666,0.0,0.0,4,27,0,0.0,27.0,1.0,1.0,1
S20,EmaTentCaseS10E50B40M070,0.9742019772529602,0.9742019772529602,0.6717686653137207,1,0.11031920909881593,0.5,0.3896807909011841,0.0,0.0,0,64,48,0.75,16.0,0.25,0.75,2
S20,EmaTentCaseS10E50B40M070,0.9830421805381775,0.9830421805381775,0.6468899846076965,1,0.10678312778472901,0.5,0.393216872215271,0.0,0.0,1,64,34,0.53125,30.0,0.46875,0.53125,2
S20,EmaTentCaseS10E50B40M070,0.48373088240623474,0.48373088240623474,0.8952963352203369,1,0.3065076470375061,0.5,0.1934923529624939,0.0,0.0,2,64,50,0.78125,14.0,0.21875,0.78125,2
S20,EmaTentCaseS10E50B40M070,0.8670087456703186,0.8670087456703186,0.7179871201515198,1,0.15319650173187258,0.5,0.34680349826812745,0.0,0.0,3,64,29,0.453125,35.0,0.546875,0.546875,2
S20,EmaTentCaseS10E50B40M070,0.9794712662696838,0.9794712662696838,0.5841982364654541,1,0.10821149349212647,0.5,0.39178850650787356,0.0,0.0,4,27,0,0.0,27.0,1.0,1.0,1
S20,EmaTentCaseS10E50B40M075,0.9742019772529602,0.9742019772529602,0.6717686653137207,1,0.11031920909881593,0.5,0.3896807909011841,0.0,0.0,0,64,48,0.75,16.0,0.25,0.75,2
S20,EmaTentCaseS10E50B40M075,0.9859022498130798,0.9859022498130798,0.6487756967544556,1,0.10563910007476807,0.5,0.39436089992523193,0.0,0.0,1,64,34,0.53125,30.0,0.46875,0.53125,2
S20,EmaTentCaseS10E50B40M075,0.5026847124099731,0.5026847124099731,0.8890800476074219,1,0.29892611503601074,0.5,0.20107388496398926,0.0,0.0,2,64,50,0.78125,14.0,0.21875,0.78125,2
S20,EmaTentCaseS10E50B40M075,0.8336656093597412,0.8336656093597412,0.7407898306846619,1,0.1665337562561035,0.5,0.3334662437438965,0.0,0.0,3,64,29,0.453125,35.0,0.546875,0.546875,2
S20,EmaTentCaseS10E50B40M075,0.9872880578041077,0.9872880578041077,0.5681630969047546,1,0.10508477687835693,0.5,0.39491522312164307,0.0,0.0,4,27,0,0.0,27.0,1.0,1.0,1
S20,EmaTentCaseS10E50B40M080,0.9742019772529602,0.9742019772529602,0.6717686653137207,1,0.11031920909881593,0.5,0.3896807909011841,0.0,0.0,0,64,48,0.75,16.0,0.25,0.75,2
S20,EmaTentCaseS10E50B40M080,0.9889320731163025,0.9889320731163025,0.6496829986572266,1,0.10442717075347902,0.5,0.39557282924652104,0.0,0.0,1,64,34,0.53125,30.0,0.46875,0.53125,2
S20,EmaTentCaseS10E50B40M080,0.5277721285820007,0.5277721285820007,0.8805520534515381,1,0.2888911485671997,0.5,0.2111088514328003,0.0,0.0,2,64,50,0.78125,14.0,0.21875,0.78125,2
S20,EmaTentCaseS10E50B40M080,0.8029855489730835,0.8029855489730835,0.7595502138137817,1,0.1788057804107666,0.5,0.32119421958923344,0.0,0.0,3,64,29,0.453125,35.0,0.546875,0.546875,2
S20,EmaTentCaseS10E50B40M080,0.9921427965164185,0.9921427965164185,0.5577887296676636,1,0.10314288139343263,0.5,0.3968571186065674,0.0,0.0,4,27,0,0.0,27.0,1.0,1.0,1
S20,EmaTentCaseS00E50B50M070,0.9742019772529602,0.9742019772529602,0.6717686653137207,1,0.012899011373519897,0.5,0.4871009886264801,0.0,0.0,0,64,48,0.75,16.0,0.25,0.75,2
S20,EmaTentCaseS00E50B50M070,0.9842682480812073,0.9842682480812073,0.6498637199401855,1,0.007865875959396362,0.5,0.49213412404060364,0.0,0.0,1,64,34,0.53125,30.0,0.46875,0.53125,2
S20,EmaTentCaseS00E50B50M070,0.46713683009147644,0.46713683009147644,0.9005855321884155,1,0.2664315849542618,0.5,0.23356841504573822,0.0,0.0,2,64,50,0.78125,14.0,0.21875,0.78125,2
S20,EmaTentCaseS00E50B50M070,0.8564605116844177,0.8564605116844177,0.7263903617858887,1,0.07176974415779114,0.5,0.42823025584220886,0.0,0.0,3,64,29,0.453125,35.0,0.546875,0.546875,2
S20,EmaTentCaseS00E50B50M070,0.980417788028717,0.980417788028717,0.582364559173584,1,0.00979110598564148,0.5,0.4902088940143585,0.0,0.0,4,27,0,0.0,27.0,1.0,1.0,1
S20,EmaTentCaseS00E50B50M075,0.9742019772529602,0.9742019772529602,0.6717686653137207,1,0.012899011373519897,0.5,0.4871009886264801,0.0,0.0,0,64,48,0.75,16.0,0.25,0.75,2
S20,EmaTentCaseS00E50B50M075,0.9870325326919556,0.9870325326919556,0.6508862972259521,1,0.006483733654022217,0.5,0.4935162663459778,0.0,0.0,1,64,34,0.53125,30.0,0.46875,0.53125,2
S20,EmaTentCaseS00E50B50M075,0.49078378081321716,0.49078378081321716,0.89300537109375,1,0.2546081095933914,0.5,0.24539189040660858,0.0,0.0,2,64,50,0.78125,14.0,0.21875,0.78125,2
S20,EmaTentCaseS00E50B50M075,0.8248685002326965,0.8248685002326965,0.7470957636833191,1,0.08756574988365173,0.5,0.41243425011634827,0.0,0.0,3,64,29,0.453125,35.0,0.546875,0.546875,2
S20,EmaTentCaseS00E50B50M075,0.9867027401924133,0.9867027401924133,0.5708262324333191,1,0.006648629903793335,0.5,0.49335137009620667,0.0,0.0,4,27,0,0.0,27.0,1.0,1.0,1
S20,EmaTentCaseS00E50B50M080,0.9742019772529602,0.9742019772529602,0.6717686653137207,1,0.012899011373519897,0.5,0.4871009886264801,0.0,0.0,0,64,48,0.75,16.0,0.25,0.75,2
S20,EmaTentCaseS00E50B50M080,0.9898290038108826,0.9898290038108826,0.6511410474777222,1,0.005085498094558716,0.5,0.4949145019054413,0.0,0.0,1,64,34,0.53125,30.0,0.46875,0.53125,2
S20,EmaTentCaseS00E50B50M080,0.5205551385879517,0.5205551385879517,0.8830413222312927,1,0.23972243070602417,0.5,0.26027756929397583,0.0,0.0,2,64,50,0.78125,14.0,0.21875,0.78125,2
S20,EmaTentCaseS00E50B50M080,0.7967408299446106,0.7967408299446106,0.763919472694397,1,0.1016295850276947,0.5,0.3983704149723053,0.0,0.0,3,64,29,0.453125,35.0,0.546875,0.546875,2
S20,EmaTentCaseS00E50B50M080,0.9909586310386658,0.9909586310386658,0.5622068643569946,1,0.004520684480667114,0.5,0.4954793155193329,0.0,0.0,4,27,0,0.0,27.0,1.0,1.0,1
S20,EmaTentCaseS10E40B50M075,0.9742019772529602,0.9742019772529602,0.6717685461044312,1,0.1128990113735199,0.4,0.4871009886264801,0.0,0.0,0,64,48,0.75,16.0,0.25,0.75,2
S20,EmaTentCaseS10E40B50M075,0.9898279309272766,0.9898279309272766,0.6511421203613281,1,0.1050860345363617,0.4,0.4949139654636383,0.0,0.0,1,64,34,0.53125,30.0,0.46875,0.53125,2
S20,EmaTentCaseS10E40B50M075,0.5240147113800049,0.5240147113800049,0.8818517327308655,1,0.33799264430999754,0.4,0.26200735569000244,0.0,0.0,2,64,50,0.78125,14.0,0.21875,0.78125,2
S20,EmaTentCaseS10E40B50M075,0.7992879748344421,0.7992879748344421,0.7630819082260132,1,0.20035601258277894,0.4,0.39964398741722107,0.0,0.0,3,64,29,0.453125,35.0,0.546875,0.546875,2
S20,EmaTentCaseS10E40B50M075,0.9914718866348267,0.9914718866348267,0.562611997127533,1,0.10426405668258668,0.4,0.49573594331741333,0.0,0.0,4,27,0,0.0,27.0,1.0,1.0,1
S21,EmaTentGridS20E50B30M075,0.9992643594741821,0.9992643594741821,0.5997864007949829,1,0.20022069215774538,0.5,0.29977930784225465,0.0,0.0,0,64,9,0.140625,55.0,0.859375,0.859375,2
S21,EmaTentGridS20E50B30M075,0.9625170826911926,0.9625170826911926,0.6317196488380432,1,0.21124487519264223,0.5,0.28875512480735777,0.0,0.0,1,64,41,0.640625,23.0,0.359375,0.640625,2
S21,EmaTentGridS20E50B30M075,0.9771472215652466,0.9771472215652466,0.6288692951202393,1,0.20685583353042603,0.5,0.293144166469574,0.0,0.0,2,64,2,0.03125,62.0,0.96875,0.96875,2
S21,EmaTentGridS20E50B30M075,0.9921606779098511,0.9921606779098511,0.6433663964271545,1,0.2023517966270447,0.5,0.29764820337295533,0.0,0.0,3,64,40,0.625,24.0,0.375,0.625,2
S21,EmaTentGridS20E50B30M075,0.9526153206825256,0.9526153206825256,0.6340400576591492,1,0.21421540379524232,0.5,0.28578459620475766,0.0,0.0,4,32,0,0.0,32.0,1.0,1.0,1
S21,EmaTentCaseS20E50B30M060,0.9992643594741821,0.9992643594741821,0.5997864007949829,1,0.20022069215774538,0.5,0.29977930784225465,0.0,0.0,0,64,9,0.140625,55.0,0.859375,0.859375,2
S21,EmaTentCaseS20E50B30M060,0.9539602398872375,0.9539602398872375,0.633794903755188,1,0.21381192803382876,0.5,0.28618807196617124,0.0,0.0,1,64,41,0.640625,23.0,0.359375,0.640625,2
S21,EmaTentCaseS20E50B30M060,0.9721864461898804,0.9721864461898804,0.6524907350540161,1,0.2083440661430359,0.5,0.2916559338569641,0.0,0.0,2,64,2,0.03125,62.0,0.96875,0.96875,2
S21,EmaTentCaseS20E50B30M060,0.9921264052391052,0.9921264052391052,0.6666144728660583,1,0.20236207842826845,0.5,0.2976379215717316,0.0,0.0,3,64,40,0.625,24.0,0.375,0.625,2
S21,EmaTentCaseS20E50B30M060,0.8683987259864807,0.8683987259864807,0.7102495431900024,1,0.2394803822040558,0.5,0.2605196177959442,0.0,0.0,4,32,0,0.0,32.0,1.0,1.0,1
S21,EmaTentCaseS20E50B30M065,0.9992643594741821,0.9992643594741821,0.5997864007949829,1,0.20022069215774538,0.5,0.29977930784225465,0.0,0.0,0,64,9,0.140625,55.0,0.859375,0.859375,2
S21,EmaTentCaseS20E50B30M065,0.9562243819236755,0.9562243819236755,0.6335374116897583,1,0.21313268542289734,0.5,0.28686731457710263,0.0,0.0,1,64,41,0.640625,23.0,0.359375,0.640625,2
S21,EmaTentCaseS20E50B30M065,0.9739946722984314,0.9739946722984314,0.6443130970001221,1,0.2078015983104706,0.5,0.29219840168952943,0.0,0.0,2,64,2,0.03125,62.0,0.96875,0.96875,2
S21,EmaTentCaseS20E50B30M065,0.9907712340354919,0.9907712340354919,0.6602862477302551,1,0.20276862978935242,0.5,0.29723137021064755,0.0,0.0,3,64,40,0.625,24.0,0.375,0.625,2
S21,EmaTentCaseS20E50B30M065,0.8998072147369385,0.8998072147369385,0.6841856241226196,1,0.23005783557891846,0.5,0.26994216442108154,0.0,0.0,4,32,0,0.0,32.0,1.0,1.0,1
S21,EmaTentCaseS20E50B30M070,0.9992643594741821,0.9992643594741821,0.5997864007949829,1,0.20022069215774538,0.5,0.29977930784225465,0.0,0.0,0,64,9,0.140625,55.0,0.859375,0.859375,2
S21,EmaTentCaseS20E50B30M070,0.9591192007064819,0.9591192007064819,0.6328325867652893,1,0.21226423978805542,0.5,0.2877357602119446,0.0,0.0,1,64,41,0.640625,23.0,0.359375,0.640625,2
S21,EmaTentCaseS20E50B30M070,0.9754851460456848,0.9754851460456848,0.6364138126373291,1,0.20735445618629456,0.5,0.29264554381370544,0.0,0.0,2,64,2,0.03125,62.0,0.96875,0.96875,2
S21,EmaTentCaseS20E50B30M070,0.9907938838005066,0.9907938838005066,0.652910590171814,1,0.20276183485984803,0.5,0.29723816514015194,0.0,0.0,3,64,40,0.625,24.0,0.375,0.625,2
S21,EmaTentCaseS20E50B30M070,0.929409921169281,0.929409921169281,0.6571325659751892,1,0.2211770236492157,0.5,0.2788229763507843,0.0,0.0,4,32,0,0.0,32.0,1.0,1.0,1
S21,EmaTentCaseS10E50B40M070,0.9992643594741821,0.9992643594741821,0.5997864007949829,1,0.10029425621032716,0.5,0.3997057437896729,0.0,0.0,0,64,9,0.140625,55.0,0.859375,0.859375,2
S21,EmaTentCaseS10E50B40M070,0.9598563313484192,0.9598563313484192,0.6340076327323914,1,0.11605746746063234,0.5,0.3839425325393677,0.0,0.0,1,64,41,0.640625,23.0,0.359375,0.640625,2
S21,EmaTentCaseS10E50B40M070,0.9721119999885559,0.9721119999885559,0.6352452635765076,1,0.11115520000457764,0.5,0.3888447999954224,0.0,0.0,2,64,2,0.03125,62.0,0.96875,0.96875,2
S21,EmaTentCaseS10E50B40M070,0.9970229864120483,0.9970229864120483,0.6436842679977417,1,0.10119080543518066,0.5,0.39880919456481934,0.0,0.0,3,64,40,0.625,24.0,0.375,0.625,2
S21,EmaTentCaseS10E50B40M070,0.9214102625846863,0.9214102625846863,0.6647036671638489,1,0.1314358949661255,0.5,0.36856410503387455,0.0,0.0,4,32,0,0.0,32.0,1.0,1.0,1
S21,EmaTentCaseS10E50B40M075,0.9992643594741821,0.9992643594741821,0.5997864007949829,1,0.10029425621032716,0.5,0.3997057437896729,0.0,0.0,0,64,9,0.140625,55.0,0.859375,0.859375,2
S21,EmaTentCaseS10E50B40M075,0.9635081887245178,0.9635081887245178,0.6323399543762207,1,0.11459672451019287,0.5,0.38540327548980713,0.0,0.0,1,64,41,0.640625,23.0,0.359375,0.640625,2
S21,EmaTentCaseS10E50B40M075,0.9753395915031433,0.9753395915031433,0.6278692483901978,1,0.10986416339874268,0.5,0.39013583660125734,0.0,0.0,2,64,2,0.03125,62.0,0.96875,0.96875,2
S21,EmaTentCaseS10E50B40M075,0.9968759417533875,0.9968759417533875,0.6351248025894165,1,0.10124962329864502,0.5,0.398750376701355,0.0,0.0,3,64,40,0.625,24.0,0.375,0.625,2
S21,EmaTentCaseS10E50B40M075,0.9436666369438171,0.9436666369438171,0.6423046588897705,1,0.12253334522247315,0.5,0.3774666547775269,0.0,0.0,4,32,0,0.0,32.0,1.0,1.0,1
S21,EmaTentCaseS10E50B40M080,0.9992643594741821,0.9992643594741821,0.5997864007949829,1,0.10029425621032716,0.5,0.3997057437896729,0.0,0.0,0,64,9,0.140625,55.0,0.859375,0.859375,2
S21,EmaTentCaseS10E50B40M080,0.9672646522521973,0.9672646522521973,0.6302324533462524,1,0.1130941390991211,0.5,0.3869058609008789,0.0,0.0,1,64,41,0.640625,23.0,0.359375,0.640625,2
S21,EmaTentCaseS10E50B40M080,0.9785751700401306,0.9785751700401306,0.6219380497932434,1,0.10856993198394777,0.5,0.3914300680160523,0.0,0.0,2,64,2,0.03125,62.0,0.96875,0.96875,2
S21,EmaTentCaseS10E50B40M080,0.99730384349823,0.99730384349823,0.624502420425415,1,0.10107846260070802,0.5,0.39892153739929204,0.0,0.0,3,64,40,0.625,24.0,0.375,0.625,2
S21,EmaTentCaseS10E50B40M080,0.9628263711929321,0.9628263711929321,0.622665286064148,1,0.11486945152282715,0.5,0.3851305484771729,0.0,0.0,4,32,0,0.0,32.0,1.0,1.0,1
S21,EmaTentCaseS00E50B50M070,0.9992643594741821,0.9992643594741821,0.5997864007949829,1,0.00036782026290893555,0.5,0.49963217973709106,0.0,0.0,0,64,9,0.140625,55.0,0.859375,0.859375,2
S21,EmaTentCaseS00E50B50M070,0.9593295454978943,0.9593295454978943,0.6364203691482544,1,0.020335227251052856,0.5,0.47966477274894714,0.0,0.0,1,64,41,0.640625,23.0,0.359375,0.640625,2
S21,EmaTentCaseS00E50B50M070,0.9674059152603149,0.9674059152603149,0.6367953419685364,1,0.01629704236984253,0.5,0.48370295763015747,0.0,0.0,2,64,2,0.03125,62.0,0.96875,0.96875,2
S21,EmaTentCaseS00E50B50M070,0.9997197389602661,0.9997197389602661,0.6335796117782593,1,0.00014013051986694336,0.5,0.49985986948013306,0.0,0.0,3,64,40,0.625,24.0,0.375,0.625,2
S21,EmaTentCaseS00E50B50M070,0.9297696948051453,0.9297696948051453,0.6563208103179932,1,0.03511515259742737,0.5,0.46488484740257263,0.0,0.0,4,32,0,0.0,32.0,1.0,1.0,1
S21,EmaTentCaseS00E50B50M075,0.9992643594741821,0.9992643594741821,0.5997864007949829,1,0.00036782026290893555,0.5,0.49963217973709106,0.0,0.0,0,64,9,0.140625,55.0,0.859375,0.859375,2
S21,EmaTentCaseS00E50B50M075,0.9632816910743713,0.9632816910743713,0.6340680122375488,1,0.01835915446281433,0.5,0.48164084553718567,0.0,0.0,1,64,41,0.640625,23.0,0.359375,0.640625,2
S21,EmaTentCaseS00E50B50M075,0.9722267985343933,0.9722267985343933,0.6289666295051575,1,0.013886600732803345,0.5,0.48611339926719666,0.0,0.0,2,64,2,0.03125,62.0,0.96875,0.96875,2
S21,EmaTentCaseS00E50B50M075,0.9994563460350037,0.9994563460350037,0.6263702511787415,1,0.00027182698249816895,0.5,0.49972817301750183,0.0,0.0,3,64,40,0.625,24.0,0.375,0.625,2
S21,EmaTentCaseS00E50B50M075,0.9459113478660583,0.9459113478660583,0.6398849487304688,1,0.027044326066970825,0.5,0.4729556739330292,0.0,0.0,4,32,0,0.0,32.0,1.0,1.0,1
S21,EmaTentCaseS00E50B50M080,0.9992643594741821,0.9992643594741821,0.5997864007949829,1,0.00036782026290893555,0.5,0.49963217973709106,0.0,0.0,0,64,9,0.140625,55.0,0.859375,0.859375,2
S21,EmaTentCaseS00E50B50M080,0.9672355651855469,0.9672355651855469,0.6314312815666199,1,0.016382217407226562,0.5,0.48361778259277344,0.0,0.0,1,64,41,0.640625,23.0,0.359375,0.640625,2
S21,EmaTentCaseS00E50B50M080,0.9767886996269226,0.9767886996269226,0.6227643489837646,1,0.011605650186538696,0.5,0.4883943498134613,0.0,0.0,2,64,2,0.03125,62.0,0.96875,0.96875,2
S21,EmaTentCaseS00E50B50M080,0.9992838501930237,0.9992838501930237,0.6186200380325317,1,0.0003580749034881592,0.5,0.49964192509651184,0.0,0.0,3,64,40,0.625,24.0,0.375,0.625,2
S21,EmaTentCaseS00E50B50M080,0.9604206085205078,0.9604206085205078,0.6253637075424194,1,0.019789695739746094,0.5,0.4802103042602539,0.0,0.0,4,32,0,0.0,32.0,1.0,1.0,1
S21,EmaTentCaseS10E40B50M075,0.9992643594741821,0.9992643594741821,0.5997864007949829,1,0.10036782026290894,0.4,0.49963217973709106,0.0,0.0,0,64,9,0.140625,55.0,0.859375,0.859375,2
S21,EmaTentCaseS10E40B50M075,0.9672355055809021,0.9672355055809021,0.6314314603805542,1,0.11638224720954896,0.4,0.48361775279045105,0.0,0.0,1,64,41,0.640625,23.0,0.359375,0.640625,2
S21,EmaTentCaseS10E40B50M075,0.9772879481315613,0.9772879481315613,0.6221481561660767,1,0.11135602593421937,0.4,0.48864397406578064,0.0,0.0,2,64,2,0.03125,62.0,0.96875,0.96875,2
S21,EmaTentCaseS10E40B50M075,0.9994190335273743,0.9994190335273743,0.6162365674972534,1,0.10029048323631287,0.4,0.49970951676368713,0.0,0.0,3,64,40,0.625,24.0,0.375,0.625,2
S21,EmaTentCaseS10E40B50M075,0.9638609290122986,0.9638609290122986,0.6217507123947144,1,0.11806953549385071,0.4,0.4819304645061493,0.0,0.0,4,32,0,0.0,32.0,1.0,1.0,1
S22,EmaTentGridS20E50B30M075,0.957565188407898,0.957565188407898,0.6626242995262146,1,0.21273044347763062,0.5,0.28726955652236935,0.0,0.0,0,64,25,0.390625,39.0,0.609375,0.609375,2
S22,EmaTentGridS20E50B30M075,0.9271903038024902,0.9271903038024902,0.6937626600265503,1,0.22184290885925295,0.5,0.27815709114074705,0.0,0.0,1,64,41,0.640625,23.0,0.359375,0.640625,2
S22,EmaTentGridS20E50B30M075,0.9936452507972717,0.9936452507972717,0.5958742499351501,1,0.2019064247608185,0.5,0.2980935752391815,0.0,0.0,2,64,36,0.5625,28.0,0.4375,0.5625,2
S22,EmaTentGridS20E50B30M075,0.961061418056488,0.961061418056488,0.6221677660942078,1,0.2116815745830536,0.5,0.2883184254169464,0.0,0.0,3,58,31,0.5344827586206896,27.0,0.46551724137931033,0.5344827586206896,2
S22,EmaTentCaseS20E50B30M060,0.957565188407898,0.957565188407898,0.6626242995262146,1,0.21273044347763062,0.5,0.28726955652236935,0.0,0.0,0,64,25,0.390625,39.0,0.609375,0.609375,2
S22,EmaTentCaseS20E50B30M060,0.9586601853370667,0.9586601853370667,0.6640396118164062,1,0.21240194439888002,0.5,0.28759805560112,0.0,0.0,1,64,41,0.640625,23.0,0.359375,0.640625,2
S22,EmaTentCaseS20E50B30M060,0.9985180497169495,0.9985180497169495,0.5923293828964233,1,0.20044458508491517,0.5,0.2995554149150848,0.0,0.0,2,64,36,0.5625,28.0,0.4375,0.5625,2
S22,EmaTentCaseS20E50B30M060,0.9606943726539612,0.9606943726539612,0.6206963658332825,1,0.21179168820381167,0.5,0.28820831179618833,0.0,0.0,3,58,31,0.5344827586206896,27.0,0.46551724137931033,0.5344827586206896,2
S22,EmaTentCaseS20E50B30M065,0.957565188407898,0.957565188407898,0.6626242995262146,1,0.21273044347763062,0.5,0.28726955652236935,0.0,0.0,0,64,25,0.390625,39.0,0.609375,0.609375,2
S22,EmaTentCaseS20E50B30M065,0.9498721957206726,0.9498721957206726,0.6735485196113586,1,0.21503834128379823,0.5,0.28496165871620177,0.0,0.0,1,64,41,0.640625,23.0,0.359375,0.640625,2
S22,EmaTentCaseS20E50B30M065,0.997931718826294,0.997931718826294,0.5925832986831665,1,0.20062048435211183,0.5,0.2993795156478882,0.0,0.0,2,64,36,0.5625,28.0,0.4375,0.5625,2
S22,EmaTentCaseS20E50B30M065,0.9646859169006348,0.9646859169006348,0.6163535714149475,1,0.2105942249298096,0.5,0.28940577507019044,0.0,0.0,3,58,31,0.5344827586206896,27.0,0.46551724137931033,0.5344827586206896,2
S22,EmaTentCaseS20E50B30M070,0.957565188407898,0.957565188407898,0.6626242995262146,1,0.21273044347763062,0.5,0.28726955652236935,0.0,0.0,0,64,25,0.390625,39.0,0.609375,0.609375,2
S22,EmaTentCaseS20E50B30M070,0.9394392371177673,0.9394392371177673,0.6833927631378174,1,0.2181682288646698,0.5,0.2818317711353302,0.0,0.0,1,64,41,0.640625,23.0,0.359375,0.640625,2
S22,EmaTentCaseS20E50B30M070,0.9965808987617493,0.9965808987617493,0.5933744311332703,1,0.20102573037147523,0.5,0.29897426962852475,0.0,0.0,2,64,36,0.5625,28.0,0.4375,0.5625,2
S22,EmaTentCaseS20E50B30M070,0.9649748802185059,0.9649748802185059,0.6165004372596741,1,0.21050753593444826,0.5,0.28949246406555174,0.0,0.0,3,58,31,0.5344827586206896,27.0,0.46551724137931033,0.5344827586206896,2
S22,EmaTentCaseS10E50B40M070,0.957565188407898,0.957565188407898,0.6626242995262146,1,0.11697392463684082,0.5,0.3830260753631592,0.0,0.0,0,64,25,0.390625,39.0,0.609375,0.609375,2
S22,EmaTentCaseS10E50B40M070,0.9220669269561768,0.9220669269561768,0.6980537176132202,1,0.1311732292175293,0.5,0.3688267707824707,0.0,0.0,1,64,41,0.640625,23.0,0.359375,0.640625,2
S22,EmaTentCaseS10E50B40M070,0.9894940853118896,0.9894940853118896,0.6004164218902588,1,0.10420236587524415,0.5,0.3957976341247559,0.0,0.0,2,64,36,0.5625,28.0,0.4375,0.5625,2
S22,EmaTentCaseS10E50B40M070,0.915865421295166,0.915865421295166,0.67106032371521,1,0.1336538314819336,0.5,0.36634616851806645,0.0,0.0,3,58,31,0.5344827586206896,27.0,0.46551724137931033,0.5344827586206896,2
S22,EmaTentCaseS10E50B40M075,0.957565188407898,0.957565188407898,0.6626242995262146,1,0.11697392463684082,0.5,0.3830260753631592,0.0,0.0,0,64,25,0.390625,39.0,0.609375,0.609375,2
S22,EmaTentCaseS10E50B40M075,0.9108536243438721,0.9108536243438721,0.7065008878707886,1,0.1356585502624512,0.5,0.36434144973754884,0.0,0.0,1,64,41,0.640625,23.0,0.359375,0.640625,2
S22,EmaTentCaseS10E50B40M075,0.9853525161743164,0.9853525161743164,0.6055483222007751,1,0.10585899353027345,0.5,0.3941410064697266,0.0,0.0,2,64,36,0.5625,28.0,0.4375,0.5625,2
S22,EmaTentCaseS10E50B40M075,0.9180794954299927,0.9180794954299927,0.669800877571106,1,0.13276820182800295,0.5,0.3672317981719971,0.0,0.0,3,58,31,0.5344827586206896,27.0,0.46551724137931033,0.5344827586206896,2
S22,EmaTentCaseS10E50B40M080,0.957565188407898,0.957565188407898,0.6626242995262146,1,0.11697392463684082,0.5,0.3830260753631592,0.0,0.0,0,64,25,0.390625,39.0,0.609375,0.609375,2
S22,EmaTentCaseS10E50B40M080,0.8981205821037292,0.8981205821037292,0.7151638269424438,1,0.14075176715850832,0.5,0.3592482328414917,0.0,0.0,1,64,41,0.640625,23.0,0.359375,0.640625,2
S22,EmaTentCaseS10E50B40M080,0.9783523678779602,0.9783523678779602,0.614228367805481,1,0.10865905284881593,0.5,0.3913409471511841,0.0,0.0,2,64,36,0.5625,28.0,0.4375,0.5625,2
S22,EmaTentCaseS10E50B40M080,0.9132066965103149,0.9132066965103149,0.6755331158638,1,0.13471732139587403,0.5,0.365282678604126,0.0,0.0,3,58,31,0.5344827586206896,27.0,0.46551724137931033,0.5344827586206896,2
S22,EmaTentCaseS00E50B50M070,0.957565188407898,0.957565188407898,0.6626242995262146,1,0.021217405796051025,0.5,0.478782594203949,0.0,0.0,0,64,25,0.390625,39.0,0.609375,0.609375,2
S22,EmaTentCaseS00E50B50M070,0.8980312943458557,0.8980312943458557,0.7163218259811401,1,0.050984352827072144,0.5,0.44901564717292786,0.0,0.0,1,64,41,0.640625,23.0,0.359375,0.640625,2
S22,EmaTentCaseS00E50B50M070,0.9738292098045349,0.9738292098045349,0.6187974810600281,1,0.013085395097732544,0.5,0.48691460490226746,0.0,0.0,2,64,36,0.5625,28.0,0.4375,0.5625,2
S22,EmaTentCaseS00E50B50M070,0.8480364084243774,0.8480364084243774,0.7256114482879639,1,0.07598179578781128,0.5,0.4240182042121887,0.0,0.0,3,58,31,0.5344827586206896,27.0,0.46551724137931033,0.5344827586206896,2
S22,EmaTentCaseS00E50B50M075,0.957565188407898,0.957565188407898,0.6626242995262146,1,0.021217405796051025,0.5,0.478782594203949,0.0,0.0,0,64,25,0.390625,39.0,0.609375,0.609375,2
S22,EmaTentCaseS00E50B50M075,0.8886658549308777,0.8886658549308777,0.7221701741218567,1,0.05566707253456116,0.5,0.44433292746543884,0.0,0.0,1,64,41,0.640625,23.0,0.359375,0.640625,2
S22,EmaTentCaseS00E50B50M075,0.9699413776397705,0.9699413776397705,0.6231293678283691,1,0.015029311180114746,0.5,0.48497068881988525,0.0,0.0,2,64,36,0.5625,28.0,0.4375,0.5625,2
S22,EmaTentCaseS00E50B50M075,0.8565748929977417,0.8565748929977417,0.7196692228317261,1,0.07171255350112915,0.5,0.42828744649887085,0.0,0.0,3,58,31,0.5344827586206896,27.0,0.46551724137931033,0.5344827586206896,2
S22,EmaTentCaseS00E50B50M080,0.957565188407898,0.957565188407898,0.6626242995262146,1,0.021217405796051025,0.5,0.478782594203949,0.0,0.0,0,64,25,0.390625,39.0,0.609375,0.609375,2
S22,EmaTentCaseS00E50B50M080,0.8786727786064148,0.8786727786064148,0.7281365394592285,1,0.0606636106967926,0.5,0.4393363893032074,0.0,0.0,1,64,41,0.640625,23.0,0.359375,0.640625,2
S22,EmaTentCaseS00E50B50M080,0.9627545475959778,0.9627545475959778,0.6313160061836243,1,0.01862272620201111,0.5,0.4813772737979889,0.0,0.0,2,64,36,0.5625,28.0,0.4375,0.5625,2
S22,EmaTentCaseS00E50B50M080,0.8592182993888855,0.8592182993888855,0.7183098196983337,1,0.07039085030555725,0.5,0.42960914969444275,0.0,0.0,3,58,31,0.5344827586206896,27.0,0.46551724137931033,0.5344827586206896,2
S22,EmaTentCaseS10E40B50M075,0.9575638175010681,0.9575638175010681,0.6626249551773071,1,0.12121809124946595,0.4,0.47878190875053406,0.0,0.0,0,64,25,0.390625,39.0,0.609375,0.609375,2
S22,EmaTentCaseS10E40B50M075,0.8786719441413879,0.8786719441413879,0.7281370759010315,1,0.16066402792930604,0.4,0.43933597207069397,0.0,0.0,1,64,41,0.640625,23.0,0.359375,0.640625,2
S22,EmaTentCaseS10E40B50M075,0.9615002274513245,0.9615002274513245,0.632846474647522,1,0.11924988627433777,0.4,0.48075011372566223,0.0,0.0,2,64,36,0.5625,28.0,0.4375,0.5625,2
S22,EmaTentCaseS10E40B50M075,0.8523223400115967,0.8523223400115967,0.7233131527900696,1,0.17383882999420167,0.4,0.42616117000579834,0.0,0.0,3,58,31,0.5344827586206896,27.0,0.46551724137931033,0.5344827586206896,2
S23,EmaTentGridS20E50B30M075,0.9948974251747131,0.9948974251747131,0.629024088382721,1,0.20153077244758608,0.5,0.29846922755241395,0.0,0.0,0,64,19,0.296875,45.0,0.703125,0.703125,2
S23,EmaTentGridS20E50B30M075,0.8704268336296082,0.8704268336296082,0.708674967288971,1,0.23887194991111757,0.5,0.26112805008888246,0.0,0.0,1,64,38,0.59375,26.0,0.40625,0.59375,2
S23,EmaTentGridS20E50B30M075,0.8950366377830505,0.8950366377830505,0.6883782148361206,1,0.23148900866508484,0.5,0.26851099133491513,0.0,0.0,2,64,46,0.71875,18.0,0.28125,0.71875,2
S23,EmaTentGridS20E50B30M075,0.8954727053642273,0.8954727053642273,0.6921114921569824,1,0.23135818839073183,0.5,0.2686418116092682,0.0,0.0,3,51,21,0.4117647058823529,30.0,0.5882352941176471,0.5882352941176471,2
S23,EmaTentCaseS20E50B30M060,0.9948974251747131,0.9948974251747131,0.629024088382721,1,0.20153077244758608,0.5,0.29846922755241395,0.0,0.0,0,64,19,0.296875,45.0,0.703125,0.703125,2
S23,EmaTentCaseS20E50B30M060,0.8646231889724731,0.8646231889724731,0.7131456136703491,1,0.24061304330825806,0.5,0.25938695669174194,0.0,0.0,1,64,38,0.59375,26.0,0.40625,0.59375,2
S23,EmaTentCaseS20E50B30M060,0.9194799661636353,0.9194799661636353,0.6654778718948364,1,0.22415601015090944,0.5,0.2758439898490906,0.0,0.0,2,64,46,0.71875,18.0,0.28125,0.71875,2
S23,EmaTentCaseS20E50B30M060,0.9190133810043335,0.9190133810043335,0.6695772409439087,1,0.22429598569869996,0.5,0.27570401430130004,0.0,0.0,3,51,21,0.4117647058823529,30.0,0.5882352941176471,0.5882352941176471,2
S23,EmaTentCaseS20E50B30M065,0.9948974251747131,0.9948974251747131,0.629024088382721,1,0.20153077244758608,0.5,0.29846922755241395,0.0,0.0,0,64,19,0.296875,45.0,0.703125,0.703125,2
S23,EmaTentCaseS20E50B30M065,0.8654279708862305,0.8654279708862305,0.7125320434570312,1,0.24037160873413088,0.5,0.2596283912658691,0.0,0.0,1,64,38,0.59375,26.0,0.40625,0.59375,2
S23,EmaTentCaseS20E50B30M065,0.9115396738052368,0.9115396738052368,0.6732803583145142,1,0.22653809785842896,0.5,0.273461902141571,0.0,0.0,2,64,46,0.71875,18.0,0.28125,0.71875,2
S23,EmaTentCaseS20E50B30M065,0.9130438566207886,0.9130438566207886,0.6756089329719543,1,0.22608684301376344,0.5,0.2739131569862366,0.0,0.0,3,51,21,0.4117647058823529,30.0,0.5882352941176471,0.5882352941176471,2
S23,EmaTentCaseS20E50B30M070,0.9948974251747131,0.9948974251747131,0.629024088382721,1,0.20153077244758608,0.5,0.29846922755241395,0.0,0.0,0,64,19,0.296875,45.0,0.703125,0.703125,2
S23,EmaTentCaseS20E50B30M070,0.8675472140312195,0.8675472140312195,0.7109066247940063,1,0.23973583579063418,0.5,0.2602641642093658,0.0,0.0,1,64,38,0.59375,26.0,0.40625,0.59375,2
S23,EmaTentCaseS20E50B30M070,0.9031882286071777,0.9031882286071777,0.6810936331748962,1,0.2290435314178467,0.5,0.27095646858215333,0.0,0.0,2,64,46,0.71875,18.0,0.28125,0.71875,2
S23,EmaTentCaseS20E50B30M070,0.9051473736763,0.9051473736763,0.6832805275917053,1,0.22845578789711,0.5,0.27154421210289,0.0,0.0,3,51,21,0.4117647058823529,30.0,0.5882352941176471,0.5882352941176471,2
S23,EmaTentCaseS10E50B40M070,0.9948974251747131,0.9948974251747131,0.629024088382721,1,0.10204102993011475,0.5,0.3979589700698853,0.0,0.0,0,64,19,0.296875,45.0,0.703125,0.703125,2
S23,EmaTentCaseS10E50B40M070,0.8696542382240295,0.8696542382240295,0.7092763185501099,1,0.1521383047103882,0.5,0.34786169528961186,0.0,0.0,1,64,38,0.59375,26.0,0.40625,0.59375,2
S23,EmaTentCaseS10E50B40M070,0.8948090672492981,0.8948090672492981,0.6885772943496704,1,0.14207637310028076,0.5,0.35792362689971924,0.0,0.0,2,64,46,0.71875,18.0,0.28125,0.71875,2
S23,EmaTentCaseS10E50B40M070,0.8932936787605286,0.8932936787605286,0.6948665976524353,1,0.14268252849578858,0.5,0.35731747150421145,0.0,0.0,3,51,21,0.4117647058823529,30.0,0.5882352941176471,0.5882352941176471,2
S23,EmaTentCaseS10E50B40M075,0.9948974251747131,0.9948974251747131,0.629024088382721,1,0.10204102993011475,0.5,0.3979589700698853,0.0,0.0,0,64,19,0.296875,45.0,0.703125,0.703125,2
S23,EmaTentCaseS10E50B40M075,0.8727463483810425,0.8727463483810425,0.7068573236465454,1,0.15090146064758303,0.5,0.349098539352417,0.0,0.0,1,64,38,0.59375,26.0,0.40625,0.59375,2
S23,EmaTentCaseS10E50B40M075,0.8891746997833252,0.8891746997833252,0.6934296488761902,1,0.14433012008666993,0.5,0.3556698799133301,0.0,0.0,2,64,46,0.71875,18.0,0.28125,0.71875,2
S23,EmaTentCaseS10E50B40M075,0.8853973150253296,0.8853973150253296,0.7018696665763855,1,0.14584107398986818,0.5,0.3541589260101319,0.0,0.0,3,51,21,0.4117647058823529,30.0,0.5882352941176471,0.5882352941176471,2
S23,EmaTentCaseS10E50B40M080,0.9948974251747131,0.9948974251747131,0.629024088382721,1,0.10204102993011475,0.5,0.3979589700698853,0.0,0.0,0,64,19,0.296875,45.0,0.703125,0.703125,2
S23,EmaTentCaseS10E50B40M080,0.8762392997741699,0.8762392997741699,0.7043434381484985,1,0.14950428009033204,0.5,0.350495719909668,0.0,0.0,1,64,38,0.59375,26.0,0.40625,0.59375,2
S23,EmaTentCaseS10E50B40M080,0.8846982717514038,0.8846982717514038,0.6971904039382935,1,0.1461206912994385,0.5,0.35387930870056156,0.0,0.0,2,64,46,0.71875,18.0,0.28125,0.71875,2
S23,EmaTentCaseS10E50B40M080,0.8761371374130249,0.8761371374130249,0.7102461457252502,1,0.14954514503479005,0.5,0.35045485496521,0.0,0.0,3,51,21,0.4117647058823529,30.0,0.5882352941176471,0.5882352941176471,2
S23,EmaTentCaseS00E50B50M070,0.9948974251747131,0.9948974251747131,0.629024088382721,1,0.0025512874126434326,0.5,0.49744871258735657,0.0,0.0,0,64,19,0.296875,45.0,0.703125,0.703125,2
S23,EmaTentCaseS00E50B50M070,0.8711888790130615,0.8711888790130615,0.7080797553062439,1,0.06440556049346924,0.5,0.43559443950653076,0.0,0.0,1,64,38,0.59375,26.0,0.40625,0.59375,2
S23,EmaTentCaseS00E50B50M070,0.8873724937438965,0.8873724937438965,0.6949535012245178,1,0.05631375312805176,0.5,0.44368624687194824,0.0,0.0,2,64,46,0.71875,18.0,0.28125,0.71875,2
S23,EmaTentCaseS00E50B50M070,0.8818477392196655,0.8818477392196655,0.7049864530563354,1,0.059076130390167236,0.5,0.44092386960983276,0.0,0.0,3,51,21,0.4117647058823529,30.0,0.5882352941176471,0.5882352941176471,2
S23,EmaTentCaseS00E50B50M075,0.9948974251747131,0.9948974251747131,0.629024088382721,1,0.0025512874126434326,0.5,0.49744871258735657,0.0,0.0,0,64,19,0.296875,45.0,0.703125,0.703125,2
S23,EmaTentCaseS00E50B50M075,0.8745273947715759,0.8745273947715759,0.7056275010108948,1,0.06273630261421204,0.5,0.43726369738578796,0.0,0.0,1,64,38,0.59375,26.0,0.40625,0.59375,2
S23,EmaTentCaseS00E50B50M075,0.8836596012115479,0.8836596012115479,0.6980516910552979,1,0.058170199394226074,0.5,0.4418298006057739,0.0,0.0,2,64,46,0.71875,18.0,0.28125,0.71875,2
S23,EmaTentCaseS00E50B50M075,0.8764364719390869,0.8764364719390869,0.709839940071106,1,0.06178176403045654,0.5,0.43821823596954346,0.0,0.0,3,51,21,0.4117647058823529,30.0,0.5882352941176471,0.5882352941176471,2
S23,EmaTentCaseS00E50B50M080,0.9948974251747131,0.9948974251747131,0.629024088382721,1,0.0025512874126434326,0.5,0.49744871258735657,0.0,0.0,0,64,19,0.296875,45.0,0.703125,0.703125,2
S23,EmaTentCaseS00E50B50M080,0.8780601620674133,0.8780601620674133,0.7030483484268188,1,0.060969918966293335,0.5,0.43903008103370667,0.0,0.0,1,64,38,0.59375,26.0,0.40625,0.59375,2
S23,EmaTentCaseS00E50B50M080,0.880745530128479,0.880745530128479,0.7004455327987671,1,0.0596272349357605,0.5,0.4403727650642395,0.0,0.0,2,64,46,0.71875,18.0,0.28125,0.71875,2
S23,EmaTentCaseS00E50B50M080,0.8692257404327393,0.8692257404327393,0.716783344745636,1,0.06538712978363037,0.5,0.43461287021636963,0.0,0.0,3,51,21,0.4117647058823529,30.0,0.5882352941176471,0.5882352941176471,2
S23,EmaTentCaseS10E40B50M075,0.9948977828025818,0.9948977828025818,0.629023551940918,1,0.10255110859870911,0.4,0.4974488914012909,0.0,0.0,0,64,19,0.296875,45.0,0.703125,0.703125,2
S23,EmaTentCaseS10E40B50M075,0.8780603408813477,0.8780603408813477,0.7030482292175293,1,0.16096982955932618,0.4,0.43903017044067383,0.0,0.0,1,64,38,0.59375,26.0,0.40625,0.59375,2
S23,EmaTentCaseS10E40B50M075,0.8811999559402466,0.8811999559402466,0.700074315071106,1,0.15940002202987671,0.4,0.4405999779701233,0.0,0.0,2,64,46,0.71875,18.0,0.28125,0.71875,2
S23,EmaTentCaseS10E40B50M075,0.8685305118560791,0.8685305118560791,0.7176188826560974,1,0.16573474407196045,0.4,0.43426525592803955,0.0,0.0,3,51,21,0.4117647058823529,30.0,0.5882352941176471,0.5882352941176471,2
S24,EmaTentGridS20E50B30M075,0.7968876957893372,0.7968876957893372,0.7598392963409424,1,0.2609336912631989,0.5,0.23906630873680113,0.0,0.0,0,64,8,0.125,56.0,0.875,0.875,2
S24,EmaTentGridS20E50B30M075,0.9891289472579956,0.9891289472579956,0.635985255241394,1,0.20326131582260132,0.5,0.2967386841773987,0.0,0.0,1,64,49,0.765625,15.0,0.234375,0.765625,2
S24,EmaTentGridS20E50B30M075,0.937082827091217,0.937082827091217,0.6520634889602661,1,0.2188751518726349,0.5,0.2811248481273651,0.0,0.0,2,64,20,0.3125,44.0,0.6875,0.6875,2
S24,EmaTentGridS20E50B30M075,0.847430408000946,0.847430408000946,0.7257975935935974,1,0.2457708775997162,0.5,0.2542291224002838,0.0,0.0,3,5,0,0.0,5.0,1.0,1.0,1
S24,EmaTentCaseS20E50B30M060,0.7968876957893372,0.7968876957893372,0.7598392963409424,1,0.2609336912631989,0.5,0.23906630873680113,0.0,0.0,0,64,8,0.125,56.0,0.875,0.875,2
S24,EmaTentCaseS20E50B30M060,0.9985700249671936,0.9985700249671936,0.6198244094848633,1,0.20042899250984192,0.5,0.2995710074901581,0.0,0.0,1,64,49,0.765625,15.0,0.234375,0.765625,2
S24,EmaTentCaseS20E50B30M060,0.9519035220146179,0.9519035220146179,0.6394342184066772,1,0.21442894339561464,0.5,0.28557105660438536,0.0,0.0,2,64,20,0.3125,44.0,0.6875,0.6875,2
S24,EmaTentCaseS20E50B30M060,0.8794912695884705,0.8794912695884705,0.7016311883926392,1,0.23615261912345886,0.5,0.26384738087654114,0.0,0.0,3,5,0,0.0,5.0,1.0,1.0,1
S24,EmaTentCaseS20E50B30M065,0.7968876957893372,0.7968876957893372,0.7598392963409424,1,0.2609336912631989,0.5,0.23906630873680113,0.0,0.0,0,64,8,0.125,56.0,0.875,0.875,2
S24,EmaTentCaseS20E50B30M065,0.9964320659637451,0.9964320659637451,0.6237597465515137,1,0.20107038021087648,0.5,0.2989296197891235,0.0,0.0,1,64,49,0.765625,15.0,0.234375,0.765625,2
S24,EmaTentCaseS20E50B30M065,0.9447144865989685,0.9447144865989685,0.645672082901001,1,0.21658565402030946,0.5,0.28341434597969056,0.0,0.0,2,64,20,0.3125,44.0,0.6875,0.6875,2
S24,EmaTentCaseS20E50B30M065,0.8698880672454834,0.8698880672454834,0.7090945243835449,1,0.23903357982635498,0.5,0.260966420173645,0.0,0.0,3,5,0,0.0,5.0,1.0,1.0,1
S24,EmaTentCaseS20E50B30M070,0.7968876957893372,0.7968876957893372,0.7598392963409424,1,0.2609336912631989,0.5,0.23906630873680113,0.0,0.0,0,64,8,0.125,56.0,0.875,0.875,2
S24,EmaTentCaseS20E50B30M070,0.9932794570922852,0.9932794570922852,0.6299108266830444,1,0.20201616287231447,0.5,0.29798383712768556,0.0,0.0,1,64,49,0.765625,15.0,0.234375,0.765625,2
S24,EmaTentCaseS20E50B30M070,0.9396169185638428,0.9396169185638428,0.6500391960144043,1,0.21811492443084718,0.5,0.2818850755691528,0.0,0.0,2,64,20,0.3125,44.0,0.6875,0.6875,2
S24,EmaTentCaseS20E50B30M070,0.8589879870414734,0.8589879870414734,0.7173861861228943,1,0.242303603887558,0.5,0.257696396112442,0.0,0.0,3,5,0,0.0,5.0,1.0,1.0,1
S24,EmaTentCaseS10E50B40M070,0.7968876957893372,0.7968876957893372,0.7598392963409424,1,0.18124492168426515,0.5,0.3187550783157349,0.0,0.0,0,64,8,0.125,56.0,0.875,0.875,2
S24,EmaTentCaseS10E50B40M070,0.9942430257797241,0.9942430257797241,0.6297430992126465,1,0.10230278968811035,0.5,0.39769721031188965,0.0,0.0,1,64,49,0.765625,15.0,0.234375,0.765625,2
S24,EmaTentCaseS10E50B40M070,0.92941814661026,0.92941814661026,0.6603668928146362,1,0.12823274135589602,0.5,0.37176725864410404,0.0,0.0,2,64,20,0.3125,44.0,0.6875,0.6875,2
S24,EmaTentCaseS10E50B40M070,0.8351470828056335,0.8351470828056335,0.7343541979789734,1,0.16594116687774657,0.5,0.33405883312225343,0.0,0.0,3,5,0,0.0,5.0,1.0,1.0,1
S24,EmaTentCaseS10E50B40M075,0.7968876957893372,0.7968876957893372,0.7598392963409424,1,0.18124492168426515,0.5,0.3187550783157349,0.0,0.0,0,64,8,0.125,56.0,0.875,0.875,2
S24,EmaTentCaseS10E50B40M075,0.9900534749031067,0.9900534749031067,0.6357982158660889,1,0.10397861003875733,0.5,0.3960213899612427,0.0,0.0,1,64,49,0.765625,15.0,0.234375,0.765625,2
S24,EmaTentCaseS10E50B40M075,0.928991973400116,0.928991973400116,0.660181999206543,1,0.12840321063995364,0.5,0.3715967893600464,0.0,0.0,2,64,20,0.3125,44.0,0.6875,0.6875,2
S24,EmaTentCaseS10E50B40M075,0.8260577917098999,0.8260577917098999,0.7404557466506958,1,0.16957688331604004,0.5,0.33042311668395996,0.0,0.0,3,5,0,0.0,5.0,1.0,1.0,1
S24,EmaTentCaseS10E50B40M080,0.7968876957893372,0.7968876957893372,0.7598392963409424,1,0.18124492168426515,0.5,0.3187550783157349,0.0,0.0,0,64,8,0.125,56.0,0.875,0.875,2
S24,EmaTentCaseS10E50B40M080,0.9848631024360657,0.9848631024360657,0.641268789768219,1,0.10605475902557374,0.5,0.3939452409744263,0.0,0.0,1,64,49,0.765625,15.0,0.234375,0.765625,2
S24,EmaTentCaseS10E50B40M080,0.9310163855552673,0.9310163855552673,0.6572756767272949,1,0.12759344577789308,0.5,0.37240655422210694,0.0,0.0,2,64,20,0.3125,44.0,0.6875,0.6875,2
S24,EmaTentCaseS10E50B40M080,0.8175536394119263,0.8175536394119263,0.7460018992424011,1,0.17297854423522951,0.5,0.32702145576477054,0.0,0.0,3,5,0,0.0,5.0,1.0,1.0,1
S24,EmaTentCaseS00E50B50M070,0.7968876957893372,0.7968876957893372,0.7598392963409424,1,0.10155615210533142,0.5,0.3984438478946686,0.0,0.0,0,64,8,0.125,56.0,0.875,0.875,2
S24,EmaTentCaseS00E50B50M070,0.9947659373283386,0.9947659373283386,0.6304275393486023,1,0.0026170313358306885,0.5,0.4973829686641693,0.0,0.0,1,64,49,0.765625,15.0,0.234375,0.765625,2
S24,EmaTentCaseS00E50B50M070,0.9209778308868408,0.9209778308868408,0.6684104800224304,1,0.03951108455657959,0.5,0.4604889154434204,0.0,0.0,2,64,20,0.3125,44.0,0.6875,0.6875,2
S24,EmaTentCaseS00E50B50M070,0.8146713376045227,0.8146713376045227,0.747847855091095,1,0.09266433119773865,0.5,0.40733566880226135,0.0,0.0,3,5,0,0.0,5.0,1.0,1.0,1
S24,EmaTentCaseS00E50B50M075,0.7968876957893372,0.7968876957893372,0.7598392963409424,1,0.10155615210533142,0.5,0.3984438478946686,0.0,0.0,0,64,8,0.125,56.0,0.875,0.875,2
S24,EmaTentCaseS00E50B50M075,0.9906068444252014,0.9906068444252014,0.6361876726150513,1,0.004696577787399292,0.5,0.4953034222126007,0.0,0.0,1,64,49,0.765625,15.0,0.234375,0.765625,2
S24,EmaTentCaseS00E50B50M075,0.9221998453140259,0.9221998453140259,0.6665505170822144,1,0.03890007734298706,0.5,0.46109992265701294,0.0,0.0,2,64,20,0.3125,44.0,0.6875,0.6875,2
S24,EmaTentCaseS00E50B50M075,0.8075413703918457,0.8075413703918457,0.7523443102836609,1,0.09622931480407715,0.5,0.40377068519592285,0.0,0.0,3,5,0,0.0,5.0,1.0,1.0,1
S24,EmaTentCaseS00E50B50M080,0.7968876957893372,0.7968876957893372,0.7598392963409424,1,0.10155615210533142,0.5,0.3984438478946686,0.0,0.0,0,64,8,0.125,56.0,0.875,0.875,2
S24,EmaTentCaseS00E50B50M080,0.9853135347366333,0.9853135347366333,0.6416969299316406,1,0.00734323263168335,0.5,0.49265676736831665,0.0,0.0,1,64,49,0.765625,15.0,0.234375,0.765625,2
S24,EmaTentCaseS00E50B50M080,0.9260509014129639,0.9260509014129639,0.6621501445770264,1,0.036974549293518066,0.5,0.46302545070648193,0.0,0.0,2,64,20,0.3125,44.0,0.6875,0.6875,2
S24,EmaTentCaseS00E50B50M080,0.8008360266685486,0.8008360266685486,0.7564855813980103,1,0.09958198666572571,0.5,0.4004180133342743,0.0,0.0,3,5,0,0.0,5.0,1.0,1.0,1
S24,EmaTentCaseS10E40B50M075,0.7968878746032715,0.7968878746032715,0.7598391771316528,1,0.20155606269836426,0.4,0.39844393730163574,0.0,0.0,0,64,8,0.125,56.0,0.875,0.875,2
S24,EmaTentCaseS10E40B50M075,0.9853135347366333,0.9853135347366333,0.6416969299316406,1,0.10734323263168336,0.4,0.49265676736831665,0.0,0.0,1,64,49,0.765625,15.0,0.234375,0.765625,2
S24,EmaTentCaseS10E40B50M075,0.928857147693634,0.928857147693634,0.6591737270355225,1,0.135571426153183,0.4,0.464428573846817,0.0,0.0,2,64,20,0.3125,44.0,0.6875,0.6875,2
S24,EmaTentCaseS10E40B50M075,0.8042040467262268,0.8042040467262268,0.7544156908988953,1,0.1978979766368866,0.4,0.4021020233631134,0.0,0.0,3,5,0,0.0,5.0,1.0,1.0,1
S25,EmaTentGridS20E50B30M075,0.8617836236953735,0.8617836236953735,0.7180684208869934,1,0.24146491289138794,0.5,0.25853508710861206,0.0,0.0,0,64,22,0.34375,42.0,0.65625,0.65625,2
S25,EmaTentGridS20E50B30M075,0.7537904977798462,0.7537904977798462,0.7938827276229858,1,0.27386285066604615,0.5,0.22613714933395385,0.0,0.0,1,64,36,0.5625,28.0,0.4375,0.5625,2
S25,EmaTentGridS20E50B30M075,0.999619722366333,0.999619722366333,0.6021945476531982,1,0.2001140832901001,0.5,0.2998859167098999,0.0,0.0,2,64,40,0.625,24.0,0.375,0.625,2
S25,EmaTentGridS20E50B30M075,0.9017504453659058,0.9017504453659058,0.7551334500312805,1,0.2294748663902283,0.5,0.2705251336097717,0.0,0.0,3,53,26,0.49056603773584906,27.0,0.5094339622641509,0.5094339622641509,2
S25,EmaTentCaseS20E50B30M060,0.8617836236953735,0.8617836236953735,0.7180684208869934,1,0.24146491289138794,0.5,0.25853508710861206,0.0,0.0,0,64,22,0.34375,42.0,0.65625,0.65625,2
S25,EmaTentCaseS20E50B30M060,0.8050190806388855,0.8050190806388855,0.7705724239349365,1,0.25849427580833434,0.5,0.24150572419166563,0.0,0.0,1,64,36,0.5625,28.0,0.4375,0.5625,2
S25,EmaTentCaseS20E50B30M060,0.9645314812660217,0.9645314812660217,0.6667861938476562,1,0.2106405556201935,0.5,0.2893594443798065,0.0,0.0,2,64,40,0.625,24.0,0.375,0.625,2
S25,EmaTentCaseS20E50B30M060,0.9279969930648804,0.9279969930648804,0.7920558452606201,1,0.2216009020805359,0.5,0.2783990979194641,0.0,0.0,3,53,26,0.49056603773584906,27.0,0.5094339622641509,0.5094339622641509,2
S25,EmaTentCaseS20E50B30M065,0.8617836236953735,0.8617836236953735,0.7180684208869934,1,0.24146491289138794,0.5,0.25853508710861206,0.0,0.0,0,64,22,0.34375,42.0,0.65625,0.65625,2
S25,EmaTentCaseS20E50B30M065,0.7873148322105408,0.7873148322105408,0.7787712812423706,1,0.2638055503368378,0.5,0.23619444966316222,0.0,0.0,1,64,36,0.5625,28.0,0.4375,0.5625,2
S25,EmaTentCaseS20E50B30M065,0.9797200560569763,0.9797200560569763,0.6479728817939758,1,0.2060839831829071,0.5,0.2939160168170929,0.0,0.0,2,64,40,0.625,24.0,0.375,0.625,2
S25,EmaTentCaseS20E50B30M065,0.9273070693016052,0.9273070693016052,0.7825927734375,1,0.22180787920951844,0.5,0.27819212079048156,0.0,0.0,3,53,26,0.49056603773584906,27.0,0.5094339622641509,0.5094339622641509,2
S25,EmaTentCaseS20E50B30M070,0.8617836236953735,0.8617836236953735,0.7180684208869934,1,0.24146491289138794,0.5,0.25853508710861206,0.0,0.0,0,64,22,0.34375,42.0,0.65625,0.65625,2
S25,EmaTentCaseS20E50B30M070,0.7702420353889465,0.7702420353889465,0.7863514423370361,1,0.26892738938331606,0.5,0.23107261061668394,0.0,0.0,1,64,36,0.5625,28.0,0.4375,0.5625,2
S25,EmaTentCaseS20E50B30M070,0.9927569627761841,0.9927569627761841,0.6250741481781006,1,0.20217291116714478,0.5,0.2978270888328552,0.0,0.0,2,64,40,0.625,24.0,0.375,0.625,2
S25,EmaTentCaseS20E50B30M070,0.919408917427063,0.919408917427063,0.7701797485351562,1,0.22417732477188113,0.5,0.2758226752281189,0.0,0.0,3,53,26,0.49056603773584906,27.0,0.5094339622641509,0.5094339622641509,2
S25,EmaTentCaseS10E50B40M070,0.8617836236953735,0.8617836236953735,0.7180684208869934,1,0.15528655052185059,0.5,0.3447134494781494,0.0,0.0,0,64,22,0.34375,42.0,0.65625,0.65625,2
S25,EmaTentCaseS10E50B40M070,0.7585050463676453,0.7585050463676453,0.7915408611297607,1,0.1965979814529419,0.5,0.3034020185470581,0.0,0.0,1,64,36,0.5625,28.0,0.4375,0.5625,2
S25,EmaTentCaseS10E50B40M070,0.9986110925674438,0.9986110925674438,0.6112595796585083,1,0.10055556297302247,0.5,0.3994444370269776,0.0,0.0,2,64,40,0.625,24.0,0.375,0.625,2
S25,EmaTentCaseS10E50B40M070,0.8834413290023804,0.8834413290023804,0.7564848065376282,1,0.14662346839904786,0.5,0.35337653160095217,0.0,0.0,3,53,26,0.49056603773584906,27.0,0.5094339622641509,0.5094339622641509,2
S25,EmaTentCaseS10E50B40M075,0.8617836236953735,0.8617836236953735,0.7180684208869934,1,0.15528655052185059,0.5,0.3447134494781494,0.0,0.0,0,64,22,0.34375,42.0,0.65625,0.65625,2
S25,EmaTentCaseS10E50B40M075,0.7442861199378967,0.7442861199378967,0.7981144189834595,1,0.20228555202484133,0.5,0.2977144479751587,0.0,0.0,1,64,36,0.5625,28.0,0.4375,0.5625,2
S25,EmaTentCaseS10E50B40M075,0.9996010065078735,0.9996010065078735,0.5972567200660706,1,0.1001595973968506,0.5,0.39984040260314946,0.0,0.0,2,64,40,0.625,24.0,0.375,0.625,2
S25,EmaTentCaseS10E50B40M075,0.8677531480789185,0.8677531480789185,0.7525436282157898,1,0.15289874076843263,0.5,0.3471012592315674,0.0,0.0,3,53,26,0.49056603773584906,27.0,0.5094339622641509,0.5094339622641509,2
S25,EmaTentCaseS10E50B40M080,0.8617836236953735,0.8617836236953735,0.7180684208869934,1,0.15528655052185059,0.5,0.3447134494781494,0.0,0.0,0,64,22,0.34375,42.0,0.65625,0.65625,2
S25,EmaTentCaseS10E50B40M080,0.7306116223335266,0.7306116223335266,0.8041656017303467,1,0.20775535106658938,0.5,0.2922446489334107,0.0,0.0,1,64,36,0.5625,28.0,0.4375,0.5625,2
S25,EmaTentCaseS10E50B40M080,0.9932325482368469,0.9932325482368469,0.5966187715530396,1,0.10270698070526124,0.5,0.3972930192947388,0.0,0.0,2,64,40,0.625,24.0,0.375,0.625,2
S25,EmaTentCaseS10E50B40M080,0.8414275050163269,0.8414275050163269,0.756237268447876,1,0.16342899799346924,0.5,0.3365710020065308,0.0,0.0,3,53,26,0.49056603773584906,27.0,0.5094339622641509,0.5094339622641509,2
S25,EmaTentCaseS00E50B50M070,0.8617836236953735,0.8617836236953735,0.7180684208869934,1,0.06910818815231323,0.5,0.43089181184768677,0.0,0.0,0,64,22,0.34375,42.0,0.65625,0.65625,2
S25,EmaTentCaseS00E50B50M070,0.7466381788253784,0.7466381788253784,0.7969563007354736,1,0.1266809105873108,0.5,0.3733190894126892,0.0,0.0,1,64,36,0.5625,28.0,0.4375,0.5625,2
S25,EmaTentCaseS00E50B50M070,0.9999644160270691,0.9999644160270691,0.6026694178581238,1,1.77919864654541e-05,0.5,0.49998220801353455,0.0,0.0,2,64,40,0.625,24.0,0.375,0.625,2
S25,EmaTentCaseS00E50B50M070,0.8481267690658569,0.8481267690658569,0.7589412331581116,1,0.07593661546707153,0.5,0.42406338453292847,0.0,0.0,3,53,26,0.49056603773584906,27.0,0.5094339622641509,0.5094339622641509,2
S25,EmaTentCaseS00E50B50M075,0.8617836236953735,0.8617836236953735,0.7180684208869934,1,0.06910818815231323,0.5,0.43089181184768677,0.0,0.0,0,64,22,0.34375,42.0,0.65625,0.65625,2
S25,EmaTentCaseS00E50B50M075,0.7347792983055115,0.7347792983055115,0.8022906184196472,1,0.13261035084724426,0.5,0.36738964915275574,0.0,0.0,1,64,36,0.5625,28.0,0.4375,0.5625,2
S25,EmaTentCaseS00E50B50M075,0.9968569874763489,0.9968569874763489,0.5971646308898926,1,0.0015715062618255615,0.5,0.49842849373817444,0.0,0.0,2,64,40,0.625,24.0,0.375,0.625,2
S25,EmaTentCaseS00E50B50M075,0.8353320956230164,0.8353320956230164,0.7599437832832336,1,0.08233395218849182,0.5,0.4176660478115082,0.0,0.0,3,53,26,0.49056603773584906,27.0,0.5094339622641509,0.5094339622641509,2
S25,EmaTentCaseS00E50B50M080,0.8617836236953735,0.8617836236953735,0.7180684208869934,1,0.06910818815231323,0.5,0.43089181184768677,0.0,0.0,0,64,22,0.34375,42.0,0.65625,0.65625,2
S25,EmaTentCaseS00E50B50M080,0.7231394052505493,0.7231394052505493,0.8073451519012451,1,0.13843029737472534,0.5,0.36156970262527466,0.0,0.0,1,64,36,0.5625,28.0,0.4375,0.5625,2
S25,EmaTentCaseS00E50B50M080,0.9879004955291748,0.9879004955291748,0.6035469770431519,1,0.006049752235412598,0.5,0.4939502477645874,0.0,0.0,2,64,40,0.625,24.0,0.375,0.625,2
S25,EmaTentCaseS00E50B50M080,0.8135843873023987,0.8135843873023987,0.7664790749549866,1,0.09320780634880066,0.5,0.40679219365119934,0.0,0.0,3,53,26,0.49056603773584906,27.0,0.5094339622641509,0.5094339622641509,2
S25,EmaTentCaseS10E40B50M075,0.8617849349975586,0.8617849349975586,0.7180675268173218,1,0.1691075325012207,0.4,0.4308924674987793,0.0,0.0,0,64,22,0.34375,42.0,0.65625,0.65625,2
S25,EmaTentCaseS10E40B50M075,0.7231379151344299,0.7231379151344299,0.8073463439941406,1,0.23843104243278504,0.4,0.36156895756721497,0.0,0.0,1,64,36,0.5625,28.0,0.4375,0.5625,2
S25,EmaTentCaseS10E40B50M075,0.986866295337677,0.986866295337677,0.604538083076477,1,0.1065668523311615,0.4,0.4934331476688385,0.0,0.0,2,64,40,0.625,24.0,0.375,0.625,2
S25,EmaTentCaseS10E40B50M075,0.7995360493659973,0.7995360493659973,0.7717767953872681,1,0.20023197531700135,0.4,0.39976802468299866,0.0,0.0,3,53,26,0.49056603773584906,27.0,0.5094339622641509,0.5094339622641509,2
S26,EmaTentGridS20E50B30M075,0.8343570828437805,0.8343570828437805,0.771648108959198,1,0.24969287514686586,0.5,0.25030712485313417,0.0,0.0,0,64,53,0.828125,11.0,0.171875,0.828125,2
S26,EmaTentGridS20E50B30M075,0.9633131623268127,0.9633131623268127,0.6866620779037476,1,0.21100605130195618,0.5,0.2889939486980438,0.0,0.0,1,64,43,0.671875,21.0,0.328125,0.671875,2
S26,EmaTentGridS20E50B30M075,0.9052608013153076,0.9052608013153076,0.6999858617782593,1,0.22842175960540773,0.5,0.2715782403945923,0.0,0.0,2,64,42,0.65625,22.0,0.34375,0.65625,2
S26,EmaTentGridS20E50B30M075,0.8237255215644836,0.8237255215644836,0.7513253092765808,1,0.2528823435306549,0.5,0.24711765646934508,0.0,0.0,3,64,26,0.40625,38.0,0.59375,0.59375,2
S26,EmaTentGridS20E50B30M075,0.7590014934539795,0.7590014934539795,0.7806376218795776,1,0.2722995519638062,0.5,0.22770044803619383,0.0,0.0,4,47,17,0.3617021276595745,30.0,0.6382978723404256,0.6382978723404256,2
S26,EmaTentCaseS20E50B30M060,0.8343570828437805,0.8343570828437805,0.771648108959198,1,0.24969287514686586,0.5,0.25030712485313417,0.0,0.0,0,64,53,0.828125,11.0,0.171875,0.828125,2
S26,EmaTentCaseS20E50B30M060,0.8581246137619019,0.8581246137619019,0.7264640927314758,1,0.24256261587142947,0.5,0.25743738412857053,0.0,0.0,1,64,43,0.671875,21.0,0.328125,0.671875,2
S26,EmaTentCaseS20E50B30M060,0.8527995944023132,0.8527995944023132,0.7249014377593994,1,0.24416012167930604,0.5,0.25583987832069394,0.0,0.0,2,64,42,0.65625,22.0,0.34375,0.65625,2
S26,EmaTentCaseS20E50B30M060,0.8049960732460022,0.8049960732460022,0.7615702152252197,1,0.2585011780261993,0.5,0.24149882197380065,0.0,0.0,3,64,26,0.40625,38.0,0.59375,0.59375,2
S26,EmaTentCaseS20E50B30M060,0.7844316959381104,0.7844316959381104,0.7716714143753052,1,0.2646704912185669,0.5,0.2353295087814331,0.0,0.0,4,47,17,0.3617021276595745,30.0,0.6382978723404256,0.6382978723404256,2
S26,EmaTentCaseS20E50B30M065,0.8343570828437805,0.8343570828437805,0.771648108959198,1,0.24969287514686586,0.5,0.25030712485313417,0.0,0.0,0,64,53,0.828125,11.0,0.171875,0.828125,2
S26,EmaTentCaseS20E50B30M065,0.8984719514846802,0.8984719514846802,0.706697404384613,1,0.23045841455459595,0.5,0.269541585445404,0.0,0.0,1,64,43,0.671875,21.0,0.328125,0.671875,2
S26,EmaTentCaseS20E50B30M065,0.8645844459533691,0.8645844459533691,0.7186828851699829,1,0.24062466621398926,0.5,0.25937533378601074,0.0,0.0,2,64,42,0.65625,22.0,0.34375,0.65625,2
S26,EmaTentCaseS20E50B30M065,0.8062741160392761,0.8062741160392761,0.7604255676269531,1,0.25811776518821716,0.5,0.24188223481178284,0.0,0.0,3,64,26,0.40625,38.0,0.59375,0.59375,2
S26,EmaTentCaseS20E50B30M065,0.7713648676872253,0.7713648676872253,0.7753018736839294,1,0.2685905396938324,0.5,0.2314094603061676,0.0,0.0,4,47,17,0.3617021276595745,30.0,0.6382978723404256,0.6382978723404256,2
S26,EmaTentCaseS20E50B30M070,0.8343570828437805,0.8343570828437805,0.771648108959198,1,0.24969287514686586,0.5,0.25030712485313417,0.0,0.0,0,64,53,0.828125,11.0,0.171875,0.828125,2
S26,EmaTentCaseS20E50B30M070,0.9340778589248657,0.9340778589248657,0.6905364394187927,1,0.2197766423225403,0.5,0.2802233576774597,0.0,0.0,1,64,43,0.671875,21.0,0.328125,0.671875,2
S26,EmaTentCaseS20E50B30M070,0.8827130198478699,0.8827130198478699,0.7092031240463257,1,0.23518609404563906,0.5,0.26481390595436094,0.0,0.0,2,64,42,0.65625,22.0,0.34375,0.65625,2
S26,EmaTentCaseS20E50B30M070,0.811599612236023,0.811599612236023,0.7572526931762695,1,0.25652011632919314,0.5,0.24347988367080686,0.0,0.0,3,64,26,0.40625,38.0,0.59375,0.59375,2
S26,EmaTentCaseS20E50B30M070,0.759948194026947,0.759948194026947,0.780423104763031,1,0.2720155417919159,0.5,0.2279844582080841,0.0,0.0,4,47,17,0.3617021276595745,30.0,0.6382978723404256,0.6382978723404256,2
S26,EmaTentCaseS10E50B40M070,0.8343570828437805,0.8343570828437805,0.771648108959198,1,0.16625716686248782,0.5,0.33374283313751224,0.0,0.0,0,64,53,0.828125,11.0,0.171875,0.828125,2
S26,EmaTentCaseS10E50B40M070,0.9480003714561462,0.9480003714561462,0.6893117427825928,1,0.12079985141754152,0.5,0.37920014858245854,0.0,0.0,1,64,43,0.671875,21.0,0.328125,0.671875,2
S26,EmaTentCaseS10E50B40M070,0.8963350653648376,0.8963350653648376,0.7046844959259033,1,0.14146597385406495,0.5,0.3585340261459351,0.0,0.0,2,64,42,0.65625,22.0,0.34375,0.65625,2
S26,EmaTentCaseS10E50B40M070,0.8242740035057068,0.8242740035057068,0.7522487640380859,1,0.17029039859771727,0.5,0.3297096014022827,0.0,0.0,3,64,26,0.40625,38.0,0.59375,0.59375,2
S26,EmaTentCaseS10E50B40M070,0.7471041679382324,0.7471041679382324,0.7870392203330994,1,0.20115833282470705,0.5,0.298841667175293,0.0,0.0,4,47,17,0.3617021276595745,30.0,0.6382978723404256,0.6382978723404256,2
S26,EmaTentCaseS10E50B40M075,0.8343570828437805,0.8343570828437805,0.771648108959198,1,0.16625716686248782,0.5,0.33374283313751224,0.0,0.0,0,64,53,0.828125,11.0,0.171875,0.828125,2
S26,EmaTentCaseS10E50B40M075,0.9721422791481018,0.9721422791481018,0.6882748603820801,1,0.11114308834075928,0.5,0.38885691165924074,0.0,0.0,1,64,43,0.671875,21.0,0.328125,0.671875,2
S26,EmaTentCaseS10E50B40M075,0.917926549911499,0.917926549911499,0.7007935047149658,1,0.1328293800354004,0.5,0.36717061996459965,0.0,0.0,2,64,42,0.65625,22.0,0.34375,0.65625,2
S26,EmaTentCaseS10E50B40M075,0.8362478613853455,0.8362478613853455,0.746113657951355,1,0.16550085544586182,0.5,0.3344991445541382,0.0,0.0,3,64,26,0.40625,38.0,0.59375,0.59375,2
S26,EmaTentCaseS10E50B40M075,0.7591769099235535,0.7591769099235535,0.7816652059555054,1,0.1963292360305786,0.5,0.3036707639694214,0.0,0.0,4,47,17,0.3617021276595745,30.0,0.6382978723404256,0.6382978723404256,2
S26,EmaTentCaseS10E50B40M080,0.8343570828437805,0.8343570828437805,0.771648108959198,1,0.16625716686248782,0.5,0.33374283313751224,0.0,0.0,0,64,53,0.828125,11.0,0.171875,0.828125,2
S26,EmaTentCaseS10E50B40M080,0.989096999168396,0.989096999168396,0.690885066986084,1,0.10436120033264161,0.5,0.39563879966735843,0.0,0.0,1,64,43,0.671875,21.0,0.328125,0.671875,2
S26,EmaTentCaseS10E50B40M080,0.9403454065322876,0.9403454065322876,0.701256275177002,1,0.12386183738708496,0.5,0.37613816261291505,0.0,0.0,2,64,42,0.65625,22.0,0.34375,0.65625,2
S26,EmaTentCaseS10E50B40M080,0.8562350869178772,0.8562350869178772,0.7374796271324158,1,0.15750596523284913,0.5,0.3424940347671509,0.0,0.0,3,64,26,0.40625,38.0,0.59375,0.59375,2
S26,EmaTentCaseS10E50B40M080,0.7818104028701782,0.7818104028701782,0.7715252637863159,1,0.18727583885192872,0.5,0.31272416114807133,0.0,0.0,4,47,17,0.3617021276595745,30.0,0.6382978723404256,0.6382978723404256,2
S26,EmaTentCaseS00E50B50M070,0.8343570828437805,0.8343570828437805,0.771648108959198,1,0.08282145857810974,0.5,0.41717854142189026,0.0,0.0,0,64,53,0.828125,11.0,0.171875,0.828125,2
S26,EmaTentCaseS00E50B50M070,0.9583318829536438,0.9583318829536438,0.6890448331832886,1,0.0208340585231781,0.5,0.4791659414768219,0.0,0.0,1,64,43,0.671875,21.0,0.328125,0.671875,2
S26,EmaTentCaseS00E50B50M070,0.9051262140274048,0.9051262140274048,0.7050104141235352,1,0.04743689298629761,0.5,0.4525631070137024,0.0,0.0,2,64,42,0.65625,22.0,0.34375,0.65625,2
S26,EmaTentCaseS00E50B50M070,0.8265356421470642,0.8265356421470642,0.7526703476905823,1,0.0867321789264679,0.5,0.4132678210735321,0.0,0.0,3,64,26,0.40625,38.0,0.59375,0.59375,2
S26,EmaTentCaseS00E50B50M070,0.7386555671691895,0.7386555671691895,0.7917110919952393,1,0.13067221641540527,0.5,0.3693277835845947,0.0,0.0,4,47,17,0.3617021276595745,30.0,0.6382978723404256,0.6382978723404256,2
S26,EmaTentCaseS00E50B50M075,0.8343570828437805,0.8343570828437805,0.771648108959198,1,0.08282145857810974,0.5,0.41717854142189026,0.0,0.0,0,64,53,0.828125,11.0,0.171875,0.828125,2
S26,EmaTentCaseS00E50B50M075,0.9785141944885254,0.9785141944885254,0.6899033784866333,1,0.010742902755737305,0.5,0.4892570972442627,0.0,0.0,1,64,43,0.671875,21.0,0.328125,0.671875,2
S26,EmaTentCaseS00E50B50M075,0.9259491562843323,0.9259491562843323,0.7042433619499207,1,0.03702542185783386,0.5,0.46297457814216614,0.0,0.0,2,64,42,0.65625,22.0,0.34375,0.65625,2
S26,EmaTentCaseS00E50B50M075,0.8387557864189148,0.8387557864189148,0.7473877668380737,1,0.0806221067905426,0.5,0.4193778932094574,0.0,0.0,3,64,26,0.40625,38.0,0.59375,0.59375,2
S26,EmaTentCaseS00E50B50M075,0.757317066192627,0.757317066192627,0.78383868932724,1,0.12134146690368652,0.5,0.3786585330963135,0.0,0.0,4,47,17,0.3617021276595745,30.0,0.6382978723404256,0.6382978723404256,2
S26,EmaTentCaseS00E50B50M080,0.8343570828437805,0.8343570828437805,0.771648108959198,1,0.08282145857810974,0.5,0.41717854142189026,0.0,0.0,0,64,53,0.828125,11.0,0.171875,0.828125,2
S26,EmaTentCaseS00E50B50M080,0.9923129677772522,0.9923129677772522,0.6933728456497192,1,0.0038435161113739014,0.5,0.4961564838886261,0.0,0.0,1,64,43,0.671875,21.0,0.328125,0.671875,2
S26,EmaTentCaseS00E50B50M080,0.946906566619873,0.946906566619873,0.7049083709716797,1,0.026546716690063477,0.5,0.4734532833099365,0.0,0.0,2,64,42,0.65625,22.0,0.34375,0.65625,2
S26,EmaTentCaseS00E50B50M080,0.8596361875534058,0.8596361875534058,0.7396230697631836,1,0.07018190622329712,0.5,0.4298180937767029,0.0,0.0,3,64,26,0.40625,38.0,0.59375,0.59375,2
S26,EmaTentCaseS00E50B50M080,0.784234881401062,0.784234881401062,0.7724570035934448,1,0.107882559299469,0.5,0.392117440700531,0.0,0.0,4,47,17,0.3617021276595745,30.0,0.6382978723404256,0.6382978723404256,2
S26,EmaTentCaseS10E40B50M075,0.8343564867973328,0.8343564867973328,0.7716484069824219,1,0.18282175660133362,0.4,0.4171782433986664,0.0,0.0,0,64,53,0.828125,11.0,0.171875,0.828125,2
S26,EmaTentCaseS10E40B50M075,0.9923129081726074,0.9923129081726074,0.6933731436729431,1,0.1038435459136963,0.4,0.4961564540863037,0.0,0.0,1,64,43,0.671875,21.0,0.328125,0.671875,2
S26,EmaTentCaseS10E40B50M075,0.9504566192626953,0.9504566192626953,0.7046155333518982,1,0.12477169036865235,0.4,0.47522830963134766,0.0,0.0,2,64,42,0.65625,22.0,0.34375,0.65625,2
S26,EmaTentCaseS10E40B50M075,0.8705866932868958,0.8705866932868958,0.7358378171920776,1,0.16470665335655213,0.4,0.4352933466434479,0.0,0.0,3,64,26,0.40625,38.0,0.59375,0.59375,2
S26,EmaTentCaseS10E40B50M075,0.8005589246749878,0.8005589246749878,0.7652693390846252,1,0.1997205376625061,0.4,0.4002794623374939,0.0,0.0,4,47,17,0.3617021276595745,30.0,0.6382978723404256,0.6382978723404256,2
S27,EmaTentGridS20E50B30M075,0.9308540225028992,0.9308540225028992,0.7506248950958252,1,0.22074379324913027,0.5,0.27925620675086976,0.0,0.0,0,64,63,0.984375,1.0,0.015625,0.984375,2
S27,EmaTentGridS20E50B30M075,0.9339554905891418,0.9339554905891418,0.721459686756134,1,0.21981335282325745,0.5,0.2801866471767425,0.0,0.0,1,64,15,0.234375,49.0,0.765625,0.765625,2
S27,EmaTentGridS20E50B30M075,0.9366598129272461,0.9366598129272461,0.6894125938415527,1,0.2190020561218262,0.5,0.28099794387817384,0.0,0.0,2,64,33,0.515625,31.0,0.484375,0.515625,2
S27,EmaTentGridS20E50B30M075,0.9448254108428955,0.9448254108428955,0.6832910776138306,1,0.21655237674713135,0.5,0.28344762325286865,0.0,0.0,3,64,6,0.09375,58.0,0.90625,0.90625,2
S27,EmaTentGridS20E50B30M075,0.8835617303848267,0.8835617303848267,0.7227527499198914,1,0.234931480884552,0.5,0.265068519115448,0.0,0.0,4,64,27,0.421875,37.0,0.578125,0.578125,2
S27,EmaTentGridS20E50B30M075,0.6110469698905945,0.6110469698905945,0.849517285823822,1,0.3166859090328217,0.5,0.18331409096717835,0.0,0.0,5,1,0,0.0,1.0,1.0,1.0,1
S27,EmaTentCaseS20E50B30M060,0.9308540225028992,0.9308540225028992,0.7506248950958252,1,0.22074379324913027,0.5,0.27925620675086976,0.0,0.0,0,64,63,0.984375,1.0,0.015625,0.984375,2
S27,EmaTentCaseS20E50B30M060,0.9381698966026306,0.9381698966026306,0.7096819877624512,1,0.21854903101921083,0.5,0.2814509689807892,0.0,0.0,1,64,15,0.234375,49.0,0.765625,0.765625,2
S27,EmaTentCaseS20E50B30M060,0.9345604181289673,0.9345604181289673,0.6843798756599426,1,0.21963187456130984,0.5,0.28036812543869016,0.0,0.0,2,64,33,0.515625,31.0,0.484375,0.515625,2
S27,EmaTentCaseS20E50B30M060,0.9505964517593384,0.9505964517593384,0.6812237501144409,1,0.2148210644721985,0.5,0.2851789355278015,0.0,0.0,3,64,6,0.09375,58.0,0.90625,0.90625,2
S27,EmaTentCaseS20E50B30M060,0.9238928556442261,0.9238928556442261,0.720217227935791,1,0.22283214330673218,0.5,0.2771678566932678,0.0,0.0,4,64,27,0.421875,37.0,0.578125,0.578125,2
S27,EmaTentCaseS20E50B30M060,0.7259392738342285,0.7259392738342285,0.7979852557182312,1,0.28221821784973145,0.5,0.21778178215026855,0.0,0.0,5,1,0,0.0,1.0,1.0,1.0,1
S27,EmaTentCaseS20E50B30M065,0.9308540225028992,0.9308540225028992,0.7506248950958252,1,0.22074379324913027,0.5,0.27925620675086976,0.0,0.0,0,64,63,0.984375,1.0,0.015625,0.984375,2
S27,EmaTentCaseS20E50B30M065,0.9375431537628174,0.9375431537628174,0.712680995464325,1,0.2187370538711548,0.5,0.2812629461288452,0.0,0.0,1,64,15,0.234375,49.0,0.765625,0.765625,2
S27,EmaTentCaseS20E50B30M065,0.9385336637496948,0.9385336637496948,0.6826517581939697,1,0.21843990087509157,0.5,0.2815600991249084,0.0,0.0,2,64,33,0.515625,31.0,0.484375,0.515625,2
S27,EmaTentCaseS20E50B30M065,0.9472242593765259,0.9472242593765259,0.6844323873519897,1,0.21583272218704225,0.5,0.28416727781295775,0.0,0.0,3,64,6,0.09375,58.0,0.90625,0.90625,2
S27,EmaTentCaseS20E50B30M065,0.9129739999771118,0.9129739999771118,0.720466136932373,1,0.22610780000686648,0.5,0.2738921999931335,0.0,0.0,4,64,27,0.421875,37.0,0.578125,0.578125,2
S27,EmaTentCaseS20E50B30M065,0.6979619264602661,0.6979619264602661,0.8116713762283325,1,0.29061142206192014,0.5,0.20938857793807983,0.0,0.0,5,1,0,0.0,1.0,1.0,1.0,1
S27,EmaTentCaseS20E50B30M070,0.9308540225028992,0.9308540225028992,0.7506248950958252,1,0.22074379324913027,0.5,0.27925620675086976,0.0,0.0,0,64,63,0.984375,1.0,0.015625,0.984375,2
S27,EmaTentCaseS20E50B30M070,0.9361316561698914,0.9361316561698914,0.7166006565093994,1,0.2191605031490326,0.5,0.2808394968509674,0.0,0.0,1,64,15,0.234375,49.0,0.765625,0.765625,2
S27,EmaTentCaseS20E50B30M070,0.9397894144058228,0.9397894144058228,0.6841944456100464,1,0.21806317567825317,0.5,0.2819368243217468,0.0,0.0,2,64,33,0.515625,31.0,0.484375,0.515625,2
S27,EmaTentCaseS20E50B30M070,0.9457939267158508,0.9457939267158508,0.6850188970565796,1,0.21626182198524477,0.5,0.28373817801475526,0.0,0.0,3,64,6,0.09375,58.0,0.90625,0.90625,2
S27,EmaTentCaseS20E50B30M070,0.899917721748352,0.899917721748352,0.7197297811508179,1,0.2300246834754944,0.5,0.2699753165245056,0.0,0.0,4,64,27,0.421875,37.0,0.578125,0.578125,2
S27,EmaTentCaseS20E50B30M070,0.6601309776306152,0.6601309776306152,0.8289368748664856,1,0.30196070671081543,0.5,0.19803929328918457,0.0,0.0,5,1,0,0.0,1.0,1.0,1.0,1
S27,EmaTentCaseS10E50B40M070,0.9308540225028992,0.9308540225028992,0.7506248950958252,1,0.12765839099884035,0.5,0.3723416090011597,0.0,0.0,0,64,63,0.984375,1.0,0.015625,0.984375,2
S27,EmaTentCaseS10E50B40M070,0.9324789047241211,0.9324789047241211,0.7202184200286865,1,0.12700843811035156,0.5,0.37299156188964844,0.0,0.0,1,64,15,0.234375,49.0,0.765625,0.765625,2
S27,EmaTentCaseS10E50B40M070,0.9357449412345886,0.9357449412345886,0.6910641193389893,1,0.12570202350616455,0.5,0.37429797649383545,0.0,0.0,2,64,33,0.515625,31.0,0.484375,0.515625,2
S27,EmaTentCaseS10E50B40M070,0.9507635831832886,0.9507635831832886,0.68318772315979,1,0.11969456672668458,0.5,0.38030543327331545,0.0,0.0,3,64,6,0.09375,58.0,0.90625,0.90625,2
S27,EmaTentCaseS10E50B40M070,0.8867735266685486,0.8867735266685486,0.7253363132476807,1,0.14529058933258057,0.5,0.35470941066741946,0.0,0.0,4,64,27,0.421875,37.0,0.578125,0.578125,2
S27,EmaTentCaseS10E50B40M070,0.564721405506134,0.564721405506134,0.8673278093338013,1,0.27411143779754643,0.5,0.22588856220245362,0.0,0.0,5,1,0,0.0,1.0,1.0,1.0,1
S27,EmaTentCaseS10E50B40M075,0.9308540225028992,0.9308540225028992,0.7506248950958252,1,0.12765839099884035,0.5,0.3723416090011597,0.0,0.0,0,64,63,0.984375,1.0,0.015625,0.984375,2
S27,EmaTentCaseS10E50B40M075,0.9302130341529846,0.9302130341529846,0.7257517576217651,1,0.12791478633880615,0.5,0.37208521366119385,0.0,0.0,1,64,15,0.234375,49.0,0.765625,0.765625,2
S27,EmaTentCaseS10E50B40M075,0.92927086353302,0.92927086353302,0.6989490985870361,1,0.128291654586792,0.5,0.371708345413208,0.0,0.0,2,64,33,0.515625,31.0,0.484375,0.515625,2
S27,EmaTentCaseS10E50B40M075,0.9463199377059937,0.9463199377059937,0.6837725639343262,1,0.12147202491760255,0.5,0.3785279750823975,0.0,0.0,3,64,6,0.09375,58.0,0.90625,0.90625,2
S27,EmaTentCaseS10E50B40M075,0.8697245121002197,0.8697245121002197,0.730674684047699,1,0.15211019515991211,0.5,0.3478898048400879,0.0,0.0,4,64,27,0.421875,37.0,0.578125,0.578125,2
S27,EmaTentCaseS10E50B40M075,0.5238170623779297,0.5238170623779297,0.881919801235199,1,0.29047317504882814,0.5,0.2095268249511719,0.0,0.0,5,1,0,0.0,1.0,1.0,1.0,1
S27,EmaTentCaseS10E50B40M080,0.9308540225028992,0.9308540225028992,0.7506248950958252,1,0.12765839099884035,0.5,0.3723416090011597,0.0,0.0,0,64,63,0.984375,1.0,0.015625,0.984375,2
S27,EmaTentCaseS10E50B40M080,0.9269999265670776,0.9269999265670776,0.7319037914276123,1,0.12920002937316896,0.5,0.37079997062683107,0.0,0.0,1,64,15,0.234375,49.0,0.765625,0.765625,2
S27,EmaTentCaseS10E50B40M080,0.9163510799407959,0.9163510799407959,0.711915135383606,1,0.13345956802368164,0.5,0.36654043197631836,0.0,0.0,2,64,33,0.515625,31.0,0.484375,0.515625,2
S27,EmaTentCaseS10E50B40M080,0.9396724700927734,0.9396724700927734,0.6858800649642944,1,0.12413101196289063,0.5,0.3758689880371094,0.0,0.0,3,64,6,0.09375,58.0,0.90625,0.90625,2
S27,EmaTentCaseS10E50B40M080,0.846709132194519,0.846709132194519,0.742375373840332,1,0.1613163471221924,0.5,0.33868365287780766,0.0,0.0,4,64,27,0.421875,37.0,0.578125,0.578125,2
S27,EmaTentCaseS10E50B40M080,0.46516522765159607,0.46516522765159607,0.9012047052383423,1,0.3139339089393616,0.5,0.18606609106063843,0.0,0.0,5,1,0,0.0,1.0,1.0,1.0,1
S27,EmaTentCaseS00E50B50M070,0.9308540225028992,0.9308540225028992,0.7506248950958252,1,0.034572988748550415,0.5,0.4654270112514496,0.0,0.0,0,64,63,0.984375,1.0,0.015625,0.984375,2
S27,EmaTentCaseS00E50B50M070,0.9294244050979614,0.9294244050979614,0.7245304584503174,1,0.03528779745101929,0.5,0.4647122025489807,0.0,0.0,1,64,15,0.234375,49.0,0.765625,0.765625,2
S27,EmaTentCaseS00E50B50M070,0.9288954138755798,0.9288954138755798,0.7000223994255066,1,0.03555229306221008,0.5,0.4644477069377899,0.0,0.0,2,64,33,0.515625,31.0,0.484375,0.515625,2
S27,EmaTentCaseS00E50B50M070,0.9501914978027344,0.9501914978027344,0.6873692870140076,1,0.024904251098632812,0.5,0.4750957489013672,0.0,0.0,3,64,6,0.09375,58.0,0.90625,0.90625,2
S27,EmaTentCaseS00E50B50M070,0.8607863783836365,0.8607863783836365,0.7393090724945068,1,0.06960681080818176,0.5,0.43039318919181824,0.0,0.0,4,64,27,0.421875,37.0,0.578125,0.578125,2
S27,EmaTentCaseS00E50B50M070,0.43399959802627563,0.43399959802627563,0.9107386469841003,1,0.2830002009868622,0.5,0.21699979901313782,0.0,0.0,5,1,0,0.0,1.0,1.0,1.0,1
S27,EmaTentCaseS00E50B50M075,0.9308540225028992,0.9308540225028992,0.7506248950958252,1,0.034572988748550415,0.5,0.4654270112514496,0.0,0.0,0,64,63,0.984375,1.0,0.015625,0.984375,2
S27,EmaTentCaseS00E50B50M075,0.9268552660942078,0.9268552660942078,0.7301063537597656,1,0.03657236695289612,0.5,0.4634276330471039,0.0,0.0,1,64,15,0.234375,49.0,0.765625,0.765625,2
S27,EmaTentCaseS00E50B50M075,0.919622540473938,0.919622540473938,0.7095918655395508,1,0.040188729763031006,0.5,0.459811270236969,0.0,0.0,2,64,33,0.515625,31.0,0.484375,0.515625,2
S27,EmaTentCaseS00E50B50M075,0.9432130455970764,0.9432130455970764,0.6882984638214111,1,0.028393477201461792,0.5,0.4716065227985382,0.0,0.0,3,64,6,0.09375,58.0,0.90625,0.90625,2
S27,EmaTentCaseS00E50B50M075,0.845140278339386,0.845140278339386,0.7461820244789124,1,0.077429860830307,0.5,0.422570139169693,0.0,0.0,4,64,27,0.421875,37.0,0.578125,0.578125,2
S27,EmaTentCaseS00E50B50M075,0.4122639000415802,0.4122639000415802,0.9171150326728821,1,0.2938680499792099,0.5,0.2061319500207901,0.0,0.0,5,1,0,0.0,1.0,1.0,1.0,1
S27,EmaTentCaseS00E50B50M080,0.9308540225028992,0.9308540225028992,0.7506248950958252,1,0.034572988748550415,0.5,0.4654270112514496,0.0,0.0,0,64,63,0.984375,1.0,0.015625,0.984375,2
S27,EmaTentCaseS00E50B50M080,0.9237465262413025,0.9237465262413025,0.73563551902771,1,0.038126736879348755,0.5,0.46187326312065125,0.0,0.0,1,64,15,0.234375,49.0,0.765625,0.765625,2
S27,EmaTentCaseS00E50B50M080,0.9040923118591309,0.9040923118591309,0.723128080368042,1,0.04795384407043457,0.5,0.45204615592956543,0.0,0.0,2,64,33,0.515625,31.0,0.484375,0.515625,2
S27,EmaTentCaseS00E50B50M080,0.9335452318191528,0.9335452318191528,0.6919924020767212,1,0.033227384090423584,0.5,0.4667726159095764,0.0,0.0,3,64,6,0.09375,58.0,0.90625,0.90625,2
S27,EmaTentCaseS00E50B50M080,0.8226829767227173,0.8226829767227173,0.7576403617858887,1,0.08865851163864136,0.5,0.41134148836135864,0.0,0.0,4,64,27,0.421875,37.0,0.578125,0.578125,2
S27,EmaTentCaseS00E50B50M080,0.37097200751304626,0.37097200751304626,0.9286417961120605,1,0.31451399624347687,0.5,0.18548600375652313,0.0,0.0,5,1,0,0.0,1.0,1.0,1.0,1
S27,EmaTentCaseS10E40B50M075,0.9308542013168335,0.9308542013168335,0.7506247162818909,1,0.13457289934158326,0.4,0.46542710065841675,0.0,0.0,0,64,63,0.984375,1.0,0.015625,0.984375,2
S27,EmaTentCaseS10E40B50M075,0.9237467050552368,0.9237467050552368,0.7356351613998413,1,0.1381266474723816,0.4,0.4618733525276184,0.0,0.0,1,64,15,0.234375,49.0,0.765625,0.765625,2
S27,EmaTentCaseS10E40B50M075,0.901168167591095,0.901168167591095,0.725679874420166,1,0.14941591620445252,0.4,0.4505840837955475,0.0,0.0,2,64,33,0.515625,31.0,0.484375,0.515625,2
S27,EmaTentCaseS10E40B50M075,0.9311766028404236,0.9311766028404236,0.6930454969406128,1,0.1344116985797882,0.4,0.4655883014202118,0.0,0.0,3,64,6,0.09375,58.0,0.90625,0.90625,2
S27,EmaTentCaseS10E40B50M075,0.8113289475440979,0.8113289475440979,0.7632306218147278,1,0.19433552622795106,0.4,0.40566447377204895,0.0,0.0,4,64,27,0.421875,37.0,0.578125,0.578125,2
S27,EmaTentCaseS10E40B50M075,0.34032201766967773,0.34032201766967773,0.9367220401763916,1,0.4298389911651611,0.4,0.17016100883483887,0.0,0.0,5,1,0,0.0,1.0,1.0,1.0,1
S28,EmaTentGridS20E50B30M075,0.13508106768131256,0.13508106768131256,0.981124222278595,0,0.4594756796956062,0.5,0.04052432030439377,0.0,0.0,0,64,45,0.703125,19.0,0.296875,0.703125,2
S28,EmaTentGridS20E50B30M075,0.6955184936523438,0.6955184936523438,0.8372575044631958,1,0.29134445190429686,0.5,0.2086555480957031,0.0,0.0,1,64,51,0.796875,13.0,0.203125,0.796875,2
S28,EmaTentGridS20E50B30M075,0.9958775043487549,0.9958775043487549,0.7147942781448364,1,0.20123674869537356,0.5,0.29876325130462644,0.0,0.0,2,64,31,0.484375,33.0,0.515625,0.515625,2
S28,EmaTentGridS20E50B30M075,0.9998106360435486,0.9998106360435486,0.6019709706306458,1,0.20005680918693544,0.5,0.2999431908130646,0.0,0.0,3,19,8,0.42105263157894735,11.0,0.5789473684210527,0.5789473684210527,2
S28,EmaTentCaseS20E50B30M060,0.13508106768131256,0.13508106768131256,0.981124222278595,0,0.4594756796956062,0.5,0.04052432030439377,0.0,0.0,0,64,45,0.703125,19.0,0.296875,0.703125,2
S28,EmaTentCaseS20E50B30M060,0.9544044137001038,0.9544044137001038,0.7469789385795593,1,0.2136786758899689,0.5,0.28632132411003114,0.0,0.0,1,64,51,0.796875,13.0,0.203125,0.796875,2
S28,EmaTentCaseS20E50B30M060,0.9574364423751831,0.9574364423751831,0.7150169610977173,1,0.21276906728744507,0.5,0.2872309327125549,0.0,0.0,2,64,31,0.484375,33.0,0.515625,0.515625,2
S28,EmaTentCaseS20E50B30M060,0.9990784525871277,0.9990784525871277,0.5895215272903442,1,0.2002764642238617,0.5,0.2997235357761383,0.0,0.0,3,19,8,0.42105263157894735,11.0,0.5789473684210527,0.5789473684210527,2
S28,EmaTentCaseS20E50B30M065,0.13508106768131256,0.13508106768131256,0.981124222278595,0,0.4594756796956062,0.5,0.04052432030439377,0.0,0.0,0,64,45,0.703125,19.0,0.296875,0.703125,2
S28,EmaTentCaseS20E50B30M065,0.8929949998855591,0.8929949998855591,0.766201376914978,1,0.23210150003433228,0.5,0.2678984999656677,0.0,0.0,1,64,51,0.796875,13.0,0.203125,0.796875,2
S28,EmaTentCaseS20E50B30M065,0.9648329615592957,0.9648329615592957,0.7144834995269775,1,0.21055011153221131,0.5,0.2894498884677887,0.0,0.0,2,64,31,0.484375,33.0,0.515625,0.515625,2
S28,EmaTentCaseS20E50B30M065,0.9999687671661377,0.9999687671661377,0.5977925062179565,1,0.2000093698501587,0.5,0.2999906301498413,0.0,0.0,3,19,8,0.42105263157894735,11.0,0.5789473684210527,0.5789473684210527,2
S28,EmaTentCaseS20E50B30M070,0.13508106768131256,0.13508106768131256,0.981124222278595,0,0.4594756796956062,0.5,0.04052432030439377,0.0,0.0,0,64,45,0.703125,19.0,0.296875,0.703125,2
S28,EmaTentCaseS20E50B30M070,0.8028490543365479,0.8028490543365479,0.7942907810211182,1,0.25914528369903567,0.5,0.24085471630096433,0.0,0.0,1,64,51,0.796875,13.0,0.203125,0.796875,2
S28,EmaTentCaseS20E50B30M070,0.9790191650390625,0.9790191650390625,0.7131247520446777,1,0.20629425048828126,0.5,0.29370574951171874,0.0,0.0,2,64,31,0.484375,33.0,0.515625,0.515625,2
S28,EmaTentCaseS20E50B30M070,0.9994881749153137,0.9994881749153137,0.6022607088088989,1,0.2001535475254059,0.5,0.2998464524745941,0.0,0.0,3,19,8,0.42105263157894735,11.0,0.5789473684210527,0.5789473684210527,2
S28,EmaTentCaseS10E50B40M070,0.13508106768131256,0.13508106768131256,0.981124222278595,0,0.445967572927475,0.5,0.05403242707252503,0.0,0.0,0,64,45,0.703125,19.0,0.296875,0.703125,2
S28,EmaTentCaseS10E50B40M070,0.7938645482063293,0.7938645482063293,0.7983564734458923,1,0.18245418071746827,0.5,0.3175458192825318,0.0,0.0,1,64,51,0.796875,13.0,0.203125,0.796875,2
S28,EmaTentCaseS10E50B40M070,0.9945144653320312,0.9945144653320312,0.7136276960372925,1,0.10219421386718751,0.5,0.39780578613281253,0.0,0.0,2,64,31,0.484375,33.0,0.515625,0.515625,2
S28,EmaTentCaseS10E50B40M070,0.9949260950088501,0.9949260950088501,0.590164303779602,1,0.10202956199645996,0.5,0.39797043800354004,0.0,0.0,3,19,8,0.42105263157894735,11.0,0.5789473684210527,0.5789473684210527,2
S28,EmaTentCaseS10E50B40M075,0.13508106768131256,0.13508106768131256,0.981124222278595,0,0.445967572927475,0.5,0.05403242707252503,0.0,0.0,0,64,45,0.703125,19.0,0.296875,0.703125,2
S28,EmaTentCaseS10E50B40M075,0.687330424785614,0.687330424785614,0.840302586555481,1,0.2250678300857544,0.5,0.2749321699142456,0.0,0.0,1,64,51,0.796875,13.0,0.203125,0.796875,2
S28,EmaTentCaseS10E50B40M075,0.9999891519546509,0.9999891519546509,0.7154942750930786,1,0.10000433921813966,0.5,0.3999956607818604,0.0,0.0,2,64,31,0.484375,33.0,0.515625,0.515625,2
S28,EmaTentCaseS10E50B40M075,0.9945947527885437,0.9945947527885437,0.5948948860168457,1,0.10216209888458253,0.5,0.3978379011154175,0.0,0.0,3,19,8,0.42105263157894735,11.0,0.5789473684210527,0.5789473684210527,2
S28,EmaTentCaseS10E50B40M080,0.13508106768131256,0.13508106768131256,0.981124222278595,0,0.445967572927475,0.5,0.05403242707252503,0.0,0.0,0,64,45,0.703125,19.0,0.296875,0.703125,2
S28,EmaTentCaseS10E50B40M080,0.5785574913024902,0.5785574913024902,0.8751461505889893,1,0.26857700347900393,0.5,0.2314229965209961,0.0,0.0,1,64,51,0.796875,13.0,0.203125,0.796875,2
S28,EmaTentCaseS10E50B40M080,0.9849145412445068,0.9849145412445068,0.7178568243980408,1,0.10603418350219727,0.5,0.39396581649780277,0.0,0.0,2,64,31,0.484375,33.0,0.515625,0.515625,2
S28,EmaTentCaseS10E50B40M080,0.9889991879463196,0.9889991879463196,0.6020737886428833,1,0.10440032482147217,0.5,0.39559967517852784,0.0,0.0,3,19,8,0.42105263157894735,11.0,0.5789473684210527,0.5789473684210527,2
S28,EmaTentCaseS00E50B50M070,0.13508106768131256,0.13508106768131256,0.981124222278595,0,0.4324594661593437,0.5,0.06754053384065628,0.0,0.0,0,64,45,0.703125,19.0,0.296875,0.703125,2
S28,EmaTentCaseS00E50B50M070,0.7849584817886353,0.7849584817886353,0.8022425770759583,1,0.10752075910568237,0.5,0.3924792408943176,0.0,0.0,1,64,51,0.796875,13.0,0.203125,0.796875,2
S28,EmaTentCaseS00E50B50M070,0.9997246265411377,0.9997246265411377,0.7177321314811707,1,0.00013768672943115234,0.5,0.49986231327056885,0.0,0.0,2,64,31,0.484375,33.0,0.515625,0.515625,2
S28,EmaTentCaseS00E50B50M070,0.9712355732917786,0.9712355732917786,0.6069433093070984,1,0.014382213354110718,0.5,0.4856177866458893,0.0,0.0,3,19,8,0.42105263157894735,11.0,0.5789473684210527,0.5789473684210527,2
S28,EmaTentCaseS00E50B50M075,0.13508106768131256,0.13508106768131256,0.981124222278595,0,0.4324594661593437,0.5,0.06754053384065628,0.0,0.0,0,64,45,0.703125,19.0,0.296875,0.703125,2
S28,EmaTentCaseS00E50B50M075,0.679125189781189,0.679125189781189,0.8432719707489014,1,0.16043740510940552,0.5,0.3395625948905945,0.0,0.0,1,64,51,0.796875,13.0,0.203125,0.796875,2
S28,EmaTentCaseS00E50B50M075,0.9973342418670654,0.9973342418670654,0.7174820899963379,1,0.0013328790664672852,0.5,0.4986671209335327,0.0,0.0,2,64,31,0.484375,33.0,0.515625,0.515625,2
S28,EmaTentCaseS00E50B50M075,0.9742174744606018,0.9742174744606018,0.6118589639663696,1,0.012891262769699097,0.5,0.4871087372303009,0.0,0.0,3,19,8,0.42105263157894735,11.0,0.5789473684210527,0.5789473684210527,2
S28,EmaTentCaseS00E50B50M080,0.13508106768131256,0.13508106768131256,0.981124222278595,0,0.4324594661593437,0.5,0.06754053384065628,0.0,0.0,0,64,45,0.703125,19.0,0.296875,0.703125,2
S28,EmaTentCaseS00E50B50M080,0.5719558000564575,0.5719558000564575,0.8770822286605835,1,0.21402209997177124,0.5,0.28597790002822876,0.0,0.0,1,64,51,0.796875,13.0,0.203125,0.796875,2
S28,EmaTentCaseS00E50B50M080,0.9725335836410522,0.9725335836410522,0.7209110260009766,1,0.013733208179473877,0.5,0.4862667918205261,0.0,0.0,2,64,31,0.484375,33.0,0.515625,0.515625,2
S28,EmaTentCaseS00E50B50M080,0.9690083861351013,0.9690083861351013,0.6245880722999573,1,0.01549580693244934,0.5,0.48450419306755066,0.0,0.0,3,19,8,0.42105263157894735,11.0,0.5789473684210527,0.5789473684210527,2
S28,EmaTentCaseS10E40B50M075,0.13508065044879913,0.13508065044879913,0.9811242818832397,0,0.5324596747756004,0.4,0.06754032522439957,0.0,0.0,0,64,45,0.703125,19.0,0.296875,0.703125,2
S28,EmaTentCaseS10E40B50M075,0.5719532370567322,0.5719532370567322,0.877082884311676,1,0.3140233814716339,0.4,0.2859766185283661,0.0,0.0,1,64,51,0.796875,13.0,0.203125,0.796875,2
S28,EmaTentCaseS10E40B50M075,0.959200918674469,0.959200918674469,0.7236034870147705,1,0.12039954066276551,0.4,0.4796004593372345,0.0,0.0,2,64,31,0.484375,33.0,0.515625,0.515625,2
S28,EmaTentCaseS10E40B50M075,0.9462036490440369,0.9462036490440369,0.6469603180885315,1,0.12689817547798157,0.4,0.47310182452201843,0.0,0.0,3,19,8,0.42105263157894735,11.0,0.5789473684210527,0.5789473684210527,2
S29,EmaTentGridS20E50B30M075,0.999826192855835,0.999826192855835,0.7187473773956299,1,0.2000521421432495,0.5,0.2999478578567505,0.0,0.0,0,64,48,0.75,16.0,0.25,0.75,2
S29,EmaTentGridS20E50B30M075,0.9780685901641846,0.9780685901641846,0.7879902124404907,1,0.20657942295074463,0.5,0.29342057704925534,0.0,0.0,1,64,29,0.453125,35.0,0.546875,0.546875,2
S29,EmaTentGridS20E50B30M075,0.7950104475021362,0.7950104475021362,0.792747974395752,1,0.26149686574935915,0.5,0.23850313425064085,0.0,0.0,2,64,46,0.71875,18.0,0.28125,0.71875,2
S29,EmaTentCaseS20E50B30M060,0.999826192855835,0.999826192855835,0.7187473773956299,1,0.2000521421432495,0.5,0.2999478578567505,0.0,0.0,0,64,48,0.75,16.0,0.25,0.75,2
S29,EmaTentCaseS20E50B30M060,0.9877794981002808,0.9877794981002808,0.7833094596862793,1,0.20366615056991577,0.5,0.29633384943008423,0.0,0.0,1,64,29,0.453125,35.0,0.546875,0.546875,2
S29,EmaTentCaseS20E50B30M060,0.7754202485084534,0.7754202485084534,0.7975258231163025,1,0.26737392544746397,0.5,0.232626074552536,0.0,0.0,2,64,46,0.71875,18.0,0.28125,0.71875,2
S29,EmaTentCaseS20E50B30M065,0.999826192855835,0.999826192855835,0.7187473773956299,1,0.2000521421432495,0.5,0.2999478578567505,0.0,0.0,0,64,48,0.75,16.0,0.25,0.75,2
S29,EmaTentCaseS20E50B30M065,0.9856641292572021,0.9856641292572021,0.7852457165718079,1,0.20430076122283936,0.5,0.29569923877716064,0.0,0.0,1,64,29,0.453125,35.0,0.546875,0.546875,2
S29,EmaTentCaseS20E50B30M065,0.7805089354515076,0.7805089354515076,0.7966668605804443,1,0.26584731936454775,0.5,0.23415268063545225,0.0,0.0,2,64,46,0.71875,18.0,0.28125,0.71875,2
S29,EmaTentCaseS20E50B30M070,0.999826192855835,0.999826192855835,0.7187473773956299,1,0.2000521421432495,0.5,0.2999478578567505,0.0,0.0,0,64,48,0.75,16.0,0.25,0.75,2
S29,EmaTentCaseS20E50B30M070,0.9825614094734192,0.9825614094734192,0.7871721982955933,1,0.20523157715797424,0.5,0.29476842284202576,0.0,0.0,1,64,29,0.453125,35.0,0.546875,0.546875,2
S29,EmaTentCaseS20E50B30M070,0.7869967222213745,0.7869967222213745,0.7950096726417542,1,0.26390098333358764,0.5,0.23609901666641234,0.0,0.0,2,64,46,0.71875,18.0,0.28125,0.71875,2
S29,EmaTentCaseS10E50B40M070,0.999826192855835,0.999826192855835,0.7187473773956299,1,0.10006952285766602,0.5,0.399930477142334,0.0,0.0,0,64,48,0.75,16.0,0.25,0.75,2
S29,EmaTentCaseS10E50B40M070,0.9774747490882874,0.9774747490882874,0.7866253852844238,1,0.10901010036468506,0.5,0.39098989963531494,0.0,0.0,1,64,29,0.453125,35.0,0.546875,0.546875,2
S29,EmaTentCaseS10E50B40M070,0.8055449724197388,0.8055449724197388,0.7880436182022095,1,0.1777820110321045,0.5,0.32221798896789555,0.0,0.0,2,64,46,0.71875,18.0,0.28125,0.71875,2
S29,EmaTentCaseS10E50B40M075,0.999826192855835,0.999826192855835,0.7187473773956299,1,0.10006952285766602,0.5,0.399930477142334,0.0,0.0,0,64,48,0.75,16.0,0.25,0.75,2
S29,EmaTentCaseS10E50B40M075,0.9726473689079285,0.9726473689079285,0.7879374027252197,1,0.11094105243682861,0.5,0.3890589475631714,0.0,0.0,1,64,29,0.453125,35.0,0.546875,0.546875,2
S29,EmaTentCaseS10E50B40M075,0.8124486207962036,0.8124486207962036,0.7866324186325073,1,0.17502055168151856,0.5,0.32497944831848147,0.0,0.0,2,64,46,0.71875,18.0,0.28125,0.71875,2
S29,EmaTentCaseS10E50B40M080,0.999826192855835,0.999826192855835,0.7187473773956299,1,0.10006952285766602,0.5,0.399930477142334,0.0,0.0,0,64,48,0.75,16.0,0.25,0.75,2
S29,EmaTentCaseS10E50B40M080,0.966089129447937,0.966089129447937,0.788751482963562,1,0.1135643482208252,0.5,0.3864356517791748,0.0,0.0,1,64,29,0.453125,35.0,0.546875,0.546875,2
S29,EmaTentCaseS10E50B40M080,0.821857213973999,0.821857213973999,0.7841317653656006,1,0.1712571144104004,0.5,0.32874288558959963,0.0,0.0,2,64,46,0.71875,18.0,0.28125,0.71875,2
S29,EmaTentCaseS00E50B50M070,0.999826192855835,0.999826192855835,0.7187473773956299,1,8.690357208251953e-05,0.5,0.4999130964279175,0.0,0.0,0,64,48,0.75,16.0,0.25,0.75,2
S29,EmaTentCaseS00E50B50M070,0.973456084728241,0.973456084728241,0.7865502834320068,1,0.013271957635879517,0.5,0.4867280423641205,0.0,0.0,1,64,29,0.453125,35.0,0.546875,0.546875,2
S29,EmaTentCaseS00E50B50M070,0.8146387934684753,0.8146387934684753,0.7855433225631714,1,0.09268060326576233,0.5,0.40731939673423767,0.0,0.0,2,64,46,0.71875,18.0,0.28125,0.71875,2
S29,EmaTentCaseS00E50B50M075,0.999826192855835,0.999826192855835,0.7187473773956299,1,8.690357208251953e-05,0.5,0.4999130964279175,0.0,0.0,0,64,48,0.75,16.0,0.25,0.75,2
S29,EmaTentCaseS00E50B50M075,0.968588650226593,0.968588650226593,0.7878028154373169,1,0.01570567488670349,0.5,0.4842943251132965,0.0,0.0,1,64,29,0.453125,35.0,0.546875,0.546875,2
S29,EmaTentCaseS00E50B50M075,0.8217343091964722,0.8217343091964722,0.7838722467422485,1,0.08913284540176392,0.5,0.4108671545982361,0.0,0.0,2,64,46,0.71875,18.0,0.28125,0.71875,2
S29,EmaTentCaseS00E50B50M080,0.999826192855835,0.999826192855835,0.7187473773956299,1,8.690357208251953e-05,0.5,0.4999130964279175,0.0,0.0,0,64,48,0.75,16.0,0.25,0.75,2
S29,EmaTentCaseS00E50B50M080,0.9620848894119263,0.9620848894119263,0.7888168692588806,1,0.018957555294036865,0.5,0.48104244470596313,0.0,0.0,1,64,29,0.453125,35.0,0.546875,0.546875,2
S29,EmaTentCaseS00E50B50M080,0.831012487411499,0.831012487411499,0.7818930149078369,1,0.08449375629425049,0.5,0.4155062437057495,0.0,0.0,2,64,46,0.71875,18.0,0.28125,0.71875,2
S29,EmaTentCaseS10E40B50M075,0.9998263120651245,0.9998263120651245,0.718748927116394,1,0.10008684396743775,0.4,0.49991315603256226,0.0,0.0,0,64,48,0.75,16.0,0.25,0.75,2
S29,EmaTentCaseS10E40B50M075,0.9620862603187561,0.9620862603187561,0.7888176441192627,1,0.11895686984062195,0.4,0.48104313015937805,0.0,0.0,1,64,29,0.453125,35.0,0.546875,0.546875,2
S29,EmaTentCaseS10E40B50M075,0.8312389254570007,0.8312389254570007,0.7820979952812195,1,0.18438053727149964,0.4,0.41561946272850037,0.0,0.0,2,64,46,0.71875,18.0,0.28125,0.71875,2
S30,EmaTentGridS20E50B30M075,0.2770143449306488,0.2770143449306488,0.9521913528442383,1,0.4168956965208054,0.5,0.08310430347919463,0.0,0.0,0,64,61,0.953125,3.0,0.046875,0.953125,2
S30,EmaTentGridS20E50B30M075,0.9493266940116882,0.9493266940116882,0.7495422959327698,1,0.21520199179649355,0.5,0.2847980082035065,0.0,0.0,1,64,31,0.484375,33.0,0.515625,0.515625,2
S30,EmaTentGridS20E50B30M075,0.9991684556007385,0.9991684556007385,0.5880626440048218,1,0.20024946331977844,0.5,0.29975053668022156,0.0,0.0,2,64,60,0.9375,4.0,0.0625,0.9375,2
S30,EmaTentGridS20E50B30M075,0.9046943783760071,0.9046943783760071,0.6807199716567993,1,0.22859168648719788,0.5,0.2714083135128021,0.0,0.0,3,64,64,1.0,,,1.0,1
S30,EmaTentGridS20E50B30M075,0.9977162480354309,0.9977162480354309,0.7823067307472229,1,0.20068512558937074,0.5,0.29931487441062926,0.0,0.0,4,64,21,0.328125,43.0,0.671875,0.671875,2
S30,EmaTentGridS20E50B30M075,0.189227893948555,0.189227893948555,0.9710245132446289,0,0.4432316318154335,0.5,0.056768368184566494,0.0,0.0,5,23,3,0.13043478260869565,20.0,0.8695652173913043,0.8695652173913043,2
S30,EmaTentCaseS20E50B30M060,0.2770143449306488,0.2770143449306488,0.9521913528442383,1,0.4168956965208054,0.5,0.08310430347919463,0.0,0.0,0,64,61,0.953125,3.0,0.046875,0.953125,2
S30,EmaTentCaseS20E50B30M060,0.9981548190116882,0.9981548190116882,0.7384828925132751,1,0.20055355429649355,0.5,0.2994464457035065,0.0,0.0,1,64,31,0.484375,33.0,0.515625,0.515625,2
S30,EmaTentCaseS20E50B30M060,0.9791555404663086,0.9791555404663086,0.6031382083892822,1,0.20625333786010744,0.5,0.2937466621398926,0.0,0.0,2,64,60,0.9375,4.0,0.0625,0.9375,2
S30,EmaTentCaseS20E50B30M060,0.8896365165710449,0.8896365165710449,0.693526566028595,1,0.23310904502868654,0.5,0.2668909549713135,0.0,0.0,3,64,64,1.0,,,1.0,1
S30,EmaTentCaseS20E50B30M060,0.9896267056465149,0.9896267056465149,0.7772439122200012,1,0.20311198830604554,0.5,0.29688801169395446,0.0,0.0,4,64,21,0.328125,43.0,0.671875,0.671875,2
S30,EmaTentCaseS20E50B30M060,0.1796002835035324,0.1796002835035324,0.9729063510894775,0,0.44611991494894027,0.5,0.05388008505105972,0.0,0.0,5,23,3,0.13043478260869565,20.0,0.8695652173913043,0.8695652173913043,2
S30,EmaTentCaseS20E50B30M065,0.2770143449306488,0.2770143449306488,0.9521913528442383,1,0.4168956965208054,0.5,0.08310430347919463,0.0,0.0,0,64,61,0.953125,3.0,0.046875,0.953125,2
S30,EmaTentCaseS20E50B30M065,0.9878523349761963,0.9878523349761963,0.7441589832305908,1,0.20364429950714114,0.5,0.29635570049285886,0.0,0.0,1,64,31,0.484375,33.0,0.515625,0.515625,2
S30,EmaTentCaseS20E50B30M065,0.9864845871925354,0.9864845871925354,0.5958293676376343,1,0.20405462384223938,0.5,0.2959453761577606,0.0,0.0,2,64,60,0.9375,4.0,0.0625,0.9375,2
S30,EmaTentCaseS20E50B30M065,0.888084888458252,0.888084888458252,0.6946732997894287,1,0.23357453346252444,0.5,0.26642546653747556,0.0,0.0,3,64,64,1.0,,,1.0,1
S30,EmaTentCaseS20E50B30M065,0.9932059049606323,0.9932059049606323,0.7784273624420166,1,0.2020382285118103,0.5,0.2979617714881897,0.0,0.0,4,64,21,0.328125,43.0,0.671875,0.671875,2
S30,EmaTentCaseS20E50B30M065,0.18003128468990326,0.18003128468990326,0.9728228449821472,0,0.445990614593029,0.5,0.05400938540697098,0.0,0.0,5,23,3,0.13043478260869565,20.0,0.8695652173913043,0.8695652173913043,2
S30,EmaTentCaseS20E50B30M070,0.2770143449306488,0.2770143449306488,0.9521913528442383,1,0.4168956965208054,0.5,0.08310430347919463,0.0,0.0,0,64,61,0.953125,3.0,0.046875,0.953125,2
S30,EmaTentCaseS20E50B30M070,0.9707995057106018,0.9707995057106018,0.7459688186645508,1,0.20876014828681946,0.5,0.2912398517131805,0.0,0.0,1,64,31,0.484375,33.0,0.515625,0.515625,2
S30,EmaTentCaseS20E50B30M070,0.9938065409660339,0.9938065409660339,0.591577410697937,1,0.20185803771018984,0.5,0.29814196228981016,0.0,0.0,2,64,60,0.9375,4.0,0.0625,0.9375,2
S30,EmaTentCaseS20E50B30M070,0.8927958011627197,0.8927958011627197,0.6908120512962341,1,0.2321612596511841,0.5,0.2678387403488159,0.0,0.0,3,64,64,1.0,,,1.0,1
S30,EmaTentCaseS20E50B30M070,0.995927095413208,0.995927095413208,0.7804561853408813,1,0.20122187137603761,0.5,0.2987781286239624,0.0,0.0,4,64,21,0.328125,43.0,0.671875,0.671875,2
S30,EmaTentCaseS20E50B30M070,0.18350167572498322,0.18350167572498322,0.972148060798645,0,0.44494949728250505,0.5,0.05505050271749496,0.0,0.0,5,23,3,0.13043478260869565,20.0,0.8695652173913043,0.8695652173913043,2
S30,EmaTentCaseS10E50B40M070,0.2770143449306488,0.2770143449306488,0.9521913528442383,1,0.38919426202774055,0.5,0.11080573797225952,0.0,0.0,0,64,61,0.953125,3.0,0.046875,0.953125,2
S30,EmaTentCaseS10E50B40M070,0.9671838283538818,0.9671838283538818,0.7451732158660889,1,0.11312646865844728,0.5,0.3868735313415528,0.0,0.0,1,64,31,0.484375,33.0,0.515625,0.515625,2
S30,EmaTentCaseS10E50B40M070,0.9979343414306641,0.9979343414306641,0.58876633644104,1,0.10082626342773438,0.5,0.3991737365722656,0.0,0.0,2,64,60,0.9375,4.0,0.0625,0.9375,2
S30,EmaTentCaseS10E50B40M070,0.9193562865257263,0.9193562865257263,0.6673802733421326,1,0.1322574853897095,0.5,0.36774251461029056,0.0,0.0,3,64,64,1.0,,,1.0,1
S30,EmaTentCaseS10E50B40M070,0.9950432777404785,0.9950432777404785,0.7788945436477661,1,0.1019826889038086,0.5,0.39801731109619143,0.0,0.0,4,64,21,0.328125,43.0,0.671875,0.671875,2
S30,EmaTentCaseS10E50B40M070,0.18097876012325287,0.18097876012325287,0.9726392030715942,0,0.42760849595069883,0.5,0.07239150404930116,0.0,0.0,5,23,3,0.13043478260869565,20.0,0.8695652173913043,0.8695652173913043,2
S30,EmaTentCaseS10E50B40M075,0.2770143449306488,0.2770143449306488,0.9521913528442383,1,0.38919426202774055,0.5,0.11080573797225952,0.0,0.0,0,64,61,0.953125,3.0,0.046875,0.953125,2
S30,EmaTentCaseS10E50B40M075,0.9458452463150024,0.9458452463150024,0.7501968145370483,1,0.12166190147399902,0.5,0.378338098526001,0.0,0.0,1,64,31,0.484375,33.0,0.515625,0.515625,2
S30,EmaTentCaseS10E50B40M075,0.9999977350234985,0.9999977350234985,0.5872220993041992,1,0.10000090599060059,0.5,0.3999990940093994,0.0,0.0,2,64,60,0.9375,4.0,0.0625,0.9375,2
S30,EmaTentCaseS10E50B40M075,0.9278119206428528,0.9278119206428528,0.659225583076477,1,0.1288752317428589,0.5,0.37112476825714114,0.0,0.0,3,64,64,1.0,,,1.0,1
S30,EmaTentCaseS10E50B40M075,0.9969577789306641,0.9969577789306641,0.7798596024513245,1,0.10121688842773438,0.5,0.39878311157226565,0.0,0.0,4,64,21,0.328125,43.0,0.671875,0.671875,2
S30,EmaTentCaseS10E50B40M075,0.18683850765228271,0.18683850765228271,0.9714949131011963,0,0.4252645969390869,0.5,0.07473540306091309,0.0,0.0,5,23,3,0.13043478260869565,20.0,0.8695652173913043,0.8695652173913043,2
S30,EmaTentCaseS10E50B40M080,0.2770143449306488,0.2770143449306488,0.9521913528442383,1,0.38919426202774055,0.5,0.11080573797225952,0.0,0.0,0,64,61,0.953125,3.0,0.046875,0.953125,2
S30,EmaTentCaseS10E50B40M080,0.9226036667823792,0.9226036667823792,0.7567698955535889,1,0.13095853328704835,0.5,0.3690414667129517,0.0,0.0,1,64,31,0.484375,33.0,0.515625,0.515625,2
S30,EmaTentCaseS10E50B40M080,0.9962534308433533,0.9962534308433533,0.596651554107666,1,0.1014986276626587,0.5,0.39850137233734134,0.0,0.0,2,64,60,0.9375,4.0,0.0625,0.9375,2
S30,EmaTentCaseS10E50B40M080,0.9428642392158508,0.9428642392158508,0.6433985233306885,1,0.12285430431365968,0.5,0.3771456956863404,0.0,0.0,3,64,64,1.0,,,1.0,1
S30,EmaTentCaseS10E50B40M080,0.9981163740158081,0.9981163740158081,0.7802255749702454,1,0.10075345039367677,0.5,0.3992465496063233,0.0,0.0,4,64,21,0.328125,43.0,0.671875,0.671875,2
S30,EmaTentCaseS10E50B40M080,0.19428861141204834,0.19428861141204834,0.9700205326080322,0,0.42228455543518073,0.5,0.07771544456481934,0.0,0.0,5,23,3,0.13043478260869565,20.0,0.8695652173913043,0.8695652173913043,2
S30,EmaTentCaseS00E50B50M070,0.2770143449306488,0.2770143449306488,0.9521913528442383,1,0.3614928275346756,0.5,0.1385071724653244,0.0,0.0,0,64,61,0.953125,3.0,0.046875,0.953125,2
S30,EmaTentCaseS00E50B50M070,0.9634418487548828,0.9634418487548828,0.7448979020118713,1,0.018279075622558594,0.5,0.4817209243774414,0.0,0.0,1,64,31,0.484375,33.0,0.515625,0.515625,2
S30,EmaTentCaseS00E50B50M070,0.9998137354850769,0.9998137354850769,0.586834728717804,1,9.313225746154785e-05,0.5,0.49990686774253845,0.0,0.0,2,64,60,0.9375,4.0,0.0625,0.9375,2
S30,EmaTentCaseS00E50B50M070,0.9388467669487,0.9388467669487,0.6476826667785645,1,0.030576616525650024,0.5,0.46942338347435,0.0,0.0,3,64,64,1.0,,,1.0,1
S30,EmaTentCaseS00E50B50M070,0.9942219853401184,0.9942219853401184,0.7773958444595337,1,0.002889007329940796,0.5,0.4971109926700592,0.0,0.0,4,64,21,0.328125,43.0,0.671875,0.671875,2
S30,EmaTentCaseS00E50B50M070,0.17887723445892334,0.17887723445892334,0.9730461835861206,0,0.41056138277053833,0.5,0.08943861722946167,0.0,0.0,5,23,3,0.13043478260869565,20.0,0.8695652173913043,0.8695652173913043,2
S30,EmaTentCaseS00E50B50M075,0.2770143449306488,0.2770143449306488,0.9521913528442383,1,0.3614928275346756,0.5,0.1385071724653244,0.0,0.0,0,64,61,0.953125,3.0,0.046875,0.953125,2
S30,EmaTentCaseS00E50B50M075,0.9423274397850037,0.9423274397850037,0.7510064840316772,1,0.02883628010749817,0.5,0.47116371989250183,0.0,0.0,1,64,31,0.484375,33.0,0.515625,0.515625,2
S30,EmaTentCaseS00E50B50M075,0.9990754127502441,0.9990754127502441,0.5906165838241577,1,0.0004622936248779297,0.5,0.49953770637512207,0.0,0.0,2,64,60,0.9375,4.0,0.0625,0.9375,2
S30,EmaTentCaseS00E50B50M075,0.9451199769973755,0.9451199769973755,0.6408066749572754,1,0.027440011501312256,0.5,0.47255998849868774,0.0,0.0,3,64,64,1.0,,,1.0,1
S30,EmaTentCaseS00E50B50M075,0.9962223172187805,0.9962223172187805,0.7777687311172485,1,0.0018888413906097412,0.5,0.49811115860939026,0.0,0.0,4,64,21,0.328125,43.0,0.671875,0.671875,2
S30,EmaTentCaseS00E50B50M075,0.18490703403949738,0.18490703403949738,0.9718735814094543,0,0.4075464829802513,0.5,0.09245351701974869,0.0,0.0,5,23,3,0.13043478260869565,20.0,0.8695652173913043,0.8695652173913043,2
S30,EmaTentCaseS00E50B50M080,0.2770143449306488,0.2770143449306488,0.9521913528442383,1,0.3614928275346756,0.5,0.1385071724653244,0.0,0.0,0,64,61,0.953125,3.0,0.046875,0.953125,2
S30,EmaTentCaseS00E50B50M080,0.9196346402168274,0.9196346402168274,0.7578182220458984,1,0.040182679891586304,0.5,0.4598173201084137,0.0,0.0,1,64,31,0.484375,33.0,0.515625,0.515625,2
S30,EmaTentCaseS00E50B50M080,0.9928002953529358,0.9928002953529358,0.6014651656150818,1,0.0035998523235321045,0.5,0.4964001476764679,0.0,0.0,2,64,60,0.9375,4.0,0.0625,0.9375,2
S30,EmaTentCaseS00E50B50M080,0.9568352699279785,0.9568352699279785,0.627968430519104,1,0.021582365036010742,0.5,0.47841763496398926,0.0,0.0,3,64,64,1.0,,,1.0,1
S30,EmaTentCaseS00E50B50M080,0.9974907636642456,0.9974907636642456,0.7777432203292847,1,0.0012546181678771973,0.5,0.4987453818321228,0.0,0.0,4,64,21,0.328125,43.0,0.671875,0.671875,2
S30,EmaTentCaseS00E50B50M080,0.19246885180473328,0.19246885180473328,0.9703826904296875,0,0.40376557409763336,0.5,0.09623442590236664,0.0,0.0,5,23,3,0.13043478260869565,20.0,0.8695652173913043,0.8695652173913043,2
S30,EmaTentCaseS10E40B50M075,0.2770147919654846,0.2770147919654846,0.9521912336349487,1,0.46149260401725767,0.4,0.1385073959827423,0.0,0.0,0,64,61,0.953125,3.0,0.046875,0.953125,2
S30,EmaTentCaseS10E40B50M075,0.9196355938911438,0.9196355938911438,0.7578174471855164,1,0.1401822030544281,0.4,0.4598177969455719,0.0,0.0,1,64,31,0.484375,33.0,0.515625,0.515625,2
S30,EmaTentCaseS10E40B50M075,0.9903737306594849,0.9903737306594849,0.6048032641410828,1,0.10481313467025757,0.4,0.49518686532974243,0.0,0.0,2,64,60,0.9375,4.0,0.0625,0.9375,2
S30,EmaTentCaseS10E40B50M075,0.9656416773796082,0.9656416773796082,0.618701159954071,1,0.11717916131019593,0.4,0.4828208386898041,0.0,0.0,3,64,64,1.0,,,1.0,1
S30,EmaTentCaseS10E40B50M075,0.9967992305755615,0.9967992305755615,0.7751854062080383,1,0.10160038471221924,0.4,0.49839961528778076,0.0,0.0,4,64,21,0.328125,43.0,0.671875,0.671875,2
S30,EmaTentCaseS10E40B50M075,0.19458426535129547,0.19458426535129547,0.9699615836143494,0,0.5027078673243522,0.4,0.09729213267564774,0.0,0.0,5,23,3,0.13043478260869565,20.0,0.8695652173913043,0.8695652173913043,2
