Subject,Method,raw_gate,effective_gate,confidence,updated,effective_source_weight,effective_ema_weight,effective_batch_weight,probe_gate,min_gate,batch_index,batch_size,true_class_0_count,true_class_0_ratio,true_class_1_count,true_class_1_ratio,true_class_2_count,true_class_2_ratio,true_max_class_ratio,true_num_present_classes,g_mi,effective_mi_gate,diversity_norm,sample_entropy_norm,w_source,w_ema,w_batch,rho,n_eff,alpha,entropy_updated,loss_entropy,gate_threshold,gate_aware_ema,dynamic_mixture_weights,pred_class_0_count,pred_class_0_ratio,pred_class_1_count,pred_class_1_ratio,pred_class_2_count,pred_class_2_ratio,pred_max_class_ratio,pred_num_present_classes,true_imbalance
S10,EMATent,0.109647236764431,0.109647236764431,0.9781075119972229,0.0,0.4671058289706707,0.5,0.032894171029329296,0.0,0.0,0,64,64,1.0,0,0.0,0,0.0,1.0,1,,,,,,,,,,,,,,,,,,,,,,,,
S10,EMATent,0.853682279586792,0.853682279586792,0.6456230282783508,1.0,0.24389531612396242,0.5,0.2561046838760376,0.0,0.0,1,64,64,1.0,0,0.0,0,0.0,1.0,1,,,,,,,,,,,,,,,,,,,,,,,,
S10,EMATent,0.8682008981704712,0.8682008981704712,0.6177782416343689,1.0,0.23953973054885866,0.5,0.26046026945114137,0.0,0.0,2,64,64,1.0,0,0.0,0,0.0,1.0,1,,,,,,,,,,,,,,,,,,,,,,,,
S10,EMATent,0.8450646996498108,0.8450646996498108,0.775323748588562,1.0,0.24648059010505677,0.5,0.2535194098949432,0.0,0.0,3,64,44,0.6875,0,0.0,20,0.3125,0.6875,2,,,,,,,,,,,,,,,,,,,,,,,,
S10,EMATent,0.160710409283638,0.160710409283638,0.9632365703582764,0.0,0.4517868772149086,0.5,0.0482131227850914,0.0,0.0,4,64,0,0.0,9,0.140625,55,0.859375,0.859375,2,,,,,,,,,,,,,,,,,,,,,,,,
S10,EMATent,0.6526212096214294,0.6526212096214294,0.7504882216453552,1.0,0.3042136371135712,0.5,0.19578636288642884,0.0,0.0,5,64,0,0.0,64,1.0,0,0.0,1.0,1,,,,,,,,,,,,,,,,,,,,,,,,
S10,EMATent,0.6692977547645569,0.6692977547645569,0.6491234302520752,1.0,0.2992106735706329,0.5,0.20078932642936706,0.0,0.0,6,64,0,0.0,64,1.0,0,0.0,1.0,1,,,,,,,,,,,,,,,,,,,,,,,,
S10,EMATent,0.6557409763336182,0.6557409763336182,0.6518597602844238,1.0,0.30327770709991453,0.5,0.19672229290008544,0.0,0.0,7,8,0,0.0,8,1.0,0,0.0,1.0,1,,,,,,,,,,,,,,,,,,,,,,,,
S10,MIEMATentGateOnly,,,,,,,,,,0,64,64,1.0,0,0.0,0,0.0,1.0,1,0.021838359534740448,0.021838359534740448,0.109647236764431,0.08780887722969055,0.49344849213957787,0.5,0.006551507860422134,,0.0,0.19999999999999996,0.0,0.10422702878713608,0.05,0.0,0.0,64.0,1.0,0.0,0.0,0.0,0.0,1.0,1.0,0.6666666666666667
S10,MIEMATentGateOnly,,,,,,,,,,1,64,64,1.0,0,0.0,0,0.0,1.0,1,0.0708380714058876,0.0708380714058876,0.6197370886802673,0.5488989949226379,0.4787485785782337,0.5,0.02125142142176628,,0.0,0.19999999999999996,1.0,0.9117136001586914,0.05,0.0,0.0,43.0,0.671875,19.0,0.296875,2.0,0.03125,0.671875,3.0,0.6666666666666667
S10,MIEMATentGateOnly,,,,,,,,,,2,64,64,1.0,0,0.0,0,0.0,1.0,1,0.12464246153831482,0.12464246153831482,0.8520018458366394,0.727359414100647,0.46260726153850557,0.5,0.03739273846149444,,0.0,0.19999999999999996,1.0,0.9042980670928955,0.05,0.0,0.0,5.0,0.078125,56.0,0.875,3.0,0.046875,0.875,3.0,0.6666666666666667
S10,MIEMATentGateOnly,,,,,,,,,,3,64,44,0.6875,0,0.0,20,0.3125,0.6875,2,0.4422810971736908,0.4422810971736908,0.9917665719985962,0.549485445022583,0.36731567084789274,0.5,0.13268432915210723,,0.0,0.19999999999999996,1.0,0.5667471885681152,0.05,0.0,0.0,0.0,0.0,42.0,0.65625,22.0,0.34375,0.65625,2.0,0.3541666666666667
S10,MIEMATentGateOnly,,,,,,,,,,4,64,0,0.0,9,0.140625,55,0.859375,0.859375,2,0.029025809839367867,0.029025809839367867,0.18664368987083435,0.15761788189411163,0.49129225704818963,0.5,0.008707742951810359,,0.0,0.19999999999999996,0.0,0.12909609079360962,0.05,0.0,0.0,0.0,0.0,0.0,0.0,64.0,1.0,1.0,1.0,0.5260416666666667
S10,MIEMATentGateOnly,,,,,,,,,,5,64,0,0.0,64,1.0,0,0.0,1.0,1,0.05845310539007187,0.05845310539007187,0.48088347911834717,0.4224303960800171,0.48246406838297845,0.5,0.01753593161702156,,0.0,0.19999999999999996,1.0,0.5945033431053162,0.05,0.0,0.0,0.0,0.0,37.0,0.578125,27.0,0.421875,0.578125,2.0,0.6666666666666667
S10,MIEMATentGateOnly,,,,,,,,,,6,64,0,0.0,64,1.0,0,0.0,1.0,1,0.047356054186820984,0.047356054186820984,0.4312104880809784,0.3838544487953186,0.4857931837439537,0.5,0.014206816256046294,,0.0,0.19999999999999996,0.0,0.6756720542907715,0.05,0.0,0.0,0.0,0.0,41.0,0.640625,23.0,0.359375,0.640625,2.0,0.6666666666666667
S10,MIEMATentGateOnly,,,,,,,,,,7,8,0,0.0,8,1.0,0,0.0,1.0,1,0.026484055444598198,0.026484055444598198,0.4399966895580292,0.41351261734962463,0.49205478336662056,0.5,0.00794521663337946,,0.0,0.19999999999999996,0.0,0.7307246327400208,0.05,0.0,0.0,0.0,0.0,4.0,0.5,4.0,0.5,0.5,2.0,0.6666666666666667
S10,MIEMATentGateAware,,,,,,,,,,0,64,64,1.0,0,0.0,0,0.0,1.0,1,0.021838359534740448,0.021838359534740448,0.109647236764431,0.08780887722969055,0.49344849213957787,0.5,0.006551507860422134,,0.0,0.004367671906948089,0.0,0.10422702878713608,0.05,1.0,0.0,64.0,1.0,0.0,0.0,0.0,0.0,1.0,1.0,0.6666666666666667
S10,MIEMATentGateAware,,,,,,,,,,1,64,64,1.0,0,0.0,0,0.0,1.0,1,0.0708380714058876,0.0708380714058876,0.6197370886802673,0.5488989949226379,0.4787485785782337,0.5,0.02125142142176628,,0.0,0.014167614281177517,1.0,0.6784893274307251,0.05,1.0,0.0,59.0,0.921875,5.0,0.078125,0.0,0.0,0.921875,2.0,0.6666666666666667
S10,MIEMATentGateAware,,,,,,,,,,2,64,64,1.0,0,0.0,0,0.0,1.0,1,0.12466102093458176,0.12466102093458176,0.8520053029060364,0.727344274520874,0.46260169371962545,0.5,0.03739830628037453,,0.0,0.024932204186916346,1.0,0.9104418754577637,0.05,1.0,0.0,35.0,0.546875,29.0,0.453125,0.0,0.0,0.546875,2.0,0.6666666666666667
S10,MIEMATentGateAware,,,,,,,,,,3,64,44,0.6875,0,0.0,20,0.3125,0.6875,2,0.4421696960926056,0.4421696960926056,0.9918707013130188,0.5497010350227356,0.36734909117221837,0.5,0.13265090882778166,,0.0,0.0884339392185211,1.0,0.6536316275596619,0.05,1.0,0.0,11.0,0.171875,33.0,0.515625,20.0,0.3125,0.515625,3.0,0.3541666666666667
S10,MIEMATentGateAware,,,,,,,,,,4,64,0,0.0,9,0.140625,55,0.859375,0.859375,2,0.02902650274336338,0.02902650274336338,0.18669237196445465,0.15766586363315582,0.491292049176991,0.5,0.008707950823009014,,0.0,0.005805300548672675,0.0,0.1431857794523239,0.05,1.0,0.0,0.0,0.0,0.0,0.0,64.0,1.0,1.0,1.0,0.5260416666666667
S10,MIEMATentGateAware,,,,,,,,,,5,64,0,0.0,64,1.0,0,0.0,1.0,1,0.058424510061740875,0.058424510061740875,0.480846643447876,0.4224221408367157,0.48247264698147774,0.5,0.017527353018522263,,0.0,0.011684902012348173,1.0,0.49374422430992126,0.05,1.0,0.0,0.0,0.0,3.0,0.046875,61.0,0.953125,0.953125,2.0,0.6666666666666667
S10,MIEMATentGateAware,,,,,,,,,,6,64,0,0.0,64,1.0,0,0.0,1.0,1,0.04731278494000435,0.04731278494000435,0.4309975802898407,0.38368478417396545,0.4858061645179987,0.5,0.014193835482001304,,0.0,0.009462556988000867,0.0,0.5314432382583618,0.05,1.0,0.0,0.0,0.0,2.0,0.03125,62.0,0.96875,0.96875,2.0,0.6666666666666667
S10,MIEMATentGateAware,,,,,,,,,,7,8,0,0.0,8,1.0,0,0.0,1.0,1,0.026437858119606972,0.026437858119606972,0.4397558271884918,0.4133179485797882,0.4920686425641179,0.5,0.00793135743588209,,0.0,0.005287571623921393,0.0,0.513394832611084,0.05,1.0,0.0,0.0,0.0,0.0,0.0,8.0,1.0,1.0,1.0,0.6666666666666667
S10,MIDynamicEMATent,,,,,,,,,,0,64,64,1.0,0,0.0,0,0.0,1.0,1,0.021838359534740448,0.021838359534740448,0.109647236764431,0.08780887722969055,0.9907402795849708,0.0027082125546070337,0.006551507860422134,0.002726072439623306,1.3976550102233887,0.004367671906948089,0.0,0.10422705113887787,0.05,1.0,1.0,64.0,1.0,0.0,0.0,0.0,0.0,1.0,1.0,0.6666666666666667
S10,MIDynamicEMATent,,,,,,,,,,1,64,64,1.0,0,0.0,0,0.0,1.0,1,0.0708380714058876,0.0708380714058876,0.6197370886802673,0.5488989949226379,0.9674756350283554,0.011272943549878312,0.02125142142176628,0.011517711286236354,5.931291580200195,0.014167614281177517,1.0,0.672788143157959,0.05,1.0,1.0,59.0,0.921875,5.0,0.078125,0.0,0.0,0.921875,2.0,0.6666666666666667
S10,MIDynamicEMATent,,,,,,,,,,2,64,64,1.0,0,0.0,0,0.0,1.0,1,0.12466155737638474,0.12466155737638474,0.8520060777664185,0.7273445129394531,0.9368023311221847,0.02579920166489989,0.03739846721291542,0.026801538109129885,13.909631252288818,0.02493231147527694,1.0,0.8999199867248535,0.05,1.0,1.0,36.0,0.5625,28.0,0.4375,0.0,0.0,0.5625,2.0,0.6666666666666667
S10,MIDynamicEMATent,,,,,,,,,,3,64,44,0.6875,0,0.0,20,0.3125,0.6875,2,0.4421616792678833,0.4421616792678833,0.9918725490570068,0.5497108697891235,0.7987171298080339,0.06863436641160116,0.132648503780365,0.07913097136598612,42.20797872543335,0.08843233585357664,1.0,0.6531771421432495,0.05,1.0,1.0,12.0,0.1875,32.0,0.5,20.0,0.3125,0.5,3.0,0.3541666666666667
S10,MIDynamicEMATent,,,,,,,,,,4,64,0,0.0,9,0.140625,55,0.859375,0.859375,2,0.02902637980878353,0.02902637980878353,0.1866920292377472,0.1576656550168991,0.9095440897417916,0.08174799631557343,0.00870791394263506,0.08246610405285004,44.065667033195496,0.005805275961756705,0.0,0.12152361869812012,0.05,1.0,1.0,0.0,0.0,0.0,0.0,64.0,1.0,1.0,1.0,0.5260416666666667
S10,MIDynamicEMATent,,,,,,,,,,5,64,0,0.0,64,1.0,0,0.0,1.0,1,0.05842367187142372,0.05842367187142372,0.4808410704135895,0.42241740226745605,0.8948928980835,0.08758000035507287,0.017527101561427116,0.08914240840053933,47.804782032966614,0.011684734374284743,1.0,0.44870448112487793,0.05,1.0,1.0,0.0,0.0,2.0,0.03125,62.0,0.96875,0.96875,2.0,0.6666666666666667
S10,MIDynamicEMATent,,,,,,,,,,6,64,0,0.0,64,1.0,0,0.0,1.0,1,0.047311048954725266,0.047311048954725266,0.4309886693954468,0.3836776316165924,0.8926349260130622,0.09317175930052024,0.01419331468641758,0.09451321510452382,50.83268916606903,0.009462209790945052,0.0,0.47347021102905273,0.05,1.0,1.0,0.0,0.0,2.0,0.03125,62.0,0.96875,0.96875,2.0,0.6666666666666667
S10,MIDynamicEMATent,,,,,,,,,,7,8,0,0.0,8,1.0,0,0.0,1.0,1,0.026435742154717445,0.026435742154717445,0.4397442936897278,0.4133085608482361,0.897934644220985,0.09413463313259972,0.007930722646415233,0.0948871568563342,51.04417510330677,0.005287148430943488,0.0,0.4457054138183594,0.05,1.0,1.0,0.0,0.0,0.0,0.0,8.0,1.0,1.0,1.0,0.6666666666666667
S10,MIDynamicRelaxedAnchor,,,,,,,,,,0,64,64,1.0,0,0.0,0,0.0,1.0,1,0.09154055267572403,0.37230102399244935,0.3260748088359833,0.23453424870967865,0.7065225630151958,0.1445570273878245,0.14892040959697975,0.16985136175028115,23.82726553551676,0.07446020479848986,1.0,0.2262086123228073,0.0,1.0,1.0,64.0,1.0,0.0,0.0,0.0,0.0,1.0,1.0,0.6666666666666667
S10,MIDynamicRelaxedAnchor,,,,,,,,,,1,64,64,1.0,0,0.0,0,0.0,1.0,1,0.10960659384727478,0.3979619791454819,0.9370870590209961,0.8274804353713989,0.5720580119741417,0.26875719636766543,0.15918479165819277,0.3196388382385331,49.2968322008276,0.07959239582909637,1.0,0.9186789393424988,0.0,1.0,1.0,43.0,0.671875,20.0,0.3125,1.0,0.015625,0.671875,3.0,0.6666666666666667
S10,MIDynamicRelaxedAnchor,,,,,,,,,,2,64,64,1.0,0,0.0,0,0.0,1.0,1,0.08105722814798355,0.3562349601437452,0.9670590758323669,0.8860018253326416,0.4882263904092611,0.3692796255332408,0.1424939840574981,0.43064377236742557,72.0958696500273,0.07124699202874903,1.0,0.9774575233459473,0.0,1.0,1.0,15.0,0.234375,49.0,0.765625,0.0,0.0,0.765625,2.0,0.6666666666666667
S10,MIDynamicRelaxedAnchor,,,,,,,,,,3,64,44,0.6875,0,0.0,20,0.3125,0.6875,2,0.30824553966522217,0.5996787839490786,0.9405698776245117,0.6323242783546448,0.32066568685757396,0.4394627995627946,0.23987151357963143,0.5781427842973399,110.47531182276833,0.11993575678981569,1.0,0.6425238251686096,0.0,1.0,1.0,2.0,0.03125,42.0,0.65625,20.0,0.3125,0.65625,3.0,0.3541666666666667
S10,MIDynamicRelaxedAnchor,,,,,,,,,,4,64,0,0.0,9,0.140625,55,0.859375,0.859375,2,0.0827673077583313,0.3589237711842008,0.44528114795684814,0.36251384019851685,0.30193836319949585,0.5544921283268238,0.14356950847368033,0.647445570671608,133.44643317855719,0.07178475423684015,1.0,0.26292526721954346,0.0,1.0,1.0,0.0,0.0,0.0,0.0,64.0,1.0,1.0,1.0,0.5260416666666667
S10,MIDynamicRelaxedAnchor,,,,,,,,,,5,64,0,0.0,64,1.0,0,0.0,1.0,1,0.06420084834098816,0.3280409769234477,0.639455258846283,0.5752543807029724,0.2599588463831373,0.6088247628474835,0.13121639076937908,0.7007783714826846,154.44105570165783,0.06560819538468952,1.0,0.6433740854263306,0.0,1.0,1.0,0.0,0.0,25.0,0.390625,39.0,0.609375,0.609375,2.0,0.6666666666666667
S10,MIDynamicRelaxedAnchor,,,,,,,,,,6,64,0,0.0,64,1.0,0,0.0,1.0,1,0.042958810925483704,0.286538566654839,0.615249752998352,0.5722909569740295,0.22956404775881806,0.6558205255792464,0.11461542666193561,0.7407182656308107,172.7795239675675,0.05730771333096779,1.0,0.6956978440284729,0.0,1.0,1.0,0.0,0.0,28.0,0.4375,36.0,0.5625,0.5625,2.0,0.6666666666666667
S10,MIDynamicRelaxedAnchor,,,,,,,,,,7,8,0,0.0,8,1.0,0,0.0,1.0,1,0.028939396142959595,0.2531042483923855,0.6212654113769531,0.5923259854316711,0.22937428421963793,0.6693840164234078,0.1012416993569542,0.7447875763088645,174.8043579547066,0.05062084967847709,1.0,0.727427065372467,0.0,1.0,1.0,0.0,0.0,2.0,0.25,6.0,0.75,0.75,2.0,0.6666666666666667
S11,EMATent,0.14645294845104218,0.14645294845104218,0.9686616659164429,0.0,0.45606411546468734,0.5,0.04393588453531265,0.0,0.0,0,64,64,1.0,0,0.0,0,0.0,1.0,1,,,,,,,,,,,,,,,,,,,,,,,,
S11,EMATent,0.20222258567810059,0.20222258567810059,0.9529796838760376,1.0,0.43933322429656985,0.5,0.060666775703430174,0.0,0.0,1,64,64,1.0,0,0.0,0,0.0,1.0,1,,,,,,,,,,,,,,,,,,,,,,,,
S11,EMATent,0.9186703562736511,0.9186703562736511,0.609183669090271,1.0,0.22439889311790467,0.5,0.2756011068820953,0.0,0.0,2,64,64,1.0,0,0.0,0,0.0,1.0,1,,,,,,,,,,,,,,,,,,,,,,,,
S11,EMATent,0.8507895469665527,0.8507895469665527,0.6367895603179932,1.0,0.24476313591003418,0.5,0.2552368640899658,0.0,0.0,3,64,44,0.6875,20,0.3125,0,0.0,0.6875,2,,,,,,,,,,,,,,,,,,,,,,,,
S11,EMATent,0.6819781064987183,0.6819781064987183,0.7419804334640503,1.0,0.2954065680503845,0.5,0.20459343194961546,0.0,0.0,4,64,0,0.0,64,1.0,0,0.0,1.0,1,,,,,,,,,,,,,,,,,,,,,,,,
S11,EMATent,0.47257664799690247,0.47257664799690247,0.8389599919319153,1.0,0.35822700560092924,0.5,0.14177299439907073,0.0,0.0,5,64,0,0.0,52,0.8125,12,0.1875,0.8125,2,,,,,,,,,,,,,,,,,,,,,,,,
S11,EMATent,0.36233755946159363,0.36233755946159363,0.8967939615249634,1.0,0.3912987321615219,0.5,0.10870126783847808,0.0,0.0,6,62,0,0.0,0,0.0,62,1.0,1.0,1,,,,,,,,,,,,,,,,,,,,,,,,
S11,MIEMATentGateOnly,,,,,,,,,,0,64,64,1.0,0,0.0,0,0.0,1.0,1,0.016283195465803146,0.016283195465803146,0.14645294845104218,0.13016976416110992,0.4951150413602591,0.5,0.004884958639740943,,0.0,0.19999999999999996,0.0,0.14188890159130096,0.05,0.0,0.0,64.0,1.0,0.0,0.0,0.0,0.0,1.0,1.0,0.6666666666666667
S11,MIEMATentGateOnly,,,,,,,,,,1,64,64,1.0,0,0.0,0,0.0,1.0,1,0.01744742877781391,0.01744742877781391,0.16596712172031403,0.14851969480514526,0.49476577136665584,0.5,0.005234228633344174,,0.0,0.19999999999999996,0.0,0.26267969608306885,0.05,0.0,0.0,64.0,1.0,0.0,0.0,0.0,0.0,1.0,1.0,0.6666666666666667
S11,MIEMATentGateOnly,,,,,,,,,,2,64,64,1.0,0,0.0,0,0.0,1.0,1,0.03969290480017662,0.03969290480017662,0.43194079399108887,0.39224788546562195,0.488092128559947,0.5,0.011907871440052986,,0.0,0.19999999999999996,0.0,0.9421844482421875,0.05,0.0,0.0,33.0,0.515625,5.0,0.078125,26.0,0.40625,0.515625,3.0,0.6666666666666667
S11,MIEMATentGateOnly,,,,,,,,,,3,64,44,0.6875,20,0.3125,0,0.0,0.6875,2,0.04567164182662964,0.04567164182662964,0.7801593542098999,0.7344877123832703,0.4862985074520111,0.5,0.013701492547988891,,0.0,0.19999999999999996,0.0,0.8227893114089966,0.05,0.0,0.0,0.0,0.0,2.0,0.03125,62.0,0.96875,0.96875,2.0,0.3541666666666667
S11,MIEMATentGateOnly,,,,,,,,,,4,64,0,0.0,64,1.0,0,0.0,1.0,1,0.03797580674290657,0.03797580674290657,0.8644134402275085,0.8264376521110535,0.488607257977128,0.5,0.01139274202287197,,0.0,0.19999999999999996,0.0,0.6722737550735474,0.05,0.0,0.0,0.0,0.0,0.0,0.0,64.0,1.0,1.0,1.0,0.6666666666666667
S11,MIEMATentGateOnly,,,,,,,,,,5,64,0,0.0,52,0.8125,12,0.1875,0.8125,2,0.06522506475448608,0.06522506475448608,0.7841250896453857,0.7189000248908997,0.4804324805736542,0.5,0.019567519426345825,,0.0,0.19999999999999996,1.0,0.5287104845046997,0.05,0.0,0.0,0.0,0.0,1.0,0.015625,63.0,0.984375,0.984375,2.0,0.4791666666666667
S11,MIEMATentGateOnly,,,,,,,,,,6,62,0,0.0,0,0.0,62,1.0,1.0,1,0.028478559106588364,0.028478559106588364,0.5714977979660034,0.5430192351341248,0.4914564322680235,0.5,0.008543567731976509,,0.0,0.19999999999999996,0.0,0.4105305075645447,0.05,0.0,0.0,0.0,0.0,0.0,0.0,62.0,1.0,1.0,1.0,0.6666666666666667
S11,MIEMATentGateAware,,,,,,,,,,0,64,64,1.0,0,0.0,0,0.0,1.0,1,0.016283195465803146,0.016283195465803146,0.14645294845104218,0.13016976416110992,0.4951150413602591,0.5,0.004884958639740943,,0.0,0.0032566390931606285,0.0,0.14188890159130096,0.05,1.0,0.0,64.0,1.0,0.0,0.0,0.0,0.0,1.0,1.0,0.6666666666666667
S11,MIEMATentGateAware,,,,,,,,,,1,64,64,1.0,0,0.0,0,0.0,1.0,1,0.01744742877781391,0.01744742877781391,0.16596712172031403,0.14851969480514526,0.49476577136665584,0.5,0.005234228633344174,,0.0,0.0034894857555627817,0.0,0.15606504678726196,0.05,1.0,0.0,64.0,1.0,0.0,0.0,0.0,0.0,1.0,1.0,0.6666666666666667
S11,MIEMATentGateAware,,,,,,,,,,2,64,64,1.0,0,0.0,0,0.0,1.0,1,0.03969290480017662,0.03969290480017662,0.43194079399108887,0.39224788546562195,0.488092128559947,0.5,0.011907871440052986,,0.0,0.007938580960035323,0.0,0.44827038049697876,0.05,1.0,0.0,64.0,1.0,0.0,0.0,0.0,0.0,1.0,1.0,0.6666666666666667
S11,MIEMATentGateAware,,,,,,,,,,3,64,44,0.6875,20,0.3125,0,0.0,0.6875,2,0.04567164182662964,0.04567164182662964,0.7801593542098999,0.7344877123832703,0.4862985074520111,0.5,0.013701492547988891,,0.0,0.009134328365325926,0.0,0.8556431531906128,0.05,1.0,0.0,58.0,0.90625,0.0,0.0,6.0,0.09375,0.90625,2.0,0.3541666666666667
S11,MIEMATentGateAware,,,,,,,,,,4,64,0,0.0,64,1.0,0,0.0,1.0,1,0.03797580674290657,0.03797580674290657,0.8644134402275085,0.8264376521110535,0.488607257977128,0.5,0.01139274202287197,,0.0,0.007595161348581313,0.0,0.9294561743736267,0.05,1.0,0.0,51.0,0.796875,0.0,0.0,13.0,0.203125,0.796875,2.0,0.6666666666666667
S11,MIEMATentGateAware,,,,,,,,,,5,64,0,0.0,52,0.8125,12,0.1875,0.8125,2,0.06522506475448608,0.06522506475448608,0.7841250896453857,0.7189000248908997,0.4804324805736542,0.5,0.019567519426345825,,0.0,0.013045012950897213,1.0,0.7900717854499817,0.05,1.0,0.0,8.0,0.125,0.0,0.0,56.0,0.875,0.875,2.0,0.4791666666666667
S11,MIEMATentGateAware,,,,,,,,,,6,62,0,0.0,0,0.0,62,1.0,1.0,1,0.028472427278757095,0.028472427278757095,0.5713032484054565,0.5428308248519897,0.49145827181637286,0.5,0.008541728183627128,,0.0,0.0056944854557514175,0.0,0.5987421870231628,0.05,1.0,0.0,0.0,0.0,0.0,0.0,62.0,1.0,1.0,1.0,0.6666666666666667
S11,MIDynamicEMATent,,,,,,,,,,0,64,64,1.0,0,0.0,0,0.0,1.0,1,0.016283195465803146,0.016283195465803146,0.14645294845104218,0.13016976416110992,0.993091644677863,0.002023396682395996,0.004884958639740943,0.002033329412476914,1.0421245098114014,0.0032566390931606285,0.0,0.14188890159130096,0.05,1.0,1.0,64.0,1.0,0.0,0.0,0.0,0.0,1.0,1.0,0.6666666666666667
S11,MIDynamicEMATent,,,,,,,,,,1,64,64,1.0,0,0.0,0,0.0,1.0,1,0.01744742877781391,0.01744742877781391,0.16596712172031403,0.14851969480514526,0.990580342332496,0.0041854290341597385,0.005234228633344174,0.004207451798838635,2.1587599515914917,0.0034894857555627817,0.0,0.15484647452831268,0.05,1.0,1.0,64.0,1.0,0.0,0.0,0.0,0.0,1.0,1.0,0.6666666666666667
S11,MIDynamicEMATent,,,,,,,,,,2,64,64,1.0,0,0.0,0,0.0,1.0,1,0.03969290480017662,0.03969290480017662,0.43194079399108887,0.39224788546562195,0.9790649659227019,0.009027162637245088,0.011907871440052986,0.009135952383712787,4.699105858802795,0.007938580960035323,0.0,0.43918323516845703,0.05,1.0,1.0,64.0,1.0,0.0,0.0,0.0,0.0,1.0,1.0,0.6666666666666667
S11,MIDynamicEMATent,,,,,,,,,,3,64,44,0.6875,20,0.3125,0,0.0,0.6875,2,0.04567164182662964,0.04567164182662964,0.7801593542098999,0.7344877123832703,0.971724335049065,0.014574172402946077,0.013701492547988891,0.014776634348354412,7.622090935707092,0.009134328365325926,0.0,0.838434100151062,0.05,1.0,1.0,60.0,0.9375,0.0,0.0,4.0,0.0625,0.9375,2.0,0.3541666666666667
S11,MIDynamicEMATent,,,,,,,,,,4,64,0,0.0,64,1.0,0,0.0,1.0,1,0.03797580674290657,0.03797580674290657,0.8644134402275085,0.8264376521110535,0.969386377025583,0.01922088095154508,0.01139274202287197,0.01944238300543588,10.052542567253113,0.007595161348581313,0.0,0.9138935208320618,0.05,1.0,1.0,56.0,0.875,0.0,0.0,8.0,0.125,0.875,2.0,0.6666666666666667
S11,MIDynamicEMATent,,,,,,,,,,5,64,0,0.0,52,0.8125,12,0.1875,0.8125,2,0.06522506475448608,0.06522506475448608,0.7841250896453857,0.7189000248908997,0.9535642210444227,0.02686825952923141,0.019567519426345825,0.027404497567757757,14.226946711540222,0.013045012950897213,1.0,0.8034230470657349,0.05,1.0,1.0,8.0,0.125,0.0,0.0,56.0,0.875,0.875,2.0,0.4791666666666667
S11,MIDynamicEMATent,,,,,,,,,,6,62,0,0.0,0,0.0,62,1.0,1.0,1,0.028472211211919785,0.028472211211919785,0.5712972283363342,0.5428250432014465,0.9609689654348285,0.030489371201595575,0.008541663363575935,0.030752044816156787,15.992223806679249,0.005694442242383956,0.0,0.6119650602340698,0.05,1.0,1.0,0.0,0.0,0.0,0.0,62.0,1.0,1.0,1.0,0.6666666666666667
S11,MIDynamicRelaxedAnchor,,,,,,,,,,0,64,64,1.0,0,0.0,0,0.0,1.0,1,0.025206688791513443,0.24288953048115838,0.300086110830307,0.27487942576408386,0.7995948995025761,0.10324928830496051,0.09715581219246336,0.11436002989141536,15.544929950794137,0.048577906096231666,1.0,0.20241041481494904,0.0,1.0,1.0,64.0,1.0,0.0,0.0,0.0,0.0,1.0,1.0,0.6666666666666667
S11,MIDynamicRelaxedAnchor,,,,,,,,,,1,64,64,1.0,0,0.0,0,0.0,1.0,1,0.027275709435343742,0.24863823412106467,0.340790331363678,0.3135146200656891,0.7043222037413186,0.19622250261025553,0.09945529364842587,0.21789312759965296,31.457776934542274,0.04972764682421292,1.0,0.23957687616348267,0.0,1.0,1.0,64.0,1.0,0.0,0.0,0.0,0.0,1.0,1.0,0.6666666666666667
S11,MIDynamicRelaxedAnchor,,,,,,,,,,2,64,64,1.0,0,0.0,0,0.0,1.0,1,0.07259456068277359,0.3424904001255444,0.6628003716468811,0.5902057886123657,0.5687324190607745,0.2942714208890077,0.13699616005021775,0.3409850654965002,53.37716254257711,0.06849808002510886,1.0,0.6579870581626892,0.0,1.0,1.0,62.0,0.96875,0.0,0.0,2.0,0.03125,0.96875,2.0,0.6666666666666667
S11,MIDynamicRelaxedAnchor,,,,,,,,,,3,64,44,0.6875,20,0.3125,0,0.0,0.6875,2,0.06316079199314117,0.32618629824647727,0.8855857849121094,0.8224249482154846,0.48679612789572757,0.38272935280568154,0.1304745192985909,0.4401588697515225,74.25308563035165,0.06523725964929544,1.0,0.9872784614562988,0.0,1.0,1.0,38.0,0.59375,3.0,0.046875,23.0,0.359375,0.59375,3.0,0.3541666666666667
S11,MIDynamicRelaxedAnchor,,,,,,,,,,4,64,0,0.0,64,1.0,0,0.0,1.0,1,0.02970438450574875,0.25511463970127546,0.9376429319381714,0.907938539981842,0.44250840172004746,0.45544574239944235,0.10204585588051018,0.5072037869439764,90.58042257123327,0.05102292794025508,1.0,0.9655610918998718,0.0,1.0,1.0,9.0,0.140625,0.0,0.0,55.0,0.859375,0.859375,2.0,0.6666666666666667
S11,MIDynamicRelaxedAnchor,,,,,,,,,,5,64,0,0.0,52,0.8125,12,0.1875,0.8125,2,0.08433035016059875,0.3613571954817487,0.8586488366127014,0.774318516254425,0.35188267922113586,0.5035744425861646,0.14454287819269948,0.5886612312283717,113.70728308206519,0.07227143909634973,1.0,0.7181208729743958,0.0,1.0,1.0,0.0,0.0,0.0,0.0,64.0,1.0,1.0,1.0,0.4791666666666667
S11,MIDynamicRelaxedAnchor,,,,,,,,,,6,62,0,0.0,0,0.0,62,1.0,1.0,1,0.032084204256534576,0.26120857746346193,0.7015279531478882,0.6694437265396118,0.3245824769389089,0.5709340920757063,0.10448343098538478,0.6375472122240414,129.90221488479983,0.052241715492692374,1.0,0.5414341688156128,0.0,1.0,1.0,0.0,0.0,0.0,0.0,62.0,1.0,1.0,1.0,0.6666666666666667
S13,EMATent,0.11999023705720901,0.11999023705720901,0.9754358530044556,0.0,0.4640029288828373,0.5,0.0359970711171627,0.0,0.0,0,64,64,1.0,0,0.0,0,0.0,1.0,1,,,,,,,,,,,,,,,,,,,,,,,,
S13,EMATent,0.0451284684240818,0.0451284684240818,0.9924033284187317,0.0,0.48646145947277547,0.5,0.01353854052722454,0.0,0.0,1,64,64,1.0,0,0.0,0,0.0,1.0,1,,,,,,,,,,,,,,,,,,,,,,,,
S13,EMATent,0.23266924917697906,0.23266924917697906,0.9746440649032593,1.0,0.4301992252469063,0.5,0.06980077475309372,0.0,0.0,2,64,64,1.0,0,0.0,0,0.0,1.0,1,,,,,,,,,,,,,,,,,,,,,,,,
S13,EMATent,0.9562434554100037,0.9562434554100037,0.8147724866867065,1.0,0.2131269633769989,0.5,0.28687303662300107,0.0,0.0,3,64,44,0.6875,0,0.0,20,0.3125,0.6875,2,,,,,,,,,,,,,,,,,,,,,,,,
S13,EMATent,0.4027569890022278,0.4027569890022278,0.9645830392837524,1.0,0.3791729032993317,0.5,0.12082709670066832,0.0,0.0,4,64,0,0.0,8,0.125,56,0.875,0.875,2,,,,,,,,,,,,,,,,,,,,,,,,
S13,EMATent,0.5711360573768616,0.5711360573768616,0.9263198375701904,1.0,0.3286591827869415,0.5,0.17134081721305847,0.0,0.0,5,64,0,0.0,64,1.0,0,0.0,1.0,1,,,,,,,,,,,,,,,,,,,,,,,,
S13,EMATent,0.5922224521636963,0.5922224521636963,0.806748628616333,1.0,0.3223332643508911,0.5,0.17766673564910887,0.0,0.0,6,61,0,0.0,61,1.0,0,0.0,1.0,1,,,,,,,,,,,,,,,,,,,,,,,,
S13,MIEMATentGateOnly,,,,,,,,,,0,64,64,1.0,0,0.0,0,0.0,1.0,1,0.031070267781615257,0.031070267781615257,0.11999023705720901,0.08891996741294861,0.4906789196655154,0.5,0.009321080334484576,,0.0,0.19999999999999996,0.0,0.09531303495168686,0.05,0.0,0.0,64.0,1.0,0.0,0.0,0.0,0.0,1.0,1.0,0.6666666666666667
S13,MIEMATentGateOnly,,,,,,,,,,1,64,64,1.0,0,0.0,0,0.0,1.0,1,0.003628504229709506,0.003628504229709506,0.030780071392655373,0.027151567861437798,0.49891144873108717,0.5,0.0010885512689128517,,0.0,0.19999999999999996,0.0,0.053833652287721634,0.05,0.0,0.0,64.0,1.0,0.0,0.0,0.0,0.0,1.0,1.0,0.6666666666666667
S13,MIEMATentGateOnly,,,,,,,,,,2,64,64,1.0,0,0.0,0,0.0,1.0,1,0.034362390637397766,0.034362390637397766,0.08426772803068161,0.049905337393283844,0.48969128280878066,0.5,0.010308717191219329,,0.0,0.19999999999999996,0.0,0.13119161128997803,0.05,0.0,0.0,60.0,0.9375,1.0,0.015625,3.0,0.046875,0.9375,3.0,0.6666666666666667
S13,MIEMATentGateOnly,,,,,,,,,,3,64,44,0.6875,0,0.0,20,0.3125,0.6875,2,0.6002416014671326,0.6002416014671326,0.9156975150108337,0.31545591354370117,0.3199275195598602,0.5,0.18007248044013976,,0.0,0.19999999999999996,1.0,0.4750679135322571,0.05,0.0,0.0,12.0,0.1875,27.0,0.421875,25.0,0.390625,0.421875,3.0,0.3541666666666667
S13,MIEMATentGateOnly,,,,,,,,,,4,64,0,0.0,8,0.125,56,0.875,0.875,2,0.24334992468357086,0.24334992468357086,0.46992793679237366,0.226578027009964,0.4269950225949287,0.5,0.07300497740507125,,0.0,0.19999999999999996,1.0,0.19746798276901245,0.05,0.0,0.0,0.0,0.0,56.0,0.875,8.0,0.125,0.875,2.0,0.5416666666666667
S13,MIEMATentGateOnly,,,,,,,,,,5,64,0,0.0,64,1.0,0,0.0,1.0,1,0.2328808456659317,0.2328808456659317,0.6688858866691589,0.4360050857067108,0.4301357463002205,0.5,0.06986425369977951,,0.0,0.19999999999999996,1.0,0.3377366065979004,0.05,0.0,0.0,0.0,0.0,36.0,0.5625,28.0,0.4375,0.5625,2.0,0.6666666666666667
S13,MIEMATentGateOnly,,,,,,,,,,6,61,0,0.0,61,1.0,0,0.0,1.0,1,0.0900859609246254,0.0900859609246254,0.4843032658100128,0.39421728253364563,0.4729742117226124,0.5,0.02702578827738762,,0.0,0.19999999999999996,1.0,0.4685707986354828,0.05,0.0,0.0,0.0,0.0,6.0,0.09836065573770492,55.0,0.9016393442622951,0.9016393442622951,2.0,0.6666666666666667
S13,MIEMATentGateAware,,,,,,,,,,0,64,64,1.0,0,0.0,0,0.0,1.0,1,0.031070267781615257,0.031070267781615257,0.11999023705720901,0.08891996741294861,0.4906789196655154,0.5,0.009321080334484576,,0.0,0.00621405355632305,0.0,0.09531303495168686,0.05,1.0,0.0,64.0,1.0,0.0,0.0,0.0,0.0,1.0,1.0,0.6666666666666667
S13,MIEMATentGateAware,,,,,,,,,,1,64,64,1.0,0,0.0,0,0.0,1.0,1,0.003628504229709506,0.003628504229709506,0.030780071392655373,0.027151567861437798,0.49891144873108717,0.5,0.0010885512689128517,,0.0,0.0007257008459419011,0.0,0.027110952883958817,0.05,1.0,0.0,64.0,1.0,0.0,0.0,0.0,0.0,1.0,1.0,0.6666666666666667
S13,MIEMATentGateAware,,,,,,,,,,2,64,64,1.0,0,0.0,0,0.0,1.0,1,0.034362390637397766,0.034362390637397766,0.08426772803068161,0.049905337393283844,0.48969128280878066,0.5,0.010308717191219329,,0.0,0.006872478127479552,0.0,0.06692910194396973,0.05,1.0,0.0,64.0,1.0,0.0,0.0,0.0,0.0,1.0,1.0,0.6666666666666667
S13,MIEMATentGateAware,,,,,,,,,,3,64,44,0.6875,0,0.0,20,0.3125,0.6875,2,0.6002416014671326,0.6002416014671326,0.9156975150108337,0.31545591354370117,0.3199275195598602,0.5,0.18007248044013976,,0.0,0.12004832029342649,1.0,0.3606041669845581,0.05,1.0,0.0,26.0,0.40625,27.0,0.421875,11.0,0.171875,0.421875,3.0,0.3541666666666667
S13,MIEMATentGateAware,,,,,,,,,,4,64,0,0.0,8,0.125,56,0.875,0.875,2,0.24335499107837677,0.24335499107837677,0.4699002206325531,0.22654521465301514,0.42699350267648695,0.5,0.07300649732351303,,0.0,0.048670998215675346,1.0,0.25385239720344543,0.05,1.0,0.0,0.0,0.0,56.0,0.875,8.0,0.125,0.875,2.0,0.5416666666666667
S13,MIEMATentGateAware,,,,,,,,,,5,64,0,0.0,64,1.0,0,0.0,1.0,1,0.2326865792274475,0.2326865792274475,0.6688137054443359,0.4361271262168884,0.4301940262317657,0.5,0.06980597376823425,,0.0,0.046537315845489494,1.0,0.47857940196990967,0.05,1.0,0.0,0.0,0.0,28.0,0.4375,36.0,0.5625,0.5625,2.0,0.6666666666666667
S13,MIEMATentGateAware,,,,,,,,,,6,61,0,0.0,61,1.0,0,0.0,1.0,1,0.08998152613639832,0.08998152613639832,0.4840921461582184,0.39411062002182007,0.4730055421590805,0.5,0.026994457840919493,,0.0,0.017996305227279658,1.0,0.4641355872154236,0.05,1.0,0.0,0.0,0.0,5.0,0.08196721311475409,56.0,0.9180327868852459,0.9180327868852459,2.0,0.6666666666666667
S13,MIDynamicEMATent,,,,,,,,,,0,64,64,1.0,0,0.0,0,0.0,1.0,1,0.031070267781615257,0.031070267781615257,0.11999023705720901,0.08891996741294861,0.9868387991757679,0.003840120489747525,0.009321080334484576,0.00387625133988323,1.9884971380233765,0.00621405355632305,0.0,0.09531299024820328,0.05,1.0,1.0,64.0,1.0,0.0,0.0,0.0,0.0,1.0,1.0,0.6666666666666667
S13,MIDynamicEMATent,,,,,,,,,,1,64,64,1.0,0,0.0,0,0.0,1.0,1,0.003628504229709506,0.003628504229709506,0.030780071392655373,0.027151567861437798,0.9945882061318988,0.004323242599188343,0.0010885512689128517,0.004327953798787809,2.220721408724785,0.0007257008459419011,0.0,0.02660481445491314,0.05,1.0,1.0,64.0,1.0,0.0,0.0,0.0,0.0,1.0,1.0,0.6666666666666667
S13,MIDynamicEMATent,,,,,,,,,,2,64,64,1.0,0,0.0,0,0.0,1.0,1,0.034362390637397766,0.034362390637397766,0.08426772803068161,0.049905337393283844,0.9811844002564879,0.008506882552292785,0.010308717191219329,0.008595491038528635,4.419914409518242,0.006872478127479552,0.0,0.0652071014046669,0.05,1.0,1.0,64.0,1.0,0.0,0.0,0.0,0.0,1.0,1.0,0.6666666666666667
S13,MIDynamicEMATent,,,,,,,,,,3,64,44,0.6875,0,0.0,20,0.3125,0.6875,2,0.6002416014671326,0.6002416014671326,0.9156975150108337,0.31545591354370117,0.7541212017048127,0.06580631785504752,0.18007248044013976,0.0802587012695617,42.835376903414726,0.12004832029342649,1.0,0.3594871163368225,0.05,1.0,1.0,27.0,0.421875,26.0,0.40625,11.0,0.171875,0.421875,3.0,0.3541666666666667
S13,MIDynamicEMATent,,,,,,,,,,4,64,0,0.0,8,0.125,56,0.875,0.875,2,0.24335512518882751,0.24335512518882751,0.4698944091796875,0.2265392690896988,0.8270492757602846,0.09994418668306716,0.07300653755664825,0.10781541697137342,58.41010491549969,0.04867102503776549,1.0,0.2553998529911041,0.05,1.0,1.0,0.0,0.0,56.0,0.875,8.0,0.125,0.875,2.0,0.5416666666666667
S13,MIDynamicEMATent,,,,,,,,,,5,64,0,0.0,64,1.0,0,0.0,1.0,1,0.2326926589012146,0.2326926589012146,0.6688118577003479,0.4361191987991333,0.8061117781344874,0.12408042419514824,0.06980779767036438,0.13339224289818052,73.30243508517742,0.04653853178024291,1.0,0.5089185833930969,0.05,1.0,1.0,0.0,0.0,26.0,0.40625,38.0,0.59375,0.59375,2.0,0.6666666666666667
S13,MIDynamicEMATent,,,,,,,,,,6,61,0,0.0,61,1.0,0,0.0,1.0,1,0.08997843414545059,0.08997843414545059,0.4840669631958008,0.3940885365009308,0.8342238954021287,0.13878257435423613,0.026993530243635176,0.1426327354112933,78.79111956804991,0.017995686829090113,1.0,0.4501515328884125,0.05,1.0,1.0,0.0,0.0,4.0,0.06557377049180328,57.0,0.9344262295081968,0.9344262295081968,2.0,0.6666666666666667
S13,MIDynamicRelaxedAnchor,,,,,,,,,,0,64,64,1.0,0,0.0,0,0.0,1.0,1,0.19971336424350739,0.5022037108695555,0.4126063883304596,0.2128930240869522,0.6216687591377614,0.17744975651441636,0.20088148434782221,0.2220568702122936,32.14103749565155,0.10044074217391108,1.0,0.22689586877822876,0.0,1.0,1.0,57.0,0.890625,0.0,0.0,7.0,0.109375,0.890625,2.0,0.6666666666666667
S13,MIDynamicRelaxedAnchor,,,,,,,,,,1,64,64,1.0,0,0.0,0,0.0,1.0,1,0.025689078494906425,0.24425031570459113,0.16443753242492676,0.13874845206737518,0.6212415065436621,0.28105836717450144,0.09770012628183646,0.3114910855703954,47.77305770074538,0.048850063140918214,1.0,0.06769917160272598,0.0,1.0,1.0,64.0,1.0,0.0,0.0,0.0,0.0,1.0,1.0,0.6666666666666667
S13,MIDynamicRelaxedAnchor,,,,,,,,,,2,64,64,1.0,0,0.0,0,0.0,1.0,1,0.17469081282615662,0.47616427048456755,0.28940096497535706,0.11471015214920044,0.43928569417441415,0.3702485976317588,0.19046570819382702,0.4573599925034523,78.24757101175771,0.09523285409691348,1.0,0.15851238369941711,0.0,1.0,1.0,59.0,0.921875,2.0,0.03125,3.0,0.046875,0.921875,3.0,0.6666666666666667
S13,MIDynamicRelaxedAnchor,,,,,,,,,,3,64,44,0.6875,0,0.0,20,0.3125,0.6875,2,0.6342629194259644,0.8167656274787674,0.9402719736099243,0.30600911378860474,0.24286111800939977,0.4304326309990933,0.32670625099150696,0.6392939658699605,130.52057117039882,0.16335312549575343,1.0,0.3714342713356018,0.0,1.0,1.0,23.0,0.359375,26.0,0.40625,15.0,0.234375,0.40625,3.0,0.3541666666666667
S13,MIDynamicRelaxedAnchor,,,,,,,,,,4,64,0,0.0,8,0.125,56,0.875,0.875,2,0.2441861480474472,0.544736753505298,0.5559855103492737,0.31179937720298767,0.21484762273582098,0.5672576758620598,0.21789470140211922,0.7252957841853405,165.3837233947379,0.10894735070105958,1.0,0.2696155905723572,0.0,1.0,1.0,0.0,0.0,56.0,0.875,8.0,0.125,0.875,2.0,0.5416666666666667
S13,MIDynamicRelaxedAnchor,,,,,,,,,,5,64,0,0.0,64,1.0,0,0.0,1.0,1,0.22809132933616638,0.5298301720008669,0.7889772057533264,0.5608858466148376,0.16610313128149498,0.6219647999181582,0.21193206880034676,0.7892273943584521,199.29285440279338,0.10596603440017335,1.0,0.5086578726768494,0.0,1.0,1.0,2.0,0.03125,35.0,0.546875,27.0,0.421875,0.546875,3.0,0.6666666666666667
S13,MIDynamicRelaxedAnchor,,,,,,,,,,6,61,0,0.0,61,1.0,0,0.0,1.0,1,0.10694025456905365,0.3943154875315491,0.5764406323432922,0.4695003628730774,0.14711487525340908,0.6951589297339713,0.15772619501261964,0.8253360434786248,223.34609914221787,0.0788630975063098,1.0,0.5246425271034241,0.0,1.0,1.0,0.0,0.0,16.0,0.26229508196721313,45.0,0.7377049180327869,0.7377049180327869,2.0,0.6666666666666667
S14,EMATent,0.03347034379839897,0.03347034379839897,0.9946631193161011,0.0,0.48995889686048033,0.5,0.010041103139519692,0.0,0.0,0,64,64,1.0,0,0.0,0,0.0,1.0,1,,,,,,,,,,,,,,,,,,,,,,,,
S14,EMATent,0.9197412133216858,0.9197412133216858,0.7422871589660645,1.0,0.22407763600349428,0.5,0.2759223639965057,0.0,0.0,1,64,64,1.0,0,0.0,0,0.0,1.0,1,,,,,,,,,,,,,,,,,,,,,,,,
S14,EMATent,0.9949799180030823,0.9949799180030823,0.559194803237915,1.0,0.20150602459907532,0.5,0.29849397540092465,0.0,0.0,2,64,64,1.0,0,0.0,0,0.0,1.0,1,,,,,,,,,,,,,,,,,,,,,,,,
S14,EMATent,0.9719070196151733,0.9719070196151733,0.6168927550315857,1.0,0.20842789411544801,0.5,0.291572105884552,0.0,0.0,3,64,44,0.6875,20,0.3125,0,0.0,0.6875,2,,,,,,,,,,,,,,,,,,,,,,,,
S14,EMATent,0.5234255790710449,0.5234255790710449,0.8450758457183838,1.0,0.34297232627868657,0.5,0.15702767372131346,0.0,0.0,4,64,0,0.0,64,1.0,0,0.0,1.0,1,,,,,,,,,,,,,,,,,,,,,,,,
S14,EMATent,0.6205260157585144,0.6205260157585144,0.8112057447433472,1.0,0.31384219527244567,0.5,0.1861578047275543,0.0,0.0,5,64,0,0.0,51,0.796875,13,0.203125,0.796875,2,,,,,,,,,,,,,,,,,,,,,,,,
S14,EMATent,0.3209274113178253,0.3209274113178253,0.8929850459098816,1.0,0.4037217766046524,0.5,0.0962782233953476,0.0,0.0,6,61,0,0.0,0,0.0,61,1.0,1.0,1,,,,,,,,,,,,,,,,,,,,,,,,
S14,MIEMATentGateOnly,,,,,,,,,,0,64,64,1.0,0,0.0,0,0.0,1.0,1,0.0035747261717915535,0.0035747261717915535,0.03347034379839897,0.029895618557929993,0.49892758214846256,0.5,0.001072417851537466,,0.0,0.19999999999999996,0.0,0.0464838370680809,0.05,0.0,0.0,64.0,1.0,0.0,0.0,0.0,0.0,1.0,1.0,0.6666666666666667
S14,MIEMATentGateOnly,,,,,,,,,,1,64,64,1.0,0,0.0,0,0.0,1.0,1,0.12192238867282867,0.12192238867282867,0.548827052116394,0.4269046485424042,0.4634232833981514,0.5,0.0365767166018486,,0.0,0.19999999999999996,1.0,0.6462078094482422,0.05,0.0,0.0,31.0,0.484375,21.0,0.328125,12.0,0.1875,0.484375,3.0,0.6666666666666667
S14,MIEMATentGateOnly,,,,,,,,,,2,64,64,1.0,0,0.0,0,0.0,1.0,1,0.14389808475971222,0.14389808475971222,0.7982456684112549,0.6543475985527039,0.4568305745720863,0.5,0.04316942542791367,,0.0,0.19999999999999996,1.0,0.9457759857177734,0.05,0.0,0.0,7.0,0.109375,37.0,0.578125,20.0,0.3125,0.578125,3.0,0.6666666666666667
S14,MIEMATentGateOnly,,,,,,,,,,3,64,44,0.6875,20,0.3125,0,0.0,0.6875,2,0.3546657860279083,0.3546657860279083,0.9885257482528687,0.6338599324226379,0.3936002641916275,0.5,0.10639973580837249,,0.0,0.19999999999999996,1.0,0.7436515092849731,0.05,0.0,0.0,19.0,0.296875,34.0,0.53125,11.0,0.171875,0.53125,3.0,0.3541666666666667
S14,MIEMATentGateOnly,,,,,,,,,,4,64,0,0.0,64,1.0,0,0.0,1.0,1,0.23523978888988495,0.23523978888988495,0.6363881826400757,0.40114837884902954,0.4294280633330345,0.5,0.07057193666696548,,0.0,0.19999999999999996,1.0,0.3840871751308441,0.05,0.0,0.0,0.0,0.0,45.0,0.703125,19.0,0.296875,0.703125,2.0,0.6666666666666667
S14,MIEMATentGateOnly,,,,,,,,,,5,64,0,0.0,51,0.796875,13,0.203125,0.796875,2,0.2106117606163025,0.2106117606163025,0.6567093133926392,0.44609755277633667,0.43681647181510924,0.5,0.06318352818489074,,0.0,0.19999999999999996,1.0,0.49693533778190613,0.05,0.0,0.0,0.0,0.0,40.0,0.625,24.0,0.375,0.625,2.0,0.4635416666666667
S14,MIEMATentGateOnly,,,,,,,,,,6,61,0,0.0,0,0.0,61,1.0,1.0,1,0.08208853006362915,0.08208853006362915,0.44852349162101746,0.3664349615573883,0.4753734409809113,0.5,0.024626559019088744,,0.0,0.19999999999999996,1.0,0.40795308351516724,0.05,0.0,0.0,0.0,0.0,60.0,0.9836065573770492,1.0,0.01639344262295082,0.9836065573770492,2.0,0.6666666666666667
S14,MIEMATentGateAware,,,,,,,,,,0,64,64,1.0,0,0.0,0,0.0,1.0,1,0.0035747261717915535,0.0035747261717915535,0.03347034379839897,0.029895618557929993,0.49892758214846256,0.5,0.001072417851537466,,0.0,0.0007149452343583106,0.0,0.0464838370680809,0.05,1.0,0.0,64.0,1.0,0.0,0.0,0.0,0.0,1.0,1.0,0.6666666666666667
S14,MIEMATentGateAware,,,,,,,,,,1,64,64,1.0,0,0.0,0,0.0,1.0,1,0.12192238867282867,0.12192238867282867,0.548827052116394,0.4269046485424042,0.4634232833981514,0.5,0.0365767166018486,,0.0,0.02438447773456573,1.0,0.5081313848495483,0.05,1.0,0.0,60.0,0.9375,2.0,0.03125,2.0,0.03125,0.9375,3.0,0.6666666666666667
S14,MIEMATentGateAware,,,,,,,,,,2,64,64,1.0,0,0.0,0,0.0,1.0,1,0.1438235342502594,0.1438235342502594,0.7977873682975769,0.6539638042449951,0.4568529397249222,0.5,0.043147060275077816,,0.0,0.028764706850051874,1.0,0.7199169397354126,0.05,1.0,0.0,51.0,0.796875,8.0,0.125,5.0,0.078125,0.796875,3.0,0.6666666666666667
S14,MIEMATentGateAware,,,,,,,,,,3,64,44,0.6875,20,0.3125,0,0.0,0.6875,2,0.3556038737297058,0.3556038737297058,0.9879795908927917,0.6323757171630859,0.39331883788108823,0.5,0.10668116211891174,,0.0,0.07112077474594114,1.0,0.6389104723930359,0.05,1.0,0.0,34.0,0.53125,20.0,0.3125,10.0,0.15625,0.53125,3.0,0.3541666666666667
S14,MIEMATentGateAware,,,,,,,,,,4,64,0,0.0,64,1.0,0,0.0,1.0,1,0.2353188693523407,0.2353188693523407,0.6366062760353088,0.40128740668296814,0.42940433919429777,0.5,0.0705956608057022,,0.0,0.04706377387046813,1.0,0.45204222202301025,0.05,1.0,0.0,0.0,0.0,33.0,0.515625,31.0,0.484375,0.515625,2.0,0.6666666666666667
S14,MIEMATentGateAware,,,,,,,,,,5,64,0,0.0,51,0.796875,13,0.203125,0.796875,2,0.2107713222503662,0.2107713222503662,0.6572516560554504,0.44648030400276184,0.43676860332489015,0.5,0.06323139667510987,,0.0,0.04215426445007323,1.0,0.5150874853134155,0.05,1.0,0.0,0.0,0.0,36.0,0.5625,28.0,0.4375,0.5625,2.0,0.4635416666666667
S14,MIEMATentGateAware,,,,,,,,,,6,61,0,0.0,0,0.0,61,1.0,1.0,1,0.08235801011323929,0.08235801011323929,0.45052197575569153,0.36816397309303284,0.4752925969660282,0.5,0.024707403033971786,,0.0,0.016471602022647854,1.0,0.4511781632900238,0.05,1.0,0.0,0.0,0.0,59.0,0.9672131147540983,2.0,0.03278688524590164,0.9672131147540983,2.0,0.6666666666666667
S14,MIDynamicEMATent,,,,,,,,,,0,64,64,1.0,0,0.0,0,0.0,1.0,1,0.0035747261717915535,0.0035747261717915535,0.03347034379839897,0.029895618557929993,0.9984813202884308,0.0004462618600316611,0.001072417851537466,0.0004467409530046762,0.22878247499465942,0.0007149452343583106,0.0,0.04648382216691971,0.05,1.0,1.0,64.0,1.0,0.0,0.0,0.0,0.0,1.0,1.0,0.6666666666666667
S14,MIDynamicEMATent,,,,,,,,,,1,64,64,1.0,0,0.0,0,0.0,1.0,1,0.12192238867282867,0.12192238867282867,0.548827052116394,0.4269046485424042,0.9484278533067957,0.014995430091355698,0.0365767166018486,0.01556473706807704,8.031815350055695,0.02438447773456573,1.0,0.5068817138671875,0.05,1.0,1.0,60.0,0.9375,2.0,0.03125,2.0,0.03125,0.9375,3.0,0.6666666666666667
S14,MIDynamicEMATent,,,,,,,,,,2,64,64,1.0,0,0.0,0,0.0,1.0,1,0.14382348954677582,0.14382348954677582,0.7977874875068665,0.6539639830589294,0.9251766110132977,0.0316763421226696,0.04314704686403274,0.033104712713541096,17.236518681049347,0.028764697909355156,1.0,0.7035742998123169,0.05,1.0,1.0,51.0,0.796875,9.0,0.140625,4.0,0.0625,0.796875,3.0,0.6666666666666667
S14,MIDynamicEMATent,,,,,,,,,,3,64,44,0.6875,20,0.3125,0,0.0,0.6875,2,0.35560137033462524,0.35560137033462524,0.9879802465438843,0.632378876209259,0.82619361957524,0.06712596932437237,0.10668041110038758,0.0751421665420523,39.99500638246536,0.07112027406692503,1.0,0.6297103762626648,0.05,1.0,1.0,35.0,0.546875,19.0,0.296875,10.0,0.15625,0.546875,3.0,0.3541666666666667
S14,MIDynamicEMATent,,,,,,,,,,4,64,0,0.0,64,1.0,0,0.0,1.0,1,0.23532214760780334,0.23532214760780334,0.636608898639679,0.4012867212295532,0.8346498636843304,0.09475349203332857,0.070596644282341,0.10195088219814163,55.05562382936478,0.04706442952156066,1.0,0.4593965709209442,0.05,1.0,1.0,0.0,0.0,33.0,0.515625,31.0,0.484375,0.515625,2.0,0.6666666666666667
S14,MIDynamicEMATent,,,,,,,,,,5,64,0,0.0,51,0.796875,13,0.203125,0.796875,2,0.21078144013881683,0.21078144013881683,0.6572608947753906,0.446479469537735,0.8193856575375242,0.11737991042083076,0.06323443204164504,0.12530339973602556,68.54563599824905,0.042156288027763354,1.0,0.5167320966720581,0.05,1.0,1.0,0.0,0.0,36.0,0.5625,28.0,0.4375,0.5625,2.0,0.4635416666666667
S14,MIDynamicEMATent,,,,,,,,,,6,61,0,0.0,0,0.0,61,1.0,1.0,1,0.08237653970718384,0.08237653970718384,0.4506106972694397,0.36823415756225586,0.8447487433343894,0.13053829475345544,0.024712961912155152,0.13384602650865718,73.57060492038727,0.016475307941436763,1.0,0.46671169996261597,0.05,1.0,1.0,0.0,0.0,57.0,0.9344262295081968,4.0,0.06557377049180328,0.9344262295081968,2.0,0.6666666666666667
S14,MIDynamicRelaxedAnchor,,,,,,,,,,0,64,64,1.0,0,0.0,0,0.0,1.0,1,0.03654320165514946,0.27204648598756986,0.17957863211631775,0.143035426735878,0.777843044482081,0.11333836112289104,0.10881859439502795,0.12717765475139386,17.41097510320447,0.05440929719751396,1.0,0.09354231506586075,0.0,1.0,1.0,64.0,1.0,0.0,0.0,0.0,0.0,1.0,1.0,0.6666666666666667
S14,MIDynamicRelaxedAnchor,,,,,,,,,,1,64,64,1.0,0,0.0,0,0.0,1.0,1,0.2805597484111786,0.5767110196052265,0.8324880599975586,0.5519283413887024,0.5032678460266011,0.26604774613130827,0.23068440784209063,0.3458239360326125,54.32048035793897,0.11534220392104529,1.0,0.5992937088012695,0.0,1.0,1.0,38.0,0.59375,11.0,0.171875,15.0,0.234375,0.59375,3.0,0.6666666666666667
S14,MIDynamicRelaxedAnchor,,,,,,,,,,2,64,64,1.0,0,0.0,0,0.0,1.0,1,0.17373545467853546,0.47513426701597616,0.8579866290092468,0.6842511892318726,0.41780802406899475,0.3921382691246148,0.19005370680639047,0.4841534215539376,84.72907344696145,0.09502685340319521,1.0,0.8354702591896057,0.0,1.0,1.0,43.0,0.671875,7.0,0.109375,14.0,0.21875,0.671875,3.0,0.6666666666666667
S14,MIDynamicRelaxedAnchor,,,,,,,,,,3,64,44,0.6875,20,0.3125,0,0.0,0.6875,2,0.42173144221305847,0.6844676793395656,0.943957507610321,0.5222260355949402,0.2660444860185314,0.4601684422456423,0.2737870717358263,0.6336549851096114,128.53500492469365,0.1368935358679131,1.0,0.5604459047317505,0.0,1.0,1.0,34.0,0.53125,23.0,0.359375,7.0,0.109375,0.53125,3.0,0.3541666666666667
S14,MIDynamicRelaxedAnchor,,,,,,,,,,4,64,0,0.0,64,1.0,0,0.0,1.0,1,0.2404148280620575,0.5412890330953927,0.6897020936012268,0.4492872655391693,0.2189682827105353,0.5645161040513077,0.21651561323815707,0.7205199153801447,163.17750304279878,0.10825780661907851,1.0,0.45989328622817993,0.0,1.0,1.0,0.0,0.0,33.0,0.515625,31.0,0.484375,0.515625,2.0,0.6666666666666667
S14,MIDynamicRelaxedAnchor,,,,,,,,,,5,64,0,0.0,51,0.796875,13,0.203125,0.796875,2,0.2073601484298706,0.5098313314379407,0.7011964321136475,0.49383625388145447,0.1724218399556034,0.6236456274692204,0.2039325325751763,0.7834080062166515,195.806708254827,0.10196626628758812,1.0,0.5344840288162231,0.0,1.0,1.0,0.0,0.0,39.0,0.609375,25.0,0.390625,0.609375,2.0,0.4635416666666667
S14,MIDynamicRelaxedAnchor,,,,,,,,,,6,61,0,0.0,0,0.0,61,1.0,1.0,1,0.08464355766773224,0.3618420930844831,0.5891904234886169,0.5045468807220459,0.15590220716943354,0.6993609555967731,0.14473683723379324,0.8177143434247843,217.87907593298047,0.07236841861689661,1.0,0.4973594844341278,0.0,1.0,1.0,0.0,0.0,58.0,0.9508196721311475,3.0,0.04918032786885246,0.9508196721311475,2.0,0.6666666666666667
S15,EMATent,0.1083436831831932,0.1083436831831932,0.9782970547676086,0.0,0.46749689504504205,0.5,0.03250310495495796,0.0,0.0,0,64,64,1.0,0,0.0,0,0.0,1.0,1,,,,,,,,,,,,,,,,,,,,,,,,
S15,EMATent,0.36075615882873535,0.36075615882873535,0.9028865694999695,1.0,0.39177315235137944,0.5,0.1082268476486206,0.0,0.0,1,64,64,1.0,0,0.0,0,0.0,1.0,1,,,,,,,,,,,,,,,,,,,,,,,,
S15,EMATent,0.7783912420272827,0.7783912420272827,0.714208722114563,1.0,0.26648262739181516,0.5,0.2335173726081848,0.0,0.0,2,64,64,1.0,0,0.0,0,0.0,1.0,1,,,,,,,,,,,,,,,,,,,,,,,,
S15,EMATent,0.8078107833862305,0.8078107833862305,0.694603681564331,1.0,0.25765676498413087,0.5,0.24234323501586913,0.0,0.0,3,64,43,0.671875,0,0.0,21,0.328125,0.671875,2,,,,,,,,,,,,,,,,,,,,,,,,
S15,EMATent,0.6225892305374146,0.6225892305374146,0.8602321743965149,1.0,0.3132232308387756,0.5,0.18677676916122435,0.0,0.0,4,64,0,0.0,10,0.15625,54,0.84375,0.84375,2,,,,,,,,,,,,,,,,,,,,,,,,
S15,EMATent,0.3305525481700897,0.3305525481700897,0.9041790962219238,1.0,0.40083423554897313,0.5,0.09916576445102691,0.0,0.0,5,64,0,0.0,64,1.0,0,0.0,1.0,1,,,,,,,,,,,,,,,,,,,,,,,,
S15,EMATent,0.3324192464351654,0.3324192464351654,0.9214603304862976,1.0,0.4002742260694504,0.5,0.09972577393054961,0.0,0.0,6,63,0,0.0,63,1.0,0,0.0,1.0,1,,,,,,,,,,,,,,,,,,,,,,,,
S15,MIEMATentGateOnly,,,,,,,,,,0,64,64,1.0,0,0.0,0,0.0,1.0,1,0.025670869275927544,0.025670869275927544,0.1083436831831932,0.08267281204462051,0.4922987392172217,0.5,0.007701260782778263,,0.0,0.19999999999999996,0.0,0.0870804488658905,0.05,0.0,0.0,63.0,0.984375,0.0,0.0,1.0,0.015625,0.984375,2.0,0.6666666666666667
S15,MIEMATentGateOnly,,,,,,,,,,1,64,64,1.0,0,0.0,0,0.0,1.0,1,0.02533128298819065,0.02533128298819065,0.18009960651397705,0.15476831793785095,0.4924006151035428,0.5,0.007599384896457195,,0.0,0.19999999999999996,0.0,0.39228948950767517,0.05,0.0,0.0,64.0,1.0,0.0,0.0,0.0,0.0,1.0,1.0,0.6666666666666667
S15,MIEMATentGateOnly,,,,,,,,,,2,64,64,1.0,0,0.0,0,0.0,1.0,1,0.04205707460641861,0.04205707460641861,0.26016342639923096,0.21810635924339294,0.4873828776180744,0.5,0.012617122381925583,,0.0,0.19999999999999996,0.0,0.8305616974830627,0.05,0.0,0.0,39.0,0.609375,22.0,0.34375,3.0,0.046875,0.609375,3.0,0.6666666666666667
S15,MIEMATentGateOnly,,,,,,,,,,3,64,43,0.671875,0,0.0,21,0.328125,0.671875,2,0.3417615592479706,0.3417615592479706,0.7867172360420227,0.4449557065963745,0.3974715322256088,0.5,0.10252846777439117,,0.0,0.19999999999999996,1.0,0.7904689311981201,0.05,0.0,0.0,3.0,0.046875,52.0,0.8125,9.0,0.140625,0.8125,3.0,0.3385416666666667
S15,MIEMATentGateOnly,,,,,,,,,,4,64,0,0.0,10,0.15625,54,0.84375,0.84375,2,0.27494120597839355,0.27494120597839355,0.8058923482894897,0.5309510827064514,0.4175176382064819,0.5,0.08248236179351806,,0.0,0.19999999999999996,1.0,0.4110267162322998,0.05,0.0,0.0,0.0,0.0,22.0,0.34375,42.0,0.65625,0.65625,2.0,0.5104166666666667
S15,MIEMATentGateOnly,,,,,,,,,,5,64,0,0.0,64,1.0,0,0.0,1.0,1,0.07189356535673141,0.07189356535673141,0.3904602527618408,0.3185666799545288,0.4784319303929806,0.5,0.021568069607019423,,0.0,0.19999999999999996,1.0,0.3145834505558014,0.05,0.0,0.0,0.0,0.0,63.0,0.984375,1.0,0.015625,0.984375,2.0,0.6666666666666667
S15,MIEMATentGateOnly,,,,,,,,,,6,63,0,0.0,63,1.0,0,0.0,1.0,1,0.05993012711405754,0.05993012711405754,0.33709871768951416,0.2771685719490051,0.48202096186578275,0.5,0.01797903813421726,,0.0,0.19999999999999996,1.0,0.3702722191810608,0.05,0.0,0.0,0.0,0.0,57.0,0.9047619047619048,6.0,0.09523809523809523,0.9047619047619048,2.0,0.6666666666666667
S15,MIEMATentGateAware,,,,,,,,,,0,64,64,1.0,0,0.0,0,0.0,1.0,1,0.025670869275927544,0.025670869275927544,0.1083436831831932,0.08267281204462051,0.4922987392172217,0.5,0.007701260782778263,,0.0,0.005134173855185507,0.0,0.0870804488658905,0.05,1.0,0.0,63.0,0.984375,0.0,0.0,1.0,0.015625,0.984375,2.0,0.6666666666666667
S15,MIEMATentGateAware,,,,,,,,,,1,64,64,1.0,0,0.0,0,0.0,1.0,1,0.02533128298819065,0.02533128298819065,0.18009960651397705,0.15476831793785095,0.4924006151035428,0.5,0.007599384896457195,,0.0,0.005066256597638129,0.0,0.17273417115211487,0.05,1.0,0.0,64.0,1.0,0.0,0.0,0.0,0.0,1.0,1.0,0.6666666666666667
S15,MIEMATentGateAware,,,,,,,,,,2,64,64,1.0,0,0.0,0,0.0,1.0,1,0.04205707460641861,0.04205707460641861,0.26016342639923096,0.21810635924339294,0.4873828776180744,0.5,0.012617122381925583,,0.0,0.00841141492128372,0.0,0.34985435009002686,0.05,1.0,0.0,61.0,0.953125,2.0,0.03125,1.0,0.015625,0.953125,3.0,0.6666666666666667
S15,MIEMATentGateAware,,,,,,,,,,3,64,43,0.671875,0,0.0,21,0.328125,0.671875,2,0.3417615592479706,0.3417615592479706,0.7867172360420227,0.4449557065963745,0.3974715322256088,0.5,0.10252846777439117,,0.0,0.0683523118495941,1.0,0.5224243402481079,0.05,1.0,0.0,40.0,0.625,24.0,0.375,0.0,0.0,0.625,2.0,0.3385416666666667
S15,MIEMATentGateAware,,,,,,,,,,4,64,0,0.0,10,0.15625,54,0.84375,0.84375,2,0.2749539017677307,0.2749539017677307,0.8061796426773071,0.5312257409095764,0.4175138294696808,0.5,0.08248617053031922,,0.0,0.05499078035354613,1.0,0.6205203533172607,0.05,1.0,0.0,0.0,0.0,26.0,0.40625,38.0,0.59375,0.59375,2.0,0.5104166666666667
S15,MIEMATentGateAware,,,,,,,,,,5,64,0,0.0,64,1.0,0,0.0,1.0,1,0.07190284132957458,0.07190284132957458,0.390633225440979,0.31873035430908203,0.47842914760112765,0.5,0.021570852398872374,,0.0,0.014380568265914913,1.0,0.3619964122772217,0.05,1.0,0.0,0.0,0.0,63.0,0.984375,1.0,0.015625,0.984375,2.0,0.6666666666666667
S15,MIEMATentGateAware,,,,,,,,,,6,63,0,0.0,63,1.0,0,0.0,1.0,1,0.05995497480034828,0.05995497480034828,0.3373546004295349,0.27739962935447693,0.4820135075598955,0.5,0.017986492440104484,,0.0,0.011990994960069654,1.0,0.36036330461502075,0.05,1.0,0.0,0.0,0.0,62.0,0.9841269841269841,1.0,0.015873015873015872,0.9841269841269841,2.0,0.6666666666666667
S15,MIDynamicEMATent,,,,,,,,,,0,64,64,1.0,0,0.0,0,0.0,1.0,1,0.025670869275927544,0.025670869275927544,0.1083436831831932,0.08267281204462051,0.9891196960929354,0.0031790431242864235,0.007701260782778263,0.003203715774943161,1.6429356336593628,0.005134173855185507,0.0,0.0870804488658905,0.05,1.0,1.0,63.0,0.984375,0.0,0.0,1.0,0.015625,0.984375,2.0,0.6666666666666667
S15,MIDynamicEMATent,,,,,,,,,,1,64,64,1.0,0,0.0,0,0.0,1.0,1,0.02533128298819065,0.02533128298819065,0.18009960651397705,0.15476831793785095,0.9860939189967179,0.006306696106824871,0.007599384896457195,0.006354990122781068,3.2641377449035645,0.005066256597638129,0.0,0.1690393090248108,0.05,1.0,1.0,64.0,1.0,0.0,0.0,0.0,0.0,1.0,1.0,0.6666666666666667
S15,MIDynamicEMATent,,,,,,,,,,2,64,64,1.0,0,0.0,0,0.0,1.0,1,0.04205707460641861,0.04205707460641861,0.26016342639923096,0.21810635924339294,0.97596378621677,0.011419091401304355,0.012617122381925583,0.011565008529266119,5.9557905197143555,0.00841141492128372,0.0,0.33675462007522583,0.05,1.0,1.0,62.0,0.96875,1.0,0.015625,1.0,0.015625,0.96875,3.0,0.6666666666666667
S15,MIDynamicEMATent,,,,,,,,,,3,64,43,0.671875,0,0.0,21,0.328125,0.671875,2,0.3417615592479706,0.3417615592479706,0.7867172360420227,0.4449557065963745,0.8499935851944981,0.04747794703111078,0.10252846777439117,0.052901897526901887,27.828530311584473,0.0683523118495941,1.0,0.5037088990211487,0.05,1.0,1.0,41.0,0.640625,23.0,0.359375,0.0,0.0,0.640625,2.0,0.3385416666666667
S15,MIDynamicEMATent,,,,,,,,,,4,64,0,0.0,10,0.15625,54,0.84375,0.84375,2,0.2749541997909546,0.2749541997909546,0.8061813116073608,0.531227171421051,0.8396168712401999,0.07789686882251365,0.08248625993728638,0.0848999480020749,45.425599098205566,0.05499083995819091,1.0,0.6458027362823486,0.05,1.0,1.0,1.0,0.015625,27.0,0.421875,36.0,0.5625,0.5625,3.0,0.5104166666666667
S15,MIDynamicEMATent,,,,,,,,,,5,64,0,0.0,64,1.0,0,0.0,1.0,1,0.07190433889627457,0.07190433889627457,0.3906421363353729,0.31873780488967896,0.8873486754196236,0.09108002291149413,0.02157130166888237,0.09308805339300363,50.02747678756714,0.014380867779254911,1.0,0.3650873005390167,0.05,1.0,1.0,0.0,0.0,63.0,0.984375,1.0,0.015625,0.984375,2.0,0.6666666666666667
S15,MIDynamicEMATent,,,,,,,,,,6,63,0,0.0,63,1.0,0,0.0,1.0,1,0.05995776876807213,0.05995776876807213,0.33736446499824524,0.2774066925048828,0.8840527017191786,0.09795996765039973,0.017987330630421638,0.09975428088243199,53.80481621995568,0.011991553753614423,1.0,0.3624141216278076,0.05,1.0,1.0,0.0,0.0,63.0,1.0,0.0,0.0,1.0,1.0,0.6666666666666667
S15,MIDynamicRelaxedAnchor,,,,,,,,,,0,64,64,1.0,0,0.0,0,0.0,1.0,1,0.17986544966697693,0.48169492298202143,0.42306411266326904,0.24319866299629211,0.6345240396779194,0.17279799112927208,0.19267796919280858,0.21403849335871838,30.82847507084937,0.09633898459640426,1.0,0.26102110743522644,0.0,1.0,1.0,60.0,0.9375,0.0,0.0,4.0,0.0625,0.9375,2.0,0.6666666666666667
S15,MIDynamicRelaxedAnchor,,,,,,,,,,1,64,64,1.0,0,0.0,0,0.0,1.0,1,0.14001238346099854,0.4367640577665747,0.6114487051963806,0.4714363217353821,0.5213964290961413,0.30389794779722895,0.17470562310662988,0.36822975692768256,58.78137476791015,0.08735281155331491,1.0,0.5156102180480957,0.0,1.0,1.0,53.0,0.828125,11.0,0.171875,0.0,0.0,0.828125,2.0,0.6666666666666667
S15,MIDynamicRelaxedAnchor,,,,,,,,,,2,64,64,1.0,0,0.0,0,0.0,1.0,1,0.18479934334754944,0.48689464730274445,0.7576631307601929,0.572863757610321,0.39880246317441453,0.4064396779044877,0.1947578589210978,0.5047421852014852,89.9426321952858,0.09737892946054887,1.0,0.7052599191665649,0.0,1.0,1.0,42.0,0.65625,19.0,0.296875,3.0,0.046875,0.65625,3.0,0.6666666666666667
S15,MIDynamicRelaxedAnchor,,,,,,,,,,3,64,43,0.671875,0,0.0,21,0.328125,0.671875,2,0.323659211397171,0.6120194930192683,0.8618281483650208,0.5381689667701721,0.2754168393674277,0.479775363424865,0.24480779720770732,0.6353023265480164,129.11187974851896,0.12240389860385363,1.0,0.7319207191467285,0.0,1.0,1.0,31.0,0.484375,30.0,0.46875,3.0,0.046875,0.484375,3.0,0.3385416666666667
S15,MIDynamicRelaxedAnchor,,,,,,,,,,4,64,0,0.0,10,0.15625,54,0.84375,0.84375,2,0.24396701157093048,0.5445371518472373,0.8436866998672485,0.5997197031974792,0.21726902387140157,0.5649161153897035,0.21781486073889492,0.7222281363250576,163.96225746674213,0.10890743036944743,1.0,0.49502015113830566,0.0,1.0,1.0,0.0,0.0,26.0,0.40625,38.0,0.59375,0.59375,2.0,0.5104166666666667
S15,MIDynamicRelaxedAnchor,,,,,,,,,,5,64,0,0.0,64,1.0,0,0.0,1.0,1,0.08370888978242874,0.3603923975921096,0.5205264687538147,0.43681758642196655,0.1985290944082371,0.657313946554919,0.14415695903684386,0.768030953216825,187.02737091263714,0.0720784795184219,1.0,0.4230496287345886,0.0,1.0,1.0,0.0,0.0,63.0,0.984375,1.0,0.015625,0.984375,2.0,0.6666666666666667
S15,MIDynamicRelaxedAnchor,,,,,,,,,,6,63,0,0.0,63,1.0,0,0.0,1.0,1,0.09361616522073746,0.37537082966210733,0.4919554591178894,0.39833930134773254,0.1638838033747475,0.6859678647604096,0.15014833186484294,0.8071618736310063,210.6757331813499,0.07507416593242144,1.0,0.39348217844963074,0.0,1.0,1.0,0.0,0.0,55.0,0.873015873015873,8.0,0.12698412698412698,0.873015873015873,2.0,0.6666666666666667
S16,EMATent,0.08527723699808121,0.08527723699808121,0.9830548167228699,0.0,0.4744168289005756,0.5,0.025583171099424363,0.0,0.0,0,64,64,1.0,0,0.0,0,0.0,1.0,1,,,,,,,,,,,,,,,,,,,,,,,,
S16,EMATent,0.0612209178507328,0.0612209178507328,0.9891757965087891,0.0,0.48163372464478016,0.5,0.01836627535521984,0.0,0.0,1,64,64,1.0,0,0.0,0,0.0,1.0,1,,,,,,,,,,,,,,,,,,,,,,,,
S16,EMATent,0.038003794848918915,0.038003794848918915,0.9938360452651978,0.0,0.48859886154532434,0.5,0.011401138454675674,0.0,0.0,2,64,64,1.0,0,0.0,0,0.0,1.0,1,,,,,,,,,,,,,,,,,,,,,,,,
S16,EMATent,0.7559645175933838,0.7559645175933838,0.9232550859451294,1.0,0.27321064472198486,0.5,0.22678935527801514,0.0,0.0,3,64,44,0.6875,20,0.3125,0,0.0,0.6875,2,,,,,,,,,,,,,,,,,,,,,,,,
S16,EMATent,0.004571347963064909,0.004571347963064909,0.9994351863861084,0.0,0.4986285956110805,0.5,0.0013714043889194727,0.0,0.0,4,64,0,0.0,64,1.0,0,0.0,1.0,1,,,,,,,,,,,,,,,,,,,,,,,,
S16,EMATent,0.29679831862449646,0.29679831862449646,0.9295728206634521,1.0,0.4109605044126511,0.5,0.08903949558734893,0.0,0.0,5,64,0,0.0,50,0.78125,14,0.21875,0.78125,2,,,,,,,,,,,,,,,,,,,,,,,,
S16,EMATent,0.49939852952957153,0.49939852952957153,0.7866978049278259,1.0,0.35018044114112856,0.5,0.14981955885887147,0.0,0.0,6,60,0,0.0,0,0.0,60,1.0,1.0,1,,,,,,,,,,,,,,,,,,,,,,,,
S16,MIEMATentGateOnly,,,,,,,,,,0,64,64,1.0,0,0.0,0,0.0,1.0,1,0.03490421175956726,0.03490421175956726,0.08527723699808121,0.050373028963804245,0.4895287364721298,0.5,0.010471263527870178,,0.0,0.19999999999999996,0.0,0.043895941227674484,0.05,0.0,0.0,64.0,1.0,0.0,0.0,0.0,0.0,1.0,1.0,0.6666666666666667
S16,MIEMATentGateOnly,,,,,,,,,,1,64,64,1.0,0,0.0,0,0.0,1.0,1,0.004384742118418217,0.004384742118418217,0.03518008813261986,0.030795346945524216,0.4986845773644745,0.5,0.001315422635525465,,0.0,0.19999999999999996,0.0,0.08011898398399353,0.05,0.0,0.0,64.0,1.0,0.0,0.0,0.0,0.0,1.0,1.0,0.6666666666666667
S16,MIEMATentGateOnly,,,,,,,,,,2,64,64,1.0,0,0.0,0,0.0,1.0,1,0.0013570114970207214,0.0013570114970207214,0.01565198227763176,0.014294969849288464,0.4995928965508938,0.5,0.00040710344910621643,,0.0,0.19999999999999996,0.0,0.09816887229681015,0.05,0.0,0.0,64.0,1.0,0.0,0.0,0.0,0.0,1.0,1.0,0.6666666666666667
S16,MIEMATentGateOnly,,,,,,,,,,3,64,44,0.6875,20,0.3125,0,0.0,0.6875,2,0.544975996017456,0.544975996017456,0.5979365706443787,0.05296057090163231,0.3365072011947632,0.5,0.16349279880523682,,0.0,0.19999999999999996,1.0,0.21099694073200226,0.05,0.0,0.0,35.0,0.546875,26.0,0.40625,3.0,0.046875,0.546875,3.0,0.3541666666666667
S16,MIEMATentGateOnly,,,,,,,,,,4,64,0,0.0,64,1.0,0,0.0,1.0,1,0.004470319487154484,0.004470319487154484,0.014442062005400658,0.009971742518246174,0.49865890415385367,0.5,0.001341095846146345,,0.0,0.19999999999999996,0.0,0.0020584098529070616,0.05,0.0,0.0,0.0,0.0,64.0,1.0,0.0,0.0,1.0,1.0,0.6666666666666667
S16,MIEMATentGateOnly,,,,,,,,,,5,64,0,0.0,50,0.78125,14,0.21875,0.78125,2,0.01004383061081171,0.01004383061081171,0.037526313215494156,0.02748248353600502,0.4969868508167565,0.5,0.003013149183243513,,0.0,0.19999999999999996,0.0,0.1397809386253357,0.05,0.0,0.0,0.0,0.0,57.0,0.890625,7.0,0.109375,0.890625,2.0,0.4479166666666667
S16,MIEMATentGateOnly,,,,,,,,,,6,60,0,0.0,0,0.0,60,1.0,1.0,1,0.008143631741404533,0.008143631741404533,0.08601339906454086,0.07786976546049118,0.49755691047757866,0.5,0.00244308952242136,,0.0,0.19999999999999996,0.0,0.5759727358818054,0.05,0.0,0.0,0.0,0.0,3.0,0.05,57.0,0.95,0.95,2.0,0.6666666666666667
S16,MIEMATentGateAware,,,,,,,,,,0,64,64,1.0,0,0.0,0,0.0,1.0,1,0.03490421175956726,0.03490421175956726,0.08527723699808121,0.050373028963804245,0.4895287364721298,0.5,0.010471263527870178,,0.0,0.006980842351913451,0.0,0.043895941227674484,0.05,1.0,0.0,64.0,1.0,0.0,0.0,0.0,0.0,1.0,1.0,0.6666666666666667
S16,MIEMATentGateAware,,,,,,,,,,1,64,64,1.0,0,0.0,0,0.0,1.0,1,0.004384742118418217,0.004384742118418217,0.03518008813261986,0.030795346945524216,0.4986845773644745,0.5,0.001315422635525465,,0.0,0.0008769484236836432,0.0,0.03293516859412193,0.05,1.0,0.0,64.0,1.0,0.0,0.0,0.0,0.0,1.0,1.0,0.6666666666666667
S16,MIEMATentGateAware,,,,,,,,,,2,64,64,1.0,0,0.0,0,0.0,1.0,1,0.0013570114970207214,0.0013570114970207214,0.01565198227763176,0.014294969849288464,0.4995928965508938,0.5,0.00040710344910621643,,0.0,0.00027140229940414423,0.0,0.022994261234998703,0.05,1.0,0.0,64.0,1.0,0.0,0.0,0.0,0.0,1.0,1.0,0.6666666666666667
S16,MIEMATentGateAware,,,,,,,,,,3,64,44,0.6875,20,0.3125,0,0.0,0.6875,2,0.544975996017456,0.544975996017456,0.5979365706443787,0.05296057090163231,0.3365072011947632,0.5,0.16349279880523682,,0.0,0.10899519920349118,1.0,0.07586608827114105,0.05,1.0,0.0,44.0,0.6875,20.0,0.3125,0.0,0.0,0.6875,2.0,0.3541666666666667
S16,MIEMATentGateAware,,,,,,,,,,4,64,0,0.0,64,1.0,0,0.0,1.0,1,0.004469504579901695,0.004469504579901695,0.01443808525800705,0.00996857974678278,0.4986591486260295,0.5,0.0013408513739705085,,0.0,0.0008939009159803389,0.0,0.0066352528519928455,0.05,1.0,0.0,0.0,0.0,64.0,1.0,0.0,0.0,1.0,1.0,0.6666666666666667
S16,MIEMATentGateAware,,,,,,,,,,5,64,0,0.0,50,0.78125,14,0.21875,0.78125,2,0.010043102316558361,0.010043102316558361,0.03752341866493225,0.027480317279696465,0.4969870693050325,0.5,0.003012930694967508,,0.0,0.0020086204633116716,0.0,0.041802506893873215,0.05,1.0,0.0,0.0,0.0,64.0,1.0,0.0,0.0,1.0,1.0,0.4479166666666667
S16,MIEMATentGateAware,,,,,,,,,,6,60,0,0.0,0,0.0,60,1.0,1.0,1,0.008142980746924877,0.008142980746924877,0.08600474148988724,0.07786175608634949,0.49755710577592255,0.5,0.002442894224077463,,0.0,0.001628596149384975,0.0,0.10270848125219345,0.05,1.0,0.0,0.0,0.0,60.0,1.0,0.0,0.0,1.0,1.0,0.6666666666666667
S16,MIDynamicEMATent,,,,,,,,,,0,64,64,1.0,0,0.0,0,0.0,1.0,1,0.03490421175956726,0.03490421175956726,0.08527723699808121,0.050373028963804245,0.985220801054079,0.004307935418050749,0.010471263527870178,0.0043535222973002385,2.2338695526123047,0.006980842351913451,0.0,0.043895937502384186,0.05,1.0,1.0,64.0,1.0,0.0,0.0,0.0,0.0,1.0,1.0,0.6666666666666667
S16,MIDynamicEMATent,,,,,,,,,,1,64,64,1.0,0,0.0,0,0.0,1.0,1,0.004384742118418217,0.004384742118418217,0.03518008813261986,0.030795346945524216,0.9937919423179986,0.004892635046475984,0.001315422635525465,0.004899079406420426,2.5144930481910706,0.0008769484236836432,0.0,0.03198543190956116,0.05,1.0,1.0,64.0,1.0,0.0,0.0,0.0,0.0,1.0,1.0,0.6666666666666667
S16,MIDynamicEMATent,,,,,,,,,,2,64,64,1.0,0,0.0,0,0.0,1.0,1,0.0013570114970207214,0.0013570114970207214,0.01565198227763176,0.014294969849288464,0.9945270991794996,0.0050657973713941875,0.00040710344910621643,0.0050678605148893885,2.6013417840003967,0.00027140229940414423,0.0,0.022345667704939842,0.05,1.0,1.0,64.0,1.0,0.0,0.0,0.0,0.0,1.0,1.0,0.6666666666666667
S16,MIDynamicEMATent,,,,,,,,,,3,64,44,0.6875,20,0.3125,0,0.0,0.6875,2,0.544975996017456,0.544975996017456,0.5979365706443787,0.05296057090163231,0.777460146280459,0.0590470549143042,0.16349279880523682,0.07058762295168375,37.479805529117584,0.10899519920349118,1.0,0.07363463938236237,0.05,1.0,1.0,44.0,0.6875,20.0,0.3125,0.0,0.0,0.6875,2.0,0.3541666666666667
S16,MIDynamicEMATent,,,,,,,,,,4,64,0,0.0,64,1.0,0,0.0,1.0,1,0.004469322506338358,0.004469322506338358,0.014437236823141575,0.009967914782464504,0.9276478344942886,0.07101136875380996,0.0013407967519015074,0.07110670839746769,37.76584216952324,0.0008938645012676714,0.0,0.005390139762312174,0.05,1.0,1.0,0.0,0.0,64.0,1.0,0.0,0.0,1.0,1.0,0.6666666666666667
S16,MIDynamicEMATent,,,,,,,,,,5,64,0,0.0,50,0.78125,14,0.21875,0.78125,2,0.010042189620435238,0.010042189620435238,0.037520457059144974,0.027478264644742012,0.9249330816379855,0.07205426147588394,0.003012656886130571,0.07227199219083202,38.408542305231094,0.002008437924087047,0.0,0.03687310591340065,0.05,1.0,1.0,0.0,0.0,64.0,1.0,0.0,0.0,1.0,1.0,0.4479166666666667
S16,MIDynamicEMATent,,,,,,,,,,6,60,0,0.0,0,0.0,60,1.0,1.0,1,0.008142581209540367,0.008142581209540367,0.08599826693534851,0.077855683863163,0.9245791150925348,0.07297811054460311,0.00244277436286211,0.0731568161395374,38.897097177803516,0.001628516241908073,0.0,0.08732146769762039,0.05,1.0,1.0,0.0,0.0,60.0,1.0,0.0,0.0,1.0,1.0,0.6666666666666667
S16,MIDynamicRelaxedAnchor,,,,,,,,,,0,64,64,1.0,0,0.0,0,0.0,1.0,1,0.10792157053947449,0.395662767586611,0.2398415058851242,0.13191993534564972,0.690650375551919,0.15108451741343668,0.15826510703464441,0.17949180754664884,25.322417125543105,0.07913255351732218,1.0,0.10599225014448166,0.0,1.0,1.0,62.0,0.96875,0.0,0.0,2.0,0.03125,0.96875,2.0,0.6666666666666667
S16,MIDynamicRelaxedAnchor,,,,,,,,,,1,64,64,1.0,0,0.0,0,0.0,1.0,1,0.018555983901023865,0.22259831548528444,0.13876459002494812,0.12020861357450485,0.6687225071971079,0.24223816660877823,0.08903932619411378,0.26591506480377003,39.56870931660131,0.04451966309705688,1.0,0.06957675516605377,0.0,1.0,1.0,64.0,1.0,0.0,0.0,0.0,0.0,1.0,1.0,0.6666666666666667
S16,MIDynamicRelaxedAnchor,,,,,,,,,,2,64,64,1.0,0,0.0,0,0.0,1.0,1,0.007246588356792927,0.17661420605215636,0.08390599489212036,0.07665940374135971,0.624563133097353,0.3047911844817845,0.07064568242086254,0.327960153319921,50.872018503939316,0.03532284121043126,1.0,0.04967466741800308,0.0,1.0,1.0,64.0,1.0,0.0,0.0,0.0,0.0,1.0,1.0,0.6666666666666667
S16,MIDynamicRelaxedAnchor,,,,,,,,,,3,64,44,0.6875,20,0.3125,0,0.0,0.6875,2,0.5412539839744568,0.7621296904831485,0.6153115034103394,0.07405751198530197,0.31913763289949404,0.3760104909072465,0.30485187619325943,0.5409070067659161,99.64831869486082,0.15242593809662966,1.0,0.1348530799150467,0.0,1.0,1.0,44.0,0.6875,20.0,0.3125,0.0,0.0,0.6875,2.0,0.3541666666666667
S16,MIDynamicRelaxedAnchor,,,,,,,,,,4,64,0,0.0,64,1.0,0,0.0,1.0,1,0.01505559217184782,0.21043110820415023,0.09007909148931503,0.07502350211143494,0.3784598710255077,0.5373676856928322,0.0841724432816601,0.5867564059967438,113.11590961992644,0.042086221640830035,1.0,0.016322875395417213,0.0,1.0,1.0,0.0,0.0,64.0,1.0,0.0,0.0,1.0,1.0,0.6666666666666667
S16,MIDynamicRelaxedAnchor,,,,,,,,,,5,64,0,0.0,50,0.78125,14,0.21875,0.78125,2,0.2002127319574356,0.5027062364621672,0.40732359886169434,0.20711086690425873,0.2567714863039208,0.5421460191112123,0.20108249458486688,0.6786007509367349,145.28910875350513,0.10054124729243341,1.0,0.2055806815624237,0.0,1.0,1.0,0.0,0.0,52.0,0.8125,12.0,0.1875,0.8125,2.0,0.4479166666666667
S16,MIDynamicRelaxedAnchor,,,,,,,,,,6,60,0,0.0,0,0.0,60,1.0,1.0,1,0.012163747102022171,0.19926044102580825,0.16529622673988342,0.15313248336315155,0.26940630616045563,0.6508895174292211,0.0797041764103233,0.7072611879193171,157.24473521505362,0.039852088205161645,1.0,0.41356974840164185,0.0,1.0,1.0,0.0,0.0,59.0,0.9833333333333333,1.0,0.016666666666666666,0.9833333333333333,2.0,0.6666666666666667
S17,EMATent,0.03007838875055313,0.03007838875055313,0.995313286781311,0.0,0.49097648337483407,0.5,0.009023516625165939,0.0,0.0,0,64,64,1.0,0,0.0,0,0.0,1.0,1,,,,,,,,,,,,,,,,,,,,,,,,
S17,EMATent,0.13484054803848267,0.13484054803848267,0.9717593193054199,0.0,0.4595478355884552,0.5,0.0404521644115448,0.0,0.0,1,64,64,1.0,0,0.0,0,0.0,1.0,1,,,,,,,,,,,,,,,,,,,,,,,,
S17,EMATent,0.9418758749961853,0.9418758749961853,0.538442850112915,1.0,0.2174372375011444,0.5,0.2825627624988556,0.0,0.0,2,64,64,1.0,0,0.0,0,0.0,1.0,1,,,,,,,,,,,,,,,,,,,,,,,,
S17,EMATent,0.9842584729194641,0.9842584729194641,0.5566784143447876,1.0,0.2047224581241608,0.5,0.2952775418758392,0.0,0.0,3,64,45,0.703125,0,0.0,19,0.296875,0.703125,2,,,,,,,,,,,,,,,,,,,,,,,,
S17,EMATent,0.6660618782043457,0.6660618782043457,0.631582498550415,1.0,0.3001814365386963,0.5,0.1998185634613037,0.0,0.0,4,64,0,0.0,9,0.140625,55,0.859375,0.859375,2,,,,,,,,,,,,,,,,,,,,,,,,
S17,EMATent,0.6514753103256226,0.6514753103256226,0.6421020030975342,1.0,0.30455740690231325,0.5,0.19544259309768677,0.0,0.0,5,64,0,0.0,64,1.0,0,0.0,1.0,1,,,,,,,,,,,,,,,,,,,,,,,,
S17,EMATent,0.6424279808998108,0.6424279808998108,0.6545726656913757,1.0,0.30727160573005674,0.5,0.19272839426994323,0.0,0.0,6,64,0,0.0,64,1.0,0,0.0,1.0,1,,,,,,,,,,,,,,,,,,,,,,,,
S17,EMATent,0.6296526193618774,0.6296526193618774,0.6324785351753235,1.0,0.31110421419143675,0.5,0.18889578580856323,0.0,0.0,7,8,0,0.0,8,1.0,0,0.0,1.0,1,,,,,,,,,,,,,,,,,,,,,,,,
S17,MIEMATentGateOnly,,,,,,,,,,0,64,64,1.0,0,0.0,0,0.0,1.0,1,0.0032022963277995586,0.0032022963277995586,0.03007838875055313,0.026876091957092285,0.4990393111016601,0.5,0.0009606888983398676,,0.0,0.19999999999999996,0.0,0.04137372970581055,0.05,0.0,0.0,64.0,1.0,0.0,0.0,0.0,0.0,1.0,1.0,0.6666666666666667
S17,MIEMATentGateOnly,,,,,,,,,,1,64,64,1.0,0,0.0,0,0.0,1.0,1,0.006747908424586058,0.006747908424586058,0.08062177151441574,0.0738738626241684,0.4979756274726242,0.5,0.002024372527375817,,0.0,0.19999999999999996,0.0,0.18175256252288818,0.05,0.0,0.0,64.0,1.0,0.0,0.0,0.0,0.0,1.0,1.0,0.6666666666666667
S17,MIEMATentGateOnly,,,,,,,,,,2,64,64,1.0,0,0.0,0,0.0,1.0,1,0.025210268795490265,0.025210268795490265,0.3681884706020355,0.34297817945480347,0.4924369193613529,0.5,0.0075630806386470795,,0.0,0.19999999999999996,0.0,0.9917916059494019,0.05,0.0,0.0,22.0,0.34375,32.0,0.5,10.0,0.15625,0.5,3.0,0.6666666666666667
S17,MIEMATentGateOnly,,,,,,,,,,3,64,45,0.703125,0,0.0,19,0.296875,0.703125,2,0.3227768540382385,0.3227768540382385,0.8980382680892944,0.5752614140510559,0.40316694378852846,0.5,0.09683305621147155,,0.0,0.19999999999999996,1.0,0.8522223234176636,0.05,0.0,0.0,9.0,0.140625,25.0,0.390625,30.0,0.46875,0.46875,3.0,0.3697916666666667
S17,MIEMATentGateOnly,,,,,,,,,,4,64,0,0.0,9,0.140625,55,0.859375,0.859375,2,0.022838804870843887,0.022838804870843887,0.7836593985557556,0.7608205676078796,0.49314835853874683,0.5,0.006851641461253166,,0.0,0.19999999999999996,0.0,0.6812597513198853,0.05,0.0,0.0,0.0,0.0,11.0,0.171875,53.0,0.828125,0.828125,2.0,0.5260416666666667
S17,MIEMATentGateOnly,,,,,,,,,,5,64,0,0.0,64,1.0,0,0.0,1.0,1,0.027723608538508415,0.027723608538508415,0.684187114238739,0.6564635038375854,0.4916829174384475,0.5,0.008317082561552525,,0.0,0.19999999999999996,0.0,0.6753240823745728,0.05,0.0,0.0,0.0,0.0,32.0,0.5,32.0,0.5,0.5,2.0,0.6666666666666667
S17,MIEMATentGateOnly,,,,,,,,,,6,64,0,0.0,64,1.0,0,0.0,1.0,1,0.0326283760368824,0.0326283760368824,0.691839337348938,0.6592109799385071,0.49021148718893526,0.5,0.00978851281106472,,0.0,0.19999999999999996,0.0,0.6790647506713867,0.05,0.0,0.0,0.0,0.0,43.0,0.671875,21.0,0.328125,0.671875,2.0,0.6666666666666667
S17,MIEMATentGateOnly,,,,,,,,,,7,8,0,0.0,8,1.0,0,0.0,1.0,1,0.01908683590590954,0.01908683590590954,0.6760217547416687,0.656934916973114,0.49427394922822715,0.5,0.005726050771772862,,0.0,0.19999999999999996,0.0,0.6897662878036499,0.05,0.0,0.0,0.0,0.0,6.0,0.75,2.0,0.25,0.75,2.0,0.6666666666666667
S17,MIEMATentGateAware,,,,,,,,,,0,64,64,1.0,0,0.0,0,0.0,1.0,1,0.0032022963277995586,0.0032022963277995586,0.03007838875055313,0.026876091957092285,0.4990393111016601,0.5,0.0009606888983398676,,0.0,0.0006404592655599115,0.0,0.04137372970581055,0.05,1.0,0.0,64.0,1.0,0.0,0.0,0.0,0.0,1.0,1.0,0.6666666666666667
S17,MIEMATentGateAware,,,,,,,,,,1,64,64,1.0,0,0.0,0,0.0,1.0,1,0.006747908424586058,0.006747908424586058,0.08062177151441574,0.0738738626241684,0.4979756274726242,0.5,0.002024372527375817,,0.0,0.0013495816849172111,0.0,0.07675034552812576,0.05,1.0,0.0,64.0,1.0,0.0,0.0,0.0,0.0,1.0,1.0,0.6666666666666667
S17,MIEMATentGateAware,,,,,,,,,,2,64,64,1.0,0,0.0,0,0.0,1.0,1,0.025210268795490265,0.025210268795490265,0.3681884706020355,0.34297817945480347,0.4924369193613529,0.5,0.0075630806386470795,,0.0,0.005042053759098052,0.0,0.3523278832435608,0.05,1.0,0.0,64.0,1.0,0.0,0.0,0.0,0.0,1.0,1.0,0.6666666666666667
S17,MIEMATentGateAware,,,,,,,,,,3,64,45,0.703125,0,0.0,19,0.296875,0.703125,2,0.3227768540382385,0.3227768540382385,0.8980382680892944,0.5752614140510559,0.40316694378852846,0.5,0.09683305621147155,,0.0,0.06455537080764769,1.0,0.6456930637359619,0.05,1.0,0.0,39.0,0.609375,6.0,0.09375,19.0,0.296875,0.609375,3.0,0.3697916666666667
S17,MIEMATentGateAware,,,,,,,,,,4,64,0,0.0,9,0.140625,55,0.859375,0.859375,2,0.022832131013274193,0.022832131013274193,0.7841185927391052,0.7612864375114441,0.49315036069601775,0.5,0.006849639303982258,,0.0,0.0045664262026548375,0.0,0.810081958770752,0.05,1.0,0.0,0.0,0.0,11.0,0.171875,53.0,0.828125,0.828125,2.0,0.5260416666666667
S17,MIEMATentGateAware,,,,,,,,,,5,64,0,0.0,64,1.0,0,0.0,1.0,1,0.0276940930634737,0.0276940930634737,0.6843280792236328,0.6566339731216431,0.4916917720809579,0.5,0.00830822791904211,,0.0,0.005538818612694739,0.0,0.7170872688293457,0.05,1.0,0.0,0.0,0.0,24.0,0.375,40.0,0.625,0.625,2.0,0.6666666666666667
S17,MIEMATentGateAware,,,,,,,,,,6,64,0,0.0,64,1.0,0,0.0,1.0,1,0.03259951248764992,0.03259951248764992,0.6919385194778442,0.6593390107154846,0.490220146253705,0.5,0.009779853746294975,,0.0,0.006519902497529982,0.0,0.7102044820785522,0.05,1.0,0.0,0.0,0.0,35.0,0.546875,29.0,0.453125,0.546875,2.0,0.6666666666666667
S17,MIEMATentGateAware,,,,,,,,,,7,8,0,0.0,8,1.0,0,0.0,1.0,1,0.019074194133281708,0.019074194133281708,0.6761027574539185,0.6570285558700562,0.4942777417600155,0.5,0.005722258239984512,,0.0,0.0038148388266563407,0.0,0.694722056388855,0.05,1.0,0.0,0.0,0.0,6.0,0.75,2.0,0.25,0.75,2.0,0.6666666666666667
S17,MIDynamicEMATent,,,,,,,,,,0,64,64,1.0,0,0.0,0,0.0,1.0,1,0.0032022963277995586,0.0032022963277995586,0.03007838875055313,0.026876091957092285,0.9986394886392154,0.00039982246244475207,0.0009606888983398676,0.0004002069368059802,0.20494696497917175,0.0006404592655599115,0.0,0.04137372970581055,0.05,1.0,1.0,64.0,1.0,0.0,0.0,0.0,0.0,1.0,1.0,0.6666666666666667
S17,MIDynamicEMATent,,,,,,,,,,1,64,64,1.0,0,0.0,0,0.0,1.0,1,0.006747908424586058,0.006747908424586058,0.08062177151441574,0.0738738626241684,0.9967351413468197,0.0012404861258043982,0.002024372527375817,0.0012430024257665817,0.6368131041526794,0.0013495816849172111,0.0,0.07655441015958786,0.05,1.0,1.0,64.0,1.0,0.0,0.0,0.0,0.0,1.0,1.0,0.6666666666666667
S17,MIDynamicEMATent,,,,,,,,,,2,64,64,1.0,0,0.0,0,0.0,1.0,1,0.025210268795490265,0.025210268795490265,0.3681884706020355,0.34297817945480347,0.9880846715541927,0.004352247807160216,0.0075630806386470795,0.004385415054854014,2.2502703070640564,0.005042053759098052,0.0,0.3493522107601166,0.05,1.0,1.0,64.0,1.0,0.0,0.0,0.0,0.0,1.0,1.0,0.6666666666666667
S17,MIDynamicEMATent,,,,,,,,,,3,64,45,0.703125,0,0.0,19,0.296875,0.703125,2,0.3227768540382385,0.3227768540382385,0.8980382680892944,0.5752614140510559,0.8636479730884049,0.03951897070012358,0.09683305621147155,0.043755997683388115,22.907988965511322,0.06455537080764769,1.0,0.6424776315689087,0.05,1.0,1.0,39.0,0.609375,6.0,0.09375,19.0,0.296875,0.609375,3.0,0.3697916666666667
S17,MIDynamicEMATent,,,,,,,,,,4,64,0,0.0,9,0.140625,55,0.859375,0.859375,2,0.022832348942756653,0.022832348942756653,0.7841150164604187,0.7612826824188232,0.9469874093785189,0.046162885938654134,0.006849704682826995,0.04648126890392912,24.369259297847748,0.004566469788551329,0.0,0.8205749988555908,0.05,1.0,1.0,0.0,0.0,11.0,0.171875,53.0,0.828125,0.828125,2.0,0.5260416666666667
S17,MIDynamicEMATent,,,,,,,,,,5,64,0,0.0,64,1.0,0,0.0,1.0,1,0.027694419026374817,0.027694419026374817,0.6843265295028687,0.656632125377655,0.9423287779140047,0.049362896378082846,0.008308325707912444,0.04977645538198172,26.141702115535736,0.005538883805274962,0.0,0.7213187217712402,0.05,1.0,1.0,0.0,0.0,23.0,0.359375,41.0,0.640625,0.640625,2.0,0.6666666666666667
S17,MIDynamicEMATent,,,,,,,,,,6,64,0,0.0,64,1.0,0,0.0,1.0,1,0.03259989246726036,0.03259989246726036,0.6919364333152771,0.659336507320404,0.9371039120342638,0.053116120225558165,0.009779967740178109,0.05364072478350057,28.2280952334404,0.006519978493452071,0.0,0.7138332724571228,0.05,1.0,1.0,0.0,0.0,35.0,0.546875,29.0,0.453125,0.546875,2.0,0.6666666666666667
S17,MIDynamicEMATent,,,,,,,,,,7,8,0,0.0,8,1.0,0,0.0,1.0,1,0.01907506212592125,0.01907506212592125,0.6761013865470886,0.6570262908935547,0.9406633121674067,0.05361416919481688,0.0057225186377763745,0.053922743097190584,28.38069573044777,0.003815012425184249,0.0,0.6988875865936279,0.05,1.0,1.0,0.0,0.0,6.0,0.75,2.0,0.25,0.75,2.0,0.6666666666666667
S17,MIDynamicRelaxedAnchor,,,,,,,,,,0,64,64,1.0,0,0.0,0,0.0,1.0,1,0.02290206588804722,0.23620085671286453,0.1394778937101364,0.11657582223415375,0.8046509311921985,0.10086872612265563,0.09448034268514582,0.11139319318783492,15.11685482962333,0.0472401713425729,1.0,0.07920608669519424,0.0,1.0,1.0,64.0,1.0,0.0,0.0,0.0,0.0,1.0,1.0,0.6666666666666667
S17,MIDynamicRelaxedAnchor,,,,,,,,,,1,64,64,1.0,0,0.0,0,0.0,1.0,1,0.01948241889476776,0.22562149220878525,0.21059705317020416,0.1911146342754364,0.7221697372019086,0.18758166591457734,0.09024859688351411,0.20619002649733653,29.556630330985584,0.04512429844175704,1.0,0.1273263692855835,0.0,1.0,1.0,64.0,1.0,0.0,0.0,0.0,0.0,1.0,1.0,0.6666666666666667
S17,MIDynamicRelaxedAnchor,,,,,,,,,,2,64,64,1.0,0,0.0,0,0.0,1.0,1,0.04562417045235634,0.2922383366199589,0.6298007965087891,0.5841766595840454,0.6057173054773017,0.27738735987471475,0.11689533464798357,0.31410473838244835,48.259883874662954,0.058447667323991766,1.0,0.59373939037323,0.0,1.0,1.0,64.0,1.0,0.0,0.0,0.0,0.0,1.0,1.0,0.6666666666666667
S17,MIDynamicRelaxedAnchor,,,,,,,,,,3,64,45,0.703125,0,0.0,19,0.296875,0.703125,2,0.33233699202537537,0.6188380899091296,0.9166417717933655,0.5843048095703125,0.37876076641601547,0.37370399762033274,0.24753523596365185,0.4966398633946941,87.86552162884725,0.1237676179818259,1.0,0.7139011025428772,0.0,1.0,1.0,37.0,0.578125,9.0,0.140625,18.0,0.28125,0.578125,3.0,0.3697916666666667
S17,MIDynamicRelaxedAnchor,,,,,,,,,,4,64,0,0.0,9,0.140625,55,0.859375,0.859375,2,0.022175272926688194,0.23402227826230027,0.8384883403778076,0.8163130879402161,0.40586084367154124,0.5005302450235386,0.0936089113049201,0.5522232635187818,102.84294743763446,0.046804455652460046,1.0,0.7769104242324829,0.0,1.0,1.0,0.0,0.0,9.0,0.140625,55.0,0.859375,0.859375,2.0,0.5260416666666667
S17,MIDynamicRelaxedAnchor,,,,,,,,,,5,64,0,0.0,64,1.0,0,0.0,1.0,1,0.021475335583090782,0.23189018849900678,0.7209576964378357,0.6994823217391968,0.36176894279425403,0.5454749818061432,0.09275607539960272,0.6012440171990151,117.6839195015709,0.046378037699801346,1.0,0.7092803120613098,0.0,1.0,1.0,0.0,0.0,26.0,0.40625,38.0,0.59375,0.59375,2.0,0.6666666666666667
S17,MIDynamicRelaxedAnchor,,,,,,,,,,6,64,0,0.0,64,1.0,0,0.0,1.0,1,0.025520984083414078,0.2437775959861807,0.7274045944213867,0.7018836140632629,0.3185763106287772,0.5839126509767505,0.09751103839447228,0.647002540549604,133.28568564468645,0.04875551919723613,1.0,0.7073149681091309,0.0,1.0,1.0,0.0,0.0,39.0,0.609375,25.0,0.390625,0.609375,2.0,0.6666666666666667
S17,MIDynamicRelaxedAnchor,,,,,,,,,,7,8,0,0.0,8,1.0,0,0.0,1.0,1,0.014412866905331612,0.20804824012133935,0.7071731090545654,0.6927602291107178,0.3194404477606263,0.597340256190838,0.08321929604853574,0.6515628586162543,134.95007156565717,0.04160964802426786,1.0,0.6908829212188721,0.0,1.0,1.0,0.0,0.0,6.0,0.75,2.0,0.25,0.75,2.0,0.6666666666666667
S2,EMATent,0.023137448355555534,0.023137448355555534,0.996536910533905,0.0,0.49305876549333333,0.5,0.00694123450666666,0.0,0.0,0,64,64,1.0,0,0.0,0,0.0,1.0,1,,,,,,,,,,,,,,,,,,,,,,,,
S2,EMATent,0.054176073521375656,0.054176073521375656,0.9905073046684265,0.0,0.4837471779435873,0.5,0.016252822056412698,0.0,0.0,1,64,64,1.0,0,0.0,0,0.0,1.0,1,,,,,,,,,,,,,,,,,,,,,,,,
S2,EMATent,0.09425278753042221,0.09425278753042221,0.9813370704650879,0.0,0.47172416374087334,0.5,0.028275836259126663,0.0,0.0,2,64,64,1.0,0,0.0,0,0.0,1.0,1,,,,,,,,,,,,,,,,,,,,,,,,
S2,EMATent,0.6277035474777222,0.6277035474777222,0.8698461651802063,1.0,0.3116889357566833,0.5,0.18831106424331664,0.0,0.0,3,64,37,0.578125,27,0.421875,0,0.0,0.578125,2,,,,,,,,,,,,,,,,,,,,,,,,
S2,EMATent,0.6780999898910522,0.6780999898910522,0.7464786171913147,1.0,0.2965700030326843,0.5,0.20342999696731567,0.0,0.0,4,64,0,0.0,64,1.0,0,0.0,1.0,1,,,,,,,,,,,,,,,,,,,,,,,,
S2,EMATent,0.6456448435783386,0.6456448435783386,0.8560023903846741,1.0,0.3063065469264984,0.5,0.19369345307350158,0.0,0.0,5,64,0,0.0,32,0.5,32,0.5,0.5,2,,,,,,,,,,,,,,,,,,,,,,,,
S2,EMATent,0.6814496517181396,0.6814496517181396,0.7173002362251282,1.0,0.2955651044845581,0.5,0.2044348955154419,0.0,0.0,6,40,0,0.0,0,0.0,40,1.0,1.0,1,,,,,,,,,,,,,,,,,,,,,,,,
S2,MIEMATentGateOnly,,,,,,,,,,0,64,64,1.0,0,0.0,0,0.0,1.0,1,0.0032719303853809834,0.0032719303853809834,0.023137448355555534,0.01986551843583584,0.4990184208843857,0.5,0.000981579115614295,,0.0,0.19999999999999996,0.0,0.021610556170344353,0.05,0.0,0.0,64.0,1.0,0.0,0.0,0.0,0.0,1.0,1.0,0.6666666666666667
S2,MIEMATentGateOnly,,,,,,,,,,1,64,64,1.0,0,0.0,0,0.0,1.0,1,0.004838692955672741,0.004838692955672741,0.03802860900759697,0.033189915120601654,0.49854839211329816,0.5,0.0014516078867018222,,0.0,0.19999999999999996,0.0,0.0665748193860054,0.05,0.0,0.0,64.0,1.0,0.0,0.0,0.0,0.0,1.0,1.0,0.6666666666666667
S2,MIEMATentGateOnly,,,,,,,,,,2,64,64,1.0,0,0.0,0,0.0,1.0,1,0.006053311750292778,0.006053311750292778,0.05874742195010185,0.052694108337163925,0.4981840064749122,0.5,0.0018159935250878334,,0.0,0.19999999999999996,0.0,0.1685684621334076,0.05,0.0,0.0,64.0,1.0,0.0,0.0,0.0,0.0,1.0,1.0,0.6666666666666667
S2,MIEMATentGateOnly,,,,,,,,,,3,64,37,0.578125,27,0.421875,0,0.0,0.578125,2,0.138914093375206,0.138914093375206,0.25291645526885986,0.11400236189365387,0.4583257719874382,0.5,0.0416742280125618,,0.0,0.19999999999999996,1.0,0.33953768014907837,0.05,0.0,0.0,47.0,0.734375,0.0,0.0,17.0,0.265625,0.734375,2.0,0.24479166666666669
S2,MIEMATentGateOnly,,,,,,,,,,4,64,0,0.0,64,1.0,0,0.0,1.0,1,0.011399294249713421,0.011399294249713421,0.07645890861749649,0.0650596097111702,0.496580211725086,0.5,0.003419788274914026,,0.0,0.19999999999999996,0.0,0.6312445998191833,0.05,0.0,0.0,38.0,0.59375,0.0,0.0,26.0,0.40625,0.59375,2.0,0.6666666666666667
S2,MIEMATentGateOnly,,,,,,,,,,5,64,0,0.0,32,0.5,32,0.5,0.5,2,0.1350715011358261,0.1350715011358261,0.41019752621650696,0.27512601017951965,0.45947854965925217,0.5,0.04052145034074783,,0.0,0.19999999999999996,1.0,0.46327880024909973,0.05,0.0,0.0,14.0,0.21875,0.0,0.0,50.0,0.78125,0.78125,2.0,0.16666666666666669
S2,MIEMATentGateOnly,,,,,,,,,,6,40,0,0.0,0,0.0,40,1.0,1.0,1,0.022909335792064667,0.022909335792064667,0.1392020583152771,0.11629272252321243,0.4931271992623806,0.5,0.0068728007376194,,0.0,0.19999999999999996,0.0,0.6584294438362122,0.05,0.0,0.0,10.0,0.25,0.0,0.0,30.0,0.75,0.75,2.0,0.6666666666666667
S2,MIEMATentGateAware,,,,,,,,,,0,64,64,1.0,0,0.0,0,0.0,1.0,1,0.0032719303853809834,0.0032719303853809834,0.023137448355555534,0.01986551843583584,0.4990184208843857,0.5,0.000981579115614295,,0.0,0.0006543860770761965,0.0,0.021610556170344353,0.05,1.0,0.0,64.0,1.0,0.0,0.0,0.0,0.0,1.0,1.0,0.6666666666666667
S2,MIEMATentGateAware,,,,,,,,,,1,64,64,1.0,0,0.0,0,0.0,1.0,1,0.004838692955672741,0.004838692955672741,0.03802860900759697,0.033189915120601654,0.49854839211329816,0.5,0.0014516078867018222,,0.0,0.000967738591134548,0.0,0.028476698324084282,0.05,1.0,0.0,64.0,1.0,0.0,0.0,0.0,0.0,1.0,1.0,0.6666666666666667
S2,MIEMATentGateAware,,,,,,,,,,2,64,64,1.0,0,0.0,0,0.0,1.0,1,0.006053311750292778,0.006053311750292778,0.05874742195010185,0.052694108337163925,0.4981840064749122,0.5,0.0018159935250878334,,0.0,0.0012106623500585554,0.0,0.04934530705213547,0.05,1.0,0.0,64.0,1.0,0.0,0.0,0.0,0.0,1.0,1.0,0.6666666666666667
S2,MIEMATentGateAware,,,,,,,,,,3,64,37,0.578125,27,0.421875,0,0.0,0.578125,2,0.138914093375206,0.138914093375206,0.25291645526885986,0.11400236189365387,0.4583257719874382,0.5,0.0416742280125618,,0.0,0.027782818675041194,1.0,0.14209401607513428,0.05,1.0,0.0,59.0,0.921875,0.0,0.0,5.0,0.078125,0.921875,2.0,0.24479166666666669
S2,MIEMATentGateAware,,,,,,,,,,4,64,0,0.0,64,1.0,0,0.0,1.0,1,0.011397775262594223,0.011397775262594223,0.07644962519407272,0.0650518462061882,0.49658066742122176,0.5,0.003419332578778267,,0.0,0.0022795550525188443,0.0,0.11101724207401276,0.05,1.0,0.0,64.0,1.0,0.0,0.0,0.0,0.0,1.0,1.0,0.6666666666666667
S2,MIEMATentGateAware,,,,,,,,,,5,64,0,0.0,32,0.5,32,0.5,0.5,2,0.13508693873882294,0.13508693873882294,0.41022446751594543,0.2751375436782837,0.4594739183783531,0.5,0.04052608162164688,,0.0,0.02701738774776458,1.0,0.41172105073928833,0.05,1.0,0.0,52.0,0.8125,0.0,0.0,12.0,0.1875,0.8125,2.0,0.16666666666666669
S2,MIEMATentGateAware,,,,,,,,,,6,40,0,0.0,0,0.0,40,1.0,1.0,1,0.02285546064376831,0.02285546064376831,0.13888271152973175,0.11602725833654404,0.4931433618068695,0.5,0.006856638193130493,,0.0,0.004571092128753661,0.0,0.2114897221326828,0.05,1.0,0.0,40.0,1.0,0.0,0.0,0.0,0.0,1.0,1.0,0.6666666666666667
S2,MIDynamicEMATent,,,,,,,,,,0,64,64,1.0,0,0.0,0,0.0,1.0,1,0.0032719303853809834,0.0032719303853809834,0.023137448355555534,0.01986551843583584,0.9986099145869848,0.000408506297401015,0.000981579115614295,0.0004089076726326857,0.20940354466438293,0.0006543860770761965,0.0,0.021610556170344353,0.05,1.0,1.0,64.0,1.0,0.0,0.0,0.0,0.0,1.0,1.0,0.6666666666666667
S2,MIDynamicEMATent,,,,,,,,,,1,64,64,1.0,0,0.0,0,0.0,1.0,1,0.004838692955672741,0.004838692955672741,0.03802860900759697,0.033189915120601654,0.9975365488803947,0.0010118432329034865,0.0014516078867018222,0.0010133141677410862,0.5190798938274384,0.000967738591134548,0.0,0.028403449803590775,0.05,1.0,1.0,64.0,1.0,0.0,0.0,0.0,0.0,1.0,1.0,0.6666666666666667
S2,MIDynamicEMATent,,,,,,,,,,2,64,64,1.0,0,0.0,0,0.0,1.0,1,0.006053311750292778,0.006053311750292778,0.05874742195010185,0.052694108337163925,0.9964182933419234,0.001765713132988725,0.0018159935250878334,0.001768925490225337,0.9064918458461761,0.0012106623500585554,0.0,0.04909306764602661,0.05,1.0,1.0,64.0,1.0,0.0,0.0,0.0,0.0,1.0,1.0,0.6666666666666667
S2,MIDynamicEMATent,,,,,,,,,,3,64,37,0.578125,27,0.421875,0,0.0,0.578125,2,0.138914093375206,0.138914093375206,0.25291645526885986,0.11400236189365387,0.9401627709643263,0.018163001023111816,0.0416742280125618,0.018952846259622347,9.79699382185936,0.027782818675041194,1.0,0.1414308249950409,0.05,1.0,1.0,59.0,0.921875,0.0,0.0,5.0,0.078125,0.921875,2.0,0.24479166666666669
S2,MIDynamicEMATent,,,,,,,,,,4,64,0,0.0,64,1.0,0,0.0,1.0,1,0.0113977687433362,0.0113977687433362,0.07644961774349213,0.0650518462061882,0.9763006816577628,0.02027998771923633,0.00341933062300086,0.020349569625822794,10.526451021432877,0.0022795537486672394,0.0,0.10060437023639679,0.05,1.0,1.0,64.0,1.0,0.0,0.0,0.0,0.0,1.0,1.0,0.6666666666666667
S2,MIDynamicEMATent,,,,,,,,,,5,64,0,0.0,32,0.5,32,0.5,0.5,2,0.13508693873882294,0.13508693873882294,0.41022446751594543,0.2751375436782837,0.9242104362501897,0.03526348212816343,0.04052608162164688,0.03675293455372264,19.172015100717545,0.02701738774776458,1.0,0.38876020908355713,0.05,1.0,1.0,53.0,0.828125,0.0,0.0,11.0,0.171875,0.828125,2.0,0.16666666666666669
S2,MIDynamicEMATent,,,,,,,,,,6,40,0,0.0,0,0.0,40,1.0,1.0,1,0.02285601757466793,0.02285601757466793,0.1388917863368988,0.11603577435016632,0.9549355864273998,0.03820760830019977,0.006856805272400379,0.038471399193023115,20.086255803704262,0.004571203514933585,0.0,0.17230549454689026,0.05,1.0,1.0,40.0,1.0,0.0,0.0,0.0,0.0,1.0,1.0,0.6666666666666667
S2,MIDynamicRelaxedAnchor,,,,,,,,,,0,64,64,1.0,0,0.0,0,0.0,1.0,1,0.060015443712472916,0.32048244693649214,0.16943272948265076,0.10941728204488754,0.7427257538211852,0.12908126740421788,0.12819297877459687,0.14806174332340494,20.510876603935497,0.06409648938729841,1.0,0.06591187417507172,0.0,1.0,1.0,64.0,1.0,0.0,0.0,0.0,0.0,1.0,1.0,0.6666666666666667
S2,MIDynamicRelaxedAnchor,,,,,,,,,,1,64,64,1.0,0,0.0,0,0.0,1.0,1,0.009590606205165386,0.18813847642309212,0.09396401047706604,0.08437339961528778,0.7170941477057896,0.2076504617249736,0.07525539056923686,0.22454898315416527,32.55173909501339,0.037627695284618415,1.0,0.04561637341976166,0.0,1.0,1.0,64.0,1.0,0.0,0.0,0.0,0.0,1.0,1.0,0.6666666666666667
S2,MIDynamicRelaxedAnchor,,,,,,,,,,2,64,64,1.0,0,0.0,0,0.0,1.0,1,0.012948918156325817,0.20241398198792931,0.13689610362052917,0.12394718825817108,0.6440691581770013,0.27496524902782693,0.08096559279517174,0.29918928700842917,45.50623394224087,0.040482796397585855,1.0,0.08283031731843948,0.0,1.0,1.0,64.0,1.0,0.0,0.0,0.0,0.0,1.0,1.0,0.6666666666666667
S2,MIDynamicRelaxedAnchor,,,,,,,,,,3,64,37,0.578125,27,0.421875,0,0.0,0.578125,2,0.182041734457016,0.48399714179949693,0.4115034341812134,0.22946171462535858,0.44366301165535493,0.36273813162484625,0.1935988567197988,0.4498234342145584,76.48205101740868,0.09679942835989937,1.0,0.26983365416526794,0.0,1.0,1.0,53.0,0.828125,0.0,0.0,11.0,0.171875,0.828125,2.0,0.24479166666666669
S2,MIDynamicRelaxedAnchor,,,,,,,,,,4,64,0,0.0,64,1.0,0,0.0,1.0,1,0.05638889595866203,0.3137171161290463,0.24445144832134247,0.18806254863739014,0.41128761129294694,0.4632255422554345,0.12548684645161853,0.5296953400596359,96.55994644966765,0.06274342322580924,1.0,0.3258998692035675,0.0,1.0,1.0,58.0,0.90625,0.0,0.0,6.0,0.09375,0.90625,2.0,0.6666666666666667
S2,MIDynamicRelaxedAnchor,,,,,,,,,,5,64,0,0.0,32,0.5,32,0.5,0.5,2,0.257640540599823,0.5568247343192536,0.7164179682731628,0.45877742767333984,0.2767185620705516,0.5005515442017469,0.22272989372770147,0.6439866143860038,132.19672944609988,0.11136494686385069,1.0,0.5276350378990173,0.0,1.0,1.0,22.0,0.34375,0.0,0.0,42.0,0.65625,0.65625,2.0,0.16666666666666669
S2,MIDynamicRelaxedAnchor,,,,,,,,,,6,40,0,0.0,0,0.0,40,1.0,1.0,1,0.042355362325906754,0.28522376598046073,0.28825628757476807,0.2459009438753128,0.2885004214616489,0.5974100721461668,0.11408950639218429,0.6743458582517193,143.6056800853183,0.05704475319609213,1.0,0.6131501197814941,0.0,1.0,1.0,30.0,0.75,0.0,0.0,10.0,0.25,0.75,2.0,0.6666666666666667
S3,EMATent,0.08264516294002533,0.08264516294002533,0.9843663573265076,0.0,0.4752064511179924,0.5,0.024793548882007597,0.0,0.0,0,64,64,1.0,0,0.0,0,0.0,1.0,1,,,,,,,,,,,,,,,,,,,,,,,,
S3,EMATent,0.0506594143807888,0.0506594143807888,0.9910949468612671,0.0,0.48480217568576334,0.5,0.01519782431423664,0.0,0.0,1,64,64,1.0,0,0.0,0,0.0,1.0,1,,,,,,,,,,,,,,,,,,,,,,,,
S3,EMATent,0.13685202598571777,0.13685202598571777,0.9704316854476929,0.0,0.4589443922042847,0.5,0.04105560779571533,0.0,0.0,2,64,64,1.0,0,0.0,0,0.0,1.0,1,,,,,,,,,,,,,,,,,,,,,,,,
S3,EMATent,0.6418731808662415,0.6418731808662415,0.9714098572731018,1.0,0.30743804574012756,0.5,0.19256195425987244,0.0,0.0,3,64,36,0.5625,28,0.4375,0,0.0,0.5625,2,,,,,,,,,,,,,,,,,,,,,,,,
S3,EMATent,0.08428408205509186,0.08428408205509186,0.9832876920700073,0.0,0.47471477538347245,0.5,0.025285224616527557,0.0,0.0,4,64,0,0.0,64,1.0,0,0.0,1.0,1,,,,,,,,,,,,,,,,,,,,,,,,
S3,EMATent,0.6197126507759094,0.6197126507759094,0.8175292015075684,1.0,0.31408620476722715,0.5,0.18591379523277282,0.0,0.0,5,64,0,0.0,36,0.5625,28,0.4375,0.5625,2,,,,,,,,,,,,,,,,,,,,,,,,
S3,EMATent,0.4948347508907318,0.4948347508907318,0.8454035520553589,1.0,0.3515495747327805,0.5,0.14845042526721955,0.0,0.0,6,47,0,0.0,0,0.0,47,1.0,1.0,1,,,,,,,,,,,,,,,,,,,,,,,,
S3,MIEMATentGateOnly,,,,,,,,,,0,64,64,1.0,0,0.0,0,0.0,1.0,1,0.014016435481607914,0.014016435481607914,0.08264516294002533,0.06862872838973999,0.49579506935551765,0.5,0.004204930644482374,,0.0,0.19999999999999996,0.0,0.06250889599323273,0.05,0.0,0.0,64.0,1.0,0.0,0.0,0.0,0.0,1.0,1.0,0.6666666666666667
S3,MIEMATentGateOnly,,,,,,,,,,1,64,64,1.0,0,0.0,0,0.0,1.0,1,0.006024194415658712,0.006024194415658712,0.04345805197954178,0.03743385896086693,0.49819274167530236,0.5,0.0018072583246976136,,0.0,0.19999999999999996,0.0,0.06553658843040466,0.05,0.0,0.0,64.0,1.0,0.0,0.0,0.0,0.0,1.0,1.0,0.6666666666666667
S3,MIEMATentGateOnly,,,,,,,,,,2,64,64,1.0,0,0.0,0,0.0,1.0,1,0.01565997302532196,0.01565997302532196,0.07571789622306824,0.06005792319774628,0.49530200809240343,0.5,0.004697991907596588,,0.0,0.19999999999999996,0.0,0.18018759787082672,0.05,0.0,0.0,64.0,1.0,0.0,0.0,0.0,0.0,1.0,1.0,0.6666666666666667
S3,MIEMATentGateOnly,,,,,,,,,,3,64,36,0.5625,28,0.4375,0,0.0,0.5625,2,0.2993881404399872,0.2993881404399872,0.47468817234039307,0.17530003190040588,0.41018355786800387,0.5,0.08981644213199615,,0.0,0.19999999999999996,1.0,0.14216461777687073,0.05,0.0,0.0,37.0,0.578125,27.0,0.421875,0.0,0.0,0.578125,2.0,0.22916666666666669
S3,MIEMATentGateOnly,,,,,,,,,,4,64,0,0.0,64,1.0,0,0.0,1.0,1,0.2444569319486618,0.2444569319486618,0.6933183670043945,0.4488614499568939,0.42666292041540144,0.5,0.07333707958459854,,0.0,0.19999999999999996,1.0,0.14454524219036102,0.05,0.0,0.0,0.0,0.0,64.0,1.0,0.0,0.0,1.0,1.0,0.6666666666666667
S3,MIEMATentGateOnly,,,,,,,,,,5,64,0,0.0,36,0.5625,28,0.4375,0.5625,2,0.12261638045310974,0.12261638045310974,0.40248191356658936,0.2798655331134796,0.46321508586406707,0.5,0.03678491413593292,,0.0,0.19999999999999996,1.0,0.5051007270812988,0.05,0.0,0.0,10.0,0.15625,54.0,0.84375,0.0,0.0,0.84375,2.0,0.22916666666666669
S3,MIEMATentGateOnly,,,,,,,,,,6,47,0,0.0,0,0.0,47,1.0,1.0,1,0.3248699903488159,0.3248699903488159,0.6540422439575195,0.3291722536087036,0.40253900289535527,0.5,0.09746099710464477,,0.0,0.19999999999999996,1.0,0.45501282811164856,0.05,0.0,0.0,3.0,0.06382978723404255,44.0,0.9361702127659575,0.0,0.0,0.9361702127659575,2.0,0.6666666666666667
S3,MIEMATentGateAware,,,,,,,,,,0,64,64,1.0,0,0.0,0,0.0,1.0,1,0.014016435481607914,0.014016435481607914,0.08264516294002533,0.06862872838973999,0.49579506935551765,0.5,0.004204930644482374,,0.0,0.002803287096321582,0.0,0.06250889599323273,0.05,1.0,0.0,64.0,1.0,0.0,0.0,0.0,0.0,1.0,1.0,0.6666666666666667
S3,MIEMATentGateAware,,,,,,,,,,1,64,64,1.0,0,0.0,0,0.0,1.0,1,0.006024194415658712,0.006024194415658712,0.04345805197954178,0.03743385896086693,0.49819274167530236,0.5,0.0018072583246976136,,0.0,0.0012048388831317422,0.0,0.04021623730659485,0.05,1.0,0.0,64.0,1.0,0.0,0.0,0.0,0.0,1.0,1.0,0.6666666666666667
S3,MIEMATentGateAware,,,,,,,,,,2,64,64,1.0,0,0.0,0,0.0,1.0,1,0.01565997302532196,0.01565997302532196,0.07571789622306824,0.06005792319774628,0.49530200809240343,0.5,0.004697991907596588,,0.0,0.0031319946050643913,0.0,0.06877607852220535,0.05,1.0,0.0,64.0,1.0,0.0,0.0,0.0,0.0,1.0,1.0,0.6666666666666667
S3,MIEMATentGateAware,,,,,,,,,,3,64,36,0.5625,28,0.4375,0,0.0,0.5625,2,0.2993881404399872,0.2993881404399872,0.47468817234039307,0.17530003190040588,0.41018355786800387,0.5,0.08981644213199615,,0.0,0.059877628087997424,1.0,0.20100627839565277,0.05,1.0,0.0,47.0,0.734375,17.0,0.265625,0.0,0.0,0.734375,2.0,0.22916666666666669
S3,MIEMATentGateAware,,,,,,,,,,4,64,0,0.0,64,1.0,0,0.0,1.0,1,0.2445618063211441,0.2445618063211441,0.6931940317153931,0.44863224029541016,0.42663145810365677,0.5,0.07336854189634323,,0.0,0.04891236126422881,1.0,0.5686522126197815,0.05,1.0,0.0,21.0,0.328125,43.0,0.671875,0.0,0.0,0.671875,2.0,0.6666666666666667
S3,MIEMATentGateAware,,,,,,,,,,5,64,0,0.0,36,0.5625,28,0.4375,0.5625,2,0.12309786677360535,0.12309786677360535,0.4037296175956726,0.28063175082206726,0.4630706399679184,0.5,0.0369293600320816,,0.0,0.024619573354721064,1.0,0.4104381203651428,0.05,1.0,0.0,51.0,0.796875,13.0,0.203125,0.0,0.0,0.796875,2.0,0.22916666666666669
S3,MIEMATentGateAware,,,,,,,,,,6,47,0,0.0,0,0.0,47,1.0,1.0,1,0.32480546832084656,0.32480546832084656,0.654010534286499,0.32920506596565247,0.4025583595037461,0.5,0.09744164049625396,,0.0,0.0649610936641693,1.0,0.4806853234767914,0.05,1.0,0.0,22.0,0.46808510638297873,25.0,0.5319148936170213,0.0,0.0,0.5319148936170213,2.0,0.6666666666666667
S3,MIDynamicEMATent,,,,,,,,,,0,64,64,1.0,0,0.0,0,0.0,1.0,1,0.014016435481607914,0.014016435481607914,0.08264516294002533,0.06862872838973999,0.9940519096889285,0.0017431596665891098,0.004204930644482374,0.0017505204838152988,0.8970518708229065,0.002803287096321582,0.0,0.06250889599323273,0.05,1.0,1.0,64.0,1.0,0.0,0.0,0.0,0.0,1.0,1.0,0.6666666666666667
S3,MIDynamicEMATent,,,,,,,,,,1,64,64,1.0,0,0.0,0,0.0,1.0,1,0.006024194415658712,0.006024194415658712,0.04345805197954178,0.03743385896086693,0.9956953196879357,0.002497421987366664,0.0018072583246976136,0.0025019436458485478,1.282600313425064,0.0012048388831317422,0.0,0.039956189692020416,0.05,1.0,1.0,64.0,1.0,0.0,0.0,0.0,0.0,1.0,1.0,0.6666666666666667
S3,MIDynamicEMATent,,,,,,,,,,2,64,64,1.0,0,0.0,0,0.0,1.0,1,0.01565997302532196,0.01565997302532196,0.07571789622306824,0.06005792319774628,0.990870293654513,0.004431714437890464,0.004697991907596588,0.004452632871086326,2.2848385870456696,0.0031319946050643913,0.0,0.06813230365514755,0.05,1.0,1.0,64.0,1.0,0.0,0.0,0.0,0.0,1.0,1.0,0.6666666666666667
S3,MIDynamicEMATent,,,,,,,,,,3,64,36,0.5625,28,0.4375,0,0.0,0.5625,2,0.2993881404399872,0.2993881404399872,0.47468817234039307,0.17530003190040588,0.872846926195643,0.03733663167236091,0.08981644213199615,0.04102099115019997,21.44567957520485,0.059877628087997424,1.0,0.2020794153213501,0.05,1.0,1.0,47.0,0.734375,17.0,0.265625,0.0,0.0,0.734375,2.0,0.22916666666666669
S3,MIDynamicEMATent,,,,,,,,,,4,64,0,0.0,64,1.0,0,0.0,1.0,1,0.2445635348558426,0.2445635348558426,0.6931934356689453,0.44862988591194153,0.8618651570116734,0.06476578253157379,0.07336906045675277,0.06989382694635471,37.097745805978775,0.04891270697116851,1.0,0.5818473100662231,0.05,1.0,1.0,24.0,0.375,40.0,0.625,0.0,0.0,0.625,2.0,0.6666666666666667
S3,MIDynamicEMATent,,,,,,,,,,5,64,0,0.0,36,0.5625,28,0.4375,0.5625,2,0.12308897078037262,0.12308897078037262,0.40370166301727295,0.28061267733573914,0.8820836371236148,0.08098967164227347,0.03692669123411178,0.08409502257523482,44.97543993592262,0.02461779415607452,1.0,0.3282664120197296,0.05,1.0,1.0,55.0,0.859375,9.0,0.140625,0.0,0.0,0.859375,2.0,0.22916666666666669
S3,MIDynamicEMATent,,,,,,,,,,6,47,0,0.0,0,0.0,47,1.0,1.0,1,0.3248351216316223,0.3248351216316223,0.6540104746818542,0.32917535305023193,0.8023636955034888,0.1001857680070245,0.09745053648948669,0.11100307745721405,60.24269065260887,0.06496702432632445,1.0,0.4365696907043457,0.05,1.0,1.0,24.0,0.5106382978723404,23.0,0.48936170212765956,0.0,0.0,0.5106382978723404,2.0,0.6666666666666667
S3,MIDynamicRelaxedAnchor,,,,,,,,,,0,64,64,1.0,0,0.0,0,0.0,1.0,1,0.06277600675821304,0.3254962648784955,0.251361221075058,0.18858520686626434,0.7391618324580448,0.1306396615905571,0.1301985059513982,0.15019480017501252,20.83176095222371,0.06509925297569909,1.0,0.1300850212574005,0.0,1.0,1.0,64.0,1.0,0.0,0.0,0.0,0.0,1.0,1.0,0.6666666666666667
S3,MIDynamicRelaxedAnchor,,,,,,,,,,1,64,64,1.0,0,0.0,0,0.0,1.0,1,0.019161177799105644,0.22458151555216999,0.1393776834011078,0.120216503739357,0.6913108940306276,0.21885649974850438,0.089832606220868,0.2404574161240649,35.20497794756259,0.044916303110433986,1.0,0.07489483058452606,0.0,1.0,1.0,64.0,1.0,0.0,0.0,0.0,0.0,1.0,1.0,0.6666666666666667
S3,MIDynamicRelaxedAnchor,,,,,,,,,,2,64,64,1.0,0,0.0,0,0.0,1.0,1,0.06731322407722473,0.33350312953481376,0.24726545810699463,0.1799522340297699,0.5571227595505561,0.3094759886355184,0.1334012518139255,0.35711566544874385,56.54917823779067,0.06670062590696274,1.0,0.16369867324829102,0.0,1.0,1.0,64.0,1.0,0.0,0.0,0.0,0.0,1.0,1.0,0.6666666666666667
S3,MIDynamicRelaxedAnchor,,,,,,,,,,3,64,36,0.5625,28,0.4375,0,0.0,0.5625,2,0.43855398893356323,0.6960106803037897,0.6519875526428223,0.21343357861042023,0.32755934777905915,0.394036380099425,0.27840427212151586,0.5460625179391032,101.0938617772332,0.1392021360607579,1.0,0.19518709182739258,0.0,1.0,1.0,38.0,0.59375,25.0,0.390625,1.0,0.015625,0.59375,3.0,0.22916666666666669
S3,MIDynamicRelaxedAnchor,,,,,,,,,,4,64,0,0.0,64,1.0,0,0.0,1.0,1,0.1802641600370407,0.4821177431499394,0.8502965569496155,0.6700324416160583,0.287913029656326,0.5192398730836982,0.19284709725997576,0.6432980310434938,131.94939733882933,0.09642354862998785,1.0,0.5627135634422302,0.0,1.0,1.0,5.0,0.078125,59.0,0.921875,0.0,0.0,0.921875,2.0,0.6666666666666667
S3,MIDynamicRelaxedAnchor,,,,,,,,,,5,64,0,0.0,36,0.5625,28,0.4375,0.5625,2,0.19897401332855225,0.5014585293602906,0.565767765045166,0.36679375171661377,0.22191585212953036,0.5775007361263534,0.20058341174411623,0.7224027429632249,164.04274321788793,0.10029170587205809,1.0,0.5764856338500977,0.0,1.0,1.0,28.0,0.4375,36.0,0.5625,0.0,0.0,0.5625,2.0,0.22916666666666669
S3,MIDynamicRelaxedAnchor,,,,,,,,,,6,47,0,0.0,0,0.0,47,1.0,1.0,1,0.3774010241031647,0.6528967620845354,0.6819539070129395,0.3045528829097748,0.16138029823762204,0.5774609969285638,0.26115870483381415,0.7815765045978877,194.7288910358611,0.13057935241690705,1.0,0.5312544107437134,0.0,1.0,1.0,10.0,0.2127659574468085,37.0,0.7872340425531915,0.0,0.0,0.7872340425531915,2.0,0.6666666666666667
S4,EMATent,0.025264937430620193,0.025264937430620193,0.9960735440254211,0.0,0.49242051877081394,0.5,0.007579481229186058,0.0,0.0,0,64,64,1.0,0,0.0,0,0.0,1.0,1,,,,,,,,,,,,,,,,,,,,,,,,
S4,EMATent,0.3256304860115051,0.3256304860115051,0.9281567335128784,1.0,0.40231085419654844,0.5,0.09768914580345153,0.0,0.0,1,64,64,1.0,0,0.0,0,0.0,1.0,1,,,,,,,,,,,,,,,,,,,,,,,,
S4,EMATent,0.5927305817604065,0.5927305817604065,0.7821331024169922,1.0,0.32218082547187804,0.5,0.17781917452812193,0.0,0.0,2,64,64,1.0,0,0.0,0,0.0,1.0,1,,,,,,,,,,,,,,,,,,,,,,,,
S4,EMATent,0.649554967880249,0.649554967880249,0.842400312423706,1.0,0.3051335096359253,0.5,0.1948664903640747,0.0,0.0,3,64,40,0.625,0,0.0,24,0.375,0.625,2,,,,,,,,,,,,,,,,,,,,,,,,
S4,EMATent,0.10987649112939835,0.10987649112939835,0.9766724109649658,0.0,0.4670370526611805,0.5,0.0329629473388195,0.0,0.0,4,64,0,0.0,13,0.203125,51,0.796875,0.796875,2,,,,,,,,,,,,,,,,,,,,,,,,
S4,EMATent,0.04602692276239395,0.04602692276239395,0.9912410974502563,0.0,0.4861919231712818,0.5,0.013808076828718185,0.0,0.0,5,64,0,0.0,64,1.0,0,0.0,1.0,1,,,,,,,,,,,,,,,,,,,,,,,,
S4,EMATent,0.13293875753879547,0.13293875753879547,0.9673599004745483,0.0,0.46011837273836137,0.5,0.03988162726163864,0.0,0.0,6,50,0,0.0,50,1.0,0,0.0,1.0,1,,,,,,,,,,,,,,,,,,,,,,,,
S4,MIEMATentGateOnly,,,,,,,,,,0,64,64,1.0,0,0.0,0,0.0,1.0,1,0.0038100075908005238,0.0038100075908005238,0.025264937430620193,0.021454928442835808,0.4988569977227598,0.5,0.001143002277240157,,0.0,0.19999999999999996,0.0,0.020782919600605965,0.05,0.0,0.0,64.0,1.0,0.0,0.0,0.0,0.0,1.0,1.0,0.6666666666666667
S4,MIEMATentGateOnly,,,,,,,,,,1,64,64,1.0,0,0.0,0,0.0,1.0,1,0.02596173994243145,0.02596173994243145,0.10713175684213638,0.08117002248764038,0.49221147801727055,0.5,0.007788521982729435,,0.0,0.19999999999999996,0.0,0.2388259768486023,0.05,0.0,0.0,58.0,0.90625,6.0,0.09375,0.0,0.0,0.90625,2.0,0.6666666666666667
S4,MIEMATentGateOnly,,,,,,,,,,2,64,64,1.0,0,0.0,0,0.0,1.0,1,0.1869584023952484,0.1869584023952484,0.8566188812255859,0.6696605086326599,0.44391247928142546,0.5,0.05608752071857452,,0.0,0.19999999999999996,1.0,0.575312077999115,0.05,0.0,0.0,1.0,0.015625,59.0,0.921875,4.0,0.0625,0.921875,3.0,0.6666666666666667
S4,MIEMATentGateOnly,,,,,,,,,,3,64,40,0.625,0,0.0,24,0.375,0.625,2,0.2030637413263321,0.2030637413263321,0.683790385723114,0.4807266294956207,0.43908087760210035,0.5,0.06091912239789962,,0.0,0.19999999999999996,1.0,0.4331475496292114,0.05,0.0,0.0,0.0,0.0,33.0,0.515625,31.0,0.484375,0.515625,2.0,0.2916666666666667
S4,MIEMATentGateOnly,,,,,,,,,,4,64,0,0.0,13,0.203125,51,0.796875,0.796875,2,0.05603933706879616,0.05603933706879616,0.283420592546463,0.22738125920295715,0.48318819887936115,0.5,0.016811801120638847,,0.0,0.19999999999999996,1.0,0.13645054399967194,0.05,0.0,0.0,0.0,0.0,64.0,1.0,0.0,0.0,1.0,1.0,0.4635416666666667
S4,MIEMATentGateOnly,,,,,,,,,,5,64,0,0.0,64,1.0,0,0.0,1.0,1,0.027038054540753365,0.027038054540753365,0.08434697985649109,0.057308923453092575,0.491888583637774,0.5,0.00811141636222601,,0.0,0.19999999999999996,0.0,0.0794958844780922,0.05,0.0,0.0,0.0,0.0,64.0,1.0,0.0,0.0,1.0,1.0,0.6666666666666667
S4,MIEMATentGateOnly,,,,,,,,,,6,50,0,0.0,50,1.0,0,0.0,1.0,1,0.024980271235108376,0.024980271235108376,0.08489558100700378,0.05991530790925026,0.49250591862946747,0.5,0.007494081370532512,,0.0,0.19999999999999996,0.0,0.22224421799182892,0.05,0.0,0.0,0.0,0.0,50.0,1.0,0.0,0.0,1.0,1.0,0.6666666666666667
S4,MIEMATentGateAware,,,,,,,,,,0,64,64,1.0,0,0.0,0,0.0,1.0,1,0.0038100075908005238,0.0038100075908005238,0.025264937430620193,0.021454928442835808,0.4988569977227598,0.5,0.001143002277240157,,0.0,0.0007620015181601046,0.0,0.020782919600605965,0.05,1.0,0.0,64.0,1.0,0.0,0.0,0.0,0.0,1.0,1.0,0.6666666666666667
S4,MIEMATentGateAware,,,,,,,,,,1,64,64,1.0,0,0.0,0,0.0,1.0,1,0.02596173994243145,0.02596173994243145,0.10713175684213638,0.08117002248764038,0.49221147801727055,0.5,0.007788521982729435,,0.0,0.005192347988486288,0.0,0.09854165464639664,0.05,1.0,0.0,64.0,1.0,0.0,0.0,0.0,0.0,1.0,1.0,0.6666666666666667
S4,MIEMATentGateAware,,,,,,,,,,2,64,64,1.0,0,0.0,0,0.0,1.0,1,0.1869584023952484,0.1869584023952484,0.8566188812255859,0.6696605086326599,0.44391247928142546,0.5,0.05608752071857452,,0.0,0.03739168047904967,1.0,0.7373043894767761,0.05,1.0,0.0,18.0,0.28125,46.0,0.71875,0.0,0.0,0.71875,2.0,0.6666666666666667
S4,MIEMATentGateAware,,,,,,,,,,3,64,40,0.625,0,0.0,24,0.375,0.625,2,0.20301437377929688,0.20301437377929688,0.6838626861572266,0.4808483421802521,0.43909568786621095,0.5,0.06090431213378906,,0.0,0.040602874755859365,1.0,0.5887987017631531,0.05,1.0,0.0,0.0,0.0,40.0,0.625,24.0,0.375,0.625,2.0,0.2916666666666667
S4,MIEMATentGateAware,,,,,,,,,,4,64,0,0.0,13,0.203125,51,0.796875,0.796875,2,0.05607777461409569,0.05607777461409569,0.2833815813064575,0.22730381786823273,0.48317666761577127,0.5,0.016823332384228704,,0.0,0.011215554922819134,1.0,0.262850284576416,0.05,1.0,0.0,0.0,0.0,63.0,0.984375,1.0,0.015625,0.984375,2.0,0.4635416666666667
S4,MIEMATentGateAware,,,,,,,,,,5,64,0,0.0,64,1.0,0,0.0,1.0,1,0.027087969705462456,0.027087969705462456,0.0844617560505867,0.057373784482479095,0.49187360908836125,0.5,0.008126390911638736,,0.0,0.00541759394109249,0.0,0.07574012130498886,0.05,1.0,0.0,0.0,0.0,64.0,1.0,0.0,0.0,1.0,1.0,0.6666666666666667
S4,MIEMATentGateAware,,,,,,,,,,6,50,0,0.0,50,1.0,0,0.0,1.0,1,0.025042513385415077,0.025042513385415077,0.08504242449998856,0.05999991297721863,0.4924872459843755,0.5,0.0075127540156245225,,0.0,0.005008502677083014,0.0,0.09625565260648727,0.05,1.0,0.0,0.0,0.0,49.0,0.98,1.0,0.02,0.98,2.0,0.6666666666666667
S4,MIDynamicEMATent,,,,,,,,,,0,64,64,1.0,0,0.0,0,0.0,1.0,1,0.0038100075908005238,0.0038100075908005238,0.025264937430620193,0.021454928442835808,0.9983814043897062,0.000475593333053624,0.001143002277240157,0.0004761375593682615,0.24384048581123352,0.0007620015181601046,0.0,0.02078290469944477,0.05,1.0,1.0,64.0,1.0,0.0,0.0,0.0,0.0,1.0,1.0,0.6666666666666667
S4,MIDynamicEMATent,,,,,,,,,,1,64,64,1.0,0,0.0,0,0.0,1.0,1,0.02596173994243145,0.02596173994243145,0.10713175684213638,0.08117002248764038,0.9885258565300227,0.0036856214872478896,0.007788521982729435,0.0037145523599594332,1.9053918421268463,0.005192347988486288,0.0,0.09808579832315445,0.05,1.0,1.0,64.0,1.0,0.0,0.0,0.0,0.0,1.0,1.0,0.6666666666666667
S4,MIDynamicEMATent,,,,,,,,,,2,64,64,1.0,0,0.0,0,0.0,1.0,1,0.1869584023952484,0.1869584023952484,0.8566188812255859,0.6696605086326599,0.9186839717677204,0.02522850751370505,0.05608752071857452,0.026727591876855805,13.870729595422745,0.03739168047904967,1.0,0.7374861240386963,0.05,1.0,1.0,18.0,0.28125,46.0,0.71875,0.0,0.0,0.71875,2.0,0.6666666666666667
S4,MIDynamicEMATent,,,,,,,,,,3,64,40,0.625,0,0.0,24,0.375,0.625,2,0.2030184417963028,0.2030184417963028,0.683864951133728,0.4808465540409088,0.8910918463730749,0.04800262108803419,0.06090553253889083,0.05111585974711552,26.863909870386124,0.04060368835926055,1.0,0.5947473049163818,0.05,1.0,1.0,0.0,0.0,40.0,0.625,24.0,0.375,0.625,2.0,0.2916666666666667
S4,MIDynamicEMATent,,,,,,,,,,4,64,0,0.0,13,0.203125,51,0.796875,0.796875,2,0.056066665798425674,0.056066665798425674,0.283334344625473,0.22726766765117645,0.9264085252903225,0.05677147497014981,0.0168199997395277,0.05774270729175679,30.452176481485367,0.011213333159685132,1.0,0.2720910906791687,0.05,1.0,1.0,0.0,0.0,63.0,0.984375,1.0,0.015625,0.984375,2.0,0.4635416666666667
S4,MIDynamicEMATent,,,,,,,,,,5,64,0,0.0,64,1.0,0,0.0,1.0,1,0.027077192440629005,0.027077192440629005,0.08442673832178116,0.0573495477437973,0.9314452315997986,0.06043161066801262,0.008123157732188701,0.06092652645246033,32.18511679768562,0.0054154384881258,0.0,0.0830240324139595,0.05,1.0,1.0,0.0,0.0,64.0,1.0,0.0,0.0,1.0,1.0,0.6666666666666667
S4,MIDynamicEMATent,,,,,,,,,,6,50,0,0.0,50,1.0,0,0.0,1.0,1,0.02502444013953209,0.02502444013953209,0.08499568700790405,0.059971246868371964,0.9297486454047974,0.06274402255334297,0.007507332041859626,0.06321862576821502,33.43633880466223,0.005004888027906417,0.0,0.10153712332248688,0.05,1.0,1.0,0.0,0.0,49.0,0.98,1.0,0.02,0.98,2.0,0.6666666666666667
S4,MIDynamicRelaxedAnchor,,,,,,,,,,0,64,64,1.0,0,0.0,0,0.0,1.0,1,0.025809286162257195,0.24458741920176985,0.10679704695940018,0.08098776638507843,0.7983153991434365,0.1038496331758555,0.09783496768070794,0.11511156989633942,15.65359482891327,0.04891748384035396,1.0,0.043054576963186264,0.0,1.0,1.0,64.0,1.0,0.0,0.0,0.0,0.0,1.0,1.0,0.6666666666666667
S4,MIDynamicRelaxedAnchor,,,,,,,,,,1,64,64,1.0,0,0.0,0,0.0,1.0,1,0.2139643281698227,0.5163065046543909,0.4470762610435486,0.2331119328737259,0.5423860915500757,0.251091306588168,0.20652260186175636,0.31644418250262696,48.697211126794286,0.10326130093087815,1.0,0.2672293186187744,0.0,1.0,1.0,54.0,0.84375,9.0,0.140625,1.0,0.015625,0.84375,3.0,0.6666666666666667
S4,MIDynamicRelaxedAnchor,,,,,,,,,,2,64,64,1.0,0,0.0,0,0.0,1.0,1,0.251438170671463,0.5512924974380641,0.9289647340774536,0.6775265336036682,0.4044538627633873,0.3750291382613871,0.22051699897522564,0.4811254867243314,83.9799309628304,0.1102584994876128,1.0,0.7467992901802063,0.0,1.0,1.0,16.0,0.25,46.0,0.71875,2.0,0.03125,0.71875,3.0,0.6666666666666667
S4,MIDynamicRelaxedAnchor,,,,,,,,,,3,64,40,0.625,0,0.0,24,0.375,0.625,2,0.1818075329065323,0.4837500510153597,0.7734935879707336,0.5916860699653625,0.3285653116950553,0.4779346678988008,0.1935000204061439,0.5926034469827055,114.93993422781341,0.09675001020307192,1.0,0.5878193378448486,0.0,1.0,1.0,0.0,0.0,37.0,0.578125,27.0,0.421875,0.578125,2.0,0.2916666666666667
S4,MIDynamicRelaxedAnchor,,,,,,,,,,4,64,0,0.0,13,0.203125,51,0.796875,0.796875,2,0.10807569324970245,0.39587381014929146,0.6978112459182739,0.5897355675697327,0.28131067824503697,0.5603397976952464,0.15834952405971658,0.6657630616429469,140.27585807736807,0.07917476202985828,1.0,0.5253905057907104,0.0,1.0,1.0,0.0,0.0,63.0,0.984375,1.0,0.015625,0.984375,2.0,0.4635416666666667
S4,MIDynamicRelaxedAnchor,,,,,,,,,,5,64,0,0.0,64,1.0,0,0.0,1.0,1,0.03518538922071457,0.26881991964451,0.3037104308605194,0.26852503418922424,0.2607807655417857,0.6316912666004102,0.10752796785780401,0.7077995095086229,157.4803329346167,0.05376398392890199,1.0,0.16303110122680664,0.0,1.0,1.0,0.0,0.0,64.0,1.0,0.0,0.0,1.0,1.0,0.6666666666666667
S4,MIDynamicRelaxedAnchor,,,,,,,,,,6,50,0,0.0,50,1.0,0,0.0,1.0,1,0.026514071971178055,0.2465482797464857,0.2350531369447708,0.20853906869888306,0.23920111007823935,0.6621795780231664,0.09861931189859428,0.7346280952811703,169.807746921941,0.04930965594929713,1.0,0.16055327653884888,0.0,1.0,1.0,0.0,0.0,50.0,1.0,0.0,0.0,1.0,1.0,0.6666666666666667
S5,EMATent,0.042312245815992355,0.042312245815992355,0.992756724357605,0.0,0.4873063262552023,0.5,0.012693673744797707,0.0,0.0,0,64,64,1.0,0,0.0,0,0.0,1.0,1,,,,,,,,,,,,,,,,,,,,,,,,
S5,EMATent,0.009105642326176167,0.009105642326176167,0.998808741569519,0.0,0.49726830730214716,0.5,0.0027316926978528497,0.0,0.0,1,64,64,1.0,0,0.0,0,0.0,1.0,1,,,,,,,,,,,,,,,,,,,,,,,,
S5,EMATent,0.29225242137908936,0.29225242137908936,0.9218935966491699,1.0,0.4123242735862732,0.5,0.0876757264137268,0.0,0.0,2,64,64,1.0,0,0.0,0,0.0,1.0,1,,,,,,,,,,,,,,,,,,,,,,,,
S5,EMATent,0.6069488525390625,0.6069488525390625,0.819819986820221,1.0,0.31791534423828127,0.5,0.18208465576171876,0.0,0.0,3,64,47,0.734375,0,0.0,17,0.265625,0.734375,2,,,,,,,,,,,,,,,,,,,,,,,,
S5,EMATent,0.6954334378242493,0.6954334378242493,0.8082517385482788,1.0,0.29136996865272524,0.5,0.20863003134727479,0.0,0.0,4,64,0,0.0,6,0.09375,58,0.90625,0.90625,2,,,,,,,,,,,,,,,,,,,,,,,,
S5,EMATent,0.4315375089645386,0.4315375089645386,0.8400960564613342,1.0,0.3705387473106384,0.5,0.12946125268936157,0.0,0.0,5,64,0,0.0,64,1.0,0,0.0,1.0,1,,,,,,,,,,,,,,,,,,,,,,,,
S5,EMATent,0.3803061246871948,0.3803061246871948,0.8889907598495483,1.0,0.38590816259384153,0.5,0.11409183740615844,0.0,0.0,6,59,0,0.0,59,1.0,0,0.0,1.0,1,,,,,,,,,,,,,,,,,,,,,,,,
S5,MIEMATentGateOnly,,,,,,,,,,0,64,64,1.0,0,0.0,0,0.0,1.0,1,0.012349491007626057,0.012349491007626057,0.042312245815992355,0.029962753877043724,0.4962951526977122,0.5,0.003704847302287817,,0.0,0.19999999999999996,0.0,0.027540892362594604,0.05,0.0,0.0,64.0,1.0,0.0,0.0,0.0,0.0,1.0,1.0,0.6666666666666667
S5,MIEMATentGateOnly,,,,,,,,,,1,64,64,1.0,0,0.0,0,0.0,1.0,1,0.0007352359825745225,0.0007352359825745225,0.006790847983211279,0.006055612117052078,0.49977942920522767,0.5,0.00022057079477235674,,0.0,0.19999999999999996,0.0,0.00982603058218956,0.05,0.0,0.0,64.0,1.0,0.0,0.0,0.0,0.0,1.0,1.0,0.6666666666666667
S5,MIEMATentGateOnly,,,,,,,,,,2,64,64,1.0,0,0.0,0,0.0,1.0,1,0.017837973311543465,0.017837973311543465,0.06182735413312912,0.043989378958940506,0.494648608006537,0.5,0.005351391993463039,,0.0,0.19999999999999996,0.0,0.2690027952194214,0.05,0.0,0.0,64.0,1.0,0.0,0.0,0.0,0.0,1.0,1.0,0.6666666666666667
S5,MIEMATentGateOnly,,,,,,,,,,3,64,47,0.734375,0,0.0,17,0.265625,0.734375,2,0.2604560852050781,0.2604560852050781,0.6540594100952148,0.3936033248901367,0.42186317443847654,0.5,0.07813682556152343,,0.0,0.19999999999999996,1.0,0.45227861404418945,0.05,0.0,0.0,4.0,0.0625,0.0,0.0,60.0,0.9375,0.9375,2.0,0.4010416666666667
S5,MIEMATentGateOnly,,,,,,,,,,4,64,0,0.0,6,0.09375,58,0.90625,0.90625,2,0.1779104322195053,0.1779104322195053,0.8904183506965637,0.7125079035758972,0.4466268703341484,0.5,0.053373129665851594,,0.0,0.19999999999999996,1.0,0.4645945429801941,0.05,0.0,0.0,0.0,0.0,20.0,0.3125,44.0,0.6875,0.6875,2.0,0.5729166666666667
S5,MIEMATentGateOnly,,,,,,,,,,5,64,0,0.0,64,1.0,0,0.0,1.0,1,0.10311585664749146,0.10311585664749146,0.7430105805397034,0.6398947238922119,0.4690652430057526,0.5,0.030934756994247435,,0.0,0.19999999999999996,1.0,0.49929043650627136,0.05,0.0,0.0,0.0,0.0,54.0,0.84375,10.0,0.15625,0.84375,2.0,0.6666666666666667
S5,MIEMATentGateOnly,,,,,,,,,,6,59,0,0.0,59,1.0,0,0.0,1.0,1,0.09772887825965881,0.09772887825965881,0.8747299909591675,0.7770010828971863,0.47068133652210237,0.5,0.029318663477897643,,0.0,0.19999999999999996,1.0,0.4413406252861023,0.05,0.0,0.0,1.0,0.01694915254237288,58.0,0.9830508474576272,0.0,0.0,0.9830508474576272,2.0,0.6666666666666667
S5,MIEMATentGateAware,,,,,,,,,,0,64,64,1.0,0,0.0,0,0.0,1.0,1,0.012349491007626057,0.012349491007626057,0.042312245815992355,0.029962753877043724,0.4962951526977122,0.5,0.003704847302287817,,0.0,0.002469898201525211,0.0,0.027540892362594604,0.05,1.0,0.0,64.0,1.0,0.0,0.0,0.0,0.0,1.0,1.0,0.6666666666666667
S5,MIEMATentGateAware,,,,,,,,,,1,64,64,1.0,0,0.0,0,0.0,1.0,1,0.0007352359825745225,0.0007352359825745225,0.006790847983211279,0.006055612117052078,0.49977942920522767,0.5,0.00022057079477235674,,0.0,0.00014704719651490448,0.0,0.0045371814630925655,0.05,1.0,0.0,64.0,1.0,0.0,0.0,0.0,0.0,1.0,1.0,0.6666666666666667
S5,MIEMATentGateAware,,,,,,,,,,2,64,64,1.0,0,0.0,0,0.0,1.0,1,0.017837973311543465,0.017837973311543465,0.06182735413312912,0.043989378958940506,0.494648608006537,0.5,0.005351391993463039,,0.0,0.003567594662308692,0.0,0.030980978161096573,0.05,1.0,0.0,64.0,1.0,0.0,0.0,0.0,0.0,1.0,1.0,0.6666666666666667
S5,MIEMATentGateAware,,,,,,,,,,3,64,47,0.734375,0,0.0,17,0.265625,0.734375,2,0.2604560852050781,0.2604560852050781,0.6540594100952148,0.3936033248901367,0.42186317443847654,0.5,0.07813682556152343,,0.0,0.05209121704101562,1.0,0.4126065671443939,0.05,1.0,0.0,47.0,0.734375,0.0,0.0,17.0,0.265625,0.734375,2.0,0.4010416666666667
S5,MIEMATentGateAware,,,,,,,,,,4,64,0,0.0,6,0.09375,58,0.90625,0.90625,2,0.17806197702884674,0.17806197702884674,0.8897585272789001,0.7116965651512146,0.44658140689134596,0.5,0.053418593108654024,,0.0,0.03561239540576934,1.0,0.8004177212715149,0.05,1.0,0.0,27.0,0.421875,8.0,0.125,29.0,0.453125,0.453125,3.0,0.5729166666666667
S5,MIEMATentGateAware,,,,,,,,,,5,64,0,0.0,64,1.0,0,0.0,1.0,1,0.10323934257030487,0.10323934257030487,0.7435919046401978,0.6403525471687317,0.46902819722890854,0.5,0.03097180277109146,,0.0,0.02064786851406097,1.0,0.6951464414596558,0.05,1.0,0.0,0.0,0.0,24.0,0.375,40.0,0.625,0.625,2.0,0.6666666666666667
S5,MIEMATentGateAware,,,,,,,,,,6,59,0,0.0,59,1.0,0,0.0,1.0,1,0.09796488285064697,0.09796488285064697,0.8755954504013062,0.7776305675506592,0.4706105351448059,0.5,0.02938946485519409,,0.0,0.01959297657012939,1.0,0.7699410319328308,0.05,1.0,0.0,3.0,0.05084745762711865,53.0,0.8983050847457628,3.0,0.05084745762711865,0.8983050847457628,3.0,0.6666666666666667
S5,MIDynamicEMATent,,,,,,,,,,0,64,64,1.0,0,0.0,0,0.0,1.0,1,0.012349491007626057,0.012349491007626057,0.042312245815992355,0.029962753877043724,0.9947583719030272,0.0015367807946850486,0.003704847302287817,0.0015424955049955225,0.7903674244880676,0.002469898201525211,0.0,0.027540896087884903,0.05,1.0,1.0,64.0,1.0,0.0,0.0,0.0,0.0,1.0,1.0,0.6666666666666667
S5,MIDynamicEMATent,,,,,,,,,,1,64,64,1.0,0,0.0,0,0.0,1.0,1,0.0007352359825745225,0.0007352359825745225,0.006790847983211279,0.006055612117052078,0.9981455356499689,0.0016338935552587363,0.00022057079477235674,0.0016342540239676628,0.8374225273728371,0.00014704719651490448,0.0,0.004495725966989994,0.05,1.0,1.0,64.0,1.0,0.0,0.0,0.0,0.0,1.0,1.0,0.6666666666666667
S5,MIDynamicEMATent,,,,,,,,,,2,64,64,1.0,0,0.0,0,0.0,1.0,1,0.017837973311543465,0.017837973311543465,0.06182735413312912,0.043989378958940506,0.9908113762807048,0.003837231725832187,0.005351391993463039,0.003857876736511723,1.9790528193116188,0.003567594662308692,0.0,0.03056841343641281,0.05,1.0,1.0,64.0,1.0,0.0,0.0,0.0,0.0,1.0,1.0,0.6666666666666667
S5,MIDynamicEMATent,,,,,,,,,,3,64,47,0.734375,0,0.0,17,0.265625,0.734375,2,0.2604560852050781,0.2604560852050781,0.6540594100952148,0.3936033248901367,0.8888908624057891,0.0329723120326875,0.07813682556152343,0.03576703457405328,18.64824227243662,0.05209121704101562,1.0,0.40863335132598877,0.05,1.0,1.0,47.0,0.734375,0.0,0.0,17.0,0.265625,0.734375,2.0,0.4010416666666667
S5,MIDynamicEMATent,,,,,,,,,,4,64,0,0.0,6,0.09375,58,0.90625,0.90625,2,0.17806202173233032,0.17806202173233032,0.8897576928138733,0.711695671081543,0.8926341943939046,0.053947199086396364,0.0534186065196991,0.05699161155920085,30.04421166330576,0.03561240434646606,1.0,0.7764935493469238,0.05,1.0,1.0,30.0,0.46875,6.0,0.09375,28.0,0.4375,0.46875,3.0,0.5729166666666667
S5,MIDynamicEMATent,,,,,,,,,,5,64,0,0.0,64,1.0,0,0.0,1.0,1,0.10324058681726456,0.10324058681726456,0.7435991764068604,0.640358567237854,0.9020844593419162,0.06694336461290452,0.030972176045179364,0.06908301594446853,36.65160921961069,0.020648117363452907,1.0,0.6903486251831055,0.05,1.0,1.0,0.0,0.0,21.0,0.328125,43.0,0.671875,0.671875,2.0,0.6666666666666667
S5,MIDynamicEMATent,,,,,,,,,,6,59,0,0.0,59,1.0,0,0.0,1.0,1,0.09796862304210663,0.09796862304210663,0.8756317496299744,0.7776631116867065,0.8934135788165647,0.0771958342708033,0.029390586912631987,0.07953336659414267,42.43175797909498,0.01959372460842132,1.0,0.8189166188240051,0.05,1.0,1.0,4.0,0.06779661016949153,48.0,0.8135593220338984,7.0,0.11864406779661017,0.8135593220338984,3.0,0.6666666666666667
S5,MIDynamicRelaxedAnchor,,,,,,,,,,0,64,64,1.0,0,0.0,0,0.0,1.0,1,0.11208570748567581,0.40131283255679207,0.27706268429756165,0.16497696936130524,0.6868528806098858,0.15262198636739732,0.16052513302271684,0.18180649876624289,25.684021283634692,0.0802625665113584,1.0,0.14489227533340454,0.0,1.0,1.0,63.0,0.984375,1.0,0.015625,0.0,0.0,0.984375,2.0,0.6666666666666667
S5,MIDynamicRelaxedAnchor,,,,,,,,,,1,64,64,1.0,0,0.0,0,0.0,1.0,1,0.0027823802083730698,0.14747344488008204,0.0346585251390934,0.03187614306807518,0.7151993312785873,0.22581129076937995,0.05898937795203282,0.2399667819667496,35.122321755959945,0.0294946889760164,1.0,0.00870584324002266,0.0,1.0,1.0,64.0,1.0,0.0,0.0,0.0,0.0,1.0,1.0,0.6666666666666667
S5,MIDynamicRelaxedAnchor,,,,,,,,,,2,64,64,1.0,0,0.0,0,0.0,1.0,1,0.07054699957370758,0.33904616636688223,0.23678675293922424,0.16623975336551666,0.5545173185723165,0.3098642148809307,0.13561846654675289,0.35848083616850046,56.82127640344041,0.06780923327337643,1.0,0.12305762618780136,0.0,1.0,1.0,64.0,1.0,0.0,0.0,0.0,0.0,1.0,1.0,0.6666666666666667
S5,MIDynamicRelaxedAnchor,,,,,,,,,,3,64,47,0.734375,0,0.0,17,0.265625,0.734375,2,0.31103914976119995,0.6019379556345306,0.7175899744033813,0.4065508544445038,0.36047144219729454,0.39875337554889323,0.24077518225381223,0.5252111973007161,95.34530556405036,0.12038759112690608,1.0,0.5492303967475891,0.0,1.0,1.0,43.0,0.671875,2.0,0.03125,19.0,0.296875,0.671875,3.0,0.4010416666666667
S5,MIDynamicRelaxedAnchor,,,,,,,,,,4,64,0,0.0,6,0.09375,58,0.90625,0.90625,2,0.2053067833185196,0.5077971241781885,0.9385661482810974,0.7332593202590942,0.2935129569315987,0.503368193397126,0.2031188496712754,0.6316728576017635,127.84432151145442,0.10155942483563767,1.0,0.7308844327926636,0.0,1.0,1.0,2.0,0.03125,16.0,0.25,46.0,0.71875,0.71875,3.0,0.5729166666666667
S5,MIDynamicRelaxedAnchor,,,,,,,,,,5,64,0,0.0,64,1.0,0,0.0,1.0,1,0.12800754606723785,0.42200327997469633,0.7892102599143982,0.6612027287483215,0.24791438370378469,0.5832843043063367,0.16880131198987855,0.701738721102546,154.85253142983498,0.08440065599493925,1.0,0.6458643674850464,0.0,1.0,1.0,0.0,0.0,36.0,0.5625,28.0,0.4375,0.5625,2.0,0.6666666666666667
S5,MIDynamicRelaxedAnchor,,,,,,,,,,6,59,0,0.0,59,1.0,0,0.0,1.0,1,0.09928185492753983,0.3835812096936383,0.8744556903839111,0.7751737833023071,0.21157881819098007,0.6349886979315646,0.15343248387745534,0.7500744900299801,177.48382280175963,0.07671624193872764,1.0,0.592005729675293,0.0,1.0,1.0,1.0,0.01694915254237288,55.0,0.9322033898305084,3.0,0.05084745762711865,0.9322033898305084,3.0,0.6666666666666667
S6,EMATent,0.06043564900755882,0.06043564900755882,0.989325225353241,0.0,0.48186930529773236,0.5,0.018130694702267646,0.0,0.0,0,64,64,1.0,0,0.0,0,0.0,1.0,1,,,,,,,,,,,,,,,,,,,,,,,,
S6,EMATent,0.08245626091957092,0.08245626091957092,0.9843129515647888,0.0,0.4752631217241287,0.5,0.024736878275871278,0.0,0.0,1,64,64,1.0,0,0.0,0,0.0,1.0,1,,,,,,,,,,,,,,,,,,,,,,,,
S6,EMATent,0.5600141882896423,0.5600141882896423,0.8510106205940247,1.0,0.33199574351310734,0.5,0.16800425648689268,0.0,0.0,2,64,64,1.0,0,0.0,0,0.0,1.0,1,,,,,,,,,,,,,,,,,,,,,,,,
S6,EMATent,0.852838933467865,0.852838933467865,0.8214836716651917,1.0,0.2441483199596405,0.5,0.25585168004035946,0.0,0.0,3,64,44,0.6875,20,0.3125,0,0.0,0.6875,2,,,,,,,,,,,,,,,,,,,,,,,,
S6,EMATent,0.7022824287414551,0.7022824287414551,0.6999104022979736,1.0,0.28931527137756347,0.5,0.2106847286224365,0.0,0.0,4,64,0,0.0,64,1.0,0,0.0,1.0,1,,,,,,,,,,,,,,,,,,,,,,,,
S6,EMATent,0.6407026648521423,0.6407026648521423,0.7423861026763916,1.0,0.3077892005443573,0.5,0.1922107994556427,0.0,0.0,5,64,0,0.0,46,0.71875,18,0.28125,0.71875,2,,,,,,,,,,,,,,,,,,,,,,,,
S6,EMATent,0.8401179313659668,0.8401179313659668,0.6597211956977844,1.0,0.24796462059020996,0.5,0.25203537940979004,0.0,0.0,6,57,0,0.0,0,0.0,57,1.0,1.0,1,,,,,,,,,,,,,,,,,,,,,,,,
S6,MIEMATentGateOnly,,,,,,,,,,0,64,64,1.0,0,0.0,0,0.0,1.0,1,0.00731620704755187,0.00731620704755187,0.06043564900755882,0.053119443356990814,0.49780513788573444,0.5,0.002194862114265561,,0.0,0.19999999999999996,0.0,0.052885424345731735,0.05,0.0,0.0,64.0,1.0,0.0,0.0,0.0,0.0,1.0,1.0,0.6666666666666667
S6,MIEMATentGateOnly,,,,,,,,,,1,64,64,1.0,0,0.0,0,0.0,1.0,1,0.007031618617475033,0.007031618617475033,0.06643027812242508,0.05939865857362747,0.4978905144147575,0.5,0.0021094855852425098,,0.0,0.19999999999999996,0.0,0.10515161603689194,0.05,0.0,0.0,64.0,1.0,0.0,0.0,0.0,0.0,1.0,1.0,0.6666666666666667
S6,MIEMATentGateOnly,,,,,,,,,,2,64,64,1.0,0,0.0,0,0.0,1.0,1,0.0616435669362545,0.0616435669362545,0.2139451503753662,0.1523015946149826,0.48150692991912364,0.5,0.01849307008087635,,0.0,0.19999999999999996,1.0,0.5558148622512817,0.05,0.0,0.0,51.0,0.796875,4.0,0.0625,9.0,0.140625,0.796875,3.0,0.6666666666666667
S6,MIEMATentGateOnly,,,,,,,,,,3,64,44,0.6875,20,0.3125,0,0.0,0.6875,2,0.38071903586387634,0.38071903586387634,0.7813969850540161,0.4006779193878174,0.3857842892408371,0.5,0.1142157107591629,,0.0,0.19999999999999996,1.0,0.48135706782341003,0.05,0.0,0.0,18.0,0.28125,13.0,0.203125,33.0,0.515625,0.515625,3.0,0.3541666666666667
S6,MIEMATentGateOnly,,,,,,,,,,4,64,0,0.0,64,1.0,0,0.0,1.0,1,0.12421998381614685,0.12421998381614685,0.8392679691314697,0.7150479555130005,0.4627340048551559,0.5,0.03726599514484406,,0.0,0.19999999999999996,1.0,0.6694055199623108,0.05,0.0,0.0,0.0,0.0,36.0,0.5625,28.0,0.4375,0.5625,2.0,0.6666666666666667
S6,MIEMATentGateOnly,,,,,,,,,,5,64,0,0.0,46,0.71875,18,0.28125,0.71875,2,0.10940813273191452,0.10940813273191452,0.569231390953064,0.45982325077056885,0.46717756018042567,0.5,0.032822439819574355,,0.0,0.19999999999999996,1.0,0.5897109508514404,0.05,0.0,0.0,0.0,0.0,23.0,0.359375,41.0,0.640625,0.640625,2.0,0.3854166666666667
S6,MIEMATentGateOnly,,,,,,,,,,6,57,0,0.0,0,0.0,57,1.0,1.0,1,0.18147674202919006,0.18147674202919006,0.8628789782524109,0.6814022064208984,0.445556977391243,0.5,0.05444302260875702,,0.0,0.19999999999999996,1.0,0.7338465452194214,0.05,0.0,0.0,3.0,0.05263157894736842,26.0,0.45614035087719296,28.0,0.49122807017543857,0.49122807017543857,3.0,0.6666666666666667
S6,MIEMATentGateAware,,,,,,,,,,0,64,64,1.0,0,0.0,0,0.0,1.0,1,0.00731620704755187,0.00731620704755187,0.06043564900755882,0.053119443356990814,0.49780513788573444,0.5,0.002194862114265561,,0.0,0.0014632414095103739,0.0,0.052885424345731735,0.05,1.0,0.0,64.0,1.0,0.0,0.0,0.0,0.0,1.0,1.0,0.6666666666666667
S6,MIEMATentGateAware,,,,,,,,,,1,64,64,1.0,0,0.0,0,0.0,1.0,1,0.007031618617475033,0.007031618617475033,0.06643027812242508,0.05939865857362747,0.4978905144147575,0.5,0.0021094855852425098,,0.0,0.0014063237234950062,0.0,0.05330030992627144,0.05,1.0,0.0,64.0,1.0,0.0,0.0,0.0,0.0,1.0,1.0,0.6666666666666667
S6,MIEMATentGateAware,,,,,,,,,,2,64,64,1.0,0,0.0,0,0.0,1.0,1,0.0616435669362545,0.0616435669362545,0.2139451503753662,0.1523015946149826,0.48150692991912364,0.5,0.01849307008087635,,0.0,0.012328713387250898,1.0,0.21987959742546082,0.05,1.0,0.0,62.0,0.96875,0.0,0.0,2.0,0.03125,0.96875,2.0,0.6666666666666667
S6,MIEMATentGateAware,,,,,,,,,,3,64,44,0.6875,20,0.3125,0,0.0,0.6875,2,0.38070401549339294,0.38070401549339294,0.7814109921455383,0.4007070064544678,0.38578879535198213,0.5,0.11421120464801787,,0.0,0.07614080309867857,1.0,0.4692356586456299,0.05,1.0,0.0,34.0,0.53125,2.0,0.03125,28.0,0.4375,0.53125,3.0,0.3541666666666667
S6,MIEMATentGateAware,,,,,,,,,,4,64,0,0.0,64,1.0,0,0.0,1.0,1,0.12429344654083252,0.12429344654083252,0.8393611311912537,0.7150676846504211,0.4627119660377502,0.5,0.03728803396224976,,0.0,0.0248586893081665,1.0,0.8124401569366455,0.05,1.0,0.0,1.0,0.015625,15.0,0.234375,48.0,0.75,0.75,3.0,0.6666666666666667
S6,MIEMATentGateAware,,,,,,,,,,5,64,0,0.0,46,0.71875,18,0.28125,0.71875,2,0.10938165336847305,0.10938165336847305,0.5688134431838989,0.45943179726600647,0.4671855039894581,0.5,0.03281449601054191,,0.0,0.021876330673694606,1.0,0.5794014930725098,0.05,1.0,0.0,0.0,0.0,9.0,0.140625,55.0,0.859375,0.859375,2.0,0.3854166666666667
S6,MIEMATentGateAware,,,,,,,,,,6,57,0,0.0,0,0.0,57,1.0,1.0,1,0.18151602149009705,0.18151602149009705,0.8626749515533447,0.6811589002609253,0.4455451935529709,0.5,0.05445480644702911,,0.0,0.0363032042980194,1.0,0.7956151366233826,0.05,1.0,0.0,3.0,0.05263157894736842,26.0,0.45614035087719296,28.0,0.49122807017543857,0.49122807017543857,3.0,0.6666666666666667
S6,MIDynamicEMATent,,,,,,,,,,0,64,64,1.0,0,0.0,0,0.0,1.0,1,0.00731620704755187,0.00731620704755187,0.06043564900755882,0.053119443356990814,0.9968930363967782,0.000912101488956233,0.002194862114265561,0.0009141078295997751,0.4682372510433197,0.0014632414095103739,0.0,0.052885428071022034,0.05,1.0,1.0,64.0,1.0,0.0,0.0,0.0,0.0,1.0,1.0,0.6666666666666667
S6,MIDynamicEMATent,,,,,,,,,,1,64,64,1.0,0,0.0,0,0.0,1.0,1,0.007031618617475033,0.007031618617475033,0.06643027812242508,0.05939865857362747,0.9961024234534357,0.0017880909613218296,0.0021094855852425098,0.0017918708871288436,0.9182608425617218,0.0014063237234950062,0.0,0.05306246131658554,0.05,1.0,1.0,64.0,1.0,0.0,0.0,0.0,0.0,1.0,1.0,0.6666666666666667
S6,MIDynamicEMATent,,,,,,,,,,2,64,64,1.0,0,0.0,0,0.0,1.0,1,0.0616435669362545,0.0616435669362545,0.2139451503753662,0.1523015946149826,0.9722278107078123,0.009279119211311419,0.01849307008087635,0.009453951804574645,4.86344912648201,0.012328713387250898,1.0,0.21819651126861572,0.05,1.0,1.0,62.0,0.96875,0.0,0.0,2.0,0.03125,0.96875,2.0,0.6666666666666667
S6,MIDynamicEMATent,,,,,,,,,,3,64,44,0.6875,20,0.3125,0,0.0,0.6875,2,0.38070589303970337,0.38070589303970337,0.7814124822616577,0.40070658922195435,0.8366373856625451,0.04915084642554392,0.11421176791191101,0.05548825853068684,29.228626281023026,0.07614117860794066,1.0,0.46711266040802,0.05,1.0,1.0,34.0,0.53125,2.0,0.03125,28.0,0.4375,0.53125,3.0,0.3541666666666667
S6,MIDynamicEMATent,,,,,,,,,,4,64,0,0.0,64,1.0,0,0.0,1.0,1,0.12428975105285645,0.12428975105285645,0.8393459320068359,0.7150561809539795,0.8952759890297244,0.06743708565441868,0.03728692531585693,0.07004899738849413,37.18317034840584,0.024857950210571283,1.0,0.7954437732696533,0.05,1.0,1.0,2.0,0.03125,9.0,0.140625,53.0,0.828125,0.828125,3.0,0.6666666666666667
S6,MIDynamicEMATent,,,,,,,,,,5,64,0,0.0,46,0.71875,18,0.28125,0.71875,2,0.10936950147151947,0.10936950147151947,0.568774938583374,0.45940545201301575,0.8872257979558557,0.07996335160268857,0.03281085044145584,0.08267602220226145,44.182818442583084,0.02187390029430389,1.0,0.54559725522995,0.05,1.0,1.0,0.0,0.0,7.0,0.109375,57.0,0.890625,0.890625,2.0,0.3854166666666667
S6,MIDynamicEMATent,,,,,,,,,,6,57,0,0.0,0,0.0,57,1.0,1.0,1,0.18152692914009094,0.18152692914009094,0.8626279830932617,0.6811010241508484,0.8500155172000913,0.09552640405788143,0.05445807874202728,0.10102820605858565,54.52985340356827,0.03630538582801818,1.0,0.7913123965263367,0.05,1.0,1.0,3.0,0.05263157894736842,16.0,0.2807017543859649,38.0,0.6666666666666666,0.6666666666666666,3.0,0.6666666666666667
S6,MIDynamicRelaxedAnchor,,,,,,,,,,0,64,64,1.0,0,0.0,0,0.0,1.0,1,0.01515879761427641,0.21080896203630775,0.15205499529838562,0.13689620792865753,0.8240725422242159,0.09160387296126103,0.08432358481452311,0.10003956795447877,13.491773570323696,0.04216179240726154,1.0,0.08113675564527512,0.0,1.0,1.0,64.0,1.0,0.0,0.0,0.0,0.0,1.0,1.0,0.6666666666666667
S6,MIDynamicRelaxedAnchor,,,,,,,,,,1,64,64,1.0,0,0.0,0,0.0,1.0,1,0.019619207829236984,0.22606172433249497,0.18887078762054443,0.16925159096717834,0.7310943018860714,0.17848100838093062,0.090424689732998,0.19622455267452044,27.959723927603374,0.045212344866498985,1.0,0.09198358654975891,0.0,1.0,1.0,64.0,1.0,0.0,0.0,0.0,0.0,1.0,1.0,0.6666666666666667
S6,MIDynamicRelaxedAnchor,,,,,,,,,,2,64,64,1.0,0,0.0,0,0.0,1.0,1,0.13870210945606232,0.43518458893482925,0.4815691411495209,0.34286704659461975,0.5340437383129064,0.29188242611316184,0.17407383557393172,0.35340014481317394,55.81153761943244,0.08703691778696583,1.0,0.413105309009552,0.0,1.0,1.0,59.0,0.921875,2.0,0.03125,3.0,0.046875,0.921875,3.0,0.6666666666666667
S6,MIDynamicRelaxedAnchor,,,,,,,,,,3,64,44,0.6875,20,0.3125,0,0.0,0.6875,2,0.48106643557548523,0.7242305766430727,0.8915614485740662,0.41049501299858093,0.31975511208434165,0.3905526572584292,0.2896922306572291,0.5498358234484713,102.1622945245891,0.1448461153286145,1.0,0.4525706171989441,0.0,1.0,1.0,30.0,0.46875,14.0,0.21875,20.0,0.3125,0.46875,3.0,0.3541666666666667
S6,MIDynamicRelaxedAnchor,,,,,,,,,,4,64,0,0.0,64,1.0,0,0.0,1.0,1,0.1106945052742958,0.39943705393985496,0.8359741568565369,0.7252796292304993,0.30976330467177293,0.530461873752285,0.159774821575942,0.6313329895055385,127.72626597673982,0.07988741078797097,1.0,0.759270191192627,0.0,1.0,1.0,0.0,0.0,24.0,0.375,40.0,0.625,0.625,2.0,0.6666666666666667
S6,MIDynamicRelaxedAnchor,,,,,,,,,,5,64,0,0.0,46,0.71875,18,0.28125,0.71875,2,0.11635557562112808,0.4069983978021934,0.6968883275985718,0.5805327296257019,0.2518171186055785,0.5853835222735441,0.16279935912087737,0.6992153298626815,153.7741634360802,0.08139967956043866,1.0,0.6471920013427734,0.0,1.0,1.0,0.0,0.0,21.0,0.328125,43.0,0.671875,0.671875,2.0,0.3854166666666667
S6,MIDynamicRelaxedAnchor,,,,,,,,,,6,57,0,0.0,0,0.0,57,1.0,1.0,1,0.1697935312986374,0.47085409577338677,0.8680458068847656,0.698252260684967,0.19795537933906665,0.6137029823515787,0.18834163830935471,0.7561099735032174,180.61284689516324,0.09417081915467733,1.0,0.7715569138526917,0.0,1.0,1.0,3.0,0.05263157894736842,27.0,0.47368421052631576,27.0,0.47368421052631576,0.47368421052631576,3.0,0.6666666666666667
S7,EMATent,0.054060570895671844,0.054060570895671844,0.9904893040657043,0.0,0.48378182873129844,0.5,0.016218171268701554,0.0,0.0,0,64,64,1.0,0,0.0,0,0.0,1.0,1,,,,,,,,,,,,,,,,,,,,,,,,
S7,EMATent,0.11279728263616562,0.11279728263616562,0.9755935072898865,0.0,0.4661608152091503,0.5,0.033839184790849686,0.0,0.0,1,64,64,1.0,0,0.0,0,0.0,1.0,1,,,,,,,,,,,,,,,,,,,,,,,,
S7,EMATent,0.11385467648506165,0.11385467648506165,0.9760887622833252,0.0,0.46584359705448153,0.5,0.03415640294551849,0.0,0.0,2,64,64,1.0,0,0.0,0,0.0,1.0,1,,,,,,,,,,,,,,,,,,,,,,,,
S7,EMATent,0.5263750553131104,0.5263750553131104,0.9080843925476074,1.0,0.3420874834060669,0.5,0.1579125165939331,0.0,0.0,3,64,45,0.703125,0,0.0,19,0.296875,0.703125,2,,,,,,,,,,,,,,,,,,,,,,,,
S7,EMATent,0.8845400810241699,0.8845400810241699,0.6962800025939941,1.0,0.23463797569274902,0.5,0.265362024307251,0.0,0.0,4,64,0,0.0,8,0.125,56,0.875,0.875,2,,,,,,,,,,,,,,,,,,,,,,,,
S7,EMATent,0.3821617662906647,0.3821617662906647,0.8833485245704651,1.0,0.3853514701128006,0.5,0.1146485298871994,0.0,0.0,5,64,0,0.0,64,1.0,0,0.0,1.0,1,,,,,,,,,,,,,,,,,,,,,,,,
S7,EMATent,0.18454605340957642,0.18454605340957642,0.9494243860244751,0.0,0.44463618397712706,0.5,0.05536381602287292,0.0,0.0,6,56,0,0.0,56,1.0,0,0.0,1.0,1,,,,,,,,,,,,,,,,,,,,,,,,
S7,MIEMATentGateOnly,,,,,,,,,,0,64,64,1.0,0,0.0,0,0.0,1.0,1,0.003926912322640419,0.003926912322640419,0.054060570895671844,0.050133660435676575,0.4988219263032079,0.5,0.0011780736967921257,,0.0,0.19999999999999996,0.0,0.05902843922376633,0.05,0.0,0.0,64.0,1.0,0.0,0.0,0.0,0.0,1.0,1.0,0.6666666666666667
S7,MIEMATentGateOnly,,,,,,,,,,1,64,64,1.0,0,0.0,0,0.0,1.0,1,0.009093438275158405,0.009093438275158405,0.08773524314165115,0.07864180952310562,0.4972719685174525,0.5,0.0027280314825475216,,0.0,0.19999999999999996,0.0,0.14665770530700684,0.05,0.0,0.0,64.0,1.0,0.0,0.0,0.0,0.0,1.0,1.0,0.6666666666666667
S7,MIEMATentGateOnly,,,,,,,,,,2,64,64,1.0,0,0.0,0,0.0,1.0,1,0.004435467068105936,0.004435467068105936,0.07515574991703033,0.07072027772665024,0.49866935987956823,0.5,0.0013306401204317808,,0.0,0.19999999999999996,0.0,0.21999803185462952,0.05,0.0,0.0,64.0,1.0,0.0,0.0,0.0,0.0,1.0,1.0,0.6666666666666667
S7,MIEMATentGateOnly,,,,,,,,,,3,64,45,0.703125,0,0.0,19,0.296875,0.703125,2,0.08520533889532089,0.08520533889532089,0.27949467301368713,0.19428932666778564,0.4744383983314037,0.5,0.02556160166859627,,0.0,0.19999999999999996,1.0,0.3262467384338379,0.05,0.0,0.0,45.0,0.703125,0.0,0.0,19.0,0.296875,0.703125,2.0,0.3697916666666667
S7,MIEMATentGateOnly,,,,,,,,,,4,64,0,0.0,8,0.125,56,0.875,0.875,2,0.1733654886484146,0.1733654886484146,0.6745040416717529,0.5011385083198547,0.4479903534054756,0.5,0.05200964659452438,,0.0,0.19999999999999996,1.0,0.6394335627555847,0.05,0.0,0.0,6.0,0.09375,8.0,0.125,50.0,0.78125,0.78125,3.0,0.5416666666666667
S7,MIEMATentGateOnly,,,,,,,,,,5,64,0,0.0,64,1.0,0,0.0,1.0,1,0.07876432687044144,0.07876432687044144,0.8418692350387573,0.7631049156188965,0.47637070193886755,0.5,0.02362929806113243,,0.0,0.19999999999999996,1.0,0.34805724024772644,0.05,0.0,0.0,0.0,0.0,61.0,0.953125,3.0,0.046875,0.953125,2.0,0.6666666666666667
S7,MIEMATentGateOnly,,,,,,,,,,6,56,0,0.0,56,1.0,0,0.0,1.0,1,0.034524351358413696,0.034524351358413696,0.5750599503517151,0.540535569190979,0.4896426945924759,0.5,0.010357305407524109,,0.0,0.19999999999999996,0.0,0.2067560851573944,0.05,0.0,0.0,0.0,0.0,56.0,1.0,0.0,0.0,1.0,1.0,0.6666666666666667
S7,MIEMATentGateAware,,,,,,,,,,0,64,64,1.0,0,0.0,0,0.0,1.0,1,0.003926912322640419,0.003926912322640419,0.054060570895671844,0.050133660435676575,0.4988219263032079,0.5,0.0011780736967921257,,0.0,0.0007853824645280836,0.0,0.05902843922376633,0.05,1.0,0.0,64.0,1.0,0.0,0.0,0.0,0.0,1.0,1.0,0.6666666666666667
S7,MIEMATentGateAware,,,,,,,,,,1,64,64,1.0,0,0.0,0,0.0,1.0,1,0.009093438275158405,0.009093438275158405,0.08773524314165115,0.07864180952310562,0.4972719685174525,0.5,0.0027280314825475216,,0.0,0.0018186876550316806,0.0,0.08192514628171921,0.05,1.0,0.0,64.0,1.0,0.0,0.0,0.0,0.0,1.0,1.0,0.6666666666666667
S7,MIEMATentGateAware,,,,,,,,,,2,64,64,1.0,0,0.0,0,0.0,1.0,1,0.004435467068105936,0.004435467068105936,0.07515574991703033,0.07072027772665024,0.49866935987956823,0.5,0.0013306401204317808,,0.0,0.000887093413621187,0.0,0.09164516627788544,0.05,1.0,0.0,64.0,1.0,0.0,0.0,0.0,0.0,1.0,1.0,0.6666666666666667
S7,MIEMATentGateAware,,,,,,,,,,3,64,45,0.703125,0,0.0,19,0.296875,0.703125,2,0.08520533889532089,0.08520533889532089,0.27949467301368713,0.19428932666778564,0.4744383983314037,0.5,0.02556160166859627,,0.0,0.017041067779064174,1.0,0.21634922921657562,0.05,1.0,0.0,62.0,0.96875,0.0,0.0,2.0,0.03125,0.96875,2.0,0.3697916666666667
S7,MIEMATentGateAware,,,,,,,,,,4,64,0,0.0,8,0.125,56,0.875,0.875,2,0.17336955666542053,0.17336955666542053,0.673664391040802,0.5002948045730591,0.44798913300037385,0.5,0.052010866999626156,,0.0,0.0346739113330841,1.0,0.5488988161087036,0.05,1.0,0.0,55.0,0.859375,8.0,0.125,1.0,0.015625,0.859375,3.0,0.5416666666666667
S7,MIEMATentGateAware,,,,,,,,,,5,64,0,0.0,64,1.0,0,0.0,1.0,1,0.0787150114774704,0.0787150114774704,0.842599630355835,0.7638846039772034,0.4763854965567589,0.5,0.02361450344324112,,0.0,0.015743002295494076,1.0,0.8194432854652405,0.05,1.0,0.0,0.0,0.0,41.0,0.640625,23.0,0.359375,0.640625,2.0,0.6666666666666667
S7,MIEMATentGateAware,,,,,,,,,,6,56,0,0.0,56,1.0,0,0.0,1.0,1,0.03444758430123329,0.03444758430123329,0.5746042728424072,0.5401566624641418,0.48966572470963,0.5,0.010334275290369987,,0.0,0.006889516860246657,0.0,0.533587634563446,0.05,1.0,0.0,0.0,0.0,56.0,1.0,0.0,0.0,1.0,1.0,0.6666666666666667
S7,MIDynamicEMATent,,,,,,,,,,0,64,64,1.0,0,0.0,0,0.0,1.0,1,0.003926912322640419,0.003926912322640419,0.054060570895671844,0.050133660435676575,0.9983317608490321,0.0004901654541757723,0.0011780736967921257,0.000490743586286646,0.2513223886489868,0.0007853824645280836,0.0,0.05902843177318573,0.05,1.0,1.0,64.0,1.0,0.0,0.0,0.0,0.0,1.0,1.0,0.6666666666666667
S7,MIDynamicEMATent,,,,,,,,,,1,64,64,1.0,0,0.0,0,0.0,1.0,1,0.009093438275158405,0.009093438275158405,0.08773524314165115,0.07864180952310562,0.99565018480355,0.0016217837139024356,0.0027280314825475216,0.0016262200935150961,0.8333024382591248,0.0018186876550316806,0.0,0.08175090700387955,0.05,1.0,1.0,64.0,1.0,0.0,0.0,0.0,0.0,1.0,1.0,0.6666666666666667
S7,MIDynamicEMATent,,,,,,,,,,2,64,64,1.0,0,0.0,0,0.0,1.0,1,0.004435467068105936,0.004435467068105936,0.07515574991703033,0.07072027772665024,0.9964926617142476,0.002176698165320585,0.0013306401204317808,0.002179598426433227,1.1171723306179047,0.000887093413621187,0.0,0.09113705158233643,0.05,1.0,1.0,64.0,1.0,0.0,0.0,0.0,0.0,1.0,1.0,0.6666666666666667
S7,MIDynamicEMATent,,,,,,,,,,3,64,45,0.703125,0,0.0,19,0.296875,0.703125,2,0.08520533889532089,0.08520533889532089,0.27949467301368713,0.19428932666778564,0.962013668287272,0.012424730044131785,0.02556160166859627,0.012750657266182741,6.570314019918442,0.017041067779064174,1.0,0.21498216688632965,0.05,1.0,1.0,62.0,0.96875,0.0,0.0,2.0,0.03125,0.96875,2.0,0.3697916666666667
S7,MIDynamicEMATent,,,,,,,,,,4,64,0,0.0,8,0.125,56,0.875,0.875,2,0.1733696162700653,0.1733696162700653,0.6736644506454468,0.5002948045730591,0.9158377073944791,0.0321514077245013,0.05201088488101959,0.03391537646554732,17.66596946120262,0.034673923254013056,1.0,0.5413859486579895,0.05,1.0,1.0,55.0,0.859375,8.0,0.125,1.0,0.015625,0.859375,3.0,0.5416666666666667
S7,MIDynamicEMATent,,,,,,,,,,5,64,0,0.0,64,1.0,0,0.0,1.0,1,0.07871495932340622,0.07871495932340622,0.8425998687744141,0.7638849020004272,0.9340353485408778,0.04235016366210035,0.023614487797021865,0.04337442857642104,22.70372685790062,0.01574299186468124,1.0,0.8535577654838562,0.05,1.0,1.0,0.0,0.0,33.0,0.515625,31.0,0.484375,0.515625,2.0,0.6666666666666667
S7,MIDynamicEMATent,,,,,,,,,,6,56,0,0.0,56,1.0,0,0.0,1.0,1,0.03445154428482056,0.03445154428482056,0.5746648907661438,0.5402133464813232,0.9431776751948837,0.04648686151967007,0.010335463285446166,0.046972342440394166,24.63301333785057,0.006890308856964109,0.0,0.5976542830467224,0.05,1.0,1.0,0.0,0.0,56.0,1.0,0.0,0.0,1.0,1.0,0.6666666666666667
S7,MIDynamicRelaxedAnchor,,,,,,,,,,0,64,64,1.0,0,0.0,0,0.0,1.0,1,0.016229063272476196,0.2146540066927699,0.17197564244270325,0.15574657917022705,0.821108269603099,0.09303012771979302,0.08586160267710796,0.10176809987660207,13.737856428337274,0.042930801338553974,1.0,0.09404393285512924,0.0,1.0,1.0,64.0,1.0,0.0,0.0,0.0,0.0,1.0,1.0,0.6666666666666667
S7,MIDynamicRelaxedAnchor,,,,,,,,,,1,64,64,1.0,0,0.0,0,0.0,1.0,1,0.015274319797754288,0.21123038719783804,0.1891118735074997,0.1738375574350357,0.7399160518762088,0.17559179324465599,0.08449215487913522,0.19179714753998034,27.25660120899891,0.0422460774395676,1.0,0.12003210186958313,0.0,1.0,1.0,64.0,1.0,0.0,0.0,0.0,0.0,1.0,1.0,0.6666666666666667
S7,MIDynamicRelaxedAnchor,,,,,,,,,,2,64,64,1.0,0,0.0,0,0.0,1.0,1,0.009913705289363861,0.1896108324053779,0.1757989227771759,0.16588521003723145,0.6793475926962401,0.24480807434160867,0.07584433296215116,0.2648991756186272,39.391694482943095,0.037922166481075575,1.0,0.1335659623146057,0.0,1.0,1.0,64.0,1.0,0.0,0.0,0.0,0.0,1.0,1.0,0.6666666666666667
S7,MIDynamicRelaxedAnchor,,,,,,,,,,3,64,45,0.703125,0,0.0,19,0.296875,0.703125,2,0.16070353984832764,0.46079061417551515,0.4542485773563385,0.29354503750801086,0.47622184359877107,0.33946191073102283,0.18431624567020607,0.4161685321414076,68.88229379017606,0.09215812283510301,1.0,0.33375462889671326,0.0,1.0,1.0,54.0,0.84375,0.0,0.0,10.0,0.15625,0.84375,2.0,0.3697916666666667
S7,MIDynamicRelaxedAnchor,,,,,,,,,,4,64,0,0.0,8,0.125,56,0.875,0.875,2,0.26803073287010193,0.5659451616067953,0.7434033155441284,0.4753725826740265,0.3403477188841171,0.4332742164731648,0.22637806464271815,0.5600593735402108,105.10278413301097,0.11318903232135903,1.0,0.6480990648269653,0.0,1.0,1.0,48.0,0.75,8.0,0.125,8.0,0.125,0.75,3.0,0.5416666666666667
S7,MIDynamicRelaxedAnchor,,,,,,,,,,5,64,0,0.0,64,1.0,0,0.0,1.0,1,0.10467111319303513,0.39117623818979197,0.9037743806838989,0.799103319644928,0.3051767937050159,0.5383527110190673,0.1564704952759168,0.6382144406379258,130.13806337715766,0.07823524763795837,1.0,0.650110125541687,0.0,1.0,1.0,0.0,0.0,54.0,0.84375,10.0,0.15625,0.84375,2.0,0.6666666666666667
S7,MIDynamicRelaxedAnchor,,,,,,,,,,6,56,0,0.0,56,1.0,0,0.0,1.0,1,0.03719090670347214,0.27356449645538816,0.7115497589111328,0.6743588447570801,0.2858531843245815,0.6047210170932632,0.10942579858215527,0.6790237311282014,145.4576751786594,0.05471289929107762,1.0,0.3760923743247986,0.0,1.0,1.0,0.0,0.0,56.0,1.0,0.0,0.0,1.0,1.0,0.6666666666666667
S8,EMATent,0.046477243304252625,0.046477243304252625,0.9921072721481323,0.0,0.4860568270087242,0.5,0.013943172991275787,0.0,0.0,0,64,64,1.0,0,0.0,0,0.0,1.0,1,,,,,,,,,,,,,,,,,,,,,,,,
S8,EMATent,0.9773402810096741,0.9773402810096741,0.6727362275123596,1.0,0.2067979156970978,0.5,0.29320208430290223,0.0,0.0,1,64,64,1.0,0,0.0,0,0.0,1.0,1,,,,,,,,,,,,,,,,,,,,,,,,
S8,EMATent,0.7571327090263367,0.7571327090263367,0.637954831123352,1.0,0.272860187292099,0.5,0.22713981270790098,0.0,0.0,2,64,64,1.0,0,0.0,0,0.0,1.0,1,,,,,,,,,,,,,,,,,,,,,,,,
S8,EMATent,0.9808162450790405,0.9808162450790405,0.6339928507804871,1.0,0.20575512647628785,0.5,0.29424487352371215,0.0,0.0,3,64,42,0.65625,0,0.0,22,0.34375,0.65625,2,,,,,,,,,,,,,,,,,,,,,,,,
S8,EMATent,0.8942054510116577,0.8942054510116577,0.74763423204422,1.0,0.2317383646965027,0.5,0.2682616353034973,0.0,0.0,4,64,0,0.0,12,0.1875,52,0.8125,0.8125,2,,,,,,,,,,,,,,,,,,,,,,,,
S8,EMATent,0.2080283910036087,0.2080283910036087,0.9450353384017944,1.0,0.4375914826989174,0.5,0.06240851730108261,0.0,0.0,5,64,0,0.0,64,1.0,0,0.0,1.0,1,,,,,,,,,,,,,,,,,,,,,,,,
S8,EMATent,0.32626527547836304,0.32626527547836304,0.8997600078582764,1.0,0.40212041735649107,0.5,0.0978795826435089,0.0,0.0,6,58,0,0.0,58,1.0,0,0.0,1.0,1,,,,,,,,,,,,,,,,,,,,,,,,
S8,MIEMATentGateOnly,,,,,,,,,,0,64,64,1.0,0,0.0,0,0.0,1.0,1,0.004126830026507378,0.004126830026507378,0.046477243304252625,0.042350415140390396,0.4987619509920478,0.5,0.0012380490079522133,,0.0,0.19999999999999996,0.0,0.062113501131534576,0.05,0.0,0.0,64.0,1.0,0.0,0.0,0.0,0.0,1.0,1.0,0.6666666666666667
S8,MIEMATentGateOnly,,,,,,,,,,1,64,64,1.0,0,0.0,0,0.0,1.0,1,0.2465064972639084,0.2465064972639084,0.8580747246742249,0.6115682125091553,0.4260480508208275,0.5,0.07395194917917251,,0.0,0.19999999999999996,1.0,0.6877369284629822,0.05,0.0,0.0,20.0,0.3125,22.0,0.34375,22.0,0.34375,0.34375,3.0,0.6666666666666667
S8,MIEMATentGateOnly,,,,,,,,,,2,64,64,1.0,0,0.0,0,0.0,1.0,1,0.09377540647983551,0.09377540647983551,0.8811404705047607,0.7873650789260864,0.47186737805604934,0.5,0.02813262194395065,,0.0,0.19999999999999996,1.0,0.7736622095108032,0.05,0.0,0.0,0.0,0.0,19.0,0.296875,45.0,0.703125,0.703125,2.0,0.6666666666666667
S8,MIEMATentGateOnly,,,,,,,,,,3,64,42,0.65625,0,0.0,22,0.34375,0.65625,2,0.23156693577766418,0.23156693577766418,0.9991504549980164,0.7675835490226746,0.43052991926670076,0.5,0.06947008073329926,,0.0,0.19999999999999996,1.0,0.8652545809745789,0.05,0.0,0.0,21.0,0.328125,7.0,0.109375,36.0,0.5625,0.5625,3.0,0.3229166666666667
S8,MIEMATentGateOnly,,,,,,,,,,4,64,0,0.0,12,0.1875,52,0.8125,0.8125,2,0.4238770306110382,0.4238770306110382,0.8312747478485107,0.40739771723747253,0.3728368908166886,0.5,0.12716310918331145,,0.0,0.19999999999999996,1.0,0.861548125743866,0.05,0.0,0.0,4.0,0.0625,55.0,0.859375,5.0,0.078125,0.859375,3.0,0.4791666666666667
S8,MIEMATentGateOnly,,,,,,,,,,5,64,0,0.0,64,1.0,0,0.0,1.0,1,0.06084401160478592,0.06084401160478592,0.1697361320257187,0.10889212042093277,0.4817467965185642,0.5,0.018253203481435776,,0.0,0.19999999999999996,1.0,0.30854880809783936,0.05,0.0,0.0,0.0,0.0,64.0,1.0,0.0,0.0,1.0,1.0,0.6666666666666667
S8,MIEMATentGateOnly,,,,,,,,,,6,58,0,0.0,58,1.0,0,0.0,1.0,1,0.0725414901971817,0.0725414901971817,0.19321636855602264,0.12067488580942154,0.47823755294084547,0.5,0.02176244705915451,,0.0,0.19999999999999996,1.0,0.44099318981170654,0.05,0.0,0.0,0.0,0.0,56.0,0.9655172413793104,2.0,0.034482758620689655,0.9655172413793104,2.0,0.6666666666666667
S8,MIEMATentGateAware,,,,,,,,,,0,64,64,1.0,0,0.0,0,0.0,1.0,1,0.004126830026507378,0.004126830026507378,0.046477243304252625,0.042350415140390396,0.4987619509920478,0.5,0.0012380490079522133,,0.0,0.0008253660053014753,0.0,0.062113501131534576,0.05,1.0,0.0,64.0,1.0,0.0,0.0,0.0,0.0,1.0,1.0,0.6666666666666667
S8,MIEMATentGateAware,,,,,,,,,,1,64,64,1.0,0,0.0,0,0.0,1.0,1,0.2465064972639084,0.2465064972639084,0.8580747246742249,0.6115682125091553,0.4260480508208275,0.5,0.07395194917917251,,0.0,0.049301299452781666,1.0,0.7032522559165955,0.05,1.0,0.0,39.0,0.609375,18.0,0.28125,7.0,0.109375,0.609375,3.0,0.6666666666666667
S8,MIEMATentGateAware,,,,,,,,,,2,64,64,1.0,0,0.0,0,0.0,1.0,1,0.09416571259498596,0.09416571259498596,0.8819622993469238,0.7877966165542603,0.4717502862215042,0.5,0.028249713778495788,,0.0,0.01883314251899719,1.0,0.8810120224952698,0.05,1.0,0.0,4.0,0.0625,23.0,0.359375,37.0,0.578125,0.578125,3.0,0.6666666666666667
S8,MIEMATentGateAware,,,,,,,,,,3,64,42,0.65625,0,0.0,22,0.34375,0.65625,2,0.2311830222606659,0.2311830222606659,0.999154269695282,0.7679712772369385,0.43064509332180023,0.5,0.06935490667819977,,0.0,0.04623660445213317,1.0,0.9443140029907227,0.05,1.0,0.0,20.0,0.3125,9.0,0.140625,35.0,0.546875,0.546875,3.0,0.3229166666666667
S8,MIEMATentGateAware,,,,,,,,,,4,64,0,0.0,12,0.1875,52,0.8125,0.8125,2,0.42385318875312805,0.42385318875312805,0.8309771418571472,0.40712398290634155,0.37284404337406163,0.5,0.1271559566259384,,0.0,0.08477063775062559,1.0,0.8472112417221069,0.05,1.0,0.0,7.0,0.109375,46.0,0.71875,11.0,0.171875,0.71875,3.0,0.4791666666666667
S8,MIEMATentGateAware,,,,,,,,,,5,64,0,0.0,64,1.0,0,0.0,1.0,1,0.06079323589801788,0.06079323589801788,0.16958676278591156,0.10879353433847427,0.48176202923059464,0.5,0.018237970769405365,,0.0,0.012158647179603573,1.0,0.19700491428375244,0.05,1.0,0.0,0.0,0.0,64.0,1.0,0.0,0.0,1.0,1.0,0.6666666666666667
S8,MIEMATentGateAware,,,,,,,,,,6,58,0,0.0,58,1.0,0,0.0,1.0,1,0.07249736785888672,0.07249736785888672,0.19304656982421875,0.12054920941591263,0.478250789642334,0.5,0.021749210357666016,,0.0,0.014499473571777341,1.0,0.220338836312294,0.05,1.0,0.0,0.0,0.0,58.0,1.0,0.0,0.0,1.0,1.0,0.6666666666666667
S8,MIDynamicEMATent,,,,,,,,,,0,64,64,1.0,0,0.0,0,0.0,1.0,1,0.004126830026507378,0.004126830026507378,0.046477243304252625,0.042350415140390396,0.9982468687559365,0.0005150822361113035,0.0012380490079522133,0.0005157207236415884,0.26411712169647217,0.0008253660053014753,0.0,0.06211349368095398,0.05,1.0,1.0,64.0,1.0,0.0,0.0,0.0,0.0,1.0,1.0,0.6666666666666667
S8,MIDynamicEMATent,,,,,,,,,,1,64,64,1.0,0,0.0,0,0.0,1.0,1,0.2465064972639084,0.2465064972639084,0.8580747246742249,0.6115682125091553,0.8974854945080781,0.028562556312749423,0.07395194917917251,0.03084349271879816,16.04053294658661,0.049301299452781666,1.0,0.7029409408569336,0.05,1.0,1.0,39.0,0.609375,18.0,0.28125,7.0,0.109375,0.609375,3.0,0.6666666666666667
S8,MIDynamicEMATent,,,,,,,,,,2,64,64,1.0,0,0.0,0,0.0,1.0,1,0.09416435658931732,0.09416435658931732,0.8819652199745178,0.7878009080886841,0.9307582461693091,0.04099244685389568,0.028249306976795195,0.0421841189805221,22.067051768302917,0.01883287131786346,1.0,0.8876006603240967,0.05,1.0,1.0,4.0,0.0625,28.0,0.4375,32.0,0.5,0.5,3.0,0.6666666666666667
S8,MIDynamicEMATent,,,,,,,,,,3,64,42,0.65625,0,0.0,22,0.34375,0.65625,2,0.23117998242378235,0.23117998242378235,0.9991545081138611,0.7679744958877563,0.8659972785813518,0.0646487266915135,0.0693539947271347,0.06946650641084362,36.86257064342499,0.04623599648475646,1.0,0.9538320302963257,0.05,1.0,1.0,18.0,0.28125,10.0,0.15625,36.0,0.5625,0.5625,3.0,0.3229166666666667
S8,MIDynamicEMATent,,,,,,,,,,4,64,0,0.0,12,0.1875,52,0.8125,0.8125,2,0.4238508343696594,0.4238508343696594,0.8309860229492188,0.40713515877723694,0.7702993010873087,0.10254544860179343,0.12715525031089783,0.11748417875953199,63.98902404308319,0.08477016687393187,1.0,0.8336879014968872,0.05,1.0,1.0,7.0,0.109375,43.0,0.671875,14.0,0.21875,0.671875,3.0,0.4791666666666667
S8,MIDynamicEMATent,,,,,,,,,,5,64,0,0.0,64,1.0,0,0.0,1.0,1,0.06079110503196716,0.06079110503196716,0.1695820838212967,0.10879097133874893,0.8598622024068479,0.12190046608356196,0.018237331509590147,0.12416490257365365,67.87965476512909,0.01215822100639343,1.0,0.15405651926994324,0.05,1.0,1.0,0.0,0.0,64.0,1.0,0.0,0.0,1.0,1.0,0.6666666666666667
S8,MIDynamicEMATent,,,,,,,,,,6,58,0,0.0,58,1.0,0,0.0,1.0,1,0.07249826192855835,0.07249826192855835,0.19304537773132324,0.12054711580276489,0.8497784340296465,0.12847208739178606,0.021749478578567506,0.13132841187256572,72.08455395698547,0.014499652385711667,1.0,0.17718680202960968,0.05,1.0,1.0,0.0,0.0,58.0,1.0,0.0,0.0,1.0,1.0,0.6666666666666667
S8,MIDynamicRelaxedAnchor,,,,,,,,,,0,64,64,1.0,0,0.0,0,0.0,1.0,1,0.018003618344664574,0.22075980647209692,0.15019334852695465,0.13218973577022552,0.8164182483035219,0.0952778291076393,0.08830392258883878,0.10450613035233058,14.128627614214203,0.044151961294419374,1.0,0.09886585175991058,0.0,1.0,1.0,64.0,1.0,0.0,0.0,0.0,0.0,1.0,1.0,0.6666666666666667
S8,MIDynamicRelaxedAnchor,,,,,,,,,,1,64,64,1.0,0,0.0,0,0.0,1.0,1,0.317558616399765,0.6071710552504053,0.9745520353317261,0.6569934487342834,0.5004819941577107,0.2566495837421272,0.24286842210016213,0.33897619810552904,52.98757515024014,0.12143421105008102,1.0,0.708339273929596,0.0,1.0,1.0,22.0,0.34375,16.0,0.25,26.0,0.40625,0.40625,3.0,0.6666666666666667
S8,MIDynamicRelaxedAnchor,,,,,,,,,,2,64,64,1.0,0,0.0,0,0.0,1.0,1,0.15012986958026886,0.4487193633281894,0.958020806312561,0.8078909516334534,0.43337514279663264,0.3871371118720916,0.17948774533127576,0.4718236804743341,81.70561440324425,0.08974387266563787,1.0,0.8913223147392273,0.0,1.0,1.0,9.0,0.140625,19.0,0.296875,36.0,0.5625,0.5625,3.0,0.6666666666666667
S8,MIDynamicRelaxedAnchor,,,,,,,,,,3,64,42,0.65625,0,0.0,22,0.34375,0.65625,2,0.1415347009897232,0.43858988142246047,0.9969698786735535,0.8554351925849915,0.349755649392724,0.47480839803829183,0.1754359525689842,0.575829615076705,109.77536681428172,0.08771797628449207,1.0,0.9312493205070496,0.0,1.0,1.0,24.0,0.375,9.0,0.140625,31.0,0.484375,0.484375,3.0,0.3229166666666667
S8,MIDynamicRelaxedAnchor,,,,,,,,,,4,64,0,0.0,12,0.1875,52,0.8125,0.8125,2,0.10720442235469818,0.3946787778366564,0.8986919522285461,0.7914875149726868,0.29323465536627774,0.5488938334990597,0.15787151113466258,0.6517934504728908,135.03480859582774,0.07893575556733126,1.0,0.8612889647483826,0.0,1.0,1.0,7.0,0.109375,49.0,0.765625,8.0,0.125,0.765625,3.0,0.4791666666666667
S8,MIDynamicRelaxedAnchor,,,,,,,,,,5,64,0,0.0,64,1.0,0,0.0,1.0,1,0.05709240213036537,0.3150461478975988,0.3990687429904938,0.3419763445854187,0.25997272950869327,0.6140088113322673,0.12601845915903953,0.7025420820003327,155.19776206127406,0.06300922957951975,1.0,0.35418450832366943,0.0,1.0,1.0,0.0,0.0,64.0,1.0,0.0,0.0,1.0,1.0,0.6666666666666667
S8,MIDynamicRelaxedAnchor,,,,,,,,,,6,58,0,0.0,58,1.0,0,0.0,1.0,1,0.06099948287010193,0.3222826604231256,0.39678478240966797,0.33578529953956604,0.2239056900822696,0.6471812457484802,0.12891306416925025,0.7429582733108812,173.89015636581536,0.06445653208462511,1.0,0.4182320237159729,0.0,1.0,1.0,0.0,0.0,57.0,0.9827586206896551,1.0,0.017241379310344827,0.9827586206896551,2.0,0.6666666666666667
S9,EMATent,0.04053409397602081,0.04053409397602081,0.9932560920715332,0.0,0.48783977180719373,0.5,0.012160228192806244,0.0,0.0,0,64,64,1.0,0,0.0,0,0.0,1.0,1,,,,,,,,,,,,,,,,,,,,,,,,
S9,EMATent,0.3267122507095337,0.3267122507095337,0.9025951623916626,1.0,0.4019863247871399,0.5,0.0980136752128601,0.0,0.0,1,64,64,1.0,0,0.0,0,0.0,1.0,1,,,,,,,,,,,,,,,,,,,,,,,,
S9,EMATent,0.3043893873691559,0.3043893873691559,0.9245911836624146,1.0,0.4086831837892533,0.5,0.09131681621074676,0.0,0.0,2,64,64,1.0,0,0.0,0,0.0,1.0,1,,,,,,,,,,,,,,,,,,,,,,,,
S9,EMATent,0.848183810710907,0.848183810710907,0.8771675825119019,1.0,0.2455448567867279,0.5,0.25445514321327206,0.0,0.0,3,64,44,0.6875,20,0.3125,0,0.0,0.6875,2,,,,,,,,,,,,,,,,,,,,,,,,
S9,EMATent,0.10151553899049759,0.10151553899049759,0.9772615432739258,0.0,0.4695453383028507,0.5,0.030454661697149277,0.0,0.0,4,64,0,0.0,64,1.0,0,0.0,1.0,1,,,,,,,,,,,,,,,,,,,,,,,,
S9,EMATent,0.06519316881895065,0.06519316881895065,0.9874209761619568,0.0,0.4804420493543148,0.5,0.019557950645685194,0.0,0.0,5,64,0,0.0,45,0.703125,19,0.296875,0.703125,2,,,,,,,,,,,,,,,,,,,,,,,,
S9,EMATent,0.1592286229133606,0.1592286229133606,0.9587222933769226,0.0,0.4522314131259918,0.5,0.04776858687400818,0.0,0.0,6,55,0,0.0,0,0.0,55,1.0,1.0,1,,,,,,,,,,,,,,,,,,,,,,,,
S9,MIEMATentGateOnly,,,,,,,,,,0,64,64,1.0,0,0.0,0,0.0,1.0,1,0.004213718697428703,0.004213718697428703,0.04053409397602081,0.03632037714123726,0.4987358843907714,0.5,0.001264115609228611,,0.0,0.19999999999999996,0.0,0.04877137765288353,0.05,0.0,0.0,64.0,1.0,0.0,0.0,0.0,0.0,1.0,1.0,0.6666666666666667
S9,MIEMATentGateOnly,,,,,,,,,,1,64,64,1.0,0,0.0,0,0.0,1.0,1,0.03720516338944435,0.03720516338944435,0.18475428223609924,0.147549107670784,0.4888384509831667,0.5,0.011161549016833305,,0.0,0.19999999999999996,0.0,0.3142547607421875,0.05,0.0,0.0,60.0,0.9375,0.0,0.0,4.0,0.0625,0.9375,2.0,0.6666666666666667
S9,MIEMATentGateOnly,,,,,,,,,,2,64,64,1.0,0,0.0,0,0.0,1.0,1,0.022902892902493477,0.022902892902493477,0.12207333743572235,0.09917044639587402,0.49312913212925197,0.5,0.006870867870748043,,0.0,0.19999999999999996,0.0,0.3889717757701874,0.05,0.0,0.0,63.0,0.984375,1.0,0.015625,0.0,0.0,0.984375,2.0,0.6666666666666667
S9,MIEMATentGateOnly,,,,,,,,,,3,64,44,0.6875,20,0.3125,0,0.0,0.6875,2,0.3883892595767975,0.3883892595767975,0.7122101187705994,0.3238208591938019,0.38348322212696073,0.5,0.11651677787303924,,0.0,0.19999999999999996,1.0,0.4859236478805542,0.05,0.0,0.0,29.0,0.453125,29.0,0.453125,6.0,0.09375,0.453125,3.0,0.3541666666666667
S9,MIEMATentGateOnly,,,,,,,,,,4,64,0,0.0,64,1.0,0,0.0,1.0,1,0.035804323852062225,0.035804323852062225,0.4208141565322876,0.38500985503196716,0.48925870284438133,0.5,0.010741297155618668,,0.0,0.19999999999999996,0.0,0.15133868157863617,0.05,0.0,0.0,0.0,0.0,64.0,1.0,0.0,0.0,1.0,1.0,0.6666666666666667
S9,MIEMATentGateOnly,,,,,,,,,,5,64,0,0.0,45,0.703125,19,0.296875,0.703125,2,0.02322988584637642,0.02322988584637642,0.2451818436384201,0.22195196151733398,0.4930310342460871,0.5,0.006968965753912926,,0.0,0.19999999999999996,0.0,0.1118941679596901,0.05,0.0,0.0,0.0,0.0,64.0,1.0,0.0,0.0,1.0,1.0,0.3697916666666667
S9,MIEMATentGateOnly,,,,,,,,,,6,55,0,0.0,0,0.0,55,1.0,1.0,1,0.017492609098553658,0.017492609098553658,0.20963911712169647,0.19214650988578796,0.4947522172704339,0.5,0.005247782729566097,,0.0,0.19999999999999996,0.0,0.29676303267478943,0.05,0.0,0.0,0.0,0.0,55.0,1.0,0.0,0.0,1.0,1.0,0.6666666666666667
S9,MIEMATentGateAware,,,,,,,,,,0,64,64,1.0,0,0.0,0,0.0,1.0,1,0.004213718697428703,0.004213718697428703,0.04053409397602081,0.03632037714123726,0.4987358843907714,0.5,0.001264115609228611,,0.0,0.0008427437394857405,0.0,0.04877137765288353,0.05,1.0,0.0,64.0,1.0,0.0,0.0,0.0,0.0,1.0,1.0,0.6666666666666667
S9,MIEMATentGateAware,,,,,,,,,,1,64,64,1.0,0,0.0,0,0.0,1.0,1,0.03720516338944435,0.03720516338944435,0.18475428223609924,0.147549107670784,0.4888384509831667,0.5,0.011161549016833305,,0.0,0.0074410326778888685,0.0,0.1673775017261505,0.05,1.0,0.0,63.0,0.984375,0.0,0.0,1.0,0.015625,0.984375,2.0,0.6666666666666667
S9,MIEMATentGateAware,,,,,,,,,,2,64,64,1.0,0,0.0,0,0.0,1.0,1,0.022902892902493477,0.022902892902493477,0.12207333743572235,0.09917044639587402,0.49312913212925197,0.5,0.006870867870748043,,0.0,0.004580578580498694,0.0,0.12596453726291656,0.05,1.0,0.0,64.0,1.0,0.0,0.0,0.0,0.0,1.0,1.0,0.6666666666666667
S9,MIEMATentGateAware,,,,,,,,,,3,64,44,0.6875,20,0.3125,0,0.0,0.6875,2,0.3883892595767975,0.3883892595767975,0.7122101187705994,0.3238208591938019,0.38348322212696073,0.5,0.11651677787303924,,0.0,0.07767785191535947,1.0,0.3679092228412628,0.05,1.0,0.0,42.0,0.65625,20.0,0.3125,2.0,0.03125,0.65625,3.0,0.3541666666666667
S9,MIEMATentGateAware,,,,,,,,,,4,64,0,0.0,64,1.0,0,0.0,1.0,1,0.03575405851006508,0.03575405851006508,0.42024683952331543,0.38449278473854065,0.4892737824469805,0.5,0.010726217553019524,,0.0,0.0071508117020130145,0.0,0.39124011993408203,0.05,1.0,0.0,0.0,0.0,63.0,0.984375,1.0,0.015625,0.984375,2.0,0.6666666666666667
S9,MIEMATentGateAware,,,,,,,,,,5,64,0,0.0,45,0.703125,19,0.296875,0.703125,2,0.023199759423732758,0.023199759423732758,0.24477486312389374,0.22157509624958038,0.49304007217288015,0.5,0.006959927827119827,,0.0,0.00463995188474655,0.0,0.2383408546447754,0.05,1.0,0.0,0.0,0.0,64.0,1.0,0.0,0.0,1.0,1.0,0.3697916666666667
S9,MIEMATentGateAware,,,,,,,,,,6,55,0,0.0,0,0.0,55,1.0,1.0,1,0.017468519508838654,0.017468519508838654,0.20936407148838043,0.19189554452896118,0.4947594441473484,0.5,0.005240555852651596,,0.0,0.00349370390176773,0.0,0.2492339015007019,0.05,1.0,0.0,0.0,0.0,55.0,1.0,0.0,0.0,1.0,1.0,0.6666666666666667
S9,MIDynamicEMATent,,,,,,,,,,0,64,64,1.0,0,0.0,0,0.0,1.0,1,0.004213718697428703,0.004213718697428703,0.04053409397602081,0.03632037714123726,0.9982099738966288,0.000525910494142597,0.001264115609228611,0.0005265761472698083,0.269677996635437,0.0008427437394857405,0.0,0.04877138137817383,0.05,1.0,1.0,64.0,1.0,0.0,0.0,0.0,0.0,1.0,1.0,0.6666666666666667
S9,MIDynamicEMATent,,,,,,,,,,1,64,64,1.0,0,0.0,0,0.0,1.0,1,0.03720516338944435,0.03720516338944435,0.18475428223609924,0.147549107670784,0.9837321081771114,0.00510634280605523,0.011161549016833305,0.005163980831224935,2.6508084535598755,0.0074410326778888685,0.0,0.166893869638443,0.05,1.0,1.0,63.0,0.984375,0.0,0.0,1.0,0.015625,0.984375,2.0,0.6666666666666667
S9,MIDynamicEMATent,,,,,,,,,,2,64,64,1.0,0,0.0,0,0.0,1.0,1,0.022902892902493477,0.022902892902493477,0.12207333743572235,0.09917044639587402,0.9851761681983499,0.007952963930902026,0.006870867870748043,0.008007985742851997,4.116593599319458,0.004580578580498694,0.0,0.12298023700714111,0.05,1.0,1.0,64.0,1.0,0.0,0.0,0.0,0.0,1.0,1.0,0.6666666666666667
S9,MIDynamicEMATent,,,,,,,,,,3,64,44,0.6875,20,0.3125,0,0.0,0.6875,2,0.3883892595767975,0.3883892595767975,0.7122101187705994,0.3238208591938019,0.8348761763208289,0.04860704580613189,0.11651677787303924,0.05501750863939647,28.973506212234497,0.07767785191535947,1.0,0.36752253770828247,0.05,1.0,1.0,42.0,0.65625,20.0,0.3125,2.0,0.03125,0.65625,3.0,0.3541666666666667
S9,MIDynamicEMATent,,,,,,,,,,4,64,0,0.0,64,1.0,0,0.0,1.0,1,0.03575454652309418,0.03575454652309418,0.4202519357204437,0.38449737429618835,0.9306774624825781,0.05859617356049368,0.010726363956928253,0.05923151231935031,31.261797189712524,0.007150909304618834,0.0,0.4229661524295807,0.05,1.0,1.0,0.0,0.0,63.0,0.984375,1.0,0.015625,0.984375,2.0,0.6666666666666667
S9,MIDynamicEMATent,,,,,,,,,,5,64,0,0.0,45,0.703125,19,0.296875,0.703125,2,0.023200059309601784,0.023200059309601784,0.24477820098400116,0.22157813608646393,0.9315153998702967,0.061524582336822675,0.006960017792880535,0.0619557957778083,32.74660098552704,0.004640011861920356,0.0,0.2638803720474243,0.05,1.0,1.0,0.0,0.0,64.0,1.0,0.0,0.0,1.0,1.0,0.3697916666666667
S9,MIDynamicEMATent,,,,,,,,,,6,55,0,0.0,0,0.0,55,1.0,1.0,1,0.017468981444835663,0.017468981444835663,0.20936770737171173,0.19189871847629547,0.931378780716791,0.06338052484975831,0.005240694433450699,0.06371443272265842,33.707394964993,0.003493796288967132,0.0,0.2598133385181427,0.05,1.0,1.0,0.0,0.0,55.0,1.0,0.0,0.0,1.0,1.0,0.6666666666666667
S9,MIDynamicRelaxedAnchor,,,,,,,,,,0,64,64,1.0,0,0.0,0,0.0,1.0,1,0.028645770624279976,0.25232555335749407,0.16317467391490936,0.13452890515327454,0.7925042534482597,0.10656552520874264,0.10093022134299763,0.11852864787416872,16.14883541487962,0.0504651106714988,1.0,0.08920976519584656,0.0,1.0,1.0,64.0,1.0,0.0,0.0,0.0,0.0,1.0,1.0,0.6666666666666667
S9,MIDynamicRelaxedAnchor,,,,,,,,,,1,64,64,1.0,0,0.0,0,0.0,1.0,1,0.13029740750789642,0.4248705897452032,0.41349154710769653,0.2831941545009613,0.5916350609384715,0.23841670316344718,0.16994823589808128,0.2872311263881284,43.340553158572625,0.08497411794904063,1.0,0.3056405484676361,0.0,1.0,1.0,61.0,0.953125,0.0,0.0,3.0,0.046875,0.953125,2.0,0.6666666666666667
S9,MIDynamicRelaxedAnchor,,,,,,,,,,2,64,64,1.0,0,0.0,0,0.0,1.0,1,0.0799204483628273,0.3544318438676458,0.3050892949104309,0.2251688539981842,0.5123740606939879,0.34585320175895373,0.14177273754705833,0.40298556907928285,66.02419116610196,0.07088636877352915,1.0,0.288167268037796,0.0,1.0,1.0,63.0,0.984375,1.0,0.015625,0.0,0.0,0.984375,2.0,0.6666666666666667
S9,MIDynamicRelaxedAnchor,,,,,,,,,,3,64,44,0.6875,20,0.3125,0,0.0,0.6875,2,0.46324074268341064,0.7125561211624307,0.8237316608428955,0.36049094796180725,0.2989149520664393,0.4160625994685883,0.2850224484649723,0.5819240038730151,111.62778292049752,0.1425112242324861,1.0,0.41925472021102905,0.0,1.0,1.0,37.0,0.578125,23.0,0.359375,4.0,0.0625,0.578125,3.0,0.3541666666666667
S9,MIDynamicRelaxedAnchor,,,,,,,,,,4,64,0,0.0,64,1.0,0,0.0,1.0,1,0.06611939519643784,0.33142322724634765,0.6606425642967224,0.5945231318473816,0.30727157531804056,0.5601591337834203,0.13256929089853906,0.6457681609677715,132.83886946426378,0.06628464544926951,1.0,0.33856886625289917,0.0,1.0,1.0,0.0,0.0,62.0,0.96875,2.0,0.03125,0.96875,2.0,0.6666666666666667
S9,MIDynamicRelaxedAnchor,,,,,,,,,,5,64,0,0.0,45,0.703125,19,0.296875,0.703125,2,0.05103621631860733,0.30332076927375606,0.5486764907836914,0.4976402521133423,0.26745391582735983,0.6112177764631378,0.12132830770950243,0.6956156455545208,152.25139869778417,0.0606641538547512,1.0,0.2278374284505844,0.0,1.0,1.0,0.0,0.0,64.0,1.0,0.0,0.0,1.0,1.0,0.3697916666666667
S9,MIDynamicRelaxedAnchor,,,,,,,,,,6,55,0,0.0,0,0.0,55,1.0,1.0,1,0.022852260619401932,0.23605267767197957,0.39278870820999146,0.369936466217041,0.24905692938275756,0.6565219995484506,0.09442107106879183,0.7249749067409264,165.23429596974304,0.0472105355343959,1.0,0.2700009047985077,0.0,1.0,1.0,0.0,0.0,55.0,1.0,0.0,0.0,1.0,1.0,0.6666666666666667
