Subject,Method,raw_gate,effective_gate,confidence,updated,effective_source_weight,effective_ema_weight,effective_batch_weight,probe_gate,min_gate,batch_index,batch_size,true_class_0_count,true_class_0_ratio,true_class_1_count,true_class_1_ratio,true_class_2_count,true_class_2_ratio,true_max_class_ratio,true_num_present_classes,g_mi,effective_mi_gate,diversity_norm,sample_entropy_norm,w_source,w_ema,w_batch,rho,n_eff,alpha,entropy_updated,loss_entropy,gate_threshold,gate_aware_ema,dynamic_mixture_weights,pred_class_0_count,pred_class_0_ratio,pred_class_1_count,pred_class_1_ratio,pred_class_2_count,pred_class_2_ratio,pred_max_class_ratio,pred_num_present_classes,true_imbalance,dua_momentum,rotta_memory_occupancy,note_memory_occupancy,note_updated,note_loss,delta_loss,delta_used_samples
S10,EMATent,0.1306767761707306,0.1306767761707306,0.9728370308876038,0.0,0.4607969671487808,0.5,0.03920303285121918,0.0,0.0,0,64,64,1.0,0,0.0,0,0.0,1.0,1,,,,,,,,,,,,,,,,,,,,,,,,,,,,,,,
S10,EMATent,0.8759254217147827,0.8759254217147827,0.64501953125,1.0,0.23722237348556519,0.5,0.2627776265144348,0.0,0.0,1,64,64,1.0,0,0.0,0,0.0,1.0,1,,,,,,,,,,,,,,,,,,,,,,,,,,,,,,,
S10,EMATent,0.87811279296875,0.87811279296875,0.6101438403129578,1.0,0.236566162109375,0.5,0.26343383789062497,0.0,0.0,2,64,64,1.0,0,0.0,0,0.0,1.0,1,,,,,,,,,,,,,,,,,,,,,,,,,,,,,,,
S10,EMATent,0.8425609469413757,0.8425609469413757,0.7799001336097717,1.0,0.2472317159175873,0.5,0.2527682840824127,0.0,0.0,3,64,44,0.6875,0,0.0,20,0.3125,0.6875,2,,,,,,,,,,,,,,,,,,,,,,,,,,,,,,,
S10,EMATent,0.12073220312595367,0.12073220312595367,0.9737064242362976,0.0,0.4637803390622139,0.5,0.0362196609377861,0.0,0.0,4,64,0,0.0,9,0.140625,55,0.859375,0.859375,2,,,,,,,,,,,,,,,,,,,,,,,,,,,,,,,
S10,EMATent,0.656814694404602,0.656814694404602,0.7484496831893921,1.0,0.3029555916786194,0.5,0.19704440832138062,0.0,0.0,5,64,0,0.0,64,1.0,0,0.0,1.0,1,,,,,,,,,,,,,,,,,,,,,,,,,,,,,,,
S10,EMATent,0.6723991632461548,0.6723991632461548,0.6535634398460388,1.0,0.2982802510261536,0.5,0.20171974897384642,0.0,0.0,6,64,0,0.0,64,1.0,0,0.0,1.0,1,,,,,,,,,,,,,,,,,,,,,,,,,,,,,,,
S10,EMATent,0.6890920400619507,0.6890920400619507,0.6555571556091309,1.0,0.2932723879814148,0.5,0.2067276120185852,0.0,0.0,7,8,0,0.0,8,1.0,0,0.0,1.0,1,,,,,,,,,,,,,,,,,,,,,,,,,,,,,,,
S10,DynaMixEMATent,,,,,,,,,,0,64,64,1.0,0,0.0,0,0.0,1.0,1,0.02514992468059063,0.1306767761707306,0.1306767761707306,0.10552685707807541,0.9000269668894275,0.060770000259353266,0.03920303285121918,0.06324957544328191,8.363313674926758,0.19999999999999996,0.0,0.1214509904384613,0.2,0.0,1.0,64.0,1.0,0.0,0.0,0.0,0.0,1.0,1.0,0.6666666666666667,,,,,,,
S10,DynaMixEMATent,,,,,,,,,,1,64,64,1.0,0,0.0,0,0.0,1.0,1,0.09044493734836578,0.6424402594566345,0.6424402594566345,0.5519953370094299,0.5484505348616188,0.25881738730139087,0.19273207783699034,0.3206090322626848,49.47949028015137,0.19999999999999996,1.0,0.9747902154922485,0.2,0.0,1.0,24.0,0.375,36.0,0.5625,4.0,0.0625,0.5625,3.0,0.6666666666666667,,,,,,,
S10,DynaMixEMATent,,,,,,,,,,2,64,64,1.0,0,0.0,0,0.0,1.0,1,0.12087015062570572,0.8703261613845825,0.8703261613845825,0.749455988407135,0.3248761091894649,0.41402604239516033,0.26109784841537476,0.5603259396487799,105.18036460876465,0.19999999999999996,1.0,0.9025073051452637,0.2,0.0,1.0,7.0,0.109375,47.0,0.734375,10.0,0.15625,0.734375,3.0,0.6666666666666667,,,,,,,
S10,DynaMixEMATent,,,,,,,,,,3,64,44,0.6875,0,0.0,20,0.3125,0.6875,2,0.488081693649292,0.9917150139808655,0.9917150139808655,0.5036333203315735,0.18811352725613092,0.5143719685496094,0.2975145041942596,0.7322172082138614,168.65012550354004,0.19999999999999996,1.0,0.5730785131454468,0.2,0.0,1.0,0.0,0.0,42.0,0.65625,22.0,0.34375,0.65625,2.0,0.3541666666666667,,,,,,,
S10,DynaMixEMATent,,,,,,,,,,4,64,0,0.0,9,0.140625,55,0.859375,0.859375,2,0.019186651334166527,0.1381673663854599,0.1381673663854599,0.11898070573806763,0.23954917474086146,0.7190006153435006,0.04145020991563797,0.7500920899270358,177.49283695220947,0.19999999999999996,0.0,0.1634790301322937,0.2,0.0,1.0,0.0,0.0,0.0,0.0,64.0,1.0,1.0,1.0,0.5260416666666667,,,,,,,
S10,DynaMixEMATent,,,,,,,,,,5,64,0,0.0,64,1.0,0,0.0,1.0,1,0.04823337495326996,0.43386411666870117,0.43386411666870117,0.38563072681427,0.17498763584915933,0.6948531291502303,0.13015923500061036,0.7988279661171294,205.26014041900635,0.19999999999999996,1.0,0.4812506437301636,0.2,0.0,1.0,0.0,0.0,56.0,0.875,8.0,0.125,0.875,2.0,0.6666666666666667,,,,,,,
S10,DynaMixEMATent,,,,,,,,,,6,64,0,0.0,64,1.0,0,0.0,1.0,1,0.04127214476466179,0.45298507809638977,0.45298507809638977,0.4117129147052765,0.138601969606394,0.725502506964689,0.13589552342891692,0.8396004495238923,234.2511854171753,0.19999999999999996,1.0,0.5681342482566833,0.2,0.0,1.0,0.0,0.0,61.0,0.953125,3.0,0.046875,0.953125,2.0,0.6666666666666667,,,,,,,
S10,DynaMixEMATent,,,,,,,,,,7,8,0,0.0,8,1.0,0,0.0,1.0,1,0.036713358014822006,0.420781672000885,0.420781672000885,0.3840683102607727,0.13651381122137404,0.7372516871783604,0.1262345016002655,0.8437637884862775,237.61743879318237,0.19999999999999996,1.0,0.5890363454818726,0.2,0.0,1.0,0.0,0.0,8.0,1.0,0.0,0.0,1.0,1.0,0.6666666666666667,,,,,,,
S10,TEMA,,,,,,,,,,0,64,64,1.0,0,0.0,0,0.0,1.0,1,,,,,,,,,,,,,,,,,,,,,,,,,,,,,,,
S10,TEMA,,,,,,,,,,1,64,64,1.0,0,0.0,0,0.0,1.0,1,,,,,,,,,,,,,,,,,,,,,,,,,,,,,,,
S10,TEMA,,,,,,,,,,2,64,64,1.0,0,0.0,0,0.0,1.0,1,,,,,,,,,,,,,,,,,,,,,,,,,,,,,,,
S10,TEMA,,,,,,,,,,3,64,44,0.6875,0,0.0,20,0.3125,0.6875,2,,,,,,,,,,,,,,,,,,,,,,,,,,,,,,,
S10,TEMA,,,,,,,,,,4,64,0,0.0,9,0.140625,55,0.859375,0.859375,2,,,,,,,,,,,,,,,,,,,,,,,,,,,,,,,
S10,TEMA,,,,,,,,,,5,64,0,0.0,64,1.0,0,0.0,1.0,1,,,,,,,,,,,,,,,,,,,,,,,,,,,,,,,
S10,TEMA,,,,,,,,,,6,64,0,0.0,64,1.0,0,0.0,1.0,1,,,,,,,,,,,,,,,,,,,,,,,,,,,,,,,
S10,TEMA,,,,,,,,,,7,8,0,0.0,8,1.0,0,0.0,1.0,1,,,,,,,,,,,,,,,,,,,,,,,,,,,,,,,
S10,DUA,,,,,,,,,,0,64,64,1.0,0,0.0,0,0.0,1.0,1,,,,,,,,,,,,,,,,,,,,,,,,,0.099,,,,,,
S10,DUA,,,,,,,,,,1,64,64,1.0,0,0.0,0,0.0,1.0,1,,,,,,,,,,,,,,,,,,,,,,,,,0.09336,,,,,,
S10,DUA,,,,,,,,,,2,64,64,1.0,0,0.0,0,0.0,1.0,1,,,,,,,,,,,,,,,,,,,,,,,,,0.0880584,,,,,,
S10,DUA,,,,,,,,,,3,64,44,0.6875,0,0.0,20,0.3125,0.6875,2,,,,,,,,,,,,,,,,,,,,,,,,,0.083074896,,,,,,
S10,DUA,,,,,,,,,,4,64,0,0.0,9,0.140625,55,0.859375,0.859375,2,,,,,,,,,,,,,,,,,,,,,,,,,0.07839040223999999,,,,,,
S10,DUA,,,,,,,,,,5,64,0,0.0,64,1.0,0,0.0,1.0,1,,,,,,,,,,,,,,,,,,,,,,,,,0.07398697810559998,,,,,,
S10,DUA,,,,,,,,,,6,64,0,0.0,64,1.0,0,0.0,1.0,1,,,,,,,,,,,,,,,,,,,,,,,,,0.06984775941926398,,,,,,
S10,DUA,,,,,,,,,,7,8,0,0.0,8,1.0,0,0.0,1.0,1,,,,,,,,,,,,,,,,,,,,,,,,,0.06595689385410813,,,,,,
S10,RoTTA,,,,,,,,,,0,64,64,1.0,0,0.0,0,0.0,1.0,1,,,,,,,,,,,,,,,,,,,,,,,,,,52.0,,,,,
S10,RoTTA,,,,,,,,,,1,64,64,1.0,0,0.0,0,0.0,1.0,1,,,,,,,,,,,,,,,,,,,,,,,,,,65.0,,,,,
S10,RoTTA,,,,,,,,,,2,64,64,1.0,0,0.0,0,0.0,1.0,1,,,,,,,,,,,,,,,,,,,,,,,,,,66.0,,,,,
S10,RoTTA,,,,,,,,,,3,64,44,0.6875,0,0.0,20,0.3125,0.6875,2,,,,,,,,,,,,,,,,,,,,,,,,,,66.0,,,,,
S10,RoTTA,,,,,,,,,,4,64,0,0.0,9,0.140625,55,0.859375,0.859375,2,,,,,,,,,,,,,,,,,,,,,,,,,,66.0,,,,,
S10,RoTTA,,,,,,,,,,5,64,0,0.0,64,1.0,0,0.0,1.0,1,,,,,,,,,,,,,,,,,,,,,,,,,,66.0,,,,,
S10,RoTTA,,,,,,,,,,6,64,0,0.0,64,1.0,0,0.0,1.0,1,,,,,,,,,,,,,,,,,,,,,,,,,,66.0,,,,,
S10,RoTTA,,,,,,,,,,7,8,0,0.0,8,1.0,0,0.0,1.0,1,,,,,,,,,,,,,,,,,,,,,,,,,,66.0,,,,,
S10,NOTE,,,,,,,,,,0,64,64,1.0,0,0.0,0,0.0,1.0,1,,,,,,,,,,,,,,,,,,,,,,,,,,,64.0,1.0,0.6912475824356079,,
S10,NOTE,,,,,,,,,,1,64,64,1.0,0,0.0,0,0.0,1.0,1,,,,,,,,,,,,,,,,,,,,,,,,,,,64.0,1.0,0.806188702583313,,
S10,NOTE,,,,,,,,,,2,64,64,1.0,0,0.0,0,0.0,1.0,1,,,,,,,,,,,,,,,,,,,,,,,,,,,64.0,1.0,0.9348227977752686,,
S10,NOTE,,,,,,,,,,3,64,44,0.6875,0,0.0,20,0.3125,0.6875,2,,,,,,,,,,,,,,,,,,,,,,,,,,,64.0,1.0,0.8227433562278748,,
S10,NOTE,,,,,,,,,,4,64,0,0.0,9,0.140625,55,0.859375,0.859375,2,,,,,,,,,,,,,,,,,,,,,,,,,,,64.0,1.0,0.6838133931159973,,
S10,NOTE,,,,,,,,,,5,64,0,0.0,64,1.0,0,0.0,1.0,1,,,,,,,,,,,,,,,,,,,,,,,,,,,64.0,1.0,0.6070650815963745,,
S10,NOTE,,,,,,,,,,6,64,0,0.0,64,1.0,0,0.0,1.0,1,,,,,,,,,,,,,,,,,,,,,,,,,,,64.0,1.0,0.5845376253128052,,
S10,NOTE,,,,,,,,,,7,8,0,0.0,8,1.0,0,0.0,1.0,1,,,,,,,,,,,,,,,,,,,,,,,,,,,64.0,0.0,,,
S10,DELTA,,,,,,,,,,0,64,64,1.0,0,0.0,0,0.0,1.0,1,,,,,,,,,,,,,,,,,,,,,,,,,,,,,,0.2835450768470764,18.0
S10,DELTA,,,,,,,,,,1,64,64,1.0,0,0.0,0,0.0,1.0,1,,,,,,,,,,,,,,,,,,,,,,,,,,,,,,0.07366064935922623,58.0
S10,DELTA,,,,,,,,,,2,64,64,1.0,0,0.0,0,0.0,1.0,1,,,,,,,,,,,,,,,,,,,,,,,,,,,,,,0.14286811649799347,61.0
S10,DELTA,,,,,,,,,,3,64,44,0.6875,0,0.0,20,0.3125,0.6875,2,,,,,,,,,,,,,,,,,,,,,,,,,,,,,,0.09347911179065704,62.0
S10,DELTA,,,,,,,,,,4,64,0,0.0,9,0.140625,55,0.859375,0.859375,2,,,,,,,,,,,,,,,,,,,,,,,,,,,,,,0.22908687591552734,58.0
S10,DELTA,,,,,,,,,,5,64,0,0.0,64,1.0,0,0.0,1.0,1,,,,,,,,,,,,,,,,,,,,,,,,,,,,,,0.12237446010112762,59.0
S10,DELTA,,,,,,,,,,6,64,0,0.0,64,1.0,0,0.0,1.0,1,,,,,,,,,,,,,,,,,,,,,,,,,,,,,,0.2644604742527008,53.0
S10,DELTA,,,,,,,,,,7,8,0,0.0,8,1.0,0,0.0,1.0,1,,,,,,,,,,,,,,,,,,,,,,,,,,,,,,0.3961029350757599,1.0
S11,EMATent,0.13463884592056274,0.13463884592056274,0.9718119502067566,0.0,0.4596083462238312,0.5,0.04039165377616882,0.0,0.0,0,64,64,1.0,0,0.0,0,0.0,1.0,1,,,,,,,,,,,,,,,,,,,,,,,,,,,,,,,
S11,EMATent,0.1859898418188095,0.1859898418188095,0.9576624631881714,0.0,0.4442030474543571,0.5,0.055796952545642854,0.0,0.0,1,64,64,1.0,0,0.0,0,0.0,1.0,1,,,,,,,,,,,,,,,,,,,,,,,,,,,,,,,
S11,EMATent,0.9100537300109863,0.9100537300109863,0.6228170990943909,1.0,0.2269838809967041,0.5,0.27301611900329587,0.0,0.0,2,64,64,1.0,0,0.0,0,0.0,1.0,1,,,,,,,,,,,,,,,,,,,,,,,,,,,,,,,
S11,EMATent,0.8616607189178467,0.8616607189178467,0.6237311363220215,1.0,0.241501784324646,0.5,0.25849821567535397,0.0,0.0,3,64,44,0.6875,20,0.3125,0,0.0,0.6875,2,,,,,,,,,,,,,,,,,,,,,,,,,,,,,,,
S11,EMATent,0.7040266990661621,0.7040266990661621,0.7283892631530762,1.0,0.28879199028015134,0.5,0.21120800971984863,0.0,0.0,4,64,0,0.0,64,1.0,0,0.0,1.0,1,,,,,,,,,,,,,,,,,,,,,,,,,,,,,,,
S11,EMATent,0.4964843690395355,0.4964843690395355,0.8282662630081177,1.0,0.3510546892881393,0.5,0.14894531071186065,0.0,0.0,5,64,0,0.0,52,0.8125,12,0.1875,0.8125,2,,,,,,,,,,,,,,,,,,,,,,,,,,,,,,,
S11,EMATent,0.3729119896888733,0.3729119896888733,0.8922891616821289,1.0,0.388126403093338,0.5,0.11187359690666199,0.0,0.0,6,62,0,0.0,0,0.0,62,1.0,1.0,1,,,,,,,,,,,,,,,,,,,,,,,,,,,,,,,
S11,DynaMixEMATent,,,,,,,,,,0,64,64,1.0,0,0.0,0,0.0,1.0,1,0.01011083833873272,0.13463884592056274,0.13463884592056274,0.12452801316976547,0.8971345094178268,0.06247383680600443,0.04039165377616882,0.06510347377849113,8.616886138916016,0.19999999999999996,0.0,0.14879602193832397,0.2,0.0,1.0,64.0,1.0,0.0,0.0,0.0,0.0,1.0,1.0,0.6666666666666667,,,,,,,
S11,DynaMixEMATent,,,,,,,,,,1,64,64,1.0,0,0.0,0,0.0,1.0,1,0.019364971667528152,0.1540638506412506,0.1540638506412506,0.13469888269901276,0.8255770318186945,0.12820381298893035,0.04621915519237518,0.13441642667376985,18.476972579956055,0.19999999999999996,0.0,0.19213739037513733,0.2,0.0,1.0,64.0,1.0,0.0,0.0,0.0,0.0,1.0,1.0,0.6666666666666667,,,,,,,
S11,DynaMixEMATent,,,,,,,,,,2,64,64,1.0,0,0.0,0,0.0,1.0,1,0.03814418613910675,0.41195249557495117,0.41195249557495117,0.3738082945346832,0.6173963948058143,0.25901785652170034,0.12358574867248534,0.2955427255197677,44.84193229675293,0.19999999999999996,1.0,0.820945680141449,0.2,0.0,1.0,52.0,0.8125,3.0,0.046875,9.0,0.140625,0.8125,3.0,0.6666666666666667,,,,,,,
S11,DynaMixEMATent,,,,,,,,,,3,64,44,0.6875,20,0.3125,0,0.0,0.6875,2,0.06773889809846878,0.7872684001922607,0.7872684001922607,0.7195295095443726,0.3629879660307254,0.4008315139115964,0.2361805200576782,0.5247725731502217,95.22710990905762,0.19999999999999996,1.0,0.8863179087638855,0.2,0.0,1.0,3.0,0.046875,13.0,0.203125,48.0,0.75,0.75,3.0,0.3541666666666667,,,,,,,
S11,DynaMixEMATent,,,,,,,,,,4,64,0,0.0,64,1.0,0,0.0,1.0,1,0.04747273027896881,0.8666739463806152,0.8666739463806152,0.8192012310028076,0.2280006467569383,0.5119971693288771,0.26000218391418456,0.6918901085912155,150.694242477417,0.19999999999999996,1.0,0.7380424737930298,0.2,0.0,1.0,0.0,0.0,1.0,0.015625,63.0,0.984375,0.984375,2.0,0.6666666666666667,,,,,,,
S11,DynaMixEMATent,,,,,,,,,,5,64,0,0.0,52,0.8125,12,0.1875,0.8125,2,0.07154370844364166,0.8008442521095276,0.8008442521095276,0.7293005585670471,0.1568459674822335,0.6029007568849082,0.24025327563285825,0.7935549276465996,201.94827461242676,0.19999999999999996,1.0,0.640427827835083,0.2,0.0,1.0,0.0,0.0,11.0,0.171875,53.0,0.828125,0.828125,2.0,0.4791666666666667,,,,,,,
S11,DynaMixEMATent,,,,,,,,,,6,62,0,0.0,0,0.0,62,1.0,1.0,1,0.02758471667766571,0.5829799175262451,0.5829799175262451,0.5553951859474182,0.1284333509275372,0.6966726738145893,0.17489397525787354,0.8443432152035528,238.09302949905396,0.19999999999999996,1.0,0.4315439760684967,0.2,0.0,1.0,0.0,0.0,1.0,0.016129032258064516,61.0,0.9838709677419355,0.9838709677419355,2.0,0.6666666666666667,,,,,,,
S11,TEMA,,,,,,,,,,0,64,64,1.0,0,0.0,0,0.0,1.0,1,,,,,,,,,,,,,,,,,,,,,,,,,,,,,,,
S11,TEMA,,,,,,,,,,1,64,64,1.0,0,0.0,0,0.0,1.0,1,,,,,,,,,,,,,,,,,,,,,,,,,,,,,,,
S11,TEMA,,,,,,,,,,2,64,64,1.0,0,0.0,0,0.0,1.0,1,,,,,,,,,,,,,,,,,,,,,,,,,,,,,,,
S11,TEMA,,,,,,,,,,3,64,44,0.6875,20,0.3125,0,0.0,0.6875,2,,,,,,,,,,,,,,,,,,,,,,,,,,,,,,,
S11,TEMA,,,,,,,,,,4,64,0,0.0,64,1.0,0,0.0,1.0,1,,,,,,,,,,,,,,,,,,,,,,,,,,,,,,,
S11,TEMA,,,,,,,,,,5,64,0,0.0,52,0.8125,12,0.1875,0.8125,2,,,,,,,,,,,,,,,,,,,,,,,,,,,,,,,
S11,TEMA,,,,,,,,,,6,62,0,0.0,0,0.0,62,1.0,1.0,1,,,,,,,,,,,,,,,,,,,,,,,,,,,,,,,
S11,DUA,,,,,,,,,,0,64,64,1.0,0,0.0,0,0.0,1.0,1,,,,,,,,,,,,,,,,,,,,,,,,,0.099,,,,,,
S11,DUA,,,,,,,,,,1,64,64,1.0,0,0.0,0,0.0,1.0,1,,,,,,,,,,,,,,,,,,,,,,,,,0.09336,,,,,,
S11,DUA,,,,,,,,,,2,64,64,1.0,0,0.0,0,0.0,1.0,1,,,,,,,,,,,,,,,,,,,,,,,,,0.0880584,,,,,,
S11,DUA,,,,,,,,,,3,64,44,0.6875,20,0.3125,0,0.0,0.6875,2,,,,,,,,,,,,,,,,,,,,,,,,,0.083074896,,,,,,
S11,DUA,,,,,,,,,,4,64,0,0.0,64,1.0,0,0.0,1.0,1,,,,,,,,,,,,,,,,,,,,,,,,,0.07839040223999999,,,,,,
S11,DUA,,,,,,,,,,5,64,0,0.0,52,0.8125,12,0.1875,0.8125,2,,,,,,,,,,,,,,,,,,,,,,,,,0.07398697810559998,,,,,,
S11,DUA,,,,,,,,,,6,62,0,0.0,0,0.0,62,1.0,1.0,1,,,,,,,,,,,,,,,,,,,,,,,,,0.06984775941926398,,,,,,
S11,RoTTA,,,,,,,,,,0,64,64,1.0,0,0.0,0,0.0,1.0,1,,,,,,,,,,,,,,,,,,,,,,,,,,56.0,,,,,
S11,RoTTA,,,,,,,,,,1,64,64,1.0,0,0.0,0,0.0,1.0,1,,,,,,,,,,,,,,,,,,,,,,,,,,66.0,,,,,
S11,RoTTA,,,,,,,,,,2,64,64,1.0,0,0.0,0,0.0,1.0,1,,,,,,,,,,,,,,,,,,,,,,,,,,66.0,,,,,
S11,RoTTA,,,,,,,,,,3,64,44,0.6875,20,0.3125,0,0.0,0.6875,2,,,,,,,,,,,,,,,,,,,,,,,,,,66.0,,,,,
S11,RoTTA,,,,,,,,,,4,64,0,0.0,64,1.0,0,0.0,1.0,1,,,,,,,,,,,,,,,,,,,,,,,,,,66.0,,,,,
S11,RoTTA,,,,,,,,,,5,64,0,0.0,52,0.8125,12,0.1875,0.8125,2,,,,,,,,,,,,,,,,,,,,,,,,,,66.0,,,,,
S11,RoTTA,,,,,,,,,,6,62,0,0.0,0,0.0,62,1.0,1.0,1,,,,,,,,,,,,,,,,,,,,,,,,,,66.0,,,,,
S11,NOTE,,,,,,,,,,0,64,64,1.0,0,0.0,0,0.0,1.0,1,,,,,,,,,,,,,,,,,,,,,,,,,,,64.0,1.0,0.7185789942741394,,
S11,NOTE,,,,,,,,,,1,64,64,1.0,0,0.0,0,0.0,1.0,1,,,,,,,,,,,,,,,,,,,,,,,,,,,64.0,1.0,0.6633760929107666,,
S11,NOTE,,,,,,,,,,2,64,64,1.0,0,0.0,0,0.0,1.0,1,,,,,,,,,,,,,,,,,,,,,,,,,,,64.0,1.0,0.6381837129592896,,
S11,NOTE,,,,,,,,,,3,64,44,0.6875,20,0.3125,0,0.0,0.6875,2,,,,,,,,,,,,,,,,,,,,,,,,,,,64.0,1.0,0.8827362060546875,,
S11,NOTE,,,,,,,,,,4,64,0,0.0,64,1.0,0,0.0,1.0,1,,,,,,,,,,,,,,,,,,,,,,,,,,,64.0,1.0,0.9186028242111206,,
S11,NOTE,,,,,,,,,,5,64,0,0.0,52,0.8125,12,0.1875,0.8125,2,,,,,,,,,,,,,,,,,,,,,,,,,,,64.0,1.0,0.7480329871177673,,
S11,NOTE,,,,,,,,,,6,62,0,0.0,0,0.0,62,1.0,1.0,1,,,,,,,,,,,,,,,,,,,,,,,,,,,64.0,0.0,,,
S11,DELTA,,,,,,,,,,0,64,64,1.0,0,0.0,0,0.0,1.0,1,,,,,,,,,,,,,,,,,,,,,,,,,,,,,,0.3846430778503418,20.0
S11,DELTA,,,,,,,,,,1,64,64,1.0,0,0.0,0,0.0,1.0,1,,,,,,,,,,,,,,,,,,,,,,,,,,,,,,0.39889487624168396,21.0
S11,DELTA,,,,,,,,,,2,64,64,1.0,0,0.0,0,0.0,1.0,1,,,,,,,,,,,,,,,,,,,,,,,,,,,,,,0.39208537340164185,37.0
S11,DELTA,,,,,,,,,,3,64,44,0.6875,20,0.3125,0,0.0,0.6875,2,,,,,,,,,,,,,,,,,,,,,,,,,,,,,,0.2823924720287323,45.0
S11,DELTA,,,,,,,,,,4,64,0,0.0,64,1.0,0,0.0,1.0,1,,,,,,,,,,,,,,,,,,,,,,,,,,,,,,0.32271909713745117,50.0
S11,DELTA,,,,,,,,,,5,64,0,0.0,52,0.8125,12,0.1875,0.8125,2,,,,,,,,,,,,,,,,,,,,,,,,,,,,,,0.28885021805763245,58.0
S11,DELTA,,,,,,,,,,6,62,0,0.0,0,0.0,62,1.0,1.0,1,,,,,,,,,,,,,,,,,,,,,,,,,,,,,,0.44084325432777405,28.0
S13,EMATent,0.14917540550231934,0.14917540550231934,0.9675061702728271,0.0,0.4552473783493042,0.5,0.0447526216506958,0.0,0.0,0,64,64,1.0,0,0.0,0,0.0,1.0,1,,,,,,,,,,,,,,,,,,,,,,,,,,,,,,,
S13,EMATent,0.044038765132427216,0.044038765132427216,0.9926313161849976,0.0,0.48678837046027185,0.5,0.013211629539728164,0.0,0.0,1,64,64,1.0,0,0.0,0,0.0,1.0,1,,,,,,,,,,,,,,,,,,,,,,,,,,,,,,,
S13,EMATent,0.24675291776657104,0.24675291776657104,0.9763444662094116,1.0,0.4259741246700287,0.5,0.0740258753299713,0.0,0.0,2,64,64,1.0,0,0.0,0,0.0,1.0,1,,,,,,,,,,,,,,,,,,,,,,,,,,,,,,,
S13,EMATent,0.9629420042037964,0.9629420042037964,0.804561972618103,1.0,0.2111173987388611,0.5,0.2888826012611389,0.0,0.0,3,64,44,0.6875,0,0.0,20,0.3125,0.6875,2,,,,,,,,,,,,,,,,,,,,,,,,,,,,,,,
S13,EMATent,0.38039153814315796,0.38039153814315796,0.9660074710845947,1.0,0.3858825385570526,0.5,0.11411746144294738,0.0,0.0,4,64,0,0.0,8,0.125,56,0.875,0.875,2,,,,,,,,,,,,,,,,,,,,,,,,,,,,,,,
S13,EMATent,0.5872181057929993,0.5872181057929993,0.9074563980102539,1.0,0.3238345682621002,0.5,0.17616543173789978,0.0,0.0,5,64,0,0.0,64,1.0,0,0.0,1.0,1,,,,,,,,,,,,,,,,,,,,,,,,,,,,,,,
S13,EMATent,0.6179198622703552,0.6179198622703552,0.7811553478240967,1.0,0.31462404131889343,0.5,0.18537595868110657,0.0,0.0,6,61,0,0.0,61,1.0,0,0.0,1.0,1,,,,,,,,,,,,,,,,,,,,,,,,,,,,,,,
S13,DynaMixEMATent,,,,,,,,,,0,64,64,1.0,0,0.0,0,0.0,1.0,1,0.04039736092090607,0.14917540550231934,0.14917540550231934,0.10877804458141327,0.8865899963674176,0.06865738198188656,0.0447526216506958,0.0718739287204625,9.547225952148438,0.19999999999999996,0.0,0.13524006307125092,0.2,0.0,1.0,63.0,0.984375,0.0,0.0,1.0,0.015625,0.984375,2.0,0.6666666666666667,,,,,,,
S13,DynaMixEMATent,,,,,,,,,,1,64,64,1.0,0,0.0,0,0.0,1.0,1,0.005531529430299997,0.02970481850206852,0.02970481850206852,0.02417328953742981,0.9062940183964963,0.0847945360528832,0.008911445550620555,0.08555697235348725,11.448334336280823,0.19999999999999996,0.0,0.03698943182826042,0.2,0.0,1.0,64.0,1.0,0.0,0.0,0.0,0.0,1.0,1.0,0.6666666666666667,,,,,,,
S13,DynaMixEMATent,,,,,,,,,,2,64,64,1.0,0,0.0,0,0.0,1.0,1,0.039346836507320404,0.09878478944301605,0.09878478944301605,0.05943795293569565,0.8445798902973154,0.12578467286977973,0.029635436832904816,0.12962620199076647,17.77056086063385,0.19999999999999996,0.0,0.08553452789783478,0.2,0.0,1.0,62.0,0.96875,0.0,0.0,2.0,0.03125,0.96875,2.0,0.6666666666666667,,,,,,,
S13,DynaMixEMATent,,,,,,,,,,3,64,44,0.6875,0,0.0,20,0.3125,0.6875,2,0.6229123473167419,0.9340826272964478,0.9340826272964478,0.3111703097820282,0.39270753028706795,0.3270676815239977,0.2802247881889343,0.45440253589873547,77.5518490076065,0.19999999999999996,1.0,0.4339540898799896,0.2,0.0,1.0,21.0,0.328125,27.0,0.421875,16.0,0.25,0.421875,3.0,0.3541666666666667,,,,,,,
S13,DynaMixEMATent,,,,,,,,,,4,64,0,0.0,8,0.125,56,0.875,0.875,2,0.23126880824565887,0.4417892098426819,0.4417892098426819,0.2105204164981842,0.3794810675020863,0.4879821695451091,0.13253676295280456,0.5625393085315958,105.82635843753815,0.19999999999999996,1.0,0.20309171080589294,0.2,0.0,1.0,0.0,0.0,56.0,0.875,8.0,0.125,0.875,2.0,0.5416666666666667,,,,,,,
S13,DynaMixEMATent,,,,,,,,,,5,64,0,0.0,64,1.0,0,0.0,1.0,1,0.22130754590034485,0.6690074801445007,0.6690074801445007,0.44769996404647827,0.2502502386276092,0.5490475173290406,0.20070224404335021,0.6869123718130623,148.6428371667862,0.19999999999999996,1.0,0.4799215793609619,0.2,0.0,1.0,0.0,0.0,38.0,0.59375,26.0,0.40625,0.59375,2.0,0.6666666666666667,,,,,,,
S13,DynaMixEMATent,,,,,,,,,,6,61,0,0.0,61,1.0,0,0.0,1.0,1,0.09335862100124359,0.5313315391540527,0.5313315391540527,0.43797290325164795,0.2043086234959256,0.6362919147578586,0.1593994617462158,0.756949211666763,181.0540610551834,0.19999999999999996,1.0,0.4505762457847595,0.2,0.0,1.0,0.0,0.0,15.0,0.2459016393442623,46.0,0.7540983606557377,0.7540983606557377,2.0,0.6666666666666667,,,,,,,
S13,TEMA,,,,,,,,,,0,64,64,1.0,0,0.0,0,0.0,1.0,1,,,,,,,,,,,,,,,,,,,,,,,,,,,,,,,
S13,TEMA,,,,,,,,,,1,64,64,1.0,0,0.0,0,0.0,1.0,1,,,,,,,,,,,,,,,,,,,,,,,,,,,,,,,
S13,TEMA,,,,,,,,,,2,64,64,1.0,0,0.0,0,0.0,1.0,1,,,,,,,,,,,,,,,,,,,,,,,,,,,,,,,
S13,TEMA,,,,,,,,,,3,64,44,0.6875,0,0.0,20,0.3125,0.6875,2,,,,,,,,,,,,,,,,,,,,,,,,,,,,,,,
S13,TEMA,,,,,,,,,,4,64,0,0.0,8,0.125,56,0.875,0.875,2,,,,,,,,,,,,,,,,,,,,,,,,,,,,,,,
S13,TEMA,,,,,,,,,,5,64,0,0.0,64,1.0,0,0.0,1.0,1,,,,,,,,,,,,,,,,,,,,,,,,,,,,,,,
S13,TEMA,,,,,,,,,,6,61,0,0.0,61,1.0,0,0.0,1.0,1,,,,,,,,,,,,,,,,,,,,,,,,,,,,,,,
S13,DUA,,,,,,,,,,0,64,64,1.0,0,0.0,0,0.0,1.0,1,,,,,,,,,,,,,,,,,,,,,,,,,0.099,,,,,,
S13,DUA,,,,,,,,,,1,64,64,1.0,0,0.0,0,0.0,1.0,1,,,,,,,,,,,,,,,,,,,,,,,,,0.09336,,,,,,
S13,DUA,,,,,,,,,,2,64,64,1.0,0,0.0,0,0.0,1.0,1,,,,,,,,,,,,,,,,,,,,,,,,,0.0880584,,,,,,
S13,DUA,,,,,,,,,,3,64,44,0.6875,0,0.0,20,0.3125,0.6875,2,,,,,,,,,,,,,,,,,,,,,,,,,0.083074896,,,,,,
S13,DUA,,,,,,,,,,4,64,0,0.0,8,0.125,56,0.875,0.875,2,,,,,,,,,,,,,,,,,,,,,,,,,0.07839040223999999,,,,,,
S13,DUA,,,,,,,,,,5,64,0,0.0,64,1.0,0,0.0,1.0,1,,,,,,,,,,,,,,,,,,,,,,,,,0.07398697810559998,,,,,,
S13,DUA,,,,,,,,,,6,61,0,0.0,61,1.0,0,0.0,1.0,1,,,,,,,,,,,,,,,,,,,,,,,,,0.06984775941926398,,,,,,
S13,RoTTA,,,,,,,,,,0,64,64,1.0,0,0.0,0,0.0,1.0,1,,,,,,,,,,,,,,,,,,,,,,,,,,54.0,,,,,
S13,RoTTA,,,,,,,,,,1,64,64,1.0,0,0.0,0,0.0,1.0,1,,,,,,,,,,,,,,,,,,,,,,,,,,66.0,,,,,
S13,RoTTA,,,,,,,,,,2,64,64,1.0,0,0.0,0,0.0,1.0,1,,,,,,,,,,,,,,,,,,,,,,,,,,66.0,,,,,
S13,RoTTA,,,,,,,,,,3,64,44,0.6875,0,0.0,20,0.3125,0.6875,2,,,,,,,,,,,,,,,,,,,,,,,,,,66.0,,,,,
S13,RoTTA,,,,,,,,,,4,64,0,0.0,8,0.125,56,0.875,0.875,2,,,,,,,,,,,,,,,,,,,,,,,,,,66.0,,,,,
S13,RoTTA,,,,,,,,,,5,64,0,0.0,64,1.0,0,0.0,1.0,1,,,,,,,,,,,,,,,,,,,,,,,,,,66.0,,,,,
S13,RoTTA,,,,,,,,,,6,61,0,0.0,61,1.0,0,0.0,1.0,1,,,,,,,,,,,,,,,,,,,,,,,,,,66.0,,,,,
S13,NOTE,,,,,,,,,,0,64,64,1.0,0,0.0,0,0.0,1.0,1,,,,,,,,,,,,,,,,,,,,,,,,,,,64.0,1.0,0.45207053422927856,,
S13,NOTE,,,,,,,,,,1,64,64,1.0,0,0.0,0,0.0,1.0,1,,,,,,,,,,,,,,,,,,,,,,,,,,,64.0,1.0,0.4337713420391083,,
S13,NOTE,,,,,,,,,,2,64,64,1.0,0,0.0,0,0.0,1.0,1,,,,,,,,,,,,,,,,,,,,,,,,,,,64.0,1.0,0.4588545858860016,,
S13,NOTE,,,,,,,,,,3,64,44,0.6875,0,0.0,20,0.3125,0.6875,2,,,,,,,,,,,,,,,,,,,,,,,,,,,64.0,1.0,0.3063165545463562,,
S13,NOTE,,,,,,,,,,4,64,0,0.0,8,0.125,56,0.875,0.875,2,,,,,,,,,,,,,,,,,,,,,,,,,,,64.0,1.0,0.685067892074585,,
S13,NOTE,,,,,,,,,,5,64,0,0.0,64,1.0,0,0.0,1.0,1,,,,,,,,,,,,,,,,,,,,,,,,,,,64.0,1.0,0.44812196493148804,,
S13,NOTE,,,,,,,,,,6,61,0,0.0,61,1.0,0,0.0,1.0,1,,,,,,,,,,,,,,,,,,,,,,,,,,,64.0,0.0,,,
S13,DELTA,,,,,,,,,,0,64,64,1.0,0,0.0,0,0.0,1.0,1,,,,,,,,,,,,,,,,,,,,,,,,,,,,,,0.2531600892543793,37.0
S13,DELTA,,,,,,,,,,1,64,64,1.0,0,0.0,0,0.0,1.0,1,,,,,,,,,,,,,,,,,,,,,,,,,,,,,,0.34953826665878296,32.0
S13,DELTA,,,,,,,,,,2,64,64,1.0,0,0.0,0,0.0,1.0,1,,,,,,,,,,,,,,,,,,,,,,,,,,,,,,0.37874504923820496,23.0
S13,DELTA,,,,,,,,,,3,64,44,0.6875,0,0.0,20,0.3125,0.6875,2,,,,,,,,,,,,,,,,,,,,,,,,,,,,,,0.18160320818424225,54.0
S13,DELTA,,,,,,,,,,4,64,0,0.0,8,0.125,56,0.875,0.875,2,,,,,,,,,,,,,,,,,,,,,,,,,,,,,,0.011557197198271751,64.0
S13,DELTA,,,,,,,,,,5,64,0,0.0,64,1.0,0,0.0,1.0,1,,,,,,,,,,,,,,,,,,,,,,,,,,,,,,0.0008796877227723598,64.0
S13,DELTA,,,,,,,,,,6,61,0,0.0,61,1.0,0,0.0,1.0,1,,,,,,,,,,,,,,,,,,,,,,,,,,,,,,0.2787385582923889,52.0
S14,EMATent,0.06687266379594803,0.06687266379594803,0.9877609014511108,0.0,0.4799382008612156,0.5,0.02006179913878441,0.0,0.0,0,64,64,1.0,0,0.0,0,0.0,1.0,1,,,,,,,,,,,,,,,,,,,,,,,,,,,,,,,
S14,EMATent,0.8935315608978271,0.8935315608978271,0.7492110729217529,1.0,0.23194053173065188,0.5,0.2680594682693481,0.0,0.0,1,64,64,1.0,0,0.0,0,0.0,1.0,1,,,,,,,,,,,,,,,,,,,,,,,,,,,,,,,
S14,EMATent,0.996722400188446,0.996722400188446,0.5508211851119995,1.0,0.2009832799434662,0.5,0.2990167200565338,0.0,0.0,2,64,64,1.0,0,0.0,0,0.0,1.0,1,,,,,,,,,,,,,,,,,,,,,,,,,,,,,,,
S14,EMATent,0.9648579359054565,0.9648579359054565,0.6251043081283569,1.0,0.21054261922836304,0.5,0.28945738077163696,0.0,0.0,3,64,44,0.6875,20,0.3125,0,0.0,0.6875,2,,,,,,,,,,,,,,,,,,,,,,,,,,,,,,,
S14,EMATent,0.5221591591835022,0.5221591591835022,0.8343338966369629,1.0,0.34335225224494936,0.5,0.15664774775505066,0.0,0.0,4,64,0,0.0,64,1.0,0,0.0,1.0,1,,,,,,,,,,,,,,,,,,,,,,,,,,,,,,,
S14,EMATent,0.605705976486206,0.605705976486206,0.8042073845863342,1.0,0.3182882070541382,0.5,0.18171179294586182,0.0,0.0,5,64,0,0.0,51,0.796875,13,0.203125,0.796875,2,,,,,,,,,,,,,,,,,,,,,,,,,,,,,,,
S14,EMATent,0.37701335549354553,0.37701335549354553,0.8668733835220337,1.0,0.38689599335193636,0.5,0.11310400664806365,0.0,0.0,6,61,0,0.0,0,0.0,61,1.0,1.0,1,,,,,,,,,,,,,,,,,,,,,,,,,,,,,,,
S14,DynaMixEMATent,,,,,,,,,,0,64,64,1.0,0,0.0,0,0.0,1.0,1,0.013944213278591633,0.06687266379594803,0.06687266379594803,0.05292845517396927,0.9477143871015934,0.032223813759622244,0.02006179913878441,0.032883516257762424,4.279850482940674,0.19999999999999996,0.0,0.02872411161661148,0.2,0.0,1.0,64.0,1.0,0.0,0.0,0.0,0.0,1.0,1.0,0.6666666666666667,,,,,,,
S14,DynaMixEMATent,,,,,,,,,,1,64,64,1.0,0,0.0,0,0.0,1.0,1,0.1270807981491089,0.5145000219345093,0.5145000219345093,0.387419193983078,0.6323349334589705,0.2133150599606767,0.15435000658035278,0.25224982158170584,37.20785188674927,0.19999999999999996,1.0,0.6258282661437988,0.2,0.0,1.0,34.0,0.53125,18.0,0.28125,12.0,0.1875,0.53125,3.0,0.6666666666666667,,,,,,,
S14,DynaMixEMATent,,,,,,,,,,2,64,64,1.0,0,0.0,0,0.0,1.0,1,0.17771875858306885,0.8002832531929016,0.8002832531929016,0.6225644946098328,0.38083973633658746,0.37907528770554205,0.24008497595787048,0.4988390487256983,88.42598009109497,0.19999999999999996,1.0,0.8979500532150269,0.2,0.0,1.0,23.0,0.359375,16.0,0.25,25.0,0.390625,0.390625,3.0,0.6666666666666667,,,,,,,
S14,DynaMixEMATent,,,,,,,,,,3,64,44,0.6875,20,0.3125,0,0.0,0.6875,2,0.3392946422100067,0.9910775423049927,0.9910775423049927,0.6517828702926636,0.2145472968740526,0.4881294404344496,0.2973232626914978,0.6946714107886311,151.8549427986145,0.19999999999999996,1.0,0.6611268520355225,0.2,0.0,1.0,30.0,0.46875,28.0,0.4375,6.0,0.09375,0.46875,3.0,0.3541666666666667,,,,,,,
S14,DynaMixEMATent,,,,,,,,,,4,64,0,0.0,64,1.0,0,0.0,1.0,1,0.24677088856697083,0.6384639739990234,0.6384639739990234,0.3916930854320526,0.1793848458974098,0.6290759619028832,0.19153919219970703,0.778115594266727,192.716637134552,0.19999999999999996,1.0,0.3623873293399811,0.2,0.0,1.0,0.0,0.0,39.0,0.609375,25.0,0.390625,0.609375,2.0,0.6666666666666667,,,,,,,
S14,DynaMixEMATent,,,,,,,,,,5,64,0,0.0,51,0.796875,13,0.203125,0.796875,2,0.1893208622932434,0.6491031646728516,0.6491031646728516,0.45978230237960815,0.12915666643418933,0.6761123841639552,0.19473094940185545,0.8396105421681694,234.2592396736145,0.19999999999999996,1.0,0.5345262289047241,0.2,0.0,1.0,0.0,0.0,43.0,0.671875,21.0,0.328125,0.671875,2.0,0.4635416666666667,,,,,,,
S14,DynaMixEMATent,,,,,,,,,,6,61,0,0.0,0,0.0,61,1.0,1.0,1,0.08679608255624771,0.5101686120033264,0.5101686120033264,0.4233725070953369,0.10652326722265643,0.7404261491763456,0.1530505836009979,0.8742271201088203,265.3795250058174,0.19999999999999996,1.0,0.5472914576530457,0.2,0.0,1.0,0.0,0.0,55.0,0.9016393442622951,6.0,0.09836065573770492,0.9016393442622951,2.0,0.6666666666666667,,,,,,,
S14,TEMA,,,,,,,,,,0,64,64,1.0,0,0.0,0,0.0,1.0,1,,,,,,,,,,,,,,,,,,,,,,,,,,,,,,,
S14,TEMA,,,,,,,,,,1,64,64,1.0,0,0.0,0,0.0,1.0,1,,,,,,,,,,,,,,,,,,,,,,,,,,,,,,,
S14,TEMA,,,,,,,,,,2,64,64,1.0,0,0.0,0,0.0,1.0,1,,,,,,,,,,,,,,,,,,,,,,,,,,,,,,,
S14,TEMA,,,,,,,,,,3,64,44,0.6875,20,0.3125,0,0.0,0.6875,2,,,,,,,,,,,,,,,,,,,,,,,,,,,,,,,
S14,TEMA,,,,,,,,,,4,64,0,0.0,64,1.0,0,0.0,1.0,1,,,,,,,,,,,,,,,,,,,,,,,,,,,,,,,
S14,TEMA,,,,,,,,,,5,64,0,0.0,51,0.796875,13,0.203125,0.796875,2,,,,,,,,,,,,,,,,,,,,,,,,,,,,,,,
S14,TEMA,,,,,,,,,,6,61,0,0.0,0,0.0,61,1.0,1.0,1,,,,,,,,,,,,,,,,,,,,,,,,,,,,,,,
S14,DUA,,,,,,,,,,0,64,64,1.0,0,0.0,0,0.0,1.0,1,,,,,,,,,,,,,,,,,,,,,,,,,0.099,,,,,,
S14,DUA,,,,,,,,,,1,64,64,1.0,0,0.0,0,0.0,1.0,1,,,,,,,,,,,,,,,,,,,,,,,,,0.09336,,,,,,
S14,DUA,,,,,,,,,,2,64,64,1.0,0,0.0,0,0.0,1.0,1,,,,,,,,,,,,,,,,,,,,,,,,,0.0880584,,,,,,
S14,DUA,,,,,,,,,,3,64,44,0.6875,20,0.3125,0,0.0,0.6875,2,,,,,,,,,,,,,,,,,,,,,,,,,0.083074896,,,,,,
S14,DUA,,,,,,,,,,4,64,0,0.0,64,1.0,0,0.0,1.0,1,,,,,,,,,,,,,,,,,,,,,,,,,0.07839040223999999,,,,,,
S14,DUA,,,,,,,,,,5,64,0,0.0,51,0.796875,13,0.203125,0.796875,2,,,,,,,,,,,,,,,,,,,,,,,,,0.07398697810559998,,,,,,
S14,DUA,,,,,,,,,,6,61,0,0.0,0,0.0,61,1.0,1.0,1,,,,,,,,,,,,,,,,,,,,,,,,,0.06984775941926398,,,,,,
S14,RoTTA,,,,,,,,,,0,64,64,1.0,0,0.0,0,0.0,1.0,1,,,,,,,,,,,,,,,,,,,,,,,,,,59.0,,,,,
S14,RoTTA,,,,,,,,,,1,64,64,1.0,0,0.0,0,0.0,1.0,1,,,,,,,,,,,,,,,,,,,,,,,,,,66.0,,,,,
S14,RoTTA,,,,,,,,,,2,64,64,1.0,0,0.0,0,0.0,1.0,1,,,,,,,,,,,,,,,,,,,,,,,,,,66.0,,,,,
S14,RoTTA,,,,,,,,,,3,64,44,0.6875,20,0.3125,0,0.0,0.6875,2,,,,,,,,,,,,,,,,,,,,,,,,,,66.0,,,,,
S14,RoTTA,,,,,,,,,,4,64,0,0.0,64,1.0,0,0.0,1.0,1,,,,,,,,,,,,,,,,,,,,,,,,,,66.0,,,,,
S14,RoTTA,,,,,,,,,,5,64,0,0.0,51,0.796875,13,0.203125,0.796875,2,,,,,,,,,,,,,,,,,,,,,,,,,,66.0,,,,,
S14,RoTTA,,,,,,,,,,6,61,0,0.0,0,0.0,61,1.0,1.0,1,,,,,,,,,,,,,,,,,,,,,,,,,,66.0,,,,,
S14,NOTE,,,,,,,,,,0,64,64,1.0,0,0.0,0,0.0,1.0,1,,,,,,,,,,,,,,,,,,,,,,,,,,,64.0,1.0,0.5616680383682251,,
S14,NOTE,,,,,,,,,,1,64,64,1.0,0,0.0,0,0.0,1.0,1,,,,,,,,,,,,,,,,,,,,,,,,,,,64.0,1.0,0.5397915840148926,,
S14,NOTE,,,,,,,,,,2,64,64,1.0,0,0.0,0,0.0,1.0,1,,,,,,,,,,,,,,,,,,,,,,,,,,,64.0,1.0,0.509321928024292,,
S14,NOTE,,,,,,,,,,3,64,44,0.6875,20,0.3125,0,0.0,0.6875,2,,,,,,,,,,,,,,,,,,,,,,,,,,,64.0,1.0,0.384734570980072,,
S14,NOTE,,,,,,,,,,4,64,0,0.0,64,1.0,0,0.0,1.0,1,,,,,,,,,,,,,,,,,,,,,,,,,,,64.0,1.0,0.8865468502044678,,
S14,NOTE,,,,,,,,,,5,64,0,0.0,51,0.796875,13,0.203125,0.796875,2,,,,,,,,,,,,,,,,,,,,,,,,,,,64.0,1.0,0.6466160416603088,,
S14,NOTE,,,,,,,,,,6,61,0,0.0,0,0.0,61,1.0,1.0,1,,,,,,,,,,,,,,,,,,,,,,,,,,,64.0,0.0,,,
S14,DELTA,,,,,,,,,,0,64,64,1.0,0,0.0,0,0.0,1.0,1,,,,,,,,,,,,,,,,,,,,,,,,,,,,,,0.2050243318080902,28.0
S14,DELTA,,,,,,,,,,1,64,64,1.0,0,0.0,0,0.0,1.0,1,,,,,,,,,,,,,,,,,,,,,,,,,,,,,,0.36009156703948975,27.0
S14,DELTA,,,,,,,,,,2,64,64,1.0,0,0.0,0,0.0,1.0,1,,,,,,,,,,,,,,,,,,,,,,,,,,,,,,0.3236619234085083,46.0
S14,DELTA,,,,,,,,,,3,64,44,0.6875,20,0.3125,0,0.0,0.6875,2,,,,,,,,,,,,,,,,,,,,,,,,,,,,,,0.18090656399726868,43.0
S14,DELTA,,,,,,,,,,4,64,0,0.0,64,1.0,0,0.0,1.0,1,,,,,,,,,,,,,,,,,,,,,,,,,,,,,,0.061579521745443344,62.0
S14,DELTA,,,,,,,,,,5,64,0,0.0,51,0.796875,13,0.203125,0.796875,2,,,,,,,,,,,,,,,,,,,,,,,,,,,,,,0.21397531032562256,57.0
S14,DELTA,,,,,,,,,,6,61,0,0.0,0,0.0,61,1.0,1.0,1,,,,,,,,,,,,,,,,,,,,,,,,,,,,,,0.09413910657167435,61.0
S15,EMATent,0.11676929891109467,0.11676929891109467,0.9762749075889587,0.0,0.4649692103266716,0.5,0.0350307896733284,0.0,0.0,0,64,64,1.0,0,0.0,0,0.0,1.0,1,,,,,,,,,,,,,,,,,,,,,,,,,,,,,,,
S15,EMATent,0.3042333722114563,0.3042333722114563,0.9247456789016724,1.0,0.40872998833656315,0.5,0.09127001166343689,0.0,0.0,1,64,64,1.0,0,0.0,0,0.0,1.0,1,,,,,,,,,,,,,,,,,,,,,,,,,,,,,,,
S15,EMATent,0.7839149236679077,0.7839149236679077,0.7293863892555237,1.0,0.2648255228996277,0.5,0.23517447710037231,0.0,0.0,2,64,64,1.0,0,0.0,0,0.0,1.0,1,,,,,,,,,,,,,,,,,,,,,,,,,,,,,,,
S15,EMATent,0.7919378876686096,0.7919378876686096,0.7048857808113098,1.0,0.2624186336994171,0.5,0.23758136630058288,0.0,0.0,3,64,43,0.671875,0,0.0,21,0.328125,0.671875,2,,,,,,,,,,,,,,,,,,,,,,,,,,,,,,,
S15,EMATent,0.6056900024414062,0.6056900024414062,0.8660130500793457,1.0,0.31829299926757815,0.5,0.18170700073242188,0.0,0.0,4,64,0,0.0,10,0.15625,54,0.84375,0.84375,2,,,,,,,,,,,,,,,,,,,,,,,,,,,,,,,
S15,EMATent,0.3094286620616913,0.3094286620616913,0.911400556564331,1.0,0.40717140138149266,0.5,0.09282859861850738,0.0,0.0,5,64,0,0.0,64,1.0,0,0.0,1.0,1,,,,,,,,,,,,,,,,,,,,,,,,,,,,,,,
S15,EMATent,0.3674146831035614,0.3674146831035614,0.9198206067085266,1.0,0.38977559506893156,0.5,0.11022440493106841,0.0,0.0,6,63,0,0.0,63,1.0,0,0.0,1.0,1,,,,,,,,,,,,,,,,,,,,,,,,,,,,,,,
S15,DynaMixEMATent,,,,,,,,,,0,64,64,1.0,0,0.0,0,0.0,1.0,1,0.03721610829234123,0.11676929891109467,0.11676929891109467,0.07955318689346313,0.9102429528004569,0.054726257526214774,0.0350307896733284,0.0567129572017,7.473235130310059,0.19999999999999996,0.0,0.09065043926239014,0.2,0.0,1.0,63.0,0.984375,0.0,0.0,1.0,0.015625,0.984375,2.0,0.6666666666666667,,,,,,,
S15,DynaMixEMATent,,,,,,,,,,1,64,64,1.0,0,0.0,0,0.0,1.0,1,0.03496504947543144,0.1580715924501419,0.1580715924501419,0.12310654670000076,0.8302709522366735,0.12230757002828402,0.04742147773504257,0.12839631292281484,17.58981704711914,0.19999999999999996,0.0,0.3087575435638428,0.2,0.0,1.0,64.0,1.0,0.0,0.0,0.0,0.0,1.0,1.0,0.6666666666666667,,,,,,,
S15,DynaMixEMATent,,,,,,,,,,2,64,64,1.0,0,0.0,0,0.0,1.0,1,0.09002657979726791,0.3256660997867584,0.3256660997867584,0.2356395125389099,0.6682709812982504,0.23402918876572212,0.09769982993602752,0.25936954965788117,38.43244743347168,0.19999999999999996,1.0,0.6836326122283936,0.2,0.0,1.0,46.0,0.71875,12.0,0.1875,6.0,0.09375,0.71875,3.0,0.6666666666666667,,,,,,,
S15,DynaMixEMATent,,,,,,,,,,3,64,43,0.671875,0,0.0,21,0.328125,0.671875,2,0.3598919212818146,0.7623917460441589,0.7623917460441589,0.402499794960022,0.39017888531032313,0.38110359087642914,0.22871752381324767,0.49411675053298076,87.22551918029785,0.19999999999999996,1.0,0.7981259822845459,0.2,0.0,1.0,17.0,0.265625,38.0,0.59375,9.0,0.140625,0.59375,3.0,0.3385416666666667,,,,,,,
S15,DynaMixEMATent,,,,,,,,,,4,64,0,0.0,10,0.15625,54,0.84375,0.84375,2,0.27072831988334656,0.8155713081359863,0.8155713081359863,0.5448430180549622,0.254148279360022,0.5011803281991821,0.2446713924407959,0.6635262098952059,139.42208290100098,0.19999999999999996,1.0,0.31503617763519287,0.2,0.0,1.0,0.0,0.0,26.0,0.40625,38.0,0.59375,0.59375,2.0,0.5104166666666667,,,,,,,
S15,DynaMixEMATent,,,,,,,,,,5,64,0,0.0,64,1.0,0,0.0,1.0,1,0.05720902234315872,0.3883848488330841,0.3883848488330841,0.331175833940506,0.24480117537534463,0.6386833699747302,0.11651545464992523,0.7229140264379568,164.27871322631836,0.19999999999999996,1.0,0.2915356755256653,0.2,0.0,1.0,0.0,0.0,58.0,0.90625,6.0,0.09375,0.90625,2.0,0.6666666666666667,,,,,,,
S15,DynaMixEMATent,,,,,,,,,,6,63,0,0.0,63,1.0,0,0.0,1.0,1,0.06810085475444794,0.3400985598564148,0.3400985598564148,0.27199769020080566,0.2104645929149349,0.6875058391281407,0.10202956795692443,0.76562191203102,185.7049224972725,0.19999999999999996,1.0,0.31879645586013794,0.2,0.0,1.0,0.0,0.0,54.0,0.8571428571428571,9.0,0.14285714285714285,0.8571428571428571,2.0,0.6666666666666667,,,,,,,
S15,TEMA,,,,,,,,,,0,64,64,1.0,0,0.0,0,0.0,1.0,1,,,,,,,,,,,,,,,,,,,,,,,,,,,,,,,
S15,TEMA,,,,,,,,,,1,64,64,1.0,0,0.0,0,0.0,1.0,1,,,,,,,,,,,,,,,,,,,,,,,,,,,,,,,
S15,TEMA,,,,,,,,,,2,64,64,1.0,0,0.0,0,0.0,1.0,1,,,,,,,,,,,,,,,,,,,,,,,,,,,,,,,
S15,TEMA,,,,,,,,,,3,64,43,0.671875,0,0.0,21,0.328125,0.671875,2,,,,,,,,,,,,,,,,,,,,,,,,,,,,,,,
S15,TEMA,,,,,,,,,,4,64,0,0.0,10,0.15625,54,0.84375,0.84375,2,,,,,,,,,,,,,,,,,,,,,,,,,,,,,,,
S15,TEMA,,,,,,,,,,5,64,0,0.0,64,1.0,0,0.0,1.0,1,,,,,,,,,,,,,,,,,,,,,,,,,,,,,,,
S15,TEMA,,,,,,,,,,6,63,0,0.0,63,1.0,0,0.0,1.0,1,,,,,,,,,,,,,,,,,,,,,,,,,,,,,,,
S15,DUA,,,,,,,,,,0,64,64,1.0,0,0.0,0,0.0,1.0,1,,,,,,,,,,,,,,,,,,,,,,,,,0.099,,,,,,
S15,DUA,,,,,,,,,,1,64,64,1.0,0,0.0,0,0.0,1.0,1,,,,,,,,,,,,,,,,,,,,,,,,,0.09336,,,,,,
S15,DUA,,,,,,,,,,2,64,64,1.0,0,0.0,0,0.0,1.0,1,,,,,,,,,,,,,,,,,,,,,,,,,0.0880584,,,,,,
S15,DUA,,,,,,,,,,3,64,43,0.671875,0,0.0,21,0.328125,0.671875,2,,,,,,,,,,,,,,,,,,,,,,,,,0.083074896,,,,,,
S15,DUA,,,,,,,,,,4,64,0,0.0,10,0.15625,54,0.84375,0.84375,2,,,,,,,,,,,,,,,,,,,,,,,,,0.07839040223999999,,,,,,
S15,DUA,,,,,,,,,,5,64,0,0.0,64,1.0,0,0.0,1.0,1,,,,,,,,,,,,,,,,,,,,,,,,,0.07398697810559998,,,,,,
S15,DUA,,,,,,,,,,6,63,0,0.0,63,1.0,0,0.0,1.0,1,,,,,,,,,,,,,,,,,,,,,,,,,0.06984775941926398,,,,,,
S15,RoTTA,,,,,,,,,,0,64,64,1.0,0,0.0,0,0.0,1.0,1,,,,,,,,,,,,,,,,,,,,,,,,,,61.0,,,,,
S15,RoTTA,,,,,,,,,,1,64,64,1.0,0,0.0,0,0.0,1.0,1,,,,,,,,,,,,,,,,,,,,,,,,,,66.0,,,,,
S15,RoTTA,,,,,,,,,,2,64,64,1.0,0,0.0,0,0.0,1.0,1,,,,,,,,,,,,,,,,,,,,,,,,,,66.0,,,,,
S15,RoTTA,,,,,,,,,,3,64,43,0.671875,0,0.0,21,0.328125,0.671875,2,,,,,,,,,,,,,,,,,,,,,,,,,,66.0,,,,,
S15,RoTTA,,,,,,,,,,4,64,0,0.0,10,0.15625,54,0.84375,0.84375,2,,,,,,,,,,,,,,,,,,,,,,,,,,66.0,,,,,
S15,RoTTA,,,,,,,,,,5,64,0,0.0,64,1.0,0,0.0,1.0,1,,,,,,,,,,,,,,,,,,,,,,,,,,66.0,,,,,
S15,RoTTA,,,,,,,,,,6,63,0,0.0,63,1.0,0,0.0,1.0,1,,,,,,,,,,,,,,,,,,,,,,,,,,66.0,,,,,
S15,NOTE,,,,,,,,,,0,64,64,1.0,0,0.0,0,0.0,1.0,1,,,,,,,,,,,,,,,,,,,,,,,,,,,64.0,1.0,0.4779525399208069,,
S15,NOTE,,,,,,,,,,1,64,64,1.0,0,0.0,0,0.0,1.0,1,,,,,,,,,,,,,,,,,,,,,,,,,,,64.0,1.0,0.6176263093948364,,
S15,NOTE,,,,,,,,,,2,64,64,1.0,0,0.0,0,0.0,1.0,1,,,,,,,,,,,,,,,,,,,,,,,,,,,64.0,1.0,0.7270759344100952,,
S15,NOTE,,,,,,,,,,3,64,43,0.671875,0,0.0,21,0.328125,0.671875,2,,,,,,,,,,,,,,,,,,,,,,,,,,,64.0,1.0,0.6505867838859558,,
S15,NOTE,,,,,,,,,,4,64,0,0.0,10,0.15625,54,0.84375,0.84375,2,,,,,,,,,,,,,,,,,,,,,,,,,,,64.0,1.0,0.5653569102287292,,
S15,NOTE,,,,,,,,,,5,64,0,0.0,64,1.0,0,0.0,1.0,1,,,,,,,,,,,,,,,,,,,,,,,,,,,64.0,1.0,0.777076244354248,,
S15,NOTE,,,,,,,,,,6,63,0,0.0,63,1.0,0,0.0,1.0,1,,,,,,,,,,,,,,,,,,,,,,,,,,,64.0,0.0,,,
S15,DELTA,,,,,,,,,,0,64,64,1.0,0,0.0,0,0.0,1.0,1,,,,,,,,,,,,,,,,,,,,,,,,,,,,,,0.23421208560466766,36.0
S15,DELTA,,,,,,,,,,1,64,64,1.0,0,0.0,0,0.0,1.0,1,,,,,,,,,,,,,,,,,,,,,,,,,,,,,,0.16487890481948853,59.0
S15,DELTA,,,,,,,,,,2,64,64,1.0,0,0.0,0,0.0,1.0,1,,,,,,,,,,,,,,,,,,,,,,,,,,,,,,0.1561519056558609,62.0
S15,DELTA,,,,,,,,,,3,64,43,0.671875,0,0.0,21,0.328125,0.671875,2,,,,,,,,,,,,,,,,,,,,,,,,,,,,,,0.28600025177001953,51.0
S15,DELTA,,,,,,,,,,4,64,0,0.0,10,0.15625,54,0.84375,0.84375,2,,,,,,,,,,,,,,,,,,,,,,,,,,,,,,0.4004109799861908,39.0
S15,DELTA,,,,,,,,,,5,64,0,0.0,64,1.0,0,0.0,1.0,1,,,,,,,,,,,,,,,,,,,,,,,,,,,,,,0.013010025955736637,64.0
S15,DELTA,,,,,,,,,,6,63,0,0.0,63,1.0,0,0.0,1.0,1,,,,,,,,,,,,,,,,,,,,,,,,,,,,,,0.04986749216914177,63.0
S16,EMATent,0.05676661804318428,0.05676661804318428,0.9898734092712402,0.0,0.4829700145870447,0.5,0.017029985412955282,0.0,0.0,0,64,64,1.0,0,0.0,0,0.0,1.0,1,,,,,,,,,,,,,,,,,,,,,,,,,,,,,,,
S16,EMATent,0.055541083216667175,0.055541083216667175,0.9903598427772522,0.0,0.48333767503499986,0.5,0.016662324965000152,0.0,0.0,1,64,64,1.0,0,0.0,0,0.0,1.0,1,,,,,,,,,,,,,,,,,,,,,,,,,,,,,,,
S16,EMATent,0.04897424951195717,0.04897424951195717,0.9916893243789673,0.0,0.48530772514641285,0.5,0.01469227485358715,0.0,0.0,2,64,64,1.0,0,0.0,0,0.0,1.0,1,,,,,,,,,,,,,,,,,,,,,,,,,,,,,,,
S16,EMATent,0.7580475807189941,0.7580475807189941,0.9265336990356445,1.0,0.27258572578430174,0.5,0.22741427421569824,0.0,0.0,3,64,44,0.6875,20,0.3125,0,0.0,0.6875,2,,,,,,,,,,,,,,,,,,,,,,,,,,,,,,,
S16,EMATent,0.0021251796279102564,0.0021251796279102564,0.9997601509094238,0.0,0.49936244611162695,0.5,0.0006375538883730769,0.0,0.0,4,64,0,0.0,64,1.0,0,0.0,1.0,1,,,,,,,,,,,,,,,,,,,,,,,,,,,,,,,
S16,EMATent,0.3358531892299652,0.3358531892299652,0.9305849075317383,1.0,0.3992440432310105,0.5,0.10075595676898956,0.0,0.0,5,64,0,0.0,50,0.78125,14,0.21875,0.78125,2,,,,,,,,,,,,,,,,,,,,,,,,,,,,,,,
S16,EMATent,0.5345962643623352,0.5345962643623352,0.7819778919219971,1.0,0.33962112069129946,0.5,0.16037887930870057,0.0,0.0,6,60,0,0.0,0,0.0,60,1.0,1.0,1,,,,,,,,,,,,,,,,,,,,,,,,,,,,,,,
S16,DynaMixEMATent,,,,,,,,,,0,64,64,1.0,0,0.0,0,0.0,1.0,1,0.012754741124808788,0.05676661804318428,0.05676661804318428,0.04401187598705292,0.9554622995796708,0.027507715007373913,0.017029985412955282,0.02798428700689326,3.633063554763794,0.19999999999999996,0.0,0.044814664870500565,0.2,0.0,1.0,64.0,1.0,0.0,0.0,0.0,0.0,1.0,1.0,0.6666666666666667,,,,,,,
S16,DynaMixEMATent,,,,,,,,,,1,64,64,1.0,0,0.0,0,0.0,1.0,1,0.004817623645067215,0.031749460846185684,0.031749460846185684,0.02693183720111847,0.9475945774829679,0.04288058426317627,0.009524838253855705,0.04329294253838789,5.665029048919678,0.19999999999999996,0.0,0.03288011997938156,0.2,0.0,1.0,64.0,1.0,0.0,0.0,0.0,0.0,1.0,1.0,0.6666666666666667,,,,,,,
S16,DynaMixEMATent,,,,,,,,,,2,64,64,1.0,0,0.0,0,0.0,1.0,1,0.003008585888892412,0.019533762708306313,0.019533762708306313,0.016525177285075188,0.9418565602062653,0.052283310981242836,0.005860128812491893,0.05259150396894352,6.915189862251282,0.19999999999999996,0.0,0.01885421946644783,0.2,0.0,1.0,64.0,1.0,0.0,0.0,0.0,0.0,1.0,1.0,0.6666666666666667,,,,,,,
S16,DynaMixEMATent,,,,,,,,,,3,64,44,0.6875,20,0.3125,0,0.0,0.6875,2,0.5505971312522888,0.5903425216674805,0.5903425216674805,0.03974536433815956,0.5803521968725514,0.24254504662720458,0.17710275650024412,0.29474524133252433,44.69711124897003,0.19999999999999996,1.0,0.17860478162765503,0.2,0.0,1.0,42.0,0.65625,22.0,0.34375,0.0,0.0,0.65625,2.0,0.3541666666666667,,,,,,,
S16,DynaMixEMATent,,,,,,,,,,4,64,0,0.0,64,1.0,0,0.0,1.0,1,0.0021396884694695473,0.010109301656484604,0.010109301656484604,0.007969613187015057,0.6995708305421491,0.29739637896090554,0.003032790496945381,0.2983010635917954,45.344106554985046,0.19999999999999996,0.0,0.004327266942709684,0.2,0.0,1.0,0.0,0.0,64.0,1.0,0.0,0.0,1.0,1.0,0.6666666666666667,,,,,,,
S16,DynaMixEMATent,,,,,,,,,,5,64,0,0.0,50,0.78125,14,0.21875,0.78125,2,0.01621231809258461,0.05383140221238136,0.05383140221238136,0.03761908411979675,0.6720330371140516,0.31181754222223396,0.016149420663714407,0.31693587295805514,48.789316296577454,0.19999999999999996,0.0,0.12608245015144348,0.2,0.0,1.0,0.0,0.0,63.0,0.984375,1.0,0.015625,0.984375,2.0,0.4479166666666667,,,,,,,
S16,DynaMixEMATent,,,,,,,,,,6,60,0,0.0,0,0.0,60,1.0,1.0,1,0.007545299828052521,0.0857260450720787,0.0857260450720787,0.07818074524402618,0.639284999571606,0.33499718690677044,0.02571781352162361,0.3438399999056182,53.932879000902176,0.19999999999999996,0.0,0.6711186170578003,0.2,0.0,1.0,0.0,0.0,41.0,0.6833333333333333,19.0,0.31666666666666665,0.6833333333333333,2.0,0.6666666666666667,,,,,,,
S16,TEMA,,,,,,,,,,0,64,64,1.0,0,0.0,0,0.0,1.0,1,,,,,,,,,,,,,,,,,,,,,,,,,,,,,,,
S16,TEMA,,,,,,,,,,1,64,64,1.0,0,0.0,0,0.0,1.0,1,,,,,,,,,,,,,,,,,,,,,,,,,,,,,,,
S16,TEMA,,,,,,,,,,2,64,64,1.0,0,0.0,0,0.0,1.0,1,,,,,,,,,,,,,,,,,,,,,,,,,,,,,,,
S16,TEMA,,,,,,,,,,3,64,44,0.6875,20,0.3125,0,0.0,0.6875,2,,,,,,,,,,,,,,,,,,,,,,,,,,,,,,,
S16,TEMA,,,,,,,,,,4,64,0,0.0,64,1.0,0,0.0,1.0,1,,,,,,,,,,,,,,,,,,,,,,,,,,,,,,,
S16,TEMA,,,,,,,,,,5,64,0,0.0,50,0.78125,14,0.21875,0.78125,2,,,,,,,,,,,,,,,,,,,,,,,,,,,,,,,
S16,TEMA,,,,,,,,,,6,60,0,0.0,0,0.0,60,1.0,1.0,1,,,,,,,,,,,,,,,,,,,,,,,,,,,,,,,
S16,DUA,,,,,,,,,,0,64,64,1.0,0,0.0,0,0.0,1.0,1,,,,,,,,,,,,,,,,,,,,,,,,,0.099,,,,,,
S16,DUA,,,,,,,,,,1,64,64,1.0,0,0.0,0,0.0,1.0,1,,,,,,,,,,,,,,,,,,,,,,,,,0.09336,,,,,,
S16,DUA,,,,,,,,,,2,64,64,1.0,0,0.0,0,0.0,1.0,1,,,,,,,,,,,,,,,,,,,,,,,,,0.0880584,,,,,,
S16,DUA,,,,,,,,,,3,64,44,0.6875,20,0.3125,0,0.0,0.6875,2,,,,,,,,,,,,,,,,,,,,,,,,,0.083074896,,,,,,
S16,DUA,,,,,,,,,,4,64,0,0.0,64,1.0,0,0.0,1.0,1,,,,,,,,,,,,,,,,,,,,,,,,,0.07839040223999999,,,,,,
S16,DUA,,,,,,,,,,5,64,0,0.0,50,0.78125,14,0.21875,0.78125,2,,,,,,,,,,,,,,,,,,,,,,,,,0.07398697810559998,,,,,,
S16,DUA,,,,,,,,,,6,60,0,0.0,0,0.0,60,1.0,1.0,1,,,,,,,,,,,,,,,,,,,,,,,,,0.06984775941926398,,,,,,
S16,RoTTA,,,,,,,,,,0,64,64,1.0,0,0.0,0,0.0,1.0,1,,,,,,,,,,,,,,,,,,,,,,,,,,54.0,,,,,
S16,RoTTA,,,,,,,,,,1,64,64,1.0,0,0.0,0,0.0,1.0,1,,,,,,,,,,,,,,,,,,,,,,,,,,64.0,,,,,
S16,RoTTA,,,,,,,,,,2,64,64,1.0,0,0.0,0,0.0,1.0,1,,,,,,,,,,,,,,,,,,,,,,,,,,66.0,,,,,
S16,RoTTA,,,,,,,,,,3,64,44,0.6875,20,0.3125,0,0.0,0.6875,2,,,,,,,,,,,,,,,,,,,,,,,,,,66.0,,,,,
S16,RoTTA,,,,,,,,,,4,64,0,0.0,64,1.0,0,0.0,1.0,1,,,,,,,,,,,,,,,,,,,,,,,,,,66.0,,,,,
S16,RoTTA,,,,,,,,,,5,64,0,0.0,50,0.78125,14,0.21875,0.78125,2,,,,,,,,,,,,,,,,,,,,,,,,,,66.0,,,,,
S16,RoTTA,,,,,,,,,,6,60,0,0.0,0,0.0,60,1.0,1.0,1,,,,,,,,,,,,,,,,,,,,,,,,,,66.0,,,,,
S16,NOTE,,,,,,,,,,0,64,64,1.0,0,0.0,0,0.0,1.0,1,,,,,,,,,,,,,,,,,,,,,,,,,,,64.0,1.0,0.4313594102859497,,
S16,NOTE,,,,,,,,,,1,64,64,1.0,0,0.0,0,0.0,1.0,1,,,,,,,,,,,,,,,,,,,,,,,,,,,64.0,1.0,0.49235764145851135,,
S16,NOTE,,,,,,,,,,2,64,64,1.0,0,0.0,0,0.0,1.0,1,,,,,,,,,,,,,,,,,,,,,,,,,,,64.0,1.0,0.4652683734893799,,
S16,NOTE,,,,,,,,,,3,64,44,0.6875,20,0.3125,0,0.0,0.6875,2,,,,,,,,,,,,,,,,,,,,,,,,,,,64.0,1.0,0.20601925253868103,,
S16,NOTE,,,,,,,,,,4,64,0,0.0,64,1.0,0,0.0,1.0,1,,,,,,,,,,,,,,,,,,,,,,,,,,,64.0,1.0,0.2841264307498932,,
S16,NOTE,,,,,,,,,,5,64,0,0.0,50,0.78125,14,0.21875,0.78125,2,,,,,,,,,,,,,,,,,,,,,,,,,,,64.0,1.0,0.36850640177726746,,
S16,NOTE,,,,,,,,,,6,60,0,0.0,0,0.0,60,1.0,1.0,1,,,,,,,,,,,,,,,,,,,,,,,,,,,64.0,0.0,,,
S16,DELTA,,,,,,,,,,0,64,64,1.0,0,0.0,0,0.0,1.0,1,,,,,,,,,,,,,,,,,,,,,,,,,,,,,,0.26519694924354553,42.0
S16,DELTA,,,,,,,,,,1,64,64,1.0,0,0.0,0,0.0,1.0,1,,,,,,,,,,,,,,,,,,,,,,,,,,,,,,0.12340381741523743,56.0
S16,DELTA,,,,,,,,,,2,64,64,1.0,0,0.0,0,0.0,1.0,1,,,,,,,,,,,,,,,,,,,,,,,,,,,,,,0.2316983938217163,51.0
S16,DELTA,,,,,,,,,,3,64,44,0.6875,20,0.3125,0,0.0,0.6875,2,,,,,,,,,,,,,,,,,,,,,,,,,,,,,,0.08167143166065216,64.0
S16,DELTA,,,,,,,,,,4,64,0,0.0,64,1.0,0,0.0,1.0,1,,,,,,,,,,,,,,,,,,,,,,,,,,,,,,0.0023563476279377937,64.0
S16,DELTA,,,,,,,,,,5,64,0,0.0,50,0.78125,14,0.21875,0.78125,2,,,,,,,,,,,,,,,,,,,,,,,,,,,,,,0.048388365656137466,63.0
S16,DELTA,,,,,,,,,,6,60,0,0.0,0,0.0,60,1.0,1.0,1,,,,,,,,,,,,,,,,,,,,,,,,,,,,,,0.4896218180656433,28.0
S17,EMATent,0.046517837792634964,0.046517837792634964,0.9921866655349731,0.0,0.48604464866220953,0.5,0.01395535133779049,0.0,0.0,0,64,64,1.0,0,0.0,0,0.0,1.0,1,,,,,,,,,,,,,,,,,,,,,,,,,,,,,,,
S17,EMATent,0.12535303831100464,0.12535303831100464,0.9741958975791931,0.0,0.4623940885066986,0.5,0.03760591149330139,0.0,0.0,1,64,64,1.0,0,0.0,0,0.0,1.0,1,,,,,,,,,,,,,,,,,,,,,,,,,,,,,,,
S17,EMATent,0.9285538792610168,0.9285538792610168,0.5632777214050293,1.0,0.22143383622169496,0.5,0.27856616377830506,0.0,0.0,2,64,64,1.0,0,0.0,0,0.0,1.0,1,,,,,,,,,,,,,,,,,,,,,,,,,,,,,,,
S17,EMATent,0.9851353764533997,0.9851353764533997,0.5559275150299072,1.0,0.20445938706398012,0.5,0.2955406129360199,0.0,0.0,3,64,45,0.703125,0,0.0,19,0.296875,0.703125,2,,,,,,,,,,,,,,,,,,,,,,,,,,,,,,,
S17,EMATent,0.6587468981742859,0.6587468981742859,0.6306488513946533,1.0,0.3023759305477142,0.5,0.19762406945228575,0.0,0.0,4,64,0,0.0,9,0.140625,55,0.859375,0.859375,2,,,,,,,,,,,,,,,,,,,,,,,,,,,,,,,
S17,EMATent,0.6556109189987183,0.6556109189987183,0.6337184906005859,1.0,0.30331672430038453,0.5,0.19668327569961547,0.0,0.0,5,64,0,0.0,64,1.0,0,0.0,1.0,1,,,,,,,,,,,,,,,,,,,,,,,,,,,,,,,
S17,EMATent,0.6399298906326294,0.6399298906326294,0.6550345420837402,1.0,0.3080210328102112,0.5,0.19197896718978882,0.0,0.0,6,64,0,0.0,64,1.0,0,0.0,1.0,1,,,,,,,,,,,,,,,,,,,,,,,,,,,,,,,
S17,EMATent,0.6265543103218079,0.6265543103218079,0.6913942694664001,1.0,0.31203370690345766,0.5,0.18796629309654236,0.0,0.0,7,8,0,0.0,8,1.0,0,0.0,1.0,1,,,,,,,,,,,,,,,,,,,,,,,,,,,,,,,
S17,DynaMixEMATent,,,,,,,,,,0,64,64,1.0,0,0.0,0,0.0,1.0,1,0.006996407639235258,0.046517837792634964,0.046517837792634964,0.03952142968773842,0.9633749741832917,0.02266967447891788,0.01395535133779049,0.022990515195913663,2.9771416187286377,0.19999999999999996,0.0,0.04157595336437225,0.2,0.0,1.0,64.0,1.0,0.0,0.0,0.0,0.0,1.0,1.0,0.6666666666666667,,,,,,,
S17,DynaMixEMATent,,,,,,,,,,1,64,64,1.0,0,0.0,0,0.0,1.0,1,0.007326742634177208,0.07220060378313065,0.07220060378313065,0.06487386673688889,0.921956324411226,0.056383494453834865,0.021660181134939192,0.05763180989530148,7.597980260848999,0.19999999999999996,0.0,0.08579094707965851,0.2,0.0,1.0,64.0,1.0,0.0,0.0,0.0,0.0,1.0,1.0,0.6666666666666667,,,,,,,
S17,DynaMixEMATent,,,,,,,,,,2,64,64,1.0,0,0.0,0,0.0,1.0,1,0.02501712180674076,0.3252828121185303,0.3252828121185303,0.30026569962501526,0.722757710681993,0.17965744568244787,0.09758484363555908,0.19908513771669534,28.416080236434937,0.19999999999999996,1.0,0.7363480925559998,0.2,0.0,1.0,63.0,0.984375,1.0,0.015625,0.0,0.0,0.984375,2.0,0.6666666666666667,,,,,,,
S17,DynaMixEMATent,,,,,,,,,,3,64,45,0.703125,0,0.0,19,0.296875,0.703125,2,0.33496925234794617,0.8883845210075378,0.8883845210075378,0.5534152984619141,0.37676203240123757,0.3567226112965011,0.26651535630226136,0.4863395769243981,85.27268958091736,0.19999999999999996,1.0,0.8425119519233704,0.2,0.0,1.0,19.0,0.296875,12.0,0.1875,33.0,0.515625,0.515625,3.0,0.3697916666666667,,,,,,,
S17,DynaMixEMATent,,,,,,,,,,4,64,0,0.0,9,0.140625,55,0.859375,0.859375,2,0.019714560359716415,0.7694035768508911,0.7694035768508911,0.7496890425682068,0.26892403487756666,0.500254892067166,0.23082107305526733,0.6503751917050511,134.5145184993744,0.19999999999999996,1.0,0.7266955971717834,0.2,0.0,1.0,0.0,0.0,15.0,0.234375,49.0,0.765625,0.765625,2.0,0.5260416666666667,,,,,,,
S17,DynaMixEMATent,,,,,,,,,,5,64,0,0.0,64,1.0,0,0.0,1.0,1,0.03203130513429642,0.6879633665084839,0.6879633665084839,0.6559320688247681,0.19670734094070505,0.5969036491067498,0.20638900995254517,0.7521363194215056,178.54417395591736,0.19999999999999996,1.0,0.6703643798828125,0.2,0.0,1.0,0.0,0.0,39.0,0.609375,25.0,0.390625,0.609375,2.0,0.6666666666666667,,,,,,,
S17,DynaMixEMATent,,,,,,,,,,6,64,0,0.0,64,1.0,0,0.0,1.0,1,0.03175840526819229,0.6911947727203369,0.6911947727203369,0.6594363451004028,0.13905887148662746,0.6535826966972715,0.20735843181610106,0.8245627316704582,222.78063941001892,0.19999999999999996,1.0,0.6907504200935364,0.2,0.0,1.0,0.0,0.0,58.0,0.90625,6.0,0.09375,0.90625,2.0,0.6666666666666667,,,,,,,
S17,DynaMixEMATent,,,,,,,,,,7,8,0,0.0,8,1.0,0,0.0,1.0,1,0.040847279131412506,0.6897986531257629,0.6897986531257629,0.6489514112472534,0.13326148212164085,0.6597989219406302,0.20693959593772887,0.83196553321911,228.29902863502502,0.19999999999999996,1.0,0.7487033605575562,0.2,0.0,1.0,0.0,0.0,8.0,1.0,0.0,0.0,1.0,1.0,0.6666666666666667,,,,,,,
S17,TEMA,,,,,,,,,,0,64,64,1.0,0,0.0,0,0.0,1.0,1,,,,,,,,,,,,,,,,,,,,,,,,,,,,,,,
S17,TEMA,,,,,,,,,,1,64,64,1.0,0,0.0,0,0.0,1.0,1,,,,,,,,,,,,,,,,,,,,,,,,,,,,,,,
S17,TEMA,,,,,,,,,,2,64,64,1.0,0,0.0,0,0.0,1.0,1,,,,,,,,,,,,,,,,,,,,,,,,,,,,,,,
S17,TEMA,,,,,,,,,,3,64,45,0.703125,0,0.0,19,0.296875,0.703125,2,,,,,,,,,,,,,,,,,,,,,,,,,,,,,,,
S17,TEMA,,,,,,,,,,4,64,0,0.0,9,0.140625,55,0.859375,0.859375,2,,,,,,,,,,,,,,,,,,,,,,,,,,,,,,,
S17,TEMA,,,,,,,,,,5,64,0,0.0,64,1.0,0,0.0,1.0,1,,,,,,,,,,,,,,,,,,,,,,,,,,,,,,,
S17,TEMA,,,,,,,,,,6,64,0,0.0,64,1.0,0,0.0,1.0,1,,,,,,,,,,,,,,,,,,,,,,,,,,,,,,,
S17,TEMA,,,,,,,,,,7,8,0,0.0,8,1.0,0,0.0,1.0,1,,,,,,,,,,,,,,,,,,,,,,,,,,,,,,,
S17,DUA,,,,,,,,,,0,64,64,1.0,0,0.0,0,0.0,1.0,1,,,,,,,,,,,,,,,,,,,,,,,,,0.099,,,,,,
S17,DUA,,,,,,,,,,1,64,64,1.0,0,0.0,0,0.0,1.0,1,,,,,,,,,,,,,,,,,,,,,,,,,0.09336,,,,,,
S17,DUA,,,,,,,,,,2,64,64,1.0,0,0.0,0,0.0,1.0,1,,,,,,,,,,,,,,,,,,,,,,,,,0.0880584,,,,,,
S17,DUA,,,,,,,,,,3,64,45,0.703125,0,0.0,19,0.296875,0.703125,2,,,,,,,,,,,,,,,,,,,,,,,,,0.083074896,,,,,,
S17,DUA,,,,,,,,,,4,64,0,0.0,9,0.140625,55,0.859375,0.859375,2,,,,,,,,,,,,,,,,,,,,,,,,,0.07839040223999999,,,,,,
S17,DUA,,,,,,,,,,5,64,0,0.0,64,1.0,0,0.0,1.0,1,,,,,,,,,,,,,,,,,,,,,,,,,0.07398697810559998,,,,,,
S17,DUA,,,,,,,,,,6,64,0,0.0,64,1.0,0,0.0,1.0,1,,,,,,,,,,,,,,,,,,,,,,,,,0.06984775941926398,,,,,,
S17,DUA,,,,,,,,,,7,8,0,0.0,8,1.0,0,0.0,1.0,1,,,,,,,,,,,,,,,,,,,,,,,,,0.06595689385410813,,,,,,
S17,RoTTA,,,,,,,,,,0,64,64,1.0,0,0.0,0,0.0,1.0,1,,,,,,,,,,,,,,,,,,,,,,,,,,42.0,,,,,
S17,RoTTA,,,,,,,,,,1,64,64,1.0,0,0.0,0,0.0,1.0,1,,,,,,,,,,,,,,,,,,,,,,,,,,56.0,,,,,
S17,RoTTA,,,,,,,,,,2,64,64,1.0,0,0.0,0,0.0,1.0,1,,,,,,,,,,,,,,,,,,,,,,,,,,56.0,,,,,
S17,RoTTA,,,,,,,,,,3,64,45,0.703125,0,0.0,19,0.296875,0.703125,2,,,,,,,,,,,,,,,,,,,,,,,,,,56.0,,,,,
S17,RoTTA,,,,,,,,,,4,64,0,0.0,9,0.140625,55,0.859375,0.859375,2,,,,,,,,,,,,,,,,,,,,,,,,,,65.0,,,,,
S17,RoTTA,,,,,,,,,,5,64,0,0.0,64,1.0,0,0.0,1.0,1,,,,,,,,,,,,,,,,,,,,,,,,,,66.0,,,,,
S17,RoTTA,,,,,,,,,,6,64,0,0.0,64,1.0,0,0.0,1.0,1,,,,,,,,,,,,,,,,,,,,,,,,,,66.0,,,,,
S17,RoTTA,,,,,,,,,,7,8,0,0.0,8,1.0,0,0.0,1.0,1,,,,,,,,,,,,,,,,,,,,,,,,,,66.0,,,,,
S17,NOTE,,,,,,,,,,0,64,64,1.0,0,0.0,0,0.0,1.0,1,,,,,,,,,,,,,,,,,,,,,,,,,,,64.0,1.0,0.4854855239391327,,
S17,NOTE,,,,,,,,,,1,64,64,1.0,0,0.0,0,0.0,1.0,1,,,,,,,,,,,,,,,,,,,,,,,,,,,64.0,1.0,0.5965963006019592,,
S17,NOTE,,,,,,,,,,2,64,64,1.0,0,0.0,0,0.0,1.0,1,,,,,,,,,,,,,,,,,,,,,,,,,,,64.0,1.0,0.6684693098068237,,
S17,NOTE,,,,,,,,,,3,64,45,0.703125,0,0.0,19,0.296875,0.703125,2,,,,,,,,,,,,,,,,,,,,,,,,,,,64.0,1.0,0.5490438938140869,,
S17,NOTE,,,,,,,,,,4,64,0,0.0,9,0.140625,55,0.859375,0.859375,2,,,,,,,,,,,,,,,,,,,,,,,,,,,64.0,1.0,0.6532841920852661,,
S17,NOTE,,,,,,,,,,5,64,0,0.0,64,1.0,0,0.0,1.0,1,,,,,,,,,,,,,,,,,,,,,,,,,,,64.0,1.0,0.6015611290931702,,
S17,NOTE,,,,,,,,,,6,64,0,0.0,64,1.0,0,0.0,1.0,1,,,,,,,,,,,,,,,,,,,,,,,,,,,64.0,1.0,0.8691726922988892,,
S17,NOTE,,,,,,,,,,7,8,0,0.0,8,1.0,0,0.0,1.0,1,,,,,,,,,,,,,,,,,,,,,,,,,,,64.0,0.0,,,
S17,DELTA,,,,,,,,,,0,64,64,1.0,0,0.0,0,0.0,1.0,1,,,,,,,,,,,,,,,,,,,,,,,,,,,,,,0.31964582204818726,38.0
S17,DELTA,,,,,,,,,,1,64,64,1.0,0,0.0,0,0.0,1.0,1,,,,,,,,,,,,,,,,,,,,,,,,,,,,,,0.4602300822734833,19.0
S17,DELTA,,,,,,,,,,2,64,64,1.0,0,0.0,0,0.0,1.0,1,,,,,,,,,,,,,,,,,,,,,,,,,,,,,,0.24224154651165009,50.0
S17,DELTA,,,,,,,,,,3,64,45,0.703125,0,0.0,19,0.296875,0.703125,2,,,,,,,,,,,,,,,,,,,,,,,,,,,,,,0.19446660578250885,54.0
S17,DELTA,,,,,,,,,,4,64,0,0.0,9,0.140625,55,0.859375,0.859375,2,,,,,,,,,,,,,,,,,,,,,,,,,,,,,,0.17758139967918396,59.0
S17,DELTA,,,,,,,,,,5,64,0,0.0,64,1.0,0,0.0,1.0,1,,,,,,,,,,,,,,,,,,,,,,,,,,,,,,0.02670755237340927,64.0
S17,DELTA,,,,,,,,,,6,64,0,0.0,64,1.0,0,0.0,1.0,1,,,,,,,,,,,,,,,,,,,,,,,,,,,,,,0.04557100310921669,64.0
S17,DELTA,,,,,,,,,,7,8,0,0.0,8,1.0,0,0.0,1.0,1,,,,,,,,,,,,,,,,,,,,,,,,,,,,,,0.012817601673305035,8.0
S2,EMATent,0.0278098713606596,0.0278098713606596,0.9956983327865601,0.0,0.4916570385918021,0.5,0.00834296140819788,0.0,0.0,0,64,64,1.0,0,0.0,0,0.0,1.0,1,,,,,,,,,,,,,,,,,,,,,,,,,,,,,,,
S2,EMATent,0.04420046508312225,0.04420046508312225,0.9925421476364136,0.0,0.48673986047506335,0.5,0.013260139524936676,0.0,0.0,1,64,64,1.0,0,0.0,0,0.0,1.0,1,,,,,,,,,,,,,,,,,,,,,,,,,,,,,,,
S2,EMATent,0.09522645175457001,0.09522645175457001,0.9811999797821045,0.0,0.471432064473629,0.5,0.028567935526371,0.0,0.0,2,64,64,1.0,0,0.0,0,0.0,1.0,1,,,,,,,,,,,,,,,,,,,,,,,,,,,,,,,
S2,EMATent,0.6084392070770264,0.6084392070770264,0.8767279982566833,1.0,0.3174682378768921,0.5,0.1825317621231079,0.0,0.0,3,64,37,0.578125,27,0.421875,0,0.0,0.578125,2,,,,,,,,,,,,,,,,,,,,,,,,,,,,,,,
S2,EMATent,0.6809625625610352,0.6809625625610352,0.7643676996231079,1.0,0.29571123123168946,0.5,0.20428876876831054,0.0,0.0,4,64,0,0.0,64,1.0,0,0.0,1.0,1,,,,,,,,,,,,,,,,,,,,,,,,,,,,,,,
S2,EMATent,0.6583476662635803,0.6583476662635803,0.8573713302612305,1.0,0.3024957001209259,0.5,0.19750429987907409,0.0,0.0,5,64,0,0.0,32,0.5,32,0.5,0.5,2,,,,,,,,,,,,,,,,,,,,,,,,,,,,,,,
S2,EMATent,0.6798980236053467,0.6798980236053467,0.744144856929779,1.0,0.296030592918396,0.5,0.203969407081604,0.0,0.0,6,40,0,0.0,0,0.0,40,1.0,1.0,1,,,,,,,,,,,,,,,,,,,,,,,,,,,,,,,
S2,DynaMixEMATent,,,,,,,,,,0,64,64,1.0,0,0.0,0,0.0,1.0,1,0.004345165565609932,0.0278098713606596,0.0278098713606596,0.023464705795049667,0.977963535525627,0.013693503066175162,0.00834296140819788,0.013808708589030494,1.7798317670822144,0.19999999999999996,0.0,0.02642608992755413,0.2,0.0,1.0,64.0,1.0,0.0,0.0,0.0,0.0,1.0,1.0,0.6666666666666667,,,,,,,
S2,DynaMixEMATent,,,,,,,,,,1,64,64,1.0,0,0.0,0,0.0,1.0,1,0.002720458898693323,0.031370047479867935,0.031370047479867935,0.0286495890468359,0.9617069148337718,0.028882070922267838,0.00941101424396038,0.029156462809067474,3.787514805793762,0.19999999999999996,0.0,0.03399215638637543,0.2,0.0,1.0,64.0,1.0,0.0,0.0,0.0,0.0,1.0,1.0,0.6666666666666667,,,,,,,
S2,DynaMixEMATent,,,,,,,,,,2,64,64,1.0,0,0.0,0,0.0,1.0,1,0.008353213779628277,0.06096639484167099,0.06096639484167099,0.05261318013072014,0.9244721031308731,0.05723797841662558,0.018289918452501296,0.058304360414023315,7.689364075660706,0.19999999999999996,0.0,0.06075923144817352,0.2,0.0,1.0,64.0,1.0,0.0,0.0,0.0,0.0,1.0,1.0,0.6666666666666667,,,,,,,
S2,DynaMixEMATent,,,,,,,,,,3,64,37,0.578125,27,0.421875,0,0.0,0.578125,2,0.10261139273643494,0.1900881975889206,0.1900881975889206,0.08747680485248566,0.8074821648552674,0.13549137586805643,0.05702645927667618,0.1436852361351788,19.855008721351624,0.19999999999999996,0.0,0.21529188752174377,0.2,0.0,1.0,57.0,0.890625,0.0,0.0,7.0,0.109375,0.890625,2.0,0.24479166666666669,,,,,,,
S2,DynaMixEMATent,,,,,,,,,,4,64,0,0.0,64,1.0,0,0.0,1.0,1,0.021915428340435028,0.10145372152328491,0.10145372152328491,0.07953829318284988,0.7891861695920269,0.18037771395098756,0.030436116456985473,0.18604005059660944,26.348046898841858,0.19999999999999996,0.0,0.21283426880836487,0.2,0.0,1.0,63.0,0.984375,0.0,0.0,1.0,0.015625,0.984375,2.0,0.6666666666666667,,,,,,,
S2,DynaMixEMATent,,,,,,,,,,5,64,0,0.0,32,0.5,32,0.5,0.5,2,0.1285891830921173,0.3864955008029938,0.3864955008029938,0.25790631771087646,0.5931357432224327,0.2909156065366691,0.11594865024089812,0.32907093758291495,51.08375895023346,0.19999999999999996,1.0,0.44404521584510803,0.2,0.0,1.0,25.0,0.390625,0.0,0.0,39.0,0.609375,0.609375,2.0,0.16666666666666669,,,,,,,
S2,DynaMixEMATent,,,,,,,,,,6,40,0,0.0,0,0.0,40,1.0,1.0,1,0.03665846586227417,0.17856451869010925,0.17856451869010925,0.14190605282783508,0.6005250844233411,0.34590555996962613,0.05356935560703278,0.3654843194468699,58.22633969783783,0.19999999999999996,0.0,0.6225215196609497,0.2,0.0,1.0,24.0,0.6,0.0,0.0,16.0,0.4,0.6,2.0,0.6666666666666667,,,,,,,
S2,TEMA,,,,,,,,,,0,64,64,1.0,0,0.0,0,0.0,1.0,1,,,,,,,,,,,,,,,,,,,,,,,,,,,,,,,
S2,TEMA,,,,,,,,,,1,64,64,1.0,0,0.0,0,0.0,1.0,1,,,,,,,,,,,,,,,,,,,,,,,,,,,,,,,
S2,TEMA,,,,,,,,,,2,64,64,1.0,0,0.0,0,0.0,1.0,1,,,,,,,,,,,,,,,,,,,,,,,,,,,,,,,
S2,TEMA,,,,,,,,,,3,64,37,0.578125,27,0.421875,0,0.0,0.578125,2,,,,,,,,,,,,,,,,,,,,,,,,,,,,,,,
S2,TEMA,,,,,,,,,,4,64,0,0.0,64,1.0,0,0.0,1.0,1,,,,,,,,,,,,,,,,,,,,,,,,,,,,,,,
S2,TEMA,,,,,,,,,,5,64,0,0.0,32,0.5,32,0.5,0.5,2,,,,,,,,,,,,,,,,,,,,,,,,,,,,,,,
S2,TEMA,,,,,,,,,,6,40,0,0.0,0,0.0,40,1.0,1.0,1,,,,,,,,,,,,,,,,,,,,,,,,,,,,,,,
S2,DUA,,,,,,,,,,0,64,64,1.0,0,0.0,0,0.0,1.0,1,,,,,,,,,,,,,,,,,,,,,,,,,0.099,,,,,,
S2,DUA,,,,,,,,,,1,64,64,1.0,0,0.0,0,0.0,1.0,1,,,,,,,,,,,,,,,,,,,,,,,,,0.09336,,,,,,
S2,DUA,,,,,,,,,,2,64,64,1.0,0,0.0,0,0.0,1.0,1,,,,,,,,,,,,,,,,,,,,,,,,,0.0880584,,,,,,
S2,DUA,,,,,,,,,,3,64,37,0.578125,27,0.421875,0,0.0,0.578125,2,,,,,,,,,,,,,,,,,,,,,,,,,0.083074896,,,,,,
S2,DUA,,,,,,,,,,4,64,0,0.0,64,1.0,0,0.0,1.0,1,,,,,,,,,,,,,,,,,,,,,,,,,0.07839040223999999,,,,,,
S2,DUA,,,,,,,,,,5,64,0,0.0,32,0.5,32,0.5,0.5,2,,,,,,,,,,,,,,,,,,,,,,,,,0.07398697810559998,,,,,,
S2,DUA,,,,,,,,,,6,40,0,0.0,0,0.0,40,1.0,1.0,1,,,,,,,,,,,,,,,,,,,,,,,,,0.06984775941926398,,,,,,
S2,RoTTA,,,,,,,,,,0,64,64,1.0,0,0.0,0,0.0,1.0,1,,,,,,,,,,,,,,,,,,,,,,,,,,43.0,,,,,
S2,RoTTA,,,,,,,,,,1,64,64,1.0,0,0.0,0,0.0,1.0,1,,,,,,,,,,,,,,,,,,,,,,,,,,54.0,,,,,
S2,RoTTA,,,,,,,,,,2,64,64,1.0,0,0.0,0,0.0,1.0,1,,,,,,,,,,,,,,,,,,,,,,,,,,66.0,,,,,
S2,RoTTA,,,,,,,,,,3,64,37,0.578125,27,0.421875,0,0.0,0.578125,2,,,,,,,,,,,,,,,,,,,,,,,,,,66.0,,,,,
S2,RoTTA,,,,,,,,,,4,64,0,0.0,64,1.0,0,0.0,1.0,1,,,,,,,,,,,,,,,,,,,,,,,,,,66.0,,,,,
S2,RoTTA,,,,,,,,,,5,64,0,0.0,32,0.5,32,0.5,0.5,2,,,,,,,,,,,,,,,,,,,,,,,,,,66.0,,,,,
S2,RoTTA,,,,,,,,,,6,40,0,0.0,0,0.0,40,1.0,1.0,1,,,,,,,,,,,,,,,,,,,,,,,,,,66.0,,,,,
S2,NOTE,,,,,,,,,,0,64,64,1.0,0,0.0,0,0.0,1.0,1,,,,,,,,,,,,,,,,,,,,,,,,,,,64.0,1.0,0.3634200990200043,,
S2,NOTE,,,,,,,,,,1,64,64,1.0,0,0.0,0,0.0,1.0,1,,,,,,,,,,,,,,,,,,,,,,,,,,,64.0,1.0,0.826858401298523,,
S2,NOTE,,,,,,,,,,2,64,64,1.0,0,0.0,0,0.0,1.0,1,,,,,,,,,,,,,,,,,,,,,,,,,,,64.0,1.0,0.7733692526817322,,
S2,NOTE,,,,,,,,,,3,64,37,0.578125,27,0.421875,0,0.0,0.578125,2,,,,,,,,,,,,,,,,,,,,,,,,,,,64.0,1.0,0.5782367587089539,,
S2,NOTE,,,,,,,,,,4,64,0,0.0,64,1.0,0,0.0,1.0,1,,,,,,,,,,,,,,,,,,,,,,,,,,,64.0,1.0,0.6090819835662842,,
S2,NOTE,,,,,,,,,,5,64,0,0.0,32,0.5,32,0.5,0.5,2,,,,,,,,,,,,,,,,,,,,,,,,,,,64.0,1.0,0.6947125196456909,,
S2,NOTE,,,,,,,,,,6,40,0,0.0,0,0.0,40,1.0,1.0,1,,,,,,,,,,,,,,,,,,,,,,,,,,,64.0,0.0,,,
S2,DELTA,,,,,,,,,,0,64,64,1.0,0,0.0,0,0.0,1.0,1,,,,,,,,,,,,,,,,,,,,,,,,,,,,,,0.28207892179489136,50.0
S2,DELTA,,,,,,,,,,1,64,64,1.0,0,0.0,0,0.0,1.0,1,,,,,,,,,,,,,,,,,,,,,,,,,,,,,,0.16848930716514587,64.0
S2,DELTA,,,,,,,,,,2,64,64,1.0,0,0.0,0,0.0,1.0,1,,,,,,,,,,,,,,,,,,,,,,,,,,,,,,0.18210077285766602,62.0
S2,DELTA,,,,,,,,,,3,64,37,0.578125,27,0.421875,0,0.0,0.578125,2,,,,,,,,,,,,,,,,,,,,,,,,,,,,,,0.016093220561742783,64.0
S2,DELTA,,,,,,,,,,4,64,0,0.0,64,1.0,0,0.0,1.0,1,,,,,,,,,,,,,,,,,,,,,,,,,,,,,,0.32505956292152405,36.0
S2,DELTA,,,,,,,,,,5,64,0,0.0,32,0.5,32,0.5,0.5,2,,,,,,,,,,,,,,,,,,,,,,,,,,,,,,0.3392249643802643,40.0
S2,DELTA,,,,,,,,,,6,40,0,0.0,0,0.0,40,1.0,1.0,1,,,,,,,,,,,,,,,,,,,,,,,,,,,,,,0.3517732620239258,31.0
S3,EMATent,0.08413420617580414,0.08413420617580414,0.9840952157974243,0.0,0.47475973814725875,0.5,0.025240261852741242,0.0,0.0,0,64,64,1.0,0,0.0,0,0.0,1.0,1,,,,,,,,,,,,,,,,,,,,,,,,,,,,,,,
S3,EMATent,0.05522334948182106,0.05522334948182106,0.9901483058929443,0.0,0.4834329951554537,0.5,0.016567004844546318,0.0,0.0,1,64,64,1.0,0,0.0,0,0.0,1.0,1,,,,,,,,,,,,,,,,,,,,,,,,,,,,,,,
S3,EMATent,0.08627859503030777,0.08627859503030777,0.9830750226974487,0.0,0.47411642149090766,0.5,0.02588357850909233,0.0,0.0,2,64,64,1.0,0,0.0,0,0.0,1.0,1,,,,,,,,,,,,,,,,,,,,,,,,,,,,,,,
S3,EMATent,0.6301167011260986,0.6301167011260986,0.9757863283157349,1.0,0.3109649896621704,0.5,0.18903501033782957,0.0,0.0,3,64,36,0.5625,28,0.4375,0,0.0,0.5625,2,,,,,,,,,,,,,,,,,,,,,,,,,,,,,,,
S3,EMATent,0.11590081453323364,0.11590081453323364,0.9813864231109619,0.0,0.4652297556400299,0.5,0.034770244359970094,0.0,0.0,4,64,0,0.0,64,1.0,0,0.0,1.0,1,,,,,,,,,,,,,,,,,,,,,,,,,,,,,,,
S3,EMATent,0.6039248704910278,0.6039248704910278,0.7908691167831421,1.0,0.31882253885269163,0.5,0.18117746114730834,0.0,0.0,5,64,0,0.0,36,0.5625,28,0.4375,0.5625,2,,,,,,,,,,,,,,,,,,,,,,,,,,,,,,,
S3,EMATent,0.48828741908073425,0.48828741908073425,0.8569217324256897,1.0,0.35351377427577974,0.5,0.14648622572422026,0.0,0.0,6,47,0,0.0,0,0.0,47,1.0,1.0,1,,,,,,,,,,,,,,,,,,,,,,,,,,,,,,,
S3,DynaMixEMATent,,,,,,,,,,0,64,64,1.0,0,0.0,0,0.0,1.0,1,0.010937853716313839,0.08413420617580414,0.08413420617580414,0.07319635152816772,0.9346049392465345,0.04015479890072429,0.025240261852741242,0.04119456039192504,5.384589195251465,0.19999999999999996,0.0,0.06935083866119385,0.2,0.0,1.0,64.0,1.0,0.0,0.0,0.0,0.0,1.0,1.0,0.6666666666666667,,,,,,,
S3,DynaMixEMATent,,,,,,,,,,1,64,64,1.0,0,0.0,0,0.0,1.0,1,0.008531843312084675,0.04634792357683182,0.04634792357683182,0.03781608119606972,0.9238153977344584,0.06228022519249203,0.013904377073049545,0.06315840344938406,8.350856304168701,0.19999999999999996,0.0,0.03943975642323494,0.2,0.0,1.0,64.0,1.0,0.0,0.0,0.0,0.0,1.0,1.0,0.6666666666666667,,,,,,,
S3,DynaMixEMATent,,,,,,,,,,2,64,64,1.0,0,0.0,0,0.0,1.0,1,0.00620856462046504,0.04411777853965759,0.04411777853965759,0.037909217178821564,0.9042732872981942,0.08249137913990848,0.013235333561897277,0.08359782422862316,11.174394130706787,0.19999999999999996,0.0,0.04967743158340454,0.2,0.0,1.0,64.0,1.0,0.0,0.0,0.0,0.0,1.0,1.0,0.6666666666666667,,,,,,,
S3,DynaMixEMATent,,,,,,,,,,3,64,36,0.5625,28,0.4375,0,0.0,0.5625,2,0.29138439893722534,0.48764821887016296,0.48764821887016296,0.19626380503177643,0.6130596645050592,0.24064586983389188,0.1462944656610489,0.2818839285377609,42.38388013839722,0.19999999999999996,1.0,0.19826611876487732,0.2,0.0,1.0,38.0,0.59375,26.0,0.40625,0.0,0.0,0.59375,2.0,0.22916666666666669,,,,,,,
S3,DynaMixEMATent,,,,,,,,,,4,64,0,0.0,64,1.0,0,0.0,1.0,1,0.2489234060049057,0.6888575553894043,0.6888575553894043,0.4399341940879822,0.4037122959182375,0.38963043746494125,0.2066572666168213,0.4911249842843807,86.47076368331909,0.19999999999999996,1.0,0.33555498719215393,0.2,0.0,1.0,0.0,0.0,64.0,1.0,0.0,0.0,1.0,1.0,0.6666666666666667,,,,,,,
S3,DynaMixEMATent,,,,,,,,,,5,64,0,0.0,36,0.5625,28,0.4375,0.5625,2,0.11271513253450394,0.39697906374931335,0.39697906374931335,0.28426393866539,0.36756819608140895,0.5133380847937971,0.119093719124794,0.5827385908564311,111.87742376327515,0.19999999999999996,1.0,0.40571823716163635,0.2,0.0,1.0,1.0,0.015625,63.0,0.984375,0.0,0.0,0.984375,2.0,0.22916666666666669,,,,,,,
S3,DynaMixEMATent,,,,,,,,,,6,47,0,0.0,0,0.0,47,1.0,1.0,1,0.30461829900741577,0.66473788022995,0.66473788022995,0.3601195812225342,0.2617026531401842,0.5388759827908307,0.19942136406898497,0.6731081228068958,143.1201041340828,0.19999999999999996,1.0,0.49109235405921936,0.2,0.0,1.0,2.0,0.0425531914893617,45.0,0.9574468085106383,0.0,0.0,0.9574468085106383,2.0,0.6666666666666667,,,,,,,
S3,TEMA,,,,,,,,,,0,64,64,1.0,0,0.0,0,0.0,1.0,1,,,,,,,,,,,,,,,,,,,,,,,,,,,,,,,
S3,TEMA,,,,,,,,,,1,64,64,1.0,0,0.0,0,0.0,1.0,1,,,,,,,,,,,,,,,,,,,,,,,,,,,,,,,
S3,TEMA,,,,,,,,,,2,64,64,1.0,0,0.0,0,0.0,1.0,1,,,,,,,,,,,,,,,,,,,,,,,,,,,,,,,
S3,TEMA,,,,,,,,,,3,64,36,0.5625,28,0.4375,0,0.0,0.5625,2,,,,,,,,,,,,,,,,,,,,,,,,,,,,,,,
S3,TEMA,,,,,,,,,,4,64,0,0.0,64,1.0,0,0.0,1.0,1,,,,,,,,,,,,,,,,,,,,,,,,,,,,,,,
S3,TEMA,,,,,,,,,,5,64,0,0.0,36,0.5625,28,0.4375,0.5625,2,,,,,,,,,,,,,,,,,,,,,,,,,,,,,,,
S3,TEMA,,,,,,,,,,6,47,0,0.0,0,0.0,47,1.0,1.0,1,,,,,,,,,,,,,,,,,,,,,,,,,,,,,,,
S3,DUA,,,,,,,,,,0,64,64,1.0,0,0.0,0,0.0,1.0,1,,,,,,,,,,,,,,,,,,,,,,,,,0.099,,,,,,
S3,DUA,,,,,,,,,,1,64,64,1.0,0,0.0,0,0.0,1.0,1,,,,,,,,,,,,,,,,,,,,,,,,,0.09336,,,,,,
S3,DUA,,,,,,,,,,2,64,64,1.0,0,0.0,0,0.0,1.0,1,,,,,,,,,,,,,,,,,,,,,,,,,0.0880584,,,,,,
S3,DUA,,,,,,,,,,3,64,36,0.5625,28,0.4375,0,0.0,0.5625,2,,,,,,,,,,,,,,,,,,,,,,,,,0.083074896,,,,,,
S3,DUA,,,,,,,,,,4,64,0,0.0,64,1.0,0,0.0,1.0,1,,,,,,,,,,,,,,,,,,,,,,,,,0.07839040223999999,,,,,,
S3,DUA,,,,,,,,,,5,64,0,0.0,36,0.5625,28,0.4375,0.5625,2,,,,,,,,,,,,,,,,,,,,,,,,,0.07398697810559998,,,,,,
S3,DUA,,,,,,,,,,6,47,0,0.0,0,0.0,47,1.0,1.0,1,,,,,,,,,,,,,,,,,,,,,,,,,0.06984775941926398,,,,,,
S3,RoTTA,,,,,,,,,,0,64,64,1.0,0,0.0,0,0.0,1.0,1,,,,,,,,,,,,,,,,,,,,,,,,,,45.0,,,,,
S3,RoTTA,,,,,,,,,,1,64,64,1.0,0,0.0,0,0.0,1.0,1,,,,,,,,,,,,,,,,,,,,,,,,,,49.0,,,,,
S3,RoTTA,,,,,,,,,,2,64,64,1.0,0,0.0,0,0.0,1.0,1,,,,,,,,,,,,,,,,,,,,,,,,,,65.0,,,,,
S3,RoTTA,,,,,,,,,,3,64,36,0.5625,28,0.4375,0,0.0,0.5625,2,,,,,,,,,,,,,,,,,,,,,,,,,,66.0,,,,,
S3,RoTTA,,,,,,,,,,4,64,0,0.0,64,1.0,0,0.0,1.0,1,,,,,,,,,,,,,,,,,,,,,,,,,,66.0,,,,,
S3,RoTTA,,,,,,,,,,5,64,0,0.0,36,0.5625,28,0.4375,0.5625,2,,,,,,,,,,,,,,,,,,,,,,,,,,66.0,,,,,
S3,RoTTA,,,,,,,,,,6,47,0,0.0,0,0.0,47,1.0,1.0,1,,,,,,,,,,,,,,,,,,,,,,,,,,66.0,,,,,
S3,NOTE,,,,,,,,,,0,64,64,1.0,0,0.0,0,0.0,1.0,1,,,,,,,,,,,,,,,,,,,,,,,,,,,64.0,1.0,0.28145545721054077,,
S3,NOTE,,,,,,,,,,1,64,64,1.0,0,0.0,0,0.0,1.0,1,,,,,,,,,,,,,,,,,,,,,,,,,,,64.0,1.0,0.5811513662338257,,
S3,NOTE,,,,,,,,,,2,64,64,1.0,0,0.0,0,0.0,1.0,1,,,,,,,,,,,,,,,,,,,,,,,,,,,64.0,1.0,0.48725438117980957,,
S3,NOTE,,,,,,,,,,3,64,36,0.5625,28,0.4375,0,0.0,0.5625,2,,,,,,,,,,,,,,,,,,,,,,,,,,,64.0,1.0,0.22705590724945068,,
S3,NOTE,,,,,,,,,,4,64,0,0.0,64,1.0,0,0.0,1.0,1,,,,,,,,,,,,,,,,,,,,,,,,,,,64.0,1.0,0.5365104675292969,,
S3,NOTE,,,,,,,,,,5,64,0,0.0,36,0.5625,28,0.4375,0.5625,2,,,,,,,,,,,,,,,,,,,,,,,,,,,64.0,1.0,0.4954797029495239,,
S3,NOTE,,,,,,,,,,6,47,0,0.0,0,0.0,47,1.0,1.0,1,,,,,,,,,,,,,,,,,,,,,,,,,,,64.0,0.0,,,
S3,DELTA,,,,,,,,,,0,64,64,1.0,0,0.0,0,0.0,1.0,1,,,,,,,,,,,,,,,,,,,,,,,,,,,,,,0.26418954133987427,54.0
S3,DELTA,,,,,,,,,,1,64,64,1.0,0,0.0,0,0.0,1.0,1,,,,,,,,,,,,,,,,,,,,,,,,,,,,,,0.05620359629392624,64.0
S3,DELTA,,,,,,,,,,2,64,64,1.0,0,0.0,0,0.0,1.0,1,,,,,,,,,,,,,,,,,,,,,,,,,,,,,,0.0785333663225174,58.0
S3,DELTA,,,,,,,,,,3,64,36,0.5625,28,0.4375,0,0.0,0.5625,2,,,,,,,,,,,,,,,,,,,,,,,,,,,,,,0.028950363397598267,64.0
S3,DELTA,,,,,,,,,,4,64,0,0.0,64,1.0,0,0.0,1.0,1,,,,,,,,,,,,,,,,,,,,,,,,,,,,,,0.04503224045038223,63.0
S3,DELTA,,,,,,,,,,5,64,0,0.0,36,0.5625,28,0.4375,0.5625,2,,,,,,,,,,,,,,,,,,,,,,,,,,,,,,0.1821843534708023,63.0
S3,DELTA,,,,,,,,,,6,47,0,0.0,0,0.0,47,1.0,1.0,1,,,,,,,,,,,,,,,,,,,,,,,,,,,,,,0.2731298506259918,43.0
S4,EMATent,0.018479522317647934,0.018479522317647934,0.9972811937332153,0.0,0.4944561433047056,0.5,0.00554385669529438,0.0,0.0,0,64,64,1.0,0,0.0,0,0.0,1.0,1,,,,,,,,,,,,,,,,,,,,,,,,,,,,,,,
S4,EMATent,0.3020453453063965,0.3020453453063965,0.9306245446205139,1.0,0.40938639640808105,0.5,0.09061360359191895,0.0,0.0,1,64,64,1.0,0,0.0,0,0.0,1.0,1,,,,,,,,,,,,,,,,,,,,,,,,,,,,,,,
S4,EMATent,0.6002984642982483,0.6002984642982483,0.7902130484580994,1.0,0.31991046071052553,0.5,0.1800895392894745,0.0,0.0,2,64,64,1.0,0,0.0,0,0.0,1.0,1,,,,,,,,,,,,,,,,,,,,,,,,,,,,,,,
S4,EMATent,0.631881833076477,0.631881833076477,0.8299801349639893,1.0,0.31043545007705686,0.5,0.1895645499229431,0.0,0.0,3,64,40,0.625,0,0.0,24,0.375,0.625,2,,,,,,,,,,,,,,,,,,,,,,,,,,,,,,,
S4,EMATent,0.1191384419798851,0.1191384419798851,0.975994348526001,0.0,0.4642584674060345,0.5,0.03574153259396553,0.0,0.0,4,64,0,0.0,13,0.203125,51,0.796875,0.796875,2,,,,,,,,,,,,,,,,,,,,,,,,,,,,,,,
S4,EMATent,0.02872076816856861,0.02872076816856861,0.9950323104858398,0.0,0.4913837695494294,0.5,0.008616230450570583,0.0,0.0,5,64,0,0.0,64,1.0,0,0.0,1.0,1,,,,,,,,,,,,,,,,,,,,,,,,,,,,,,,
S4,EMATent,0.13032633066177368,0.13032633066177368,0.9685023427009583,0.0,0.4609021008014679,0.5,0.039097899198532106,0.0,0.0,6,50,0,0.0,50,1.0,0,0.0,1.0,1,,,,,,,,,,,,,,,,,,,,,,,,,,,,,,,
S4,DynaMixEMATent,,,,,,,,,,0,64,64,1.0,0,0.0,0,0.0,1.0,1,0.0018902025185525417,0.018479522317647934,0.018479522317647934,0.016589319333434105,0.9853099255614255,0.00914621774328015,0.00554385669529438,0.009197205733865843,1.1826894283294678,0.19999999999999996,0.0,0.01489513460546732,0.2,0.0,1.0,64.0,1.0,0.0,0.0,0.0,0.0,1.0,1.0,0.6666666666666667,,,,,,,
S4,DynaMixEMATent,,,,,,,,,,1,64,64,1.0,0,0.0,0,0.0,1.0,1,0.022171739488840103,0.08927350491285324,0.08927350491285324,0.06710176169872284,0.9221717996883874,0.051046148837756766,0.026782051473855973,0.05245089130863423,6.896193742752075,0.19999999999999996,0.0,0.12791277468204498,0.2,0.0,1.0,64.0,1.0,0.0,0.0,0.0,0.0,1.0,1.0,0.6666666666666667,,,,,,,
S4,DynaMixEMATent,,,,,,,,,,2,64,64,1.0,0,0.0,0,0.0,1.0,1,0.19070027768611908,0.8352596163749695,0.8352596163749695,0.6445593237876892,0.4676855060992749,0.2817366089882342,0.25057788491249083,0.3759384775499135,60.35280919075012,0.19999999999999996,1.0,0.7336222529411316,0.2,0.0,1.0,7.0,0.109375,54.0,0.84375,3.0,0.046875,0.84375,3.0,0.6666666666666667,,,,,,,
S4,DynaMixEMATent,,,,,,,,,,3,64,40,0.625,0,0.0,24,0.375,0.625,2,0.18869823217391968,0.6530116200447083,0.6530116200447083,0.46431341767311096,0.36202279245307084,0.4420737215335167,0.19590348601341248,0.5497769407577491,102.14555287361145,0.19999999999999996,1.0,0.5018278360366821,0.2,0.0,1.0,0.0,0.0,39.0,0.609375,25.0,0.390625,0.609375,2.0,0.2916666666666667,,,,,,,
S4,DynaMixEMATent,,,,,,,,,,4,64,0,0.0,13,0.203125,51,0.796875,0.796875,2,0.06259644776582718,0.2828991115093231,0.2828991115093231,0.22030265629291534,0.3576678403199256,0.5574624262272775,0.08486973345279693,0.6091618282177351,120.25109601020813,0.19999999999999996,1.0,0.18521416187286377,0.2,0.0,1.0,0.0,0.0,64.0,1.0,0.0,0.0,1.0,1.0,0.4635416666666667,,,,,,,
S4,DynaMixEMATent,,,,,,,,,,5,64,0,0.0,64,1.0,0,0.0,1.0,1,0.013634762726724148,0.06598854809999466,0.06598854809999466,0.052353788167238235,0.3706670335028653,0.6095364020671362,0.019796564429998397,0.621846832961448,124.47436308860779,0.19999999999999996,0.0,0.07915043830871582,0.2,0.0,1.0,0.0,0.0,64.0,1.0,0.0,0.0,1.0,1.0,0.6666666666666667,,,,,,,
S4,DynaMixEMATent,,,,,,,,,,6,50,0,0.0,50,1.0,0,0.0,1.0,1,0.018299786373972893,0.06812627613544464,0.06812627613544464,0.0498264916241169,0.36069685342252217,0.6188652637368445,0.02043788284063339,0.6317774573923832,127.88067689538002,0.19999999999999996,0.0,0.23049254715442657,0.2,0.0,1.0,0.0,0.0,50.0,1.0,0.0,0.0,1.0,1.0,0.6666666666666667,,,,,,,
S4,TEMA,,,,,,,,,,0,64,64,1.0,0,0.0,0,0.0,1.0,1,,,,,,,,,,,,,,,,,,,,,,,,,,,,,,,
S4,TEMA,,,,,,,,,,1,64,64,1.0,0,0.0,0,0.0,1.0,1,,,,,,,,,,,,,,,,,,,,,,,,,,,,,,,
S4,TEMA,,,,,,,,,,2,64,64,1.0,0,0.0,0,0.0,1.0,1,,,,,,,,,,,,,,,,,,,,,,,,,,,,,,,
S4,TEMA,,,,,,,,,,3,64,40,0.625,0,0.0,24,0.375,0.625,2,,,,,,,,,,,,,,,,,,,,,,,,,,,,,,,
S4,TEMA,,,,,,,,,,4,64,0,0.0,13,0.203125,51,0.796875,0.796875,2,,,,,,,,,,,,,,,,,,,,,,,,,,,,,,,
S4,TEMA,,,,,,,,,,5,64,0,0.0,64,1.0,0,0.0,1.0,1,,,,,,,,,,,,,,,,,,,,,,,,,,,,,,,
S4,TEMA,,,,,,,,,,6,50,0,0.0,50,1.0,0,0.0,1.0,1,,,,,,,,,,,,,,,,,,,,,,,,,,,,,,,
S4,DUA,,,,,,,,,,0,64,64,1.0,0,0.0,0,0.0,1.0,1,,,,,,,,,,,,,,,,,,,,,,,,,0.099,,,,,,
S4,DUA,,,,,,,,,,1,64,64,1.0,0,0.0,0,0.0,1.0,1,,,,,,,,,,,,,,,,,,,,,,,,,0.09336,,,,,,
S4,DUA,,,,,,,,,,2,64,64,1.0,0,0.0,0,0.0,1.0,1,,,,,,,,,,,,,,,,,,,,,,,,,0.0880584,,,,,,
S4,DUA,,,,,,,,,,3,64,40,0.625,0,0.0,24,0.375,0.625,2,,,,,,,,,,,,,,,,,,,,,,,,,0.083074896,,,,,,
S4,DUA,,,,,,,,,,4,64,0,0.0,13,0.203125,51,0.796875,0.796875,2,,,,,,,,,,,,,,,,,,,,,,,,,0.07839040223999999,,,,,,
S4,DUA,,,,,,,,,,5,64,0,0.0,64,1.0,0,0.0,1.0,1,,,,,,,,,,,,,,,,,,,,,,,,,0.07398697810559998,,,,,,
S4,DUA,,,,,,,,,,6,50,0,0.0,50,1.0,0,0.0,1.0,1,,,,,,,,,,,,,,,,,,,,,,,,,0.06984775941926398,,,,,,
S4,RoTTA,,,,,,,,,,0,64,64,1.0,0,0.0,0,0.0,1.0,1,,,,,,,,,,,,,,,,,,,,,,,,,,48.0,,,,,
S4,RoTTA,,,,,,,,,,1,64,64,1.0,0,0.0,0,0.0,1.0,1,,,,,,,,,,,,,,,,,,,,,,,,,,62.0,,,,,
S4,RoTTA,,,,,,,,,,2,64,64,1.0,0,0.0,0,0.0,1.0,1,,,,,,,,,,,,,,,,,,,,,,,,,,62.0,,,,,
S4,RoTTA,,,,,,,,,,3,64,40,0.625,0,0.0,24,0.375,0.625,2,,,,,,,,,,,,,,,,,,,,,,,,,,64.0,,,,,
S4,RoTTA,,,,,,,,,,4,64,0,0.0,13,0.203125,51,0.796875,0.796875,2,,,,,,,,,,,,,,,,,,,,,,,,,,64.0,,,,,
S4,RoTTA,,,,,,,,,,5,64,0,0.0,64,1.0,0,0.0,1.0,1,,,,,,,,,,,,,,,,,,,,,,,,,,66.0,,,,,
S4,RoTTA,,,,,,,,,,6,50,0,0.0,50,1.0,0,0.0,1.0,1,,,,,,,,,,,,,,,,,,,,,,,,,,66.0,,,,,
S4,NOTE,,,,,,,,,,0,64,64,1.0,0,0.0,0,0.0,1.0,1,,,,,,,,,,,,,,,,,,,,,,,,,,,64.0,1.0,0.5392274260520935,,
S4,NOTE,,,,,,,,,,1,64,64,1.0,0,0.0,0,0.0,1.0,1,,,,,,,,,,,,,,,,,,,,,,,,,,,64.0,1.0,0.45831406116485596,,
S4,NOTE,,,,,,,,,,2,64,64,1.0,0,0.0,0,0.0,1.0,1,,,,,,,,,,,,,,,,,,,,,,,,,,,64.0,1.0,0.5662922859191895,,
S4,NOTE,,,,,,,,,,3,64,40,0.625,0,0.0,24,0.375,0.625,2,,,,,,,,,,,,,,,,,,,,,,,,,,,64.0,1.0,0.46781283617019653,,
S4,NOTE,,,,,,,,,,4,64,0,0.0,13,0.203125,51,0.796875,0.796875,2,,,,,,,,,,,,,,,,,,,,,,,,,,,64.0,1.0,0.3426523804664612,,
S4,NOTE,,,,,,,,,,5,64,0,0.0,64,1.0,0,0.0,1.0,1,,,,,,,,,,,,,,,,,,,,,,,,,,,64.0,1.0,0.5917227864265442,,
S4,NOTE,,,,,,,,,,6,50,0,0.0,50,1.0,0,0.0,1.0,1,,,,,,,,,,,,,,,,,,,,,,,,,,,64.0,0.0,,,
S4,DELTA,,,,,,,,,,0,64,64,1.0,0,0.0,0,0.0,1.0,1,,,,,,,,,,,,,,,,,,,,,,,,,,,,,,0.2970424294471741,34.0
S4,DELTA,,,,,,,,,,1,64,64,1.0,0,0.0,0,0.0,1.0,1,,,,,,,,,,,,,,,,,,,,,,,,,,,,,,0.274448961019516,52.0
S4,DELTA,,,,,,,,,,2,64,64,1.0,0,0.0,0,0.0,1.0,1,,,,,,,,,,,,,,,,,,,,,,,,,,,,,,0.22588151693344116,55.0
S4,DELTA,,,,,,,,,,3,64,40,0.625,0,0.0,24,0.375,0.625,2,,,,,,,,,,,,,,,,,,,,,,,,,,,,,,0.1986994445323944,54.0
S4,DELTA,,,,,,,,,,4,64,0,0.0,13,0.203125,51,0.796875,0.796875,2,,,,,,,,,,,,,,,,,,,,,,,,,,,,,,0.016728991642594337,64.0
S4,DELTA,,,,,,,,,,5,64,0,0.0,64,1.0,0,0.0,1.0,1,,,,,,,,,,,,,,,,,,,,,,,,,,,,,,0.03763582557439804,64.0
S4,DELTA,,,,,,,,,,6,50,0,0.0,50,1.0,0,0.0,1.0,1,,,,,,,,,,,,,,,,,,,,,,,,,,,,,,0.13061285018920898,49.0
S5,EMATent,0.04213518649339676,0.04213518649339676,0.992965817451477,0.0,0.48735944405198095,0.5,0.012640555948019027,0.0,0.0,0,64,64,1.0,0,0.0,0,0.0,1.0,1,,,,,,,,,,,,,,,,,,,,,,,,,,,,,,,
S5,EMATent,0.005900122225284576,0.005900122225284576,0.9992680549621582,0.0,0.49822996333241465,0.5,0.0017700366675853728,0.0,0.0,1,64,64,1.0,0,0.0,0,0.0,1.0,1,,,,,,,,,,,,,,,,,,,,,,,,,,,,,,,
S5,EMATent,0.2590256631374359,0.2590256631374359,0.9268649816513062,1.0,0.42229230105876925,0.5,0.07770769894123077,0.0,0.0,2,64,64,1.0,0,0.0,0,0.0,1.0,1,,,,,,,,,,,,,,,,,,,,,,,,,,,,,,,
S5,EMATent,0.5740310549736023,0.5740310549736023,0.84442138671875,1.0,0.3277906835079193,0.5,0.17220931649208068,0.0,0.0,3,64,47,0.734375,0,0.0,17,0.265625,0.734375,2,,,,,,,,,,,,,,,,,,,,,,,,,,,,,,,
S5,EMATent,0.6842988133430481,0.6842988133430481,0.80959552526474,1.0,0.29471035599708556,0.5,0.2052896440029144,0.0,0.0,4,64,0,0.0,6,0.09375,58,0.90625,0.90625,2,,,,,,,,,,,,,,,,,,,,,,,,,,,,,,,
S5,EMATent,0.4868011772632599,0.4868011772632599,0.8396626710891724,1.0,0.35395964682102204,0.5,0.14604035317897796,0.0,0.0,5,64,0,0.0,64,1.0,0,0.0,1.0,1,,,,,,,,,,,,,,,,,,,,,,,,,,,,,,,
S5,EMATent,0.464153528213501,0.464153528213501,0.8595565557479858,1.0,0.36075394153594975,0.5,0.13924605846405028,0.0,0.0,6,59,0,0.0,59,1.0,0,0.0,1.0,1,,,,,,,,,,,,,,,,,,,,,,,,,,,,,,,
S5,DynaMixEMATent,,,,,,,,,,0,64,64,1.0,0,0.0,0,0.0,1.0,1,0.00861296709626913,0.04213518649339676,0.04213518649339676,0.033522218465805054,0.9667757427426019,0.020583701309379056,0.012640555948019027,0.020847221782683834,2.6966519355773926,0.19999999999999996,0.0,0.031104519963264465,0.2,0.0,1.0,64.0,1.0,0.0,0.0,0.0,0.0,1.0,1.0,0.6666666666666667,,,,,,,
S5,DynaMixEMATent,,,,,,,,,,1,64,64,1.0,0,0.0,0,0.0,1.0,1,0.0006624074303545058,0.004377867095172405,0.004377867095172405,0.003715459955856204,0.9757286535412318,0.022957986330216406,0.0013133601285517215,0.022988178086743583,2.9768354296684265,0.19999999999999996,0.0,0.004698744509369135,0.2,0.0,1.0,64.0,1.0,0.0,0.0,0.0,0.0,1.0,1.0,0.6666666666666667,,,,,,,
S5,DynaMixEMATent,,,,,,,,,,2,64,64,1.0,0,0.0,0,0.0,1.0,1,0.015053381212055683,0.056007638573646545,0.056007638573646545,0.04095425456762314,0.9340685984779292,0.04912910994997673,0.016802291572093963,0.049968698593218064,6.561324298381805,0.19999999999999996,0.0,0.049085140228271484,0.2,0.0,1.0,64.0,1.0,0.0,0.0,0.0,0.0,1.0,1.0,0.6666666666666667,,,,,,,
S5,DynaMixEMATent,,,,,,,,,,3,64,47,0.734375,0,0.0,17,0.265625,0.734375,2,0.27002739906311035,0.6587093472480774,0.6587093472480774,0.38868194818496704,0.5483842676064284,0.2540029282191484,0.1976128041744232,0.31655904972138116,48.71872252225876,0.19999999999999996,1.0,0.6490616798400879,0.2,0.0,1.0,24.0,0.375,1.0,0.015625,39.0,0.609375,0.609375,3.0,0.4010416666666667,,,,,,,
S5,DynaMixEMATent,,,,,,,,,,4,64,0,0.0,6,0.09375,58,0.90625,0.90625,2,0.17221540212631226,0.8974943161010742,0.8974943161010742,0.725278913974762,0.3188470624239818,0.4119046427456959,0.26924829483032225,0.5636725030289915,106.15835875272751,0.19999999999999996,1.0,0.49613574147224426,0.2,0.0,1.0,0.0,0.0,27.0,0.421875,37.0,0.578125,0.578125,2.0,0.5729166666666667,,,,,,,
S5,DynaMixEMATent,,,,,,,,,,5,64,0,0.0,64,1.0,0,0.0,1.0,1,0.1396087259054184,0.7471358776092529,0.7471358776092529,0.6075271964073181,0.2330005912662121,0.542858645451012,0.22414076328277588,0.6996870305339506,153.9750549197197,0.19999999999999996,1.0,0.45111000537872314,0.2,0.0,1.0,0.0,0.0,58.0,0.90625,6.0,0.09375,0.90625,2.0,0.6666666666666667,,,,,,,
S5,DynaMixEMATent,,,,,,,,,,6,59,0,0.0,59,1.0,0,0.0,1.0,1,0.10609046369791031,0.908270537853241,0.908270537853241,0.8021800518035889,0.143746858589994,0.5837719800540336,0.2724811613559723,0.802414932845019,207.5630166530609,0.19999999999999996,1.0,0.4731642007827759,0.2,0.0,1.0,0.0,0.0,55.0,0.9322033898305084,4.0,0.06779661016949153,0.9322033898305084,2.0,0.6666666666666667,,,,,,,
S5,TEMA,,,,,,,,,,0,64,64,1.0,0,0.0,0,0.0,1.0,1,,,,,,,,,,,,,,,,,,,,,,,,,,,,,,,
S5,TEMA,,,,,,,,,,1,64,64,1.0,0,0.0,0,0.0,1.0,1,,,,,,,,,,,,,,,,,,,,,,,,,,,,,,,
S5,TEMA,,,,,,,,,,2,64,64,1.0,0,0.0,0,0.0,1.0,1,,,,,,,,,,,,,,,,,,,,,,,,,,,,,,,
S5,TEMA,,,,,,,,,,3,64,47,0.734375,0,0.0,17,0.265625,0.734375,2,,,,,,,,,,,,,,,,,,,,,,,,,,,,,,,
S5,TEMA,,,,,,,,,,4,64,0,0.0,6,0.09375,58,0.90625,0.90625,2,,,,,,,,,,,,,,,,,,,,,,,,,,,,,,,
S5,TEMA,,,,,,,,,,5,64,0,0.0,64,1.0,0,0.0,1.0,1,,,,,,,,,,,,,,,,,,,,,,,,,,,,,,,
S5,TEMA,,,,,,,,,,6,59,0,0.0,59,1.0,0,0.0,1.0,1,,,,,,,,,,,,,,,,,,,,,,,,,,,,,,,
S5,DUA,,,,,,,,,,0,64,64,1.0,0,0.0,0,0.0,1.0,1,,,,,,,,,,,,,,,,,,,,,,,,,0.099,,,,,,
S5,DUA,,,,,,,,,,1,64,64,1.0,0,0.0,0,0.0,1.0,1,,,,,,,,,,,,,,,,,,,,,,,,,0.09336,,,,,,
S5,DUA,,,,,,,,,,2,64,64,1.0,0,0.0,0,0.0,1.0,1,,,,,,,,,,,,,,,,,,,,,,,,,0.0880584,,,,,,
S5,DUA,,,,,,,,,,3,64,47,0.734375,0,0.0,17,0.265625,0.734375,2,,,,,,,,,,,,,,,,,,,,,,,,,0.083074896,,,,,,
S5,DUA,,,,,,,,,,4,64,0,0.0,6,0.09375,58,0.90625,0.90625,2,,,,,,,,,,,,,,,,,,,,,,,,,0.07839040223999999,,,,,,
S5,DUA,,,,,,,,,,5,64,0,0.0,64,1.0,0,0.0,1.0,1,,,,,,,,,,,,,,,,,,,,,,,,,0.07398697810559998,,,,,,
S5,DUA,,,,,,,,,,6,59,0,0.0,59,1.0,0,0.0,1.0,1,,,,,,,,,,,,,,,,,,,,,,,,,0.06984775941926398,,,,,,
S5,RoTTA,,,,,,,,,,0,64,64,1.0,0,0.0,0,0.0,1.0,1,,,,,,,,,,,,,,,,,,,,,,,,,,45.0,,,,,
S5,RoTTA,,,,,,,,,,1,64,64,1.0,0,0.0,0,0.0,1.0,1,,,,,,,,,,,,,,,,,,,,,,,,,,52.0,,,,,
S5,RoTTA,,,,,,,,,,2,64,64,1.0,0,0.0,0,0.0,1.0,1,,,,,,,,,,,,,,,,,,,,,,,,,,66.0,,,,,
S5,RoTTA,,,,,,,,,,3,64,47,0.734375,0,0.0,17,0.265625,0.734375,2,,,,,,,,,,,,,,,,,,,,,,,,,,66.0,,,,,
S5,RoTTA,,,,,,,,,,4,64,0,0.0,6,0.09375,58,0.90625,0.90625,2,,,,,,,,,,,,,,,,,,,,,,,,,,66.0,,,,,
S5,RoTTA,,,,,,,,,,5,64,0,0.0,64,1.0,0,0.0,1.0,1,,,,,,,,,,,,,,,,,,,,,,,,,,66.0,,,,,
S5,RoTTA,,,,,,,,,,6,59,0,0.0,59,1.0,0,0.0,1.0,1,,,,,,,,,,,,,,,,,,,,,,,,,,66.0,,,,,
S5,NOTE,,,,,,,,,,0,64,64,1.0,0,0.0,0,0.0,1.0,1,,,,,,,,,,,,,,,,,,,,,,,,,,,64.0,1.0,0.5709074139595032,,
S5,NOTE,,,,,,,,,,1,64,64,1.0,0,0.0,0,0.0,1.0,1,,,,,,,,,,,,,,,,,,,,,,,,,,,64.0,1.0,0.533427357673645,,
S5,NOTE,,,,,,,,,,2,64,64,1.0,0,0.0,0,0.0,1.0,1,,,,,,,,,,,,,,,,,,,,,,,,,,,64.0,1.0,0.448230117559433,,
S5,NOTE,,,,,,,,,,3,64,47,0.734375,0,0.0,17,0.265625,0.734375,2,,,,,,,,,,,,,,,,,,,,,,,,,,,64.0,1.0,0.2561264634132385,,
S5,NOTE,,,,,,,,,,4,64,0,0.0,6,0.09375,58,0.90625,0.90625,2,,,,,,,,,,,,,,,,,,,,,,,,,,,64.0,1.0,0.6630913019180298,,
S5,NOTE,,,,,,,,,,5,64,0,0.0,64,1.0,0,0.0,1.0,1,,,,,,,,,,,,,,,,,,,,,,,,,,,64.0,1.0,0.5258170366287231,,
S5,NOTE,,,,,,,,,,6,59,0,0.0,59,1.0,0,0.0,1.0,1,,,,,,,,,,,,,,,,,,,,,,,,,,,64.0,0.0,,,
S5,DELTA,,,,,,,,,,0,64,64,1.0,0,0.0,0,0.0,1.0,1,,,,,,,,,,,,,,,,,,,,,,,,,,,,,,0.35135093331336975,30.0
S5,DELTA,,,,,,,,,,1,64,64,1.0,0,0.0,0,0.0,1.0,1,,,,,,,,,,,,,,,,,,,,,,,,,,,,,,0.3581732213497162,11.0
S5,DELTA,,,,,,,,,,2,64,64,1.0,0,0.0,0,0.0,1.0,1,,,,,,,,,,,,,,,,,,,,,,,,,,,,,,0.17903198301792145,35.0
S5,DELTA,,,,,,,,,,3,64,47,0.734375,0,0.0,17,0.265625,0.734375,2,,,,,,,,,,,,,,,,,,,,,,,,,,,,,,0.05595522001385689,61.0
S5,DELTA,,,,,,,,,,4,64,0,0.0,6,0.09375,58,0.90625,0.90625,2,,,,,,,,,,,,,,,,,,,,,,,,,,,,,,0.2576334774494171,52.0
S5,DELTA,,,,,,,,,,5,64,0,0.0,64,1.0,0,0.0,1.0,1,,,,,,,,,,,,,,,,,,,,,,,,,,,,,,0.002237357199192047,64.0
S5,DELTA,,,,,,,,,,6,59,0,0.0,59,1.0,0,0.0,1.0,1,,,,,,,,,,,,,,,,,,,,,,,,,,,,,,0.030133530497550964,59.0
S6,EMATent,0.06815379112958908,0.06815379112958908,0.9876835346221924,0.0,0.47955386266112326,0.5,0.020446137338876725,0.0,0.0,0,64,64,1.0,0,0.0,0,0.0,1.0,1,,,,,,,,,,,,,,,,,,,,,,,,,,,,,,,
S6,EMATent,0.07568547874689102,0.07568547874689102,0.9859470129013062,0.0,0.4772943563759327,0.5,0.022705643624067306,0.0,0.0,1,64,64,1.0,0,0.0,0,0.0,1.0,1,,,,,,,,,,,,,,,,,,,,,,,,,,,,,,,
S6,EMATent,0.5058530569076538,0.5058530569076538,0.8662601113319397,1.0,0.34824408292770387,0.5,0.15175591707229613,0.0,0.0,2,64,64,1.0,0,0.0,0,0.0,1.0,1,,,,,,,,,,,,,,,,,,,,,,,,,,,,,,,
S6,EMATent,0.8585990071296692,0.8585990071296692,0.8407689332962036,1.0,0.24242029786109925,0.5,0.25757970213890075,0.0,0.0,3,64,44,0.6875,20,0.3125,0,0.0,0.6875,2,,,,,,,,,,,,,,,,,,,,,,,,,,,,,,,
S6,EMATent,0.6967387795448303,0.6967387795448303,0.6716375350952148,1.0,0.2909783661365509,0.5,0.2090216338634491,0.0,0.0,4,64,0,0.0,64,1.0,0,0.0,1.0,1,,,,,,,,,,,,,,,,,,,,,,,,,,,,,,,
S6,EMATent,0.6339205503463745,0.6339205503463745,0.746514618396759,1.0,0.30982383489608767,0.5,0.19017616510391236,0.0,0.0,5,64,0,0.0,46,0.71875,18,0.28125,0.71875,2,,,,,,,,,,,,,,,,,,,,,,,,,,,,,,,
S6,EMATent,0.8370586037635803,0.8370586037635803,0.6605774760246277,1.0,0.2488824188709259,0.5,0.25111758112907406,0.0,0.0,6,57,0,0.0,0,0.0,57,1.0,1.0,1,,,,,,,,,,,,,,,,,,,,,,,,,,,,,,,
S6,DynaMixEMATent,,,,,,,,,,0,64,64,1.0,0,0.0,0,0.0,1.0,1,0.006933662109076977,0.06815379112958908,0.06815379112958908,0.06122012808918953,0.9467360483036351,0.03281781435748815,0.020446137338876725,0.03350281756669615,4.361842632293701,0.19999999999999996,0.0,0.042156074196100235,0.2,0.0,1.0,64.0,1.0,0.0,0.0,0.0,0.0,1.0,1.0,0.6666666666666667,,,,,,,
S6,DynaMixEMATent,,,,,,,,,,1,64,64,1.0,0,0.0,0,0.0,1.0,1,0.0047474573366343975,0.05843697115778923,0.05843697115778923,0.053689513355493546,0.92221032610566,0.06025858254700319,0.01753109134733677,0.061333831550598905,8.101808786392212,0.19999999999999996,0.0,0.07491041719913483,0.2,0.0,1.0,64.0,1.0,0.0,0.0,0.0,0.0,1.0,1.0,0.6666666666666667,,,,,,,
S6,DynaMixEMATent,,,,,,,,,,2,64,64,1.0,0,0.0,0,0.0,1.0,1,0.0519121028482914,0.18399448692798615,0.18399448692798615,0.13208238780498505,0.8089057357701624,0.1358959181514417,0.05519834607839584,0.14383539400823042,19.877455949783325,0.19999999999999996,0.0,0.29673606157302856,0.2,0.0,1.0,60.0,0.9375,1.0,0.015625,3.0,0.046875,0.9375,3.0,0.6666666666666667,,,,,,,
S6,DynaMixEMATent,,,,,,,,,,3,64,44,0.6875,20,0.3125,0,0.0,0.6875,2,0.38662126660346985,0.7585665583610535,0.7585665583610535,0.371945321559906,0.4525804457742454,0.31984958671743857,0.22756996750831604,0.4140822770519116,68.42571568489075,0.19999999999999996,1.0,0.4617888033390045,0.2,0.0,1.0,25.0,0.390625,12.0,0.1875,27.0,0.421875,0.421875,3.0,0.3541666666666667,,,,,,,
S6,DynaMixEMATent,,,,,,,,,,4,64,0,0.0,64,1.0,0,0.0,1.0,1,0.08610913902521133,0.818416953086853,0.818416953086853,0.7323078513145447,0.2936056818527431,0.46086923222120096,0.2455250859260559,0.6108476552688038,120.80440068244934,0.19999999999999996,1.0,0.6540086269378662,0.2,0.0,1.0,0.0,0.0,38.0,0.59375,26.0,0.40625,0.59375,2.0,0.6666666666666667,,,,,,,
S6,DynaMixEMATent,,,,,,,,,,5,64,0,0.0,46,0.71875,18,0.28125,0.71875,2,0.08554494380950928,0.5300521850585938,0.5300521850585938,0.44450727105140686,0.25107772977745185,0.5899066147049701,0.15901565551757812,0.7014477957589378,154.72774052619934,0.19999999999999996,1.0,0.5486780405044556,0.2,0.0,1.0,0.0,0.0,39.0,0.609375,25.0,0.390625,0.609375,2.0,0.3854166666666667,,,,,,,
S6,DynaMixEMATent,,,,,,,,,,6,57,0,0.0,0,0.0,57,1.0,1.0,1,0.18940354883670807,0.8554183840751648,0.8554183840751648,0.6660147905349731,0.15163267176060677,0.5917418130168438,0.25662551522254945,0.7960211510272617,203.48658841848373,0.19999999999999996,1.0,0.6791378259658813,0.2,0.0,1.0,4.0,0.07017543859649122,22.0,0.38596491228070173,31.0,0.543859649122807,0.543859649122807,3.0,0.6666666666666667,,,,,,,
S6,TEMA,,,,,,,,,,0,64,64,1.0,0,0.0,0,0.0,1.0,1,,,,,,,,,,,,,,,,,,,,,,,,,,,,,,,
S6,TEMA,,,,,,,,,,1,64,64,1.0,0,0.0,0,0.0,1.0,1,,,,,,,,,,,,,,,,,,,,,,,,,,,,,,,
S6,TEMA,,,,,,,,,,2,64,64,1.0,0,0.0,0,0.0,1.0,1,,,,,,,,,,,,,,,,,,,,,,,,,,,,,,,
S6,TEMA,,,,,,,,,,3,64,44,0.6875,20,0.3125,0,0.0,0.6875,2,,,,,,,,,,,,,,,,,,,,,,,,,,,,,,,
S6,TEMA,,,,,,,,,,4,64,0,0.0,64,1.0,0,0.0,1.0,1,,,,,,,,,,,,,,,,,,,,,,,,,,,,,,,
S6,TEMA,,,,,,,,,,5,64,0,0.0,46,0.71875,18,0.28125,0.71875,2,,,,,,,,,,,,,,,,,,,,,,,,,,,,,,,
S6,TEMA,,,,,,,,,,6,57,0,0.0,0,0.0,57,1.0,1.0,1,,,,,,,,,,,,,,,,,,,,,,,,,,,,,,,
S6,DUA,,,,,,,,,,0,64,64,1.0,0,0.0,0,0.0,1.0,1,,,,,,,,,,,,,,,,,,,,,,,,,0.099,,,,,,
S6,DUA,,,,,,,,,,1,64,64,1.0,0,0.0,0,0.0,1.0,1,,,,,,,,,,,,,,,,,,,,,,,,,0.09336,,,,,,
S6,DUA,,,,,,,,,,2,64,64,1.0,0,0.0,0,0.0,1.0,1,,,,,,,,,,,,,,,,,,,,,,,,,0.0880584,,,,,,
S6,DUA,,,,,,,,,,3,64,44,0.6875,20,0.3125,0,0.0,0.6875,2,,,,,,,,,,,,,,,,,,,,,,,,,0.083074896,,,,,,
S6,DUA,,,,,,,,,,4,64,0,0.0,64,1.0,0,0.0,1.0,1,,,,,,,,,,,,,,,,,,,,,,,,,0.07839040223999999,,,,,,
S6,DUA,,,,,,,,,,5,64,0,0.0,46,0.71875,18,0.28125,0.71875,2,,,,,,,,,,,,,,,,,,,,,,,,,0.07398697810559998,,,,,,
S6,DUA,,,,,,,,,,6,57,0,0.0,0,0.0,57,1.0,1.0,1,,,,,,,,,,,,,,,,,,,,,,,,,0.06984775941926398,,,,,,
S6,RoTTA,,,,,,,,,,0,64,64,1.0,0,0.0,0,0.0,1.0,1,,,,,,,,,,,,,,,,,,,,,,,,,,46.0,,,,,
S6,RoTTA,,,,,,,,,,1,64,64,1.0,0,0.0,0,0.0,1.0,1,,,,,,,,,,,,,,,,,,,,,,,,,,60.0,,,,,
S6,RoTTA,,,,,,,,,,2,64,64,1.0,0,0.0,0,0.0,1.0,1,,,,,,,,,,,,,,,,,,,,,,,,,,66.0,,,,,
S6,RoTTA,,,,,,,,,,3,64,44,0.6875,20,0.3125,0,0.0,0.6875,2,,,,,,,,,,,,,,,,,,,,,,,,,,66.0,,,,,
S6,RoTTA,,,,,,,,,,4,64,0,0.0,64,1.0,0,0.0,1.0,1,,,,,,,,,,,,,,,,,,,,,,,,,,66.0,,,,,
S6,RoTTA,,,,,,,,,,5,64,0,0.0,46,0.71875,18,0.28125,0.71875,2,,,,,,,,,,,,,,,,,,,,,,,,,,66.0,,,,,
S6,RoTTA,,,,,,,,,,6,57,0,0.0,0,0.0,57,1.0,1.0,1,,,,,,,,,,,,,,,,,,,,,,,,,,66.0,,,,,
S6,NOTE,,,,,,,,,,0,64,64,1.0,0,0.0,0,0.0,1.0,1,,,,,,,,,,,,,,,,,,,,,,,,,,,64.0,1.0,0.4397140145301819,,
S6,NOTE,,,,,,,,,,1,64,64,1.0,0,0.0,0,0.0,1.0,1,,,,,,,,,,,,,,,,,,,,,,,,,,,64.0,1.0,0.5648331642150879,,
S6,NOTE,,,,,,,,,,2,64,64,1.0,0,0.0,0,0.0,1.0,1,,,,,,,,,,,,,,,,,,,,,,,,,,,64.0,1.0,0.6041350364685059,,
S6,NOTE,,,,,,,,,,3,64,44,0.6875,20,0.3125,0,0.0,0.6875,2,,,,,,,,,,,,,,,,,,,,,,,,,,,64.0,1.0,0.3746884763240814,,
S6,NOTE,,,,,,,,,,4,64,0,0.0,64,1.0,0,0.0,1.0,1,,,,,,,,,,,,,,,,,,,,,,,,,,,64.0,1.0,0.568230390548706,,
S6,NOTE,,,,,,,,,,5,64,0,0.0,46,0.71875,18,0.28125,0.71875,2,,,,,,,,,,,,,,,,,,,,,,,,,,,64.0,1.0,0.6774330139160156,,
S6,NOTE,,,,,,,,,,6,57,0,0.0,0,0.0,57,1.0,1.0,1,,,,,,,,,,,,,,,,,,,,,,,,,,,64.0,0.0,,,
S6,DELTA,,,,,,,,,,0,64,64,1.0,0,0.0,0,0.0,1.0,1,,,,,,,,,,,,,,,,,,,,,,,,,,,,,,0.26108723878860474,40.0
S6,DELTA,,,,,,,,,,1,64,64,1.0,0,0.0,0,0.0,1.0,1,,,,,,,,,,,,,,,,,,,,,,,,,,,,,,0.23529966175556183,51.0
S6,DELTA,,,,,,,,,,2,64,64,1.0,0,0.0,0,0.0,1.0,1,,,,,,,,,,,,,,,,,,,,,,,,,,,,,,0.2821866571903229,44.0
S6,DELTA,,,,,,,,,,3,64,44,0.6875,20,0.3125,0,0.0,0.6875,2,,,,,,,,,,,,,,,,,,,,,,,,,,,,,,0.14158743619918823,43.0
S6,DELTA,,,,,,,,,,4,64,0,0.0,64,1.0,0,0.0,1.0,1,,,,,,,,,,,,,,,,,,,,,,,,,,,,,,0.2732551097869873,46.0
S6,DELTA,,,,,,,,,,5,64,0,0.0,46,0.71875,18,0.28125,0.71875,2,,,,,,,,,,,,,,,,,,,,,,,,,,,,,,0.35029011964797974,37.0
S6,DELTA,,,,,,,,,,6,57,0,0.0,0,0.0,57,1.0,1.0,1,,,,,,,,,,,,,,,,,,,,,,,,,,,,,,0.40171024203300476,27.0
S7,EMATent,0.07414569705724716,0.07414569705724716,0.9861600399017334,0.0,0.47775629088282584,0.5,0.02224370911717415,0.0,0.0,0,64,64,1.0,0,0.0,0,0.0,1.0,1,,,,,,,,,,,,,,,,,,,,,,,,,,,,,,,
S7,EMATent,0.11229757964611053,0.11229757964611053,0.9758411645889282,0.0,0.46631072610616686,0.5,0.03368927389383316,0.0,0.0,1,64,64,1.0,0,0.0,0,0.0,1.0,1,,,,,,,,,,,,,,,,,,,,,,,,,,,,,,,
S7,EMATent,0.12174992263317108,0.12174992263317108,0.9738470315933228,0.0,0.4634750232100487,0.5,0.03652497678995132,0.0,0.0,2,64,64,1.0,0,0.0,0,0.0,1.0,1,,,,,,,,,,,,,,,,,,,,,,,,,,,,,,,
S7,EMATent,0.5322010517120361,0.5322010517120361,0.9221811294555664,1.0,0.3403396844863892,0.5,0.15966031551361085,0.0,0.0,3,64,45,0.703125,0,0.0,19,0.296875,0.703125,2,,,,,,,,,,,,,,,,,,,,,,,,,,,,,,,
S7,EMATent,0.8749101161956787,0.8749101161956787,0.7136243581771851,1.0,0.2375269651412964,0.5,0.2624730348587036,0.0,0.0,4,64,0,0.0,8,0.125,56,0.875,0.875,2,,,,,,,,,,,,,,,,,,,,,,,,,,,,,,,
S7,EMATent,0.45199236273765564,0.45199236273765564,0.8476430177688599,1.0,0.3644022911787033,0.5,0.13559770882129668,0.0,0.0,5,64,0,0.0,64,1.0,0,0.0,1.0,1,,,,,,,,,,,,,,,,,,,,,,,,,,,,,,,
S7,EMATent,0.2248484194278717,0.2248484194278717,0.9341545104980469,1.0,0.43254547417163847,0.5,0.0674545258283615,0.0,0.0,6,56,0,0.0,56,1.0,0,0.0,1.0,1,,,,,,,,,,,,,,,,,,,,,,,,,,,,,,,
S7,DynaMixEMATent,,,,,,,,,,0,64,64,1.0,0,0.0,0,0.0,1.0,1,0.006928223185241222,0.07414569705724716,0.07414569705724716,0.06721747666597366,0.9421717653842975,0.03558452549852837,0.02224370911717415,0.03639406448246807,4.745324611663818,0.19999999999999996,0.0,0.06953803449869156,0.2,0.0,1.0,64.0,1.0,0.0,0.0,0.0,0.0,1.0,1.0,0.6666666666666667,,,,,,,
S7,DynaMixEMATent,,,,,,,,,,1,64,64,1.0,0,0.0,0,0.0,1.0,1,0.0083463741466403,0.08726531267166138,0.08726531267166138,0.0789189413189888,0.898315545804253,0.07550486039424865,0.026179593801498414,0.07753468700558108,10.330304622650146,0.19999999999999996,0.0,0.09861868619918823,0.2,0.0,1.0,64.0,1.0,0.0,0.0,0.0,0.0,1.0,1.0,0.6666666666666667,,,,,,,
S7,DynaMixEMATent,,,,,,,,,,2,64,64,1.0,0,0.0,0,0.0,1.0,1,0.005535055883228779,0.08051792532205582,0.08051792532205582,0.07498287409543991,0.8646621977771571,0.1111824246262261,0.024155377596616744,0.11393455686869258,15.483451843261719,0.19999999999999996,0.0,0.09865394979715347,0.2,0.0,1.0,64.0,1.0,0.0,0.0,0.0,0.0,1.0,1.0,0.6666666666666667,,,,,,,
S7,DynaMixEMATent,,,,,,,,,,3,64,45,0.703125,0,0.0,19,0.296875,0.703125,2,0.07715950906276703,0.25777438282966614,0.25777438282966614,0.1806148886680603,0.718680917692342,0.20398676745875816,0.07733231484889984,0.22108368022594438,31.98101234436035,0.19999999999999996,1.0,0.32448941469192505,0.2,0.0,1.0,52.0,0.8125,0.0,0.0,12.0,0.1875,0.8125,2.0,0.3697916666666667,,,,,,,
S7,DynaMixEMATent,,,,,,,,,,4,64,0,0.0,8,0.125,56,0.875,0.875,2,0.17812702059745789,0.6634654998779297,0.6634654998779297,0.4853384792804718,0.4477464159746476,0.35321393406197354,0.1990396499633789,0.4409880389782391,74.44280433654785,0.19999999999999996,1.0,0.723603367805481,0.2,0.0,1.0,19.0,0.296875,8.0,0.125,37.0,0.578125,0.578125,3.0,0.5416666666666667,,,,,,,
S7,DynaMixEMATent,,,,,,,,,,5,64,0,0.0,64,1.0,0,0.0,1.0,1,0.07826046645641327,0.8516741991043091,0.8516741991043091,0.7734137177467346,0.27186029375779813,0.47263744651090916,0.2555022597312927,0.6348406730426379,128.94995307922363,0.19999999999999996,1.0,0.4682648181915283,0.2,0.0,1.0,0.0,0.0,56.0,0.875,8.0,0.125,0.875,2.0,0.6666666666666667,,,,,,,
S7,DynaMixEMATent,,,,,,,,,,6,56,0,0.0,56,1.0,0,0.0,1.0,1,0.029875123873353004,0.6079075336456299,0.6079075336456299,0.578032374382019,0.22884069190542136,0.5887870480008897,0.18237226009368895,0.720116281852615,162.9927749633789,0.19999999999999996,1.0,0.23492030799388885,0.2,0.0,1.0,0.0,0.0,56.0,1.0,0.0,0.0,1.0,1.0,0.6666666666666667,,,,,,,
S7,TEMA,,,,,,,,,,0,64,64,1.0,0,0.0,0,0.0,1.0,1,,,,,,,,,,,,,,,,,,,,,,,,,,,,,,,
S7,TEMA,,,,,,,,,,1,64,64,1.0,0,0.0,0,0.0,1.0,1,,,,,,,,,,,,,,,,,,,,,,,,,,,,,,,
S7,TEMA,,,,,,,,,,2,64,64,1.0,0,0.0,0,0.0,1.0,1,,,,,,,,,,,,,,,,,,,,,,,,,,,,,,,
S7,TEMA,,,,,,,,,,3,64,45,0.703125,0,0.0,19,0.296875,0.703125,2,,,,,,,,,,,,,,,,,,,,,,,,,,,,,,,
S7,TEMA,,,,,,,,,,4,64,0,0.0,8,0.125,56,0.875,0.875,2,,,,,,,,,,,,,,,,,,,,,,,,,,,,,,,
S7,TEMA,,,,,,,,,,5,64,0,0.0,64,1.0,0,0.0,1.0,1,,,,,,,,,,,,,,,,,,,,,,,,,,,,,,,
S7,TEMA,,,,,,,,,,6,56,0,0.0,56,1.0,0,0.0,1.0,1,,,,,,,,,,,,,,,,,,,,,,,,,,,,,,,
S7,DUA,,,,,,,,,,0,64,64,1.0,0,0.0,0,0.0,1.0,1,,,,,,,,,,,,,,,,,,,,,,,,,0.099,,,,,,
S7,DUA,,,,,,,,,,1,64,64,1.0,0,0.0,0,0.0,1.0,1,,,,,,,,,,,,,,,,,,,,,,,,,0.09336,,,,,,
S7,DUA,,,,,,,,,,2,64,64,1.0,0,0.0,0,0.0,1.0,1,,,,,,,,,,,,,,,,,,,,,,,,,0.0880584,,,,,,
S7,DUA,,,,,,,,,,3,64,45,0.703125,0,0.0,19,0.296875,0.703125,2,,,,,,,,,,,,,,,,,,,,,,,,,0.083074896,,,,,,
S7,DUA,,,,,,,,,,4,64,0,0.0,8,0.125,56,0.875,0.875,2,,,,,,,,,,,,,,,,,,,,,,,,,0.07839040223999999,,,,,,
S7,DUA,,,,,,,,,,5,64,0,0.0,64,1.0,0,0.0,1.0,1,,,,,,,,,,,,,,,,,,,,,,,,,0.07398697810559998,,,,,,
S7,DUA,,,,,,,,,,6,56,0,0.0,56,1.0,0,0.0,1.0,1,,,,,,,,,,,,,,,,,,,,,,,,,0.06984775941926398,,,,,,
S7,RoTTA,,,,,,,,,,0,64,64,1.0,0,0.0,0,0.0,1.0,1,,,,,,,,,,,,,,,,,,,,,,,,,,61.0,,,,,
S7,RoTTA,,,,,,,,,,1,64,64,1.0,0,0.0,0,0.0,1.0,1,,,,,,,,,,,,,,,,,,,,,,,,,,66.0,,,,,
S7,RoTTA,,,,,,,,,,2,64,64,1.0,0,0.0,0,0.0,1.0,1,,,,,,,,,,,,,,,,,,,,,,,,,,66.0,,,,,
S7,RoTTA,,,,,,,,,,3,64,45,0.703125,0,0.0,19,0.296875,0.703125,2,,,,,,,,,,,,,,,,,,,,,,,,,,66.0,,,,,
S7,RoTTA,,,,,,,,,,4,64,0,0.0,8,0.125,56,0.875,0.875,2,,,,,,,,,,,,,,,,,,,,,,,,,,66.0,,,,,
S7,RoTTA,,,,,,,,,,5,64,0,0.0,64,1.0,0,0.0,1.0,1,,,,,,,,,,,,,,,,,,,,,,,,,,66.0,,,,,
S7,RoTTA,,,,,,,,,,6,56,0,0.0,56,1.0,0,0.0,1.0,1,,,,,,,,,,,,,,,,,,,,,,,,,,66.0,,,,,
S7,NOTE,,,,,,,,,,0,64,64,1.0,0,0.0,0,0.0,1.0,1,,,,,,,,,,,,,,,,,,,,,,,,,,,64.0,1.0,0.7526862025260925,,
S7,NOTE,,,,,,,,,,1,64,64,1.0,0,0.0,0,0.0,1.0,1,,,,,,,,,,,,,,,,,,,,,,,,,,,64.0,1.0,0.7034090757369995,,
S7,NOTE,,,,,,,,,,2,64,64,1.0,0,0.0,0,0.0,1.0,1,,,,,,,,,,,,,,,,,,,,,,,,,,,64.0,1.0,0.585401177406311,,
S7,NOTE,,,,,,,,,,3,64,45,0.703125,0,0.0,19,0.296875,0.703125,2,,,,,,,,,,,,,,,,,,,,,,,,,,,64.0,1.0,0.6462156772613525,,
S7,NOTE,,,,,,,,,,4,64,0,0.0,8,0.125,56,0.875,0.875,2,,,,,,,,,,,,,,,,,,,,,,,,,,,64.0,1.0,0.6436884999275208,,
S7,NOTE,,,,,,,,,,5,64,0,0.0,64,1.0,0,0.0,1.0,1,,,,,,,,,,,,,,,,,,,,,,,,,,,64.0,1.0,0.6579955816268921,,
S7,NOTE,,,,,,,,,,6,56,0,0.0,56,1.0,0,0.0,1.0,1,,,,,,,,,,,,,,,,,,,,,,,,,,,64.0,0.0,,,
S7,DELTA,,,,,,,,,,0,64,64,1.0,0,0.0,0,0.0,1.0,1,,,,,,,,,,,,,,,,,,,,,,,,,,,,,,0.2651289999485016,15.0
S7,DELTA,,,,,,,,,,1,64,64,1.0,0,0.0,0,0.0,1.0,1,,,,,,,,,,,,,,,,,,,,,,,,,,,,,,0.3899270296096802,40.0
S7,DELTA,,,,,,,,,,2,64,64,1.0,0,0.0,0,0.0,1.0,1,,,,,,,,,,,,,,,,,,,,,,,,,,,,,,0.4329020380973816,33.0
S7,DELTA,,,,,,,,,,3,64,45,0.703125,0,0.0,19,0.296875,0.703125,2,,,,,,,,,,,,,,,,,,,,,,,,,,,,,,0.4845496118068695,22.0
S7,DELTA,,,,,,,,,,4,64,0,0.0,8,0.125,56,0.875,0.875,2,,,,,,,,,,,,,,,,,,,,,,,,,,,,,,0.2561740577220917,21.0
S7,DELTA,,,,,,,,,,5,64,0,0.0,64,1.0,0,0.0,1.0,1,,,,,,,,,,,,,,,,,,,,,,,,,,,,,,0.03403880447149277,64.0
S7,DELTA,,,,,,,,,,6,56,0,0.0,56,1.0,0,0.0,1.0,1,,,,,,,,,,,,,,,,,,,,,,,,,,,,,,0.013171064667403698,56.0
S8,EMATent,0.06681764870882034,0.06681764870882034,0.987831711769104,0.0,0.4799547053873539,0.5,0.020045294612646102,0.0,0.0,0,64,64,1.0,0,0.0,0,0.0,1.0,1,,,,,,,,,,,,,,,,,,,,,,,,,,,,,,,
S8,EMATent,0.9855602979660034,0.9855602979660034,0.6761220097541809,1.0,0.20433191061019898,0.5,0.295668089389801,0.0,0.0,1,64,64,1.0,0,0.0,0,0.0,1.0,1,,,,,,,,,,,,,,,,,,,,,,,,,,,,,,,
S8,EMATent,0.7509971857070923,0.7509971857070923,0.6177777051925659,1.0,0.27470084428787234,0.5,0.22529915571212766,0.0,0.0,2,64,64,1.0,0,0.0,0,0.0,1.0,1,,,,,,,,,,,,,,,,,,,,,,,,,,,,,,,
S8,EMATent,0.9622011184692383,0.9622011184692383,0.6705345511436462,1.0,0.21133966445922853,0.5,0.2886603355407715,0.0,0.0,3,64,42,0.65625,0,0.0,22,0.34375,0.65625,2,,,,,,,,,,,,,,,,,,,,,,,,,,,,,,,
S8,EMATent,0.8798279166221619,0.8798279166221619,0.7454814910888672,1.0,0.23605162501335145,0.5,0.2639483749866485,0.0,0.0,4,64,0,0.0,12,0.1875,52,0.8125,0.8125,2,,,,,,,,,,,,,,,,,,,,,,,,,,,,,,,
S8,EMATent,0.2510107755661011,0.2510107755661011,0.9256084561347961,1.0,0.4246967673301697,0.5,0.07530323266983031,0.0,0.0,5,64,0,0.0,64,1.0,0,0.0,1.0,1,,,,,,,,,,,,,,,,,,,,,,,,,,,,,,,
S8,EMATent,0.34022974967956543,0.34022974967956543,0.8832887411117554,1.0,0.39793107509613035,0.5,0.10206892490386962,0.0,0.0,6,58,0,0.0,58,1.0,0,0.0,1.0,1,,,,,,,,,,,,,,,,,,,,,,,,,,,,,,,
S8,DynaMixEMATent,,,,,,,,,,0,64,64,1.0,0,0.0,0,0.0,1.0,1,0.007493229117244482,0.06681764870882034,0.06681764870882034,0.059324417263269424,0.9477564189932975,0.032198286394056266,0.020045294612646102,0.0328569128930597,4.276329517364502,0.19999999999999996,0.0,0.05855327844619751,0.2,0.0,1.0,64.0,1.0,0.0,0.0,0.0,0.0,1.0,1.0,0.6666666666666667,,,,,,,
S8,DynaMixEMATent,,,,,,,,,,1,64,64,1.0,0,0.0,0,0.0,1.0,1,0.2410190850496292,0.862694263458252,0.862694263458252,0.6216751933097839,0.46568217264743705,0.27550954831508745,0.25880827903747555,0.37171158355264133,59.48876237869263,0.19999999999999996,1.0,0.6805881857872009,0.2,0.0,1.0,19.0,0.296875,13.0,0.203125,32.0,0.5,0.5,3.0,0.6666666666666667,,,,,,,
S8,DynaMixEMATent,,,,,,,,,,2,64,64,1.0,0,0.0,0,0.0,1.0,1,0.09227662533521652,0.881162703037262,0.881162703037262,0.7888860702514648,0.2975013524182212,0.43814983667060026,0.26434881091117857,0.5955945469391455,115.88317537307739,0.19999999999999996,1.0,0.8220242261886597,0.2,0.0,1.0,7.0,0.109375,18.0,0.28125,39.0,0.609375,0.609375,3.0,0.6666666666666667,,,,,,,
S8,DynaMixEMATent,,,,,,,,,,3,64,42,0.65625,0,0.0,22,0.34375,0.65625,2,0.2622399628162384,0.990290641784668,0.990290641784668,0.7280506491661072,0.1732525274488251,0.5296602800157745,0.2970871925354004,0.7535220220645211,179.26177644729614,0.19999999999999996,1.0,0.8566939234733582,0.2,0.0,1.0,23.0,0.359375,13.0,0.203125,28.0,0.4375,0.4375,3.0,0.3229166666666667,,,,,,,
S8,DynaMixEMATent,,,,,,,,,,4,64,0,0.0,12,0.1875,52,0.8125,0.8125,2,0.3861613869667053,0.8125715851783752,0.8125715851783752,0.4264101982116699,0.1241605132781417,0.6320680111683458,0.24377147555351256,0.8358161464895555,231.26635789871216,0.19999999999999996,1.0,0.8935774564743042,0.2,0.0,1.0,9.0,0.140625,51.0,0.796875,4.0,0.0625,0.796875,3.0,0.4791666666666667,,,,,,,
S8,DynaMixEMATent,,,,,,,,,,5,64,0,0.0,64,1.0,0,0.0,1.0,1,0.06377621740102768,0.22055569291114807,0.22055569291114807,0.156779482960701,0.13731144496713446,0.7965218471595211,0.06616670787334442,0.8529593599576755,245.38192224502563,0.19999999999999996,1.0,0.40479838848114014,0.2,0.0,1.0,0.0,0.0,62.0,0.96875,2.0,0.03125,0.96875,2.0,0.6666666666666667,,,,,,,
S8,DynaMixEMATent,,,,,,,,,,6,58,0,0.0,58,1.0,0,0.0,1.0,1,0.031525857746601105,0.1692543476819992,0.1692543476819992,0.1377284973859787,0.12927020734678402,0.8199534883486163,0.05077630430459976,0.8638148121111949,255.1986744105816,0.19999999999999996,0.0,0.6404043436050415,0.2,0.0,1.0,0.0,0.0,48.0,0.8275862068965517,10.0,0.1724137931034483,0.8275862068965517,2.0,0.6666666666666667,,,,,,,
S8,TEMA,,,,,,,,,,0,64,64,1.0,0,0.0,0,0.0,1.0,1,,,,,,,,,,,,,,,,,,,,,,,,,,,,,,,
S8,TEMA,,,,,,,,,,1,64,64,1.0,0,0.0,0,0.0,1.0,1,,,,,,,,,,,,,,,,,,,,,,,,,,,,,,,
S8,TEMA,,,,,,,,,,2,64,64,1.0,0,0.0,0,0.0,1.0,1,,,,,,,,,,,,,,,,,,,,,,,,,,,,,,,
S8,TEMA,,,,,,,,,,3,64,42,0.65625,0,0.0,22,0.34375,0.65625,2,,,,,,,,,,,,,,,,,,,,,,,,,,,,,,,
S8,TEMA,,,,,,,,,,4,64,0,0.0,12,0.1875,52,0.8125,0.8125,2,,,,,,,,,,,,,,,,,,,,,,,,,,,,,,,
S8,TEMA,,,,,,,,,,5,64,0,0.0,64,1.0,0,0.0,1.0,1,,,,,,,,,,,,,,,,,,,,,,,,,,,,,,,
S8,TEMA,,,,,,,,,,6,58,0,0.0,58,1.0,0,0.0,1.0,1,,,,,,,,,,,,,,,,,,,,,,,,,,,,,,,
S8,DUA,,,,,,,,,,0,64,64,1.0,0,0.0,0,0.0,1.0,1,,,,,,,,,,,,,,,,,,,,,,,,,0.099,,,,,,
S8,DUA,,,,,,,,,,1,64,64,1.0,0,0.0,0,0.0,1.0,1,,,,,,,,,,,,,,,,,,,,,,,,,0.09336,,,,,,
S8,DUA,,,,,,,,,,2,64,64,1.0,0,0.0,0,0.0,1.0,1,,,,,,,,,,,,,,,,,,,,,,,,,0.0880584,,,,,,
S8,DUA,,,,,,,,,,3,64,42,0.65625,0,0.0,22,0.34375,0.65625,2,,,,,,,,,,,,,,,,,,,,,,,,,0.083074896,,,,,,
S8,DUA,,,,,,,,,,4,64,0,0.0,12,0.1875,52,0.8125,0.8125,2,,,,,,,,,,,,,,,,,,,,,,,,,0.07839040223999999,,,,,,
S8,DUA,,,,,,,,,,5,64,0,0.0,64,1.0,0,0.0,1.0,1,,,,,,,,,,,,,,,,,,,,,,,,,0.07398697810559998,,,,,,
S8,DUA,,,,,,,,,,6,58,0,0.0,58,1.0,0,0.0,1.0,1,,,,,,,,,,,,,,,,,,,,,,,,,0.06984775941926398,,,,,,
S8,RoTTA,,,,,,,,,,0,64,64,1.0,0,0.0,0,0.0,1.0,1,,,,,,,,,,,,,,,,,,,,,,,,,,53.0,,,,,
S8,RoTTA,,,,,,,,,,1,64,64,1.0,0,0.0,0,0.0,1.0,1,,,,,,,,,,,,,,,,,,,,,,,,,,66.0,,,,,
S8,RoTTA,,,,,,,,,,2,64,64,1.0,0,0.0,0,0.0,1.0,1,,,,,,,,,,,,,,,,,,,,,,,,,,66.0,,,,,
S8,RoTTA,,,,,,,,,,3,64,42,0.65625,0,0.0,22,0.34375,0.65625,2,,,,,,,,,,,,,,,,,,,,,,,,,,66.0,,,,,
S8,RoTTA,,,,,,,,,,4,64,0,0.0,12,0.1875,52,0.8125,0.8125,2,,,,,,,,,,,,,,,,,,,,,,,,,,66.0,,,,,
S8,RoTTA,,,,,,,,,,5,64,0,0.0,64,1.0,0,0.0,1.0,1,,,,,,,,,,,,,,,,,,,,,,,,,,66.0,,,,,
S8,RoTTA,,,,,,,,,,6,58,0,0.0,58,1.0,0,0.0,1.0,1,,,,,,,,,,,,,,,,,,,,,,,,,,66.0,,,,,
S8,NOTE,,,,,,,,,,0,64,64,1.0,0,0.0,0,0.0,1.0,1,,,,,,,,,,,,,,,,,,,,,,,,,,,64.0,1.0,0.7532925009727478,,
S8,NOTE,,,,,,,,,,1,64,64,1.0,0,0.0,0,0.0,1.0,1,,,,,,,,,,,,,,,,,,,,,,,,,,,64.0,1.0,0.7187727689743042,,
S8,NOTE,,,,,,,,,,2,64,64,1.0,0,0.0,0,0.0,1.0,1,,,,,,,,,,,,,,,,,,,,,,,,,,,64.0,1.0,0.7700466513633728,,
S8,NOTE,,,,,,,,,,3,64,42,0.65625,0,0.0,22,0.34375,0.65625,2,,,,,,,,,,,,,,,,,,,,,,,,,,,64.0,1.0,0.8980063199996948,,
S8,NOTE,,,,,,,,,,4,64,0,0.0,12,0.1875,52,0.8125,0.8125,2,,,,,,,,,,,,,,,,,,,,,,,,,,,64.0,1.0,0.7408949136734009,,
S8,NOTE,,,,,,,,,,5,64,0,0.0,64,1.0,0,0.0,1.0,1,,,,,,,,,,,,,,,,,,,,,,,,,,,64.0,1.0,0.9924572706222534,,
S8,NOTE,,,,,,,,,,6,58,0,0.0,58,1.0,0,0.0,1.0,1,,,,,,,,,,,,,,,,,,,,,,,,,,,64.0,0.0,,,
S8,DELTA,,,,,,,,,,0,64,64,1.0,0,0.0,0,0.0,1.0,1,,,,,,,,,,,,,,,,,,,,,,,,,,,,,,0.4019981324672699,14.0
S8,DELTA,,,,,,,,,,1,64,64,1.0,0,0.0,0,0.0,1.0,1,,,,,,,,,,,,,,,,,,,,,,,,,,,,,,0.24688106775283813,47.0
S8,DELTA,,,,,,,,,,2,64,64,1.0,0,0.0,0,0.0,1.0,1,,,,,,,,,,,,,,,,,,,,,,,,,,,,,,0.28175100684165955,40.0
S8,DELTA,,,,,,,,,,3,64,42,0.65625,0,0.0,22,0.34375,0.65625,2,,,,,,,,,,,,,,,,,,,,,,,,,,,,,,0.22236526012420654,35.0
S8,DELTA,,,,,,,,,,4,64,0,0.0,12,0.1875,52,0.8125,0.8125,2,,,,,,,,,,,,,,,,,,,,,,,,,,,,,,0.2733321189880371,52.0
S8,DELTA,,,,,,,,,,5,64,0,0.0,64,1.0,0,0.0,1.0,1,,,,,,,,,,,,,,,,,,,,,,,,,,,,,,0.24820968508720398,60.0
S8,DELTA,,,,,,,,,,6,58,0,0.0,58,1.0,0,0.0,1.0,1,,,,,,,,,,,,,,,,,,,,,,,,,,,,,,0.39667439460754395,43.0
S9,EMATent,0.05465564504265785,0.05465564504265785,0.9904977083206177,0.0,0.4836033064872026,0.5,0.016396693512797354,0.0,0.0,0,64,64,1.0,0,0.0,0,0.0,1.0,1,,,,,,,,,,,,,,,,,,,,,,,,,,,,,,,
S9,EMATent,0.28924325108528137,0.28924325108528137,0.9192126989364624,1.0,0.41322702467441563,0.5,0.08677297532558441,0.0,0.0,1,64,64,1.0,0,0.0,0,0.0,1.0,1,,,,,,,,,,,,,,,,,,,,,,,,,,,,,,,
S9,EMATent,0.37520596385002136,0.37520596385002136,0.9001280665397644,1.0,0.38743821084499364,0.5,0.1125617891550064,0.0,0.0,2,64,64,1.0,0,0.0,0,0.0,1.0,1,,,,,,,,,,,,,,,,,,,,,,,,,,,,,,,
S9,EMATent,0.8391868472099304,0.8391868472099304,0.8956793546676636,1.0,0.2482439458370209,0.5,0.25175605416297914,0.0,0.0,3,64,44,0.6875,20,0.3125,0,0.0,0.6875,2,,,,,,,,,,,,,,,,,,,,,,,,,,,,,,,
S9,EMATent,0.1075916588306427,0.1075916588306427,0.9752631187438965,0.0,0.4677225023508072,0.5,0.032277497649192806,0.0,0.0,4,64,0,0.0,64,1.0,0,0.0,1.0,1,,,,,,,,,,,,,,,,,,,,,,,,,,,,,,,
S9,EMATent,0.08995362371206284,0.08995362371206284,0.9810702204704285,0.0,0.47301391288638117,0.5,0.02698608711361885,0.0,0.0,5,64,0,0.0,45,0.703125,19,0.296875,0.703125,2,,,,,,,,,,,,,,,,,,,,,,,,,,,,,,,
S9,EMATent,0.1540396809577942,0.1540396809577942,0.9608796238899231,0.0,0.45378809571266177,0.5,0.046211904287338255,0.0,0.0,6,55,0,0.0,0,0.0,55,1.0,1.0,1,,,,,,,,,,,,,,,,,,,,,,,,,,,,,,,
S9,DynaMixEMATent,,,,,,,,,,0,64,64,1.0,0,0.0,0,0.0,1.0,1,0.008342627435922623,0.05465564504265785,0.05465564504265785,0.04631301760673523,0.9570875292892695,0.026515777197933094,0.016396693512797354,0.026957795915337424,3.4979612827301025,0.19999999999999996,0.0,0.05854226276278496,0.2,0.0,1.0,64.0,1.0,0.0,0.0,0.0,0.0,1.0,1.0,0.6666666666666667,,,,,,,
S9,DynaMixEMATent,,,,,,,,,,1,64,64,1.0,0,0.0,0,0.0,1.0,1,0.02538430318236351,0.14787276089191437,0.14787276089191437,0.12248845398426056,0.8636047138437897,0.0920334578886361,0.04436182826757431,0.09630575735771785,12.961817979812622,0.19999999999999996,0.0,0.20961511135101318,0.2,0.0,1.0,64.0,1.0,0.0,0.0,0.0,0.0,1.0,1.0,0.6666666666666667,,,,,,,
S9,DynaMixEMATent,,,,,,,,,,2,64,64,1.0,0,0.0,0,0.0,1.0,1,0.028942598029971123,0.15379557013511658,0.15379557013511658,0.1248529702425003,0.798197703381195,0.15566362557827002,0.04613867104053497,0.16319314018954745,22.804734468460083,0.19999999999999996,0.0,0.21027213335037231,0.2,0.0,1.0,63.0,0.984375,0.0,0.0,1.0,0.015625,0.984375,2.0,0.6666666666666667,,,,,,,
S9,DynaMixEMATent,,,,,,,,,,3,64,44,0.6875,20,0.3125,0,0.0,0.6875,2,0.40212711691856384,0.7142817378044128,0.7142817378044128,0.312154620885849,0.46003008224050096,0.32568539641817523,0.21428452134132384,0.4145080570057812,68.5187656879425,0.19999999999999996,1.0,0.45833849906921387,0.2,0.0,1.0,32.0,0.5,27.0,0.421875,5.0,0.078125,0.5,3.0,0.3541666666666667,,,,,,,
S9,DynaMixEMATent,,,,,,,,,,4,64,0,0.0,64,1.0,0,0.0,1.0,1,0.02786814235150814,0.41663721203804016,0.41663721203804016,0.38876909017562866,0.4159697420172156,0.45903909437137236,0.12499116361141205,0.5246108099501694,95.18354725837708,0.19999999999999996,1.0,0.1946667730808258,0.2,0.0,1.0,0.0,0.0,64.0,1.0,0.0,0.0,1.0,1.0,0.6666666666666667,,,,,,,
S9,DynaMixEMATent,,,,,,,,,,5,64,0,0.0,45,0.703125,19,0.296875,0.703125,2,0.029637597501277924,0.30807116627693176,0.30807116627693176,0.27843359112739563,0.3698594923408291,0.5377191577760915,0.09242134988307953,0.5924766494967888,114.90010190010071,0.19999999999999996,1.0,0.12734614312648773,0.2,0.0,1.0,0.0,0.0,64.0,1.0,0.0,0.0,1.0,1.0,0.3697916666666667,,,,,,,
S9,DynaMixEMATent,,,,,,,,,,6,55,0,0.0,0,0.0,55,1.0,1.0,1,0.01370321772992611,0.20936986804008484,0.20936986804008484,0.19566665589809418,0.34906716391987097,0.5881218756681035,0.06281096041202545,0.6275381495356211,126.41544464230537,0.19999999999999996,1.0,0.26879119873046875,0.2,0.0,1.0,0.0,0.0,55.0,1.0,0.0,0.0,1.0,1.0,0.6666666666666667,,,,,,,
S9,TEMA,,,,,,,,,,0,64,64,1.0,0,0.0,0,0.0,1.0,1,,,,,,,,,,,,,,,,,,,,,,,,,,,,,,,
S9,TEMA,,,,,,,,,,1,64,64,1.0,0,0.0,0,0.0,1.0,1,,,,,,,,,,,,,,,,,,,,,,,,,,,,,,,
S9,TEMA,,,,,,,,,,2,64,64,1.0,0,0.0,0,0.0,1.0,1,,,,,,,,,,,,,,,,,,,,,,,,,,,,,,,
S9,TEMA,,,,,,,,,,3,64,44,0.6875,20,0.3125,0,0.0,0.6875,2,,,,,,,,,,,,,,,,,,,,,,,,,,,,,,,
S9,TEMA,,,,,,,,,,4,64,0,0.0,64,1.0,0,0.0,1.0,1,,,,,,,,,,,,,,,,,,,,,,,,,,,,,,,
S9,TEMA,,,,,,,,,,5,64,0,0.0,45,0.703125,19,0.296875,0.703125,2,,,,,,,,,,,,,,,,,,,,,,,,,,,,,,,
S9,TEMA,,,,,,,,,,6,55,0,0.0,0,0.0,55,1.0,1.0,1,,,,,,,,,,,,,,,,,,,,,,,,,,,,,,,
S9,DUA,,,,,,,,,,0,64,64,1.0,0,0.0,0,0.0,1.0,1,,,,,,,,,,,,,,,,,,,,,,,,,0.099,,,,,,
S9,DUA,,,,,,,,,,1,64,64,1.0,0,0.0,0,0.0,1.0,1,,,,,,,,,,,,,,,,,,,,,,,,,0.09336,,,,,,
S9,DUA,,,,,,,,,,2,64,64,1.0,0,0.0,0,0.0,1.0,1,,,,,,,,,,,,,,,,,,,,,,,,,0.0880584,,,,,,
S9,DUA,,,,,,,,,,3,64,44,0.6875,20,0.3125,0,0.0,0.6875,2,,,,,,,,,,,,,,,,,,,,,,,,,0.083074896,,,,,,
S9,DUA,,,,,,,,,,4,64,0,0.0,64,1.0,0,0.0,1.0,1,,,,,,,,,,,,,,,,,,,,,,,,,0.07839040223999999,,,,,,
S9,DUA,,,,,,,,,,5,64,0,0.0,45,0.703125,19,0.296875,0.703125,2,,,,,,,,,,,,,,,,,,,,,,,,,0.07398697810559998,,,,,,
S9,DUA,,,,,,,,,,6,55,0,0.0,0,0.0,55,1.0,1.0,1,,,,,,,,,,,,,,,,,,,,,,,,,0.06984775941926398,,,,,,
S9,RoTTA,,,,,,,,,,0,64,64,1.0,0,0.0,0,0.0,1.0,1,,,,,,,,,,,,,,,,,,,,,,,,,,46.0,,,,,
S9,RoTTA,,,,,,,,,,1,64,64,1.0,0,0.0,0,0.0,1.0,1,,,,,,,,,,,,,,,,,,,,,,,,,,58.0,,,,,
S9,RoTTA,,,,,,,,,,2,64,64,1.0,0,0.0,0,0.0,1.0,1,,,,,,,,,,,,,,,,,,,,,,,,,,66.0,,,,,
S9,RoTTA,,,,,,,,,,3,64,44,0.6875,20,0.3125,0,0.0,0.6875,2,,,,,,,,,,,,,,,,,,,,,,,,,,66.0,,,,,
S9,RoTTA,,,,,,,,,,4,64,0,0.0,64,1.0,0,0.0,1.0,1,,,,,,,,,,,,,,,,,,,,,,,,,,66.0,,,,,
S9,RoTTA,,,,,,,,,,5,64,0,0.0,45,0.703125,19,0.296875,0.703125,2,,,,,,,,,,,,,,,,,,,,,,,,,,66.0,,,,,
S9,RoTTA,,,,,,,,,,6,55,0,0.0,0,0.0,55,1.0,1.0,1,,,,,,,,,,,,,,,,,,,,,,,,,,66.0,,,,,
S9,NOTE,,,,,,,,,,0,64,64,1.0,0,0.0,0,0.0,1.0,1,,,,,,,,,,,,,,,,,,,,,,,,,,,64.0,1.0,0.5304199457168579,,
S9,NOTE,,,,,,,,,,1,64,64,1.0,0,0.0,0,0.0,1.0,1,,,,,,,,,,,,,,,,,,,,,,,,,,,64.0,1.0,0.6521622538566589,,
S9,NOTE,,,,,,,,,,2,64,64,1.0,0,0.0,0,0.0,1.0,1,,,,,,,,,,,,,,,,,,,,,,,,,,,64.0,1.0,0.8632007837295532,,
S9,NOTE,,,,,,,,,,3,64,44,0.6875,20,0.3125,0,0.0,0.6875,2,,,,,,,,,,,,,,,,,,,,,,,,,,,64.0,1.0,0.3589947819709778,,
S9,NOTE,,,,,,,,,,4,64,0,0.0,64,1.0,0,0.0,1.0,1,,,,,,,,,,,,,,,,,,,,,,,,,,,64.0,1.0,0.5942068696022034,,
S9,NOTE,,,,,,,,,,5,64,0,0.0,45,0.703125,19,0.296875,0.703125,2,,,,,,,,,,,,,,,,,,,,,,,,,,,64.0,1.0,0.48827001452445984,,
S9,NOTE,,,,,,,,,,6,55,0,0.0,0,0.0,55,1.0,1.0,1,,,,,,,,,,,,,,,,,,,,,,,,,,,64.0,0.0,,,
S9,DELTA,,,,,,,,,,0,64,64,1.0,0,0.0,0,0.0,1.0,1,,,,,,,,,,,,,,,,,,,,,,,,,,,,,,0.29505598545074463,31.0
S9,DELTA,,,,,,,,,,1,64,64,1.0,0,0.0,0,0.0,1.0,1,,,,,,,,,,,,,,,,,,,,,,,,,,,,,,0.23066607117652893,42.0
S9,DELTA,,,,,,,,,,2,64,64,1.0,0,0.0,0,0.0,1.0,1,,,,,,,,,,,,,,,,,,,,,,,,,,,,,,0.2203652709722519,55.0
S9,DELTA,,,,,,,,,,3,64,44,0.6875,20,0.3125,0,0.0,0.6875,2,,,,,,,,,,,,,,,,,,,,,,,,,,,,,,0.09704999625682831,60.0
S9,DELTA,,,,,,,,,,4,64,0,0.0,64,1.0,0,0.0,1.0,1,,,,,,,,,,,,,,,,,,,,,,,,,,,,,,2.8110189305152744e-05,64.0
S9,DELTA,,,,,,,,,,5,64,0,0.0,45,0.703125,19,0.296875,0.703125,2,,,,,,,,,,,,,,,,,,,,,,,,,,,,,,0.00014701765030622482,64.0
S9,DELTA,,,,,,,,,,6,55,0,0.0,0,0.0,55,1.0,1.0,1,,,,,,,,,,,,,,,,,,,,,,,,,,,,,,0.004866167902946472,55.0
