Subject,Method,raw_gate,effective_gate,confidence,updated,effective_source_weight,effective_ema_weight,effective_batch_weight,probe_gate,min_gate,batch_index,batch_size,true_class_0_count,true_class_0_ratio,true_max_class_ratio,true_num_present_classes,true_class_1_count,true_class_1_ratio,g_mi,effective_mi_gate,diversity_norm,sample_entropy_norm,w_source,w_ema,w_batch,rho,n_eff,alpha,entropy_updated,loss_entropy,gate_threshold,gate_aware_ema,dynamic_mixture_weights,pred_class_0_count,pred_class_0_ratio,pred_class_1_count,pred_class_1_ratio,pred_max_class_ratio,pred_num_present_classes,true_imbalance,dua_momentum,rotta_memory_occupancy,note_memory_occupancy,note_updated,note_loss,delta_loss,delta_used_samples
S10,EMATent,0.02426043711602688,0.02426043711602688,0.9976096749305725,0.0,0.4927218688651919,0.5,0.007278131134808063,0.0,0.0,0,64,64,1.0,1.0,1,,,,,,,,,,,,,,,,,,,,,,,,,,,,,,,
S10,EMATent,0.6942418217658997,0.6942418217658997,0.9194003343582153,1.0,0.2917274534702301,0.5,0.2082725465297699,0.0,0.0,1,64,64,1.0,1.0,1,,,,,,,,,,,,,,,,,,,,,,,,,,,,,,,
S10,EMATent,0.9212518930435181,0.9212518930435181,0.9319601058959961,1.0,0.2236244320869446,0.5,0.2763755679130554,0.0,0.0,2,64,64,1.0,1.0,1,,,,,,,,,,,,,,,,,,,,,,,,,,,,,,,
S10,EMATent,0.9971587657928467,0.9971587657928467,0.9588376879692078,1.0,0.200852370262146,0.5,0.29914762973785397,0.0,0.0,3,64,64,1.0,1.0,1,,,,,,,,,,,,,,,,,,,,,,,,,,,,,,,
S10,EMATent,4.269967394066043e-05,4.269967394066043e-05,0.9999979138374329,0.0,0.4999871900978178,0.5,1.280990218219813e-05,0.0,0.0,4,64,64,1.0,1.0,1,,,,,,,,,,,,,,,,,,,,,,,,,,,,,,,
S10,EMATent,0.00015427010657731444,0.00015427010657731444,0.9999915361404419,0.0,0.4999537189680268,0.5,4.628103197319433e-05,0.0,0.0,5,64,64,1.0,1.0,1,,,,,,,,,,,,,,,,,,,,,,,,,,,,,,,
S10,EMATent,0.0742824524641037,0.0742824524641037,0.9909713268280029,0.0,0.4777152642607689,0.5,0.02228473573923111,0.0,0.0,6,64,7,0.109375,0.890625,2,57.0,0.890625,,,,,,,,,,,,,,,,,,,,,,,,,,,,,
S10,EMATent,0.2859264314174652,0.2859264314174652,0.950110673904419,1.0,0.41422207057476046,0.5,0.08577792942523955,0.0,0.0,7,64,0,0.0,1.0,1,64.0,1.0,,,,,,,,,,,,,,,,,,,,,,,,,,,,,
S10,EMATent,0.9178446531295776,0.9178446531295776,0.9578755497932434,1.0,0.22464660406112671,0.5,0.27535339593887326,0.0,0.0,8,64,40,0.625,0.625,2,24.0,0.375,,,,,,,,,,,,,,,,,,,,,,,,,,,,,
S10,EMATent,0.000133190187625587,0.000133190187625587,0.9999927878379822,0.0,0.4999600429437123,0.5,3.9957056287676096e-05,0.0,0.0,9,40,40,1.0,1.0,1,,,,,,,,,,,,,,,,,,,,,,,,,,,,,,,
S10,DynaMixEMATent,,,,,,,,,,0,64,64,1.0,1.0,1,,,0.008393649943172932,0.02426043711602688,0.02426043711602688,0.01586678810417652,0.9807526768501696,0.011969192015022365,0.007278131134808063,0.012056944034792627,1.5526679754257202,0.19999999999999996,0.0,0.011483312584459782,0.2,0.0,1.0,64.0,1.0,0.0,0.0,1.0,1.0,0.0,,,,,,,
S10,DynaMixEMATent,,,,,,,,,,1,64,64,1.0,1.0,1,,,0.3054613173007965,0.5320323705673218,0.5320323705673218,0.22657106816768646,0.6363317263330832,0.2040585624967203,0.15960971117019654,0.24281404153403585,35.602739691734314,0.19999999999999996,1.0,0.21603955328464508,0.2,0.0,1.0,44.0,0.6875,20.0,0.3125,0.6875,2.0,0.0,,,,,,,
S10,DynaMixEMATent,,,,,,,,,,2,64,64,1.0,1.0,1,,,0.7360084652900696,0.9996752738952637,0.9996752738952637,0.26366686820983887,0.3215764969148199,0.3785209209166011,0.29990258216857907,0.54066892874578,99.58195722103119,0.19999999999999996,1.0,0.211276113986969,0.2,0.0,1.0,22.0,0.34375,42.0,0.65625,0.65625,2.0,0.0,,,,,,,
S10,DynaMixEMATent,,,,,,,,,,3,64,64,1.0,1.0,1,,,0.7264990210533142,0.9570658206939697,0.9570658206939697,0.2305668145418167,0.20291689443031863,0.5099633593614905,0.2871197462081909,0.7153562700734044,160.83416974544525,0.19999999999999996,1.0,0.20890599489212036,0.2,0.0,1.0,36.0,0.5625,28.0,0.4375,0.5625,2.0,0.0,,,,,,,
S10,DynaMixEMATent,,,,,,,,,,4,64,64,1.0,1.0,1,,,1.4988491784606595e-05,0.00010221589764114469,0.00010221589764114469,8.722741040401161e-05,0.2846204546529334,0.7153488805777742,3.0664769292343407e-05,0.715370817258844,160.84071156289428,0.19999999999999996,0.0,0.00014402950182557106,0.2,0.0,1.0,64.0,1.0,0.0,0.0,1.0,1.0,0.0,,,,,,,
S10,DynaMixEMATent,,,,,,,,,,5,64,64,1.0,1.0,1,,,2.7387586669647135e-05,0.00013654596114065498,0.00013654596114065498,0.00010915837628999725,0.28459809222823773,0.7153609439834201,4.0963788342196496e-05,0.7153902490781654,160.8494505044073,0.19999999999999996,0.0,0.0008979515987448394,0.2,0.0,1.0,64.0,1.0,0.0,0.0,1.0,1.0,0.0,,,,,,,
S10,DynaMixEMATent,,,,,,,,,,6,64,7,0.109375,0.890625,2,57.0,0.890625,0.00041834654984995723,0.0018188300309702754,0.0018188300309702754,0.001400483539327979,0.2841958843329583,0.7152584666577506,0.0005456490092910826,0.7156489598036677,160.96585562638938,0.19999999999999996,0.0,0.022825466468930244,0.2,0.0,1.0,62.0,0.96875,2.0,0.03125,0.96875,2.0,0.390625,,,,,,,
S10,DynaMixEMATent,,,,,,,,,,7,64,0,0.0,1.0,1,64.0,1.0,0.00035180815029889345,0.0020893325563520193,0.0020893325563520193,0.0017375244060531259,0.28387609828868626,0.7154971019444081,0.0006267997669056058,0.7159458566404674,161.0995729099959,0.19999999999999996,0.0,0.525722324848175,0.2,0.0,1.0,43.0,0.671875,21.0,0.328125,0.671875,2.0,0.5,,,,,,,
S10,DynaMixEMATent,,,,,,,,,,8,64,40,0.625,0.625,2,24.0,0.375,7.284351158887148e-05,0.00039428254240192473,0.00039428254240192473,0.00032143903081305325,0.28396455743029914,0.7159171578069803,0.00011828476272057742,0.7160018499159051,161.12480699270964,0.19999999999999996,0.0,0.005304306745529175,0.2,0.0,1.0,40.0,0.625,24.0,0.375,0.625,2.0,0.125,,,,,,,
S10,DynaMixEMATent,,,,,,,,,,9,40,40,1.0,1.0,1,,,2.9318507586140186e-06,2.0415262042661197e-05,2.0415262042661197e-05,1.748341128404718e-05,0.28399459888927087,0.7159992765321164,6.124578612798359e-06,0.7160036617528298,161.12562360319134,0.19999999999999996,0.0,0.0008090650662779808,0.2,0.0,1.0,40.0,1.0,0.0,0.0,1.0,1.0,0.0,,,,,,,
S10,TEMA,,,,,,,,,,0,64,64,1.0,1.0,1,0.0,0.0,,,,,,,,,,,,,,,,,,,,,,,,,,,,,
S10,TEMA,,,,,,,,,,1,64,64,1.0,1.0,1,0.0,0.0,,,,,,,,,,,,,,,,,,,,,,,,,,,,,
S10,TEMA,,,,,,,,,,2,64,64,1.0,1.0,1,0.0,0.0,,,,,,,,,,,,,,,,,,,,,,,,,,,,,
S10,TEMA,,,,,,,,,,3,64,64,1.0,1.0,1,0.0,0.0,,,,,,,,,,,,,,,,,,,,,,,,,,,,,
S10,TEMA,,,,,,,,,,4,64,64,1.0,1.0,1,0.0,0.0,,,,,,,,,,,,,,,,,,,,,,,,,,,,,
S10,TEMA,,,,,,,,,,5,64,64,1.0,1.0,1,0.0,0.0,,,,,,,,,,,,,,,,,,,,,,,,,,,,,
S10,TEMA,,,,,,,,,,6,64,7,0.109375,0.890625,2,57.0,0.890625,,,,,,,,,,,,,,,,,,,,,,,,,,,,,
S10,TEMA,,,,,,,,,,7,64,0,0.0,1.0,1,64.0,1.0,,,,,,,,,,,,,,,,,,,,,,,,,,,,,
S10,TEMA,,,,,,,,,,8,64,40,0.625,0.625,2,24.0,0.375,,,,,,,,,,,,,,,,,,,,,,,,,,,,,
S10,TEMA,,,,,,,,,,9,40,40,1.0,1.0,1,0.0,0.0,,,,,,,,,,,,,,,,,,,,,,,,,,,,,
S10,DUA,,,,,,,,,,0,64,64,1.0,1.0,1,0.0,0.0,,,,,,,,,,,,,,,,,,,,,,,0.099,,,,,,
S10,DUA,,,,,,,,,,1,64,64,1.0,1.0,1,0.0,0.0,,,,,,,,,,,,,,,,,,,,,,,0.09336,,,,,,
S10,DUA,,,,,,,,,,2,64,64,1.0,1.0,1,0.0,0.0,,,,,,,,,,,,,,,,,,,,,,,0.0880584,,,,,,
S10,DUA,,,,,,,,,,3,64,64,1.0,1.0,1,0.0,0.0,,,,,,,,,,,,,,,,,,,,,,,0.083074896,,,,,,
S10,DUA,,,,,,,,,,4,64,64,1.0,1.0,1,0.0,0.0,,,,,,,,,,,,,,,,,,,,,,,0.07839040223999999,,,,,,
S10,DUA,,,,,,,,,,5,64,64,1.0,1.0,1,0.0,0.0,,,,,,,,,,,,,,,,,,,,,,,0.07398697810559998,,,,,,
S10,DUA,,,,,,,,,,6,64,7,0.109375,0.890625,2,57.0,0.890625,,,,,,,,,,,,,,,,,,,,,,,0.06984775941926398,,,,,,
S10,DUA,,,,,,,,,,7,64,0,0.0,1.0,1,64.0,1.0,,,,,,,,,,,,,,,,,,,,,,,0.06595689385410813,,,,,,
S10,DUA,,,,,,,,,,8,64,40,0.625,0.625,2,24.0,0.375,,,,,,,,,,,,,,,,,,,,,,,0.06229948022286164,,,,,,
S10,DUA,,,,,,,,,,9,40,40,1.0,1.0,1,0.0,0.0,,,,,,,,,,,,,,,,,,,,,,,0.05886151140948994,,,,,,
S10,RoTTA,,,,,,,,,,0,64,64,1.0,1.0,1,0.0,0.0,,,,,,,,,,,,,,,,,,,,,,,,46.0,,,,,
S10,RoTTA,,,,,,,,,,1,64,64,1.0,1.0,1,0.0,0.0,,,,,,,,,,,,,,,,,,,,,,,,64.0,,,,,
S10,RoTTA,,,,,,,,,,2,64,64,1.0,1.0,1,0.0,0.0,,,,,,,,,,,,,,,,,,,,,,,,64.0,,,,,
S10,RoTTA,,,,,,,,,,3,64,64,1.0,1.0,1,0.0,0.0,,,,,,,,,,,,,,,,,,,,,,,,64.0,,,,,
S10,RoTTA,,,,,,,,,,4,64,64,1.0,1.0,1,0.0,0.0,,,,,,,,,,,,,,,,,,,,,,,,64.0,,,,,
S10,RoTTA,,,,,,,,,,5,64,64,1.0,1.0,1,0.0,0.0,,,,,,,,,,,,,,,,,,,,,,,,64.0,,,,,
S10,RoTTA,,,,,,,,,,6,64,7,0.109375,0.890625,2,57.0,0.890625,,,,,,,,,,,,,,,,,,,,,,,,64.0,,,,,
S10,RoTTA,,,,,,,,,,7,64,0,0.0,1.0,1,64.0,1.0,,,,,,,,,,,,,,,,,,,,,,,,64.0,,,,,
S10,RoTTA,,,,,,,,,,8,64,40,0.625,0.625,2,24.0,0.375,,,,,,,,,,,,,,,,,,,,,,,,64.0,,,,,
S10,RoTTA,,,,,,,,,,9,40,40,1.0,1.0,1,0.0,0.0,,,,,,,,,,,,,,,,,,,,,,,,64.0,,,,,
S10,NOTE,,,,,,,,,,0,64,64,1.0,1.0,1,0.0,0.0,,,,,,,,,,,,,,,,,,,,,,,,,64.0,1.0,0.21313050389289856,,
S10,NOTE,,,,,,,,,,1,64,64,1.0,1.0,1,0.0,0.0,,,,,,,,,,,,,,,,,,,,,,,,,64.0,1.0,0.14717507362365723,,
S10,NOTE,,,,,,,,,,2,64,64,1.0,1.0,1,0.0,0.0,,,,,,,,,,,,,,,,,,,,,,,,,64.0,1.0,0.2589893341064453,,
S10,NOTE,,,,,,,,,,3,64,64,1.0,1.0,1,0.0,0.0,,,,,,,,,,,,,,,,,,,,,,,,,64.0,1.0,0.1692836433649063,,
S10,NOTE,,,,,,,,,,4,64,64,1.0,1.0,1,0.0,0.0,,,,,,,,,,,,,,,,,,,,,,,,,64.0,1.0,0.17972886562347412,,
S10,NOTE,,,,,,,,,,5,64,64,1.0,1.0,1,0.0,0.0,,,,,,,,,,,,,,,,,,,,,,,,,64.0,1.0,0.2106151133775711,,
S10,NOTE,,,,,,,,,,6,64,7,0.109375,0.890625,2,57.0,0.890625,,,,,,,,,,,,,,,,,,,,,,,,,64.0,1.0,0.3012999892234802,,
S10,NOTE,,,,,,,,,,7,64,0,0.0,1.0,1,64.0,1.0,,,,,,,,,,,,,,,,,,,,,,,,,64.0,1.0,0.31175029277801514,,
S10,NOTE,,,,,,,,,,8,64,40,0.625,0.625,2,24.0,0.375,,,,,,,,,,,,,,,,,,,,,,,,,64.0,1.0,0.03329455107450485,,
S10,NOTE,,,,,,,,,,9,40,40,1.0,1.0,1,0.0,0.0,,,,,,,,,,,,,,,,,,,,,,,,,64.0,0.0,,,
S10,DELTA,,,,,,,,,,0,64,64,1.0,1.0,1,0.0,0.0,,,,,,,,,,,,,,,,,,,,,,,,,,,,0.06755798310041428,43.0
S10,DELTA,,,,,,,,,,1,64,64,1.0,1.0,1,0.0,0.0,,,,,,,,,,,,,,,,,,,,,,,,,,,,0.0669853463768959,38.0
S10,DELTA,,,,,,,,,,2,64,64,1.0,1.0,1,0.0,0.0,,,,,,,,,,,,,,,,,,,,,,,,,,,,0.03620832413434982,56.0
S10,DELTA,,,,,,,,,,3,64,64,1.0,1.0,1,0.0,0.0,,,,,,,,,,,,,,,,,,,,,,,,,,,,0.0407639741897583,58.0
S10,DELTA,,,,,,,,,,4,64,64,1.0,1.0,1,0.0,0.0,,,,,,,,,,,,,,,,,,,,,,,,,,,,4.0119113009495777e-07,64.0
S10,DELTA,,,,,,,,,,5,64,64,1.0,1.0,1,0.0,0.0,,,,,,,,,,,,,,,,,,,,,,,,,,,,1.0076025773742003e-06,64.0
S10,DELTA,,,,,,,,,,6,64,7,0.109375,0.890625,2,57.0,0.890625,,,,,,,,,,,,,,,,,,,,,,,,,,,,0.008319132961332798,63.0
S10,DELTA,,,,,,,,,,7,64,0,0.0,1.0,1,64.0,1.0,,,,,,,,,,,,,,,,,,,,,,,,,,,,0.06690023094415665,54.0
S10,DELTA,,,,,,,,,,8,64,40,0.625,0.625,2,24.0,0.375,,,,,,,,,,,,,,,,,,,,,,,,,,,,0.09016295522451401,59.0
S10,DELTA,,,,,,,,,,9,40,40,1.0,1.0,1,0.0,0.0,,,,,,,,,,,,,,,,,,,,,,,,,,,,0.0144477728754282,40.0
S11,EMATent,0.0021708705462515354,0.0021708705462515354,0.9998461008071899,0.0,0.4993487388361245,0.5,0.0006512611638754606,0.0,0.0,0,64,64,1.0,1.0,1,,,,,,,,,,,,,,,,,,,,,,,,,,,,,,,
S11,EMATent,0.0002819959190674126,0.0002819959190674126,0.9999837875366211,0.0,0.4999154012242798,0.5,8.459877572022378e-05,0.0,0.0,1,64,64,1.0,1.0,1,,,,,,,,,,,,,,,,,,,,,,,,,,,,,,,
S11,EMATent,0.061939023435115814,0.061939023435115814,0.992751955986023,0.0,0.48141829296946526,0.5,0.018581707030534744,0.0,0.0,2,64,64,1.0,1.0,1,,,,,,,,,,,,,,,,,,,,,,,,,,,,,,,
S11,EMATent,0.3137398958206177,0.3137398958206177,0.9505960941314697,1.0,0.4058780312538147,0.5,0.0941219687461853,0.0,0.0,3,64,44,0.6875,0.6875,2,20.0,0.3125,,,,,,,,,,,,,,,,,,,,,,,,,,,,,
S11,EMATent,0.879954993724823,0.879954993724823,0.8357021808624268,1.0,0.2360135018825531,0.5,0.2639864981174469,0.0,0.0,4,64,0,0.0,1.0,1,64.0,1.0,,,,,,,,,,,,,,,,,,,,,,,,,,,,,
S11,EMATent,0.9781380891799927,0.9781380891799927,0.8672757744789124,1.0,0.20655857324600221,0.5,0.2934414267539978,0.0,0.0,5,64,12,0.1875,0.8125,2,52.0,0.8125,,,,,,,,,,,,,,,,,,,,,,,,,,,,,
S11,EMATent,0.4221893846988678,0.4221893846988678,0.9359796643257141,1.0,0.37334318459033966,0.5,0.12665681540966034,0.0,0.0,6,64,64,1.0,1.0,1,,,,,,,,,,,,,,,,,,,,,,,,,,,,,,,
S11,EMATent,0.1880411058664322,0.1880411058664322,0.9777407646179199,0.0,0.44358766824007034,0.5,0.05641233175992966,0.0,0.0,7,64,64,1.0,1.0,1,,,,,,,,,,,,,,,,,,,,,,,,,,,,,,,
S11,EMATent,0.8972451686859131,0.8972451686859131,0.9088786244392395,1.0,0.23082644939422609,0.5,0.2691735506057739,0.0,0.0,8,64,64,1.0,1.0,1,,,,,,,,,,,,,,,,,,,,,,,,,,,,,,,
S11,EMATent,0.7127373814582825,0.7127373814582825,0.889554500579834,1.0,0.28617878556251525,0.5,0.21382121443748472,0.0,0.0,9,29,29,1.0,1.0,1,,,,,,,,,,,,,,,,,,,,,,,,,,,,,,,
S11,DynaMixEMATent,,,,,,,,,,0,64,64,1.0,1.0,1,,,0.0003954427083954215,0.0021708705462515354,0.0021708705462515354,0.0017754279542714357,0.9982645989531148,0.0010841398830096938,0.0006512611638754606,0.0010848464013396564,0.13893571496009827,0.19999999999999996,0.0,0.0010355593403801322,0.2,0.0,1.0,64.0,1.0,0.0,0.0,1.0,1.0,0.0,,,,,,,
S11,DynaMixEMATent,,,,,,,,,,1,64,64,1.0,1.0,1,,,2.3101960323401727e-05,0.00014469203597400337,0.00014469203597400337,0.00012159007746959105,0.9987995312957073,0.0011570610935004574,4.340761079220101e-05,0.00115711132093832,0.14819600526243448,0.19999999999999996,0.0,0.00015547455404885113,0.2,0.0,1.0,64.0,1.0,0.0,0.0,1.0,1.0,0.0,,,,,,,
S11,DynaMixEMATent,,,,,,,,,,2,64,64,1.0,1.0,1,,,0.00025855860440060496,0.0012276204070076346,0.0012276204070076346,0.0009690617443993688,0.9978623426001655,0.0017693712777322064,0.00036828612210229036,0.0017700231526951438,0.2267637113109231,0.19999999999999996,0.0,0.00016606427379883826,0.2,0.0,1.0,64.0,1.0,0.0,0.0,1.0,1.0,0.0,,,,,,,
S11,DynaMixEMATent,,,,,,,,,,3,64,44,0.6875,0.6875,2,20.0,0.3125,0.00029983866261318326,0.0020497406367212534,0.0020497406367212534,0.0017499019159004092,0.9965942396573324,0.002790838151651286,0.000614922191016376,0.0027925553559092764,0.3579471120610833,0.19999999999999996,0.0,0.002252226462587714,0.2,0.0,1.0,64.0,1.0,0.0,0.0,1.0,1.0,0.1875,,,,,,,
S11,DynaMixEMATent,,,,,,,,,,4,64,0,0.0,1.0,1,64.0,1.0,0.0209314227104187,0.048428136855363846,0.048428136855363846,0.027496716007590294,0.9592097193376937,0.026261839605697116,0.014528441056609153,0.026649008149818854,3.4573478708043694,0.19999999999999996,0.0,0.020471671596169472,0.2,0.0,1.0,64.0,1.0,0.0,0.0,1.0,1.0,0.5,,,,,,,
S11,DynaMixEMATent,,,,,,,,,,5,64,12,0.1875,0.8125,2,52.0,0.8125,0.14465409517288208,0.37867096066474915,0.37867096066474915,0.23401688039302826,0.7139556546842029,0.1724430571163724,0.11360128819942474,0.19454344283294622,27.692289353348315,0.19999999999999996,1.0,0.33964425325393677,0.2,0.0,1.0,43.0,0.671875,21.0,0.328125,0.671875,2.0,0.3125,,,,,,,
S11,DynaMixEMATent,,,,,,,,,,6,64,64,1.0,1.0,1,,,0.005001734010875225,0.018792342394590378,0.018792342394590378,0.013790609315037727,0.7934253373039348,0.20093695997768798,0.0056377027183771135,0.20207620555104244,28.8949992666021,0.19999999999999996,0.0,0.05992909148335457,0.2,0.0,1.0,64.0,1.0,0.0,0.0,1.0,1.0,0.0,,,,,,,
S11,DynaMixEMATent,,,,,,,,,,7,64,64,1.0,1.0,1,,,0.0023237180430442095,0.009938044473528862,0.009938044473528862,0.007614326197654009,0.7916015789572228,0.20541700770071844,0.0029814133420586583,0.20603127208419159,29.531034112907946,0.19999999999999996,0.0,0.027226872742176056,0.2,0.0,1.0,64.0,1.0,0.0,0.0,1.0,1.0,0.0,,,,,,,
S11,DynaMixEMATent,,,,,,,,,,8,64,64,1.0,1.0,1,,,0.07110925763845444,0.2007313370704651,0.2007313370704651,0.12962207198143005,0.6749034003444474,0.26487719853441305,0.06021940112113952,0.28185003909466344,42.37783968541771,0.19999999999999996,1.0,0.26130855083465576,0.2,0.0,1.0,44.0,0.6875,20.0,0.3125,0.6875,2.0,0.0,,,,,,,
S11,DynaMixEMATent,,,,,,,,,,9,29,29,1.0,1.0,1,,,0.07378629595041275,0.25670695304870605,0.25670695304870605,0.1829206645488739,0.6253922786313794,0.2975956354540088,0.07701208591461181,0.32242636215762777,49.82234132383019,0.19999999999999996,1.0,0.30228152871131897,0.2,0.0,1.0,25.0,0.8620689655172413,4.0,0.13793103448275862,0.8620689655172413,2.0,0.0,,,,,,,
S11,TEMA,,,,,,,,,,0,64,64,1.0,1.0,1,0.0,0.0,,,,,,,,,,,,,,,,,,,,,,,,,,,,,
S11,TEMA,,,,,,,,,,1,64,64,1.0,1.0,1,0.0,0.0,,,,,,,,,,,,,,,,,,,,,,,,,,,,,
S11,TEMA,,,,,,,,,,2,64,64,1.0,1.0,1,0.0,0.0,,,,,,,,,,,,,,,,,,,,,,,,,,,,,
S11,TEMA,,,,,,,,,,3,64,44,0.6875,0.6875,2,20.0,0.3125,,,,,,,,,,,,,,,,,,,,,,,,,,,,,
S11,TEMA,,,,,,,,,,4,64,0,0.0,1.0,1,64.0,1.0,,,,,,,,,,,,,,,,,,,,,,,,,,,,,
S11,TEMA,,,,,,,,,,5,64,12,0.1875,0.8125,2,52.0,0.8125,,,,,,,,,,,,,,,,,,,,,,,,,,,,,
S11,TEMA,,,,,,,,,,6,64,64,1.0,1.0,1,0.0,0.0,,,,,,,,,,,,,,,,,,,,,,,,,,,,,
S11,TEMA,,,,,,,,,,7,64,64,1.0,1.0,1,0.0,0.0,,,,,,,,,,,,,,,,,,,,,,,,,,,,,
S11,TEMA,,,,,,,,,,8,64,64,1.0,1.0,1,0.0,0.0,,,,,,,,,,,,,,,,,,,,,,,,,,,,,
S11,TEMA,,,,,,,,,,9,29,29,1.0,1.0,1,0.0,0.0,,,,,,,,,,,,,,,,,,,,,,,,,,,,,
S11,DUA,,,,,,,,,,0,64,64,1.0,1.0,1,0.0,0.0,,,,,,,,,,,,,,,,,,,,,,,0.099,,,,,,
S11,DUA,,,,,,,,,,1,64,64,1.0,1.0,1,0.0,0.0,,,,,,,,,,,,,,,,,,,,,,,0.09336,,,,,,
S11,DUA,,,,,,,,,,2,64,64,1.0,1.0,1,0.0,0.0,,,,,,,,,,,,,,,,,,,,,,,0.0880584,,,,,,
S11,DUA,,,,,,,,,,3,64,44,0.6875,0.6875,2,20.0,0.3125,,,,,,,,,,,,,,,,,,,,,,,0.083074896,,,,,,
S11,DUA,,,,,,,,,,4,64,0,0.0,1.0,1,64.0,1.0,,,,,,,,,,,,,,,,,,,,,,,0.07839040223999999,,,,,,
S11,DUA,,,,,,,,,,5,64,12,0.1875,0.8125,2,52.0,0.8125,,,,,,,,,,,,,,,,,,,,,,,0.07398697810559998,,,,,,
S11,DUA,,,,,,,,,,6,64,64,1.0,1.0,1,0.0,0.0,,,,,,,,,,,,,,,,,,,,,,,0.06984775941926398,,,,,,
S11,DUA,,,,,,,,,,7,64,64,1.0,1.0,1,0.0,0.0,,,,,,,,,,,,,,,,,,,,,,,0.06595689385410813,,,,,,
S11,DUA,,,,,,,,,,8,64,64,1.0,1.0,1,0.0,0.0,,,,,,,,,,,,,,,,,,,,,,,0.06229948022286164,,,,,,
S11,DUA,,,,,,,,,,9,29,29,1.0,1.0,1,0.0,0.0,,,,,,,,,,,,,,,,,,,,,,,0.05886151140948994,,,,,,
S11,RoTTA,,,,,,,,,,0,64,64,1.0,1.0,1,0.0,0.0,,,,,,,,,,,,,,,,,,,,,,,,50.0,,,,,
S11,RoTTA,,,,,,,,,,1,64,64,1.0,1.0,1,0.0,0.0,,,,,,,,,,,,,,,,,,,,,,,,58.0,,,,,
S11,RoTTA,,,,,,,,,,2,64,64,1.0,1.0,1,0.0,0.0,,,,,,,,,,,,,,,,,,,,,,,,62.0,,,,,
S11,RoTTA,,,,,,,,,,3,64,44,0.6875,0.6875,2,20.0,0.3125,,,,,,,,,,,,,,,,,,,,,,,,64.0,,,,,
S11,RoTTA,,,,,,,,,,4,64,0,0.0,1.0,1,64.0,1.0,,,,,,,,,,,,,,,,,,,,,,,,64.0,,,,,
S11,RoTTA,,,,,,,,,,5,64,12,0.1875,0.8125,2,52.0,0.8125,,,,,,,,,,,,,,,,,,,,,,,,64.0,,,,,
S11,RoTTA,,,,,,,,,,6,64,64,1.0,1.0,1,0.0,0.0,,,,,,,,,,,,,,,,,,,,,,,,64.0,,,,,
S11,RoTTA,,,,,,,,,,7,64,64,1.0,1.0,1,0.0,0.0,,,,,,,,,,,,,,,,,,,,,,,,64.0,,,,,
S11,RoTTA,,,,,,,,,,8,64,64,1.0,1.0,1,0.0,0.0,,,,,,,,,,,,,,,,,,,,,,,,64.0,,,,,
S11,RoTTA,,,,,,,,,,9,29,29,1.0,1.0,1,0.0,0.0,,,,,,,,,,,,,,,,,,,,,,,,64.0,,,,,
S11,NOTE,,,,,,,,,,0,64,64,1.0,1.0,1,0.0,0.0,,,,,,,,,,,,,,,,,,,,,,,,,64.0,1.0,0.12638677656650543,,
S11,NOTE,,,,,,,,,,1,64,64,1.0,1.0,1,0.0,0.0,,,,,,,,,,,,,,,,,,,,,,,,,64.0,1.0,0.16599640250205994,,
S11,NOTE,,,,,,,,,,2,64,64,1.0,1.0,1,0.0,0.0,,,,,,,,,,,,,,,,,,,,,,,,,64.0,1.0,0.1914825290441513,,
S11,NOTE,,,,,,,,,,3,64,44,0.6875,0.6875,2,20.0,0.3125,,,,,,,,,,,,,,,,,,,,,,,,,64.0,1.0,0.230572909116745,,
S11,NOTE,,,,,,,,,,4,64,0,0.0,1.0,1,64.0,1.0,,,,,,,,,,,,,,,,,,,,,,,,,64.0,1.0,0.1761871725320816,,
S11,NOTE,,,,,,,,,,5,64,12,0.1875,0.8125,2,52.0,0.8125,,,,,,,,,,,,,,,,,,,,,,,,,64.0,1.0,0.1365678459405899,,
S11,NOTE,,,,,,,,,,6,64,64,1.0,1.0,1,0.0,0.0,,,,,,,,,,,,,,,,,,,,,,,,,64.0,1.0,0.12636947631835938,,
S11,NOTE,,,,,,,,,,7,64,64,1.0,1.0,1,0.0,0.0,,,,,,,,,,,,,,,,,,,,,,,,,64.0,1.0,0.22948725521564484,,
S11,NOTE,,,,,,,,,,8,64,64,1.0,1.0,1,0.0,0.0,,,,,,,,,,,,,,,,,,,,,,,,,64.0,1.0,0.18942083418369293,,
S11,NOTE,,,,,,,,,,9,29,29,1.0,1.0,1,0.0,0.0,,,,,,,,,,,,,,,,,,,,,,,,,64.0,0.0,,,
S11,DELTA,,,,,,,,,,0,64,64,1.0,1.0,1,0.0,0.0,,,,,,,,,,,,,,,,,,,,,,,,,,,,0.06826333701610565,55.0
S11,DELTA,,,,,,,,,,1,64,64,1.0,1.0,1,0.0,0.0,,,,,,,,,,,,,,,,,,,,,,,,,,,,0.06958815455436707,58.0
S11,DELTA,,,,,,,,,,2,64,64,1.0,1.0,1,0.0,0.0,,,,,,,,,,,,,,,,,,,,,,,,,,,,0.006345065776258707,60.0
S11,DELTA,,,,,,,,,,3,64,44,0.6875,0.6875,2,20.0,0.3125,,,,,,,,,,,,,,,,,,,,,,,,,,,,0.02669459767639637,60.0
S11,DELTA,,,,,,,,,,4,64,0,0.0,1.0,1,64.0,1.0,,,,,,,,,,,,,,,,,,,,,,,,,,,,0.18162193894386292,30.0
S11,DELTA,,,,,,,,,,5,64,12,0.1875,0.8125,2,52.0,0.8125,,,,,,,,,,,,,,,,,,,,,,,,,,,,0.052711740136146545,60.0
S11,DELTA,,,,,,,,,,6,64,64,1.0,1.0,1,0.0,0.0,,,,,,,,,,,,,,,,,,,,,,,,,,,,0.01992487907409668,62.0
S11,DELTA,,,,,,,,,,7,64,64,1.0,1.0,1,0.0,0.0,,,,,,,,,,,,,,,,,,,,,,,,,,,,0.0010017819004133344,63.0
S11,DELTA,,,,,,,,,,8,64,64,1.0,1.0,1,0.0,0.0,,,,,,,,,,,,,,,,,,,,,,,,,,,,0.12477613240480423,52.0
S11,DELTA,,,,,,,,,,9,29,29,1.0,1.0,1,0.0,0.0,,,,,,,,,,,,,,,,,,,,,,,,,,,,0.1705922931432724,21.0
S13,EMATent,0.0008121118298731744,0.0008121118298731744,0.999948263168335,0.0,0.49975636645103805,0.5,0.00024363354896195233,0.0,0.0,0,64,64,1.0,1.0,1,,,,,,,,,,,,,,,,,,,,,,,,,,,,,,,
S13,EMATent,0.002081298502162099,0.002081298502162099,0.9998531937599182,0.0,0.49937561044935136,0.5,0.0006243895506486296,0.0,0.0,1,64,64,1.0,1.0,1,,,,,,,,,,,,,,,,,,,,,,,,,,,,,,,
S13,EMATent,0.11910606920719147,0.11910606920719147,0.983872652053833,0.0,0.4642681792378426,0.5,0.03573182076215744,0.0,0.0,2,64,64,1.0,1.0,1,,,,,,,,,,,,,,,,,,,,,,,,,,,,,,,
S13,EMATent,0.9611620306968689,0.9611620306968689,0.9507484436035156,1.0,0.21165139079093934,0.5,0.28834860920906064,0.0,0.0,3,64,64,1.0,1.0,1,,,,,,,,,,,,,,,,,,,,,,,,,,,,,,,
S13,EMATent,0.45530152320861816,0.45530152320861816,0.9888885021209717,1.0,0.3634095430374146,0.5,0.13659045696258545,0.0,0.0,4,64,64,1.0,1.0,1,,,,,,,,,,,,,,,,,,,,,,,,,,,,,,,
S13,EMATent,0.25133016705513,0.25133016705513,0.9580128192901611,1.0,0.424600949883461,0.5,0.075399050116539,0.0,0.0,5,64,64,1.0,1.0,1,,,,,,,,,,,,,,,,,,,,,,,,,,,,,,,
S13,EMATent,0.8403264880180359,0.8403264880180359,0.9340659379959106,1.0,0.24790205359458925,0.5,0.2520979464054108,0.0,0.0,6,64,8,0.125,0.875,2,56.0,0.875,,,,,,,,,,,,,,,,,,,,,,,,,,,,,
S13,EMATent,0.05110212787985802,0.05110212787985802,0.9942448735237122,0.0,0.4846693616360426,0.5,0.015330638363957405,0.0,0.0,7,64,0,0.0,1.0,1,64.0,1.0,,,,,,,,,,,,,,,,,,,,,,,,,,,,,
S13,EMATent,0.5315762162208557,0.5315762162208557,0.9490448236465454,1.0,0.34052713513374333,0.5,0.1594728648662567,0.0,0.0,8,64,51,0.796875,0.796875,2,13.0,0.203125,,,,,,,,,,,,,,,,,,,,,,,,,,,,,
S13,EMATent,0.0036107595078647137,0.0036107595078647137,0.9997283220291138,0.0,0.4989167721476406,0.5,0.0010832278523594141,0.0,0.0,9,28,28,1.0,1.0,1,,,,,,,,,,,,,,,,,,,,,,,,,,,,,,,
S13,DynaMixEMATent,,,,,,,,,,0,64,64,1.0,1.0,1,,,0.00011253501725150272,0.0008121118298731744,0.0008121118298731744,0.0006995768053457141,0.9993504918744082,0.0004058745766299233,0.00024363354896195233,0.00040597348539095357,0.05197515711188316,0.19999999999999996,0.0,0.00018775538774207234,0.2,0.0,1.0,64.0,1.0,0.0,0.0,1.0,1.0,0.0,,,,,,,
S13,DynaMixEMATent,,,,,,,,,,1,64,64,1.0,1.0,1,,,6.43790335743688e-05,0.0003985822550021112,0.0003985822550021112,0.0003342032141517848,0.9992753338288896,0.000605091494609835,0.00011957467650063335,0.0006051638568822515,0.07748442143201828,0.19999999999999996,0.0,0.0004027653194498271,0.2,0.0,1.0,64.0,1.0,0.0,0.0,1.0,1.0,0.0,,,,,,,
S13,DynaMixEMATent,,,,,,,,,,2,64,64,1.0,1.0,1,,,0.00021096887940075248,0.0013058435870334506,0.0013058435870334506,0.0010948746930807829,0.9983512619969456,0.0012569849269443995,0.00039175307611003516,0.0012574775476418276,0.16105841100215912,0.19999999999999996,0.0,0.0003557396703399718,0.2,0.0,1.0,64.0,1.0,0.0,0.0,1.0,1.0,0.0,,,,,,,
S13,DynaMixEMATent,,,,,,,,,,3,64,64,1.0,1.0,1,,,0.2796366810798645,0.4369679391384125,0.4369679391384125,0.15733124315738678,0.6974960669122388,0.17141355134623754,0.13109038174152374,0.1972743168498876,28.127006515860558,0.19999999999999996,1.0,0.11015114188194275,0.2,0.0,1.0,43.0,0.671875,21.0,0.328125,0.671875,2.0,0.0,,,,,,,
S13,DynaMixEMATent,,,,,,,,,,4,64,64,1.0,1.0,1,,,0.35098257660865784,0.999999463558197,0.999999463558197,0.6490169167518616,0.3408145864865733,0.3591855744459676,0.2999998390674591,0.5131221312398846,92.12697218358517,0.19999999999999996,1.0,0.05767662823200226,0.2,0.0,1.0,7.0,0.109375,57.0,0.890625,0.890625,2.0,0.0,,,,,,,
S13,DynaMixEMATent,,,,,,,,,,5,64,64,1.0,1.0,1,,,0.002814153442159295,0.018500063568353653,0.018500063568353653,0.015685910359025,0.4797176968699817,0.5147322840595121,0.0055500190705060955,0.5176050016898803,93.3109762519598,0.19999999999999996,0.0,0.3756929337978363,0.2,0.0,1.0,64.0,1.0,0.0,0.0,1.0,1.0,0.0,,,,,,,
S13,DynaMixEMATent,,,,,,,,,,6,64,8,0.125,0.875,2,56.0,0.875,0.9088862538337708,0.9973039031028748,0.9973039031028748,0.08841762691736221,0.20532440352234788,0.4954844255467898,0.2991911709308624,0.7070179555313625,157.13842605054379,0.19999999999999996,1.0,0.1273426115512848,0.2,0.0,1.0,26.0,0.40625,38.0,0.59375,0.59375,2.0,0.375,,,,,,,
S13,DynaMixEMATent,,,,,,,,,,7,64,0,0.0,1.0,1,64.0,1.0,0.24888654053211212,0.5080779194831848,0.5080779194831848,0.2591913640499115,0.19261595459021483,0.6549606695648297,0.15242337584495544,0.7727450839241407,189.6554128974676,0.19999999999999996,1.0,0.07669152319431305,0.2,0.0,1.0,0.0,0.0,64.0,1.0,1.0,1.0,0.5,,,,,,,
S13,DynaMixEMATent,,,,,,,,,,8,64,51,0.796875,0.796875,2,13.0,0.203125,0.3506353795528412,0.5085405111312866,0.5085405111312866,0.15790510177612305,0.14934578626904066,0.6980920603915733,0.15256215333938597,0.8237678587786139,222.20200560986996,0.19999999999999996,1.0,0.016010630875825882,0.2,0.0,1.0,51.0,0.796875,13.0,0.203125,0.796875,2.0,0.296875,,,,,,,
S13,DynaMixEMATent,,,,,,,,,,9,28,28,1.0,1.0,1,,,0.0013907357351854444,0.012626268900930882,0.012626268900930882,0.011235533282160759,0.17508035517677786,0.8211317641529429,0.0037878806702792644,0.8242539397186045,222.55554113909602,0.19999999999999996,0.0,0.004733129870146513,0.2,0.0,1.0,28.0,1.0,0.0,0.0,1.0,1.0,0.0,,,,,,,
S13,TEMA,,,,,,,,,,0,64,64,1.0,1.0,1,0.0,0.0,,,,,,,,,,,,,,,,,,,,,,,,,,,,,
S13,TEMA,,,,,,,,,,1,64,64,1.0,1.0,1,0.0,0.0,,,,,,,,,,,,,,,,,,,,,,,,,,,,,
S13,TEMA,,,,,,,,,,2,64,64,1.0,1.0,1,0.0,0.0,,,,,,,,,,,,,,,,,,,,,,,,,,,,,
S13,TEMA,,,,,,,,,,3,64,64,1.0,1.0,1,0.0,0.0,,,,,,,,,,,,,,,,,,,,,,,,,,,,,
S13,TEMA,,,,,,,,,,4,64,64,1.0,1.0,1,0.0,0.0,,,,,,,,,,,,,,,,,,,,,,,,,,,,,
S13,TEMA,,,,,,,,,,5,64,64,1.0,1.0,1,0.0,0.0,,,,,,,,,,,,,,,,,,,,,,,,,,,,,
S13,TEMA,,,,,,,,,,6,64,8,0.125,0.875,2,56.0,0.875,,,,,,,,,,,,,,,,,,,,,,,,,,,,,
S13,TEMA,,,,,,,,,,7,64,0,0.0,1.0,1,64.0,1.0,,,,,,,,,,,,,,,,,,,,,,,,,,,,,
S13,TEMA,,,,,,,,,,8,64,51,0.796875,0.796875,2,13.0,0.203125,,,,,,,,,,,,,,,,,,,,,,,,,,,,,
S13,TEMA,,,,,,,,,,9,28,28,1.0,1.0,1,0.0,0.0,,,,,,,,,,,,,,,,,,,,,,,,,,,,,
S13,DUA,,,,,,,,,,0,64,64,1.0,1.0,1,0.0,0.0,,,,,,,,,,,,,,,,,,,,,,,0.099,,,,,,
S13,DUA,,,,,,,,,,1,64,64,1.0,1.0,1,0.0,0.0,,,,,,,,,,,,,,,,,,,,,,,0.09336,,,,,,
S13,DUA,,,,,,,,,,2,64,64,1.0,1.0,1,0.0,0.0,,,,,,,,,,,,,,,,,,,,,,,0.0880584,,,,,,
S13,DUA,,,,,,,,,,3,64,64,1.0,1.0,1,0.0,0.0,,,,,,,,,,,,,,,,,,,,,,,0.083074896,,,,,,
S13,DUA,,,,,,,,,,4,64,64,1.0,1.0,1,0.0,0.0,,,,,,,,,,,,,,,,,,,,,,,0.07839040223999999,,,,,,
S13,DUA,,,,,,,,,,5,64,64,1.0,1.0,1,0.0,0.0,,,,,,,,,,,,,,,,,,,,,,,0.07398697810559998,,,,,,
S13,DUA,,,,,,,,,,6,64,8,0.125,0.875,2,56.0,0.875,,,,,,,,,,,,,,,,,,,,,,,0.06984775941926398,,,,,,
S13,DUA,,,,,,,,,,7,64,0,0.0,1.0,1,64.0,1.0,,,,,,,,,,,,,,,,,,,,,,,0.06595689385410813,,,,,,
S13,DUA,,,,,,,,,,8,64,51,0.796875,0.796875,2,13.0,0.203125,,,,,,,,,,,,,,,,,,,,,,,0.06229948022286164,,,,,,
S13,DUA,,,,,,,,,,9,28,28,1.0,1.0,1,0.0,0.0,,,,,,,,,,,,,,,,,,,,,,,0.05886151140948994,,,,,,
S13,RoTTA,,,,,,,,,,0,64,64,1.0,1.0,1,0.0,0.0,,,,,,,,,,,,,,,,,,,,,,,,45.0,,,,,
S13,RoTTA,,,,,,,,,,1,64,64,1.0,1.0,1,0.0,0.0,,,,,,,,,,,,,,,,,,,,,,,,64.0,,,,,
S13,RoTTA,,,,,,,,,,2,64,64,1.0,1.0,1,0.0,0.0,,,,,,,,,,,,,,,,,,,,,,,,64.0,,,,,
S13,RoTTA,,,,,,,,,,3,64,64,1.0,1.0,1,0.0,0.0,,,,,,,,,,,,,,,,,,,,,,,,64.0,,,,,
S13,RoTTA,,,,,,,,,,4,64,64,1.0,1.0,1,0.0,0.0,,,,,,,,,,,,,,,,,,,,,,,,64.0,,,,,
S13,RoTTA,,,,,,,,,,5,64,64,1.0,1.0,1,0.0,0.0,,,,,,,,,,,,,,,,,,,,,,,,64.0,,,,,
S13,RoTTA,,,,,,,,,,6,64,8,0.125,0.875,2,56.0,0.875,,,,,,,,,,,,,,,,,,,,,,,,64.0,,,,,
S13,RoTTA,,,,,,,,,,7,64,0,0.0,1.0,1,64.0,1.0,,,,,,,,,,,,,,,,,,,,,,,,64.0,,,,,
S13,RoTTA,,,,,,,,,,8,64,51,0.796875,0.796875,2,13.0,0.203125,,,,,,,,,,,,,,,,,,,,,,,,64.0,,,,,
S13,RoTTA,,,,,,,,,,9,28,28,1.0,1.0,1,0.0,0.0,,,,,,,,,,,,,,,,,,,,,,,,64.0,,,,,
S13,NOTE,,,,,,,,,,0,64,64,1.0,1.0,1,0.0,0.0,,,,,,,,,,,,,,,,,,,,,,,,,64.0,1.0,0.1764993667602539,,
S13,NOTE,,,,,,,,,,1,64,64,1.0,1.0,1,0.0,0.0,,,,,,,,,,,,,,,,,,,,,,,,,64.0,1.0,0.30026108026504517,,
S13,NOTE,,,,,,,,,,2,64,64,1.0,1.0,1,0.0,0.0,,,,,,,,,,,,,,,,,,,,,,,,,64.0,1.0,0.26424041390419006,,
S13,NOTE,,,,,,,,,,3,64,64,1.0,1.0,1,0.0,0.0,,,,,,,,,,,,,,,,,,,,,,,,,64.0,1.0,0.0818033516407013,,
S13,NOTE,,,,,,,,,,4,64,64,1.0,1.0,1,0.0,0.0,,,,,,,,,,,,,,,,,,,,,,,,,64.0,1.0,0.2950283885002136,,
S13,NOTE,,,,,,,,,,5,64,64,1.0,1.0,1,0.0,0.0,,,,,,,,,,,,,,,,,,,,,,,,,64.0,1.0,0.23576602339744568,,
S13,NOTE,,,,,,,,,,6,64,8,0.125,0.875,2,56.0,0.875,,,,,,,,,,,,,,,,,,,,,,,,,64.0,1.0,0.15279051661491394,,
S13,NOTE,,,,,,,,,,7,64,0,0.0,1.0,1,64.0,1.0,,,,,,,,,,,,,,,,,,,,,,,,,64.0,1.0,0.10003083199262619,,
S13,NOTE,,,,,,,,,,8,64,51,0.796875,0.796875,2,13.0,0.203125,,,,,,,,,,,,,,,,,,,,,,,,,64.0,1.0,0.11855537444353104,,
S13,NOTE,,,,,,,,,,9,28,28,1.0,1.0,1,0.0,0.0,,,,,,,,,,,,,,,,,,,,,,,,,64.0,0.0,,,
S13,DELTA,,,,,,,,,,0,64,64,1.0,1.0,1,0.0,0.0,,,,,,,,,,,,,,,,,,,,,,,,,,,,0.06913430988788605,49.0
S13,DELTA,,,,,,,,,,1,64,64,1.0,1.0,1,0.0,0.0,,,,,,,,,,,,,,,,,,,,,,,,,,,,0.05170203000307083,57.0
S13,DELTA,,,,,,,,,,2,64,64,1.0,1.0,1,0.0,0.0,,,,,,,,,,,,,,,,,,,,,,,,,,,,0.02262129634618759,62.0
S13,DELTA,,,,,,,,,,3,64,64,1.0,1.0,1,0.0,0.0,,,,,,,,,,,,,,,,,,,,,,,,,,,,0.04108811169862747,58.0
S13,DELTA,,,,,,,,,,4,64,64,1.0,1.0,1,0.0,0.0,,,,,,,,,,,,,,,,,,,,,,,,,,,,0.0022840932942926884,64.0
S13,DELTA,,,,,,,,,,5,64,64,1.0,1.0,1,0.0,0.0,,,,,,,,,,,,,,,,,,,,,,,,,,,,0.007619169540703297,64.0
S13,DELTA,,,,,,,,,,6,64,8,0.125,0.875,2,56.0,0.875,,,,,,,,,,,,,,,,,,,,,,,,,,,,0.0014162154402583838,64.0
S13,DELTA,,,,,,,,,,7,64,0,0.0,1.0,1,64.0,1.0,,,,,,,,,,,,,,,,,,,,,,,,,,,,0.014380105771124363,64.0
S13,DELTA,,,,,,,,,,8,64,51,0.796875,0.796875,2,13.0,0.203125,,,,,,,,,,,,,,,,,,,,,,,,,,,,0.10621114820241928,48.0
S13,DELTA,,,,,,,,,,9,28,28,1.0,1.0,1,0.0,0.0,,,,,,,,,,,,,,,,,,,,,,,,,,,,0.07199399918317795,25.0
S14,EMATent,0.01069956086575985,0.01069956086575985,0.9990707039833069,0.0,0.49679013174027203,0.5,0.0032098682597279547,0.0,0.0,0,64,64,1.0,1.0,1,,,,,,,,,,,,,,,,,,,,,,,,,,,,,,,
S14,EMATent,0.3354990780353546,0.3354990780353546,0.938980221748352,1.0,0.3993502765893936,0.5,0.10064972341060638,0.0,0.0,1,64,64,1.0,1.0,1,,,,,,,,,,,,,,,,,,,,,,,,,,,,,,,
S14,EMATent,0.7463347315788269,0.7463347315788269,0.8735023736953735,1.0,0.2760995805263519,0.5,0.22390041947364805,0.0,0.0,2,64,64,1.0,1.0,1,,,,,,,,,,,,,,,,,,,,,,,,,,,,,,,
S14,EMATent,0.8321999907493591,0.8321999907493591,0.9290969371795654,1.0,0.25034000277519225,0.5,0.24965999722480772,0.0,0.0,3,64,44,0.6875,0.6875,2,20.0,0.3125,,,,,,,,,,,,,,,,,,,,,,,,,,,,,
S14,EMATent,0.8889230489730835,0.8889230489730835,0.897499144077301,1.0,0.23332308530807497,0.5,0.26667691469192506,0.0,0.0,4,64,0,0.0,1.0,1,64.0,1.0,,,,,,,,,,,,,,,,,,,,,,,,,,,,,
S14,EMATent,0.7346043586730957,0.7346043586730957,0.8935190439224243,1.0,0.2796186923980713,0.5,0.2203813076019287,0.0,0.0,5,64,13,0.203125,0.796875,2,51.0,0.796875,,,,,,,,,,,,,,,,,,,,,,,,,,,,,
S14,EMATent,0.02278853952884674,0.02278853952884674,0.9977778196334839,0.0,0.493163438141346,0.5,0.006836561858654022,0.0,0.0,6,64,64,1.0,1.0,1,,,,,,,,,,,,,,,,,,,,,,,,,,,,,,,
S14,EMATent,0.2170998901128769,0.2170998901128769,0.996330738067627,1.0,0.4348700329661369,0.5,0.06512996703386306,0.0,0.0,7,64,64,1.0,1.0,1,,,,,,,,,,,,,,,,,,,,,,,,,,,,,,,
S14,EMATent,0.6908029913902283,0.6908029913902283,0.9974011778831482,1.0,0.29275910258293153,0.5,0.20724089741706847,0.0,0.0,8,64,64,1.0,1.0,1,,,,,,,,,,,,,,,,,,,,,,,,,,,,,,,
S14,EMATent,0.0013373817782849073,0.0013373817782849073,0.9999101758003235,0.0,0.49959878546651454,0.5,0.0004012145334854722,0.0,0.0,9,27,27,1.0,1.0,1,,,,,,,,,,,,,,,,,,,,,,,,,,,,,,,
S14,DynaMixEMATent,,,,,,,,,,0,64,64,1.0,1.0,1,,,0.0030581511091440916,0.01069956086575985,0.01069956086575985,0.007641409523785114,0.9914717621369916,0.00531836960328049,0.0032098682597279547,0.005335495842033744,0.6847718954086304,0.19999999999999996,0.0,0.0014624844770878553,0.2,0.0,1.0,64.0,1.0,0.0,0.0,1.0,1.0,0.0,,,,,,,
S14,DynaMixEMATent,,,,,,,,,,1,64,64,1.0,1.0,1,,,0.007754082325845957,0.04125015810132027,0.04125015810132027,0.03349607437849045,0.9623018391228609,0.025323113446742967,0.01237504743039608,0.025640414795978228,3.3247820138931274,0.19999999999999996,0.0,0.04253906011581421,0.2,0.0,1.0,64.0,1.0,0.0,0.0,1.0,1.0,0.0,,,,,,,
S14,DynaMixEMATent,,,,,,,,,,2,64,64,1.0,1.0,1,,,0.1274961233139038,0.27115166187286377,0.27115166187286377,0.14365552365779877,0.7816127479710715,0.1370417534670694,0.08134549856185913,0.14917659822330642,20.67848837375641,0.19999999999999996,1.0,0.16958391666412354,0.2,0.0,1.0,62.0,0.96875,2.0,0.03125,0.96875,2.0,0.0,,,,,,,
S14,DynaMixEMATent,,,,,,,,,,3,64,44,0.6875,0.6875,2,20.0,0.3125,0.2739163935184479,0.41895782947540283,0.41895782947540283,0.14504145085811615,0.6032962870132649,0.27101636414411423,0.12568734884262084,0.30997648699850555,47.49178946018219,0.19999999999999996,1.0,0.1841220259666443,0.2,0.0,1.0,50.0,0.78125,14.0,0.21875,0.78125,2.0,0.1875,,,,,,,
S14,DynaMixEMATent,,,,,,,,,,4,64,0,0.0,1.0,1,64.0,1.0,0.7701448202133179,0.9983479976654053,0.9983479976654053,0.2282031774520874,0.29341397081719867,0.40708162988317975,0.2995043992996216,0.58113374227642,111.38606131076813,0.19999999999999996,1.0,0.18986716866493225,0.2,0.0,1.0,34.0,0.53125,30.0,0.46875,0.53125,2.0,0.5,,,,,,,
S14,DynaMixEMATent,,,,,,,,,,5,64,13,0.203125,0.796875,2,51.0,0.796875,0.15330052375793457,0.49044129252433777,0.49044129252433777,0.3371407687664032,0.2795496967421568,0.5733179155005419,0.14713238775730134,0.6722238097340177,142.77430403232574,0.19999999999999996,1.0,0.28284430503845215,0.2,0.0,1.0,47.0,0.734375,17.0,0.265625,0.734375,2.0,0.296875,,,,,,,
S14,DynaMixEMATent,,,,,,,,,,6,64,64,1.0,1.0,1,,,0.002280356828123331,0.01733621582388878,0.01733621582388878,0.01505585853010416,0.3232572624892476,0.6715418727635858,0.005200864747166634,0.6750527307132308,143.88382184505463,0.19999999999999996,0.0,0.020047713071107864,0.2,0.0,1.0,64.0,1.0,0.0,0.0,1.0,1.0,0.0,,,,,,,
S14,DynaMixEMATent,,,,,,,,,,7,64,64,1.0,1.0,1,,,0.3721023201942444,0.8315906524658203,0.8315906524658203,0.4594883322715759,0.1609159777834672,0.5896068264767866,0.24947719573974608,0.7855948188781917,197.10562360286713,0.19999999999999996,1.0,0.09450510144233704,0.2,0.0,1.0,2.0,0.03125,62.0,0.96875,0.96875,2.0,0.0,,,,,,,
S14,DynaMixEMATent,,,,,,,,,,8,64,64,1.0,1.0,1,,,0.47115224599838257,0.6047071814537048,0.6047071814537048,0.13355493545532227,0.1297149617148894,0.6888728838489991,0.18141215443611144,0.8415381288424402,235.80688321590424,0.19999999999999996,1.0,0.002977851778268814,0.2,0.0,1.0,52.0,0.8125,12.0,0.1875,0.8125,2.0,0.0,,,,,,,
S14,DynaMixEMATent,,,,,,,,,,9,27,27,1.0,1.0,1,,,0.0036907880567014217,0.028888216242194176,0.028888216242194176,0.025197427719831467,0.156134241347619,0.8351992937797228,0.008666464872658252,0.8425007973451006,236.58686505444348,0.19999999999999996,0.0,0.0002510197809897363,0.2,0.0,1.0,27.0,1.0,0.0,0.0,1.0,1.0,0.0,,,,,,,
S14,TEMA,,,,,,,,,,0,64,64,1.0,1.0,1,0.0,0.0,,,,,,,,,,,,,,,,,,,,,,,,,,,,,
S14,TEMA,,,,,,,,,,1,64,64,1.0,1.0,1,0.0,0.0,,,,,,,,,,,,,,,,,,,,,,,,,,,,,
S14,TEMA,,,,,,,,,,2,64,64,1.0,1.0,1,0.0,0.0,,,,,,,,,,,,,,,,,,,,,,,,,,,,,
S14,TEMA,,,,,,,,,,3,64,44,0.6875,0.6875,2,20.0,0.3125,,,,,,,,,,,,,,,,,,,,,,,,,,,,,
S14,TEMA,,,,,,,,,,4,64,0,0.0,1.0,1,64.0,1.0,,,,,,,,,,,,,,,,,,,,,,,,,,,,,
S14,TEMA,,,,,,,,,,5,64,13,0.203125,0.796875,2,51.0,0.796875,,,,,,,,,,,,,,,,,,,,,,,,,,,,,
S14,TEMA,,,,,,,,,,6,64,64,1.0,1.0,1,0.0,0.0,,,,,,,,,,,,,,,,,,,,,,,,,,,,,
S14,TEMA,,,,,,,,,,7,64,64,1.0,1.0,1,0.0,0.0,,,,,,,,,,,,,,,,,,,,,,,,,,,,,
S14,TEMA,,,,,,,,,,8,64,64,1.0,1.0,1,0.0,0.0,,,,,,,,,,,,,,,,,,,,,,,,,,,,,
S14,TEMA,,,,,,,,,,9,27,27,1.0,1.0,1,0.0,0.0,,,,,,,,,,,,,,,,,,,,,,,,,,,,,
S14,DUA,,,,,,,,,,0,64,64,1.0,1.0,1,0.0,0.0,,,,,,,,,,,,,,,,,,,,,,,0.099,,,,,,
S14,DUA,,,,,,,,,,1,64,64,1.0,1.0,1,0.0,0.0,,,,,,,,,,,,,,,,,,,,,,,0.09336,,,,,,
S14,DUA,,,,,,,,,,2,64,64,1.0,1.0,1,0.0,0.0,,,,,,,,,,,,,,,,,,,,,,,0.0880584,,,,,,
S14,DUA,,,,,,,,,,3,64,44,0.6875,0.6875,2,20.0,0.3125,,,,,,,,,,,,,,,,,,,,,,,0.083074896,,,,,,
S14,DUA,,,,,,,,,,4,64,0,0.0,1.0,1,64.0,1.0,,,,,,,,,,,,,,,,,,,,,,,0.07839040223999999,,,,,,
S14,DUA,,,,,,,,,,5,64,13,0.203125,0.796875,2,51.0,0.796875,,,,,,,,,,,,,,,,,,,,,,,0.07398697810559998,,,,,,
S14,DUA,,,,,,,,,,6,64,64,1.0,1.0,1,0.0,0.0,,,,,,,,,,,,,,,,,,,,,,,0.06984775941926398,,,,,,
S14,DUA,,,,,,,,,,7,64,64,1.0,1.0,1,0.0,0.0,,,,,,,,,,,,,,,,,,,,,,,0.06595689385410813,,,,,,
S14,DUA,,,,,,,,,,8,64,64,1.0,1.0,1,0.0,0.0,,,,,,,,,,,,,,,,,,,,,,,0.06229948022286164,,,,,,
S14,DUA,,,,,,,,,,9,27,27,1.0,1.0,1,0.0,0.0,,,,,,,,,,,,,,,,,,,,,,,0.05886151140948994,,,,,,
S14,RoTTA,,,,,,,,,,0,64,64,1.0,1.0,1,0.0,0.0,,,,,,,,,,,,,,,,,,,,,,,,45.0,,,,,
S14,RoTTA,,,,,,,,,,1,64,64,1.0,1.0,1,0.0,0.0,,,,,,,,,,,,,,,,,,,,,,,,64.0,,,,,
S14,RoTTA,,,,,,,,,,2,64,64,1.0,1.0,1,0.0,0.0,,,,,,,,,,,,,,,,,,,,,,,,64.0,,,,,
S14,RoTTA,,,,,,,,,,3,64,44,0.6875,0.6875,2,20.0,0.3125,,,,,,,,,,,,,,,,,,,,,,,,64.0,,,,,
S14,RoTTA,,,,,,,,,,4,64,0,0.0,1.0,1,64.0,1.0,,,,,,,,,,,,,,,,,,,,,,,,64.0,,,,,
S14,RoTTA,,,,,,,,,,5,64,13,0.203125,0.796875,2,51.0,0.796875,,,,,,,,,,,,,,,,,,,,,,,,64.0,,,,,
S14,RoTTA,,,,,,,,,,6,64,64,1.0,1.0,1,0.0,0.0,,,,,,,,,,,,,,,,,,,,,,,,64.0,,,,,
S14,RoTTA,,,,,,,,,,7,64,64,1.0,1.0,1,0.0,0.0,,,,,,,,,,,,,,,,,,,,,,,,64.0,,,,,
S14,RoTTA,,,,,,,,,,8,64,64,1.0,1.0,1,0.0,0.0,,,,,,,,,,,,,,,,,,,,,,,,64.0,,,,,
S14,RoTTA,,,,,,,,,,9,27,27,1.0,1.0,1,0.0,0.0,,,,,,,,,,,,,,,,,,,,,,,,64.0,,,,,
S14,NOTE,,,,,,,,,,0,64,64,1.0,1.0,1,0.0,0.0,,,,,,,,,,,,,,,,,,,,,,,,,64.0,1.0,0.19968466460704803,,
S14,NOTE,,,,,,,,,,1,64,64,1.0,1.0,1,0.0,0.0,,,,,,,,,,,,,,,,,,,,,,,,,64.0,1.0,0.28587013483047485,,
S14,NOTE,,,,,,,,,,2,64,64,1.0,1.0,1,0.0,0.0,,,,,,,,,,,,,,,,,,,,,,,,,64.0,1.0,0.20611819624900818,,
S14,NOTE,,,,,,,,,,3,64,44,0.6875,0.6875,2,20.0,0.3125,,,,,,,,,,,,,,,,,,,,,,,,,64.0,1.0,0.1347382664680481,,
S14,NOTE,,,,,,,,,,4,64,0,0.0,1.0,1,64.0,1.0,,,,,,,,,,,,,,,,,,,,,,,,,64.0,1.0,0.2485920935869217,,
S14,NOTE,,,,,,,,,,5,64,13,0.203125,0.796875,2,51.0,0.796875,,,,,,,,,,,,,,,,,,,,,,,,,64.0,1.0,0.30065691471099854,,
S14,NOTE,,,,,,,,,,6,64,64,1.0,1.0,1,0.0,0.0,,,,,,,,,,,,,,,,,,,,,,,,,64.0,1.0,0.33354756236076355,,
S14,NOTE,,,,,,,,,,7,64,64,1.0,1.0,1,0.0,0.0,,,,,,,,,,,,,,,,,,,,,,,,,64.0,1.0,0.33651724457740784,,
S14,NOTE,,,,,,,,,,8,64,64,1.0,1.0,1,0.0,0.0,,,,,,,,,,,,,,,,,,,,,,,,,64.0,1.0,0.046632423996925354,,
S14,NOTE,,,,,,,,,,9,27,27,1.0,1.0,1,0.0,0.0,,,,,,,,,,,,,,,,,,,,,,,,,64.0,0.0,,,
S14,DELTA,,,,,,,,,,0,64,64,1.0,1.0,1,0.0,0.0,,,,,,,,,,,,,,,,,,,,,,,,,,,,0.06950993090867996,45.0
S14,DELTA,,,,,,,,,,1,64,64,1.0,1.0,1,0.0,0.0,,,,,,,,,,,,,,,,,,,,,,,,,,,,0.1977550983428955,26.0
S14,DELTA,,,,,,,,,,2,64,64,1.0,1.0,1,0.0,0.0,,,,,,,,,,,,,,,,,,,,,,,,,,,,0.17285409569740295,41.0
S14,DELTA,,,,,,,,,,3,64,44,0.6875,0.6875,2,20.0,0.3125,,,,,,,,,,,,,,,,,,,,,,,,,,,,0.03233695775270462,52.0
S14,DELTA,,,,,,,,,,4,64,0,0.0,1.0,1,64.0,1.0,,,,,,,,,,,,,,,,,,,,,,,,,,,,0.01934991590678692,62.0
S14,DELTA,,,,,,,,,,5,64,13,0.203125,0.796875,2,51.0,0.796875,,,,,,,,,,,,,,,,,,,,,,,,,,,,0.21115551888942719,23.0
S14,DELTA,,,,,,,,,,6,64,64,1.0,1.0,1,0.0,0.0,,,,,,,,,,,,,,,,,,,,,,,,,,,,0.1259870082139969,49.0
S14,DELTA,,,,,,,,,,7,64,64,1.0,1.0,1,0.0,0.0,,,,,,,,,,,,,,,,,,,,,,,,,,,,0.01311422698199749,62.0
S14,DELTA,,,,,,,,,,8,64,64,1.0,1.0,1,0.0,0.0,,,,,,,,,,,,,,,,,,,,,,,,,,,,0.041647769510746,63.0
S14,DELTA,,,,,,,,,,9,27,27,1.0,1.0,1,0.0,0.0,,,,,,,,,,,,,,,,,,,,,,,,,,,,0.08076363801956177,26.0
S15,EMATent,0.008798145689070225,0.008798145689070225,0.9992566108703613,0.0,0.4973605562932789,0.5,0.0026394437067210675,0.0,0.0,0,64,64,1.0,1.0,1,,,,,,,,,,,,,,,,,,,,,,,,,,,,,,,
S15,EMATent,0.06166580319404602,0.06166580319404602,0.9927904605865479,0.0,0.48150025904178617,0.5,0.018499740958213804,0.0,0.0,1,64,64,1.0,1.0,1,,,,,,,,,,,,,,,,,,,,,,,,,,,,,,,
S15,EMATent,0.2165365368127823,0.2165365368127823,0.9751749634742737,1.0,0.4350390389561653,0.5,0.06496096104383468,0.0,0.0,2,64,64,1.0,1.0,1,,,,,,,,,,,,,,,,,,,,,,,,,,,,,,,
S15,EMATent,0.6276114583015442,0.6276114583015442,0.9515455961227417,1.0,0.3117165625095367,0.5,0.18828343749046325,0.0,0.0,3,64,64,1.0,1.0,1,,,,,,,,,,,,,,,,,,,,,,,,,,,,,,,
S15,EMATent,0.6258280873298645,0.6258280873298645,0.9995545148849487,1.0,0.3122515738010406,0.5,0.18774842619895935,0.0,0.0,4,64,64,1.0,1.0,1,,,,,,,,,,,,,,,,,,,,,,,,,,,,,,,
S15,EMATent,0.003465432906523347,0.003465432906523347,0.999740481376648,0.0,0.498960370128043,0.5,0.001039629871957004,0.0,0.0,5,64,64,1.0,1.0,1,,,,,,,,,,,,,,,,,,,,,,,,,,,,,,,
S15,EMATent,0.9981836080551147,0.9981836080551147,0.8102088570594788,1.0,0.2005449175834656,0.5,0.2994550824165344,0.0,0.0,6,64,6,0.09375,0.90625,2,58.0,0.90625,,,,,,,,,,,,,,,,,,,,,,,,,,,,,
S15,EMATent,0.6924228072166443,0.6924228072166443,0.9375025033950806,1.0,0.29227315783500674,0.5,0.2077268421649933,0.0,0.0,7,64,0,0.0,1.0,1,64.0,1.0,,,,,,,,,,,,,,,,,,,,,,,,,,,,,
S15,EMATent,0.9809253811836243,0.9809253811836243,0.9815808534622192,1.0,0.20572238564491274,0.5,0.29427761435508726,0.0,0.0,8,64,49,0.765625,0.765625,2,15.0,0.234375,,,,,,,,,,,,,,,,,,,,,,,,,,,,,
S15,EMATent,0.07539192587137222,0.07539192587137222,0.9908074140548706,0.0,0.47738242223858834,0.5,0.022617577761411666,0.0,0.0,9,30,30,1.0,1.0,1,,,,,,,,,,,,,,,,,,,,,,,,,,,,,,,
S15,DynaMixEMATent,,,,,,,,,,0,64,64,1.0,1.0,1,,,0.0020558168180286884,0.008798145689070225,0.008798145689070225,0.006742328405380249,0.9929827308004139,0.004377825492864988,0.0026394437067210675,0.004389411096359486,0.5630813241004944,0.19999999999999996,0.0,0.0020561027340590954,0.2,0.0,1.0,64.0,1.0,0.0,0.0,1.0,1.0,0.0,,,,,,,
S15,DynaMixEMATent,,,,,,,,,,1,64,64,1.0,1.0,1,,,0.014017270877957344,0.04321299120783806,0.04321299120783806,0.029195718467235565,0.9616985543267859,0.025337548310862733,0.012963897362351417,0.025670335910868314,3.32871276140213,0.19999999999999996,0.0,0.04080713167786598,0.2,0.0,1.0,64.0,1.0,0.0,0.0,1.0,1.0,0.0,,,,,,,
S15,DynaMixEMATent,,,,,,,,,,2,64,64,1.0,1.0,1,,,0.017033271491527557,0.0586077906191349,0.0586077906191349,0.041574519127607346,0.9295560185267181,0.05286164428754153,0.01758233718574047,0.05380770958057968,7.079611361026764,0.19999999999999996,0.0,0.0269461702555418,0.2,0.0,1.0,64.0,1.0,0.0,0.0,1.0,1.0,0.0,,,,,,,
S15,DynaMixEMATent,,,,,,,,,,3,64,64,1.0,1.0,1,,,0.11103092133998871,0.1753629744052887,0.1753629744052887,0.06433205306529999,0.8211625281140652,0.12622857956434813,0.05260889232158661,0.13323808777736146,18.30284172296524,0.19999999999999996,0.0,0.1305665224790573,0.2,0.0,1.0,57.0,0.890625,7.0,0.109375,0.890625,2.0,0.0,,,,,,,
S15,DynaMixEMATent,,,,,,,,,,4,64,64,1.0,1.0,1,,,0.2582472860813141,0.40585580468177795,0.40585580468177795,0.14760848879814148,0.6214184961868167,0.25682476240865,0.12175674140453338,0.2924300982615885,44.27761322259903,0.19999999999999996,1.0,0.007771176286041737,0.2,0.0,1.0,54.0,0.84375,10.0,0.15625,0.84375,2.0,0.0,,,,,,,
S15,DynaMixEMATent,,,,,,,,,,5,64,64,1.0,1.0,1,,,0.13579551875591278,0.9500300288200378,0.9500300288200378,0.8142344951629639,0.3146107232526401,0.4003802681013486,0.28500900864601136,0.5599794584028852,105.07953506708145,0.19999999999999996,1.0,0.02126334235072136,0.2,0.0,1.0,0.0,0.0,64.0,1.0,1.0,1.0,0.0,,,,,,,
S15,DynaMixEMATent,,,,,,,,,,6,64,6,0.09375,0.90625,2,58.0,0.90625,0.2989621162414551,0.9251144528388977,0.9251144528388977,0.6261523365974426,0.2001723611298763,0.5222933030184544,0.2775343358516693,0.7229316615816658,164.2868600487709,0.19999999999999996,1.0,0.3173369765281677,0.2,0.0,1.0,15.0,0.234375,49.0,0.765625,0.765625,2.0,0.40625,,,,,,,
S15,DynaMixEMATent,,,,,,,,,,7,64,0,0.0,1.0,1,64.0,1.0,0.46218788623809814,0.9194881916046143,0.9194881916046143,0.4573003053665161,0.12669317966188784,0.5974603628567279,0.27584645748138426,0.8250465236678298,223.13410431146622,0.19999999999999996,1.0,0.2824053168296814,0.2,0.0,1.0,42.0,0.65625,22.0,0.34375,0.65625,2.0,0.5,,,,,,,
S15,DynaMixEMATent,,,,,,,,,,8,64,49,0.765625,0.765625,2,15.0,0.234375,0.6185762882232666,0.9349692463874817,0.9349692463874817,0.3163929581642151,0.07887383385490015,0.6406353922288552,0.2804907739162445,0.890378287038506,282.97213608026505,0.19999999999999996,1.0,0.001715838210657239,0.2,0.0,1.0,35.0,0.546875,29.0,0.453125,0.546875,2.0,0.265625,,,,,,,
S15,DynaMixEMATent,,,,,,,,,,9,30,30,1.0,1.0,1,,,0.2623220980167389,0.8805584907531738,0.8805584907531738,0.6182364225387573,0.06562139182781715,0.6702110609462307,0.26416754722595215,0.910820198836803,309.38889080286026,0.19999999999999996,1.0,0.14232878386974335,0.2,0.0,1.0,0.0,0.0,30.0,1.0,1.0,1.0,0.0,,,,,,,
S15,TEMA,,,,,,,,,,0,64,64,1.0,1.0,1,0.0,0.0,,,,,,,,,,,,,,,,,,,,,,,,,,,,,
S15,TEMA,,,,,,,,,,1,64,64,1.0,1.0,1,0.0,0.0,,,,,,,,,,,,,,,,,,,,,,,,,,,,,
S15,TEMA,,,,,,,,,,2,64,64,1.0,1.0,1,0.0,0.0,,,,,,,,,,,,,,,,,,,,,,,,,,,,,
S15,TEMA,,,,,,,,,,3,64,64,1.0,1.0,1,0.0,0.0,,,,,,,,,,,,,,,,,,,,,,,,,,,,,
S15,TEMA,,,,,,,,,,4,64,64,1.0,1.0,1,0.0,0.0,,,,,,,,,,,,,,,,,,,,,,,,,,,,,
S15,TEMA,,,,,,,,,,5,64,64,1.0,1.0,1,0.0,0.0,,,,,,,,,,,,,,,,,,,,,,,,,,,,,
S15,TEMA,,,,,,,,,,6,64,6,0.09375,0.90625,2,58.0,0.90625,,,,,,,,,,,,,,,,,,,,,,,,,,,,,
S15,TEMA,,,,,,,,,,7,64,0,0.0,1.0,1,64.0,1.0,,,,,,,,,,,,,,,,,,,,,,,,,,,,,
S15,TEMA,,,,,,,,,,8,64,49,0.765625,0.765625,2,15.0,0.234375,,,,,,,,,,,,,,,,,,,,,,,,,,,,,
S15,TEMA,,,,,,,,,,9,30,30,1.0,1.0,1,0.0,0.0,,,,,,,,,,,,,,,,,,,,,,,,,,,,,
S15,DUA,,,,,,,,,,0,64,64,1.0,1.0,1,0.0,0.0,,,,,,,,,,,,,,,,,,,,,,,0.099,,,,,,
S15,DUA,,,,,,,,,,1,64,64,1.0,1.0,1,0.0,0.0,,,,,,,,,,,,,,,,,,,,,,,0.09336,,,,,,
S15,DUA,,,,,,,,,,2,64,64,1.0,1.0,1,0.0,0.0,,,,,,,,,,,,,,,,,,,,,,,0.0880584,,,,,,
S15,DUA,,,,,,,,,,3,64,64,1.0,1.0,1,0.0,0.0,,,,,,,,,,,,,,,,,,,,,,,0.083074896,,,,,,
S15,DUA,,,,,,,,,,4,64,64,1.0,1.0,1,0.0,0.0,,,,,,,,,,,,,,,,,,,,,,,0.07839040223999999,,,,,,
S15,DUA,,,,,,,,,,5,64,64,1.0,1.0,1,0.0,0.0,,,,,,,,,,,,,,,,,,,,,,,0.07398697810559998,,,,,,
S15,DUA,,,,,,,,,,6,64,6,0.09375,0.90625,2,58.0,0.90625,,,,,,,,,,,,,,,,,,,,,,,0.06984775941926398,,,,,,
S15,DUA,,,,,,,,,,7,64,0,0.0,1.0,1,64.0,1.0,,,,,,,,,,,,,,,,,,,,,,,0.06595689385410813,,,,,,
S15,DUA,,,,,,,,,,8,64,49,0.765625,0.765625,2,15.0,0.234375,,,,,,,,,,,,,,,,,,,,,,,0.06229948022286164,,,,,,
S15,DUA,,,,,,,,,,9,30,30,1.0,1.0,1,0.0,0.0,,,,,,,,,,,,,,,,,,,,,,,0.05886151140948994,,,,,,
S15,RoTTA,,,,,,,,,,0,64,64,1.0,1.0,1,0.0,0.0,,,,,,,,,,,,,,,,,,,,,,,,46.0,,,,,
S15,RoTTA,,,,,,,,,,1,64,64,1.0,1.0,1,0.0,0.0,,,,,,,,,,,,,,,,,,,,,,,,58.0,,,,,
S15,RoTTA,,,,,,,,,,2,64,64,1.0,1.0,1,0.0,0.0,,,,,,,,,,,,,,,,,,,,,,,,63.0,,,,,
S15,RoTTA,,,,,,,,,,3,64,64,1.0,1.0,1,0.0,0.0,,,,,,,,,,,,,,,,,,,,,,,,64.0,,,,,
S15,RoTTA,,,,,,,,,,4,64,64,1.0,1.0,1,0.0,0.0,,,,,,,,,,,,,,,,,,,,,,,,64.0,,,,,
S15,RoTTA,,,,,,,,,,5,64,64,1.0,1.0,1,0.0,0.0,,,,,,,,,,,,,,,,,,,,,,,,64.0,,,,,
S15,RoTTA,,,,,,,,,,6,64,6,0.09375,0.90625,2,58.0,0.90625,,,,,,,,,,,,,,,,,,,,,,,,64.0,,,,,
S15,RoTTA,,,,,,,,,,7,64,0,0.0,1.0,1,64.0,1.0,,,,,,,,,,,,,,,,,,,,,,,,64.0,,,,,
S15,RoTTA,,,,,,,,,,8,64,49,0.765625,0.765625,2,15.0,0.234375,,,,,,,,,,,,,,,,,,,,,,,,64.0,,,,,
S15,RoTTA,,,,,,,,,,9,30,30,1.0,1.0,1,0.0,0.0,,,,,,,,,,,,,,,,,,,,,,,,64.0,,,,,
S15,NOTE,,,,,,,,,,0,64,64,1.0,1.0,1,0.0,0.0,,,,,,,,,,,,,,,,,,,,,,,,,64.0,1.0,0.23965229094028473,,
S15,NOTE,,,,,,,,,,1,64,64,1.0,1.0,1,0.0,0.0,,,,,,,,,,,,,,,,,,,,,,,,,64.0,1.0,0.23083838820457458,,
S15,NOTE,,,,,,,,,,2,64,64,1.0,1.0,1,0.0,0.0,,,,,,,,,,,,,,,,,,,,,,,,,64.0,1.0,0.20041179656982422,,
S15,NOTE,,,,,,,,,,3,64,64,1.0,1.0,1,0.0,0.0,,,,,,,,,,,,,,,,,,,,,,,,,64.0,1.0,0.32644614577293396,,
S15,NOTE,,,,,,,,,,4,64,64,1.0,1.0,1,0.0,0.0,,,,,,,,,,,,,,,,,,,,,,,,,64.0,1.0,0.01267828606069088,,
S15,NOTE,,,,,,,,,,5,64,64,1.0,1.0,1,0.0,0.0,,,,,,,,,,,,,,,,,,,,,,,,,64.0,1.0,0.3349186182022095,,
S15,NOTE,,,,,,,,,,6,64,6,0.09375,0.90625,2,58.0,0.90625,,,,,,,,,,,,,,,,,,,,,,,,,64.0,1.0,0.3027550280094147,,
S15,NOTE,,,,,,,,,,7,64,0,0.0,1.0,1,64.0,1.0,,,,,,,,,,,,,,,,,,,,,,,,,64.0,1.0,0.2690929174423218,,
S15,NOTE,,,,,,,,,,8,64,49,0.765625,0.765625,2,15.0,0.234375,,,,,,,,,,,,,,,,,,,,,,,,,64.0,1.0,0.07008689641952515,,
S15,NOTE,,,,,,,,,,9,30,30,1.0,1.0,1,0.0,0.0,,,,,,,,,,,,,,,,,,,,,,,,,64.0,0.0,,,
S15,DELTA,,,,,,,,,,0,64,64,1.0,1.0,1,0.0,0.0,,,,,,,,,,,,,,,,,,,,,,,,,,,,0.10443898290395737,44.0
S15,DELTA,,,,,,,,,,1,64,64,1.0,1.0,1,0.0,0.0,,,,,,,,,,,,,,,,,,,,,,,,,,,,0.0817350372672081,28.0
S15,DELTA,,,,,,,,,,2,64,64,1.0,1.0,1,0.0,0.0,,,,,,,,,,,,,,,,,,,,,,,,,,,,0.13674414157867432,41.0
S15,DELTA,,,,,,,,,,3,64,64,1.0,1.0,1,0.0,0.0,,,,,,,,,,,,,,,,,,,,,,,,,,,,0.06942679733037949,30.0
S15,DELTA,,,,,,,,,,4,64,64,1.0,1.0,1,0.0,0.0,,,,,,,,,,,,,,,,,,,,,,,,,,,,0.00011880822421517223,63.0
S15,DELTA,,,,,,,,,,5,64,64,1.0,1.0,1,0.0,0.0,,,,,,,,,,,,,,,,,,,,,,,,,,,,0.00038581748958677053,64.0
S15,DELTA,,,,,,,,,,6,64,6,0.09375,0.90625,2,58.0,0.90625,,,,,,,,,,,,,,,,,,,,,,,,,,,,0.08612274378538132,31.0
S15,DELTA,,,,,,,,,,7,64,0,0.0,1.0,1,64.0,1.0,,,,,,,,,,,,,,,,,,,,,,,,,,,,0.13687673211097717,40.0
S15,DELTA,,,,,,,,,,8,64,49,0.765625,0.765625,2,15.0,0.234375,,,,,,,,,,,,,,,,,,,,,,,,,,,,0.1173471063375473,51.0
S15,DELTA,,,,,,,,,,9,30,30,1.0,1.0,1,0.0,0.0,,,,,,,,,,,,,,,,,,,,,,,,,,,,0.10945101827383041,17.0
S16,EMATent,0.006329996045678854,0.006329996045678854,0.9994884729385376,0.0,0.49810100118629635,0.5,0.0018989988137036562,0.0,0.0,0,64,64,1.0,1.0,1,,,,,,,,,,,,,,,,,,,,,,,,,,,,,,,
S16,EMATent,0.00748972874134779,0.00748972874134779,0.9993810057640076,0.0,0.49775308137759566,0.5,0.002246918622404337,0.0,0.0,1,64,64,1.0,1.0,1,,,,,,,,,,,,,,,,,,,,,,,,,,,,,,,
S16,EMATent,0.011719311587512493,0.011719311587512493,0.9989686608314514,0.0,0.49648420652374625,0.5,0.003515793476253748,0.0,0.0,2,64,64,1.0,1.0,1,,,,,,,,,,,,,,,,,,,,,,,,,,,,,,,
S16,EMATent,0.9163923263549805,0.9163923263549805,0.9810584783554077,1.0,0.22508230209350588,0.5,0.2749176979064941,0.0,0.0,3,64,44,0.6875,0.6875,2,20.0,0.3125,,,,,,,,,,,,,,,,,,,,,,,,,,,,,
S16,EMATent,9.384150871483143e-06,9.384150871483143e-06,0.9999996423721313,0.0,0.49999718475473853,0.5,2.815245261444943e-06,0.0,0.0,4,64,0,0.0,1.0,1,64.0,1.0,,,,,,,,,,,,,,,,,,,,,,,,,,,,,
S16,EMATent,0.035040657967329025,0.035040657967329025,0.9963219165802002,0.0,0.4894878026098013,0.5,0.010512197390198708,0.0,0.0,5,64,14,0.21875,0.78125,2,50.0,0.78125,,,,,,,,,,,,,,,,,,,,,,,,,,,,,
S16,EMATent,0.004125857725739479,0.004125857725739479,0.9996843338012695,0.0,0.49876224268227815,0.5,0.0012377573177218438,0.0,0.0,6,64,64,1.0,1.0,1,,,,,,,,,,,,,,,,,,,,,,,,,,,,,,,
S16,EMATent,0.0005772945587523282,0.0005772945587523282,0.9999644160270691,0.0,0.4998268116323743,0.5,0.00017318836762569845,0.0,0.0,7,64,64,1.0,1.0,1,,,,,,,,,,,,,,,,,,,,,,,,,,,,,,,
S16,EMATent,0.8005682229995728,0.8005682229995728,0.9768472909927368,1.0,0.2598295331001282,0.5,0.24017046689987182,0.0,0.0,8,64,64,1.0,1.0,1,,,,,,,,,,,,,,,,,,,,,,,,,,,,,,,
S16,EMATent,0.7675811052322388,0.7675811052322388,0.9521666765213013,1.0,0.26972566843032836,0.5,0.23027433156967161,0.0,0.0,9,26,26,1.0,1.0,1,,,,,,,,,,,,,,,,,,,,,,,,,,,,,,,
S16,DynaMixEMATent,,,,,,,,,,0,64,64,1.0,1.0,1,,,0.002185551216825843,0.006329996045678854,0.006329996045678854,0.004144445061683655,0.9949470073159812,0.003153993870315129,0.0018989988137036562,0.003159994696495083,0.40511974692344666,0.19999999999999996,0.0,0.0003737561928573996,0.2,0.0,1.0,64.0,1.0,0.0,0.0,1.0,1.0,0.0,,,,,,,
S16,DynaMixEMATent,,,,,,,,,,1,64,64,1.0,1.0,1,,,0.00011546586028998718,0.0013622147962450981,0.0013622147962450981,0.0012467489577829838,0.995754185678255,0.003837149882871454,0.0004086644388735294,0.0038387186306666488,0.49230149388313293,0.19999999999999996,0.0,0.000965067942161113,0.2,0.0,1.0,64.0,1.0,0.0,0.0,1.0,1.0,0.0,,,,,,,
S16,DynaMixEMATent,,,,,,,,,,2,64,64,1.0,1.0,1,,,0.00015964465274009854,0.0010416852310299873,0.0010416852310299873,0.000882040592841804,0.9953314293672807,0.004356065063410398,0.0003125055693089962,0.004357426783548113,0.5589693486690521,0.19999999999999996,0.0,0.0005146765033714473,0.2,0.0,1.0,64.0,1.0,0.0,0.0,1.0,1.0,0.0,,,,,,,
S16,DynaMixEMATent,,,,,,,,,,3,64,44,0.6875,0.6875,2,20.0,0.3125,0.8937399387359619,0.8962754011154175,0.8962754011154175,0.0025354695972055197,0.465014864788073,0.2661025148773017,0.26888262033462523,0.3639668844954749,57.92059502005577,0.19999999999999996,1.0,0.004622814245522022,0.2,0.0,1.0,44.0,0.6875,20.0,0.3125,0.6875,2.0,0.1875,,,,,,,
S16,DynaMixEMATent,,,,,,,,,,4,64,0,0.0,1.0,1,64.0,1.0,1.3243226021586452e-05,8.80689694895409e-05,8.80689694895409e-05,7.482574437744915e-05,0.6359883050362849,0.36398527427286814,2.6420690846862272e-05,0.36399489126936024,57.9262314341031,0.19999999999999996,0.0,0.00012974937271792442,0.2,0.0,1.0,0.0,0.0,64.0,1.0,1.0,1.0,0.5,,,,,,,
S16,DynaMixEMATent,,,,,,,,,,5,64,14,0.21875,0.78125,2,50.0,0.78125,0.00010046982060885057,0.0005488251917995512,0.0005488251917995512,0.00044835536391474307,0.6357259169057727,0.36410943553668734,0.00016464755753986537,0.3641693951381276,57.96135624637827,0.19999999999999996,0.0,0.01041247695684433,0.2,0.0,1.0,0.0,0.0,64.0,1.0,1.0,1.0,0.28125,,,,,,,
S16,DynaMixEMATent,,,,,,,,,,6,64,64,1.0,1.0,1,,,0.02948683314025402,0.07730717211961746,0.07730717211961746,0.047820333391427994,0.5975352487565255,0.37927259960758924,0.023192151635885238,0.3882775924075209,62.90901526203379,0.19999999999999996,0.0,0.0447392463684082,0.2,0.0,1.0,64.0,1.0,0.0,0.0,1.0,1.0,0.0,,,,,,,
S16,DynaMixEMATent,,,,,,,,,,7,64,64,1.0,1.0,1,,,0.024319883435964584,0.13191655278205872,0.13191655278205872,0.10759666562080383,0.5500124818690213,0.4104125522963611,0.039574965834617615,0.42732388025788304,71.35167464008555,0.19999999999999996,0.0,0.0011036626528948545,0.2,0.0,1.0,64.0,1.0,0.0,0.0,1.0,1.0,0.0,,,,,,,
S16,DynaMixEMATent,,,,,,,,,,8,64,64,1.0,1.0,1,,,0.0013350744266062975,0.010799214243888855,0.010799214243888855,0.009464139118790627,0.5677468825369517,0.42901335318988165,0.0032397642731666564,0.4304077729154664,72.04282435169443,0.19999999999999996,0.0,0.09918750822544098,0.2,0.0,1.0,19.0,0.296875,45.0,0.703125,0.703125,2.0,0.0,,,,,,,
S16,DynaMixEMATent,,,,,,,,,,9,26,26,1.0,1.0,1,,,0.0012825895100831985,0.010735387913882732,0.010735387913882732,0.009452798403799534,0.5665210707221883,0.4302583129036469,0.0032206163741648197,0.43164848708904935,72.32194443745539,0.19999999999999996,0.0,0.24102821946144104,0.2,0.0,1.0,3.0,0.11538461538461539,23.0,0.8846153846153846,0.8846153846153846,2.0,0.0,,,,,,,
S16,TEMA,,,,,,,,,,0,64,64,1.0,1.0,1,0.0,0.0,,,,,,,,,,,,,,,,,,,,,,,,,,,,,
S16,TEMA,,,,,,,,,,1,64,64,1.0,1.0,1,0.0,0.0,,,,,,,,,,,,,,,,,,,,,,,,,,,,,
S16,TEMA,,,,,,,,,,2,64,64,1.0,1.0,1,0.0,0.0,,,,,,,,,,,,,,,,,,,,,,,,,,,,,
S16,TEMA,,,,,,,,,,3,64,44,0.6875,0.6875,2,20.0,0.3125,,,,,,,,,,,,,,,,,,,,,,,,,,,,,
S16,TEMA,,,,,,,,,,4,64,0,0.0,1.0,1,64.0,1.0,,,,,,,,,,,,,,,,,,,,,,,,,,,,,
S16,TEMA,,,,,,,,,,5,64,14,0.21875,0.78125,2,50.0,0.78125,,,,,,,,,,,,,,,,,,,,,,,,,,,,,
S16,TEMA,,,,,,,,,,6,64,64,1.0,1.0,1,0.0,0.0,,,,,,,,,,,,,,,,,,,,,,,,,,,,,
S16,TEMA,,,,,,,,,,7,64,64,1.0,1.0,1,0.0,0.0,,,,,,,,,,,,,,,,,,,,,,,,,,,,,
S16,TEMA,,,,,,,,,,8,64,64,1.0,1.0,1,0.0,0.0,,,,,,,,,,,,,,,,,,,,,,,,,,,,,
S16,TEMA,,,,,,,,,,9,26,26,1.0,1.0,1,0.0,0.0,,,,,,,,,,,,,,,,,,,,,,,,,,,,,
S16,DUA,,,,,,,,,,0,64,64,1.0,1.0,1,0.0,0.0,,,,,,,,,,,,,,,,,,,,,,,0.099,,,,,,
S16,DUA,,,,,,,,,,1,64,64,1.0,1.0,1,0.0,0.0,,,,,,,,,,,,,,,,,,,,,,,0.09336,,,,,,
S16,DUA,,,,,,,,,,2,64,64,1.0,1.0,1,0.0,0.0,,,,,,,,,,,,,,,,,,,,,,,0.0880584,,,,,,
S16,DUA,,,,,,,,,,3,64,44,0.6875,0.6875,2,20.0,0.3125,,,,,,,,,,,,,,,,,,,,,,,0.083074896,,,,,,
S16,DUA,,,,,,,,,,4,64,0,0.0,1.0,1,64.0,1.0,,,,,,,,,,,,,,,,,,,,,,,0.07839040223999999,,,,,,
S16,DUA,,,,,,,,,,5,64,14,0.21875,0.78125,2,50.0,0.78125,,,,,,,,,,,,,,,,,,,,,,,0.07398697810559998,,,,,,
S16,DUA,,,,,,,,,,6,64,64,1.0,1.0,1,0.0,0.0,,,,,,,,,,,,,,,,,,,,,,,0.06984775941926398,,,,,,
S16,DUA,,,,,,,,,,7,64,64,1.0,1.0,1,0.0,0.0,,,,,,,,,,,,,,,,,,,,,,,0.06595689385410813,,,,,,
S16,DUA,,,,,,,,,,8,64,64,1.0,1.0,1,0.0,0.0,,,,,,,,,,,,,,,,,,,,,,,0.06229948022286164,,,,,,
S16,DUA,,,,,,,,,,9,26,26,1.0,1.0,1,0.0,0.0,,,,,,,,,,,,,,,,,,,,,,,0.05886151140948994,,,,,,
S16,RoTTA,,,,,,,,,,0,64,64,1.0,1.0,1,0.0,0.0,,,,,,,,,,,,,,,,,,,,,,,,43.0,,,,,
S16,RoTTA,,,,,,,,,,1,64,64,1.0,1.0,1,0.0,0.0,,,,,,,,,,,,,,,,,,,,,,,,64.0,,,,,
S16,RoTTA,,,,,,,,,,2,64,64,1.0,1.0,1,0.0,0.0,,,,,,,,,,,,,,,,,,,,,,,,64.0,,,,,
S16,RoTTA,,,,,,,,,,3,64,44,0.6875,0.6875,2,20.0,0.3125,,,,,,,,,,,,,,,,,,,,,,,,64.0,,,,,
S16,RoTTA,,,,,,,,,,4,64,0,0.0,1.0,1,64.0,1.0,,,,,,,,,,,,,,,,,,,,,,,,64.0,,,,,
S16,RoTTA,,,,,,,,,,5,64,14,0.21875,0.78125,2,50.0,0.78125,,,,,,,,,,,,,,,,,,,,,,,,64.0,,,,,
S16,RoTTA,,,,,,,,,,6,64,64,1.0,1.0,1,0.0,0.0,,,,,,,,,,,,,,,,,,,,,,,,64.0,,,,,
S16,RoTTA,,,,,,,,,,7,64,64,1.0,1.0,1,0.0,0.0,,,,,,,,,,,,,,,,,,,,,,,,64.0,,,,,
S16,RoTTA,,,,,,,,,,8,64,64,1.0,1.0,1,0.0,0.0,,,,,,,,,,,,,,,,,,,,,,,,64.0,,,,,
S16,RoTTA,,,,,,,,,,9,26,26,1.0,1.0,1,0.0,0.0,,,,,,,,,,,,,,,,,,,,,,,,64.0,,,,,
S16,NOTE,,,,,,,,,,0,64,64,1.0,1.0,1,0.0,0.0,,,,,,,,,,,,,,,,,,,,,,,,,64.0,1.0,0.16983702778816223,,
S16,NOTE,,,,,,,,,,1,64,64,1.0,1.0,1,0.0,0.0,,,,,,,,,,,,,,,,,,,,,,,,,64.0,1.0,0.30029913783073425,,
S16,NOTE,,,,,,,,,,2,64,64,1.0,1.0,1,0.0,0.0,,,,,,,,,,,,,,,,,,,,,,,,,64.0,1.0,0.21961626410484314,,
S16,NOTE,,,,,,,,,,3,64,44,0.6875,0.6875,2,20.0,0.3125,,,,,,,,,,,,,,,,,,,,,,,,,64.0,1.0,0.04731244593858719,,
S16,NOTE,,,,,,,,,,4,64,0,0.0,1.0,1,64.0,1.0,,,,,,,,,,,,,,,,,,,,,,,,,64.0,1.0,0.16811388731002808,,
S16,NOTE,,,,,,,,,,5,64,14,0.21875,0.78125,2,50.0,0.78125,,,,,,,,,,,,,,,,,,,,,,,,,64.0,1.0,0.3137194514274597,,
S16,NOTE,,,,,,,,,,6,64,64,1.0,1.0,1,0.0,0.0,,,,,,,,,,,,,,,,,,,,,,,,,64.0,1.0,0.19125784933567047,,
S16,NOTE,,,,,,,,,,7,64,64,1.0,1.0,1,0.0,0.0,,,,,,,,,,,,,,,,,,,,,,,,,64.0,1.0,0.37706834077835083,,
S16,NOTE,,,,,,,,,,8,64,64,1.0,1.0,1,0.0,0.0,,,,,,,,,,,,,,,,,,,,,,,,,64.0,1.0,0.05381681025028229,,
S16,NOTE,,,,,,,,,,9,26,26,1.0,1.0,1,0.0,0.0,,,,,,,,,,,,,,,,,,,,,,,,,64.0,0.0,,,
S16,DELTA,,,,,,,,,,0,64,64,1.0,1.0,1,0.0,0.0,,,,,,,,,,,,,,,,,,,,,,,,,,,,0.08071113377809525,51.0
S16,DELTA,,,,,,,,,,1,64,64,1.0,1.0,1,0.0,0.0,,,,,,,,,,,,,,,,,,,,,,,,,,,,0.16258147358894348,31.0
S16,DELTA,,,,,,,,,,2,64,64,1.0,1.0,1,0.0,0.0,,,,,,,,,,,,,,,,,,,,,,,,,,,,0.09936653822660446,44.0
S16,DELTA,,,,,,,,,,3,64,44,0.6875,0.6875,2,20.0,0.3125,,,,,,,,,,,,,,,,,,,,,,,,,,,,0.09792904555797577,46.0
S16,DELTA,,,,,,,,,,4,64,0,0.0,1.0,1,64.0,1.0,,,,,,,,,,,,,,,,,,,,,,,,,,,,5.70872871321626e-05,64.0
S16,DELTA,,,,,,,,,,5,64,14,0.21875,0.78125,2,50.0,0.78125,,,,,,,,,,,,,,,,,,,,,,,,,,,,0.01808338053524494,63.0
S16,DELTA,,,,,,,,,,6,64,64,1.0,1.0,1,0.0,0.0,,,,,,,,,,,,,,,,,,,,,,,,,,,,0.11791946738958359,38.0
S16,DELTA,,,,,,,,,,7,64,64,1.0,1.0,1,0.0,0.0,,,,,,,,,,,,,,,,,,,,,,,,,,,,0.021417800337076187,64.0
S16,DELTA,,,,,,,,,,8,64,64,1.0,1.0,1,0.0,0.0,,,,,,,,,,,,,,,,,,,,,,,,,,,,0.09556997567415237,33.0
S16,DELTA,,,,,,,,,,9,26,26,1.0,1.0,1,0.0,0.0,,,,,,,,,,,,,,,,,,,,,,,,,,,,0.22873298823833466,10.0
S17,EMATent,0.0006743142730556428,0.0006743142730556428,0.999957799911499,0.0,0.4997977057180833,0.5,0.00020229428191669284,0.0,0.0,0,64,64,1.0,1.0,1,,,,,,,,,,,,,,,,,,,,,,,,,,,,,,,
S17,EMATent,0.002057295525446534,0.002057295525446534,0.9998550415039062,0.0,0.49938281134236606,0.5,0.0006171886576339603,0.0,0.0,1,64,64,1.0,1.0,1,,,,,,,,,,,,,,,,,,,,,,,,,,,,,,,
S17,EMATent,0.12614309787750244,0.12614309787750244,0.9941554069519043,0.0,0.46215707063674927,0.5,0.03784292936325073,0.0,0.0,2,64,64,1.0,1.0,1,,,,,,,,,,,,,,,,,,,,,,,,,,,,,,,
S17,EMATent,0.7325546145439148,0.7325546145439148,0.9601801633834839,1.0,0.2802336156368256,0.5,0.21976638436317444,0.0,0.0,3,64,64,1.0,1.0,1,,,,,,,,,,,,,,,,,,,,,,,,,,,,,,,
S17,EMATent,0.12285041809082031,0.12285041809082031,0.9832382798194885,0.0,0.4631448745727539,0.5,0.036855125427246095,0.0,0.0,4,64,64,1.0,1.0,1,,,,,,,,,,,,,,,,,,,,,,,,,,,,,,,
S17,EMATent,0.6770853400230408,0.6770853400230408,0.9297333359718323,1.0,0.2968743979930878,0.5,0.20312560200691224,0.0,0.0,5,64,58,0.90625,0.90625,2,6.0,0.09375,,,,,,,,,,,,,,,,,,,,,,,,,,,,,
S17,EMATent,0.009505826979875565,0.009505826979875565,0.9991881847381592,0.0,0.49714825190603734,0.5,0.002851748093962669,0.0,0.0,6,64,0,0.0,1.0,1,64.0,1.0,,,,,,,,,,,,,,,,,,,,,,,,,,,,,
S17,EMATent,0.023903578519821167,0.023903578519821167,0.9976506233215332,0.0,0.4928289264440536,0.5,0.00717107355594635,0.0,0.0,7,64,0,0.0,1.0,1,64.0,1.0,,,,,,,,,,,,,,,,,,,,,,,,,,,,,
S17,EMATent,0.7671490907669067,0.7671490907669067,0.9663331508636475,1.0,0.269855272769928,0.5,0.230144727230072,0.0,0.0,8,64,53,0.828125,0.828125,2,11.0,0.171875,,,,,,,,,,,,,,,,,,,,,,,,,,,,,
S17,EMATent,0.7255926728248596,0.7255926728248596,0.8631390929222107,1.0,0.2823221981525421,0.5,0.21767780184745789,0.0,0.0,9,26,26,1.0,1.0,1,,,,,,,,,,,,,,,,,,,,,,,,,,,,,,,
S17,DynaMixEMATent,,,,,,,,,,0,64,64,1.0,1.0,1,,,8.438360964646563e-05,0.0006743142730556428,0.0006743142730556428,0.0005899306270293891,0.9994606736060999,0.00033703211198342185,0.00020229428191669284,0.00033710030544764624,0.04315611347556114,0.19999999999999996,0.0,0.0008107469766400754,0.2,0.0,1.0,64.0,1.0,0.0,0.0,1.0,1.0,0.0,,,,,,,
S17,DynaMixEMATent,,,,,,,,,,1,64,64,1.0,1.0,1,,,0.0001351238606730476,0.0007847829256206751,0.0007847829256206751,0.0006496590794995427,0.9990354542773973,0.0007291108449165203,0.00023543487768620252,0.0007292825434629391,0.09338222071528435,0.19999999999999996,0.0,0.0004944268148392439,0.2,0.0,1.0,64.0,1.0,0.0,0.0,1.0,1.0,0.0,,,,,,,
S17,DynaMixEMATent,,,,,,,,,,2,64,64,1.0,1.0,1,,,0.003969852812588215,0.012885422445833683,0.012885422445833683,0.008915569633245468,0.9890153988079686,0.007118974458281256,0.0038656267337501046,0.007146600548416648,0.9180492572486401,0.19999999999999996,0.0,0.003223033854737878,0.2,0.0,1.0,64.0,1.0,0.0,0.0,1.0,1.0,0.0,,,,,,,
S17,DynaMixEMATent,,,,,,,,,,3,64,64,1.0,1.0,1,,,0.12616832554340363,0.19777093827724457,0.19777093827724457,0.07160261273384094,0.8460117903167319,0.0946569282000948,0.05933128148317337,0.10062727327569954,13.575389306992292,0.19999999999999996,0.0,0.07923562079668045,0.2,0.0,1.0,58.0,0.90625,6.0,0.09375,0.90625,2.0,0.0,,,,,,,
S17,DynaMixEMATent,,,,,,,,,,4,64,64,1.0,1.0,1,,,0.00028228701557964087,0.003512275405228138,0.003512275405228138,0.0032299882732331753,0.8968486997372861,0.10209761764114542,0.0010536826215684413,0.10220530959970264,13.800174932926893,0.19999999999999996,0.0,0.006159849464893341,0.2,0.0,1.0,64.0,1.0,0.0,0.0,1.0,1.0,0.0,,,,,,,
S17,DynaMixEMATent,,,,,,,,,,5,64,58,0.90625,0.90625,2,6.0,0.09375,0.3070542514324188,0.3830127716064453,0.3830127716064453,0.0759585052728653,0.6561412275217681,0.22895494099629835,0.11490383148193359,0.25867803877135975,38.31299231573939,0.19999999999999996,1.0,0.0855928361415863,0.2,0.0,1.0,58.0,0.90625,6.0,0.09375,0.90625,2.0,0.40625,,,,,,,
S17,DynaMixEMATent,,,,,,,,,,6,64,0,0.0,1.0,1,64.0,1.0,0.32303088903427124,0.9679431319236755,0.9679431319236755,0.6449122428894043,0.3242236821465927,0.3853933782763046,0.29038293957710265,0.5431004971140757,100.26135275885463,0.19999999999999996,1.0,0.079257532954216,0.2,0.0,1.0,1.0,0.015625,63.0,0.984375,0.984375,2.0,0.5,,,,,,,
S17,DynaMixEMATent,,,,,,,,,,7,64,0,0.0,1.0,1,64.0,1.0,0.3848150372505188,0.6560865640640259,0.6560865640640259,0.2712714970111847,0.2643400429365683,0.5388339878442239,0.19682596921920775,0.6708807396578864,142.25089285895228,0.19999999999999996,1.0,0.07747633755207062,0.2,0.0,1.0,2.0,0.03125,62.0,0.96875,0.96875,2.0,0.5,,,,,,,
S17,DynaMixEMATent,,,,,,,,,,8,64,53,0.828125,0.828125,2,11.0,0.171875,0.6418601274490356,0.7311936020851135,0.7311936020851135,0.0893334448337555,0.1782495711285315,0.6023923482459345,0.21935808062553405,0.7716628242672848,189.04728339239955,0.19999999999999996,1.0,0.23420754075050354,0.2,0.0,1.0,46.0,0.71875,18.0,0.28125,0.71875,2.0,0.328125,,,,,,,
S17,DynaMixEMATent,,,,,,,,,,9,26,26,1.0,1.0,1,,,0.21393081545829773,0.34801575541496277,0.34801575541496277,0.13408492505550385,0.19054073529597118,0.70505453807954,0.10440472662448883,0.7872468279362167,198.09569303318858,0.19999999999999996,1.0,0.470808744430542,0.2,0.0,1.0,20.0,0.7692307692307693,6.0,0.23076923076923078,0.7692307692307693,2.0,0.0,,,,,,,
S17,TEMA,,,,,,,,,,0,64,64,1.0,1.0,1,0.0,0.0,,,,,,,,,,,,,,,,,,,,,,,,,,,,,
S17,TEMA,,,,,,,,,,1,64,64,1.0,1.0,1,0.0,0.0,,,,,,,,,,,,,,,,,,,,,,,,,,,,,
S17,TEMA,,,,,,,,,,2,64,64,1.0,1.0,1,0.0,0.0,,,,,,,,,,,,,,,,,,,,,,,,,,,,,
S17,TEMA,,,,,,,,,,3,64,64,1.0,1.0,1,0.0,0.0,,,,,,,,,,,,,,,,,,,,,,,,,,,,,
S17,TEMA,,,,,,,,,,4,64,64,1.0,1.0,1,0.0,0.0,,,,,,,,,,,,,,,,,,,,,,,,,,,,,
S17,TEMA,,,,,,,,,,5,64,58,0.90625,0.90625,2,6.0,0.09375,,,,,,,,,,,,,,,,,,,,,,,,,,,,,
S17,TEMA,,,,,,,,,,6,64,0,0.0,1.0,1,64.0,1.0,,,,,,,,,,,,,,,,,,,,,,,,,,,,,
S17,TEMA,,,,,,,,,,7,64,0,0.0,1.0,1,64.0,1.0,,,,,,,,,,,,,,,,,,,,,,,,,,,,,
S17,TEMA,,,,,,,,,,8,64,53,0.828125,0.828125,2,11.0,0.171875,,,,,,,,,,,,,,,,,,,,,,,,,,,,,
S17,TEMA,,,,,,,,,,9,26,26,1.0,1.0,1,0.0,0.0,,,,,,,,,,,,,,,,,,,,,,,,,,,,,
S17,DUA,,,,,,,,,,0,64,64,1.0,1.0,1,0.0,0.0,,,,,,,,,,,,,,,,,,,,,,,0.099,,,,,,
S17,DUA,,,,,,,,,,1,64,64,1.0,1.0,1,0.0,0.0,,,,,,,,,,,,,,,,,,,,,,,0.09336,,,,,,
S17,DUA,,,,,,,,,,2,64,64,1.0,1.0,1,0.0,0.0,,,,,,,,,,,,,,,,,,,,,,,0.0880584,,,,,,
S17,DUA,,,,,,,,,,3,64,64,1.0,1.0,1,0.0,0.0,,,,,,,,,,,,,,,,,,,,,,,0.083074896,,,,,,
S17,DUA,,,,,,,,,,4,64,64,1.0,1.0,1,0.0,0.0,,,,,,,,,,,,,,,,,,,,,,,0.07839040223999999,,,,,,
S17,DUA,,,,,,,,,,5,64,58,0.90625,0.90625,2,6.0,0.09375,,,,,,,,,,,,,,,,,,,,,,,0.07398697810559998,,,,,,
S17,DUA,,,,,,,,,,6,64,0,0.0,1.0,1,64.0,1.0,,,,,,,,,,,,,,,,,,,,,,,0.06984775941926398,,,,,,
S17,DUA,,,,,,,,,,7,64,0,0.0,1.0,1,64.0,1.0,,,,,,,,,,,,,,,,,,,,,,,0.06595689385410813,,,,,,
S17,DUA,,,,,,,,,,8,64,53,0.828125,0.828125,2,11.0,0.171875,,,,,,,,,,,,,,,,,,,,,,,0.06229948022286164,,,,,,
S17,DUA,,,,,,,,,,9,26,26,1.0,1.0,1,0.0,0.0,,,,,,,,,,,,,,,,,,,,,,,0.05886151140948994,,,,,,
S17,RoTTA,,,,,,,,,,0,64,64,1.0,1.0,1,0.0,0.0,,,,,,,,,,,,,,,,,,,,,,,,40.0,,,,,
S17,RoTTA,,,,,,,,,,1,64,64,1.0,1.0,1,0.0,0.0,,,,,,,,,,,,,,,,,,,,,,,,45.0,,,,,
S17,RoTTA,,,,,,,,,,2,64,64,1.0,1.0,1,0.0,0.0,,,,,,,,,,,,,,,,,,,,,,,,46.0,,,,,
S17,RoTTA,,,,,,,,,,3,64,64,1.0,1.0,1,0.0,0.0,,,,,,,,,,,,,,,,,,,,,,,,60.0,,,,,
S17,RoTTA,,,,,,,,,,4,64,64,1.0,1.0,1,0.0,0.0,,,,,,,,,,,,,,,,,,,,,,,,62.0,,,,,
S17,RoTTA,,,,,,,,,,5,64,58,0.90625,0.90625,2,6.0,0.09375,,,,,,,,,,,,,,,,,,,,,,,,64.0,,,,,
S17,RoTTA,,,,,,,,,,6,64,0,0.0,1.0,1,64.0,1.0,,,,,,,,,,,,,,,,,,,,,,,,64.0,,,,,
S17,RoTTA,,,,,,,,,,7,64,0,0.0,1.0,1,64.0,1.0,,,,,,,,,,,,,,,,,,,,,,,,64.0,,,,,
S17,RoTTA,,,,,,,,,,8,64,53,0.828125,0.828125,2,11.0,0.171875,,,,,,,,,,,,,,,,,,,,,,,,64.0,,,,,
S17,RoTTA,,,,,,,,,,9,26,26,1.0,1.0,1,0.0,0.0,,,,,,,,,,,,,,,,,,,,,,,,64.0,,,,,
S17,NOTE,,,,,,,,,,0,64,64,1.0,1.0,1,0.0,0.0,,,,,,,,,,,,,,,,,,,,,,,,,64.0,1.0,0.0935695618391037,,
S17,NOTE,,,,,,,,,,1,64,64,1.0,1.0,1,0.0,0.0,,,,,,,,,,,,,,,,,,,,,,,,,64.0,1.0,0.1337839961051941,,
S17,NOTE,,,,,,,,,,2,64,64,1.0,1.0,1,0.0,0.0,,,,,,,,,,,,,,,,,,,,,,,,,64.0,1.0,0.10313491523265839,,
S17,NOTE,,,,,,,,,,3,64,64,1.0,1.0,1,0.0,0.0,,,,,,,,,,,,,,,,,,,,,,,,,64.0,1.0,0.17684444785118103,,
S17,NOTE,,,,,,,,,,4,64,64,1.0,1.0,1,0.0,0.0,,,,,,,,,,,,,,,,,,,,,,,,,64.0,1.0,0.18592724204063416,,
S17,NOTE,,,,,,,,,,5,64,58,0.90625,0.90625,2,6.0,0.09375,,,,,,,,,,,,,,,,,,,,,,,,,64.0,1.0,0.05775802582502365,,
S17,NOTE,,,,,,,,,,6,64,0,0.0,1.0,1,64.0,1.0,,,,,,,,,,,,,,,,,,,,,,,,,64.0,1.0,0.2581751048564911,,
S17,NOTE,,,,,,,,,,7,64,0,0.0,1.0,1,64.0,1.0,,,,,,,,,,,,,,,,,,,,,,,,,64.0,1.0,0.2771081328392029,,
S17,NOTE,,,,,,,,,,8,64,53,0.828125,0.828125,2,11.0,0.171875,,,,,,,,,,,,,,,,,,,,,,,,,64.0,1.0,0.04159548878669739,,
S17,NOTE,,,,,,,,,,9,26,26,1.0,1.0,1,0.0,0.0,,,,,,,,,,,,,,,,,,,,,,,,,64.0,0.0,,,
S17,DELTA,,,,,,,,,,0,64,64,1.0,1.0,1,0.0,0.0,,,,,,,,,,,,,,,,,,,,,,,,,,,,0.0361822172999382,56.0
S17,DELTA,,,,,,,,,,1,64,64,1.0,1.0,1,0.0,0.0,,,,,,,,,,,,,,,,,,,,,,,,,,,,0.020825350657105446,63.0
S17,DELTA,,,,,,,,,,2,64,64,1.0,1.0,1,0.0,0.0,,,,,,,,,,,,,,,,,,,,,,,,,,,,0.000798608991317451,63.0
S17,DELTA,,,,,,,,,,3,64,64,1.0,1.0,1,0.0,0.0,,,,,,,,,,,,,,,,,,,,,,,,,,,,0.02251167967915535,61.0
S17,DELTA,,,,,,,,,,4,64,64,1.0,1.0,1,0.0,0.0,,,,,,,,,,,,,,,,,,,,,,,,,,,,0.13706393539905548,29.0
S17,DELTA,,,,,,,,,,5,64,58,0.90625,0.90625,2,6.0,0.09375,,,,,,,,,,,,,,,,,,,,,,,,,,,,4.2465475416975096e-05,64.0
S17,DELTA,,,,,,,,,,6,64,0,0.0,1.0,1,64.0,1.0,,,,,,,,,,,,,,,,,,,,,,,,,,,,6.500737015358027e-08,64.0
S17,DELTA,,,,,,,,,,7,64,0,0.0,1.0,1,64.0,1.0,,,,,,,,,,,,,,,,,,,,,,,,,,,,4.73345244245138e-06,64.0
S17,DELTA,,,,,,,,,,8,64,53,0.828125,0.828125,2,11.0,0.171875,,,,,,,,,,,,,,,,,,,,,,,,,,,,0.012597527354955673,64.0
S17,DELTA,,,,,,,,,,9,26,26,1.0,1.0,1,0.0,0.0,,,,,,,,,,,,,,,,,,,,,,,,,,,,0.02099941112101078,26.0
S2,EMATent,0.20498326420783997,0.20498326420783997,0.9679054617881775,1.0,0.438505020737648,0.5,0.061494979262351986,0.0,0.0,0,64,64,1.0,1.0,1,,,,,,,,,,,,,,,,,,,,,,,,,,,,,,,
S2,EMATent,0.2474072277545929,0.2474072277545929,0.9719704389572144,1.0,0.42577783167362215,0.5,0.07422216832637786,0.0,0.0,1,64,64,1.0,1.0,1,,,,,,,,,,,,,,,,,,,,,,,,,,,,,,,
S2,EMATent,0.08719369024038315,0.08719369024038315,0.9890244007110596,0.0,0.47384189292788503,0.5,0.026158107072114942,0.0,0.0,2,64,64,1.0,1.0,1,,,,,,,,,,,,,,,,,,,,,,,,,,,,,,,
S2,EMATent,0.14939187467098236,0.14939187467098236,0.9940276145935059,0.0,0.4551824375987053,0.5,0.044817562401294704,0.0,0.0,3,64,37,0.578125,0.578125,2,27.0,0.421875,,,,,,,,,,,,,,,,,,,,,,,,,,,,,
S2,EMATent,0.021830150857567787,0.021830150857567787,0.9978861212730408,0.0,0.49345095474272965,0.5,0.006549045257270336,0.0,0.0,4,64,0,0.0,1.0,1,64.0,1.0,,,,,,,,,,,,,,,,,,,,,,,,,,,,,
S2,EMATent,0.11743546277284622,0.11743546277284622,0.9841537475585938,0.0,0.46476936116814616,0.5,0.035230638831853865,0.0,0.0,5,64,32,0.5,0.5,2,32.0,0.5,,,,,,,,,,,,,,,,,,,,,,,,,,,,,
S2,EMATent,0.0015555968275293708,0.0015555968275293708,0.9998937845230103,0.0,0.4995333209517412,0.5,0.00046667904825881124,0.0,0.0,6,64,64,1.0,1.0,1,,,,,,,,,,,,,,,,,,,,,,,,,,,,,,,
S2,EMATent,0.0028183097019791603,0.0028183097019791603,0.9997941255569458,0.0,0.49915450708940623,0.5,0.0008454929105937481,0.0,0.0,7,64,64,1.0,1.0,1,,,,,,,,,,,,,,,,,,,,,,,,,,,,,,,
S2,EMATent,4.674042065744288e-05,4.674042065744288e-05,0.9999976754188538,0.0,0.4999859778738028,0.5,1.4022126197232864e-05,0.0,0.0,8,64,64,1.0,1.0,1,,,,,,,,,,,,,,,,,,,,,,,,,,,,,,,
S2,EMATent,3.661673326860182e-05,3.661673326860182e-05,0.9999982118606567,0.0,0.4999890149800194,0.5,1.0985019980580545e-05,0.0,0.0,9,2,2,1.0,1.0,1,,,,,,,,,,,,,,,,,,,,,,,,,,,,,,,
S2,DynaMixEMATent,,,,,,,,,,0,64,64,1.0,1.0,1,,,0.09915816783905029,0.20498326420783997,0.20498326420783997,0.10582509636878967,0.8470812134091256,0.09142380732852239,0.061494979262351986,0.09741429753531305,13.118928909301758,0.19999999999999996,1.0,0.06990981847047806,0.2,0.0,1.0,63.0,0.984375,1.0,0.015625,0.984375,2.0,0.0,,,,,,,
S2,DynaMixEMATent,,,,,,,,,,1,64,64,1.0,1.0,1,,,0.1337190866470337,0.22970366477966309,0.22970366477966309,0.0959845781326294,0.7492039909873632,0.18188490957873782,0.06891109943389892,0.19534644808691415,27.819963455200195,0.19999999999999996,1.0,0.11745406687259674,0.2,0.0,1.0,63.0,0.984375,1.0,0.015625,0.984375,2.0,0.0,,,,,,,
S2,DynaMixEMATent,,,,,,,,,,2,64,64,1.0,1.0,1,,,0.015311150811612606,0.059523001313209534,0.059523001313209534,0.04421184957027435,0.7671114177819651,0.21503168182407204,0.01785690039396286,0.21894129471593982,31.629435539245605,0.19999999999999996,0.0,0.04709461331367493,0.2,0.0,1.0,64.0,1.0,0.0,0.0,1.0,1.0,0.0,,,,,,,
S2,DynaMixEMATent,,,,,,,,,,3,64,37,0.578125,0.578125,2,27.0,0.421875,0.11789114028215408,0.13286934792995453,0.13286934792995453,0.014978206716477871,0.7017229235212853,0.2584162720997284,0.039860804378986356,0.2691445920323937,40.133073806762695,0.19999999999999996,0.0,0.02330973371863365,0.2,0.0,1.0,63.0,0.984375,1.0,0.015625,0.984375,2.0,0.078125,,,,,,,
S2,DynaMixEMATent,,,,,,,,,,4,64,0,0.0,1.0,1,64.0,1.0,0.00015443688607774675,0.0013509780401363969,0.0013509780401363969,0.0011965411249548197,0.7300658790036931,0.269528827584266,0.00040529341204091905,0.26963811013393846,40.219536401331425,0.19999999999999996,0.0,0.0033077439293265343,0.2,0.0,1.0,64.0,1.0,0.0,0.0,1.0,1.0,0.5,,,,,,,
S2,DynaMixEMATent,,,,,,,,,,5,64,32,0.5,0.5,2,32.0,0.5,0.002196729648858309,0.0074362424202263355,0.0074362424202263355,0.005239512771368027,0.7260280604292911,0.27174106684464094,0.0022308727260679007,0.272348642002065,40.69545591622591,0.19999999999999996,0.0,0.019476355984807014,0.2,0.0,1.0,64.0,1.0,0.0,0.0,1.0,1.0,0.0,,,,,,,
S2,DynaMixEMATent,,,,,,,,,,6,64,64,1.0,1.0,1,,,3.68844011973124e-05,0.00022656652436126024,0.00022656652436126024,0.00018968211952596903,0.7275194791179616,0.27241255092473,6.796995730837806e-05,0.27243106805279504,40.70995617378503,0.19999999999999996,0.0,0.0012590386904776096,0.2,0.0,1.0,64.0,1.0,0.0,0.0,1.0,1.0,0.0,,,,,,,
S2,DynaMixEMATent,,,,,,,,,,7,64,64,1.0,1.0,1,,,0.0001158592858701013,0.00046535322326235473,0.00046535322326235473,0.0003494939301162958,0.7272981140331907,0.2725622799998307,0.00013960596697870642,0.2726003366334251,40.73973878007382,0.19999999999999996,0.0,0.0035088702570647,0.2,0.0,1.0,64.0,1.0,0.0,0.0,1.0,1.0,0.0,,,,,,,
S2,DynaMixEMATent,,,,,,,,,,8,64,64,1.0,1.0,1,,,1.2635395023607998e-06,8.454624548903666e-06,8.454624548903666e-06,7.191084932856029e-06,0.7273947434680329,0.27260272014460235,2.5363873646711e-06,0.27260341157245105,40.74027987604495,0.19999999999999996,0.0,8.800774230621755e-05,0.2,0.0,1.0,64.0,1.0,0.0,0.0,1.0,1.0,0.0,,,,,,,
S2,DynaMixEMATent,,,,,,,,,,9,2,2,1.0,1.0,1,,,1.7468300583800556e-08,4.5175255536378245e-07,4.5175255536378245e-07,4.342842601090524e-07,0.7273964847121432,0.27260337976209015,1.3552576660913473e-07,0.27260341670687716,40.74028077955006,0.19999999999999996,0.0,6.163632519928797e-07,0.2,0.0,1.0,2.0,1.0,0.0,0.0,1.0,1.0,0.0,,,,,,,
S2,TEMA,,,,,,,,,,0,64,64,1.0,1.0,1,0.0,0.0,,,,,,,,,,,,,,,,,,,,,,,,,,,,,
S2,TEMA,,,,,,,,,,1,64,64,1.0,1.0,1,0.0,0.0,,,,,,,,,,,,,,,,,,,,,,,,,,,,,
S2,TEMA,,,,,,,,,,2,64,64,1.0,1.0,1,0.0,0.0,,,,,,,,,,,,,,,,,,,,,,,,,,,,,
S2,TEMA,,,,,,,,,,3,64,37,0.578125,0.578125,2,27.0,0.421875,,,,,,,,,,,,,,,,,,,,,,,,,,,,,
S2,TEMA,,,,,,,,,,4,64,0,0.0,1.0,1,64.0,1.0,,,,,,,,,,,,,,,,,,,,,,,,,,,,,
S2,TEMA,,,,,,,,,,5,64,32,0.5,0.5,2,32.0,0.5,,,,,,,,,,,,,,,,,,,,,,,,,,,,,
S2,TEMA,,,,,,,,,,6,64,64,1.0,1.0,1,0.0,0.0,,,,,,,,,,,,,,,,,,,,,,,,,,,,,
S2,TEMA,,,,,,,,,,7,64,64,1.0,1.0,1,0.0,0.0,,,,,,,,,,,,,,,,,,,,,,,,,,,,,
S2,TEMA,,,,,,,,,,8,64,64,1.0,1.0,1,0.0,0.0,,,,,,,,,,,,,,,,,,,,,,,,,,,,,
S2,TEMA,,,,,,,,,,9,2,2,1.0,1.0,1,0.0,0.0,,,,,,,,,,,,,,,,,,,,,,,,,,,,,
S2,DUA,,,,,,,,,,0,64,64,1.0,1.0,1,0.0,0.0,,,,,,,,,,,,,,,,,,,,,,,0.099,,,,,,
S2,DUA,,,,,,,,,,1,64,64,1.0,1.0,1,0.0,0.0,,,,,,,,,,,,,,,,,,,,,,,0.09336,,,,,,
S2,DUA,,,,,,,,,,2,64,64,1.0,1.0,1,0.0,0.0,,,,,,,,,,,,,,,,,,,,,,,0.0880584,,,,,,
S2,DUA,,,,,,,,,,3,64,37,0.578125,0.578125,2,27.0,0.421875,,,,,,,,,,,,,,,,,,,,,,,0.083074896,,,,,,
S2,DUA,,,,,,,,,,4,64,0,0.0,1.0,1,64.0,1.0,,,,,,,,,,,,,,,,,,,,,,,0.07839040223999999,,,,,,
S2,DUA,,,,,,,,,,5,64,32,0.5,0.5,2,32.0,0.5,,,,,,,,,,,,,,,,,,,,,,,0.07398697810559998,,,,,,
S2,DUA,,,,,,,,,,6,64,64,1.0,1.0,1,0.0,0.0,,,,,,,,,,,,,,,,,,,,,,,0.06984775941926398,,,,,,
S2,DUA,,,,,,,,,,7,64,64,1.0,1.0,1,0.0,0.0,,,,,,,,,,,,,,,,,,,,,,,0.06595689385410813,,,,,,
S2,DUA,,,,,,,,,,8,64,64,1.0,1.0,1,0.0,0.0,,,,,,,,,,,,,,,,,,,,,,,0.06229948022286164,,,,,,
S2,DUA,,,,,,,,,,9,2,2,1.0,1.0,1,0.0,0.0,,,,,,,,,,,,,,,,,,,,,,,0.05886151140948994,,,,,,
S2,RoTTA,,,,,,,,,,0,64,64,1.0,1.0,1,0.0,0.0,,,,,,,,,,,,,,,,,,,,,,,,41.0,,,,,
S2,RoTTA,,,,,,,,,,1,64,64,1.0,1.0,1,0.0,0.0,,,,,,,,,,,,,,,,,,,,,,,,50.0,,,,,
S2,RoTTA,,,,,,,,,,2,64,64,1.0,1.0,1,0.0,0.0,,,,,,,,,,,,,,,,,,,,,,,,54.0,,,,,
S2,RoTTA,,,,,,,,,,3,64,37,0.578125,0.578125,2,27.0,0.421875,,,,,,,,,,,,,,,,,,,,,,,,60.0,,,,,
S2,RoTTA,,,,,,,,,,4,64,0,0.0,1.0,1,64.0,1.0,,,,,,,,,,,,,,,,,,,,,,,,64.0,,,,,
S2,RoTTA,,,,,,,,,,5,64,32,0.5,0.5,2,32.0,0.5,,,,,,,,,,,,,,,,,,,,,,,,64.0,,,,,
S2,RoTTA,,,,,,,,,,6,64,64,1.0,1.0,1,0.0,0.0,,,,,,,,,,,,,,,,,,,,,,,,64.0,,,,,
S2,RoTTA,,,,,,,,,,7,64,64,1.0,1.0,1,0.0,0.0,,,,,,,,,,,,,,,,,,,,,,,,64.0,,,,,
S2,RoTTA,,,,,,,,,,8,64,64,1.0,1.0,1,0.0,0.0,,,,,,,,,,,,,,,,,,,,,,,,64.0,,,,,
S2,RoTTA,,,,,,,,,,9,2,2,1.0,1.0,1,0.0,0.0,,,,,,,,,,,,,,,,,,,,,,,,64.0,,,,,
S2,NOTE,,,,,,,,,,0,64,64,1.0,1.0,1,0.0,0.0,,,,,,,,,,,,,,,,,,,,,,,,,64.0,1.0,0.1401969939470291,,
S2,NOTE,,,,,,,,,,1,64,64,1.0,1.0,1,0.0,0.0,,,,,,,,,,,,,,,,,,,,,,,,,64.0,1.0,0.21632640063762665,,
S2,NOTE,,,,,,,,,,2,64,64,1.0,1.0,1,0.0,0.0,,,,,,,,,,,,,,,,,,,,,,,,,64.0,1.0,0.2144494354724884,,
S2,NOTE,,,,,,,,,,3,64,37,0.578125,0.578125,2,27.0,0.421875,,,,,,,,,,,,,,,,,,,,,,,,,64.0,1.0,0.14610913395881653,,
S2,NOTE,,,,,,,,,,4,64,0,0.0,1.0,1,64.0,1.0,,,,,,,,,,,,,,,,,,,,,,,,,64.0,1.0,0.15431275963783264,,
S2,NOTE,,,,,,,,,,5,64,32,0.5,0.5,2,32.0,0.5,,,,,,,,,,,,,,,,,,,,,,,,,64.0,1.0,0.135181725025177,,
S2,NOTE,,,,,,,,,,6,64,64,1.0,1.0,1,0.0,0.0,,,,,,,,,,,,,,,,,,,,,,,,,64.0,1.0,0.18620996177196503,,
S2,NOTE,,,,,,,,,,7,64,64,1.0,1.0,1,0.0,0.0,,,,,,,,,,,,,,,,,,,,,,,,,64.0,1.0,0.20578232407569885,,
S2,NOTE,,,,,,,,,,8,64,64,1.0,1.0,1,0.0,0.0,,,,,,,,,,,,,,,,,,,,,,,,,64.0,1.0,0.14733369648456573,,
S2,NOTE,,,,,,,,,,9,2,2,1.0,1.0,1,0.0,0.0,,,,,,,,,,,,,,,,,,,,,,,,,64.0,0.0,,,
S2,DELTA,,,,,,,,,,0,64,64,1.0,1.0,1,0.0,0.0,,,,,,,,,,,,,,,,,,,,,,,,,,,,0.10199437290430069,56.0
S2,DELTA,,,,,,,,,,1,64,64,1.0,1.0,1,0.0,0.0,,,,,,,,,,,,,,,,,,,,,,,,,,,,0.010976455174386501,64.0
S2,DELTA,,,,,,,,,,2,64,64,1.0,1.0,1,0.0,0.0,,,,,,,,,,,,,,,,,,,,,,,,,,,,0.018560320138931274,63.0
S2,DELTA,,,,,,,,,,3,64,37,0.578125,0.578125,2,27.0,0.421875,,,,,,,,,,,,,,,,,,,,,,,,,,,,0.00011994828673778102,64.0
S2,DELTA,,,,,,,,,,4,64,0,0.0,1.0,1,64.0,1.0,,,,,,,,,,,,,,,,,,,,,,,,,,,,0.0003324675199110061,64.0
S2,DELTA,,,,,,,,,,5,64,32,0.5,0.5,2,32.0,0.5,,,,,,,,,,,,,,,,,,,,,,,,,,,,0.0013441223418340087,64.0
S2,DELTA,,,,,,,,,,6,64,64,1.0,1.0,1,0.0,0.0,,,,,,,,,,,,,,,,,,,,,,,,,,,,0.0012613644357770681,64.0
S2,DELTA,,,,,,,,,,7,64,64,1.0,1.0,1,0.0,0.0,,,,,,,,,,,,,,,,,,,,,,,,,,,,0.000468498095870018,64.0
S2,DELTA,,,,,,,,,,8,64,64,1.0,1.0,1,0.0,0.0,,,,,,,,,,,,,,,,,,,,,,,,,,,,1.671849167905748e-05,64.0
S2,DELTA,,,,,,,,,,9,2,2,1.0,1.0,1,0.0,0.0,,,,,,,,,,,,,,,,,,,,,,,,,,,,5.402338138082996e-05,2.0
S3,EMATent,0.0004428245883900672,0.0004428245883900672,0.9999734163284302,0.0,0.49986715262348297,0.5,0.00013284737651702016,0.0,0.0,0,64,64,1.0,1.0,1,,,,,,,,,,,,,,,,,,,,,,,,,,,,,,,
S3,EMATent,8.313735452247784e-05,8.313735452247784e-05,0.9999957084655762,0.0,0.49997505879364323,0.5,2.494120635674335e-05,0.0,0.0,1,64,64,1.0,1.0,1,,,,,,,,,,,,,,,,,,,,,,,,,,,,,,,
S3,EMATent,0.0002983975282404572,0.0002983975282404572,0.9999827146530151,0.0,0.4999104807415279,0.5,8.951925847213715e-05,0.0,0.0,2,64,64,1.0,1.0,1,,,,,,,,,,,,,,,,,,,,,,,,,,,,,,,
S3,EMATent,0.9877015948295593,0.9877015948295593,0.9972360134124756,1.0,0.2036895215511322,0.5,0.29631047844886776,0.0,0.0,3,64,36,0.5625,0.5625,2,28.0,0.4375,,,,,,,,,,,,,,,,,,,,,,,,,,,,,
S3,EMATent,0.7309088110923767,0.7309088110923767,0.9167290925979614,1.0,0.280727356672287,0.5,0.219272643327713,0.0,0.0,4,64,0,0.0,1.0,1,64.0,1.0,,,,,,,,,,,,,,,,,,,,,,,,,,,,,
S3,EMATent,0.9987528920173645,0.9987528920173645,0.9309095740318298,1.0,0.20037413239479065,0.5,0.2996258676052093,0.0,0.0,5,64,28,0.4375,0.5625,2,36.0,0.5625,,,,,,,,,,,,,,,,,,,,,,,,,,,,,
S3,EMATent,0.009188925847411156,0.009188925847411156,0.9992189407348633,0.0,0.49724332224577666,0.5,0.0027566777542233464,0.0,0.0,6,64,64,1.0,1.0,1,,,,,,,,,,,,,,,,,,,,,,,,,,,,,,,
S3,EMATent,0.9448851346969604,0.9448851346969604,0.9743871688842773,1.0,0.2165344595909119,0.5,0.2834655404090881,0.0,0.0,7,64,64,1.0,1.0,1,,,,,,,,,,,,,,,,,,,,,,,,,,,,,,,
S3,EMATent,0.00034343634615652263,0.00034343634615652263,0.9999798536300659,0.0,0.49989696909615305,0.5,0.00010303090384695679,0.0,0.0,8,64,64,1.0,1.0,1,,,,,,,,,,,,,,,,,,,,,,,,,,,,,,,
S3,EMATent,0.00011008995352312922,0.00011008995352312922,0.9999942183494568,0.0,0.49996697301394305,0.5,3.302698605693876e-05,0.0,0.0,9,11,11,1.0,1.0,1,,,,,,,,,,,,,,,,,,,,,,,,,,,,,,,
S3,DynaMixEMATent,,,,,,,,,,0,64,64,1.0,1.0,1,,,9.61591285886243e-05,0.0004428245883900672,0.0004428245883900672,0.00034666547435335815,0.9996457942499674,0.00022135837351569212,0.00013284737651702016,0.00022138778430202954,0.028340773656964302,0.19999999999999996,0.0,7.285202445928007e-05,0.2,0.0,1.0,64.0,1.0,0.0,0.0,1.0,1.0,0.0,,,,,,,
S3,DynaMixEMATent,,,,,,,,,,1,64,64,1.0,1.0,1,,,1.3867958841728978e-05,6.499027222162113e-05,6.499027222162113e-05,5.112231519888155e-05,0.9997266326696167,0.00025387024871677364,1.9497081666486338e-05,0.0002538751985422527,0.032500151079148054,0.19999999999999996,0.0,2.4026445316849276e-05,0.2,0.0,1.0,64.0,1.0,0.0,0.0,1.0,1.0,0.0,,,,,,,
S3,DynaMixEMATent,,,,,,,,,,2,64,64,1.0,1.0,1,,,8.825463737593964e-06,7.76466476963833e-05,7.76466476963833e-05,6.882118759676814e-05,0.9996840249108745,0.00029268109481664486,2.3293994308914987e-05,0.0002926879126872173,0.037469536531716585,0.19999999999999996,0.0,3.524817657307722e-05,0.2,0.0,1.0,64.0,1.0,0.0,0.0,1.0,1.0,0.0,,,,,,,
S3,DynaMixEMATent,,,,,,,,,,3,64,36,0.5625,0.5625,2,28.0,0.4375,0.31967562437057495,0.4488452076911926,0.4488452076911926,0.12916958332061768,0.6911898951889693,0.17415654250367285,0.13465356230735778,0.20125643894489642,28.763562828768045,0.19999999999999996,1.0,0.10832376778125763,0.2,0.0,1.0,43.0,0.671875,21.0,0.328125,0.671875,2.0,0.0625,,,,,,,
S3,DynaMixEMATent,,,,,,,,,,4,64,0,0.0,1.0,1,64.0,1.0,0.12542490661144257,0.22374048829078674,0.22374048829078674,0.09831558167934418,0.6662658036766648,0.2666120498360992,0.06712214648723602,0.2857952397863964,43.082954079378396,0.19999999999999996,1.0,0.2890322804450989,0.2,0.0,1.0,47.0,0.734375,17.0,0.265625,0.734375,2.0,0.5,,,,,,,
S3,DynaMixEMATent,,,,,,,,,,5,64,28,0.4375,0.5625,2,36.0,0.5625,0.013368163257837296,0.041343025863170624,0.041343025863170624,0.027974862605333328,0.6909156324991387,0.29668145974191024,0.012402907758951186,0.30040738482601503,45.728907734621316,0.19999999999999996,0.0,0.26131248474121094,0.2,0.0,1.0,46.0,0.71875,18.0,0.28125,0.71875,2.0,0.0625,,,,,,,
S3,DynaMixEMATent,,,,,,,,,,6,64,64,1.0,1.0,1,,,0.00022169487783685327,0.0014333513099700212,0.0014333513099700212,0.001211656373925507,0.6987908007210193,0.3007791938859897,0.00043000539299100634,0.30090858620085337,45.8206422184594,0.19999999999999996,0.0,0.009772999212145805,0.2,0.0,1.0,64.0,1.0,0.0,0.0,1.0,1.0,0.0,,,,,,,
S3,DynaMixEMATent,,,,,,,,,,7,64,64,1.0,1.0,1,,,0.17154380679130554,0.3485235273838043,0.3485235273838043,0.17697972059249878,0.5258852178172033,0.36955772396765546,0.10455705821514129,0.41270940528162237,68.12614797102287,0.19999999999999996,1.0,0.06998874992132187,0.2,0.0,1.0,41.0,0.640625,23.0,0.359375,0.640625,2.0,0.0,,,,,,,
S3,DynaMixEMATent,,,,,,,,,,8,64,64,1.0,1.0,1,,,0.00015657181211281568,0.0006047010538168252,0.0006047010538168252,0.0004481292562559247,0.5870065455740149,0.41281204410984007,0.00018141031614504755,0.4128869460612572,68.16484883846715,0.19999999999999996,0.0,3.6315759643912315e-05,0.2,0.0,1.0,64.0,1.0,0.0,0.0,1.0,1.0,0.0,,,,,,,
S3,DynaMixEMATent,,,,,,,,,,9,11,11,1.0,1.0,1,,,1.8917711486210464e-06,2.0741421394632198e-05,2.0741421394632198e-05,1.8849650587071665e-05,0.5871083541694111,0.4128854234041705,6.2224264183896595e-06,0.4128879925693233,68.16507699410249,0.19999999999999996,0.0,0.0009857852710410953,0.2,0.0,1.0,11.0,1.0,0.0,0.0,1.0,1.0,0.0,,,,,,,
S3,TEMA,,,,,,,,,,0,64,64,1.0,1.0,1,0.0,0.0,,,,,,,,,,,,,,,,,,,,,,,,,,,,,
S3,TEMA,,,,,,,,,,1,64,64,1.0,1.0,1,0.0,0.0,,,,,,,,,,,,,,,,,,,,,,,,,,,,,
S3,TEMA,,,,,,,,,,2,64,64,1.0,1.0,1,0.0,0.0,,,,,,,,,,,,,,,,,,,,,,,,,,,,,
S3,TEMA,,,,,,,,,,3,64,36,0.5625,0.5625,2,28.0,0.4375,,,,,,,,,,,,,,,,,,,,,,,,,,,,,
S3,TEMA,,,,,,,,,,4,64,0,0.0,1.0,1,64.0,1.0,,,,,,,,,,,,,,,,,,,,,,,,,,,,,
S3,TEMA,,,,,,,,,,5,64,28,0.4375,0.5625,2,36.0,0.5625,,,,,,,,,,,,,,,,,,,,,,,,,,,,,
S3,TEMA,,,,,,,,,,6,64,64,1.0,1.0,1,0.0,0.0,,,,,,,,,,,,,,,,,,,,,,,,,,,,,
S3,TEMA,,,,,,,,,,7,64,64,1.0,1.0,1,0.0,0.0,,,,,,,,,,,,,,,,,,,,,,,,,,,,,
S3,TEMA,,,,,,,,,,8,64,64,1.0,1.0,1,0.0,0.0,,,,,,,,,,,,,,,,,,,,,,,,,,,,,
S3,TEMA,,,,,,,,,,9,11,11,1.0,1.0,1,0.0,0.0,,,,,,,,,,,,,,,,,,,,,,,,,,,,,
S3,DUA,,,,,,,,,,0,64,64,1.0,1.0,1,0.0,0.0,,,,,,,,,,,,,,,,,,,,,,,0.099,,,,,,
S3,DUA,,,,,,,,,,1,64,64,1.0,1.0,1,0.0,0.0,,,,,,,,,,,,,,,,,,,,,,,0.09336,,,,,,
S3,DUA,,,,,,,,,,2,64,64,1.0,1.0,1,0.0,0.0,,,,,,,,,,,,,,,,,,,,,,,0.0880584,,,,,,
S3,DUA,,,,,,,,,,3,64,36,0.5625,0.5625,2,28.0,0.4375,,,,,,,,,,,,,,,,,,,,,,,0.083074896,,,,,,
S3,DUA,,,,,,,,,,4,64,0,0.0,1.0,1,64.0,1.0,,,,,,,,,,,,,,,,,,,,,,,0.07839040223999999,,,,,,
S3,DUA,,,,,,,,,,5,64,28,0.4375,0.5625,2,36.0,0.5625,,,,,,,,,,,,,,,,,,,,,,,0.07398697810559998,,,,,,
S3,DUA,,,,,,,,,,6,64,64,1.0,1.0,1,0.0,0.0,,,,,,,,,,,,,,,,,,,,,,,0.06984775941926398,,,,,,
S3,DUA,,,,,,,,,,7,64,64,1.0,1.0,1,0.0,0.0,,,,,,,,,,,,,,,,,,,,,,,0.06595689385410813,,,,,,
S3,DUA,,,,,,,,,,8,64,64,1.0,1.0,1,0.0,0.0,,,,,,,,,,,,,,,,,,,,,,,0.06229948022286164,,,,,,
S3,DUA,,,,,,,,,,9,11,11,1.0,1.0,1,0.0,0.0,,,,,,,,,,,,,,,,,,,,,,,0.05886151140948994,,,,,,
S3,RoTTA,,,,,,,,,,0,64,64,1.0,1.0,1,0.0,0.0,,,,,,,,,,,,,,,,,,,,,,,,46.0,,,,,
S3,RoTTA,,,,,,,,,,1,64,64,1.0,1.0,1,0.0,0.0,,,,,,,,,,,,,,,,,,,,,,,,51.0,,,,,
S3,RoTTA,,,,,,,,,,2,64,64,1.0,1.0,1,0.0,0.0,,,,,,,,,,,,,,,,,,,,,,,,52.0,,,,,
S3,RoTTA,,,,,,,,,,3,64,36,0.5625,0.5625,2,28.0,0.4375,,,,,,,,,,,,,,,,,,,,,,,,64.0,,,,,
S3,RoTTA,,,,,,,,,,4,64,0,0.0,1.0,1,64.0,1.0,,,,,,,,,,,,,,,,,,,,,,,,64.0,,,,,
S3,RoTTA,,,,,,,,,,5,64,28,0.4375,0.5625,2,36.0,0.5625,,,,,,,,,,,,,,,,,,,,,,,,64.0,,,,,
S3,RoTTA,,,,,,,,,,6,64,64,1.0,1.0,1,0.0,0.0,,,,,,,,,,,,,,,,,,,,,,,,64.0,,,,,
S3,RoTTA,,,,,,,,,,7,64,64,1.0,1.0,1,0.0,0.0,,,,,,,,,,,,,,,,,,,,,,,,64.0,,,,,
S3,RoTTA,,,,,,,,,,8,64,64,1.0,1.0,1,0.0,0.0,,,,,,,,,,,,,,,,,,,,,,,,64.0,,,,,
S3,RoTTA,,,,,,,,,,9,11,11,1.0,1.0,1,0.0,0.0,,,,,,,,,,,,,,,,,,,,,,,,64.0,,,,,
S3,NOTE,,,,,,,,,,0,64,64,1.0,1.0,1,0.0,0.0,,,,,,,,,,,,,,,,,,,,,,,,,64.0,1.0,0.2177676260471344,,
S3,NOTE,,,,,,,,,,1,64,64,1.0,1.0,1,0.0,0.0,,,,,,,,,,,,,,,,,,,,,,,,,64.0,1.0,0.10076247155666351,,
S3,NOTE,,,,,,,,,,2,64,64,1.0,1.0,1,0.0,0.0,,,,,,,,,,,,,,,,,,,,,,,,,64.0,1.0,0.08445489406585693,,
S3,NOTE,,,,,,,,,,3,64,36,0.5625,0.5625,2,28.0,0.4375,,,,,,,,,,,,,,,,,,,,,,,,,64.0,1.0,0.0895886942744255,,
S3,NOTE,,,,,,,,,,4,64,0,0.0,1.0,1,64.0,1.0,,,,,,,,,,,,,,,,,,,,,,,,,64.0,1.0,0.22016578912734985,,
S3,NOTE,,,,,,,,,,5,64,28,0.4375,0.5625,2,36.0,0.5625,,,,,,,,,,,,,,,,,,,,,,,,,64.0,1.0,0.2365381121635437,,
S3,NOTE,,,,,,,,,,6,64,64,1.0,1.0,1,0.0,0.0,,,,,,,,,,,,,,,,,,,,,,,,,64.0,1.0,0.13479313254356384,,
S3,NOTE,,,,,,,,,,7,64,64,1.0,1.0,1,0.0,0.0,,,,,,,,,,,,,,,,,,,,,,,,,64.0,1.0,0.20260149240493774,,
S3,NOTE,,,,,,,,,,8,64,64,1.0,1.0,1,0.0,0.0,,,,,,,,,,,,,,,,,,,,,,,,,64.0,1.0,0.11836285144090652,,
S3,NOTE,,,,,,,,,,9,11,11,1.0,1.0,1,0.0,0.0,,,,,,,,,,,,,,,,,,,,,,,,,64.0,0.0,,,
S3,DELTA,,,,,,,,,,0,64,64,1.0,1.0,1,0.0,0.0,,,,,,,,,,,,,,,,,,,,,,,,,,,,0.07853153347969055,46.0
S3,DELTA,,,,,,,,,,1,64,64,1.0,1.0,1,0.0,0.0,,,,,,,,,,,,,,,,,,,,,,,,,,,,0.0009000462596304715,64.0
S3,DELTA,,,,,,,,,,2,64,64,1.0,1.0,1,0.0,0.0,,,,,,,,,,,,,,,,,,,,,,,,,,,,0.00024185092479456216,64.0
S3,DELTA,,,,,,,,,,3,64,36,0.5625,0.5625,2,28.0,0.4375,,,,,,,,,,,,,,,,,,,,,,,,,,,,0.000703888013958931,64.0
S3,DELTA,,,,,,,,,,4,64,0,0.0,1.0,1,64.0,1.0,,,,,,,,,,,,,,,,,,,,,,,,,,,,0.004257609602063894,62.0
S3,DELTA,,,,,,,,,,5,64,28,0.4375,0.5625,2,36.0,0.5625,,,,,,,,,,,,,,,,,,,,,,,,,,,,0.055319249629974365,59.0
S3,DELTA,,,,,,,,,,6,64,64,1.0,1.0,1,0.0,0.0,,,,,,,,,,,,,,,,,,,,,,,,,,,,0.1513034999370575,33.0
S3,DELTA,,,,,,,,,,7,64,64,1.0,1.0,1,0.0,0.0,,,,,,,,,,,,,,,,,,,,,,,,,,,,0.13000257313251495,41.0
S3,DELTA,,,,,,,,,,8,64,64,1.0,1.0,1,0.0,0.0,,,,,,,,,,,,,,,,,,,,,,,,,,,,0.015339246951043606,61.0
S3,DELTA,,,,,,,,,,9,11,11,1.0,1.0,1,0.0,0.0,,,,,,,,,,,,,,,,,,,,,,,,,,,,0.009332653135061264,8.0
S4,EMATent,0.00037560315104201436,0.00037560315104201436,0.9999778270721436,0.0,0.4998873190546874,0.5,0.0001126809453126043,0.0,0.0,0,64,64,1.0,1.0,1,,,,,,,,,,,,,,,,,,,,,,,,,,,,,,,
S4,EMATent,0.0023038180079311132,0.0023038180079311132,0.9998356103897095,0.0,0.49930885459762064,0.5,0.000691145402379334,0.0,0.0,1,64,64,1.0,1.0,1,,,,,,,,,,,,,,,,,,,,,,,,,,,,,,,
S4,EMATent,0.3437677323818207,0.3437677323818207,0.9559139013290405,1.0,0.3968696802854538,0.5,0.1031303197145462,0.0,0.0,2,64,64,1.0,1.0,1,,,,,,,,,,,,,,,,,,,,,,,,,,,,,,,
S4,EMATent,0.7418720722198486,0.7418720722198486,0.9140902757644653,1.0,0.2774383783340454,0.5,0.22256162166595458,0.0,0.0,3,64,64,1.0,1.0,1,,,,,,,,,,,,,,,,,,,,,,,,,,,,,,,
S4,EMATent,0.005950929597020149,0.005950929597020149,0.9995229840278625,0.0,0.49821472112089393,0.5,0.0017852788791060446,0.0,0.0,4,64,64,1.0,1.0,1,,,,,,,,,,,,,,,,,,,,,,,,,,,,,,,
S4,EMATent,0.005253390874713659,0.005253390874713659,0.9995856285095215,0.0,0.4984239827375859,0.5,0.0015760172624140977,0.0,0.0,5,64,64,1.0,1.0,1,,,,,,,,,,,,,,,,,,,,,,,,,,,,,,,
S4,EMATent,0.414201557636261,0.414201557636261,0.9945656061172485,1.0,0.37573953270912175,0.5,0.1242604672908783,0.0,0.0,6,64,5,0.078125,0.921875,2,59.0,0.921875,,,,,,,,,,,,,,,,,,,,,,,,,,,,,
S4,EMATent,0.00016697173123247921,0.00016697173123247921,0.9999907612800598,0.0,0.49994990848063026,0.5,5.0091519369743764e-05,0.0,0.0,7,64,0,0.0,1.0,1,64.0,1.0,,,,,,,,,,,,,,,,,,,,,,,,,,,,,
S4,EMATent,0.35095059871673584,0.35095059871673584,0.996464729309082,1.0,0.3947148203849793,0.5,0.10528517961502075,0.0,0.0,8,64,60,0.9375,0.9375,2,4.0,0.0625,,,,,,,,,,,,,,,,,,,,,,,,,,,,,
S4,EMATent,0.19649004936218262,0.19649004936218262,0.9802058339118958,0.0,0.4410529851913452,0.5,0.05894701480865478,0.0,0.0,9,20,20,1.0,1.0,1,,,,,,,,,,,,,,,,,,,,,,,,,,,,,,,
S4,DynaMixEMATent,,,,,,,,,,0,64,64,1.0,1.0,1,,,5.0049762648995966e-05,0.00037560315104201436,0.00037560315104201436,0.0003255533811170608,0.9996995562724506,0.00018776278223690335,0.0001126809453126043,0.00018778394190899217,0.02403860166668892,0.19999999999999996,0.0,0.0002770961436908692,0.2,0.0,1.0,64.0,1.0,0.0,0.0,1.0,1.0,0.0,,,,,,,
S4,DynaMixEMATent,,,,,,,,,,1,64,64,1.0,1.0,1,,,0.00033071768120862544,0.001163218286819756,0.001163218286819756,0.000832500634714961,0.9988821881100702,0.0007688464038839086,0.0003489654860459268,0.0007691147984033586,0.0984845720231533,0.19999999999999996,0.0,0.00024430331541225314,0.2,0.0,1.0,64.0,1.0,0.0,0.0,1.0,1.0,0.0,,,,,,,
S4,DynaMixEMATent,,,,,,,,,,2,64,64,1.0,1.0,1,,,0.06870542466640472,0.10504161566495895,0.10504161566495895,0.03633619099855423,0.9182276764700857,0.05025983883042659,0.03151248469948768,0.05189518505546398,6.821147974580526,0.19999999999999996,0.0,0.013432937674224377,0.2,0.0,1.0,64.0,1.0,0.0,0.0,1.0,1.0,0.0,,,,,,,
S4,DynaMixEMATent,,,,,,,,,,3,64,64,1.0,1.0,1,,,0.10992614179849625,0.2174198180437088,0.2174198180437088,0.10749368369579315,0.7949702715388706,0.13980378304801677,0.06522594541311263,0.14955890395332105,20.73601632937789,0.19999999999999996,1.0,0.14852386713027954,0.2,0.0,1.0,62.0,0.96875,2.0,0.03125,0.96875,2.0,0.0,,,,,,,
S4,DynaMixEMATent,,,,,,,,,,4,64,64,1.0,1.0,1,,,0.0005863069673068821,0.00470328563824296,0.00470328563824296,0.004116978961974382,0.847246370417112,0.1513426438914151,0.0014109856914728879,0.15155648792733045,21.03702661022544,0.19999999999999996,0.0,0.003670686623081565,0.2,0.0,1.0,64.0,1.0,0.0,0.0,1.0,1.0,0.0,,,,,,,
S4,DynaMixEMATent,,,,,,,,,,5,64,64,1.0,1.0,1,,,0.003328385530039668,0.01183498464524746,0.01183498464524746,0.008506598882377148,0.8404430581018936,0.15600644650453224,0.0035504953935742377,0.15656232030157025,21.794465627521276,0.19999999999999996,0.0,0.001627129502594471,0.2,0.0,1.0,64.0,1.0,0.0,0.0,1.0,1.0,0.0,,,,,,,
S4,DynaMixEMATent,,,,,,,,,,6,64,5,0.078125,0.921875,2,59.0,0.921875,0.5214533805847168,0.8520820140838623,0.8520820140838623,0.3306286334991455,0.4100319986086518,0.33434339716618955,0.2556246042251587,0.4491596566248164,76.32771452888846,0.19999999999999996,1.0,0.02205895446240902,0.2,0.0,1.0,7.0,0.109375,57.0,0.890625,0.890625,2.0,0.421875,,,,,,,
S4,DynaMixEMATent,,,,,,,,,,7,64,0,0.0,1.0,1,64.0,1.0,0.06411445140838623,0.11404570192098618,0.11404570192098618,0.049931254237890244,0.5025069428923279,0.46327934653137626,0.03421371057629585,0.4796913681678173,83.62663945183158,0.19999999999999996,0.0,1.3367438441491686e-05,0.2,0.0,1.0,0.0,0.0,64.0,1.0,1.0,1.0,0.5,,,,,,,
S4,DynaMixEMATent,,,,,,,,,,8,64,60,0.9375,0.9375,2,4.0,0.0625,0.4500948488712311,0.8622267842292786,0.8622267842292786,0.4121319055557251,0.250636080293922,0.49069588443729445,0.25866803526878357,0.6619111380354485,138.8091536425054,0.19999999999999996,1.0,0.013131360523402691,0.2,0.0,1.0,59.0,0.921875,5.0,0.078125,0.921875,2.0,0.4375,,,,,,,
S4,DynaMixEMATent,,,,,,,,,,9,20,20,1.0,1.0,1,,,0.3974490165710449,0.8420430421829224,0.8420430421829224,0.44459402561187744,0.2215321004396615,0.5258549869054618,0.2526129126548767,0.7035912123842141,155.65001448616385,0.19999999999999996,1.0,0.009541786275804043,0.2,0.0,1.0,19.0,0.95,1.0,0.05,0.95,2.0,0.0,,,,,,,
S4,TEMA,,,,,,,,,,0,64,64,1.0,1.0,1,0.0,0.0,,,,,,,,,,,,,,,,,,,,,,,,,,,,,
S4,TEMA,,,,,,,,,,1,64,64,1.0,1.0,1,0.0,0.0,,,,,,,,,,,,,,,,,,,,,,,,,,,,,
S4,TEMA,,,,,,,,,,2,64,64,1.0,1.0,1,0.0,0.0,,,,,,,,,,,,,,,,,,,,,,,,,,,,,
S4,TEMA,,,,,,,,,,3,64,64,1.0,1.0,1,0.0,0.0,,,,,,,,,,,,,,,,,,,,,,,,,,,,,
S4,TEMA,,,,,,,,,,4,64,64,1.0,1.0,1,0.0,0.0,,,,,,,,,,,,,,,,,,,,,,,,,,,,,
S4,TEMA,,,,,,,,,,5,64,64,1.0,1.0,1,0.0,0.0,,,,,,,,,,,,,,,,,,,,,,,,,,,,,
S4,TEMA,,,,,,,,,,6,64,5,0.078125,0.921875,2,59.0,0.921875,,,,,,,,,,,,,,,,,,,,,,,,,,,,,
S4,TEMA,,,,,,,,,,7,64,0,0.0,1.0,1,64.0,1.0,,,,,,,,,,,,,,,,,,,,,,,,,,,,,
S4,TEMA,,,,,,,,,,8,64,60,0.9375,0.9375,2,4.0,0.0625,,,,,,,,,,,,,,,,,,,,,,,,,,,,,
S4,TEMA,,,,,,,,,,9,20,20,1.0,1.0,1,0.0,0.0,,,,,,,,,,,,,,,,,,,,,,,,,,,,,
S4,DUA,,,,,,,,,,0,64,64,1.0,1.0,1,0.0,0.0,,,,,,,,,,,,,,,,,,,,,,,0.099,,,,,,
S4,DUA,,,,,,,,,,1,64,64,1.0,1.0,1,0.0,0.0,,,,,,,,,,,,,,,,,,,,,,,0.09336,,,,,,
S4,DUA,,,,,,,,,,2,64,64,1.0,1.0,1,0.0,0.0,,,,,,,,,,,,,,,,,,,,,,,0.0880584,,,,,,
S4,DUA,,,,,,,,,,3,64,64,1.0,1.0,1,0.0,0.0,,,,,,,,,,,,,,,,,,,,,,,0.083074896,,,,,,
S4,DUA,,,,,,,,,,4,64,64,1.0,1.0,1,0.0,0.0,,,,,,,,,,,,,,,,,,,,,,,0.07839040223999999,,,,,,
S4,DUA,,,,,,,,,,5,64,64,1.0,1.0,1,0.0,0.0,,,,,,,,,,,,,,,,,,,,,,,0.07398697810559998,,,,,,
S4,DUA,,,,,,,,,,6,64,5,0.078125,0.921875,2,59.0,0.921875,,,,,,,,,,,,,,,,,,,,,,,0.06984775941926398,,,,,,
S4,DUA,,,,,,,,,,7,64,0,0.0,1.0,1,64.0,1.0,,,,,,,,,,,,,,,,,,,,,,,0.06595689385410813,,,,,,
S4,DUA,,,,,,,,,,8,64,60,0.9375,0.9375,2,4.0,0.0625,,,,,,,,,,,,,,,,,,,,,,,0.06229948022286164,,,,,,
S4,DUA,,,,,,,,,,9,20,20,1.0,1.0,1,0.0,0.0,,,,,,,,,,,,,,,,,,,,,,,0.05886151140948994,,,,,,
S4,RoTTA,,,,,,,,,,0,64,64,1.0,1.0,1,0.0,0.0,,,,,,,,,,,,,,,,,,,,,,,,33.0,,,,,
S4,RoTTA,,,,,,,,,,1,64,64,1.0,1.0,1,0.0,0.0,,,,,,,,,,,,,,,,,,,,,,,,36.0,,,,,
S4,RoTTA,,,,,,,,,,2,64,64,1.0,1.0,1,0.0,0.0,,,,,,,,,,,,,,,,,,,,,,,,51.0,,,,,
S4,RoTTA,,,,,,,,,,3,64,64,1.0,1.0,1,0.0,0.0,,,,,,,,,,,,,,,,,,,,,,,,64.0,,,,,
S4,RoTTA,,,,,,,,,,4,64,64,1.0,1.0,1,0.0,0.0,,,,,,,,,,,,,,,,,,,,,,,,64.0,,,,,
S4,RoTTA,,,,,,,,,,5,64,64,1.0,1.0,1,0.0,0.0,,,,,,,,,,,,,,,,,,,,,,,,64.0,,,,,
S4,RoTTA,,,,,,,,,,6,64,5,0.078125,0.921875,2,59.0,0.921875,,,,,,,,,,,,,,,,,,,,,,,,64.0,,,,,
S4,RoTTA,,,,,,,,,,7,64,0,0.0,1.0,1,64.0,1.0,,,,,,,,,,,,,,,,,,,,,,,,64.0,,,,,
S4,RoTTA,,,,,,,,,,8,64,60,0.9375,0.9375,2,4.0,0.0625,,,,,,,,,,,,,,,,,,,,,,,,64.0,,,,,
S4,RoTTA,,,,,,,,,,9,20,20,1.0,1.0,1,0.0,0.0,,,,,,,,,,,,,,,,,,,,,,,,64.0,,,,,
S4,NOTE,,,,,,,,,,0,64,64,1.0,1.0,1,0.0,0.0,,,,,,,,,,,,,,,,,,,,,,,,,64.0,1.0,0.11776017397642136,,
S4,NOTE,,,,,,,,,,1,64,64,1.0,1.0,1,0.0,0.0,,,,,,,,,,,,,,,,,,,,,,,,,64.0,1.0,0.1532290130853653,,
S4,NOTE,,,,,,,,,,2,64,64,1.0,1.0,1,0.0,0.0,,,,,,,,,,,,,,,,,,,,,,,,,64.0,1.0,0.2056002914905548,,
S4,NOTE,,,,,,,,,,3,64,64,1.0,1.0,1,0.0,0.0,,,,,,,,,,,,,,,,,,,,,,,,,64.0,1.0,0.1610715687274933,,
S4,NOTE,,,,,,,,,,4,64,64,1.0,1.0,1,0.0,0.0,,,,,,,,,,,,,,,,,,,,,,,,,64.0,1.0,0.12152037024497986,,
S4,NOTE,,,,,,,,,,5,64,64,1.0,1.0,1,0.0,0.0,,,,,,,,,,,,,,,,,,,,,,,,,64.0,1.0,0.15212953090667725,,
S4,NOTE,,,,,,,,,,6,64,5,0.078125,0.921875,2,59.0,0.921875,,,,,,,,,,,,,,,,,,,,,,,,,64.0,1.0,0.32380878925323486,,
S4,NOTE,,,,,,,,,,7,64,0,0.0,1.0,1,64.0,1.0,,,,,,,,,,,,,,,,,,,,,,,,,64.0,1.0,0.26736825704574585,,
S4,NOTE,,,,,,,,,,8,64,60,0.9375,0.9375,2,4.0,0.0625,,,,,,,,,,,,,,,,,,,,,,,,,64.0,1.0,0.01026257686316967,,
S4,NOTE,,,,,,,,,,9,20,20,1.0,1.0,1,0.0,0.0,,,,,,,,,,,,,,,,,,,,,,,,,64.0,0.0,,,
S4,DELTA,,,,,,,,,,0,64,64,1.0,1.0,1,0.0,0.0,,,,,,,,,,,,,,,,,,,,,,,,,,,,0.05998200923204422,56.0
S4,DELTA,,,,,,,,,,1,64,64,1.0,1.0,1,0.0,0.0,,,,,,,,,,,,,,,,,,,,,,,,,,,,0.03477897867560387,63.0
S4,DELTA,,,,,,,,,,2,64,64,1.0,1.0,1,0.0,0.0,,,,,,,,,,,,,,,,,,,,,,,,,,,,0.003980563022196293,64.0
S4,DELTA,,,,,,,,,,3,64,64,1.0,1.0,1,0.0,0.0,,,,,,,,,,,,,,,,,,,,,,,,,,,,0.03837915509939194,61.0
S4,DELTA,,,,,,,,,,4,64,64,1.0,1.0,1,0.0,0.0,,,,,,,,,,,,,,,,,,,,,,,,,,,,0.0001368577213725075,64.0
S4,DELTA,,,,,,,,,,5,64,64,1.0,1.0,1,0.0,0.0,,,,,,,,,,,,,,,,,,,,,,,,,,,,4.191340849502012e-05,64.0
S4,DELTA,,,,,,,,,,6,64,5,0.078125,0.921875,2,59.0,0.921875,,,,,,,,,,,,,,,,,,,,,,,,,,,,0.008628158830106258,58.0
S4,DELTA,,,,,,,,,,7,64,0,0.0,1.0,1,64.0,1.0,,,,,,,,,,,,,,,,,,,,,,,,,,,,4.307592007535277e-07,64.0
S4,DELTA,,,,,,,,,,8,64,60,0.9375,0.9375,2,4.0,0.0625,,,,,,,,,,,,,,,,,,,,,,,,,,,,0.040802888572216034,58.0
S4,DELTA,,,,,,,,,,9,20,20,1.0,1.0,1,0.0,0.0,,,,,,,,,,,,,,,,,,,,,,,,,,,,0.026630718261003494,17.0
S5,EMATent,0.0026835582684725523,0.0026835582684725523,0.9998050928115845,0.0,0.49919493251945823,0.5,0.0008050674805417657,0.0,0.0,0,64,64,1.0,1.0,1,,,,,,,,,,,,,,,,,,,,,,,,,,,,,,,
S5,EMATent,0.0005147556075826287,0.0005147556075826287,0.9999686479568481,0.0,0.4998455733177252,0.5,0.0001544266822747886,0.0,0.0,1,64,64,1.0,1.0,1,,,,,,,,,,,,,,,,,,,,,,,,,,,,,,,
S5,EMATent,0.0031911442056298256,0.0031911442056298256,0.9997633695602417,0.0,0.49904265673831105,0.5,0.0009573432616889477,0.0,0.0,2,64,64,1.0,1.0,1,,,,,,,,,,,,,,,,,,,,,,,,,,,,,,,
S5,EMATent,0.03299287334084511,0.03299287334084511,0.9965736865997314,0.0,0.4901021379977465,0.5,0.009897862002253533,0.0,0.0,3,64,64,1.0,1.0,1,,,,,,,,,,,,,,,,,,,,,,,,,,,,,,,
S5,EMATent,0.3161366879940033,0.3161366879940033,0.9703027606010437,1.0,0.405158993601799,0.5,0.09484100639820099,0.0,0.0,4,64,64,1.0,1.0,1,,,,,,,,,,,,,,,,,,,,,,,,,,,,,,,
S5,EMATent,0.006530617829412222,0.006530617829412222,0.9994701147079468,0.0,0.49804081465117633,0.5,0.0019591853488236666,0.0,0.0,5,64,64,1.0,1.0,1,,,,,,,,,,,,,,,,,,,,,,,,,,,,,,,
S5,EMATent,0.5931428074836731,0.5931428074836731,0.9971427917480469,1.0,0.32205715775489807,0.5,0.17794284224510193,0.0,0.0,6,64,9,0.140625,0.859375,2,55.0,0.859375,,,,,,,,,,,,,,,,,,,,,,,,,,,,,
S5,EMATent,0.290155827999115,0.290155827999115,0.9491122961044312,1.0,0.4129532516002655,0.5,0.08704674839973449,0.0,0.0,7,64,0,0.0,1.0,1,64.0,1.0,,,,,,,,,,,,,,,,,,,,,,,,,,,,,
S5,EMATent,0.43246906995773315,0.43246906995773315,0.9481549263000488,1.0,0.3702592790126801,0.5,0.12974072098731995,0.0,0.0,8,64,54,0.84375,0.84375,2,10.0,0.15625,,,,,,,,,,,,,,,,,,,,,,,,,,,,,
S5,EMATent,0.0065725999884307384,0.0065725999884307384,0.9994663000106812,0.0,0.4980282200034708,0.5,0.0019717799965292214,0.0,0.0,9,26,26,1.0,1.0,1,,,,,,,,,,,,,,,,,,,,,,,,,,,,,,,
S5,DynaMixEMATent,,,,,,,,,,0,64,64,1.0,1.0,1,,,0.0003112098202109337,0.0026835582684725523,0.0026835582684725523,0.0023723484482616186,0.9978551326667237,0.001339799852734606,0.0008050674805417657,0.001340879351095503,0.17174772918224335,0.19999999999999996,0.0,0.0008090210612863302,0.2,0.0,1.0,64.0,1.0,0.0,0.0,1.0,1.0,0.0,,,,,,,
S5,DynaMixEMATent,,,,,,,,,,1,64,64,1.0,1.0,1,,,4.906298636342399e-05,0.000333824020344764,0.000333824020344764,0.00028476101579144597,0.9983924501291394,0.001507402664757279,0.00010014720610342919,0.0015075536420425806,0.19311246648430824,0.19999999999999996,0.0,0.0005109506892040372,0.2,0.0,1.0,64.0,1.0,0.0,0.0,1.0,1.0,0.0,,,,,,,
S5,DynaMixEMATent,,,,,,,,,,2,64,64,1.0,1.0,1,,,0.00016747490735724568,0.0008857841021381319,0.0008857841021381319,0.0007183091947808862,0.9977851027728342,0.0019491619965243448,0.00026573523064143956,0.0019496800952141236,0.24980264902114868,0.19999999999999996,0.0,0.0002226673241239041,0.2,0.0,1.0,64.0,1.0,0.0,0.0,1.0,1.0,0.0,,,,,,,
S5,DynaMixEMATent,,,,,,,,,,3,64,64,1.0,1.0,1,,,0.00024561944883316755,0.0015702995005995035,0.0015702995005995035,0.001324680051766336,0.9967972061283247,0.0027317040214954193,0.00047108985017985106,0.0027329915060545495,0.3503018170595169,0.19999999999999996,0.0,0.0015251795994117856,0.2,0.0,1.0,64.0,1.0,0.0,0.0,1.0,1.0,0.0,,,,,,,
S5,DynaMixEMATent,,,,,,,,,,4,64,64,1.0,1.0,1,,,0.0014319464098662138,0.0061520799063146114,0.0061520799063146114,0.004720133729279041,0.992369161680149,0.00578521434795661,0.0018456239718943833,0.00579591142101421,0.744034931063652,0.19999999999999996,0.0,0.0027437801472842693,0.2,0.0,1.0,64.0,1.0,0.0,0.0,1.0,1.0,0.0,,,,,,,
S5,DynaMixEMATent,,,,,,,,,,5,64,64,1.0,1.0,1,,,0.0006986284861341119,0.005513383541256189,0.005513383541256189,0.004814755171537399,0.9898272469354474,0.008518738002175716,0.0016540150623768567,0.008532851467027203,1.0968914777040482,0.19999999999999996,0.0,0.001489962451159954,0.2,0.0,1.0,64.0,1.0,0.0,0.0,1.0,1.0,0.0,,,,,,,
S5,DynaMixEMATent,,,,,,,,,,6,64,9,0.140625,0.859375,2,55.0,0.859375,0.447110652923584,0.7494444251060486,0.7494444251060486,0.3023337721824646,0.5283645020172958,0.24680217045088956,0.22483332753181456,0.3183859410067954,49.06133468449116,0.19999999999999996,1.0,0.2360338270664215,0.2,0.0,1.0,9.0,0.140625,55.0,0.859375,0.859375,2.0,0.359375,,,,,,,
S5,DynaMixEMATent,,,,,,,,,,7,64,0,0.0,1.0,1,64.0,1.0,0.10548048466444016,0.5056276321411133,0.5056276321411133,0.40014714002609253,0.4490537800328966,0.39925793032476947,0.15168828964233397,0.4706500281086936,81.42150314152241,0.19999999999999996,1.0,0.3014315962791443,0.2,0.0,1.0,0.0,0.0,64.0,1.0,1.0,1.0,0.5,,,,,,,
S5,DynaMixEMATent,,,,,,,,,,8,64,54,0.84375,0.84375,2,10.0,0.15625,0.23374712467193604,0.7958333492279053,0.7958333492279053,0.5620862245559692,0.27068063162957057,0.49056936360205783,0.23875000476837158,0.6444260974383198,132.35483749210835,0.19999999999999996,1.0,0.20485422015190125,0.2,0.0,1.0,55.0,0.859375,9.0,0.140625,0.859375,2.0,0.34375,,,,,,,
S5,DynaMixEMATent,,,,,,,,,,9,26,26,1.0,1.0,1,,,0.07528011500835419,0.30840498208999634,0.30840498208999634,0.23312486708164215,0.30308186496663425,0.6043966404063669,0.09252149462699889,0.6660175825960104,140.37336702644825,0.19999999999999996,1.0,0.004162227734923363,0.2,0.0,1.0,26.0,1.0,0.0,0.0,1.0,1.0,0.0,,,,,,,
S5,TEMA,,,,,,,,,,0,64,64,1.0,1.0,1,0.0,0.0,,,,,,,,,,,,,,,,,,,,,,,,,,,,,
S5,TEMA,,,,,,,,,,1,64,64,1.0,1.0,1,0.0,0.0,,,,,,,,,,,,,,,,,,,,,,,,,,,,,
S5,TEMA,,,,,,,,,,2,64,64,1.0,1.0,1,0.0,0.0,,,,,,,,,,,,,,,,,,,,,,,,,,,,,
S5,TEMA,,,,,,,,,,3,64,64,1.0,1.0,1,0.0,0.0,,,,,,,,,,,,,,,,,,,,,,,,,,,,,
S5,TEMA,,,,,,,,,,4,64,64,1.0,1.0,1,0.0,0.0,,,,,,,,,,,,,,,,,,,,,,,,,,,,,
S5,TEMA,,,,,,,,,,5,64,64,1.0,1.0,1,0.0,0.0,,,,,,,,,,,,,,,,,,,,,,,,,,,,,
S5,TEMA,,,,,,,,,,6,64,9,0.140625,0.859375,2,55.0,0.859375,,,,,,,,,,,,,,,,,,,,,,,,,,,,,
S5,TEMA,,,,,,,,,,7,64,0,0.0,1.0,1,64.0,1.0,,,,,,,,,,,,,,,,,,,,,,,,,,,,,
S5,TEMA,,,,,,,,,,8,64,54,0.84375,0.84375,2,10.0,0.15625,,,,,,,,,,,,,,,,,,,,,,,,,,,,,
S5,TEMA,,,,,,,,,,9,26,26,1.0,1.0,1,0.0,0.0,,,,,,,,,,,,,,,,,,,,,,,,,,,,,
S5,DUA,,,,,,,,,,0,64,64,1.0,1.0,1,0.0,0.0,,,,,,,,,,,,,,,,,,,,,,,0.099,,,,,,
S5,DUA,,,,,,,,,,1,64,64,1.0,1.0,1,0.0,0.0,,,,,,,,,,,,,,,,,,,,,,,0.09336,,,,,,
S5,DUA,,,,,,,,,,2,64,64,1.0,1.0,1,0.0,0.0,,,,,,,,,,,,,,,,,,,,,,,0.0880584,,,,,,
S5,DUA,,,,,,,,,,3,64,64,1.0,1.0,1,0.0,0.0,,,,,,,,,,,,,,,,,,,,,,,0.083074896,,,,,,
S5,DUA,,,,,,,,,,4,64,64,1.0,1.0,1,0.0,0.0,,,,,,,,,,,,,,,,,,,,,,,0.07839040223999999,,,,,,
S5,DUA,,,,,,,,,,5,64,64,1.0,1.0,1,0.0,0.0,,,,,,,,,,,,,,,,,,,,,,,0.07398697810559998,,,,,,
S5,DUA,,,,,,,,,,6,64,9,0.140625,0.859375,2,55.0,0.859375,,,,,,,,,,,,,,,,,,,,,,,0.06984775941926398,,,,,,
S5,DUA,,,,,,,,,,7,64,0,0.0,1.0,1,64.0,1.0,,,,,,,,,,,,,,,,,,,,,,,0.06595689385410813,,,,,,
S5,DUA,,,,,,,,,,8,64,54,0.84375,0.84375,2,10.0,0.15625,,,,,,,,,,,,,,,,,,,,,,,0.06229948022286164,,,,,,
S5,DUA,,,,,,,,,,9,26,26,1.0,1.0,1,0.0,0.0,,,,,,,,,,,,,,,,,,,,,,,0.05886151140948994,,,,,,
S5,RoTTA,,,,,,,,,,0,64,64,1.0,1.0,1,0.0,0.0,,,,,,,,,,,,,,,,,,,,,,,,44.0,,,,,
S5,RoTTA,,,,,,,,,,1,64,64,1.0,1.0,1,0.0,0.0,,,,,,,,,,,,,,,,,,,,,,,,50.0,,,,,
S5,RoTTA,,,,,,,,,,2,64,64,1.0,1.0,1,0.0,0.0,,,,,,,,,,,,,,,,,,,,,,,,57.0,,,,,
S5,RoTTA,,,,,,,,,,3,64,64,1.0,1.0,1,0.0,0.0,,,,,,,,,,,,,,,,,,,,,,,,64.0,,,,,
S5,RoTTA,,,,,,,,,,4,64,64,1.0,1.0,1,0.0,0.0,,,,,,,,,,,,,,,,,,,,,,,,64.0,,,,,
S5,RoTTA,,,,,,,,,,5,64,64,1.0,1.0,1,0.0,0.0,,,,,,,,,,,,,,,,,,,,,,,,64.0,,,,,
S5,RoTTA,,,,,,,,,,6,64,9,0.140625,0.859375,2,55.0,0.859375,,,,,,,,,,,,,,,,,,,,,,,,64.0,,,,,
S5,RoTTA,,,,,,,,,,7,64,0,0.0,1.0,1,64.0,1.0,,,,,,,,,,,,,,,,,,,,,,,,64.0,,,,,
S5,RoTTA,,,,,,,,,,8,64,54,0.84375,0.84375,2,10.0,0.15625,,,,,,,,,,,,,,,,,,,,,,,,64.0,,,,,
S5,RoTTA,,,,,,,,,,9,26,26,1.0,1.0,1,0.0,0.0,,,,,,,,,,,,,,,,,,,,,,,,64.0,,,,,
S5,NOTE,,,,,,,,,,0,64,64,1.0,1.0,1,0.0,0.0,,,,,,,,,,,,,,,,,,,,,,,,,64.0,1.0,0.11424552649259567,,
S5,NOTE,,,,,,,,,,1,64,64,1.0,1.0,1,0.0,0.0,,,,,,,,,,,,,,,,,,,,,,,,,64.0,1.0,0.1803761124610901,,
S5,NOTE,,,,,,,,,,2,64,64,1.0,1.0,1,0.0,0.0,,,,,,,,,,,,,,,,,,,,,,,,,64.0,1.0,0.2162453681230545,,
S5,NOTE,,,,,,,,,,3,64,64,1.0,1.0,1,0.0,0.0,,,,,,,,,,,,,,,,,,,,,,,,,64.0,1.0,0.009384337812662125,,
S5,NOTE,,,,,,,,,,4,64,64,1.0,1.0,1,0.0,0.0,,,,,,,,,,,,,,,,,,,,,,,,,64.0,1.0,0.15382671356201172,,
S5,NOTE,,,,,,,,,,5,64,64,1.0,1.0,1,0.0,0.0,,,,,,,,,,,,,,,,,,,,,,,,,64.0,1.0,0.1464443802833557,,
S5,NOTE,,,,,,,,,,6,64,9,0.140625,0.859375,2,55.0,0.859375,,,,,,,,,,,,,,,,,,,,,,,,,64.0,1.0,0.41251981258392334,,
S5,NOTE,,,,,,,,,,7,64,0,0.0,1.0,1,64.0,1.0,,,,,,,,,,,,,,,,,,,,,,,,,64.0,1.0,0.28970474004745483,,
S5,NOTE,,,,,,,,,,8,64,54,0.84375,0.84375,2,10.0,0.15625,,,,,,,,,,,,,,,,,,,,,,,,,64.0,1.0,0.2293974608182907,,
S5,NOTE,,,,,,,,,,9,26,26,1.0,1.0,1,0.0,0.0,,,,,,,,,,,,,,,,,,,,,,,,,64.0,0.0,,,
S5,DELTA,,,,,,,,,,0,64,64,1.0,1.0,1,0.0,0.0,,,,,,,,,,,,,,,,,,,,,,,,,,,,0.0781857818365097,58.0
S5,DELTA,,,,,,,,,,1,64,64,1.0,1.0,1,0.0,0.0,,,,,,,,,,,,,,,,,,,,,,,,,,,,0.0019836542196571827,64.0
S5,DELTA,,,,,,,,,,2,64,64,1.0,1.0,1,0.0,0.0,,,,,,,,,,,,,,,,,,,,,,,,,,,,0.0014365725219249725,64.0
S5,DELTA,,,,,,,,,,3,64,64,1.0,1.0,1,0.0,0.0,,,,,,,,,,,,,,,,,,,,,,,,,,,,0.0014347085962072015,64.0
S5,DELTA,,,,,,,,,,4,64,64,1.0,1.0,1,0.0,0.0,,,,,,,,,,,,,,,,,,,,,,,,,,,,0.023942820727825165,64.0
S5,DELTA,,,,,,,,,,5,64,64,1.0,1.0,1,0.0,0.0,,,,,,,,,,,,,,,,,,,,,,,,,,,,0.0012336170766502619,64.0
S5,DELTA,,,,,,,,,,6,64,9,0.140625,0.859375,2,55.0,0.859375,,,,,,,,,,,,,,,,,,,,,,,,,,,,0.0824640616774559,49.0
S5,DELTA,,,,,,,,,,7,64,0,0.0,1.0,1,64.0,1.0,,,,,,,,,,,,,,,,,,,,,,,,,,,,0.03601953014731407,60.0
S5,DELTA,,,,,,,,,,8,64,54,0.84375,0.84375,2,10.0,0.15625,,,,,,,,,,,,,,,,,,,,,,,,,,,,0.023963412269949913,62.0
S5,DELTA,,,,,,,,,,9,26,26,1.0,1.0,1,0.0,0.0,,,,,,,,,,,,,,,,,,,,,,,,,,,,0.028229862451553345,22.0
S6,EMATent,0.00027996712015010417,0.00027996712015010417,0.9999839067459106,0.0,0.49991600986395496,0.5,8.399013604503125e-05,0.0,0.0,0,64,64,1.0,1.0,1,,,,,,,,,,,,,,,,,,,,,,,,,,,,,,,
S6,EMATent,0.00039334784378297627,0.00039334784378297627,0.999976634979248,0.0,0.4998819956468651,0.5,0.00011800435313489287,0.0,0.0,1,64,64,1.0,1.0,1,,,,,,,,,,,,,,,,,,,,,,,,,,,,,,,
S6,EMATent,0.3661907911300659,0.3661907911300659,0.9737344980239868,1.0,0.39014276266098025,0.5,0.10985723733901977,0.0,0.0,2,64,64,1.0,1.0,1,,,,,,,,,,,,,,,,,,,,,,,,,,,,,,,
S6,EMATent,0.7362577319145203,0.7362577319145203,0.9407356381416321,1.0,0.2791226804256439,0.5,0.22087731957435608,0.0,0.0,3,64,44,0.6875,0.6875,2,20.0,0.3125,,,,,,,,,,,,,,,,,,,,,,,,,,,,,
S6,EMATent,0.7585365176200867,0.7585365176200867,0.9333947896957397,1.0,0.272439044713974,0.5,0.227560955286026,0.0,0.0,4,64,0,0.0,1.0,1,64.0,1.0,,,,,,,,,,,,,,,,,,,,,,,,,,,,,
S6,EMATent,0.26839831471443176,0.26839831471443176,0.9674693942070007,1.0,0.4194805055856705,0.5,0.08051949441432953,0.0,0.0,5,64,18,0.28125,0.71875,2,46.0,0.71875,,,,,,,,,,,,,,,,,,,,,,,,,,,,,
S6,EMATent,0.40354982018470764,0.40354982018470764,0.9858419895172119,1.0,0.3789350539445877,0.5,0.12106494605541229,0.0,0.0,6,64,64,1.0,1.0,1,,,,,,,,,,,,,,,,,,,,,,,,,,,,,,,
S6,EMATent,0.0006123878993093967,0.0006123878993093967,0.9999620318412781,0.0,0.4998162836302072,0.5,0.000183716369792819,0.0,0.0,7,64,64,1.0,1.0,1,,,,,,,,,,,,,,,,,,,,,,,,,,,,,,,
S6,EMATent,0.6354467272758484,0.6354467272758484,0.9713922142982483,1.0,0.3093659818172455,0.5,0.19063401818275452,0.0,0.0,8,64,64,1.0,1.0,1,,,,,,,,,,,,,,,,,,,,,,,,,,,,,,,
S6,EMATent,0.0006016164552420378,0.0006016164552420378,0.9999627470970154,0.0,0.49981951506342737,0.5,0.00018048493657261134,0.0,0.0,9,22,22,1.0,1.0,1,,,,,,,,,,,,,,,,,,,,,,,,,,,,,,,
S6,DynaMixEMATent,,,,,,,,,,0,64,64,1.0,1.0,1,,,4.776700370712206e-05,0.00027996712015010417,0.00027996712015010417,0.0002322001091670245,0.9997760478575367,0.00013996200641831741,8.399013604503125e-05,0.00013997376283370055,0.017917895689606667,0.19999999999999996,0.0,5.09929122927133e-05,0.2,0.0,1.0,64.0,1.0,0.0,0.0,1.0,1.0,0.0,,,,,,,
S6,DynaMixEMATent,,,,,,,,,,1,64,64,1.0,1.0,1,,,5.294061338645406e-05,0.0003104471252299845,0.0003104471252299845,0.00025750650092959404,0.9996117297988792,0.0002951360635518101,9.313413756899536e-05,0.0002951635533547936,0.037786511704325676,0.19999999999999996,0.0,0.00012275256449356675,0.2,0.0,1.0,64.0,1.0,0.0,0.0,1.0,1.0,0.0,,,,,,,
S6,DynaMixEMATent,,,,,,,,,,2,64,64,1.0,1.0,1,,,0.02401399426162243,0.044071704149246216,0.044071704149246216,0.020057709887623787,0.9649869001076119,0.021791588647614175,0.013221511244773864,0.022083566774041885,2.8583755772560835,0.19999999999999996,0.0,0.008768999949097633,0.2,0.0,1.0,64.0,1.0,0.0,0.0,1.0,1.0,0.0,,,,,,,
S6,DynaMixEMATent,,,,,,,,,,3,64,44,0.6875,0.6875,2,20.0,0.3125,0.0586436428129673,0.10477989166975021,0.10477989166975021,0.04613624885678291,0.8988315622344211,0.0697344702646538,0.031433967500925065,0.07199764179704538,9.564288644120097,0.19999999999999996,0.0,0.09156996011734009,0.2,0.0,1.0,60.0,0.9375,4.0,0.0625,0.9375,2.0,0.1875,,,,,,,
S6,DynaMixEMATent,,,,,,,,,,4,64,0,0.0,1.0,1,64.0,1.0,0.6526395678520203,0.9543184638023376,0.9543184638023376,0.3016788959503174,0.41099815250004407,0.30270630835925466,0.28629553914070127,0.42413397275785114,70.6406703274697,0.19999999999999996,1.0,0.17793875932693481,0.2,0.0,1.0,20.0,0.3125,44.0,0.6875,0.6875,2.0,0.5,,,,,,,
S6,DynaMixEMATent,,,,,,,,,,5,64,18,0.28125,0.71875,2,46.0,0.71875,0.003817564807832241,0.016793856397271156,0.016793856397271156,0.01297629252076149,0.5681737231807917,0.426788119900027,0.005038156919181347,0.4289492334485031,71.71547713689506,0.19999999999999996,0.0,0.13669505715370178,0.2,0.0,1.0,60.0,0.9375,4.0,0.0625,0.9375,2.0,0.21875,,,,,,,
S6,DynaMixEMATent,,,,,,,,,,6,64,64,1.0,1.0,1,,,0.23813681304454803,0.3016250431537628,0.3016250431537628,0.06348823010921478,0.4466695416276737,0.4628429454261974,0.09048751294612885,0.5088912488991291,91.01947989873588,0.19999999999999996,1.0,0.02827400527894497,0.2,0.0,1.0,58.0,0.90625,6.0,0.09375,0.90625,2.0,0.0,,,,,,,
S6,DynaMixEMATent,,,,,,,,,,7,64,64,1.0,1.0,1,,,0.007893831469118595,0.03571373224258423,0.03571373224258423,0.02781989984214306,0.477248250597507,0.5120376297297178,0.010714119672775269,0.5175830767546705,93.30515876226127,0.19999999999999996,0.0,0.00037917416193522513,0.2,0.0,1.0,0.0,0.0,64.0,1.0,1.0,1.0,0.0,,,,,,,
S6,DynaMixEMATent,,,,,,,,,,8,64,64,1.0,1.0,1,,,0.4303593635559082,0.9866570830345154,0.9866570830345154,0.5562977194786072,0.2073705616472024,0.496632313442443,0.2959971249103546,0.7054407460753672,156.45121207647026,0.19999999999999996,1.0,0.12015248090028763,0.2,0.0,1.0,53.0,0.828125,11.0,0.171875,0.828125,2.0,0.0,,,,,,,
S6,DynaMixEMATent,,,,,,,,,,9,22,22,1.0,1.0,1,,,0.004837456624954939,0.02184472605586052,0.02184472605586052,0.017007268965244293,0.2915322506660029,0.7019143315172389,0.006553417816758156,0.7065446135761836,156.9317960496992,0.19999999999999996,0.0,0.0001905153039842844,0.2,0.0,1.0,22.0,1.0,0.0,0.0,1.0,1.0,0.0,,,,,,,
S6,TEMA,,,,,,,,,,0,64,64,1.0,1.0,1,0.0,0.0,,,,,,,,,,,,,,,,,,,,,,,,,,,,,
S6,TEMA,,,,,,,,,,1,64,64,1.0,1.0,1,0.0,0.0,,,,,,,,,,,,,,,,,,,,,,,,,,,,,
S6,TEMA,,,,,,,,,,2,64,64,1.0,1.0,1,0.0,0.0,,,,,,,,,,,,,,,,,,,,,,,,,,,,,
S6,TEMA,,,,,,,,,,3,64,44,0.6875,0.6875,2,20.0,0.3125,,,,,,,,,,,,,,,,,,,,,,,,,,,,,
S6,TEMA,,,,,,,,,,4,64,0,0.0,1.0,1,64.0,1.0,,,,,,,,,,,,,,,,,,,,,,,,,,,,,
S6,TEMA,,,,,,,,,,5,64,18,0.28125,0.71875,2,46.0,0.71875,,,,,,,,,,,,,,,,,,,,,,,,,,,,,
S6,TEMA,,,,,,,,,,6,64,64,1.0,1.0,1,0.0,0.0,,,,,,,,,,,,,,,,,,,,,,,,,,,,,
S6,TEMA,,,,,,,,,,7,64,64,1.0,1.0,1,0.0,0.0,,,,,,,,,,,,,,,,,,,,,,,,,,,,,
S6,TEMA,,,,,,,,,,8,64,64,1.0,1.0,1,0.0,0.0,,,,,,,,,,,,,,,,,,,,,,,,,,,,,
S6,TEMA,,,,,,,,,,9,22,22,1.0,1.0,1,0.0,0.0,,,,,,,,,,,,,,,,,,,,,,,,,,,,,
S6,DUA,,,,,,,,,,0,64,64,1.0,1.0,1,0.0,0.0,,,,,,,,,,,,,,,,,,,,,,,0.099,,,,,,
S6,DUA,,,,,,,,,,1,64,64,1.0,1.0,1,0.0,0.0,,,,,,,,,,,,,,,,,,,,,,,0.09336,,,,,,
S6,DUA,,,,,,,,,,2,64,64,1.0,1.0,1,0.0,0.0,,,,,,,,,,,,,,,,,,,,,,,0.0880584,,,,,,
S6,DUA,,,,,,,,,,3,64,44,0.6875,0.6875,2,20.0,0.3125,,,,,,,,,,,,,,,,,,,,,,,0.083074896,,,,,,
S6,DUA,,,,,,,,,,4,64,0,0.0,1.0,1,64.0,1.0,,,,,,,,,,,,,,,,,,,,,,,0.07839040223999999,,,,,,
S6,DUA,,,,,,,,,,5,64,18,0.28125,0.71875,2,46.0,0.71875,,,,,,,,,,,,,,,,,,,,,,,0.07398697810559998,,,,,,
S6,DUA,,,,,,,,,,6,64,64,1.0,1.0,1,0.0,0.0,,,,,,,,,,,,,,,,,,,,,,,0.06984775941926398,,,,,,
S6,DUA,,,,,,,,,,7,64,64,1.0,1.0,1,0.0,0.0,,,,,,,,,,,,,,,,,,,,,,,0.06595689385410813,,,,,,
S6,DUA,,,,,,,,,,8,64,64,1.0,1.0,1,0.0,0.0,,,,,,,,,,,,,,,,,,,,,,,0.06229948022286164,,,,,,
S6,DUA,,,,,,,,,,9,22,22,1.0,1.0,1,0.0,0.0,,,,,,,,,,,,,,,,,,,,,,,0.05886151140948994,,,,,,
S6,RoTTA,,,,,,,,,,0,64,64,1.0,1.0,1,0.0,0.0,,,,,,,,,,,,,,,,,,,,,,,,53.0,,,,,
S6,RoTTA,,,,,,,,,,1,64,64,1.0,1.0,1,0.0,0.0,,,,,,,,,,,,,,,,,,,,,,,,64.0,,,,,
S6,RoTTA,,,,,,,,,,2,64,64,1.0,1.0,1,0.0,0.0,,,,,,,,,,,,,,,,,,,,,,,,64.0,,,,,
S6,RoTTA,,,,,,,,,,3,64,44,0.6875,0.6875,2,20.0,0.3125,,,,,,,,,,,,,,,,,,,,,,,,64.0,,,,,
S6,RoTTA,,,,,,,,,,4,64,0,0.0,1.0,1,64.0,1.0,,,,,,,,,,,,,,,,,,,,,,,,64.0,,,,,
S6,RoTTA,,,,,,,,,,5,64,18,0.28125,0.71875,2,46.0,0.71875,,,,,,,,,,,,,,,,,,,,,,,,64.0,,,,,
S6,RoTTA,,,,,,,,,,6,64,64,1.0,1.0,1,0.0,0.0,,,,,,,,,,,,,,,,,,,,,,,,64.0,,,,,
S6,RoTTA,,,,,,,,,,7,64,64,1.0,1.0,1,0.0,0.0,,,,,,,,,,,,,,,,,,,,,,,,64.0,,,,,
S6,RoTTA,,,,,,,,,,8,64,64,1.0,1.0,1,0.0,0.0,,,,,,,,,,,,,,,,,,,,,,,,64.0,,,,,
S6,RoTTA,,,,,,,,,,9,22,22,1.0,1.0,1,0.0,0.0,,,,,,,,,,,,,,,,,,,,,,,,64.0,,,,,
S6,NOTE,,,,,,,,,,0,64,64,1.0,1.0,1,0.0,0.0,,,,,,,,,,,,,,,,,,,,,,,,,64.0,1.0,0.22484570741653442,,
S6,NOTE,,,,,,,,,,1,64,64,1.0,1.0,1,0.0,0.0,,,,,,,,,,,,,,,,,,,,,,,,,64.0,1.0,0.11879067867994308,,
S6,NOTE,,,,,,,,,,2,64,64,1.0,1.0,1,0.0,0.0,,,,,,,,,,,,,,,,,,,,,,,,,64.0,1.0,0.08094839751720428,,
S6,NOTE,,,,,,,,,,3,64,44,0.6875,0.6875,2,20.0,0.3125,,,,,,,,,,,,,,,,,,,,,,,,,64.0,1.0,0.008645244874060154,,
S6,NOTE,,,,,,,,,,4,64,0,0.0,1.0,1,64.0,1.0,,,,,,,,,,,,,,,,,,,,,,,,,64.0,1.0,0.17366349697113037,,
S6,NOTE,,,,,,,,,,5,64,18,0.28125,0.71875,2,46.0,0.71875,,,,,,,,,,,,,,,,,,,,,,,,,64.0,1.0,0.1895195096731186,,
S6,NOTE,,,,,,,,,,6,64,64,1.0,1.0,1,0.0,0.0,,,,,,,,,,,,,,,,,,,,,,,,,64.0,1.0,0.19566941261291504,,
S6,NOTE,,,,,,,,,,7,64,64,1.0,1.0,1,0.0,0.0,,,,,,,,,,,,,,,,,,,,,,,,,64.0,1.0,0.2051420509815216,,
S6,NOTE,,,,,,,,,,8,64,64,1.0,1.0,1,0.0,0.0,,,,,,,,,,,,,,,,,,,,,,,,,64.0,1.0,0.18649950623512268,,
S6,NOTE,,,,,,,,,,9,22,22,1.0,1.0,1,0.0,0.0,,,,,,,,,,,,,,,,,,,,,,,,,64.0,0.0,,,
S6,DELTA,,,,,,,,,,0,64,64,1.0,1.0,1,0.0,0.0,,,,,,,,,,,,,,,,,,,,,,,,,,,,0.06649462878704071,44.0
S6,DELTA,,,,,,,,,,1,64,64,1.0,1.0,1,0.0,0.0,,,,,,,,,,,,,,,,,,,,,,,,,,,,6.372165807988495e-05,64.0
S6,DELTA,,,,,,,,,,2,64,64,1.0,1.0,1,0.0,0.0,,,,,,,,,,,,,,,,,,,,,,,,,,,,0.043898262083530426,55.0
S6,DELTA,,,,,,,,,,3,64,44,0.6875,0.6875,2,20.0,0.3125,,,,,,,,,,,,,,,,,,,,,,,,,,,,0.00654077110812068,62.0
S6,DELTA,,,,,,,,,,4,64,0,0.0,1.0,1,64.0,1.0,,,,,,,,,,,,,,,,,,,,,,,,,,,,0.0302310511469841,52.0
S6,DELTA,,,,,,,,,,5,64,18,0.28125,0.71875,2,46.0,0.71875,,,,,,,,,,,,,,,,,,,,,,,,,,,,0.019682416692376137,62.0
S6,DELTA,,,,,,,,,,6,64,64,1.0,1.0,1,0.0,0.0,,,,,,,,,,,,,,,,,,,,,,,,,,,,0.0038971148896962404,62.0
S6,DELTA,,,,,,,,,,7,64,64,1.0,1.0,1,0.0,0.0,,,,,,,,,,,,,,,,,,,,,,,,,,,,0.06294147670269012,63.0
S6,DELTA,,,,,,,,,,8,64,64,1.0,1.0,1,0.0,0.0,,,,,,,,,,,,,,,,,,,,,,,,,,,,0.0557013638317585,45.0
S6,DELTA,,,,,,,,,,9,22,22,1.0,1.0,1,0.0,0.0,,,,,,,,,,,,,,,,,,,,,,,,,,,,0.03888004645705223,21.0
S7,EMATent,0.0006839908892288804,0.0006839908892288804,0.9999571442604065,0.0,0.49979480273323135,0.5,0.0002051972667686641,0.0,0.0,0,64,64,1.0,1.0,1,,,,,,,,,,,,,,,,,,,,,,,,,,,,,,,
S7,EMATent,0.0001781417231541127,0.0001781417231541127,0.9999901056289673,0.0,0.4999465574830538,0.5,5.3442516946233806e-05,0.0,0.0,1,64,64,1.0,1.0,1,,,,,,,,,,,,,,,,,,,,,,,,,,,,,,,
S7,EMATent,0.0009300379315391183,0.0009300379315391183,0.9999397993087769,0.0,0.49972098862053826,0.5,0.0002790113794617355,0.0,0.0,2,64,64,1.0,1.0,1,,,,,,,,,,,,,,,,,,,,,,,,,,,,,,,
S7,EMATent,0.010344822891056538,0.010344822891056538,0.9991058111190796,0.0,0.49689655313268305,0.5,0.003103446867316961,0.0,0.0,3,64,64,1.0,1.0,1,,,,,,,,,,,,,,,,,,,,,,,,,,,,,,,
S7,EMATent,0.01577516458928585,0.01577516458928585,0.9985487461090088,0.0,0.49526745062321426,0.5,0.004732549376785755,0.0,0.0,4,64,64,1.0,1.0,1,,,,,,,,,,,,,,,,,,,,,,,,,,,,,,,
S7,EMATent,0.03902137652039528,0.03902137652039528,0.9958235025405884,0.0,0.4882935870438814,0.5,0.011706412956118583,0.0,0.0,5,64,64,1.0,1.0,1,,,,,,,,,,,,,,,,,,,,,,,,,,,,,,,
S7,EMATent,0.6781452298164368,0.6781452298164368,0.9718176126480103,1.0,0.29655643105506896,0.5,0.203443568944931,0.0,0.0,6,64,7,0.109375,0.890625,2,57.0,0.890625,,,,,,,,,,,,,,,,,,,,,,,,,,,,,
S7,EMATent,0.2638099789619446,0.2638099789619446,0.9703187942504883,1.0,0.42085700631141665,0.5,0.07914299368858337,0.0,0.0,7,64,0,0.0,1.0,1,64.0,1.0,,,,,,,,,,,,,,,,,,,,,,,,,,,,,
S7,EMATent,0.4978211522102356,0.4978211522102356,0.9999166131019592,1.0,0.3506536543369293,0.5,0.14934634566307067,0.0,0.0,8,64,57,0.890625,0.890625,2,7.0,0.109375,,,,,,,,,,,,,,,,,,,,,,,,,,,,,
S7,EMATent,0.001959719927981496,0.001959719927981496,0.9998626708984375,0.0,0.49941208402160553,0.5,0.0005879159783944487,0.0,0.0,9,21,21,1.0,1.0,1,,,,,,,,,,,,,,,,,,,,,,,,,,,,,,,
S7,DynaMixEMATent,,,,,,,,,,0,64,64,1.0,1.0,1,,,0.00014494384231511503,0.0006839908892288804,0.0006839908892288804,0.0005390470614656806,0.9994529359269246,0.0003418668063066846,0.0002051972667686641,0.0003419369708385078,0.043775416910648346,0.19999999999999996,0.0,0.0008037490770220757,0.2,0.0,1.0,64.0,1.0,0.0,0.0,1.0,1.0,0.0,,,,,,,
S7,DynaMixEMATent,,,,,,,,,,1,64,64,1.0,1.0,1,,,4.14205169363413e-05,0.00016187533037737012,0.00016187533037737012,0.00012045481707900763,0.9995286142490726,0.0004228231518141802,4.8562599113211034e-05,0.0004228436862026008,0.054135438054800034,0.19999999999999996,0.0,1.0538067726884037e-05,0.2,0.0,1.0,64.0,1.0,0.0,0.0,1.0,1.0,0.0,,,,,,,
S7,DynaMixEMATent,,,,,,,,,,2,64,64,1.0,1.0,1,,,2.0158709958195686e-05,9.570391557645053e-05,9.570391557645053e-05,7.554520561825484e-05,0.999500628073248,0.0004706607520789735,2.8711174672935157e-05,0.0004706742656900298,0.06026048865169287,0.19999999999999996,0.0,4.121783058508299e-05,0.2,0.0,1.0,64.0,1.0,0.0,0.0,1.0,1.0,0.0,,,,,,,
S7,DynaMixEMATent,,,,,,,,,,3,64,64,1.0,1.0,1,,,0.00014185436884872615,0.0006662967498414218,0.0006662967498414218,0.0005244423518888652,0.998996661233339,0.0008034497417086379,0.00019988902495242654,0.0008036103746028589,0.10290348064154387,0.19999999999999996,0.0,0.0007077935733832419,0.2,0.0,1.0,64.0,1.0,0.0,0.0,1.0,1.0,0.0,,,,,,,
S7,DynaMixEMATent,,,,,,,,,,4,64,64,1.0,1.0,1,,,0.00014652509707957506,0.0011219612788408995,0.0011219612788408995,0.0009754361235536635,0.9982998877068184,0.0013635239095293216,0.0003365883836522698,0.00136398301036611,0.17470900248736143,0.19999999999999996,0.0,0.0008565104799345136,0.2,0.0,1.0,64.0,1.0,0.0,0.0,1.0,1.0,0.0,,,,,,,
S7,DynaMixEMATent,,,,,,,,,,5,64,64,1.0,1.0,1,,,0.0009300875244662166,0.004000078421086073,0.004000078421086073,0.003069991013035178,0.99544470952854,0.003355266945134113,0.0012000235263258218,0.003359298181984438,0.4307140214368701,0.19999999999999996,0.0,0.0009682017844170332,0.2,0.0,1.0,64.0,1.0,0.0,0.0,1.0,1.0,0.0,,,,,,,
S7,DynaMixEMATent,,,,,,,,,,6,64,7,0.109375,0.890625,2,57.0,0.890625,0.372009813785553,0.829617977142334,0.829617977142334,0.457608163356781,0.49441947864751756,0.25669512820978224,0.2488853931427002,0.3417522783690856,53.526264558546245,0.19999999999999996,1.0,0.1904461681842804,0.2,0.0,1.0,16.0,0.25,48.0,0.75,0.75,2.0,0.390625,,,,,,,
S7,DynaMixEMATent,,,,,,,,,,7,64,0,0.0,1.0,1,64.0,1.0,0.4093380570411682,0.764938235282898,0.764938235282898,0.3556002080440521,0.3459937265467116,0.42452480286841904,0.22948147058486937,0.5509598882594797,102.48231161665171,0.19999999999999996,1.0,0.20216087996959686,0.2,0.0,1.0,9.0,0.140625,55.0,0.859375,0.859375,2.0,0.5,,,,,,,
S7,DynaMixEMATent,,,,,,,,,,8,64,57,0.890625,0.890625,2,7.0,0.109375,0.4825333058834076,0.4939037263393402,0.4939037263393402,0.011370411142706871,0.29880486692886626,0.5530240151693318,0.14817111790180207,0.6492196106419172,134.0921501023695,0.19999999999999996,1.0,0.03874595835804939,0.2,0.0,1.0,57.0,0.890625,7.0,0.109375,0.890625,2.0,0.390625,,,,,,,
S7,DynaMixEMATent,,,,,,,,,,9,21,21,1.0,1.0,1,,,0.00013337119889911264,0.001193298026919365,0.001193298026919365,0.001059926813468337,0.3505861708070573,0.6490558397848668,0.0003579894080758095,0.6492882781112185,134.1172093609348,0.19999999999999996,0.0,0.008143235929310322,0.2,0.0,1.0,21.0,1.0,0.0,0.0,1.0,1.0,0.0,,,,,,,
S7,TEMA,,,,,,,,,,0,64,64,1.0,1.0,1,0.0,0.0,,,,,,,,,,,,,,,,,,,,,,,,,,,,,
S7,TEMA,,,,,,,,,,1,64,64,1.0,1.0,1,0.0,0.0,,,,,,,,,,,,,,,,,,,,,,,,,,,,,
S7,TEMA,,,,,,,,,,2,64,64,1.0,1.0,1,0.0,0.0,,,,,,,,,,,,,,,,,,,,,,,,,,,,,
S7,TEMA,,,,,,,,,,3,64,64,1.0,1.0,1,0.0,0.0,,,,,,,,,,,,,,,,,,,,,,,,,,,,,
S7,TEMA,,,,,,,,,,4,64,64,1.0,1.0,1,0.0,0.0,,,,,,,,,,,,,,,,,,,,,,,,,,,,,
S7,TEMA,,,,,,,,,,5,64,64,1.0,1.0,1,0.0,0.0,,,,,,,,,,,,,,,,,,,,,,,,,,,,,
S7,TEMA,,,,,,,,,,6,64,7,0.109375,0.890625,2,57.0,0.890625,,,,,,,,,,,,,,,,,,,,,,,,,,,,,
S7,TEMA,,,,,,,,,,7,64,0,0.0,1.0,1,64.0,1.0,,,,,,,,,,,,,,,,,,,,,,,,,,,,,
S7,TEMA,,,,,,,,,,8,64,57,0.890625,0.890625,2,7.0,0.109375,,,,,,,,,,,,,,,,,,,,,,,,,,,,,
S7,TEMA,,,,,,,,,,9,21,21,1.0,1.0,1,0.0,0.0,,,,,,,,,,,,,,,,,,,,,,,,,,,,,
S7,DUA,,,,,,,,,,0,64,64,1.0,1.0,1,0.0,0.0,,,,,,,,,,,,,,,,,,,,,,,0.099,,,,,,
S7,DUA,,,,,,,,,,1,64,64,1.0,1.0,1,0.0,0.0,,,,,,,,,,,,,,,,,,,,,,,0.09336,,,,,,
S7,DUA,,,,,,,,,,2,64,64,1.0,1.0,1,0.0,0.0,,,,,,,,,,,,,,,,,,,,,,,0.0880584,,,,,,
S7,DUA,,,,,,,,,,3,64,64,1.0,1.0,1,0.0,0.0,,,,,,,,,,,,,,,,,,,,,,,0.083074896,,,,,,
S7,DUA,,,,,,,,,,4,64,64,1.0,1.0,1,0.0,0.0,,,,,,,,,,,,,,,,,,,,,,,0.07839040223999999,,,,,,
S7,DUA,,,,,,,,,,5,64,64,1.0,1.0,1,0.0,0.0,,,,,,,,,,,,,,,,,,,,,,,0.07398697810559998,,,,,,
S7,DUA,,,,,,,,,,6,64,7,0.109375,0.890625,2,57.0,0.890625,,,,,,,,,,,,,,,,,,,,,,,0.06984775941926398,,,,,,
S7,DUA,,,,,,,,,,7,64,0,0.0,1.0,1,64.0,1.0,,,,,,,,,,,,,,,,,,,,,,,0.06595689385410813,,,,,,
S7,DUA,,,,,,,,,,8,64,57,0.890625,0.890625,2,7.0,0.109375,,,,,,,,,,,,,,,,,,,,,,,0.06229948022286164,,,,,,
S7,DUA,,,,,,,,,,9,21,21,1.0,1.0,1,0.0,0.0,,,,,,,,,,,,,,,,,,,,,,,0.05886151140948994,,,,,,
S7,RoTTA,,,,,,,,,,0,64,64,1.0,1.0,1,0.0,0.0,,,,,,,,,,,,,,,,,,,,,,,,43.0,,,,,
S7,RoTTA,,,,,,,,,,1,64,64,1.0,1.0,1,0.0,0.0,,,,,,,,,,,,,,,,,,,,,,,,45.0,,,,,
S7,RoTTA,,,,,,,,,,2,64,64,1.0,1.0,1,0.0,0.0,,,,,,,,,,,,,,,,,,,,,,,,45.0,,,,,
S7,RoTTA,,,,,,,,,,3,64,64,1.0,1.0,1,0.0,0.0,,,,,,,,,,,,,,,,,,,,,,,,47.0,,,,,
S7,RoTTA,,,,,,,,,,4,64,64,1.0,1.0,1,0.0,0.0,,,,,,,,,,,,,,,,,,,,,,,,47.0,,,,,
S7,RoTTA,,,,,,,,,,5,64,64,1.0,1.0,1,0.0,0.0,,,,,,,,,,,,,,,,,,,,,,,,48.0,,,,,
S7,RoTTA,,,,,,,,,,6,64,7,0.109375,0.890625,2,57.0,0.890625,,,,,,,,,,,,,,,,,,,,,,,,64.0,,,,,
S7,RoTTA,,,,,,,,,,7,64,0,0.0,1.0,1,64.0,1.0,,,,,,,,,,,,,,,,,,,,,,,,64.0,,,,,
S7,RoTTA,,,,,,,,,,8,64,57,0.890625,0.890625,2,7.0,0.109375,,,,,,,,,,,,,,,,,,,,,,,,64.0,,,,,
S7,RoTTA,,,,,,,,,,9,21,21,1.0,1.0,1,0.0,0.0,,,,,,,,,,,,,,,,,,,,,,,,64.0,,,,,
S7,NOTE,,,,,,,,,,0,64,64,1.0,1.0,1,0.0,0.0,,,,,,,,,,,,,,,,,,,,,,,,,64.0,1.0,0.2040131688117981,,
S7,NOTE,,,,,,,,,,1,64,64,1.0,1.0,1,0.0,0.0,,,,,,,,,,,,,,,,,,,,,,,,,64.0,1.0,0.1835785061120987,,
S7,NOTE,,,,,,,,,,2,64,64,1.0,1.0,1,0.0,0.0,,,,,,,,,,,,,,,,,,,,,,,,,64.0,1.0,0.14426061511039734,,
S7,NOTE,,,,,,,,,,3,64,64,1.0,1.0,1,0.0,0.0,,,,,,,,,,,,,,,,,,,,,,,,,64.0,1.0,0.05149977654218674,,
S7,NOTE,,,,,,,,,,4,64,64,1.0,1.0,1,0.0,0.0,,,,,,,,,,,,,,,,,,,,,,,,,64.0,1.0,0.16459548473358154,,
S7,NOTE,,,,,,,,,,5,64,64,1.0,1.0,1,0.0,0.0,,,,,,,,,,,,,,,,,,,,,,,,,64.0,1.0,0.1901874840259552,,
S7,NOTE,,,,,,,,,,6,64,7,0.109375,0.890625,2,57.0,0.890625,,,,,,,,,,,,,,,,,,,,,,,,,64.0,1.0,0.28458723425865173,,
S7,NOTE,,,,,,,,,,7,64,0,0.0,1.0,1,64.0,1.0,,,,,,,,,,,,,,,,,,,,,,,,,64.0,1.0,0.23431670665740967,,
S7,NOTE,,,,,,,,,,8,64,57,0.890625,0.890625,2,7.0,0.109375,,,,,,,,,,,,,,,,,,,,,,,,,64.0,1.0,0.0860859751701355,,
S7,NOTE,,,,,,,,,,9,21,21,1.0,1.0,1,0.0,0.0,,,,,,,,,,,,,,,,,,,,,,,,,64.0,0.0,,,
S7,DELTA,,,,,,,,,,0,64,64,1.0,1.0,1,0.0,0.0,,,,,,,,,,,,,,,,,,,,,,,,,,,,0.0812130868434906,47.0
S7,DELTA,,,,,,,,,,1,64,64,1.0,1.0,1,0.0,0.0,,,,,,,,,,,,,,,,,,,,,,,,,,,,0.0001120069355238229,64.0
S7,DELTA,,,,,,,,,,2,64,64,1.0,1.0,1,0.0,0.0,,,,,,,,,,,,,,,,,,,,,,,,,,,,0.013746507465839386,61.0
S7,DELTA,,,,,,,,,,3,64,64,1.0,1.0,1,0.0,0.0,,,,,,,,,,,,,,,,,,,,,,,,,,,,0.04038957133889198,59.0
S7,DELTA,,,,,,,,,,4,64,64,1.0,1.0,1,0.0,0.0,,,,,,,,,,,,,,,,,,,,,,,,,,,,0.0005946115124970675,64.0
S7,DELTA,,,,,,,,,,5,64,64,1.0,1.0,1,0.0,0.0,,,,,,,,,,,,,,,,,,,,,,,,,,,,0.00010470565757714212,64.0
S7,DELTA,,,,,,,,,,6,64,7,0.109375,0.890625,2,57.0,0.890625,,,,,,,,,,,,,,,,,,,,,,,,,,,,0.009093061089515686,57.0
S7,DELTA,,,,,,,,,,7,64,0,0.0,1.0,1,64.0,1.0,,,,,,,,,,,,,,,,,,,,,,,,,,,,0.002437891438603401,64.0
S7,DELTA,,,,,,,,,,8,64,57,0.890625,0.890625,2,7.0,0.109375,,,,,,,,,,,,,,,,,,,,,,,,,,,,0.00019379491277504712,64.0
S7,DELTA,,,,,,,,,,9,21,21,1.0,1.0,1,0.0,0.0,,,,,,,,,,,,,,,,,,,,,,,,,,,,0.001116922008804977,21.0
S8,EMATent,0.0005566402687691152,0.0005566402687691152,0.9999657869338989,0.0,0.49983300791936924,0.5,0.00016699208063073457,0.0,0.0,0,64,64,1.0,1.0,1,,,,,,,,,,,,,,,,,,,,,,,,,,,,,,,
S8,EMATent,0.024108469486236572,0.024108469486236572,0.9976271390914917,0.0,0.492767459154129,0.5,0.007232540845870971,0.0,0.0,1,64,64,1.0,1.0,1,,,,,,,,,,,,,,,,,,,,,,,,,,,,,,,
S8,EMATent,0.8846980333328247,0.8846980333328247,0.8525086641311646,1.0,0.2345905900001526,0.5,0.2654094099998474,0.0,0.0,2,64,64,1.0,1.0,1,,,,,,,,,,,,,,,,,,,,,,,,,,,,,,,
S8,EMATent,0.6739935874938965,0.6739935874938965,0.8934295773506165,1.0,0.29780192375183107,0.5,0.20219807624816893,0.0,0.0,3,64,64,1.0,1.0,1,,,,,,,,,,,,,,,,,,,,,,,,,,,,,,,
S8,EMATent,0.07086209207773209,0.07086209207773209,0.9914729595184326,0.0,0.47874137237668035,0.5,0.021258627623319624,0.0,0.0,4,64,64,1.0,1.0,1,,,,,,,,,,,,,,,,,,,,,,,,,,,,,,,
S8,EMATent,0.11138495802879333,0.11138495802879333,0.9851614236831665,0.0,0.466584512591362,0.5,0.033415487408638,0.0,0.0,5,64,64,1.0,1.0,1,,,,,,,,,,,,,,,,,,,,,,,,,,,,,,,
S8,EMATent,0.006422333884984255,0.006422333884984255,0.9994800090789795,0.0,0.4980732998345047,0.5,0.0019267001654952763,0.0,0.0,6,64,4,0.0625,0.9375,2,60.0,0.9375,,,,,,,,,,,,,,,,,,,,,,,,,,,,,
S8,EMATent,0.025146102532744408,0.025146102532744408,0.9975075721740723,0.0,0.49245616924017666,0.5,0.007543830759823322,0.0,0.0,7,64,0,0.0,1.0,1,64.0,1.0,,,,,,,,,,,,,,,,,,,,,,,,,,,,,
S8,EMATent,0.6203233003616333,0.6203233003616333,0.9979791641235352,1.0,0.31390300989151,0.5,0.18609699010848998,0.0,0.0,8,64,54,0.84375,0.84375,2,10.0,0.15625,,,,,,,,,,,,,,,,,,,,,,,,,,,,,
S8,EMATent,6.164864729818476e-10,6.164864729818476e-10,1.0,0.0,0.49999999981505405,0.5,1.8494594189455426e-10,0.0,0.0,9,26,26,1.0,1.0,1,,,,,,,,,,,,,,,,,,,,,,,,,,,,,,,
S8,DynaMixEMATent,,,,,,,,,,0,64,64,1.0,1.0,1,,,6.393585499608889e-05,0.0005566402687691152,0.0005566402687691152,0.0004927044501528144,0.9995547729832315,0.00027823493613772694,0.00016699208063073457,0.0002782814069288708,0.03562497720122337,0.19999999999999996,0.0,0.00048030982725322247,0.2,0.0,1.0,64.0,1.0,0.0,0.0,1.0,1.0,0.0,,,,,,,
S8,DynaMixEMATent,,,,,,,,,,1,64,64,1.0,1.0,1,,,0.001060902839526534,0.004413096699863672,0.004413096699863672,0.003352193860337138,0.9961975729413468,0.0024784980486940813,0.0013239290099591016,0.0024817837542027155,0.3180631659924984,0.19999999999999996,0.0,0.0059831109829247,0.2,0.0,1.0,64.0,1.0,0.0,0.0,1.0,1.0,0.0,,,,,,,
S8,DynaMixEMATent,,,,,,,,,,2,64,64,1.0,1.0,1,,,0.3378280997276306,0.5186476111412048,0.5186476111412048,0.18081951141357422,0.6499038390216543,0.1945018776359842,0.15559428334236144,0.23034173478345166,33.51151027902961,0.19999999999999996,1.0,0.2255563586950302,0.2,0.0,1.0,51.0,0.796875,13.0,0.203125,0.796875,2.0,0.0,,,,,,,
S8,DynaMixEMATent,,,,,,,,,,3,64,64,1.0,1.0,1,,,0.046320948749780655,0.11286021769046783,0.11286021769046783,0.06653927266597748,0.7027997290918007,0.2633422056010591,0.03385806530714035,0.27257092994806875,40.73456421121955,0.19999999999999996,0.0,0.06729629635810852,0.2,0.0,1.0,62.0,0.96875,2.0,0.03125,0.96875,2.0,0.0,,,,,,,
S8,DynaMixEMATent,,,,,,,,,,4,64,64,1.0,1.0,1,,,0.0006818022229708731,0.0027649076655507088,0.0027649076655507088,0.0020831055007874966,0.7258215790574104,0.27334894864292436,0.0008294722996652126,0.27357587225081315,40.911518301814795,0.19999999999999996,0.0,0.08749975264072418,0.2,0.0,1.0,61.0,0.953125,3.0,0.046875,0.953125,2.0,0.0,,,,,,,
S8,DynaMixEMATent,,,,,,,,,,5,64,64,1.0,1.0,1,,,0.012433953583240509,0.04762284457683563,0.04762284457683563,0.03518889099359512,0.6991971350834075,0.28651601154354184,0.01428685337305069,0.2906687534035457,43.959380354732275,0.19999999999999996,0.0,0.2839158773422241,0.2,0.0,1.0,1.0,0.015625,63.0,0.984375,0.984375,2.0,0.0,,,,,,,
S8,DynaMixEMATent,,,,,,,,,,6,64,4,0.0625,0.9375,2,60.0,0.9375,0.40123870968818665,0.9911580085754395,0.9911580085754395,0.5899193286895752,0.30364247336996064,0.39901012405740754,0.2973474025726318,0.5678625903018204,107.3934929035604,0.19999999999999996,1.0,0.03677140176296234,0.2,0.0,1.0,5.0,0.078125,59.0,0.921875,0.921875,2.0,0.4375,,,,,,,
S8,DynaMixEMATent,,,,,,,,,,7,64,0,0.0,1.0,1,64.0,1.0,0.3823486566543579,0.9901822209358215,0.9901822209358215,0.6078335642814636,0.18515186006826376,0.5177934736509897,0.29705466628074645,0.7366056061733375,170.76515504345298,0.19999999999999996,1.0,0.07170432806015015,0.2,0.0,1.0,2.0,0.03125,62.0,0.96875,0.96875,2.0,0.5,,,,,,,
S8,DynaMixEMATent,,,,,,,,,,8,64,54,0.84375,0.84375,2,10.0,0.15625,0.5335032939910889,0.5913705825805664,0.5913705825805664,0.057867277413606644,0.16120363927040876,0.6613851859554213,0.17741117477416993,0.8040288971514382,208.61287232860923,0.19999999999999996,1.0,0.014378843829035759,0.2,0.0,1.0,55.0,0.859375,9.0,0.140625,0.859375,2.0,0.34375,,,,,,,
S8,DynaMixEMATent,,,,,,,,,,9,26,26,1.0,1.0,1,,,1.2861933740282439e-10,1.2941756555306938e-09,1.2941756555306938e-09,1.1655563181278694e-09,0.1959711027209587,0.8040288968907886,3.8825269665920813e-10,0.804028897202955,208.6128723622578,0.19999999999999996,0.0,4.849017204833217e-05,0.2,0.0,1.0,26.0,1.0,0.0,0.0,1.0,1.0,0.0,,,,,,,
S8,TEMA,,,,,,,,,,0,64,64,1.0,1.0,1,0.0,0.0,,,,,,,,,,,,,,,,,,,,,,,,,,,,,
S8,TEMA,,,,,,,,,,1,64,64,1.0,1.0,1,0.0,0.0,,,,,,,,,,,,,,,,,,,,,,,,,,,,,
S8,TEMA,,,,,,,,,,2,64,64,1.0,1.0,1,0.0,0.0,,,,,,,,,,,,,,,,,,,,,,,,,,,,,
S8,TEMA,,,,,,,,,,3,64,64,1.0,1.0,1,0.0,0.0,,,,,,,,,,,,,,,,,,,,,,,,,,,,,
S8,TEMA,,,,,,,,,,4,64,64,1.0,1.0,1,0.0,0.0,,,,,,,,,,,,,,,,,,,,,,,,,,,,,
S8,TEMA,,,,,,,,,,5,64,64,1.0,1.0,1,0.0,0.0,,,,,,,,,,,,,,,,,,,,,,,,,,,,,
S8,TEMA,,,,,,,,,,6,64,4,0.0625,0.9375,2,60.0,0.9375,,,,,,,,,,,,,,,,,,,,,,,,,,,,,
S8,TEMA,,,,,,,,,,7,64,0,0.0,1.0,1,64.0,1.0,,,,,,,,,,,,,,,,,,,,,,,,,,,,,
S8,TEMA,,,,,,,,,,8,64,54,0.84375,0.84375,2,10.0,0.15625,,,,,,,,,,,,,,,,,,,,,,,,,,,,,
S8,TEMA,,,,,,,,,,9,26,26,1.0,1.0,1,0.0,0.0,,,,,,,,,,,,,,,,,,,,,,,,,,,,,
S8,DUA,,,,,,,,,,0,64,64,1.0,1.0,1,0.0,0.0,,,,,,,,,,,,,,,,,,,,,,,0.099,,,,,,
S8,DUA,,,,,,,,,,1,64,64,1.0,1.0,1,0.0,0.0,,,,,,,,,,,,,,,,,,,,,,,0.09336,,,,,,
S8,DUA,,,,,,,,,,2,64,64,1.0,1.0,1,0.0,0.0,,,,,,,,,,,,,,,,,,,,,,,0.0880584,,,,,,
S8,DUA,,,,,,,,,,3,64,64,1.0,1.0,1,0.0,0.0,,,,,,,,,,,,,,,,,,,,,,,0.083074896,,,,,,
S8,DUA,,,,,,,,,,4,64,64,1.0,1.0,1,0.0,0.0,,,,,,,,,,,,,,,,,,,,,,,0.07839040223999999,,,,,,
S8,DUA,,,,,,,,,,5,64,64,1.0,1.0,1,0.0,0.0,,,,,,,,,,,,,,,,,,,,,,,0.07398697810559998,,,,,,
S8,DUA,,,,,,,,,,6,64,4,0.0625,0.9375,2,60.0,0.9375,,,,,,,,,,,,,,,,,,,,,,,0.06984775941926398,,,,,,
S8,DUA,,,,,,,,,,7,64,0,0.0,1.0,1,64.0,1.0,,,,,,,,,,,,,,,,,,,,,,,0.06595689385410813,,,,,,
S8,DUA,,,,,,,,,,8,64,54,0.84375,0.84375,2,10.0,0.15625,,,,,,,,,,,,,,,,,,,,,,,0.06229948022286164,,,,,,
S8,DUA,,,,,,,,,,9,26,26,1.0,1.0,1,0.0,0.0,,,,,,,,,,,,,,,,,,,,,,,0.05886151140948994,,,,,,
S8,RoTTA,,,,,,,,,,0,64,64,1.0,1.0,1,0.0,0.0,,,,,,,,,,,,,,,,,,,,,,,,39.0,,,,,
S8,RoTTA,,,,,,,,,,1,64,64,1.0,1.0,1,0.0,0.0,,,,,,,,,,,,,,,,,,,,,,,,60.0,,,,,
S8,RoTTA,,,,,,,,,,2,64,64,1.0,1.0,1,0.0,0.0,,,,,,,,,,,,,,,,,,,,,,,,64.0,,,,,
S8,RoTTA,,,,,,,,,,3,64,64,1.0,1.0,1,0.0,0.0,,,,,,,,,,,,,,,,,,,,,,,,64.0,,,,,
S8,RoTTA,,,,,,,,,,4,64,64,1.0,1.0,1,0.0,0.0,,,,,,,,,,,,,,,,,,,,,,,,64.0,,,,,
S8,RoTTA,,,,,,,,,,5,64,64,1.0,1.0,1,0.0,0.0,,,,,,,,,,,,,,,,,,,,,,,,64.0,,,,,
S8,RoTTA,,,,,,,,,,6,64,4,0.0625,0.9375,2,60.0,0.9375,,,,,,,,,,,,,,,,,,,,,,,,64.0,,,,,
S8,RoTTA,,,,,,,,,,7,64,0,0.0,1.0,1,64.0,1.0,,,,,,,,,,,,,,,,,,,,,,,,64.0,,,,,
S8,RoTTA,,,,,,,,,,8,64,54,0.84375,0.84375,2,10.0,0.15625,,,,,,,,,,,,,,,,,,,,,,,,64.0,,,,,
S8,RoTTA,,,,,,,,,,9,26,26,1.0,1.0,1,0.0,0.0,,,,,,,,,,,,,,,,,,,,,,,,64.0,,,,,
S8,NOTE,,,,,,,,,,0,64,64,1.0,1.0,1,0.0,0.0,,,,,,,,,,,,,,,,,,,,,,,,,64.0,1.0,0.12940743565559387,,
S8,NOTE,,,,,,,,,,1,64,64,1.0,1.0,1,0.0,0.0,,,,,,,,,,,,,,,,,,,,,,,,,64.0,1.0,0.260211706161499,,
S8,NOTE,,,,,,,,,,2,64,64,1.0,1.0,1,0.0,0.0,,,,,,,,,,,,,,,,,,,,,,,,,64.0,1.0,0.10591878741979599,,
S8,NOTE,,,,,,,,,,3,64,64,1.0,1.0,1,0.0,0.0,,,,,,,,,,,,,,,,,,,,,,,,,64.0,1.0,0.11026656627655029,,
S8,NOTE,,,,,,,,,,4,64,64,1.0,1.0,1,0.0,0.0,,,,,,,,,,,,,,,,,,,,,,,,,64.0,1.0,0.2426101565361023,,
S8,NOTE,,,,,,,,,,5,64,64,1.0,1.0,1,0.0,0.0,,,,,,,,,,,,,,,,,,,,,,,,,64.0,1.0,0.2627086639404297,,
S8,NOTE,,,,,,,,,,6,64,4,0.0625,0.9375,2,60.0,0.9375,,,,,,,,,,,,,,,,,,,,,,,,,64.0,1.0,0.24137231707572937,,
S8,NOTE,,,,,,,,,,7,64,0,0.0,1.0,1,64.0,1.0,,,,,,,,,,,,,,,,,,,,,,,,,64.0,1.0,0.18077105283737183,,
S8,NOTE,,,,,,,,,,8,64,54,0.84375,0.84375,2,10.0,0.15625,,,,,,,,,,,,,,,,,,,,,,,,,64.0,1.0,0.04171329364180565,,
S8,NOTE,,,,,,,,,,9,26,26,1.0,1.0,1,0.0,0.0,,,,,,,,,,,,,,,,,,,,,,,,,64.0,0.0,,,
S8,DELTA,,,,,,,,,,0,64,64,1.0,1.0,1,0.0,0.0,,,,,,,,,,,,,,,,,,,,,,,,,,,,0.061671074479818344,53.0
S8,DELTA,,,,,,,,,,1,64,64,1.0,1.0,1,0.0,0.0,,,,,,,,,,,,,,,,,,,,,,,,,,,,0.055770982056856155,57.0
S8,DELTA,,,,,,,,,,2,64,64,1.0,1.0,1,0.0,0.0,,,,,,,,,,,,,,,,,,,,,,,,,,,,0.12695907056331635,27.0
S8,DELTA,,,,,,,,,,3,64,64,1.0,1.0,1,0.0,0.0,,,,,,,,,,,,,,,,,,,,,,,,,,,,0.1004440113902092,51.0
S8,DELTA,,,,,,,,,,4,64,64,1.0,1.0,1,0.0,0.0,,,,,,,,,,,,,,,,,,,,,,,,,,,,0.022565128281712532,60.0
S8,DELTA,,,,,,,,,,5,64,64,1.0,1.0,1,0.0,0.0,,,,,,,,,,,,,,,,,,,,,,,,,,,,0.003805612213909626,64.0
S8,DELTA,,,,,,,,,,6,64,4,0.0625,0.9375,2,60.0,0.9375,,,,,,,,,,,,,,,,,,,,,,,,,,,,0.00023515208158642054,64.0
S8,DELTA,,,,,,,,,,7,64,0,0.0,1.0,1,64.0,1.0,,,,,,,,,,,,,,,,,,,,,,,,,,,,0.0006120832404121757,64.0
S8,DELTA,,,,,,,,,,8,64,54,0.84375,0.84375,2,10.0,0.15625,,,,,,,,,,,,,,,,,,,,,,,,,,,,0.00028616454801522195,64.0
S8,DELTA,,,,,,,,,,9,26,26,1.0,1.0,1,0.0,0.0,,,,,,,,,,,,,,,,,,,,,,,,,,,,5.246035470918287e-06,26.0
S9,EMATent,0.003571713576093316,0.003571713576093316,0.9997315406799316,0.0,0.498928485927172,0.5,0.0010715140728279947,0.0,0.0,0,64,64,1.0,1.0,1,,,,,,,,,,,,,,,,,,,,,,,,,,,,,,,
S9,EMATent,0.0014096201630309224,0.0014096201630309224,0.9999047517776489,0.0,0.4995771139510907,0.5,0.0004228860489092767,0.0,0.0,1,64,64,1.0,1.0,1,,,,,,,,,,,,,,,,,,,,,,,,,,,,,,,
S9,EMATent,0.23677782714366913,0.23677782714366913,0.9851034283638,1.0,0.42896665185689925,0.5,0.07103334814310074,0.0,0.0,2,64,64,1.0,1.0,1,,,,,,,,,,,,,,,,,,,,,,,,,,,,,,,
S9,EMATent,0.9859836101531982,0.9859836101531982,0.9900757074356079,1.0,0.20420491695404053,0.5,0.2957950830459595,0.0,0.0,3,64,44,0.6875,0.6875,2,20.0,0.3125,,,,,,,,,,,,,,,,,,,,,,,,,,,,,
S9,EMATent,0.18397358059883118,0.18397358059883118,0.9871956706047058,0.0,0.44480792582035067,0.5,0.05519207417964935,0.0,0.0,4,64,0,0.0,1.0,1,64.0,1.0,,,,,,,,,,,,,,,,,,,,,,,,,,,,,
S9,EMATent,0.786104679107666,0.786104679107666,0.966257631778717,1.0,0.2641685962677002,0.5,0.2358314037322998,0.0,0.0,5,64,19,0.296875,0.703125,2,45.0,0.703125,,,,,,,,,,,,,,,,,,,,,,,,,,,,,
S9,EMATent,0.3658008575439453,0.3658008575439453,0.9925169944763184,1.0,0.3902597427368164,0.5,0.1097402572631836,0.0,0.0,6,64,64,1.0,1.0,1,,,,,,,,,,,,,,,,,,,,,,,,,,,,,,,
S9,EMATent,0.07385184615850449,0.07385184615850449,0.9910348653793335,0.0,0.47784444615244864,0.5,0.022155553847551347,0.0,0.0,7,64,64,1.0,1.0,1,,,,,,,,,,,,,,,,,,,,,,,,,,,,,,,
S9,EMATent,0.4622540771961212,0.4622540771961212,0.9947762489318848,1.0,0.3613237768411637,0.5,0.13867622315883635,0.0,0.0,8,64,64,1.0,1.0,1,,,,,,,,,,,,,,,,,,,,,,,,,,,,,,,
S9,EMATent,0.00452217273414135,0.00452217273414135,0.9996500611305237,0.0,0.4986433481797576,0.5,0.001356651820242405,0.0,0.0,9,21,21,1.0,1.0,1,,,,,,,,,,,,,,,,,,,,,,,,,,,,,,,
S9,DynaMixEMATent,,,,,,,,,,0,64,64,1.0,1.0,1,,,0.0004992901813238859,0.003571713576093316,0.003571713576093316,0.00307242339476943,0.9971461346955307,0.0017823512316412935,0.0010715140728279947,0.001784263094656846,0.22858966886997223,0.19999999999999996,0.0,0.0024735410697758198,0.2,0.0,1.0,64.0,1.0,0.0,0.0,1.0,1.0,0.0,,,,,,,
S9,DynaMixEMATent,,,,,,,,,,1,64,64,1.0,1.0,1,,,0.00017503718845546246,0.0016637688968330622,0.0016637688968330622,0.0014887317083775997,0.9968878562775864,0.0026130130533636503,0.0004991306690499186,0.0026143179396259653,0.3350708782672882,0.19999999999999996,0.0,0.0019330297363922,0.2,0.0,1.0,64.0,1.0,0.0,0.0,1.0,1.0,0.0,,,,,,,
S9,DynaMixEMATent,,,,,,,,,,2,64,64,1.0,1.0,1,,,0.019691500812768936,0.046217795461416245,0.046217795461416245,0.02652629464864731,0.961088291826125,0.025046369535450166,0.013865338638424873,0.025398528737310744,3.293009787797928,0.19999999999999996,0.0,0.019133949652314186,0.2,0.0,1.0,64.0,1.0,0.0,0.0,1.0,1.0,0.0,,,,,,,
S9,DynaMixEMATent,,,,,,,,,,3,64,44,0.6875,0.6875,2,20.0,0.3125,0.7493447661399841,0.9334438443183899,0.9334438443183899,0.18409906327724457,0.4399920258059568,0.27997482089852627,0.280033153295517,0.3888718240014244,63.03341582417488,0.19999999999999996,1.0,0.1000245213508606,0.2,0.0,1.0,38.0,0.59375,26.0,0.40625,0.59375,2.0,0.1875,,,,,,,
S9,DynaMixEMATent,,,,,,,,,,4,64,0,0.0,1.0,1,64.0,1.0,0.14682868123054504,0.3612399399280548,0.3612399399280548,0.21441124379634857,0.45485582215787235,0.4367721958637112,0.10837198197841644,0.4898592092617914,86.15277197957039,0.19999999999999996,1.0,0.16531498730182648,0.2,0.0,1.0,3.0,0.046875,61.0,0.953125,0.953125,2.0,0.5,,,,,,,
S9,DynaMixEMATent,,,,,,,,,,5,64,19,0.296875,0.703125,2,45.0,0.703125,0.3515799045562744,0.5480577349662781,0.5480577349662781,0.19647784531116486,0.32409345082819324,0.5114892286819233,0.16441732048988342,0.6121347907567902,121.22846701741219,0.19999999999999996,1.0,0.14585325121879578,0.2,0.0,1.0,18.0,0.28125,46.0,0.71875,0.71875,2.0,0.203125,,,,,,,
S9,DynaMixEMATent,,,,,,,,,,6,64,64,1.0,1.0,1,,,0.4028012454509735,0.6645966172218323,0.6645966172218323,0.2617953419685364,0.22273706339732263,0.5778839514361277,0.19937898516654967,0.7217946328280458,163.76265051960945,0.19999999999999996,1.0,0.030127594247460365,0.2,0.0,1.0,60.0,0.9375,4.0,0.0625,0.9375,2.0,0.0,,,,,,,
S9,DynaMixEMATent,,,,,,,,,,7,64,64,1.0,1.0,1,,,0.005601551383733749,0.01706644892692566,0.01706644892692566,0.011464898474514484,0.27442918811618267,0.7204508772057396,0.005119934678077698,0.7241585215325597,164.8549032509327,0.19999999999999996,0.0,0.08494512736797333,0.2,0.0,1.0,0.0,0.0,64.0,1.0,1.0,1.0,0.0,,,,,,,
S9,DynaMixEMATent,,,,,,,,,,8,64,64,1.0,1.0,1,,,0.5061365365982056,0.578159749507904,0.578159749507904,0.07202319800853729,0.17075915539201522,0.6557929197556135,0.1734479248523712,0.7934078680263233,201.85712721943855,0.19999999999999996,1.0,0.01463351584970951,0.2,0.0,1.0,63.0,0.984375,1.0,0.015625,0.984375,2.0,0.0,,,,,,,
S9,DynaMixEMATent,,,,,,,,,,9,21,21,1.0,1.0,1,,,0.005686926189810038,0.024468041956424713,0.024468041956424713,0.018781116232275963,0.20425407783544514,0.7884055095776275,0.007340412586927414,0.7942355260298821,202.37095610052347,0.19999999999999996,0.0,0.0016230205073952675,0.2,0.0,1.0,21.0,1.0,0.0,0.0,1.0,1.0,0.0,,,,,,,
S9,TEMA,,,,,,,,,,0,64,64,1.0,1.0,1,0.0,0.0,,,,,,,,,,,,,,,,,,,,,,,,,,,,,
S9,TEMA,,,,,,,,,,1,64,64,1.0,1.0,1,0.0,0.0,,,,,,,,,,,,,,,,,,,,,,,,,,,,,
S9,TEMA,,,,,,,,,,2,64,64,1.0,1.0,1,0.0,0.0,,,,,,,,,,,,,,,,,,,,,,,,,,,,,
S9,TEMA,,,,,,,,,,3,64,44,0.6875,0.6875,2,20.0,0.3125,,,,,,,,,,,,,,,,,,,,,,,,,,,,,
S9,TEMA,,,,,,,,,,4,64,0,0.0,1.0,1,64.0,1.0,,,,,,,,,,,,,,,,,,,,,,,,,,,,,
S9,TEMA,,,,,,,,,,5,64,19,0.296875,0.703125,2,45.0,0.703125,,,,,,,,,,,,,,,,,,,,,,,,,,,,,
S9,TEMA,,,,,,,,,,6,64,64,1.0,1.0,1,0.0,0.0,,,,,,,,,,,,,,,,,,,,,,,,,,,,,
S9,TEMA,,,,,,,,,,7,64,64,1.0,1.0,1,0.0,0.0,,,,,,,,,,,,,,,,,,,,,,,,,,,,,
S9,TEMA,,,,,,,,,,8,64,64,1.0,1.0,1,0.0,0.0,,,,,,,,,,,,,,,,,,,,,,,,,,,,,
S9,TEMA,,,,,,,,,,9,21,21,1.0,1.0,1,0.0,0.0,,,,,,,,,,,,,,,,,,,,,,,,,,,,,
S9,DUA,,,,,,,,,,0,64,64,1.0,1.0,1,0.0,0.0,,,,,,,,,,,,,,,,,,,,,,,0.099,,,,,,
S9,DUA,,,,,,,,,,1,64,64,1.0,1.0,1,0.0,0.0,,,,,,,,,,,,,,,,,,,,,,,0.09336,,,,,,
S9,DUA,,,,,,,,,,2,64,64,1.0,1.0,1,0.0,0.0,,,,,,,,,,,,,,,,,,,,,,,0.0880584,,,,,,
S9,DUA,,,,,,,,,,3,64,44,0.6875,0.6875,2,20.0,0.3125,,,,,,,,,,,,,,,,,,,,,,,0.083074896,,,,,,
S9,DUA,,,,,,,,,,4,64,0,0.0,1.0,1,64.0,1.0,,,,,,,,,,,,,,,,,,,,,,,0.07839040223999999,,,,,,
S9,DUA,,,,,,,,,,5,64,19,0.296875,0.703125,2,45.0,0.703125,,,,,,,,,,,,,,,,,,,,,,,0.07398697810559998,,,,,,
S9,DUA,,,,,,,,,,6,64,64,1.0,1.0,1,0.0,0.0,,,,,,,,,,,,,,,,,,,,,,,0.06984775941926398,,,,,,
S9,DUA,,,,,,,,,,7,64,64,1.0,1.0,1,0.0,0.0,,,,,,,,,,,,,,,,,,,,,,,0.06595689385410813,,,,,,
S9,DUA,,,,,,,,,,8,64,64,1.0,1.0,1,0.0,0.0,,,,,,,,,,,,,,,,,,,,,,,0.06229948022286164,,,,,,
S9,DUA,,,,,,,,,,9,21,21,1.0,1.0,1,0.0,0.0,,,,,,,,,,,,,,,,,,,,,,,0.05886151140948994,,,,,,
S9,RoTTA,,,,,,,,,,0,64,64,1.0,1.0,1,0.0,0.0,,,,,,,,,,,,,,,,,,,,,,,,43.0,,,,,
S9,RoTTA,,,,,,,,,,1,64,64,1.0,1.0,1,0.0,0.0,,,,,,,,,,,,,,,,,,,,,,,,43.0,,,,,
S9,RoTTA,,,,,,,,,,2,64,64,1.0,1.0,1,0.0,0.0,,,,,,,,,,,,,,,,,,,,,,,,53.0,,,,,
S9,RoTTA,,,,,,,,,,3,64,44,0.6875,0.6875,2,20.0,0.3125,,,,,,,,,,,,,,,,,,,,,,,,64.0,,,,,
S9,RoTTA,,,,,,,,,,4,64,0,0.0,1.0,1,64.0,1.0,,,,,,,,,,,,,,,,,,,,,,,,64.0,,,,,
S9,RoTTA,,,,,,,,,,5,64,19,0.296875,0.703125,2,45.0,0.703125,,,,,,,,,,,,,,,,,,,,,,,,64.0,,,,,
S9,RoTTA,,,,,,,,,,6,64,64,1.0,1.0,1,0.0,0.0,,,,,,,,,,,,,,,,,,,,,,,,64.0,,,,,
S9,RoTTA,,,,,,,,,,7,64,64,1.0,1.0,1,0.0,0.0,,,,,,,,,,,,,,,,,,,,,,,,64.0,,,,,
S9,RoTTA,,,,,,,,,,8,64,64,1.0,1.0,1,0.0,0.0,,,,,,,,,,,,,,,,,,,,,,,,64.0,,,,,
S9,RoTTA,,,,,,,,,,9,21,21,1.0,1.0,1,0.0,0.0,,,,,,,,,,,,,,,,,,,,,,,,64.0,,,,,
S9,NOTE,,,,,,,,,,0,64,64,1.0,1.0,1,0.0,0.0,,,,,,,,,,,,,,,,,,,,,,,,,64.0,1.0,0.2354319989681244,,
S9,NOTE,,,,,,,,,,1,64,64,1.0,1.0,1,0.0,0.0,,,,,,,,,,,,,,,,,,,,,,,,,64.0,1.0,0.10658974200487137,,
S9,NOTE,,,,,,,,,,2,64,64,1.0,1.0,1,0.0,0.0,,,,,,,,,,,,,,,,,,,,,,,,,64.0,1.0,0.07484406232833862,,
S9,NOTE,,,,,,,,,,3,64,44,0.6875,0.6875,2,20.0,0.3125,,,,,,,,,,,,,,,,,,,,,,,,,64.0,1.0,0.18919062614440918,,
S9,NOTE,,,,,,,,,,4,64,0,0.0,1.0,1,64.0,1.0,,,,,,,,,,,,,,,,,,,,,,,,,64.0,1.0,0.22453925013542175,,
S9,NOTE,,,,,,,,,,5,64,19,0.296875,0.703125,2,45.0,0.703125,,,,,,,,,,,,,,,,,,,,,,,,,64.0,1.0,0.17357438802719116,,
S9,NOTE,,,,,,,,,,6,64,64,1.0,1.0,1,0.0,0.0,,,,,,,,,,,,,,,,,,,,,,,,,64.0,1.0,0.18617340922355652,,
S9,NOTE,,,,,,,,,,7,64,64,1.0,1.0,1,0.0,0.0,,,,,,,,,,,,,,,,,,,,,,,,,64.0,1.0,0.28021568059921265,,
S9,NOTE,,,,,,,,,,8,64,64,1.0,1.0,1,0.0,0.0,,,,,,,,,,,,,,,,,,,,,,,,,64.0,1.0,0.17097201943397522,,
S9,NOTE,,,,,,,,,,9,21,21,1.0,1.0,1,0.0,0.0,,,,,,,,,,,,,,,,,,,,,,,,,64.0,0.0,,,
S9,DELTA,,,,,,,,,,0,64,64,1.0,1.0,1,0.0,0.0,,,,,,,,,,,,,,,,,,,,,,,,,,,,0.07463938742876053,43.0
S9,DELTA,,,,,,,,,,1,64,64,1.0,1.0,1,0.0,0.0,,,,,,,,,,,,,,,,,,,,,,,,,,,,0.0018903531599789858,64.0
S9,DELTA,,,,,,,,,,2,64,64,1.0,1.0,1,0.0,0.0,,,,,,,,,,,,,,,,,,,,,,,,,,,,0.03245724365115166,61.0
S9,DELTA,,,,,,,,,,3,64,44,0.6875,0.6875,2,20.0,0.3125,,,,,,,,,,,,,,,,,,,,,,,,,,,,0.023791786283254623,59.0
S9,DELTA,,,,,,,,,,4,64,0,0.0,1.0,1,64.0,1.0,,,,,,,,,,,,,,,,,,,,,,,,,,,,7.583105150754665e-12,64.0
S9,DELTA,,,,,,,,,,5,64,19,0.296875,0.703125,2,45.0,0.703125,,,,,,,,,,,,,,,,,,,,,,,,,,,,0.00193006731569767,64.0
S9,DELTA,,,,,,,,,,6,64,64,1.0,1.0,1,0.0,0.0,,,,,,,,,,,,,,,,,,,,,,,,,,,,0.0008155780378729105,64.0
S9,DELTA,,,,,,,,,,7,64,64,1.0,1.0,1,0.0,0.0,,,,,,,,,,,,,,,,,,,,,,,,,,,,0.0006720175733789802,64.0
S9,DELTA,,,,,,,,,,8,64,64,1.0,1.0,1,0.0,0.0,,,,,,,,,,,,,,,,,,,,,,,,,,,,0.0019121350487694144,64.0
S9,DELTA,,,,,,,,,,9,21,21,1.0,1.0,1,0.0,0.0,,,,,,,,,,,,,,,,,,,,,,,,,,,,0.0002444620768073946,21.0
