Subject,Method,raw_gate,effective_gate,confidence,updated,effective_source_weight,effective_ema_weight,effective_batch_weight,probe_gate,min_gate,batch_index,batch_size,true_class_0_count,true_class_0_ratio,true_class_1_count,true_class_1_ratio,true_max_class_ratio,true_num_present_classes,g_mi,effective_mi_gate,diversity_norm,sample_entropy_norm,w_source,w_ema,w_batch,rho,n_eff,alpha,entropy_updated,loss_entropy,gate_threshold,gate_aware_ema,dynamic_mixture_weights,pred_class_0_count,pred_class_0_ratio,pred_class_1_count,pred_class_1_ratio,pred_max_class_ratio,pred_num_present_classes,true_imbalance
S1,EMATent,0.9698038101196289,0.9698038101196289,0.6314455270767212,1.0,0.20905885696411133,0.5,0.29094114303588864,0.0,0.0,0,64,47,0.734375,17.0,0.265625,0.734375,2,,,,,,,,,,,,,,,,,,,,,,
S1,EMATent,0.9653634428977966,0.9653634428977966,0.6426746845245361,1.0,0.21039096713066102,0.5,0.289609032869339,0.0,0.0,1,64,19,0.296875,45.0,0.703125,0.703125,2,,,,,,,,,,,,,,,,,,,,,,
S1,EMATent,0.8411892652511597,0.8411892652511597,0.7412459254264832,1.0,0.24764322042465212,0.5,0.2523567795753479,0.0,0.0,2,64,41,0.640625,23.0,0.359375,0.640625,2,,,,,,,,,,,,,,,,,,,,,,
S1,EMATent,0.9941267967224121,0.9941267967224121,0.667651355266571,1.0,0.20176196098327637,0.5,0.29823803901672363,0.0,0.0,3,64,36,0.5625,28.0,0.4375,0.5625,2,,,,,,,,,,,,,,,,,,,,,,
S1,EMATent,0.9533295035362244,0.9533295035362244,0.6331074833869934,1.0,0.2140011489391327,0.5,0.2859988510608673,0.0,0.0,4,10,0,0.0,10.0,1.0,1.0,1,,,,,,,,,,,,,,,,,,,,,,
S1,MIEMATentGateOnly,,,,,,,,,,0,64,47,0.734375,17.0,0.265625,0.734375,2,0.04509161412715912,0.04509161412715912,0.9698038101196289,0.9247121810913086,0.48647251576185224,0.5,0.013527484238147735,,0.0,0.19999999999999996,0.0,0.6476713418960571,0.05,0.0,0.0,52.0,0.8125,12.0,0.1875,0.8125,2.0,0.234375
S1,MIEMATentGateOnly,,,,,,,,,,1,64,19,0.296875,45.0,0.703125,0.703125,2,0.06573796272277832,0.06573796272277832,0.9353523254394531,0.8696143627166748,0.4802786111831665,0.5,0.019721388816833496,,0.0,0.19999999999999996,1.0,0.6478317379951477,0.05,0.0,0.0,46.0,0.71875,18.0,0.28125,0.71875,2.0,0.203125
S1,MIEMATentGateOnly,,,,,,,,,,2,64,41,0.640625,23.0,0.359375,0.640625,2,0.09168687462806702,0.09168687462806702,0.9937057495117188,0.9020189046859741,0.4724939376115799,0.5,0.027506062388420103,,0.0,0.19999999999999996,1.0,0.4253109097480774,0.05,0.0,0.0,2.0,0.03125,62.0,0.96875,0.96875,2.0,0.140625
S1,MIEMATentGateOnly,,,,,,,,,,3,64,36,0.5625,28.0,0.4375,0.5625,2,0.054867539554834366,0.054867539554834366,0.9856811761856079,0.9308136105537415,0.48353973813354967,0.5,0.016460261866450308,,0.0,0.19999999999999996,1.0,0.4836878776550293,0.05,0.0,0.0,48.0,0.75,16.0,0.25,0.75,2.0,0.0625
S1,MIEMATentGateOnly,,,,,,,,,,4,10,0,0.0,10.0,1.0,1.0,1,0.03492528945207596,0.03492528945207596,0.9998923540115356,0.9649670720100403,0.4895224131643772,0.5,0.010477586835622787,,0.0,0.19999999999999996,0.0,0.5306453108787537,0.05,0.0,0.0,10.0,1.0,0.0,0.0,1.0,1.0,0.5
S1,MIDynamicFixedEMARelaxed,,,,,,,,,,0,64,47,0.734375,17.0,0.265625,0.734375,2,0.04240017384290695,0.2853217224524816,0.9999448657035828,0.9575446844100952,0.7680930092986551,0.11777830172035217,0.11412868898099265,0.13295193134189343,18.260590236958823,0.19999999999999996,1.0,0.669032096862793,0.0,0.0,1.0,44.0,0.6875,20.0,0.3125,0.6875,2.0,0.234375
S1,MIDynamicFixedEMARelaxed,,,,,,,,,,1,64,19,0.296875,45.0,0.703125,0.703125,2,0.046608589589595795,0.2943012032067033,0.9993702173233032,0.9527615904808044,0.6603021000315754,0.22197741868574325,0.11772048128268131,0.2515953436258612,37.095867242187836,0.19999999999999996,1.0,0.6552568674087524,0.0,0.0,1.0,38.0,0.59375,26.0,0.40625,0.59375,2.0,0.203125
S1,MIDynamicFixedEMARelaxed,,,,,,,,,,2,64,41,0.640625,23.0,0.359375,0.640625,2,0.08056071400642395,0.35544897405392606,0.9766309857368469,0.8960703015327454,0.5374624063112986,0.32035800406713094,0.14217958962157043,0.37345579586501587,59.844601581639104,0.19999999999999996,1.0,0.5330966114997864,0.0,0.0,1.0,12.0,0.1875,52.0,0.8125,0.8125,2.0,0.140625
S1,MIDynamicFixedEMARelaxed,,,,,,,,,,3,64,36,0.5625,28.0,0.4375,0.5625,2,0.11183851212263107,0.40098038942650593,0.9997583627700806,0.8879198431968689,0.4304834098323053,0.4091244343970923,0.1603921557706024,0.4872803859670841,85.50734650493548,0.19999999999999996,1.0,0.4193651080131531,0.0,0.0,1.0,49.0,0.765625,15.0,0.234375,0.765625,2.0,0.0625
S1,MIDynamicFixedEMARelaxed,,,,,,,,,,4,10,0,0.0,10.0,1.0,1.0,1,0.01930307410657406,0.22504195306506128,0.9999803900718689,0.9806773066520691,0.45843504413067876,0.4515481746432967,0.09001678122602452,0.4962159359945886,87.7577660355861,0.19999999999999996,1.0,0.5515328645706177,0.0,0.0,1.0,10.0,1.0,0.0,0.0,1.0,1.0,0.5
S2,EMATent,0.991064190864563,0.991064190864563,0.6832670569419861,1.0,0.2026807427406311,0.5,0.29731925725936886,0.0,0.0,0,64,50,0.78125,14.0,0.21875,0.78125,2,,,,,,,,,,,,,,,,,,,,,,
S2,EMATent,0.9916173219680786,0.9916173219680786,0.6514747738838196,1.0,0.20251480340957642,0.5,0.29748519659042355,0.0,0.0,1,64,37,0.578125,27.0,0.421875,0.578125,2,,,,,,,,,,,,,,,,,,,,,,
S2,EMATent,0.9771880507469177,0.9771880507469177,0.6616482138633728,1.0,0.20684358477592468,0.5,0.2931564152240753,0.0,0.0,2,64,54,0.84375,10.0,0.15625,0.84375,2,,,,,,,,,,,,,,,,,,,,,,
S2,EMATent,0.9811668395996094,0.9811668395996094,0.6983867883682251,1.0,0.2056499481201172,0.5,0.2943500518798828,0.0,0.0,3,61,22,0.36065573770491804,39.0,0.639344262295082,0.639344262295082,2,,,,,,,,,,,,,,,,,,,,,,
S2,MIEMATentGateOnly,,,,,,,,,,0,64,50,0.78125,14.0,0.21875,0.78125,2,0.1400023102760315,0.1400023102760315,0.991064190864563,0.8510618805885315,0.45799930691719054,0.5,0.042000693082809445,,0.0,0.19999999999999996,1.0,0.6017671227455139,0.05,0.0,0.0,27.0,0.421875,37.0,0.578125,0.578125,2.0,0.28125
S2,MIEMATentGateOnly,,,,,,,,,,1,64,37,0.578125,27.0,0.421875,0.578125,2,0.08979738503694534,0.08979738503694534,0.9955487251281738,0.9057513475418091,0.4730607844889164,0.5,0.0269392155110836,,0.0,0.19999999999999996,1.0,0.6199294924736023,0.05,0.0,0.0,43.0,0.671875,21.0,0.328125,0.671875,2.0,0.078125
S2,MIEMATentGateOnly,,,,,,,,,,2,64,54,0.84375,10.0,0.15625,0.84375,2,0.0885125920176506,0.0885125920176506,0.947319746017456,0.8588071465492249,0.4734462223947048,0.5,0.02655377760529518,,0.0,0.19999999999999996,1.0,0.5807984471321106,0.05,0.0,0.0,54.0,0.84375,10.0,0.15625,0.84375,2.0,0.34375
S2,MIEMATentGateOnly,,,,,,,,,,3,61,22,0.36065573770491804,39.0,0.639344262295082,0.639344262295082,2,0.13993462920188904,0.13993462920188904,0.9998640418052673,0.8599294424057007,0.4580196112394333,0.5,0.04198038876056671,,0.0,0.19999999999999996,1.0,0.5786629915237427,0.05,0.0,0.0,29.0,0.47540983606557374,32.0,0.5245901639344263,0.5245901639344263,2.0,0.139344262295082
S2,MIDynamicFixedEMARelaxed,,,,,,,,,,0,64,50,0.78125,14.0,0.21875,0.78125,2,0.14809030294418335,0.4463425260992194,0.9988215565681458,0.8507312536239624,0.6571521805685753,0.164310808991737,0.17853701043968778,0.20002216908114667,28.565921670350043,0.19999999999999996,1.0,0.5982838273048401,0.0,0.0,1.0,30.0,0.46875,34.0,0.53125,0.53125,2.0,0.28125
S2,MIDynamicFixedEMARelaxed,,,,,,,,,,1,64,37,0.578125,27.0,0.421875,0.578125,2,0.11601021140813828,0.40654244606675927,0.9994129538536072,0.8834027051925659,0.5466665901208508,0.29071643145244536,0.16261697842670372,0.3471725888426064,54.584638218622636,0.19999999999999996,1.0,0.6103546619415283,0.0,0.0,1.0,39.0,0.609375,25.0,0.390625,0.609375,2.0,0.078125
S2,MIDynamicFixedEMARelaxed,,,,,,,,,,2,64,54,0.84375,10.0,0.15625,0.84375,2,0.043743960559368134,0.2882355121997127,0.905055582523346,0.8613116145133972,0.500043409005052,0.384662386115063,0.11529420487988509,0.43479130377216313,73.03171099940425,0.19999999999999996,1.0,0.5745419263839722,0.0,0.0,1.0,58.0,0.90625,6.0,0.09375,0.90625,2.0,0.34375
S2,MIDynamicFixedEMARelaxed,,,,,,,,,,3,61,22,0.36065573770491804,39.0,0.639344262295082,0.639344262295082,2,0.12559032440185547,0.4189485268276104,0.9862912893295288,0.8607009053230286,0.38533860048141244,0.44708198878754335,0.16757941073104418,0.5370866537313517,98.58757113588848,0.19999999999999996,1.0,0.5388496518135071,0.0,0.0,1.0,32.0,0.5245901639344263,29.0,0.47540983606557374,0.5245901639344263,2.0,0.139344262295082
S3,EMATent,0.688866376876831,0.688866376876831,0.8281863927841187,1.0,0.2933400869369507,0.5,0.20665991306304932,0.0,0.0,0,64,50,0.78125,14.0,0.21875,0.78125,2,,,,,,,,,,,,,,,,,,,,,,
S3,EMATent,0.4901903569698334,0.4901903569698334,0.8956398963928223,1.0,0.35294289290905,0.5,0.14705710709095002,0.0,0.0,1,64,6,0.09375,58.0,0.90625,0.90625,2,,,,,,,,,,,,,,,,,,,,,,
S3,EMATent,0.7598853707313538,0.7598853707313538,0.792535126209259,1.0,0.2720343887805939,0.5,0.22796561121940612,0.0,0.0,2,64,43,0.671875,21.0,0.328125,0.671875,2,,,,,,,,,,,,,,,,,,,,,,
S3,EMATent,0.8526715636253357,0.8526715636253357,0.7999535202980042,1.0,0.2441985309123993,0.5,0.2558014690876007,0.0,0.0,3,64,36,0.5625,28.0,0.4375,0.5625,2,,,,,,,,,,,,,,,,,,,,,,
S3,EMATent,0.6330710649490356,0.6330710649490356,0.8405171036720276,1.0,0.3100786805152893,0.5,0.1899213194847107,0.0,0.0,4,11,11,1.0,,,1.0,1,,,,,,,,,,,,,,,,,,,,,,
S3,MIEMATentGateOnly,,,,,,,,,,0,64,50,0.78125,14.0,0.21875,0.78125,2,0.09876877814531326,0.09876877814531326,0.688866376876831,0.5900976061820984,0.47036936655640604,0.5,0.029630633443593977,,0.0,0.19999999999999996,1.0,0.423417329788208,0.05,0.0,0.0,3.0,0.046875,61.0,0.953125,0.953125,2.0,0.28125
S3,MIEMATentGateOnly,,,,,,,,,,1,64,6,0.09375,58.0,0.90625,0.90625,2,0.06719671934843063,0.06719671934843063,0.43296176195144653,0.3657650351524353,0.47984098419547083,0.5,0.02015901580452919,,0.0,0.19999999999999996,1.0,0.3418729305267334,0.05,0.0,0.0,1.0,0.015625,63.0,0.984375,0.984375,2.0,0.40625
S3,MIEMATentGateOnly,,,,,,,,,,2,64,43,0.671875,21.0,0.328125,0.671875,2,0.07263876497745514,0.07263876497745514,0.5393144488334656,0.46667569875717163,0.47820837050676346,0.5,0.021791629493236542,,0.0,0.19999999999999996,1.0,0.5487304925918579,0.05,0.0,0.0,6.0,0.09375,58.0,0.90625,0.90625,2.0,0.171875
S3,MIEMATentGateOnly,,,,,,,,,,3,64,36,0.5625,28.0,0.4375,0.5625,2,0.07816418260335922,0.07816418260335922,0.43549928069114685,0.35733509063720703,0.4765507452189922,0.5,0.023449254781007765,,0.0,0.19999999999999996,1.0,0.48644566535949707,0.05,0.0,0.0,19.0,0.296875,45.0,0.703125,0.703125,2.0,0.0625
S3,MIEMATentGateOnly,,,,,,,,,,4,11,11,1.0,,,1.0,1,0.01638074591755867,0.01638074591755867,0.29419833421707153,0.27781757712364197,0.4950857762247324,0.5,0.004914223775267601,,0.0,0.19999999999999996,0.0,0.553650975227356,0.05,0.0,0.0,0.0,0.0,11.0,1.0,1.0,1.0,0.0
S3,MIDynamicFixedEMARelaxed,,,,,,,,,,0,64,50,0.78125,14.0,0.21875,0.78125,2,0.06024836003780365,0.32090987218913725,0.923130989074707,0.8628826141357422,0.742421416065134,0.1292146350592111,0.12836394887565492,0.1482437938317649,20.538231820104784,0.19999999999999996,1.0,0.5261923670768738,0.0,0.0,1.0,4.0,0.0625,60.0,0.9375,0.9375,2.0,0.28125
S3,MIDynamicFixedEMARelaxed,,,,,,,,,,1,64,6,0.09375,58.0,0.90625,0.90625,2,0.05589599534869194,0.3127810053375077,0.7086730599403381,0.6527770757675171,0.6373060400008432,0.2375815578641537,0.12511240213500308,0.27155666447201676,40.55621616170528,0.19999999999999996,1.0,0.41567057371139526,0.0,0.0,1.0,1.0,0.015625,63.0,0.984375,0.984375,2.0,0.40625
S3,MIDynamicFixedEMARelaxed,,,,,,,,,,2,64,43,0.671875,21.0,0.328125,0.671875,2,0.05706607922911644,0.3149965678228011,0.8164637088775635,0.7593976259231567,0.5438852155527893,0.33011615731809024,0.12599862712912044,0.3777066805212672,60.71599650236455,0.19999999999999996,1.0,0.568129301071167,0.0,0.0,1.0,6.0,0.09375,58.0,0.90625,0.90625,2.0,0.171875
S3,MIDynamicFixedEMARelaxed,,,,,,,,,,3,64,36,0.5625,28.0,0.4375,0.5625,2,0.1077723279595375,0.39545826379917925,0.8273667097091675,0.719594419002533,0.42987283545479854,0.4119438590255297,0.15818330551967172,0.4893510211030343,86.02532538551202,0.19999999999999996,1.0,0.5502945780754089,0.0,0.0,1.0,23.0,0.359375,41.0,0.640625,0.640625,2.0,0.0625
S3,MIDynamicFixedEMARelaxed,,,,,,,,,,4,11,11,1.0,,,1.0,1,0.02817939966917038,0.2510804875952815,0.6285688281059265,0.6003894209861755,0.4495577614877406,0.45001004347414675,0.10043219503811261,0.5002513884911796,88.78721074906012,0.19999999999999996,1.0,0.5889360904693604,0.0,0.0,1.0,0.0,0.0,11.0,1.0,1.0,1.0,0.0
S4,EMATent,0.969338595867157,0.969338595867157,0.7644387483596802,1.0,0.2091984212398529,0.5,0.29080157876014706,0.0,0.0,0,64,35,0.546875,29.0,0.453125,0.546875,2,,,,,,,,,,,,,,,,,,,,,,
S4,EMATent,0.7471837997436523,0.7471837997436523,0.8123607635498047,1.0,0.2758448600769043,0.5,0.2241551399230957,0.0,0.0,1,64,20,0.3125,44.0,0.6875,0.6875,2,,,,,,,,,,,,,,,,,,,,,,
S4,EMATent,0.8251182436943054,0.8251182436943054,0.7410760521888733,1.0,0.2524645268917084,0.5,0.2475354731082916,0.0,0.0,2,64,35,0.546875,29.0,0.453125,0.546875,2,,,,,,,,,,,,,,,,,,,,,,
S4,EMATent,0.9633904099464417,0.9633904099464417,0.7641057968139648,1.0,0.21098287701606752,0.5,0.2890171229839325,0.0,0.0,3,64,10,0.15625,54.0,0.84375,0.84375,2,,,,,,,,,,,,,,,,,,,,,,
S4,EMATent,0.8773285746574402,0.8773285746574402,0.7305492758750916,1.0,0.23680142760276796,0.5,0.26319857239723204,0.0,0.0,4,11,0,0.0,11.0,1.0,1.0,1,,,,,,,,,,,,,,,,,,,,,,
S4,MIEMATentGateOnly,,,,,,,,,,0,64,35,0.546875,29.0,0.453125,0.546875,2,0.26092833280563354,0.26092833280563354,0.969338595867157,0.7084102630615234,0.42172150015830995,0.5,0.07827849984169007,,0.0,0.19999999999999996,1.0,0.5641957521438599,0.05,0.0,0.0,24.0,0.375,40.0,0.625,0.625,2.0,0.046875
S4,MIEMATentGateOnly,,,,,,,,,,1,64,20,0.3125,44.0,0.6875,0.6875,2,0.14682047069072723,0.14682047069072723,0.7116789221763611,0.5648584365844727,0.45595385879278183,0.5,0.04404614120721817,,0.0,0.19999999999999996,1.0,0.4537124037742615,0.05,0.0,0.0,5.0,0.078125,59.0,0.921875,0.921875,2.0,0.1875
S4,MIEMATentGateOnly,,,,,,,,,,2,64,35,0.546875,29.0,0.453125,0.546875,2,0.03082329034805298,0.03082329034805298,0.5282465815544128,0.4974232614040375,0.4907530128955841,0.5,0.009246987104415893,,0.0,0.19999999999999996,0.0,0.5840577483177185,0.05,0.0,0.0,5.0,0.078125,59.0,0.921875,0.921875,2.0,0.046875
S4,MIEMATentGateOnly,,,,,,,,,,3,64,10,0.15625,54.0,0.84375,0.84375,2,0.2944832742214203,0.2944832742214203,0.9214792847633362,0.6269959807395935,0.41165501773357394,0.5,0.08834498226642608,,0.0,0.19999999999999996,1.0,0.5092020630836487,0.05,0.0,0.0,18.0,0.28125,46.0,0.71875,0.71875,2.0,0.34375
S4,MIEMATentGateOnly,,,,,,,,,,4,11,0,0.0,11.0,1.0,1.0,1,0.17329753935337067,0.17329753935337067,0.9974047541618347,0.8241072297096252,0.4480107381939888,0.5,0.0519892618060112,,0.0,0.19999999999999996,1.0,0.5243086814880371,0.05,0.0,0.0,10.0,0.9090909090909091,1.0,0.09090909090909091,0.9090909090909091,2.0,0.5
S4,MIDynamicFixedEMARelaxed,,,,,,,,,,0,64,35,0.546875,29.0,0.453125,0.546875,2,0.0572420172393322,0.31532773616944726,0.8592348098754883,0.8019927740097046,0.7464036223755237,0.12746528315669742,0.1261310944677789,0.14586316362757634,20.180975114844625,0.19999999999999996,1.0,0.5713488459587097,0.0,0.0,1.0,14.0,0.21875,50.0,0.78125,0.78125,2.0,0.046875
S4,MIDynamicFixedEMARelaxed,,,,,,,,,,1,64,20,0.3125,44.0,0.6875,0.6875,2,0.11295709013938904,0.402481806085763,0.8612550497055054,0.7482979893684387,0.5859969644223569,0.25301031314333783,0.1609927224343052,0.30155914007971996,45.93981070433345,0.19999999999999996,1.0,0.504831075668335,0.0,0.0,1.0,8.0,0.125,56.0,0.875,0.875,2.0,0.1875
S4,MIDynamicFixedEMARelaxed,,,,,,,,,,2,64,35,0.546875,29.0,0.453125,0.546875,2,0.047368407249450684,0.2958785589901433,0.8518494963645935,0.8044810891151428,0.5310995534015754,0.35054902300236723,0.11835142359605733,0.3976062939183572,64.87603847970263,0.19999999999999996,1.0,0.6091458797454834,0.0,0.0,1.0,13.0,0.203125,51.0,0.796875,0.796875,2.0,0.046875
S4,MIDynamicFixedEMARelaxed,,,,,,,,,,3,64,10,0.15625,54.0,0.84375,0.84375,2,0.14627648890018463,0.4442149851606544,0.9356955289840698,0.7894190549850464,0.39669621301811453,0.4256177929176237,0.17768599406426178,0.5175854841889738,93.30579752998452,0.19999999999999996,1.0,0.5228703022003174,0.0,0.0,1.0,19.0,0.296875,45.0,0.703125,0.703125,2.0,0.34375
S4,MIDynamicFixedEMARelaxed,,,,,,,,,,4,11,0,0.0,11.0,1.0,1.0,1,0.10338848829269409,0.389386723118187,0.9911944270133972,0.8878059387207031,0.3938730464308879,0.45037226432183736,0.1557546892472748,0.5334613750123024,97.58905148428457,0.19999999999999996,1.0,0.543872594833374,0.0,0.0,1.0,10.0,0.9090909090909091,1.0,0.09090909090909091,0.9090909090909091,2.0,0.5
S5,EMATent,0.8246254324913025,0.8246254324913025,0.778480589389801,1.0,0.25261237025260924,0.5,0.24738762974739073,0.0,0.0,0,64,37,0.578125,27.0,0.421875,0.578125,2,,,,,,,,,,,,,,,,,,,,,,
S5,EMATent,0.9869117140769958,0.9869117140769958,0.7603403925895691,1.0,0.20392648577690126,0.5,0.29607351422309874,0.0,0.0,1,64,33,0.515625,31.0,0.484375,0.515625,2,,,,,,,,,,,,,,,,,,,,,,
S5,EMATent,0.9892491698265076,0.9892491698265076,0.7697243690490723,1.0,0.20322524905204775,0.5,0.29677475094795225,0.0,0.0,2,64,24,0.375,40.0,0.625,0.625,2,,,,,,,,,,,,,,,,,,,,,,
S5,EMATent,0.9937434196472168,0.9937434196472168,0.6578773856163025,1.0,0.20187697410583497,0.5,0.298123025894165,0.0,0.0,3,64,36,0.5625,28.0,0.4375,0.5625,2,,,,,,,,,,,,,,,,,,,,,,
S5,EMATent,0.9748944640159607,0.9748944640159607,0.6223530769348145,1.0,0.2075316607952118,0.5,0.2924683392047882,0.0,0.0,4,38,11,0.2894736842105263,27.0,0.7105263157894737,0.7105263157894737,2,,,,,,,,,,,,,,,,,,,,,,
S5,MIEMATentGateOnly,,,,,,,,,,0,64,37,0.578125,27.0,0.421875,0.578125,2,0.1497814953327179,0.1497814953327179,0.8246254324913025,0.6748439073562622,0.4550655514001846,0.5,0.044934448599815366,,0.0,0.19999999999999996,1.0,0.4972291588783264,0.05,0.0,0.0,57.0,0.890625,7.0,0.109375,0.890625,2.0,0.078125
S5,MIEMATentGateOnly,,,,,,,,,,1,64,33,0.515625,31.0,0.484375,0.515625,2,0.27899158000946045,0.27899158000946045,0.9999692440032959,0.7209776043891907,0.4163025259971619,0.5,0.08369747400283813,,0.0,0.19999999999999996,1.0,0.4989895820617676,0.05,0.0,0.0,32.0,0.5,32.0,0.5,0.5,2.0,0.015625
S5,MIEMATentGateOnly,,,,,,,,,,2,64,24,0.375,40.0,0.625,0.625,2,0.3321954607963562,0.3321954607963562,0.982474684715271,0.6502792835235596,0.40034136176109314,0.5,0.09965863823890686,,0.0,0.19999999999999996,1.0,0.5942090153694153,0.05,0.0,0.0,42.0,0.65625,22.0,0.34375,0.65625,2.0,0.125
S5,MIEMATentGateOnly,,,,,,,,,,3,64,36,0.5625,28.0,0.4375,0.5625,2,0.15178465843200684,0.15178465843200684,0.9907301068305969,0.8389454483985901,0.45446460247039794,0.5,0.04553539752960205,,0.0,0.19999999999999996,1.0,0.6102243065834045,0.05,0.0,0.0,31.0,0.484375,33.0,0.515625,0.515625,2.0,0.0625
S5,MIEMATentGateOnly,,,,,,,,,,4,38,11,0.2894736842105263,27.0,0.7105263157894737,0.7105263157894737,2,0.13692425191402435,0.13692425191402435,0.9636815786361694,0.8267573118209839,0.4589227244257927,0.5,0.0410772755742073,,0.0,0.19999999999999996,1.0,0.6168613433837891,0.05,0.0,0.0,33.0,0.868421052631579,5.0,0.13157894736842105,0.868421052631579,2.0,0.21052631578947367
S5,MIDynamicFixedEMARelaxed,,,,,,,,,,0,64,37,0.578125,27.0,0.421875,0.578125,2,0.09045479446649551,0.37068133204538023,0.9339779019355774,0.8435231447219849,0.707633238982044,0.14409422819980391,0.1482725328181521,0.16917879691795723,23.723605250904335,0.19999999999999996,1.0,0.5616859197616577,0.0,0.0,1.0,57.0,0.890625,7.0,0.109375,0.890625,2.0,0.078125
S5,MIDynamicFixedEMARelaxed,,,,,,,,,,1,64,33,0.515625,31.0,0.484375,0.515625,2,0.21849630773067474,0.5206922976022339,0.9947959780693054,0.7762996554374695,0.5070070306206004,0.2847160503385061,0.20827691904089357,0.3596157004714279,57.047912297447304,0.19999999999999996,1.0,0.5112085938453674,0.0,0.0,1.0,32.0,0.5,32.0,0.5,0.5,2.0,0.015625
S5,MIDynamicFixedEMARelaxed,,,,,,,,,,2,64,24,0.375,40.0,0.625,0.625,2,0.20312269032001495,0.5056222123592495,0.9937864542007446,0.7906637787818909,0.39674697776798007,0.4010041372883201,0.20224888494369983,0.5026682253650248,89.40773388843928,0.19999999999999996,1.0,0.6004785895347595,0.0,0.0,1.0,44.0,0.6875,20.0,0.3125,0.6875,2.0,0.125
S5,MIDynamicFixedEMARelaxed,,,,,,,,,,3,64,36,0.5625,28.0,0.4375,0.5625,2,0.11768557876348495,0.4087479859018076,0.9999030828475952,0.882217526435852,0.33912052310488006,0.4973802825343969,0.16349919436072305,0.5945962982716857,115.56760498615498,0.19999999999999996,1.0,0.6030386686325073,0.0,0.0,1.0,32.0,0.5,32.0,0.5,0.5,2.0,0.0625
S5,MIDynamicFixedEMARelaxed,,,,,,,,,,4,38,11,0.2894736842105263,27.0,0.7105263157894737,0.7105263157894737,2,0.08005061745643616,0.3546389603727468,0.994262158870697,0.9142115116119385,0.3131295638341075,0.5450148520167938,0.1418555841490987,0.6351085457759218,129.04388548031935,0.19999999999999996,1.0,0.586537778377533,0.0,0.0,1.0,30.0,0.7894736842105263,8.0,0.21052631578947367,0.7894736842105263,2.0,0.21052631578947367
S6,EMATent,0.006538752932101488,0.006538752932101488,0.9994693398475647,0.0,0.49803837412036955,0.5,0.0019616258796304464,0.0,0.0,0,64,41,0.640625,23.0,0.359375,0.640625,2,,,,,,,,,,,,,,,,,,,,,,
S6,EMATent,0.48831188678741455,0.48831188678741455,0.8938112854957581,1.0,0.3535064339637757,0.5,0.14649356603622435,0.0,0.0,1,64,35,0.546875,29.0,0.453125,0.546875,2,,,,,,,,,,,,,,,,,,,,,,
S6,EMATent,0.8689994215965271,0.8689994215965271,0.7110594511032104,1.0,0.23930017352104188,0.5,0.2606998264789581,0.0,0.0,2,64,22,0.34375,42.0,0.65625,0.65625,2,,,,,,,,,,,,,,,,,,,,,,
S6,EMATent,0.886746346950531,0.886746346950531,0.6976674795150757,1.0,0.2339760959148407,0.5,0.2660239040851593,0.0,0.0,3,62,29,0.46774193548387094,33.0,0.532258064516129,0.532258064516129,2,,,,,,,,,,,,,,,,,,,,,,
S6,MIEMATentGateOnly,,,,,,,,,,0,64,41,0.640625,23.0,0.359375,0.640625,2,0.002273234538733959,0.002273234538733959,0.006538752932101488,0.004265518393367529,0.4993180296383798,0.5,0.0006819703616201877,,0.0,0.19999999999999996,0.0,0.0036179693415760994,0.05,0.0,0.0,0.0,0.0,64.0,1.0,1.0,1.0,0.140625
S6,MIEMATentGateOnly,,,,,,,,,,1,64,35,0.546875,29.0,0.453125,0.546875,2,0.0018403524300083518,0.0018403524300083518,0.005340188276022673,0.0034998359624296427,0.4994478942709975,0.5,0.0005521057290025055,,0.0,0.19999999999999996,0.0,0.6387859582901001,0.05,0.0,0.0,4.0,0.0625,60.0,0.9375,0.9375,2.0,0.046875
S6,MIEMATentGateOnly,,,,,,,,,,2,64,22,0.34375,42.0,0.65625,0.65625,2,0.00020831776782870293,0.00020831776782870293,0.0009670289582572877,0.0007587111904285848,0.49993750466965137,0.5,6.249533034861087e-05,,0.0,0.19999999999999996,0.0,0.6766347289085388,0.05,0.0,0.0,38.0,0.59375,26.0,0.40625,0.59375,2.0,0.15625
S6,MIEMATentGateOnly,,,,,,,,,,3,62,29,0.46774193548387094,33.0,0.532258064516129,0.532258064516129,2,0.0030968382488936186,0.0030968382488936186,0.007662567310035229,0.004565729293972254,0.4990709485253319,0.5,0.0009290514746680855,,0.0,0.19999999999999996,0.0,0.6841322183609009,0.05,0.0,0.0,25.0,0.4032258064516129,37.0,0.5967741935483871,0.5967741935483871,2.0,0.032258064516129004
S6,MIDynamicFixedEMARelaxed,,,,,,,,,,0,64,41,0.640625,23.0,0.359375,0.640625,2,0.027354614809155464,0.24885307519636915,0.9276964068412781,0.900341808795929,0.7951079091378348,0.10535086078361758,0.09954123007854766,0.11699687348573151,15.926596812567626,0.19999999999999996,1.0,0.5275650024414062,0.0,0.0,1.0,1.0,0.015625,63.0,0.984375,0.984375,2.0,0.140625
S6,MIDynamicFixedEMARelaxed,,,,,,,,,,1,64,35,0.546875,29.0,0.453125,0.546875,2,0.020483821630477905,0.22880953194809422,0.920328676700592,0.8998448848724365,0.7154683568748104,0.19300783034595187,0.0915238127792377,0.2124522723445369,30.570406857245658,0.19999999999999996,1.0,0.5346036553382874,0.0,0.0,1.0,0.0,0.0,64.0,1.0,1.0,1.0,0.046875
S6,MIDynamicFixedEMARelaxed,,,,,,,,,,2,64,22,0.34375,42.0,0.65625,0.65625,2,0.024280596524477005,0.24024009121797654,0.909268856048584,0.8849882483482361,0.6312940564280174,0.272609907084792,0.09609603648719062,0.30159167133791287,45.945772695196155,0.19999999999999996,1.0,0.635054349899292,0.0,0.0,1.0,3.0,0.046875,61.0,0.953125,0.953125,2.0,0.15625
S6,MIDynamicFixedEMARelaxed,,,,,,,,,,3,62,29,0.46774193548387094,33.0,0.532258064516129,0.532258064516129,2,0.02450752817094326,0.2408939239941313,0.9023658037185669,0.8778582811355591,0.5616053600635549,0.34203707033879266,0.09635756959765251,0.37850930725607956,60.881195982832295,0.19999999999999996,1.0,0.6569028496742249,0.0,0.0,1.0,1.0,0.016129032258064516,61.0,0.9838709677419355,0.9838709677419355,2.0,0.032258064516129004
S7,EMATent,0.031946662813425064,0.031946662813425064,0.9967011213302612,0.0,0.4904160011559725,0.5,0.00958399884402752,0.0,0.0,0,64,52,0.8125,12.0,0.1875,0.8125,2,,,,,,,,,,,,,,,,,,,,,,
S7,EMATent,0.24194350838661194,0.24194350838661194,0.978613555431366,1.0,0.42741694748401643,0.5,0.07258305251598358,0.0,0.0,1,64,31,0.484375,33.0,0.515625,0.515625,2,,,,,,,,,,,,,,,,,,,,,,
S7,EMATent,0.7933394312858582,0.7933394312858582,0.946856677532196,1.0,0.2619981706142426,0.5,0.23800182938575742,0.0,0.0,2,64,54,0.84375,10.0,0.15625,0.84375,2,,,,,,,,,,,,,,,,,,,,,,
S7,EMATent,0.9966093897819519,0.9966093897819519,0.8436617851257324,1.0,0.20101718306541444,0.5,0.29898281693458556,0.0,0.0,3,38,27,0.7105263157894737,11.0,0.2894736842105263,0.7105263157894737,2,,,,,,,,,,,,,,,,,,,,,,
S7,MIEMATentGateOnly,,,,,,,,,,0,64,52,0.8125,12.0,0.1875,0.8125,2,0.013565139845013618,0.013565139845013618,0.031946662813425064,0.018381524831056595,0.49593045804649594,0.5,0.004069541953504085,,0.0,0.19999999999999996,0.0,0.00455960538238287,0.05,0.0,0.0,64.0,1.0,0.0,0.0,1.0,1.0,0.3125
S7,MIEMATentGateOnly,,,,,,,,,,1,64,31,0.484375,33.0,0.515625,0.515625,2,0.02820644900202751,0.02820644900202751,0.050411149859428406,0.022204700857400894,0.49153806529939176,0.5,0.008461934700608253,,0.0,0.19999999999999996,0.0,0.10134445130825043,0.05,0.0,0.0,63.0,0.984375,1.0,0.015625,0.984375,2.0,0.015625
S7,MIEMATentGateOnly,,,,,,,,,,2,64,54,0.84375,10.0,0.15625,0.84375,2,0.0631709173321724,0.0631709173321724,0.10735854506492615,0.04418763518333435,0.48104872480034827,0.5,0.01895127519965172,,0.0,0.19999999999999996,1.0,0.31544169783592224,0.05,0.0,0.0,50.0,0.78125,14.0,0.21875,0.78125,2.0,0.34375
S7,MIEMATentGateOnly,,,,,,,,,,3,38,27,0.7105263157894737,11.0,0.2894736842105263,0.7105263157894737,2,0.17721328139305115,0.17721328139305115,0.3759225904941559,0.19870930910110474,0.44683601558208463,0.5,0.053163984417915346,,0.0,0.19999999999999996,1.0,0.46291497349739075,0.05,0.0,0.0,14.0,0.3684210526315789,24.0,0.631578947368421,0.631578947368421,2.0,0.21052631578947367
S7,MIDynamicFixedEMARelaxed,,,,,,,,,,0,64,52,0.8125,12.0,0.1875,0.8125,2,0.05155736580491066,0.30435622403532914,0.236843541264534,0.18528617918491364,0.7542785508547271,0.12397895953114126,0.12174248961413166,0.14116470177029317,19.478798338261065,0.19999999999999996,1.0,0.0501338467001915,0.0,0.0,1.0,64.0,1.0,0.0,0.0,1.0,1.0,0.3125
S7,MIDynamicFixedEMARelaxed,,,,,,,,,,1,64,31,0.484375,33.0,0.515625,0.515625,2,0.18063120543956757,0.4825065704089928,0.44554388523101807,0.2649126946926117,0.5445114738037449,0.26248589803265804,0.19300262816359715,0.32526239513685806,50.359218844436604,0.19999999999999996,1.0,0.2612147033214569,0.0,0.0,1.0,58.0,0.90625,6.0,0.09375,0.90625,2.0,0.015625
S7,MIDynamicFixedEMARelaxed,,,,,,,,,,2,64,54,0.84375,10.0,0.15625,0.84375,2,0.33062469959259033,0.6174997648984956,0.8166118264198303,0.4859870970249176,0.3731140261333203,0.37988606790728147,0.24699990595939825,0.5044967071236488,89.87920379794032,0.19999999999999996,1.0,0.4702296257019043,0.0,0.0,1.0,44.0,0.6875,20.0,0.3125,0.6875,2.0,0.34375
S7,MIDynamicFixedEMARelaxed,,,,,,,,,,3,38,27,0.7105263157894737,11.0,0.2894736842105263,0.7105263157894737,2,0.18373602628707886,0.4857799648666762,0.9230161905288696,0.7392801642417908,0.3456059943328463,0.4600820197204833,0.19431198594667048,0.5710424031330195,108.33884246287401,0.19999999999999996,1.0,0.49257349967956543,0.0,0.0,1.0,17.0,0.4473684210526316,21.0,0.5526315789473685,0.5526315789473685,2.0,0.21052631578947367
S8,EMATent,0.997788667678833,0.997788667678833,0.8655735850334167,1.0,0.2006633996963501,0.5,0.2993366003036499,0.0,0.0,0,64,52,0.8125,12.0,0.1875,0.8125,2,,,,,,,,,,,,,,,,,,,,,,
S8,EMATent,0.1426773965358734,0.1426773965358734,0.9797794222831726,0.0,0.457196781039238,0.5,0.04280321896076202,0.0,0.0,1,64,9,0.140625,55.0,0.859375,0.859375,2,,,,,,,,,,,,,,,,,,,,,,
S8,EMATent,0.9870588779449463,0.9870588779449463,0.8363127708435059,1.0,0.2038823366165161,0.5,0.2961176633834839,0.0,0.0,2,64,34,0.53125,30.0,0.46875,0.53125,2,,,,,,,,,,,,,,,,,,,,,,
S8,EMATent,0.4644617736339569,0.4644617736339569,0.9014251828193665,1.0,0.3606614679098129,0.5,0.13933853209018707,0.0,0.0,3,64,34,0.53125,30.0,0.46875,0.53125,2,,,,,,,,,,,,,,,,,,,,,,
S8,EMATent,0.9915264248847961,0.9915264248847961,0.8146069049835205,1.0,0.20254207253456116,0.5,0.2974579274654388,0.0,0.0,4,16,0,0.0,16.0,1.0,1.0,1,,,,,,,,,,,,,,,,,,,,,,
S8,MIEMATentGateOnly,,,,,,,,,,0,64,52,0.8125,12.0,0.1875,0.8125,2,0.5813769698143005,0.5813769698143005,0.997788667678833,0.41641169786453247,0.32558690905570986,0.5,0.17441309094429017,,0.0,0.19999999999999996,1.0,0.2303672581911087,0.05,0.0,0.0,20.0,0.3125,44.0,0.6875,0.6875,2.0,0.3125
S8,MIEMATentGateOnly,,,,,,,,,,1,64,9,0.140625,55.0,0.859375,0.859375,2,0.007314091548323631,0.007314091548323631,0.03284446895122528,0.0255303755402565,0.4978057725355029,0.5,0.002194227464497089,,0.0,0.19999999999999996,0.0,0.1413939744234085,0.05,0.0,0.0,64.0,1.0,0.0,0.0,1.0,1.0,0.359375
S8,MIEMATentGateOnly,,,,,,,,,,2,64,34,0.53125,30.0,0.46875,0.53125,2,0.5645915269851685,0.5645915269851685,0.8274060487747192,0.2628144919872284,0.3306225419044495,0.5,0.16937745809555052,,0.0,0.19999999999999996,1.0,0.44540828466415405,0.05,0.0,0.0,27.0,0.421875,37.0,0.578125,0.578125,2.0,0.03125
S8,MIEMATentGateOnly,,,,,,,,,,3,64,34,0.53125,30.0,0.46875,0.53125,2,0.013103073462843895,0.013103073462843895,0.0702681913971901,0.05716511979699135,0.49606907796114685,0.5,0.003930922038853168,,0.0,0.19999999999999996,0.0,0.42645543813705444,0.05,0.0,0.0,64.0,1.0,0.0,0.0,1.0,1.0,0.03125
S8,MIEMATentGateOnly,,,,,,,,,,4,16,0,0.0,16.0,1.0,1.0,1,0.06669358164072037,0.06669358164072037,0.26228612661361694,0.19559255242347717,0.4799919255077839,0.5,0.02000807449221611,,0.0,0.19999999999999996,1.0,0.4358847737312317,0.05,0.0,0.0,8.0,0.5,8.0,0.5,0.5,2.0,0.5
S8,MIDynamicFixedEMARelaxed,,,,,,,,,,0,64,52,0.8125,12.0,0.1875,0.8125,2,0.5766013860702515,0.7834084596468672,0.9429020881652832,0.3663007318973541,0.464100433091937,0.22253618304931616,0.3133633838587469,0.32409600335607003,50.1381414173995,0.19999999999999996,1.0,0.31164300441741943,0.0,0.0,1.0,20.0,0.3125,44.0,0.6875,0.6875,2.0,0.3125
S8,MIDynamicFixedEMARelaxed,,,,,,,,,,1,64,9,0.140625,55.0,0.859375,0.859375,2,0.14047245681285858,0.43731689850705,0.7673220634460449,0.6268496513366699,0.4481417012330696,0.3769315393641104,0.17492675940282001,0.4568461571863499,78.1264229218507,0.19999999999999996,1.0,0.4512244164943695,0.0,0.0,1.0,59.0,0.921875,5.0,0.078125,0.921875,2.0,0.359375
S8,MIDynamicFixedEMARelaxed,,,,,,,,,,2,64,34,0.53125,30.0,0.46875,0.53125,2,0.4390087127685547,0.6963195932908203,0.991657555103302,0.5526488423347473,0.27665502119993673,0.44481714148373513,0.27852783731632813,0.6165409623416952,122.6908768924632,0.19999999999999996,1.0,0.45372337102890015,0.0,0.0,1.0,37.0,0.578125,27.0,0.421875,0.578125,2.0,0.03125
S8,MIDynamicFixedEMARelaxed,,,,,,,,,,3,64,34,0.53125,30.0,0.46875,0.53125,2,0.041013218462467194,0.2822654848143181,0.6999551057815552,0.6589418649673462,0.2953897040293309,0.5917041020449418,0.11290619392572726,0.6670141285998348,140.75586792057956,0.19999999999999996,1.0,0.5472747087478638,0.0,0.0,1.0,62.0,0.96875,2.0,0.03125,0.96875,2.0,0.03125
S8,MIDynamicFixedEMARelaxed,,,,,,,,,,4,16,0,0.0,16.0,1.0,1.0,1,0.25780585408210754,0.5569712702200293,0.9956141114234924,0.7378082275390625,0.2413953091904746,0.5358161827215137,0.22278850808801176,0.6894084664180309,149.66740824410005,0.19999999999999996,1.0,0.47502821683883667,0.0,0.0,1.0,8.0,0.5,8.0,0.5,0.5,2.0,0.5
S9,EMATent,0.45153293013572693,0.45153293013572693,0.914371907711029,1.0,0.3645401209592819,0.5,0.13545987904071807,0.0,0.0,0,64,63,0.984375,1.0,0.015625,0.984375,2,,,,,,,,,,,,,,,,,,,,,,
S9,EMATent,0.9149922728538513,0.9149922728538513,0.7417773008346558,1.0,0.2255023181438446,0.5,0.27449768185615536,0.0,0.0,1,64,37,0.578125,27.0,0.421875,0.578125,2,,,,,,,,,,,,,,,,,,,,,,
S9,EMATent,0.9576489925384521,0.9576489925384521,0.7494685053825378,1.0,0.21270530223846437,0.5,0.28729469776153566,0.0,0.0,2,64,35,0.546875,29.0,0.453125,0.546875,2,,,,,,,,,,,,,,,,,,,,,,
S9,EMATent,0.3148047626018524,0.3148047626018524,0.9431516528129578,1.0,0.4055585712194443,0.5,0.09444142878055573,0.0,0.0,3,64,27,0.421875,37.0,0.578125,0.578125,2,,,,,,,,,,,,,,,,,,,,,,
S9,EMATent,0.9989030957221985,0.9989030957221985,0.5339577198028564,1.0,0.20032907128334046,0.5,0.2996709287166595,0.0,0.0,4,2,0,0.0,2.0,1.0,1.0,1,,,,,,,,,,,,,,,,,,,,,,
S9,MIEMATentGateOnly,,,,,,,,,,0,64,63,0.984375,1.0,0.015625,0.984375,2,0.16422954201698303,0.16422954201698303,0.45153293013572693,0.2873033881187439,0.4507311373949051,0.5,0.04926886260509491,,0.0,0.19999999999999996,1.0,0.2277587503194809,0.05,0.0,0.0,6.0,0.09375,58.0,0.90625,0.90625,2.0,0.484375
S9,MIEMATentGateOnly,,,,,,,,,,1,64,37,0.578125,27.0,0.421875,0.578125,2,0.1722422093153,0.1722422093153,0.8084461688995361,0.636203944683075,0.44832733720541,0.5,0.05167266279458999,,0.0,0.19999999999999996,1.0,0.5507273077964783,0.05,0.0,0.0,14.0,0.21875,50.0,0.78125,0.78125,2.0,0.078125
S9,MIEMATentGateOnly,,,,,,,,,,2,64,35,0.546875,29.0,0.453125,0.546875,2,0.24701927602291107,0.24701927602291107,0.949067234992981,0.7020479440689087,0.4258942171931267,0.5,0.07410578280687331,,0.0,0.19999999999999996,1.0,0.525208055973053,0.05,0.0,0.0,25.0,0.390625,39.0,0.609375,0.609375,2.0,0.046875
S9,MIEMATentGateOnly,,,,,,,,,,3,64,27,0.421875,37.0,0.578125,0.578125,2,0.054015859961509705,0.054015859961509705,0.21803343296051025,0.16401757299900055,0.4837952420115471,0.5,0.01620475798845291,,0.0,0.19999999999999996,1.0,0.2336365133523941,0.05,0.0,0.0,1.0,0.015625,63.0,0.984375,0.984375,2.0,0.078125
S9,MIEMATentGateOnly,,,,,,,,,,4,2,0,0.0,2.0,1.0,1.0,1,0.05663388594985008,0.05663388594985008,0.9228532314300537,0.8662193417549133,0.48300983421504495,0.5,0.016990165784955023,,0.0,0.19999999999999996,1.0,0.6758073568344116,0.05,0.0,0.0,1.0,0.5,1.0,0.5,0.5,2.0,0.5
S9,MIDynamicFixedEMARelaxed,,,,,,,,,,0,64,63,0.984375,1.0,0.015625,0.984375,2,0.21107542514801025,0.5134865105053469,0.7214981913566589,0.5104227662086487,0.6146803512905837,0.17992504450727753,0.20539460420213876,0.2264332025163449,32.8631366723422,0.19999999999999996,1.0,0.33381640911102295,0.0,0.0,1.0,9.0,0.140625,55.0,0.859375,0.859375,2.0,0.484375
S9,MIDynamicFixedEMARelaxed,,,,,,,,,,1,64,37,0.578125,27.0,0.421875,0.578125,2,0.13662473857402802,0.4326650541384873,0.8059914708137512,0.669366717338562,0.5152483805868897,0.3116855977577153,0.17306602165539495,0.3769171492767319,60.55370013720539,0.19999999999999996,1.0,0.5200023055076599,0.0,0.0,1.0,12.0,0.1875,52.0,0.8125,0.8125,2.0,0.078125
S9,MIDynamicFixedEMARelaxed,,,,,,,,,,2,64,35,0.546875,29.0,0.453125,0.546875,2,0.16987113654613495,0.470938836740465,0.8563266396522522,0.686455488204956,0.3996113905864346,0.41201307471737947,0.188375534696186,0.5076400383804982,90.69378568859514,0.19999999999999996,1.0,0.5629104375839233,0.0,0.0,1.0,28.0,0.4375,36.0,0.5625,0.5625,2.0,0.046875
S9,MIDynamicFixedEMARelaxed,,,,,,,,,,3,64,27,0.421875,37.0,0.578125,0.578125,2,0.11464277654886246,0.4047304530311643,0.5896982550621033,0.4750555157661438,0.3370516986473948,0.5010561201401394,0.16189218121246574,0.5978420782006335,116.59653468258966,0.19999999999999996,1.0,0.5262740254402161,0.0,0.0,1.0,6.0,0.09375,58.0,0.90625,0.90625,2.0,0.078125
S9,MIDynamicFixedEMARelaxed,,,,,,,,,,4,2,0,0.0,2.0,1.0,1.0,1,0.0074551040306687355,0.17770864987143759,0.6967566609382629,0.6893015503883362,0.3725352899434416,0.5563812501079834,0.07108345994857504,0.5989572002638494,116.95195198233255,0.19999999999999996,1.0,0.6815191507339478,0.0,0.0,1.0,1.0,0.5,1.0,0.5,0.5,2.0,0.5
S10,EMATent,0.005122745875269175,0.005122745875269175,0.9995972514152527,0.0,0.49846317623741926,0.5,0.0015368237625807523,0.0,0.0,0,64,30,0.46875,34.0,0.53125,0.53125,2,,,,,,,,,,,,,,,,,,,,,,
S10,EMATent,0.03625921532511711,0.03625921532511711,0.9961705207824707,0.0,0.48912223540246486,0.5,0.010877764597535132,0.0,0.0,1,64,55,0.859375,9.0,0.140625,0.859375,2,,,,,,,,,,,,,,,,,,,,,,
S10,EMATent,0.599772036075592,0.599772036075592,0.9240038990974426,1.0,0.3200683891773224,0.5,0.1799316108226776,0.0,0.0,2,64,40,0.625,24.0,0.375,0.625,2,,,,,,,,,,,,,,,,,,,,,,
S10,EMATent,0.2970828413963318,0.2970828413963318,0.957983136177063,1.0,0.41087514758110044,0.5,0.08912485241889953,0.0,0.0,3,64,52,0.8125,12.0,0.1875,0.8125,2,,,,,,,,,,,,,,,,,,,,,,
S10,EMATent,0.6601600646972656,0.6601600646972656,0.8328881859779358,1.0,0.3019519805908203,0.5,0.19804801940917968,0.0,0.0,4,28,5,0.17857142857142858,23.0,0.8214285714285714,0.8214285714285714,2,,,,,,,,,,,,,,,,,,,,,,
S10,MIEMATentGateOnly,,,,,,,,,,0,64,30,0.46875,34.0,0.53125,0.53125,2,0.0009746374562382698,0.0009746374562382698,0.005122745875269175,0.004148108884692192,0.49970760876312853,0.5,0.00029239123687148095,,0.0,0.19999999999999996,0.0,0.0025704833678901196,0.05,0.0,0.0,0.0,0.0,64.0,1.0,1.0,1.0,0.03125
S10,MIEMATentGateOnly,,,,,,,,,,1,64,55,0.859375,9.0,0.140625,0.859375,2,0.0001601951225893572,0.0001601951225893572,0.0012387667084112763,0.0010785715421661735,0.4999519414632232,0.5,4.805853677680716e-05,,0.0,0.19999999999999996,0.0,0.05192149430513382,0.05,0.0,0.0,0.0,0.0,64.0,1.0,1.0,1.0,0.359375
S10,MIEMATentGateOnly,,,,,,,,,,2,64,40,0.625,24.0,0.375,0.625,2,0.0016332584200426936,0.0016332584200426936,0.006559998262673616,0.004926739726215601,0.4995100224739872,0.5,0.000489977526012808,,0.0,0.19999999999999996,0.0,0.2083209902048111,0.05,0.0,0.0,10.0,0.15625,54.0,0.84375,0.84375,2.0,0.125
S10,MIEMATentGateOnly,,,,,,,,,,3,64,52,0.8125,12.0,0.1875,0.8125,2,0.0010804259218275547,0.0010804259218275547,0.00328416028060019,0.0022037343587726355,0.4996758722234517,0.5,0.0003241277765482664,,0.0,0.19999999999999996,0.0,0.18528151512145996,0.05,0.0,0.0,4.0,0.0625,60.0,0.9375,0.9375,2.0,0.3125
S10,MIEMATentGateOnly,,,,,,,,,,4,28,5,0.17857142857142858,23.0,0.8214285714285714,0.8214285714285714,2,2.8402813768479973e-05,2.8402813768479973e-05,0.0002828438882716,0.00025444108177907765,0.49999147915586944,0.5,8.520844130543991e-06,,0.0,0.19999999999999996,0.0,0.5580605268478394,0.05,0.0,0.0,5.0,0.17857142857142858,23.0,0.8214285714285714,0.8214285714285714,2.0,0.3214285714285714
S10,MIDynamicFixedEMARelaxed,,,,,,,,,,0,64,30,0.46875,34.0,0.53125,0.53125,2,0.03544893488287926,0.26945098776676457,0.2856879234313965,0.25023898482322693,0.7797604851617612,0.11245911973153301,0.10778039510670584,0.1260442150281854,17.244863217072933,0.19999999999999996,1.0,0.06456460058689117,0.0,0.0,1.0,0.0,0.0,64.0,1.0,1.0,1.0,0.03125
S10,MIDynamicFixedEMARelaxed,,,,,,,,,,1,64,55,0.859375,9.0,0.140625,0.859375,2,0.019672557711601257,0.22623300577264657,0.18661680817604065,0.1669442504644394,0.7098548235519473,0.19965197413899402,0.09049320230905863,0.21951674758877127,31.723775586522315,0.19999999999999996,1.0,0.049122244119644165,0.0,0.0,1.0,0.0,0.0,64.0,1.0,1.0,1.0,0.359375
S10,MIDynamicFixedEMARelaxed,,,,,,,,,,2,64,40,0.625,24.0,0.375,0.625,2,0.22029221057891846,0.522417673125692,0.5696467161178589,0.34935447573661804,0.47546285699696483,0.3155700737527584,0.2089670692502768,0.39893418021632576,65.15850666656661,0.19999999999999996,1.0,0.3465130925178528,0.0,0.0,1.0,16.0,0.25,48.0,0.75,0.75,2.0,0.125
S10,MIDynamicFixedEMARelaxed,,,,,,,,,,3,64,52,0.8125,12.0,0.1875,0.8125,2,0.12480340152978897,0.4179477240665972,0.37887880206108093,0.25407540798187256,0.40617899228175564,0.4266419180916055,0.16717908962663888,0.5122853098156939,91.90716100682883,0.19999999999999996,1.0,0.38877198100090027,0.0,0.0,1.0,9.0,0.140625,55.0,0.859375,0.859375,2.0,0.3125
S10,MIDynamicFixedEMARelaxed,,,,,,,,,,4,28,5,0.17857142857142858,23.0,0.8214285714285714,0.8214285714285714,2,0.0048482767306268215,0.16266661114028527,0.08946576714515686,0.0846174880862236,0.4400407044302955,0.4948926511135904,0.06506664445611411,0.5293346827118952,96.46182611875682,0.19999999999999996,1.0,0.5156937837600708,0.0,0.0,1.0,5.0,0.17857142857142858,23.0,0.8214285714285714,0.8214285714285714,2.0,0.3214285714285714
S11,EMATent,0.8649926781654358,0.8649926781654358,0.7205193042755127,1.0,0.24050219655036928,0.5,0.25949780344963075,0.0,0.0,0,64,42,0.65625,22.0,0.34375,0.65625,2,,,,,,,,,,,,,,,,,,,,,,
S11,EMATent,0.9110899567604065,0.9110899567604065,0.6943949460983276,1.0,0.22667301297187806,0.5,0.2733269870281219,0.0,0.0,1,64,2,0.03125,62.0,0.96875,0.96875,2,,,,,,,,,,,,,,,,,,,,,,
S11,EMATent,0.7166064977645874,0.7166064977645874,0.8026449680328369,1.0,0.2850180506706238,0.5,0.21498194932937623,0.0,0.0,2,64,27,0.421875,37.0,0.578125,0.578125,2,,,,,,,,,,,,,,,,,,,,,,
S11,EMATent,0.8422386050224304,0.8422386050224304,0.730437159538269,1.0,0.2473284184932709,0.5,0.25267158150672914,0.0,0.0,3,64,26,0.40625,38.0,0.59375,0.59375,2,,,,,,,,,,,,,,,,,,,,,,
S11,EMATent,0.864475429058075,0.864475429058075,0.7319895029067993,1.0,0.24065737128257753,0.5,0.2593426287174225,0.0,0.0,4,44,27,0.6136363636363636,17.0,0.38636363636363635,0.6136363636363636,2,,,,,,,,,,,,,,,,,,,,,,
S11,MIEMATentGateOnly,,,,,,,,,,0,64,42,0.65625,22.0,0.34375,0.65625,2,0.04938223958015442,0.04938223958015442,0.8649926781654358,0.815610408782959,0.48518532812595366,0.5,0.014814671874046325,,0.0,0.19999999999999996,0.0,0.5597835779190063,0.05,0.0,0.0,56.0,0.875,8.0,0.125,0.875,2.0,0.15625
S11,MIEMATentGateOnly,,,,,,,,,,1,64,2,0.03125,62.0,0.96875,0.96875,2,0.06897260993719101,0.06897260993719101,0.8184084892272949,0.7494359016418457,0.4793082170188427,0.5,0.020691782981157304,,0.0,0.19999999999999996,1.0,0.6167263388633728,0.05,0.0,0.0,50.0,0.78125,14.0,0.21875,0.78125,2.0,0.46875
S11,MIEMATentGateOnly,,,,,,,,,,2,64,27,0.421875,37.0,0.578125,0.578125,2,0.05157841369509697,0.05157841369509697,0.5977851152420044,0.5462067127227783,0.4845264758914709,0.5,0.015473524108529091,,0.0,0.19999999999999996,1.0,0.5563488602638245,0.05,0.0,0.0,61.0,0.953125,3.0,0.046875,0.953125,2.0,0.078125
S11,MIEMATentGateOnly,,,,,,,,,,3,64,26,0.40625,38.0,0.59375,0.59375,2,0.0520031675696373,0.0520031675696373,0.6405202150344849,0.5885170698165894,0.4843990497291088,0.5,0.015600950270891189,,0.0,0.19999999999999996,1.0,0.6447069644927979,0.05,0.0,0.0,55.0,0.859375,9.0,0.140625,0.859375,2.0,0.09375
S11,MIEMATentGateOnly,,,,,,,,,,4,44,27,0.6136363636363636,17.0,0.38636363636363635,0.6136363636363636,2,0.03737935423851013,0.03737935423851013,0.4106822609901428,0.3733029067516327,0.48878619372844695,0.5,0.011213806271553039,,0.0,0.19999999999999996,0.0,0.6162664294242859,0.05,0.0,0.0,31.0,0.7045454545454546,13.0,0.29545454545454547,0.7045454545454546,2.0,0.11363636363636365
S11,MIDynamicFixedEMARelaxed,,,,,,,,,,0,64,42,0.65625,22.0,0.34375,0.65625,2,0.0832013338804245,0.35960177280431627,0.9946576356887817,0.911456286907196,0.7152667570531615,0.14089253382511205,0.1438407091217265,0.16456345837300945,23.01451345947624,0.19999999999999996,1.0,0.6135003566741943,0.0,0.0,1.0,43.0,0.671875,21.0,0.328125,0.671875,2.0,0.15625
S11,MIDynamicFixedEMARelaxed,,,,,,,,,,1,64,2,0.03125,62.0,0.96875,0.96875,2,0.07721522450447083,0.3500886479803139,0.9839761853218079,0.9067609906196594,0.6030776410425528,0.25688689976532164,0.14003545919212557,0.29871801402880516,45.42018693021633,0.19999999999999996,1.0,0.6290305256843567,0.0,0.0,1.0,46.0,0.71875,18.0,0.28125,0.71875,2.0,0.46875
S11,MIDynamicFixedEMARelaxed,,,,,,,,,,2,64,27,0.421875,37.0,0.578125,0.578125,2,0.03630983829498291,0.2714962653206657,0.8806934952735901,0.8443836569786072,0.5457721567535246,0.3456293371182091,0.10859850612826627,0.3877369956123752,62.79594791073893,0.19999999999999996,1.0,0.5908883213996887,0.0,0.0,1.0,58.0,0.90625,6.0,0.09375,0.90625,2.0,0.078125
S11,MIDynamicFixedEMARelaxed,,,,,,,,,,3,64,26,0.40625,38.0,0.59375,0.59375,2,0.04097761958837509,0.28218636575381767,0.9035767316818237,0.8625991344451904,0.47167957208275163,0.4154458816157213,0.11287454630152707,0.46830567185701355,80.85587531898327,0.19999999999999996,1.0,0.6607058048248291,0.0,0.0,1.0,49.0,0.765625,15.0,0.234375,0.765625,2.0,0.09375
S11,MIDynamicFixedEMARelaxed,,,,,,,,,,4,44,27,0.6136363636363636,17.0,0.38636363636363635,0.6136363636363636,2,0.028704334050416946,0.2524811810711005,0.8135927319526672,0.7848883867263794,0.4382609353436395,0.46074659222792025,0.10099247242844021,0.5125058223622554,91.96504728611168,0.19999999999999996,1.0,0.645085334777832,0.0,0.0,1.0,26.0,0.5909090909090909,18.0,0.4090909090909091,0.5909090909090909,2.0,0.11363636363636365
S12,EMATent,0.6405250430107117,0.6405250430107117,0.8394060134887695,1.0,0.3078424870967865,0.5,0.1921575129032135,0.0,0.0,0,64,37,0.578125,27.0,0.421875,0.578125,2,,,,,,,,,,,,,,,,,,,,,,
S12,EMATent,0.7517622113227844,0.7517622113227844,0.7865943908691406,1.0,0.2744713366031647,0.5,0.2255286633968353,0.0,0.0,1,64,31,0.484375,33.0,0.515625,0.515625,2,,,,,,,,,,,,,,,,,,,,,,
S12,EMATent,0.5000348091125488,0.5000348091125488,0.8899606466293335,1.0,0.3499895572662354,0.5,0.15001044273376465,0.0,0.0,2,64,38,0.59375,26.0,0.40625,0.59375,2,,,,,,,,,,,,,,,,,,,,,,
S12,EMATent,0.9379288554191589,0.9379288554191589,0.6739659905433655,1.0,0.21862134337425232,0.5,0.2813786566257477,0.0,0.0,3,56,20,0.35714285714285715,36.0,0.6428571428571429,0.6428571428571429,2,,,,,,,,,,,,,,,,,,,,,,
S12,MIEMATentGateOnly,,,,,,,,,,0,64,37,0.578125,27.0,0.421875,0.578125,2,0.07644297927618027,0.07644297927618027,0.6405250430107117,0.5640820860862732,0.47706710621714593,0.5,0.02293289378285408,,0.0,0.19999999999999996,1.0,0.405454158782959,0.05,0.0,0.0,61.0,0.953125,3.0,0.046875,0.953125,2.0,0.078125
S12,MIEMATentGateOnly,,,,,,,,,,1,64,31,0.484375,33.0,0.515625,0.515625,2,0.06467136740684509,0.06467136740684509,0.5762202143669128,0.5115488767623901,0.48059858977794645,0.5,0.019401410222053526,,0.0,0.19999999999999996,1.0,0.5512793064117432,0.05,0.0,0.0,59.0,0.921875,5.0,0.078125,0.921875,2.0,0.015625
S12,MIEMATentGateOnly,,,,,,,,,,2,64,38,0.59375,26.0,0.40625,0.59375,2,0.0566738098859787,0.0566738098859787,0.3454892337322235,0.288815438747406,0.4829978570342064,0.5,0.01700214296579361,,0.0,0.19999999999999996,1.0,0.434261679649353,0.05,0.0,0.0,62.0,0.96875,2.0,0.03125,0.96875,2.0,0.09375
S12,MIEMATentGateOnly,,,,,,,,,,3,56,20,0.35714285714285715,36.0,0.6428571428571429,0.6428571428571429,2,0.0668589398264885,0.0668589398264885,0.46191009879112244,0.39505115151405334,0.47994231805205345,0.5,0.02005768194794655,,0.0,0.19999999999999996,1.0,0.6615334153175354,0.05,0.0,0.0,28.0,0.5,28.0,0.5,0.5,2.0,0.1428571428571429
S12,MIDynamicFixedEMARelaxed,,,,,,,,,,0,64,37,0.578125,27.0,0.421875,0.578125,2,0.043053705245256424,0.28674448117322693,0.9361022710800171,0.8930485248565674,0.7670537089075861,0.11824849862312319,0.11469779246929078,0.13356851210497112,18.351646795086523,0.19999999999999996,1.0,0.5395978689193726,0.0,0.0,1.0,60.0,0.9375,4.0,0.0625,0.9375,2.0,0.078125
S12,MIDynamicFixedEMARelaxed,,,,,,,,,,1,64,31,0.484375,33.0,0.515625,0.515625,2,0.05129021406173706,0.3038260861371945,0.9446329474449158,0.8933427333831787,0.6538617774875358,0.22460778805758638,0.1215304344548778,0.2556807849321554,37.796516307866966,0.19999999999999996,1.0,0.5923466682434082,0.0,0.0,1.0,55.0,0.859375,9.0,0.140625,0.859375,2.0,0.015625
S12,MIDynamicFixedEMARelaxed,,,,,,,,,,2,64,38,0.59375,26.0,0.40625,0.59375,2,0.051524195820093155,0.3042904760733487,0.7682574391365051,0.7167332172393799,0.5614592877044279,0.31682452186623267,0.12171619042933948,0.3607313699897404,57.27110677656128,0.19999999999999996,1.0,0.4978872537612915,0.0,0.0,1.0,61.0,0.953125,3.0,0.046875,0.953125,2.0,0.09375
S12,MIDynamicFixedEMARelaxed,,,,,,,,,,3,56,20,0.35714285714285715,36.0,0.6428571428571429,0.6428571428571429,2,0.038204826414585114,0.2759144945586177,0.8481082916259766,0.8099034428596497,0.5040458601975444,0.38558834197900843,0.11036579782344709,0.4334234689219899,72.72231847184388,0.19999999999999996,1.0,0.6639412641525269,0.0,0.0,1.0,40.0,0.7142857142857143,16.0,0.2857142857142857,0.7142857142857143,2.0,0.1428571428571429
S13,EMATent,0.9381878972053528,0.9381878972053528,0.7188623547554016,1.0,0.21854363083839418,0.5,0.2814563691616058,0.0,0.0,0,64,60,0.9375,4.0,0.0625,0.9375,2,,,,,,,,,,,,,,,,,,,,,,
S13,EMATent,0.9791770577430725,0.9791770577430725,0.7783903479576111,1.0,0.20624688267707825,0.5,0.29375311732292175,0.0,0.0,1,64,25,0.390625,39.0,0.609375,0.609375,2,,,,,,,,,,,,,,,,,,,,,,
S13,EMATent,0.9915527105331421,0.9915527105331421,0.6715999841690063,1.0,0.2025341868400574,0.5,0.29746581315994264,0.0,0.0,2,64,54,0.84375,10.0,0.15625,0.84375,2,,,,,,,,,,,,,,,,,,,,,,
S13,EMATent,0.9812530875205994,0.9812530875205994,0.722773015499115,1.0,0.2056240737438202,0.5,0.2943759262561798,0.0,0.0,3,64,50,0.78125,14.0,0.21875,0.78125,2,,,,,,,,,,,,,,,,,,,,,,
S13,EMATent,0.5275098085403442,0.5275098085403442,0.8806429505348206,1.0,0.34174705743789674,0.5,0.15825294256210326,0.0,0.0,4,21,0,0.0,21.0,1.0,1.0,1,,,,,,,,,,,,,,,,,,,,,,
S13,MIEMATentGateOnly,,,,,,,,,,0,64,60,0.9375,4.0,0.0625,0.9375,2,0.15520548820495605,0.15520548820495605,0.9381878972053528,0.7829824090003967,0.4534383535385132,0.5,0.04656164646148681,,0.0,0.19999999999999996,1.0,0.5702564120292664,0.05,0.0,0.0,39.0,0.609375,25.0,0.390625,0.609375,2.0,0.4375
S13,MIEMATentGateOnly,,,,,,,,,,1,64,25,0.390625,39.0,0.609375,0.609375,2,0.37284594774246216,0.37284594774246216,0.9484869241714478,0.5756409168243408,0.3881462156772614,0.5,0.11185378432273864,,0.0,0.19999999999999996,1.0,0.5367839932441711,0.05,0.0,0.0,34.0,0.53125,30.0,0.46875,0.53125,2.0,0.109375
S13,MIEMATentGateOnly,,,,,,,,,,2,64,54,0.84375,10.0,0.15625,0.84375,2,0.2576141953468323,0.2576141953468323,0.9532274007797241,0.6956132650375366,0.42271574139595036,0.5,0.07728425860404968,,0.0,0.19999999999999996,1.0,0.647040605545044,0.05,0.0,0.0,28.0,0.4375,36.0,0.5625,0.5625,2.0,0.34375
S13,MIEMATentGateOnly,,,,,,,,,,3,64,50,0.78125,14.0,0.21875,0.78125,2,0.21698912978172302,0.21698912978172302,0.998255729675293,0.7812666296958923,0.4349032610654831,0.5,0.06509673893451691,,0.0,0.19999999999999996,1.0,0.5718721151351929,0.05,0.0,0.0,30.0,0.46875,34.0,0.53125,0.53125,2.0,0.28125
S13,MIEMATentGateOnly,,,,,,,,,,4,21,0,0.0,21.0,1.0,1.0,1,0.13500241935253143,0.13500241935253143,0.6234279870986938,0.4884255528450012,0.4594992741942406,0.5,0.040500725805759426,,0.0,0.19999999999999996,1.0,0.4140068292617798,0.05,0.0,0.0,0.0,0.0,21.0,1.0,1.0,1.0,0.5
S13,MIDynamicFixedEMARelaxed,,,,,,,,,,0,64,60,0.9375,4.0,0.0625,0.9375,2,0.08245759457349777,0.35843887401962815,0.9912539720535278,0.9087963700294495,0.7160716066868182,0.1405528437053305,0.14337554960785126,0.16407755305255145,22.9400879372562,0.19999999999999996,1.0,0.6145399808883667,0.0,0.0,1.0,38.0,0.59375,26.0,0.40625,0.59375,2.0,0.4375
S13,MIDynamicFixedEMARelaxed,,,,,,,,,,1,64,25,0.390625,39.0,0.609375,0.609375,2,0.15552477538585663,0.4549296663601732,0.992357075214386,0.8368323445320129,0.5446876215116201,0.2733405119443107,0.18197186654406927,0.33414561280371446,52.055586584307285,0.19999999999999996,1.0,0.5533000826835632,0.0,0.0,1.0,33.0,0.515625,31.0,0.484375,0.515625,2.0,0.109375
S13,MIDynamicFixedEMARelaxed,,,,,,,,,,2,64,54,0.84375,10.0,0.15625,0.84375,2,0.10840427875518799,0.39632324544608755,0.9994426965713501,0.8910384178161621,0.4595764495622875,0.38189425225927753,0.15852929817843503,0.45384141293639324,77.42027429285689,0.19999999999999996,1.0,0.6454643607139587,0.0,0.0,1.0,29.0,0.453125,35.0,0.546875,0.546875,2.0,0.34375
S13,MIDynamicFixedEMARelaxed,,,,,,,,,,3,64,50,0.78125,14.0,0.21875,0.78125,2,0.14508111774921417,0.4428056379012216,0.9999434351921082,0.8548622727394104,0.3601638005834478,0.46271394425606355,0.17712225516048866,0.5623118952455182,105.75983511853508,0.19999999999999996,1.0,0.5917924642562866,0.0,0.0,1.0,38.0,0.59375,26.0,0.40625,0.59375,2.0,0.28125
S13,MIDynamicFixedEMARelaxed,,,,,,,,,,4,21,0,0.0,21.0,1.0,1.0,1,0.08889499306678772,0.36833737045759773,0.8485890626907349,0.7596940398216248,0.35131657423710544,0.5013484775798555,0.1473349481830391,0.5879782178377336,113.49491989814463,0.19999999999999996,1.0,0.5447708964347839,0.0,0.0,1.0,1.0,0.047619047619047616,20.0,0.9523809523809523,0.9523809523809523,2.0,0.5
S14,EMATent,0.787446141242981,0.787446141242981,0.8478305339813232,1.0,0.2637661576271057,0.5,0.23623384237289427,0.0,0.0,0,64,49,0.765625,15.0,0.234375,0.765625,2,,,,,,,,,,,,,,,,,,,,,,
S14,EMATent,0.6340101957321167,0.6340101957321167,0.8412889838218689,1.0,0.309796941280365,0.5,0.190203058719635,0.0,0.0,1,64,46,0.71875,18.0,0.28125,0.71875,2,,,,,,,,,,,,,,,,,,,,,,
S14,EMATent,0.7136307954788208,0.7136307954788208,0.8084434866905212,1.0,0.28591076135635374,0.5,0.21408923864364623,0.0,0.0,2,64,26,0.40625,38.0,0.59375,0.59375,2,,,,,,,,,,,,,,,,,,,,,,
S14,EMATent,0.6319868564605713,0.6319868564605713,0.8409688472747803,1.0,0.3104039430618286,0.5,0.1895960569381714,0.0,0.0,3,52,52,1.0,,,1.0,1,,,,,,,,,,,,,,,,,,,,,,
S14,MIEMATentGateOnly,,,,,,,,,,0,64,49,0.765625,15.0,0.234375,0.765625,2,0.26944461464881897,0.26944461464881897,0.787446141242981,0.5180014967918396,0.4191666156053543,0.5,0.08083338439464569,,0.0,0.19999999999999996,1.0,0.5025192499160767,0.05,0.0,0.0,50.0,0.78125,14.0,0.21875,0.78125,2.0,0.265625
S14,MIEMATentGateOnly,,,,,,,,,,1,64,46,0.71875,18.0,0.28125,0.71875,2,0.07234492897987366,0.07234492897987366,0.5301819443702698,0.4578370451927185,0.4782965213060379,0.5,0.021703478693962098,,0.0,0.19999999999999996,1.0,0.4458734393119812,0.05,0.0,0.0,63.0,0.984375,1.0,0.015625,0.984375,2.0,0.21875
S14,MIEMATentGateOnly,,,,,,,,,,2,64,26,0.40625,38.0,0.59375,0.59375,2,0.08587872236967087,0.08587872236967087,0.5148785710334778,0.4289998412132263,0.47423638328909873,0.5,0.02576361671090126,,0.0,0.19999999999999996,1.0,0.5237104892730713,0.05,0.0,0.0,61.0,0.953125,3.0,0.046875,0.953125,2.0,0.09375
S14,MIEMATentGateOnly,,,,,,,,,,3,52,52,1.0,,,1.0,1,0.047640807926654816,0.047640807926654816,0.36758482456207275,0.31994402408599854,0.4857077576220036,0.5,0.014292242377996443,,0.0,0.19999999999999996,0.0,0.5008190870285034,0.05,0.0,0.0,52.0,1.0,0.0,0.0,1.0,1.0,0.0
S14,MIDynamicFixedEMARelaxed,,,,,,,,,,0,64,49,0.765625,15.0,0.234375,0.765625,2,0.1756710708141327,0.477218195954871,0.9514614343643188,0.7757903337478638,0.6373564937725427,0.17175622784550892,0.1908872783819484,0.21227725538912967,30.541964541111746,0.19999999999999996,1.0,0.5654287934303284,0.0,0.0,1.0,48.0,0.75,16.0,0.25,0.75,2.0,0.265625
S14,MIDynamicFixedEMARelaxed,,,,,,,,,,1,64,46,0.71875,18.0,0.28125,0.71875,2,0.04156536981463432,0.2834882817780302,0.864536464214325,0.8229711055755615,0.6061005947581722,0.2805040925306157,0.11339531271121209,0.3163801145563411,48.68521457490568,0.19999999999999996,1.0,0.501020610332489,0.0,0.0,1.0,62.0,0.96875,2.0,0.03125,0.96875,2.0,0.21875
S14,MIDynamicFixedEMARelaxed,,,,,,,,,,2,64,26,0.40625,38.0,0.59375,0.59375,2,0.06355618685483932,0.3268931716742922,0.8582307696342468,0.7946745753288269,0.5046285348978437,0.3646141964324395,0.1307572686697169,0.419461887100783,69.60637756206037,0.19999999999999996,1.0,0.5638489127159119,0.0,0.0,1.0,60.0,0.9375,4.0,0.0625,0.9375,2.0,0.09375
S14,MIDynamicFixedEMARelaxed,,,,,,,,,,3,52,52,1.0,,,1.0,1,0.032372552901506424,0.2619313677155239,0.7681642770767212,0.7357917428016663,0.46725183823407124,0.42797561467971923,0.10477254708620956,0.47806355053873983,83.22680868326762,0.19999999999999996,1.0,0.5557318329811096,0.0,0.0,1.0,52.0,1.0,0.0,0.0,1.0,1.0,0.0
S15,EMATent,0.9924653768539429,0.9924653768539429,0.6455974578857422,1.0,0.20226038694381715,0.5,0.29773961305618285,0.0,0.0,0,64,50,0.78125,14.0,0.21875,0.78125,2,,,,,,,,,,,,,,,,,,,,,,
S15,EMATent,0.9586362838745117,0.9586362838745117,0.7213993668556213,1.0,0.2124091148376465,0.5,0.2875908851623535,0.0,0.0,1,64,55,0.859375,9.0,0.140625,0.859375,2,,,,,,,,,,,,,,,,,,,,,,
S15,EMATent,0.7463338375091553,0.7463338375091553,0.8026232123374939,1.0,0.2760998487472534,0.5,0.22390015125274657,0.0,0.0,2,64,29,0.453125,35.0,0.546875,0.546875,2,,,,,,,,,,,,,,,,,,,,,,
S15,EMATent,0.628844141960144,0.628844141960144,0.8490086197853088,1.0,0.3113467574119568,0.5,0.1886532425880432,0.0,0.0,3,64,58,0.90625,6.0,0.09375,0.90625,2,,,,,,,,,,,,,,,,,,,,,,
S15,EMATent,0.7876858711242676,0.7876858711242676,0.7767266035079956,1.0,0.26369423866271974,0.5,0.23630576133728026,0.0,0.0,4,64,29,0.453125,35.0,0.546875,0.546875,2,,,,,,,,,,,,,,,,,,,,,,
S15,MIEMATentGateOnly,,,,,,,,,,0,64,50,0.78125,14.0,0.21875,0.78125,2,0.08713758736848831,0.08713758736848831,0.9924653768539429,0.9053277373313904,0.4738587237894535,0.5,0.02614127621054649,,0.0,0.19999999999999996,1.0,0.6412002444267273,0.05,0.0,0.0,34.0,0.53125,30.0,0.46875,0.53125,2.0,0.28125
S15,MIEMATentGateOnly,,,,,,,,,,1,64,55,0.859375,9.0,0.140625,0.859375,2,0.17199468612670898,0.17199468612670898,0.9349013566970825,0.7629066705703735,0.4484015941619873,0.5,0.051598405838012694,,0.0,0.19999999999999996,1.0,0.5800089240074158,0.05,0.0,0.0,37.0,0.578125,27.0,0.421875,0.578125,2.0,0.359375
S15,MIEMATentGateOnly,,,,,,,,,,2,64,29,0.453125,35.0,0.546875,0.546875,2,0.07459265738725662,0.07459265738725662,0.7650666236877441,0.6904739737510681,0.477622202783823,0.5,0.022377797216176987,,0.0,0.19999999999999996,1.0,0.40901443362236023,0.05,0.0,0.0,10.0,0.15625,54.0,0.84375,0.84375,2.0,0.046875
S15,MIEMATentGateOnly,,,,,,,,,,3,64,58,0.90625,6.0,0.09375,0.90625,2,0.05146284028887749,0.05146284028887749,0.6776365041732788,0.6261736750602722,0.48456114791333676,0.5,0.015438852086663245,,0.0,0.19999999999999996,1.0,0.3524780869483948,0.05,0.0,0.0,6.0,0.09375,58.0,0.90625,0.90625,2.0,0.40625
S15,MIEMATentGateOnly,,,,,,,,,,4,64,29,0.453125,35.0,0.546875,0.546875,2,0.05042548477649689,0.05042548477649689,0.6598944067955017,0.609468936920166,0.4848723545670509,0.5,0.015127645432949066,,0.0,0.19999999999999996,1.0,0.461823046207428,0.05,0.0,0.0,16.0,0.25,48.0,0.75,0.75,2.0,0.046875
S15,MIDynamicFixedEMARelaxed,,,,,,,,,,0,64,50,0.78125,14.0,0.21875,0.78125,2,0.07639211416244507,0.34875211048668614,0.994229793548584,0.9178376793861389,0.7228029061232493,0.13769624968207633,0.13950084419467446,0.1600190409869826,22.320135071147913,0.19999999999999996,1.0,0.6457037925720215,0.0,0.0,1.0,38.0,0.59375,26.0,0.40625,0.59375,2.0,0.28125
S15,MIDynamicFixedEMARelaxed,,,,,,,,,,1,64,55,0.859375,9.0,0.140625,0.859375,2,0.10260450839996338,0.38828744649042624,0.9909834861755371,0.8883789777755737,0.5843172219601604,0.2603677994436691,0.1553149785961705,0.3082424724555305,47.170531646535196,0.19999999999999996,1.0,0.5837841033935547,0.0,0.0,1.0,44.0,0.6875,20.0,0.3125,0.6875,2.0,0.359375
S15,MIDynamicFixedEMARelaxed,,,,,,,,,,2,64,29,0.453125,35.0,0.546875,0.546875,2,0.152705118060112,0.4516975200775387,0.908353865146637,0.7556487917900085,0.4521922404424647,0.36712875152651986,0.1806790080310155,0.448089033632886,76.07917293149768,0.19999999999999996,1.0,0.45626839995384216,0.0,0.0,1.0,14.0,0.21875,50.0,0.78125,0.78125,2.0,0.046875
S15,MIDynamicFixedEMARelaxed,,,,,,,,,,3,64,58,0.90625,6.0,0.09375,0.90625,2,0.07937188446521759,0.3535571462546979,0.8557584285736084,0.7763864994049072,0.39707668402527563,0.4615004574728452,0.14142285850187916,0.5375177548607672,98.70683029179835,0.19999999999999996,1.0,0.4135815501213074,0.0,0.0,1.0,16.0,0.25,48.0,0.75,0.75,2.0,0.40625
S15,MIDynamicFixedEMARelaxed,,,,,,,,,,4,64,29,0.453125,35.0,0.546875,0.546875,2,0.09386511892080307,0.37573673372594096,0.868975043296814,0.7751098871231079,0.32566658500717616,0.5240387215024475,0.15029469349037639,0.6167299621265956,122.75398125025858,0.19999999999999996,1.0,0.46011126041412354,0.0,0.0,1.0,31.0,0.484375,33.0,0.515625,0.515625,2.0,0.046875
S16,EMATent,0.9766702055931091,0.9766702055931091,0.7696018815040588,1.0,0.20699893832206728,0.5,0.2930010616779327,0.0,0.0,0,64,60,0.9375,4.0,0.0625,0.9375,2,,,,,,,,,,,,,,,,,,,,,,
S16,EMATent,0.5996695160865784,0.5996695160865784,0.8661725521087646,1.0,0.3200991451740265,0.5,0.1799008548259735,0.0,0.0,1,64,49,0.765625,15.0,0.234375,0.765625,2,,,,,,,,,,,,,,,,,,,,,,
S16,EMATent,0.7740891575813293,0.7740891575813293,0.7742932438850403,1.0,0.2677732527256012,0.5,0.2322267472743988,0.0,0.0,2,64,3,0.046875,61.0,0.953125,0.953125,2,,,,,,,,,,,,,,,,,,,,,,
S16,EMATent,0.7208412289619446,0.7208412289619446,0.8062164783477783,1.0,0.2837476313114166,0.5,0.21625236868858336,0.0,0.0,3,29,27,0.9310344827586207,2.0,0.06896551724137931,0.9310344827586207,2,,,,,,,,,,,,,,,,,,,,,,
S16,MIEMATentGateOnly,,,,,,,,,,0,64,60,0.9375,4.0,0.0625,0.9375,2,0.24880962073802948,0.24880962073802948,0.9766702055931091,0.7278605699539185,0.42535711377859114,0.5,0.07464288622140884,,0.0,0.19999999999999996,1.0,0.5625597834587097,0.05,0.0,0.0,21.0,0.328125,43.0,0.671875,0.671875,2.0,0.4375
S16,MIEMATentGateOnly,,,,,,,,,,1,64,49,0.765625,15.0,0.234375,0.765625,2,0.1250479370355606,0.1250479370355606,0.6351608037948608,0.5101128816604614,0.4624856188893318,0.5,0.03751438111066818,,0.0,0.19999999999999996,1.0,0.30868977308273315,0.05,0.0,0.0,64.0,1.0,0.0,0.0,1.0,1.0,0.265625
S16,MIEMATentGateOnly,,,,,,,,,,2,64,3,0.046875,61.0,0.953125,0.953125,2,0.07634228467941284,0.07634228467941284,0.6480239033699036,0.5716816186904907,0.47709731459617616,0.5,0.022902685403823852,,0.0,0.19999999999999996,1.0,0.4928329586982727,0.05,0.0,0.0,62.0,0.96875,2.0,0.03125,0.96875,2.0,0.453125
S16,MIEMATentGateOnly,,,,,,,,,,3,29,27,0.9310344827586207,2.0,0.06896551724137931,0.9310344827586207,2,0.07966481149196625,0.07966481149196625,0.6122833490371704,0.532618522644043,0.4761005565524101,0.5,0.023899443447589874,,0.0,0.19999999999999996,1.0,0.4463905990123749,0.05,0.0,0.0,28.0,0.9655172413793104,1.0,0.034482758620689655,0.9655172413793104,2.0,0.43103448275862066
S16,MIDynamicFixedEMARelaxed,,,,,,,,,,0,64,60,0.9375,4.0,0.0625,0.9375,2,0.17261305451393127,0.47392054524495486,0.9996596574783325,0.8270465731620789,0.6394490185812443,0.1709827633207738,0.18956821809798197,0.21097736680500245,30.33091489567711,0.19999999999999996,1.0,0.5849262475967407,0.0,0.0,1.0,25.0,0.390625,39.0,0.609375,0.609375,2.0,0.4375
S16,MIDynamicFixedEMARelaxed,,,,,,,,,,1,64,49,0.765625,15.0,0.234375,0.765625,2,0.08353502303361893,0.36012183425700994,0.7468200325965881,0.6632850170135498,0.5640778381469501,0.29187342815024586,0.144048733702804,0.3409930443971142,53.37871228812575,0.19999999999999996,1.0,0.37770265340805054,0.0,0.0,1.0,63.0,0.984375,1.0,0.015625,0.984375,2.0,0.265625
S16,MIDynamicFixedEMARelaxed,,,,,,,,,,2,64,3,0.046875,61.0,0.953125,0.953125,2,0.07326392084360123,0.343605779659098,0.8220519423484802,0.748788058757782,0.4787018456245206,0.3838558425118402,0.1374423118636392,0.44502048708324404,75.36948218630802,0.19999999999999996,1.0,0.5252318978309631,0.0,0.0,1.0,56.0,0.875,8.0,0.125,0.875,2.0,0.453125
S16,MIDynamicFixedEMARelaxed,,,,,,,,,,3,29,27,0.9310344827586207,2.0,0.06896551724137931,0.9310344827586207,2,0.04918893054127693,0.2996071986137632,0.7375407218933105,0.6883518099784851,0.4564123157162803,0.42374480483821436,0.1198428794455053,0.48144222769141176,84.05809094610716,0.19999999999999996,1.0,0.4903024435043335,0.0,0.0,1.0,28.0,0.9655172413793104,1.0,0.034482758620689655,0.9655172413793104,2.0,0.43103448275862066
S17,EMATent,0.9866877794265747,0.9866877794265747,0.7293437123298645,1.0,0.2039936661720276,0.5,0.2960063338279724,0.0,0.0,0,64,27,0.421875,37.0,0.578125,0.578125,2,,,,,,,,,,,,,,,,,,,,,,
S17,EMATent,0.759641170501709,0.759641170501709,0.8158562779426575,1.0,0.2721076488494873,0.5,0.22789235115051268,0.0,0.0,1,64,40,0.625,24.0,0.375,0.625,2,,,,,,,,,,,,,,,,,,,,,,
S17,EMATent,0.683931827545166,0.683931827545166,0.8337676525115967,1.0,0.2948204517364502,0.5,0.2051795482635498,0.0,0.0,2,64,26,0.40625,38.0,0.59375,0.59375,2,,,,,,,,,,,,,,,,,,,,,,
S17,EMATent,0.9560689926147461,0.9560689926147461,0.6856184005737305,1.0,0.21317930221557618,0.5,0.2868206977844238,0.0,0.0,3,64,64,1.0,,,1.0,1,,,,,,,,,,,,,,,,,,,,,,
S17,EMATent,0.8416215777397156,0.8416215777397156,0.7346210479736328,1.0,0.24751352667808535,0.5,0.25248647332191465,0.0,0.0,4,30,17,0.5666666666666667,13.0,0.43333333333333335,0.5666666666666667,2,,,,,,,,,,,,,,,,,,,,,,
S17,MIEMATentGateOnly,,,,,,,,,,0,64,27,0.421875,37.0,0.578125,0.578125,2,0.21100053191184998,0.21100053191184998,0.9866877794265747,0.7756872177124023,0.436699840426445,0.5,0.06330015957355499,,0.0,0.19999999999999996,1.0,0.5348236560821533,0.05,0.0,0.0,26.0,0.40625,38.0,0.59375,0.59375,2.0,0.078125
S17,MIEMATentGateOnly,,,,,,,,,,1,64,40,0.625,24.0,0.375,0.625,2,0.1776161938905716,0.1776161938905716,0.8020915389060974,0.624475359916687,0.4467151418328285,0.5,0.053284858167171475,,0.0,0.19999999999999996,1.0,0.456147164106369,0.05,0.0,0.0,53.0,0.828125,11.0,0.171875,0.828125,2.0,0.125
S17,MIEMATentGateOnly,,,,,,,,,,2,64,26,0.40625,38.0,0.59375,0.59375,2,0.16283583641052246,0.16283583641052246,0.6723248362541199,0.5094889998435974,0.4511492490768433,0.5,0.04885075092315674,,0.0,0.19999999999999996,1.0,0.404597669839859,0.05,0.0,0.0,60.0,0.9375,4.0,0.0625,0.9375,2.0,0.09375
S17,MIEMATentGateOnly,,,,,,,,,,3,64,64,1.0,,,1.0,1,0.16839298605918884,0.16839298605918884,0.8372750282287598,0.6688820123672485,0.4494821041822433,0.5,0.050517895817756654,,0.0,0.19999999999999996,1.0,0.6299818158149719,0.05,0.0,0.0,48.0,0.75,16.0,0.25,0.75,2.0,0.0
S17,MIEMATentGateOnly,,,,,,,,,,4,30,17,0.5666666666666667,13.0,0.43333333333333335,0.5666666666666667,2,0.13962122797966003,0.13962122797966003,0.7050959467887878,0.5654746890068054,0.45811363160610197,0.5,0.04188636839389801,,0.0,0.19999999999999996,1.0,0.5743941068649292,0.05,0.0,0.0,27.0,0.9,3.0,0.1,0.9,2.0,0.06666666666666665
S17,MIDynamicFixedEMARelaxed,,,,,,,,,,0,64,27,0.421875,37.0,0.578125,0.578125,2,0.20832215249538422,0.5107808947860906,0.998767077922821,0.7904449105262756,0.6163507815328075,0.17933686055275624,0.20431235791443625,0.22538600710537537,32.689977266309796,0.19999999999999996,1.0,0.5393500328063965,0.0,0.0,1.0,35.0,0.546875,29.0,0.453125,0.546875,2.0,0.078125
S17,MIDynamicFixedEMARelaxed,,,,,,,,,,1,64,40,0.625,24.0,0.375,0.625,2,0.16673064231872559,0.46749397311815566,0.9049130082130432,0.7381823658943176,0.49849653615732603,0.3145058745954117,0.18699758924726229,0.3868449471191837,62.60959154587176,0.19999999999999996,1.0,0.512225866317749,0.0,0.0,1.0,52.0,0.8125,12.0,0.1875,0.8125,2.0,0.125
S17,MIDynamicFixedEMARelaxed,,,,,,,,,,2,64,26,0.40625,38.0,0.59375,0.59375,2,0.13464659452438354,0.4302480000919774,0.8116180300712585,0.676971435546875,0.4093751228176374,0.4185256771455717,0.17209920003679097,0.5055263591533798,90.14546355175831,0.19999999999999996,1.0,0.4897059500217438,0.0,0.0,1.0,58.0,0.90625,6.0,0.09375,0.90625,2.0,0.09375
S17,MIDynamicFixedEMARelaxed,,,,,,,,,,3,64,64,1.0,,,1.0,1,0.0928841307759285,0.37429208141778736,0.923093855381012,0.8302096724510193,0.34868256675175796,0.501600600681127,0.14971683256711496,0.5899218282722498,114.10015676249671,0.19999999999999996,1.0,0.650776207447052,0.0,0.0,1.0,47.0,0.734375,17.0,0.265625,0.734375,2.0,0.0
S17,MIDynamicFixedEMARelaxed,,,,,,,,,,4,30,17,0.5666666666666667,13.0,0.43333333333333335,0.5666666666666667,2,0.06322813034057617,0.32630683943678485,0.7945418953895569,0.7313137650489807,0.3303017217770332,0.5391755424482528,0.13052273577471393,0.6201145960138064,123.88936194560026,0.19999999999999996,1.0,0.6224037408828735,0.0,0.0,1.0,28.0,0.9333333333333333,2.0,0.06666666666666667,0.9333333333333333,2.0,0.06666666666666665
S18,EMATent,0.7168903350830078,0.7168903350830078,0.8751345872879028,1.0,0.28493289947509765,0.5,0.21506710052490233,0.0,0.0,0,64,13,0.203125,51.0,0.796875,0.796875,2,,,,,,,,,,,,,,,,,,,,,,
S18,EMATent,0.7744734883308411,0.7744734883308411,0.8674075603485107,1.0,0.26765795350074767,0.5,0.2323420464992523,0.0,0.0,1,64,44,0.6875,20.0,0.3125,0.6875,2,,,,,,,,,,,,,,,,,,,,,,
S18,EMATent,0.302703857421875,0.302703857421875,0.9534698724746704,1.0,0.4091888427734375,0.5,0.0908111572265625,0.0,0.0,2,64,24,0.375,40.0,0.625,0.625,2,,,,,,,,,,,,,,,,,,,,,,
S18,EMATent,0.990685760974884,0.990685760974884,0.6367701888084412,1.0,0.2027942717075348,0.5,0.2972057282924652,0.0,0.0,3,63,35,0.5555555555555556,28.0,0.4444444444444444,0.5555555555555556,2,,,,,,,,,,,,,,,,,,,,,,
S18,MIEMATentGateOnly,,,,,,,,,,0,64,13,0.203125,51.0,0.796875,0.796875,2,0.28919780254364014,0.28919780254364014,0.7168903350830078,0.4276925027370453,0.413240659236908,0.5,0.08675934076309204,,0.0,0.19999999999999996,1.0,0.41022539138793945,0.05,0.0,0.0,17.0,0.265625,47.0,0.734375,0.734375,2.0,0.296875
S18,MIEMATentGateOnly,,,,,,,,,,1,64,44,0.6875,20.0,0.3125,0.6875,2,0.5198318958282471,0.5198318958282471,0.8837910890579224,0.3639591336250305,0.3440504312515259,0.5,0.15594956874847413,,0.0,0.19999999999999996,1.0,0.40487074851989746,0.05,0.0,0.0,45.0,0.703125,19.0,0.296875,0.703125,2.0,0.1875
S18,MIEMATentGateOnly,,,,,,,,,,2,64,24,0.375,40.0,0.625,0.625,2,0.22080396115779877,0.22080396115779877,0.33894675970077515,0.11814278364181519,0.4337588116526604,0.5,0.06624118834733962,,0.0,0.19999999999999996,1.0,0.26101186871528625,0.05,0.0,0.0,63.0,0.984375,1.0,0.015625,0.984375,2.0,0.125
S18,MIEMATentGateOnly,,,,,,,,,,3,63,35,0.5555555555555556,28.0,0.4444444444444444,0.5555555555555556,2,0.34621307253837585,0.34621307253837585,0.9888020157814026,0.6425889730453491,0.3961360782384873,0.5,0.10386392176151275,,0.0,0.19999999999999996,1.0,0.6287185549736023,0.05,0.0,0.0,33.0,0.5238095238095238,30.0,0.47619047619047616,0.5238095238095238,2.0,0.05555555555555558
S18,MIDynamicFixedEMARelaxed,,,,,,,,,,0,64,13,0.203125,51.0,0.796875,0.796875,2,0.20521873235702515,0.5077096677897035,0.9528118968009949,0.7475931644439697,0.6182510537803237,0.17866507910379487,0.20308386711588142,0.22419558562227648,32.493418738541024,0.19999999999999996,1.0,0.4964665174484253,0.0,0.0,1.0,22.0,0.34375,42.0,0.65625,0.65625,2.0,0.296875
S18,MIDynamicFixedEMARelaxed,,,,,,,,,,1,64,44,0.6875,20.0,0.3125,0.6875,2,0.3549617826938629,0.636208023048918,0.9864617586135864,0.6315000057220459,0.42078365221763586,0.3247331385627969,0.2544832092195672,0.4355812539417858,73.21073221367178,0.19999999999999996,1.0,0.438606858253479,0.0,0.0,1.0,40.0,0.625,24.0,0.375,0.625,2.0,0.1875
S18,MIDynamicFixedEMARelaxed,,,,,,,,,,2,64,24,0.375,40.0,0.625,0.625,2,0.18532949686050415,0.4874492127453718,0.8032900094985962,0.617960512638092,0.3560901970321581,0.4489301178696932,0.19497968509814873,0.5576630919238692,104.40748182937557,0.19999999999999996,1.0,0.396851122379303,0.0,0.0,1.0,61.0,0.953125,3.0,0.046875,0.953125,2.0,0.125
S18,MIDynamicFixedEMARelaxed,,,,,,,,,,3,63,35,0.5555555555555556,28.0,0.4444444444444444,0.5555555555555556,2,0.18324638903141022,0.48526559036000383,0.999997079372406,0.816750705242157,0.28073939459483865,0.5251543692611598,0.19410623614400155,0.6516421801658181,134.9792140220558,0.19999999999999996,1.0,0.6245793104171753,0.0,0.0,1.0,38.0,0.6031746031746031,25.0,0.3968253968253968,0.6031746031746031,2.0,0.05555555555555558
S19,EMATent,0.8837943077087402,0.8837943077087402,0.7655017375946045,1.0,0.23486170768737794,0.5,0.26513829231262204,0.0,0.0,0,64,42,0.65625,22.0,0.34375,0.65625,2,,,,,,,,,,,,,,,,,,,,,,
S19,EMATent,0.7297794222831726,0.7297794222831726,0.8556562662124634,1.0,0.28106617331504824,0.5,0.2189338266849518,0.0,0.0,1,64,34,0.53125,30.0,0.46875,0.53125,2,,,,,,,,,,,,,,,,,,,,,,
S19,EMATent,0.8992397785186768,0.8992397785186768,0.7208138704299927,1.0,0.23022806644439697,0.5,0.269771933555603,0.0,0.0,2,64,58,0.90625,6.0,0.09375,0.90625,2,,,,,,,,,,,,,,,,,,,,,,
S19,EMATent,0.9561748504638672,0.9561748504638672,0.7124534249305725,1.0,0.21314754486083987,0.5,0.28685245513916013,0.0,0.0,3,9,1,0.1111111111111111,8.0,0.8888888888888888,0.8888888888888888,2,,,,,,,,,,,,,,,,,,,,,,
S19,MIEMATentGateOnly,,,,,,,,,,0,64,42,0.65625,22.0,0.34375,0.65625,2,0.16631634533405304,0.16631634533405304,0.8837943077087402,0.7174779772758484,0.4501050963997841,0.5,0.04989490360021591,,0.0,0.19999999999999996,1.0,0.5558577179908752,0.05,0.0,0.0,49.0,0.765625,15.0,0.234375,0.765625,2.0,0.15625
S19,MIEMATentGateOnly,,,,,,,,,,1,64,34,0.53125,30.0,0.46875,0.53125,2,0.2484368532896042,0.2484368532896042,0.7355726957321167,0.4871358573436737,0.42546894401311874,0.5,0.07453105598688126,,0.0,0.19999999999999996,1.0,0.41802144050598145,0.05,0.0,0.0,11.0,0.171875,53.0,0.828125,0.828125,2.0,0.03125
S19,MIEMATentGateOnly,,,,,,,,,,2,64,58,0.90625,6.0,0.09375,0.90625,2,0.18334709107875824,0.18334709107875824,0.9556632041931152,0.7723160982131958,0.44499587267637253,0.5,0.05500412732362747,,0.0,0.19999999999999996,1.0,0.5741937756538391,0.05,0.0,0.0,55.0,0.859375,9.0,0.140625,0.859375,2.0,0.40625
S19,MIEMATentGateOnly,,,,,,,,,,3,9,1,0.1111111111111111,8.0,0.8888888888888888,0.8888888888888888,2,0.18709295988082886,0.18709295988082886,0.7424565553665161,0.5553635954856873,0.44387211203575133,0.5,0.056127887964248654,,0.0,0.19999999999999996,1.0,0.5419650077819824,0.05,0.0,0.0,8.0,0.8888888888888888,1.0,0.1111111111111111,0.8888888888888888,2.0,0.38888888888888884
S19,MIDynamicFixedEMARelaxed,,,,,,,,,,0,64,42,0.65625,22.0,0.34375,0.65625,2,0.14772114157676697,0.4459105732370453,0.9764067530632019,0.8286855816841125,0.657432376220237,0.16420339448494492,0.17836422929481813,0.19984937406512226,28.5382766871709,0.19999999999999996,1.0,0.5852701663970947,0.0,0.0,1.0,45.0,0.703125,19.0,0.296875,0.703125,2.0,0.15625
S19,MIDynamicFixedEMARelaxed,,,,,,,,,,1,64,34,0.53125,30.0,0.46875,0.53125,2,0.2721388041973114,0.5695023231037545,0.9800181984901428,0.707879364490509,0.4647668733750332,0.30743219738346506,0.2278009292415018,0.3981255728286328,64.98642536581119,0.19999999999999996,1.0,0.5078813433647156,0.0,0.0,1.0,23.0,0.359375,41.0,0.640625,0.640625,2.0,0.03125
S19,MIDynamicFixedEMARelaxed,,,,,,,,,,2,64,58,0.90625,6.0,0.09375,0.90625,2,0.17610052227973938,0.4776789947118968,0.9920297861099243,0.8159292936325073,0.3834328339769596,0.4254955681382817,0.19107159788475872,0.5259990464244633,95.55788102737259,0.19999999999999996,1.0,0.57684725522995,0.0,0.0,1.0,48.0,0.75,16.0,0.25,0.75,2.0,0.40625
S19,MIDynamicFixedEMARelaxed,,,,,,,,,,3,9,1,0.1111111111111111,8.0,0.8888888888888888,0.8888888888888888,2,0.1193123608827591,0.4108745925852334,0.9995660781860352,0.8802537322044373,0.38481953911732747,0.4508306238485792,0.16434983703409337,0.5394968418943185,99.25575236063969,0.19999999999999996,1.0,0.5816972255706787,0.0,0.0,1.0,8.0,0.8888888888888888,1.0,0.1111111111111111,0.8888888888888888,2.0,0.38888888888888884
S20,EMATent,0.9573372006416321,0.9573372006416321,0.695595383644104,1.0,0.21279883980751038,0.5,0.2872011601924896,0.0,0.0,0,64,48,0.75,16.0,0.25,0.75,2,,,,,,,,,,,,,,,,,,,,,,
S20,EMATent,0.9986435770988464,0.9986435770988464,0.6381651163101196,1.0,0.20040692687034609,0.5,0.29959307312965394,0.0,0.0,1,64,34,0.53125,30.0,0.46875,0.53125,2,,,,,,,,,,,,,,,,,,,,,,
S20,EMATent,0.6120180487632751,0.6120180487632751,0.8593736886978149,1.0,0.31639458537101744,0.5,0.18360541462898253,0.0,0.0,2,64,50,0.78125,14.0,0.21875,0.78125,2,,,,,,,,,,,,,,,,,,,,,,
S20,EMATent,0.8252404928207397,0.8252404928207397,0.743047833442688,1.0,0.2524278521537781,0.5,0.24757214784622192,0.0,0.0,3,64,29,0.453125,35.0,0.546875,0.546875,2,,,,,,,,,,,,,,,,,,,,,,
S20,EMATent,0.9909975528717041,0.9909975528717041,0.5738152861595154,1.0,0.20270073413848877,0.5,0.29729926586151123,0.0,0.0,4,27,0,0.0,27.0,1.0,1.0,1,,,,,,,,,,,,,,,,,,,,,,
S20,MIEMATentGateOnly,,,,,,,,,,0,64,48,0.75,16.0,0.25,0.75,2,0.12519881129264832,0.12519881129264832,0.9573372006416321,0.8321384191513062,0.4624403566122055,0.5,0.037559643387794495,,0.0,0.19999999999999996,1.0,0.5837140679359436,0.05,0.0,0.0,45.0,0.703125,19.0,0.296875,0.703125,2.0,0.25
S20,MIEMATentGateOnly,,,,,,,,,,1,64,34,0.53125,30.0,0.46875,0.53125,2,0.1216546818614006,0.1216546818614006,0.9988378882408142,0.8771832585334778,0.4635035954415798,0.5,0.03649640455842018,,0.0,0.19999999999999996,1.0,0.6487160921096802,0.05,0.0,0.0,43.0,0.671875,21.0,0.328125,0.671875,2.0,0.03125
S20,MIEMATentGateOnly,,,,,,,,,,2,64,50,0.78125,14.0,0.21875,0.78125,2,0.1325751543045044,0.1325751543045044,0.7557583451271057,0.6231831908226013,0.4602274537086487,0.5,0.03977254629135132,,0.0,0.19999999999999996,1.0,0.38625895977020264,0.05,0.0,0.0,64.0,1.0,0.0,0.0,1.0,1.0,0.28125
S20,MIEMATentGateOnly,,,,,,,,,,3,64,29,0.453125,35.0,0.546875,0.546875,2,0.11572957783937454,0.11572957783937454,0.8173472285270691,0.7016175985336304,0.46528112664818766,0.5,0.03471887335181236,,0.0,0.19999999999999996,1.0,0.5503341555595398,0.05,0.0,0.0,63.0,0.984375,1.0,0.015625,0.984375,2.0,0.046875
S20,MIEMATentGateOnly,,,,,,,,,,4,27,0,0.0,27.0,1.0,1.0,1,0.05727976933121681,0.05727976933121681,0.9943150877952576,0.937035322189331,0.48281606920063497,0.5,0.017183930799365043,,0.0,0.19999999999999996,1.0,0.6749778985977173,0.05,0.0,0.0,0.0,0.0,27.0,1.0,1.0,1.0,0.5
S20,MIDynamicFixedEMARelaxed,,,,,,,,,,0,64,48,0.75,16.0,0.25,0.75,2,0.048688288778066635,0.29858880610506217,0.9300137162208557,0.8813254237174988,0.7584438364888658,0.12212064106910929,0.11943552244202488,0.13868449634464053,19.10968359072398,0.19999999999999996,1.0,0.5974544882774353,0.0,0.0,1.0,51.0,0.796875,13.0,0.203125,0.796875,2.0,0.25
S20,MIDynamicFixedEMARelaxed,,,,,,,,,,1,64,34,0.53125,30.0,0.46875,0.53125,2,0.04887497425079346,0.2989691663126292,0.982857346534729,0.9339823722839355,0.653022361070763,0.22738997240418532,0.11958766652505169,0.25827667759569795,38.24371023473225,0.19999999999999996,1.0,0.6488759517669678,0.0,0.0,1.0,48.0,0.75,16.0,0.25,0.75,2.0,0.03125
S20,MIDynamicFixedEMARelaxed,,,,,,,,,,2,64,50,0.78125,14.0,0.21875,0.78125,2,0.05324651673436165,0.3076768609037438,0.8254496455192566,0.7722031474113464,0.5576931530161133,0.3192361026223891,0.12307074436149752,0.3640386046762114,57.93502933257185,0.19999999999999996,1.0,0.47046148777008057,0.0,0.0,1.0,64.0,1.0,0.0,0.0,1.0,1.0,0.28125
S20,MIDynamicFixedEMARelaxed,,,,,,,,,,3,64,29,0.453125,35.0,0.546875,0.546875,2,0.06579308211803436,0.3308514598515847,0.8602906465530396,0.7944976091384888,0.4676668171746301,0.39999259888473604,0.1323405839406339,0.46100185335552,79.10952276307327,0.19999999999999996,1.0,0.5777761936187744,0.0,0.0,1.0,61.0,0.953125,3.0,0.046875,0.953125,2.0,0.046875
S20,MIDynamicFixedEMARelaxed,,,,,,,,,,4,27,0,0.0,27.0,1.0,1.0,1,0.019231615588068962,0.22481029054663665,0.9811248779296875,0.9618932604789734,0.4678107891858304,0.4422650945955149,0.08992411621865466,0.48596507442644576,85.17940060783246,0.19999999999999996,1.0,0.6801930665969849,0.0,0.0,1.0,0.0,0.0,27.0,1.0,1.0,1.0,0.5
S21,EMATent,0.9928823113441467,0.9928823113441467,0.6014176607131958,1.0,0.202135306596756,0.5,0.297864693403244,0.0,0.0,0,64,9,0.140625,55.0,0.859375,0.859375,2,,,,,,,,,,,,,,,,,,,,,,
S21,EMATent,0.9539263844490051,0.9539263844490051,0.6299672722816467,1.0,0.21382208466529848,0.5,0.28617791533470155,0.0,0.0,1,64,41,0.640625,23.0,0.359375,0.640625,2,,,,,,,,,,,,,,,,,,,,,,
S21,EMATent,0.9765185117721558,0.9765185117721558,0.6331055164337158,1.0,0.2070444464683533,0.5,0.2929555535316467,0.0,0.0,2,64,2,0.03125,62.0,0.96875,0.96875,2,,,,,,,,,,,,,,,,,,,,,,
S21,EMATent,0.9994267821311951,0.9994267821311951,0.6393885612487793,1.0,0.2001719653606415,0.5,0.29982803463935853,0.0,0.0,3,64,40,0.625,24.0,0.375,0.625,2,,,,,,,,,,,,,,,,,,,,,,
S21,EMATent,0.987297534942627,0.987297534942627,0.5860061645507812,1.0,0.20381073951721193,0.5,0.2961892604827881,0.0,0.0,4,32,0,0.0,32.0,1.0,1.0,1,,,,,,,,,,,,,,,,,,,,,,
S21,MIEMATentGateOnly,,,,,,,,,,0,64,9,0.140625,55.0,0.859375,0.859375,2,0.03980512544512749,0.03980512544512749,0.9928823113441467,0.9530771970748901,0.4880584623664618,0.5,0.011941537633538247,,0.0,0.19999999999999996,0.0,0.6500260829925537,0.05,0.0,0.0,26.0,0.40625,38.0,0.59375,0.59375,2.0,0.359375
S21,MIEMATentGateOnly,,,,,,,,,,1,64,41,0.640625,23.0,0.359375,0.640625,2,0.030419431626796722,0.030419431626796722,0.9693508148193359,0.9389313459396362,0.49087417051196097,0.5,0.009125829488039016,,0.0,0.19999999999999996,0.0,0.6590805649757385,0.05,0.0,0.0,4.0,0.0625,60.0,0.9375,0.9375,2.0,0.140625
S21,MIEMATentGateOnly,,,,,,,,,,2,64,2,0.03125,62.0,0.96875,0.96875,2,0.048066914081573486,0.048066914081573486,0.9892127513885498,0.9411458373069763,0.48557992577552794,0.5,0.014420074224472045,,0.0,0.19999999999999996,0.0,0.6491354703903198,0.05,0.0,0.0,11.0,0.171875,53.0,0.828125,0.828125,2.0,0.46875
S21,MIEMATentGateOnly,,,,,,,,,,3,64,40,0.625,24.0,0.375,0.625,2,0.05943307653069496,0.05943307653069496,0.9996260404586792,0.9401929378509521,0.4821700770407915,0.5,0.01782992295920849,,0.0,0.19999999999999996,1.0,0.6385523080825806,0.05,0.0,0.0,35.0,0.546875,29.0,0.453125,0.546875,2.0,0.125
S21,MIEMATentGateOnly,,,,,,,,,,4,32,0,0.0,32.0,1.0,1.0,1,0.031057143583893776,0.031057143583893776,0.99849534034729,0.9674381613731384,0.4906828569248319,0.5,0.009317143075168132,,0.0,0.19999999999999996,0.0,0.6467841267585754,0.05,0.0,0.0,11.0,0.34375,21.0,0.65625,0.65625,2.0,0.5
S21,MIDynamicFixedEMARelaxed,,,,,,,,,,0,64,9,0.140625,55.0,0.859375,0.859375,2,0.034784264862537384,0.26785486152821214,0.9720213413238525,0.9372370839118958,0.7809414546123787,0.11191660077633632,0.10714194461128486,0.12534646476097733,17.142711137805577,0.19999999999999996,1.0,0.6483900547027588,0.0,0.0,1.0,17.0,0.265625,47.0,0.734375,0.734375,2.0,0.359375
S21,MIDynamicFixedEMARelaxed,,,,,,,,,,1,64,41,0.640625,23.0,0.359375,0.640625,2,0.016816463321447372,0.21671047635226398,0.9499456286430359,0.9331291913986206,0.7168015720913264,0.19651423736776796,0.08668419054090559,0.21516570208518815,31.01218162435047,0.19999999999999996,1.0,0.6612568497657776,0.0,0.0,1.0,4.0,0.0625,60.0,0.9375,0.9375,2.0,0.140625
S21,MIDynamicFixedEMARelaxed,,,,,,,,,,2,64,2,0.03125,62.0,0.96875,0.96875,2,0.04765656590461731,0.2964734546516145,0.9709492325782776,0.9232926368713379,0.5964552411742614,0.2849553769650928,0.11858938186064581,0.3232946950045028,49.9864827220538,0.19999999999999996,1.0,0.6475985646247864,0.0,0.0,1.0,11.0,0.171875,53.0,0.828125,0.828125,2.0,0.46875
S21,MIDynamicFixedEMARelaxed,,,,,,,,,,3,64,40,0.625,24.0,0.375,0.625,2,0.04740048199892044,0.29594486576362633,0.9910221695899963,0.9436216950416565,0.5145391390907597,0.3670829146037898,0.11837794630545054,0.4163722006107743,68.92695413092588,0.19999999999999996,1.0,0.6432240009307861,0.0,0.0,1.0,31.0,0.484375,33.0,0.515625,0.515625,2.0,0.125
S21,MIDynamicFixedEMARelaxed,,,,,,,,,,4,32,0,0.0,32.0,1.0,1.0,1,0.02025517076253891,0.22808859557999894,0.9911954402923584,0.9709402918815613,0.5009829530362745,0.407781608731726,0.09123543823199959,0.448720852338682,76.22578918948585,0.19999999999999996,1.0,0.6472904682159424,0.0,0.0,1.0,9.0,0.28125,23.0,0.71875,0.71875,2.0,0.5
S22,EMATent,0.9619598388671875,0.9619598388671875,0.6637688875198364,1.0,0.21141204833984376,0.5,0.2885879516601562,0.0,0.0,0,64,25,0.390625,39.0,0.609375,0.609375,2,,,,,,,,,,,,,,,,,,,,,,
S22,EMATent,0.9132654666900635,0.9132654666900635,0.7040855884552002,1.0,0.22602035999298098,0.5,0.273979640007019,0.0,0.0,1,64,41,0.640625,23.0,0.359375,0.640625,2,,,,,,,,,,,,,,,,,,,,,,
S22,EMATent,0.9923507571220398,0.9923507571220398,0.5962842702865601,1.0,0.20229477286338807,0.5,0.2977052271366119,0.0,0.0,2,64,36,0.5625,28.0,0.4375,0.5625,2,,,,,,,,,,,,,,,,,,,,,,
S22,EMATent,0.9579033851623535,0.9579033851623535,0.6238859295845032,1.0,0.21262898445129397,0.5,0.28737101554870603,0.0,0.0,3,58,31,0.5344827586206896,27.0,0.46551724137931033,0.5344827586206896,2,,,,,,,,,,,,,,,,,,,,,,
S22,MIEMATentGateOnly,,,,,,,,,,0,64,25,0.390625,39.0,0.609375,0.609375,2,0.07790195196866989,0.07790195196866989,0.9619598388671875,0.884057879447937,0.47662941440939904,0.5,0.023370585590600967,,0.0,0.19999999999999996,1.0,0.6383844017982483,0.05,0.0,0.0,10.0,0.15625,54.0,0.84375,0.84375,2.0,0.109375
S22,MIEMATentGateOnly,,,,,,,,,,1,64,41,0.640625,23.0,0.359375,0.640625,2,0.10539724677801132,0.10539724677801132,0.8305777311325073,0.7251805067062378,0.4683808259665966,0.5,0.0316191740334034,,0.0,0.19999999999999996,1.0,0.6399688124656677,0.05,0.0,0.0,17.0,0.265625,47.0,0.734375,0.734375,2.0,0.140625
S22,MIEMATentGateOnly,,,,,,,,,,2,64,36,0.5625,28.0,0.4375,0.5625,2,0.058006651699543,0.058006651699543,0.8855910301208496,0.8275843858718872,0.4825980044901371,0.5,0.0174019955098629,,0.0,0.19999999999999996,1.0,0.6682827472686768,0.05,0.0,0.0,36.0,0.5625,28.0,0.4375,0.5625,2.0,0.0625
S22,MIEMATentGateOnly,,,,,,,,,,3,58,31,0.5344827586206896,27.0,0.46551724137931033,0.5344827586206896,2,0.0524044893682003,0.0524044893682003,0.7624297142028809,0.7100251913070679,0.4842786531895399,0.5,0.01572134681046009,,0.0,0.19999999999999996,1.0,0.6732292175292969,0.05,0.0,0.0,29.0,0.5,29.0,0.5,0.5,2.0,0.03448275862068961
S22,MIDynamicFixedEMARelaxed,,,,,,,,,,0,64,25,0.390625,39.0,0.609375,0.609375,2,0.04813407361507416,0.29745531045836693,0.9920041561126709,0.9438701272010803,0.75926454505062,0.12175333076603322,0.11898212418334678,0.13819620930298926,19.037139869335483,0.19999999999999996,1.0,0.6658713817596436,0.0,0.0,1.0,33.0,0.515625,31.0,0.484375,0.515625,2.0,0.109375
S22,MIDynamicFixedEMARelaxed,,,,,,,,,,1,64,41,0.640625,23.0,0.359375,0.640625,2,0.05767352133989334,0.31613780855119633,0.9996331334114075,0.9419596195220947,0.64275456238138,0.23079031419814158,0.12645512342047854,0.26419972274559156,39.26995961661205,0.19999999999999996,1.0,0.6579582691192627,0.0,0.0,1.0,23.0,0.359375,41.0,0.640625,0.640625,2.0,0.140625
S22,MIDynamicFixedEMARelaxed,,,,,,,,,,2,64,36,0.5625,28.0,0.4375,0.5625,2,0.035105615854263306,0.2686284342628884,0.9988570213317871,0.9637513756752014,0.5741956654322214,0.31835296086262316,0.10745137370515537,0.35667856235931106,56.46217940943691,0.19999999999999996,1.0,0.668391227722168,0.0,0.0,1.0,34.0,0.53125,30.0,0.46875,0.53125,2.0,0.0625
S22,MIDynamicFixedEMARelaxed,,,,,,,,,,3,58,31,0.5344827586206896,27.0,0.46551724137931033,0.5344827586206896,2,0.013990961015224457,0.2064550535312054,0.9892180562019348,0.9752271175384521,0.5374858620699428,0.3799321165175751,0.08258202141248216,0.41413197188758943,68.43657251424682,0.19999999999999996,1.0,0.6728779077529907,0.0,0.0,1.0,24.0,0.41379310344827586,34.0,0.5862068965517241,0.5862068965517241,2.0,0.03448275862068961
S23,EMATent,0.9985694289207458,0.9985694289207458,0.6469290256500244,1.0,0.20042917132377625,0.5,0.29957082867622375,0.0,0.0,0,64,19,0.296875,45.0,0.703125,0.703125,2,,,,,,,,,,,,,,,,,,,,,,
S23,EMATent,0.8717413544654846,0.8717413544654846,0.7089982032775879,1.0,0.23847759366035462,0.5,0.26152240633964535,0.0,0.0,1,64,38,0.59375,26.0,0.40625,0.59375,2,,,,,,,,,,,,,,,,,,,,,,
S23,EMATent,0.889886200428009,0.889886200428009,0.6928244829177856,1.0,0.2330341398715973,0.5,0.2669658601284027,0.0,0.0,2,64,46,0.71875,18.0,0.28125,0.71875,2,,,,,,,,,,,,,,,,,,,,,,
S23,EMATent,0.8823187351226807,0.8823187351226807,0.7000783085823059,1.0,0.23530437946319582,0.5,0.2646956205368042,0.0,0.0,3,51,21,0.4117647058823529,30.0,0.5882352941176471,0.5882352941176471,2,,,,,,,,,,,,,,,,,,,,,,
S23,MIEMATentGateOnly,,,,,,,,,,0,64,19,0.296875,45.0,0.703125,0.703125,2,0.09483407437801361,0.09483407437801361,0.9985694289207458,0.9037353992462158,0.4715497776865959,0.5,0.02845022231340408,,0.0,0.19999999999999996,1.0,0.6458858251571655,0.05,0.0,0.0,24.0,0.375,40.0,0.625,0.625,2.0,0.203125
S23,MIEMATentGateOnly,,,,,,,,,,1,64,38,0.59375,26.0,0.40625,0.59375,2,0.04048376902937889,0.04048376902937889,0.8854027390480042,0.844918966293335,0.4878548692911863,0.5,0.012145130708813666,,0.0,0.19999999999999996,0.0,0.6023192405700684,0.05,0.0,0.0,63.0,0.984375,1.0,0.015625,0.984375,2.0,0.09375
S23,MIEMATentGateOnly,,,,,,,,,,2,64,46,0.71875,18.0,0.28125,0.71875,2,0.03179546445608139,0.03179546445608139,0.88051438331604,0.8487188816070557,0.4904613606631756,0.5,0.009538639336824417,,0.0,0.19999999999999996,0.0,0.6294211149215698,0.05,0.0,0.0,64.0,1.0,0.0,0.0,1.0,1.0,0.21875
S23,MIEMATentGateOnly,,,,,,,,,,3,51,21,0.4117647058823529,30.0,0.5882352941176471,0.5882352941176471,2,0.069428451359272,0.069428451359272,0.8418284058570862,0.7723999619483948,0.4791714645922184,0.5,0.0208285354077816,,0.0,0.19999999999999996,1.0,0.6306493878364563,0.05,0.0,0.0,51.0,1.0,0.0,0.0,1.0,1.0,0.08823529411764708
S23,MIDynamicFixedEMARelaxed,,,,,,,,,,0,64,19,0.296875,45.0,0.703125,0.703125,2,0.03724851831793785,0.27369887690347816,0.9954320788383484,0.9581835269927979,0.7766242384434942,0.11389621079511454,0.10947955076139126,0.12789847879686012,17.516728121822602,0.19999999999999996,1.0,0.6620771288871765,0.0,0.0,1.0,28.0,0.4375,36.0,0.5625,0.5625,2.0,0.203125
S23,MIDynamicFixedEMARelaxed,,,,,,,,,,1,64,38,0.59375,26.0,0.40625,0.59375,2,0.00803967285901308,0.1806978005635878,0.9346952438354492,0.9266555905342102,0.739173427995416,0.1885474517791489,0.07227912022543513,0.2032372622948464,29.081387357892222,0.19999999999999996,1.0,0.6166497468948364,0.0,0.0,1.0,61.0,0.953125,3.0,0.046875,0.953125,2.0,0.09375
S23,MIDynamicFixedEMARelaxed,,,,,,,,,,2,64,46,0.71875,18.0,0.28125,0.71875,2,0.010951424948871136,0.19418415051687637,0.9316239953041077,0.920672595500946,0.6668790496766943,0.2554472901165551,0.07767366020675055,0.2769597691136271,41.50917299097231,0.19999999999999996,1.0,0.629468560218811,0.0,0.0,1.0,64.0,1.0,0.0,0.0,1.0,1.0,0.21875
S23,MIDynamicFixedEMARelaxed,,,,,,,,,,3,51,21,0.4117647058823529,30.0,0.5882352941176471,0.5882352941176471,2,0.015356331132352352,0.21152859820335504,0.9205774664878845,0.905221164226532,0.6083663755335349,0.3070221851851231,0.08461143928134202,0.3354009415893121,52.297131499343415,0.19999999999999996,1.0,0.6227791905403137,0.0,0.0,1.0,51.0,1.0,0.0,0.0,1.0,1.0,0.08823529411764708
S24,EMATent,0.7971292734146118,0.7971292734146118,0.7587400078773499,1.0,0.26086121797561646,0.5,0.23913878202438354,0.0,0.0,0,64,8,0.125,56.0,0.875,0.875,2,,,,,,,,,,,,,,,,,,,,,,
S24,EMATent,0.9896854162216187,0.9896854162216187,0.6126177906990051,1.0,0.20309437513351442,0.5,0.2969056248664856,0.0,0.0,1,64,49,0.765625,15.0,0.234375,0.765625,2,,,,,,,,,,,,,,,,,,,,,,
S24,EMATent,0.942930281162262,0.942930281162262,0.6459696888923645,1.0,0.2171209156513214,0.5,0.2828790843486786,0.0,0.0,2,64,20,0.3125,44.0,0.6875,0.6875,2,,,,,,,,,,,,,,,,,,,,,,
S24,EMATent,0.9346034526824951,0.9346034526824951,0.6493992805480957,1.0,0.21961896419525148,0.5,0.28038103580474855,0.0,0.0,3,5,0,0.0,5.0,1.0,1.0,1,,,,,,,,,,,,,,,,,,,,,,
S24,MIEMATentGateOnly,,,,,,,,,,0,64,8,0.125,56.0,0.875,0.875,2,0.05302104726433754,0.05302104726433754,0.7971292734146118,0.7441082000732422,0.4840936858206987,0.5,0.015906314179301263,,0.0,0.19999999999999996,1.0,0.5238547325134277,0.05,0.0,0.0,64.0,1.0,0.0,0.0,1.0,1.0,0.375
S24,MIEMATentGateOnly,,,,,,,,,,1,64,49,0.765625,15.0,0.234375,0.765625,2,0.04939530789852142,0.04939530789852142,0.9721775054931641,0.9227821826934814,0.4851814076304436,0.5,0.014818592369556426,,0.0,0.19999999999999996,0.0,0.6368045806884766,0.05,0.0,0.0,49.0,0.765625,15.0,0.234375,0.765625,2.0,0.265625
S24,MIEMATentGateOnly,,,,,,,,,,2,64,20,0.3125,44.0,0.6875,0.6875,2,0.03433169424533844,0.03433169424533844,0.9661188721656799,0.9317871928215027,0.48970049172639846,0.5,0.010299508273601531,,0.0,0.19999999999999996,0.0,0.6603320837020874,0.05,0.0,0.0,10.0,0.15625,54.0,0.84375,0.84375,2.0,0.1875
S24,MIEMATentGateOnly,,,,,,,,,,3,5,0,0.0,5.0,1.0,1.0,1,0.06863526254892349,0.06863526254892349,0.9130939245223999,0.8444586396217346,0.47940942123532293,0.5,0.020590578764677046,,0.0,0.19999999999999996,1.0,0.602400004863739,0.05,0.0,0.0,1.0,0.2,4.0,0.8,0.8,2.0,0.5
S24,MIDynamicFixedEMARelaxed,,,,,,,,,,0,64,8,0.125,56.0,0.875,0.875,2,0.041445668786764145,0.2832238841343534,0.8025652170181274,0.761119544506073,0.7696274336878856,0.11708301265837305,0.11328955365374137,0.1320419908672784,18.126328584598618,0.19999999999999996,1.0,0.528853714466095,0.0,0.0,1.0,64.0,1.0,0.0,0.0,1.0,1.0,0.375
S24,MIDynamicFixedEMARelaxed,,,,,,,,,,1,64,49,0.765625,15.0,0.234375,0.765625,2,0.052699096500873566,0.3066065540240861,0.9411728382110596,0.8884737491607666,0.6532756646725391,0.22408171371782645,0.12264262160963445,0.25540528778470595,37.74914804214013,0.19999999999999996,1.0,0.6186821460723877,0.0,0.0,1.0,55.0,0.859375,9.0,0.140625,0.859375,2.0,0.265625
S24,MIDynamicFixedEMARelaxed,,,,,,,,,,2,64,20,0.3125,44.0,0.6875,0.6875,2,0.026917004957795143,0.2476576243064139,0.9964150190353394,0.9694980382919312,0.5927017055791227,0.3082352446983118,0.09906304972256556,0.34212743145166136,53.59923599775062,0.19999999999999996,1.0,0.6723766326904297,0.0,0.0,1.0,20.0,0.3125,44.0,0.6875,0.6875,2.0,0.1875
S24,MIDynamicFixedEMARelaxed,,,,,,,,,,3,5,0,0.0,5.0,1.0,1.0,1,0.039017703384160995,0.27777609440296075,0.9984734654426575,0.9594557881355286,0.578465172045405,0.3104243901934106,0.1111104377611843,0.3492271744214831,54.98811646976542,0.19999999999999996,1.0,0.6278389692306519,0.0,0.0,1.0,1.0,0.2,4.0,0.8,0.8,2.0,0.5
S25,EMATent,0.8505974411964417,0.8505974411964417,0.723529040813446,1.0,0.24482076764106753,0.5,0.2551792323589325,0.0,0.0,0,64,22,0.34375,42.0,0.65625,0.65625,2,,,,,,,,,,,,,,,,,,,,,,
S25,EMATent,0.8108542561531067,0.8108542561531067,0.7569111585617065,1.0,0.256743723154068,0.5,0.24325627684593198,0.0,0.0,1,64,36,0.5625,28.0,0.4375,0.5625,2,,,,,,,,,,,,,,,,,,,,,,
S25,EMATent,0.9939500093460083,0.9939500093460083,0.5949960350990295,1.0,0.20181499719619753,0.5,0.2981850028038025,0.0,0.0,2,64,40,0.625,24.0,0.375,0.625,2,,,,,,,,,,,,,,,,,,,,,,
S25,EMATent,0.8398346304893494,0.8398346304893494,0.7391260862350464,1.0,0.2480496108531952,0.5,0.2519503891468048,0.0,0.0,3,53,26,0.49056603773584906,27.0,0.5094339622641509,0.5094339622641509,2,,,,,,,,,,,,,,,,,,,,,,
S25,MIEMATentGateOnly,,,,,,,,,,0,64,22,0.34375,42.0,0.65625,0.65625,2,0.02407430298626423,0.02407430298626423,0.8505974411964417,0.8265231847763062,0.4927777091041207,0.5,0.0072222908958792685,,0.0,0.19999999999999996,0.0,0.562048077583313,0.05,0.0,0.0,2.0,0.03125,62.0,0.96875,0.96875,2.0,0.15625
S25,MIEMATentGateOnly,,,,,,,,,,1,64,36,0.5625,28.0,0.4375,0.5625,2,0.06612960994243622,0.06612960994243622,0.7496832013130188,0.6835535764694214,0.48016111701726916,0.5,0.019838882982730864,,0.0,0.19999999999999996,1.0,0.527569591999054,0.05,0.0,0.0,5.0,0.078125,59.0,0.921875,0.921875,2.0,0.0625
S25,MIEMATentGateOnly,,,,,,,,,,2,64,40,0.625,24.0,0.375,0.625,2,0.027868928387761116,0.027868928387761116,0.9149907231330872,0.8871217966079712,0.4916393214836717,0.5,0.008360678516328334,,0.0,0.19999999999999996,0.0,0.6647678017616272,0.05,0.0,0.0,34.0,0.53125,30.0,0.46875,0.53125,2.0,0.125
S25,MIEMATentGateOnly,,,,,,,,,,3,53,26,0.49056603773584906,27.0,0.5094339622641509,0.5094339622641509,2,0.05327901989221573,0.05327901989221573,0.6631415486335754,0.6098625063896179,0.48401629403233526,0.5,0.015983705967664717,,0.0,0.19999999999999996,1.0,0.5382165312767029,0.05,0.0,0.0,21.0,0.39622641509433965,32.0,0.6037735849056604,0.6037735849056604,2.0,0.009433962264150941
S25,MIDynamicFixedEMARelaxed,,,,,,,,,,0,64,22,0.34375,42.0,0.65625,0.65625,2,0.04614010825753212,0.2933222379567364,0.9614052176475525,0.9152650833129883,0.7622629215014537,0.12040818331585179,0.11732889518269457,0.13641341906255533,18.77262322923113,0.19999999999999996,1.0,0.5962244868278503,0.0,0.0,1.0,3.0,0.046875,61.0,0.953125,0.953125,2.0,0.15625
S25,MIDynamicFixedEMARelaxed,,,,,,,,,,1,64,36,0.5625,28.0,0.4375,0.5625,2,0.11125944554805756,0.40020018470002083,0.9104961156845093,0.7992366552352905,0.5938016552719878,0.24611827084800386,0.16008007388000833,0.2930258744841865,44.38543505003246,0.19999999999999996,1.0,0.5589562058448792,0.0,0.0,1.0,11.0,0.171875,53.0,0.828125,0.828125,2.0,0.0625
S25,MIDynamicFixedEMARelaxed,,,,,,,,,,2,64,40,0.625,24.0,0.375,0.625,2,0.041655659675598145,0.2836874637454459,0.9775978922843933,0.9359422326087952,0.5438668191059371,0.34265819539588444,0.11347498549817836,0.38651836078019697,62.541432729741004,0.19999999999999996,1.0,0.6642004251480103,0.0,0.0,1.0,30.0,0.46875,34.0,0.53125,0.53125,2.0,0.125
S25,MIDynamicFixedEMARelaxed,,,,,,,,,,3,53,26,0.49056603773584906,27.0,0.5094339622641509,0.5094339622641509,2,0.09330686181783676,0.3749155471639387,0.8837918639183044,0.7904849648475647,0.44649699905702395,0.40353678207740057,0.14996621886557548,0.4747302884114263,82.41195672942976,0.19999999999999996,1.0,0.5597188472747803,0.0,0.0,1.0,23.0,0.4339622641509434,30.0,0.5660377358490566,0.5660377358490566,2.0,0.009433962264150941
S26,EMATent,0.8667937517166138,0.8667937517166138,0.7683696746826172,1.0,0.23996187448501588,0.5,0.2600381255149841,0.0,0.0,0,64,53,0.828125,11.0,0.171875,0.828125,2,,,,,,,,,,,,,,,,,,,,,,
S26,EMATent,0.9576823711395264,0.9576823711395264,0.7087078094482422,1.0,0.2126952886581421,0.5,0.2873047113418579,0.0,0.0,1,64,43,0.671875,21.0,0.328125,0.671875,2,,,,,,,,,,,,,,,,,,,,,,
S26,EMATent,0.9503657221794128,0.9503657221794128,0.7076343894004822,1.0,0.21489028334617616,0.5,0.28510971665382384,0.0,0.0,2,64,42,0.65625,22.0,0.34375,0.65625,2,,,,,,,,,,,,,,,,,,,,,,
S26,EMATent,0.8511714339256287,0.8511714339256287,0.7425720691680908,1.0,0.24464856982231142,0.5,0.2553514301776886,0.0,0.0,3,64,26,0.40625,38.0,0.59375,0.59375,2,,,,,,,,,,,,,,,,,,,,,,
S26,EMATent,0.8091460466384888,0.8091460466384888,0.754477858543396,1.0,0.25725618600845335,0.5,0.24274381399154663,0.0,0.0,4,47,17,0.3617021276595745,30.0,0.6382978723404256,0.6382978723404256,2,,,,,,,,,,,,,,,,,,,,,,
S26,MIEMATentGateOnly,,,,,,,,,,0,64,53,0.828125,11.0,0.171875,0.828125,2,0.16299182176589966,0.16299182176589966,0.8667937517166138,0.7038019299507141,0.4511024534702301,0.5,0.048897546529769895,,0.0,0.19999999999999996,1.0,0.562634289264679,0.05,0.0,0.0,53.0,0.828125,11.0,0.171875,0.828125,2.0,0.328125
S26,MIEMATentGateOnly,,,,,,,,,,1,64,43,0.671875,21.0,0.328125,0.671875,2,0.21628332138061523,0.21628332138061523,0.9962299466133118,0.7799466252326965,0.43511500358581545,0.5,0.06488499641418456,,0.0,0.19999999999999996,1.0,0.5212920904159546,0.05,0.0,0.0,8.0,0.125,56.0,0.875,0.875,2.0,0.171875
S26,MIEMATentGateOnly,,,,,,,,,,2,64,42,0.65625,22.0,0.34375,0.65625,2,0.2583580017089844,0.2583580017089844,0.997337818145752,0.7389797568321228,0.42249259948730467,0.5,0.07750740051269531,,0.0,0.19999999999999996,1.0,0.5442918539047241,0.05,0.0,0.0,1.0,0.015625,63.0,0.984375,0.984375,2.0,0.15625
S26,MIEMATentGateOnly,,,,,,,,,,3,64,26,0.40625,38.0,0.59375,0.59375,2,0.272735595703125,0.272735595703125,0.9928938746452332,0.7201582789421082,0.41817932128906254,0.5,0.0818206787109375,,0.0,0.19999999999999996,1.0,0.5017421841621399,0.05,0.0,0.0,0.0,0.0,64.0,1.0,1.0,1.0,0.09375
S26,MIEMATentGateOnly,,,,,,,,,,4,47,17,0.3617021276595745,30.0,0.6382978723404256,0.6382978723404256,2,0.16763028502464294,0.16763028502464294,0.9847171306610107,0.8170868158340454,0.44971091449260714,0.5,0.05028908550739288,,0.0,0.19999999999999996,1.0,0.5070390105247498,0.05,0.0,0.0,0.0,0.0,47.0,1.0,1.0,1.0,0.13829787234042556
S26,MIDynamicFixedEMARelaxed,,,,,,,,,,0,64,53,0.828125,11.0,0.171875,0.828125,2,0.10220593214035034,0.3877269626463321,0.9937132000923157,0.8915072679519653,0.6960111653136413,0.14889804962782596,0.15509078505853285,0.1762296433684194,24.814525609365255,0.19999999999999996,1.0,0.6129372715950012,0.0,0.0,1.0,33.0,0.515625,31.0,0.484375,0.515625,2.0,0.328125
S26,MIDynamicFixedEMARelaxed,,,,,,,,,,1,64,43,0.671875,21.0,0.328125,0.671875,2,0.09175670146942139,0.37262231785059585,0.9290210604667664,0.837264358997345,0.581830979876542,0.2691200929832197,0.14904892714023835,0.3162580100860525,48.66235395180339,0.19999999999999996,1.0,0.5521154403686523,0.0,0.0,1.0,10.0,0.15625,54.0,0.84375,0.84375,2.0,0.171875
S26,MIDynamicFixedEMARelaxed,,,,,,,,,,2,64,42,0.65625,22.0,0.34375,0.65625,2,0.09779474884271622,0.3814493676713453,0.9313778877258301,0.8335831165313721,0.4788069140288036,0.36861333890265824,0.15257974706853814,0.4349829233223096,73.0751134827695,0.19999999999999996,1.0,0.559402346611023,0.0,0.0,1.0,3.0,0.046875,61.0,0.953125,0.953125,2.0,0.15625
S26,MIDynamicFixedEMARelaxed,,,,,,,,,,3,64,26,0.40625,38.0,0.59375,0.59375,2,0.08458691835403442,0.3617544724866566,0.9070560932159424,0.822469174861908,0.4032971489695572,0.4520010620357801,0.14470178899466266,0.5284718899440788,96.22739972191552,0.19999999999999996,1.0,0.5322942733764648,0.0,0.0,1.0,0.0,0.0,64.0,1.0,1.0,1.0,0.09375
S26,MIDynamicFixedEMARelaxed,,,,,,,,,,4,47,17,0.3617021276595745,30.0,0.6382978723404256,0.6382978723404256,2,0.07285382598638535,0.34292303112091316,0.8739870190620422,0.8011332154273987,0.3587138467413111,0.5041169408103237,0.13716921244836527,0.5842593334445145,112.34478218459844,0.19999999999999996,1.0,0.5428763628005981,0.0,0.0,1.0,10.0,0.2127659574468085,37.0,0.7872340425531915,0.7872340425531915,2.0,0.13829787234042556
S27,EMATent,0.9182699918746948,0.9182699918746948,0.7786136865615845,1.0,0.22451900243759157,0.5,0.27548099756240846,0.0,0.0,0,64,63,0.984375,1.0,0.015625,0.984375,2,,,,,,,,,,,,,,,,,,,,,,
S27,EMATent,0.9383571147918701,0.9383571147918701,0.7264999151229858,1.0,0.21849286556243896,0.5,0.28150713443756104,0.0,0.0,1,64,15,0.234375,49.0,0.765625,0.765625,2,,,,,,,,,,,,,,,,,,,,,,
S27,EMATent,0.9486163258552551,0.9486163258552551,0.6780998110771179,1.0,0.21541510224342347,0.5,0.2845848977565765,0.0,0.0,2,64,33,0.515625,31.0,0.484375,0.515625,2,,,,,,,,,,,,,,,,,,,,,,
S27,EMATent,0.9464750289916992,0.9464750289916992,0.6687361001968384,1.0,0.21605749130249025,0.5,0.28394250869750975,0.0,0.0,3,64,6,0.09375,58.0,0.90625,0.90625,2,,,,,,,,,,,,,,,,,,,,,,
S27,EMATent,0.8988069295883179,0.8988069295883179,0.720018208026886,1.0,0.23035792112350464,0.5,0.26964207887649533,0.0,0.0,4,64,27,0.421875,37.0,0.578125,0.578125,2,,,,,,,,,,,,,,,,,,,,,,
S27,EMATent,0.47224879264831543,0.47224879264831543,0.8989710211753845,1.0,0.35832536220550537,0.5,0.14167463779449463,0.0,0.0,5,1,0,0.0,1.0,1.0,1.0,1,,,,,,,,,,,,,,,,,,,,,,
S27,MIEMATentGateOnly,,,,,,,,,,0,64,63,0.984375,1.0,0.015625,0.984375,2,0.23735041916370392,0.23735041916370392,0.9182699918746948,0.6809195280075073,0.4287948742508888,0.5,0.07120512574911117,,0.0,0.19999999999999996,1.0,0.6327829360961914,0.05,0.0,0.0,29.0,0.453125,35.0,0.546875,0.546875,2.0,0.484375
S27,MIEMATentGateOnly,,,,,,,,,,1,64,15,0.234375,49.0,0.765625,0.765625,2,0.2272823005914688,0.2272823005914688,0.9170661568641663,0.6897838711738586,0.43181530982255933,0.5,0.06818469017744064,,0.0,0.19999999999999996,1.0,0.6380777359008789,0.05,0.0,0.0,38.0,0.59375,26.0,0.40625,0.59375,2.0,0.265625
S27,MIEMATentGateOnly,,,,,,,,,,2,64,33,0.515625,31.0,0.484375,0.515625,2,0.17510873079299927,0.17510873079299927,0.7483747601509094,0.5732660293579102,0.44746738076210024,0.5,0.05253261923789978,,0.0,0.19999999999999996,1.0,0.6474252343177795,0.05,0.0,0.0,37.0,0.578125,27.0,0.421875,0.578125,2.0,0.015625
S27,MIEMATentGateOnly,,,,,,,,,,3,64,6,0.09375,58.0,0.90625,0.90625,2,0.12106280028820038,0.12106280028820038,0.7387287020683289,0.6176658868789673,0.46368115991353986,0.5,0.036318840086460115,,0.0,0.19999999999999996,1.0,0.5945672988891602,0.05,0.0,0.0,42.0,0.65625,22.0,0.34375,0.65625,2.0,0.40625
S27,MIEMATentGateOnly,,,,,,,,,,4,64,27,0.421875,37.0,0.578125,0.578125,2,0.18182246387004852,0.18182246387004852,0.6123062968254089,0.4304838478565216,0.44545326083898545,0.5,0.05454673916101455,,0.0,0.19999999999999996,1.0,0.5979650616645813,0.05,0.0,0.0,54.0,0.84375,10.0,0.15625,0.84375,2.0,0.078125
S27,MIEMATentGateOnly,,,,,,,,,,5,1,0,0.0,1.0,1.0,1.0,1,0.0,0.0,0.003129965625703335,0.003129965625703335,0.5,0.5,0.0,,0.0,0.19999999999999996,0.0,0.6219507455825806,0.05,0.0,0.0,1.0,1.0,0.0,0.0,1.0,1.0,0.5
S27,MIDynamicFixedEMARelaxed,,,,,,,,,,0,64,63,0.984375,1.0,0.015625,0.984375,2,0.07458096742630005,0.3457856456656959,0.9964058995246887,0.9218249320983887,0.7248739753235949,0.13681176641012668,0.13831425826627838,0.15877222957740933,22.13028132260454,0.19999999999999996,1.0,0.6415215134620667,0.0,0.0,1.0,24.0,0.375,40.0,0.625,0.625,2.0,0.484375
S27,MIDynamicFixedEMARelaxed,,,,,,,,,,1,64,15,0.234375,49.0,0.765625,0.765625,2,0.10594509541988373,0.39294287376569825,0.9882401823997498,0.8822950720787048,0.5825369019615401,0.26028594853218073,0.1571771495062793,0.30882640210775814,47.27862524360923,0.19999999999999996,1.0,0.6277968883514404,0.0,0.0,1.0,40.0,0.625,24.0,0.375,0.625,2.0,0.265625
S27,MIDynamicFixedEMARelaxed,,,,,,,,,,2,64,33,0.515625,31.0,0.484375,0.515625,2,0.045394133776426315,0.2917530921756031,0.9999945163726807,0.9546003341674805,0.5276444610475779,0.35565430208218085,0.11670123687024124,0.4026432696701675,65.95082314284782,0.19999999999999996,1.0,0.6503463983535767,0.0,0.0,1.0,40.0,0.625,24.0,0.375,0.625,2.0,0.015625
S27,MIDynamicFixedEMARelaxed,,,,,,,,,,3,64,6,0.09375,58.0,0.90625,0.90625,2,0.06245679035782814,0.3249222091965148,0.9964125156402588,0.933955729007721,0.441786647021199,0.42824446930019505,0.12996888367860593,0.49221741759176263,86.74584453142478,0.19999999999999996,1.0,0.5964092016220093,0.0,0.0,1.0,46.0,0.71875,18.0,0.28125,0.71875,2.0,0.40625
S27,MIDynamicFixedEMARelaxed,,,,,,,,,,4,64,27,0.421875,37.0,0.578125,0.578125,2,0.06670261174440384,0.3324416389396855,0.9958522319793701,0.9291495680809021,0.3728376879784277,0.49418565644569806,0.1329766555758742,0.5699796431362926,108.02210942356464,0.19999999999999996,1.0,0.5575447678565979,0.0,0.0,1.0,51.0,0.796875,13.0,0.203125,0.796875,2.0,0.078125
S27,MIDynamicFixedEMARelaxed,,,,,,,,,,5,1,0,0.0,1.0,1.0,1.0,1,0.0,0.1,0.8087533712387085,0.8087533712387085,0.4124971532712362,0.5475028467287637,0.04000000000000001,0.5703154653424622,108.12210942356464,0.19999999999999996,1.0,0.605243980884552,0.0,0.0,1.0,1.0,1.0,0.0,0.0,1.0,1.0,0.5
S28,EMATent,0.11581958830356598,0.11581958830356598,0.9844244122505188,0.0,0.4652541235089302,0.5,0.03474587649106979,0.0,0.0,0,64,45,0.703125,19.0,0.296875,0.703125,2,,,,,,,,,,,,,,,,,,,,,,
S28,EMATent,0.6006125807762146,0.6006125807762146,0.8651352524757385,1.0,0.31981622576713564,0.5,0.18018377423286439,0.0,0.0,1,64,51,0.796875,13.0,0.203125,0.796875,2,,,,,,,,,,,,,,,,,,,,,,
S28,EMATent,0.9935926198959351,0.9935926198959351,0.7294108867645264,1.0,0.2019222140312195,0.5,0.2980777859687805,0.0,0.0,2,64,31,0.484375,33.0,0.515625,0.515625,2,,,,,,,,,,,,,,,,,,,,,,
S28,EMATent,0.9919969439506531,0.9919969439506531,0.6002979278564453,1.0,0.2024009168148041,0.5,0.2975990831851959,0.0,0.0,3,19,8,0.42105263157894735,11.0,0.5789473684210527,0.5789473684210527,2,,,,,,,,,,,,,,,,,,,,,,
S28,MIEMATentGateOnly,,,,,,,,,,0,64,45,0.703125,19.0,0.296875,0.703125,2,0.013875441625714302,0.013875441625714302,0.11581958830356598,0.10194414854049683,0.4958373675122857,0.5,0.00416263248771429,,0.0,0.19999999999999996,0.0,0.07576492428779602,0.05,0.0,0.0,0.0,0.0,64.0,1.0,1.0,1.0,0.203125
S28,MIEMATentGateOnly,,,,,,,,,,1,64,51,0.796875,13.0,0.203125,0.796875,2,0.030626261606812477,0.030626261606812477,0.2607322931289673,0.23010604083538055,0.4908121215179563,0.5,0.009187878482043743,,0.0,0.19999999999999996,0.0,0.3982710540294647,0.05,0.0,0.0,3.0,0.046875,61.0,0.953125,0.953125,2.0,0.296875
S28,MIEMATentGateOnly,,,,,,,,,,2,64,31,0.484375,33.0,0.515625,0.515625,2,0.07630337029695511,0.07630337029695511,0.32666391134262085,0.25036054849624634,0.47710898891091347,0.5,0.022891011089086533,,0.0,0.19999999999999996,1.0,0.5844762325286865,0.05,0.0,0.0,46.0,0.71875,18.0,0.28125,0.71875,2.0,0.015625
S28,MIEMATentGateOnly,,,,,,,,,,3,19,8,0.42105263157894735,11.0,0.5789473684210527,0.5789473684210527,2,0.039125774055719376,0.039125774055719376,0.3968999981880188,0.3577742278575897,0.4882622677832842,0.5,0.011737732216715813,,0.0,0.19999999999999996,0.0,0.6787075400352478,0.05,0.0,0.0,16.0,0.8421052631578947,3.0,0.15789473684210525,0.8421052631578947,2.0,0.07894736842105265
S28,MIDynamicFixedEMARelaxed,,,,,,,,,,0,64,45,0.703125,19.0,0.296875,0.703125,2,0.02460237592458725,0.24116630086148633,0.49538132548332214,0.4707789421081543,0.800895129820165,0.10263834983524048,0.09646652034459453,0.11359662054181463,15.434643255135125,0.19999999999999996,1.0,0.16817758977413177,0.0,0.0,1.0,0.0,0.0,64.0,1.0,1.0,1.0,0.203125
S28,MIDynamicFixedEMARelaxed,,,,,,,,,,1,64,51,0.796875,13.0,0.203125,0.796875,2,0.11062401533126831,0.3993416984289482,0.7256615161895752,0.6150375008583069,0.6100014413339513,0.23026187929446945,0.1597366793715793,0.2740353811020335,40.99251195458781,0.19999999999999996,1.0,0.46901756525039673,0.0,0.0,1.0,6.0,0.09375,58.0,0.90625,0.90625,2.0,0.296875
S28,MIDynamicFixedEMARelaxed,,,,,,,,,,2,64,31,0.484375,33.0,0.515625,0.515625,2,0.18155589699745178,0.4834843889494538,0.9131444692611694,0.7315885424613953,0.45982198706592275,0.3467842573542957,0.19339375557978153,0.42993004300823534,71.93551284735285,0.19999999999999996,1.0,0.6232126951217651,0.0,0.0,1.0,51.0,0.796875,13.0,0.203125,0.796875,2.0,0.015625
S28,MIDynamicFixedEMARelaxed,,,,,,,,,,3,19,8,0.42105263157894735,11.0,0.5789473684210527,0.5789473684210527,2,0.04045453295111656,0.2810198102153585,0.8831315040588379,0.8426769971847534,0.4853169541869948,0.4022751217268618,0.1124079240861434,0.45322072227006205,77.27488924144467,0.19999999999999996,1.0,0.6829102039337158,0.0,0.0,1.0,14.0,0.7368421052631579,5.0,0.2631578947368421,0.7368421052631579,2.0,0.07894736842105265
S29,EMATent,0.9998127222061157,0.9998127222061157,0.7206433415412903,1.0,0.2000561833381653,0.5,0.29994381666183473,0.0,0.0,0,64,48,0.75,16.0,0.25,0.75,2,,,,,,,,,,,,,,,,,,,,,,
S29,EMATent,0.9776899218559265,0.9776899218559265,0.7831392288208008,1.0,0.20669302344322205,0.5,0.29330697655677795,0.0,0.0,1,64,29,0.453125,35.0,0.546875,0.546875,2,,,,,,,,,,,,,,,,,,,,,,
S29,EMATent,0.8428862690925598,0.8428862690925598,0.7621651887893677,1.0,0.24713411927223206,0.5,0.25286588072776794,0.0,0.0,2,64,46,0.71875,18.0,0.28125,0.71875,2,,,,,,,,,,,,,,,,,,,,,,
S29,MIEMATentGateOnly,,,,,,,,,,0,64,48,0.75,16.0,0.25,0.75,2,0.2076270878314972,0.2076270878314972,0.9998127222061157,0.7921856045722961,0.43771187365055086,0.5,0.062288126349449156,,0.0,0.19999999999999996,1.0,0.5826517939567566,0.05,0.0,0.0,43.0,0.671875,21.0,0.328125,0.671875,2.0,0.25
S29,MIEMATentGateOnly,,,,,,,,,,1,64,29,0.453125,35.0,0.546875,0.546875,2,0.3152378797531128,0.3152378797531128,0.9326428174972534,0.6174049377441406,0.4054286360740662,0.5,0.09457136392593384,,0.0,0.19999999999999996,1.0,0.4893835783004761,0.05,0.0,0.0,36.0,0.5625,28.0,0.4375,0.5625,2.0,0.046875
S29,MIEMATentGateOnly,,,,,,,,,,2,64,46,0.71875,18.0,0.28125,0.71875,2,0.19214899837970734,0.19214899837970734,0.9361067414283752,0.7439577579498291,0.4423553004860878,0.5,0.0576446995139122,,0.0,0.19999999999999996,1.0,0.4877161979675293,0.05,0.0,0.0,59.0,0.921875,5.0,0.078125,0.921875,2.0,0.21875
S29,MIDynamicFixedEMARelaxed,,,,,,,,,,0,64,48,0.75,16.0,0.25,0.75,2,0.0923594981431961,0.37351634959539226,0.943162202835083,0.8508027195930481,0.7056900507484022,0.14490340941344096,0.1494065398381569,0.17035565896059213,23.905046374105105,0.19999999999999996,1.0,0.5946274995803833,0.0,0.0,1.0,53.0,0.828125,11.0,0.171875,0.828125,2.0,0.25
S29,MIDynamicFixedEMARelaxed,,,,,,,,,,1,64,29,0.453125,35.0,0.546875,0.546875,2,0.29826658964157104,0.5915240966724548,0.9973008036613464,0.6990342140197754,0.4711842898816531,0.292206071449365,0.2366096386689819,0.3827741169535933,61.76258856114221,0.19999999999999996,1.0,0.49361658096313477,0.0,0.0,1.0,37.0,0.578125,27.0,0.421875,0.578125,2.0,0.046875
S29,MIDynamicFixedEMARelaxed,,,,,,,,,,2,64,46,0.71875,18.0,0.28125,0.71875,2,0.13705813884735107,0.4331922755202383,0.9258372187614441,0.788779079914093,0.4109014649263861,0.4158216248655186,0.17327691020809532,0.5029757000862108,89.48689419443747,0.19999999999999996,1.0,0.5454923510551453,0.0,0.0,1.0,58.0,0.90625,6.0,0.09375,0.90625,2.0,0.21875
S30,EMATent,0.2529100179672241,0.2529100179672241,0.9576622247695923,1.0,0.4241269946098328,0.5,0.07587300539016724,0.0,0.0,0,64,61,0.953125,3.0,0.046875,0.953125,2,,,,,,,,,,,,,,,,,,,,,,
S30,EMATent,0.9279602766036987,0.9279602766036987,0.7537633180618286,1.0,0.22161191701889038,0.5,0.2783880829811096,0.0,0.0,1,64,31,0.484375,33.0,0.515625,0.515625,2,,,,,,,,,,,,,,,,,,,,,,
S30,EMATent,0.9998778700828552,0.9998778700828552,0.5809693336486816,1.0,0.20003663897514345,0.5,0.29996336102485655,0.0,0.0,2,64,60,0.9375,4.0,0.0625,0.9375,2,,,,,,,,,,,,,,,,,,,,,,
S30,EMATent,0.9398276805877686,0.9398276805877686,0.6441288590431213,1.0,0.21805169582366946,0.5,0.28194830417633054,0.0,0.0,3,64,64,1.0,,,1.0,1,,,,,,,,,,,,,,,,,,,,,,
S30,EMATent,0.997619092464447,0.997619092464447,0.779964029788971,1.0,0.2007142722606659,0.5,0.2992857277393341,0.0,0.0,4,64,21,0.328125,43.0,0.671875,0.671875,2,,,,,,,,,,,,,,,,,,,,,,
S30,EMATent,0.1997760832309723,0.1997760832309723,0.9689207673072815,0.0,0.4400671750307083,0.5,0.059932824969291684,0.0,0.0,5,23,3,0.13043478260869565,20.0,0.8695652173913043,0.8695652173913043,2,,,,,,,,,,,,,,,,,,,,,,
S30,MIEMATentGateOnly,,,,,,,,,,0,64,61,0.953125,3.0,0.046875,0.953125,2,0.029717590659856796,0.029717590659856796,0.2529100179672241,0.22319242358207703,0.49108472280204296,0.5,0.008915277197957039,,0.0,0.19999999999999996,0.0,0.14600621163845062,0.05,0.0,0.0,0.0,0.0,64.0,1.0,1.0,1.0,0.453125
S30,MIEMATentGateOnly,,,,,,,,,,1,64,31,0.484375,33.0,0.515625,0.515625,2,0.24207168817520142,0.24207168817520142,0.8107542395591736,0.5686825513839722,0.42737849354743956,0.5,0.07262150645256042,,0.0,0.19999999999999996,1.0,0.5073709487915039,0.05,0.0,0.0,31.0,0.484375,33.0,0.515625,0.515625,2.0,0.015625
S30,MIEMATentGateOnly,,,,,,,,,,2,64,60,0.9375,4.0,0.0625,0.9375,2,0.06687580049037933,0.06687580049037933,0.8391703367233276,0.7722945213317871,0.4799372598528862,0.5,0.0200627401471138,,0.0,0.19999999999999996,1.0,0.6686132550239563,0.05,0.0,0.0,43.0,0.671875,21.0,0.328125,0.671875,2.0,0.4375
S30,MIEMATentGateOnly,,,,,,,,,,3,64,64,1.0,,,1.0,1,0.08094492554664612,0.08094492554664612,0.9797127842903137,0.8987678289413452,0.47571652233600614,0.5,0.024283477663993833,,0.0,0.19999999999999996,1.0,0.576452374458313,0.05,0.0,0.0,64.0,1.0,0.0,0.0,1.0,1.0,0.0
S30,MIEMATentGateOnly,,,,,,,,,,4,64,21,0.328125,43.0,0.671875,0.671875,2,0.291873961687088,0.291873961687088,0.9895644187927246,0.697690486907959,0.4124378114938736,0.5,0.0875621885061264,,0.0,0.19999999999999996,1.0,0.45630407333374023,0.05,0.0,0.0,40.0,0.625,24.0,0.375,0.625,2.0,0.171875
S30,MIEMATentGateOnly,,,,,,,,,,5,23,3,0.13043478260869565,20.0,0.8695652173913043,0.8695652173913043,2,0.07778987288475037,0.07778987288475037,0.18460002541542053,0.10681015998125076,0.4766630381345749,0.5,0.02333696186542511,,0.0,0.19999999999999996,1.0,0.11889233440160751,0.05,0.0,0.0,1.0,0.043478260869565216,22.0,0.9565217391304348,0.9565217391304348,2.0,0.3695652173913043
S30,MIDynamicFixedEMARelaxed,,,,,,,,,,0,64,61,0.953125,3.0,0.046875,0.953125,2,0.07124338299036026,0.34022310509647447,0.6123294234275818,0.5410860776901245,0.7287698105071518,0.13514094745425848,0.1360892420385898,0.15642929111469062,21.774278726174366,0.19999999999999996,1.0,0.2737855613231659,0.0,0.0,1.0,0.0,0.0,64.0,1.0,1.0,1.0,0.453125
S30,MIDynamicFixedEMARelaxed,,,,,,,,,,1,64,31,0.484375,33.0,0.515625,0.515625,2,0.21113277971744537,0.5135426840981844,0.9574384093284607,0.7463056445121765,0.5184971139311584,0.27608581242956787,0.20541707363927375,0.3474600362910767,54.641010508458166,0.19999999999999996,1.0,0.5414620041847229,0.0,0.0,1.0,37.0,0.578125,27.0,0.421875,0.578125,2.0,0.015625
S30,MIDynamicFixedEMARelaxed,,,,,,,,,,2,64,60,0.9375,4.0,0.0625,0.9375,2,0.06218333542346954,0.3244292799369332,0.9672254323959351,0.9050421118736267,0.4828268219591704,0.38740146606605624,0.1297717119747733,0.4451722282496361,75.4044844244219,0.19999999999999996,1.0,0.6662412285804749,0.0,0.0,1.0,44.0,0.6875,20.0,0.3125,0.6875,2.0,0.4375
S30,MIDynamicFixedEMARelaxed,,,,,,,,,,3,64,64,1.0,,,1.0,1,0.08155219256877899,0.3570161006254492,0.9917430877685547,0.9101909399032593,0.3978432826557773,0.4593502770940431,0.1428064402501797,0.5358769578578129,98.25351486445064,0.19999999999999996,1.0,0.6100864410400391,0.0,0.0,1.0,63.0,0.984375,1.0,0.015625,0.984375,2.0,0.0
S30,MIDynamicFixedEMARelaxed,,,,,,,,,,4,64,21,0.328125,43.0,0.671875,0.671875,2,0.2699856758117676,0.567641312768164,0.993394672870636,0.7234089970588684,0.27009660203434954,0.5028468728583849,0.2270565251072656,0.6505609907997059,134.58255888161312,0.19999999999999996,1.0,0.4764724373817444,0.0,0.0,1.0,39.0,0.609375,25.0,0.390625,0.609375,2.0,0.171875
S30,MIDynamicFixedEMARelaxed,,,,,,,,,,5,23,3,0.13043478260869565,20.0,0.8695652173913043,0.8695652173913043,2,0.22094488143920898,0.5230429694082616,0.5623787641525269,0.3414338529109955,0.2515427189006098,0.5392400933360856,0.20921718776330464,0.6819066942171745,146.61254717800313,0.19999999999999996,1.0,0.2369578331708908,0.0,0.0,1.0,4.0,0.17391304347826086,19.0,0.8260869565217391,0.8260869565217391,2.0,0.3695652173913043
