Subject,Method,raw_gate,effective_gate,confidence,updated,effective_source_weight,effective_ema_weight,effective_batch_weight,probe_gate,min_gate,batch_index,batch_size,true_class_0_count,true_class_0_ratio,true_class_1_count,true_class_1_ratio,true_class_2_count,true_class_2_ratio,true_max_class_ratio,true_num_present_classes
S2,EMATent,0.023137446492910385,0.023137446492910385,0.9965370297431946,0,0.4930587660521269,0.5,0.006941233947873116,0.0,0.0,0,64,64,1.0,0,0.0,0,0.0,1.0,1
S2,EMATent,0.05417606979608536,0.05417606979608536,0.9905073046684265,0,0.48374717906117437,0.5,0.016252820938825605,0.0,0.0,1,64,64,1.0,0,0.0,0,0.0,1.0,1
S2,EMATent,0.09425277262926102,0.09425277262926102,0.9813370704650879,0,0.4717241682112217,0.5,0.028275831788778304,0.0,0.0,2,64,64,1.0,0,0.0,0,0.0,1.0,1
S2,EMATent,0.6277035474777222,0.6277035474777222,0.8698462247848511,1,0.3116889357566833,0.5,0.18831106424331664,0.0,0.0,3,64,37,0.578125,27,0.421875,0,0.0,0.578125,2
S2,EMATent,0.6780999302864075,0.6780999302864075,0.7464786171913147,1,0.29657002091407775,0.5,0.20342997908592222,0.0,0.0,4,64,0,0.0,64,1.0,0,0.0,1.0,1
S2,EMATent,0.6456447839736938,0.6456447839736938,0.8560023307800293,1,0.30630656480789187,0.5,0.19369343519210816,0.0,0.0,5,64,0,0.0,32,0.5,32,0.5,0.5,2
S2,EMATent,0.6814496517181396,0.6814496517181396,0.7173000574111938,1,0.2955651044845581,0.5,0.2044348955154419,0.0,0.0,6,40,0,0.0,0,0.0,40,1.0,1.0,1
S2,EMATentProbe025,0.035337574779987335,0.035337574779987335,0.9943066835403442,0,0.4893987275660038,0.5,0.0106012724339962,0.25,0.0,0,64,64,1.0,0,0.0,0,0.0,1.0,1
S2,EMATentProbe025,0.057400621473789215,0.057400621473789215,0.989835262298584,0,0.48277981355786326,0.5,0.017220186442136763,0.25,0.0,1,64,64,1.0,0,0.0,0,0.0,1.0,1
S2,EMATentProbe025,0.1034839078783989,0.1034839078783989,0.9791191816329956,0,0.46895482763648033,0.5,0.03104517236351967,0.25,0.0,2,64,64,1.0,0,0.0,0,0.0,1.0,1
S2,EMATentProbe025,0.6643580198287964,0.6643580198287964,0.8471533060073853,1,0.30069259405136106,0.5,0.1993074059486389,0.25,0.0,3,64,37,0.578125,27,0.421875,0,0.0,0.578125,2
S2,EMATentProbe025,0.6807644367218018,0.6807644367218018,0.7576874494552612,1,0.2957706689834595,0.5,0.20422933101654053,0.25,0.0,4,64,0,0.0,64,1.0,0,0.0,1.0,1
S2,EMATentProbe025,0.5750508904457092,0.5750508904457092,0.8332671523094177,1,0.3274847328662872,0.5,0.17251526713371276,0.25,0.0,5,64,0,0.0,32,0.5,32,0.5,0.5,2
S2,EMATentProbe025,0.6515544652938843,0.6515544652938843,0.7537019848823547,1,0.3045336604118347,0.5,0.19546633958816528,0.25,0.0,6,40,0,0.0,0,0.0,40,1.0,1.0,1
S2,EMATentProbe050,0.0710090845823288,0.0710090845823288,0.986799418926239,0,0.47869727462530137,0.5,0.021302725374698638,0.5,0.0,0,64,64,1.0,0,0.0,0,0.0,1.0,1
S2,EMATentProbe050,0.06253251433372498,0.06253251433372498,0.9887502193450928,0,0.4812402456998825,0.5,0.018759754300117493,0.5,0.0,1,64,64,1.0,0,0.0,0,0.0,1.0,1
S2,EMATentProbe050,0.1185256764292717,0.1185256764292717,0.975394606590271,0,0.4644422970712185,0.5,0.03555770292878151,0.5,0.0,2,64,64,1.0,0,0.0,0,0.0,1.0,1
S2,EMATentProbe050,0.7032492160797119,0.7032492160797119,0.8549901843070984,1,0.2890252351760864,0.5,0.21097476482391356,0.5,0.0,3,64,37,0.578125,27,0.421875,0,0.0,0.578125,2
S2,EMATentProbe050,0.631740927696228,0.631740927696228,0.7869412899017334,1,0.3104777216911316,0.5,0.1895222783088684,0.5,0.0,4,64,0,0.0,64,1.0,0,0.0,1.0,1
S2,EMATentProbe050,0.5403043031692505,0.5403043031692505,0.8212992548942566,1,0.3379087090492249,0.5,0.16209129095077515,0.5,0.0,5,64,0,0.0,32,0.5,32,0.5,0.5,2
S2,EMATentProbe050,0.6057747602462769,0.6057747602462769,0.7825188636779785,1,0.31826757192611693,0.5,0.18173242807388304,0.5,0.0,6,40,0,0.0,0,0.0,40,1.0,1.0,1
S2,EMATentProbe100,0.2985754609107971,0.2985754609107971,0.9499526619911194,1,0.41042736172676086,0.5,0.08957263827323914,1.0,0.0,0,64,64,1.0,0,0.0,0,0.0,1.0,1
S2,EMATentProbe100,0.08345422893762589,0.08345422893762589,0.9841230511665344,0,0.4749637313187122,0.5,0.025036268681287766,1.0,0.0,1,64,64,1.0,0,0.0,0,0.0,1.0,1
S2,EMATentProbe100,0.18930575251579285,0.18930575251579285,0.9561040997505188,0,0.44320827424526216,0.5,0.05679172575473785,1.0,0.0,2,64,64,1.0,0,0.0,0,0.0,1.0,1
S2,EMATentProbe100,0.7481617331504822,0.7481617331504822,0.9033388495445251,1,0.27555148005485536,0.5,0.22444851994514464,1.0,0.0,3,64,37,0.578125,27,0.421875,0,0.0,0.578125,2
S2,EMATentProbe100,0.5475211143493652,0.5475211143493652,0.83072429895401,1,0.33574366569519043,0.5,0.16425633430480957,1.0,0.0,4,64,0,0.0,64,1.0,0,0.0,1.0,1
S2,EMATentProbe100,0.7211634516716003,0.7211634516716003,0.8240309953689575,1,0.2836509644985199,0.5,0.2163490355014801,1.0,0.0,5,64,0,0.0,32,0.5,32,0.5,0.5,2
S2,EMATentProbe100,0.5893974900245667,0.5893974900245667,0.8057247400283813,1,0.32318075299263,0.5,0.17681924700736998,1.0,0.0,6,40,0,0.0,0,0.0,40,1.0,1.0,1
S2,EMATentMinGate025,0.023137446492910385,0.2673530848696828,0.9965370297431946,1,0.4197940745390952,0.5,0.08020592546090484,0.0,0.25,0,64,64,1.0,0,0.0,0,0.0,1.0,1
S2,EMATentMinGate025,0.05352254584431648,0.29014190938323736,0.9906458258628845,1,0.4129574271850288,0.5,0.0870425728149712,0.0,0.25,1,64,64,1.0,0,0.0,0,0.0,1.0,1
S2,EMATentMinGate025,0.09329290688037872,0.31996968016028404,0.9815773367881775,1,0.4040090959519148,0.5,0.0959909040480852,0.0,0.25,2,64,64,1.0,0,0.0,0,0.0,1.0,1
S2,EMATentMinGate025,0.6264176964759827,0.719813272356987,0.8697676658630371,1,0.2840560182929039,0.5,0.21594398170709608,0.0,0.25,3,64,37,0.578125,27,0.421875,0,0.0,0.578125,2
S2,EMATentMinGate025,0.6739684343338013,0.755476325750351,0.7474099397659302,1,0.27335710227489474,0.5,0.22664289772510526,0.0,0.25,4,64,0,0.0,64,1.0,0,0.0,1.0,1
S2,EMATentMinGate025,0.6491519212722778,0.7368639409542084,0.858022153377533,1,0.27894081771373747,0.5,0.2210591822862625,0.0,0.25,5,64,0,0.0,32,0.5,32,0.5,0.5,2
S2,EMATentMinGate025,0.6873381733894348,0.7655036300420761,0.7127830982208252,1,0.2703489109873772,0.5,0.22965108901262282,0.0,0.25,6,40,0,0.0,0,0.0,40,1.0,1.0,1
S2,EMATentMinGate050,0.023137446492910385,0.5115687232464552,0.9965370297431946,1,0.34652938302606345,0.5,0.15347061697393655,0.0,0.5,0,64,64,1.0,0,0.0,0,0.0,1.0,1
S2,EMATentMinGate050,0.053098905831575394,0.5265494529157877,0.9907363653182983,1,0.3420351641252637,0.5,0.1579648358747363,0.0,0.5,1,64,64,1.0,0,0.0,0,0.0,1.0,1
S2,EMATentMinGate050,0.09313230961561203,0.546566154807806,0.9816257953643799,1,0.3360301535576582,0.5,0.1639698464423418,0.0,0.5,2,64,64,1.0,0,0.0,0,0.0,1.0,1
S2,EMATentMinGate050,0.6251994371414185,0.8125997185707092,0.8694796562194824,1,0.25622008442878724,0.5,0.24377991557121276,0.0,0.5,3,64,37,0.578125,27,0.421875,0,0.0,0.578125,2
S2,EMATentMinGate050,0.6699576377868652,0.8349788188934326,0.7488390207290649,1,0.24950635433197021,0.5,0.2504936456680298,0.0,0.5,4,64,0,0.0,64,1.0,0,0.0,1.0,1
S2,EMATentMinGate050,0.652206301689148,0.826103150844574,0.8598373532295227,1,0.2521690547466278,0.5,0.24783094525337218,0.0,0.5,5,64,0,0.0,32,0.5,32,0.5,0.5,2
S2,EMATentMinGate050,0.6910799741744995,0.8455399870872498,0.7112531065940857,1,0.2463380038738251,0.5,0.2536619961261749,0.0,0.5,6,40,0,0.0,0,0.0,40,1.0,1.0,1
S3,EMATent,0.08264516294002533,0.08264516294002533,0.9843663573265076,0,0.4752064511179924,0.5,0.024793548882007597,0.0,0.0,0,64,64,1.0,0,0.0,0,0.0,1.0,1
S3,EMATent,0.0506594143807888,0.0506594143807888,0.9910949468612671,0,0.48480217568576334,0.5,0.01519782431423664,0.0,0.0,1,64,64,1.0,0,0.0,0,0.0,1.0,1
S3,EMATent,0.13685202598571777,0.13685202598571777,0.9704316854476929,0,0.4589443922042847,0.5,0.04105560779571533,0.0,0.0,2,64,64,1.0,0,0.0,0,0.0,1.0,1
S3,EMATent,0.6418731808662415,0.6418731808662415,0.9714098572731018,1,0.30743804574012756,0.5,0.19256195425987244,0.0,0.0,3,64,36,0.5625,28,0.4375,0,0.0,0.5625,2
S3,EMATent,0.08428406715393066,0.08428406715393066,0.9832876920700073,0,0.4747147798538208,0.5,0.025285220146179198,0.0,0.0,4,64,0,0.0,64,1.0,0,0.0,1.0,1
S3,EMATent,0.6197125911712646,0.6197125911712646,0.8175292015075684,1,0.3140862226486206,0.5,0.1859137773513794,0.0,0.0,5,64,0,0.0,36,0.5625,28,0.4375,0.5625,2
S3,EMATent,0.49483487010002136,0.49483487010002136,0.8454035520553589,1,0.35154953896999364,0.5,0.1484504610300064,0.0,0.0,6,47,0,0.0,0,0.0,47,1.0,1.0,1
S3,EMATentProbe025,0.10018153488636017,0.10018153488636017,0.9802166223526001,0,0.46994553953409196,0.5,0.03005446046590805,0.25,0.0,0,64,64,1.0,0,0.0,0,0.0,1.0,1
S3,EMATentProbe025,0.0668894425034523,0.0668894425034523,0.9876812100410461,0,0.4799331672489643,0.5,0.020066832751035688,0.25,0.0,1,64,64,1.0,0,0.0,0,0.0,1.0,1
S3,EMATentProbe025,0.18906128406524658,0.18906128406524658,0.9578084945678711,0,0.44328161478042605,0.5,0.05671838521957397,0.25,0.0,2,64,64,1.0,0,0.0,0,0.0,1.0,1
S3,EMATentProbe025,0.6575078964233398,0.6575078964233398,0.9742726683616638,1,0.30274763107299807,0.5,0.19725236892700196,0.25,0.0,3,64,36,0.5625,28,0.4375,0,0.0,0.5625,2
S3,EMATentProbe025,0.13997358083724976,0.13997358083724976,0.9703797101974487,0,0.4580079257488251,0.5,0.041992074251174925,0.25,0.0,4,64,0,0.0,64,1.0,0,0.0,1.0,1
S3,EMATentProbe025,0.634804904460907,0.634804904460907,0.8180531859397888,1,0.3095585286617279,0.5,0.19044147133827208,0.25,0.0,5,64,0,0.0,36,0.5625,28,0.4375,0.5625,2
S3,EMATentProbe025,0.5475698709487915,0.5475698709487915,0.8337987661361694,1,0.3357290387153625,0.5,0.16427096128463745,0.25,0.0,6,47,0,0.0,0,0.0,47,1.0,1.0,1
S3,EMATentProbe050,0.1271289736032486,0.1271289736032486,0.9734522700309753,0,0.4618613079190254,0.5,0.038138692080974576,0.5,0.0,0,64,64,1.0,0,0.0,0,0.0,1.0,1
S3,EMATentProbe050,0.08669394254684448,0.08669394254684448,0.9832791090011597,0,0.47399181723594663,0.5,0.026008182764053343,0.5,0.0,1,64,64,1.0,0,0.0,0,0.0,1.0,1
S3,EMATentProbe050,0.25352129340171814,0.25352129340171814,0.9424847364425659,1,0.4239436119794846,0.5,0.07605638802051544,0.5,0.0,2,64,64,1.0,0,0.0,0,0.0,1.0,1
S3,EMATentProbe050,0.6770840883255005,0.6770840883255005,0.9765202403068542,1,0.29687477350234986,0.5,0.20312522649765014,0.5,0.0,3,64,36,0.5625,28,0.4375,0,0.0,0.5625,2
S3,EMATentProbe050,0.24124620854854584,0.24124620854854584,0.9401888251304626,1,0.42762613743543626,0.5,0.07237386256456375,0.5,0.0,4,64,0,0.0,64,1.0,0,0.0,1.0,1
S3,EMATentProbe050,0.6531240344047546,0.6531240344047546,0.8175135254859924,1,0.3040627896785736,0.5,0.19593721032142639,0.5,0.0,5,64,0,0.0,36,0.5625,28,0.4375,0.5625,2
S3,EMATentProbe050,0.6034561991691589,0.6034561991691589,0.8247361779212952,1,0.3189631402492523,0.5,0.18103685975074768,0.5,0.0,6,47,0,0.0,0,0.0,47,1.0,1.0,1
S3,EMATentProbe100,0.2384842187166214,0.2384842187166214,0.9414634108543396,1,0.4284547343850136,0.5,0.07154526561498642,1.0,0.0,0,64,64,1.0,0,0.0,0,0.0,1.0,1
S3,EMATentProbe100,0.14892832934856415,0.14892832934856415,0.967914879322052,0,0.45532150119543074,0.5,0.04467849880456924,1.0,0.0,1,64,64,1.0,0,0.0,0,0.0,1.0,1
S3,EMATentProbe100,0.4415929317474365,0.4415929317474365,0.8981847763061523,1,0.36752212047576904,0.5,0.13247787952423096,1.0,0.0,2,64,64,1.0,0,0.0,0,0.0,1.0,1
S3,EMATentProbe100,0.7316653728485107,0.7316653728485107,0.9646275043487549,1,0.28050038814544676,0.5,0.21949961185455322,1.0,0.0,3,64,36,0.5625,28,0.4375,0,0.0,0.5625,2
S3,EMATentProbe100,0.5029272437095642,0.5029272437095642,0.8530911207199097,1,0.3491218268871308,0.5,0.15087817311286925,1.0,0.0,4,64,0,0.0,64,1.0,0,0.0,1.0,1
S3,EMATentProbe100,0.7219807505607605,0.7219807505607605,0.8046693801879883,1,0.2834057748317719,0.5,0.21659422516822815,1.0,0.0,5,64,0,0.0,36,0.5625,28,0.4375,0.5625,2
S3,EMATentProbe100,0.7307448387145996,0.7307448387145996,0.8035415410995483,1,0.2807765483856201,0.5,0.21922345161437987,1.0,0.0,6,47,0,0.0,0,0.0,47,1.0,1.0,1
S3,EMATentMinGate025,0.08264516294002533,0.311983872205019,0.9843663573265076,1,0.4064048383384943,0.5,0.0935951616615057,0.0,0.25,0,64,64,1.0,0,0.0,0,0.0,1.0,1
S3,EMATentMinGate025,0.05040900036692619,0.28780675027519464,0.9911479949951172,1,0.4136579749174416,0.5,0.0863420250825584,0.0,0.25,1,64,64,1.0,0,0.0,0,0.0,1.0,1
S3,EMATentMinGate025,0.13259536027908325,0.34944652020931244,0.9715707898139954,1,0.3951660439372063,0.5,0.10483395606279373,0.0,0.25,2,64,64,1.0,0,0.0,0,0.0,1.0,1
S3,EMATentMinGate025,0.6418554186820984,0.7313915640115738,0.9712197780609131,1,0.28058253079652784,0.5,0.21941746920347213,0.0,0.25,3,64,36,0.5625,28,0.4375,0,0.0,0.5625,2
S3,EMATentMinGate025,0.09084413945674896,0.3181331045925617,0.9816752076148987,1,0.4045600686222315,0.5,0.09543993137776852,0.0,0.25,4,64,0,0.0,64,1.0,0,0.0,1.0,1
S3,EMATentMinGate025,0.6124624609947205,0.7093468457460403,0.8245401978492737,1,0.2871959462761879,0.5,0.2128040537238121,0.0,0.25,5,64,0,0.0,36,0.5625,28,0.4375,0.5625,2
S3,EMATentMinGate025,0.4901016354560852,0.6175762265920639,0.848610520362854,1,0.31472713202238084,0.5,0.18527286797761916,0.0,0.25,6,47,0,0.0,0,0.0,47,1.0,1.0,1
S3,EMATentMinGate050,0.08264516294002533,0.5413225814700127,0.9843663573265076,1,0.33760322555899624,0.5,0.16239677444100378,0.0,0.5,0,64,64,1.0,0,0.0,0,0.0,1.0,1
S3,EMATentMinGate050,0.05035827308893204,0.525179136544466,0.9911595582962036,1,0.3424462590366602,0.5,0.1575537409633398,0.0,0.5,1,64,64,1.0,0,0.0,0,0.0,1.0,1
S3,EMATentMinGate050,0.12998618185520172,0.5649930909276009,0.9722573757171631,1,0.3305020727217197,0.5,0.16949792727828025,0.0,0.5,2,64,64,1.0,0,0.0,0,0.0,1.0,1
S3,EMATentMinGate050,0.6423693299293518,0.8211846649646759,0.9707968235015869,1,0.25364460051059723,0.5,0.24635539948940277,0.0,0.5,3,64,36,0.5625,28,0.4375,0,0.0,0.5625,2
S3,EMATentMinGate050,0.09774493426084518,0.5488724671304226,0.9799526929855347,1,0.33533825986087323,0.5,0.16466174013912677,0.0,0.5,4,64,0,0.0,64,1.0,0,0.0,1.0,1
S3,EMATentMinGate050,0.6123979687690735,0.8061989843845367,0.8273242712020874,1,0.258140304684639,0.5,0.241859695315361,0.0,0.5,5,64,0,0.0,36,0.5625,28,0.4375,0.5625,2
S3,EMATentMinGate050,0.49227404594421387,0.7461370229721069,0.8492182493209839,1,0.27615889310836794,0.5,0.22384110689163209,0.0,0.5,6,47,0,0.0,0,0.0,47,1.0,1.0,1
S4,EMATent,0.025264941155910492,0.025264941155910492,0.9960735440254211,0,0.49242051765322686,0.5,0.007579482346773147,0.0,0.0,0,64,64,1.0,0,0.0,0,0.0,1.0,1
S4,EMATent,0.32563042640686035,0.32563042640686035,0.9281567335128784,1,0.4023108720779419,0.5,0.0976891279220581,0.0,0.0,1,64,64,1.0,0,0.0,0,0.0,1.0,1
S4,EMATent,0.5927305221557617,0.5927305221557617,0.7821331024169922,1,0.32218084335327146,0.5,0.1778191566467285,0.0,0.0,2,64,64,1.0,0,0.0,0,0.0,1.0,1
S4,EMATent,0.6495550274848938,0.6495550274848938,0.842400312423706,1,0.30513349175453186,0.5,0.19486650824546814,0.0,0.0,3,64,40,0.625,0,0.0,24,0.375,0.625,2
S4,EMATent,0.10987646132707596,0.10987646132707596,0.9766724109649658,0,0.4670370616018772,0.5,0.03296293839812279,0.0,0.0,4,64,0,0.0,13,0.203125,51,0.796875,0.796875,2
S4,EMATent,0.046026960015296936,0.046026960015296936,0.9912410974502563,0,0.4861919119954109,0.5,0.01380808800458908,0.0,0.0,5,64,0,0.0,64,1.0,0,0.0,1.0,1
S4,EMATent,0.13293877243995667,0.13293877243995667,0.9673599004745483,0,0.460118368268013,0.5,0.039881631731987,0.0,0.0,6,50,0,0.0,50,1.0,0,0.0,1.0,1
S4,EMATentProbe025,0.03273140639066696,0.03273140639066696,0.9946780800819397,0,0.4901805780827999,0.5,0.009819421917200089,0.25,0.0,0,64,64,1.0,0,0.0,0,0.0,1.0,1
S4,EMATentProbe025,0.4293179214000702,0.4293179214000702,0.9201278686523438,1,0.37120462357997897,0.5,0.12879537642002106,0.25,0.0,1,64,64,1.0,0,0.0,0,0.0,1.0,1
S4,EMATentProbe025,0.6300647854804993,0.6300647854804993,0.7661997079849243,1,0.3109805643558502,0.5,0.18901943564414977,0.25,0.0,2,64,64,1.0,0,0.0,0,0.0,1.0,1
S4,EMATentProbe025,0.6495514512062073,0.6495514512062073,0.8341121077537537,1,0.3051345646381378,0.5,0.19486543536186218,0.25,0.0,3,64,40,0.625,0,0.0,24,0.375,0.625,2
S4,EMATentProbe025,0.21233978867530823,0.21233978867530823,0.9478428959846497,1,0.4362980633974075,0.5,0.06370193660259246,0.25,0.0,4,64,0,0.0,13,0.203125,51,0.796875,0.796875,2
S4,EMATentProbe025,0.09848619252443314,0.09848619252443314,0.9778234362602234,0,0.47045414224267007,0.5,0.02954585775732994,0.25,0.0,5,64,0,0.0,64,1.0,0,0.0,1.0,1
S4,EMATentProbe025,0.19859960675239563,0.19859960675239563,0.9455193877220154,0,0.4404201179742813,0.5,0.059579882025718685,0.25,0.0,6,50,0,0.0,50,1.0,0,0.0,1.0,1
S4,EMATentProbe050,0.04590347036719322,0.04590347036719322,0.9920469522476196,0,0.486228958889842,0.5,0.013771041110157966,0.5,0.0,0,64,64,1.0,0,0.0,0,0.0,1.0,1
S4,EMATentProbe050,0.5150372982025146,0.5150372982025146,0.9150723814964294,1,0.3454888105392456,0.5,0.1545111894607544,0.5,0.0,1,64,64,1.0,0,0.0,0,0.0,1.0,1
S4,EMATentProbe050,0.6816158294677734,0.6816158294677734,0.752887487411499,1,0.295515251159668,0.5,0.20448474884033202,0.5,0.0,2,64,64,1.0,0,0.0,0,0.0,1.0,1
S4,EMATentProbe050,0.6487837433815002,0.6487837433815002,0.8280755877494812,1,0.3053648769855499,0.5,0.19463512301445007,0.5,0.0,3,64,40,0.625,0,0.0,24,0.375,0.625,2
S4,EMATentProbe050,0.37847501039505005,0.37847501039505005,0.8910291790962219,1,0.386457496881485,0.5,0.113542503118515,0.5,0.0,4,64,0,0.0,13,0.203125,51,0.796875,0.796875,2
S4,EMATentProbe050,0.16546772420406342,0.16546772420406342,0.9571613669395447,0,0.45035968273878096,0.5,0.04964031726121902,0.5,0.0,5,64,0,0.0,64,1.0,0,0.0,1.0,1
S4,EMATentProbe050,0.27041324973106384,0.27041324973106384,0.9182437062263489,1,0.4188760250806809,0.5,0.08112397491931915,0.5,0.0,6,50,0,0.0,50,1.0,0,0.0,1.0,1
S4,EMATentProbe100,0.11172480881214142,0.11172480881214142,0.9776816964149475,0,0.4664825573563576,0.5,0.033517442643642426,1.0,0.0,0,64,64,1.0,0,0.0,0,0.0,1.0,1
S4,EMATentProbe100,0.6684498190879822,0.6684498190879822,0.8731106519699097,1,0.29946505427360537,0.5,0.20053494572639466,1.0,0.0,1,64,64,1.0,0,0.0,0,0.0,1.0,1
S4,EMATentProbe100,0.8077378273010254,0.8077378273010254,0.717473030090332,1,0.2576786518096924,0.5,0.2423213481903076,1.0,0.0,2,64,64,1.0,0,0.0,0,0.0,1.0,1
S4,EMATentProbe100,0.6698454022407532,0.6698454022407532,0.8111649751663208,1,0.29904637932777406,0.5,0.20095362067222594,1.0,0.0,3,64,40,0.625,0,0.0,24,0.375,0.625,2
S4,EMATentProbe100,0.8283491134643555,0.8283491134643555,0.71017986536026,1,0.2514952659606934,0.5,0.24850473403930662,1.0,0.0,4,64,0,0.0,13,0.203125,51,0.796875,0.796875,2
S4,EMATentProbe100,0.3356679379940033,0.3356679379940033,0.8872939348220825,1,0.399299618601799,0.5,0.10070038139820099,1.0,0.0,5,64,0,0.0,64,1.0,0,0.0,1.0,1
S4,EMATentProbe100,0.41978728771209717,0.41978728771209717,0.8495321869850159,1,0.37406381368637087,0.5,0.12593618631362916,1.0,0.0,6,50,0,0.0,50,1.0,0,0.0,1.0,1
S4,EMATentMinGate025,0.025264941155910492,0.26894870586693287,0.9960735440254211,1,0.41931538823992015,0.5,0.08068461176007986,0.0,0.25,0,64,64,1.0,0,0.0,0,0.0,1.0,1
S4,EMATentMinGate025,0.3212890625,0.490966796875,0.9286843538284302,1,0.3527099609375,0.5,0.1472900390625,0.0,0.25,1,64,64,1.0,0,0.0,0,0.0,1.0,1
S4,EMATentMinGate025,0.6018312573432922,0.7013734430074692,0.7768698334693909,1,0.28958796709775925,0.5,0.21041203290224075,0.0,0.25,2,64,64,1.0,0,0.0,0,0.0,1.0,1
S4,EMATentMinGate025,0.6512683033943176,0.7384512275457382,0.8410599231719971,1,0.27846463173627856,0.5,0.22153536826372147,0.0,0.25,3,64,40,0.625,0,0.0,24,0.375,0.625,2
S4,EMATentMinGate025,0.1149403527379036,0.3362052645534277,0.9753317832946777,1,0.3991384206339717,0.5,0.10086157936602831,0.0,0.25,4,64,0,0.0,13,0.203125,51,0.796875,0.796875,2
S4,EMATentMinGate025,0.045310404151678085,0.28398280311375856,0.9913997650146484,1,0.41480515906587245,0.5,0.08519484093412756,0.0,0.25,5,64,0,0.0,64,1.0,0,0.0,1.0,1
S4,EMATentMinGate025,0.11502622067928314,0.33626966550946236,0.9728235006332397,1,0.3991191003471613,0.5,0.10088089965283871,0.0,0.25,6,50,0,0.0,50,1.0,0,0.0,1.0,1
S4,EMATentMinGate050,0.025264941155910492,0.5126324705779552,0.9960735440254211,1,0.34621025882661344,0.5,0.15378974117338656,0.0,0.5,0,64,64,1.0,0,0.0,0,0.0,1.0,1
S4,EMATentMinGate050,0.31748637557029724,0.6587431877851486,0.9290385842323303,1,0.3023770436644554,0.5,0.19762295633554458,0.0,0.5,1,64,64,1.0,0,0.0,0,0.0,1.0,1
S4,EMATentMinGate050,0.6116191148757935,0.8058095574378967,0.7710979580879211,1,0.258257132768631,0.5,0.241742867231369,0.0,0.5,2,64,64,1.0,0,0.0,0,0.0,1.0,1
S4,EMATentMinGate050,0.6531006097793579,0.826550304889679,0.8395780324935913,1,0.25203490853309635,0.5,0.24796509146690368,0.0,0.5,3,64,40,0.625,0,0.0,24,0.375,0.625,2
S4,EMATentMinGate050,0.1202855035662651,0.5601427517831326,0.9739010334014893,1,0.33195717446506023,0.5,0.16804282553493977,0.0,0.5,4,64,0,0.0,13,0.203125,51,0.796875,0.796875,2
S4,EMATentMinGate050,0.04524429515004158,0.5226221475750208,0.9914107322692871,1,0.3432133557274938,0.5,0.15678664427250624,0.0,0.5,5,64,0,0.0,64,1.0,0,0.0,1.0,1
S4,EMATentMinGate050,0.10415429621934891,0.5520771481096745,0.9760039448738098,1,0.3343768555670977,0.5,0.16562314443290233,0.0,0.5,6,50,0,0.0,50,1.0,0,0.0,1.0,1
S5,EMATent,0.04231231287121773,0.04231231287121773,0.992756724357605,0,0.4873063061386347,0.5,0.012693693861365318,0.0,0.0,0,64,64,1.0,0,0.0,0,0.0,1.0,1
S5,EMATent,0.009105642326176167,0.009105642326176167,0.998808741569519,0,0.49726830730214716,0.5,0.0027316926978528497,0.0,0.0,1,64,64,1.0,0,0.0,0,0.0,1.0,1
S5,EMATent,0.29225248098373413,0.29225248098373413,0.9218935966491699,1,0.41232425570487974,0.5,0.08767574429512023,0.0,0.0,2,64,64,1.0,0,0.0,0,0.0,1.0,1
S5,EMATent,0.6069488525390625,0.6069488525390625,0.8198199272155762,1,0.31791534423828127,0.5,0.18208465576171876,0.0,0.0,3,64,47,0.734375,0,0.0,17,0.265625,0.734375,2
S5,EMATent,0.6954334378242493,0.6954334378242493,0.808251678943634,1,0.29136996865272524,0.5,0.20863003134727479,0.0,0.0,4,64,0,0.0,6,0.09375,58,0.90625,0.90625,2
S5,EMATent,0.4315374791622162,0.4315374791622162,0.8400960564613342,1,0.37053875625133514,0.5,0.12946124374866486,0.0,0.0,5,64,0,0.0,64,1.0,0,0.0,1.0,1
S5,EMATent,0.3803061842918396,0.3803061842918396,0.8889907598495483,1,0.38590814471244816,0.5,0.11409185528755188,0.0,0.0,6,59,0,0.0,59,1.0,0,0.0,1.0,1
S5,EMATentProbe025,0.0761294737458229,0.0761294737458229,0.9851377010345459,0,0.47716115787625313,0.5,0.022838842123746872,0.25,0.0,0,64,64,1.0,0,0.0,0,0.0,1.0,1
S5,EMATentProbe025,0.013048436492681503,0.013048436492681503,0.9982062578201294,0,0.4960854690521955,0.5,0.003914530947804451,0.25,0.0,1,64,64,1.0,0,0.0,0,0.0,1.0,1
S5,EMATentProbe025,0.3777329623699188,0.3777329623699188,0.9040412306785583,1,0.38668011128902435,0.5,0.11331988871097565,0.25,0.0,2,64,64,1.0,0,0.0,0,0.0,1.0,1
S5,EMATentProbe025,0.679203450679779,0.679203450679779,0.7960423827171326,1,0.29623896479606626,0.5,0.2037610352039337,0.25,0.0,3,64,47,0.734375,0,0.0,17,0.265625,0.734375,2
S5,EMATentProbe025,0.706804096698761,0.706804096698761,0.8030649423599243,1,0.2879587709903717,0.5,0.2120412290096283,0.25,0.0,4,64,0,0.0,6,0.09375,58,0.90625,0.90625,2
S5,EMATentProbe025,0.43933790922164917,0.43933790922164917,0.8356055617332458,1,0.36819862723350527,0.5,0.13180137276649476,0.25,0.0,5,64,0,0.0,64,1.0,0,0.0,1.0,1
S5,EMATentProbe025,0.4124716818332672,0.4124716818332672,0.8698240518569946,1,0.3762584954500199,0.5,0.12374150454998016,0.25,0.0,6,59,0,0.0,59,1.0,0,0.0,1.0,1
S5,EMATentProbe050,0.13134270906448364,0.13134270906448364,0.975994348526001,0,0.4605971872806549,0.5,0.03940281271934509,0.5,0.0,0,64,64,1.0,0,0.0,0,0.0,1.0,1
S5,EMATentProbe050,0.019664304330945015,0.019664304330945015,0.9971294403076172,0,0.4941007087007165,0.5,0.005899291299283504,0.5,0.0,1,64,64,1.0,0,0.0,0,0.0,1.0,1
S5,EMATentProbe050,0.47012877464294434,0.47012877464294434,0.8881043791770935,1,0.3589613676071167,0.5,0.1410386323928833,0.5,0.0,2,64,64,1.0,0,0.0,0,0.0,1.0,1
S5,EMATentProbe050,0.7677050828933716,0.7677050828933716,0.7668567299842834,1,0.2696884751319885,0.5,0.23031152486801146,0.5,0.0,3,64,47,0.734375,0,0.0,17,0.265625,0.734375,2
S5,EMATentProbe050,0.711727499961853,0.711727499961853,0.7974271178245544,1,0.2864817500114441,0.5,0.2135182499885559,0.5,0.0,4,64,0,0.0,6,0.09375,58,0.90625,0.90625,2
S5,EMATentProbe050,0.44079408049583435,0.44079408049583435,0.8338391184806824,1,0.3677617758512497,0.5,0.1322382241487503,0.5,0.0,5,64,0,0.0,64,1.0,0,0.0,1.0,1
S5,EMATentProbe050,0.4463016092777252,0.4463016092777252,0.853175699710846,1,0.36610951721668245,0.5,0.13389048278331755,0.5,0.0,6,59,0,0.0,59,1.0,0,0.0,1.0,1
S5,EMATentProbe100,0.33798572421073914,0.33798572421073914,0.9197386503219604,1,0.3986042827367783,0.5,0.10139571726322173,1.0,0.0,0,64,64,1.0,0,0.0,0,0.0,1.0,1
S5,EMATentProbe100,0.0533471554517746,0.0533471554517746,0.9907984137535095,0,0.4839958533644676,0.5,0.016004146635532377,1.0,0.0,1,64,64,1.0,0,0.0,0,0.0,1.0,1
S5,EMATentProbe100,0.6874547600746155,0.6874547600746155,0.8576911687850952,1,0.2937635719776154,0.5,0.20623642802238465,1.0,0.0,2,64,64,1.0,0,0.0,0,0.0,1.0,1
S5,EMATentProbe100,0.9320951104164124,0.9320951104164124,0.7565430998802185,1,0.2203714668750763,0.5,0.2796285331249237,1.0,0.0,3,64,47,0.734375,0,0.0,17,0.265625,0.734375,2
S5,EMATentProbe100,0.70674729347229,0.70674729347229,0.7973846197128296,1,0.287975811958313,0.5,0.21202418804168702,1.0,0.0,4,64,0,0.0,6,0.09375,58,0.90625,0.90625,2
S5,EMATentProbe100,0.4173794686794281,0.4173794686794281,0.8478390574455261,1,0.37478615939617155,0.5,0.12521384060382842,1.0,0.0,5,64,0,0.0,64,1.0,0,0.0,1.0,1
S5,EMATentProbe100,0.4808174669742584,0.4808174669742584,0.8370977640151978,1,0.3557547599077225,0.5,0.14424524009227752,1.0,0.0,6,59,0,0.0,59,1.0,0,0.0,1.0,1
S5,EMATentMinGate025,0.04231231287121773,0.2817342346534133,0.992756724357605,1,0.41547972960397606,0.5,0.08452027039602399,0.0,0.25,0,64,64,1.0,0,0.0,0,0.0,1.0,1
S5,EMATentMinGate025,0.009048431180417538,0.25678632338531315,0.9988172650337219,1,0.42296410298440607,0.5,0.07703589701559395,0.0,0.25,1,64,64,1.0,0,0.0,0,0.0,1.0,1
S5,EMATentMinGate025,0.2788831293582916,0.4591623470187187,0.9238940477371216,1,0.36225129589438443,0.5,0.1377487041056156,0.0,0.25,2,64,64,1.0,0,0.0,0,0.0,1.0,1
S5,EMATentMinGate025,0.6209370493888855,0.7157027870416641,0.8158855438232422,1,0.28528916388750075,0.5,0.21471083611249922,0.0,0.25,3,64,47,0.734375,0,0.0,17,0.265625,0.734375,2
S5,EMATentMinGate025,0.7002763152122498,0.7752072364091873,0.8065916299819946,1,0.2674378290772438,0.5,0.2325621709227562,0.0,0.25,4,64,0,0.0,6,0.09375,58,0.90625,0.90625,2
S5,EMATentMinGate025,0.4429539740085602,0.5822154805064201,0.8346884846687317,1,0.32533535584807394,0.5,0.17466464415192604,0.0,0.25,5,64,0,0.0,64,1.0,0,0.0,1.0,1
S5,EMATentMinGate025,0.3999236822128296,0.5499427616596222,0.8813474178314209,1,0.33501717150211335,0.5,0.16498282849788665,0.0,0.25,6,59,0,0.0,59,1.0,0,0.0,1.0,1
S5,EMATentMinGate050,0.04231231287121773,0.5211561564356089,0.992756724357605,1,0.3436531530693173,0.5,0.15634684693068265,0.0,0.5,0,64,64,1.0,0,0.0,0,0.0,1.0,1
S5,EMATentMinGate050,0.009026817046105862,0.5045134085230529,0.9988204836845398,1,0.3486459774430841,0.5,0.15135402255691588,0.0,0.5,1,64,64,1.0,0,0.0,0,0.0,1.0,1
S5,EMATentMinGate050,0.26639842987060547,0.6331992149353027,0.9276074767112732,1,0.3100402355194092,0.5,0.18995976448059082,0.0,0.5,2,64,64,1.0,0,0.0,0,0.0,1.0,1
S5,EMATentMinGate050,0.6350271701812744,0.8175135850906372,0.8109272122383118,1,0.25474592447280886,0.5,0.24525407552719114,0.0,0.5,3,64,47,0.734375,0,0.0,17,0.265625,0.734375,2
S5,EMATentMinGate050,0.7058461904525757,0.8529230952262878,0.8047834634780884,1,0.24412307143211365,0.5,0.25587692856788635,0.0,0.5,4,64,0,0.0,6,0.09375,58,0.90625,0.90625,2
S5,EMATentMinGate050,0.45460987091064453,0.7273049354553223,0.8290383815765381,1,0.28180851936340334,0.5,0.21819148063659669,0.0,0.5,5,64,0,0.0,64,1.0,0,0.0,1.0,1
S5,EMATentMinGate050,0.4209546744823456,0.7104773372411728,0.8729215860366821,1,0.28685679882764814,0.5,0.21314320117235183,0.0,0.5,6,59,0,0.0,59,1.0,0,0.0,1.0,1
S6,EMATent,0.06043567135930061,0.06043567135930061,0.989325225353241,0,0.48186929859220984,0.5,0.018130701407790183,0.0,0.0,0,64,64,1.0,0,0.0,0,0.0,1.0,1
S6,EMATent,0.08245625346899033,0.08245625346899033,0.9843129515647888,0,0.4752631239593029,0.5,0.024736876040697096,0.0,0.0,1,64,64,1.0,0,0.0,0,0.0,1.0,1
S6,EMATent,0.560014009475708,0.560014009475708,0.8510106205940247,1,0.3319957971572876,0.5,0.1680042028427124,0.0,0.0,2,64,64,1.0,0,0.0,0,0.0,1.0,1
S6,EMATent,0.852838933467865,0.852838933467865,0.8214837312698364,1,0.2441483199596405,0.5,0.25585168004035946,0.0,0.0,3,64,44,0.6875,20,0.3125,0,0.0,0.6875,2
S6,EMATent,0.7022824287414551,0.7022824287414551,0.6999103426933289,1,0.28931527137756347,0.5,0.2106847286224365,0.0,0.0,4,64,0,0.0,64,1.0,0,0.0,1.0,1
S6,EMATent,0.6407026648521423,0.6407026648521423,0.7423861026763916,1,0.3077892005443573,0.5,0.1922107994556427,0.0,0.0,5,64,0,0.0,46,0.71875,18,0.28125,0.71875,2
S6,EMATent,0.8401179909706116,0.8401179909706116,0.6597211956977844,1,0.24796460270881654,0.5,0.25203539729118346,0.0,0.0,6,57,0,0.0,0,0.0,57,1.0,1.0,1
S6,EMATentProbe025,0.06520533561706543,0.06520533561706543,0.9883134365081787,0,0.48043839931488036,0.5,0.01956160068511963,0.25,0.0,0,64,64,1.0,0,0.0,0,0.0,1.0,1
S6,EMATentProbe025,0.1000080481171608,0.1000080481171608,0.9802848100662231,0,0.46999758556485177,0.5,0.03000241443514824,0.25,0.0,1,64,64,1.0,0,0.0,0,0.0,1.0,1
S6,EMATentProbe025,0.6898170113563538,0.6898170113563538,0.7997496128082275,1,0.29305489659309386,0.5,0.2069451034069061,0.25,0.0,2,64,64,1.0,0,0.0,0,0.0,1.0,1
S6,EMATentProbe025,0.9153082966804504,0.9153082966804504,0.8269066214561462,1,0.22540751099586487,0.5,0.27459248900413513,0.25,0.0,3,64,44,0.6875,20,0.3125,0,0.0,0.6875,2
S6,EMATentProbe025,0.6893215775489807,0.6893215775489807,0.7018305063247681,1,0.2932035267353058,0.5,0.20679647326469422,0.25,0.0,4,64,0,0.0,64,1.0,0,0.0,1.0,1
S6,EMATentProbe025,0.662043035030365,0.662043035030365,0.7286475896835327,1,0.3013870894908905,0.5,0.19861291050910948,0.25,0.0,5,64,0,0.0,46,0.71875,18,0.28125,0.71875,2
S6,EMATentProbe025,0.8335910439491272,0.8335910439491272,0.6637036800384521,1,0.24992268681526186,0.5,0.25007731318473814,0.25,0.0,6,57,0,0.0,0,0.0,57,1.0,1.0,1
S6,EMATentProbe050,0.07247589528560638,0.07247589528560638,0.9867368936538696,0,0.4782572314143181,0.5,0.021742768585681915,0.5,0.0,0,64,64,1.0,0,0.0,0,0.0,1.0,1
S6,EMATentProbe050,0.1317146122455597,0.1317146122455597,0.972501277923584,0,0.4604856163263321,0.5,0.039514383673667906,0.5,0.0,1,64,64,1.0,0,0.0,0,0.0,1.0,1
S6,EMATentProbe050,0.8130928874015808,0.8130928874015808,0.746625542640686,1,0.25607213377952576,0.5,0.24392786622047424,0.5,0.0,2,64,64,1.0,0,0.0,0,0.0,1.0,1
S6,EMATentProbe050,0.9544723629951477,0.9544723629951477,0.8269208669662476,1,0.2136582911014557,0.5,0.2863417088985443,0.5,0.0,3,64,44,0.6875,20,0.3125,0,0.0,0.6875,2
S6,EMATentProbe050,0.684902012348175,0.684902012348175,0.698066771030426,1,0.2945293962955475,0.5,0.2054706037044525,0.5,0.0,4,64,0,0.0,64,1.0,0,0.0,1.0,1
S6,EMATentProbe050,0.6755092144012451,0.6755092144012451,0.7228850722312927,1,0.29734723567962645,0.5,0.20265276432037352,0.5,0.0,5,64,0,0.0,46,0.71875,18,0.28125,0.71875,2
S6,EMATentProbe050,0.8342481255531311,0.8342481255531311,0.6668158173561096,1,0.24972556233406068,0.5,0.2502744376659393,0.5,0.0,6,57,0,0.0,0,0.0,57,1.0,1.0,1
S6,EMATentProbe100,0.10320793092250824,0.10320793092250824,0.9796515703201294,0,0.4690376207232475,0.5,0.03096237927675247,1.0,0.0,0,64,64,1.0,0,0.0,0,0.0,1.0,1
S6,EMATentProbe100,0.28100237250328064,0.28100237250328064,0.935784101486206,1,0.4156992882490158,0.5,0.08430071175098419,1.0,0.0,1,64,64,1.0,0,0.0,0,0.0,1.0,1
S6,EMATentProbe100,0.9512446522712708,0.9512446522712708,0.7295123338699341,1,0.2146266043186188,0.5,0.2853733956813812,1.0,0.0,2,64,64,1.0,0,0.0,0,0.0,1.0,1
S6,EMATentProbe100,0.9849401712417603,0.9849401712417603,0.8459454774856567,1,0.20451794862747194,0.5,0.2954820513725281,1.0,0.0,3,64,44,0.6875,20,0.3125,0,0.0,0.6875,2
S6,EMATentProbe100,0.6782339811325073,0.6782339811325073,0.6940922737121582,1,0.2965298056602478,0.5,0.2034701943397522,1.0,0.0,4,64,0,0.0,64,1.0,0,0.0,1.0,1
S6,EMATentProbe100,0.733449399471283,0.733449399471283,0.7233084440231323,1,0.2799651801586151,0.5,0.22003481984138487,1.0,0.0,5,64,0,0.0,46,0.71875,18,0.28125,0.71875,2
S6,EMATentProbe100,0.8596881031990051,0.8596881031990051,0.6652281880378723,1,0.24209356904029847,0.5,0.2579064309597015,1.0,0.0,6,57,0,0.0,0,0.0,57,1.0,1.0,1
S6,EMATentMinGate025,0.06043567135930061,0.29532675351947546,0.989325225353241,1,0.41140197394415734,0.5,0.08859802605584263,0.0,0.25,0,64,64,1.0,0,0.0,0,0.0,1.0,1
S6,EMATentMinGate025,0.08226137608289719,0.3116960320621729,0.9843602180480957,1,0.4064911903813482,0.5,0.09350880961865186,0.0,0.25,1,64,64,1.0,0,0.0,0,0.0,1.0,1
S6,EMATentMinGate025,0.5539636611938477,0.6654727458953857,0.8529528379440308,1,0.3003581762313843,0.5,0.19964182376861572,0.0,0.25,2,64,64,1.0,0,0.0,0,0.0,1.0,1
S6,EMATentMinGate025,0.8540048003196716,0.8905036002397537,0.8216904997825623,1,0.23284891992807388,0.5,0.2671510800719261,0.0,0.25,3,64,44,0.6875,20,0.3125,0,0.0,0.6875,2
S6,EMATentMinGate025,0.7041323781013489,0.7780992835760117,0.6989039182662964,1,0.2665702149271965,0.5,0.2334297850728035,0.0,0.25,4,64,0,0.0,64,1.0,0,0.0,1.0,1
S6,EMATentMinGate025,0.6400450468063354,0.7300337851047516,0.741706371307373,1,0.28098986446857455,0.5,0.21901013553142548,0.0,0.25,5,64,0,0.0,46,0.71875,18,0.28125,0.71875,2
S6,EMATentMinGate025,0.8404242396354675,0.8803181797266006,0.65863436460495,1,0.23590454608201983,0.5,0.26409545391798017,0.0,0.25,6,57,0,0.0,0,0.0,57,1.0,1.0,1
S6,EMATentMinGate050,0.06043567135930061,0.5302178356796503,0.989325225353241,1,0.34093464929610495,0.5,0.15906535070389508,0.0,0.5,0,64,64,1.0,0,0.0,0,0.0,1.0,1
S6,EMATentMinGate050,0.0824592262506485,0.5412296131253242,0.9843164682388306,1,0.3376311160624027,0.5,0.16236888393759727,0.0,0.5,1,64,64,1.0,0,0.0,0,0.0,1.0,1
S6,EMATentMinGate050,0.5492401719093323,0.7746200859546661,0.8542677760124207,1,0.26761397421360017,0.5,0.23238602578639983,0.0,0.5,2,64,64,1.0,0,0.0,0,0.0,1.0,1
S6,EMATentMinGate050,0.8547752499580383,0.9273876249790192,0.8215106129646301,1,0.22178371250629425,0.5,0.27821628749370575,0.0,0.5,3,64,44,0.6875,20,0.3125,0,0.0,0.6875,2
S6,EMATentMinGate050,0.7061473727226257,0.8530736863613129,0.6978439688682556,1,0.24407789409160616,0.5,0.25592210590839387,0.0,0.5,4,64,0,0.0,64,1.0,0,0.0,1.0,1
S6,EMATentMinGate050,0.6392138600349426,0.8196069300174713,0.7411159873008728,1,0.2541179209947586,0.5,0.2458820790052414,0.0,0.5,5,64,0,0.0,46,0.71875,18,0.28125,0.71875,2
S6,EMATentMinGate050,0.8407351970672607,0.9203675985336304,0.6577046513557434,1,0.2238897204399109,0.5,0.2761102795600891,0.0,0.5,6,57,0,0.0,0,0.0,57,1.0,1.0,1
S7,EMATent,0.054060567170381546,0.054060567170381546,0.9904893040657043,0,0.4837818298488855,0.5,0.01621817015111446,0.0,0.0,0,64,64,1.0,0,0.0,0,0.0,1.0,1
S7,EMATent,0.11279728263616562,0.11279728263616562,0.9755935072898865,0,0.4661608152091503,0.5,0.033839184790849686,0.0,0.0,1,64,64,1.0,0,0.0,0,0.0,1.0,1
S7,EMATent,0.11385466158390045,0.11385466158390045,0.9760887622833252,0,0.46584360152482984,0.5,0.03415639847517014,0.0,0.0,2,64,64,1.0,0,0.0,0,0.0,1.0,1
S7,EMATent,0.5263750553131104,0.5263750553131104,0.9080843925476074,1,0.3420874834060669,0.5,0.1579125165939331,0.0,0.0,3,64,45,0.703125,0,0.0,19,0.296875,0.703125,2
S7,EMATent,0.8845400810241699,0.8845400810241699,0.6962800025939941,1,0.23463797569274902,0.5,0.265362024307251,0.0,0.0,4,64,0,0.0,8,0.125,56,0.875,0.875,2
S7,EMATent,0.38216185569763184,0.38216185569763184,0.8833484649658203,1,0.38535144329071047,0.5,0.11464855670928954,0.0,0.0,5,64,0,0.0,64,1.0,0,0.0,1.0,1
S7,EMATent,0.1845460832118988,0.1845460832118988,0.9494243860244751,0,0.4446361750364304,0.5,0.05536382496356964,0.0,0.0,6,56,0,0.0,56,1.0,0,0.0,1.0,1
S7,EMATentProbe025,0.06513722240924835,0.06513722240924835,0.9881108403205872,0,0.4804588332772255,0.5,0.019541166722774506,0.25,0.0,0,64,64,1.0,0,0.0,0,0.0,1.0,1
S7,EMATentProbe025,0.12862315773963928,0.12862315773963928,0.9713326096534729,0,0.4614130526781082,0.5,0.03858694732189178,0.25,0.0,1,64,64,1.0,0,0.0,0,0.0,1.0,1
S7,EMATentProbe025,0.14059478044509888,0.14059478044509888,0.9690977931022644,0,0.4578215658664703,0.5,0.04217843413352966,0.25,0.0,2,64,64,1.0,0,0.0,0,0.0,1.0,1
S7,EMATentProbe025,0.5601841807365417,0.5601841807365417,0.9101216793060303,1,0.3319447457790375,0.5,0.1680552542209625,0.25,0.0,3,64,45,0.703125,0,0.0,19,0.296875,0.703125,2
S7,EMATentProbe025,0.9022964239120483,0.9022964239120483,0.7010782957077026,1,0.22931107282638552,0.5,0.2706889271736145,0.25,0.0,4,64,0,0.0,8,0.125,56,0.875,0.875,2
S7,EMATentProbe025,0.39963415265083313,0.39963415265083313,0.8736222982406616,1,0.38010975420475007,0.5,0.11989024579524993,0.25,0.0,5,64,0,0.0,64,1.0,0,0.0,1.0,1
S7,EMATentProbe025,0.1974969208240509,0.1974969208240509,0.9444876909255981,0,0.44075092375278474,0.5,0.05924907624721527,0.25,0.0,6,56,0,0.0,56,1.0,0,0.0,1.0,1
S7,EMATentProbe050,0.08241720497608185,0.08241720497608185,0.9842000007629395,0,0.47527483850717545,0.5,0.024725161492824554,0.5,0.0,0,64,64,1.0,0,0.0,0,0.0,1.0,1
S7,EMATentProbe050,0.1522672325372696,0.1522672325372696,0.9646730422973633,0,0.4543198302388191,0.5,0.045680169761180875,0.5,0.0,1,64,64,1.0,0,0.0,0,0.0,1.0,1
S7,EMATentProbe050,0.18891601264476776,0.18891601264476776,0.9555462598800659,0,0.4433251962065697,0.5,0.056674803793430324,0.5,0.0,2,64,64,1.0,0,0.0,0,0.0,1.0,1
S7,EMATentProbe050,0.6069073677062988,0.6069073677062988,0.9059780240058899,1,0.31792778968811036,0.5,0.18207221031188964,0.5,0.0,3,64,45,0.703125,0,0.0,19,0.296875,0.703125,2
S7,EMATentProbe050,0.9152457118034363,0.9152457118034363,0.7023541927337646,1,0.22542628645896912,0.5,0.2745737135410309,0.5,0.0,4,64,0,0.0,8,0.125,56,0.875,0.875,2
S7,EMATentProbe050,0.4195767343044281,0.4195767343044281,0.8623172044754028,1,0.3741269797086716,0.5,0.12587302029132844,0.5,0.0,5,64,0,0.0,64,1.0,0,0.0,1.0,1
S7,EMATentProbe050,0.21532343327999115,0.21532343327999115,0.9374554753303528,1,0.43540297001600264,0.5,0.06459702998399734,0.5,0.0,6,56,0,0.0,56,1.0,0,0.0,1.0,1
S7,EMATentProbe100,0.1586785465478897,0.1586785465478897,0.9643813967704773,0,0.45239643603563306,0.5,0.047603563964366914,1.0,0.0,0,64,64,1.0,0,0.0,0,0.0,1.0,1
S7,EMATentProbe100,0.24760106205940247,0.24760106205940247,0.9344081878662109,1,0.42571968138217925,0.5,0.07428031861782074,1.0,0.0,1,64,64,1.0,0,0.0,0,0.0,1.0,1
S7,EMATentProbe100,0.4273581802845001,0.4273581802845001,0.8824620842933655,1,0.37179254591464994,0.5,0.12820745408535003,1.0,0.0,2,64,64,1.0,0,0.0,0,0.0,1.0,1
S7,EMATentProbe100,0.7955499291419983,0.7955499291419983,0.8480462431907654,1,0.2613350212574005,0.5,0.23866497874259948,1.0,0.0,3,64,45,0.703125,0,0.0,19,0.296875,0.703125,2
S7,EMATentProbe100,0.9404831528663635,0.9404831528663635,0.700717568397522,1,0.21785505414009096,0.5,0.28214494585990907,1.0,0.0,4,64,0,0.0,8,0.125,56,0.875,0.875,2
S7,EMATentProbe100,0.46617162227630615,0.46617162227630615,0.832114040851593,1,0.3601485133171082,0.5,0.13985148668289185,1.0,0.0,5,64,0,0.0,64,1.0,0,0.0,1.0,1
S7,EMATentProbe100,0.27103257179260254,0.27103257179260254,0.913584291934967,1,0.41869022846221926,0.5,0.08130977153778075,1.0,0.0,6,56,0,0.0,56,1.0,0,0.0,1.0,1
S7,EMATentMinGate025,0.054060567170381546,0.29054542537778616,0.9904893040657043,1,0.41283637238666415,0.5,0.08716362761333585,0.0,0.25,0,64,64,1.0,0,0.0,0,0.0,1.0,1
S7,EMATentMinGate025,0.1123095154762268,0.3342321366071701,0.9757356643676758,1,0.399730359017849,0.5,0.10026964098215103,0.0,0.25,1,64,64,1.0,0,0.0,0,0.0,1.0,1
S7,EMATentMinGate025,0.11326668411493301,0.33495001308619976,0.976241409778595,1,0.3995149960741401,0.5,0.10048500392585992,0.0,0.25,2,64,64,1.0,0,0.0,0,0.0,1.0,1
S7,EMATentMinGate025,0.5220686793327332,0.6415515094995499,0.9054920673370361,1,0.30753454715013506,0.5,0.19246545284986497,0.0,0.25,3,64,45,0.703125,0,0.0,19,0.296875,0.703125,2
S7,EMATentMinGate025,0.8874582052230835,0.9155936539173126,0.6919882893562317,1,0.2253219038248062,0.5,0.2746780961751938,0.0,0.25,4,64,0,0.0,8,0.125,56,0.875,0.875,2
S7,EMATentMinGate025,0.39041370153427124,0.5428102761507034,0.8787298202514648,1,0.337156917154789,0.5,0.162843082845211,0.0,0.25,5,64,0,0.0,64,1.0,0,0.0,1.0,1
S7,EMATentMinGate025,0.1915498822927475,0.3936624117195606,0.9468902945518494,1,0.38190127648413186,0.5,0.11809872351586818,0.0,0.25,6,56,0,0.0,56,1.0,0,0.0,1.0,1
S7,EMATentMinGate050,0.054060567170381546,0.5270302835851908,0.9904893040657043,1,0.3418909149244428,0.5,0.15810908507555724,0.0,0.5,0,64,64,1.0,0,0.0,0,0.0,1.0,1
S7,EMATentMinGate050,0.11216229200363159,0.5560811460018158,0.975787341594696,1,0.3331756561994553,0.5,0.16682434380054473,0.0,0.5,1,64,64,1.0,0,0.0,0,0.0,1.0,1
S7,EMATentMinGate050,0.11332492530345917,0.5566624626517296,0.9762272834777832,1,0.33300126120448115,0.5,0.16699873879551888,0.0,0.5,2,64,64,1.0,0,0.0,0,0.0,1.0,1
S7,EMATentMinGate050,0.5181975364685059,0.7590987682342529,0.9028077125549316,1,0.2722703695297241,0.5,0.22772963047027586,0.0,0.5,3,64,45,0.703125,0,0.0,19,0.296875,0.703125,2
S7,EMATentMinGate050,0.8894615769386292,0.9447307884693146,0.687777042388916,1,0.21658076345920563,0.5,0.2834192365407944,0.0,0.5,4,64,0,0.0,8,0.125,56,0.875,0.875,2
S7,EMATentMinGate050,0.3994138240814209,0.6997069120407104,0.8735539317131042,1,0.29008792638778685,0.5,0.20991207361221312,0.0,0.5,5,64,0,0.0,64,1.0,0,0.0,1.0,1
S7,EMATentMinGate050,0.19938233494758606,0.599691167473793,0.944015383720398,1,0.3200926497578621,0.5,0.17990735024213791,0.0,0.5,6,56,0,0.0,56,1.0,0,0.0,1.0,1
S8,EMATent,0.04647718742489815,0.04647718742489815,0.9921072721481323,0,0.48605684377253056,0.5,0.013943156227469444,0.0,0.0,0,64,64,1.0,0,0.0,0,0.0,1.0,1
S8,EMATent,0.9773402810096741,0.9773402810096741,0.6727362275123596,1,0.2067979156970978,0.5,0.29320208430290223,0.0,0.0,1,64,64,1.0,0,0.0,0,0.0,1.0,1
S8,EMATent,0.7571327090263367,0.7571327090263367,0.6379547715187073,1,0.272860187292099,0.5,0.22713981270790098,0.0,0.0,2,64,64,1.0,0,0.0,0,0.0,1.0,1
S8,EMATent,0.9808162450790405,0.9808162450790405,0.6339928507804871,1,0.20575512647628785,0.5,0.29424487352371215,0.0,0.0,3,64,42,0.65625,0,0.0,22,0.34375,0.65625,2
S8,EMATent,0.8942053914070129,0.8942053914070129,0.7476342916488647,1,0.23173838257789614,0.5,0.26826161742210386,0.0,0.0,4,64,0,0.0,12,0.1875,52,0.8125,0.8125,2
S8,EMATent,0.20802851021289825,0.20802851021289825,0.9450352787971497,1,0.4375914469361305,0.5,0.06240855306386947,0.0,0.0,5,64,0,0.0,64,1.0,0,0.0,1.0,1
S8,EMATent,0.3262653052806854,0.3262653052806854,0.8997599482536316,1,0.4021204084157944,0.5,0.09787959158420563,0.0,0.0,6,58,0,0.0,58,1.0,0,0.0,1.0,1
S8,EMATentProbe025,0.056832145899534225,0.056832145899534225,0.9899885654449463,0,0.4829503562301397,0.5,0.017049643769860266,0.25,0.0,0,64,64,1.0,0,0.0,0,0.0,1.0,1
S8,EMATentProbe025,0.9942260384559631,0.9942260384559631,0.6733258366584778,1,0.20173218846321106,0.5,0.29826781153678894,0.25,0.0,1,64,64,1.0,0,0.0,0,0.0,1.0,1
S8,EMATentProbe025,0.7823674082756042,0.7823674082756042,0.6286177039146423,1,0.26528977751731875,0.5,0.23471022248268125,0.25,0.0,2,64,64,1.0,0,0.0,0,0.0,1.0,1
S8,EMATentProbe025,0.9862782955169678,0.9862782955169678,0.6200639009475708,1,0.20411651134490968,0.5,0.29588348865509034,0.25,0.0,3,64,42,0.65625,0,0.0,22,0.34375,0.65625,2
S8,EMATentProbe025,0.9575737714767456,0.9575737714767456,0.6293677687644958,1,0.21272786855697634,0.5,0.28727213144302366,0.25,0.0,4,64,0,0.0,12,0.1875,52,0.8125,0.8125,2
S8,EMATentProbe025,0.29198548197746277,0.29198548197746277,0.9129124879837036,1,0.4124043554067612,0.5,0.08759564459323883,0.25,0.0,5,64,0,0.0,64,1.0,0,0.0,1.0,1
S8,EMATentProbe025,0.42666658759117126,0.42666658759117126,0.846026599407196,1,0.3720000237226486,0.5,0.12799997627735138,0.25,0.0,6,58,0,0.0,58,1.0,0,0.0,1.0,1
S8,EMATentProbe050,0.07325407862663269,0.07325407862663269,0.9864458441734314,0,0.4780237764120102,0.5,0.021976223587989806,0.5,0.0,0,64,64,1.0,0,0.0,0,0.0,1.0,1
S8,EMATentProbe050,0.9991579651832581,0.9991579651832581,0.6876761317253113,1,0.2002526104450226,0.5,0.29974738955497743,0.5,0.0,1,64,64,1.0,0,0.0,0,0.0,1.0,1
S8,EMATentProbe050,0.8274857401847839,0.8274857401847839,0.6199929118156433,1,0.25175427794456484,0.5,0.24824572205543516,0.5,0.0,2,64,64,1.0,0,0.0,0,0.0,1.0,1
S8,EMATentProbe050,0.9795286059379578,0.9795286059379578,0.6233893036842346,1,0.20614141821861268,0.5,0.2938585817813873,0.5,0.0,3,64,42,0.65625,0,0.0,22,0.34375,0.65625,2
S8,EMATentProbe050,0.9503040909767151,0.9503040909767151,0.584453284740448,1,0.2149087727069855,0.5,0.2850912272930145,0.5,0.0,4,64,0,0.0,12,0.1875,52,0.8125,0.8125,2
S8,EMATentProbe050,0.4023928940296173,0.4023928940296173,0.8630675673484802,1,0.3792821317911148,0.5,0.12071786820888519,0.5,0.0,5,64,0,0.0,64,1.0,0,0.0,1.0,1
S8,EMATentProbe050,0.5405535101890564,0.5405535101890564,0.7735377550125122,1,0.33783394694328306,0.5,0.1621660530567169,0.5,0.0,6,58,0,0.0,58,1.0,0,0.0,1.0,1
S8,EMATentProbe100,0.14296375215053558,0.14296375215053558,0.9693192839622498,0,0.4571108743548393,0.5,0.042889125645160675,1.0,0.0,0,64,64,1.0,0,0.0,0,0.0,1.0,1
S8,EMATentProbe100,0.998580276966095,0.998580276966095,0.7115023136138916,1,0.20042591691017153,0.5,0.29957408308982847,1.0,0.0,1,64,64,1.0,0,0.0,0,0.0,1.0,1
S8,EMATentProbe100,0.9365042448043823,0.9365042448043823,0.6324236989021301,1,0.21904872655868532,0.5,0.2809512734413147,1.0,0.0,2,64,64,1.0,0,0.0,0,0.0,1.0,1
S8,EMATentProbe100,0.9511290788650513,0.9511290788650513,0.6586191654205322,1,0.21466127634048462,0.5,0.28533872365951535,1.0,0.0,3,64,42,0.65625,0,0.0,22,0.34375,0.65625,2
S8,EMATentProbe100,0.9667255878448486,0.9667255878448486,0.5303283333778381,1,0.20998232364654543,0.5,0.2900176763534546,1.0,0.0,4,64,0,0.0,12,0.1875,52,0.8125,0.8125,2
S8,EMATentProbe100,0.6364386677742004,0.6364386677742004,0.7120985388755798,1,0.30906839966773986,0.5,0.19093160033226012,1.0,0.0,5,64,0,0.0,64,1.0,0,0.0,1.0,1
S8,EMATentProbe100,0.7351850271224976,0.7351850271224976,0.6170520782470703,1,0.2794444918632507,0.5,0.22055550813674926,1.0,0.0,6,58,0,0.0,58,1.0,0,0.0,1.0,1
S8,EMATentMinGate025,0.04647718742489815,0.2848578905686736,0.9921072721481323,1,0.41454263282939796,0.5,0.08545736717060208,0.0,0.25,0,64,64,1.0,0,0.0,0,0.0,1.0,1
S8,EMATentMinGate025,0.9765520691871643,0.9824140518903732,0.6719533205032349,1,0.20527578443288805,0.5,0.294724215567112,0.0,0.25,1,64,64,1.0,0,0.0,0,0.0,1.0,1
S8,EMATentMinGate025,0.7589555978775024,0.8192166984081268,0.636751651763916,1,0.254234990477562,0.5,0.24576500952243804,0.0,0.25,2,64,64,1.0,0,0.0,0,0.0,1.0,1
S8,EMATentMinGate025,0.9805148243904114,0.9853861182928085,0.6329687237739563,1,0.20438416451215746,0.5,0.29561583548784254,0.0,0.25,3,64,42,0.65625,0,0.0,22,0.34375,0.65625,2
S8,EMATentMinGate025,0.8944331407546997,0.9208248555660248,0.7474039196968079,1,0.22375254333019257,0.5,0.27624745666980743,0.0,0.25,4,64,0,0.0,12,0.1875,52,0.8125,0.8125,2
S8,EMATentMinGate025,0.2071675807237625,0.4053756855428219,0.9453133940696716,1,0.37838729433715346,0.5,0.12161270566284656,0.0,0.25,5,64,0,0.0,64,1.0,0,0.0,1.0,1
S8,EMATentMinGate025,0.315236896276474,0.4864276722073555,0.9051048755645752,1,0.3540716983377934,0.5,0.14592830166220663,0.0,0.25,6,58,0,0.0,58,1.0,0,0.0,1.0,1
S8,EMATentMinGate050,0.04647718742489815,0.5232385937124491,0.9921072721481323,1,0.34302842188626526,0.5,0.15697157811373472,0.0,0.5,0,64,64,1.0,0,0.0,0,0.0,1.0,1
S8,EMATentMinGate050,0.9756433963775635,0.9878216981887817,0.6711040735244751,1,0.20365349054336548,0.5,0.2963465094566345,0.0,0.5,1,64,64,1.0,0,0.0,0,0.0,1.0,1
S8,EMATentMinGate050,0.7608636021614075,0.8804318010807037,0.6354672312736511,1,0.2358704596757889,0.5,0.2641295403242111,0.0,0.5,2,64,64,1.0,0,0.0,0,0.0,1.0,1
S8,EMATentMinGate050,0.9802815318107605,0.9901407659053802,0.6320381760597229,1,0.20295777022838593,0.5,0.29704222977161404,0.0,0.5,3,64,42,0.65625,0,0.0,22,0.34375,0.65625,2
S8,EMATentMinGate050,0.8947033286094666,0.9473516643047333,0.7471389770507812,1,0.21579450070858003,0.5,0.28420549929141997,0.0,0.5,4,64,0,0.0,12,0.1875,52,0.8125,0.8125,2
S8,EMATentMinGate050,0.20639927685260773,0.6031996384263039,0.9455572962760925,1,0.31904010847210884,0.5,0.18095989152789116,0.0,0.5,5,64,0,0.0,64,1.0,0,0.0,1.0,1
S8,EMATentMinGate050,0.3054162561893463,0.6527081280946732,0.9097428321838379,1,0.30418756157159804,0.5,0.19581243842840193,0.0,0.5,6,58,0,0.0,58,1.0,0,0.0,1.0,1
S9,EMATent,0.04053409397602081,0.04053409397602081,0.9932560920715332,0,0.48783977180719373,0.5,0.012160228192806244,0.0,0.0,0,64,64,1.0,0,0.0,0,0.0,1.0,1
S9,EMATent,0.3267122507095337,0.3267122507095337,0.9025951623916626,1,0.4019863247871399,0.5,0.0980136752128601,0.0,0.0,1,64,64,1.0,0,0.0,0,0.0,1.0,1
S9,EMATent,0.30438941717147827,0.30438941717147827,0.9245911836624146,1,0.40868317484855654,0.5,0.09131682515144347,0.0,0.0,2,64,64,1.0,0,0.0,0,0.0,1.0,1
S9,EMATent,0.848183810710907,0.848183810710907,0.8771675825119019,1,0.2455448567867279,0.5,0.25445514321327206,0.0,0.0,3,64,44,0.6875,20,0.3125,0,0.0,0.6875,2
S9,EMATent,0.10151555389165878,0.10151555389165878,0.9772615432739258,0,0.46954533383250235,0.5,0.030454666167497632,0.0,0.0,4,64,0,0.0,64,1.0,0,0.0,1.0,1
S9,EMATent,0.06519319117069244,0.06519319117069244,0.9874209761619568,0,0.48044204264879226,0.5,0.019557957351207734,0.0,0.0,5,64,0,0.0,45,0.703125,19,0.296875,0.703125,2
S9,EMATent,0.1592285931110382,0.1592285931110382,0.9587223529815674,0,0.45223142206668854,0.5,0.04776857793331146,0.0,0.0,6,55,0,0.0,0,0.0,55,1.0,1.0,1
S9,EMATentProbe025,0.05044976621866226,0.05044976621866226,0.9912734627723694,0,0.48486507013440133,0.5,0.015134929865598678,0.25,0.0,0,64,64,1.0,0,0.0,0,0.0,1.0,1
S9,EMATentProbe025,0.37602734565734863,0.37602734565734863,0.8896350264549255,1,0.38719179630279543,0.5,0.11280820369720458,0.25,0.0,1,64,64,1.0,0,0.0,0,0.0,1.0,1
S9,EMATentProbe025,0.39033225178718567,0.39033225178718567,0.900274395942688,1,0.3829003244638443,0.5,0.11709967553615569,0.25,0.0,2,64,64,1.0,0,0.0,0,0.0,1.0,1
S9,EMATentProbe025,0.8675957322120667,0.8675957322120667,0.872630774974823,1,0.23972128033638002,0.5,0.26027871966362,0.25,0.0,3,64,44,0.6875,20,0.3125,0,0.0,0.6875,2
S9,EMATentProbe025,0.11894239485263824,0.11894239485263824,0.9722571969032288,0,0.46431728154420854,0.5,0.03568271845579147,0.25,0.0,4,64,0,0.0,64,1.0,0,0.0,1.0,1
S9,EMATentProbe025,0.08520444482564926,0.08520444482564926,0.9825600385665894,0,0.4744386665523052,0.5,0.02556133344769478,0.25,0.0,5,64,0,0.0,45,0.703125,19,0.296875,0.703125,2
S9,EMATentProbe025,0.19867168366909027,0.19867168366909027,0.9446755051612854,0,0.4403984948992729,0.5,0.05960150510072708,0.25,0.0,6,55,0,0.0,0,0.0,55,1.0,1.0,1
S9,EMATentProbe050,0.06910883635282516,0.06910883635282516,0.9873387217521667,0,0.4792673490941525,0.5,0.020732650905847548,0.5,0.0,0,64,64,1.0,0,0.0,0,0.0,1.0,1
S9,EMATentProbe050,0.43698158860206604,0.43698158860206604,0.8755731582641602,1,0.3689055234193802,0.5,0.13109447658061982,0.5,0.0,1,64,64,1.0,0,0.0,0,0.0,1.0,1
S9,EMATentProbe050,0.5007606744766235,0.5007606744766235,0.8632448315620422,1,0.34977179765701294,0.5,0.15022820234298706,0.5,0.0,2,64,64,1.0,0,0.0,0,0.0,1.0,1
S9,EMATentProbe050,0.8837575912475586,0.8837575912475586,0.8655849695205688,1,0.23487272262573244,0.5,0.26512727737426756,0.5,0.0,3,64,44,0.6875,20,0.3125,0,0.0,0.6875,2
S9,EMATentProbe050,0.14379721879959106,0.14379721879959106,0.9647197723388672,0,0.4568608343601227,0.5,0.04313916563987732,0.5,0.0,4,64,0,0.0,64,1.0,0,0.0,1.0,1
S9,EMATentProbe050,0.11254601180553436,0.11254601180553436,0.975389301776886,0,0.4662361964583397,0.5,0.03376380354166031,0.5,0.0,5,64,0,0.0,45,0.703125,19,0.296875,0.703125,2
S9,EMATentProbe050,0.25442183017730713,0.25442183017730713,0.9225602746009827,1,0.42367345094680786,0.5,0.07632654905319214,0.5,0.0,6,55,0,0.0,0,0.0,55,1.0,1.0,1
S9,EMATentProbe100,0.19122812151908875,0.19122812151908875,0.9646995067596436,0,0.44263156354427335,0.5,0.05736843645572662,1.0,0.0,0,64,64,1.0,0,0.0,0,0.0,1.0,1
S9,EMATentProbe100,0.5708173513412476,0.5708173513412476,0.8678110241889954,1,0.32875479459762574,0.5,0.17124520540237426,1.0,0.0,1,64,64,1.0,0,0.0,0,0.0,1.0,1
S9,EMATentProbe100,0.7894154787063599,0.7894154787063599,0.7252107858657837,1,0.26317535638809203,0.5,0.23682464361190794,1.0,0.0,2,64,64,1.0,0,0.0,0,0.0,1.0,1
S9,EMATentProbe100,0.9132811427116394,0.9132811427116394,0.8460639119148254,1,0.22601565718650818,0.5,0.2739843428134918,1.0,0.0,3,64,44,0.6875,20,0.3125,0,0.0,0.6875,2
S9,EMATentProbe100,0.2207312136888504,0.2207312136888504,0.9389787912368774,1,0.43378063589334487,0.5,0.06621936410665512,1.0,0.0,4,64,0,0.0,64,1.0,0,0.0,1.0,1
S9,EMATentProbe100,0.19780954718589783,0.19780954718589783,0.9497451186180115,0,0.44065713584423066,0.5,0.059342864155769344,1.0,0.0,5,64,0,0.0,45,0.703125,19,0.296875,0.703125,2
S9,EMATentProbe100,0.4173157215118408,0.4173157215118408,0.8420019745826721,1,0.37480528354644777,0.5,0.12519471645355223,1.0,0.0,6,55,0,0.0,0,0.0,55,1.0,1.0,1
S9,EMATentMinGate025,0.04053409397602081,0.2804005704820156,0.9932560920715332,1,0.4158798288553953,0.5,0.08412017114460468,0.0,0.25,0,64,64,1.0,0,0.0,0,0.0,1.0,1
S9,EMATentMinGate025,0.32349520921707153,0.49262140691280365,0.9036651253700256,1,0.3522135779261589,0.5,0.1477864220738411,0.0,0.25,1,64,64,1.0,0,0.0,0,0.0,1.0,1
S9,EMATentMinGate025,0.30250900983810425,0.4768817573785782,0.9251276254653931,1,0.35693547278642657,0.5,0.14306452721357346,0.0,0.25,2,64,64,1.0,0,0.0,0,0.0,1.0,1
S9,EMATentMinGate025,0.8480628132820129,0.8860471099615097,0.8770003914833069,1,0.2341858670115471,0.5,0.2658141329884529,0.0,0.25,3,64,44,0.6875,20,0.3125,0,0.0,0.6875,2
S9,EMATentMinGate025,0.1056334525346756,0.3292250894010067,0.9761231541633606,1,0.401232473179698,0.5,0.098767526820302,0.0,0.25,4,64,0,0.0,64,1.0,0,0.0,1.0,1
S9,EMATentMinGate025,0.06944339722394943,0.3020825479179621,0.9864291548728943,1,0.4093752356246114,0.5,0.09062476437538862,0.0,0.25,5,64,0,0.0,45,0.703125,19,0.296875,0.703125,2
S9,EMATentMinGate025,0.1656941920518875,0.37427064403891563,0.9565738439559937,1,0.3877188067883253,0.5,0.11228119321167469,0.0,0.25,6,55,0,0.0,0,0.0,55,1.0,1.0,1
S9,EMATentMinGate050,0.04053409397602081,0.5202670469880104,0.9932560920715332,1,0.3439198859035969,0.5,0.15608011409640313,0.0,0.5,0,64,64,1.0,0,0.0,0,0.0,1.0,1
S9,EMATentMinGate050,0.32103458046913147,0.6605172902345657,0.9044694900512695,1,0.3018448129296303,0.5,0.19815518707036972,0.0,0.5,1,64,64,1.0,0,0.0,0,0.0,1.0,1
S9,EMATentMinGate050,0.3005492687225342,0.6502746343612671,0.9256784915924072,1,0.30491760969161985,0.5,0.19508239030838012,0.0,0.5,2,64,64,1.0,0,0.0,0,0.0,1.0,1
S9,EMATentMinGate050,0.8477868437767029,0.9238934218883514,0.8766069412231445,1,0.2228319734334946,0.5,0.2771680265665054,0.0,0.5,3,64,44,0.6875,20,0.3125,0,0.0,0.6875,2
S9,EMATentMinGate050,0.11020994186401367,0.5551049709320068,0.9748446345329285,1,0.33346850872039796,0.5,0.16653149127960204,0.0,0.5,4,64,0,0.0,64,1.0,0,0.0,1.0,1
S9,EMATentMinGate050,0.07434674352407455,0.5371733717620373,0.9852652549743652,1,0.33884798847138886,0.5,0.16115201152861117,0.0,0.5,5,64,0,0.0,45,0.703125,19,0.296875,0.703125,2
S9,EMATentMinGate050,0.17328572273254395,0.586642861366272,0.9540101289749146,1,0.3240071415901184,0.5,0.17599285840988158,0.0,0.5,6,55,0,0.0,0,0.0,55,1.0,1.0,1
S10,EMATent,0.1096472442150116,0.1096472442150116,0.9781075119972229,0,0.4671058267354965,0.5,0.03289417326450348,0.0,0.0,0,64,64,1.0,0,0.0,0,0.0,1.0,1
S10,EMATent,0.853682279586792,0.853682279586792,0.6456230282783508,1,0.24389531612396242,0.5,0.2561046838760376,0.0,0.0,1,64,64,1.0,0,0.0,0,0.0,1.0,1
S10,EMATent,0.8682008981704712,0.8682008981704712,0.6177782416343689,1,0.23953973054885866,0.5,0.26046026945114137,0.0,0.0,2,64,64,1.0,0,0.0,0,0.0,1.0,1
S10,EMATent,0.8450646996498108,0.8450646996498108,0.775323748588562,1,0.24648059010505677,0.5,0.2535194098949432,0.0,0.0,3,64,44,0.6875,0,0.0,20,0.3125,0.6875,2
S10,EMATent,0.1607103794813156,0.1607103794813156,0.9632365703582764,0,0.4517868861556053,0.5,0.04821311384439468,0.0,0.0,4,64,0,0.0,9,0.140625,55,0.859375,0.859375,2
S10,EMATent,0.6526212096214294,0.6526212096214294,0.75048828125,1,0.3042136371135712,0.5,0.19578636288642884,0.0,0.0,5,64,0,0.0,64,1.0,0,0.0,1.0,1
S10,EMATent,0.6692977547645569,0.6692977547645569,0.6491234302520752,1,0.2992106735706329,0.5,0.20078932642936706,0.0,0.0,6,64,0,0.0,64,1.0,0,0.0,1.0,1
S10,EMATent,0.6557409167289734,0.6557409167289734,0.6518598794937134,1,0.303277724981308,0.5,0.19672227501869202,0.0,0.0,7,8,0,0.0,8,1.0,0,0.0,1.0,1
S10,EMATentProbe025,0.1613413542509079,0.1613413542509079,0.9646210670471191,0,0.45159759372472763,0.5,0.04840240627527237,0.25,0.0,0,64,64,1.0,0,0.0,0,0.0,1.0,1
S10,EMATentProbe025,0.9478375911712646,0.9478375911712646,0.5749484300613403,1,0.21564872264862062,0.5,0.2843512773513794,0.25,0.0,1,64,64,1.0,0,0.0,0,0.0,1.0,1
S10,EMATentProbe025,0.8646634817123413,0.8646634817123413,0.6240624189376831,1,0.24060095548629762,0.5,0.2593990445137024,0.25,0.0,2,64,64,1.0,0,0.0,0,0.0,1.0,1
S10,EMATentProbe025,0.8148401975631714,0.8148401975631714,0.7920739650726318,1,0.2555479407310486,0.5,0.24445205926895142,0.25,0.0,3,64,44,0.6875,0,0.0,20,0.3125,0.6875,2
S10,EMATentProbe025,0.2595426142215729,0.2595426142215729,0.9349852800369263,1,0.42213721573352814,0.5,0.07786278426647186,0.25,0.0,4,64,0,0.0,9,0.140625,55,0.859375,0.859375,2
S10,EMATentProbe025,0.6441106200218201,0.6441106200218201,0.7476340532302856,1,0.30676681399345396,0.5,0.19323318600654601,0.25,0.0,5,64,0,0.0,64,1.0,0,0.0,1.0,1
S10,EMATentProbe025,0.6533582806587219,0.6533582806587219,0.6656584739685059,1,0.3039925158023834,0.5,0.19600748419761657,0.25,0.0,6,64,0,0.0,64,1.0,0,0.0,1.0,1
S10,EMATentProbe025,0.6353040933609009,0.6353040933609009,0.6734534502029419,1,0.3094087719917297,0.5,0.19059122800827025,0.25,0.0,7,8,0,0.0,8,1.0,0,0.0,1.0,1
S10,EMATentProbe050,0.21949753165245056,0.21949753165245056,0.9540820717811584,1,0.43415074050426483,0.5,0.06584925949573517,0.5,0.0,0,64,64,1.0,0,0.0,0,0.0,1.0,1
S10,EMATentProbe050,0.979444682598114,0.979444682598114,0.5485198497772217,1,0.2061665952205658,0.5,0.2938334047794342,0.5,0.0,1,64,64,1.0,0,0.0,0,0.0,1.0,1
S10,EMATentProbe050,0.8743433356285095,0.8743433356285095,0.6316201090812683,1,0.23769699931144717,0.5,0.26230300068855283,0.5,0.0,2,64,64,1.0,0,0.0,0,0.0,1.0,1
S10,EMATentProbe050,0.7970762848854065,0.7970762848854065,0.8018048405647278,1,0.26087711453437806,0.5,0.23912288546562194,0.5,0.0,3,64,44,0.6875,0,0.0,20,0.3125,0.6875,2
S10,EMATentProbe050,0.3687513470649719,0.3687513470649719,0.9149335622787476,1,0.38937459588050843,0.5,0.11062540411949158,0.5,0.0,4,64,0,0.0,9,0.140625,55,0.859375,0.859375,2
S10,EMATentProbe050,0.6395787596702576,0.6395787596702576,0.7483744025230408,1,0.30812637209892274,0.5,0.19187362790107726,0.5,0.0,5,64,0,0.0,64,1.0,0,0.0,1.0,1
S10,EMATentProbe050,0.6338568925857544,0.6338568925857544,0.6870200037956238,1,0.30984293222427367,0.5,0.1901570677757263,0.5,0.0,6,64,0,0.0,64,1.0,0,0.0,1.0,1
S10,EMATentProbe050,0.610512375831604,0.610512375831604,0.7070328593254089,1,0.3168462872505188,0.5,0.1831537127494812,0.5,0.0,7,8,0,0.0,8,1.0,0,0.0,1.0,1
S10,EMATentProbe100,0.33672285079956055,0.33672285079956055,0.934198796749115,1,0.39898314476013186,0.5,0.10101685523986816,1.0,0.0,0,64,64,1.0,0,0.0,0,0.0,1.0,1
S10,EMATentProbe100,0.9703028202056885,0.9703028202056885,0.577578604221344,1,0.20890915393829346,0.5,0.29109084606170654,1.0,0.0,1,64,64,1.0,0,0.0,0,0.0,1.0,1
S10,EMATentProbe100,0.9099580645561218,0.9099580645561218,0.641652524471283,1,0.22701258063316346,0.5,0.2729874193668365,1.0,0.0,2,64,64,1.0,0,0.0,0,0.0,1.0,1
S10,EMATentProbe100,0.7972519397735596,0.7972519397735596,0.8037953972816467,1,0.2608244180679321,0.5,0.23917558193206787,1.0,0.0,3,64,44,0.6875,0,0.0,20,0.3125,0.6875,2
S10,EMATentProbe100,0.5039774775505066,0.5039774775505066,0.9216736555099487,1,0.34880675673484807,0.5,0.15119324326515196,1.0,0.0,4,64,0,0.0,9,0.140625,55,0.859375,0.859375,2
S10,EMATentProbe100,0.6398709416389465,0.6398709416389465,0.7532016038894653,1,0.308038717508316,0.5,0.19196128249168395,1.0,0.0,5,64,0,0.0,64,1.0,0,0.0,1.0,1
S10,EMATentProbe100,0.5873323678970337,0.5873323678970337,0.7376174926757812,1,0.3238002896308899,0.5,0.1761997103691101,1.0,0.0,6,64,0,0.0,64,1.0,0,0.0,1.0,1
S10,EMATentProbe100,0.5672149658203125,0.5672149658203125,0.7521044611930847,1,0.32983551025390623,0.5,0.17016448974609374,1.0,0.0,7,8,0,0.0,8,1.0,0,0.0,1.0,1
S10,EMATentMinGate025,0.1096472442150116,0.3322354331612587,0.9781075119972229,1,0.4003293700516224,0.5,0.09967062994837761,0.0,0.25,0,64,64,1.0,0,0.0,0,0.0,1.0,1
S10,EMATentMinGate025,0.8487327694892883,0.8865495771169662,0.6490975022315979,1,0.23403512686491013,0.5,0.2659648731350899,0.0,0.25,1,64,64,1.0,0,0.0,0,0.0,1.0,1
S10,EMATentMinGate025,0.8710321187973022,0.9032740890979767,0.6168095469474792,1,0.22901777327060702,0.5,0.270982226729393,0.0,0.25,2,64,64,1.0,0,0.0,0,0.0,1.0,1
S10,EMATentMinGate025,0.8484740853309631,0.8863555639982224,0.7745518088340759,1,0.2340933308005333,0.5,0.2659066691994667,0.0,0.25,3,64,44,0.6875,0,0.0,20,0.3125,0.6875,2
S10,EMATentMinGate025,0.16159553825855255,0.3711966536939144,0.9630070328712463,1,0.38864100389182565,0.5,0.11135899610817432,0.0,0.25,4,64,0,0.0,9,0.140625,55,0.859375,0.859375,2
S10,EMATentMinGate025,0.661271870136261,0.7459539026021957,0.7430935502052307,1,0.2762138292193413,0.5,0.2237861707806587,0.0,0.25,5,64,0,0.0,64,1.0,0,0.0,1.0,1
S10,EMATentMinGate025,0.6748536229133606,0.7561402171850204,0.6447420120239258,1,0.27315793484449385,0.5,0.22684206515550612,0.0,0.25,6,64,0,0.0,64,1.0,0,0.0,1.0,1
S10,EMATentMinGate025,0.6616671085357666,0.746250331401825,0.6445738673210144,1,0.2761249005794525,0.5,0.22387509942054748,0.0,0.25,7,8,0,0.0,8,1.0,0,0.0,1.0,1
S10,EMATentMinGate050,0.1096472442150116,0.5548236221075058,0.9781075119972229,1,0.3335529133677483,0.5,0.16644708663225175,0.0,0.5,0,64,64,1.0,0,0.0,0,0.0,1.0,1
S10,EMATentMinGate050,0.84422767162323,0.922113835811615,0.6520854234695435,1,0.2233658492565155,0.5,0.27663415074348446,0.0,0.5,1,64,64,1.0,0,0.0,0,0.0,1.0,1
S10,EMATentMinGate050,0.8734032511711121,0.936701625585556,0.6159953474998474,1,0.2189895123243332,0.5,0.2810104876756668,0.0,0.5,2,64,64,1.0,0,0.0,0,0.0,1.0,1
S10,EMATentMinGate050,0.8515118956565857,0.9257559478282928,0.7739211320877075,1,0.22227321565151215,0.5,0.27772678434848785,0.0,0.5,3,64,44,0.6875,0,0.0,20,0.3125,0.6875,2
S10,EMATentMinGate050,0.16252551972866058,0.5812627598643303,0.9627648591995239,1,0.32562117204070096,0.5,0.17437882795929907,0.0,0.5,4,64,0,0.0,9,0.140625,55,0.859375,0.859375,2
S10,EMATentMinGate050,0.6683967113494873,0.8341983556747437,0.7349998950958252,1,0.24974049329757692,0.5,0.2502595067024231,0.0,0.5,5,64,0,0.0,64,1.0,0,0.0,1.0,1
S10,EMATentMinGate050,0.6782121062278748,0.8391060531139374,0.6427237391471863,1,0.2482681840658188,0.5,0.2517318159341812,0.0,0.5,6,64,0,0.0,64,1.0,0,0.0,1.0,1
S10,EMATentMinGate050,0.6658915281295776,0.8329457640647888,0.642359733581543,1,0.25011627078056337,0.5,0.24988372921943663,0.0,0.5,7,8,0,0.0,8,1.0,0,0.0,1.0,1
S11,EMATent,0.14645293354988098,0.14645293354988098,0.9686616659164429,0,0.4560641199350357,0.5,0.043935880064964294,0.0,0.0,0,64,64,1.0,0,0.0,0,0.0,1.0,1
S11,EMATent,0.20222258567810059,0.20222258567810059,0.9529796838760376,1,0.43933322429656985,0.5,0.060666775703430174,0.0,0.0,1,64,64,1.0,0,0.0,0,0.0,1.0,1
S11,EMATent,0.9186704754829407,0.9186704754829407,0.609183669090271,1,0.2243988573551178,0.5,0.27560114264488217,0.0,0.0,2,64,64,1.0,0,0.0,0,0.0,1.0,1
S11,EMATent,0.8507894277572632,0.8507894277572632,0.6367895603179932,1,0.24476317167282105,0.5,0.2552368283271789,0.0,0.0,3,64,44,0.6875,20,0.3125,0,0.0,0.6875,2
S11,EMATent,0.6819782853126526,0.6819782853126526,0.7419804334640503,1,0.29540651440620425,0.5,0.20459348559379578,0.0,0.0,4,64,0,0.0,64,1.0,0,0.0,1.0,1
S11,EMATent,0.47257664799690247,0.47257664799690247,0.8389599919319153,1,0.35822700560092924,0.5,0.14177299439907073,0.0,0.0,5,64,0,0.0,52,0.8125,12,0.1875,0.8125,2
S11,EMATent,0.36233755946159363,0.36233755946159363,0.8967939615249634,1,0.3912987321615219,0.5,0.10870126783847808,0.0,0.0,6,62,0,0.0,0,0.0,62,1.0,1.0,1
S11,EMATentProbe025,0.15913896262645721,0.15913896262645721,0.965225100517273,0,0.45225831121206284,0.5,0.047741688787937164,0.25,0.0,0,64,64,1.0,0,0.0,0,0.0,1.0,1
S11,EMATentProbe025,0.23375500738620758,0.23375500738620758,0.9433574676513672,1,0.42987349778413775,0.5,0.07012650221586227,0.25,0.0,1,64,64,1.0,0,0.0,0,0.0,1.0,1
S11,EMATentProbe025,0.9431050419807434,0.9431050419807434,0.6213310956954956,1,0.217068487405777,0.5,0.282931512594223,0.25,0.0,2,64,64,1.0,0,0.0,0,0.0,1.0,1
S11,EMATentProbe025,0.8552871346473694,0.8552871346473694,0.6405121684074402,1,0.2434138596057892,0.5,0.2565861403942108,0.25,0.0,3,64,44,0.6875,20,0.3125,0,0.0,0.6875,2
S11,EMATentProbe025,0.6828239560127258,0.6828239560127258,0.7395681142807007,1,0.29515281319618225,0.5,0.20484718680381775,0.25,0.0,4,64,0,0.0,64,1.0,0,0.0,1.0,1
S11,EMATentProbe025,0.5158712267875671,0.5158712267875671,0.814125657081604,1,0.34523863196372984,0.5,0.15476136803627014,0.25,0.0,5,64,0,0.0,52,0.8125,12,0.1875,0.8125,2
S11,EMATentProbe025,0.3986600637435913,0.3986600637435913,0.8812785148620605,1,0.3804019808769226,0.5,0.11959801912307738,0.25,0.0,6,62,0,0.0,0,0.0,62,1.0,1.0,1
S11,EMATentProbe050,0.17689892649650574,0.17689892649650574,0.9602628946304321,0,0.44693032205104827,0.5,0.05306967794895172,0.5,0.0,0,64,64,1.0,0,0.0,0,0.0,1.0,1
S11,EMATentProbe050,0.2811841368675232,0.2811841368675232,0.9279040694236755,1,0.41564475893974306,0.5,0.08435524106025695,0.5,0.0,1,64,64,1.0,0,0.0,0,0.0,1.0,1
S11,EMATentProbe050,0.9583478569984436,0.9583478569984436,0.6430930495262146,1,0.21249564290046694,0.5,0.2875043570995331,0.5,0.0,2,64,64,1.0,0,0.0,0,0.0,1.0,1
S11,EMATentProbe050,0.8631014823913574,0.8631014823913574,0.6406460404396057,1,0.24106955528259277,0.5,0.2589304447174072,0.5,0.0,3,64,44,0.6875,20,0.3125,0,0.0,0.6875,2
S11,EMATentProbe050,0.6964263916015625,0.6964263916015625,0.726700484752655,1,0.29107208251953126,0.5,0.20892791748046874,0.5,0.0,4,64,0,0.0,64,1.0,0,0.0,1.0,1
S11,EMATentProbe050,0.570833146572113,0.570833146572113,0.7798726558685303,1,0.3287500560283661,0.5,0.1712499439716339,0.5,0.0,5,64,0,0.0,52,0.8125,12,0.1875,0.8125,2
S11,EMATentProbe050,0.4483957886695862,0.4483957886695862,0.8582724332809448,1,0.3654812633991241,0.5,0.13451873660087585,0.5,0.0,6,62,0,0.0,0,0.0,62,1.0,1.0,1
S11,EMATentProbe100,0.2379499226808548,0.2379499226808548,0.9419087767601013,1,0.42861502319574357,0.5,0.07138497680425644,1.0,0.0,0,64,64,1.0,0,0.0,0,0.0,1.0,1
S11,EMATentProbe100,0.46866223216056824,0.46866223216056824,0.8590937256813049,1,0.35940133035182953,0.5,0.14059866964817047,1.0,0.0,1,64,64,1.0,0,0.0,0,0.0,1.0,1
S11,EMATentProbe100,0.9700028896331787,0.9700028896331787,0.6870761513710022,1,0.2089991331100464,0.5,0.2910008668899536,1.0,0.0,2,64,64,1.0,0,0.0,0,0.0,1.0,1
S11,EMATentProbe100,0.8838421106338501,0.8838421106338501,0.6397308111190796,1,0.23484736680984497,0.5,0.26515263319015503,1.0,0.0,3,64,44,0.6875,20,0.3125,0,0.0,0.6875,2
S11,EMATentProbe100,0.7588056325912476,0.7588056325912476,0.6638258695602417,1,0.27235831022262574,0.5,0.22764168977737426,1.0,0.0,4,64,0,0.0,64,1.0,0,0.0,1.0,1
S11,EMATentProbe100,0.7163188457489014,0.7163188457489014,0.6897423267364502,1,0.2851043462753296,0.5,0.2148956537246704,1.0,0.0,5,64,0,0.0,52,0.8125,12,0.1875,0.8125,2
S11,EMATentProbe100,0.6017707586288452,0.6017707586288452,0.7771499752998352,1,0.3194687724113464,0.5,0.18053122758865356,1.0,0.0,6,62,0,0.0,0,0.0,62,1.0,1.0,1
S11,EMATentMinGate025,0.14645293354988098,0.35983970016241074,0.9686616659164429,1,0.3920480899512768,0.5,0.10795191004872322,0.0,0.25,0,64,64,1.0,0,0.0,0,0.0,1.0,1
S11,EMATentMinGate025,0.2016257792711258,0.40121933445334435,0.9531577825546265,1,0.3796341996639967,0.5,0.1203658003360033,0.0,0.25,1,64,64,1.0,0,0.0,0,0.0,1.0,1
S11,EMATentMinGate025,0.9124294519424438,0.9343220889568329,0.610736608505249,1,0.21970337331295015,0.5,0.28029662668704985,0.0,0.25,2,64,64,1.0,0,0.0,0,0.0,1.0,1
S11,EMATentMinGate025,0.8562148809432983,0.8921611607074738,0.6326014995574951,1,0.23235165178775788,0.5,0.2676483482122421,0.0,0.25,3,64,44,0.6875,20,0.3125,0,0.0,0.6875,2
S11,EMATentMinGate025,0.6908489465713501,0.7681367099285126,0.7364858388900757,1,0.2695589870214462,0.5,0.23044101297855377,0.0,0.25,4,64,0,0.0,64,1.0,0,0.0,1.0,1
S11,EMATentMinGate025,0.4787633419036865,0.6090725064277649,0.8364987373352051,1,0.31727824807167054,0.5,0.18272175192832946,0.0,0.25,5,64,0,0.0,52,0.8125,12,0.1875,0.8125,2
S11,EMATentMinGate025,0.3683033585548401,0.5262275189161301,0.8945956826210022,1,0.342131744325161,0.5,0.157868255674839,0.0,0.25,6,62,0,0.0,0,0.0,62,1.0,1.0,1
S11,EMATentMinGate050,0.14645293354988098,0.5732264667749405,0.9686616659164429,1,0.32803205996751783,0.5,0.17196794003248214,0.0,0.5,0,64,64,1.0,0,0.0,0,0.0,1.0,1
S11,EMATentMinGate050,0.2015288770198822,0.6007644385099411,0.9531873464584351,1,0.3197706684470177,0.5,0.18022933155298232,0.0,0.5,1,64,64,1.0,0,0.0,0,0.0,1.0,1
S11,EMATentMinGate050,0.9056310057640076,0.9528155028820038,0.6123265027999878,1,0.21415534913539888,0.5,0.28584465086460115,0.0,0.5,2,64,64,1.0,0,0.0,0,0.0,1.0,1
S11,EMATentMinGate050,0.8619768023490906,0.9309884011745453,0.6279086470603943,1,0.22070347964763642,0.5,0.2792965203523636,0.0,0.5,3,64,44,0.6875,20,0.3125,0,0.0,0.6875,2
S11,EMATentMinGate050,0.7001978158950806,0.8500989079475403,0.7305640578269958,1,0.24497032761573792,0.5,0.25502967238426205,0.0,0.5,4,64,0,0.0,64,1.0,0,0.0,1.0,1
S11,EMATentMinGate050,0.48545384407043457,0.7427269220352173,0.8337767720222473,1,0.2771819233894348,0.5,0.22281807661056519,0.0,0.5,5,64,0,0.0,52,0.8125,12,0.1875,0.8125,2
S11,EMATentMinGate050,0.3744050860404968,0.6872025430202484,0.8923314809799194,1,0.29383923709392545,0.5,0.20616076290607452,0.0,0.5,6,62,0,0.0,0,0.0,62,1.0,1.0,1
S13,EMATent,0.11999025195837021,0.11999025195837021,0.9754358530044556,0,0.4640029244124889,0.5,0.035997075587511064,0.0,0.0,0,64,64,1.0,0,0.0,0,0.0,1.0,1
S13,EMATent,0.045128487050533295,0.045128487050533295,0.9924033284187317,0,0.48646145388484,0.5,0.013538546115159988,0.0,0.0,1,64,64,1.0,0,0.0,0,0.0,1.0,1
S13,EMATent,0.23266924917697906,0.23266924917697906,0.9746440649032593,1,0.4301992252469063,0.5,0.06980077475309372,0.0,0.0,2,64,64,1.0,0,0.0,0,0.0,1.0,1
S13,EMATent,0.9562434554100037,0.9562434554100037,0.8147725462913513,1,0.2131269633769989,0.5,0.28687303662300107,0.0,0.0,3,64,44,0.6875,0,0.0,20,0.3125,0.6875,2
S13,EMATent,0.4027569890022278,0.4027569890022278,0.9645830392837524,1,0.3791729032993317,0.5,0.12082709670066832,0.0,0.0,4,64,0,0.0,8,0.125,56,0.875,0.875,2
S13,EMATent,0.5711360573768616,0.5711360573768616,0.9263198375701904,1,0.3286591827869415,0.5,0.17134081721305847,0.0,0.0,5,64,0,0.0,64,1.0,0,0.0,1.0,1
S13,EMATent,0.5922223329544067,0.5922223329544067,0.806748628616333,1,0.322333300113678,0.5,0.17766669988632203,0.0,0.0,6,61,0,0.0,61,1.0,0,0.0,1.0,1
S13,EMATentProbe025,0.1870446354150772,0.1870446354150772,0.9568607807159424,0,0.44388660937547686,0.5,0.05611339062452316,0.25,0.0,0,64,64,1.0,0,0.0,0,0.0,1.0,1
S13,EMATentProbe025,0.0712769478559494,0.0712769478559494,0.9868581891059875,0,0.4786169156432152,0.5,0.02138308435678482,0.25,0.0,1,64,64,1.0,0,0.0,0,0.0,1.0,1
S13,EMATentProbe025,0.2732742428779602,0.2732742428779602,0.9716662764549255,1,0.41801772713661195,0.5,0.08198227286338806,0.25,0.0,2,64,64,1.0,0,0.0,0,0.0,1.0,1
S13,EMATentProbe025,0.9715287685394287,0.9715287685394287,0.8250046372413635,1,0.2085413694381714,0.5,0.2914586305618286,0.25,0.0,3,64,44,0.6875,0,0.0,20,0.3125,0.6875,2
S13,EMATentProbe025,0.4076724946498871,0.4076724946498871,0.9614941477775574,1,0.3776982516050339,0.5,0.12230174839496612,0.25,0.0,4,64,0,0.0,8,0.125,56,0.875,0.875,2
S13,EMATentProbe025,0.6166965961456299,0.6166965961456299,0.9111395478248596,1,0.31499102115631106,0.5,0.18500897884368897,0.25,0.0,5,64,0,0.0,64,1.0,0,0.0,1.0,1
S13,EMATentProbe025,0.5986430048942566,0.5986430048942566,0.8097448348999023,1,0.320407098531723,0.5,0.17959290146827697,0.25,0.0,6,61,0,0.0,61,1.0,0,0.0,1.0,1
S13,EMATentProbe050,0.2832225263118744,0.2832225263118744,0.9298560619354248,1,0.41503324210643766,0.5,0.08496675789356231,0.5,0.0,0,64,64,1.0,0,0.0,0,0.0,1.0,1
S13,EMATentProbe050,0.12646779417991638,0.12646779417991638,0.9733438491821289,0,0.4620596617460251,0.5,0.037940338253974915,0.5,0.0,1,64,64,1.0,0,0.0,0,0.0,1.0,1
S13,EMATentProbe050,0.33064669370651245,0.33064669370651245,0.9624943733215332,1,0.4008059918880463,0.5,0.09919400811195374,0.5,0.0,2,64,64,1.0,0,0.0,0,0.0,1.0,1
S13,EMATentProbe050,0.9820276498794556,0.9820276498794556,0.8401625752449036,1,0.20539170503616333,0.5,0.29460829496383667,0.5,0.0,3,64,44,0.6875,0,0.0,20,0.3125,0.6875,2
S13,EMATentProbe050,0.4127849340438843,0.4127849340438843,0.9569347500801086,1,0.37616451978683474,0.5,0.12383548021316527,0.5,0.0,4,64,0,0.0,8,0.125,56,0.875,0.875,2
S13,EMATentProbe050,0.6320762038230896,0.6320762038230896,0.8813688158988953,1,0.3103771388530731,0.5,0.18962286114692686,0.5,0.0,5,64,0,0.0,64,1.0,0,0.0,1.0,1
S13,EMATentProbe050,0.6126299500465393,0.6126299500465393,0.8085794448852539,1,0.3162110149860382,0.5,0.1837889850139618,0.5,0.0,6,61,0,0.0,61,1.0,0,0.0,1.0,1
S13,EMATentProbe100,0.4254108667373657,0.4254108667373657,0.9450716972351074,1,0.3723767399787903,0.5,0.12762326002120972,1.0,0.0,0,64,64,1.0,0,0.0,0,0.0,1.0,1
S13,EMATentProbe100,0.4173157513141632,0.4173157513141632,0.8860456347465515,1,0.3748052746057511,0.5,0.12519472539424895,1.0,0.0,1,64,64,1.0,0,0.0,0,0.0,1.0,1
S13,EMATentProbe100,0.5732072591781616,0.5732072591781616,0.8874468803405762,1,0.32803782224655154,0.5,0.1719621777534485,1.0,0.0,2,64,64,1.0,0,0.0,0,0.0,1.0,1
S13,EMATentProbe100,0.9896782040596008,0.9896782040596008,0.8654939532279968,1,0.20309653878211975,0.5,0.29690346121788025,1.0,0.0,3,64,44,0.6875,0,0.0,20,0.3125,0.6875,2
S13,EMATentProbe100,0.42362064123153687,0.42362064123153687,0.9373881220817566,1,0.37291380763053894,0.5,0.12708619236946106,1.0,0.0,4,64,0,0.0,8,0.125,56,0.875,0.875,2
S13,EMATentProbe100,0.8711978793144226,0.8711978793144226,0.8595832586288452,1,0.23864063620567322,0.5,0.2613593637943268,1.0,0.0,5,64,0,0.0,64,1.0,0,0.0,1.0,1
S13,EMATentProbe100,0.6662983298301697,0.6662983298301697,0.7887203097343445,1,0.3001105010509491,0.5,0.1998894989490509,1.0,0.0,6,61,0,0.0,61,1.0,0,0.0,1.0,1
S13,EMATentMinGate025,0.11999025195837021,0.33999268896877766,0.9754358530044556,1,0.3980021933093667,0.5,0.1019978066906333,0.0,0.25,0,64,64,1.0,0,0.0,0,0.0,1.0,1
S13,EMATentMinGate025,0.04488683119416237,0.2836651233956218,0.9924522638320923,1,0.41490046298131344,0.5,0.08509953701868653,0.0,0.25,1,64,64,1.0,0,0.0,0,0.0,1.0,1
S13,EMATentMinGate025,0.23018330335617065,0.422637477517128,0.9748800992965698,1,0.37320875674486165,0.5,0.12679124325513838,0.0,0.25,2,64,64,1.0,0,0.0,0,0.0,1.0,1
S13,EMATentMinGate025,0.9592494368553162,0.9694370776414871,0.8141731023788452,1,0.20916887670755388,0.5,0.29083112329244615,0.0,0.25,3,64,44,0.6875,0,0.0,20,0.3125,0.6875,2
S13,EMATentMinGate025,0.40447384119033813,0.5533553808927536,0.9637835025787354,1,0.33399338573217396,0.5,0.16600661426782606,0.0,0.25,4,64,0,0.0,8,0.125,56,0.875,0.875,2
S13,EMATentMinGate025,0.5719614028930664,0.6789710521697998,0.9250222444534302,1,0.29630868434906005,0.5,0.20369131565093992,0.0,0.25,5,64,0,0.0,64,1.0,0,0.0,1.0,1
S13,EMATentMinGate025,0.5991055965423584,0.6993291974067688,0.8039077520370483,1,0.2902012407779694,0.5,0.20979875922203065,0.0,0.25,6,61,0,0.0,61,1.0,0,0.0,1.0,1
S13,EMATentMinGate050,0.11999025195837021,0.5599951259791851,0.9754358530044556,1,0.3320014622062445,0.5,0.16799853779375554,0.0,0.5,0,64,64,1.0,0,0.0,0,0.0,1.0,1
S13,EMATentMinGate050,0.04495329409837723,0.5224766470491886,0.9924399852752686,1,0.34325700588524344,0.5,0.1567429941147566,0.0,0.5,1,64,64,1.0,0,0.0,0,0.0,1.0,1
S13,EMATentMinGate050,0.22802866995334625,0.6140143349766731,0.9750348329544067,1,0.31579569950699804,0.5,0.18420430049300193,0.0,0.5,2,64,64,1.0,0,0.0,0,0.0,1.0,1
S13,EMATentMinGate050,0.9621151685714722,0.9810575842857361,0.8135389089584351,1,0.20568272471427917,0.5,0.2943172752857208,0.0,0.5,3,64,44,0.6875,0,0.0,20,0.3125,0.6875,2
S13,EMATentMinGate050,0.40663638710975647,0.7033181935548782,0.962752640247345,1,0.28900454193353653,0.5,0.21099545806646347,0.0,0.5,4,64,0,0.0,8,0.125,56,0.875,0.875,2
S13,EMATentMinGate050,0.572974681854248,0.786487340927124,0.9235915541648865,1,0.26405379772186277,0.5,0.2359462022781372,0.0,0.5,5,64,0,0.0,64,1.0,0,0.0,1.0,1
S13,EMATentMinGate050,0.6054208278656006,0.8027104139328003,0.8009836077690125,1,0.2591868758201599,0.5,0.24081312417984008,0.0,0.5,6,61,0,0.0,61,1.0,0,0.0,1.0,1
S14,EMATent,0.03347034007310867,0.03347034007310867,0.9946631193161011,0,0.4899588979780674,0.5,0.010041102021932601,0.0,0.0,0,64,64,1.0,0,0.0,0,0.0,1.0,1
S14,EMATent,0.9197412133216858,0.9197412133216858,0.7422871589660645,1,0.22407763600349428,0.5,0.2759223639965057,0.0,0.0,1,64,64,1.0,0,0.0,0,0.0,1.0,1
S14,EMATent,0.9949799180030823,0.9949799180030823,0.5591947436332703,1,0.20150602459907532,0.5,0.29849397540092465,0.0,0.0,2,64,64,1.0,0,0.0,0,0.0,1.0,1
S14,EMATent,0.9719070196151733,0.9719070196151733,0.6168927550315857,1,0.20842789411544801,0.5,0.291572105884552,0.0,0.0,3,64,44,0.6875,20,0.3125,0,0.0,0.6875,2
S14,EMATent,0.5234255790710449,0.5234255790710449,0.8450759053230286,1,0.34297232627868657,0.5,0.15702767372131346,0.0,0.0,4,64,0,0.0,64,1.0,0,0.0,1.0,1
S14,EMATent,0.6205260753631592,0.6205260753631592,0.8112056851387024,1,0.31384217739105225,0.5,0.18615782260894775,0.0,0.0,5,64,0,0.0,51,0.796875,13,0.203125,0.796875,2
S14,EMATent,0.3209274709224701,0.3209274709224701,0.8929849863052368,1,0.403721758723259,0.5,0.09627824127674102,0.0,0.0,6,61,0,0.0,0,0.0,61,1.0,1.0,1
S14,EMATentProbe025,0.0474250465631485,0.0474250465631485,0.9919620752334595,0,0.48577248603105544,0.5,0.014227513968944549,0.25,0.0,0,64,64,1.0,0,0.0,0,0.0,1.0,1
S14,EMATentProbe025,0.9372555613517761,0.9372555613517761,0.7651076316833496,1,0.21882333159446718,0.5,0.28117666840553285,0.25,0.0,1,64,64,1.0,0,0.0,0,0.0,1.0,1
S14,EMATentProbe025,0.9991393089294434,0.9991393089294434,0.5818054676055908,1,0.200258207321167,0.5,0.299741792678833,0.25,0.0,2,64,64,1.0,0,0.0,0,0.0,1.0,1
S14,EMATentProbe025,0.9797117710113525,0.9797117710113525,0.6536752581596375,1,0.20608646869659425,0.5,0.29391353130340575,0.25,0.0,3,64,44,0.6875,20,0.3125,0,0.0,0.6875,2
S14,EMATentProbe025,0.5629209876060486,0.5629209876060486,0.8336836099624634,1,0.33112370371818545,0.5,0.16887629628181458,0.25,0.0,4,64,0,0.0,64,1.0,0,0.0,1.0,1
S14,EMATentProbe025,0.6212689876556396,0.6212689876556396,0.8131434917449951,1,0.3136193037033081,0.5,0.18638069629669188,0.25,0.0,5,64,0,0.0,51,0.796875,13,0.203125,0.796875,2
S14,EMATentProbe025,0.3968595564365387,0.3968595564365387,0.8578752875328064,1,0.3809421330690384,0.5,0.1190578669309616,0.25,0.0,6,61,0,0.0,0,0.0,61,1.0,1.0,1
S14,EMATentProbe050,0.07572763413190842,0.07572763413190842,0.9859638214111328,0,0.4772817097604275,0.5,0.022718290239572524,0.5,0.0,0,64,64,1.0,0,0.0,0,0.0,1.0,1
S14,EMATentProbe050,0.9503788352012634,0.9503788352012634,0.7860137820243835,1,0.21488634943962098,0.5,0.285113650560379,0.5,0.0,1,64,64,1.0,0,0.0,0,0.0,1.0,1
S14,EMATentProbe050,0.9980874061584473,0.9980874061584473,0.6124647259712219,1,0.20057377815246583,0.5,0.29942622184753415,0.5,0.0,2,64,64,1.0,0,0.0,0,0.0,1.0,1
S14,EMATentProbe050,0.9727746844291687,0.9727746844291687,0.6896123886108398,1,0.2081675946712494,0.5,0.2918324053287506,0.5,0.0,3,64,44,0.6875,20,0.3125,0,0.0,0.6875,2
S14,EMATentProbe050,0.5925737619400024,0.5925737619400024,0.8272428512573242,1,0.32222787141799925,0.5,0.17777212858200073,0.5,0.0,4,64,0,0.0,64,1.0,0,0.0,1.0,1
S14,EMATentProbe050,0.6297524571418762,0.6297524571418762,0.8125690817832947,1,0.3110742628574371,0.5,0.18892573714256286,0.5,0.0,5,64,0,0.0,51,0.796875,13,0.203125,0.796875,2
S14,EMATentProbe050,0.47073274850845337,0.47073274850845337,0.818316638469696,1,0.358780175447464,0.5,0.141219824552536,0.5,0.0,6,61,0,0.0,0,0.0,61,1.0,1.0,1
S14,EMATentProbe100,0.2739481031894684,0.2739481031894684,0.9301599860191345,1,0.41781556904315953,0.5,0.08218443095684051,1.0,0.0,0,64,64,1.0,0,0.0,0,0.0,1.0,1
S14,EMATentProbe100,0.9658942222595215,0.9658942222595215,0.8085389137268066,1,0.21023173332214357,0.5,0.28976826667785643,1.0,0.0,1,64,64,1.0,0,0.0,0,0.0,1.0,1
S14,EMATentProbe100,0.992255687713623,0.992255687713623,0.6583951711654663,1,0.2023232936859131,0.5,0.2976767063140869,1.0,0.0,2,64,64,1.0,0,0.0,0,0.0,1.0,1
S14,EMATentProbe100,0.9398873448371887,0.9398873448371887,0.7670694589614868,1,0.2180337965488434,0.5,0.2819662034511566,1.0,0.0,3,64,44,0.6875,20,0.3125,0,0.0,0.6875,2
S14,EMATentProbe100,0.6466423869132996,0.6466423869132996,0.8272446990013123,1,0.3060072839260101,0.5,0.19399271607398985,1.0,0.0,4,64,0,0.0,64,1.0,0,0.0,1.0,1
S14,EMATentProbe100,0.6824671030044556,0.6824671030044556,0.802029550075531,1,0.2952598690986633,0.5,0.20474013090133666,1.0,0.0,5,64,0,0.0,51,0.796875,13,0.203125,0.796875,2
S14,EMATentProbe100,0.6048569083213806,0.6048569083213806,0.755021870136261,1,0.3185429275035858,0.5,0.18145707249641418,1.0,0.0,6,61,0,0.0,0,0.0,61,1.0,1.0,1
S14,EMATentMinGate025,0.03347034007310867,0.2751027550548315,0.9946631193161011,1,0.41746917348355056,0.5,0.08253082651644945,0.0,0.25,0,64,64,1.0,0,0.0,0,0.0,1.0,1
S14,EMATentMinGate025,0.9160401225090027,0.937030091881752,0.7399928569793701,1,0.2188909724354744,0.5,0.2811090275645256,0.0,0.25,1,64,64,1.0,0,0.0,0,0.0,1.0,1
S14,EMATentMinGate025,0.9957075119018555,0.9967806339263916,0.5587996244430542,1,0.20096580982208254,0.5,0.2990341901779175,0.0,0.25,2,64,64,1.0,0,0.0,0,0.0,1.0,1
S14,EMATentMinGate025,0.973449170589447,0.9800868779420853,0.6172224283218384,1,0.20597393661737443,0.5,0.29402606338262555,0.0,0.25,3,64,44,0.6875,20,0.3125,0,0.0,0.6875,2
S14,EMATentMinGate025,0.5238651633262634,0.6428988724946976,0.8446781039237976,1,0.30713033825159075,0.5,0.19286966174840928,0.0,0.25,4,64,0,0.0,64,1.0,0,0.0,1.0,1
S14,EMATentMinGate025,0.6207985281944275,0.7155988961458206,0.8103694319725037,1,0.2853203311562538,0.5,0.21467966884374617,0.0,0.25,5,64,0,0.0,51,0.796875,13,0.203125,0.796875,2
S14,EMATentMinGate025,0.32192084193229675,0.49144063144922256,0.8924516439437866,1,0.35256781056523323,0.5,0.14743218943476677,0.0,0.25,6,61,0,0.0,0,0.0,61,1.0,1.0,1
S14,EMATentMinGate050,0.03347034007310867,0.5167351700365543,0.9946631193161011,1,0.3449794489890337,0.5,0.1550205510109663,0.0,0.5,0,64,64,1.0,0,0.0,0,0.0,1.0,1
S14,EMATentMinGate050,0.9126033186912537,0.9563016593456268,0.7377661466598511,1,0.21310950219631197,0.5,0.286890497803688,0.0,0.5,1,64,64,1.0,0,0.0,0,0.0,1.0,1
S14,EMATentMinGate050,0.9961102604866028,0.9980551302433014,0.5583295822143555,1,0.2005834609270096,0.5,0.29941653907299043,0.0,0.5,2,64,64,1.0,0,0.0,0,0.0,1.0,1
S14,EMATentMinGate050,0.9747657179832458,0.9873828589916229,0.6172958612442017,1,0.20378514230251313,0.5,0.29621485769748684,0.0,0.5,3,64,44,0.6875,20,0.3125,0,0.0,0.6875,2
S14,EMATentMinGate050,0.5243428349494934,0.7621714174747467,0.8442272543907166,1,0.271348574757576,0.5,0.228651425242424,0.0,0.5,4,64,0,0.0,64,1.0,0,0.0,1.0,1
S14,EMATentMinGate050,0.6211892366409302,0.8105946183204651,0.8095061779022217,1,0.2568216145038605,0.5,0.24317838549613952,0.0,0.5,5,64,0,0.0,51,0.796875,13,0.203125,0.796875,2
S14,EMATentMinGate050,0.3231969475746155,0.6615984737873077,0.891789972782135,1,0.30152045786380766,0.5,0.19847954213619232,0.0,0.5,6,61,0,0.0,0,0.0,61,1.0,1.0,1
S15,EMATent,0.1083436831831932,0.1083436831831932,0.9782969951629639,0,0.46749689504504205,0.5,0.03250310495495796,0.0,0.0,0,64,64,1.0,0,0.0,0,0.0,1.0,1
S15,EMATent,0.3607560694217682,0.3607560694217682,0.902886688709259,1,0.39177317917346954,0.5,0.10822682082653046,0.0,0.0,1,64,64,1.0,0,0.0,0,0.0,1.0,1
S15,EMATent,0.7783910632133484,0.7783910632133484,0.7142087817192078,1,0.2664826810359955,0.5,0.23351731896400452,0.0,0.0,2,64,64,1.0,0,0.0,0,0.0,1.0,1
S15,EMATent,0.8078107833862305,0.8078107833862305,0.694603681564331,1,0.25765676498413087,0.5,0.24234323501586913,0.0,0.0,3,64,43,0.671875,0,0.0,21,0.328125,0.671875,2
S15,EMATent,0.6225892305374146,0.6225892305374146,0.8602321743965149,1,0.3132232308387756,0.5,0.18677676916122435,0.0,0.0,4,64,0,0.0,10,0.15625,54,0.84375,0.84375,2
S15,EMATent,0.3305525779724121,0.3305525779724121,0.9041790962219238,1,0.4008342266082764,0.5,0.09916577339172362,0.0,0.0,5,64,0,0.0,64,1.0,0,0.0,1.0,1
S15,EMATent,0.3324192464351654,0.3324192464351654,0.9214603304862976,1,0.4002742260694504,0.5,0.09972577393054961,0.0,0.0,6,63,0,0.0,63,1.0,0,0.0,1.0,1
S15,EMATentProbe025,0.16436909139156342,0.16436909139156342,0.9633454084396362,0,0.450689272582531,0.5,0.04931072741746902,0.25,0.0,0,64,64,1.0,0,0.0,0,0.0,1.0,1
S15,EMATentProbe025,0.559756338596344,0.559756338596344,0.8222711086273193,1,0.3320730984210968,0.5,0.1679269015789032,0.25,0.0,1,64,64,1.0,0,0.0,0,0.0,1.0,1
S15,EMATentProbe025,0.8861461877822876,0.8861461877822876,0.6509761214256287,1,0.23415614366531373,0.5,0.26584385633468627,0.25,0.0,2,64,64,1.0,0,0.0,0,0.0,1.0,1
S15,EMATentProbe025,0.8666850924491882,0.8666850924491882,0.6775563359260559,1,0.23999447226524354,0.5,0.26000552773475644,0.25,0.0,3,64,43,0.671875,0,0.0,21,0.328125,0.671875,2
S15,EMATentProbe025,0.6409907937049866,0.6409907937049866,0.8752761483192444,1,0.30770276188850404,0.5,0.19229723811149596,0.25,0.0,4,64,0,0.0,10,0.15625,54,0.84375,0.84375,2
S15,EMATentProbe025,0.3565804958343506,0.3565804958343506,0.8988770246505737,1,0.3930258512496948,0.5,0.10697414875030517,0.25,0.0,5,64,0,0.0,64,1.0,0,0.0,1.0,1
S15,EMATentProbe025,0.3646427094936371,0.3646427094936371,0.9132785201072693,1,0.3906071871519089,0.5,0.10939281284809112,0.25,0.0,6,63,0,0.0,63,1.0,0,0.0,1.0,1
S15,EMATentProbe050,0.25138771533966064,0.25138771533966064,0.9444541931152344,1,0.4245836853981018,0.5,0.0754163146018982,0.5,0.0,0,64,64,1.0,0,0.0,0,0.0,1.0,1
S15,EMATentProbe050,0.7056729793548584,0.7056729793548584,0.7560420036315918,1,0.28829810619354246,0.5,0.21170189380645751,0.5,0.0,1,64,64,1.0,0,0.0,0,0.0,1.0,1
S15,EMATentProbe050,0.9174203276634216,0.9174203276634216,0.6582190990447998,1,0.22477390170097353,0.5,0.2752260982990265,0.5,0.0,2,64,64,1.0,0,0.0,0,0.0,1.0,1
S15,EMATentProbe050,0.9104169607162476,0.9104169607162476,0.6671971678733826,1,0.22687491178512575,0.5,0.27312508821487425,0.5,0.0,3,64,43,0.671875,0,0.0,21,0.328125,0.671875,2
S15,EMATentProbe050,0.6523944139480591,0.6523944139480591,0.8846274614334106,1,0.3042816758155823,0.5,0.19571832418441773,0.5,0.0,4,64,0,0.0,10,0.15625,54,0.84375,0.84375,2
S15,EMATentProbe050,0.3816315233707428,0.3816315233707428,0.8916677236557007,1,0.3855105429887772,0.5,0.11448945701122283,0.5,0.0,5,64,0,0.0,64,1.0,0,0.0,1.0,1
S15,EMATentProbe050,0.3955957293510437,0.3955957293510437,0.9114642143249512,1,0.3813212811946869,0.5,0.11867871880531311,0.5,0.0,6,63,0,0.0,63,1.0,0,0.0,1.0,1
S15,EMATentProbe100,0.45878487825393677,0.45878487825393677,0.9104026556015015,1,0.36236453652381895,0.5,0.13763546347618102,1.0,0.0,0,64,64,1.0,0,0.0,0,0.0,1.0,1
S15,EMATentProbe100,0.8603277802467346,0.8603277802467346,0.7057206034660339,1,0.24190166592597961,0.5,0.2580983340740204,1.0,0.0,1,64,64,1.0,0,0.0,0,0.0,1.0,1
S15,EMATentProbe100,0.9281256198883057,0.9281256198883057,0.6945074796676636,1,0.22156231403350832,0.5,0.2784376859664917,1.0,0.0,2,64,64,1.0,0,0.0,0,0.0,1.0,1
S15,EMATentProbe100,0.9625197052955627,0.9625197052955627,0.6576489210128784,1,0.2112440884113312,0.5,0.2887559115886688,1.0,0.0,3,64,43,0.671875,0,0.0,21,0.328125,0.671875,2
S15,EMATentProbe100,0.6669716238975525,0.6669716238975525,0.8989979028701782,1,0.2999085128307343,0.5,0.20009148716926575,1.0,0.0,4,64,0,0.0,10,0.15625,54,0.84375,0.84375,2
S15,EMATentProbe100,0.45310887694358826,0.45310887694358826,0.8657742738723755,1,0.3640673369169235,0.5,0.13593266308307647,1.0,0.0,5,64,0,0.0,64,1.0,0,0.0,1.0,1
S15,EMATentProbe100,0.4613806903362274,0.4613806903362274,0.9021241068840027,1,0.3615857928991318,0.5,0.13841420710086821,1.0,0.0,6,63,0,0.0,63,1.0,0,0.0,1.0,1
S15,EMATentMinGate025,0.1083436831831932,0.3312577623873949,0.9782969951629639,1,0.40062267128378154,0.5,0.09937732871621847,0.0,0.25,0,64,64,1.0,0,0.0,0,0.0,1.0,1
S15,EMATentMinGate025,0.35589852929115295,0.5169238969683647,0.9045747518539429,1,0.3449228309094906,0.5,0.15507716909050942,0.0,0.25,1,64,64,1.0,0,0.0,0,0.0,1.0,1
S15,EMATentMinGate025,0.7510766386985779,0.8133074790239334,0.7276220321655273,1,0.25600775629281997,0.5,0.24399224370718,0.0,0.25,2,64,64,1.0,0,0.0,0,0.0,1.0,1
S15,EMATentMinGate025,0.8129860758781433,0.8597395569086075,0.6964976191520691,1,0.24207813292741776,0.5,0.25792186707258224,0.0,0.25,3,64,43,0.671875,0,0.0,21,0.328125,0.671875,2
S15,EMATentMinGate025,0.6258220672607422,0.7193665504455566,0.8608545660972595,1,0.284190034866333,0.5,0.215809965133667,0.0,0.25,4,64,0,0.0,10,0.15625,54,0.84375,0.84375,2
S15,EMATentMinGate025,0.3314231336116791,0.4985673502087593,0.90340656042099,1,0.35042979493737225,0.5,0.14957020506262778,0.0,0.25,5,64,0,0.0,64,1.0,0,0.0,1.0,1
S15,EMATentMinGate025,0.33264514803886414,0.4994838610291481,0.9207591414451599,1,0.35015484169125555,0.5,0.14984515830874442,0.0,0.25,6,63,0,0.0,63,1.0,0,0.0,1.0,1
S15,EMATentMinGate050,0.1083436831831932,0.5541718415915966,0.9782969951629639,1,0.33374844752252103,0.5,0.16625155247747897,0.0,0.5,0,64,64,1.0,0,0.0,0,0.0,1.0,1
S15,EMATentMinGate050,0.35206955671310425,0.6760347783565521,0.9058396816253662,1,0.29718956649303435,0.5,0.20281043350696562,0.0,0.5,1,64,64,1.0,0,0.0,0,0.0,1.0,1
S15,EMATentMinGate050,0.725252091884613,0.8626260459423065,0.7404961585998535,1,0.24121218621730806,0.5,0.25878781378269194,0.0,0.5,2,64,64,1.0,0,0.0,0,0.0,1.0,1
S15,EMATentMinGate050,0.8176479935646057,0.9088239967823029,0.6986582279205322,1,0.22735280096530916,0.5,0.27264719903469087,0.0,0.5,3,64,43,0.671875,0,0.0,21,0.328125,0.671875,2
S15,EMATentMinGate050,0.6291625499725342,0.8145812749862671,0.861339807510376,1,0.2556256175041199,0.5,0.24437438249588012,0.0,0.5,4,64,0,0.0,10,0.15625,54,0.84375,0.84375,2
S15,EMATentMinGate050,0.33230334520339966,0.6661516726016998,0.9026109576225281,1,0.30015449821949003,0.5,0.19984550178050994,0.0,0.5,5,64,0,0.0,64,1.0,0,0.0,1.0,1
S15,EMATentMinGate050,0.33316555619239807,0.666582778096199,0.9198821783065796,1,0.3000251665711403,0.5,0.19997483342885972,0.0,0.5,6,63,0,0.0,63,1.0,0,0.0,1.0,1
S16,EMATent,0.0852772518992424,0.0852772518992424,0.9830548167228699,0,0.47441682443022726,0.5,0.025583175569772718,0.0,0.0,0,64,64,1.0,0,0.0,0,0.0,1.0,1
S16,EMATent,0.0612209215760231,0.0612209215760231,0.9891757965087891,0,0.4816337235271931,0.5,0.01836627647280693,0.0,0.0,1,64,64,1.0,0,0.0,0,0.0,1.0,1
S16,EMATent,0.03800380229949951,0.03800380229949951,0.9938360452651978,0,0.4885988593101501,0.5,0.011401140689849853,0.0,0.0,2,64,64,1.0,0,0.0,0,0.0,1.0,1
S16,EMATent,0.7559645771980286,0.7559645771980286,0.9232550859451294,1,0.27321062684059144,0.5,0.22678937315940856,0.0,0.0,3,64,44,0.6875,20,0.3125,0,0.0,0.6875,2
S16,EMATent,0.004571347963064909,0.004571347963064909,0.9994351863861084,0,0.4986285956110805,0.5,0.0013714043889194727,0.0,0.0,4,64,0,0.0,64,1.0,0,0.0,1.0,1
S16,EMATent,0.29679831862449646,0.29679831862449646,0.9295728206634521,1,0.4109605044126511,0.5,0.08903949558734893,0.0,0.0,5,64,0,0.0,50,0.78125,14,0.21875,0.78125,2
S16,EMATent,0.4993983209133148,0.4993983209133148,0.7866979241371155,1,0.35018050372600557,0.5,0.14981949627399443,0.0,0.0,6,60,0,0.0,0,0.0,60,1.0,1.0,1
S16,EMATentProbe025,0.12135311961174011,0.12135311961174011,0.977624237537384,0,0.46359406411647797,0.5,0.036405935883522034,0.25,0.0,0,64,64,1.0,0,0.0,0,0.0,1.0,1
S16,EMATentProbe025,0.08802512288093567,0.08802512288093567,0.9832503199577332,0,0.4735924631357193,0.5,0.0264075368642807,0.25,0.0,1,64,64,1.0,0,0.0,0,0.0,1.0,1
S16,EMATentProbe025,0.07323794066905975,0.07323794066905975,0.986578106880188,0,0.4780286177992821,0.5,0.021971382200717926,0.25,0.0,2,64,64,1.0,0,0.0,0,0.0,1.0,1
S16,EMATentProbe025,0.7607616186141968,0.7607616186141968,0.920077919960022,1,0.271771514415741,0.5,0.228228485584259,0.25,0.0,3,64,44,0.6875,20,0.3125,0,0.0,0.6875,2
S16,EMATentProbe025,0.011066724546253681,0.011066724546253681,0.9984489679336548,0,0.4966799826361239,0.5,0.0033200173638761044,0.25,0.0,4,64,0,0.0,64,1.0,0,0.0,1.0,1
S16,EMATentProbe025,0.44219970703125,0.44219970703125,0.9633456468582153,1,0.367340087890625,0.5,0.132659912109375,0.25,0.0,5,64,0,0.0,50,0.78125,14,0.21875,0.78125,2
S16,EMATentProbe025,0.5269986391067505,0.5269986391067505,0.7697709202766418,1,0.34190040826797485,0.5,0.15809959173202515,0.25,0.0,6,60,0,0.0,0,0.0,60,1.0,1.0,1
S16,EMATentProbe050,0.15829399228096008,0.15829399228096008,0.9780358076095581,0,0.452511802315712,0.5,0.047488197684288025,0.5,0.0,0,64,64,1.0,0,0.0,0,0.0,1.0,1
S16,EMATentProbe050,0.13526330888271332,0.13526330888271332,0.9716349840164185,0,0.459421007335186,0.5,0.040578992664814,0.5,0.0,1,64,64,1.0,0,0.0,0,0.0,1.0,1
S16,EMATentProbe050,0.1580338180065155,0.1580338180065155,0.965584397315979,0,0.45258985459804535,0.5,0.04741014540195465,0.5,0.0,2,64,64,1.0,0,0.0,0,0.0,1.0,1
S16,EMATentProbe050,0.7731338143348694,0.7731338143348694,0.9204760789871216,1,0.26805985569953916,0.5,0.2319401443004608,0.5,0.0,3,64,44,0.6875,20,0.3125,0,0.0,0.6875,2
S16,EMATentProbe050,0.022880038246512413,0.022880038246512413,0.9963724613189697,0,0.4931359885260463,0.5,0.006864011473953724,0.5,0.0,4,64,0,0.0,64,1.0,0,0.0,1.0,1
S16,EMATentProbe050,0.48434171080589294,0.48434171080589294,0.9595092535018921,1,0.3546974867582321,0.5,0.14530251324176788,0.5,0.0,5,64,0,0.0,50,0.78125,14,0.21875,0.78125,2
S16,EMATentProbe050,0.5312141180038452,0.5312141180038452,0.7726896405220032,1,0.3406357645988465,0.5,0.15936423540115355,0.5,0.0,6,60,0,0.0,0,0.0,60,1.0,1.0,1
S16,EMATentProbe100,0.2653011679649353,0.2653011679649353,0.9532957673072815,1,0.4204096496105194,0.5,0.07959035038948059,1.0,0.0,0,64,64,1.0,0,0.0,0,0.0,1.0,1
S16,EMATentProbe100,0.3273776173591614,0.3273776173591614,0.9150440096855164,1,0.4017867147922516,0.5,0.09821328520774841,1.0,0.0,1,64,64,1.0,0,0.0,0,0.0,1.0,1
S16,EMATentProbe100,0.5006173253059387,0.5006173253059387,0.8653753995895386,1,0.3498148024082184,0.5,0.15018519759178162,1.0,0.0,2,64,64,1.0,0,0.0,0,0.0,1.0,1
S16,EMATentProbe100,0.8119895458221436,0.8119895458221436,0.9248321056365967,1,0.2564031362533569,0.5,0.24359686374664305,1.0,0.0,3,64,44,0.6875,20,0.3125,0,0.0,0.6875,2
S16,EMATentProbe100,0.10923753678798676,0.10923753678798676,0.975269079208374,0,0.46722873896360395,0.5,0.03277126103639603,1.0,0.0,4,64,0,0.0,64,1.0,0,0.0,1.0,1
S16,EMATentProbe100,0.5408908724784851,0.5408908724784851,0.9850028157234192,1,0.33773273825645445,0.5,0.16226726174354553,1.0,0.0,5,64,0,0.0,50,0.78125,14,0.21875,0.78125,2
S16,EMATentProbe100,0.5630732178688049,0.5630732178688049,0.7764967679977417,1,0.33107803463935853,0.5,0.16892196536064147,1.0,0.0,6,60,0,0.0,0,0.0,60,1.0,1.0,1
S16,EMATentMinGate025,0.0852772518992424,0.3139579389244318,0.9830548167228699,1,0.40581261832267046,0.5,0.09418738167732954,0.0,0.25,0,64,64,1.0,0,0.0,0,0.0,1.0,1
S16,EMATentMinGate025,0.06044912710785866,0.295336845330894,0.9893383383750916,1,0.4113989464007318,0.5,0.08860105359926819,0.0,0.25,1,64,64,1.0,0,0.0,0,0.0,1.0,1
S16,EMATentMinGate025,0.03650207072496414,0.2773765530437231,0.9941213130950928,1,0.4167870340868831,0.5,0.08321296591311693,0.0,0.25,2,64,64,1.0,0,0.0,0,0.0,1.0,1
S16,EMATentMinGate025,0.7518893480300903,0.8139170110225677,0.921566903591156,1,0.25582489669322966,0.5,0.2441751033067703,0.0,0.25,3,64,44,0.6875,20,0.3125,0,0.0,0.6875,2
S16,EMATentMinGate025,0.004698234144598246,0.2535236756084487,0.999417781829834,1,0.4239428973174654,0.5,0.0760571026825346,0.0,0.25,4,64,0,0.0,64,1.0,0,0.0,1.0,1
S16,EMATentMinGate025,0.2438587248325348,0.4328940436244011,0.941426694393158,1,0.37013178691267967,0.5,0.12986821308732033,0.0,0.25,5,64,0,0.0,50,0.78125,14,0.21875,0.78125,2
S16,EMATentMinGate025,0.5771965384483337,0.6828974038362503,0.7305991649627686,1,0.2951307788491249,0.5,0.20486922115087508,0.0,0.25,6,60,0,0.0,0,0.0,60,1.0,1.0,1
S16,EMATentMinGate050,0.0852772518992424,0.5426386259496212,0.9830548167228699,1,0.33720841221511366,0.5,0.16279158778488637,0.0,0.5,0,64,64,1.0,0,0.0,0,0.0,1.0,1
S16,EMATentMinGate050,0.05994736775755882,0.5299736838787794,0.9894437789916992,1,0.3410078948363662,0.5,0.15899210516363382,0.0,0.5,1,64,64,1.0,0,0.0,0,0.0,1.0,1
S16,EMATentMinGate050,0.03538469225168228,0.5176923461258411,0.9943320751190186,1,0.34469229616224767,0.5,0.15530770383775233,0.0,0.5,2,64,64,1.0,0,0.0,0,0.0,1.0,1
S16,EMATentMinGate050,0.7479721307754517,0.8739860653877258,0.9209314584732056,1,0.23780418038368226,0.5,0.2621958196163177,0.0,0.5,3,64,44,0.6875,20,0.3125,0,0.0,0.6875,2
S16,EMATentMinGate050,0.004852494690567255,0.5024262473452836,0.9993967413902283,1,0.3492721257964149,0.5,0.15072787420358508,0.0,0.5,4,64,0,0.0,64,1.0,0,0.0,1.0,1
S16,EMATentMinGate050,0.20286300778388977,0.6014315038919449,0.953791081905365,1,0.31957054883241653,0.5,0.18042945116758347,0.0,0.5,5,64,0,0.0,50,0.78125,14,0.21875,0.78125,2
S16,EMATentMinGate050,0.6300384402275085,0.8150192201137543,0.6912062764167786,1,0.25549423396587373,0.5,0.24450576603412627,0.0,0.5,6,60,0,0.0,0,0.0,60,1.0,1.0,1
S17,EMATent,0.03007838875055313,0.03007838875055313,0.995313286781311,0,0.49097648337483407,0.5,0.009023516625165939,0.0,0.0,0,64,64,1.0,0,0.0,0,0.0,1.0,1
S17,EMATent,0.13484054803848267,0.13484054803848267,0.9717593193054199,0,0.4595478355884552,0.5,0.0404521644115448,0.0,0.0,1,64,64,1.0,0,0.0,0,0.0,1.0,1
S17,EMATent,0.9418758749961853,0.9418758749961853,0.538442850112915,1,0.2174372375011444,0.5,0.2825627624988556,0.0,0.0,2,64,64,1.0,0,0.0,0,0.0,1.0,1
S17,EMATent,0.9842584729194641,0.9842584729194641,0.5566784143447876,1,0.2047224581241608,0.5,0.2952775418758392,0.0,0.0,3,64,45,0.703125,0,0.0,19,0.296875,0.703125,2
S17,EMATent,0.6660619378089905,0.6660619378089905,0.631582498550415,1,0.30018141865730286,0.5,0.19981858134269714,0.0,0.0,4,64,0,0.0,9,0.140625,55,0.859375,0.859375,2
S17,EMATent,0.6514753699302673,0.6514753699302673,0.6421018838882446,1,0.3045573890209198,0.5,0.1954426109790802,0.0,0.0,5,64,0,0.0,64,1.0,0,0.0,1.0,1
S17,EMATent,0.6424279808998108,0.6424279808998108,0.6545726656913757,1,0.30727160573005674,0.5,0.19272839426994323,0.0,0.0,6,64,0,0.0,64,1.0,0,0.0,1.0,1
S17,EMATent,0.6296526193618774,0.6296526193618774,0.6324785351753235,1,0.31110421419143675,0.5,0.18889578580856323,0.0,0.0,7,8,0,0.0,8,1.0,0,0.0,1.0,1
S17,EMATentProbe025,0.03978024423122406,0.03978024423122406,0.9935001730918884,0,0.48806592673063276,0.5,0.011934073269367218,0.25,0.0,0,64,64,1.0,0,0.0,0,0.0,1.0,1
S17,EMATentProbe025,0.16528968513011932,0.16528968513011932,0.9635871648788452,0,0.4504130944609642,0.5,0.049586905539035796,0.25,0.0,1,64,64,1.0,0,0.0,0,0.0,1.0,1
S17,EMATentProbe025,0.9722173810005188,0.9722173810005188,0.529512345790863,1,0.20833478569984437,0.5,0.29166521430015563,0.25,0.0,2,64,64,1.0,0,0.0,0,0.0,1.0,1
S17,EMATentProbe025,0.9893522262573242,0.9893522262573242,0.5687207579612732,1,0.20319433212280275,0.5,0.29680566787719725,0.25,0.0,3,64,45,0.703125,0,0.0,19,0.296875,0.703125,2
S17,EMATentProbe025,0.674757719039917,0.674757719039917,0.6205971240997314,1,0.2975726842880249,0.5,0.2024273157119751,0.25,0.0,4,64,0,0.0,9,0.140625,55,0.859375,0.859375,2
S17,EMATentProbe025,0.6487767696380615,0.6487767696380615,0.646916389465332,1,0.3053669691085815,0.5,0.19463303089141845,0.25,0.0,5,64,0,0.0,64,1.0,0,0.0,1.0,1
S17,EMATentProbe025,0.6372672915458679,0.6372672915458679,0.6628574132919312,1,0.30881981253623964,0.5,0.19118018746376036,0.25,0.0,6,64,0,0.0,64,1.0,0,0.0,1.0,1
S17,EMATentProbe025,0.62273108959198,0.62273108959198,0.6458207368850708,1,0.313180673122406,0.5,0.18681932687759398,0.25,0.0,7,8,0,0.0,8,1.0,0,0.0,1.0,1
S17,EMATentProbe050,0.058197565376758575,0.058197565376758575,0.9898072481155396,0,0.4825407303869724,0.5,0.017459269613027573,0.5,0.0,0,64,64,1.0,0,0.0,0,0.0,1.0,1
S17,EMATentProbe050,0.20935246348381042,0.20935246348381042,0.9508588314056396,1,0.43719426095485686,0.5,0.06280573904514312,0.5,0.0,1,64,64,1.0,0,0.0,0,0.0,1.0,1
S17,EMATentProbe050,0.9889475107192993,0.9889475107192993,0.534980833530426,1,0.20331574678421022,0.5,0.2966842532157898,0.5,0.0,2,64,64,1.0,0,0.0,0,0.0,1.0,1
S17,EMATentProbe050,0.9936841130256653,0.9936841130256653,0.5818853974342346,1,0.20189476609230042,0.5,0.29810523390769955,0.5,0.0,3,64,45,0.703125,0,0.0,19,0.296875,0.703125,2
S17,EMATentProbe050,0.6850599646568298,0.6850599646568298,0.6122806072235107,1,0.29448201060295104,0.5,0.20551798939704893,0.5,0.0,4,64,0,0.0,9,0.140625,55,0.859375,0.859375,2
S17,EMATentProbe050,0.6447431445121765,0.6447431445121765,0.6527695655822754,1,0.30657705664634705,0.5,0.19342294335365295,0.5,0.0,5,64,0,0.0,64,1.0,0,0.0,1.0,1
S17,EMATentProbe050,0.6311886310577393,0.6311886310577393,0.6727402210235596,1,0.3106434106826782,0.5,0.18935658931732177,0.5,0.0,6,64,0,0.0,64,1.0,0,0.0,1.0,1
S17,EMATentProbe050,0.6146441698074341,0.6146441698074341,0.6612410545349121,1,0.31560674905776975,0.5,0.18439325094223022,0.5,0.0,7,8,0,0.0,8,1.0,0,0.0,1.0,1
S17,EMATentProbe100,0.1846023052930832,0.1846023052930832,0.9581268429756165,0,0.44461930841207503,0.5,0.055380691587924954,1.0,0.0,0,64,64,1.0,0,0.0,0,0.0,1.0,1
S17,EMATentProbe100,0.36850491166114807,0.36850491166114807,0.8963090181350708,1,0.3894485265016556,0.5,0.11055147349834442,1.0,0.0,1,64,64,1.0,0,0.0,0,0.0,1.0,1
S17,EMATentProbe100,0.9975112676620483,0.9975112676620483,0.5692251920700073,1,0.20074661970138552,0.5,0.2992533802986145,1.0,0.0,2,64,64,1.0,0,0.0,0,0.0,1.0,1
S17,EMATentProbe100,0.9991163015365601,0.9991163015365601,0.6165897250175476,1,0.20026510953903198,0.5,0.299734890460968,1.0,0.0,3,64,45,0.703125,0,0.0,19,0.296875,0.703125,2
S17,EMATentProbe100,0.7059066891670227,0.7059066891670227,0.6121264696121216,1,0.2882279932498932,0.5,0.2117720067501068,1.0,0.0,4,64,0,0.0,9,0.140625,55,0.859375,0.859375,2
S17,EMATentProbe100,0.6334249973297119,0.6334249973297119,0.6755387783050537,1,0.3099725008010864,0.5,0.19002749919891357,1.0,0.0,5,64,0,0.0,64,1.0,0,0.0,1.0,1
S17,EMATentProbe100,0.6202675700187683,0.6202675700187683,0.6942886114120483,1,0.3139197289943695,0.5,0.1860802710056305,1.0,0.0,6,64,0,0.0,64,1.0,0,0.0,1.0,1
S17,EMATentProbe100,0.601158618927002,0.601158618927002,0.6990973949432373,1,0.3196524143218994,0.5,0.18034758567810058,1.0,0.0,7,8,0,0.0,8,1.0,0,0.0,1.0,1
S17,EMATentMinGate025,0.03007838875055313,0.27255879156291485,0.995313286781311,1,0.41823236253112556,0.5,0.08176763746887446,0.0,0.25,0,64,64,1.0,0,0.0,0,0.0,1.0,1
S17,EMATentMinGate025,0.13341249525547028,0.3500593714416027,0.9721296429634094,1,0.3949821885675192,0.5,0.1050178114324808,0.0,0.25,1,64,64,1.0,0,0.0,0,0.0,1.0,1
S17,EMATentMinGate025,0.9332460165023804,0.9499345123767853,0.5457474589347839,1,0.21501964628696443,0.5,0.2849803537130356,0.0,0.25,2,64,64,1.0,0,0.0,0,0.0,1.0,1
S17,EMATentMinGate025,0.9866183400154114,0.9899637550115585,0.5569950342178345,1,0.20301087349653246,0.5,0.29698912650346754,0.0,0.25,3,64,45,0.703125,0,0.0,19,0.296875,0.703125,2
S17,EMATentMinGate025,0.6676275730133057,0.7507206797599792,0.6304287910461426,1,0.2747837960720062,0.5,0.22521620392799377,0.0,0.25,4,64,0,0.0,9,0.140625,55,0.859375,0.859375,2
S17,EMATentMinGate025,0.6521878242492676,0.7391408681869507,0.6409711241722107,1,0.2782577395439148,0.5,0.2217422604560852,0.0,0.25,5,64,0,0.0,64,1.0,0,0.0,1.0,1
S17,EMATentMinGate025,0.644386351108551,0.7332897633314133,0.6519966721534729,1,0.28001307100057604,0.5,0.219986928999424,0.0,0.25,6,64,0,0.0,64,1.0,0,0.0,1.0,1
S17,EMATentMinGate025,0.632986307144165,0.7247397303581238,0.6282364130020142,1,0.28257808089256287,0.5,0.21742191910743713,0.0,0.25,7,8,0,0.0,8,1.0,0,0.0,1.0,1
S17,EMATentMinGate050,0.03007838875055313,0.5150391943752766,0.995313286781311,1,0.34548824168741704,0.5,0.15451175831258296,0.0,0.5,0,64,64,1.0,0,0.0,0,0.0,1.0,1
S17,EMATentMinGate050,0.13251271843910217,0.5662563592195511,0.9723626375198364,1,0.3301230922341347,0.5,0.1698769077658653,0.0,0.5,1,64,64,1.0,0,0.0,0,0.0,1.0,1
S17,EMATentMinGate050,0.9255029559135437,0.9627514779567719,0.5521405339241028,1,0.21117455661296847,0.5,0.28882544338703153,0.0,0.5,2,64,64,1.0,0,0.0,0,0.0,1.0,1
S17,EMATentMinGate050,0.9884719848632812,0.9942359924316406,0.5571704506874084,1,0.20172920227050783,0.5,0.29827079772949217,0.0,0.5,3,64,45,0.703125,0,0.0,19,0.296875,0.703125,2
S17,EMATentMinGate050,0.6692672371864319,0.8346336185932159,0.6292933225631714,1,0.24960991442203523,0.5,0.25039008557796477,0.0,0.5,4,64,0,0.0,9,0.140625,55,0.859375,0.859375,2
S17,EMATentMinGate050,0.653010904788971,0.8265054523944855,0.6397416591644287,1,0.2520483642816544,0.5,0.24795163571834564,0.0,0.5,5,64,0,0.0,64,1.0,0,0.0,1.0,1
S17,EMATentMinGate050,0.6465433835983276,0.8232716917991638,0.649192214012146,1,0.2530184924602509,0.5,0.24698150753974912,0.0,0.5,6,64,0,0.0,64,1.0,0,0.0,1.0,1
S17,EMATentMinGate050,0.6365224123001099,0.8182612061500549,0.6236242055892944,1,0.2545216381549835,0.5,0.24547836184501648,0.0,0.5,7,8,0,0.0,8,1.0,0,0.0,1.0,1
