Subject,Method,raw_gate,effective_gate,confidence,updated,effective_source_weight,effective_ema_weight,effective_batch_weight,probe_gate,min_gate,batch_index,batch_size,true_class_0_count,true_class_0_ratio,true_class_1_count,true_class_1_ratio,true_class_2_count,true_class_2_ratio,true_max_class_ratio,true_num_present_classes,g_mi,effective_mi_gate,diversity_norm,sample_entropy_norm,w_source,w_ema,w_batch,rho,n_eff,alpha,entropy_updated,loss_entropy,gate_threshold,gate_aware_ema,dynamic_mixture_weights,pred_class_0_count,pred_class_0_ratio,pred_class_1_count,pred_class_1_ratio,pred_class_2_count,pred_class_2_ratio,pred_max_class_ratio,pred_num_present_classes,true_imbalance
S10,EMATent,0.109647236764431,0.109647236764431,0.9781075119972229,0.0,0.4671058289706707,0.5,0.032894171029329296,0.0,0.0,0,64,64,1.0,0,0.0,0,0.0,1.0,1,,,,,,,,,,,,,,,,,,,,,,,,
S10,EMATent,0.853682279586792,0.853682279586792,0.6456230282783508,1.0,0.24389531612396242,0.5,0.2561046838760376,0.0,0.0,1,64,64,1.0,0,0.0,0,0.0,1.0,1,,,,,,,,,,,,,,,,,,,,,,,,
S10,EMATent,0.8682008981704712,0.8682008981704712,0.6177782416343689,1.0,0.23953973054885866,0.5,0.26046026945114137,0.0,0.0,2,64,64,1.0,0,0.0,0,0.0,1.0,1,,,,,,,,,,,,,,,,,,,,,,,,
S10,EMATent,0.8450646996498108,0.8450646996498108,0.775323748588562,1.0,0.24648059010505677,0.5,0.2535194098949432,0.0,0.0,3,64,44,0.6875,0,0.0,20,0.3125,0.6875,2,,,,,,,,,,,,,,,,,,,,,,,,
S10,EMATent,0.160710409283638,0.160710409283638,0.9632365703582764,0.0,0.4517868772149086,0.5,0.0482131227850914,0.0,0.0,4,64,0,0.0,9,0.140625,55,0.859375,0.859375,2,,,,,,,,,,,,,,,,,,,,,,,,
S10,EMATent,0.6526212096214294,0.6526212096214294,0.7504882216453552,1.0,0.3042136371135712,0.5,0.19578636288642884,0.0,0.0,5,64,0,0.0,64,1.0,0,0.0,1.0,1,,,,,,,,,,,,,,,,,,,,,,,,
S10,EMATent,0.6692977547645569,0.6692977547645569,0.6491234302520752,1.0,0.2992106735706329,0.5,0.20078932642936706,0.0,0.0,6,64,0,0.0,64,1.0,0,0.0,1.0,1,,,,,,,,,,,,,,,,,,,,,,,,
S10,EMATent,0.6557409763336182,0.6557409763336182,0.6518597602844238,1.0,0.30327770709991453,0.5,0.19672229290008544,0.0,0.0,7,8,0,0.0,8,1.0,0,0.0,1.0,1,,,,,,,,,,,,,,,,,,,,,,,,
S10,MIEMATentGateOnly,,,,,,,,,,0,64,64,1.0,0,0.0,0,0.0,1.0,1,0.021838359534740448,0.021838359534740448,0.109647236764431,0.08780887722969055,0.49344849213957787,0.5,0.006551507860422134,,0.0,0.19999999999999996,0.0,0.10422702878713608,0.05,0.0,0.0,64.0,1.0,0.0,0.0,0.0,0.0,1.0,1.0,0.6666666666666667
S10,MIEMATentGateOnly,,,,,,,,,,1,64,64,1.0,0,0.0,0,0.0,1.0,1,0.0708380714058876,0.0708380714058876,0.6197370886802673,0.5488989949226379,0.4787485785782337,0.5,0.02125142142176628,,0.0,0.19999999999999996,1.0,0.9117136001586914,0.05,0.0,0.0,43.0,0.671875,19.0,0.296875,2.0,0.03125,0.671875,3.0,0.6666666666666667
S10,MIEMATentGateOnly,,,,,,,,,,2,64,64,1.0,0,0.0,0,0.0,1.0,1,0.12464246153831482,0.12464246153831482,0.8520018458366394,0.727359414100647,0.46260726153850557,0.5,0.03739273846149444,,0.0,0.19999999999999996,1.0,0.9042980670928955,0.05,0.0,0.0,5.0,0.078125,56.0,0.875,3.0,0.046875,0.875,3.0,0.6666666666666667
S10,MIEMATentGateOnly,,,,,,,,,,3,64,44,0.6875,0,0.0,20,0.3125,0.6875,2,0.4422810971736908,0.4422810971736908,0.9917665719985962,0.549485445022583,0.36731567084789274,0.5,0.13268432915210723,,0.0,0.19999999999999996,1.0,0.5667471885681152,0.05,0.0,0.0,0.0,0.0,42.0,0.65625,22.0,0.34375,0.65625,2.0,0.3541666666666667
S10,MIEMATentGateOnly,,,,,,,,,,4,64,0,0.0,9,0.140625,55,0.859375,0.859375,2,0.029025809839367867,0.029025809839367867,0.18664368987083435,0.15761788189411163,0.49129225704818963,0.5,0.008707742951810359,,0.0,0.19999999999999996,0.0,0.12909609079360962,0.05,0.0,0.0,0.0,0.0,0.0,0.0,64.0,1.0,1.0,1.0,0.5260416666666667
S10,MIEMATentGateOnly,,,,,,,,,,5,64,0,0.0,64,1.0,0,0.0,1.0,1,0.05845310539007187,0.05845310539007187,0.48088347911834717,0.4224303960800171,0.48246406838297845,0.5,0.01753593161702156,,0.0,0.19999999999999996,1.0,0.5945033431053162,0.05,0.0,0.0,0.0,0.0,37.0,0.578125,27.0,0.421875,0.578125,2.0,0.6666666666666667
S10,MIEMATentGateOnly,,,,,,,,,,6,64,0,0.0,64,1.0,0,0.0,1.0,1,0.047356054186820984,0.047356054186820984,0.4312104880809784,0.3838544487953186,0.4857931837439537,0.5,0.014206816256046294,,0.0,0.19999999999999996,0.0,0.6756720542907715,0.05,0.0,0.0,0.0,0.0,41.0,0.640625,23.0,0.359375,0.640625,2.0,0.6666666666666667
S10,MIEMATentGateOnly,,,,,,,,,,7,8,0,0.0,8,1.0,0,0.0,1.0,1,0.026484055444598198,0.026484055444598198,0.4399966895580292,0.41351261734962463,0.49205478336662056,0.5,0.00794521663337946,,0.0,0.19999999999999996,0.0,0.7307246327400208,0.05,0.0,0.0,0.0,0.0,4.0,0.5,4.0,0.5,0.5,2.0,0.6666666666666667
S10,MIDynamicRelaxedAnchor,,,,,,,,,,0,64,64,1.0,0,0.0,0,0.0,1.0,1,0.09154055267572403,0.37230102399244935,0.3260748088359833,0.23453424870967865,0.7065225630151958,0.1445570273878245,0.14892040959697975,0.16985136175028115,23.82726553551676,0.07446020479848986,1.0,0.2262086123228073,0.0,1.0,1.0,64.0,1.0,0.0,0.0,0.0,0.0,1.0,1.0,0.6666666666666667
S10,MIDynamicRelaxedAnchor,,,,,,,,,,1,64,64,1.0,0,0.0,0,0.0,1.0,1,0.10960659384727478,0.3979619791454819,0.9370870590209961,0.8274804353713989,0.5720580119741417,0.26875719636766543,0.15918479165819277,0.3196388382385331,49.2968322008276,0.07959239582909637,1.0,0.9186789393424988,0.0,1.0,1.0,43.0,0.671875,20.0,0.3125,1.0,0.015625,0.671875,3.0,0.6666666666666667
S10,MIDynamicRelaxedAnchor,,,,,,,,,,2,64,64,1.0,0,0.0,0,0.0,1.0,1,0.08105722814798355,0.3562349601437452,0.9670590758323669,0.8860018253326416,0.4882263904092611,0.3692796255332408,0.1424939840574981,0.43064377236742557,72.0958696500273,0.07124699202874903,1.0,0.9774575233459473,0.0,1.0,1.0,15.0,0.234375,49.0,0.765625,0.0,0.0,0.765625,2.0,0.6666666666666667
S10,MIDynamicRelaxedAnchor,,,,,,,,,,3,64,44,0.6875,0,0.0,20,0.3125,0.6875,2,0.30824553966522217,0.5996787839490786,0.9405698776245117,0.6323242783546448,0.32066568685757396,0.4394627995627946,0.23987151357963143,0.5781427842973399,110.47531182276833,0.11993575678981569,1.0,0.6425238251686096,0.0,1.0,1.0,2.0,0.03125,42.0,0.65625,20.0,0.3125,0.65625,3.0,0.3541666666666667
S10,MIDynamicRelaxedAnchor,,,,,,,,,,4,64,0,0.0,9,0.140625,55,0.859375,0.859375,2,0.0827673077583313,0.3589237711842008,0.44528114795684814,0.36251384019851685,0.30193836319949585,0.5544921283268238,0.14356950847368033,0.647445570671608,133.44643317855719,0.07178475423684015,1.0,0.26292526721954346,0.0,1.0,1.0,0.0,0.0,0.0,0.0,64.0,1.0,1.0,1.0,0.5260416666666667
S10,MIDynamicRelaxedAnchor,,,,,,,,,,5,64,0,0.0,64,1.0,0,0.0,1.0,1,0.06420084834098816,0.3280409769234477,0.639455258846283,0.5752543807029724,0.2599588463831373,0.6088247628474835,0.13121639076937908,0.7007783714826846,154.44105570165783,0.06560819538468952,1.0,0.6433740854263306,0.0,1.0,1.0,0.0,0.0,25.0,0.390625,39.0,0.609375,0.609375,2.0,0.6666666666666667
S10,MIDynamicRelaxedAnchor,,,,,,,,,,6,64,0,0.0,64,1.0,0,0.0,1.0,1,0.042958810925483704,0.286538566654839,0.615249752998352,0.5722909569740295,0.22956404775881806,0.6558205255792464,0.11461542666193561,0.7407182656308107,172.7795239675675,0.05730771333096779,1.0,0.6956978440284729,0.0,1.0,1.0,0.0,0.0,28.0,0.4375,36.0,0.5625,0.5625,2.0,0.6666666666666667
S10,MIDynamicRelaxedAnchor,,,,,,,,,,7,8,0,0.0,8,1.0,0,0.0,1.0,1,0.028939396142959595,0.2531042483923855,0.6212654113769531,0.5923259854316711,0.22937428421963793,0.6693840164234078,0.1012416993569542,0.7447875763088645,174.8043579547066,0.05062084967847709,1.0,0.727427065372467,0.0,1.0,1.0,0.0,0.0,2.0,0.25,6.0,0.75,0.75,2.0,0.6666666666666667
S10,MIDynamicFixedEMARelaxed,,,,,,,,,,0,64,64,1.0,0,0.0,0,0.0,1.0,1,0.09154055267572403,0.37230102399244935,0.3260748088359833,0.23453424870967865,0.7065225630151958,0.1445570273878245,0.14892040959697975,0.16985136175028115,23.82726553551676,0.19999999999999996,1.0,0.2262086123228073,0.0,0.0,1.0,64.0,1.0,0.0,0.0,0.0,0.0,1.0,1.0,0.6666666666666667
S10,MIDynamicFixedEMARelaxed,,,,,,,,,,1,64,64,1.0,0,0.0,0,0.0,1.0,1,0.10960659384727478,0.3979619791454819,0.9370870590209961,0.8274804353713989,0.5720580119741417,0.26875719636766543,0.15918479165819277,0.3196388382385331,49.2968322008276,0.19999999999999996,1.0,0.9544788599014282,0.0,0.0,1.0,31.0,0.484375,31.0,0.484375,2.0,0.03125,0.484375,3.0,0.6666666666666667
S10,MIDynamicFixedEMARelaxed,,,,,,,,,,2,64,64,1.0,0,0.0,0,0.0,1.0,1,0.08105739206075668,0.356235219220959,0.9670466780662537,0.8859893083572388,0.48822626816221637,0.36927964414940007,0.14249408768838362,0.43064384612103335,72.09588623096897,0.19999999999999996,1.0,0.9459219574928284,0.0,0.0,1.0,7.0,0.109375,55.0,0.859375,2.0,0.03125,0.859375,3.0,0.6666666666666667
S10,MIDynamicFixedEMARelaxed,,,,,,,,,,3,64,44,0.6875,0,0.0,20,0.3125,0.6875,2,0.30823904275894165,0.5996735180442754,0.9404536485671997,0.6322146058082581,0.32066737820368274,0.43946321457860715,0.23986940721771016,0.5781417282128447,110.4749913858026,0.19999999999999996,1.0,0.5910382270812988,0.0,0.0,1.0,0.0,0.0,44.0,0.6875,20.0,0.3125,0.6875,2.0,0.3541666666666667
S10,MIDynamicFixedEMARelaxed,,,,,,,,,,4,64,0,0.0,9,0.140625,55,0.859375,0.859375,2,0.0827801376581192,0.3589438385115131,0.44526487588882446,0.36248472332954407,0.30193325962799733,0.5544892049673974,0.14357753540460524,0.6474482254845549,133.44739705053945,0.19999999999999996,1.0,0.25443845987319946,0.0,0.0,1.0,0.0,0.0,4.0,0.0625,60.0,0.9375,0.9375,2.0,0.5260416666666667
S10,MIDynamicFixedEMARelaxed,,,,,,,,,,5,64,0,0.0,64,1.0,0,0.0,1.0,1,0.06421875208616257,0.32807277169752574,0.6394723057746887,0.5752535462379456,0.2599489508485355,0.6088219404724543,0.1312291086790103,0.7007853814562364,154.4440544391811,0.19999999999999996,1.0,0.5939364433288574,0.0,0.0,1.0,0.0,0.0,46.0,0.71875,18.0,0.28125,0.71875,2.0,0.6666666666666667
S10,MIDynamicFixedEMARelaxed,,,,,,,,,,6,64,0,0.0,64,1.0,0,0.0,1.0,1,0.042974650859832764,0.2865729540862355,0.6154249310493469,0.5724502801895142,0.22955115647781704,0.6558196618876888,0.1146291816344942,0.7407287977916481,172.78472350070015,0.19999999999999996,1.0,0.6401065587997437,0.0,0.0,1.0,0.0,0.0,58.0,0.90625,6.0,0.09375,0.90625,2.0,0.6666666666666667
S10,MIDynamicFixedEMARelaxed,,,,,,,,,,7,8,0,0.0,8,1.0,0,0.0,1.0,1,0.028977157548069954,0.253204104429146,0.6216581463813782,0.5926809906959534,0.22935334212961447,0.6693650160987271,0.1012816417716584,0.7447995358838084,174.8103563361333,0.19999999999999996,1.0,0.6929335594177246,0.0,0.0,1.0,0.0,0.0,8.0,1.0,0.0,0.0,1.0,1.0,0.6666666666666667
S11,EMATent,0.14645294845104218,0.14645294845104218,0.9686616659164429,0.0,0.45606411546468734,0.5,0.04393588453531265,0.0,0.0,0,64,64,1.0,0,0.0,0,0.0,1.0,1,,,,,,,,,,,,,,,,,,,,,,,,
S11,EMATent,0.20222258567810059,0.20222258567810059,0.9529796838760376,1.0,0.43933322429656985,0.5,0.060666775703430174,0.0,0.0,1,64,64,1.0,0,0.0,0,0.0,1.0,1,,,,,,,,,,,,,,,,,,,,,,,,
S11,EMATent,0.9186703562736511,0.9186703562736511,0.609183669090271,1.0,0.22439889311790467,0.5,0.2756011068820953,0.0,0.0,2,64,64,1.0,0,0.0,0,0.0,1.0,1,,,,,,,,,,,,,,,,,,,,,,,,
S11,EMATent,0.8507895469665527,0.8507895469665527,0.6367895603179932,1.0,0.24476313591003418,0.5,0.2552368640899658,0.0,0.0,3,64,44,0.6875,20,0.3125,0,0.0,0.6875,2,,,,,,,,,,,,,,,,,,,,,,,,
S11,EMATent,0.6819781064987183,0.6819781064987183,0.7419804334640503,1.0,0.2954065680503845,0.5,0.20459343194961546,0.0,0.0,4,64,0,0.0,64,1.0,0,0.0,1.0,1,,,,,,,,,,,,,,,,,,,,,,,,
S11,EMATent,0.47257664799690247,0.47257664799690247,0.8389599919319153,1.0,0.35822700560092924,0.5,0.14177299439907073,0.0,0.0,5,64,0,0.0,52,0.8125,12,0.1875,0.8125,2,,,,,,,,,,,,,,,,,,,,,,,,
S11,EMATent,0.36233755946159363,0.36233755946159363,0.8967939615249634,1.0,0.3912987321615219,0.5,0.10870126783847808,0.0,0.0,6,62,0,0.0,0,0.0,62,1.0,1.0,1,,,,,,,,,,,,,,,,,,,,,,,,
S11,MIEMATentGateOnly,,,,,,,,,,0,64,64,1.0,0,0.0,0,0.0,1.0,1,0.016283195465803146,0.016283195465803146,0.14645294845104218,0.13016976416110992,0.4951150413602591,0.5,0.004884958639740943,,0.0,0.19999999999999996,0.0,0.14188890159130096,0.05,0.0,0.0,64.0,1.0,0.0,0.0,0.0,0.0,1.0,1.0,0.6666666666666667
S11,MIEMATentGateOnly,,,,,,,,,,1,64,64,1.0,0,0.0,0,0.0,1.0,1,0.01744742877781391,0.01744742877781391,0.16596712172031403,0.14851969480514526,0.49476577136665584,0.5,0.005234228633344174,,0.0,0.19999999999999996,0.0,0.26267969608306885,0.05,0.0,0.0,64.0,1.0,0.0,0.0,0.0,0.0,1.0,1.0,0.6666666666666667
S11,MIEMATentGateOnly,,,,,,,,,,2,64,64,1.0,0,0.0,0,0.0,1.0,1,0.03969290480017662,0.03969290480017662,0.43194079399108887,0.39224788546562195,0.488092128559947,0.5,0.011907871440052986,,0.0,0.19999999999999996,0.0,0.9421844482421875,0.05,0.0,0.0,33.0,0.515625,5.0,0.078125,26.0,0.40625,0.515625,3.0,0.6666666666666667
S11,MIEMATentGateOnly,,,,,,,,,,3,64,44,0.6875,20,0.3125,0,0.0,0.6875,2,0.04567164182662964,0.04567164182662964,0.7801593542098999,0.7344877123832703,0.4862985074520111,0.5,0.013701492547988891,,0.0,0.19999999999999996,0.0,0.8227893114089966,0.05,0.0,0.0,0.0,0.0,2.0,0.03125,62.0,0.96875,0.96875,2.0,0.3541666666666667
S11,MIEMATentGateOnly,,,,,,,,,,4,64,0,0.0,64,1.0,0,0.0,1.0,1,0.03797580674290657,0.03797580674290657,0.8644134402275085,0.8264376521110535,0.488607257977128,0.5,0.01139274202287197,,0.0,0.19999999999999996,0.0,0.6722737550735474,0.05,0.0,0.0,0.0,0.0,0.0,0.0,64.0,1.0,1.0,1.0,0.6666666666666667
S11,MIEMATentGateOnly,,,,,,,,,,5,64,0,0.0,52,0.8125,12,0.1875,0.8125,2,0.06522506475448608,0.06522506475448608,0.7841250896453857,0.7189000248908997,0.4804324805736542,0.5,0.019567519426345825,,0.0,0.19999999999999996,1.0,0.5287104845046997,0.05,0.0,0.0,0.0,0.0,1.0,0.015625,63.0,0.984375,0.984375,2.0,0.4791666666666667
S11,MIEMATentGateOnly,,,,,,,,,,6,62,0,0.0,0,0.0,62,1.0,1.0,1,0.028478559106588364,0.028478559106588364,0.5714977979660034,0.5430192351341248,0.4914564322680235,0.5,0.008543567731976509,,0.0,0.19999999999999996,0.0,0.4105305075645447,0.05,0.0,0.0,0.0,0.0,0.0,0.0,62.0,1.0,1.0,1.0,0.6666666666666667
S11,MIDynamicRelaxedAnchor,,,,,,,,,,0,64,64,1.0,0,0.0,0,0.0,1.0,1,0.025206688791513443,0.24288953048115838,0.300086110830307,0.27487942576408386,0.7995948995025761,0.10324928830496051,0.09715581219246336,0.11436002989141536,15.544929950794137,0.048577906096231666,1.0,0.20241041481494904,0.0,1.0,1.0,64.0,1.0,0.0,0.0,0.0,0.0,1.0,1.0,0.6666666666666667
S11,MIDynamicRelaxedAnchor,,,,,,,,,,1,64,64,1.0,0,0.0,0,0.0,1.0,1,0.027275709435343742,0.24863823412106467,0.340790331363678,0.3135146200656891,0.7043222037413186,0.19622250261025553,0.09945529364842587,0.21789312759965296,31.457776934542274,0.04972764682421292,1.0,0.23957687616348267,0.0,1.0,1.0,64.0,1.0,0.0,0.0,0.0,0.0,1.0,1.0,0.6666666666666667
S11,MIDynamicRelaxedAnchor,,,,,,,,,,2,64,64,1.0,0,0.0,0,0.0,1.0,1,0.07259456068277359,0.3424904001255444,0.6628003716468811,0.5902057886123657,0.5687324190607745,0.2942714208890077,0.13699616005021775,0.3409850654965002,53.37716254257711,0.06849808002510886,1.0,0.6579870581626892,0.0,1.0,1.0,62.0,0.96875,0.0,0.0,2.0,0.03125,0.96875,2.0,0.6666666666666667
S11,MIDynamicRelaxedAnchor,,,,,,,,,,3,64,44,0.6875,20,0.3125,0,0.0,0.6875,2,0.06316079199314117,0.32618629824647727,0.8855857849121094,0.8224249482154846,0.48679612789572757,0.38272935280568154,0.1304745192985909,0.4401588697515225,74.25308563035165,0.06523725964929544,1.0,0.9872784614562988,0.0,1.0,1.0,38.0,0.59375,3.0,0.046875,23.0,0.359375,0.59375,3.0,0.3541666666666667
S11,MIDynamicRelaxedAnchor,,,,,,,,,,4,64,0,0.0,64,1.0,0,0.0,1.0,1,0.02970438450574875,0.25511463970127546,0.9376429319381714,0.907938539981842,0.44250840172004746,0.45544574239944235,0.10204585588051018,0.5072037869439764,90.58042257123327,0.05102292794025508,1.0,0.9655610918998718,0.0,1.0,1.0,9.0,0.140625,0.0,0.0,55.0,0.859375,0.859375,2.0,0.6666666666666667
S11,MIDynamicRelaxedAnchor,,,,,,,,,,5,64,0,0.0,52,0.8125,12,0.1875,0.8125,2,0.08433035016059875,0.3613571954817487,0.8586488366127014,0.774318516254425,0.35188267922113586,0.5035744425861646,0.14454287819269948,0.5886612312283717,113.70728308206519,0.07227143909634973,1.0,0.7181208729743958,0.0,1.0,1.0,0.0,0.0,0.0,0.0,64.0,1.0,1.0,1.0,0.4791666666666667
S11,MIDynamicRelaxedAnchor,,,,,,,,,,6,62,0,0.0,0,0.0,62,1.0,1.0,1,0.032084204256534576,0.26120857746346193,0.7015279531478882,0.6694437265396118,0.3245824769389089,0.5709340920757063,0.10448343098538478,0.6375472122240414,129.90221488479983,0.052241715492692374,1.0,0.5414341688156128,0.0,1.0,1.0,0.0,0.0,0.0,0.0,62.0,1.0,1.0,1.0,0.6666666666666667
S11,MIDynamicFixedEMARelaxed,,,,,,,,,,0,64,64,1.0,0,0.0,0,0.0,1.0,1,0.025206688791513443,0.24288953048115838,0.300086110830307,0.27487942576408386,0.7995948995025761,0.10324928830496051,0.09715581219246336,0.11436002989141536,15.544929950794137,0.19999999999999996,1.0,0.20241041481494904,0.0,0.0,1.0,64.0,1.0,0.0,0.0,0.0,0.0,1.0,1.0,0.6666666666666667
S11,MIDynamicFixedEMARelaxed,,,,,,,,,,1,64,64,1.0,0,0.0,0,0.0,1.0,1,0.027275709435343742,0.24863823412106467,0.340790331363678,0.3135146200656891,0.7043222037413186,0.19622250261025553,0.09945529364842587,0.21789312759965296,31.457776934542274,0.19999999999999996,1.0,0.2762964069843292,0.0,0.0,1.0,64.0,1.0,0.0,0.0,0.0,0.0,1.0,1.0,0.6666666666666667
S11,MIDynamicFixedEMARelaxed,,,,,,,,,,2,64,64,1.0,0,0.0,0,0.0,1.0,1,0.07259407639503479,0.3424895912817253,0.6628018021583557,0.5902077555656433,0.5687328622848208,0.2942713012024891,0.13699583651269012,0.34098479897636813,53.37711077657269,0.19999999999999996,1.0,0.8590127229690552,0.0,0.0,1.0,45.0,0.703125,3.0,0.046875,16.0,0.25,0.703125,3.0,0.6666666666666667
S11,MIDynamicFixedEMARelaxed,,,,,,,,,,3,64,44,0.6875,20,0.3125,0,0.0,0.6875,2,0.06315384805202484,0.3261738643657576,0.8855428099632263,0.8223889470100403,0.4868021355774836,0.3827283186762133,0.13046954574630307,0.44015516282831346,74.25223809598118,0.19999999999999996,1.0,0.912306547164917,0.0,0.0,1.0,3.0,0.046875,7.0,0.109375,54.0,0.84375,0.84375,3.0,0.3541666666666667
S11,MIDynamicFixedEMARelaxed,,,,,,,,,,4,64,0,0.0,64,1.0,0,0.0,1.0,1,0.029706228524446487,0.2551194543079677,0.9377655386924744,0.908059298992157,0.4425093174284779,0.45544290084833505,0.10204778172318707,0.5072017102673219,90.57988317169111,0.19999999999999996,1.0,0.7303646802902222,0.0,0.0,1.0,0.0,0.0,0.0,0.0,64.0,1.0,1.0,1.0,0.6666666666666667
S11,MIDynamicFixedEMARelaxed,,,,,,,,,,5,64,0,0.0,52,0.8125,12,0.1875,0.8125,2,0.08409228175878525,0.3609880231440057,0.8579810857772827,0.7738887667655945,0.35200987445017307,0.5035949162922246,0.14439520925760227,0.5885835630434719,113.68311665290747,0.19999999999999996,1.0,0.6041851043701172,0.0,0.0,1.0,0.0,0.0,2.0,0.03125,62.0,0.96875,0.96875,2.0,0.4791666666666667
S11,MIDynamicFixedEMARelaxed,,,,,,,,,,6,62,0,0.0,0,0.0,62,1.0,1.0,1,0.03204166889190674,0.26110168156305646,0.700660228729248,0.6686185598373413,0.3246760753287232,0.5708832520460542,0.1044406726252226,0.637460003592982,129.87142090981698,0.19999999999999996,1.0,0.44200390577316284,0.0,0.0,1.0,0.0,0.0,0.0,0.0,62.0,1.0,1.0,1.0,0.6666666666666667
S13,EMATent,0.11999023705720901,0.11999023705720901,0.9754358530044556,0.0,0.4640029288828373,0.5,0.0359970711171627,0.0,0.0,0,64,64,1.0,0,0.0,0,0.0,1.0,1,,,,,,,,,,,,,,,,,,,,,,,,
S13,EMATent,0.0451284684240818,0.0451284684240818,0.9924033284187317,0.0,0.48646145947277547,0.5,0.01353854052722454,0.0,0.0,1,64,64,1.0,0,0.0,0,0.0,1.0,1,,,,,,,,,,,,,,,,,,,,,,,,
S13,EMATent,0.23266924917697906,0.23266924917697906,0.9746440649032593,1.0,0.4301992252469063,0.5,0.06980077475309372,0.0,0.0,2,64,64,1.0,0,0.0,0,0.0,1.0,1,,,,,,,,,,,,,,,,,,,,,,,,
S13,EMATent,0.9562434554100037,0.9562434554100037,0.8147724866867065,1.0,0.2131269633769989,0.5,0.28687303662300107,0.0,0.0,3,64,44,0.6875,0,0.0,20,0.3125,0.6875,2,,,,,,,,,,,,,,,,,,,,,,,,
S13,EMATent,0.4027569890022278,0.4027569890022278,0.9645830392837524,1.0,0.3791729032993317,0.5,0.12082709670066832,0.0,0.0,4,64,0,0.0,8,0.125,56,0.875,0.875,2,,,,,,,,,,,,,,,,,,,,,,,,
S13,EMATent,0.5711360573768616,0.5711360573768616,0.9263198375701904,1.0,0.3286591827869415,0.5,0.17134081721305847,0.0,0.0,5,64,0,0.0,64,1.0,0,0.0,1.0,1,,,,,,,,,,,,,,,,,,,,,,,,
S13,EMATent,0.5922224521636963,0.5922224521636963,0.806748628616333,1.0,0.3223332643508911,0.5,0.17766673564910887,0.0,0.0,6,61,0,0.0,61,1.0,0,0.0,1.0,1,,,,,,,,,,,,,,,,,,,,,,,,
S13,MIEMATentGateOnly,,,,,,,,,,0,64,64,1.0,0,0.0,0,0.0,1.0,1,0.031070267781615257,0.031070267781615257,0.11999023705720901,0.08891996741294861,0.4906789196655154,0.5,0.009321080334484576,,0.0,0.19999999999999996,0.0,0.09531303495168686,0.05,0.0,0.0,64.0,1.0,0.0,0.0,0.0,0.0,1.0,1.0,0.6666666666666667
S13,MIEMATentGateOnly,,,,,,,,,,1,64,64,1.0,0,0.0,0,0.0,1.0,1,0.003628504229709506,0.003628504229709506,0.030780071392655373,0.027151567861437798,0.49891144873108717,0.5,0.0010885512689128517,,0.0,0.19999999999999996,0.0,0.053833652287721634,0.05,0.0,0.0,64.0,1.0,0.0,0.0,0.0,0.0,1.0,1.0,0.6666666666666667
S13,MIEMATentGateOnly,,,,,,,,,,2,64,64,1.0,0,0.0,0,0.0,1.0,1,0.034362390637397766,0.034362390637397766,0.08426772803068161,0.049905337393283844,0.48969128280878066,0.5,0.010308717191219329,,0.0,0.19999999999999996,0.0,0.13119161128997803,0.05,0.0,0.0,60.0,0.9375,1.0,0.015625,3.0,0.046875,0.9375,3.0,0.6666666666666667
S13,MIEMATentGateOnly,,,,,,,,,,3,64,44,0.6875,0,0.0,20,0.3125,0.6875,2,0.6002416014671326,0.6002416014671326,0.9156975150108337,0.31545591354370117,0.3199275195598602,0.5,0.18007248044013976,,0.0,0.19999999999999996,1.0,0.4750679135322571,0.05,0.0,0.0,12.0,0.1875,27.0,0.421875,25.0,0.390625,0.421875,3.0,0.3541666666666667
S13,MIEMATentGateOnly,,,,,,,,,,4,64,0,0.0,8,0.125,56,0.875,0.875,2,0.24334992468357086,0.24334992468357086,0.46992793679237366,0.226578027009964,0.4269950225949287,0.5,0.07300497740507125,,0.0,0.19999999999999996,1.0,0.19746798276901245,0.05,0.0,0.0,0.0,0.0,56.0,0.875,8.0,0.125,0.875,2.0,0.5416666666666667
S13,MIEMATentGateOnly,,,,,,,,,,5,64,0,0.0,64,1.0,0,0.0,1.0,1,0.2328808456659317,0.2328808456659317,0.6688858866691589,0.4360050857067108,0.4301357463002205,0.5,0.06986425369977951,,0.0,0.19999999999999996,1.0,0.3377366065979004,0.05,0.0,0.0,0.0,0.0,36.0,0.5625,28.0,0.4375,0.5625,2.0,0.6666666666666667
S13,MIEMATentGateOnly,,,,,,,,,,6,61,0,0.0,61,1.0,0,0.0,1.0,1,0.0900859609246254,0.0900859609246254,0.4843032658100128,0.39421728253364563,0.4729742117226124,0.5,0.02702578827738762,,0.0,0.19999999999999996,1.0,0.4685707986354828,0.05,0.0,0.0,0.0,0.0,6.0,0.09836065573770492,55.0,0.9016393442622951,0.9016393442622951,2.0,0.6666666666666667
S13,MIDynamicRelaxedAnchor,,,,,,,,,,0,64,64,1.0,0,0.0,0,0.0,1.0,1,0.19971336424350739,0.5022037108695555,0.4126063883304596,0.2128930240869522,0.6216687591377614,0.17744975651441636,0.20088148434782221,0.2220568702122936,32.14103749565155,0.10044074217391108,1.0,0.22689586877822876,0.0,1.0,1.0,57.0,0.890625,0.0,0.0,7.0,0.109375,0.890625,2.0,0.6666666666666667
S13,MIDynamicRelaxedAnchor,,,,,,,,,,1,64,64,1.0,0,0.0,0,0.0,1.0,1,0.025689078494906425,0.24425031570459113,0.16443753242492676,0.13874845206737518,0.6212415065436621,0.28105836717450144,0.09770012628183646,0.3114910855703954,47.77305770074538,0.048850063140918214,1.0,0.06769917160272598,0.0,1.0,1.0,64.0,1.0,0.0,0.0,0.0,0.0,1.0,1.0,0.6666666666666667
S13,MIDynamicRelaxedAnchor,,,,,,,,,,2,64,64,1.0,0,0.0,0,0.0,1.0,1,0.17469081282615662,0.47616427048456755,0.28940096497535706,0.11471015214920044,0.43928569417441415,0.3702485976317588,0.19046570819382702,0.4573599925034523,78.24757101175771,0.09523285409691348,1.0,0.15851238369941711,0.0,1.0,1.0,59.0,0.921875,2.0,0.03125,3.0,0.046875,0.921875,3.0,0.6666666666666667
S13,MIDynamicRelaxedAnchor,,,,,,,,,,3,64,44,0.6875,0,0.0,20,0.3125,0.6875,2,0.6342629194259644,0.8167656274787674,0.9402719736099243,0.30600911378860474,0.24286111800939977,0.4304326309990933,0.32670625099150696,0.6392939658699605,130.52057117039882,0.16335312549575343,1.0,0.3714342713356018,0.0,1.0,1.0,23.0,0.359375,26.0,0.40625,15.0,0.234375,0.40625,3.0,0.3541666666666667
S13,MIDynamicRelaxedAnchor,,,,,,,,,,4,64,0,0.0,8,0.125,56,0.875,0.875,2,0.2441861480474472,0.544736753505298,0.5559855103492737,0.31179937720298767,0.21484762273582098,0.5672576758620598,0.21789470140211922,0.7252957841853405,165.3837233947379,0.10894735070105958,1.0,0.2696155905723572,0.0,1.0,1.0,0.0,0.0,56.0,0.875,8.0,0.125,0.875,2.0,0.5416666666666667
S13,MIDynamicRelaxedAnchor,,,,,,,,,,5,64,0,0.0,64,1.0,0,0.0,1.0,1,0.22809132933616638,0.5298301720008669,0.7889772057533264,0.5608858466148376,0.16610313128149498,0.6219647999181582,0.21193206880034676,0.7892273943584521,199.29285440279338,0.10596603440017335,1.0,0.5086578726768494,0.0,1.0,1.0,2.0,0.03125,35.0,0.546875,27.0,0.421875,0.546875,3.0,0.6666666666666667
S13,MIDynamicRelaxedAnchor,,,,,,,,,,6,61,0,0.0,61,1.0,0,0.0,1.0,1,0.10694025456905365,0.3943154875315491,0.5764406323432922,0.4695003628730774,0.14711487525340908,0.6951589297339713,0.15772619501261964,0.8253360434786248,223.34609914221787,0.0788630975063098,1.0,0.5246425271034241,0.0,1.0,1.0,0.0,0.0,16.0,0.26229508196721313,45.0,0.7377049180327869,0.7377049180327869,2.0,0.6666666666666667
S13,MIDynamicFixedEMARelaxed,,,,,,,,,,0,64,64,1.0,0,0.0,0,0.0,1.0,1,0.19971336424350739,0.5022037108695555,0.4126063883304596,0.2128930240869522,0.6216687591377614,0.17744975651441636,0.20088148434782221,0.2220568702122936,32.14103749565155,0.19999999999999996,1.0,0.22689586877822876,0.0,0.0,1.0,57.0,0.890625,0.0,0.0,7.0,0.109375,0.890625,2.0,0.6666666666666667
S13,MIDynamicFixedEMARelaxed,,,,,,,,,,1,64,64,1.0,0,0.0,0,0.0,1.0,1,0.025689078494906425,0.24425031570459113,0.16443753242492676,0.13874845206737518,0.6212415065436621,0.28105836717450144,0.09770012628183646,0.3114910855703954,47.77305770074538,0.19999999999999996,1.0,0.08187392354011536,0.0,0.0,1.0,64.0,1.0,0.0,0.0,0.0,0.0,1.0,1.0,0.6666666666666667
S13,MIDynamicFixedEMARelaxed,,,,,,,,,,2,64,64,1.0,0,0.0,0,0.0,1.0,1,0.17468759417533875,0.47616080508477276,0.2893889546394348,0.11470134556293488,0.43928720751248235,0.3702484704536086,0.19046432203390912,0.45735905227035245,78.24734922617084,0.19999999999999996,1.0,0.2277846336364746,0.0,0.0,1.0,58.0,0.90625,3.0,0.046875,3.0,0.046875,0.90625,3.0,0.6666666666666667
S13,MIDynamicFixedEMARelaxed,,,,,,,,,,3,64,44,0.6875,0,0.0,20,0.3125,0.6875,2,0.6342642307281494,0.816766368414284,0.9402480125427246,0.3059837520122528,0.24286134193873507,0.4304321106955513,0.3267065473657136,0.6392934745042733,130.52039680468502,0.19999999999999996,1.0,0.428065687417984,0.0,0.0,1.0,21.0,0.328125,24.0,0.375,19.0,0.296875,0.375,3.0,0.3541666666666667
S13,MIDynamicFixedEMARelaxed,,,,,,,,,,4,64,0,0.0,8,0.125,56,0.875,0.875,2,0.2441878467798233,0.5447383004550619,0.5560352206230164,0.31184735894203186,0.21484757924740655,0.5672571005705688,0.21789532018202476,0.7252956224511922,165.38364803380898,0.19999999999999996,1.0,0.2593652904033661,0.0,0.0,1.0,0.0,0.0,56.0,0.875,8.0,0.125,0.875,2.0,0.5416666666666667
S13,MIDynamicFixedEMARelaxed,,,,,,,,,,5,64,0,0.0,64,1.0,0,0.0,1.0,1,0.22814710438251495,0.5298827218554348,0.7890596389770508,0.560912549495697,0.1660944344689081,0.621952476788918,0.21195308874217395,0.7892328082299065,199.2961422325568,0.19999999999999996,1.0,0.4331855773925781,0.0,0.0,1.0,2.0,0.03125,38.0,0.59375,24.0,0.375,0.59375,3.0,0.6666666666666667
S13,MIDynamicFixedEMARelaxed,,,,,,,,,,6,61,0,0.0,61,1.0,0,0.0,1.0,1,0.10694112628698349,0.3943166870778084,0.5764682292938232,0.46952709555625916,0.14711092858211985,0.6951623965867568,0.15772667483112338,0.8253406297146785,223.34946014430312,0.19999999999999996,1.0,0.5232139229774475,0.0,0.0,1.0,0.0,0.0,17.0,0.2786885245901639,44.0,0.7213114754098361,0.7213114754098361,2.0,0.6666666666666667
S14,EMATent,0.03347034379839897,0.03347034379839897,0.9946631193161011,0.0,0.48995889686048033,0.5,0.010041103139519692,0.0,0.0,0,64,64,1.0,0,0.0,0,0.0,1.0,1,,,,,,,,,,,,,,,,,,,,,,,,
S14,EMATent,0.9197412133216858,0.9197412133216858,0.7422871589660645,1.0,0.22407763600349428,0.5,0.2759223639965057,0.0,0.0,1,64,64,1.0,0,0.0,0,0.0,1.0,1,,,,,,,,,,,,,,,,,,,,,,,,
S14,EMATent,0.9949799180030823,0.9949799180030823,0.559194803237915,1.0,0.20150602459907532,0.5,0.29849397540092465,0.0,0.0,2,64,64,1.0,0,0.0,0,0.0,1.0,1,,,,,,,,,,,,,,,,,,,,,,,,
S14,EMATent,0.9719070196151733,0.9719070196151733,0.6168927550315857,1.0,0.20842789411544801,0.5,0.291572105884552,0.0,0.0,3,64,44,0.6875,20,0.3125,0,0.0,0.6875,2,,,,,,,,,,,,,,,,,,,,,,,,
S14,EMATent,0.5234255790710449,0.5234255790710449,0.8450758457183838,1.0,0.34297232627868657,0.5,0.15702767372131346,0.0,0.0,4,64,0,0.0,64,1.0,0,0.0,1.0,1,,,,,,,,,,,,,,,,,,,,,,,,
S14,EMATent,0.6205260157585144,0.6205260157585144,0.8112057447433472,1.0,0.31384219527244567,0.5,0.1861578047275543,0.0,0.0,5,64,0,0.0,51,0.796875,13,0.203125,0.796875,2,,,,,,,,,,,,,,,,,,,,,,,,
S14,EMATent,0.3209274113178253,0.3209274113178253,0.8929850459098816,1.0,0.4037217766046524,0.5,0.0962782233953476,0.0,0.0,6,61,0,0.0,0,0.0,61,1.0,1.0,1,,,,,,,,,,,,,,,,,,,,,,,,
S14,MIEMATentGateOnly,,,,,,,,,,0,64,64,1.0,0,0.0,0,0.0,1.0,1,0.0035747261717915535,0.0035747261717915535,0.03347034379839897,0.029895618557929993,0.49892758214846256,0.5,0.001072417851537466,,0.0,0.19999999999999996,0.0,0.0464838370680809,0.05,0.0,0.0,64.0,1.0,0.0,0.0,0.0,0.0,1.0,1.0,0.6666666666666667
S14,MIEMATentGateOnly,,,,,,,,,,1,64,64,1.0,0,0.0,0,0.0,1.0,1,0.12192238867282867,0.12192238867282867,0.548827052116394,0.4269046485424042,0.4634232833981514,0.5,0.0365767166018486,,0.0,0.19999999999999996,1.0,0.6462078094482422,0.05,0.0,0.0,31.0,0.484375,21.0,0.328125,12.0,0.1875,0.484375,3.0,0.6666666666666667
S14,MIEMATentGateOnly,,,,,,,,,,2,64,64,1.0,0,0.0,0,0.0,1.0,1,0.14389808475971222,0.14389808475971222,0.7982456684112549,0.6543475985527039,0.4568305745720863,0.5,0.04316942542791367,,0.0,0.19999999999999996,1.0,0.9457759857177734,0.05,0.0,0.0,7.0,0.109375,37.0,0.578125,20.0,0.3125,0.578125,3.0,0.6666666666666667
S14,MIEMATentGateOnly,,,,,,,,,,3,64,44,0.6875,20,0.3125,0,0.0,0.6875,2,0.3546657860279083,0.3546657860279083,0.9885257482528687,0.6338599324226379,0.3936002641916275,0.5,0.10639973580837249,,0.0,0.19999999999999996,1.0,0.7436515092849731,0.05,0.0,0.0,19.0,0.296875,34.0,0.53125,11.0,0.171875,0.53125,3.0,0.3541666666666667
S14,MIEMATentGateOnly,,,,,,,,,,4,64,0,0.0,64,1.0,0,0.0,1.0,1,0.23523978888988495,0.23523978888988495,0.6363881826400757,0.40114837884902954,0.4294280633330345,0.5,0.07057193666696548,,0.0,0.19999999999999996,1.0,0.3840871751308441,0.05,0.0,0.0,0.0,0.0,45.0,0.703125,19.0,0.296875,0.703125,2.0,0.6666666666666667
S14,MIEMATentGateOnly,,,,,,,,,,5,64,0,0.0,51,0.796875,13,0.203125,0.796875,2,0.2106117606163025,0.2106117606163025,0.6567093133926392,0.44609755277633667,0.43681647181510924,0.5,0.06318352818489074,,0.0,0.19999999999999996,1.0,0.49693533778190613,0.05,0.0,0.0,0.0,0.0,40.0,0.625,24.0,0.375,0.625,2.0,0.4635416666666667
S14,MIEMATentGateOnly,,,,,,,,,,6,61,0,0.0,0,0.0,61,1.0,1.0,1,0.08208853006362915,0.08208853006362915,0.44852349162101746,0.3664349615573883,0.4753734409809113,0.5,0.024626559019088744,,0.0,0.19999999999999996,1.0,0.40795308351516724,0.05,0.0,0.0,0.0,0.0,60.0,0.9836065573770492,1.0,0.01639344262295082,0.9836065573770492,2.0,0.6666666666666667
S14,MIDynamicRelaxedAnchor,,,,,,,,,,0,64,64,1.0,0,0.0,0,0.0,1.0,1,0.03654320165514946,0.27204648598756986,0.17957863211631775,0.143035426735878,0.777843044482081,0.11333836112289104,0.10881859439502795,0.12717765475139386,17.41097510320447,0.05440929719751396,1.0,0.09354231506586075,0.0,1.0,1.0,64.0,1.0,0.0,0.0,0.0,0.0,1.0,1.0,0.6666666666666667
S14,MIDynamicRelaxedAnchor,,,,,,,,,,1,64,64,1.0,0,0.0,0,0.0,1.0,1,0.2805597484111786,0.5767110196052265,0.8324880599975586,0.5519283413887024,0.5032678460266011,0.26604774613130827,0.23068440784209063,0.3458239360326125,54.32048035793897,0.11534220392104529,1.0,0.5992937088012695,0.0,1.0,1.0,38.0,0.59375,11.0,0.171875,15.0,0.234375,0.59375,3.0,0.6666666666666667
S14,MIDynamicRelaxedAnchor,,,,,,,,,,2,64,64,1.0,0,0.0,0,0.0,1.0,1,0.17373545467853546,0.47513426701597616,0.8579866290092468,0.6842511892318726,0.41780802406899475,0.3921382691246148,0.19005370680639047,0.4841534215539376,84.72907344696145,0.09502685340319521,1.0,0.8354702591896057,0.0,1.0,1.0,43.0,0.671875,7.0,0.109375,14.0,0.21875,0.671875,3.0,0.6666666666666667
S14,MIDynamicRelaxedAnchor,,,,,,,,,,3,64,44,0.6875,20,0.3125,0,0.0,0.6875,2,0.42173144221305847,0.6844676793395656,0.943957507610321,0.5222260355949402,0.2660444860185314,0.4601684422456423,0.2737870717358263,0.6336549851096114,128.53500492469365,0.1368935358679131,1.0,0.5604459047317505,0.0,1.0,1.0,34.0,0.53125,23.0,0.359375,7.0,0.109375,0.53125,3.0,0.3541666666666667
S14,MIDynamicRelaxedAnchor,,,,,,,,,,4,64,0,0.0,64,1.0,0,0.0,1.0,1,0.2404148280620575,0.5412890330953927,0.6897020936012268,0.4492872655391693,0.2189682827105353,0.5645161040513077,0.21651561323815707,0.7205199153801447,163.17750304279878,0.10825780661907851,1.0,0.45989328622817993,0.0,1.0,1.0,0.0,0.0,33.0,0.515625,31.0,0.484375,0.515625,2.0,0.6666666666666667
S14,MIDynamicRelaxedAnchor,,,,,,,,,,5,64,0,0.0,51,0.796875,13,0.203125,0.796875,2,0.2073601484298706,0.5098313314379407,0.7011964321136475,0.49383625388145447,0.1724218399556034,0.6236456274692204,0.2039325325751763,0.7834080062166515,195.806708254827,0.10196626628758812,1.0,0.5344840288162231,0.0,1.0,1.0,0.0,0.0,39.0,0.609375,25.0,0.390625,0.609375,2.0,0.4635416666666667
S14,MIDynamicRelaxedAnchor,,,,,,,,,,6,61,0,0.0,0,0.0,61,1.0,1.0,1,0.08464355766773224,0.3618420930844831,0.5891904234886169,0.5045468807220459,0.15590220716943354,0.6993609555967731,0.14473683723379324,0.8177143434247843,217.87907593298047,0.07236841861689661,1.0,0.4973594844341278,0.0,1.0,1.0,0.0,0.0,58.0,0.9508196721311475,3.0,0.04918032786885246,0.9508196721311475,2.0,0.6666666666666667
S14,MIDynamicFixedEMARelaxed,,,,,,,,,,0,64,64,1.0,0,0.0,0,0.0,1.0,1,0.03654320165514946,0.27204648598756986,0.17957863211631775,0.143035426735878,0.777843044482081,0.11333836112289104,0.10881859439502795,0.12717765475139386,17.41097510320447,0.19999999999999996,1.0,0.09354231506586075,0.0,0.0,1.0,64.0,1.0,0.0,0.0,0.0,0.0,1.0,1.0,0.6666666666666667
S14,MIDynamicFixedEMARelaxed,,,,,,,,,,1,64,64,1.0,0,0.0,0,0.0,1.0,1,0.2805597484111786,0.5767110196052265,0.8324880599975586,0.5519283413887024,0.5032678460266011,0.26604774613130827,0.23068440784209063,0.3458239360326125,54.32048035793897,0.19999999999999996,1.0,0.5966065526008606,0.0,0.0,1.0,31.0,0.484375,18.0,0.28125,15.0,0.234375,0.484375,3.0,0.6666666666666667
S14,MIDynamicFixedEMARelaxed,,,,,,,,,,2,64,64,1.0,0,0.0,0,0.0,1.0,1,0.1737421751022339,0.47514152240562424,0.8581110835075378,0.684368908405304,0.4178050113299984,0.39213837970775184,0.1900566089622497,0.4841552928845059,84.72953779189892,0.19999999999999996,1.0,0.9422353506088257,0.0,0.0,1.0,26.0,0.40625,16.0,0.25,22.0,0.34375,0.40625,3.0,0.6666666666666667
S14,MIDynamicFixedEMARelaxed,,,,,,,,,,3,64,44,0.6875,20,0.3125,0,0.0,0.6875,2,0.4217754602432251,0.6844981803196759,0.9439822435379028,0.5222067832946777,0.2660349941605165,0.4601657337116131,0.27379927212787036,0.6336619009732523,128.53742133235818,0.19999999999999996,1.0,0.6119180917739868,0.0,0.0,1.0,30.0,0.46875,31.0,0.484375,3.0,0.046875,0.484375,3.0,0.3541666666666667
S14,MIDynamicFixedEMARelaxed,,,,,,,,,,4,64,0,0.0,64,1.0,0,0.0,1.0,1,0.2403978854417801,0.5412734834633075,0.6896349787712097,0.4492371082305908,0.21896758974412184,0.5645230168705552,0.21650939338532302,0.7205230185333789,163.17892427400986,0.19999999999999996,1.0,0.4264380633831024,0.0,0.0,1.0,0.0,0.0,40.0,0.625,24.0,0.375,0.625,2.0,0.6666666666666667
S14,MIDynamicFixedEMARelaxed,,,,,,,,,,5,64,0,0.0,51,0.796875,13,0.203125,0.796875,2,0.2073124647140503,0.5097842071363667,0.7010583281517029,0.4937458634376526,0.17242807088453196,0.6236582462609214,0.2039136828545467,0.7834053077274188,195.80511353073734,0.19999999999999996,1.0,0.5485953688621521,0.0,0.0,1.0,0.0,0.0,42.0,0.65625,22.0,0.34375,0.65625,2.0,0.4635416666666667
S14,MIDynamicFixedEMARelaxed,,,,,,,,,,6,61,0,0.0,0,0.0,61,1.0,1.0,1,0.08459272235631943,0.36176345258385234,0.5888208746910095,0.5042281746864319,0.15591572678060225,0.6993788921858568,0.14470538103354094,0.8177052406000036,217.87268413835233,0.19999999999999996,1.0,0.5337765216827393,0.0,0.0,1.0,0.0,0.0,58.0,0.9508196721311475,3.0,0.04918032786885246,0.9508196721311475,2.0,0.6666666666666667
S15,EMATent,0.1083436831831932,0.1083436831831932,0.9782970547676086,0.0,0.46749689504504205,0.5,0.03250310495495796,0.0,0.0,0,64,64,1.0,0,0.0,0,0.0,1.0,1,,,,,,,,,,,,,,,,,,,,,,,,
S15,EMATent,0.36075615882873535,0.36075615882873535,0.9028865694999695,1.0,0.39177315235137944,0.5,0.1082268476486206,0.0,0.0,1,64,64,1.0,0,0.0,0,0.0,1.0,1,,,,,,,,,,,,,,,,,,,,,,,,
S15,EMATent,0.7783912420272827,0.7783912420272827,0.714208722114563,1.0,0.26648262739181516,0.5,0.2335173726081848,0.0,0.0,2,64,64,1.0,0,0.0,0,0.0,1.0,1,,,,,,,,,,,,,,,,,,,,,,,,
S15,EMATent,0.8078107833862305,0.8078107833862305,0.694603681564331,1.0,0.25765676498413087,0.5,0.24234323501586913,0.0,0.0,3,64,43,0.671875,0,0.0,21,0.328125,0.671875,2,,,,,,,,,,,,,,,,,,,,,,,,
S15,EMATent,0.6225892305374146,0.6225892305374146,0.8602321743965149,1.0,0.3132232308387756,0.5,0.18677676916122435,0.0,0.0,4,64,0,0.0,10,0.15625,54,0.84375,0.84375,2,,,,,,,,,,,,,,,,,,,,,,,,
S15,EMATent,0.3305525481700897,0.3305525481700897,0.9041790962219238,1.0,0.40083423554897313,0.5,0.09916576445102691,0.0,0.0,5,64,0,0.0,64,1.0,0,0.0,1.0,1,,,,,,,,,,,,,,,,,,,,,,,,
S15,EMATent,0.3324192464351654,0.3324192464351654,0.9214603304862976,1.0,0.4002742260694504,0.5,0.09972577393054961,0.0,0.0,6,63,0,0.0,63,1.0,0,0.0,1.0,1,,,,,,,,,,,,,,,,,,,,,,,,
S15,MIEMATentGateOnly,,,,,,,,,,0,64,64,1.0,0,0.0,0,0.0,1.0,1,0.025670869275927544,0.025670869275927544,0.1083436831831932,0.08267281204462051,0.4922987392172217,0.5,0.007701260782778263,,0.0,0.19999999999999996,0.0,0.0870804488658905,0.05,0.0,0.0,63.0,0.984375,0.0,0.0,1.0,0.015625,0.984375,2.0,0.6666666666666667
S15,MIEMATentGateOnly,,,,,,,,,,1,64,64,1.0,0,0.0,0,0.0,1.0,1,0.02533128298819065,0.02533128298819065,0.18009960651397705,0.15476831793785095,0.4924006151035428,0.5,0.007599384896457195,,0.0,0.19999999999999996,0.0,0.39228948950767517,0.05,0.0,0.0,64.0,1.0,0.0,0.0,0.0,0.0,1.0,1.0,0.6666666666666667
S15,MIEMATentGateOnly,,,,,,,,,,2,64,64,1.0,0,0.0,0,0.0,1.0,1,0.04205707460641861,0.04205707460641861,0.26016342639923096,0.21810635924339294,0.4873828776180744,0.5,0.012617122381925583,,0.0,0.19999999999999996,0.0,0.8305616974830627,0.05,0.0,0.0,39.0,0.609375,22.0,0.34375,3.0,0.046875,0.609375,3.0,0.6666666666666667
S15,MIEMATentGateOnly,,,,,,,,,,3,64,43,0.671875,0,0.0,21,0.328125,0.671875,2,0.3417615592479706,0.3417615592479706,0.7867172360420227,0.4449557065963745,0.3974715322256088,0.5,0.10252846777439117,,0.0,0.19999999999999996,1.0,0.7904689311981201,0.05,0.0,0.0,3.0,0.046875,52.0,0.8125,9.0,0.140625,0.8125,3.0,0.3385416666666667
S15,MIEMATentGateOnly,,,,,,,,,,4,64,0,0.0,10,0.15625,54,0.84375,0.84375,2,0.27494120597839355,0.27494120597839355,0.8058923482894897,0.5309510827064514,0.4175176382064819,0.5,0.08248236179351806,,0.0,0.19999999999999996,1.0,0.4110267162322998,0.05,0.0,0.0,0.0,0.0,22.0,0.34375,42.0,0.65625,0.65625,2.0,0.5104166666666667
S15,MIEMATentGateOnly,,,,,,,,,,5,64,0,0.0,64,1.0,0,0.0,1.0,1,0.07189356535673141,0.07189356535673141,0.3904602527618408,0.3185666799545288,0.4784319303929806,0.5,0.021568069607019423,,0.0,0.19999999999999996,1.0,0.3145834505558014,0.05,0.0,0.0,0.0,0.0,63.0,0.984375,1.0,0.015625,0.984375,2.0,0.6666666666666667
S15,MIEMATentGateOnly,,,,,,,,,,6,63,0,0.0,63,1.0,0,0.0,1.0,1,0.05993012711405754,0.05993012711405754,0.33709871768951416,0.2771685719490051,0.48202096186578275,0.5,0.01797903813421726,,0.0,0.19999999999999996,1.0,0.3702722191810608,0.05,0.0,0.0,0.0,0.0,57.0,0.9047619047619048,6.0,0.09523809523809523,0.9047619047619048,2.0,0.6666666666666667
S15,MIDynamicRelaxedAnchor,,,,,,,,,,0,64,64,1.0,0,0.0,0,0.0,1.0,1,0.17986544966697693,0.48169492298202143,0.42306411266326904,0.24319866299629211,0.6345240396779194,0.17279799112927208,0.19267796919280858,0.21403849335871838,30.82847507084937,0.09633898459640426,1.0,0.26102110743522644,0.0,1.0,1.0,60.0,0.9375,0.0,0.0,4.0,0.0625,0.9375,2.0,0.6666666666666667
S15,MIDynamicRelaxedAnchor,,,,,,,,,,1,64,64,1.0,0,0.0,0,0.0,1.0,1,0.14001238346099854,0.4367640577665747,0.6114487051963806,0.4714363217353821,0.5213964290961413,0.30389794779722895,0.17470562310662988,0.36822975692768256,58.78137476791015,0.08735281155331491,1.0,0.5156102180480957,0.0,1.0,1.0,53.0,0.828125,11.0,0.171875,0.0,0.0,0.828125,2.0,0.6666666666666667
S15,MIDynamicRelaxedAnchor,,,,,,,,,,2,64,64,1.0,0,0.0,0,0.0,1.0,1,0.18479934334754944,0.48689464730274445,0.7576631307601929,0.572863757610321,0.39880246317441453,0.4064396779044877,0.1947578589210978,0.5047421852014852,89.9426321952858,0.09737892946054887,1.0,0.7052599191665649,0.0,1.0,1.0,42.0,0.65625,19.0,0.296875,3.0,0.046875,0.65625,3.0,0.6666666666666667
S15,MIDynamicRelaxedAnchor,,,,,,,,,,3,64,43,0.671875,0,0.0,21,0.328125,0.671875,2,0.323659211397171,0.6120194930192683,0.8618281483650208,0.5381689667701721,0.2754168393674277,0.479775363424865,0.24480779720770732,0.6353023265480164,129.11187974851896,0.12240389860385363,1.0,0.7319207191467285,0.0,1.0,1.0,31.0,0.484375,30.0,0.46875,3.0,0.046875,0.484375,3.0,0.3385416666666667
S15,MIDynamicRelaxedAnchor,,,,,,,,,,4,64,0,0.0,10,0.15625,54,0.84375,0.84375,2,0.24396701157093048,0.5445371518472373,0.8436866998672485,0.5997197031974792,0.21726902387140157,0.5649161153897035,0.21781486073889492,0.7222281363250576,163.96225746674213,0.10890743036944743,1.0,0.49502015113830566,0.0,1.0,1.0,0.0,0.0,26.0,0.40625,38.0,0.59375,0.59375,2.0,0.5104166666666667
S15,MIDynamicRelaxedAnchor,,,,,,,,,,5,64,0,0.0,64,1.0,0,0.0,1.0,1,0.08370888978242874,0.3603923975921096,0.5205264687538147,0.43681758642196655,0.1985290944082371,0.657313946554919,0.14415695903684386,0.768030953216825,187.02737091263714,0.0720784795184219,1.0,0.4230496287345886,0.0,1.0,1.0,0.0,0.0,63.0,0.984375,1.0,0.015625,0.984375,2.0,0.6666666666666667
S15,MIDynamicRelaxedAnchor,,,,,,,,,,6,63,0,0.0,63,1.0,0,0.0,1.0,1,0.09361616522073746,0.37537082966210733,0.4919554591178894,0.39833930134773254,0.1638838033747475,0.6859678647604096,0.15014833186484294,0.8071618736310063,210.6757331813499,0.07507416593242144,1.0,0.39348217844963074,0.0,1.0,1.0,0.0,0.0,55.0,0.873015873015873,8.0,0.12698412698412698,0.873015873015873,2.0,0.6666666666666667
S15,MIDynamicFixedEMARelaxed,,,,,,,,,,0,64,64,1.0,0,0.0,0,0.0,1.0,1,0.17986544966697693,0.48169492298202143,0.42306411266326904,0.24319866299629211,0.6345240396779194,0.17279799112927208,0.19267796919280858,0.21403849335871838,30.82847507084937,0.19999999999999996,1.0,0.26102110743522644,0.0,0.0,1.0,60.0,0.9375,0.0,0.0,4.0,0.0625,0.9375,2.0,0.6666666666666667
S15,MIDynamicFixedEMARelaxed,,,,,,,,,,1,64,64,1.0,0,0.0,0,0.0,1.0,1,0.14001238346099854,0.4367640577665747,0.6114487051963806,0.4714363217353821,0.5213964290961413,0.30389794779722895,0.17470562310662988,0.36822975692768256,58.78137476791015,0.19999999999999996,1.0,0.5749194622039795,0.0,0.0,1.0,50.0,0.78125,14.0,0.21875,0.0,0.0,0.78125,2.0,0.6666666666666667
S15,MIDynamicFixedEMARelaxed,,,,,,,,,,2,64,64,1.0,0,0.0,0,0.0,1.0,1,0.1847991794347763,0.4868944757193734,0.7576737403869629,0.5728745460510254,0.39880253137955657,0.4064396783326941,0.19475779028774937,0.5047421427124806,89.94262121395005,0.19999999999999996,1.0,0.7935729026794434,0.0,0.0,1.0,35.0,0.546875,27.0,0.421875,2.0,0.03125,0.546875,3.0,0.6666666666666667
S15,MIDynamicFixedEMARelaxed,,,,,,,,,,3,64,43,0.671875,0,0.0,21,0.328125,0.671875,2,0.3236454725265503,0.6120086256563514,0.8618043065071106,0.5381588339805603,0.2754199448570103,0.4797766048804491,0.24480345026254058,0.635300313603447,129.11117325595654,0.19999999999999996,1.0,0.7935384511947632,0.0,0.0,1.0,13.0,0.203125,38.0,0.59375,13.0,0.203125,0.59375,3.0,0.3385416666666667
S15,MIDynamicFixedEMARelaxed,,,,,,,,,,4,64,0,0.0,10,0.15625,54,0.84375,0.84375,2,0.24393445253372192,0.5445074876223288,0.8436273336410522,0.5996928811073303,0.2172767417074276,0.5649202632436409,0.21780299504893152,0.722222483169672,163.95965246378557,0.19999999999999996,1.0,0.4002458453178406,0.0,0.0,1.0,0.0,0.0,24.0,0.375,40.0,0.625,0.625,2.0,0.5104166666666667
S15,MIDynamicFixedEMARelaxed,,,,,,,,,,5,64,0,0.0,64,1.0,0,0.0,1.0,1,0.08368423581123352,0.36035404933877857,0.5202800035476685,0.43659576773643494,0.19854049995093312,0.6573178803135554,0.14414161973551143,0.768021784293825,187.0223116214674,0.19999999999999996,1.0,0.3458375632762909,0.0,0.0,1.0,0.0,0.0,63.0,0.984375,1.0,0.015625,0.984375,2.0,0.6666666666666667
S15,MIDynamicFixedEMARelaxed,,,,,,,,,,6,63,0,0.0,63,1.0,0,0.0,1.0,1,0.09353236854076385,0.3752475586050106,0.4916553199291229,0.39812296628952026,0.16390973455386637,0.6859912420041294,0.15009902344200424,0.807142550632566,210.66290781358305,0.19999999999999996,1.0,0.3715708255767822,0.0,0.0,1.0,0.0,0.0,53.0,0.8412698412698413,10.0,0.15873015873015872,0.8412698412698413,2.0,0.6666666666666667
S16,EMATent,0.08527723699808121,0.08527723699808121,0.9830548167228699,0.0,0.4744168289005756,0.5,0.025583171099424363,0.0,0.0,0,64,64,1.0,0,0.0,0,0.0,1.0,1,,,,,,,,,,,,,,,,,,,,,,,,
S16,EMATent,0.0612209178507328,0.0612209178507328,0.9891757965087891,0.0,0.48163372464478016,0.5,0.01836627535521984,0.0,0.0,1,64,64,1.0,0,0.0,0,0.0,1.0,1,,,,,,,,,,,,,,,,,,,,,,,,
S16,EMATent,0.038003794848918915,0.038003794848918915,0.9938360452651978,0.0,0.48859886154532434,0.5,0.011401138454675674,0.0,0.0,2,64,64,1.0,0,0.0,0,0.0,1.0,1,,,,,,,,,,,,,,,,,,,,,,,,
S16,EMATent,0.7559645175933838,0.7559645175933838,0.9232550859451294,1.0,0.27321064472198486,0.5,0.22678935527801514,0.0,0.0,3,64,44,0.6875,20,0.3125,0,0.0,0.6875,2,,,,,,,,,,,,,,,,,,,,,,,,
S16,EMATent,0.004571347963064909,0.004571347963064909,0.9994351863861084,0.0,0.4986285956110805,0.5,0.0013714043889194727,0.0,0.0,4,64,0,0.0,64,1.0,0,0.0,1.0,1,,,,,,,,,,,,,,,,,,,,,,,,
S16,EMATent,0.29679831862449646,0.29679831862449646,0.9295728206634521,1.0,0.4109605044126511,0.5,0.08903949558734893,0.0,0.0,5,64,0,0.0,50,0.78125,14,0.21875,0.78125,2,,,,,,,,,,,,,,,,,,,,,,,,
S16,EMATent,0.49939852952957153,0.49939852952957153,0.7866978049278259,1.0,0.35018044114112856,0.5,0.14981955885887147,0.0,0.0,6,60,0,0.0,0,0.0,60,1.0,1.0,1,,,,,,,,,,,,,,,,,,,,,,,,
S16,MIEMATentGateOnly,,,,,,,,,,0,64,64,1.0,0,0.0,0,0.0,1.0,1,0.03490421175956726,0.03490421175956726,0.08527723699808121,0.050373028963804245,0.4895287364721298,0.5,0.010471263527870178,,0.0,0.19999999999999996,0.0,0.043895941227674484,0.05,0.0,0.0,64.0,1.0,0.0,0.0,0.0,0.0,1.0,1.0,0.6666666666666667
S16,MIEMATentGateOnly,,,,,,,,,,1,64,64,1.0,0,0.0,0,0.0,1.0,1,0.004384742118418217,0.004384742118418217,0.03518008813261986,0.030795346945524216,0.4986845773644745,0.5,0.001315422635525465,,0.0,0.19999999999999996,0.0,0.08011898398399353,0.05,0.0,0.0,64.0,1.0,0.0,0.0,0.0,0.0,1.0,1.0,0.6666666666666667
S16,MIEMATentGateOnly,,,,,,,,,,2,64,64,1.0,0,0.0,0,0.0,1.0,1,0.0013570114970207214,0.0013570114970207214,0.01565198227763176,0.014294969849288464,0.4995928965508938,0.5,0.00040710344910621643,,0.0,0.19999999999999996,0.0,0.09816887229681015,0.05,0.0,0.0,64.0,1.0,0.0,0.0,0.0,0.0,1.0,1.0,0.6666666666666667
S16,MIEMATentGateOnly,,,,,,,,,,3,64,44,0.6875,20,0.3125,0,0.0,0.6875,2,0.544975996017456,0.544975996017456,0.5979365706443787,0.05296057090163231,0.3365072011947632,0.5,0.16349279880523682,,0.0,0.19999999999999996,1.0,0.21099694073200226,0.05,0.0,0.0,35.0,0.546875,26.0,0.40625,3.0,0.046875,0.546875,3.0,0.3541666666666667
S16,MIEMATentGateOnly,,,,,,,,,,4,64,0,0.0,64,1.0,0,0.0,1.0,1,0.004470319487154484,0.004470319487154484,0.014442062005400658,0.009971742518246174,0.49865890415385367,0.5,0.001341095846146345,,0.0,0.19999999999999996,0.0,0.0020584098529070616,0.05,0.0,0.0,0.0,0.0,64.0,1.0,0.0,0.0,1.0,1.0,0.6666666666666667
S16,MIEMATentGateOnly,,,,,,,,,,5,64,0,0.0,50,0.78125,14,0.21875,0.78125,2,0.01004383061081171,0.01004383061081171,0.037526313215494156,0.02748248353600502,0.4969868508167565,0.5,0.003013149183243513,,0.0,0.19999999999999996,0.0,0.1397809386253357,0.05,0.0,0.0,0.0,0.0,57.0,0.890625,7.0,0.109375,0.890625,2.0,0.4479166666666667
S16,MIEMATentGateOnly,,,,,,,,,,6,60,0,0.0,0,0.0,60,1.0,1.0,1,0.008143631741404533,0.008143631741404533,0.08601339906454086,0.07786976546049118,0.49755691047757866,0.5,0.00244308952242136,,0.0,0.19999999999999996,0.0,0.5759727358818054,0.05,0.0,0.0,0.0,0.0,3.0,0.05,57.0,0.95,0.95,2.0,0.6666666666666667
S16,MIDynamicRelaxedAnchor,,,,,,,,,,0,64,64,1.0,0,0.0,0,0.0,1.0,1,0.10792157053947449,0.395662767586611,0.2398415058851242,0.13191993534564972,0.690650375551919,0.15108451741343668,0.15826510703464441,0.17949180754664884,25.322417125543105,0.07913255351732218,1.0,0.10599225014448166,0.0,1.0,1.0,62.0,0.96875,0.0,0.0,2.0,0.03125,0.96875,2.0,0.6666666666666667
S16,MIDynamicRelaxedAnchor,,,,,,,,,,1,64,64,1.0,0,0.0,0,0.0,1.0,1,0.018555983901023865,0.22259831548528444,0.13876459002494812,0.12020861357450485,0.6687225071971079,0.24223816660877823,0.08903932619411378,0.26591506480377003,39.56870931660131,0.04451966309705688,1.0,0.06957675516605377,0.0,1.0,1.0,64.0,1.0,0.0,0.0,0.0,0.0,1.0,1.0,0.6666666666666667
S16,MIDynamicRelaxedAnchor,,,,,,,,,,2,64,64,1.0,0,0.0,0,0.0,1.0,1,0.007246588356792927,0.17661420605215636,0.08390599489212036,0.07665940374135971,0.624563133097353,0.3047911844817845,0.07064568242086254,0.327960153319921,50.872018503939316,0.03532284121043126,1.0,0.04967466741800308,0.0,1.0,1.0,64.0,1.0,0.0,0.0,0.0,0.0,1.0,1.0,0.6666666666666667
S16,MIDynamicRelaxedAnchor,,,,,,,,,,3,64,44,0.6875,20,0.3125,0,0.0,0.6875,2,0.5412539839744568,0.7621296904831485,0.6153115034103394,0.07405751198530197,0.31913763289949404,0.3760104909072465,0.30485187619325943,0.5409070067659161,99.64831869486082,0.15242593809662966,1.0,0.1348530799150467,0.0,1.0,1.0,44.0,0.6875,20.0,0.3125,0.0,0.0,0.6875,2.0,0.3541666666666667
S16,MIDynamicRelaxedAnchor,,,,,,,,,,4,64,0,0.0,64,1.0,0,0.0,1.0,1,0.01505559217184782,0.21043110820415023,0.09007909148931503,0.07502350211143494,0.3784598710255077,0.5373676856928322,0.0841724432816601,0.5867564059967438,113.11590961992644,0.042086221640830035,1.0,0.016322875395417213,0.0,1.0,1.0,0.0,0.0,64.0,1.0,0.0,0.0,1.0,1.0,0.6666666666666667
S16,MIDynamicRelaxedAnchor,,,,,,,,,,5,64,0,0.0,50,0.78125,14,0.21875,0.78125,2,0.2002127319574356,0.5027062364621672,0.40732359886169434,0.20711086690425873,0.2567714863039208,0.5421460191112123,0.20108249458486688,0.6786007509367349,145.28910875350513,0.10054124729243341,1.0,0.2055806815624237,0.0,1.0,1.0,0.0,0.0,52.0,0.8125,12.0,0.1875,0.8125,2.0,0.4479166666666667
S16,MIDynamicRelaxedAnchor,,,,,,,,,,6,60,0,0.0,0,0.0,60,1.0,1.0,1,0.012163747102022171,0.19926044102580825,0.16529622673988342,0.15313248336315155,0.26940630616045563,0.6508895174292211,0.0797041764103233,0.7072611879193171,157.24473521505362,0.039852088205161645,1.0,0.41356974840164185,0.0,1.0,1.0,0.0,0.0,59.0,0.9833333333333333,1.0,0.016666666666666666,0.9833333333333333,2.0,0.6666666666666667
S16,MIDynamicFixedEMARelaxed,,,,,,,,,,0,64,64,1.0,0,0.0,0,0.0,1.0,1,0.10792157053947449,0.395662767586611,0.2398415058851242,0.13191993534564972,0.690650375551919,0.15108451741343668,0.15826510703464441,0.17949180754664884,25.322417125543105,0.19999999999999996,1.0,0.10599225014448166,0.0,0.0,1.0,62.0,0.96875,0.0,0.0,2.0,0.03125,0.96875,2.0,0.6666666666666667
S16,MIDynamicFixedEMARelaxed,,,,,,,,,,1,64,64,1.0,0,0.0,0,0.0,1.0,1,0.018555983901023865,0.22259831548528444,0.13876459002494812,0.12020861357450485,0.6687225071971079,0.24223816660877823,0.08903932619411378,0.26591506480377003,39.56870931660131,0.19999999999999996,1.0,0.08817405253648758,0.0,0.0,1.0,64.0,1.0,0.0,0.0,0.0,0.0,1.0,1.0,0.6666666666666667
S16,MIDynamicFixedEMARelaxed,,,,,,,,,,2,64,64,1.0,0,0.0,0,0.0,1.0,1,0.007245313376188278,0.1766074659201863,0.0838938057422638,0.07664848864078522,0.6245670497808785,0.304789963851047,0.07064298636807452,0.32795788849747676,50.87158713549323,0.19999999999999996,1.0,0.0872117280960083,0.0,0.0,1.0,64.0,1.0,0.0,0.0,0.0,0.0,1.0,1.0,0.6666666666666667
S16,MIDynamicFixedEMARelaxed,,,,,,,,,,3,64,44,0.6875,20,0.3125,0,0.0,0.6875,2,0.5412635207176208,0.7621355237270335,0.6152876615524292,0.07402410358190536,0.31913670640954134,0.37600908409964523,0.30485420949081343,0.5409067985928862,99.64826065402337,0.19999999999999996,1.0,0.18133169412612915,0.0,0.0,1.0,37.0,0.578125,21.0,0.328125,6.0,0.09375,0.578125,3.0,0.3541666666666667
S16,MIDynamicFixedEMARelaxed,,,,,,,,,,4,64,0,0.0,64,1.0,0,0.0,1.0,1,0.015054955147206783,0.21042877192669263,0.0900740846991539,0.07501912862062454,0.37846087091131536,0.5373676203180077,0.08417150877067706,0.5867557358875081,113.1157020573317,0.19999999999999996,1.0,0.007390243466943502,0.0,0.0,1.0,0.0,0.0,64.0,1.0,0.0,0.0,1.0,1.0,0.6666666666666667
S16,MIDynamicFixedEMARelaxed,,,,,,,,,,5,64,0,0.0,50,0.78125,14,0.21875,0.78125,2,0.20027278363704681,0.5027666256605777,0.4074001908302307,0.2071274071931839,0.2567563862774568,0.5421369634583121,0.2011066502642311,0.6786099341515635,145.29276609960868,0.19999999999999996,1.0,0.22122257947921753,0.0,0.0,1.0,6.0,0.09375,50.0,0.78125,8.0,0.125,0.78125,3.0,0.4479166666666667
S16,MIDynamicFixedEMARelaxed,,,,,,,,,,6,60,0,0.0,0,0.0,60,1.0,1.0,1,0.012163883075118065,0.19926099581832551,0.1652911901473999,0.1531272977590561,0.2693984734982457,0.650897128174424,0.07970439832733021,0.7072696283578837,157.24842584870822,0.19999999999999996,1.0,0.5224572420120239,0.0,0.0,1.0,0.0,0.0,0.0,0.0,60.0,1.0,1.0,1.0,0.6666666666666667
S17,EMATent,0.03007838875055313,0.03007838875055313,0.995313286781311,0.0,0.49097648337483407,0.5,0.009023516625165939,0.0,0.0,0,64,64,1.0,0,0.0,0,0.0,1.0,1,,,,,,,,,,,,,,,,,,,,,,,,
S17,EMATent,0.13484054803848267,0.13484054803848267,0.9717593193054199,0.0,0.4595478355884552,0.5,0.0404521644115448,0.0,0.0,1,64,64,1.0,0,0.0,0,0.0,1.0,1,,,,,,,,,,,,,,,,,,,,,,,,
S17,EMATent,0.9418758749961853,0.9418758749961853,0.538442850112915,1.0,0.2174372375011444,0.5,0.2825627624988556,0.0,0.0,2,64,64,1.0,0,0.0,0,0.0,1.0,1,,,,,,,,,,,,,,,,,,,,,,,,
S17,EMATent,0.9842584729194641,0.9842584729194641,0.5566784143447876,1.0,0.2047224581241608,0.5,0.2952775418758392,0.0,0.0,3,64,45,0.703125,0,0.0,19,0.296875,0.703125,2,,,,,,,,,,,,,,,,,,,,,,,,
S17,EMATent,0.6660618782043457,0.6660618782043457,0.631582498550415,1.0,0.3001814365386963,0.5,0.1998185634613037,0.0,0.0,4,64,0,0.0,9,0.140625,55,0.859375,0.859375,2,,,,,,,,,,,,,,,,,,,,,,,,
S17,EMATent,0.6514753103256226,0.6514753103256226,0.6421020030975342,1.0,0.30455740690231325,0.5,0.19544259309768677,0.0,0.0,5,64,0,0.0,64,1.0,0,0.0,1.0,1,,,,,,,,,,,,,,,,,,,,,,,,
S17,EMATent,0.6424279808998108,0.6424279808998108,0.6545726656913757,1.0,0.30727160573005674,0.5,0.19272839426994323,0.0,0.0,6,64,0,0.0,64,1.0,0,0.0,1.0,1,,,,,,,,,,,,,,,,,,,,,,,,
S17,EMATent,0.6296526193618774,0.6296526193618774,0.6324785351753235,1.0,0.31110421419143675,0.5,0.18889578580856323,0.0,0.0,7,8,0,0.0,8,1.0,0,0.0,1.0,1,,,,,,,,,,,,,,,,,,,,,,,,
S17,MIEMATentGateOnly,,,,,,,,,,0,64,64,1.0,0,0.0,0,0.0,1.0,1,0.0032022963277995586,0.0032022963277995586,0.03007838875055313,0.026876091957092285,0.4990393111016601,0.5,0.0009606888983398676,,0.0,0.19999999999999996,0.0,0.04137372970581055,0.05,0.0,0.0,64.0,1.0,0.0,0.0,0.0,0.0,1.0,1.0,0.6666666666666667
S17,MIEMATentGateOnly,,,,,,,,,,1,64,64,1.0,0,0.0,0,0.0,1.0,1,0.006747908424586058,0.006747908424586058,0.08062177151441574,0.0738738626241684,0.4979756274726242,0.5,0.002024372527375817,,0.0,0.19999999999999996,0.0,0.18175256252288818,0.05,0.0,0.0,64.0,1.0,0.0,0.0,0.0,0.0,1.0,1.0,0.6666666666666667
S17,MIEMATentGateOnly,,,,,,,,,,2,64,64,1.0,0,0.0,0,0.0,1.0,1,0.025210268795490265,0.025210268795490265,0.3681884706020355,0.34297817945480347,0.4924369193613529,0.5,0.0075630806386470795,,0.0,0.19999999999999996,0.0,0.9917916059494019,0.05,0.0,0.0,22.0,0.34375,32.0,0.5,10.0,0.15625,0.5,3.0,0.6666666666666667
S17,MIEMATentGateOnly,,,,,,,,,,3,64,45,0.703125,0,0.0,19,0.296875,0.703125,2,0.3227768540382385,0.3227768540382385,0.8980382680892944,0.5752614140510559,0.40316694378852846,0.5,0.09683305621147155,,0.0,0.19999999999999996,1.0,0.8522223234176636,0.05,0.0,0.0,9.0,0.140625,25.0,0.390625,30.0,0.46875,0.46875,3.0,0.3697916666666667
S17,MIEMATentGateOnly,,,,,,,,,,4,64,0,0.0,9,0.140625,55,0.859375,0.859375,2,0.022838804870843887,0.022838804870843887,0.7836593985557556,0.7608205676078796,0.49314835853874683,0.5,0.006851641461253166,,0.0,0.19999999999999996,0.0,0.6812597513198853,0.05,0.0,0.0,0.0,0.0,11.0,0.171875,53.0,0.828125,0.828125,2.0,0.5260416666666667
S17,MIEMATentGateOnly,,,,,,,,,,5,64,0,0.0,64,1.0,0,0.0,1.0,1,0.027723608538508415,0.027723608538508415,0.684187114238739,0.6564635038375854,0.4916829174384475,0.5,0.008317082561552525,,0.0,0.19999999999999996,0.0,0.6753240823745728,0.05,0.0,0.0,0.0,0.0,32.0,0.5,32.0,0.5,0.5,2.0,0.6666666666666667
S17,MIEMATentGateOnly,,,,,,,,,,6,64,0,0.0,64,1.0,0,0.0,1.0,1,0.0326283760368824,0.0326283760368824,0.691839337348938,0.6592109799385071,0.49021148718893526,0.5,0.00978851281106472,,0.0,0.19999999999999996,0.0,0.6790647506713867,0.05,0.0,0.0,0.0,0.0,43.0,0.671875,21.0,0.328125,0.671875,2.0,0.6666666666666667
S17,MIEMATentGateOnly,,,,,,,,,,7,8,0,0.0,8,1.0,0,0.0,1.0,1,0.01908683590590954,0.01908683590590954,0.6760217547416687,0.656934916973114,0.49427394922822715,0.5,0.005726050771772862,,0.0,0.19999999999999996,0.0,0.6897662878036499,0.05,0.0,0.0,0.0,0.0,6.0,0.75,2.0,0.25,0.75,2.0,0.6666666666666667
S17,MIDynamicRelaxedAnchor,,,,,,,,,,0,64,64,1.0,0,0.0,0,0.0,1.0,1,0.02290206588804722,0.23620085671286453,0.1394778937101364,0.11657582223415375,0.8046509311921985,0.10086872612265563,0.09448034268514582,0.11139319318783492,15.11685482962333,0.0472401713425729,1.0,0.07920608669519424,0.0,1.0,1.0,64.0,1.0,0.0,0.0,0.0,0.0,1.0,1.0,0.6666666666666667
S17,MIDynamicRelaxedAnchor,,,,,,,,,,1,64,64,1.0,0,0.0,0,0.0,1.0,1,0.01948241889476776,0.22562149220878525,0.21059705317020416,0.1911146342754364,0.7221697372019086,0.18758166591457734,0.09024859688351411,0.20619002649733653,29.556630330985584,0.04512429844175704,1.0,0.1273263692855835,0.0,1.0,1.0,64.0,1.0,0.0,0.0,0.0,0.0,1.0,1.0,0.6666666666666667
S17,MIDynamicRelaxedAnchor,,,,,,,,,,2,64,64,1.0,0,0.0,0,0.0,1.0,1,0.04562417045235634,0.2922383366199589,0.6298007965087891,0.5841766595840454,0.6057173054773017,0.27738735987471475,0.11689533464798357,0.31410473838244835,48.259883874662954,0.058447667323991766,1.0,0.59373939037323,0.0,1.0,1.0,64.0,1.0,0.0,0.0,0.0,0.0,1.0,1.0,0.6666666666666667
S17,MIDynamicRelaxedAnchor,,,,,,,,,,3,64,45,0.703125,0,0.0,19,0.296875,0.703125,2,0.33233699202537537,0.6188380899091296,0.9166417717933655,0.5843048095703125,0.37876076641601547,0.37370399762033274,0.24753523596365185,0.4966398633946941,87.86552162884725,0.1237676179818259,1.0,0.7139011025428772,0.0,1.0,1.0,37.0,0.578125,9.0,0.140625,18.0,0.28125,0.578125,3.0,0.3697916666666667
S17,MIDynamicRelaxedAnchor,,,,,,,,,,4,64,0,0.0,9,0.140625,55,0.859375,0.859375,2,0.022175272926688194,0.23402227826230027,0.8384883403778076,0.8163130879402161,0.40586084367154124,0.5005302450235386,0.0936089113049201,0.5522232635187818,102.84294743763446,0.046804455652460046,1.0,0.7769104242324829,0.0,1.0,1.0,0.0,0.0,9.0,0.140625,55.0,0.859375,0.859375,2.0,0.5260416666666667
S17,MIDynamicRelaxedAnchor,,,,,,,,,,5,64,0,0.0,64,1.0,0,0.0,1.0,1,0.021475335583090782,0.23189018849900678,0.7209576964378357,0.6994823217391968,0.36176894279425403,0.5454749818061432,0.09275607539960272,0.6012440171990151,117.6839195015709,0.046378037699801346,1.0,0.7092803120613098,0.0,1.0,1.0,0.0,0.0,26.0,0.40625,38.0,0.59375,0.59375,2.0,0.6666666666666667
S17,MIDynamicRelaxedAnchor,,,,,,,,,,6,64,0,0.0,64,1.0,0,0.0,1.0,1,0.025520984083414078,0.2437775959861807,0.7274045944213867,0.7018836140632629,0.3185763106287772,0.5839126509767505,0.09751103839447228,0.647002540549604,133.28568564468645,0.04875551919723613,1.0,0.7073149681091309,0.0,1.0,1.0,0.0,0.0,39.0,0.609375,25.0,0.390625,0.609375,2.0,0.6666666666666667
S17,MIDynamicRelaxedAnchor,,,,,,,,,,7,8,0,0.0,8,1.0,0,0.0,1.0,1,0.014412866905331612,0.20804824012133935,0.7071731090545654,0.6927602291107178,0.3194404477606263,0.597340256190838,0.08321929604853574,0.6515628586162543,134.95007156565717,0.04160964802426786,1.0,0.6908829212188721,0.0,1.0,1.0,0.0,0.0,6.0,0.75,2.0,0.25,0.75,2.0,0.6666666666666667
S17,MIDynamicFixedEMARelaxed,,,,,,,,,,0,64,64,1.0,0,0.0,0,0.0,1.0,1,0.02290206588804722,0.23620085671286453,0.1394778937101364,0.11657582223415375,0.8046509311921985,0.10086872612265563,0.09448034268514582,0.11139319318783492,15.11685482962333,0.19999999999999996,1.0,0.07920608669519424,0.0,0.0,1.0,64.0,1.0,0.0,0.0,0.0,0.0,1.0,1.0,0.6666666666666667
S17,MIDynamicFixedEMARelaxed,,,,,,,,,,1,64,64,1.0,0,0.0,0,0.0,1.0,1,0.01948241889476776,0.22562149220878525,0.21059705317020416,0.1911146342754364,0.7221697372019086,0.18758166591457734,0.09024859688351411,0.20619002649733653,29.556630330985584,0.19999999999999996,1.0,0.15919417142868042,0.0,0.0,1.0,64.0,1.0,0.0,0.0,0.0,0.0,1.0,1.0,0.6666666666666667
S17,MIDynamicFixedEMARelaxed,,,,,,,,,,2,64,64,1.0,0,0.0,0,0.0,1.0,1,0.04562704637646675,0.2922443954057909,0.6298408508300781,0.5842137932777405,0.6057138082524051,0.27738843358527854,0.11689775816231636,0.3141068162255478,48.260271636956205,0.19999999999999996,1.0,0.8966503143310547,0.0,0.0,1.0,54.0,0.84375,6.0,0.09375,4.0,0.0625,0.84375,3.0,0.6666666666666667
S17,MIDynamicFixedEMARelaxed,,,,,,,,,,3,64,45,0.703125,0,0.0,19,0.296875,0.703125,2,0.33235445618629456,0.6188517220853166,0.9166199564933777,0.5842655301094055,0.3787542926218361,0.3737050185440373,0.24754068883412664,0.4966448191929639,87.86678185041646,0.19999999999999996,1.0,0.8404476642608643,0.0,0.0,1.0,16.0,0.25,17.0,0.265625,31.0,0.484375,0.484375,3.0,0.3697916666666667
S17,MIDynamicFixedEMARelaxed,,,,,,,,,,4,64,0,0.0,9,0.140625,55,0.859375,0.859375,2,0.022175978869199753,0.2340244115228707,0.8384917378425598,0.816315770149231,0.40585603281139554,0.5005342025794561,0.09360976460914829,0.5522281496817062,102.84434418788018,0.19999999999999996,1.0,0.6977076530456543,0.0,0.0,1.0,0.0,0.0,12.0,0.1875,52.0,0.8125,0.8125,2.0,0.5260416666666667
S17,MIDynamicFixedEMARelaxed,,,,,,,,,,5,64,0,0.0,64,1.0,0,0.0,1.0,1,0.021475715562701225,0.23189135531105895,0.7209296226501465,0.6994538903236389,0.36176459798983407,0.5454788598857423,0.09275654212442358,0.601248601078975,117.68539092778795,0.19999999999999996,1.0,0.6772940158843994,0.0,0.0,1.0,0.0,0.0,36.0,0.5625,28.0,0.4375,0.5625,2.0,0.6666666666666667
S17,MIDynamicFixedEMARelaxed,,,,,,,,,,6,64,0,0.0,64,1.0,0,0.0,1.0,1,0.02552684396505356,0.24379410144958444,0.7273796796798706,0.7018528580665588,0.3185676888579476,0.5839146705622186,0.09751764057983378,0.6470095115625047,133.28821342056136,0.19999999999999996,1.0,0.6794902682304382,0.0,0.0,1.0,0.0,0.0,48.0,0.75,16.0,0.25,0.75,2.0,0.6666666666666667
S17,MIDynamicFixedEMARelaxed,,,,,,,,,,7,8,0,0.0,8,1.0,0,0.0,1.0,1,0.014416772872209549,0.20806287996573908,0.7071444988250732,0.6927277445793152,0.3194318067703563,0.597343041243348,0.08322515198629564,0.6515700583819013,134.95271646028726,0.19999999999999996,1.0,0.697123646736145,0.0,0.0,1.0,0.0,0.0,6.0,0.75,2.0,0.25,0.75,2.0,0.6666666666666667
S2,EMATent,0.023137448355555534,0.023137448355555534,0.996536910533905,0.0,0.49305876549333333,0.5,0.00694123450666666,0.0,0.0,0,64,64,1.0,0,0.0,0,0.0,1.0,1,,,,,,,,,,,,,,,,,,,,,,,,
S2,EMATent,0.054176073521375656,0.054176073521375656,0.9905073046684265,0.0,0.4837471779435873,0.5,0.016252822056412698,0.0,0.0,1,64,64,1.0,0,0.0,0,0.0,1.0,1,,,,,,,,,,,,,,,,,,,,,,,,
S2,EMATent,0.09425278753042221,0.09425278753042221,0.9813370704650879,0.0,0.47172416374087334,0.5,0.028275836259126663,0.0,0.0,2,64,64,1.0,0,0.0,0,0.0,1.0,1,,,,,,,,,,,,,,,,,,,,,,,,
S2,EMATent,0.6277035474777222,0.6277035474777222,0.8698461651802063,1.0,0.3116889357566833,0.5,0.18831106424331664,0.0,0.0,3,64,37,0.578125,27,0.421875,0,0.0,0.578125,2,,,,,,,,,,,,,,,,,,,,,,,,
S2,EMATent,0.6780999898910522,0.6780999898910522,0.7464786171913147,1.0,0.2965700030326843,0.5,0.20342999696731567,0.0,0.0,4,64,0,0.0,64,1.0,0,0.0,1.0,1,,,,,,,,,,,,,,,,,,,,,,,,
S2,EMATent,0.6456448435783386,0.6456448435783386,0.8560023903846741,1.0,0.3063065469264984,0.5,0.19369345307350158,0.0,0.0,5,64,0,0.0,32,0.5,32,0.5,0.5,2,,,,,,,,,,,,,,,,,,,,,,,,
S2,EMATent,0.6814496517181396,0.6814496517181396,0.7173002362251282,1.0,0.2955651044845581,0.5,0.2044348955154419,0.0,0.0,6,40,0,0.0,0,0.0,40,1.0,1.0,1,,,,,,,,,,,,,,,,,,,,,,,,
S2,MIEMATentGateOnly,,,,,,,,,,0,64,64,1.0,0,0.0,0,0.0,1.0,1,0.0032719303853809834,0.0032719303853809834,0.023137448355555534,0.01986551843583584,0.4990184208843857,0.5,0.000981579115614295,,0.0,0.19999999999999996,0.0,0.021610556170344353,0.05,0.0,0.0,64.0,1.0,0.0,0.0,0.0,0.0,1.0,1.0,0.6666666666666667
S2,MIEMATentGateOnly,,,,,,,,,,1,64,64,1.0,0,0.0,0,0.0,1.0,1,0.004838692955672741,0.004838692955672741,0.03802860900759697,0.033189915120601654,0.49854839211329816,0.5,0.0014516078867018222,,0.0,0.19999999999999996,0.0,0.0665748193860054,0.05,0.0,0.0,64.0,1.0,0.0,0.0,0.0,0.0,1.0,1.0,0.6666666666666667
S2,MIEMATentGateOnly,,,,,,,,,,2,64,64,1.0,0,0.0,0,0.0,1.0,1,0.006053311750292778,0.006053311750292778,0.05874742195010185,0.052694108337163925,0.4981840064749122,0.5,0.0018159935250878334,,0.0,0.19999999999999996,0.0,0.1685684621334076,0.05,0.0,0.0,64.0,1.0,0.0,0.0,0.0,0.0,1.0,1.0,0.6666666666666667
S2,MIEMATentGateOnly,,,,,,,,,,3,64,37,0.578125,27,0.421875,0,0.0,0.578125,2,0.138914093375206,0.138914093375206,0.25291645526885986,0.11400236189365387,0.4583257719874382,0.5,0.0416742280125618,,0.0,0.19999999999999996,1.0,0.33953768014907837,0.05,0.0,0.0,47.0,0.734375,0.0,0.0,17.0,0.265625,0.734375,2.0,0.24479166666666669
S2,MIEMATentGateOnly,,,,,,,,,,4,64,0,0.0,64,1.0,0,0.0,1.0,1,0.011399294249713421,0.011399294249713421,0.07645890861749649,0.0650596097111702,0.496580211725086,0.5,0.003419788274914026,,0.0,0.19999999999999996,0.0,0.6312445998191833,0.05,0.0,0.0,38.0,0.59375,0.0,0.0,26.0,0.40625,0.59375,2.0,0.6666666666666667
S2,MIEMATentGateOnly,,,,,,,,,,5,64,0,0.0,32,0.5,32,0.5,0.5,2,0.1350715011358261,0.1350715011358261,0.41019752621650696,0.27512601017951965,0.45947854965925217,0.5,0.04052145034074783,,0.0,0.19999999999999996,1.0,0.46327880024909973,0.05,0.0,0.0,14.0,0.21875,0.0,0.0,50.0,0.78125,0.78125,2.0,0.16666666666666669
S2,MIEMATentGateOnly,,,,,,,,,,6,40,0,0.0,0,0.0,40,1.0,1.0,1,0.022909335792064667,0.022909335792064667,0.1392020583152771,0.11629272252321243,0.4931271992623806,0.5,0.0068728007376194,,0.0,0.19999999999999996,0.0,0.6584294438362122,0.05,0.0,0.0,10.0,0.25,0.0,0.0,30.0,0.75,0.75,2.0,0.6666666666666667
S2,MIDynamicRelaxedAnchor,,,,,,,,,,0,64,64,1.0,0,0.0,0,0.0,1.0,1,0.060015443712472916,0.32048244693649214,0.16943272948265076,0.10941728204488754,0.7427257538211852,0.12908126740421788,0.12819297877459687,0.14806174332340494,20.510876603935497,0.06409648938729841,1.0,0.06591187417507172,0.0,1.0,1.0,64.0,1.0,0.0,0.0,0.0,0.0,1.0,1.0,0.6666666666666667
S2,MIDynamicRelaxedAnchor,,,,,,,,,,1,64,64,1.0,0,0.0,0,0.0,1.0,1,0.009590606205165386,0.18813847642309212,0.09396401047706604,0.08437339961528778,0.7170941477057896,0.2076504617249736,0.07525539056923686,0.22454898315416527,32.55173909501339,0.037627695284618415,1.0,0.04561637341976166,0.0,1.0,1.0,64.0,1.0,0.0,0.0,0.0,0.0,1.0,1.0,0.6666666666666667
S2,MIDynamicRelaxedAnchor,,,,,,,,,,2,64,64,1.0,0,0.0,0,0.0,1.0,1,0.012948918156325817,0.20241398198792931,0.13689610362052917,0.12394718825817108,0.6440691581770013,0.27496524902782693,0.08096559279517174,0.29918928700842917,45.50623394224087,0.040482796397585855,1.0,0.08283031731843948,0.0,1.0,1.0,64.0,1.0,0.0,0.0,0.0,0.0,1.0,1.0,0.6666666666666667
S2,MIDynamicRelaxedAnchor,,,,,,,,,,3,64,37,0.578125,27,0.421875,0,0.0,0.578125,2,0.182041734457016,0.48399714179949693,0.4115034341812134,0.22946171462535858,0.44366301165535493,0.36273813162484625,0.1935988567197988,0.4498234342145584,76.48205101740868,0.09679942835989937,1.0,0.26983365416526794,0.0,1.0,1.0,53.0,0.828125,0.0,0.0,11.0,0.171875,0.828125,2.0,0.24479166666666669
S2,MIDynamicRelaxedAnchor,,,,,,,,,,4,64,0,0.0,64,1.0,0,0.0,1.0,1,0.05638889595866203,0.3137171161290463,0.24445144832134247,0.18806254863739014,0.41128761129294694,0.4632255422554345,0.12548684645161853,0.5296953400596359,96.55994644966765,0.06274342322580924,1.0,0.3258998692035675,0.0,1.0,1.0,58.0,0.90625,0.0,0.0,6.0,0.09375,0.90625,2.0,0.6666666666666667
S2,MIDynamicRelaxedAnchor,,,,,,,,,,5,64,0,0.0,32,0.5,32,0.5,0.5,2,0.257640540599823,0.5568247343192536,0.7164179682731628,0.45877742767333984,0.2767185620705516,0.5005515442017469,0.22272989372770147,0.6439866143860038,132.19672944609988,0.11136494686385069,1.0,0.5276350378990173,0.0,1.0,1.0,22.0,0.34375,0.0,0.0,42.0,0.65625,0.65625,2.0,0.16666666666666669
S2,MIDynamicRelaxedAnchor,,,,,,,,,,6,40,0,0.0,0,0.0,40,1.0,1.0,1,0.042355362325906754,0.28522376598046073,0.28825628757476807,0.2459009438753128,0.2885004214616489,0.5974100721461668,0.11408950639218429,0.6743458582517193,143.6056800853183,0.05704475319609213,1.0,0.6131501197814941,0.0,1.0,1.0,30.0,0.75,0.0,0.0,10.0,0.25,0.75,2.0,0.6666666666666667
S2,MIDynamicFixedEMARelaxed,,,,,,,,,,0,64,64,1.0,0,0.0,0,0.0,1.0,1,0.060015443712472916,0.32048244693649214,0.16943272948265076,0.10941728204488754,0.7427257538211852,0.12908126740421788,0.12819297877459687,0.14806174332340494,20.510876603935497,0.19999999999999996,1.0,0.06591187417507172,0.0,0.0,1.0,64.0,1.0,0.0,0.0,0.0,0.0,1.0,1.0,0.6666666666666667
S2,MIDynamicFixedEMARelaxed,,,,,,,,,,1,64,64,1.0,0,0.0,0,0.0,1.0,1,0.009590606205165386,0.18813847642309212,0.09396401047706604,0.08437339961528778,0.7170941477057896,0.2076504617249736,0.07525539056923686,0.22454898315416527,32.55173909501339,0.19999999999999996,1.0,0.056419093161821365,0.0,0.0,1.0,64.0,1.0,0.0,0.0,0.0,0.0,1.0,1.0,0.6666666666666667
S2,MIDynamicFixedEMARelaxed,,,,,,,,,,2,64,64,1.0,0,0.0,0,0.0,1.0,1,0.01294748019427061,0.20240829535422994,0.13687966763973236,0.12393219023942947,0.6440725835783541,0.2749640982799539,0.08096331814169198,0.29918729437868763,45.5058699976841,0.19999999999999996,1.0,0.1308075189590454,0.0,0.0,1.0,64.0,1.0,0.0,0.0,0.0,0.0,1.0,1.0,0.6666666666666667
S2,MIDynamicFixedEMARelaxed,,,,,,,,,,3,64,37,0.578125,27,0.421875,0,0.0,0.578125,2,0.18203231692314148,0.4839872090418438,0.41146260499954224,0.22943027317523956,0.4436686624672577,0.3627364539160048,0.19359488361673752,0.44981913748623337,76.4810513763621,0.19999999999999996,1.0,0.4478510022163391,0.0,0.0,1.0,41.0,0.640625,0.0,0.0,23.0,0.359375,0.640625,2.0,0.24479166666666669
S2,MIDynamicFixedEMARelaxed,,,,,,,,,,4,64,0,0.0,64,1.0,0,0.0,1.0,1,0.05637100711464882,0.31368321357295603,0.24439147114753723,0.1880204677581787,0.41130417327073276,0.4632225413000848,0.12547328542918243,0.5296836947141355,96.55677704503128,0.19999999999999996,1.0,0.6403603553771973,0.0,0.0,1.0,29.0,0.453125,0.0,0.0,35.0,0.546875,0.546875,2.0,0.6666666666666667
S2,MIDynamicFixedEMARelaxed,,,,,,,,,,5,64,0,0.0,32,0.5,32,0.5,0.5,2,0.25766560435295105,0.5568469541606799,0.716396689414978,0.4587310552597046,0.2767191753285095,0.5005420430072185,0.22273878166427197,0.6439817543952332,132.1949821113148,0.19999999999999996,1.0,0.5233777761459351,0.0,0.0,1.0,2.0,0.03125,4.0,0.0625,58.0,0.90625,0.90625,3.0,0.16666666666666669
S2,MIDynamicFixedEMARelaxed,,,,,,,,,,6,40,0,0.0,0,0.0,40,1.0,1.0,1,0.04248704016208649,0.28551146199437394,0.28895241022109985,0.24646537005901337,0.28844095010146237,0.597354465100788,0.11420458479774959,0.6743706897200369,143.61544059108977,0.19999999999999996,1.0,0.5723587274551392,0.0,0.0,1.0,2.0,0.05,0.0,0.0,38.0,0.95,0.95,2.0,0.6666666666666667
S3,EMATent,0.08264516294002533,0.08264516294002533,0.9843663573265076,0.0,0.4752064511179924,0.5,0.024793548882007597,0.0,0.0,0,64,64,1.0,0,0.0,0,0.0,1.0,1,,,,,,,,,,,,,,,,,,,,,,,,
S3,EMATent,0.0506594143807888,0.0506594143807888,0.9910949468612671,0.0,0.48480217568576334,0.5,0.01519782431423664,0.0,0.0,1,64,64,1.0,0,0.0,0,0.0,1.0,1,,,,,,,,,,,,,,,,,,,,,,,,
S3,EMATent,0.13685202598571777,0.13685202598571777,0.9704316854476929,0.0,0.4589443922042847,0.5,0.04105560779571533,0.0,0.0,2,64,64,1.0,0,0.0,0,0.0,1.0,1,,,,,,,,,,,,,,,,,,,,,,,,
S3,EMATent,0.6418731808662415,0.6418731808662415,0.9714098572731018,1.0,0.30743804574012756,0.5,0.19256195425987244,0.0,0.0,3,64,36,0.5625,28,0.4375,0,0.0,0.5625,2,,,,,,,,,,,,,,,,,,,,,,,,
S3,EMATent,0.08428408205509186,0.08428408205509186,0.9832876920700073,0.0,0.47471477538347245,0.5,0.025285224616527557,0.0,0.0,4,64,0,0.0,64,1.0,0,0.0,1.0,1,,,,,,,,,,,,,,,,,,,,,,,,
S3,EMATent,0.6197126507759094,0.6197126507759094,0.8175292015075684,1.0,0.31408620476722715,0.5,0.18591379523277282,0.0,0.0,5,64,0,0.0,36,0.5625,28,0.4375,0.5625,2,,,,,,,,,,,,,,,,,,,,,,,,
S3,EMATent,0.4948347508907318,0.4948347508907318,0.8454035520553589,1.0,0.3515495747327805,0.5,0.14845042526721955,0.0,0.0,6,47,0,0.0,0,0.0,47,1.0,1.0,1,,,,,,,,,,,,,,,,,,,,,,,,
S3,MIEMATentGateOnly,,,,,,,,,,0,64,64,1.0,0,0.0,0,0.0,1.0,1,0.014016435481607914,0.014016435481607914,0.08264516294002533,0.06862872838973999,0.49579506935551765,0.5,0.004204930644482374,,0.0,0.19999999999999996,0.0,0.06250889599323273,0.05,0.0,0.0,64.0,1.0,0.0,0.0,0.0,0.0,1.0,1.0,0.6666666666666667
S3,MIEMATentGateOnly,,,,,,,,,,1,64,64,1.0,0,0.0,0,0.0,1.0,1,0.006024194415658712,0.006024194415658712,0.04345805197954178,0.03743385896086693,0.49819274167530236,0.5,0.0018072583246976136,,0.0,0.19999999999999996,0.0,0.06553658843040466,0.05,0.0,0.0,64.0,1.0,0.0,0.0,0.0,0.0,1.0,1.0,0.6666666666666667
S3,MIEMATentGateOnly,,,,,,,,,,2,64,64,1.0,0,0.0,0,0.0,1.0,1,0.01565997302532196,0.01565997302532196,0.07571789622306824,0.06005792319774628,0.49530200809240343,0.5,0.004697991907596588,,0.0,0.19999999999999996,0.0,0.18018759787082672,0.05,0.0,0.0,64.0,1.0,0.0,0.0,0.0,0.0,1.0,1.0,0.6666666666666667
S3,MIEMATentGateOnly,,,,,,,,,,3,64,36,0.5625,28,0.4375,0,0.0,0.5625,2,0.2993881404399872,0.2993881404399872,0.47468817234039307,0.17530003190040588,0.41018355786800387,0.5,0.08981644213199615,,0.0,0.19999999999999996,1.0,0.14216461777687073,0.05,0.0,0.0,37.0,0.578125,27.0,0.421875,0.0,0.0,0.578125,2.0,0.22916666666666669
S3,MIEMATentGateOnly,,,,,,,,,,4,64,0,0.0,64,1.0,0,0.0,1.0,1,0.2444569319486618,0.2444569319486618,0.6933183670043945,0.4488614499568939,0.42666292041540144,0.5,0.07333707958459854,,0.0,0.19999999999999996,1.0,0.14454524219036102,0.05,0.0,0.0,0.0,0.0,64.0,1.0,0.0,0.0,1.0,1.0,0.6666666666666667
S3,MIEMATentGateOnly,,,,,,,,,,5,64,0,0.0,36,0.5625,28,0.4375,0.5625,2,0.12261638045310974,0.12261638045310974,0.40248191356658936,0.2798655331134796,0.46321508586406707,0.5,0.03678491413593292,,0.0,0.19999999999999996,1.0,0.5051007270812988,0.05,0.0,0.0,10.0,0.15625,54.0,0.84375,0.0,0.0,0.84375,2.0,0.22916666666666669
S3,MIEMATentGateOnly,,,,,,,,,,6,47,0,0.0,0,0.0,47,1.0,1.0,1,0.3248699903488159,0.3248699903488159,0.6540422439575195,0.3291722536087036,0.40253900289535527,0.5,0.09746099710464477,,0.0,0.19999999999999996,1.0,0.45501282811164856,0.05,0.0,0.0,3.0,0.06382978723404255,44.0,0.9361702127659575,0.0,0.0,0.9361702127659575,2.0,0.6666666666666667
S3,MIDynamicRelaxedAnchor,,,,,,,,,,0,64,64,1.0,0,0.0,0,0.0,1.0,1,0.06277600675821304,0.3254962648784955,0.251361221075058,0.18858520686626434,0.7391618324580448,0.1306396615905571,0.1301985059513982,0.15019480017501252,20.83176095222371,0.06509925297569909,1.0,0.1300850212574005,0.0,1.0,1.0,64.0,1.0,0.0,0.0,0.0,0.0,1.0,1.0,0.6666666666666667
S3,MIDynamicRelaxedAnchor,,,,,,,,,,1,64,64,1.0,0,0.0,0,0.0,1.0,1,0.019161177799105644,0.22458151555216999,0.1393776834011078,0.120216503739357,0.6913108940306276,0.21885649974850438,0.089832606220868,0.2404574161240649,35.20497794756259,0.044916303110433986,1.0,0.07489483058452606,0.0,1.0,1.0,64.0,1.0,0.0,0.0,0.0,0.0,1.0,1.0,0.6666666666666667
S3,MIDynamicRelaxedAnchor,,,,,,,,,,2,64,64,1.0,0,0.0,0,0.0,1.0,1,0.06731322407722473,0.33350312953481376,0.24726545810699463,0.1799522340297699,0.5571227595505561,0.3094759886355184,0.1334012518139255,0.35711566544874385,56.54917823779067,0.06670062590696274,1.0,0.16369867324829102,0.0,1.0,1.0,64.0,1.0,0.0,0.0,0.0,0.0,1.0,1.0,0.6666666666666667
S3,MIDynamicRelaxedAnchor,,,,,,,,,,3,64,36,0.5625,28,0.4375,0,0.0,0.5625,2,0.43855398893356323,0.6960106803037897,0.6519875526428223,0.21343357861042023,0.32755934777905915,0.394036380099425,0.27840427212151586,0.5460625179391032,101.0938617772332,0.1392021360607579,1.0,0.19518709182739258,0.0,1.0,1.0,38.0,0.59375,25.0,0.390625,1.0,0.015625,0.59375,3.0,0.22916666666666669
S3,MIDynamicRelaxedAnchor,,,,,,,,,,4,64,0,0.0,64,1.0,0,0.0,1.0,1,0.1802641600370407,0.4821177431499394,0.8502965569496155,0.6700324416160583,0.287913029656326,0.5192398730836982,0.19284709725997576,0.6432980310434938,131.94939733882933,0.09642354862998785,1.0,0.5627135634422302,0.0,1.0,1.0,5.0,0.078125,59.0,0.921875,0.0,0.0,0.921875,2.0,0.6666666666666667
S3,MIDynamicRelaxedAnchor,,,,,,,,,,5,64,0,0.0,36,0.5625,28,0.4375,0.5625,2,0.19897401332855225,0.5014585293602906,0.565767765045166,0.36679375171661377,0.22191585212953036,0.5775007361263534,0.20058341174411623,0.7224027429632249,164.04274321788793,0.10029170587205809,1.0,0.5764856338500977,0.0,1.0,1.0,28.0,0.4375,36.0,0.5625,0.0,0.0,0.5625,2.0,0.22916666666666669
S3,MIDynamicRelaxedAnchor,,,,,,,,,,6,47,0,0.0,0,0.0,47,1.0,1.0,1,0.3774010241031647,0.6528967620845354,0.6819539070129395,0.3045528829097748,0.16138029823762204,0.5774609969285638,0.26115870483381415,0.7815765045978877,194.7288910358611,0.13057935241690705,1.0,0.5312544107437134,0.0,1.0,1.0,10.0,0.2127659574468085,37.0,0.7872340425531915,0.0,0.0,0.7872340425531915,2.0,0.6666666666666667
S3,MIDynamicFixedEMARelaxed,,,,,,,,,,0,64,64,1.0,0,0.0,0,0.0,1.0,1,0.06277600675821304,0.3254962648784955,0.251361221075058,0.18858520686626434,0.7391618324580448,0.1306396615905571,0.1301985059513982,0.15019480017501252,20.83176095222371,0.19999999999999996,1.0,0.1300850212574005,0.0,0.0,1.0,64.0,1.0,0.0,0.0,0.0,0.0,1.0,1.0,0.6666666666666667
S3,MIDynamicFixedEMARelaxed,,,,,,,,,,1,64,64,1.0,0,0.0,0,0.0,1.0,1,0.019161177799105644,0.22458151555216999,0.1393776834011078,0.120216503739357,0.6913108940306276,0.21885649974850438,0.089832606220868,0.2404574161240649,35.20497794756259,0.19999999999999996,1.0,0.08574173599481583,0.0,0.0,1.0,64.0,1.0,0.0,0.0,0.0,0.0,1.0,1.0,0.6666666666666667
S3,MIDynamicFixedEMARelaxed,,,,,,,,,,2,64,64,1.0,0,0.0,0,0.0,1.0,1,0.06730933487415314,0.333496383800829,0.24725262820720673,0.1799432933330536,0.557126373351224,0.3094750731284445,0.13339855352033161,0.3571134970817351,56.54874651081565,0.19999999999999996,1.0,0.23279526829719543,0.0,0.0,1.0,63.0,0.984375,0.0,0.0,1.0,0.015625,0.984375,2.0,0.6666666666666667
S3,MIDynamicFixedEMARelaxed,,,,,,,,,,3,64,36,0.5625,28,0.4375,0,0.0,0.5625,2,0.43854957818984985,0.6960076831163994,0.651979386806488,0.21342983841896057,0.3275614876923614,0.39403543906107885,0.2784030732465598,0.5460603065951185,101.0932382302652,0.19999999999999996,1.0,0.17512771487236023,0.0,0.0,1.0,37.0,0.578125,26.0,0.40625,1.0,0.015625,0.578125,3.0,0.22916666666666669
S3,MIDynamicFixedEMARelaxed,,,,,,,,,,4,64,0,0.0,64,1.0,0,0.0,1.0,1,0.18028293550014496,0.48213764242104884,0.8503416180610657,0.6700586676597595,0.2879087283580711,0.5192362146735094,0.19285505696841954,0.6432998424338684,131.95004734521234,0.19999999999999996,1.0,0.2917517423629761,0.0,0.0,1.0,0.0,0.0,64.0,1.0,0.0,0.0,1.0,1.0,0.6666666666666667
S3,MIDynamicFixedEMARelaxed,,,,,,,,,,5,64,0,0.0,36,0.5625,28,0.4375,0.5625,2,0.19878794252872467,0.5012707732295825,0.5653778314590454,0.36658990383148193,0.22195640919402626,0.5775352815141408,0.200508309291833,0.7223780912626827,164.03137683190562,0.19999999999999996,1.0,0.5067192316055298,0.0,0.0,1.0,3.0,0.046875,61.0,0.953125,0.0,0.0,0.953125,2.0,0.22916666666666669
S3,MIDynamicFixedEMARelaxed,,,,,,,,,,6,47,0,0.0,0,0.0,47,1.0,1.0,1,0.3774762749671936,0.6529518810198829,0.6819545030593872,0.3044782280921936,0.16138654695805799,0.5774327006339888,0.2611807524079532,0.7815615287716886,194.7201152398401,0.19999999999999996,1.0,0.5638213753700256,0.0,0.0,1.0,5.0,0.10638297872340426,38.0,0.8085106382978723,4.0,0.0851063829787234,0.8085106382978723,3.0,0.6666666666666667
S4,EMATent,0.025264937430620193,0.025264937430620193,0.9960735440254211,0.0,0.49242051877081394,0.5,0.007579481229186058,0.0,0.0,0,64,64,1.0,0,0.0,0,0.0,1.0,1,,,,,,,,,,,,,,,,,,,,,,,,
S4,EMATent,0.3256304860115051,0.3256304860115051,0.9281567335128784,1.0,0.40231085419654844,0.5,0.09768914580345153,0.0,0.0,1,64,64,1.0,0,0.0,0,0.0,1.0,1,,,,,,,,,,,,,,,,,,,,,,,,
S4,EMATent,0.5927305817604065,0.5927305817604065,0.7821331024169922,1.0,0.32218082547187804,0.5,0.17781917452812193,0.0,0.0,2,64,64,1.0,0,0.0,0,0.0,1.0,1,,,,,,,,,,,,,,,,,,,,,,,,
S4,EMATent,0.649554967880249,0.649554967880249,0.842400312423706,1.0,0.3051335096359253,0.5,0.1948664903640747,0.0,0.0,3,64,40,0.625,0,0.0,24,0.375,0.625,2,,,,,,,,,,,,,,,,,,,,,,,,
S4,EMATent,0.10987649112939835,0.10987649112939835,0.9766724109649658,0.0,0.4670370526611805,0.5,0.0329629473388195,0.0,0.0,4,64,0,0.0,13,0.203125,51,0.796875,0.796875,2,,,,,,,,,,,,,,,,,,,,,,,,
S4,EMATent,0.04602692276239395,0.04602692276239395,0.9912410974502563,0.0,0.4861919231712818,0.5,0.013808076828718185,0.0,0.0,5,64,0,0.0,64,1.0,0,0.0,1.0,1,,,,,,,,,,,,,,,,,,,,,,,,
S4,EMATent,0.13293875753879547,0.13293875753879547,0.9673599004745483,0.0,0.46011837273836137,0.5,0.03988162726163864,0.0,0.0,6,50,0,0.0,50,1.0,0,0.0,1.0,1,,,,,,,,,,,,,,,,,,,,,,,,
S4,MIEMATentGateOnly,,,,,,,,,,0,64,64,1.0,0,0.0,0,0.0,1.0,1,0.0038100075908005238,0.0038100075908005238,0.025264937430620193,0.021454928442835808,0.4988569977227598,0.5,0.001143002277240157,,0.0,0.19999999999999996,0.0,0.020782919600605965,0.05,0.0,0.0,64.0,1.0,0.0,0.0,0.0,0.0,1.0,1.0,0.6666666666666667
S4,MIEMATentGateOnly,,,,,,,,,,1,64,64,1.0,0,0.0,0,0.0,1.0,1,0.02596173994243145,0.02596173994243145,0.10713175684213638,0.08117002248764038,0.49221147801727055,0.5,0.007788521982729435,,0.0,0.19999999999999996,0.0,0.2388259768486023,0.05,0.0,0.0,58.0,0.90625,6.0,0.09375,0.0,0.0,0.90625,2.0,0.6666666666666667
S4,MIEMATentGateOnly,,,,,,,,,,2,64,64,1.0,0,0.0,0,0.0,1.0,1,0.1869584023952484,0.1869584023952484,0.8566188812255859,0.6696605086326599,0.44391247928142546,0.5,0.05608752071857452,,0.0,0.19999999999999996,1.0,0.575312077999115,0.05,0.0,0.0,1.0,0.015625,59.0,0.921875,4.0,0.0625,0.921875,3.0,0.6666666666666667
S4,MIEMATentGateOnly,,,,,,,,,,3,64,40,0.625,0,0.0,24,0.375,0.625,2,0.2030637413263321,0.2030637413263321,0.683790385723114,0.4807266294956207,0.43908087760210035,0.5,0.06091912239789962,,0.0,0.19999999999999996,1.0,0.4331475496292114,0.05,0.0,0.0,0.0,0.0,33.0,0.515625,31.0,0.484375,0.515625,2.0,0.2916666666666667
S4,MIEMATentGateOnly,,,,,,,,,,4,64,0,0.0,13,0.203125,51,0.796875,0.796875,2,0.05603933706879616,0.05603933706879616,0.283420592546463,0.22738125920295715,0.48318819887936115,0.5,0.016811801120638847,,0.0,0.19999999999999996,1.0,0.13645054399967194,0.05,0.0,0.0,0.0,0.0,64.0,1.0,0.0,0.0,1.0,1.0,0.4635416666666667
S4,MIEMATentGateOnly,,,,,,,,,,5,64,0,0.0,64,1.0,0,0.0,1.0,1,0.027038054540753365,0.027038054540753365,0.08434697985649109,0.057308923453092575,0.491888583637774,0.5,0.00811141636222601,,0.0,0.19999999999999996,0.0,0.0794958844780922,0.05,0.0,0.0,0.0,0.0,64.0,1.0,0.0,0.0,1.0,1.0,0.6666666666666667
S4,MIEMATentGateOnly,,,,,,,,,,6,50,0,0.0,50,1.0,0,0.0,1.0,1,0.024980271235108376,0.024980271235108376,0.08489558100700378,0.05991530790925026,0.49250591862946747,0.5,0.007494081370532512,,0.0,0.19999999999999996,0.0,0.22224421799182892,0.05,0.0,0.0,0.0,0.0,50.0,1.0,0.0,0.0,1.0,1.0,0.6666666666666667
S4,MIDynamicRelaxedAnchor,,,,,,,,,,0,64,64,1.0,0,0.0,0,0.0,1.0,1,0.025809286162257195,0.24458741920176985,0.10679704695940018,0.08098776638507843,0.7983153991434365,0.1038496331758555,0.09783496768070794,0.11511156989633942,15.65359482891327,0.04891748384035396,1.0,0.043054576963186264,0.0,1.0,1.0,64.0,1.0,0.0,0.0,0.0,0.0,1.0,1.0,0.6666666666666667
S4,MIDynamicRelaxedAnchor,,,,,,,,,,1,64,64,1.0,0,0.0,0,0.0,1.0,1,0.2139643281698227,0.5163065046543909,0.4470762610435486,0.2331119328737259,0.5423860915500757,0.251091306588168,0.20652260186175636,0.31644418250262696,48.697211126794286,0.10326130093087815,1.0,0.2672293186187744,0.0,1.0,1.0,54.0,0.84375,9.0,0.140625,1.0,0.015625,0.84375,3.0,0.6666666666666667
S4,MIDynamicRelaxedAnchor,,,,,,,,,,2,64,64,1.0,0,0.0,0,0.0,1.0,1,0.251438170671463,0.5512924974380641,0.9289647340774536,0.6775265336036682,0.4044538627633873,0.3750291382613871,0.22051699897522564,0.4811254867243314,83.9799309628304,0.1102584994876128,1.0,0.7467992901802063,0.0,1.0,1.0,16.0,0.25,46.0,0.71875,2.0,0.03125,0.71875,3.0,0.6666666666666667
S4,MIDynamicRelaxedAnchor,,,,,,,,,,3,64,40,0.625,0,0.0,24,0.375,0.625,2,0.1818075329065323,0.4837500510153597,0.7734935879707336,0.5916860699653625,0.3285653116950553,0.4779346678988008,0.1935000204061439,0.5926034469827055,114.93993422781341,0.09675001020307192,1.0,0.5878193378448486,0.0,1.0,1.0,0.0,0.0,37.0,0.578125,27.0,0.421875,0.578125,2.0,0.2916666666666667
S4,MIDynamicRelaxedAnchor,,,,,,,,,,4,64,0,0.0,13,0.203125,51,0.796875,0.796875,2,0.10807569324970245,0.39587381014929146,0.6978112459182739,0.5897355675697327,0.28131067824503697,0.5603397976952464,0.15834952405971658,0.6657630616429469,140.27585807736807,0.07917476202985828,1.0,0.5253905057907104,0.0,1.0,1.0,0.0,0.0,63.0,0.984375,1.0,0.015625,0.984375,2.0,0.4635416666666667
S4,MIDynamicRelaxedAnchor,,,,,,,,,,5,64,0,0.0,64,1.0,0,0.0,1.0,1,0.03518538922071457,0.26881991964451,0.3037104308605194,0.26852503418922424,0.2607807655417857,0.6316912666004102,0.10752796785780401,0.7077995095086229,157.4803329346167,0.05376398392890199,1.0,0.16303110122680664,0.0,1.0,1.0,0.0,0.0,64.0,1.0,0.0,0.0,1.0,1.0,0.6666666666666667
S4,MIDynamicRelaxedAnchor,,,,,,,,,,6,50,0,0.0,50,1.0,0,0.0,1.0,1,0.026514071971178055,0.2465482797464857,0.2350531369447708,0.20853906869888306,0.23920111007823935,0.6621795780231664,0.09861931189859428,0.7346280952811703,169.807746921941,0.04930965594929713,1.0,0.16055327653884888,0.0,1.0,1.0,0.0,0.0,50.0,1.0,0.0,0.0,1.0,1.0,0.6666666666666667
S4,MIDynamicFixedEMARelaxed,,,,,,,,,,0,64,64,1.0,0,0.0,0,0.0,1.0,1,0.025809286162257195,0.24458741920176985,0.10679704695940018,0.08098776638507843,0.7983153991434365,0.1038496331758555,0.09783496768070794,0.11511156989633942,15.65359482891327,0.19999999999999996,1.0,0.043054576963186264,0.0,0.0,1.0,64.0,1.0,0.0,0.0,0.0,0.0,1.0,1.0,0.6666666666666667
S4,MIDynamicFixedEMARelaxed,,,,,,,,,,1,64,64,1.0,0,0.0,0,0.0,1.0,1,0.2139643281698227,0.5163065046543909,0.4470762610435486,0.2331119328737259,0.5423860915500757,0.251091306588168,0.20652260186175636,0.31644418250262696,48.697211126794286,0.19999999999999996,1.0,0.3027800917625427,0.0,0.0,1.0,54.0,0.84375,9.0,0.140625,1.0,0.015625,0.84375,3.0,0.6666666666666667
S4,MIDynamicFixedEMARelaxed,,,,,,,,,,2,64,64,1.0,0,0.0,0,0.0,1.0,1,0.25143206119537354,0.5512870146240113,0.928969144821167,0.6775370836257935,0.40445610949767713,0.3750290846527184,0.22051480584960453,0.4811240642761452,83.979580062731,0.19999999999999996,1.0,0.716258704662323,0.0,0.0,1.0,5.0,0.078125,56.0,0.875,3.0,0.046875,0.875,3.0,0.6666666666666667
S4,MIDynamicFixedEMARelaxed,,,,,,,,,,3,64,40,0.625,0,0.0,24,0.375,0.625,2,0.181801900267601,0.4837441064260881,0.7733763456344604,0.591574490070343,0.32856815775219256,0.4779341996773722,0.19349764257043525,0.5926011192336933,114.93920287400064,0.19999999999999996,1.0,0.5017712116241455,0.0,0.0,1.0,0.0,0.0,35.0,0.546875,29.0,0.453125,0.546875,2.0,0.2916666666666667
S4,MIDynamicFixedEMARelaxed,,,,,,,,,,4,64,0,0.0,13,0.203125,51,0.796875,0.796875,2,0.10800570249557495,0.39577798941337017,0.6976020932197571,0.5895963907241821,0.28133857509164445,0.5603502291430075,0.15831119576534808,0.6657451380175292,140.26899419645633,0.19999999999999996,1.0,0.45989516377449036,0.0,0.0,1.0,0.0,0.0,63.0,0.984375,1.0,0.015625,0.984375,2.0,0.4635416666666667
S4,MIDynamicFixedEMARelaxed,,,,,,,,,,5,64,0,0.0,64,1.0,0,0.0,1.0,1,0.035187993198633194,0.2688261664875824,0.3037334978580475,0.2685455083847046,0.2607932053028794,0.6316763281020876,0.10753046659503296,0.7077847528218738,157.47386885166162,0.19999999999999996,1.0,0.18612152338027954,0.0,0.0,1.0,0.0,0.0,64.0,1.0,0.0,0.0,1.0,1.0,0.6666666666666667
S4,MIDynamicFixedEMARelaxed,,,,,,,,,,6,50,0,0.0,50,1.0,0,0.0,1.0,1,0.026515481993556023,0.24655217642457714,0.2350744754076004,0.20855900645256042,0.23921241243087202,0.6621667169992972,0.09862087056983086,0.7346150974428524,169.80147767289048,0.19999999999999996,1.0,0.316913366317749,0.0,0.0,1.0,0.0,0.0,50.0,1.0,0.0,0.0,1.0,1.0,0.6666666666666667
S5,EMATent,0.042312245815992355,0.042312245815992355,0.992756724357605,0.0,0.4873063262552023,0.5,0.012693673744797707,0.0,0.0,0,64,64,1.0,0,0.0,0,0.0,1.0,1,,,,,,,,,,,,,,,,,,,,,,,,
S5,EMATent,0.009105642326176167,0.009105642326176167,0.998808741569519,0.0,0.49726830730214716,0.5,0.0027316926978528497,0.0,0.0,1,64,64,1.0,0,0.0,0,0.0,1.0,1,,,,,,,,,,,,,,,,,,,,,,,,
S5,EMATent,0.29225242137908936,0.29225242137908936,0.9218935966491699,1.0,0.4123242735862732,0.5,0.0876757264137268,0.0,0.0,2,64,64,1.0,0,0.0,0,0.0,1.0,1,,,,,,,,,,,,,,,,,,,,,,,,
S5,EMATent,0.6069488525390625,0.6069488525390625,0.819819986820221,1.0,0.31791534423828127,0.5,0.18208465576171876,0.0,0.0,3,64,47,0.734375,0,0.0,17,0.265625,0.734375,2,,,,,,,,,,,,,,,,,,,,,,,,
S5,EMATent,0.6954334378242493,0.6954334378242493,0.8082517385482788,1.0,0.29136996865272524,0.5,0.20863003134727479,0.0,0.0,4,64,0,0.0,6,0.09375,58,0.90625,0.90625,2,,,,,,,,,,,,,,,,,,,,,,,,
S5,EMATent,0.4315375089645386,0.4315375089645386,0.8400960564613342,1.0,0.3705387473106384,0.5,0.12946125268936157,0.0,0.0,5,64,0,0.0,64,1.0,0,0.0,1.0,1,,,,,,,,,,,,,,,,,,,,,,,,
S5,EMATent,0.3803061246871948,0.3803061246871948,0.8889907598495483,1.0,0.38590816259384153,0.5,0.11409183740615844,0.0,0.0,6,59,0,0.0,59,1.0,0,0.0,1.0,1,,,,,,,,,,,,,,,,,,,,,,,,
S5,MIEMATentGateOnly,,,,,,,,,,0,64,64,1.0,0,0.0,0,0.0,1.0,1,0.012349491007626057,0.012349491007626057,0.042312245815992355,0.029962753877043724,0.4962951526977122,0.5,0.003704847302287817,,0.0,0.19999999999999996,0.0,0.027540892362594604,0.05,0.0,0.0,64.0,1.0,0.0,0.0,0.0,0.0,1.0,1.0,0.6666666666666667
S5,MIEMATentGateOnly,,,,,,,,,,1,64,64,1.0,0,0.0,0,0.0,1.0,1,0.0007352359825745225,0.0007352359825745225,0.006790847983211279,0.006055612117052078,0.49977942920522767,0.5,0.00022057079477235674,,0.0,0.19999999999999996,0.0,0.00982603058218956,0.05,0.0,0.0,64.0,1.0,0.0,0.0,0.0,0.0,1.0,1.0,0.6666666666666667
S5,MIEMATentGateOnly,,,,,,,,,,2,64,64,1.0,0,0.0,0,0.0,1.0,1,0.017837973311543465,0.017837973311543465,0.06182735413312912,0.043989378958940506,0.494648608006537,0.5,0.005351391993463039,,0.0,0.19999999999999996,0.0,0.2690027952194214,0.05,0.0,0.0,64.0,1.0,0.0,0.0,0.0,0.0,1.0,1.0,0.6666666666666667
S5,MIEMATentGateOnly,,,,,,,,,,3,64,47,0.734375,0,0.0,17,0.265625,0.734375,2,0.2604560852050781,0.2604560852050781,0.6540594100952148,0.3936033248901367,0.42186317443847654,0.5,0.07813682556152343,,0.0,0.19999999999999996,1.0,0.45227861404418945,0.05,0.0,0.0,4.0,0.0625,0.0,0.0,60.0,0.9375,0.9375,2.0,0.4010416666666667
S5,MIEMATentGateOnly,,,,,,,,,,4,64,0,0.0,6,0.09375,58,0.90625,0.90625,2,0.1779104322195053,0.1779104322195053,0.8904183506965637,0.7125079035758972,0.4466268703341484,0.5,0.053373129665851594,,0.0,0.19999999999999996,1.0,0.4645945429801941,0.05,0.0,0.0,0.0,0.0,20.0,0.3125,44.0,0.6875,0.6875,2.0,0.5729166666666667
S5,MIEMATentGateOnly,,,,,,,,,,5,64,0,0.0,64,1.0,0,0.0,1.0,1,0.10311585664749146,0.10311585664749146,0.7430105805397034,0.6398947238922119,0.4690652430057526,0.5,0.030934756994247435,,0.0,0.19999999999999996,1.0,0.49929043650627136,0.05,0.0,0.0,0.0,0.0,54.0,0.84375,10.0,0.15625,0.84375,2.0,0.6666666666666667
S5,MIEMATentGateOnly,,,,,,,,,,6,59,0,0.0,59,1.0,0,0.0,1.0,1,0.09772887825965881,0.09772887825965881,0.8747299909591675,0.7770010828971863,0.47068133652210237,0.5,0.029318663477897643,,0.0,0.19999999999999996,1.0,0.4413406252861023,0.05,0.0,0.0,1.0,0.01694915254237288,58.0,0.9830508474576272,0.0,0.0,0.9830508474576272,2.0,0.6666666666666667
S5,MIDynamicRelaxedAnchor,,,,,,,,,,0,64,64,1.0,0,0.0,0,0.0,1.0,1,0.11208570748567581,0.40131283255679207,0.27706268429756165,0.16497696936130524,0.6868528806098858,0.15262198636739732,0.16052513302271684,0.18180649876624289,25.684021283634692,0.0802625665113584,1.0,0.14489227533340454,0.0,1.0,1.0,63.0,0.984375,1.0,0.015625,0.0,0.0,0.984375,2.0,0.6666666666666667
S5,MIDynamicRelaxedAnchor,,,,,,,,,,1,64,64,1.0,0,0.0,0,0.0,1.0,1,0.0027823802083730698,0.14747344488008204,0.0346585251390934,0.03187614306807518,0.7151993312785873,0.22581129076937995,0.05898937795203282,0.2399667819667496,35.122321755959945,0.0294946889760164,1.0,0.00870584324002266,0.0,1.0,1.0,64.0,1.0,0.0,0.0,0.0,0.0,1.0,1.0,0.6666666666666667
S5,MIDynamicRelaxedAnchor,,,,,,,,,,2,64,64,1.0,0,0.0,0,0.0,1.0,1,0.07054699957370758,0.33904616636688223,0.23678675293922424,0.16623975336551666,0.5545173185723165,0.3098642148809307,0.13561846654675289,0.35848083616850046,56.82127640344041,0.06780923327337643,1.0,0.12305762618780136,0.0,1.0,1.0,64.0,1.0,0.0,0.0,0.0,0.0,1.0,1.0,0.6666666666666667
S5,MIDynamicRelaxedAnchor,,,,,,,,,,3,64,47,0.734375,0,0.0,17,0.265625,0.734375,2,0.31103914976119995,0.6019379556345306,0.7175899744033813,0.4065508544445038,0.36047144219729454,0.39875337554889323,0.24077518225381223,0.5252111973007161,95.34530556405036,0.12038759112690608,1.0,0.5492303967475891,0.0,1.0,1.0,43.0,0.671875,2.0,0.03125,19.0,0.296875,0.671875,3.0,0.4010416666666667
S5,MIDynamicRelaxedAnchor,,,,,,,,,,4,64,0,0.0,6,0.09375,58,0.90625,0.90625,2,0.2053067833185196,0.5077971241781885,0.9385661482810974,0.7332593202590942,0.2935129569315987,0.503368193397126,0.2031188496712754,0.6316728576017635,127.84432151145442,0.10155942483563767,1.0,0.7308844327926636,0.0,1.0,1.0,2.0,0.03125,16.0,0.25,46.0,0.71875,0.71875,3.0,0.5729166666666667
S5,MIDynamicRelaxedAnchor,,,,,,,,,,5,64,0,0.0,64,1.0,0,0.0,1.0,1,0.12800754606723785,0.42200327997469633,0.7892102599143982,0.6612027287483215,0.24791438370378469,0.5832843043063367,0.16880131198987855,0.701738721102546,154.85253142983498,0.08440065599493925,1.0,0.6458643674850464,0.0,1.0,1.0,0.0,0.0,36.0,0.5625,28.0,0.4375,0.5625,2.0,0.6666666666666667
S5,MIDynamicRelaxedAnchor,,,,,,,,,,6,59,0,0.0,59,1.0,0,0.0,1.0,1,0.09928185492753983,0.3835812096936383,0.8744556903839111,0.7751737833023071,0.21157881819098007,0.6349886979315646,0.15343248387745534,0.7500744900299801,177.48382280175963,0.07671624193872764,1.0,0.592005729675293,0.0,1.0,1.0,1.0,0.01694915254237288,55.0,0.9322033898305084,3.0,0.05084745762711865,0.9322033898305084,3.0,0.6666666666666667
S5,MIDynamicFixedEMARelaxed,,,,,,,,,,0,64,64,1.0,0,0.0,0,0.0,1.0,1,0.11208570748567581,0.40131283255679207,0.27706268429756165,0.16497696936130524,0.6868528806098858,0.15262198636739732,0.16052513302271684,0.18180649876624289,25.684021283634692,0.19999999999999996,1.0,0.14489227533340454,0.0,0.0,1.0,63.0,0.984375,1.0,0.015625,0.0,0.0,0.984375,2.0,0.6666666666666667
S5,MIDynamicFixedEMARelaxed,,,,,,,,,,1,64,64,1.0,0,0.0,0,0.0,1.0,1,0.0027823802083730698,0.14747344488008204,0.0346585251390934,0.03187614306807518,0.7151993312785873,0.22581129076937995,0.05898937795203282,0.2399667819667496,35.122321755959945,0.19999999999999996,1.0,0.010402501560747623,0.0,0.0,1.0,64.0,1.0,0.0,0.0,0.0,0.0,1.0,1.0,0.6666666666666667
S5,MIDynamicFixedEMARelaxed,,,,,,,,,,2,64,64,1.0,0,0.0,0,0.0,1.0,1,0.07054468989372253,0.3390422531978714,0.23678059875965118,0.16623590886592865,0.5545194076845008,0.3098636910363506,0.13561690127914858,0.35847958098081656,56.821025960623714,0.19999999999999996,1.0,0.2771949768066406,0.0,0.0,1.0,64.0,1.0,0.0,0.0,0.0,0.0,1.0,1.0,0.6666666666666667
S5,MIDynamicFixedEMARelaxed,,,,,,,,,,3,64,47,0.734375,0,0.0,17,0.265625,0.734375,2,0.3110467791557312,0.6019441115464372,0.7175723910331726,0.4065256416797638,0.3604698688732316,0.3987524865081935,0.2407776446185749,0.5252117297150247,95.3454490995957,0.19999999999999996,1.0,0.6675961017608643,0.0,0.0,1.0,16.0,0.25,4.0,0.0625,44.0,0.6875,0.6875,3.0,0.4010416666666667
S5,MIDynamicFixedEMARelaxed,,,,,,,,,,4,64,0,0.0,6,0.09375,58,0.90625,0.90625,2,0.20533554255962372,0.5078256851564099,0.9387766122817993,0.7334411144256592,0.29350422847218904,0.503365497465247,0.20313027406256398,0.6316785304813641,127.84629294960592,0.19999999999999996,1.0,0.4662132263183594,0.0,0.0,1.0,0.0,0.0,22.0,0.34375,42.0,0.65625,0.65625,2.0,0.5729166666666667
S5,MIDynamicFixedEMARelaxed,,,,,,,,,,5,64,0,0.0,64,1.0,0,0.0,1.0,1,0.12797661125659943,0.42196436932965975,0.7890543341636658,0.6610777378082275,0.2479200308516626,0.5832942214164735,0.16878574773186392,0.7017375121093476,154.85201258670415,0.19999999999999996,1.0,0.4698307514190674,0.0,0.0,1.0,0.0,0.0,58.0,0.90625,6.0,0.09375,0.90625,2.0,0.6666666666666667
S5,MIDynamicFixedEMARelaxed,,,,,,,,,,6,59,0,0.0,59,1.0,0,0.0,1.0,1,0.09927165508270264,0.38356664228535264,0.8743845820426941,0.7751129269599915,0.21158255283323105,0.634990790252628,0.15342665691414106,0.7500717987859293,177.48244448153994,0.19999999999999996,1.0,0.41581690311431885,0.0,0.0,1.0,1.0,0.01694915254237288,58.0,0.9830508474576272,0.0,0.0,0.9830508474576272,2.0,0.6666666666666667
S6,EMATent,0.06043564900755882,0.06043564900755882,0.989325225353241,0.0,0.48186930529773236,0.5,0.018130694702267646,0.0,0.0,0,64,64,1.0,0,0.0,0,0.0,1.0,1,,,,,,,,,,,,,,,,,,,,,,,,
S6,EMATent,0.08245626091957092,0.08245626091957092,0.9843129515647888,0.0,0.4752631217241287,0.5,0.024736878275871278,0.0,0.0,1,64,64,1.0,0,0.0,0,0.0,1.0,1,,,,,,,,,,,,,,,,,,,,,,,,
S6,EMATent,0.5600141882896423,0.5600141882896423,0.8510106205940247,1.0,0.33199574351310734,0.5,0.16800425648689268,0.0,0.0,2,64,64,1.0,0,0.0,0,0.0,1.0,1,,,,,,,,,,,,,,,,,,,,,,,,
S6,EMATent,0.852838933467865,0.852838933467865,0.8214836716651917,1.0,0.2441483199596405,0.5,0.25585168004035946,0.0,0.0,3,64,44,0.6875,20,0.3125,0,0.0,0.6875,2,,,,,,,,,,,,,,,,,,,,,,,,
S6,EMATent,0.7022824287414551,0.7022824287414551,0.6999104022979736,1.0,0.28931527137756347,0.5,0.2106847286224365,0.0,0.0,4,64,0,0.0,64,1.0,0,0.0,1.0,1,,,,,,,,,,,,,,,,,,,,,,,,
S6,EMATent,0.6407026648521423,0.6407026648521423,0.7423861026763916,1.0,0.3077892005443573,0.5,0.1922107994556427,0.0,0.0,5,64,0,0.0,46,0.71875,18,0.28125,0.71875,2,,,,,,,,,,,,,,,,,,,,,,,,
S6,EMATent,0.8401179313659668,0.8401179313659668,0.6597211956977844,1.0,0.24796462059020996,0.5,0.25203537940979004,0.0,0.0,6,57,0,0.0,0,0.0,57,1.0,1.0,1,,,,,,,,,,,,,,,,,,,,,,,,
S6,MIEMATentGateOnly,,,,,,,,,,0,64,64,1.0,0,0.0,0,0.0,1.0,1,0.00731620704755187,0.00731620704755187,0.06043564900755882,0.053119443356990814,0.49780513788573444,0.5,0.002194862114265561,,0.0,0.19999999999999996,0.0,0.052885424345731735,0.05,0.0,0.0,64.0,1.0,0.0,0.0,0.0,0.0,1.0,1.0,0.6666666666666667
S6,MIEMATentGateOnly,,,,,,,,,,1,64,64,1.0,0,0.0,0,0.0,1.0,1,0.007031618617475033,0.007031618617475033,0.06643027812242508,0.05939865857362747,0.4978905144147575,0.5,0.0021094855852425098,,0.0,0.19999999999999996,0.0,0.10515161603689194,0.05,0.0,0.0,64.0,1.0,0.0,0.0,0.0,0.0,1.0,1.0,0.6666666666666667
S6,MIEMATentGateOnly,,,,,,,,,,2,64,64,1.0,0,0.0,0,0.0,1.0,1,0.0616435669362545,0.0616435669362545,0.2139451503753662,0.1523015946149826,0.48150692991912364,0.5,0.01849307008087635,,0.0,0.19999999999999996,1.0,0.5558148622512817,0.05,0.0,0.0,51.0,0.796875,4.0,0.0625,9.0,0.140625,0.796875,3.0,0.6666666666666667
S6,MIEMATentGateOnly,,,,,,,,,,3,64,44,0.6875,20,0.3125,0,0.0,0.6875,2,0.38071903586387634,0.38071903586387634,0.7813969850540161,0.4006779193878174,0.3857842892408371,0.5,0.1142157107591629,,0.0,0.19999999999999996,1.0,0.48135706782341003,0.05,0.0,0.0,18.0,0.28125,13.0,0.203125,33.0,0.515625,0.515625,3.0,0.3541666666666667
S6,MIEMATentGateOnly,,,,,,,,,,4,64,0,0.0,64,1.0,0,0.0,1.0,1,0.12421998381614685,0.12421998381614685,0.8392679691314697,0.7150479555130005,0.4627340048551559,0.5,0.03726599514484406,,0.0,0.19999999999999996,1.0,0.6694055199623108,0.05,0.0,0.0,0.0,0.0,36.0,0.5625,28.0,0.4375,0.5625,2.0,0.6666666666666667
S6,MIEMATentGateOnly,,,,,,,,,,5,64,0,0.0,46,0.71875,18,0.28125,0.71875,2,0.10940813273191452,0.10940813273191452,0.569231390953064,0.45982325077056885,0.46717756018042567,0.5,0.032822439819574355,,0.0,0.19999999999999996,1.0,0.5897109508514404,0.05,0.0,0.0,0.0,0.0,23.0,0.359375,41.0,0.640625,0.640625,2.0,0.3854166666666667
S6,MIEMATentGateOnly,,,,,,,,,,6,57,0,0.0,0,0.0,57,1.0,1.0,1,0.18147674202919006,0.18147674202919006,0.8628789782524109,0.6814022064208984,0.445556977391243,0.5,0.05444302260875702,,0.0,0.19999999999999996,1.0,0.7338465452194214,0.05,0.0,0.0,3.0,0.05263157894736842,26.0,0.45614035087719296,28.0,0.49122807017543857,0.49122807017543857,3.0,0.6666666666666667
S6,MIDynamicRelaxedAnchor,,,,,,,,,,0,64,64,1.0,0,0.0,0,0.0,1.0,1,0.01515879761427641,0.21080896203630775,0.15205499529838562,0.13689620792865753,0.8240725422242159,0.09160387296126103,0.08432358481452311,0.10003956795447877,13.491773570323696,0.04216179240726154,1.0,0.08113675564527512,0.0,1.0,1.0,64.0,1.0,0.0,0.0,0.0,0.0,1.0,1.0,0.6666666666666667
S6,MIDynamicRelaxedAnchor,,,,,,,,,,1,64,64,1.0,0,0.0,0,0.0,1.0,1,0.019619207829236984,0.22606172433249497,0.18887078762054443,0.16925159096717834,0.7310943018860714,0.17848100838093062,0.090424689732998,0.19622455267452044,27.959723927603374,0.045212344866498985,1.0,0.09198358654975891,0.0,1.0,1.0,64.0,1.0,0.0,0.0,0.0,0.0,1.0,1.0,0.6666666666666667
S6,MIDynamicRelaxedAnchor,,,,,,,,,,2,64,64,1.0,0,0.0,0,0.0,1.0,1,0.13870210945606232,0.43518458893482925,0.4815691411495209,0.34286704659461975,0.5340437383129064,0.29188242611316184,0.17407383557393172,0.35340014481317394,55.81153761943244,0.08703691778696583,1.0,0.413105309009552,0.0,1.0,1.0,59.0,0.921875,2.0,0.03125,3.0,0.046875,0.921875,3.0,0.6666666666666667
S6,MIDynamicRelaxedAnchor,,,,,,,,,,3,64,44,0.6875,20,0.3125,0,0.0,0.6875,2,0.48106643557548523,0.7242305766430727,0.8915614485740662,0.41049501299858093,0.31975511208434165,0.3905526572584292,0.2896922306572291,0.5498358234484713,102.1622945245891,0.1448461153286145,1.0,0.4525706171989441,0.0,1.0,1.0,30.0,0.46875,14.0,0.21875,20.0,0.3125,0.46875,3.0,0.3541666666666667
S6,MIDynamicRelaxedAnchor,,,,,,,,,,4,64,0,0.0,64,1.0,0,0.0,1.0,1,0.1106945052742958,0.39943705393985496,0.8359741568565369,0.7252796292304993,0.30976330467177293,0.530461873752285,0.159774821575942,0.6313329895055385,127.72626597673982,0.07988741078797097,1.0,0.759270191192627,0.0,1.0,1.0,0.0,0.0,24.0,0.375,40.0,0.625,0.625,2.0,0.6666666666666667
S6,MIDynamicRelaxedAnchor,,,,,,,,,,5,64,0,0.0,46,0.71875,18,0.28125,0.71875,2,0.11635557562112808,0.4069983978021934,0.6968883275985718,0.5805327296257019,0.2518171186055785,0.5853835222735441,0.16279935912087737,0.6992153298626815,153.7741634360802,0.08139967956043866,1.0,0.6471920013427734,0.0,1.0,1.0,0.0,0.0,21.0,0.328125,43.0,0.671875,0.671875,2.0,0.3854166666666667
S6,MIDynamicRelaxedAnchor,,,,,,,,,,6,57,0,0.0,0,0.0,57,1.0,1.0,1,0.1697935312986374,0.47085409577338677,0.8680458068847656,0.698252260684967,0.19795537933906665,0.6137029823515787,0.18834163830935471,0.7561099735032174,180.61284689516324,0.09417081915467733,1.0,0.7715569138526917,0.0,1.0,1.0,3.0,0.05263157894736842,27.0,0.47368421052631576,27.0,0.47368421052631576,0.47368421052631576,3.0,0.6666666666666667
S6,MIDynamicFixedEMARelaxed,,,,,,,,,,0,64,64,1.0,0,0.0,0,0.0,1.0,1,0.01515879761427641,0.21080896203630775,0.15205499529838562,0.13689620792865753,0.8240725422242159,0.09160387296126103,0.08432358481452311,0.10003956795447877,13.491773570323696,0.19999999999999996,1.0,0.08113675564527512,0.0,0.0,1.0,64.0,1.0,0.0,0.0,0.0,0.0,1.0,1.0,0.6666666666666667
S6,MIDynamicFixedEMARelaxed,,,,,,,,,,1,64,64,1.0,0,0.0,0,0.0,1.0,1,0.019619207829236984,0.22606172433249497,0.18887078762054443,0.16925159096717834,0.7310943018860714,0.17848100838093062,0.090424689732998,0.19622455267452044,27.959723927603374,0.19999999999999996,1.0,0.11013543605804443,0.0,0.0,1.0,64.0,1.0,0.0,0.0,0.0,0.0,1.0,1.0,0.6666666666666667
S6,MIDynamicFixedEMARelaxed,,,,,,,,,,2,64,64,1.0,0,0.0,0,0.0,1.0,1,0.13870416581630707,0.4351870736039931,0.4815756678581238,0.3428714871406555,0.534042432218424,0.2918827383399788,0.17407482944159725,0.35340094810603573,55.81169663825894,0.19999999999999996,1.0,0.5764915943145752,0.0,0.0,1.0,51.0,0.796875,5.0,0.078125,8.0,0.125,0.796875,3.0,0.6666666666666667
S6,MIDynamicFixedEMARelaxed,,,,,,,,,,3,64,44,0.6875,20,0.3125,0,0.0,0.6875,2,0.4810757637023926,0.7242366286905455,0.891555905342102,0.4104801416397095,0.31975265749652654,0.39055269102725526,0.2896946514762182,0.5498377449063783,102.16284087445385,0.19999999999999996,1.0,0.45174694061279297,0.0,0.0,1.0,26.0,0.40625,16.0,0.25,22.0,0.34375,0.40625,3.0,0.3541666666666667
S6,MIDynamicFixedEMARelaxed,,,,,,,,,,4,64,0,0.0,64,1.0,0,0.0,1.0,1,0.11067616194486618,0.3994122428614796,0.8359540700912476,0.7252779006958008,0.30976948412227434,0.5304656187331338,0.15976489714459186,0.6313299895831881,127.72522441758855,0.19999999999999996,1.0,0.6661401987075806,0.0,0.0,1.0,0.0,0.0,39.0,0.609375,25.0,0.390625,0.609375,2.0,0.6666666666666667
S6,MIDynamicFixedEMARelaxed,,,,,,,,,,5,64,0,0.0,46,0.71875,18,0.28125,0.71875,2,0.11637625098228455,0.40702567204657414,0.6971320509910583,0.5807557702064514,0.2518124521782193,0.585377279003151,0.16281026881862967,0.6992169841561683,153.77486742856928,0.19999999999999996,1.0,0.5890160202980042,0.0,0.0,1.0,0.0,0.0,34.0,0.53125,30.0,0.46875,0.53125,2.0,0.3854166666666667
S6,MIDynamicFixedEMARelaxed,,,,,,,,,,6,57,0,0.0,0,0.0,57,1.0,1.0,1,0.16971877217292786,0.4707724443106197,0.8683341145515442,0.6986153721809387,0.197969454267296,0.613721568008456,0.1883089777242479,0.7561024468248452,180.6088967542746,0.19999999999999996,1.0,0.7320021986961365,0.0,0.0,1.0,3.0,0.05263157894736842,25.0,0.43859649122807015,29.0,0.5087719298245614,0.5087719298245614,3.0,0.6666666666666667
S7,EMATent,0.054060570895671844,0.054060570895671844,0.9904893040657043,0.0,0.48378182873129844,0.5,0.016218171268701554,0.0,0.0,0,64,64,1.0,0,0.0,0,0.0,1.0,1,,,,,,,,,,,,,,,,,,,,,,,,
S7,EMATent,0.11279728263616562,0.11279728263616562,0.9755935072898865,0.0,0.4661608152091503,0.5,0.033839184790849686,0.0,0.0,1,64,64,1.0,0,0.0,0,0.0,1.0,1,,,,,,,,,,,,,,,,,,,,,,,,
S7,EMATent,0.11385467648506165,0.11385467648506165,0.9760887622833252,0.0,0.46584359705448153,0.5,0.03415640294551849,0.0,0.0,2,64,64,1.0,0,0.0,0,0.0,1.0,1,,,,,,,,,,,,,,,,,,,,,,,,
S7,EMATent,0.5263750553131104,0.5263750553131104,0.9080843925476074,1.0,0.3420874834060669,0.5,0.1579125165939331,0.0,0.0,3,64,45,0.703125,0,0.0,19,0.296875,0.703125,2,,,,,,,,,,,,,,,,,,,,,,,,
S7,EMATent,0.8845400810241699,0.8845400810241699,0.6962800025939941,1.0,0.23463797569274902,0.5,0.265362024307251,0.0,0.0,4,64,0,0.0,8,0.125,56,0.875,0.875,2,,,,,,,,,,,,,,,,,,,,,,,,
S7,EMATent,0.3821617662906647,0.3821617662906647,0.8833485245704651,1.0,0.3853514701128006,0.5,0.1146485298871994,0.0,0.0,5,64,0,0.0,64,1.0,0,0.0,1.0,1,,,,,,,,,,,,,,,,,,,,,,,,
S7,EMATent,0.18454605340957642,0.18454605340957642,0.9494243860244751,0.0,0.44463618397712706,0.5,0.05536381602287292,0.0,0.0,6,56,0,0.0,56,1.0,0,0.0,1.0,1,,,,,,,,,,,,,,,,,,,,,,,,
S7,MIEMATentGateOnly,,,,,,,,,,0,64,64,1.0,0,0.0,0,0.0,1.0,1,0.003926912322640419,0.003926912322640419,0.054060570895671844,0.050133660435676575,0.4988219263032079,0.5,0.0011780736967921257,,0.0,0.19999999999999996,0.0,0.05902843922376633,0.05,0.0,0.0,64.0,1.0,0.0,0.0,0.0,0.0,1.0,1.0,0.6666666666666667
S7,MIEMATentGateOnly,,,,,,,,,,1,64,64,1.0,0,0.0,0,0.0,1.0,1,0.009093438275158405,0.009093438275158405,0.08773524314165115,0.07864180952310562,0.4972719685174525,0.5,0.0027280314825475216,,0.0,0.19999999999999996,0.0,0.14665770530700684,0.05,0.0,0.0,64.0,1.0,0.0,0.0,0.0,0.0,1.0,1.0,0.6666666666666667
S7,MIEMATentGateOnly,,,,,,,,,,2,64,64,1.0,0,0.0,0,0.0,1.0,1,0.004435467068105936,0.004435467068105936,0.07515574991703033,0.07072027772665024,0.49866935987956823,0.5,0.0013306401204317808,,0.0,0.19999999999999996,0.0,0.21999803185462952,0.05,0.0,0.0,64.0,1.0,0.0,0.0,0.0,0.0,1.0,1.0,0.6666666666666667
S7,MIEMATentGateOnly,,,,,,,,,,3,64,45,0.703125,0,0.0,19,0.296875,0.703125,2,0.08520533889532089,0.08520533889532089,0.27949467301368713,0.19428932666778564,0.4744383983314037,0.5,0.02556160166859627,,0.0,0.19999999999999996,1.0,0.3262467384338379,0.05,0.0,0.0,45.0,0.703125,0.0,0.0,19.0,0.296875,0.703125,2.0,0.3697916666666667
S7,MIEMATentGateOnly,,,,,,,,,,4,64,0,0.0,8,0.125,56,0.875,0.875,2,0.1733654886484146,0.1733654886484146,0.6745040416717529,0.5011385083198547,0.4479903534054756,0.5,0.05200964659452438,,0.0,0.19999999999999996,1.0,0.6394335627555847,0.05,0.0,0.0,6.0,0.09375,8.0,0.125,50.0,0.78125,0.78125,3.0,0.5416666666666667
S7,MIEMATentGateOnly,,,,,,,,,,5,64,0,0.0,64,1.0,0,0.0,1.0,1,0.07876432687044144,0.07876432687044144,0.8418692350387573,0.7631049156188965,0.47637070193886755,0.5,0.02362929806113243,,0.0,0.19999999999999996,1.0,0.34805724024772644,0.05,0.0,0.0,0.0,0.0,61.0,0.953125,3.0,0.046875,0.953125,2.0,0.6666666666666667
S7,MIEMATentGateOnly,,,,,,,,,,6,56,0,0.0,56,1.0,0,0.0,1.0,1,0.034524351358413696,0.034524351358413696,0.5750599503517151,0.540535569190979,0.4896426945924759,0.5,0.010357305407524109,,0.0,0.19999999999999996,0.0,0.2067560851573944,0.05,0.0,0.0,0.0,0.0,56.0,1.0,0.0,0.0,1.0,1.0,0.6666666666666667
S7,MIDynamicRelaxedAnchor,,,,,,,,,,0,64,64,1.0,0,0.0,0,0.0,1.0,1,0.016229063272476196,0.2146540066927699,0.17197564244270325,0.15574657917022705,0.821108269603099,0.09303012771979302,0.08586160267710796,0.10176809987660207,13.737856428337274,0.042930801338553974,1.0,0.09404393285512924,0.0,1.0,1.0,64.0,1.0,0.0,0.0,0.0,0.0,1.0,1.0,0.6666666666666667
S7,MIDynamicRelaxedAnchor,,,,,,,,,,1,64,64,1.0,0,0.0,0,0.0,1.0,1,0.015274319797754288,0.21123038719783804,0.1891118735074997,0.1738375574350357,0.7399160518762088,0.17559179324465599,0.08449215487913522,0.19179714753998034,27.25660120899891,0.0422460774395676,1.0,0.12003210186958313,0.0,1.0,1.0,64.0,1.0,0.0,0.0,0.0,0.0,1.0,1.0,0.6666666666666667
S7,MIDynamicRelaxedAnchor,,,,,,,,,,2,64,64,1.0,0,0.0,0,0.0,1.0,1,0.009913705289363861,0.1896108324053779,0.1757989227771759,0.16588521003723145,0.6793475926962401,0.24480807434160867,0.07584433296215116,0.2648991756186272,39.391694482943095,0.037922166481075575,1.0,0.1335659623146057,0.0,1.0,1.0,64.0,1.0,0.0,0.0,0.0,0.0,1.0,1.0,0.6666666666666667
S7,MIDynamicRelaxedAnchor,,,,,,,,,,3,64,45,0.703125,0,0.0,19,0.296875,0.703125,2,0.16070353984832764,0.46079061417551515,0.4542485773563385,0.29354503750801086,0.47622184359877107,0.33946191073102283,0.18431624567020607,0.4161685321414076,68.88229379017606,0.09215812283510301,1.0,0.33375462889671326,0.0,1.0,1.0,54.0,0.84375,0.0,0.0,10.0,0.15625,0.84375,2.0,0.3697916666666667
S7,MIDynamicRelaxedAnchor,,,,,,,,,,4,64,0,0.0,8,0.125,56,0.875,0.875,2,0.26803073287010193,0.5659451616067953,0.7434033155441284,0.4753725826740265,0.3403477188841171,0.4332742164731648,0.22637806464271815,0.5600593735402108,105.10278413301097,0.11318903232135903,1.0,0.6480990648269653,0.0,1.0,1.0,48.0,0.75,8.0,0.125,8.0,0.125,0.75,3.0,0.5416666666666667
S7,MIDynamicRelaxedAnchor,,,,,,,,,,5,64,0,0.0,64,1.0,0,0.0,1.0,1,0.10467111319303513,0.39117623818979197,0.9037743806838989,0.799103319644928,0.3051767937050159,0.5383527110190673,0.1564704952759168,0.6382144406379258,130.13806337715766,0.07823524763795837,1.0,0.650110125541687,0.0,1.0,1.0,0.0,0.0,54.0,0.84375,10.0,0.15625,0.84375,2.0,0.6666666666666667
S7,MIDynamicRelaxedAnchor,,,,,,,,,,6,56,0,0.0,56,1.0,0,0.0,1.0,1,0.03719090670347214,0.27356449645538816,0.7115497589111328,0.6743588447570801,0.2858531843245815,0.6047210170932632,0.10942579858215527,0.6790237311282014,145.4576751786594,0.05471289929107762,1.0,0.3760923743247986,0.0,1.0,1.0,0.0,0.0,56.0,1.0,0.0,0.0,1.0,1.0,0.6666666666666667
S7,MIDynamicFixedEMARelaxed,,,,,,,,,,0,64,64,1.0,0,0.0,0,0.0,1.0,1,0.016229063272476196,0.2146540066927699,0.17197564244270325,0.15574657917022705,0.821108269603099,0.09303012771979302,0.08586160267710796,0.10176809987660207,13.737856428337274,0.19999999999999996,1.0,0.09404393285512924,0.0,0.0,1.0,64.0,1.0,0.0,0.0,0.0,0.0,1.0,1.0,0.6666666666666667
S7,MIDynamicFixedEMARelaxed,,,,,,,,,,1,64,64,1.0,0,0.0,0,0.0,1.0,1,0.015274319797754288,0.21123038719783804,0.1891118735074997,0.1738375574350357,0.7399160518762088,0.17559179324465599,0.08449215487913522,0.19179714753998034,27.25660120899891,0.19999999999999996,1.0,0.13929735124111176,0.0,0.0,1.0,64.0,1.0,0.0,0.0,0.0,0.0,1.0,1.0,0.6666666666666667
S7,MIDynamicFixedEMARelaxed,,,,,,,,,,2,64,64,1.0,0,0.0,0,0.0,1.0,1,0.009913678281009197,0.18961071033987764,0.17579956352710724,0.16588588058948517,0.6793476700508755,0.2448080458131735,0.07584428413595107,0.2648991307534009,39.39168667075108,0.19999999999999996,1.0,0.18258312344551086,0.0,0.0,1.0,64.0,1.0,0.0,0.0,0.0,0.0,1.0,1.0,0.6666666666666667
S7,MIDynamicFixedEMARelaxed,,,,,,,,,,3,64,45,0.703125,0,0.0,19,0.296875,0.703125,2,0.1606932431459427,0.4607790555841811,0.45423829555511475,0.29354506731033325,0.47622732422236186,0.33946105354396566,0.18431162223367245,0.4161651223639379,68.88154622813866,0.19999999999999996,1.0,0.39871615171432495,0.0,0.0,1.0,45.0,0.703125,0.0,0.0,19.0,0.296875,0.703125,2.0,0.3697916666666667
S7,MIDynamicFixedEMARelaxed,,,,,,,,,,4,64,0,0.0,8,0.125,56,0.875,0.875,2,0.26801320910453796,0.5659299296832903,0.7435911297798157,0.4755779504776001,0.34035497922545177,0.4332730489012321,0.22637197187331612,0.560053453531653,105.10106172786924,0.19999999999999996,1.0,0.7112152576446533,0.0,0.0,1.0,10.0,0.15625,8.0,0.125,46.0,0.71875,0.71875,3.0,0.5416666666666667
S7,MIDynamicFixedEMARelaxed,,,,,,,,,,5,64,0,0.0,64,1.0,0,0.0,1.0,1,0.1046188697218895,0.39110356314330896,0.9034968018531799,0.7988778948783875,0.30520250763631435,0.538356067106362,0.1564414252573236,0.6381964255067706,130.131689769041,0.19999999999999996,1.0,0.4002257287502289,0.0,0.0,1.0,0.0,0.0,59.0,0.921875,5.0,0.078125,0.921875,2.0,0.6666666666666667
S7,MIDynamicFixedEMARelaxed,,,,,,,,,,6,56,0,0.0,56,1.0,0,0.0,1.0,1,0.03719855844974518,0.2735823503248346,0.7116580009460449,0.6744594573974609,0.28586289311439883,0.6047041667556673,0.10943294012993383,0.6790102553803121,145.45230138723173,0.19999999999999996,1.0,0.20807909965515137,0.0,0.0,1.0,0.0,0.0,56.0,1.0,0.0,0.0,1.0,1.0,0.6666666666666667
S8,EMATent,0.046477243304252625,0.046477243304252625,0.9921072721481323,0.0,0.4860568270087242,0.5,0.013943172991275787,0.0,0.0,0,64,64,1.0,0,0.0,0,0.0,1.0,1,,,,,,,,,,,,,,,,,,,,,,,,
S8,EMATent,0.9773402810096741,0.9773402810096741,0.6727362275123596,1.0,0.2067979156970978,0.5,0.29320208430290223,0.0,0.0,1,64,64,1.0,0,0.0,0,0.0,1.0,1,,,,,,,,,,,,,,,,,,,,,,,,
S8,EMATent,0.7571327090263367,0.7571327090263367,0.637954831123352,1.0,0.272860187292099,0.5,0.22713981270790098,0.0,0.0,2,64,64,1.0,0,0.0,0,0.0,1.0,1,,,,,,,,,,,,,,,,,,,,,,,,
S8,EMATent,0.9808162450790405,0.9808162450790405,0.6339928507804871,1.0,0.20575512647628785,0.5,0.29424487352371215,0.0,0.0,3,64,42,0.65625,0,0.0,22,0.34375,0.65625,2,,,,,,,,,,,,,,,,,,,,,,,,
S8,EMATent,0.8942054510116577,0.8942054510116577,0.74763423204422,1.0,0.2317383646965027,0.5,0.2682616353034973,0.0,0.0,4,64,0,0.0,12,0.1875,52,0.8125,0.8125,2,,,,,,,,,,,,,,,,,,,,,,,,
S8,EMATent,0.2080283910036087,0.2080283910036087,0.9450353384017944,1.0,0.4375914826989174,0.5,0.06240851730108261,0.0,0.0,5,64,0,0.0,64,1.0,0,0.0,1.0,1,,,,,,,,,,,,,,,,,,,,,,,,
S8,EMATent,0.32626527547836304,0.32626527547836304,0.8997600078582764,1.0,0.40212041735649107,0.5,0.0978795826435089,0.0,0.0,6,58,0,0.0,58,1.0,0,0.0,1.0,1,,,,,,,,,,,,,,,,,,,,,,,,
S8,MIEMATentGateOnly,,,,,,,,,,0,64,64,1.0,0,0.0,0,0.0,1.0,1,0.004126830026507378,0.004126830026507378,0.046477243304252625,0.042350415140390396,0.4987619509920478,0.5,0.0012380490079522133,,0.0,0.19999999999999996,0.0,0.062113501131534576,0.05,0.0,0.0,64.0,1.0,0.0,0.0,0.0,0.0,1.0,1.0,0.6666666666666667
S8,MIEMATentGateOnly,,,,,,,,,,1,64,64,1.0,0,0.0,0,0.0,1.0,1,0.2465064972639084,0.2465064972639084,0.8580747246742249,0.6115682125091553,0.4260480508208275,0.5,0.07395194917917251,,0.0,0.19999999999999996,1.0,0.6877369284629822,0.05,0.0,0.0,20.0,0.3125,22.0,0.34375,22.0,0.34375,0.34375,3.0,0.6666666666666667
S8,MIEMATentGateOnly,,,,,,,,,,2,64,64,1.0,0,0.0,0,0.0,1.0,1,0.09377540647983551,0.09377540647983551,0.8811404705047607,0.7873650789260864,0.47186737805604934,0.5,0.02813262194395065,,0.0,0.19999999999999996,1.0,0.7736622095108032,0.05,0.0,0.0,0.0,0.0,19.0,0.296875,45.0,0.703125,0.703125,2.0,0.6666666666666667
S8,MIEMATentGateOnly,,,,,,,,,,3,64,42,0.65625,0,0.0,22,0.34375,0.65625,2,0.23156693577766418,0.23156693577766418,0.9991504549980164,0.7675835490226746,0.43052991926670076,0.5,0.06947008073329926,,0.0,0.19999999999999996,1.0,0.8652545809745789,0.05,0.0,0.0,21.0,0.328125,7.0,0.109375,36.0,0.5625,0.5625,3.0,0.3229166666666667
S8,MIEMATentGateOnly,,,,,,,,,,4,64,0,0.0,12,0.1875,52,0.8125,0.8125,2,0.4238770306110382,0.4238770306110382,0.8312747478485107,0.40739771723747253,0.3728368908166886,0.5,0.12716310918331145,,0.0,0.19999999999999996,1.0,0.861548125743866,0.05,0.0,0.0,4.0,0.0625,55.0,0.859375,5.0,0.078125,0.859375,3.0,0.4791666666666667
S8,MIEMATentGateOnly,,,,,,,,,,5,64,0,0.0,64,1.0,0,0.0,1.0,1,0.06084401160478592,0.06084401160478592,0.1697361320257187,0.10889212042093277,0.4817467965185642,0.5,0.018253203481435776,,0.0,0.19999999999999996,1.0,0.30854880809783936,0.05,0.0,0.0,0.0,0.0,64.0,1.0,0.0,0.0,1.0,1.0,0.6666666666666667
S8,MIEMATentGateOnly,,,,,,,,,,6,58,0,0.0,58,1.0,0,0.0,1.0,1,0.0725414901971817,0.0725414901971817,0.19321636855602264,0.12067488580942154,0.47823755294084547,0.5,0.02176244705915451,,0.0,0.19999999999999996,1.0,0.44099318981170654,0.05,0.0,0.0,0.0,0.0,56.0,0.9655172413793104,2.0,0.034482758620689655,0.9655172413793104,2.0,0.6666666666666667
S8,MIDynamicRelaxedAnchor,,,,,,,,,,0,64,64,1.0,0,0.0,0,0.0,1.0,1,0.018003618344664574,0.22075980647209692,0.15019334852695465,0.13218973577022552,0.8164182483035219,0.0952778291076393,0.08830392258883878,0.10450613035233058,14.128627614214203,0.044151961294419374,1.0,0.09886585175991058,0.0,1.0,1.0,64.0,1.0,0.0,0.0,0.0,0.0,1.0,1.0,0.6666666666666667
S8,MIDynamicRelaxedAnchor,,,,,,,,,,1,64,64,1.0,0,0.0,0,0.0,1.0,1,0.317558616399765,0.6071710552504053,0.9745520353317261,0.6569934487342834,0.5004819941577107,0.2566495837421272,0.24286842210016213,0.33897619810552904,52.98757515024014,0.12143421105008102,1.0,0.708339273929596,0.0,1.0,1.0,22.0,0.34375,16.0,0.25,26.0,0.40625,0.40625,3.0,0.6666666666666667
S8,MIDynamicRelaxedAnchor,,,,,,,,,,2,64,64,1.0,0,0.0,0,0.0,1.0,1,0.15012986958026886,0.4487193633281894,0.958020806312561,0.8078909516334534,0.43337514279663264,0.3871371118720916,0.17948774533127576,0.4718236804743341,81.70561440324425,0.08974387266563787,1.0,0.8913223147392273,0.0,1.0,1.0,9.0,0.140625,19.0,0.296875,36.0,0.5625,0.5625,3.0,0.6666666666666667
S8,MIDynamicRelaxedAnchor,,,,,,,,,,3,64,42,0.65625,0,0.0,22,0.34375,0.65625,2,0.1415347009897232,0.43858988142246047,0.9969698786735535,0.8554351925849915,0.349755649392724,0.47480839803829183,0.1754359525689842,0.575829615076705,109.77536681428172,0.08771797628449207,1.0,0.9312493205070496,0.0,1.0,1.0,24.0,0.375,9.0,0.140625,31.0,0.484375,0.484375,3.0,0.3229166666666667
S8,MIDynamicRelaxedAnchor,,,,,,,,,,4,64,0,0.0,12,0.1875,52,0.8125,0.8125,2,0.10720442235469818,0.3946787778366564,0.8986919522285461,0.7914875149726868,0.29323465536627774,0.5488938334990597,0.15787151113466258,0.6517934504728908,135.03480859582774,0.07893575556733126,1.0,0.8612889647483826,0.0,1.0,1.0,7.0,0.109375,49.0,0.765625,8.0,0.125,0.765625,3.0,0.4791666666666667
S8,MIDynamicRelaxedAnchor,,,,,,,,,,5,64,0,0.0,64,1.0,0,0.0,1.0,1,0.05709240213036537,0.3150461478975988,0.3990687429904938,0.3419763445854187,0.25997272950869327,0.6140088113322673,0.12601845915903953,0.7025420820003327,155.19776206127406,0.06300922957951975,1.0,0.35418450832366943,0.0,1.0,1.0,0.0,0.0,64.0,1.0,0.0,0.0,1.0,1.0,0.6666666666666667
S8,MIDynamicRelaxedAnchor,,,,,,,,,,6,58,0,0.0,58,1.0,0,0.0,1.0,1,0.06099948287010193,0.3222826604231256,0.39678478240966797,0.33578529953956604,0.2239056900822696,0.6471812457484802,0.12891306416925025,0.7429582733108812,173.89015636581536,0.06445653208462511,1.0,0.4182320237159729,0.0,1.0,1.0,0.0,0.0,57.0,0.9827586206896551,1.0,0.017241379310344827,0.9827586206896551,2.0,0.6666666666666667
S8,MIDynamicFixedEMARelaxed,,,,,,,,,,0,64,64,1.0,0,0.0,0,0.0,1.0,1,0.018003618344664574,0.22075980647209692,0.15019334852695465,0.13218973577022552,0.8164182483035219,0.0952778291076393,0.08830392258883878,0.10450613035233058,14.128627614214203,0.19999999999999996,1.0,0.09886585175991058,0.0,0.0,1.0,64.0,1.0,0.0,0.0,0.0,0.0,1.0,1.0,0.6666666666666667
S8,MIDynamicFixedEMARelaxed,,,,,,,,,,1,64,64,1.0,0,0.0,0,0.0,1.0,1,0.317558616399765,0.6071710552504053,0.9745520353317261,0.6569934487342834,0.5004819941577107,0.2566495837421272,0.24286842210016213,0.33897619810552904,52.98757515024014,0.19999999999999996,1.0,0.6757979393005371,0.0,0.0,1.0,19.0,0.296875,17.0,0.265625,28.0,0.4375,0.4375,3.0,0.6666666666666667
S8,MIDynamicFixedEMARelaxed,,,,,,,,,,2,64,64,1.0,0,0.0,0,0.0,1.0,1,0.15006090700626373,0.4486392615226714,0.9579512476921082,0.8078903555870056,0.43340942403845395,0.3871348713524775,0.17945570460906857,0.47180252611229845,81.70048788769111,0.19999999999999996,1.0,0.8497655987739563,0.0,0.0,1.0,4.0,0.0625,22.0,0.34375,38.0,0.59375,0.59375,3.0,0.6666666666666667
S8,MIDynamicFixedEMARelaxed,,,,,,,,,,3,64,42,0.65625,0,0.0,22,0.34375,0.65625,2,0.14146699011325836,0.43850888022582113,0.9970333576202393,0.8555663824081421,0.3497975683006193,0.47479887960905226,0.17540355209032846,0.5757954461393253,109.76505622214367,0.19999999999999996,1.0,0.8854923844337463,0.0,0.0,1.0,21.0,0.328125,10.0,0.15625,33.0,0.515625,0.515625,3.0,0.3229166666666667
S8,MIDynamicFixedEMARelaxed,,,,,,,,,,4,64,0,0.0,12,0.1875,52,0.8125,0.8125,2,0.10716893523931503,0.39463000109263346,0.8986127376556396,0.7914438247680664,0.29327222345412557,0.548875776108821,0.15785200043705339,0.6517569078044163,135.0213762920722,0.19999999999999996,1.0,0.870092511177063,0.0,0.0,1.0,6.0,0.09375,53.0,0.828125,5.0,0.078125,0.828125,3.0,0.4791666666666667
S8,MIDynamicFixedEMARelaxed,,,,,,,,,,5,64,0,0.0,64,1.0,0,0.0,1.0,1,0.057094328105449677,0.31504977508803456,0.3990488648414612,0.3419545292854309,0.25999910929197695,0.6139809806728092,0.12601991003521382,0.7025114046906347,155.18456189770643,0.19999999999999996,1.0,0.49166277050971985,0.0,0.0,1.0,0.0,0.0,62.0,0.96875,2.0,0.03125,0.96875,2.0,0.6666666666666667
S8,MIDynamicFixedEMARelaxed,,,,,,,,,,6,58,0,0.0,58,1.0,0,0.0,1.0,1,0.061002086848020554,0.3222874048318902,0.3967818319797516,0.33577972650527954,0.22392781257581054,0.6471572254914334,0.1289149619327561,0.7429323168348068,173.87723137795606,0.19999999999999996,1.0,0.665698230266571,0.0,0.0,1.0,0.0,0.0,49.0,0.8448275862068966,9.0,0.15517241379310345,0.8448275862068966,2.0,0.6666666666666667
S9,EMATent,0.04053409397602081,0.04053409397602081,0.9932560920715332,0.0,0.48783977180719373,0.5,0.012160228192806244,0.0,0.0,0,64,64,1.0,0,0.0,0,0.0,1.0,1,,,,,,,,,,,,,,,,,,,,,,,,
S9,EMATent,0.3267122507095337,0.3267122507095337,0.9025951623916626,1.0,0.4019863247871399,0.5,0.0980136752128601,0.0,0.0,1,64,64,1.0,0,0.0,0,0.0,1.0,1,,,,,,,,,,,,,,,,,,,,,,,,
S9,EMATent,0.3043893873691559,0.3043893873691559,0.9245911836624146,1.0,0.4086831837892533,0.5,0.09131681621074676,0.0,0.0,2,64,64,1.0,0,0.0,0,0.0,1.0,1,,,,,,,,,,,,,,,,,,,,,,,,
S9,EMATent,0.848183810710907,0.848183810710907,0.8771675825119019,1.0,0.2455448567867279,0.5,0.25445514321327206,0.0,0.0,3,64,44,0.6875,20,0.3125,0,0.0,0.6875,2,,,,,,,,,,,,,,,,,,,,,,,,
S9,EMATent,0.10151553899049759,0.10151553899049759,0.9772615432739258,0.0,0.4695453383028507,0.5,0.030454661697149277,0.0,0.0,4,64,0,0.0,64,1.0,0,0.0,1.0,1,,,,,,,,,,,,,,,,,,,,,,,,
S9,EMATent,0.06519316881895065,0.06519316881895065,0.9874209761619568,0.0,0.4804420493543148,0.5,0.019557950645685194,0.0,0.0,5,64,0,0.0,45,0.703125,19,0.296875,0.703125,2,,,,,,,,,,,,,,,,,,,,,,,,
S9,EMATent,0.1592286229133606,0.1592286229133606,0.9587222933769226,0.0,0.4522314131259918,0.5,0.04776858687400818,0.0,0.0,6,55,0,0.0,0,0.0,55,1.0,1.0,1,,,,,,,,,,,,,,,,,,,,,,,,
S9,MIEMATentGateOnly,,,,,,,,,,0,64,64,1.0,0,0.0,0,0.0,1.0,1,0.004213718697428703,0.004213718697428703,0.04053409397602081,0.03632037714123726,0.4987358843907714,0.5,0.001264115609228611,,0.0,0.19999999999999996,0.0,0.04877137765288353,0.05,0.0,0.0,64.0,1.0,0.0,0.0,0.0,0.0,1.0,1.0,0.6666666666666667
S9,MIEMATentGateOnly,,,,,,,,,,1,64,64,1.0,0,0.0,0,0.0,1.0,1,0.03720516338944435,0.03720516338944435,0.18475428223609924,0.147549107670784,0.4888384509831667,0.5,0.011161549016833305,,0.0,0.19999999999999996,0.0,0.3142547607421875,0.05,0.0,0.0,60.0,0.9375,0.0,0.0,4.0,0.0625,0.9375,2.0,0.6666666666666667
S9,MIEMATentGateOnly,,,,,,,,,,2,64,64,1.0,0,0.0,0,0.0,1.0,1,0.022902892902493477,0.022902892902493477,0.12207333743572235,0.09917044639587402,0.49312913212925197,0.5,0.006870867870748043,,0.0,0.19999999999999996,0.0,0.3889717757701874,0.05,0.0,0.0,63.0,0.984375,1.0,0.015625,0.0,0.0,0.984375,2.0,0.6666666666666667
S9,MIEMATentGateOnly,,,,,,,,,,3,64,44,0.6875,20,0.3125,0,0.0,0.6875,2,0.3883892595767975,0.3883892595767975,0.7122101187705994,0.3238208591938019,0.38348322212696073,0.5,0.11651677787303924,,0.0,0.19999999999999996,1.0,0.4859236478805542,0.05,0.0,0.0,29.0,0.453125,29.0,0.453125,6.0,0.09375,0.453125,3.0,0.3541666666666667
S9,MIEMATentGateOnly,,,,,,,,,,4,64,0,0.0,64,1.0,0,0.0,1.0,1,0.035804323852062225,0.035804323852062225,0.4208141565322876,0.38500985503196716,0.48925870284438133,0.5,0.010741297155618668,,0.0,0.19999999999999996,0.0,0.15133868157863617,0.05,0.0,0.0,0.0,0.0,64.0,1.0,0.0,0.0,1.0,1.0,0.6666666666666667
S9,MIEMATentGateOnly,,,,,,,,,,5,64,0,0.0,45,0.703125,19,0.296875,0.703125,2,0.02322988584637642,0.02322988584637642,0.2451818436384201,0.22195196151733398,0.4930310342460871,0.5,0.006968965753912926,,0.0,0.19999999999999996,0.0,0.1118941679596901,0.05,0.0,0.0,0.0,0.0,64.0,1.0,0.0,0.0,1.0,1.0,0.3697916666666667
S9,MIEMATentGateOnly,,,,,,,,,,6,55,0,0.0,0,0.0,55,1.0,1.0,1,0.017492609098553658,0.017492609098553658,0.20963911712169647,0.19214650988578796,0.4947522172704339,0.5,0.005247782729566097,,0.0,0.19999999999999996,0.0,0.29676303267478943,0.05,0.0,0.0,0.0,0.0,55.0,1.0,0.0,0.0,1.0,1.0,0.6666666666666667
S9,MIDynamicRelaxedAnchor,,,,,,,,,,0,64,64,1.0,0,0.0,0,0.0,1.0,1,0.028645770624279976,0.25232555335749407,0.16317467391490936,0.13452890515327454,0.7925042534482597,0.10656552520874264,0.10093022134299763,0.11852864787416872,16.14883541487962,0.0504651106714988,1.0,0.08920976519584656,0.0,1.0,1.0,64.0,1.0,0.0,0.0,0.0,0.0,1.0,1.0,0.6666666666666667
S9,MIDynamicRelaxedAnchor,,,,,,,,,,1,64,64,1.0,0,0.0,0,0.0,1.0,1,0.13029740750789642,0.4248705897452032,0.41349154710769653,0.2831941545009613,0.5916350609384715,0.23841670316344718,0.16994823589808128,0.2872311263881284,43.340553158572625,0.08497411794904063,1.0,0.3056405484676361,0.0,1.0,1.0,61.0,0.953125,0.0,0.0,3.0,0.046875,0.953125,2.0,0.6666666666666667
S9,MIDynamicRelaxedAnchor,,,,,,,,,,2,64,64,1.0,0,0.0,0,0.0,1.0,1,0.0799204483628273,0.3544318438676458,0.3050892949104309,0.2251688539981842,0.5123740606939879,0.34585320175895373,0.14177273754705833,0.40298556907928285,66.02419116610196,0.07088636877352915,1.0,0.288167268037796,0.0,1.0,1.0,63.0,0.984375,1.0,0.015625,0.0,0.0,0.984375,2.0,0.6666666666666667
S9,MIDynamicRelaxedAnchor,,,,,,,,,,3,64,44,0.6875,20,0.3125,0,0.0,0.6875,2,0.46324074268341064,0.7125561211624307,0.8237316608428955,0.36049094796180725,0.2989149520664393,0.4160625994685883,0.2850224484649723,0.5819240038730151,111.62778292049752,0.1425112242324861,1.0,0.41925472021102905,0.0,1.0,1.0,37.0,0.578125,23.0,0.359375,4.0,0.0625,0.578125,3.0,0.3541666666666667
S9,MIDynamicRelaxedAnchor,,,,,,,,,,4,64,0,0.0,64,1.0,0,0.0,1.0,1,0.06611939519643784,0.33142322724634765,0.6606425642967224,0.5945231318473816,0.30727157531804056,0.5601591337834203,0.13256929089853906,0.6457681609677715,132.83886946426378,0.06628464544926951,1.0,0.33856886625289917,0.0,1.0,1.0,0.0,0.0,62.0,0.96875,2.0,0.03125,0.96875,2.0,0.6666666666666667
S9,MIDynamicRelaxedAnchor,,,,,,,,,,5,64,0,0.0,45,0.703125,19,0.296875,0.703125,2,0.05103621631860733,0.30332076927375606,0.5486764907836914,0.4976402521133423,0.26745391582735983,0.6112177764631378,0.12132830770950243,0.6956156455545208,152.25139869778417,0.0606641538547512,1.0,0.2278374284505844,0.0,1.0,1.0,0.0,0.0,64.0,1.0,0.0,0.0,1.0,1.0,0.3697916666666667
S9,MIDynamicRelaxedAnchor,,,,,,,,,,6,55,0,0.0,0,0.0,55,1.0,1.0,1,0.022852260619401932,0.23605267767197957,0.39278870820999146,0.369936466217041,0.24905692938275756,0.6565219995484506,0.09442107106879183,0.7249749067409264,165.23429596974304,0.0472105355343959,1.0,0.2700009047985077,0.0,1.0,1.0,0.0,0.0,55.0,1.0,0.0,0.0,1.0,1.0,0.6666666666666667
S9,MIDynamicFixedEMARelaxed,,,,,,,,,,0,64,64,1.0,0,0.0,0,0.0,1.0,1,0.028645770624279976,0.25232555335749407,0.16317467391490936,0.13452890515327454,0.7925042534482597,0.10656552520874264,0.10093022134299763,0.11852864787416872,16.14883541487962,0.19999999999999996,1.0,0.08920976519584656,0.0,0.0,1.0,64.0,1.0,0.0,0.0,0.0,0.0,1.0,1.0,0.6666666666666667
S9,MIDynamicFixedEMARelaxed,,,,,,,,,,1,64,64,1.0,0,0.0,0,0.0,1.0,1,0.13029740750789642,0.4248705897452032,0.41349154710769653,0.2831941545009613,0.5916350609384715,0.23841670316344718,0.16994823589808128,0.2872311263881284,43.340553158572625,0.19999999999999996,1.0,0.357520192861557,0.0,0.0,1.0,59.0,0.921875,1.0,0.015625,4.0,0.0625,0.921875,3.0,0.6666666666666667
S9,MIDynamicFixedEMARelaxed,,,,,,,,,,2,64,64,1.0,0,0.0,0,0.0,1.0,1,0.0799226313829422,0.35443531873579026,0.30508700013160706,0.22516435384750366,0.5123723406614812,0.3458535318442028,0.14177412749431612,0.40298660635159567,66.0244135576632,0.19999999999999996,1.0,0.4491695165634155,0.0,0.0,1.0,62.0,0.96875,1.0,0.015625,1.0,0.015625,0.96875,3.0,0.6666666666666667
S9,MIDynamicFixedEMARelaxed,,,,,,,,,,3,64,44,0.6875,20,0.3125,0,0.0,0.6875,2,0.46325257420539856,0.7125639436878184,0.8237233757972717,0.3604707717895508,0.29891195543463717,0.4160624670902355,0.28502557747512736,0.5819263654508724,111.62850595368357,0.19999999999999996,1.0,0.4909454882144928,0.0,0.0,1.0,30.0,0.46875,28.0,0.4375,6.0,0.09375,0.46875,3.0,0.3541666666666667
S9,MIDynamicFixedEMARelaxed,,,,,,,,,,4,64,0,0.0,64,1.0,0,0.0,1.0,1,0.06612921506166458,0.33144041176931116,0.6607093811035156,0.5945801734924316,0.30726476462013014,0.5601590706721454,0.13257616470772446,0.6457732055326814,132.8406923069195,0.19999999999999996,1.0,0.1967954933643341,0.0,0.0,1.0,0.0,0.0,63.0,0.984375,1.0,0.015625,0.984375,2.0,0.6666666666666667
S9,MIDynamicFixedEMARelaxed,,,,,,,,,,5,64,0,0.0,45,0.703125,19,0.296875,0.703125,2,0.05109090730547905,0.30342968052238106,0.5489925742149353,0.49790164828300476,0.2674222838472904,0.6112058439437572,0.12137187220895243,0.6956365550012441,152.26019186035188,0.19999999999999996,1.0,0.1554989516735077,0.0,0.0,1.0,0.0,0.0,64.0,1.0,0.0,0.0,1.0,1.0,0.3697916666666667
S9,MIDynamicFixedEMARelaxed,,,,,,,,,,6,55,0,0.0,0,0.0,55,1.0,1.0,1,0.02286677248775959,0.23609586957393408,0.3930644392967224,0.3701976537704468,0.2490304475901303,0.6565312045802961,0.09443834782957364,0.7249989031743331,165.24546468691827,0.19999999999999996,1.0,0.38763076066970825,0.0,0.0,1.0,0.0,0.0,54.0,0.9818181818181818,1.0,0.01818181818181818,0.9818181818181818,2.0,0.6666666666666667
