Subject,Method,raw_gate,effective_gate,confidence,updated,effective_source_weight,effective_ema_weight,effective_batch_weight,probe_gate,min_gate,batch_index,batch_size,true_class_0_count,true_class_0_ratio,true_class_1_count,true_class_1_ratio,true_max_class_ratio,true_num_present_classes,g_mi,effective_mi_gate,diversity_norm,sample_entropy_norm,w_source,w_ema,w_batch,rho,n_eff,alpha,entropy_updated,loss_entropy,gate_threshold,gate_aware_ema,dynamic_mixture_weights,pred_class_0_count,pred_class_0_ratio,pred_class_1_count,pred_class_1_ratio,pred_max_class_ratio,pred_num_present_classes,true_imbalance,dua_momentum,rotta_memory_occupancy,note_memory_occupancy,note_updated,note_loss,delta_loss,delta_used_samples
01-9TZK,EMATent,0.9954149723052979,0.9954149723052979,0.839289665222168,1.0,0.20137550830841067,0.5,0.29862449169158933,0.0,0.0,0,64,53,0.828125,11.0,0.171875,0.828125,2,,,,,,,,,,,,,,,,,,,,,,,,,,,,,
01-9TZK,EMATent,0.9972708821296692,0.9972708821296692,0.7719266414642334,1.0,0.20081873536109926,0.5,0.29918126463890077,0.0,0.0,1,64,23,0.359375,41.0,0.640625,0.640625,2,,,,,,,,,,,,,,,,,,,,,,,,,,,,,
01-9TZK,EMATent,0.8075361847877502,0.8075361847877502,0.8013832569122314,1.0,0.2577391445636749,0.5,0.24226085543632506,0.0,0.0,2,64,28,0.4375,36.0,0.5625,0.5625,2,,,,,,,,,,,,,,,,,,,,,,,,,,,,,
01-9TZK,EMATent,0.7499671578407288,0.7499671578407288,0.8270677924156189,1.0,0.2750098526477814,0.5,0.22499014735221862,0.0,0.0,3,64,30,0.46875,34.0,0.53125,0.53125,2,,,,,,,,,,,,,,,,,,,,,,,,,,,,,
01-9TZK,EMATent,0.9586431384086609,0.9586431384086609,0.8344968557357788,1.0,0.21240705847740174,0.5,0.28759294152259823,0.0,0.0,4,64,42,0.65625,22.0,0.34375,0.65625,2,,,,,,,,,,,,,,,,,,,,,,,,,,,,,
01-9TZK,EMATent,0.9862226247787476,0.9862226247787476,0.7714717388153076,1.0,0.20413321256637573,0.5,0.29586678743362427,0.0,0.0,5,64,42,0.65625,22.0,0.34375,0.65625,2,,,,,,,,,,,,,,,,,,,,,,,,,,,,,
01-9TZK,EMATent,0.7035247683525085,0.7035247683525085,0.8371263742446899,1.0,0.28894256949424746,0.5,0.21105743050575257,0.0,0.0,6,29,18,0.6206896551724138,11.0,0.3793103448275862,0.6206896551724138,2,,,,,,,,,,,,,,,,,,,,,,,,,,,,,
01-9TZK,DynaMixEMATent,,,,,,,,,,0,64,53,0.828125,11.0,0.171875,0.828125,2,0.44376614689826965,0.9954149723052979,0.9954149723052979,0.5516487956047058,0.42638211707282664,0.27499339123558403,0.29862449169158933,0.3920772652852076,63.70655822753906,0.19999999999999996,1.0,0.4610631465911865,0.2,0.0,1.0,37.0,0.578125,27.0,0.421875,0.578125,2.0,0.328125,,,,,,,
01-9TZK,DynaMixEMATent,,,,,,,,,,1,64,23,0.359375,41.0,0.640625,0.640625,2,0.32458066940307617,0.966955840587616,0.966955840587616,0.6423751711845398,0.26612267055051214,0.4437905772732031,0.29008675217628477,0.6251335337573594,125.59173202514648,0.19999999999999996,1.0,0.4855968654155731,0.2,0.0,1.0,32.0,0.5,32.0,0.5,0.5,2.0,0.140625,,,,,,,
01-9TZK,DynaMixEMATent,,,,,,,,,,2,64,28,0.4375,36.0,0.5625,0.5625,2,0.22732451558113098,0.8920055627822876,0.8920055627822876,0.6646810173988342,0.175762973585584,0.5566353575797297,0.2676016688346863,0.7600172391082203,182.6800880432129,0.19999999999999996,1.0,0.5164997577667236,0.2,0.0,1.0,17.0,0.265625,47.0,0.734375,0.734375,2.0,0.0625,,,,,,,
01-9TZK,DynaMixEMATent,,,,,,,,,,3,64,30,0.46875,34.0,0.53125,0.53125,2,0.17145870625972748,0.7157439589500427,0.7157439589500427,0.5442852973937988,0.13175921334177354,0.6535175989732136,0.2147231876850128,0.8322130345943249,228.48770141601562,0.19999999999999996,1.0,0.48105427622795105,0.2,0.0,1.0,14.0,0.21875,50.0,0.78125,0.78125,2.0,0.03125,,,,,,,
01-9TZK,DynaMixEMATent,,,,,,,,,,4,64,42,0.65625,22.0,0.34375,0.65625,2,0.3801034092903137,0.9819356203079224,0.9819356203079224,0.6018322110176086,0.07244041921324475,0.6329788946943785,0.2945806860923767,0.8973087101741433,291.33158111572266,0.19999999999999996,1.0,0.47900423407554626,0.2,0.0,1.0,39.0,0.609375,25.0,0.390625,0.609375,2.0,0.15625,,,,,,,
01-9TZK,DynaMixEMATent,,,,,,,,,,5,64,42,0.65625,22.0,0.34375,0.65625,2,0.3286804258823395,0.9805943369865417,0.9805943369865417,0.6519138813018799,0.04439103384020656,0.661430665063831,0.2941783010959625,0.9371072979066319,354.0896186828613,0.19999999999999996,1.0,0.49644631147384644,0.2,0.0,1.0,34.0,0.53125,30.0,0.46875,0.53125,2.0,0.15625,,,,,,,
01-9TZK,DynaMixEMATent,,,,,,,,,,6,29,18,0.6206896551724138,11.0,0.3793103448275862,0.6206896551724138,2,0.18965812027454376,0.8146747350692749,0.8146747350692749,0.6250166296958923,0.03951218247939837,0.7160853969998192,0.24440242052078245,0.9477073728761394,377.7151859998703,0.19999999999999996,1.0,0.4475284516811371,0.2,0.0,1.0,6.0,0.20689655172413793,23.0,0.7931034482758621,0.7931034482758621,2.0,0.12068965517241381,,,,,,,
01-9TZK,TEMA,,,,,,,,,,0,64,53,0.828125,11.0,0.171875,0.828125,2,,,,,,,,,,,,,,,,,,,,,,,,,,,,,
01-9TZK,TEMA,,,,,,,,,,1,64,23,0.359375,41.0,0.640625,0.640625,2,,,,,,,,,,,,,,,,,,,,,,,,,,,,,
01-9TZK,TEMA,,,,,,,,,,2,64,28,0.4375,36.0,0.5625,0.5625,2,,,,,,,,,,,,,,,,,,,,,,,,,,,,,
01-9TZK,TEMA,,,,,,,,,,3,64,30,0.46875,34.0,0.53125,0.53125,2,,,,,,,,,,,,,,,,,,,,,,,,,,,,,
01-9TZK,TEMA,,,,,,,,,,4,64,42,0.65625,22.0,0.34375,0.65625,2,,,,,,,,,,,,,,,,,,,,,,,,,,,,,
01-9TZK,TEMA,,,,,,,,,,5,64,42,0.65625,22.0,0.34375,0.65625,2,,,,,,,,,,,,,,,,,,,,,,,,,,,,,
01-9TZK,TEMA,,,,,,,,,,6,29,18,0.6206896551724138,11.0,0.3793103448275862,0.6206896551724138,2,,,,,,,,,,,,,,,,,,,,,,,,,,,,,
01-9TZK,DUA,,,,,,,,,,0,64,53,0.828125,11.0,0.171875,0.828125,2,,,,,,,,,,,,,,,,,,,,,,,0.099,,,,,,
01-9TZK,DUA,,,,,,,,,,1,64,23,0.359375,41.0,0.640625,0.640625,2,,,,,,,,,,,,,,,,,,,,,,,0.09336,,,,,,
01-9TZK,DUA,,,,,,,,,,2,64,28,0.4375,36.0,0.5625,0.5625,2,,,,,,,,,,,,,,,,,,,,,,,0.0880584,,,,,,
01-9TZK,DUA,,,,,,,,,,3,64,30,0.46875,34.0,0.53125,0.53125,2,,,,,,,,,,,,,,,,,,,,,,,0.083074896,,,,,,
01-9TZK,DUA,,,,,,,,,,4,64,42,0.65625,22.0,0.34375,0.65625,2,,,,,,,,,,,,,,,,,,,,,,,0.07839040223999999,,,,,,
01-9TZK,DUA,,,,,,,,,,5,64,42,0.65625,22.0,0.34375,0.65625,2,,,,,,,,,,,,,,,,,,,,,,,0.07398697810559998,,,,,,
01-9TZK,DUA,,,,,,,,,,6,29,18,0.6206896551724138,11.0,0.3793103448275862,0.6206896551724138,2,,,,,,,,,,,,,,,,,,,,,,,0.06984775941926398,,,,,,
01-9TZK,RoTTA,,,,,,,,,,0,64,53,0.828125,11.0,0.171875,0.828125,2,,,,,,,,,,,,,,,,,,,,,,,,54.0,,,,,
01-9TZK,RoTTA,,,,,,,,,,1,64,23,0.359375,41.0,0.640625,0.640625,2,,,,,,,,,,,,,,,,,,,,,,,,64.0,,,,,
01-9TZK,RoTTA,,,,,,,,,,2,64,28,0.4375,36.0,0.5625,0.5625,2,,,,,,,,,,,,,,,,,,,,,,,,64.0,,,,,
01-9TZK,RoTTA,,,,,,,,,,3,64,30,0.46875,34.0,0.53125,0.53125,2,,,,,,,,,,,,,,,,,,,,,,,,64.0,,,,,
01-9TZK,RoTTA,,,,,,,,,,4,64,42,0.65625,22.0,0.34375,0.65625,2,,,,,,,,,,,,,,,,,,,,,,,,64.0,,,,,
01-9TZK,RoTTA,,,,,,,,,,5,64,42,0.65625,22.0,0.34375,0.65625,2,,,,,,,,,,,,,,,,,,,,,,,,64.0,,,,,
01-9TZK,RoTTA,,,,,,,,,,6,29,18,0.6206896551724138,11.0,0.3793103448275862,0.6206896551724138,2,,,,,,,,,,,,,,,,,,,,,,,,64.0,,,,,
01-9TZK,NOTE,,,,,,,,,,0,64,53,0.828125,11.0,0.171875,0.828125,2,,,,,,,,,,,,,,,,,,,,,,,,,64.0,1.0,0.5814658403396606,,
01-9TZK,NOTE,,,,,,,,,,1,64,23,0.359375,41.0,0.640625,0.640625,2,,,,,,,,,,,,,,,,,,,,,,,,,64.0,1.0,0.536642849445343,,
01-9TZK,NOTE,,,,,,,,,,2,64,28,0.4375,36.0,0.5625,0.5625,2,,,,,,,,,,,,,,,,,,,,,,,,,64.0,1.0,0.5389367938041687,,
01-9TZK,NOTE,,,,,,,,,,3,64,30,0.46875,34.0,0.53125,0.53125,2,,,,,,,,,,,,,,,,,,,,,,,,,64.0,1.0,0.5197535753250122,,
01-9TZK,NOTE,,,,,,,,,,4,64,42,0.65625,22.0,0.34375,0.65625,2,,,,,,,,,,,,,,,,,,,,,,,,,64.0,1.0,0.5297898054122925,,
01-9TZK,NOTE,,,,,,,,,,5,64,42,0.65625,22.0,0.34375,0.65625,2,,,,,,,,,,,,,,,,,,,,,,,,,64.0,1.0,0.5227046608924866,,
01-9TZK,NOTE,,,,,,,,,,6,29,18,0.6206896551724138,11.0,0.3793103448275862,0.6206896551724138,2,,,,,,,,,,,,,,,,,,,,,,,,,64.0,0.0,,,
01-9TZK,DELTA,,,,,,,,,,0,64,53,0.828125,11.0,0.171875,0.828125,2,,,,,,,,,,,,,,,,,,,,,,,,,,,,0.2593497931957245,3.0
01-9TZK,DELTA,,,,,,,,,,1,64,23,0.359375,41.0,0.640625,0.640625,2,,,,,,,,,,,,,,,,,,,,,,,,,,,,0.11618886142969131,34.0
01-9TZK,DELTA,,,,,,,,,,2,64,28,0.4375,36.0,0.5625,0.5625,2,,,,,,,,,,,,,,,,,,,,,,,,,,,,0.21016371250152588,12.0
01-9TZK,DELTA,,,,,,,,,,3,64,30,0.46875,34.0,0.53125,0.53125,2,,,,,,,,,,,,,,,,,,,,,,,,,,,,0.10349007695913315,48.0
01-9TZK,DELTA,,,,,,,,,,4,64,42,0.65625,22.0,0.34375,0.65625,2,,,,,,,,,,,,,,,,,,,,,,,,,,,,0.10643291473388672,50.0
01-9TZK,DELTA,,,,,,,,,,5,64,42,0.65625,22.0,0.34375,0.65625,2,,,,,,,,,,,,,,,,,,,,,,,,,,,,0.14774645864963531,37.0
01-9TZK,DELTA,,,,,,,,,,6,29,18,0.6206896551724138,11.0,0.3793103448275862,0.6206896551724138,2,,,,,,,,,,,,,,,,,,,,,,,,,,,,0.15588055551052094,20.0
02-9TZO,EMATent,0.9355819225311279,0.9355819225311279,0.7291039824485779,1.0,0.21932542324066162,0.5,0.2806745767593384,0.0,0.0,0,64,42,0.65625,22.0,0.34375,0.65625,2,,,,,,,,,,,,,,,,,,,,,,,,,,,,,
02-9TZO,EMATent,0.8467435240745544,0.8467435240745544,0.852523148059845,1.0,0.24597694277763368,0.5,0.25402305722236634,0.0,0.0,1,64,21,0.328125,43.0,0.671875,0.671875,2,,,,,,,,,,,,,,,,,,,,,,,,,,,,,
02-9TZO,EMATent,0.8216107487678528,0.8216107487678528,0.7897821664810181,1.0,0.2535167753696442,0.5,0.24648322463035582,0.0,0.0,2,64,21,0.328125,43.0,0.671875,0.671875,2,,,,,,,,,,,,,,,,,,,,,,,,,,,,,
02-9TZO,EMATent,0.9972255825996399,0.9972255825996399,0.7596014142036438,1.0,0.20083232522010805,0.5,0.299167674779892,0.0,0.0,3,64,21,0.328125,43.0,0.671875,0.671875,2,,,,,,,,,,,,,,,,,,,,,,,,,,,,,
02-9TZO,EMATent,0.9100354313850403,0.9100354313850403,0.7796369791030884,1.0,0.22698937058448793,0.5,0.2730106294155121,0.0,0.0,4,64,40,0.625,24.0,0.375,0.625,2,,,,,,,,,,,,,,,,,,,,,,,,,,,,,
02-9TZO,EMATent,0.9914015531539917,0.9914015531539917,0.833021879196167,1.0,0.2025795340538025,0.5,0.2974204659461975,0.0,0.0,5,64,37,0.578125,27.0,0.421875,0.578125,2,,,,,,,,,,,,,,,,,,,,,,,,,,,,,
02-9TZO,EMATent,0.8852737545967102,0.8852737545967102,0.8807320594787598,1.0,0.23441787362098696,0.5,0.2655821263790131,0.0,0.0,6,29,0,0.0,29.0,1.0,1.0,1,,,,,,,,,,,,,,,,,,,,,,,,,,,,,
02-9TZO,DynaMixEMATent,,,,,,,,,,0,64,42,0.65625,22.0,0.34375,0.65625,2,0.17346884310245514,0.9355819225311279,0.9355819225311279,0.762113094329834,0.4505742585899831,0.2687511646506785,0.2806745767593384,0.3736155514147087,59.87724304199219,0.19999999999999996,1.0,0.49098849296569824,0.2,0.0,1.0,33.0,0.515625,31.0,0.484375,0.515625,2.0,0.15625,,,,,,,
02-9TZO,DynaMixEMATent,,,,,,,,,,1,64,21,0.328125,43.0,0.671875,0.671875,2,0.2915949821472168,0.8218922019004822,0.8218922019004822,0.5302972197532654,0.3129057906104345,0.4405265488194208,0.24656766057014465,0.5846929123758882,112.47834396362305,0.19999999999999996,1.0,0.473275363445282,0.2,0.0,1.0,49.0,0.765625,15.0,0.234375,0.765625,2.0,0.171875,,,,,,,
02-9TZO,DynaMixEMATent,,,,,,,,,,2,64,21,0.328125,43.0,0.671875,0.671875,2,0.12603770196437836,0.6755292415618896,0.6755292415618896,0.5494915246963501,0.2362241267812758,0.5611171007501573,0.2026587724685669,0.7037352157085552,155.71221542358398,0.19999999999999996,1.0,0.4411134421825409,0.2,0.0,1.0,41.0,0.640625,23.0,0.359375,0.640625,2.0,0.171875,,,,,,,
02-9TZO,DynaMixEMATent,,,,,,,,,,3,64,21,0.328125,43.0,0.671875,0.671875,2,0.33491411805152893,0.9947988986968994,0.9947988986968994,0.6598848104476929,0.12639422160053584,0.5751661087903943,0.2984396696090698,0.8198384142813416,219.37934494018555,0.19999999999999996,1.0,0.5112525224685669,0.2,0.0,1.0,35.0,0.546875,29.0,0.453125,0.546875,2.0,0.171875,,,,,,,
02-9TZO,DynaMixEMATent,,,,,,,,,,4,64,40,0.625,24.0,0.375,0.625,2,0.2613193094730377,0.9477337598800659,0.9477337598800659,0.6864144802093506,0.08027553853652597,0.6354043334994544,0.2843201279640198,0.8878331755954565,280.03430557250977,0.19999999999999996,1.0,0.5067951679229736,0.2,0.0,1.0,21.0,0.328125,43.0,0.671875,0.671875,2.0,0.125,,,,,,,
02-9TZO,DynaMixEMATent,,,,,,,,,,5,64,37,0.578125,27.0,0.421875,0.578125,2,0.479822039604187,0.993452787399292,0.993452787399292,0.513630747795105,0.04791305182509966,0.6540511119551128,0.2980358362197876,0.9317443050552914,343.61528396606445,0.19999999999999996,1.0,0.4118495583534241,0.2,0.0,1.0,31.0,0.484375,33.0,0.515625,0.515625,2.0,0.078125,,,,,,,
02-9TZO,DynaMixEMATent,,,,,,,,,,6,29,0,0.0,29.0,1.0,1.0,1,0.4084916114807129,0.8769746422767639,0.8769746422767639,0.468483030796051,0.0412346345549229,0.695672972762048,0.26309239268302914,0.9440436845196166,369.0475485920906,0.19999999999999996,1.0,0.4333866834640503,0.2,0.0,1.0,15.0,0.5172413793103449,14.0,0.4827586206896552,0.5172413793103449,2.0,0.5,,,,,,,
02-9TZO,TEMA,,,,,,,,,,0,64,42,0.65625,22.0,0.34375,0.65625,2,,,,,,,,,,,,,,,,,,,,,,,,,,,,,
02-9TZO,TEMA,,,,,,,,,,1,64,21,0.328125,43.0,0.671875,0.671875,2,,,,,,,,,,,,,,,,,,,,,,,,,,,,,
02-9TZO,TEMA,,,,,,,,,,2,64,21,0.328125,43.0,0.671875,0.671875,2,,,,,,,,,,,,,,,,,,,,,,,,,,,,,
02-9TZO,TEMA,,,,,,,,,,3,64,21,0.328125,43.0,0.671875,0.671875,2,,,,,,,,,,,,,,,,,,,,,,,,,,,,,
02-9TZO,TEMA,,,,,,,,,,4,64,40,0.625,24.0,0.375,0.625,2,,,,,,,,,,,,,,,,,,,,,,,,,,,,,
02-9TZO,TEMA,,,,,,,,,,5,64,37,0.578125,27.0,0.421875,0.578125,2,,,,,,,,,,,,,,,,,,,,,,,,,,,,,
02-9TZO,TEMA,,,,,,,,,,6,29,0,0.0,29.0,1.0,1.0,1,,,,,,,,,,,,,,,,,,,,,,,,,,,,,
02-9TZO,DUA,,,,,,,,,,0,64,42,0.65625,22.0,0.34375,0.65625,2,,,,,,,,,,,,,,,,,,,,,,,0.099,,,,,,
02-9TZO,DUA,,,,,,,,,,1,64,21,0.328125,43.0,0.671875,0.671875,2,,,,,,,,,,,,,,,,,,,,,,,0.09336,,,,,,
02-9TZO,DUA,,,,,,,,,,2,64,21,0.328125,43.0,0.671875,0.671875,2,,,,,,,,,,,,,,,,,,,,,,,0.0880584,,,,,,
02-9TZO,DUA,,,,,,,,,,3,64,21,0.328125,43.0,0.671875,0.671875,2,,,,,,,,,,,,,,,,,,,,,,,0.083074896,,,,,,
02-9TZO,DUA,,,,,,,,,,4,64,40,0.625,24.0,0.375,0.625,2,,,,,,,,,,,,,,,,,,,,,,,0.07839040223999999,,,,,,
02-9TZO,DUA,,,,,,,,,,5,64,37,0.578125,27.0,0.421875,0.578125,2,,,,,,,,,,,,,,,,,,,,,,,0.07398697810559998,,,,,,
02-9TZO,DUA,,,,,,,,,,6,29,0,0.0,29.0,1.0,1.0,1,,,,,,,,,,,,,,,,,,,,,,,0.06984775941926398,,,,,,
02-9TZO,RoTTA,,,,,,,,,,0,64,42,0.65625,22.0,0.34375,0.65625,2,,,,,,,,,,,,,,,,,,,,,,,,63.0,,,,,
02-9TZO,RoTTA,,,,,,,,,,1,64,21,0.328125,43.0,0.671875,0.671875,2,,,,,,,,,,,,,,,,,,,,,,,,64.0,,,,,
02-9TZO,RoTTA,,,,,,,,,,2,64,21,0.328125,43.0,0.671875,0.671875,2,,,,,,,,,,,,,,,,,,,,,,,,64.0,,,,,
02-9TZO,RoTTA,,,,,,,,,,3,64,21,0.328125,43.0,0.671875,0.671875,2,,,,,,,,,,,,,,,,,,,,,,,,64.0,,,,,
02-9TZO,RoTTA,,,,,,,,,,4,64,40,0.625,24.0,0.375,0.625,2,,,,,,,,,,,,,,,,,,,,,,,,64.0,,,,,
02-9TZO,RoTTA,,,,,,,,,,5,64,37,0.578125,27.0,0.421875,0.578125,2,,,,,,,,,,,,,,,,,,,,,,,,64.0,,,,,
02-9TZO,RoTTA,,,,,,,,,,6,29,0,0.0,29.0,1.0,1.0,1,,,,,,,,,,,,,,,,,,,,,,,,64.0,,,,,
02-9TZO,NOTE,,,,,,,,,,0,64,42,0.65625,22.0,0.34375,0.65625,2,,,,,,,,,,,,,,,,,,,,,,,,,64.0,1.0,0.5633756518363953,,
02-9TZO,NOTE,,,,,,,,,,1,64,21,0.328125,43.0,0.671875,0.671875,2,,,,,,,,,,,,,,,,,,,,,,,,,64.0,1.0,0.5391521453857422,,
02-9TZO,NOTE,,,,,,,,,,2,64,21,0.328125,43.0,0.671875,0.671875,2,,,,,,,,,,,,,,,,,,,,,,,,,64.0,1.0,0.4636310935020447,,
02-9TZO,NOTE,,,,,,,,,,3,64,21,0.328125,43.0,0.671875,0.671875,2,,,,,,,,,,,,,,,,,,,,,,,,,64.0,1.0,0.5722026824951172,,
02-9TZO,NOTE,,,,,,,,,,4,64,40,0.625,24.0,0.375,0.625,2,,,,,,,,,,,,,,,,,,,,,,,,,64.0,1.0,0.5719462633132935,,
02-9TZO,NOTE,,,,,,,,,,5,64,37,0.578125,27.0,0.421875,0.578125,2,,,,,,,,,,,,,,,,,,,,,,,,,64.0,1.0,0.5311388969421387,,
02-9TZO,NOTE,,,,,,,,,,6,29,0,0.0,29.0,1.0,1.0,1,,,,,,,,,,,,,,,,,,,,,,,,,64.0,0.0,,,
02-9TZO,DELTA,,,,,,,,,,0,64,42,0.65625,22.0,0.34375,0.65625,2,,,,,,,,,,,,,,,,,,,,,,,,,,,,0.2595953047275543,7.0
02-9TZO,DELTA,,,,,,,,,,1,64,21,0.328125,43.0,0.671875,0.671875,2,,,,,,,,,,,,,,,,,,,,,,,,,,,,0.05153187736868858,57.0
02-9TZO,DELTA,,,,,,,,,,2,64,21,0.328125,43.0,0.671875,0.671875,2,,,,,,,,,,,,,,,,,,,,,,,,,,,,0.17516465485095978,21.0
02-9TZO,DELTA,,,,,,,,,,3,64,21,0.328125,43.0,0.671875,0.671875,2,,,,,,,,,,,,,,,,,,,,,,,,,,,,0.09530860185623169,48.0
02-9TZO,DELTA,,,,,,,,,,4,64,40,0.625,24.0,0.375,0.625,2,,,,,,,,,,,,,,,,,,,,,,,,,,,,0.20104119181632996,24.0
02-9TZO,DELTA,,,,,,,,,,5,64,37,0.578125,27.0,0.421875,0.578125,2,,,,,,,,,,,,,,,,,,,,,,,,,,,,0.08234064280986786,24.0
02-9TZO,DELTA,,,,,,,,,,6,29,0,0.0,29.0,1.0,1.0,1,,,,,,,,,,,,,,,,,,,,,,,,,,,,0.1403724104166031,21.0
03-9U4C,EMATent,0.901460587978363,0.901460587978363,0.8200430870056152,1.0,0.2295618236064911,0.5,0.2704381763935089,0.0,0.0,0,64,42,0.65625,22.0,0.34375,0.65625,2,,,,,,,,,,,,,,,,,,,,,,,,,,,,,
03-9U4C,EMATent,0.9999138116836548,0.9999138116836548,0.7814289927482605,1.0,0.20002585649490356,0.5,0.29997414350509644,0.0,0.0,1,64,56,0.875,8.0,0.125,0.875,2,,,,,,,,,,,,,,,,,,,,,,,,,,,,,
03-9U4C,EMATent,0.9976403713226318,0.9976403713226318,0.753618597984314,1.0,0.20070788860321045,0.5,0.2992921113967895,0.0,0.0,2,64,32,0.5,32.0,0.5,0.5,2,,,,,,,,,,,,,,,,,,,,,,,,,,,,,
03-9U4C,EMATent,0.9940679669380188,0.9940679669380188,0.8249847888946533,1.0,0.20177960991859437,0.5,0.2982203900814056,0.0,0.0,3,64,28,0.4375,36.0,0.5625,0.5625,2,,,,,,,,,,,,,,,,,,,,,,,,,,,,,
03-9U4C,EMATent,0.9653630256652832,0.9653630256652832,0.775335967540741,1.0,0.21039109230041506,0.5,0.28960890769958497,0.0,0.0,4,64,54,0.84375,10.0,0.15625,0.84375,2,,,,,,,,,,,,,,,,,,,,,,,,,,,,,
03-9U4C,EMATent,0.9392411708831787,0.9392411708831787,0.7929856181144714,1.0,0.2182276487350464,0.5,0.2817723512649536,0.0,0.0,5,64,42,0.65625,22.0,0.34375,0.65625,2,,,,,,,,,,,,,,,,,,,,,,,,,,,,,
03-9U4C,EMATent,0.9576566815376282,0.9576566815376282,0.8220317363739014,1.0,0.21270299553871155,0.5,0.2872970044612884,0.0,0.0,6,29,29,1.0,,,1.0,1,,,,,,,,,,,,,,,,,,,,,,,,,,,,,
03-9U4C,DynaMixEMATent,,,,,,,,,,0,64,42,0.65625,22.0,0.34375,0.65625,2,0.31437981128692627,0.901460587978363,0.901460587978363,0.5870807766914368,0.46484955625408336,0.26471226735240777,0.2704381763935089,0.36283733439318155,57.693477630615234,0.19999999999999996,1.0,0.3942398428916931,0.2,0.0,1.0,48.0,0.75,16.0,0.25,0.75,2.0,0.15625,,,,,,,
03-9U4C,DynaMixEMATent,,,,,,,,,,1,64,56,0.875,8.0,0.125,0.875,2,0.25062671303749084,0.9979028701782227,0.9979028701782227,0.7472761273384094,0.27104828331853853,0.4295808556279947,0.2993708610534668,0.613135868533691,121.55926132202148,0.19999999999999996,1.0,0.4501546323299408,0.2,0.0,1.0,33.0,0.515625,31.0,0.484375,0.515625,2.0,0.375,,,,,,,
03-9U4C,DynaMixEMATent,,,,,,,,,,2,64,32,0.5,32.0,0.5,0.5,2,0.22687847912311554,0.956024706363678,0.956024706363678,0.7291462421417236,0.17106736241882675,0.54212522567207,0.28680741190910336,0.7601386143443429,182.74484252929688,0.19999999999999996,1.0,0.502099871635437,0.2,0.0,1.0,34.0,0.53125,30.0,0.46875,0.53125,2.0,0.0,,,,,,,
03-9U4C,DynaMixEMATent,,,,,,,,,,3,64,28,0.4375,36.0,0.5625,0.5625,2,0.345294326543808,0.9999480843544006,0.9999480843544006,0.6546537280082703,0.1018432085881605,0.5981723661055193,0.2999844253063202,0.8545129390403547,246.74151992797852,0.19999999999999996,1.0,0.47050654888153076,0.2,0.0,1.0,29.0,0.453125,35.0,0.546875,0.546875,2.0,0.0625,,,,,,,
03-9U4C,DynaMixEMATent,,,,,,,,,,4,64,54,0.84375,10.0,0.15625,0.84375,2,0.30852824449539185,0.9661197662353516,0.9661197662353516,0.6575915217399597,0.063737177112533,0.6464268930168615,0.28983592987060547,0.9102500678457024,308.573184967041,0.19999999999999996,1.0,0.45959919691085815,0.2,0.0,1.0,38.0,0.59375,26.0,0.40625,0.59375,2.0,0.34375,,,,,,,
03-9U4C,DynaMixEMATent,,,,,,,,,,5,64,42,0.65625,22.0,0.34375,0.65625,2,0.30813899636268616,0.9108569025993347,0.9108569025993347,0.602717936038971,0.04136422394112773,0.685378705279072,0.2732570707798004,0.9430827294246786,366.86802673339844,0.19999999999999996,1.0,0.5403757095336914,0.2,0.0,1.0,27.0,0.421875,37.0,0.578125,0.578125,2.0,0.15625,,,,,,,
03-9U4C,DynaMixEMATent,,,,,,,,,,6,29,29,1.0,,,1.0,1,0.4285917282104492,0.9698541760444641,0.9698541760444641,0.5412624478340149,0.03239578046238579,0.6766479667242751,0.2909562528133392,0.9543106041186802,394.9937978386879,0.19999999999999996,1.0,0.42829203605651855,0.2,0.0,1.0,13.0,0.4482758620689655,16.0,0.5517241379310345,0.5517241379310345,2.0,0.0,,,,,,,
03-9U4C,TEMA,,,,,,,,,,0,64,42,0.65625,22.0,0.34375,0.65625,2,,,,,,,,,,,,,,,,,,,,,,,,,,,,,
03-9U4C,TEMA,,,,,,,,,,1,64,56,0.875,8.0,0.125,0.875,2,,,,,,,,,,,,,,,,,,,,,,,,,,,,,
03-9U4C,TEMA,,,,,,,,,,2,64,32,0.5,32.0,0.5,0.5,2,,,,,,,,,,,,,,,,,,,,,,,,,,,,,
03-9U4C,TEMA,,,,,,,,,,3,64,28,0.4375,36.0,0.5625,0.5625,2,,,,,,,,,,,,,,,,,,,,,,,,,,,,,
03-9U4C,TEMA,,,,,,,,,,4,64,54,0.84375,10.0,0.15625,0.84375,2,,,,,,,,,,,,,,,,,,,,,,,,,,,,,
03-9U4C,TEMA,,,,,,,,,,5,64,42,0.65625,22.0,0.34375,0.65625,2,,,,,,,,,,,,,,,,,,,,,,,,,,,,,
03-9U4C,TEMA,,,,,,,,,,6,29,29,1.0,0.0,0.0,1.0,1,,,,,,,,,,,,,,,,,,,,,,,,,,,,,
03-9U4C,DUA,,,,,,,,,,0,64,42,0.65625,22.0,0.34375,0.65625,2,,,,,,,,,,,,,,,,,,,,,,,0.099,,,,,,
03-9U4C,DUA,,,,,,,,,,1,64,56,0.875,8.0,0.125,0.875,2,,,,,,,,,,,,,,,,,,,,,,,0.09336,,,,,,
03-9U4C,DUA,,,,,,,,,,2,64,32,0.5,32.0,0.5,0.5,2,,,,,,,,,,,,,,,,,,,,,,,0.0880584,,,,,,
03-9U4C,DUA,,,,,,,,,,3,64,28,0.4375,36.0,0.5625,0.5625,2,,,,,,,,,,,,,,,,,,,,,,,0.083074896,,,,,,
03-9U4C,DUA,,,,,,,,,,4,64,54,0.84375,10.0,0.15625,0.84375,2,,,,,,,,,,,,,,,,,,,,,,,0.07839040223999999,,,,,,
03-9U4C,DUA,,,,,,,,,,5,64,42,0.65625,22.0,0.34375,0.65625,2,,,,,,,,,,,,,,,,,,,,,,,0.07398697810559998,,,,,,
03-9U4C,DUA,,,,,,,,,,6,29,29,1.0,0.0,0.0,1.0,1,,,,,,,,,,,,,,,,,,,,,,,0.06984775941926398,,,,,,
03-9U4C,RoTTA,,,,,,,,,,0,64,42,0.65625,22.0,0.34375,0.65625,2,,,,,,,,,,,,,,,,,,,,,,,,61.0,,,,,
03-9U4C,RoTTA,,,,,,,,,,1,64,56,0.875,8.0,0.125,0.875,2,,,,,,,,,,,,,,,,,,,,,,,,64.0,,,,,
03-9U4C,RoTTA,,,,,,,,,,2,64,32,0.5,32.0,0.5,0.5,2,,,,,,,,,,,,,,,,,,,,,,,,64.0,,,,,
03-9U4C,RoTTA,,,,,,,,,,3,64,28,0.4375,36.0,0.5625,0.5625,2,,,,,,,,,,,,,,,,,,,,,,,,64.0,,,,,
03-9U4C,RoTTA,,,,,,,,,,4,64,54,0.84375,10.0,0.15625,0.84375,2,,,,,,,,,,,,,,,,,,,,,,,,64.0,,,,,
03-9U4C,RoTTA,,,,,,,,,,5,64,42,0.65625,22.0,0.34375,0.65625,2,,,,,,,,,,,,,,,,,,,,,,,,64.0,,,,,
03-9U4C,RoTTA,,,,,,,,,,6,29,29,1.0,0.0,0.0,1.0,1,,,,,,,,,,,,,,,,,,,,,,,,64.0,,,,,
03-9U4C,NOTE,,,,,,,,,,0,64,42,0.65625,22.0,0.34375,0.65625,2,,,,,,,,,,,,,,,,,,,,,,,,,64.0,1.0,0.5367813110351562,,
03-9U4C,NOTE,,,,,,,,,,1,64,56,0.875,8.0,0.125,0.875,2,,,,,,,,,,,,,,,,,,,,,,,,,64.0,1.0,0.4220123291015625,,
03-9U4C,NOTE,,,,,,,,,,2,64,32,0.5,32.0,0.5,0.5,2,,,,,,,,,,,,,,,,,,,,,,,,,64.0,1.0,0.5081148147583008,,
03-9U4C,NOTE,,,,,,,,,,3,64,28,0.4375,36.0,0.5625,0.5625,2,,,,,,,,,,,,,,,,,,,,,,,,,64.0,1.0,0.5053409934043884,,
03-9U4C,NOTE,,,,,,,,,,4,64,54,0.84375,10.0,0.15625,0.84375,2,,,,,,,,,,,,,,,,,,,,,,,,,64.0,1.0,0.46298134326934814,,
03-9U4C,NOTE,,,,,,,,,,5,64,42,0.65625,22.0,0.34375,0.65625,2,,,,,,,,,,,,,,,,,,,,,,,,,64.0,1.0,0.5323041081428528,,
03-9U4C,NOTE,,,,,,,,,,6,29,29,1.0,0.0,0.0,1.0,1,,,,,,,,,,,,,,,,,,,,,,,,,64.0,0.0,,,
03-9U4C,DELTA,,,,,,,,,,0,64,42,0.65625,22.0,0.34375,0.65625,2,,,,,,,,,,,,,,,,,,,,,,,,,,,,0.2010001689195633,10.0
03-9U4C,DELTA,,,,,,,,,,1,64,56,0.875,8.0,0.125,0.875,2,,,,,,,,,,,,,,,,,,,,,,,,,,,,0.08134724944829941,44.0
03-9U4C,DELTA,,,,,,,,,,2,64,32,0.5,32.0,0.5,0.5,2,,,,,,,,,,,,,,,,,,,,,,,,,,,,0.15534797310829163,43.0
03-9U4C,DELTA,,,,,,,,,,3,64,28,0.4375,36.0,0.5625,0.5625,2,,,,,,,,,,,,,,,,,,,,,,,,,,,,0.09687869995832443,28.0
03-9U4C,DELTA,,,,,,,,,,4,64,54,0.84375,10.0,0.15625,0.84375,2,,,,,,,,,,,,,,,,,,,,,,,,,,,,0.0897684395313263,33.0
03-9U4C,DELTA,,,,,,,,,,5,64,42,0.65625,22.0,0.34375,0.65625,2,,,,,,,,,,,,,,,,,,,,,,,,,,,,0.11133693158626556,56.0
03-9U4C,DELTA,,,,,,,,,,6,29,29,1.0,0.0,0.0,1.0,1,,,,,,,,,,,,,,,,,,,,,,,,,,,,0.1145767942070961,19.0
04-9U66,EMATent,0.8218266367912292,0.8218266367912292,0.760993242263794,1.0,0.25345200896263126,0.5,0.24654799103736877,0.0,0.0,0,64,32,0.5,32.0,0.5,0.5,2,,,,,,,,,,,,,,,,,,,,,,,,,,,,,
04-9U66,EMATent,0.9874690175056458,0.9874690175056458,0.7476716041564941,1.0,0.20375929474830629,0.5,0.2962407052516937,0.0,0.0,1,64,11,0.171875,53.0,0.828125,0.828125,2,,,,,,,,,,,,,,,,,,,,,,,,,,,,,
04-9U66,EMATent,0.9935240149497986,0.9935240149497986,0.7702680230140686,1.0,0.20194279551506045,0.5,0.29805720448493955,0.0,0.0,2,64,16,0.25,48.0,0.75,0.75,2,,,,,,,,,,,,,,,,,,,,,,,,,,,,,
04-9U66,EMATent,0.9812913537025452,0.9812913537025452,0.7275727987289429,1.0,0.20561259388923647,0.5,0.2943874061107635,0.0,0.0,3,64,20,0.3125,44.0,0.6875,0.6875,2,,,,,,,,,,,,,,,,,,,,,,,,,,,,,
04-9U66,EMATent,0.9835155606269836,0.9835155606269836,0.7063112258911133,1.0,0.2049453318119049,0.5,0.29505466818809506,0.0,0.0,4,64,31,0.484375,33.0,0.515625,0.515625,2,,,,,,,,,,,,,,,,,,,,,,,,,,,,,
04-9U66,EMATent,0.979143500328064,0.979143500328064,0.6627803444862366,1.0,0.20625694990158083,0.5,0.29374305009841917,0.0,0.0,5,64,51,0.796875,13.0,0.203125,0.796875,2,,,,,,,,,,,,,,,,,,,,,,,,,,,,,
04-9U66,EMATent,0.9883352518081665,0.9883352518081665,0.6459147930145264,1.0,0.20349942445755007,0.5,0.29650057554244996,0.0,0.0,6,29,10,0.3448275862068966,19.0,0.6551724137931034,0.6551724137931034,2,,,,,,,,,,,,,,,,,,,,,,,,,,,,,
04-9U66,DynaMixEMATent,,,,,,,,,,0,64,32,0.5,32.0,0.5,0.5,2,0.139341801404953,0.8218266367912292,0.8218266367912292,0.6824848651885986,0.49957213736814843,0.2538798715944828,0.24654799103736877,0.3369555971375403,52.59690475463867,0.19999999999999996,1.0,0.5076371431350708,0.2,0.0,1.0,56.0,0.875,8.0,0.125,0.875,2.0,0.0,,,,,,,
04-9U66,DynaMixEMATent,,,,,,,,,,1,64,11,0.171875,53.0,0.828125,0.828125,2,0.23944611847400665,0.9906080365180969,0.9906080365180969,0.7511619329452515,0.28397325081189445,0.41884433823267647,0.2971824109554291,0.5959502789366223,115.99581909179688,0.19999999999999996,1.0,0.5668796300888062,0.2,0.0,1.0,31.0,0.484375,33.0,0.515625,0.515625,2.0,0.328125,,,,,,,
04-9U66,DynaMixEMATent,,,,,,,,,,2,64,16,0.25,48.0,0.75,0.75,2,0.3490094244480133,0.9915472269058228,0.9915472269058228,0.6425377726554871,0.1728986277697031,0.5296372041585501,0.2974641680717468,0.7538935098937979,179.45484161376953,0.19999999999999996,1.0,0.5832791328430176,0.2,0.0,1.0,29.0,0.453125,35.0,0.546875,0.546875,2.0,0.25,,,,,,,
04-9U66,DynaMixEMATent,,,,,,,,,,3,64,20,0.3125,44.0,0.6875,0.6875,2,0.2269826978445053,0.9999849796295166,0.9999849796295166,0.7730022668838501,0.1044912496405776,0.5955132564705675,0.299995493888855,0.8507277471382638,243.4538803100586,0.19999999999999996,1.0,0.5807793140411377,0.2,0.0,1.0,22.0,0.34375,42.0,0.65625,0.65625,2.0,0.1875,,,,,,,
04-9U66,DynaMixEMATent,,,,,,,,,,4,64,31,0.484375,33.0,0.515625,0.515625,2,0.18098439276218414,0.9064830541610718,0.9064830541610718,0.7254986763000488,0.06907215914292411,0.6589829246087544,0.2719449162483215,0.9051278389720263,301.4687957763672,0.19999999999999996,1.0,0.6125650405883789,0.2,0.0,1.0,21.0,0.328125,43.0,0.671875,0.671875,2.0,0.015625,,,,,,,
04-9U66,DynaMixEMATent,,,,,,,,,,5,64,51,0.796875,13.0,0.203125,0.796875,2,0.11145670711994171,0.9981313943862915,0.9981313943862915,0.886674702167511,0.04034995103993305,0.6602106306441795,0.29943941831588744,0.9424033379912216,365.34920501708984,0.19999999999999996,1.0,0.6145666837692261,0.2,0.0,1.0,26.0,0.40625,38.0,0.59375,0.59375,2.0,0.296875,,,,,,,
04-9U66,DynaMixEMATent,,,,,,,,,,6,29,10,0.3448275862068966,19.0,0.6551724137931034,0.6551724137931034,2,0.09402094036340714,0.9976181983947754,0.9976181983947754,0.9035972952842712,0.03219422373209422,0.6685203167494731,0.2992854595184326,0.9540551510320184,394.28013277053833,0.19999999999999996,1.0,0.45979830622673035,0.2,0.0,1.0,11.0,0.3793103448275862,18.0,0.6206896551724138,0.6206896551724138,2.0,0.15517241379310343,,,,,,,
04-9U66,TEMA,,,,,,,,,,0,64,32,0.5,32.0,0.5,0.5,2,,,,,,,,,,,,,,,,,,,,,,,,,,,,,
04-9U66,TEMA,,,,,,,,,,1,64,11,0.171875,53.0,0.828125,0.828125,2,,,,,,,,,,,,,,,,,,,,,,,,,,,,,
04-9U66,TEMA,,,,,,,,,,2,64,16,0.25,48.0,0.75,0.75,2,,,,,,,,,,,,,,,,,,,,,,,,,,,,,
04-9U66,TEMA,,,,,,,,,,3,64,20,0.3125,44.0,0.6875,0.6875,2,,,,,,,,,,,,,,,,,,,,,,,,,,,,,
04-9U66,TEMA,,,,,,,,,,4,64,31,0.484375,33.0,0.515625,0.515625,2,,,,,,,,,,,,,,,,,,,,,,,,,,,,,
04-9U66,TEMA,,,,,,,,,,5,64,51,0.796875,13.0,0.203125,0.796875,2,,,,,,,,,,,,,,,,,,,,,,,,,,,,,
04-9U66,TEMA,,,,,,,,,,6,29,10,0.3448275862068966,19.0,0.6551724137931034,0.6551724137931034,2,,,,,,,,,,,,,,,,,,,,,,,,,,,,,
04-9U66,DUA,,,,,,,,,,0,64,32,0.5,32.0,0.5,0.5,2,,,,,,,,,,,,,,,,,,,,,,,0.099,,,,,,
04-9U66,DUA,,,,,,,,,,1,64,11,0.171875,53.0,0.828125,0.828125,2,,,,,,,,,,,,,,,,,,,,,,,0.09336,,,,,,
04-9U66,DUA,,,,,,,,,,2,64,16,0.25,48.0,0.75,0.75,2,,,,,,,,,,,,,,,,,,,,,,,0.0880584,,,,,,
04-9U66,DUA,,,,,,,,,,3,64,20,0.3125,44.0,0.6875,0.6875,2,,,,,,,,,,,,,,,,,,,,,,,0.083074896,,,,,,
04-9U66,DUA,,,,,,,,,,4,64,31,0.484375,33.0,0.515625,0.515625,2,,,,,,,,,,,,,,,,,,,,,,,0.07839040223999999,,,,,,
04-9U66,DUA,,,,,,,,,,5,64,51,0.796875,13.0,0.203125,0.796875,2,,,,,,,,,,,,,,,,,,,,,,,0.07398697810559998,,,,,,
04-9U66,DUA,,,,,,,,,,6,29,10,0.3448275862068966,19.0,0.6551724137931034,0.6551724137931034,2,,,,,,,,,,,,,,,,,,,,,,,0.06984775941926398,,,,,,
04-9U66,RoTTA,,,,,,,,,,0,64,32,0.5,32.0,0.5,0.5,2,,,,,,,,,,,,,,,,,,,,,,,,60.0,,,,,
04-9U66,RoTTA,,,,,,,,,,1,64,11,0.171875,53.0,0.828125,0.828125,2,,,,,,,,,,,,,,,,,,,,,,,,64.0,,,,,
04-9U66,RoTTA,,,,,,,,,,2,64,16,0.25,48.0,0.75,0.75,2,,,,,,,,,,,,,,,,,,,,,,,,64.0,,,,,
04-9U66,RoTTA,,,,,,,,,,3,64,20,0.3125,44.0,0.6875,0.6875,2,,,,,,,,,,,,,,,,,,,,,,,,64.0,,,,,
04-9U66,RoTTA,,,,,,,,,,4,64,31,0.484375,33.0,0.515625,0.515625,2,,,,,,,,,,,,,,,,,,,,,,,,64.0,,,,,
04-9U66,RoTTA,,,,,,,,,,5,64,51,0.796875,13.0,0.203125,0.796875,2,,,,,,,,,,,,,,,,,,,,,,,,64.0,,,,,
04-9U66,RoTTA,,,,,,,,,,6,29,10,0.3448275862068966,19.0,0.6551724137931034,0.6551724137931034,2,,,,,,,,,,,,,,,,,,,,,,,,64.0,,,,,
04-9U66,NOTE,,,,,,,,,,0,64,32,0.5,32.0,0.5,0.5,2,,,,,,,,,,,,,,,,,,,,,,,,,64.0,1.0,0.6029273867607117,,
04-9U66,NOTE,,,,,,,,,,1,64,11,0.171875,53.0,0.828125,0.828125,2,,,,,,,,,,,,,,,,,,,,,,,,,64.0,1.0,0.6004242897033691,,
04-9U66,NOTE,,,,,,,,,,2,64,16,0.25,48.0,0.75,0.75,2,,,,,,,,,,,,,,,,,,,,,,,,,64.0,1.0,0.6106359958648682,,
04-9U66,NOTE,,,,,,,,,,3,64,20,0.3125,44.0,0.6875,0.6875,2,,,,,,,,,,,,,,,,,,,,,,,,,64.0,1.0,0.6035767793655396,,
04-9U66,NOTE,,,,,,,,,,4,64,31,0.484375,33.0,0.515625,0.515625,2,,,,,,,,,,,,,,,,,,,,,,,,,64.0,1.0,0.6152217388153076,,
04-9U66,NOTE,,,,,,,,,,5,64,51,0.796875,13.0,0.203125,0.796875,2,,,,,,,,,,,,,,,,,,,,,,,,,64.0,1.0,0.5995709896087646,,
04-9U66,NOTE,,,,,,,,,,6,29,10,0.3448275862068966,19.0,0.6551724137931034,0.6551724137931034,2,,,,,,,,,,,,,,,,,,,,,,,,,64.0,0.0,,,
04-9U66,DELTA,,,,,,,,,,0,64,32,0.5,32.0,0.5,0.5,2,,,,,,,,,,,,,,,,,,,,,,,,,,,,0.2925012409687042,1.0
04-9U66,DELTA,,,,,,,,,,1,64,11,0.171875,53.0,0.828125,0.828125,2,,,,,,,,,,,,,,,,,,,,,,,,,,,,0.19547972083091736,16.0
04-9U66,DELTA,,,,,,,,,,2,64,16,0.25,48.0,0.75,0.75,2,,,,,,,,,,,,,,,,,,,,,,,,,,,,0.09197022765874863,28.0
04-9U66,DELTA,,,,,,,,,,3,64,20,0.3125,44.0,0.6875,0.6875,2,,,,,,,,,,,,,,,,,,,,,,,,,,,,0.23546136915683746,11.0
04-9U66,DELTA,,,,,,,,,,4,64,31,0.484375,33.0,0.515625,0.515625,2,,,,,,,,,,,,,,,,,,,,,,,,,,,,0.16851508617401123,13.0
04-9U66,DELTA,,,,,,,,,,5,64,51,0.796875,13.0,0.203125,0.796875,2,,,,,,,,,,,,,,,,,,,,,,,,,,,,0.1683541238307953,10.0
04-9U66,DELTA,,,,,,,,,,6,29,10,0.3448275862068966,19.0,0.6551724137931034,0.6551724137931034,2,,,,,,,,,,,,,,,,,,,,,,,,,,,,0.24917609989643097,7.0
05-9U8B,EMATent,0.9199494123458862,0.9199494123458862,0.8046958446502686,1.0,0.22401517629623413,0.5,0.27598482370376587,0.0,0.0,0,64,9,0.140625,55.0,0.859375,0.859375,2,,,,,,,,,,,,,,,,,,,,,,,,,,,,,
05-9U8B,EMATent,0.9299045205116272,0.9299045205116272,0.7119125127792358,1.0,0.22102864384651186,0.5,0.27897135615348817,0.0,0.0,1,64,43,0.671875,21.0,0.328125,0.671875,2,,,,,,,,,,,,,,,,,,,,,,,,,,,,,
05-9U8B,EMATent,0.994110643863678,0.994110643863678,0.744666337966919,1.0,0.20176680684089662,0.5,0.2982331931591034,0.0,0.0,2,64,11,0.171875,53.0,0.828125,0.828125,2,,,,,,,,,,,,,,,,,,,,,,,,,,,,,
05-9U8B,EMATent,0.9890474677085876,0.9890474677085876,0.6935846209526062,1.0,0.2032857596874237,0.5,0.29671424031257626,0.0,0.0,3,64,50,0.78125,14.0,0.21875,0.78125,2,,,,,,,,,,,,,,,,,,,,,,,,,,,,,
05-9U8B,EMATent,0.895649790763855,0.895649790763855,0.8031754493713379,1.0,0.2313050627708435,0.5,0.2686949372291565,0.0,0.0,4,64,47,0.734375,17.0,0.265625,0.734375,2,,,,,,,,,,,,,,,,,,,,,,,,,,,,,
05-9U8B,EMATent,0.9059746861457825,0.9059746861457825,0.7935045957565308,1.0,0.22820759415626526,0.5,0.2717924058437347,0.0,0.0,5,64,59,0.921875,5.0,0.078125,0.921875,2,,,,,,,,,,,,,,,,,,,,,,,,,,,,,
05-9U8B,EMATent,0.9941514134407043,0.9941514134407043,0.7189431190490723,1.0,0.2017545759677887,0.5,0.29824542403221127,0.0,0.0,6,29,6,0.20689655172413793,23.0,0.7931034482758621,0.7931034482758621,2,,,,,,,,,,,,,,,,,,,,,,,,,,,,,
05-9U8B,DynaMixEMATent,,,,,,,,,,0,64,9,0.140625,55.0,0.859375,0.859375,2,0.35058361291885376,0.9199494123458862,0.9199494123458862,0.5693657398223877,0.4570705008106162,0.26694467548561795,0.27598482370376587,0.3687003867117784,58.87676239013672,0.19999999999999996,1.0,0.5236356854438782,0.2,0.0,1.0,43.0,0.671875,21.0,0.328125,0.671875,2.0,0.359375,,,,,,,
05-9U8B,DynaMixEMATent,,,,,,,,,,1,64,43,0.671875,21.0,0.328125,0.671875,2,0.1314397156238556,0.933910608291626,0.933910608291626,0.802470862865448,0.2848835902390396,0.4349432272734726,0.2801731824874878,0.6042331526025874,118.64704132080078,0.19999999999999996,1.0,0.5521512031555176,0.2,0.0,1.0,43.0,0.671875,21.0,0.328125,0.671875,2.0,0.171875,,,,,,,
05-9U8B,DynaMixEMATent,,,,,,,,,,2,64,11,0.171875,53.0,0.828125,0.828125,2,0.18225397169589996,0.9728870987892151,0.9728870987892151,0.7906331419944763,0.172303869041075,0.5358300013221605,0.2918661296367645,0.7566789610660875,180.91181564331055,0.19999999999999996,1.0,0.5401648879051208,0.2,0.0,1.0,24.0,0.375,40.0,0.625,0.625,2.0,0.328125,,,,,,,
05-9U8B,DynaMixEMATent,,,,,,,,,,3,64,50,0.78125,14.0,0.21875,0.78125,2,0.222871795296669,0.9898428916931152,0.9898428916931152,0.7669710516929626,0.10428514527446875,0.5987619872175968,0.29695286750793454,0.8516669218110413,244.26176071166992,0.19999999999999996,1.0,0.601199209690094,0.2,0.0,1.0,21.0,0.328125,43.0,0.671875,0.671875,2.0,0.28125,,,,,,,
05-9U8B,DynaMixEMATent,,,,,,,,,,4,64,47,0.734375,17.0,0.265625,0.734375,2,0.26077768206596375,0.9767071604728699,0.9767071604728699,0.7159295082092285,0.06435179946021324,0.6426360523979259,0.29301214814186094,0.9089775032327914,306.7710189819336,0.19999999999999996,1.0,0.5244708061218262,0.2,0.0,1.0,22.0,0.34375,42.0,0.65625,0.65625,2.0,0.234375,,,,,,,
05-9U8B,DynaMixEMATent,,,,,,,,,,5,64,59,0.921875,5.0,0.078125,0.921875,2,0.2811417579650879,0.9598576426506042,0.9598576426506042,0.6787158846855164,0.04010738510331148,0.6719353221015073,0.2879572927951813,0.9436727815656504,368.20190811157227,0.19999999999999996,1.0,0.5198937654495239,0.2,0.0,1.0,21.0,0.328125,43.0,0.671875,0.671875,2.0,0.421875,,,,,,,
05-9U8B,DynaMixEMATent,,,,,,,,,,6,29,6,0.20689655172413793,23.0,0.7931034482758621,0.7931034482758621,2,0.1891990602016449,0.996293842792511,0.996293842792511,0.8070948123931885,0.031511961287083154,0.6695998858751636,0.2988881528377533,0.955054302085141,397.0944295525551,0.19999999999999996,1.0,0.5514615178108215,0.2,0.0,1.0,15.0,0.5172413793103449,14.0,0.4827586206896552,0.5172413793103449,2.0,0.2931034482758621,,,,,,,
05-9U8B,TEMA,,,,,,,,,,0,64,9,0.140625,55.0,0.859375,0.859375,2,,,,,,,,,,,,,,,,,,,,,,,,,,,,,
05-9U8B,TEMA,,,,,,,,,,1,64,43,0.671875,21.0,0.328125,0.671875,2,,,,,,,,,,,,,,,,,,,,,,,,,,,,,
05-9U8B,TEMA,,,,,,,,,,2,64,11,0.171875,53.0,0.828125,0.828125,2,,,,,,,,,,,,,,,,,,,,,,,,,,,,,
05-9U8B,TEMA,,,,,,,,,,3,64,50,0.78125,14.0,0.21875,0.78125,2,,,,,,,,,,,,,,,,,,,,,,,,,,,,,
05-9U8B,TEMA,,,,,,,,,,4,64,47,0.734375,17.0,0.265625,0.734375,2,,,,,,,,,,,,,,,,,,,,,,,,,,,,,
05-9U8B,TEMA,,,,,,,,,,5,64,59,0.921875,5.0,0.078125,0.921875,2,,,,,,,,,,,,,,,,,,,,,,,,,,,,,
05-9U8B,TEMA,,,,,,,,,,6,29,6,0.20689655172413793,23.0,0.7931034482758621,0.7931034482758621,2,,,,,,,,,,,,,,,,,,,,,,,,,,,,,
05-9U8B,DUA,,,,,,,,,,0,64,9,0.140625,55.0,0.859375,0.859375,2,,,,,,,,,,,,,,,,,,,,,,,0.099,,,,,,
05-9U8B,DUA,,,,,,,,,,1,64,43,0.671875,21.0,0.328125,0.671875,2,,,,,,,,,,,,,,,,,,,,,,,0.09336,,,,,,
05-9U8B,DUA,,,,,,,,,,2,64,11,0.171875,53.0,0.828125,0.828125,2,,,,,,,,,,,,,,,,,,,,,,,0.0880584,,,,,,
05-9U8B,DUA,,,,,,,,,,3,64,50,0.78125,14.0,0.21875,0.78125,2,,,,,,,,,,,,,,,,,,,,,,,0.083074896,,,,,,
05-9U8B,DUA,,,,,,,,,,4,64,47,0.734375,17.0,0.265625,0.734375,2,,,,,,,,,,,,,,,,,,,,,,,0.07839040223999999,,,,,,
05-9U8B,DUA,,,,,,,,,,5,64,59,0.921875,5.0,0.078125,0.921875,2,,,,,,,,,,,,,,,,,,,,,,,0.07398697810559998,,,,,,
05-9U8B,DUA,,,,,,,,,,6,29,6,0.20689655172413793,23.0,0.7931034482758621,0.7931034482758621,2,,,,,,,,,,,,,,,,,,,,,,,0.06984775941926398,,,,,,
05-9U8B,RoTTA,,,,,,,,,,0,64,9,0.140625,55.0,0.859375,0.859375,2,,,,,,,,,,,,,,,,,,,,,,,,58.0,,,,,
05-9U8B,RoTTA,,,,,,,,,,1,64,43,0.671875,21.0,0.328125,0.671875,2,,,,,,,,,,,,,,,,,,,,,,,,64.0,,,,,
05-9U8B,RoTTA,,,,,,,,,,2,64,11,0.171875,53.0,0.828125,0.828125,2,,,,,,,,,,,,,,,,,,,,,,,,64.0,,,,,
05-9U8B,RoTTA,,,,,,,,,,3,64,50,0.78125,14.0,0.21875,0.78125,2,,,,,,,,,,,,,,,,,,,,,,,,64.0,,,,,
05-9U8B,RoTTA,,,,,,,,,,4,64,47,0.734375,17.0,0.265625,0.734375,2,,,,,,,,,,,,,,,,,,,,,,,,64.0,,,,,
05-9U8B,RoTTA,,,,,,,,,,5,64,59,0.921875,5.0,0.078125,0.921875,2,,,,,,,,,,,,,,,,,,,,,,,,64.0,,,,,
05-9U8B,RoTTA,,,,,,,,,,6,29,6,0.20689655172413793,23.0,0.7931034482758621,0.7931034482758621,2,,,,,,,,,,,,,,,,,,,,,,,,64.0,,,,,
05-9U8B,NOTE,,,,,,,,,,0,64,9,0.140625,55.0,0.859375,0.859375,2,,,,,,,,,,,,,,,,,,,,,,,,,64.0,1.0,0.5533204078674316,,
05-9U8B,NOTE,,,,,,,,,,1,64,43,0.671875,21.0,0.328125,0.671875,2,,,,,,,,,,,,,,,,,,,,,,,,,64.0,1.0,0.547822117805481,,
05-9U8B,NOTE,,,,,,,,,,2,64,11,0.171875,53.0,0.828125,0.828125,2,,,,,,,,,,,,,,,,,,,,,,,,,64.0,1.0,0.5330552458763123,,
05-9U8B,NOTE,,,,,,,,,,3,64,50,0.78125,14.0,0.21875,0.78125,2,,,,,,,,,,,,,,,,,,,,,,,,,64.0,1.0,0.590485155582428,,
05-9U8B,NOTE,,,,,,,,,,4,64,47,0.734375,17.0,0.265625,0.734375,2,,,,,,,,,,,,,,,,,,,,,,,,,64.0,1.0,0.5308051109313965,,
05-9U8B,NOTE,,,,,,,,,,5,64,59,0.921875,5.0,0.078125,0.921875,2,,,,,,,,,,,,,,,,,,,,,,,,,64.0,1.0,0.5898164510726929,,
05-9U8B,NOTE,,,,,,,,,,6,29,6,0.20689655172413793,23.0,0.7931034482758621,0.7931034482758621,2,,,,,,,,,,,,,,,,,,,,,,,,,64.0,0.0,,,
05-9U8B,DELTA,,,,,,,,,,0,64,9,0.140625,55.0,0.859375,0.859375,2,,,,,,,,,,,,,,,,,,,,,,,,,,,,0.26946377754211426,6.0
05-9U8B,DELTA,,,,,,,,,,1,64,43,0.671875,21.0,0.328125,0.671875,2,,,,,,,,,,,,,,,,,,,,,,,,,,,,0.010871379636228085,63.0
05-9U8B,DELTA,,,,,,,,,,2,64,11,0.171875,53.0,0.828125,0.828125,2,,,,,,,,,,,,,,,,,,,,,,,,,,,,0.04737170413136482,43.0
05-9U8B,DELTA,,,,,,,,,,3,64,50,0.78125,14.0,0.21875,0.78125,2,,,,,,,,,,,,,,,,,,,,,,,,,,,,0.11121834814548492,23.0
05-9U8B,DELTA,,,,,,,,,,4,64,47,0.734375,17.0,0.265625,0.734375,2,,,,,,,,,,,,,,,,,,,,,,,,,,,,0.1295151263475418,26.0
05-9U8B,DELTA,,,,,,,,,,5,64,59,0.921875,5.0,0.078125,0.921875,2,,,,,,,,,,,,,,,,,,,,,,,,,,,,0.15053816139698029,36.0
05-9U8B,DELTA,,,,,,,,,,6,29,6,0.20689655172413793,23.0,0.7931034482758621,0.7931034482758621,2,,,,,,,,,,,,,,,,,,,,,,,,,,,,0.15240556001663208,15.0
06-9UA7,EMATent,0.9482378363609314,0.9482378363609314,0.8590737581253052,1.0,0.2155286490917206,0.5,0.2844713509082794,0.0,0.0,0,64,42,0.65625,22.0,0.34375,0.65625,2,,,,,,,,,,,,,,,,,,,,,,,,,,,,,
06-9UA7,EMATent,0.9255229234695435,0.9255229234695435,0.7602673768997192,1.0,0.22234312295913697,0.5,0.277656877040863,0.0,0.0,1,64,42,0.65625,22.0,0.34375,0.65625,2,,,,,,,,,,,,,,,,,,,,,,,,,,,,,
06-9UA7,EMATent,0.8605325818061829,0.8605325818061829,0.7818617820739746,1.0,0.24184022545814515,0.5,0.25815977454185485,0.0,0.0,2,64,55,0.859375,9.0,0.140625,0.859375,2,,,,,,,,,,,,,,,,,,,,,,,,,,,,,
06-9UA7,EMATent,0.994502067565918,0.994502067565918,0.8136293888092041,1.0,0.20164937973022462,0.5,0.2983506202697754,0.0,0.0,3,64,40,0.625,24.0,0.375,0.625,2,,,,,,,,,,,,,,,,,,,,,,,,,,,,,
06-9UA7,EMATent,0.9413458108901978,0.9413458108901978,0.7175818681716919,1.0,0.2175962567329407,0.5,0.2824037432670593,0.0,0.0,4,64,37,0.578125,27.0,0.421875,0.578125,2,,,,,,,,,,,,,,,,,,,,,,,,,,,,,
06-9UA7,EMATent,0.9820568561553955,0.9820568561553955,0.7402387857437134,1.0,0.20538294315338135,0.5,0.29461705684661865,0.0,0.0,5,64,24,0.375,40.0,0.625,0.625,2,,,,,,,,,,,,,,,,,,,,,,,,,,,,,
06-9UA7,EMATent,0.83722323179245,0.83722323179245,0.8562940955162048,1.0,0.24883303046226501,0.5,0.251166969537735,0.0,0.0,6,29,18,0.6206896551724138,11.0,0.3793103448275862,0.6206896551724138,2,,,,,,,,,,,,,,,,,,,,,,,,,,,,,
06-9UA7,DynaMixEMATent,,,,,,,,,,0,64,42,0.65625,22.0,0.34375,0.65625,2,0.4754551649093628,0.9482378363609314,0.9482378363609314,0.472782701253891,0.44536880788206207,0.27015984120965847,0.2844713509082794,0.3775667704606861,60.68722152709961,0.19999999999999996,1.0,0.4079653024673462,0.2,0.0,1.0,46.0,0.71875,18.0,0.28125,0.71875,2.0,0.15625,,,,,,,
06-9UA7,DynaMixEMATent,,,,,,,,,,1,64,42,0.65625,22.0,0.34375,0.65625,2,0.2580411434173584,0.9712021946907043,0.9712021946907043,0.713161051273346,0.2714089422708983,0.43723039932189045,0.2913606584072113,0.6169998949524027,122.84416198730469,0.19999999999999996,1.0,0.5429303050041199,0.2,0.0,1.0,22.0,0.34375,42.0,0.65625,0.65625,2.0,0.15625,,,,,,,
06-9UA7,DynaMixEMATent,,,,,,,,,,2,64,55,0.859375,9.0,0.140625,0.859375,2,0.186091810464859,0.793958306312561,0.793958306312561,0.6078665256500244,0.19617385951271135,0.5656386485935203,0.2381874918937683,0.7424906293539674,173.6574935913086,0.19999999999999996,1.0,0.45762646198272705,0.2,0.0,1.0,14.0,0.21875,50.0,0.78125,0.78125,2.0,0.359375,,,,,,,
06-9UA7,DynaMixEMATent,,,,,,,,,,3,64,40,0.625,24.0,0.375,0.625,2,0.3931843638420105,0.9531500339508057,0.9531500339508057,0.5599656701087952,0.11416968313022519,0.5998853066845331,0.2859450101852417,0.840110797125242,234.65909576416016,0.19999999999999996,1.0,0.41907641291618347,0.2,0.0,1.0,28.0,0.4375,36.0,0.5625,0.5625,2.0,0.125,,,,,,,
06-9UA7,DynaMixEMATent,,,,,,,,,,4,64,37,0.578125,27.0,0.421875,0.578125,2,0.18382731080055237,0.8254594802856445,0.8254594802856445,0.6416321396827698,0.07961590405139586,0.6727462518629108,0.24763784408569334,0.8941787496546224,287.4885025024414,0.19999999999999996,1.0,0.5807234048843384,0.2,0.0,1.0,24.0,0.375,40.0,0.625,0.625,2.0,0.078125,,,,,,,
06-9UA7,DynaMixEMATent,,,,,,,,,,5,64,24,0.375,40.0,0.625,0.625,2,0.23747406899929047,0.964495062828064,0.964495062828064,0.7270209789276123,0.046429297480300426,0.6642221836712804,0.28934851884841917,0.9346665718545134,349.2161865234375,0.19999999999999996,1.0,0.578014612197876,0.2,0.0,1.0,32.0,0.5,32.0,0.5,0.5,2.0,0.125,,,,,,,
06-9UA7,DynaMixEMATent,,,,,,,,,,6,29,18,0.6206896551724138,11.0,0.3793103448275862,0.6206896551724138,2,0.4977377951145172,0.9390140175819397,0.9390140175819397,0.4412762224674225,0.03793539700014465,0.6803603977252733,0.2817042052745819,0.9471869426513263,376.44759303331375,0.19999999999999996,1.0,0.4078465700149536,0.2,0.0,1.0,21.0,0.7241379310344828,8.0,0.27586206896551724,0.7241379310344828,2.0,0.12068965517241381,,,,,,,
06-9UA7,TEMA,,,,,,,,,,0,64,42,0.65625,22.0,0.34375,0.65625,2,,,,,,,,,,,,,,,,,,,,,,,,,,,,,
06-9UA7,TEMA,,,,,,,,,,1,64,42,0.65625,22.0,0.34375,0.65625,2,,,,,,,,,,,,,,,,,,,,,,,,,,,,,
06-9UA7,TEMA,,,,,,,,,,2,64,55,0.859375,9.0,0.140625,0.859375,2,,,,,,,,,,,,,,,,,,,,,,,,,,,,,
06-9UA7,TEMA,,,,,,,,,,3,64,40,0.625,24.0,0.375,0.625,2,,,,,,,,,,,,,,,,,,,,,,,,,,,,,
06-9UA7,TEMA,,,,,,,,,,4,64,37,0.578125,27.0,0.421875,0.578125,2,,,,,,,,,,,,,,,,,,,,,,,,,,,,,
06-9UA7,TEMA,,,,,,,,,,5,64,24,0.375,40.0,0.625,0.625,2,,,,,,,,,,,,,,,,,,,,,,,,,,,,,
06-9UA7,TEMA,,,,,,,,,,6,29,18,0.6206896551724138,11.0,0.3793103448275862,0.6206896551724138,2,,,,,,,,,,,,,,,,,,,,,,,,,,,,,
06-9UA7,DUA,,,,,,,,,,0,64,42,0.65625,22.0,0.34375,0.65625,2,,,,,,,,,,,,,,,,,,,,,,,0.099,,,,,,
06-9UA7,DUA,,,,,,,,,,1,64,42,0.65625,22.0,0.34375,0.65625,2,,,,,,,,,,,,,,,,,,,,,,,0.09336,,,,,,
06-9UA7,DUA,,,,,,,,,,2,64,55,0.859375,9.0,0.140625,0.859375,2,,,,,,,,,,,,,,,,,,,,,,,0.0880584,,,,,,
06-9UA7,DUA,,,,,,,,,,3,64,40,0.625,24.0,0.375,0.625,2,,,,,,,,,,,,,,,,,,,,,,,0.083074896,,,,,,
06-9UA7,DUA,,,,,,,,,,4,64,37,0.578125,27.0,0.421875,0.578125,2,,,,,,,,,,,,,,,,,,,,,,,0.07839040223999999,,,,,,
06-9UA7,DUA,,,,,,,,,,5,64,24,0.375,40.0,0.625,0.625,2,,,,,,,,,,,,,,,,,,,,,,,0.07398697810559998,,,,,,
06-9UA7,DUA,,,,,,,,,,6,29,18,0.6206896551724138,11.0,0.3793103448275862,0.6206896551724138,2,,,,,,,,,,,,,,,,,,,,,,,0.06984775941926398,,,,,,
06-9UA7,RoTTA,,,,,,,,,,0,64,42,0.65625,22.0,0.34375,0.65625,2,,,,,,,,,,,,,,,,,,,,,,,,59.0,,,,,
06-9UA7,RoTTA,,,,,,,,,,1,64,42,0.65625,22.0,0.34375,0.65625,2,,,,,,,,,,,,,,,,,,,,,,,,64.0,,,,,
06-9UA7,RoTTA,,,,,,,,,,2,64,55,0.859375,9.0,0.140625,0.859375,2,,,,,,,,,,,,,,,,,,,,,,,,64.0,,,,,
06-9UA7,RoTTA,,,,,,,,,,3,64,40,0.625,24.0,0.375,0.625,2,,,,,,,,,,,,,,,,,,,,,,,,64.0,,,,,
06-9UA7,RoTTA,,,,,,,,,,4,64,37,0.578125,27.0,0.421875,0.578125,2,,,,,,,,,,,,,,,,,,,,,,,,64.0,,,,,
06-9UA7,RoTTA,,,,,,,,,,5,64,24,0.375,40.0,0.625,0.625,2,,,,,,,,,,,,,,,,,,,,,,,,64.0,,,,,
06-9UA7,RoTTA,,,,,,,,,,6,29,18,0.6206896551724138,11.0,0.3793103448275862,0.6206896551724138,2,,,,,,,,,,,,,,,,,,,,,,,,64.0,,,,,
06-9UA7,NOTE,,,,,,,,,,0,64,42,0.65625,22.0,0.34375,0.65625,2,,,,,,,,,,,,,,,,,,,,,,,,,64.0,1.0,0.5456265211105347,,
06-9UA7,NOTE,,,,,,,,,,1,64,42,0.65625,22.0,0.34375,0.65625,2,,,,,,,,,,,,,,,,,,,,,,,,,64.0,1.0,0.5688447952270508,,
06-9UA7,NOTE,,,,,,,,,,2,64,55,0.859375,9.0,0.140625,0.859375,2,,,,,,,,,,,,,,,,,,,,,,,,,64.0,1.0,0.5747462511062622,,
06-9UA7,NOTE,,,,,,,,,,3,64,40,0.625,24.0,0.375,0.625,2,,,,,,,,,,,,,,,,,,,,,,,,,64.0,1.0,0.5575472116470337,,
06-9UA7,NOTE,,,,,,,,,,4,64,37,0.578125,27.0,0.421875,0.578125,2,,,,,,,,,,,,,,,,,,,,,,,,,64.0,1.0,0.5842690467834473,,
06-9UA7,NOTE,,,,,,,,,,5,64,24,0.375,40.0,0.625,0.625,2,,,,,,,,,,,,,,,,,,,,,,,,,64.0,1.0,0.5844111442565918,,
06-9UA7,NOTE,,,,,,,,,,6,29,18,0.6206896551724138,11.0,0.3793103448275862,0.6206896551724138,2,,,,,,,,,,,,,,,,,,,,,,,,,64.0,0.0,,,
06-9UA7,DELTA,,,,,,,,,,0,64,42,0.65625,22.0,0.34375,0.65625,2,,,,,,,,,,,,,,,,,,,,,,,,,,,,0.27771860361099243,11.0
06-9UA7,DELTA,,,,,,,,,,1,64,42,0.65625,22.0,0.34375,0.65625,2,,,,,,,,,,,,,,,,,,,,,,,,,,,,0.06523464620113373,34.0
06-9UA7,DELTA,,,,,,,,,,2,64,55,0.859375,9.0,0.140625,0.859375,2,,,,,,,,,,,,,,,,,,,,,,,,,,,,0.05425770580768585,53.0
06-9UA7,DELTA,,,,,,,,,,3,64,40,0.625,24.0,0.375,0.625,2,,,,,,,,,,,,,,,,,,,,,,,,,,,,0.14751359820365906,42.0
06-9UA7,DELTA,,,,,,,,,,4,64,37,0.578125,27.0,0.421875,0.578125,2,,,,,,,,,,,,,,,,,,,,,,,,,,,,0.08172501623630524,46.0
06-9UA7,DELTA,,,,,,,,,,5,64,24,0.375,40.0,0.625,0.625,2,,,,,,,,,,,,,,,,,,,,,,,,,,,,0.230905681848526,25.0
06-9UA7,DELTA,,,,,,,,,,6,29,18,0.6206896551724138,11.0,0.3793103448275862,0.6206896551724138,2,,,,,,,,,,,,,,,,,,,,,,,,,,,,0.15068021416664124,18.0
07-9UAD,EMATent,0.9764746427536011,0.9764746427536011,0.789420485496521,1.0,0.2070576071739197,0.5,0.2929423928260803,0.0,0.0,0,64,53,0.828125,11.0,0.171875,0.828125,2,,,,,,,,,,,,,,,,,,,,,,,,,,,,,
07-9UAD,EMATent,0.9973458051681519,0.9973458051681519,0.7624753713607788,1.0,0.20079625844955445,0.5,0.29920374155044555,0.0,0.0,1,64,45,0.703125,19.0,0.296875,0.703125,2,,,,,,,,,,,,,,,,,,,,,,,,,,,,,
07-9UAD,EMATent,0.9708456993103027,0.9708456993103027,0.7478615045547485,1.0,0.20874629020690919,0.5,0.2912537097930908,0.0,0.0,2,64,28,0.4375,36.0,0.5625,0.5625,2,,,,,,,,,,,,,,,,,,,,,,,,,,,,,
07-9UAD,EMATent,0.9970577359199524,0.9970577359199524,0.7862793207168579,1.0,0.2008826792240143,0.5,0.2991173207759857,0.0,0.0,3,64,25,0.390625,39.0,0.609375,0.609375,2,,,,,,,,,,,,,,,,,,,,,,,,,,,,,
07-9UAD,EMATent,0.7340161800384521,0.7340161800384521,0.8482005596160889,1.0,0.27979514598846433,0.5,0.22020485401153564,0.0,0.0,4,64,6,0.09375,58.0,0.90625,0.90625,2,,,,,,,,,,,,,,,,,,,,,,,,,,,,,
07-9UAD,EMATent,0.9807777404785156,0.9807777404785156,0.8204175233840942,1.0,0.2057666778564453,0.5,0.2942333221435547,0.0,0.0,5,64,4,0.0625,60.0,0.9375,0.9375,2,,,,,,,,,,,,,,,,,,,,,,,,,,,,,
07-9UAD,EMATent,0.41373327374458313,0.41373327374458313,0.9288069605827332,1.0,0.37588001787662506,0.5,0.12411998212337494,0.0,0.0,6,29,11,0.3793103448275862,18.0,0.6206896551724138,0.6206896551724138,2,,,,,,,,,,,,,,,,,,,,,,,,,,,,,
07-9UAD,DynaMixEMATent,,,,,,,,,,0,64,53,0.828125,11.0,0.171875,0.828125,2,0.33698534965515137,0.9764746427536011,0.9764746427536011,0.6394893527030945,0.43392635135071317,0.27313125582320646,0.2929423928260803,0.38629279008099626,62.49437713623047,0.19999999999999996,1.0,0.44606977701187134,0.2,0.0,1.0,43.0,0.671875,21.0,0.328125,0.671875,2.0,0.328125,,,,,,,
07-9UAD,DynaMixEMATent,,,,,,,,,,1,64,45,0.703125,19.0,0.296875,0.703125,2,0.27844691276550293,0.9909610152244568,0.9909610152244568,0.7125141024589539,0.2627567955590447,0.4399548998736183,0.297288304567337,0.6260816530209248,125.9158821105957,0.19999999999999996,1.0,0.5407006144523621,0.2,0.0,1.0,30.0,0.46875,34.0,0.53125,0.53125,2.0,0.203125,,,,,,,
07-9UAD,DynaMixEMATent,,,,,,,,,,2,64,28,0.4375,36.0,0.5625,0.5625,2,0.21452239155769348,0.9540612101554871,0.9540612101554871,0.7395387887954712,0.16564196983939597,0.5481396671139579,0.2862183630466461,0.7679374737820261,186.97579956054688,0.19999999999999996,1.0,0.5796513557434082,0.2,0.0,1.0,35.0,0.546875,29.0,0.453125,0.546875,2.0,0.0625,,,,,,,
07-9UAD,DynaMixEMATent,,,,,,,,,,3,64,25,0.390625,39.0,0.609375,0.609375,2,0.2943705916404724,0.9683715105056763,0.9683715105056763,0.6740009784698486,0.10145447387227341,0.6080340729760239,0.29051145315170285,0.8570033662658033,248.95157623291016,0.19999999999999996,1.0,0.55128413438797,0.2,0.0,1.0,21.0,0.328125,43.0,0.671875,0.671875,2.0,0.109375,,,,,,,
07-9UAD,DynaMixEMATent,,,,,,,,,,4,64,6,0.09375,58.0,0.90625,0.90625,2,0.24856910109519958,0.9033390283584595,0.9033390283584595,0.6547699570655823,0.0663582228733392,0.6626400686191231,0.27100170850753785,0.9089734178423307,306.76527404785156,0.19999999999999996,1.0,0.4330841302871704,0.2,0.0,1.0,15.0,0.234375,49.0,0.765625,0.765625,2.0,0.40625,,,,,,,
07-9UAD,DynaMixEMATent,,,,,,,,,,5,64,4,0.0625,60.0,0.9375,0.9375,2,0.42255091667175293,0.9739922881126404,0.9739922881126404,0.5514413714408875,0.039589541863411994,0.6682127717027959,0.2921976864337921,0.9440669504682132,369.10078048706055,0.19999999999999996,1.0,0.48984450101852417,0.2,0.0,1.0,27.0,0.421875,37.0,0.578125,0.578125,2.0,0.4375,,,,,,,
07-9UAD,DynaMixEMATent,,,,,,,,,,6,29,11,0.3793103448275862,18.0,0.6206896551724138,0.6206896551724138,2,0.10378905385732651,0.3815074861049652,0.3815074861049652,0.2777184247970581,0.045429934929099136,0.8401178192394113,0.11445224583148955,0.9486984923001066,380.16449758410454,0.19999999999999996,1.0,0.4344264566898346,0.2,0.0,1.0,4.0,0.13793103448275862,25.0,0.8620689655172413,0.8620689655172413,2.0,0.12068965517241381,,,,,,,
07-9UAD,TEMA,,,,,,,,,,0,64,53,0.828125,11.0,0.171875,0.828125,2,,,,,,,,,,,,,,,,,,,,,,,,,,,,,
07-9UAD,TEMA,,,,,,,,,,1,64,45,0.703125,19.0,0.296875,0.703125,2,,,,,,,,,,,,,,,,,,,,,,,,,,,,,
07-9UAD,TEMA,,,,,,,,,,2,64,28,0.4375,36.0,0.5625,0.5625,2,,,,,,,,,,,,,,,,,,,,,,,,,,,,,
07-9UAD,TEMA,,,,,,,,,,3,64,25,0.390625,39.0,0.609375,0.609375,2,,,,,,,,,,,,,,,,,,,,,,,,,,,,,
07-9UAD,TEMA,,,,,,,,,,4,64,6,0.09375,58.0,0.90625,0.90625,2,,,,,,,,,,,,,,,,,,,,,,,,,,,,,
07-9UAD,TEMA,,,,,,,,,,5,64,4,0.0625,60.0,0.9375,0.9375,2,,,,,,,,,,,,,,,,,,,,,,,,,,,,,
07-9UAD,TEMA,,,,,,,,,,6,29,11,0.3793103448275862,18.0,0.6206896551724138,0.6206896551724138,2,,,,,,,,,,,,,,,,,,,,,,,,,,,,,
07-9UAD,DUA,,,,,,,,,,0,64,53,0.828125,11.0,0.171875,0.828125,2,,,,,,,,,,,,,,,,,,,,,,,0.099,,,,,,
07-9UAD,DUA,,,,,,,,,,1,64,45,0.703125,19.0,0.296875,0.703125,2,,,,,,,,,,,,,,,,,,,,,,,0.09336,,,,,,
07-9UAD,DUA,,,,,,,,,,2,64,28,0.4375,36.0,0.5625,0.5625,2,,,,,,,,,,,,,,,,,,,,,,,0.0880584,,,,,,
07-9UAD,DUA,,,,,,,,,,3,64,25,0.390625,39.0,0.609375,0.609375,2,,,,,,,,,,,,,,,,,,,,,,,0.083074896,,,,,,
07-9UAD,DUA,,,,,,,,,,4,64,6,0.09375,58.0,0.90625,0.90625,2,,,,,,,,,,,,,,,,,,,,,,,0.07839040223999999,,,,,,
07-9UAD,DUA,,,,,,,,,,5,64,4,0.0625,60.0,0.9375,0.9375,2,,,,,,,,,,,,,,,,,,,,,,,0.07398697810559998,,,,,,
07-9UAD,DUA,,,,,,,,,,6,29,11,0.3793103448275862,18.0,0.6206896551724138,0.6206896551724138,2,,,,,,,,,,,,,,,,,,,,,,,0.06984775941926398,,,,,,
07-9UAD,RoTTA,,,,,,,,,,0,64,53,0.828125,11.0,0.171875,0.828125,2,,,,,,,,,,,,,,,,,,,,,,,,56.0,,,,,
07-9UAD,RoTTA,,,,,,,,,,1,64,45,0.703125,19.0,0.296875,0.703125,2,,,,,,,,,,,,,,,,,,,,,,,,64.0,,,,,
07-9UAD,RoTTA,,,,,,,,,,2,64,28,0.4375,36.0,0.5625,0.5625,2,,,,,,,,,,,,,,,,,,,,,,,,64.0,,,,,
07-9UAD,RoTTA,,,,,,,,,,3,64,25,0.390625,39.0,0.609375,0.609375,2,,,,,,,,,,,,,,,,,,,,,,,,64.0,,,,,
07-9UAD,RoTTA,,,,,,,,,,4,64,6,0.09375,58.0,0.90625,0.90625,2,,,,,,,,,,,,,,,,,,,,,,,,64.0,,,,,
07-9UAD,RoTTA,,,,,,,,,,5,64,4,0.0625,60.0,0.9375,0.9375,2,,,,,,,,,,,,,,,,,,,,,,,,64.0,,,,,
07-9UAD,RoTTA,,,,,,,,,,6,29,11,0.3793103448275862,18.0,0.6206896551724138,0.6206896551724138,2,,,,,,,,,,,,,,,,,,,,,,,,64.0,,,,,
07-9UAD,NOTE,,,,,,,,,,0,64,53,0.828125,11.0,0.171875,0.828125,2,,,,,,,,,,,,,,,,,,,,,,,,,64.0,1.0,0.5670458674430847,,
07-9UAD,NOTE,,,,,,,,,,1,64,45,0.703125,19.0,0.296875,0.703125,2,,,,,,,,,,,,,,,,,,,,,,,,,64.0,1.0,0.5945556163787842,,
07-9UAD,NOTE,,,,,,,,,,2,64,28,0.4375,36.0,0.5625,0.5625,2,,,,,,,,,,,,,,,,,,,,,,,,,64.0,1.0,0.6153120994567871,,
07-9UAD,NOTE,,,,,,,,,,3,64,25,0.390625,39.0,0.609375,0.609375,2,,,,,,,,,,,,,,,,,,,,,,,,,64.0,1.0,0.5887286067008972,,
07-9UAD,NOTE,,,,,,,,,,4,64,6,0.09375,58.0,0.90625,0.90625,2,,,,,,,,,,,,,,,,,,,,,,,,,64.0,1.0,0.5320377945899963,,
07-9UAD,NOTE,,,,,,,,,,5,64,4,0.0625,60.0,0.9375,0.9375,2,,,,,,,,,,,,,,,,,,,,,,,,,64.0,1.0,0.5482040643692017,,
07-9UAD,NOTE,,,,,,,,,,6,29,11,0.3793103448275862,18.0,0.6206896551724138,0.6206896551724138,2,,,,,,,,,,,,,,,,,,,,,,,,,64.0,0.0,,,
07-9UAD,DELTA,,,,,,,,,,0,64,53,0.828125,11.0,0.171875,0.828125,2,,,,,,,,,,,,,,,,,,,,,,,,,,,,0.2382541447877884,9.0
07-9UAD,DELTA,,,,,,,,,,1,64,45,0.703125,19.0,0.296875,0.703125,2,,,,,,,,,,,,,,,,,,,,,,,,,,,,0.1848934143781662,12.0
07-9UAD,DELTA,,,,,,,,,,2,64,28,0.4375,36.0,0.5625,0.5625,2,,,,,,,,,,,,,,,,,,,,,,,,,,,,0.1616705060005188,21.0
07-9UAD,DELTA,,,,,,,,,,3,64,25,0.390625,39.0,0.609375,0.609375,2,,,,,,,,,,,,,,,,,,,,,,,,,,,,0.1916222721338272,28.0
07-9UAD,DELTA,,,,,,,,,,4,64,6,0.09375,58.0,0.90625,0.90625,2,,,,,,,,,,,,,,,,,,,,,,,,,,,,0.09426142275333405,24.0
07-9UAD,DELTA,,,,,,,,,,5,64,4,0.0625,60.0,0.9375,0.9375,2,,,,,,,,,,,,,,,,,,,,,,,,,,,,0.10775333642959595,42.0
07-9UAD,DELTA,,,,,,,,,,6,29,11,0.3793103448275862,18.0,0.6206896551724138,0.6206896551724138,2,,,,,,,,,,,,,,,,,,,,,,,,,,,,0.03480180352926254,17.0
08-9UB2,EMATent,0.857441246509552,0.857441246509552,0.8414407968521118,1.0,0.24276762604713442,0.5,0.2572323739528656,0.0,0.0,0,64,44,0.6875,20.0,0.3125,0.6875,2,,,,,,,,,,,,,,,,,,,,,,,,,,,,,
08-9UB2,EMATent,0.8786784410476685,0.8786784410476685,0.7904313802719116,1.0,0.23639646768569947,0.5,0.2636035323143005,0.0,0.0,1,64,44,0.6875,20.0,0.3125,0.6875,2,,,,,,,,,,,,,,,,,,,,,,,,,,,,,
08-9UB2,EMATent,0.9980897903442383,0.9980897903442383,0.7084835171699524,1.0,0.20057306289672852,0.5,0.29942693710327145,0.0,0.0,2,64,59,0.921875,5.0,0.078125,0.921875,2,,,,,,,,,,,,,,,,,,,,,,,,,,,,,
08-9UB2,EMATent,0.963711142539978,0.963711142539978,0.8178151249885559,1.0,0.2108866572380066,0.5,0.2891133427619934,0.0,0.0,3,64,32,0.5,32.0,0.5,0.5,2,,,,,,,,,,,,,,,,,,,,,,,,,,,,,
08-9UB2,EMATent,0.991024374961853,0.991024374961853,0.8137928247451782,1.0,0.2026926875114441,0.5,0.2973073124885559,0.0,0.0,4,64,28,0.4375,36.0,0.5625,0.5625,2,,,,,,,,,,,,,,,,,,,,,,,,,,,,,
08-9UB2,EMATent,0.8375561833381653,0.8375561833381653,0.7832896709442139,1.0,0.24873314499855043,0.5,0.2512668550014496,0.0,0.0,5,64,53,0.828125,11.0,0.171875,0.828125,2,,,,,,,,,,,,,,,,,,,,,,,,,,,,,
08-9UB2,EMATent,0.759311318397522,0.759311318397522,0.7852216362953186,1.0,0.2722066044807434,0.5,0.2277933955192566,0.0,0.0,6,29,0,0.0,29.0,1.0,1.0,1,,,,,,,,,,,,,,,,,,,,,,,,,,,,,
08-9UB2,DynaMixEMATent,,,,,,,,,,0,64,44,0.6875,20.0,0.3125,0.6875,2,0.31995823979377747,0.857441246509552,0.857441246509552,0.5374830365180969,0.48379565715216666,0.25897196889496776,0.2572323739528656,0.348658126463005,54.87623977661133,0.19999999999999996,1.0,0.33305126428604126,0.2,0.0,1.0,46.0,0.71875,18.0,0.28125,0.71875,2.0,0.1875,,,,,,,
08-9UB2,DynaMixEMATent,,,,,,,,,,1,64,44,0.6875,20.0,0.3125,0.6875,2,0.20101004838943481,0.8500421643257141,0.8500421643257141,0.6490320563316345,0.31722951497237584,0.4277578357299099,0.2550126492977142,0.5741813405646022,109.27893829345703,0.19999999999999996,1.0,0.42765840888023376,0.2,0.0,1.0,55.0,0.859375,9.0,0.140625,0.859375,2.0,0.1875,,,,,,,
08-9UB2,DynaMixEMATent,,,,,,,,,,2,64,59,0.921875,5.0,0.078125,0.921875,2,0.23586620390415192,0.9749233722686768,0.9749233722686768,0.739057183265686,0.18503902148120355,0.5224839668381934,0.292477011680603,0.7384692447651307,171.67403411865234,0.19999999999999996,1.0,0.5080651044845581,0.2,0.0,1.0,37.0,0.578125,27.0,0.421875,0.578125,2.0,0.421875,,,,,,,
08-9UB2,DynaMixEMATent,,,,,,,,,,3,64,32,0.5,32.0,0.5,0.5,2,0.2868713140487671,0.8574293851852417,0.8574293851852417,0.5705580711364746,0.12652880015020115,0.6162423842942264,0.2572288155555725,0.8296530576306064,226.5495147705078,0.19999999999999996,1.0,0.4470776915550232,0.2,0.0,1.0,45.0,0.703125,19.0,0.296875,0.703125,2.0,0.0,,,,,,,
08-9UB2,DynaMixEMATent,,,,,,,,,,4,64,28,0.4375,36.0,0.5625,0.5625,2,0.5539738535881042,0.9989621043205261,0.9989621043205261,0.4449882507324219,0.07239418020652136,0.6279171884973209,0.2996886312961578,0.8966257247251166,290.4830894470215,0.19999999999999996,1.0,0.4205424189567566,0.2,0.0,1.0,28.0,0.4375,36.0,0.5625,0.5625,2.0,0.0625,,,,,,,
08-9UB2,DynaMixEMATent,,,,,,,,,,5,64,53,0.828125,11.0,0.171875,0.828125,2,0.2808247208595276,0.9349018335342407,0.9349018335342407,0.6540771126747131,0.046606844290628696,0.6729226056490991,0.2804705500602722,0.9352259392655398,350.3168067932129,0.19999999999999996,1.0,0.462300568819046,0.2,0.0,1.0,26.0,0.40625,38.0,0.59375,0.59375,2.0,0.328125,,,,,,,
08-9UB2,DynaMixEMATent,,,,,,,,,,6,29,0,0.0,29.0,1.0,1.0,1,0.08080312609672546,0.7401261329650879,0.7401261329650879,0.6593230366706848,0.042612302622319444,0.7353498574881542,0.22203783988952636,0.94522573872196,371.78046464920044,0.19999999999999996,1.0,0.47758275270462036,0.2,0.0,1.0,11.0,0.3793103448275862,18.0,0.6206896551724138,0.6206896551724138,2.0,0.5,,,,,,,
08-9UB2,TEMA,,,,,,,,,,0,64,44,0.6875,20.0,0.3125,0.6875,2,,,,,,,,,,,,,,,,,,,,,,,,,,,,,
08-9UB2,TEMA,,,,,,,,,,1,64,44,0.6875,20.0,0.3125,0.6875,2,,,,,,,,,,,,,,,,,,,,,,,,,,,,,
08-9UB2,TEMA,,,,,,,,,,2,64,59,0.921875,5.0,0.078125,0.921875,2,,,,,,,,,,,,,,,,,,,,,,,,,,,,,
08-9UB2,TEMA,,,,,,,,,,3,64,32,0.5,32.0,0.5,0.5,2,,,,,,,,,,,,,,,,,,,,,,,,,,,,,
08-9UB2,TEMA,,,,,,,,,,4,64,28,0.4375,36.0,0.5625,0.5625,2,,,,,,,,,,,,,,,,,,,,,,,,,,,,,
08-9UB2,TEMA,,,,,,,,,,5,64,53,0.828125,11.0,0.171875,0.828125,2,,,,,,,,,,,,,,,,,,,,,,,,,,,,,
08-9UB2,TEMA,,,,,,,,,,6,29,0,0.0,29.0,1.0,1.0,1,,,,,,,,,,,,,,,,,,,,,,,,,,,,,
08-9UB2,DUA,,,,,,,,,,0,64,44,0.6875,20.0,0.3125,0.6875,2,,,,,,,,,,,,,,,,,,,,,,,0.099,,,,,,
08-9UB2,DUA,,,,,,,,,,1,64,44,0.6875,20.0,0.3125,0.6875,2,,,,,,,,,,,,,,,,,,,,,,,0.09336,,,,,,
08-9UB2,DUA,,,,,,,,,,2,64,59,0.921875,5.0,0.078125,0.921875,2,,,,,,,,,,,,,,,,,,,,,,,0.0880584,,,,,,
08-9UB2,DUA,,,,,,,,,,3,64,32,0.5,32.0,0.5,0.5,2,,,,,,,,,,,,,,,,,,,,,,,0.083074896,,,,,,
08-9UB2,DUA,,,,,,,,,,4,64,28,0.4375,36.0,0.5625,0.5625,2,,,,,,,,,,,,,,,,,,,,,,,0.07839040223999999,,,,,,
08-9UB2,DUA,,,,,,,,,,5,64,53,0.828125,11.0,0.171875,0.828125,2,,,,,,,,,,,,,,,,,,,,,,,0.07398697810559998,,,,,,
08-9UB2,DUA,,,,,,,,,,6,29,0,0.0,29.0,1.0,1.0,1,,,,,,,,,,,,,,,,,,,,,,,0.06984775941926398,,,,,,
08-9UB2,RoTTA,,,,,,,,,,0,64,44,0.6875,20.0,0.3125,0.6875,2,,,,,,,,,,,,,,,,,,,,,,,,51.0,,,,,
08-9UB2,RoTTA,,,,,,,,,,1,64,44,0.6875,20.0,0.3125,0.6875,2,,,,,,,,,,,,,,,,,,,,,,,,64.0,,,,,
08-9UB2,RoTTA,,,,,,,,,,2,64,59,0.921875,5.0,0.078125,0.921875,2,,,,,,,,,,,,,,,,,,,,,,,,64.0,,,,,
08-9UB2,RoTTA,,,,,,,,,,3,64,32,0.5,32.0,0.5,0.5,2,,,,,,,,,,,,,,,,,,,,,,,,64.0,,,,,
08-9UB2,RoTTA,,,,,,,,,,4,64,28,0.4375,36.0,0.5625,0.5625,2,,,,,,,,,,,,,,,,,,,,,,,,64.0,,,,,
08-9UB2,RoTTA,,,,,,,,,,5,64,53,0.828125,11.0,0.171875,0.828125,2,,,,,,,,,,,,,,,,,,,,,,,,64.0,,,,,
08-9UB2,RoTTA,,,,,,,,,,6,29,0,0.0,29.0,1.0,1.0,1,,,,,,,,,,,,,,,,,,,,,,,,64.0,,,,,
08-9UB2,NOTE,,,,,,,,,,0,64,44,0.6875,20.0,0.3125,0.6875,2,,,,,,,,,,,,,,,,,,,,,,,,,64.0,1.0,0.46810197830200195,,
08-9UB2,NOTE,,,,,,,,,,1,64,44,0.6875,20.0,0.3125,0.6875,2,,,,,,,,,,,,,,,,,,,,,,,,,64.0,1.0,0.5565826296806335,,
08-9UB2,NOTE,,,,,,,,,,2,64,59,0.921875,5.0,0.078125,0.921875,2,,,,,,,,,,,,,,,,,,,,,,,,,64.0,1.0,0.49277734756469727,,
08-9UB2,NOTE,,,,,,,,,,3,64,32,0.5,32.0,0.5,0.5,2,,,,,,,,,,,,,,,,,,,,,,,,,64.0,1.0,0.4708067774772644,,
08-9UB2,NOTE,,,,,,,,,,4,64,28,0.4375,36.0,0.5625,0.5625,2,,,,,,,,,,,,,,,,,,,,,,,,,64.0,1.0,0.49114179611206055,,
08-9UB2,NOTE,,,,,,,,,,5,64,53,0.828125,11.0,0.171875,0.828125,2,,,,,,,,,,,,,,,,,,,,,,,,,64.0,1.0,0.5058423280715942,,
08-9UB2,NOTE,,,,,,,,,,6,29,0,0.0,29.0,1.0,1.0,1,,,,,,,,,,,,,,,,,,,,,,,,,64.0,0.0,,,
08-9UB2,DELTA,,,,,,,,,,0,64,44,0.6875,20.0,0.3125,0.6875,2,,,,,,,,,,,,,,,,,,,,,,,,,,,,0.16614438593387604,15.0
08-9UB2,DELTA,,,,,,,,,,1,64,44,0.6875,20.0,0.3125,0.6875,2,,,,,,,,,,,,,,,,,,,,,,,,,,,,0.06549276411533356,42.0
08-9UB2,DELTA,,,,,,,,,,2,64,59,0.921875,5.0,0.078125,0.921875,2,,,,,,,,,,,,,,,,,,,,,,,,,,,,0.14033478498458862,42.0
08-9UB2,DELTA,,,,,,,,,,3,64,32,0.5,32.0,0.5,0.5,2,,,,,,,,,,,,,,,,,,,,,,,,,,,,0.11062754690647125,30.0
08-9UB2,DELTA,,,,,,,,,,4,64,28,0.4375,36.0,0.5625,0.5625,2,,,,,,,,,,,,,,,,,,,,,,,,,,,,0.17661608755588531,41.0
08-9UB2,DELTA,,,,,,,,,,5,64,53,0.828125,11.0,0.171875,0.828125,2,,,,,,,,,,,,,,,,,,,,,,,,,,,,0.10604903101921082,56.0
08-9UB2,DELTA,,,,,,,,,,6,29,0,0.0,29.0,1.0,1.0,1,,,,,,,,,,,,,,,,,,,,,,,,,,,,0.1957358568906784,19.0
09-9UDP,EMATent,0.9851861000061035,0.9851861000061035,0.7932170629501343,1.0,0.20444416999816895,0.5,0.29555583000183105,0.0,0.0,0,64,11,0.171875,53.0,0.828125,0.828125,2,,,,,,,,,,,,,,,,,,,,,,,,,,,,,
09-9UDP,EMATent,0.9923665523529053,0.9923665523529053,0.5989131927490234,1.0,0.20229003429412842,0.5,0.29770996570587155,0.0,0.0,1,64,40,0.625,24.0,0.375,0.625,2,,,,,,,,,,,,,,,,,,,,,,,,,,,,,
09-9UDP,EMATent,0.9997820854187012,0.9997820854187012,0.7864774465560913,1.0,0.20006537437438965,0.5,0.29993462562561035,0.0,0.0,2,64,26,0.40625,38.0,0.59375,0.59375,2,,,,,,,,,,,,,,,,,,,,,,,,,,,,,
09-9UDP,EMATent,0.4198906421661377,0.4198906421661377,0.9149025678634644,1.0,0.3740328073501587,0.5,0.1259671926498413,0.0,0.0,3,14,0,0.0,14.0,1.0,1.0,1,,,,,,,,,,,,,,,,,,,,,,,,,,,,,
09-9UDP,DynaMixEMATent,,,,,,,,,,0,64,11,0.171875,53.0,0.828125,0.828125,2,0.35230258107185364,0.9851861000061035,0.9851861000061035,0.6328834891319275,0.4304434819152247,0.27400068808294425,0.29555583000183105,0.38896011884612014,63.051910400390625,0.19999999999999996,1.0,0.5272666215896606,0.2,0.0,1.0,30.0,0.46875,34.0,0.53125,0.53125,2.0,0.328125,,,,,,,
09-9UDP,DynaMixEMATent,,,,,,,,,,1,64,40,0.625,24.0,0.375,0.625,2,0.0373152494430542,0.9887292981147766,0.9887292981147766,0.9514140486717224,0.2621564094624544,0.44122480110311263,0.296618789434433,0.6272911395349009,126.33058547973633,0.19999999999999996,1.0,0.6474353075027466,0.2,0.0,1.0,37.0,0.578125,27.0,0.421875,0.578125,2.0,0.125,,,,,,,
09-9UDP,DynaMixEMATent,,,,,,,,,,2,64,26,0.40625,38.0,0.59375,0.59375,2,0.3910379111766815,0.9996864795684814,0.9996864795684814,0.6086485981941223,0.15828761923721618,0.5418064368922394,0.2999059438705444,0.7739052090910097,190.31052017211914,0.19999999999999996,1.0,0.4670768678188324,0.2,0.0,1.0,32.0,0.5,32.0,0.5,0.5,2.0,0.09375,,,,,,,
09-9UDP,DynaMixEMATent,,,,,,,,,,3,14,0,0.0,14.0,1.0,1.0,1,0.17402668297290802,0.4366448223590851,0.4366448223590851,0.26261812448501587,0.18731500158596062,0.6816915517063139,0.13099344670772553,0.7844492646501819,196.42354768514633,0.19999999999999996,1.0,0.26941919326782227,0.2,0.0,1.0,1.0,0.07142857142857142,13.0,0.9285714285714286,0.9285714285714286,2.0,0.5,,,,,,,
09-9UDP,TEMA,,,,,,,,,,0,64,11,0.171875,53.0,0.828125,0.828125,2,,,,,,,,,,,,,,,,,,,,,,,,,,,,,
09-9UDP,TEMA,,,,,,,,,,1,64,40,0.625,24.0,0.375,0.625,2,,,,,,,,,,,,,,,,,,,,,,,,,,,,,
09-9UDP,TEMA,,,,,,,,,,2,64,26,0.40625,38.0,0.59375,0.59375,2,,,,,,,,,,,,,,,,,,,,,,,,,,,,,
09-9UDP,TEMA,,,,,,,,,,3,14,0,0.0,14.0,1.0,1.0,1,,,,,,,,,,,,,,,,,,,,,,,,,,,,,
09-9UDP,DUA,,,,,,,,,,0,64,11,0.171875,53.0,0.828125,0.828125,2,,,,,,,,,,,,,,,,,,,,,,,0.099,,,,,,
09-9UDP,DUA,,,,,,,,,,1,64,40,0.625,24.0,0.375,0.625,2,,,,,,,,,,,,,,,,,,,,,,,0.09336,,,,,,
09-9UDP,DUA,,,,,,,,,,2,64,26,0.40625,38.0,0.59375,0.59375,2,,,,,,,,,,,,,,,,,,,,,,,0.0880584,,,,,,
09-9UDP,DUA,,,,,,,,,,3,14,0,0.0,14.0,1.0,1.0,1,,,,,,,,,,,,,,,,,,,,,,,0.083074896,,,,,,
09-9UDP,RoTTA,,,,,,,,,,0,64,11,0.171875,53.0,0.828125,0.828125,2,,,,,,,,,,,,,,,,,,,,,,,,59.0,,,,,
09-9UDP,RoTTA,,,,,,,,,,1,64,40,0.625,24.0,0.375,0.625,2,,,,,,,,,,,,,,,,,,,,,,,,64.0,,,,,
09-9UDP,RoTTA,,,,,,,,,,2,64,26,0.40625,38.0,0.59375,0.59375,2,,,,,,,,,,,,,,,,,,,,,,,,64.0,,,,,
09-9UDP,RoTTA,,,,,,,,,,3,14,0,0.0,14.0,1.0,1.0,1,,,,,,,,,,,,,,,,,,,,,,,,64.0,,,,,
09-9UDP,NOTE,,,,,,,,,,0,64,11,0.171875,53.0,0.828125,0.828125,2,,,,,,,,,,,,,,,,,,,,,,,,,64.0,1.0,0.5605884790420532,,
09-9UDP,NOTE,,,,,,,,,,1,64,40,0.625,24.0,0.375,0.625,2,,,,,,,,,,,,,,,,,,,,,,,,,64.0,1.0,0.6424409747123718,,
09-9UDP,NOTE,,,,,,,,,,2,64,26,0.40625,38.0,0.59375,0.59375,2,,,,,,,,,,,,,,,,,,,,,,,,,64.0,1.0,0.49846845865249634,,
09-9UDP,NOTE,,,,,,,,,,3,14,0,0.0,14.0,1.0,1.0,1,,,,,,,,,,,,,,,,,,,,,,,,,64.0,0.0,,,
09-9UDP,DELTA,,,,,,,,,,0,64,11,0.171875,53.0,0.828125,0.828125,2,,,,,,,,,,,,,,,,,,,,,,,,,,,,0.24465075135231018,6.0
09-9UDP,DELTA,,,,,,,,,,1,64,40,0.625,24.0,0.375,0.625,2,,,,,,,,,,,,,,,,,,,,,,,,,,,,0.1299946904182434,27.0
09-9UDP,DELTA,,,,,,,,,,2,64,26,0.40625,38.0,0.59375,0.59375,2,,,,,,,,,,,,,,,,,,,,,,,,,,,,0.03811147063970566,42.0
09-9UDP,DELTA,,,,,,,,,,3,14,0,0.0,14.0,1.0,1.0,1,,,,,,,,,,,,,,,,,,,,,,,,,,,,0.031944092363119125,11.0
10-9UHM,EMATent,0.5774266123771667,0.5774266123771667,0.9031819105148315,1.0,0.32677201628685,0.5,0.17322798371315,0.0,0.0,0,64,0,0.0,64.0,1.0,1.0,1,,,,,,,,,,,,,,,,,,,,,,,,,,,,,
10-9UHM,EMATent,0.7630782723426819,0.7630782723426819,0.7906279563903809,1.0,0.2710765182971954,0.5,0.22892348170280455,0.0,0.0,1,64,0,0.0,64.0,1.0,1.0,1,,,,,,,,,,,,,,,,,,,,,,,,,,,,,
10-9UHM,EMATent,0.9255142211914062,0.9255142211914062,0.7024707794189453,1.0,0.22234573364257815,0.5,0.27765426635742185,0.0,0.0,2,64,0,0.0,64.0,1.0,1.0,1,,,,,,,,,,,,,,,,,,,,,,,,,,,,,
10-9UHM,EMATent,0.969043493270874,0.969043493270874,0.7473980784416199,1.0,0.20928695201873782,0.5,0.2907130479812622,0.0,0.0,3,64,0,0.0,64.0,1.0,1.0,1,,,,,,,,,,,,,,,,,,,,,,,,,,,,,
10-9UHM,EMATent,0.9490524530410767,0.9490524530410767,0.7539134621620178,1.0,0.215284264087677,0.5,0.28471573591232296,0.0,0.0,4,64,33,0.515625,31.0,0.484375,0.515625,2,,,,,,,,,,,,,,,,,,,,,,,,,,,,,
10-9UHM,EMATent,0.9971182346343994,0.9971182346343994,0.7338712215423584,1.0,0.20086452960968018,0.5,0.2991354703903198,0.0,0.0,5,64,14,0.21875,50.0,0.78125,0.78125,2,,,,,,,,,,,,,,,,,,,,,,,,,,,,,
10-9UHM,EMATent,0.9952252507209778,0.9952252507209778,0.6781322956085205,1.0,0.20143242478370668,0.5,0.29856757521629335,0.0,0.0,6,29,17,0.5862068965517241,12.0,0.41379310344827586,0.5862068965517241,2,,,,,,,,,,,,,,,,,,,,,,,,,,,,,
10-9UHM,DynaMixEMATent,,,,,,,,,,0,64,0,0.0,64.0,1.0,1.0,1,0.20723947882652283,0.5774266123771667,0.5774266123771667,0.37018710374832153,0.6194398954143001,0.20733212087254976,0.17322798371315,0.2507730266485163,36.95530319213867,0.19999999999999996,1.0,0.3849940896034241,0.2,0.0,1.0,4.0,0.0625,60.0,0.9375,0.9375,2.0,0.5,,,,,,,
10-9UHM,DynaMixEMATent,,,,,,,,,,1,64,0,0.0,64.0,1.0,1.0,1,0.07392459362745285,0.5724248886108398,0.5724248886108398,0.4985003173351288,0.46610759422649745,0.36216493919025056,0.17172746658325194,0.4372533490833821,73.59049606323242,0.19999999999999996,1.0,0.5325285196304321,0.2,0.0,1.0,3.0,0.046875,61.0,0.953125,0.953125,2.0,0.5,,,,,,,
10-9UHM,DynaMixEMATent,,,,,,,,,,2,64,0,0.0,64.0,1.0,1.0,1,0.11166153848171234,0.8476694822311401,0.8476694822311401,0.7360079288482666,0.2746676304676816,0.4710315248629764,0.25430084466934205,0.6316642864562607,127.84134292602539,0.19999999999999996,1.0,0.5835795402526855,0.2,0.0,1.0,19.0,0.296875,45.0,0.703125,0.703125,2.0,0.5,,,,,,,
10-9UHM,DynaMixEMATent,,,,,,,,,,3,64,0,0.0,64.0,1.0,1.0,1,0.19840537011623383,0.9918150305747986,0.9918150305747986,0.7934096455574036,0.15757696948738933,0.5448785213401711,0.2975445091724396,0.7756769339196873,191.3175048828125,0.19999999999999996,1.0,0.5878710150718689,0.2,0.0,1.0,33.0,0.515625,31.0,0.484375,0.515625,2.0,0.5,,,,,,,
10-9UHM,DynaMixEMATent,,,,,,,,,,4,64,33,0.515625,31.0,0.484375,0.515625,2,0.262486070394516,0.9768675565719604,0.9768675565719604,0.7143815159797668,0.09730434402111755,0.6096353890072944,0.2930602669715881,0.8623583603028196,253.83702850341797,0.19999999999999996,1.0,0.5206742286682129,0.2,0.0,1.0,42.0,0.65625,22.0,0.34375,0.65625,2.0,0.015625,,,,,,,
10-9UHM,DynaMixEMATent,,,,,,,,,,5,64,14,0.21875,50.0,0.78125,0.78125,2,0.2201193869113922,0.9854327440261841,0.9854327440261841,0.7653133273124695,0.05923341824923441,0.6451367585429104,0.2956298232078552,0.9159058401379282,316.90472412109375,0.19999999999999996,1.0,0.5850648880004883,0.2,0.0,1.0,31.0,0.484375,33.0,0.515625,0.515625,2.0,0.28125,,,,,,,
10-9UHM,DynaMixEMATent,,,,,,,,,,6,29,17,0.5862068965517241,12.0,0.41379310344827586,0.5862068965517241,2,0.06920521706342697,0.8842344284057617,0.8842344284057617,0.8150292038917542,0.050569575349277134,0.6841600961289944,0.2652703285217285,0.9311725423480837,342.54752254486084,0.19999999999999996,1.0,0.620125949382782,0.2,0.0,1.0,10.0,0.3448275862068966,19.0,0.6551724137931034,0.6551724137931034,2.0,0.08620689655172409,,,,,,,
10-9UHM,TEMA,,,,,,,,,,0,64,0,0.0,64.0,1.0,1.0,1,,,,,,,,,,,,,,,,,,,,,,,,,,,,,
10-9UHM,TEMA,,,,,,,,,,1,64,0,0.0,64.0,1.0,1.0,1,,,,,,,,,,,,,,,,,,,,,,,,,,,,,
10-9UHM,TEMA,,,,,,,,,,2,64,0,0.0,64.0,1.0,1.0,1,,,,,,,,,,,,,,,,,,,,,,,,,,,,,
10-9UHM,TEMA,,,,,,,,,,3,64,0,0.0,64.0,1.0,1.0,1,,,,,,,,,,,,,,,,,,,,,,,,,,,,,
10-9UHM,TEMA,,,,,,,,,,4,64,33,0.515625,31.0,0.484375,0.515625,2,,,,,,,,,,,,,,,,,,,,,,,,,,,,,
10-9UHM,TEMA,,,,,,,,,,5,64,14,0.21875,50.0,0.78125,0.78125,2,,,,,,,,,,,,,,,,,,,,,,,,,,,,,
10-9UHM,TEMA,,,,,,,,,,6,29,17,0.5862068965517241,12.0,0.41379310344827586,0.5862068965517241,2,,,,,,,,,,,,,,,,,,,,,,,,,,,,,
10-9UHM,DUA,,,,,,,,,,0,64,0,0.0,64.0,1.0,1.0,1,,,,,,,,,,,,,,,,,,,,,,,0.099,,,,,,
10-9UHM,DUA,,,,,,,,,,1,64,0,0.0,64.0,1.0,1.0,1,,,,,,,,,,,,,,,,,,,,,,,0.09336,,,,,,
10-9UHM,DUA,,,,,,,,,,2,64,0,0.0,64.0,1.0,1.0,1,,,,,,,,,,,,,,,,,,,,,,,0.0880584,,,,,,
10-9UHM,DUA,,,,,,,,,,3,64,0,0.0,64.0,1.0,1.0,1,,,,,,,,,,,,,,,,,,,,,,,0.083074896,,,,,,
10-9UHM,DUA,,,,,,,,,,4,64,33,0.515625,31.0,0.484375,0.515625,2,,,,,,,,,,,,,,,,,,,,,,,0.07839040223999999,,,,,,
10-9UHM,DUA,,,,,,,,,,5,64,14,0.21875,50.0,0.78125,0.78125,2,,,,,,,,,,,,,,,,,,,,,,,0.07398697810559998,,,,,,
10-9UHM,DUA,,,,,,,,,,6,29,17,0.5862068965517241,12.0,0.41379310344827586,0.5862068965517241,2,,,,,,,,,,,,,,,,,,,,,,,0.06984775941926398,,,,,,
10-9UHM,RoTTA,,,,,,,,,,0,64,0,0.0,64.0,1.0,1.0,1,,,,,,,,,,,,,,,,,,,,,,,,64.0,,,,,
10-9UHM,RoTTA,,,,,,,,,,1,64,0,0.0,64.0,1.0,1.0,1,,,,,,,,,,,,,,,,,,,,,,,,64.0,,,,,
10-9UHM,RoTTA,,,,,,,,,,2,64,0,0.0,64.0,1.0,1.0,1,,,,,,,,,,,,,,,,,,,,,,,,64.0,,,,,
10-9UHM,RoTTA,,,,,,,,,,3,64,0,0.0,64.0,1.0,1.0,1,,,,,,,,,,,,,,,,,,,,,,,,64.0,,,,,
10-9UHM,RoTTA,,,,,,,,,,4,64,33,0.515625,31.0,0.484375,0.515625,2,,,,,,,,,,,,,,,,,,,,,,,,64.0,,,,,
10-9UHM,RoTTA,,,,,,,,,,5,64,14,0.21875,50.0,0.78125,0.78125,2,,,,,,,,,,,,,,,,,,,,,,,,64.0,,,,,
10-9UHM,RoTTA,,,,,,,,,,6,29,17,0.5862068965517241,12.0,0.41379310344827586,0.5862068965517241,2,,,,,,,,,,,,,,,,,,,,,,,,64.0,,,,,
10-9UHM,NOTE,,,,,,,,,,0,64,0,0.0,64.0,1.0,1.0,1,,,,,,,,,,,,,,,,,,,,,,,,,64.0,1.0,0.5597403049468994,,
10-9UHM,NOTE,,,,,,,,,,1,64,0,0.0,64.0,1.0,1.0,1,,,,,,,,,,,,,,,,,,,,,,,,,64.0,1.0,0.5757559537887573,,
10-9UHM,NOTE,,,,,,,,,,2,64,0,0.0,64.0,1.0,1.0,1,,,,,,,,,,,,,,,,,,,,,,,,,64.0,1.0,0.5825255513191223,,
10-9UHM,NOTE,,,,,,,,,,3,64,0,0.0,64.0,1.0,1.0,1,,,,,,,,,,,,,,,,,,,,,,,,,64.0,1.0,0.6106564998626709,,
10-9UHM,NOTE,,,,,,,,,,4,64,33,0.515625,31.0,0.484375,0.515625,2,,,,,,,,,,,,,,,,,,,,,,,,,64.0,1.0,0.542661190032959,,
10-9UHM,NOTE,,,,,,,,,,5,64,14,0.21875,50.0,0.78125,0.78125,2,,,,,,,,,,,,,,,,,,,,,,,,,64.0,1.0,0.5751559734344482,,
10-9UHM,NOTE,,,,,,,,,,6,29,17,0.5862068965517241,12.0,0.41379310344827586,0.5862068965517241,2,,,,,,,,,,,,,,,,,,,,,,,,,64.0,0.0,,,
10-9UHM,DELTA,,,,,,,,,,0,64,0,0.0,64.0,1.0,1.0,1,,,,,,,,,,,,,,,,,,,,,,,,,,,,0.29423144459724426,5.0
10-9UHM,DELTA,,,,,,,,,,1,64,0,0.0,64.0,1.0,1.0,1,,,,,,,,,,,,,,,,,,,,,,,,,,,,0.22876864671707153,13.0
10-9UHM,DELTA,,,,,,,,,,2,64,0,0.0,64.0,1.0,1.0,1,,,,,,,,,,,,,,,,,,,,,,,,,,,,0.1829349547624588,11.0
10-9UHM,DELTA,,,,,,,,,,3,64,0,0.0,64.0,1.0,1.0,1,,,,,,,,,,,,,,,,,,,,,,,,,,,,0.060997124761343,49.0
10-9UHM,DELTA,,,,,,,,,,4,64,33,0.515625,31.0,0.484375,0.515625,2,,,,,,,,,,,,,,,,,,,,,,,,,,,,0.11534145474433899,23.0
10-9UHM,DELTA,,,,,,,,,,5,64,14,0.21875,50.0,0.78125,0.78125,2,,,,,,,,,,,,,,,,,,,,,,,,,,,,0.19516421854496002,25.0
10-9UHM,DELTA,,,,,,,,,,6,29,17,0.5862068965517241,12.0,0.41379310344827586,0.5862068965517241,2,,,,,,,,,,,,,,,,,,,,,,,,,,,,0.27579110860824585,5.0
11-9UIZ,EMATent,0.9529245495796204,0.9529245495796204,0.7613217830657959,1.0,0.2141226351261139,0.5,0.2858773648738861,0.0,0.0,0,64,0,0.0,64.0,1.0,1.0,1,,,,,,,,,,,,,,,,,,,,,,,,,,,,,
11-9UIZ,EMATent,0.9912550449371338,0.9912550449371338,0.7302284836769104,1.0,0.20262348651885986,0.5,0.29737651348114014,0.0,0.0,1,64,11,0.171875,53.0,0.828125,0.828125,2,,,,,,,,,,,,,,,,,,,,,,,,,,,,,
11-9UIZ,EMATent,0.8804335594177246,0.8804335594177246,0.7908642292022705,1.0,0.23586993217468263,0.5,0.2641300678253174,0.0,0.0,2,64,40,0.625,24.0,0.375,0.625,2,,,,,,,,,,,,,,,,,,,,,,,,,,,,,
11-9UIZ,EMATent,0.9995253086090088,0.9995253086090088,0.6900924444198608,1.0,0.20014240741729739,0.5,0.2998575925827026,0.0,0.0,3,64,30,0.46875,34.0,0.53125,0.53125,2,,,,,,,,,,,,,,,,,,,,,,,,,,,,,
11-9UIZ,EMATent,0.9349785447120667,0.9349785447120667,0.7222809791564941,1.0,0.21950643658638003,0.5,0.28049356341362,0.0,0.0,4,64,48,0.75,16.0,0.25,0.75,2,,,,,,,,,,,,,,,,,,,,,,,,,,,,,
11-9UIZ,EMATent,0.9918639063835144,0.9918639063835144,0.753971517086029,1.0,0.20244082808494568,0.5,0.2975591719150543,0.0,0.0,5,64,36,0.5625,28.0,0.4375,0.5625,2,,,,,,,,,,,,,,,,,,,,,,,,,,,,,
11-9UIZ,EMATent,0.997793972492218,0.997793972492218,0.7254201173782349,1.0,0.2006618082523346,0.5,0.2993381917476654,0.0,0.0,6,29,7,0.2413793103448276,22.0,0.7586206896551724,0.7586206896551724,2,,,,,,,,,,,,,,,,,,,,,,,,,,,,,
11-9UIZ,DynaMixEMATent,,,,,,,,,,0,64,0,0.0,64.0,1.0,1.0,1,0.2683790922164917,0.9529245495796204,0.9529245495796204,0.6845454573631287,0.443453270392985,0.27066936473312886,0.2858773648738861,0.3790236458270626,60.9871711730957,0.19999999999999996,1.0,0.49982476234436035,0.2,0.0,1.0,30.0,0.46875,34.0,0.53125,0.53125,2.0,0.5,,,,,,,
11-9UIZ,DynaMixEMATent,,,,,,,,,,1,64,11,0.171875,53.0,0.828125,0.828125,2,0.2220751792192459,0.9947291016578674,0.9947291016578674,0.7726538777351379,0.2649417308572712,0.4366395386453686,0.29841873049736023,0.6223648743571905,124.64983367919922,0.19999999999999996,1.0,0.5037354230880737,0.2,0.0,1.0,36.0,0.5625,28.0,0.4375,0.5625,2.0,0.328125,,,,,,,
11-9UIZ,DynaMixEMATent,,,,,,,,,,2,64,40,0.625,24.0,0.375,0.625,2,0.2637535035610199,0.8427689671516418,0.8427689671516418,0.5790154933929443,0.18513411406756317,0.5620351957869443,0.25283069014549253,0.7522193274993945,178.5870475769043,0.19999999999999996,1.0,0.48951682448387146,0.2,0.0,1.0,21.0,0.328125,43.0,0.671875,0.671875,2.0,0.125,,,,,,,
11-9UIZ,DynaMixEMATent,,,,,,,,,,3,64,30,0.46875,34.0,0.53125,0.53125,2,0.1479518562555313,0.9801250100135803,0.9801250100135803,0.8321731090545654,0.10715627698359562,0.5988062200123303,0.2940375030040741,0.8482125078321066,241.31504821777344,0.19999999999999996,1.0,0.6021881699562073,0.2,0.0,1.0,27.0,0.421875,37.0,0.578125,0.578125,2.0,0.03125,,,,,,,
11-9UIZ,DynaMixEMATent,,,,,,,,,,4,64,48,0.75,16.0,0.25,0.75,2,0.17065899074077606,0.8948993682861328,0.8948993682861328,0.7242403626441956,0.07098119564984637,0.6605489938643138,0.26846981048583984,0.9029688772011064,298.58860778808594,0.19999999999999996,1.0,0.5190862417221069,0.2,0.0,1.0,46.0,0.71875,18.0,0.28125,0.71875,2.0,0.25,,,,,,,
11-9UIZ,DynaMixEMATent,,,,,,,,,,5,64,36,0.5625,28.0,0.4375,0.5625,2,0.24870599806308746,0.9715982675552368,0.9715982675552368,0.7228922843933105,0.0422944718679209,0.6662260478655081,0.29147948026657106,0.9403059323054841,360.7708969116211,0.19999999999999996,1.0,0.5593430995941162,0.2,0.0,1.0,47.0,0.734375,17.0,0.265625,0.734375,2.0,0.0625,,,,,,,
11-9UIZ,DynaMixEMATent,,,,,,,,,,6,29,7,0.2413793103448276,22.0,0.7586206896551724,0.7586206896551724,2,0.24129879474639893,0.9818667769432068,0.9818667769432068,0.7405679821968079,0.03371169638697019,0.6717282705300677,0.294560033082962,0.9522118139488193,389.2450334429741,0.19999999999999996,1.0,0.5151058435440063,0.2,0.0,1.0,18.0,0.6206896551724138,11.0,0.3793103448275862,0.6206896551724138,2.0,0.2586206896551724,,,,,,,
11-9UIZ,TEMA,,,,,,,,,,0,64,0,0.0,64.0,1.0,1.0,1,,,,,,,,,,,,,,,,,,,,,,,,,,,,,
11-9UIZ,TEMA,,,,,,,,,,1,64,11,0.171875,53.0,0.828125,0.828125,2,,,,,,,,,,,,,,,,,,,,,,,,,,,,,
11-9UIZ,TEMA,,,,,,,,,,2,64,40,0.625,24.0,0.375,0.625,2,,,,,,,,,,,,,,,,,,,,,,,,,,,,,
11-9UIZ,TEMA,,,,,,,,,,3,64,30,0.46875,34.0,0.53125,0.53125,2,,,,,,,,,,,,,,,,,,,,,,,,,,,,,
11-9UIZ,TEMA,,,,,,,,,,4,64,48,0.75,16.0,0.25,0.75,2,,,,,,,,,,,,,,,,,,,,,,,,,,,,,
11-9UIZ,TEMA,,,,,,,,,,5,64,36,0.5625,28.0,0.4375,0.5625,2,,,,,,,,,,,,,,,,,,,,,,,,,,,,,
11-9UIZ,TEMA,,,,,,,,,,6,29,7,0.2413793103448276,22.0,0.7586206896551724,0.7586206896551724,2,,,,,,,,,,,,,,,,,,,,,,,,,,,,,
11-9UIZ,DUA,,,,,,,,,,0,64,0,0.0,64.0,1.0,1.0,1,,,,,,,,,,,,,,,,,,,,,,,0.099,,,,,,
11-9UIZ,DUA,,,,,,,,,,1,64,11,0.171875,53.0,0.828125,0.828125,2,,,,,,,,,,,,,,,,,,,,,,,0.09336,,,,,,
11-9UIZ,DUA,,,,,,,,,,2,64,40,0.625,24.0,0.375,0.625,2,,,,,,,,,,,,,,,,,,,,,,,0.0880584,,,,,,
11-9UIZ,DUA,,,,,,,,,,3,64,30,0.46875,34.0,0.53125,0.53125,2,,,,,,,,,,,,,,,,,,,,,,,0.083074896,,,,,,
11-9UIZ,DUA,,,,,,,,,,4,64,48,0.75,16.0,0.25,0.75,2,,,,,,,,,,,,,,,,,,,,,,,0.07839040223999999,,,,,,
11-9UIZ,DUA,,,,,,,,,,5,64,36,0.5625,28.0,0.4375,0.5625,2,,,,,,,,,,,,,,,,,,,,,,,0.07398697810559998,,,,,,
11-9UIZ,DUA,,,,,,,,,,6,29,7,0.2413793103448276,22.0,0.7586206896551724,0.7586206896551724,2,,,,,,,,,,,,,,,,,,,,,,,0.06984775941926398,,,,,,
11-9UIZ,RoTTA,,,,,,,,,,0,64,0,0.0,64.0,1.0,1.0,1,,,,,,,,,,,,,,,,,,,,,,,,56.0,,,,,
11-9UIZ,RoTTA,,,,,,,,,,1,64,11,0.171875,53.0,0.828125,0.828125,2,,,,,,,,,,,,,,,,,,,,,,,,64.0,,,,,
11-9UIZ,RoTTA,,,,,,,,,,2,64,40,0.625,24.0,0.375,0.625,2,,,,,,,,,,,,,,,,,,,,,,,,64.0,,,,,
11-9UIZ,RoTTA,,,,,,,,,,3,64,30,0.46875,34.0,0.53125,0.53125,2,,,,,,,,,,,,,,,,,,,,,,,,64.0,,,,,
11-9UIZ,RoTTA,,,,,,,,,,4,64,48,0.75,16.0,0.25,0.75,2,,,,,,,,,,,,,,,,,,,,,,,,64.0,,,,,
11-9UIZ,RoTTA,,,,,,,,,,5,64,36,0.5625,28.0,0.4375,0.5625,2,,,,,,,,,,,,,,,,,,,,,,,,64.0,,,,,
11-9UIZ,RoTTA,,,,,,,,,,6,29,7,0.2413793103448276,22.0,0.7586206896551724,0.7586206896551724,2,,,,,,,,,,,,,,,,,,,,,,,,64.0,,,,,
11-9UIZ,NOTE,,,,,,,,,,0,64,0,0.0,64.0,1.0,1.0,1,,,,,,,,,,,,,,,,,,,,,,,,,64.0,1.0,0.5240268111228943,,
11-9UIZ,NOTE,,,,,,,,,,1,64,11,0.171875,53.0,0.828125,0.828125,2,,,,,,,,,,,,,,,,,,,,,,,,,64.0,1.0,0.5762594938278198,,
11-9UIZ,NOTE,,,,,,,,,,2,64,40,0.625,24.0,0.375,0.625,2,,,,,,,,,,,,,,,,,,,,,,,,,64.0,1.0,0.5678191781044006,,
11-9UIZ,NOTE,,,,,,,,,,3,64,30,0.46875,34.0,0.53125,0.53125,2,,,,,,,,,,,,,,,,,,,,,,,,,64.0,1.0,0.5812023282051086,,
11-9UIZ,NOTE,,,,,,,,,,4,64,48,0.75,16.0,0.25,0.75,2,,,,,,,,,,,,,,,,,,,,,,,,,64.0,1.0,0.5818603038787842,,
11-9UIZ,NOTE,,,,,,,,,,5,64,36,0.5625,28.0,0.4375,0.5625,2,,,,,,,,,,,,,,,,,,,,,,,,,64.0,1.0,0.595065176486969,,
11-9UIZ,NOTE,,,,,,,,,,6,29,7,0.2413793103448276,22.0,0.7586206896551724,0.7586206896551724,2,,,,,,,,,,,,,,,,,,,,,,,,,64.0,0.0,,,
11-9UIZ,DELTA,,,,,,,,,,0,64,0,0.0,64.0,1.0,1.0,1,,,,,,,,,,,,,,,,,,,,,,,,,,,,0.22869621217250824,10.0
11-9UIZ,DELTA,,,,,,,,,,1,64,11,0.171875,53.0,0.828125,0.828125,2,,,,,,,,,,,,,,,,,,,,,,,,,,,,0.21833166480064392,19.0
11-9UIZ,DELTA,,,,,,,,,,2,64,40,0.625,24.0,0.375,0.625,2,,,,,,,,,,,,,,,,,,,,,,,,,,,,0.14192475378513336,21.0
11-9UIZ,DELTA,,,,,,,,,,3,64,30,0.46875,34.0,0.53125,0.53125,2,,,,,,,,,,,,,,,,,,,,,,,,,,,,0.05691254138946533,48.0
11-9UIZ,DELTA,,,,,,,,,,4,64,48,0.75,16.0,0.25,0.75,2,,,,,,,,,,,,,,,,,,,,,,,,,,,,0.1209883764386177,13.0
11-9UIZ,DELTA,,,,,,,,,,5,64,36,0.5625,28.0,0.4375,0.5625,2,,,,,,,,,,,,,,,,,,,,,,,,,,,,0.17592351138591766,22.0
11-9UIZ,DELTA,,,,,,,,,,6,29,7,0.2413793103448276,22.0,0.7586206896551724,0.7586206896551724,2,,,,,,,,,,,,,,,,,,,,,,,,,,,,0.24793408811092377,15.0
12-9UN3,EMATent,0.9894834160804749,0.9894834160804749,0.70390385389328,1.0,0.20315497517585757,0.5,0.29684502482414243,0.0,0.0,0,64,22,0.34375,42.0,0.65625,0.65625,2,,,,,,,,,,,,,,,,,,,,,,,,,,,,,
12-9UN3,EMATent,0.9493937492370605,0.9493937492370605,0.6611707210540771,1.0,0.21518187522888185,0.5,0.2848181247711182,0.0,0.0,1,64,9,0.140625,55.0,0.859375,0.859375,2,,,,,,,,,,,,,,,,,,,,,,,,,,,,,
12-9UN3,EMATent,0.9435614943504333,0.9435614943504333,0.7630555033683777,1.0,0.21693155169487,0.5,0.28306844830513,0.0,0.0,2,64,10,0.15625,54.0,0.84375,0.84375,2,,,,,,,,,,,,,,,,,,,,,,,,,,,,,
12-9UN3,EMATent,0.9730843901634216,0.9730843901634216,0.7492678761482239,1.0,0.20807468295097353,0.5,0.29192531704902647,0.0,0.0,3,64,43,0.671875,21.0,0.328125,0.671875,2,,,,,,,,,,,,,,,,,,,,,,,,,,,,,
12-9UN3,EMATent,0.99396812915802,0.99396812915802,0.7141790390014648,1.0,0.201809561252594,0.5,0.298190438747406,0.0,0.0,4,64,11,0.171875,53.0,0.828125,0.828125,2,,,,,,,,,,,,,,,,,,,,,,,,,,,,,
12-9UN3,EMATent,0.9797926545143127,0.9797926545143127,0.8020168542861938,1.0,0.20606220364570618,0.5,0.2939377963542938,0.0,0.0,5,64,26,0.40625,38.0,0.59375,0.59375,2,,,,,,,,,,,,,,,,,,,,,,,,,,,,,
12-9UN3,EMATent,0.899605393409729,0.899605393409729,0.8193517327308655,1.0,0.23011838197708132,0.5,0.2698816180229187,0.0,0.0,6,29,29,1.0,,,1.0,1,,,,,,,,,,,,,,,,,,,,,,,,,,,,,
12-9UN3,DynaMixEMATent,,,,,,,,,,0,64,22,0.34375,42.0,0.65625,0.65625,2,0.204787477850914,0.9894834160804749,0.9894834160804749,0.7846959233283997,0.4287335403140136,0.27442143486184395,0.29684502482414243,0.39027162510399893,63.32693862915039,0.19999999999999996,1.0,0.5797507762908936,0.2,0.0,1.0,22.0,0.34375,42.0,0.65625,0.65625,2.0,0.15625,,,,,,,
12-9UN3,DynaMixEMATent,,,,,,,,,,1,64,9,0.140625,55.0,0.859375,0.859375,2,0.05397383123636246,0.963080644607544,0.963080644607544,0.9091068506240845,0.2678687210025684,0.4432070856151684,0.28892419338226316,0.6232909086350473,124.9640998840332,0.19999999999999996,1.0,0.631888210773468,0.2,0.0,1.0,19.0,0.296875,45.0,0.703125,0.703125,2.0,0.359375,,,,,,,
12-9UN3,DynaMixEMATent,,,,,,,,,,2,64,10,0.15625,54.0,0.84375,0.84375,2,0.1902143657207489,0.9456195831298828,0.9456195831298828,0.7554052472114563,0.16817867753670426,0.548135447524331,0.28368587493896485,0.7652165835451392,185.4837532043457,0.19999999999999996,1.0,0.5214619636535645,0.2,0.0,1.0,24.0,0.375,40.0,0.625,0.625,2.0,0.34375,,,,,,,
12-9UN3,DynaMixEMATent,,,,,,,,,,3,64,43,0.671875,21.0,0.328125,0.671875,2,0.1610567718744278,0.939941942691803,0.939941942691803,0.7788851857185364,0.1053650548718086,0.6126523623206506,0.2819825828075409,0.8532555724291486,245.6400375366211,0.19999999999999996,1.0,0.5599218606948853,0.2,0.0,1.0,29.0,0.453125,35.0,0.546875,0.546875,2.0,0.171875,,,,,,,
12-9UN3,DynaMixEMATent,,,,,,,,,,4,64,11,0.171875,53.0,0.828125,0.828125,2,0.16862958669662476,0.9977848529815674,0.9977848529815674,0.8291552662849426,0.06243175334618666,0.6382327907593431,0.2993354558944702,0.91089637135002,309.4982681274414,0.19999999999999996,1.0,0.5280439853668213,0.2,0.0,1.0,41.0,0.640625,23.0,0.359375,0.640625,2.0,0.328125,,,,,,,
12-9UN3,DynaMixEMATent,,,,,,,,,,5,64,26,0.40625,38.0,0.59375,0.59375,2,0.29064974188804626,0.9934815168380737,0.9934815168380737,0.7028318047523499,0.03806038957288285,0.6638951553756951,0.29804445505142213,0.9457794872527562,373.0810852050781,0.19999999999999996,1.0,0.5223379135131836,0.2,0.0,1.0,44.0,0.6875,20.0,0.3125,0.6875,2.0,0.09375,,,,,,,
12-9UN3,DynaMixEMATent,,,,,,,,,,6,29,29,1.0,,,1.0,1,0.2795034945011139,0.9392807483673096,0.9392807483673096,0.6597772836685181,0.03147735108836387,0.6867384244014432,0.28178422451019286,0.9561728492152696,400.3202269077301,0.19999999999999996,1.0,0.47704294323921204,0.2,0.0,1.0,21.0,0.7241379310344828,8.0,0.27586206896551724,0.7241379310344828,2.0,0.0,,,,,,,
12-9UN3,TEMA,,,,,,,,,,0,64,22,0.34375,42.0,0.65625,0.65625,2,,,,,,,,,,,,,,,,,,,,,,,,,,,,,
12-9UN3,TEMA,,,,,,,,,,1,64,9,0.140625,55.0,0.859375,0.859375,2,,,,,,,,,,,,,,,,,,,,,,,,,,,,,
12-9UN3,TEMA,,,,,,,,,,2,64,10,0.15625,54.0,0.84375,0.84375,2,,,,,,,,,,,,,,,,,,,,,,,,,,,,,
12-9UN3,TEMA,,,,,,,,,,3,64,43,0.671875,21.0,0.328125,0.671875,2,,,,,,,,,,,,,,,,,,,,,,,,,,,,,
12-9UN3,TEMA,,,,,,,,,,4,64,11,0.171875,53.0,0.828125,0.828125,2,,,,,,,,,,,,,,,,,,,,,,,,,,,,,
12-9UN3,TEMA,,,,,,,,,,5,64,26,0.40625,38.0,0.59375,0.59375,2,,,,,,,,,,,,,,,,,,,,,,,,,,,,,
12-9UN3,TEMA,,,,,,,,,,6,29,29,1.0,0.0,0.0,1.0,1,,,,,,,,,,,,,,,,,,,,,,,,,,,,,
12-9UN3,DUA,,,,,,,,,,0,64,22,0.34375,42.0,0.65625,0.65625,2,,,,,,,,,,,,,,,,,,,,,,,0.099,,,,,,
12-9UN3,DUA,,,,,,,,,,1,64,9,0.140625,55.0,0.859375,0.859375,2,,,,,,,,,,,,,,,,,,,,,,,0.09336,,,,,,
12-9UN3,DUA,,,,,,,,,,2,64,10,0.15625,54.0,0.84375,0.84375,2,,,,,,,,,,,,,,,,,,,,,,,0.0880584,,,,,,
12-9UN3,DUA,,,,,,,,,,3,64,43,0.671875,21.0,0.328125,0.671875,2,,,,,,,,,,,,,,,,,,,,,,,0.083074896,,,,,,
12-9UN3,DUA,,,,,,,,,,4,64,11,0.171875,53.0,0.828125,0.828125,2,,,,,,,,,,,,,,,,,,,,,,,0.07839040223999999,,,,,,
12-9UN3,DUA,,,,,,,,,,5,64,26,0.40625,38.0,0.59375,0.59375,2,,,,,,,,,,,,,,,,,,,,,,,0.07398697810559998,,,,,,
12-9UN3,DUA,,,,,,,,,,6,29,29,1.0,0.0,0.0,1.0,1,,,,,,,,,,,,,,,,,,,,,,,0.06984775941926398,,,,,,
12-9UN3,RoTTA,,,,,,,,,,0,64,22,0.34375,42.0,0.65625,0.65625,2,,,,,,,,,,,,,,,,,,,,,,,,56.0,,,,,
12-9UN3,RoTTA,,,,,,,,,,1,64,9,0.140625,55.0,0.859375,0.859375,2,,,,,,,,,,,,,,,,,,,,,,,,64.0,,,,,
12-9UN3,RoTTA,,,,,,,,,,2,64,10,0.15625,54.0,0.84375,0.84375,2,,,,,,,,,,,,,,,,,,,,,,,,64.0,,,,,
12-9UN3,RoTTA,,,,,,,,,,3,64,43,0.671875,21.0,0.328125,0.671875,2,,,,,,,,,,,,,,,,,,,,,,,,64.0,,,,,
12-9UN3,RoTTA,,,,,,,,,,4,64,11,0.171875,53.0,0.828125,0.828125,2,,,,,,,,,,,,,,,,,,,,,,,,64.0,,,,,
12-9UN3,RoTTA,,,,,,,,,,5,64,26,0.40625,38.0,0.59375,0.59375,2,,,,,,,,,,,,,,,,,,,,,,,,64.0,,,,,
12-9UN3,RoTTA,,,,,,,,,,6,29,29,1.0,0.0,0.0,1.0,1,,,,,,,,,,,,,,,,,,,,,,,,64.0,,,,,
12-9UN3,NOTE,,,,,,,,,,0,64,22,0.34375,42.0,0.65625,0.65625,2,,,,,,,,,,,,,,,,,,,,,,,,,64.0,1.0,0.6106586456298828,,
12-9UN3,NOTE,,,,,,,,,,1,64,9,0.140625,55.0,0.859375,0.859375,2,,,,,,,,,,,,,,,,,,,,,,,,,64.0,1.0,0.6216852068901062,,
12-9UN3,NOTE,,,,,,,,,,2,64,10,0.15625,54.0,0.84375,0.84375,2,,,,,,,,,,,,,,,,,,,,,,,,,64.0,1.0,0.5694609880447388,,
12-9UN3,NOTE,,,,,,,,,,3,64,43,0.671875,21.0,0.328125,0.671875,2,,,,,,,,,,,,,,,,,,,,,,,,,64.0,1.0,0.5486923456192017,,
12-9UN3,NOTE,,,,,,,,,,4,64,11,0.171875,53.0,0.828125,0.828125,2,,,,,,,,,,,,,,,,,,,,,,,,,64.0,1.0,0.5764954090118408,,
12-9UN3,NOTE,,,,,,,,,,5,64,26,0.40625,38.0,0.59375,0.59375,2,,,,,,,,,,,,,,,,,,,,,,,,,64.0,1.0,0.5313200950622559,,
12-9UN3,NOTE,,,,,,,,,,6,29,29,1.0,0.0,0.0,1.0,1,,,,,,,,,,,,,,,,,,,,,,,,,64.0,0.0,,,
12-9UN3,DELTA,,,,,,,,,,0,64,22,0.34375,42.0,0.65625,0.65625,2,,,,,,,,,,,,,,,,,,,,,,,,,,,,0.31389254331588745,2.0
12-9UN3,DELTA,,,,,,,,,,1,64,9,0.140625,55.0,0.859375,0.859375,2,,,,,,,,,,,,,,,,,,,,,,,,,,,,0.07973074913024902,26.0
12-9UN3,DELTA,,,,,,,,,,2,64,10,0.15625,54.0,0.84375,0.84375,2,,,,,,,,,,,,,,,,,,,,,,,,,,,,0.16301733255386353,19.0
12-9UN3,DELTA,,,,,,,,,,3,64,43,0.671875,21.0,0.328125,0.671875,2,,,,,,,,,,,,,,,,,,,,,,,,,,,,0.19409184157848358,30.0
12-9UN3,DELTA,,,,,,,,,,4,64,11,0.171875,53.0,0.828125,0.828125,2,,,,,,,,,,,,,,,,,,,,,,,,,,,,0.11030368506908417,48.0
12-9UN3,DELTA,,,,,,,,,,5,64,26,0.40625,38.0,0.59375,0.59375,2,,,,,,,,,,,,,,,,,,,,,,,,,,,,0.16005335748195648,35.0
12-9UN3,DELTA,,,,,,,,,,6,29,29,1.0,0.0,0.0,1.0,1,,,,,,,,,,,,,,,,,,,,,,,,,,,,0.22198697924613953,14.0
13-9UOF,EMATent,0.8914228081703186,0.8914228081703186,0.8074849843978882,1.0,0.23257315754890442,0.5,0.26742684245109555,0.0,0.0,0,64,22,0.34375,42.0,0.65625,0.65625,2,,,,,,,,,,,,,,,,,,,,,,,,,,,,,
13-9UOF,EMATent,0.999770998954773,0.999770998954773,0.7236205339431763,1.0,0.20006870031356813,0.5,0.2999312996864319,0.0,0.0,1,64,40,0.625,24.0,0.375,0.625,2,,,,,,,,,,,,,,,,,,,,,,,,,,,,,
13-9UOF,EMATent,0.9930559992790222,0.9930559992790222,0.6886012554168701,1.0,0.20208320021629333,0.5,0.29791679978370667,0.0,0.0,2,64,15,0.234375,49.0,0.765625,0.765625,2,,,,,,,,,,,,,,,,,,,,,,,,,,,,,
13-9UOF,EMATent,0.9342682957649231,0.9342682957649231,0.7482759952545166,1.0,0.21971951127052308,0.5,0.2802804887294769,0.0,0.0,3,64,25,0.390625,39.0,0.609375,0.609375,2,,,,,,,,,,,,,,,,,,,,,,,,,,,,,
13-9UOF,EMATent,0.959197998046875,0.959197998046875,0.8150793313980103,1.0,0.21224060058593752,0.5,0.2877593994140625,0.0,0.0,4,64,30,0.46875,34.0,0.53125,0.53125,2,,,,,,,,,,,,,,,,,,,,,,,,,,,,,
13-9UOF,EMATent,0.9617090225219727,0.9617090225219727,0.8120812177658081,1.0,0.2114872932434082,0.5,0.2885127067565918,0.0,0.0,5,64,42,0.65625,22.0,0.34375,0.65625,2,,,,,,,,,,,,,,,,,,,,,,,,,,,,,
13-9UOF,EMATent,0.9953789710998535,0.9953789710998535,0.8008303046226501,1.0,0.20138630867004395,0.5,0.298613691329956,0.0,0.0,6,29,7,0.2413793103448276,22.0,0.7586206896551724,0.7586206896551724,2,,,,,,,,,,,,,,,,,,,,,,,,,,,,,
13-9UOF,DynaMixEMATent,,,,,,,,,,0,64,22,0.34375,42.0,0.65625,0.65625,2,0.282148152589798,0.8914228081703186,0.8914228081703186,0.6092746257781982,0.46911681297264796,0.26345634457625655,0.26742684245109555,0.35963144685473813,57.05105972290039,0.19999999999999996,1.0,0.4405442178249359,0.2,0.0,1.0,49.0,0.765625,15.0,0.234375,0.765625,2.0,0.15625,,,,,,,
13-9UOF,DynaMixEMATent,,,,,,,,,,1,64,40,0.625,24.0,0.375,0.625,2,0.24388447403907776,0.9967496991157532,0.9967496991157532,0.7528652548789978,0.2727037655594964,0.42827132470577767,0.29902490973472595,0.6109651122462918,120.8430404663086,0.19999999999999996,1.0,0.5275406837463379,0.2,0.0,1.0,30.0,0.46875,34.0,0.53125,0.53125,2.0,0.125,,,,,,,
13-9UOF,DynaMixEMATent,,,,,,,,,,2,64,15,0.234375,49.0,0.765625,0.765625,2,0.12693746387958527,0.9676160216331482,0.9676160216331482,0.8406785130500793,0.17019919547647855,0.5395159980335771,0.2902848064899444,0.7601866255184417,182.77046585083008,0.19999999999999996,1.0,0.5945213437080383,0.2,0.0,1.0,30.0,0.46875,34.0,0.53125,0.53125,2.0,0.265625,,,,,,,
13-9UOF,DynaMixEMATent,,,,,,,,,,3,64,25,0.390625,39.0,0.609375,0.609375,2,0.2146044224500656,0.867531418800354,0.867531418800354,0.6529269814491272,0.1149663613625765,0.6247742129973173,0.2602594256401062,0.84458556776873,238.29247665405273,0.19999999999999996,1.0,0.5495654940605164,0.2,0.0,1.0,40.0,0.625,24.0,0.375,0.625,2.0,0.109375,,,,,,,
13-9UOF,DynaMixEMATent,,,,,,,,,,4,64,30,0.46875,34.0,0.53125,0.53125,2,0.40037843585014343,0.8889399766921997,0.8889399766921997,0.4885615110397339,0.07307230926002603,0.6602456977323141,0.2666819930076599,0.9003538593580598,295.1846351623535,0.19999999999999996,1.0,0.43814513087272644,0.2,0.0,1.0,36.0,0.5625,28.0,0.4375,0.5625,2.0,0.03125,,,,,,,
13-9UOF,DynaMixEMATent,,,,,,,,,,5,64,42,0.65625,22.0,0.34375,0.65625,2,0.4388752281665802,0.9825880527496338,0.9825880527496338,0.543712854385376,0.04299530418056044,0.6622282799945495,0.2947764158248901,0.9390330880229262,358.0702705383301,0.19999999999999996,1.0,0.4844190776348114,0.2,0.0,1.0,32.0,0.5,32.0,0.5,0.5,2.0,0.15625,,,,,,,
13-9UOF,DynaMixEMATent,,,,,,,,,,6,29,7,0.2413793103448276,22.0,0.7586206896551724,0.7586206896551724,2,0.33917704224586487,0.9957316517829895,0.9957316517829895,0.6565545797348022,0.0341201635190597,0.6671603409460435,0.29871949553489685,0.9513459117973276,386.9464884400368,0.19999999999999996,1.0,0.5198500156402588,0.2,0.0,1.0,14.0,0.4827586206896552,15.0,0.5172413793103449,0.5172413793103449,2.0,0.2586206896551724,,,,,,,
13-9UOF,TEMA,,,,,,,,,,0,64,22,0.34375,42.0,0.65625,0.65625,2,,,,,,,,,,,,,,,,,,,,,,,,,,,,,
13-9UOF,TEMA,,,,,,,,,,1,64,40,0.625,24.0,0.375,0.625,2,,,,,,,,,,,,,,,,,,,,,,,,,,,,,
13-9UOF,TEMA,,,,,,,,,,2,64,15,0.234375,49.0,0.765625,0.765625,2,,,,,,,,,,,,,,,,,,,,,,,,,,,,,
13-9UOF,TEMA,,,,,,,,,,3,64,25,0.390625,39.0,0.609375,0.609375,2,,,,,,,,,,,,,,,,,,,,,,,,,,,,,
13-9UOF,TEMA,,,,,,,,,,4,64,30,0.46875,34.0,0.53125,0.53125,2,,,,,,,,,,,,,,,,,,,,,,,,,,,,,
13-9UOF,TEMA,,,,,,,,,,5,64,42,0.65625,22.0,0.34375,0.65625,2,,,,,,,,,,,,,,,,,,,,,,,,,,,,,
13-9UOF,TEMA,,,,,,,,,,6,29,7,0.2413793103448276,22.0,0.7586206896551724,0.7586206896551724,2,,,,,,,,,,,,,,,,,,,,,,,,,,,,,
13-9UOF,DUA,,,,,,,,,,0,64,22,0.34375,42.0,0.65625,0.65625,2,,,,,,,,,,,,,,,,,,,,,,,0.099,,,,,,
13-9UOF,DUA,,,,,,,,,,1,64,40,0.625,24.0,0.375,0.625,2,,,,,,,,,,,,,,,,,,,,,,,0.09336,,,,,,
13-9UOF,DUA,,,,,,,,,,2,64,15,0.234375,49.0,0.765625,0.765625,2,,,,,,,,,,,,,,,,,,,,,,,0.0880584,,,,,,
13-9UOF,DUA,,,,,,,,,,3,64,25,0.390625,39.0,0.609375,0.609375,2,,,,,,,,,,,,,,,,,,,,,,,0.083074896,,,,,,
13-9UOF,DUA,,,,,,,,,,4,64,30,0.46875,34.0,0.53125,0.53125,2,,,,,,,,,,,,,,,,,,,,,,,0.07839040223999999,,,,,,
13-9UOF,DUA,,,,,,,,,,5,64,42,0.65625,22.0,0.34375,0.65625,2,,,,,,,,,,,,,,,,,,,,,,,0.07398697810559998,,,,,,
13-9UOF,DUA,,,,,,,,,,6,29,7,0.2413793103448276,22.0,0.7586206896551724,0.7586206896551724,2,,,,,,,,,,,,,,,,,,,,,,,0.06984775941926398,,,,,,
13-9UOF,RoTTA,,,,,,,,,,0,64,22,0.34375,42.0,0.65625,0.65625,2,,,,,,,,,,,,,,,,,,,,,,,,62.0,,,,,
13-9UOF,RoTTA,,,,,,,,,,1,64,40,0.625,24.0,0.375,0.625,2,,,,,,,,,,,,,,,,,,,,,,,,64.0,,,,,
13-9UOF,RoTTA,,,,,,,,,,2,64,15,0.234375,49.0,0.765625,0.765625,2,,,,,,,,,,,,,,,,,,,,,,,,64.0,,,,,
13-9UOF,RoTTA,,,,,,,,,,3,64,25,0.390625,39.0,0.609375,0.609375,2,,,,,,,,,,,,,,,,,,,,,,,,64.0,,,,,
13-9UOF,RoTTA,,,,,,,,,,4,64,30,0.46875,34.0,0.53125,0.53125,2,,,,,,,,,,,,,,,,,,,,,,,,64.0,,,,,
13-9UOF,RoTTA,,,,,,,,,,5,64,42,0.65625,22.0,0.34375,0.65625,2,,,,,,,,,,,,,,,,,,,,,,,,64.0,,,,,
13-9UOF,RoTTA,,,,,,,,,,6,29,7,0.2413793103448276,22.0,0.7586206896551724,0.7586206896551724,2,,,,,,,,,,,,,,,,,,,,,,,,64.0,,,,,
13-9UOF,NOTE,,,,,,,,,,0,64,22,0.34375,42.0,0.65625,0.65625,2,,,,,,,,,,,,,,,,,,,,,,,,,64.0,1.0,0.590086817741394,,
13-9UOF,NOTE,,,,,,,,,,1,64,40,0.625,24.0,0.375,0.625,2,,,,,,,,,,,,,,,,,,,,,,,,,64.0,1.0,0.49760138988494873,,
13-9UOF,NOTE,,,,,,,,,,2,64,15,0.234375,49.0,0.765625,0.765625,2,,,,,,,,,,,,,,,,,,,,,,,,,64.0,1.0,0.5518544912338257,,
13-9UOF,NOTE,,,,,,,,,,3,64,25,0.390625,39.0,0.609375,0.609375,2,,,,,,,,,,,,,,,,,,,,,,,,,64.0,1.0,0.5680015683174133,,
13-9UOF,NOTE,,,,,,,,,,4,64,30,0.46875,34.0,0.53125,0.53125,2,,,,,,,,,,,,,,,,,,,,,,,,,64.0,1.0,0.5312645435333252,,
13-9UOF,NOTE,,,,,,,,,,5,64,42,0.65625,22.0,0.34375,0.65625,2,,,,,,,,,,,,,,,,,,,,,,,,,64.0,1.0,0.5042917132377625,,
13-9UOF,NOTE,,,,,,,,,,6,29,7,0.2413793103448276,22.0,0.7586206896551724,0.7586206896551724,2,,,,,,,,,,,,,,,,,,,,,,,,,64.0,0.0,,,
13-9UOF,DELTA,,,,,,,,,,0,64,22,0.34375,42.0,0.65625,0.65625,2,,,,,,,,,,,,,,,,,,,,,,,,,,,,0.2843189239501953,4.0
13-9UOF,DELTA,,,,,,,,,,1,64,40,0.625,24.0,0.375,0.625,2,,,,,,,,,,,,,,,,,,,,,,,,,,,,0.16201314330101013,22.0
13-9UOF,DELTA,,,,,,,,,,2,64,15,0.234375,49.0,0.765625,0.765625,2,,,,,,,,,,,,,,,,,,,,,,,,,,,,0.22373662889003754,25.0
13-9UOF,DELTA,,,,,,,,,,3,64,25,0.390625,39.0,0.609375,0.609375,2,,,,,,,,,,,,,,,,,,,,,,,,,,,,0.17894968390464783,12.0
13-9UOF,DELTA,,,,,,,,,,4,64,30,0.46875,34.0,0.53125,0.53125,2,,,,,,,,,,,,,,,,,,,,,,,,,,,,0.16961298882961273,23.0
13-9UOF,DELTA,,,,,,,,,,5,64,42,0.65625,22.0,0.34375,0.65625,2,,,,,,,,,,,,,,,,,,,,,,,,,,,,0.13793763518333435,32.0
13-9UOF,DELTA,,,,,,,,,,6,29,7,0.2413793103448276,22.0,0.7586206896551724,0.7586206896551724,2,,,,,,,,,,,,,,,,,,,,,,,,,,,,0.2739940583705902,9.0
14-9UP0,EMATent,0.8187204599380493,0.8187204599380493,0.7941387891769409,1.0,0.2543838620185852,0.5,0.2456161379814148,0.0,0.0,0,64,11,0.171875,53.0,0.828125,0.828125,2,,,,,,,,,,,,,,,,,,,,,,,,,,,,,
14-9UP0,EMATent,0.9998146295547485,0.9998146295547485,0.7218810319900513,1.0,0.20005561113357545,0.5,0.29994438886642455,0.0,0.0,1,64,29,0.453125,35.0,0.546875,0.546875,2,,,,,,,,,,,,,,,,,,,,,,,,,,,,,
14-9UP0,EMATent,0.9632467031478882,0.9632467031478882,0.8022682666778564,1.0,0.21102598905563355,0.5,0.2889740109443664,0.0,0.0,2,64,64,1.0,,,1.0,1,,,,,,,,,,,,,,,,,,,,,,,,,,,,,
14-9UP0,EMATent,0.9938803315162659,0.9938803315162659,0.8197118639945984,1.0,0.20183590054512024,0.5,0.29816409945487976,0.0,0.0,3,58,3,0.05172413793103448,55.0,0.9482758620689655,0.9482758620689655,2,,,,,,,,,,,,,,,,,,,,,,,,,,,,,
14-9UP0,DynaMixEMATent,,,,,,,,,,0,64,11,0.171875,53.0,0.828125,0.828125,2,0.17268984019756317,0.8187204599380493,0.8187204599380493,0.6460306644439697,0.500967440179606,0.2534164218389791,0.2456161379814148,0.33592503047571276,52.398109436035156,0.19999999999999996,1.0,0.4643866717815399,0.2,0.0,1.0,48.0,0.75,16.0,0.25,0.75,2.0,0.328125,,,,,,,
14-9UP0,DynaMixEMATent,,,,,,,,,,1,64,29,0.453125,35.0,0.546875,0.546875,2,0.23643547296524048,0.9928117990493774,0.9928117990493774,0.756376326084137,0.2838341610388056,0.41832229924638126,0.2978435397148132,0.5957679276730945,115.93806457519531,0.19999999999999996,1.0,0.5679495334625244,0.2,0.0,1.0,27.0,0.421875,37.0,0.578125,0.578125,2.0,0.046875,,,,,,,
14-9UP0,DynaMixEMATent,,,,,,,,,,2,64,64,1.0,,,1.0,1,0.3416629731655121,0.9326545000076294,0.9326545000076294,0.5909915566444397,0.18262605368847906,0.5375775963092321,0.2797963500022888,0.7464244263562682,175.6279525756836,0.19999999999999996,1.0,0.559833288192749,0.2,0.0,1.0,35.0,0.546875,29.0,0.453125,0.546875,2.0,0.0,,,,,,,
14-9UP0,DynaMixEMATent,,,,,,,,,,3,58,3,0.05172413793103448,55.0,0.9482758620689655,0.9482758620689655,2,0.4417994022369385,0.9996885657310486,0.9996885657310486,0.5578891634941101,0.11285869360577039,0.587234736674915,0.29990656971931456,0.8387948112003816,233.6098893880844,0.19999999999999996,1.0,0.43404170870780945,0.2,0.0,1.0,23.0,0.39655172413793105,35.0,0.603448275862069,0.603448275862069,2.0,0.4482758620689655,,,,,,,
14-9UP0,TEMA,,,,,,,,,,0,64,11,0.171875,53.0,0.828125,0.828125,2,,,,,,,,,,,,,,,,,,,,,,,,,,,,,
14-9UP0,TEMA,,,,,,,,,,1,64,29,0.453125,35.0,0.546875,0.546875,2,,,,,,,,,,,,,,,,,,,,,,,,,,,,,
14-9UP0,TEMA,,,,,,,,,,2,64,64,1.0,0.0,0.0,1.0,1,,,,,,,,,,,,,,,,,,,,,,,,,,,,,
14-9UP0,TEMA,,,,,,,,,,3,58,3,0.05172413793103448,55.0,0.9482758620689655,0.9482758620689655,2,,,,,,,,,,,,,,,,,,,,,,,,,,,,,
14-9UP0,DUA,,,,,,,,,,0,64,11,0.171875,53.0,0.828125,0.828125,2,,,,,,,,,,,,,,,,,,,,,,,0.099,,,,,,
14-9UP0,DUA,,,,,,,,,,1,64,29,0.453125,35.0,0.546875,0.546875,2,,,,,,,,,,,,,,,,,,,,,,,0.09336,,,,,,
14-9UP0,DUA,,,,,,,,,,2,64,64,1.0,0.0,0.0,1.0,1,,,,,,,,,,,,,,,,,,,,,,,0.0880584,,,,,,
14-9UP0,DUA,,,,,,,,,,3,58,3,0.05172413793103448,55.0,0.9482758620689655,0.9482758620689655,2,,,,,,,,,,,,,,,,,,,,,,,0.083074896,,,,,,
14-9UP0,RoTTA,,,,,,,,,,0,64,11,0.171875,53.0,0.828125,0.828125,2,,,,,,,,,,,,,,,,,,,,,,,,63.0,,,,,
14-9UP0,RoTTA,,,,,,,,,,1,64,29,0.453125,35.0,0.546875,0.546875,2,,,,,,,,,,,,,,,,,,,,,,,,64.0,,,,,
14-9UP0,RoTTA,,,,,,,,,,2,64,64,1.0,0.0,0.0,1.0,1,,,,,,,,,,,,,,,,,,,,,,,,64.0,,,,,
14-9UP0,RoTTA,,,,,,,,,,3,58,3,0.05172413793103448,55.0,0.9482758620689655,0.9482758620689655,2,,,,,,,,,,,,,,,,,,,,,,,,64.0,,,,,
14-9UP0,NOTE,,,,,,,,,,0,64,11,0.171875,53.0,0.828125,0.828125,2,,,,,,,,,,,,,,,,,,,,,,,,,64.0,1.0,0.5706595778465271,,
14-9UP0,NOTE,,,,,,,,,,1,64,29,0.453125,35.0,0.546875,0.546875,2,,,,,,,,,,,,,,,,,,,,,,,,,64.0,1.0,0.6248826384544373,,
14-9UP0,NOTE,,,,,,,,,,2,64,64,1.0,0.0,0.0,1.0,1,,,,,,,,,,,,,,,,,,,,,,,,,64.0,1.0,0.6424689888954163,,
14-9UP0,NOTE,,,,,,,,,,3,58,3,0.05172413793103448,55.0,0.9482758620689655,0.9482758620689655,2,,,,,,,,,,,,,,,,,,,,,,,,,64.0,0.0,,,
14-9UP0,DELTA,,,,,,,,,,0,64,11,0.171875,53.0,0.828125,0.828125,2,,,,,,,,,,,,,,,,,,,,,,,,,,,,0.23734807968139648,9.0
14-9UP0,DELTA,,,,,,,,,,1,64,29,0.453125,35.0,0.546875,0.546875,2,,,,,,,,,,,,,,,,,,,,,,,,,,,,0.13804343342781067,33.0
14-9UP0,DELTA,,,,,,,,,,2,64,64,1.0,0.0,0.0,1.0,1,,,,,,,,,,,,,,,,,,,,,,,,,,,,0.12973879277706146,50.0
14-9UP0,DELTA,,,,,,,,,,3,58,3,0.05172413793103448,55.0,0.9482758620689655,0.9482758620689655,2,,,,,,,,,,,,,,,,,,,,,,,,,,,,0.13338446617126465,34.0
15-9UR2,EMATent,0.8808816075325012,0.8808816075325012,0.7523416876792908,1.0,0.23573551774024964,0.5,0.26426448225975036,0.0,0.0,0,64,22,0.34375,42.0,0.65625,0.65625,2,,,,,,,,,,,,,,,,,,,,,,,,,,,,,
15-9UR2,EMATent,0.9906035661697388,0.9906035661697388,0.638264536857605,1.0,0.20281893014907837,0.5,0.29718106985092163,0.0,0.0,1,64,17,0.265625,47.0,0.734375,0.734375,2,,,,,,,,,,,,,,,,,,,,,,,,,,,,,
15-9UR2,EMATent,0.9966409802436829,0.9966409802436829,0.7203229069709778,1.0,0.20100770592689515,0.5,0.29899229407310485,0.0,0.0,2,64,21,0.328125,43.0,0.671875,0.671875,2,,,,,,,,,,,,,,,,,,,,,,,,,,,,,
15-9UR2,EMATent,0.9991523027420044,0.9991523027420044,0.7064583897590637,1.0,0.2002543091773987,0.5,0.29974569082260133,0.0,0.0,3,64,39,0.609375,25.0,0.390625,0.609375,2,,,,,,,,,,,,,,,,,,,,,,,,,,,,,
15-9UR2,EMATent,0.9963223338127136,0.9963223338127136,0.7279860377311707,1.0,0.2011032998561859,0.5,0.2988967001438141,0.0,0.0,4,64,42,0.65625,22.0,0.34375,0.65625,2,,,,,,,,,,,,,,,,,,,,,,,,,,,,,
15-9UR2,EMATent,0.9278534650802612,0.9278534650802612,0.7504884004592896,1.0,0.22164396047592164,0.5,0.27835603952407834,0.0,0.0,5,64,43,0.671875,21.0,0.328125,0.671875,2,,,,,,,,,,,,,,,,,,,,,,,,,,,,,
15-9UR2,EMATent,0.9629217386245728,0.9629217386245728,0.6791781783103943,1.0,0.21112347841262818,0.5,0.2888765215873718,0.0,0.0,6,29,10,0.3448275862068966,19.0,0.6551724137931034,0.6551724137931034,2,,,,,,,,,,,,,,,,,,,,,,,,,,,,,
15-9UR2,DynaMixEMATent,,,,,,,,,,0,64,22,0.34375,42.0,0.65625,0.65625,2,0.1716441959142685,0.8808816075325012,0.8808816075325012,0.7092374563217163,0.47363164507425676,0.26210387266599283,0.26426448225975036,0.35624741003536575,56.37642288208008,0.19999999999999996,1.0,0.5208443403244019,0.2,0.0,1.0,14.0,0.21875,50.0,0.78125,0.78125,2.0,0.15625,,,,,,,
15-9UR2,DynaMixEMATent,,,,,,,,,,1,64,17,0.265625,47.0,0.734375,0.734375,2,0.07487144321203232,0.9760479927062988,0.9760479927062988,0.9011765122413635,0.2794513878595051,0.42773421432860537,0.2928143978118896,0.6048401056316028,118.8434944152832,0.19999999999999996,1.0,0.6064702272415161,0.2,0.0,1.0,21.0,0.328125,43.0,0.671875,0.671875,2.0,0.234375,,,,,,,
15-9UR2,DynaMixEMATent,,,,,,,,,,2,64,21,0.328125,43.0,0.671875,0.671875,2,0.24188542366027832,0.995495080947876,0.995495080947876,0.7536096572875977,0.16847659072236676,0.5328748849932704,0.2986485242843628,0.7597829382900229,182.55517959594727,0.19999999999999996,1.0,0.5460995435714722,0.2,0.0,1.0,22.0,0.34375,42.0,0.65625,0.65625,2.0,0.171875,,,,,,,
15-9UR2,DynaMixEMATent,,,,,,,,,,3,64,39,0.609375,25.0,0.390625,0.609375,2,0.17798501253128052,0.9985206127166748,0.9985206127166748,0.8205356001853943,0.1021294892200814,0.5983143269649162,0.29955618381500243,0.8541931745841732,246.46049880981445,0.19999999999999996,1.0,0.5406935214996338,0.2,0.0,1.0,40.0,0.625,24.0,0.375,0.625,2.0,0.109375,,,,,,,
15-9UR2,DynaMixEMATent,,,,,,,,,,4,64,42,0.65625,22.0,0.34375,0.65625,2,0.24247360229492188,0.9969431161880493,0.9969431161880493,0.7544695138931274,0.06208133409875208,0.6388357310448332,0.2990829348564148,0.9114284168754908,310.2648582458496,0.19999999999999996,1.0,0.5755904912948608,0.2,0.0,1.0,28.0,0.4375,36.0,0.5625,0.5625,2.0,0.15625,,,,,,,
15-9UR2,DynaMixEMATent,,,,,,,,,,5,64,43,0.671875,21.0,0.328125,0.671875,2,0.2245316058397293,0.9480462670326233,0.9480462670326233,0.7235146760940552,0.03945396765162157,0.6761321522385915,0.28441388010978697,0.9448648226188698,370.9398193359375,0.19999999999999996,1.0,0.5304738283157349,0.2,0.0,1.0,25.0,0.390625,39.0,0.609375,0.609375,2.0,0.171875,,,,,,,
15-9UR2,DynaMixEMATent,,,,,,,,,,6,29,10,0.3448275862068966,19.0,0.6551724137931034,0.6551724137931034,2,0.13256680965423584,0.9911666512489319,0.9911666512489319,0.858599841594696,0.030948680815724133,0.6717013238095964,0.29734999537467954,0.955954343397141,399.6836522221565,0.19999999999999996,1.0,0.5946515798568726,0.2,0.0,1.0,10.0,0.3448275862068966,19.0,0.6551724137931034,0.6551724137931034,2.0,0.15517241379310343,,,,,,,
15-9UR2,TEMA,,,,,,,,,,0,64,22,0.34375,42.0,0.65625,0.65625,2,,,,,,,,,,,,,,,,,,,,,,,,,,,,,
15-9UR2,TEMA,,,,,,,,,,1,64,17,0.265625,47.0,0.734375,0.734375,2,,,,,,,,,,,,,,,,,,,,,,,,,,,,,
15-9UR2,TEMA,,,,,,,,,,2,64,21,0.328125,43.0,0.671875,0.671875,2,,,,,,,,,,,,,,,,,,,,,,,,,,,,,
15-9UR2,TEMA,,,,,,,,,,3,64,39,0.609375,25.0,0.390625,0.609375,2,,,,,,,,,,,,,,,,,,,,,,,,,,,,,
15-9UR2,TEMA,,,,,,,,,,4,64,42,0.65625,22.0,0.34375,0.65625,2,,,,,,,,,,,,,,,,,,,,,,,,,,,,,
15-9UR2,TEMA,,,,,,,,,,5,64,43,0.671875,21.0,0.328125,0.671875,2,,,,,,,,,,,,,,,,,,,,,,,,,,,,,
15-9UR2,TEMA,,,,,,,,,,6,29,10,0.3448275862068966,19.0,0.6551724137931034,0.6551724137931034,2,,,,,,,,,,,,,,,,,,,,,,,,,,,,,
15-9UR2,DUA,,,,,,,,,,0,64,22,0.34375,42.0,0.65625,0.65625,2,,,,,,,,,,,,,,,,,,,,,,,0.099,,,,,,
15-9UR2,DUA,,,,,,,,,,1,64,17,0.265625,47.0,0.734375,0.734375,2,,,,,,,,,,,,,,,,,,,,,,,0.09336,,,,,,
15-9UR2,DUA,,,,,,,,,,2,64,21,0.328125,43.0,0.671875,0.671875,2,,,,,,,,,,,,,,,,,,,,,,,0.0880584,,,,,,
15-9UR2,DUA,,,,,,,,,,3,64,39,0.609375,25.0,0.390625,0.609375,2,,,,,,,,,,,,,,,,,,,,,,,0.083074896,,,,,,
15-9UR2,DUA,,,,,,,,,,4,64,42,0.65625,22.0,0.34375,0.65625,2,,,,,,,,,,,,,,,,,,,,,,,0.07839040223999999,,,,,,
15-9UR2,DUA,,,,,,,,,,5,64,43,0.671875,21.0,0.328125,0.671875,2,,,,,,,,,,,,,,,,,,,,,,,0.07398697810559998,,,,,,
15-9UR2,DUA,,,,,,,,,,6,29,10,0.3448275862068966,19.0,0.6551724137931034,0.6551724137931034,2,,,,,,,,,,,,,,,,,,,,,,,0.06984775941926398,,,,,,
15-9UR2,RoTTA,,,,,,,,,,0,64,22,0.34375,42.0,0.65625,0.65625,2,,,,,,,,,,,,,,,,,,,,,,,,62.0,,,,,
15-9UR2,RoTTA,,,,,,,,,,1,64,17,0.265625,47.0,0.734375,0.734375,2,,,,,,,,,,,,,,,,,,,,,,,,64.0,,,,,
15-9UR2,RoTTA,,,,,,,,,,2,64,21,0.328125,43.0,0.671875,0.671875,2,,,,,,,,,,,,,,,,,,,,,,,,64.0,,,,,
15-9UR2,RoTTA,,,,,,,,,,3,64,39,0.609375,25.0,0.390625,0.609375,2,,,,,,,,,,,,,,,,,,,,,,,,64.0,,,,,
15-9UR2,RoTTA,,,,,,,,,,4,64,42,0.65625,22.0,0.34375,0.65625,2,,,,,,,,,,,,,,,,,,,,,,,,64.0,,,,,
15-9UR2,RoTTA,,,,,,,,,,5,64,43,0.671875,21.0,0.328125,0.671875,2,,,,,,,,,,,,,,,,,,,,,,,,64.0,,,,,
15-9UR2,RoTTA,,,,,,,,,,6,29,10,0.3448275862068966,19.0,0.6551724137931034,0.6551724137931034,2,,,,,,,,,,,,,,,,,,,,,,,,64.0,,,,,
15-9UR2,NOTE,,,,,,,,,,0,64,22,0.34375,42.0,0.65625,0.65625,2,,,,,,,,,,,,,,,,,,,,,,,,,64.0,1.0,0.47995659708976746,,
15-9UR2,NOTE,,,,,,,,,,1,64,17,0.265625,47.0,0.734375,0.734375,2,,,,,,,,,,,,,,,,,,,,,,,,,64.0,1.0,0.5903675556182861,,
15-9UR2,NOTE,,,,,,,,,,2,64,21,0.328125,43.0,0.671875,0.671875,2,,,,,,,,,,,,,,,,,,,,,,,,,64.0,1.0,0.5510951280593872,,
15-9UR2,NOTE,,,,,,,,,,3,64,39,0.609375,25.0,0.390625,0.609375,2,,,,,,,,,,,,,,,,,,,,,,,,,64.0,1.0,0.542831540107727,,
15-9UR2,NOTE,,,,,,,,,,4,64,42,0.65625,22.0,0.34375,0.65625,2,,,,,,,,,,,,,,,,,,,,,,,,,64.0,1.0,0.6167625188827515,,
15-9UR2,NOTE,,,,,,,,,,5,64,43,0.671875,21.0,0.328125,0.671875,2,,,,,,,,,,,,,,,,,,,,,,,,,64.0,1.0,0.5475121140480042,,
15-9UR2,NOTE,,,,,,,,,,6,29,10,0.3448275862068966,19.0,0.6551724137931034,0.6551724137931034,2,,,,,,,,,,,,,,,,,,,,,,,,,64.0,0.0,,,
15-9UR2,DELTA,,,,,,,,,,0,64,22,0.34375,42.0,0.65625,0.65625,2,,,,,,,,,,,,,,,,,,,,,,,,,,,,0.20494261384010315,16.0
15-9UR2,DELTA,,,,,,,,,,1,64,17,0.265625,47.0,0.734375,0.734375,2,,,,,,,,,,,,,,,,,,,,,,,,,,,,0.15784499049186707,25.0
15-9UR2,DELTA,,,,,,,,,,2,64,21,0.328125,43.0,0.671875,0.671875,2,,,,,,,,,,,,,,,,,,,,,,,,,,,,0.16218538582324982,20.0
15-9UR2,DELTA,,,,,,,,,,3,64,39,0.609375,25.0,0.390625,0.609375,2,,,,,,,,,,,,,,,,,,,,,,,,,,,,0.23676154017448425,9.0
15-9UR2,DELTA,,,,,,,,,,4,64,42,0.65625,22.0,0.34375,0.65625,2,,,,,,,,,,,,,,,,,,,,,,,,,,,,0.22320294380187988,12.0
15-9UR2,DELTA,,,,,,,,,,5,64,43,0.671875,21.0,0.328125,0.671875,2,,,,,,,,,,,,,,,,,,,,,,,,,,,,0.19194744527339935,30.0
15-9UR2,DELTA,,,,,,,,,,6,29,10,0.3448275862068966,19.0,0.6551724137931034,0.6551724137931034,2,,,,,,,,,,,,,,,,,,,,,,,,,,,,0.24090027809143066,3.0
16-9USC,EMATent,0.7719257473945618,0.7719257473945618,0.782570481300354,1.0,0.26842227578163147,0.5,0.23157772421836853,0.0,0.0,0,64,22,0.34375,42.0,0.65625,0.65625,2,,,,,,,,,,,,,,,,,,,,,,,,,,,,,
16-9USC,EMATent,0.6318846344947815,0.6318846344947815,0.8497405052185059,1.0,0.31043460965156555,0.5,0.18956539034843445,0.0,0.0,1,64,33,0.515625,31.0,0.484375,0.515625,2,,,,,,,,,,,,,,,,,,,,,,,,,,,,,
16-9USC,EMATent,0.9850204586982727,0.9850204586982727,0.7427546977996826,1.0,0.2044938623905182,0.5,0.2955061376094818,0.0,0.0,2,64,28,0.4375,36.0,0.5625,0.5625,2,,,,,,,,,,,,,,,,,,,,,,,,,,,,,
16-9USC,EMATent,0.974144458770752,0.974144458770752,0.7777291536331177,1.0,0.20775666236877444,0.5,0.29224333763122556,0.0,0.0,3,64,53,0.828125,11.0,0.171875,0.828125,2,,,,,,,,,,,,,,,,,,,,,,,,,,,,,
16-9USC,EMATent,0.999064564704895,0.999064564704895,0.7044456601142883,1.0,0.20028063058853152,0.5,0.2997193694114685,0.0,0.0,4,64,20,0.3125,44.0,0.6875,0.6875,2,,,,,,,,,,,,,,,,,,,,,,,,,,,,,
16-9USC,EMATent,0.9326853156089783,0.9326853156089783,0.7408902645111084,1.0,0.22019440531730652,0.5,0.27980559468269345,0.0,0.0,5,64,26,0.40625,38.0,0.59375,0.59375,2,,,,,,,,,,,,,,,,,,,,,,,,,,,,,
16-9USC,EMATent,0.9978271722793579,0.9978271722793579,0.7266791462898254,1.0,0.20065184831619265,0.5,0.29934815168380735,0.0,0.0,6,29,22,0.7586206896551724,7.0,0.2413793103448276,0.7586206896551724,2,,,,,,,,,,,,,,,,,,,,,,,,,,,,,
16-9USC,DynaMixEMATent,,,,,,,,,,0,64,22,0.34375,42.0,0.65625,0.65625,2,0.11710543930530548,0.7719257473945618,0.7719257473945618,0.6548202633857727,0.5223702076670063,0.24605206811462518,0.23157772421836853,0.3202042364848722,49.40324783325195,0.19999999999999996,1.0,0.4585791230201721,0.2,0.0,1.0,12.0,0.1875,52.0,0.8125,0.8125,2.0,0.15625,,,,,,,
16-9USC,DynaMixEMATent,,,,,,,,,,1,64,33,0.515625,31.0,0.484375,0.515625,2,0.08767176419496536,0.599012017250061,0.599012017250061,0.5113402605056763,0.4133095590005834,0.4069868358243983,0.1797036051750183,0.49614607401905375,87.74001693725586,0.19999999999999996,1.0,0.4030897319316864,0.2,0.0,1.0,12.0,0.1875,52.0,0.8125,0.8125,2.0,0.015625,,,,,,,
16-9USC,DynaMixEMATent,,,,,,,,,,2,64,28,0.4375,36.0,0.5625,0.5625,2,0.1730727255344391,0.8766879439353943,0.8766879439353943,0.7036151885986328,0.2395510093462056,0.4974426074731762,0.26300638318061825,0.6749618939984477,143.8480453491211,0.19999999999999996,1.0,0.5276472568511963,0.2,0.0,1.0,35.0,0.546875,29.0,0.453125,0.546875,2.0,0.0625,,,,,,,
16-9USC,DynaMixEMATent,,,,,,,,,,3,64,53,0.828125,11.0,0.171875,0.828125,2,0.2913627624511719,0.8881063461303711,0.8881063461303711,0.5967435836791992,0.1529413329703569,0.5806267631905319,0.2664319038391113,0.7915103808756518,200.68685150146484,0.19999999999999996,1.0,0.49208569526672363,0.2,0.0,1.0,31.0,0.484375,33.0,0.515625,0.515625,2.0,0.328125,,,,,,,
16-9USC,DynaMixEMATent,,,,,,,,,,4,64,20,0.3125,44.0,0.6875,0.6875,2,0.2519432306289673,0.9303239583969116,0.9303239583969116,0.6783807277679443,0.09439388808528039,0.6265089243956461,0.2790971875190735,0.8690615621814101,260.2275848388672,0.19999999999999996,1.0,0.6046066284179688,0.2,0.0,1.0,44.0,0.6875,20.0,0.3125,0.6875,2.0,0.1875,,,,,,,
16-9USC,DynaMixEMATent,,,,,,,,,,5,64,26,0.40625,38.0,0.59375,0.59375,2,0.19856226444244385,0.8577682971954346,0.8577682971954346,0.6592060327529907,0.06332872305023113,0.6793407877911386,0.2573304891586304,0.914728257824283,315.124755859375,0.19999999999999996,1.0,0.593640923500061,0.2,0.0,1.0,17.0,0.265625,47.0,0.734375,0.734375,2.0,0.09375,,,,,,,
16-9USC,DynaMixEMATent,,,,,,,,,,6,29,22,0.7586206896551724,7.0,0.2413793103448276,0.7586206896551724,2,0.25833943486213684,0.9972555041313171,0.9972555041313171,0.7389160394668579,0.04767480212865823,0.6531485466319465,0.29917665123939513,0.9319731538440174,344.0451654791832,0.19999999999999996,1.0,0.5940757393836975,0.2,0.0,1.0,13.0,0.4482758620689655,16.0,0.5517241379310345,0.5517241379310345,2.0,0.2586206896551724,,,,,,,
16-9USC,TEMA,,,,,,,,,,0,64,22,0.34375,42.0,0.65625,0.65625,2,,,,,,,,,,,,,,,,,,,,,,,,,,,,,
16-9USC,TEMA,,,,,,,,,,1,64,33,0.515625,31.0,0.484375,0.515625,2,,,,,,,,,,,,,,,,,,,,,,,,,,,,,
16-9USC,TEMA,,,,,,,,,,2,64,28,0.4375,36.0,0.5625,0.5625,2,,,,,,,,,,,,,,,,,,,,,,,,,,,,,
16-9USC,TEMA,,,,,,,,,,3,64,53,0.828125,11.0,0.171875,0.828125,2,,,,,,,,,,,,,,,,,,,,,,,,,,,,,
16-9USC,TEMA,,,,,,,,,,4,64,20,0.3125,44.0,0.6875,0.6875,2,,,,,,,,,,,,,,,,,,,,,,,,,,,,,
16-9USC,TEMA,,,,,,,,,,5,64,26,0.40625,38.0,0.59375,0.59375,2,,,,,,,,,,,,,,,,,,,,,,,,,,,,,
16-9USC,TEMA,,,,,,,,,,6,29,22,0.7586206896551724,7.0,0.2413793103448276,0.7586206896551724,2,,,,,,,,,,,,,,,,,,,,,,,,,,,,,
16-9USC,DUA,,,,,,,,,,0,64,22,0.34375,42.0,0.65625,0.65625,2,,,,,,,,,,,,,,,,,,,,,,,0.099,,,,,,
16-9USC,DUA,,,,,,,,,,1,64,33,0.515625,31.0,0.484375,0.515625,2,,,,,,,,,,,,,,,,,,,,,,,0.09336,,,,,,
16-9USC,DUA,,,,,,,,,,2,64,28,0.4375,36.0,0.5625,0.5625,2,,,,,,,,,,,,,,,,,,,,,,,0.0880584,,,,,,
16-9USC,DUA,,,,,,,,,,3,64,53,0.828125,11.0,0.171875,0.828125,2,,,,,,,,,,,,,,,,,,,,,,,0.083074896,,,,,,
16-9USC,DUA,,,,,,,,,,4,64,20,0.3125,44.0,0.6875,0.6875,2,,,,,,,,,,,,,,,,,,,,,,,0.07839040223999999,,,,,,
16-9USC,DUA,,,,,,,,,,5,64,26,0.40625,38.0,0.59375,0.59375,2,,,,,,,,,,,,,,,,,,,,,,,0.07398697810559998,,,,,,
16-9USC,DUA,,,,,,,,,,6,29,22,0.7586206896551724,7.0,0.2413793103448276,0.7586206896551724,2,,,,,,,,,,,,,,,,,,,,,,,0.06984775941926398,,,,,,
16-9USC,RoTTA,,,,,,,,,,0,64,22,0.34375,42.0,0.65625,0.65625,2,,,,,,,,,,,,,,,,,,,,,,,,55.0,,,,,
16-9USC,RoTTA,,,,,,,,,,1,64,33,0.515625,31.0,0.484375,0.515625,2,,,,,,,,,,,,,,,,,,,,,,,,64.0,,,,,
16-9USC,RoTTA,,,,,,,,,,2,64,28,0.4375,36.0,0.5625,0.5625,2,,,,,,,,,,,,,,,,,,,,,,,,64.0,,,,,
16-9USC,RoTTA,,,,,,,,,,3,64,53,0.828125,11.0,0.171875,0.828125,2,,,,,,,,,,,,,,,,,,,,,,,,64.0,,,,,
16-9USC,RoTTA,,,,,,,,,,4,64,20,0.3125,44.0,0.6875,0.6875,2,,,,,,,,,,,,,,,,,,,,,,,,64.0,,,,,
16-9USC,RoTTA,,,,,,,,,,5,64,26,0.40625,38.0,0.59375,0.59375,2,,,,,,,,,,,,,,,,,,,,,,,,64.0,,,,,
16-9USC,RoTTA,,,,,,,,,,6,29,22,0.7586206896551724,7.0,0.2413793103448276,0.7586206896551724,2,,,,,,,,,,,,,,,,,,,,,,,,64.0,,,,,
16-9USC,NOTE,,,,,,,,,,0,64,22,0.34375,42.0,0.65625,0.65625,2,,,,,,,,,,,,,,,,,,,,,,,,,64.0,1.0,0.5511409044265747,,
16-9USC,NOTE,,,,,,,,,,1,64,33,0.515625,31.0,0.484375,0.515625,2,,,,,,,,,,,,,,,,,,,,,,,,,64.0,1.0,0.5432549715042114,,
16-9USC,NOTE,,,,,,,,,,2,64,28,0.4375,36.0,0.5625,0.5625,2,,,,,,,,,,,,,,,,,,,,,,,,,64.0,1.0,0.6165173053741455,,
16-9USC,NOTE,,,,,,,,,,3,64,53,0.828125,11.0,0.171875,0.828125,2,,,,,,,,,,,,,,,,,,,,,,,,,64.0,1.0,0.5263501405715942,,
16-9USC,NOTE,,,,,,,,,,4,64,20,0.3125,44.0,0.6875,0.6875,2,,,,,,,,,,,,,,,,,,,,,,,,,64.0,1.0,0.6093308329582214,,
16-9USC,NOTE,,,,,,,,,,5,64,26,0.40625,38.0,0.59375,0.59375,2,,,,,,,,,,,,,,,,,,,,,,,,,64.0,1.0,0.5893400311470032,,
16-9USC,NOTE,,,,,,,,,,6,29,22,0.7586206896551724,7.0,0.2413793103448276,0.7586206896551724,2,,,,,,,,,,,,,,,,,,,,,,,,,64.0,0.0,,,
16-9USC,DELTA,,,,,,,,,,0,64,22,0.34375,42.0,0.65625,0.65625,2,,,,,,,,,,,,,,,,,,,,,,,,,,,,0.23247581720352173,9.0
16-9USC,DELTA,,,,,,,,,,1,64,33,0.515625,31.0,0.484375,0.515625,2,,,,,,,,,,,,,,,,,,,,,,,,,,,,0.08909660577774048,33.0
16-9USC,DELTA,,,,,,,,,,2,64,28,0.4375,36.0,0.5625,0.5625,2,,,,,,,,,,,,,,,,,,,,,,,,,,,,0.16764552891254425,27.0
16-9USC,DELTA,,,,,,,,,,3,64,53,0.828125,11.0,0.171875,0.828125,2,,,,,,,,,,,,,,,,,,,,,,,,,,,,0.13449431955814362,22.0
16-9USC,DELTA,,,,,,,,,,4,64,20,0.3125,44.0,0.6875,0.6875,2,,,,,,,,,,,,,,,,,,,,,,,,,,,,0.16733328998088837,18.0
16-9USC,DELTA,,,,,,,,,,5,64,26,0.40625,38.0,0.59375,0.59375,2,,,,,,,,,,,,,,,,,,,,,,,,,,,,0.16537024080753326,17.0
16-9USC,DELTA,,,,,,,,,,6,29,22,0.7586206896551724,7.0,0.2413793103448276,0.7586206896551724,2,,,,,,,,,,,,,,,,,,,,,,,,,,,,0.2530786991119385,4.0
17-9UTL,EMATent,0.9672203063964844,0.9672203063964844,0.7792803049087524,1.0,0.2098339080810547,0.5,0.2901660919189453,0.0,0.0,0,64,64,1.0,,,1.0,1,,,,,,,,,,,,,,,,,,,,,,,,,,,,,
17-9UTL,EMATent,0.9999116063117981,0.9999116063117981,0.8151695132255554,1.0,0.20002651810646058,0.5,0.2999734818935394,0.0,0.0,1,64,35,0.546875,29.0,0.453125,0.546875,2,,,,,,,,,,,,,,,,,,,,,,,,,,,,,
17-9UTL,EMATent,0.9676975011825562,0.9676975011825562,0.8233606219291687,1.0,0.20969074964523315,0.5,0.29030925035476685,0.0,0.0,2,64,48,0.75,16.0,0.25,0.75,2,,,,,,,,,,,,,,,,,,,,,,,,,,,,,
17-9UTL,EMATent,0.9999788403511047,0.9999788403511047,0.8530235290527344,1.0,0.2000063478946686,0.5,0.2999936521053314,0.0,0.0,3,64,37,0.578125,27.0,0.421875,0.578125,2,,,,,,,,,,,,,,,,,,,,,,,,,,,,,
17-9UTL,EMATent,0.9948546290397644,0.9948546290397644,0.6235626935958862,1.0,0.2015436112880707,0.5,0.2984563887119293,0.0,0.0,4,64,33,0.515625,31.0,0.484375,0.515625,2,,,,,,,,,,,,,,,,,,,,,,,,,,,,,
17-9UTL,EMATent,0.999853789806366,0.999853789806366,0.7882751226425171,1.0,0.20004386305809022,0.5,0.29995613694190976,0.0,0.0,5,64,32,0.5,32.0,0.5,0.5,2,,,,,,,,,,,,,,,,,,,,,,,,,,,,,
17-9UTL,EMATent,0.7332042455673218,0.7332042455673218,0.8743892312049866,1.0,0.2800387263298035,0.5,0.21996127367019652,0.0,0.0,6,29,20,0.6896551724137931,9.0,0.3103448275862069,0.6896551724137931,2,,,,,,,,,,,,,,,,,,,,,,,,,,,,,
17-9UTL,DynaMixEMATent,,,,,,,,,,0,64,64,1.0,,,1.0,1,0.3090053200721741,0.9672203063964844,0.9672203063964844,0.6582149863243103,0.43765059214612145,0.2721833159349333,0.2901660919189453,0.3834464835171739,61.902099609375,0.19999999999999996,1.0,0.5107837915420532,0.2,0.0,1.0,30.0,0.46875,34.0,0.53125,0.53125,2.0,0.0,,,,,,,
17-9UTL,DynaMixEMATent,,,,,,,,,,1,64,35,0.546875,29.0,0.453125,0.546875,2,0.4487573504447937,0.9984234571456909,0.9984234571456909,0.5496661067008972,0.26215446375014295,0.43831849910614973,0.29952703714370726,0.6257464917972488,125.80120086669922,0.19999999999999996,1.0,0.4701026678085327,0.2,0.0,1.0,21.0,0.328125,43.0,0.671875,0.671875,2.0,0.046875,,,,,,,
17-9UTL,DynaMixEMATent,,,,,,,,,,2,64,48,0.75,16.0,0.25,0.75,2,0.4890311658382416,0.9205345511436462,0.9205345511436462,0.43150338530540466,0.17096873634840032,0.5528708983085059,0.27616036534309385,0.7638030191184018,184.71541213989258,0.19999999999999996,1.0,0.4963615834712982,0.2,0.0,1.0,32.0,0.5,32.0,0.5,0.5,2.0,0.25,,,,,,,
17-9UTL,DynaMixEMATent,,,,,,,,,,3,64,37,0.578125,27.0,0.421875,0.578125,2,0.4788154065608978,0.9942532181739807,0.9942532181739807,0.5154377818107605,0.10081875976761764,0.6009052747801881,0.2982759654521942,0.8563270533656643,248.34761810302734,0.19999999999999996,1.0,0.4501979947090149,0.2,0.0,1.0,32.0,0.5,32.0,0.5,0.5,2.0,0.078125,,,,,,,
17-9UTL,DynaMixEMATent,,,,,,,,,,4,64,33,0.515625,31.0,0.484375,0.515625,2,0.1310201734304428,0.9996971487998962,0.9996971487998962,0.8686769604682922,0.06101658906965265,0.6390742662903784,0.29990914463996887,0.9128447563591242,312.3282356262207,0.19999999999999996,1.0,0.6549228429794312,0.2,0.0,1.0,26.0,0.40625,38.0,0.59375,0.59375,2.0,0.015625,,,,,,,
17-9UTL,DynaMixEMATent,,,,,,,,,,5,64,32,0.5,32.0,0.5,0.5,2,0.29124706983566284,0.9932437539100647,0.9932437539100647,0.7019966840744019,0.0372363512137968,0.6647905226131838,0.2979731261730194,0.9469587951657618,375.89583587646484,0.19999999999999996,1.0,0.45720160007476807,0.2,0.0,1.0,44.0,0.6875,20.0,0.3125,0.6875,2.0,0.0,,,,,,,
17-9UTL,DynaMixEMATent,,,,,,,,,,6,29,20,0.6896551724137931,9.0,0.3103448275862069,0.6896551724137931,2,0.24257993698120117,0.7954658269882202,0.7954658269882202,0.552885890007019,0.03372359343776594,0.727636658465768,0.23863974809646604,0.9557061281391417,398.96434485912323,0.19999999999999996,1.0,0.3981442153453827,0.2,0.0,1.0,7.0,0.2413793103448276,22.0,0.7586206896551724,0.7586206896551724,2.0,0.18965517241379315,,,,,,,
17-9UTL,TEMA,,,,,,,,,,0,64,64,1.0,0.0,0.0,1.0,1,,,,,,,,,,,,,,,,,,,,,,,,,,,,,
17-9UTL,TEMA,,,,,,,,,,1,64,35,0.546875,29.0,0.453125,0.546875,2,,,,,,,,,,,,,,,,,,,,,,,,,,,,,
17-9UTL,TEMA,,,,,,,,,,2,64,48,0.75,16.0,0.25,0.75,2,,,,,,,,,,,,,,,,,,,,,,,,,,,,,
17-9UTL,TEMA,,,,,,,,,,3,64,37,0.578125,27.0,0.421875,0.578125,2,,,,,,,,,,,,,,,,,,,,,,,,,,,,,
17-9UTL,TEMA,,,,,,,,,,4,64,33,0.515625,31.0,0.484375,0.515625,2,,,,,,,,,,,,,,,,,,,,,,,,,,,,,
17-9UTL,TEMA,,,,,,,,,,5,64,32,0.5,32.0,0.5,0.5,2,,,,,,,,,,,,,,,,,,,,,,,,,,,,,
17-9UTL,TEMA,,,,,,,,,,6,29,20,0.6896551724137931,9.0,0.3103448275862069,0.6896551724137931,2,,,,,,,,,,,,,,,,,,,,,,,,,,,,,
17-9UTL,DUA,,,,,,,,,,0,64,64,1.0,0.0,0.0,1.0,1,,,,,,,,,,,,,,,,,,,,,,,0.099,,,,,,
17-9UTL,DUA,,,,,,,,,,1,64,35,0.546875,29.0,0.453125,0.546875,2,,,,,,,,,,,,,,,,,,,,,,,0.09336,,,,,,
17-9UTL,DUA,,,,,,,,,,2,64,48,0.75,16.0,0.25,0.75,2,,,,,,,,,,,,,,,,,,,,,,,0.0880584,,,,,,
17-9UTL,DUA,,,,,,,,,,3,64,37,0.578125,27.0,0.421875,0.578125,2,,,,,,,,,,,,,,,,,,,,,,,0.083074896,,,,,,
17-9UTL,DUA,,,,,,,,,,4,64,33,0.515625,31.0,0.484375,0.515625,2,,,,,,,,,,,,,,,,,,,,,,,0.07839040223999999,,,,,,
17-9UTL,DUA,,,,,,,,,,5,64,32,0.5,32.0,0.5,0.5,2,,,,,,,,,,,,,,,,,,,,,,,0.07398697810559998,,,,,,
17-9UTL,DUA,,,,,,,,,,6,29,20,0.6896551724137931,9.0,0.3103448275862069,0.6896551724137931,2,,,,,,,,,,,,,,,,,,,,,,,0.06984775941926398,,,,,,
17-9UTL,RoTTA,,,,,,,,,,0,64,64,1.0,0.0,0.0,1.0,1,,,,,,,,,,,,,,,,,,,,,,,,46.0,,,,,
17-9UTL,RoTTA,,,,,,,,,,1,64,35,0.546875,29.0,0.453125,0.546875,2,,,,,,,,,,,,,,,,,,,,,,,,64.0,,,,,
17-9UTL,RoTTA,,,,,,,,,,2,64,48,0.75,16.0,0.25,0.75,2,,,,,,,,,,,,,,,,,,,,,,,,64.0,,,,,
17-9UTL,RoTTA,,,,,,,,,,3,64,37,0.578125,27.0,0.421875,0.578125,2,,,,,,,,,,,,,,,,,,,,,,,,64.0,,,,,
17-9UTL,RoTTA,,,,,,,,,,4,64,33,0.515625,31.0,0.484375,0.515625,2,,,,,,,,,,,,,,,,,,,,,,,,64.0,,,,,
17-9UTL,RoTTA,,,,,,,,,,5,64,32,0.5,32.0,0.5,0.5,2,,,,,,,,,,,,,,,,,,,,,,,,64.0,,,,,
17-9UTL,RoTTA,,,,,,,,,,6,29,20,0.6896551724137931,9.0,0.3103448275862069,0.6896551724137931,2,,,,,,,,,,,,,,,,,,,,,,,,64.0,,,,,
17-9UTL,NOTE,,,,,,,,,,0,64,64,1.0,0.0,0.0,1.0,1,,,,,,,,,,,,,,,,,,,,,,,,,64.0,1.0,0.5593806505203247,,
17-9UTL,NOTE,,,,,,,,,,1,64,35,0.546875,29.0,0.453125,0.546875,2,,,,,,,,,,,,,,,,,,,,,,,,,64.0,1.0,0.5374007821083069,,
17-9UTL,NOTE,,,,,,,,,,2,64,48,0.75,16.0,0.25,0.75,2,,,,,,,,,,,,,,,,,,,,,,,,,64.0,1.0,0.5295995473861694,,
17-9UTL,NOTE,,,,,,,,,,3,64,37,0.578125,27.0,0.421875,0.578125,2,,,,,,,,,,,,,,,,,,,,,,,,,64.0,1.0,0.5746914148330688,,
17-9UTL,NOTE,,,,,,,,,,4,64,33,0.515625,31.0,0.484375,0.515625,2,,,,,,,,,,,,,,,,,,,,,,,,,64.0,1.0,0.6053355932235718,,
17-9UTL,NOTE,,,,,,,,,,5,64,32,0.5,32.0,0.5,0.5,2,,,,,,,,,,,,,,,,,,,,,,,,,64.0,1.0,0.4655032157897949,,
17-9UTL,NOTE,,,,,,,,,,6,29,20,0.6896551724137931,9.0,0.3103448275862069,0.6896551724137931,2,,,,,,,,,,,,,,,,,,,,,,,,,64.0,0.0,,,
17-9UTL,DELTA,,,,,,,,,,0,64,64,1.0,0.0,0.0,1.0,1,,,,,,,,,,,,,,,,,,,,,,,,,,,,0.2726116478443146,7.0
17-9UTL,DELTA,,,,,,,,,,1,64,35,0.546875,29.0,0.453125,0.546875,2,,,,,,,,,,,,,,,,,,,,,,,,,,,,0.20348384976387024,19.0
17-9UTL,DELTA,,,,,,,,,,2,64,48,0.75,16.0,0.25,0.75,2,,,,,,,,,,,,,,,,,,,,,,,,,,,,0.15689373016357422,18.0
17-9UTL,DELTA,,,,,,,,,,3,64,37,0.578125,27.0,0.421875,0.578125,2,,,,,,,,,,,,,,,,,,,,,,,,,,,,0.1510540395975113,30.0
17-9UTL,DELTA,,,,,,,,,,4,64,33,0.515625,31.0,0.484375,0.515625,2,,,,,,,,,,,,,,,,,,,,,,,,,,,,0.23479120433330536,9.0
17-9UTL,DELTA,,,,,,,,,,5,64,32,0.5,32.0,0.5,0.5,2,,,,,,,,,,,,,,,,,,,,,,,,,,,,0.08627191185951233,23.0
17-9UTL,DELTA,,,,,,,,,,6,29,20,0.6896551724137931,9.0,0.3103448275862069,0.6896551724137931,2,,,,,,,,,,,,,,,,,,,,,,,,,,,,0.19821858406066895,19.0
18-9UVM,EMATent,0.9303641319274902,0.9303641319274902,0.7910445928573608,1.0,0.22089076042175293,0.5,0.27910923957824707,0.0,0.0,0,64,33,0.515625,31.0,0.484375,0.515625,2,,,,,,,,,,,,,,,,,,,,,,,,,,,,,
18-9UVM,EMATent,0.8745232820510864,0.8745232820510864,0.7802324891090393,1.0,0.23764301538467408,0.5,0.2623569846153259,0.0,0.0,1,64,31,0.484375,33.0,0.515625,0.515625,2,,,,,,,,,,,,,,,,,,,,,,,,,,,,,
18-9UVM,EMATent,0.9556078314781189,0.9556078314781189,0.753629207611084,1.0,0.21331765055656435,0.5,0.2866823494434357,0.0,0.0,2,64,41,0.640625,23.0,0.359375,0.640625,2,,,,,,,,,,,,,,,,,,,,,,,,,,,,,
18-9UVM,EMATent,0.9416124224662781,0.9416124224662781,0.6950845122337341,1.0,0.21751627326011658,0.5,0.2824837267398834,0.0,0.0,3,64,42,0.65625,22.0,0.34375,0.65625,2,,,,,,,,,,,,,,,,,,,,,,,,,,,,,
18-9UVM,EMATent,0.9826359152793884,0.9826359152793884,0.8413572311401367,1.0,0.20520922541618347,0.5,0.29479077458381653,0.0,0.0,4,64,35,0.546875,29.0,0.453125,0.546875,2,,,,,,,,,,,,,,,,,,,,,,,,,,,,,
18-9UVM,EMATent,0.9647315144538879,0.9647315144538879,0.8060507774353027,1.0,0.21058054566383363,0.5,0.2894194543361664,0.0,0.0,5,64,16,0.25,48.0,0.75,0.75,2,,,,,,,,,,,,,,,,,,,,,,,,,,,,,
18-9UVM,EMATent,0.6051551103591919,0.6051551103591919,0.8737354874610901,1.0,0.3184534668922424,0.5,0.18154653310775756,0.0,0.0,6,29,6,0.20689655172413793,23.0,0.7931034482758621,0.7931034482758621,2,,,,,,,,,,,,,,,,,,,,,,,,,,,,,
18-9UVM,DynaMixEMATent,,,,,,,,,,0,64,33,0.515625,31.0,0.484375,0.515625,2,0.3141443729400635,0.9303641319274902,0.9303641319274902,0.6162197589874268,0.45273435860635963,0.2681564018153933,0.27910923957824707,0.3719792464235635,59.543304443359375,0.19999999999999996,1.0,0.4806957244873047,0.2,0.0,1.0,21.0,0.328125,43.0,0.671875,0.671875,2.0,0.015625,,,,,,,
18-9UVM,DynaMixEMATent,,,,,,,,,,1,64,31,0.484375,33.0,0.515625,0.515625,2,0.19215728342533112,0.8543972373008728,0.8543972373008728,0.6622399687767029,0.3046706218303784,0.4390102069793598,0.2563191711902618,0.5903207262744637,114.22472763061523,0.19999999999999996,1.0,0.5081703662872314,0.2,0.0,1.0,48.0,0.75,16.0,0.25,0.75,2.0,0.015625,,,,,,,
18-9UVM,DynaMixEMATent,,,,,,,,,,2,64,41,0.640625,23.0,0.359375,0.640625,2,0.23754553496837616,0.9453685283660889,0.9453685283660889,0.7078229784965515,0.18294013771071252,0.5334493037794609,0.28361055850982664,0.744635910141032,174.72831344604492,0.19999999999999996,1.0,0.48805296421051025,0.2,0.0,1.0,39.0,0.609375,25.0,0.390625,0.609375,2.0,0.140625,,,,,,,
18-9UVM,DynaMixEMATent,,,,,,,,,,3,64,42,0.65625,22.0,0.34375,0.65625,2,0.13899603486061096,0.9074845314025879,0.9074845314025879,0.7684884667396545,0.1180557233428781,0.6096989172363456,0.2722453594207764,0.8377808717936626,232.80732345581055,0.19999999999999996,1.0,0.5582572817802429,0.2,0.0,1.0,32.0,0.5,32.0,0.5,0.5,2.0,0.15625,,,,,,,
18-9UVM,DynaMixEMATent,,,,,,,,,,4,64,35,0.546875,29.0,0.453125,0.546875,2,0.4809616208076477,0.9880671501159668,0.9880671501159668,0.5071055293083191,0.06964010283209911,0.6339397521331108,0.29642014503479003,0.901020328622765,296.0436210632324,0.19999999999999996,1.0,0.3406302034854889,0.2,0.0,1.0,34.0,0.53125,30.0,0.46875,0.53125,2.0,0.046875,,,,,,,
18-9UVM,DynaMixEMATent,,,,,,,,,,5,64,16,0.25,48.0,0.75,0.75,2,0.2611442506313324,0.9357690215110779,0.9357690215110779,0.6746248006820679,0.044590040472367656,0.674679253074309,0.2807307064533234,0.9380064728573402,355.9328384399414,0.19999999999999996,1.0,0.49802806973457336,0.2,0.0,1.0,45.0,0.703125,19.0,0.296875,0.703125,2.0,0.25,,,,,,,
18-9UVM,DynaMixEMATent,,,,,,,,,,6,29,6,0.20689655172413793,23.0,0.7931034482758621,0.7931034482758621,2,0.14740976691246033,0.578280508518219,0.578280508518219,0.4308707118034363,0.04494668965769579,0.7815691577868386,0.1734841525554657,0.9456190830500536,372.70297318696976,0.19999999999999996,1.0,0.459359735250473,0.2,0.0,1.0,8.0,0.27586206896551724,21.0,0.7241379310344828,0.7241379310344828,2.0,0.2931034482758621,,,,,,,
18-9UVM,TEMA,,,,,,,,,,0,64,33,0.515625,31.0,0.484375,0.515625,2,,,,,,,,,,,,,,,,,,,,,,,,,,,,,
18-9UVM,TEMA,,,,,,,,,,1,64,31,0.484375,33.0,0.515625,0.515625,2,,,,,,,,,,,,,,,,,,,,,,,,,,,,,
18-9UVM,TEMA,,,,,,,,,,2,64,41,0.640625,23.0,0.359375,0.640625,2,,,,,,,,,,,,,,,,,,,,,,,,,,,,,
18-9UVM,TEMA,,,,,,,,,,3,64,42,0.65625,22.0,0.34375,0.65625,2,,,,,,,,,,,,,,,,,,,,,,,,,,,,,
18-9UVM,TEMA,,,,,,,,,,4,64,35,0.546875,29.0,0.453125,0.546875,2,,,,,,,,,,,,,,,,,,,,,,,,,,,,,
18-9UVM,TEMA,,,,,,,,,,5,64,16,0.25,48.0,0.75,0.75,2,,,,,,,,,,,,,,,,,,,,,,,,,,,,,
18-9UVM,TEMA,,,,,,,,,,6,29,6,0.20689655172413793,23.0,0.7931034482758621,0.7931034482758621,2,,,,,,,,,,,,,,,,,,,,,,,,,,,,,
18-9UVM,DUA,,,,,,,,,,0,64,33,0.515625,31.0,0.484375,0.515625,2,,,,,,,,,,,,,,,,,,,,,,,0.099,,,,,,
18-9UVM,DUA,,,,,,,,,,1,64,31,0.484375,33.0,0.515625,0.515625,2,,,,,,,,,,,,,,,,,,,,,,,0.09336,,,,,,
18-9UVM,DUA,,,,,,,,,,2,64,41,0.640625,23.0,0.359375,0.640625,2,,,,,,,,,,,,,,,,,,,,,,,0.0880584,,,,,,
18-9UVM,DUA,,,,,,,,,,3,64,42,0.65625,22.0,0.34375,0.65625,2,,,,,,,,,,,,,,,,,,,,,,,0.083074896,,,,,,
18-9UVM,DUA,,,,,,,,,,4,64,35,0.546875,29.0,0.453125,0.546875,2,,,,,,,,,,,,,,,,,,,,,,,0.07839040223999999,,,,,,
18-9UVM,DUA,,,,,,,,,,5,64,16,0.25,48.0,0.75,0.75,2,,,,,,,,,,,,,,,,,,,,,,,0.07398697810559998,,,,,,
18-9UVM,DUA,,,,,,,,,,6,29,6,0.20689655172413793,23.0,0.7931034482758621,0.7931034482758621,2,,,,,,,,,,,,,,,,,,,,,,,0.06984775941926398,,,,,,
18-9UVM,RoTTA,,,,,,,,,,0,64,33,0.515625,31.0,0.484375,0.515625,2,,,,,,,,,,,,,,,,,,,,,,,,62.0,,,,,
18-9UVM,RoTTA,,,,,,,,,,1,64,31,0.484375,33.0,0.515625,0.515625,2,,,,,,,,,,,,,,,,,,,,,,,,64.0,,,,,
18-9UVM,RoTTA,,,,,,,,,,2,64,41,0.640625,23.0,0.359375,0.640625,2,,,,,,,,,,,,,,,,,,,,,,,,64.0,,,,,
18-9UVM,RoTTA,,,,,,,,,,3,64,42,0.65625,22.0,0.34375,0.65625,2,,,,,,,,,,,,,,,,,,,,,,,,64.0,,,,,
18-9UVM,RoTTA,,,,,,,,,,4,64,35,0.546875,29.0,0.453125,0.546875,2,,,,,,,,,,,,,,,,,,,,,,,,64.0,,,,,
18-9UVM,RoTTA,,,,,,,,,,5,64,16,0.25,48.0,0.75,0.75,2,,,,,,,,,,,,,,,,,,,,,,,,64.0,,,,,
18-9UVM,RoTTA,,,,,,,,,,6,29,6,0.20689655172413793,23.0,0.7931034482758621,0.7931034482758621,2,,,,,,,,,,,,,,,,,,,,,,,,64.0,,,,,
18-9UVM,NOTE,,,,,,,,,,0,64,33,0.515625,31.0,0.484375,0.515625,2,,,,,,,,,,,,,,,,,,,,,,,,,64.0,1.0,0.5597364902496338,,
18-9UVM,NOTE,,,,,,,,,,1,64,31,0.484375,33.0,0.515625,0.515625,2,,,,,,,,,,,,,,,,,,,,,,,,,64.0,1.0,0.5162978172302246,,
18-9UVM,NOTE,,,,,,,,,,2,64,41,0.640625,23.0,0.359375,0.640625,2,,,,,,,,,,,,,,,,,,,,,,,,,64.0,1.0,0.5070293545722961,,
18-9UVM,NOTE,,,,,,,,,,3,64,42,0.65625,22.0,0.34375,0.65625,2,,,,,,,,,,,,,,,,,,,,,,,,,64.0,1.0,0.5424565076828003,,
18-9UVM,NOTE,,,,,,,,,,4,64,35,0.546875,29.0,0.453125,0.546875,2,,,,,,,,,,,,,,,,,,,,,,,,,64.0,1.0,0.34812116622924805,,
18-9UVM,NOTE,,,,,,,,,,5,64,16,0.25,48.0,0.75,0.75,2,,,,,,,,,,,,,,,,,,,,,,,,,64.0,1.0,0.5450521111488342,,
18-9UVM,NOTE,,,,,,,,,,6,29,6,0.20689655172413793,23.0,0.7931034482758621,0.7931034482758621,2,,,,,,,,,,,,,,,,,,,,,,,,,64.0,0.0,,,
18-9UVM,DELTA,,,,,,,,,,0,64,33,0.515625,31.0,0.484375,0.515625,2,,,,,,,,,,,,,,,,,,,,,,,,,,,,0.2634904682636261,4.0
18-9UVM,DELTA,,,,,,,,,,1,64,31,0.484375,33.0,0.515625,0.515625,2,,,,,,,,,,,,,,,,,,,,,,,,,,,,0.11363697052001953,23.0
18-9UVM,DELTA,,,,,,,,,,2,64,41,0.640625,23.0,0.359375,0.640625,2,,,,,,,,,,,,,,,,,,,,,,,,,,,,0.015191059559583664,56.0
18-9UVM,DELTA,,,,,,,,,,3,64,42,0.65625,22.0,0.34375,0.65625,2,,,,,,,,,,,,,,,,,,,,,,,,,,,,0.1655229926109314,23.0
18-9UVM,DELTA,,,,,,,,,,4,64,35,0.546875,29.0,0.453125,0.546875,2,,,,,,,,,,,,,,,,,,,,,,,,,,,,0.133309468626976,32.0
18-9UVM,DELTA,,,,,,,,,,5,64,16,0.25,48.0,0.75,0.75,2,,,,,,,,,,,,,,,,,,,,,,,,,,,,0.09001094847917557,34.0
18-9UVM,DELTA,,,,,,,,,,6,29,6,0.20689655172413793,23.0,0.7931034482758621,0.7931034482758621,2,,,,,,,,,,,,,,,,,,,,,,,,,,,,0.09990455210208893,25.0
19-9UY7,EMATent,0.9946296811103821,0.9946296811103821,0.7019593715667725,1.0,0.2016110956668854,0.5,0.2983889043331146,0.0,0.0,0,64,0,0.0,64.0,1.0,1.0,1,,,,,,,,,,,,,,,,,,,,,,,,,,,,,
19-9UY7,EMATent,0.9999879002571106,0.9999879002571106,0.7496671676635742,1.0,0.20000362992286683,0.5,0.29999637007713315,0.0,0.0,1,64,11,0.171875,53.0,0.828125,0.828125,2,,,,,,,,,,,,,,,,,,,,,,,,,,,,,
19-9UY7,EMATent,0.9769304990768433,0.9769304990768433,0.6634169816970825,1.0,0.20692085027694704,0.5,0.293079149723053,0.0,0.0,2,64,11,0.171875,53.0,0.828125,0.828125,2,,,,,,,,,,,,,,,,,,,,,,,,,,,,,
19-9UY7,EMATent,0.9976316094398499,0.9976316094398499,0.7231702208518982,1.0,0.20071051716804506,0.5,0.29928948283195494,0.0,0.0,3,64,11,0.171875,53.0,0.828125,0.828125,2,,,,,,,,,,,,,,,,,,,,,,,,,,,,,
19-9UY7,EMATent,0.995806872844696,0.995806872844696,0.685027003288269,1.0,0.2012579381465912,0.5,0.2987420618534088,0.0,0.0,4,64,22,0.34375,42.0,0.65625,0.65625,2,,,,,,,,,,,,,,,,,,,,,,,,,,,,,
19-9UY7,EMATent,0.9945679306983948,0.9945679306983948,0.7572760581970215,1.0,0.20162962079048158,0.5,0.2983703792095184,0.0,0.0,5,64,11,0.171875,53.0,0.828125,0.828125,2,,,,,,,,,,,,,,,,,,,,,,,,,,,,,
19-9UY7,EMATent,0.9471540451049805,0.9471540451049805,0.7151688933372498,1.0,0.21585378646850586,0.5,0.2841462135314941,0.0,0.0,6,29,0,0.0,29.0,1.0,1.0,1,,,,,,,,,,,,,,,,,,,,,,,,,,,,,
19-9UY7,DynaMixEMATent,,,,,,,,,,0,64,0,0.0,64.0,1.0,1.0,1,0.1683477908372879,0.9946296811103821,0.9946296811103821,0.8262818455696106,0.426692842162563,0.2749182535043224,0.2983889043331146,0.39183852023179744,63.65629959106445,0.19999999999999996,1.0,0.5751783847808838,0.2,0.0,1.0,28.0,0.4375,36.0,0.5625,0.5625,2.0,0.5,,,,,,,
19-9UY7,DynaMixEMATent,,,,,,,,,,1,64,11,0.171875,53.0,0.828125,0.828125,2,0.24706992506980896,0.9997115731239319,0.9997115731239319,0.7526416778564453,0.25827717031196584,0.4418093577508546,0.29991347193717954,0.6310782168218069,127.6378402709961,0.19999999999999996,1.0,0.5642695426940918,0.2,0.0,1.0,33.0,0.515625,31.0,0.484375,0.515625,2.0,0.328125,,,,,,,
19-9UY7,DynaMixEMATent,,,,,,,,,,2,64,11,0.171875,53.0,0.828125,0.828125,2,0.13091620802879333,0.9715704321861267,0.9715704321861267,0.840654194355011,0.1608118364236068,0.5477170339205553,0.291471129655838,0.7730341794745869,189.8183479309082,0.19999999999999996,1.0,0.5572865009307861,0.2,0.0,1.0,41.0,0.640625,23.0,0.359375,0.640625,2.0,0.328125,,,,,,,
19-9UY7,DynaMixEMATent,,,,,,,,,,3,64,11,0.171875,53.0,0.828125,0.828125,2,0.16639965772628784,0.999821662902832,0.999821662902832,0.8334220051765442,0.09637916886423903,0.6036743322649114,0.2999464988708496,0.8623259955006519,253.80693435668945,0.19999999999999996,1.0,0.5920138955116272,0.2,0.0,1.0,19.0,0.296875,45.0,0.703125,0.703125,2.0,0.328125,,,,,,,
19-9UY7,DynaMixEMATent,,,,,,,,,,4,64,22,0.34375,42.0,0.65625,0.65625,2,0.150192528963089,0.9958071708679199,0.9958071708679199,0.8456146121025085,0.05868037765997195,0.6425774710796521,0.29874215126037595,0.9163212536366778,317.5385932922363,0.19999999999999996,1.0,0.579741358757019,0.2,0.0,1.0,25.0,0.390625,39.0,0.609375,0.609375,2.0,0.15625,,,,,,,
19-9UY7,DynaMixEMATent,,,,,,,,,,5,64,11,0.171875,53.0,0.828125,0.828125,2,0.2843928337097168,0.9793347120285034,0.9793347120285034,0.6949418783187866,0.036214525009169975,0.669985061382279,0.293800413608551,0.9487191359113936,380.21601486206055,0.19999999999999996,1.0,0.5279943943023682,0.2,0.0,1.0,35.0,0.546875,29.0,0.453125,0.546875,2.0,0.328125,,,,,,,
19-9UY7,DynaMixEMATent,,,,,,,,,,6,29,0,0.0,29.0,1.0,1.0,1,0.15783251821994781,0.9517045021057129,0.9517045021057129,0.7938719987869263,0.029533019537842733,0.6849556298304434,0.28551135063171384,0.9586655161506704,407.8154454231262,0.19999999999999996,1.0,0.47752833366394043,0.2,0.0,1.0,21.0,0.7241379310344828,8.0,0.27586206896551724,0.7241379310344828,2.0,0.5,,,,,,,
19-9UY7,TEMA,,,,,,,,,,0,64,0,0.0,64.0,1.0,1.0,1,,,,,,,,,,,,,,,,,,,,,,,,,,,,,
19-9UY7,TEMA,,,,,,,,,,1,64,11,0.171875,53.0,0.828125,0.828125,2,,,,,,,,,,,,,,,,,,,,,,,,,,,,,
19-9UY7,TEMA,,,,,,,,,,2,64,11,0.171875,53.0,0.828125,0.828125,2,,,,,,,,,,,,,,,,,,,,,,,,,,,,,
19-9UY7,TEMA,,,,,,,,,,3,64,11,0.171875,53.0,0.828125,0.828125,2,,,,,,,,,,,,,,,,,,,,,,,,,,,,,
19-9UY7,TEMA,,,,,,,,,,4,64,22,0.34375,42.0,0.65625,0.65625,2,,,,,,,,,,,,,,,,,,,,,,,,,,,,,
19-9UY7,TEMA,,,,,,,,,,5,64,11,0.171875,53.0,0.828125,0.828125,2,,,,,,,,,,,,,,,,,,,,,,,,,,,,,
19-9UY7,TEMA,,,,,,,,,,6,29,0,0.0,29.0,1.0,1.0,1,,,,,,,,,,,,,,,,,,,,,,,,,,,,,
19-9UY7,DUA,,,,,,,,,,0,64,0,0.0,64.0,1.0,1.0,1,,,,,,,,,,,,,,,,,,,,,,,0.099,,,,,,
19-9UY7,DUA,,,,,,,,,,1,64,11,0.171875,53.0,0.828125,0.828125,2,,,,,,,,,,,,,,,,,,,,,,,0.09336,,,,,,
19-9UY7,DUA,,,,,,,,,,2,64,11,0.171875,53.0,0.828125,0.828125,2,,,,,,,,,,,,,,,,,,,,,,,0.0880584,,,,,,
19-9UY7,DUA,,,,,,,,,,3,64,11,0.171875,53.0,0.828125,0.828125,2,,,,,,,,,,,,,,,,,,,,,,,0.083074896,,,,,,
19-9UY7,DUA,,,,,,,,,,4,64,22,0.34375,42.0,0.65625,0.65625,2,,,,,,,,,,,,,,,,,,,,,,,0.07839040223999999,,,,,,
19-9UY7,DUA,,,,,,,,,,5,64,11,0.171875,53.0,0.828125,0.828125,2,,,,,,,,,,,,,,,,,,,,,,,0.07398697810559998,,,,,,
19-9UY7,DUA,,,,,,,,,,6,29,0,0.0,29.0,1.0,1.0,1,,,,,,,,,,,,,,,,,,,,,,,0.06984775941926398,,,,,,
19-9UY7,RoTTA,,,,,,,,,,0,64,0,0.0,64.0,1.0,1.0,1,,,,,,,,,,,,,,,,,,,,,,,,61.0,,,,,
19-9UY7,RoTTA,,,,,,,,,,1,64,11,0.171875,53.0,0.828125,0.828125,2,,,,,,,,,,,,,,,,,,,,,,,,64.0,,,,,
19-9UY7,RoTTA,,,,,,,,,,2,64,11,0.171875,53.0,0.828125,0.828125,2,,,,,,,,,,,,,,,,,,,,,,,,64.0,,,,,
19-9UY7,RoTTA,,,,,,,,,,3,64,11,0.171875,53.0,0.828125,0.828125,2,,,,,,,,,,,,,,,,,,,,,,,,64.0,,,,,
19-9UY7,RoTTA,,,,,,,,,,4,64,22,0.34375,42.0,0.65625,0.65625,2,,,,,,,,,,,,,,,,,,,,,,,,64.0,,,,,
19-9UY7,RoTTA,,,,,,,,,,5,64,11,0.171875,53.0,0.828125,0.828125,2,,,,,,,,,,,,,,,,,,,,,,,,64.0,,,,,
19-9UY7,RoTTA,,,,,,,,,,6,29,0,0.0,29.0,1.0,1.0,1,,,,,,,,,,,,,,,,,,,,,,,,64.0,,,,,
19-9UY7,NOTE,,,,,,,,,,0,64,0,0.0,64.0,1.0,1.0,1,,,,,,,,,,,,,,,,,,,,,,,,,64.0,1.0,0.5115143656730652,,
19-9UY7,NOTE,,,,,,,,,,1,64,11,0.171875,53.0,0.828125,0.828125,2,,,,,,,,,,,,,,,,,,,,,,,,,64.0,1.0,0.579026460647583,,
19-9UY7,NOTE,,,,,,,,,,2,64,11,0.171875,53.0,0.828125,0.828125,2,,,,,,,,,,,,,,,,,,,,,,,,,64.0,1.0,0.6053415536880493,,
19-9UY7,NOTE,,,,,,,,,,3,64,11,0.171875,53.0,0.828125,0.828125,2,,,,,,,,,,,,,,,,,,,,,,,,,64.0,1.0,0.6140387058258057,,
19-9UY7,NOTE,,,,,,,,,,4,64,22,0.34375,42.0,0.65625,0.65625,2,,,,,,,,,,,,,,,,,,,,,,,,,64.0,1.0,0.6037291288375854,,
19-9UY7,NOTE,,,,,,,,,,5,64,11,0.171875,53.0,0.828125,0.828125,2,,,,,,,,,,,,,,,,,,,,,,,,,64.0,1.0,0.5664173364639282,,
19-9UY7,NOTE,,,,,,,,,,6,29,0,0.0,29.0,1.0,1.0,1,,,,,,,,,,,,,,,,,,,,,,,,,64.0,0.0,,,
19-9UY7,DELTA,,,,,,,,,,0,64,0,0.0,64.0,1.0,1.0,1,,,,,,,,,,,,,,,,,,,,,,,,,,,,0.27938947081565857,14.0
19-9UY7,DELTA,,,,,,,,,,1,64,11,0.171875,53.0,0.828125,0.828125,2,,,,,,,,,,,,,,,,,,,,,,,,,,,,0.08298933506011963,37.0
19-9UY7,DELTA,,,,,,,,,,2,64,11,0.171875,53.0,0.828125,0.828125,2,,,,,,,,,,,,,,,,,,,,,,,,,,,,0.1258654147386551,26.0
19-9UY7,DELTA,,,,,,,,,,3,64,11,0.171875,53.0,0.828125,0.828125,2,,,,,,,,,,,,,,,,,,,,,,,,,,,,0.2021908313035965,11.0
19-9UY7,DELTA,,,,,,,,,,4,64,22,0.34375,42.0,0.65625,0.65625,2,,,,,,,,,,,,,,,,,,,,,,,,,,,,0.2183758169412613,13.0
19-9UY7,DELTA,,,,,,,,,,5,64,11,0.171875,53.0,0.828125,0.828125,2,,,,,,,,,,,,,,,,,,,,,,,,,,,,0.18771715462207794,22.0
19-9UY7,DELTA,,,,,,,,,,6,29,0,0.0,29.0,1.0,1.0,1,,,,,,,,,,,,,,,,,,,,,,,,,,,,0.22273679077625275,10.0
20-9V52,EMATent,0.9783063530921936,0.9783063530921936,0.7145130634307861,1.0,0.20650809407234194,0.5,0.29349190592765806,0.0,0.0,0,64,44,0.6875,20.0,0.3125,0.6875,2,,,,,,,,,,,,,,,,,,,,,,,,,,,,,
20-9V52,EMATent,0.9251512885093689,0.9251512885093689,0.6852718591690063,1.0,0.22245461344718934,0.5,0.27754538655281064,0.0,0.0,1,64,11,0.171875,53.0,0.828125,0.828125,2,,,,,,,,,,,,,,,,,,,,,,,,,,,,,
20-9V52,EMATent,0.9938770532608032,0.9938770532608032,0.6649901866912842,1.0,0.20183688402175903,0.5,0.29816311597824097,0.0,0.0,2,64,26,0.40625,38.0,0.59375,0.59375,2,,,,,,,,,,,,,,,,,,,,,,,,,,,,,
20-9V52,EMATent,0.958800196647644,0.958800196647644,0.7205648422241211,1.0,0.2123599410057068,0.5,0.2876400589942932,0.0,0.0,3,64,42,0.65625,22.0,0.34375,0.65625,2,,,,,,,,,,,,,,,,,,,,,,,,,,,,,
20-9V52,EMATent,0.9999584555625916,0.9999584555625916,0.7461668848991394,1.0,0.20001246333122255,0.5,0.2999875366687775,0.0,0.0,4,64,37,0.578125,27.0,0.421875,0.578125,2,,,,,,,,,,,,,,,,,,,,,,,,,,,,,
20-9V52,EMATent,0.7464191317558289,0.7464191317558289,0.8320138454437256,1.0,0.27607426047325134,0.5,0.22392573952674866,0.0,0.0,5,64,47,0.734375,17.0,0.265625,0.734375,2,,,,,,,,,,,,,,,,,,,,,,,,,,,,,
20-9V52,EMATent,0.9781078100204468,0.9781078100204468,0.7125760912895203,1.0,0.20656765699386598,0.5,0.293432343006134,0.0,0.0,6,29,7,0.2413793103448276,22.0,0.7586206896551724,0.7586206896551724,2,,,,,,,,,,,,,,,,,,,,,,,,,,,,,
20-9V52,DynaMixEMATent,,,,,,,,,,0,64,44,0.6875,20.0,0.3125,0.6875,2,0.2014349400997162,0.9783063530921936,0.9783063530921936,0.7768714427947998,0.43319218815924165,0.2733159059131003,0.29349190592765806,0.3868545996942456,62.61160659790039,0.19999999999999996,1.0,0.5514035820960999,0.2,0.0,1.0,40.0,0.625,24.0,0.375,0.625,2.0,0.1875,,,,,,,
20-9V52,DynaMixEMATent,,,,,,,,,,1,64,11,0.171875,53.0,0.828125,0.828125,2,0.13340143859386444,0.9106707572937012,0.9106707572937012,0.7772693037986755,0.2826363510833794,0.4441624217285102,0.27320122718811035,0.6111215901068514,120.89453506469727,0.19999999999999996,1.0,0.6255712509155273,0.2,0.0,1.0,39.0,0.609375,25.0,0.390625,0.609375,2.0,0.328125,,,,,,,
20-9V52,DynaMixEMATent,,,,,,,,,,2,64,26,0.40625,38.0,0.59375,0.59375,2,0.1246977373957634,0.9879885315895081,0.9879885315895081,0.8632908463478088,0.16695629669795387,0.5366471438251937,0.2963965594768524,0.7627125066730522,184.12580108642578,0.19999999999999996,1.0,0.5849969983100891,0.2,0.0,1.0,41.0,0.640625,23.0,0.359375,0.640625,2.0,0.09375,,,,,,,
20-9V52,DynaMixEMATent,,,,,,,,,,3,64,42,0.65625,22.0,0.34375,0.65625,2,0.14124487340450287,0.8743138909339905,0.8743138909339905,0.7330690026283264,0.11305849934033944,0.6246473333794635,0.2622941672801971,0.8467431131410322,240.08189010620117,0.19999999999999996,1.0,0.5477309226989746,0.2,0.0,1.0,41.0,0.640625,23.0,0.359375,0.640625,2.0,0.15625,,,,,,,
20-9V52,DynaMixEMATent,,,,,,,,,,4,64,37,0.578125,27.0,0.421875,0.578125,2,0.1655529886484146,0.9377970695495605,0.9377970695495605,0.7722440361976624,0.06891344445446108,0.6497474346806708,0.2813391208648682,0.9041085351168766,300.10090255737305,0.19999999999999996,1.0,0.5464015007019043,0.2,0.0,1.0,35.0,0.546875,29.0,0.453125,0.546875,2.0,0.078125,,,,,,,
20-9V52,DynaMixEMATent,,,,,,,,,,5,64,47,0.734375,17.0,0.265625,0.734375,2,0.15268345177173615,0.8589273691177368,0.8589273691177368,0.7062439322471619,0.04632958961964366,0.6959921996450353,0.25767821073532104,0.9375882665851203,355.0722541809082,0.19999999999999996,1.0,0.502834141254425,0.2,0.0,1.0,13.0,0.203125,51.0,0.796875,0.796875,2.0,0.234375,,,,,,,
20-9V52,DynaMixEMATent,,,,,,,,,,6,29,7,0.2413793103448276,22.0,0.7586206896551724,0.7586206896551724,2,0.1316034495830536,0.9889938235282898,0.9889938235282898,0.8573903441429138,0.03508295075600249,0.6682189021855106,0.2966981470584869,0.9501167946461816,383.7530750632286,0.19999999999999996,1.0,0.6176242232322693,0.2,0.0,1.0,22.0,0.7586206896551724,7.0,0.2413793103448276,0.7586206896551724,2.0,0.2586206896551724,,,,,,,
20-9V52,TEMA,,,,,,,,,,0,64,44,0.6875,20.0,0.3125,0.6875,2,,,,,,,,,,,,,,,,,,,,,,,,,,,,,
20-9V52,TEMA,,,,,,,,,,1,64,11,0.171875,53.0,0.828125,0.828125,2,,,,,,,,,,,,,,,,,,,,,,,,,,,,,
20-9V52,TEMA,,,,,,,,,,2,64,26,0.40625,38.0,0.59375,0.59375,2,,,,,,,,,,,,,,,,,,,,,,,,,,,,,
20-9V52,TEMA,,,,,,,,,,3,64,42,0.65625,22.0,0.34375,0.65625,2,,,,,,,,,,,,,,,,,,,,,,,,,,,,,
20-9V52,TEMA,,,,,,,,,,4,64,37,0.578125,27.0,0.421875,0.578125,2,,,,,,,,,,,,,,,,,,,,,,,,,,,,,
20-9V52,TEMA,,,,,,,,,,5,64,47,0.734375,17.0,0.265625,0.734375,2,,,,,,,,,,,,,,,,,,,,,,,,,,,,,
20-9V52,TEMA,,,,,,,,,,6,29,7,0.2413793103448276,22.0,0.7586206896551724,0.7586206896551724,2,,,,,,,,,,,,,,,,,,,,,,,,,,,,,
20-9V52,DUA,,,,,,,,,,0,64,44,0.6875,20.0,0.3125,0.6875,2,,,,,,,,,,,,,,,,,,,,,,,0.099,,,,,,
20-9V52,DUA,,,,,,,,,,1,64,11,0.171875,53.0,0.828125,0.828125,2,,,,,,,,,,,,,,,,,,,,,,,0.09336,,,,,,
20-9V52,DUA,,,,,,,,,,2,64,26,0.40625,38.0,0.59375,0.59375,2,,,,,,,,,,,,,,,,,,,,,,,0.0880584,,,,,,
20-9V52,DUA,,,,,,,,,,3,64,42,0.65625,22.0,0.34375,0.65625,2,,,,,,,,,,,,,,,,,,,,,,,0.083074896,,,,,,
20-9V52,DUA,,,,,,,,,,4,64,37,0.578125,27.0,0.421875,0.578125,2,,,,,,,,,,,,,,,,,,,,,,,0.07839040223999999,,,,,,
20-9V52,DUA,,,,,,,,,,5,64,47,0.734375,17.0,0.265625,0.734375,2,,,,,,,,,,,,,,,,,,,,,,,0.07398697810559998,,,,,,
20-9V52,DUA,,,,,,,,,,6,29,7,0.2413793103448276,22.0,0.7586206896551724,0.7586206896551724,2,,,,,,,,,,,,,,,,,,,,,,,0.06984775941926398,,,,,,
20-9V52,RoTTA,,,,,,,,,,0,64,44,0.6875,20.0,0.3125,0.6875,2,,,,,,,,,,,,,,,,,,,,,,,,61.0,,,,,
20-9V52,RoTTA,,,,,,,,,,1,64,11,0.171875,53.0,0.828125,0.828125,2,,,,,,,,,,,,,,,,,,,,,,,,64.0,,,,,
20-9V52,RoTTA,,,,,,,,,,2,64,26,0.40625,38.0,0.59375,0.59375,2,,,,,,,,,,,,,,,,,,,,,,,,64.0,,,,,
20-9V52,RoTTA,,,,,,,,,,3,64,42,0.65625,22.0,0.34375,0.65625,2,,,,,,,,,,,,,,,,,,,,,,,,64.0,,,,,
20-9V52,RoTTA,,,,,,,,,,4,64,37,0.578125,27.0,0.421875,0.578125,2,,,,,,,,,,,,,,,,,,,,,,,,64.0,,,,,
20-9V52,RoTTA,,,,,,,,,,5,64,47,0.734375,17.0,0.265625,0.734375,2,,,,,,,,,,,,,,,,,,,,,,,,64.0,,,,,
20-9V52,RoTTA,,,,,,,,,,6,29,7,0.2413793103448276,22.0,0.7586206896551724,0.7586206896551724,2,,,,,,,,,,,,,,,,,,,,,,,,64.0,,,,,
20-9V52,NOTE,,,,,,,,,,0,64,44,0.6875,20.0,0.3125,0.6875,2,,,,,,,,,,,,,,,,,,,,,,,,,64.0,1.0,0.6020368337631226,,
20-9V52,NOTE,,,,,,,,,,1,64,11,0.171875,53.0,0.828125,0.828125,2,,,,,,,,,,,,,,,,,,,,,,,,,64.0,1.0,0.6064360737800598,,
20-9V52,NOTE,,,,,,,,,,2,64,26,0.40625,38.0,0.59375,0.59375,2,,,,,,,,,,,,,,,,,,,,,,,,,64.0,1.0,0.6024928092956543,,
20-9V52,NOTE,,,,,,,,,,3,64,42,0.65625,22.0,0.34375,0.65625,2,,,,,,,,,,,,,,,,,,,,,,,,,64.0,1.0,0.5097451210021973,,
20-9V52,NOTE,,,,,,,,,,4,64,37,0.578125,27.0,0.421875,0.578125,2,,,,,,,,,,,,,,,,,,,,,,,,,64.0,1.0,0.5959140062332153,,
20-9V52,NOTE,,,,,,,,,,5,64,47,0.734375,17.0,0.265625,0.734375,2,,,,,,,,,,,,,,,,,,,,,,,,,64.0,1.0,0.5741516351699829,,
20-9V52,NOTE,,,,,,,,,,6,29,7,0.2413793103448276,22.0,0.7586206896551724,0.7586206896551724,2,,,,,,,,,,,,,,,,,,,,,,,,,64.0,0.0,,,
20-9V52,DELTA,,,,,,,,,,0,64,44,0.6875,20.0,0.3125,0.6875,2,,,,,,,,,,,,,,,,,,,,,,,,,,,,0.2702683210372925,3.0
20-9V52,DELTA,,,,,,,,,,1,64,11,0.171875,53.0,0.828125,0.828125,2,,,,,,,,,,,,,,,,,,,,,,,,,,,,0.22052088379859924,8.0
20-9V52,DELTA,,,,,,,,,,2,64,26,0.40625,38.0,0.59375,0.59375,2,,,,,,,,,,,,,,,,,,,,,,,,,,,,0.22982639074325562,21.0
20-9V52,DELTA,,,,,,,,,,3,64,42,0.65625,22.0,0.34375,0.65625,2,,,,,,,,,,,,,,,,,,,,,,,,,,,,0.13283993303775787,36.0
20-9V52,DELTA,,,,,,,,,,4,64,37,0.578125,27.0,0.421875,0.578125,2,,,,,,,,,,,,,,,,,,,,,,,,,,,,0.05221664905548096,51.0
20-9V52,DELTA,,,,,,,,,,5,64,47,0.734375,17.0,0.265625,0.734375,2,,,,,,,,,,,,,,,,,,,,,,,,,,,,0.0857512578368187,48.0
20-9V52,DELTA,,,,,,,,,,6,29,7,0.2413793103448276,22.0,0.7586206896551724,0.7586206896551724,2,,,,,,,,,,,,,,,,,,,,,,,,,,,,0.16294927895069122,16.0
21-9V5J,EMATent,0.9303897023200989,0.9303897023200989,0.8400110602378845,1.0,0.22088308930397035,0.5,0.2791169106960297,0.0,0.0,0,64,64,1.0,,,1.0,1,,,,,,,,,,,,,,,,,,,,,,,,,,,,,
21-9V5J,EMATent,0.8427390456199646,0.8427390456199646,0.7484044432640076,1.0,0.24717828631401062,0.5,0.2528217136859894,0.0,0.0,1,64,23,0.359375,41.0,0.640625,0.640625,2,,,,,,,,,,,,,,,,,,,,,,,,,,,,,
21-9V5J,EMATent,0.9516987800598145,0.9516987800598145,0.8388999104499817,1.0,0.21449036598205568,0.5,0.2855096340179443,0.0,0.0,2,64,22,0.34375,42.0,0.65625,0.65625,2,,,,,,,,,,,,,,,,,,,,,,,,,,,,,
21-9V5J,EMATent,0.9999908804893494,0.9999908804893494,0.7465192079544067,1.0,0.2000027358531952,0.5,0.2999972641468048,0.0,0.0,3,64,11,0.171875,53.0,0.828125,0.828125,2,,,,,,,,,,,,,,,,,,,,,,,,,,,,,
21-9V5J,EMATent,0.788567304611206,0.788567304611206,0.7770959138870239,1.0,0.2634298086166382,0.5,0.2365701913833618,0.0,0.0,4,64,44,0.6875,20.0,0.3125,0.6875,2,,,,,,,,,,,,,,,,,,,,,,,,,,,,,
21-9V5J,EMATent,0.7874203324317932,0.7874203324317932,0.7721303105354309,1.0,0.26377390027046205,0.5,0.23622609972953795,0.0,0.0,5,64,33,0.515625,31.0,0.484375,0.515625,2,,,,,,,,,,,,,,,,,,,,,,,,,,,,,
21-9V5J,EMATent,0.8092321157455444,0.8092321157455444,0.7845286130905151,1.0,0.2572303652763367,0.5,0.2427696347236633,0.0,0.0,6,29,7,0.2413793103448276,22.0,0.7586206896551724,0.7586206896551724,2,,,,,,,,,,,,,,,,,,,,,,,,,,,,,
21-9V5J,DynaMixEMATent,,,,,,,,,,0,64,64,1.0,,,1.0,1,0.4406870901584625,0.9303897023200989,0.9303897023200989,0.48970258235931396,0.4527237527861366,0.2681593365178338,0.2791169106960297,0.3719872757408528,59.54494094848633,0.19999999999999996,1.0,0.42337408661842346,0.2,0.0,1.0,24.0,0.375,40.0,0.625,0.625,2.0,0.0,,,,,,,
21-9V5J,DynaMixEMATent,,,,,,,,,,1,64,23,0.359375,41.0,0.640625,0.640625,2,0.18482761085033417,0.9252380132675171,0.9252380132675171,0.7404104471206665,0.28566069582175074,0.4367679001979942,0.2775714039802551,0.6045827955930703,118.76017379760742,0.19999999999999996,1.0,0.5028073787689209,0.2,0.0,1.0,44.0,0.6875,20.0,0.3125,0.6875,2.0,0.140625,,,,,,,
21-9V5J,DynaMixEMATent,,,,,,,,,,2,64,22,0.34375,42.0,0.65625,0.65625,2,0.40574413537979126,0.9361048340797424,0.9361048340797424,0.5303606986999512,0.17807939281688387,0.5410891569591935,0.2808314502239227,0.7523815621910451,178.67088317871094,0.19999999999999996,1.0,0.3291001319885254,0.2,0.0,1.0,41.0,0.640625,23.0,0.359375,0.640625,2.0,0.15625,,,,,,,
21-9V5J,DynaMixEMATent,,,,,,,,,,3,64,11,0.171875,53.0,0.828125,0.828125,2,0.31673482060432434,0.9998550415039062,0.9998550415039062,0.6831201910972595,0.10514587404217755,0.5948976135066506,0.2999565124511719,0.849800939638277,242.66160583496094,0.19999999999999996,1.0,0.456637978553772,0.2,0.0,1.0,31.0,0.484375,33.0,0.515625,0.515625,2.0,0.328125,,,,,,,
21-9V5J,DynaMixEMATent,,,,,,,,,,4,64,44,0.6875,20.0,0.3125,0.6875,2,0.11109773814678192,0.7344878315925598,0.7344878315925598,0.6233901381492615,0.08111047155978282,0.6985431789624492,0.22034634947776793,0.8959660209306364,289.66882705688477,0.19999999999999996,1.0,0.47505149245262146,0.2,0.0,1.0,49.0,0.765625,15.0,0.234375,0.765625,2.0,0.1875,,,,,,,
21-9V5J,DynaMixEMATent,,,,,,,,,,5,64,33,0.515625,31.0,0.484375,0.515625,2,0.0825357660651207,0.6094427108764648,0.6094427108764648,0.5269069671630859,0.06268264669043615,0.7544845400466245,0.18283281326293946,0.9232927512168871,328.6731605529785,0.19999999999999996,1.0,0.5263485908508301,0.2,0.0,1.0,38.0,0.59375,26.0,0.40625,0.59375,2.0,0.015625,,,,,,,
21-9V5J,DynaMixEMATent,,,,,,,,,,6,29,7,0.2413793103448276,22.0,0.7586206896551724,0.7586206896551724,2,0.12931151688098907,0.6210575103759766,0.6210575103759766,0.4917460083961487,0.05422288952086024,0.7594598573663468,0.18631725311279296,0.9333611413928915,346.68382835388184,0.19999999999999996,1.0,0.45288243889808655,0.2,0.0,1.0,23.0,0.7931034482758621,6.0,0.20689655172413793,0.7931034482758621,2.0,0.2586206896551724,,,,,,,
21-9V5J,TEMA,,,,,,,,,,0,64,64,1.0,0.0,0.0,1.0,1,,,,,,,,,,,,,,,,,,,,,,,,,,,,,
21-9V5J,TEMA,,,,,,,,,,1,64,23,0.359375,41.0,0.640625,0.640625,2,,,,,,,,,,,,,,,,,,,,,,,,,,,,,
21-9V5J,TEMA,,,,,,,,,,2,64,22,0.34375,42.0,0.65625,0.65625,2,,,,,,,,,,,,,,,,,,,,,,,,,,,,,
21-9V5J,TEMA,,,,,,,,,,3,64,11,0.171875,53.0,0.828125,0.828125,2,,,,,,,,,,,,,,,,,,,,,,,,,,,,,
21-9V5J,TEMA,,,,,,,,,,4,64,44,0.6875,20.0,0.3125,0.6875,2,,,,,,,,,,,,,,,,,,,,,,,,,,,,,
21-9V5J,TEMA,,,,,,,,,,5,64,33,0.515625,31.0,0.484375,0.515625,2,,,,,,,,,,,,,,,,,,,,,,,,,,,,,
21-9V5J,TEMA,,,,,,,,,,6,29,7,0.2413793103448276,22.0,0.7586206896551724,0.7586206896551724,2,,,,,,,,,,,,,,,,,,,,,,,,,,,,,
21-9V5J,DUA,,,,,,,,,,0,64,64,1.0,0.0,0.0,1.0,1,,,,,,,,,,,,,,,,,,,,,,,0.099,,,,,,
21-9V5J,DUA,,,,,,,,,,1,64,23,0.359375,41.0,0.640625,0.640625,2,,,,,,,,,,,,,,,,,,,,,,,0.09336,,,,,,
21-9V5J,DUA,,,,,,,,,,2,64,22,0.34375,42.0,0.65625,0.65625,2,,,,,,,,,,,,,,,,,,,,,,,0.0880584,,,,,,
21-9V5J,DUA,,,,,,,,,,3,64,11,0.171875,53.0,0.828125,0.828125,2,,,,,,,,,,,,,,,,,,,,,,,0.083074896,,,,,,
21-9V5J,DUA,,,,,,,,,,4,64,44,0.6875,20.0,0.3125,0.6875,2,,,,,,,,,,,,,,,,,,,,,,,0.07839040223999999,,,,,,
21-9V5J,DUA,,,,,,,,,,5,64,33,0.515625,31.0,0.484375,0.515625,2,,,,,,,,,,,,,,,,,,,,,,,0.07398697810559998,,,,,,
21-9V5J,DUA,,,,,,,,,,6,29,7,0.2413793103448276,22.0,0.7586206896551724,0.7586206896551724,2,,,,,,,,,,,,,,,,,,,,,,,0.06984775941926398,,,,,,
21-9V5J,RoTTA,,,,,,,,,,0,64,64,1.0,0.0,0.0,1.0,1,,,,,,,,,,,,,,,,,,,,,,,,53.0,,,,,
21-9V5J,RoTTA,,,,,,,,,,1,64,23,0.359375,41.0,0.640625,0.640625,2,,,,,,,,,,,,,,,,,,,,,,,,64.0,,,,,
21-9V5J,RoTTA,,,,,,,,,,2,64,22,0.34375,42.0,0.65625,0.65625,2,,,,,,,,,,,,,,,,,,,,,,,,64.0,,,,,
21-9V5J,RoTTA,,,,,,,,,,3,64,11,0.171875,53.0,0.828125,0.828125,2,,,,,,,,,,,,,,,,,,,,,,,,64.0,,,,,
21-9V5J,RoTTA,,,,,,,,,,4,64,44,0.6875,20.0,0.3125,0.6875,2,,,,,,,,,,,,,,,,,,,,,,,,64.0,,,,,
21-9V5J,RoTTA,,,,,,,,,,5,64,33,0.515625,31.0,0.484375,0.515625,2,,,,,,,,,,,,,,,,,,,,,,,,64.0,,,,,
21-9V5J,RoTTA,,,,,,,,,,6,29,7,0.2413793103448276,22.0,0.7586206896551724,0.7586206896551724,2,,,,,,,,,,,,,,,,,,,,,,,,64.0,,,,,
21-9V5J,NOTE,,,,,,,,,,0,64,64,1.0,0.0,0.0,1.0,1,,,,,,,,,,,,,,,,,,,,,,,,,64.0,1.0,0.43390899896621704,,
21-9V5J,NOTE,,,,,,,,,,1,64,23,0.359375,41.0,0.640625,0.640625,2,,,,,,,,,,,,,,,,,,,,,,,,,64.0,1.0,0.5037051439285278,,
21-9V5J,NOTE,,,,,,,,,,2,64,22,0.34375,42.0,0.65625,0.65625,2,,,,,,,,,,,,,,,,,,,,,,,,,64.0,1.0,0.4914696514606476,,
21-9V5J,NOTE,,,,,,,,,,3,64,11,0.171875,53.0,0.828125,0.828125,2,,,,,,,,,,,,,,,,,,,,,,,,,64.0,1.0,0.45126470923423767,,
21-9V5J,NOTE,,,,,,,,,,4,64,44,0.6875,20.0,0.3125,0.6875,2,,,,,,,,,,,,,,,,,,,,,,,,,64.0,1.0,0.5467734932899475,,
21-9V5J,NOTE,,,,,,,,,,5,64,33,0.515625,31.0,0.484375,0.515625,2,,,,,,,,,,,,,,,,,,,,,,,,,64.0,1.0,0.549027681350708,,
21-9V5J,NOTE,,,,,,,,,,6,29,7,0.2413793103448276,22.0,0.7586206896551724,0.7586206896551724,2,,,,,,,,,,,,,,,,,,,,,,,,,64.0,0.0,,,
21-9V5J,DELTA,,,,,,,,,,0,64,64,1.0,0.0,0.0,1.0,1,,,,,,,,,,,,,,,,,,,,,,,,,,,,0.1900085061788559,21.0
21-9V5J,DELTA,,,,,,,,,,1,64,23,0.359375,41.0,0.640625,0.640625,2,,,,,,,,,,,,,,,,,,,,,,,,,,,,0.029296880587935448,46.0
21-9V5J,DELTA,,,,,,,,,,2,64,22,0.34375,42.0,0.65625,0.65625,2,,,,,,,,,,,,,,,,,,,,,,,,,,,,0.10837291926145554,35.0
21-9V5J,DELTA,,,,,,,,,,3,64,11,0.171875,53.0,0.828125,0.828125,2,,,,,,,,,,,,,,,,,,,,,,,,,,,,0.17862653732299805,38.0
21-9V5J,DELTA,,,,,,,,,,4,64,44,0.6875,20.0,0.3125,0.6875,2,,,,,,,,,,,,,,,,,,,,,,,,,,,,0.15874488651752472,18.0
21-9V5J,DELTA,,,,,,,,,,5,64,33,0.515625,31.0,0.484375,0.515625,2,,,,,,,,,,,,,,,,,,,,,,,,,,,,0.13394029438495636,51.0
21-9V5J,DELTA,,,,,,,,,,6,29,7,0.2413793103448276,22.0,0.7586206896551724,0.7586206896551724,2,,,,,,,,,,,,,,,,,,,,,,,,,,,,0.041853565722703934,22.0
22-9V5N,EMATent,0.9999392032623291,0.9999392032623291,0.7885091304779053,1.0,0.20001823902130128,0.5,0.2999817609786987,0.0,0.0,0,64,43,0.671875,21.0,0.328125,0.671875,2,,,,,,,,,,,,,,,,,,,,,,,,,,,,,
22-9V5N,EMATent,0.9957932829856873,0.9957932829856873,0.7158997058868408,1.0,0.20126201510429384,0.5,0.2987379848957062,0.0,0.0,1,64,11,0.171875,53.0,0.828125,0.828125,2,,,,,,,,,,,,,,,,,,,,,,,,,,,,,
22-9V5N,EMATent,0.9190334677696228,0.9190334677696228,0.7391499876976013,1.0,0.22428995966911316,0.5,0.2757100403308868,0.0,0.0,2,64,6,0.09375,58.0,0.90625,0.90625,2,,,,,,,,,,,,,,,,,,,,,,,,,,,,,
22-9V5N,EMATent,0.9999304413795471,0.9999304413795471,0.7215498685836792,1.0,0.20002086758613588,0.5,0.29997913241386415,0.0,0.0,3,64,35,0.546875,29.0,0.453125,0.546875,2,,,,,,,,,,,,,,,,,,,,,,,,,,,,,
22-9V5N,EMATent,0.9880936145782471,0.9880936145782471,0.7429784536361694,1.0,0.20357191562652588,0.5,0.2964280843734741,0.0,0.0,4,64,22,0.34375,42.0,0.65625,0.65625,2,,,,,,,,,,,,,,,,,,,,,,,,,,,,,
22-9V5N,EMATent,0.9459798336029053,0.9459798336029053,0.7336277961730957,1.0,0.21620604991912842,0.5,0.28379395008087155,0.0,0.0,5,64,43,0.671875,21.0,0.328125,0.671875,2,,,,,,,,,,,,,,,,,,,,,,,,,,,,,
22-9V5N,EMATent,0.850919783115387,0.850919783115387,0.8439567685127258,1.0,0.2447240650653839,0.5,0.2552759349346161,0.0,0.0,6,29,11,0.3793103448275862,18.0,0.6206896551724138,0.6206896551724138,2,,,,,,,,,,,,,,,,,,,,,,,,,,,,,
22-9V5N,DynaMixEMATent,,,,,,,,,,0,64,43,0.671875,21.0,0.328125,0.671875,2,0.3556857407093048,0.9999392032623291,0.9999392032623291,0.6442534327507019,0.4245954311368133,0.2754228078844879,0.2999817609786987,0.39345090246442416,63.99610900878906,0.19999999999999996,1.0,0.3819105625152588,0.2,0.0,1.0,28.0,0.4375,36.0,0.5625,0.5625,2.0,0.171875,,,,,,,
22-9V5N,DynaMixEMATent,,,,,,,,,,1,64,11,0.171875,53.0,0.828125,0.828125,2,0.21293222904205322,0.9999630451202393,0.9999630451202393,0.787030816078186,0.2575322740927335,0.4424788123711947,0.29998891353607177,0.63210257798395,127.99374389648438,0.19999999999999996,1.0,0.5200062990188599,0.2,0.0,1.0,38.0,0.59375,26.0,0.40625,0.59375,2.0,0.328125,,,,,,,
22-9V5N,DynaMixEMATent,,,,,,,,,,2,64,6,0.09375,58.0,0.90625,0.90625,2,0.19917938113212585,0.9453215599060059,0.9453215599060059,0.7461421489715576,0.164289759702692,0.5521137723255063,0.28359646797180177,0.7706742745424859,188.49432373046875,0.19999999999999996,1.0,0.593893826007843,0.2,0.0,1.0,33.0,0.515625,31.0,0.484375,0.515625,2.0,0.40625,,,,,,,
22-9V5N,DynaMixEMATent,,,,,,,,,,3,64,35,0.546875,29.0,0.453125,0.546875,2,0.2167561799287796,0.9835657477378845,0.9835657477378845,0.7668095827102661,0.09885994189828537,0.6060703337803492,0.29506972432136536,0.8597592622857443,251.44253158569336,0.19999999999999996,1.0,0.6056934595108032,0.2,0.0,1.0,26.0,0.40625,38.0,0.59375,0.59375,2.0,0.046875,,,,,,,
22-9V5N,DynaMixEMATent,,,,,,,,,,4,64,22,0.34375,42.0,0.65625,0.65625,2,0.20720547437667847,0.985798180103302,0.985798180103302,0.7785927057266235,0.060331509528496,0.6439290364405135,0.2957394540309906,0.9143335376746338,314.5336151123047,0.19999999999999996,1.0,0.5006605386734009,0.2,0.0,1.0,30.0,0.46875,34.0,0.53125,0.53125,2.0,0.15625,,,,,,,
22-9V5N,DynaMixEMATent,,,,,,,,,,5,64,43,0.671875,21.0,0.328125,0.671875,2,0.20627650618553162,0.9113637804985046,0.9113637804985046,0.7050872445106506,0.03946395763062901,0.6871269082198196,0.27340913414955137,0.9456861357809145,372.860897064209,0.19999999999999996,1.0,0.5264849662780762,0.2,0.0,1.0,36.0,0.5625,28.0,0.4375,0.5625,2.0,0.171875,,,,,,,
22-9V5N,DynaMixEMATent,,,,,,,,,,6,29,11,0.3793103448275862,18.0,0.6206896551724138,0.6206896551724138,2,0.3922753632068634,0.820475161075592,0.820475161075592,0.42819976806640625,0.03399925565948393,0.7198581960178385,0.2461425483226776,0.9548996224898539,396.65467673540115,0.19999999999999996,1.0,0.2960989773273468,0.2,0.0,1.0,13.0,0.4482758620689655,16.0,0.5517241379310345,0.5517241379310345,2.0,0.12068965517241381,,,,,,,
22-9V5N,TEMA,,,,,,,,,,0,64,43,0.671875,21.0,0.328125,0.671875,2,,,,,,,,,,,,,,,,,,,,,,,,,,,,,
22-9V5N,TEMA,,,,,,,,,,1,64,11,0.171875,53.0,0.828125,0.828125,2,,,,,,,,,,,,,,,,,,,,,,,,,,,,,
22-9V5N,TEMA,,,,,,,,,,2,64,6,0.09375,58.0,0.90625,0.90625,2,,,,,,,,,,,,,,,,,,,,,,,,,,,,,
22-9V5N,TEMA,,,,,,,,,,3,64,35,0.546875,29.0,0.453125,0.546875,2,,,,,,,,,,,,,,,,,,,,,,,,,,,,,
22-9V5N,TEMA,,,,,,,,,,4,64,22,0.34375,42.0,0.65625,0.65625,2,,,,,,,,,,,,,,,,,,,,,,,,,,,,,
22-9V5N,TEMA,,,,,,,,,,5,64,43,0.671875,21.0,0.328125,0.671875,2,,,,,,,,,,,,,,,,,,,,,,,,,,,,,
22-9V5N,TEMA,,,,,,,,,,6,29,11,0.3793103448275862,18.0,0.6206896551724138,0.6206896551724138,2,,,,,,,,,,,,,,,,,,,,,,,,,,,,,
22-9V5N,DUA,,,,,,,,,,0,64,43,0.671875,21.0,0.328125,0.671875,2,,,,,,,,,,,,,,,,,,,,,,,0.099,,,,,,
22-9V5N,DUA,,,,,,,,,,1,64,11,0.171875,53.0,0.828125,0.828125,2,,,,,,,,,,,,,,,,,,,,,,,0.09336,,,,,,
22-9V5N,DUA,,,,,,,,,,2,64,6,0.09375,58.0,0.90625,0.90625,2,,,,,,,,,,,,,,,,,,,,,,,0.0880584,,,,,,
22-9V5N,DUA,,,,,,,,,,3,64,35,0.546875,29.0,0.453125,0.546875,2,,,,,,,,,,,,,,,,,,,,,,,0.083074896,,,,,,
22-9V5N,DUA,,,,,,,,,,4,64,22,0.34375,42.0,0.65625,0.65625,2,,,,,,,,,,,,,,,,,,,,,,,0.07839040223999999,,,,,,
22-9V5N,DUA,,,,,,,,,,5,64,43,0.671875,21.0,0.328125,0.671875,2,,,,,,,,,,,,,,,,,,,,,,,0.07398697810559998,,,,,,
22-9V5N,DUA,,,,,,,,,,6,29,11,0.3793103448275862,18.0,0.6206896551724138,0.6206896551724138,2,,,,,,,,,,,,,,,,,,,,,,,0.06984775941926398,,,,,,
22-9V5N,RoTTA,,,,,,,,,,0,64,43,0.671875,21.0,0.328125,0.671875,2,,,,,,,,,,,,,,,,,,,,,,,,63.0,,,,,
22-9V5N,RoTTA,,,,,,,,,,1,64,11,0.171875,53.0,0.828125,0.828125,2,,,,,,,,,,,,,,,,,,,,,,,,64.0,,,,,
22-9V5N,RoTTA,,,,,,,,,,2,64,6,0.09375,58.0,0.90625,0.90625,2,,,,,,,,,,,,,,,,,,,,,,,,64.0,,,,,
22-9V5N,RoTTA,,,,,,,,,,3,64,35,0.546875,29.0,0.453125,0.546875,2,,,,,,,,,,,,,,,,,,,,,,,,64.0,,,,,
22-9V5N,RoTTA,,,,,,,,,,4,64,22,0.34375,42.0,0.65625,0.65625,2,,,,,,,,,,,,,,,,,,,,,,,,64.0,,,,,
22-9V5N,RoTTA,,,,,,,,,,5,64,43,0.671875,21.0,0.328125,0.671875,2,,,,,,,,,,,,,,,,,,,,,,,,64.0,,,,,
22-9V5N,RoTTA,,,,,,,,,,6,29,11,0.3793103448275862,18.0,0.6206896551724138,0.6206896551724138,2,,,,,,,,,,,,,,,,,,,,,,,,64.0,,,,,
22-9V5N,NOTE,,,,,,,,,,0,64,43,0.671875,21.0,0.328125,0.671875,2,,,,,,,,,,,,,,,,,,,,,,,,,64.0,1.0,0.5278085470199585,,
22-9V5N,NOTE,,,,,,,,,,1,64,11,0.171875,53.0,0.828125,0.828125,2,,,,,,,,,,,,,,,,,,,,,,,,,64.0,1.0,0.5446215271949768,,
22-9V5N,NOTE,,,,,,,,,,2,64,6,0.09375,58.0,0.90625,0.90625,2,,,,,,,,,,,,,,,,,,,,,,,,,64.0,1.0,0.6119499206542969,,
22-9V5N,NOTE,,,,,,,,,,3,64,35,0.546875,29.0,0.453125,0.546875,2,,,,,,,,,,,,,,,,,,,,,,,,,64.0,1.0,0.5716787576675415,,
22-9V5N,NOTE,,,,,,,,,,4,64,22,0.34375,42.0,0.65625,0.65625,2,,,,,,,,,,,,,,,,,,,,,,,,,64.0,1.0,0.5144070386886597,,
22-9V5N,NOTE,,,,,,,,,,5,64,43,0.671875,21.0,0.328125,0.671875,2,,,,,,,,,,,,,,,,,,,,,,,,,64.0,1.0,0.4980071187019348,,
22-9V5N,NOTE,,,,,,,,,,6,29,11,0.3793103448275862,18.0,0.6206896551724138,0.6206896551724138,2,,,,,,,,,,,,,,,,,,,,,,,,,64.0,0.0,,,
22-9V5N,DELTA,,,,,,,,,,0,64,43,0.671875,21.0,0.328125,0.671875,2,,,,,,,,,,,,,,,,,,,,,,,,,,,,0.21277770400047302,11.0
22-9V5N,DELTA,,,,,,,,,,1,64,11,0.171875,53.0,0.828125,0.828125,2,,,,,,,,,,,,,,,,,,,,,,,,,,,,0.13942833244800568,33.0
22-9V5N,DELTA,,,,,,,,,,2,64,6,0.09375,58.0,0.90625,0.90625,2,,,,,,,,,,,,,,,,,,,,,,,,,,,,0.15108029544353485,20.0
22-9V5N,DELTA,,,,,,,,,,3,64,35,0.546875,29.0,0.453125,0.546875,2,,,,,,,,,,,,,,,,,,,,,,,,,,,,0.14514249563217163,21.0
22-9V5N,DELTA,,,,,,,,,,4,64,22,0.34375,42.0,0.65625,0.65625,2,,,,,,,,,,,,,,,,,,,,,,,,,,,,0.15613119304180145,23.0
22-9V5N,DELTA,,,,,,,,,,5,64,43,0.671875,21.0,0.328125,0.671875,2,,,,,,,,,,,,,,,,,,,,,,,,,,,,0.1883116215467453,17.0
22-9V5N,DELTA,,,,,,,,,,6,29,11,0.3793103448275862,18.0,0.6206896551724138,0.6206896551724138,2,,,,,,,,,,,,,,,,,,,,,,,,,,,,0.09581644088029861,15.0
23-9VIV,EMATent,0.9999889731407166,0.9999889731407166,0.7752491235733032,1.0,0.20000330805778505,0.5,0.29999669194221495,0.0,0.0,0,64,40,0.625,24.0,0.375,0.625,2,,,,,,,,,,,,,,,,,,,,,,,,,,,,,
23-9VIV,EMATent,0.9993371963500977,0.9993371963500977,0.749008059501648,1.0,0.20019884109497071,0.5,0.2998011589050293,0.0,0.0,1,64,21,0.328125,43.0,0.671875,0.671875,2,,,,,,,,,,,,,,,,,,,,,,,,,,,,,
23-9VIV,EMATent,0.9656741619110107,0.9656741619110107,0.8231923580169678,1.0,0.2102977514266968,0.5,0.28970224857330323,0.0,0.0,2,64,42,0.65625,22.0,0.34375,0.65625,2,,,,,,,,,,,,,,,,,,,,,,,,,,,,,
23-9VIV,EMATent,0.999909520149231,0.999909520149231,0.7862005233764648,1.0,0.20002714395523072,0.5,0.29997285604476925,0.0,0.0,3,64,35,0.546875,29.0,0.453125,0.546875,2,,,,,,,,,,,,,,,,,,,,,,,,,,,,,
23-9VIV,EMATent,0.9723606705665588,0.9723606705665588,0.7307764291763306,1.0,0.20829179883003235,0.5,0.29170820116996765,0.0,0.0,4,64,44,0.6875,20.0,0.3125,0.6875,2,,,,,,,,,,,,,,,,,,,,,,,,,,,,,
23-9VIV,EMATent,0.8888218402862549,0.8888218402862549,0.7687322497367859,1.0,0.23335344791412355,0.5,0.26664655208587645,0.0,0.0,5,64,44,0.6875,20.0,0.3125,0.6875,2,,,,,,,,,,,,,,,,,,,,,,,,,,,,,
23-9VIV,EMATent,0.6755686402320862,0.6755686402320862,0.822051465511322,1.0,0.29732940793037416,0.5,0.20267059206962584,0.0,0.0,6,29,0,0.0,29.0,1.0,1.0,1,,,,,,,,,,,,,,,,,,,,,,,,,,,,,
23-9VIV,DynaMixEMATent,,,,,,,,,,0,64,40,0.625,24.0,0.375,0.625,2,0.31929275393486023,0.9999889731407166,0.9999889731407166,0.6806962490081787,0.4245758090997121,0.2754274989580729,0.29999669194221495,0.39346599621403,63.99929428100586,0.19999999999999996,1.0,0.5586919784545898,0.2,0.0,1.0,38.0,0.59375,26.0,0.40625,0.59375,2.0,0.125,,,,,,,
23-9VIV,DynaMixEMATent,,,,,,,,,,1,64,21,0.328125,43.0,0.671875,0.671875,2,0.290744811296463,0.9979576468467712,0.9979576468467712,0.7072128057479858,0.2580057667488624,0.4426069391971062,0.29938729405403136,0.6317426667269722,127.86858367919922,0.19999999999999996,1.0,0.5049737095832825,0.2,0.0,1.0,27.0,0.421875,37.0,0.578125,0.578125,2.0,0.171875,,,,,,,
23-9VIV,DynaMixEMATent,,,,,,,,,,2,64,42,0.65625,22.0,0.34375,0.65625,2,0.4403225779533386,0.9702418446540833,0.9702418446540833,0.5299192667007446,0.16071923440515792,0.5482082121986172,0.29107255339622495,0.7732924078830522,189.96406173706055,0.19999999999999996,1.0,0.4142290949821472,0.2,0.0,1.0,25.0,0.390625,39.0,0.609375,0.609375,2.0,0.15625,,,,,,,
23-9VIV,DynaMixEMATent,,,,,,,,,,3,64,35,0.546875,29.0,0.453125,0.546875,2,0.3369654417037964,0.993804395198822,0.993804395198822,0.6568389534950256,0.09680858180379737,0.605050099636556,0.2981413185596466,0.8620682704884024,253.56754302978516,0.19999999999999996,1.0,0.4552449584007263,0.2,0.0,1.0,30.0,0.46875,34.0,0.53125,0.53125,2.0,0.046875,,,,,,,
23-9VIV,DynaMixEMATent,,,,,,,,,,4,64,44,0.6875,20.0,0.3125,0.6875,2,0.2501053512096405,0.9700832962989807,0.9700832962989807,0.7199779152870178,0.060206613349247866,0.648768397761058,0.2910249888896942,0.9150793576561183,315.6528739929199,0.19999999999999996,1.0,0.5665910840034485,0.2,0.0,1.0,35.0,0.546875,29.0,0.453125,0.546875,2.0,0.1875,,,,,,,
23-9VIV,DynaMixEMATent,,,,,,,,,,5,64,44,0.6875,20.0,0.3125,0.6875,2,0.20158812403678894,0.8360965847969055,0.8360965847969055,0.6345084309577942,0.04188303800913248,0.7072879865517959,0.2508289754390716,0.9440941565596732,369.1630554199219,0.19999999999999996,1.0,0.5787279605865479,0.2,0.0,1.0,22.0,0.34375,42.0,0.65625,0.65625,2.0,0.1875,,,,,,,
23-9VIV,DynaMixEMATent,,,,,,,,,,6,29,0,0.0,29.0,1.0,1.0,1,0.10916409641504288,0.6835071444511414,0.6835071444511414,0.5743430852890015,0.03806644043582798,0.7568814162288297,0.2050521433353424,0.9521145442223816,388.984762609005,0.19999999999999996,1.0,0.49320805072784424,0.2,0.0,1.0,1.0,0.034482758620689655,28.0,0.9655172413793104,0.9655172413793104,2.0,0.5,,,,,,,
23-9VIV,TEMA,,,,,,,,,,0,64,40,0.625,24.0,0.375,0.625,2,,,,,,,,,,,,,,,,,,,,,,,,,,,,,
23-9VIV,TEMA,,,,,,,,,,1,64,21,0.328125,43.0,0.671875,0.671875,2,,,,,,,,,,,,,,,,,,,,,,,,,,,,,
23-9VIV,TEMA,,,,,,,,,,2,64,42,0.65625,22.0,0.34375,0.65625,2,,,,,,,,,,,,,,,,,,,,,,,,,,,,,
23-9VIV,TEMA,,,,,,,,,,3,64,35,0.546875,29.0,0.453125,0.546875,2,,,,,,,,,,,,,,,,,,,,,,,,,,,,,
23-9VIV,TEMA,,,,,,,,,,4,64,44,0.6875,20.0,0.3125,0.6875,2,,,,,,,,,,,,,,,,,,,,,,,,,,,,,
23-9VIV,TEMA,,,,,,,,,,5,64,44,0.6875,20.0,0.3125,0.6875,2,,,,,,,,,,,,,,,,,,,,,,,,,,,,,
23-9VIV,TEMA,,,,,,,,,,6,29,0,0.0,29.0,1.0,1.0,1,,,,,,,,,,,,,,,,,,,,,,,,,,,,,
23-9VIV,DUA,,,,,,,,,,0,64,40,0.625,24.0,0.375,0.625,2,,,,,,,,,,,,,,,,,,,,,,,0.099,,,,,,
23-9VIV,DUA,,,,,,,,,,1,64,21,0.328125,43.0,0.671875,0.671875,2,,,,,,,,,,,,,,,,,,,,,,,0.09336,,,,,,
23-9VIV,DUA,,,,,,,,,,2,64,42,0.65625,22.0,0.34375,0.65625,2,,,,,,,,,,,,,,,,,,,,,,,0.0880584,,,,,,
23-9VIV,DUA,,,,,,,,,,3,64,35,0.546875,29.0,0.453125,0.546875,2,,,,,,,,,,,,,,,,,,,,,,,0.083074896,,,,,,
23-9VIV,DUA,,,,,,,,,,4,64,44,0.6875,20.0,0.3125,0.6875,2,,,,,,,,,,,,,,,,,,,,,,,0.07839040223999999,,,,,,
23-9VIV,DUA,,,,,,,,,,5,64,44,0.6875,20.0,0.3125,0.6875,2,,,,,,,,,,,,,,,,,,,,,,,0.07398697810559998,,,,,,
23-9VIV,DUA,,,,,,,,,,6,29,0,0.0,29.0,1.0,1.0,1,,,,,,,,,,,,,,,,,,,,,,,0.06984775941926398,,,,,,
23-9VIV,RoTTA,,,,,,,,,,0,64,40,0.625,24.0,0.375,0.625,2,,,,,,,,,,,,,,,,,,,,,,,,62.0,,,,,
23-9VIV,RoTTA,,,,,,,,,,1,64,21,0.328125,43.0,0.671875,0.671875,2,,,,,,,,,,,,,,,,,,,,,,,,64.0,,,,,
23-9VIV,RoTTA,,,,,,,,,,2,64,42,0.65625,22.0,0.34375,0.65625,2,,,,,,,,,,,,,,,,,,,,,,,,64.0,,,,,
23-9VIV,RoTTA,,,,,,,,,,3,64,35,0.546875,29.0,0.453125,0.546875,2,,,,,,,,,,,,,,,,,,,,,,,,64.0,,,,,
23-9VIV,RoTTA,,,,,,,,,,4,64,44,0.6875,20.0,0.3125,0.6875,2,,,,,,,,,,,,,,,,,,,,,,,,64.0,,,,,
23-9VIV,RoTTA,,,,,,,,,,5,64,44,0.6875,20.0,0.3125,0.6875,2,,,,,,,,,,,,,,,,,,,,,,,,64.0,,,,,
23-9VIV,RoTTA,,,,,,,,,,6,29,0,0.0,29.0,1.0,1.0,1,,,,,,,,,,,,,,,,,,,,,,,,64.0,,,,,
23-9VIV,NOTE,,,,,,,,,,0,64,40,0.625,24.0,0.375,0.625,2,,,,,,,,,,,,,,,,,,,,,,,,,64.0,1.0,0.57943195104599,,
23-9VIV,NOTE,,,,,,,,,,1,64,21,0.328125,43.0,0.671875,0.671875,2,,,,,,,,,,,,,,,,,,,,,,,,,64.0,1.0,0.5406832695007324,,
23-9VIV,NOTE,,,,,,,,,,2,64,42,0.65625,22.0,0.34375,0.65625,2,,,,,,,,,,,,,,,,,,,,,,,,,64.0,1.0,0.4471573829650879,,
23-9VIV,NOTE,,,,,,,,,,3,64,35,0.546875,29.0,0.453125,0.546875,2,,,,,,,,,,,,,,,,,,,,,,,,,64.0,1.0,0.536511242389679,,
23-9VIV,NOTE,,,,,,,,,,4,64,44,0.6875,20.0,0.3125,0.6875,2,,,,,,,,,,,,,,,,,,,,,,,,,64.0,1.0,0.543221116065979,,
23-9VIV,NOTE,,,,,,,,,,5,64,44,0.6875,20.0,0.3125,0.6875,2,,,,,,,,,,,,,,,,,,,,,,,,,64.0,1.0,0.5939948558807373,,
23-9VIV,NOTE,,,,,,,,,,6,29,0,0.0,29.0,1.0,1.0,1,,,,,,,,,,,,,,,,,,,,,,,,,64.0,0.0,,,
23-9VIV,DELTA,,,,,,,,,,0,64,40,0.625,24.0,0.375,0.625,2,,,,,,,,,,,,,,,,,,,,,,,,,,,,0.2238592654466629,5.0
23-9VIV,DELTA,,,,,,,,,,1,64,21,0.328125,43.0,0.671875,0.671875,2,,,,,,,,,,,,,,,,,,,,,,,,,,,,0.06693286448717117,45.0
23-9VIV,DELTA,,,,,,,,,,2,64,42,0.65625,22.0,0.34375,0.65625,2,,,,,,,,,,,,,,,,,,,,,,,,,,,,0.09870265424251556,49.0
23-9VIV,DELTA,,,,,,,,,,3,64,35,0.546875,29.0,0.453125,0.546875,2,,,,,,,,,,,,,,,,,,,,,,,,,,,,0.1116563007235527,25.0
23-9VIV,DELTA,,,,,,,,,,4,64,44,0.6875,20.0,0.3125,0.6875,2,,,,,,,,,,,,,,,,,,,,,,,,,,,,0.21694469451904297,24.0
23-9VIV,DELTA,,,,,,,,,,5,64,44,0.6875,20.0,0.3125,0.6875,2,,,,,,,,,,,,,,,,,,,,,,,,,,,,0.23834481835365295,4.0
23-9VIV,DELTA,,,,,,,,,,6,29,0,0.0,29.0,1.0,1.0,1,,,,,,,,,,,,,,,,,,,,,,,,,,,,0.3682413697242737,1.0
24-9VL3,EMATent,0.9949480295181274,0.9949480295181274,0.8214197158813477,1.0,0.20151559114456177,0.5,0.2984844088554382,0.0,0.0,0,64,42,0.65625,22.0,0.34375,0.65625,2,,,,,,,,,,,,,,,,,,,,,,,,,,,,,
24-9VL3,EMATent,0.8419371843338013,0.8419371843338013,0.7612992525100708,1.0,0.24741884469985964,0.5,0.25258115530014036,0.0,0.0,1,64,31,0.484375,33.0,0.515625,0.515625,2,,,,,,,,,,,,,,,,,,,,,,,,,,,,,
24-9VL3,EMATent,0.8893943428993225,0.8893943428993225,0.7386739253997803,1.0,0.23318169713020326,0.5,0.26681830286979674,0.0,0.0,2,64,32,0.5,32.0,0.5,0.5,2,,,,,,,,,,,,,,,,,,,,,,,,,,,,,
24-9VL3,EMATent,0.9675031900405884,0.9675031900405884,0.8365664482116699,1.0,0.2097490429878235,0.5,0.2902509570121765,0.0,0.0,3,64,42,0.65625,22.0,0.34375,0.65625,2,,,,,,,,,,,,,,,,,,,,,,,,,,,,,
24-9VL3,EMATent,0.8676654696464539,0.8676654696464539,0.7324933409690857,1.0,0.23970035910606385,0.5,0.26029964089393615,0.0,0.0,4,64,30,0.46875,34.0,0.53125,0.53125,2,,,,,,,,,,,,,,,,,,,,,,,,,,,,,
24-9VL3,EMATent,0.9502930641174316,0.9502930641174316,0.7569319009780884,1.0,0.21491208076477053,0.5,0.28508791923522947,0.0,0.0,5,64,42,0.65625,22.0,0.34375,0.65625,2,,,,,,,,,,,,,,,,,,,,,,,,,,,,,
24-9VL3,EMATent,0.9930242896080017,0.9930242896080017,0.7500718235969543,1.0,0.2020927131175995,0.5,0.2979072868824005,0.0,0.0,6,29,18,0.6206896551724138,11.0,0.3793103448275862,0.6206896551724138,2,,,,,,,,,,,,,,,,,,,,,,,,,,,,,
24-9VL3,DynaMixEMATent,,,,,,,,,,0,64,42,0.65625,22.0,0.34375,0.65625,2,0.45498862862586975,0.9949480295181274,0.9949480295181274,0.5399593710899353,0.4265668561470896,0.27494873499747224,0.2984844088554382,0.39193531614725485,63.676673889160156,0.19999999999999996,1.0,0.5123639106750488,0.2,0.0,1.0,39.0,0.609375,25.0,0.390625,0.609375,2.0,0.15625,,,,,,,
24-9VL3,DynaMixEMATent,,,,,,,,,,1,64,31,0.484375,33.0,0.515625,0.515625,2,0.131826251745224,0.9441378116607666,0.9441378116607666,0.8123115301132202,0.2718352710072387,0.44492338549453136,0.28324134349823,0.6207436512396451,124.10149383544922,0.19999999999999996,1.0,0.6134616136550903,0.2,0.0,1.0,25.0,0.390625,39.0,0.609375,0.609375,2.0,0.015625,,,,,,,
24-9VL3,DynaMixEMATent,,,,,,,,,,2,64,32,0.5,32.0,0.5,0.5,2,0.15099568665027618,0.9759237766265869,0.9759237766265869,0.8249281048774719,0.16465313293260816,0.5425697340794158,0.2927771329879761,0.7671835278343612,186.56061553955078,0.19999999999999996,1.0,0.5719177722930908,0.2,0.0,1.0,18.0,0.28125,46.0,0.71875,0.71875,2.0,0.0,,,,,,,
24-9VL3,DynaMixEMATent,,,,,,,,,,3,64,42,0.65625,22.0,0.34375,0.65625,2,0.24485746026039124,1.0,1.0,0.7551425099372864,0.09884722991821504,0.6011527700817849,0.3,0.8587896715454071,250.56061553955078,0.19999999999999996,1.0,0.4143231213092804,0.2,0.0,1.0,28.0,0.4375,36.0,0.5625,0.5625,2.0,0.15625,,,,,,,
24-9VL3,DynaMixEMATent,,,,,,,,,,4,64,30,0.46875,34.0,0.53125,0.53125,2,0.16043341159820557,0.9535788893699646,0.9535788893699646,0.793145477771759,0.06258249013170519,0.6513438430573055,0.2860736668109894,0.9123404093358515,311.5896644592285,0.19999999999999996,1.0,0.5458962321281433,0.2,0.0,1.0,49.0,0.765625,15.0,0.234375,0.765625,2.0,0.03125,,,,,,,
24-9VL3,DynaMixEMATent,,,,,,,,,,5,64,42,0.65625,22.0,0.34375,0.65625,2,0.2237894982099533,0.9506757259368896,0.9506757259368896,0.7268862128257751,0.03895343134424071,0.6758438508746925,0.2852027177810669,0.9455042257249241,372.43291091918945,0.19999999999999996,1.0,0.5597315430641174,0.2,0.0,1.0,19.0,0.296875,45.0,0.703125,0.703125,2.0,0.15625,,,,,,,
24-9VL3,DynaMixEMATent,,,,,,,,,,6,29,18,0.6206896551724138,11.0,0.3793103448275862,0.6206896551724138,2,0.16178837418556213,0.9948745965957642,0.9948745965957642,0.8330861926078796,0.03051569480872444,0.6710219262125463,0.29846237897872924,0.9565016987053369,401.2842742204666,0.19999999999999996,1.0,0.5747479200363159,0.2,0.0,1.0,18.0,0.6206896551724138,11.0,0.3793103448275862,0.6206896551724138,2.0,0.12068965517241381,,,,,,,
24-9VL3,TEMA,,,,,,,,,,0,64,42,0.65625,22.0,0.34375,0.65625,2,,,,,,,,,,,,,,,,,,,,,,,,,,,,,
24-9VL3,TEMA,,,,,,,,,,1,64,31,0.484375,33.0,0.515625,0.515625,2,,,,,,,,,,,,,,,,,,,,,,,,,,,,,
24-9VL3,TEMA,,,,,,,,,,2,64,32,0.5,32.0,0.5,0.5,2,,,,,,,,,,,,,,,,,,,,,,,,,,,,,
24-9VL3,TEMA,,,,,,,,,,3,64,42,0.65625,22.0,0.34375,0.65625,2,,,,,,,,,,,,,,,,,,,,,,,,,,,,,
24-9VL3,TEMA,,,,,,,,,,4,64,30,0.46875,34.0,0.53125,0.53125,2,,,,,,,,,,,,,,,,,,,,,,,,,,,,,
24-9VL3,TEMA,,,,,,,,,,5,64,42,0.65625,22.0,0.34375,0.65625,2,,,,,,,,,,,,,,,,,,,,,,,,,,,,,
24-9VL3,TEMA,,,,,,,,,,6,29,18,0.6206896551724138,11.0,0.3793103448275862,0.6206896551724138,2,,,,,,,,,,,,,,,,,,,,,,,,,,,,,
24-9VL3,DUA,,,,,,,,,,0,64,42,0.65625,22.0,0.34375,0.65625,2,,,,,,,,,,,,,,,,,,,,,,,0.099,,,,,,
24-9VL3,DUA,,,,,,,,,,1,64,31,0.484375,33.0,0.515625,0.515625,2,,,,,,,,,,,,,,,,,,,,,,,0.09336,,,,,,
24-9VL3,DUA,,,,,,,,,,2,64,32,0.5,32.0,0.5,0.5,2,,,,,,,,,,,,,,,,,,,,,,,0.0880584,,,,,,
24-9VL3,DUA,,,,,,,,,,3,64,42,0.65625,22.0,0.34375,0.65625,2,,,,,,,,,,,,,,,,,,,,,,,0.083074896,,,,,,
24-9VL3,DUA,,,,,,,,,,4,64,30,0.46875,34.0,0.53125,0.53125,2,,,,,,,,,,,,,,,,,,,,,,,0.07839040223999999,,,,,,
24-9VL3,DUA,,,,,,,,,,5,64,42,0.65625,22.0,0.34375,0.65625,2,,,,,,,,,,,,,,,,,,,,,,,0.07398697810559998,,,,,,
24-9VL3,DUA,,,,,,,,,,6,29,18,0.6206896551724138,11.0,0.3793103448275862,0.6206896551724138,2,,,,,,,,,,,,,,,,,,,,,,,0.06984775941926398,,,,,,
24-9VL3,RoTTA,,,,,,,,,,0,64,42,0.65625,22.0,0.34375,0.65625,2,,,,,,,,,,,,,,,,,,,,,,,,54.0,,,,,
24-9VL3,RoTTA,,,,,,,,,,1,64,31,0.484375,33.0,0.515625,0.515625,2,,,,,,,,,,,,,,,,,,,,,,,,64.0,,,,,
24-9VL3,RoTTA,,,,,,,,,,2,64,32,0.5,32.0,0.5,0.5,2,,,,,,,,,,,,,,,,,,,,,,,,64.0,,,,,
24-9VL3,RoTTA,,,,,,,,,,3,64,42,0.65625,22.0,0.34375,0.65625,2,,,,,,,,,,,,,,,,,,,,,,,,64.0,,,,,
24-9VL3,RoTTA,,,,,,,,,,4,64,30,0.46875,34.0,0.53125,0.53125,2,,,,,,,,,,,,,,,,,,,,,,,,64.0,,,,,
24-9VL3,RoTTA,,,,,,,,,,5,64,42,0.65625,22.0,0.34375,0.65625,2,,,,,,,,,,,,,,,,,,,,,,,,64.0,,,,,
24-9VL3,RoTTA,,,,,,,,,,6,29,18,0.6206896551724138,11.0,0.3793103448275862,0.6206896551724138,2,,,,,,,,,,,,,,,,,,,,,,,,64.0,,,,,
24-9VL3,NOTE,,,,,,,,,,0,64,42,0.65625,22.0,0.34375,0.65625,2,,,,,,,,,,,,,,,,,,,,,,,,,64.0,1.0,0.5550442934036255,,
24-9VL3,NOTE,,,,,,,,,,1,64,31,0.484375,33.0,0.515625,0.515625,2,,,,,,,,,,,,,,,,,,,,,,,,,64.0,1.0,0.6115809679031372,,
24-9VL3,NOTE,,,,,,,,,,2,64,32,0.5,32.0,0.5,0.5,2,,,,,,,,,,,,,,,,,,,,,,,,,64.0,1.0,0.5820255279541016,,
24-9VL3,NOTE,,,,,,,,,,3,64,42,0.65625,22.0,0.34375,0.65625,2,,,,,,,,,,,,,,,,,,,,,,,,,64.0,1.0,0.57102370262146,,
24-9VL3,NOTE,,,,,,,,,,4,64,30,0.46875,34.0,0.53125,0.53125,2,,,,,,,,,,,,,,,,,,,,,,,,,64.0,1.0,0.624610185623169,,
24-9VL3,NOTE,,,,,,,,,,5,64,42,0.65625,22.0,0.34375,0.65625,2,,,,,,,,,,,,,,,,,,,,,,,,,64.0,1.0,0.6404619216918945,,
24-9VL3,NOTE,,,,,,,,,,6,29,18,0.6206896551724138,11.0,0.3793103448275862,0.6206896551724138,2,,,,,,,,,,,,,,,,,,,,,,,,,64.0,0.0,,,
24-9VL3,DELTA,,,,,,,,,,0,64,42,0.65625,22.0,0.34375,0.65625,2,,,,,,,,,,,,,,,,,,,,,,,,,,,,0.2798967957496643,8.0
24-9VL3,DELTA,,,,,,,,,,1,64,31,0.484375,33.0,0.515625,0.515625,2,,,,,,,,,,,,,,,,,,,,,,,,,,,,0.08923855423927307,40.0
24-9VL3,DELTA,,,,,,,,,,2,64,32,0.5,32.0,0.5,0.5,2,,,,,,,,,,,,,,,,,,,,,,,,,,,,0.25937435030937195,27.0
24-9VL3,DELTA,,,,,,,,,,3,64,42,0.65625,22.0,0.34375,0.65625,2,,,,,,,,,,,,,,,,,,,,,,,,,,,,0.10379453748464584,44.0
24-9VL3,DELTA,,,,,,,,,,4,64,30,0.46875,34.0,0.53125,0.53125,2,,,,,,,,,,,,,,,,,,,,,,,,,,,,0.07611607015132904,49.0
24-9VL3,DELTA,,,,,,,,,,5,64,42,0.65625,22.0,0.34375,0.65625,2,,,,,,,,,,,,,,,,,,,,,,,,,,,,0.16506974399089813,32.0
24-9VL3,DELTA,,,,,,,,,,6,29,18,0.6206896551724138,11.0,0.3793103448275862,0.6206896551724138,2,,,,,,,,,,,,,,,,,,,,,,,,,,,,0.06082107871770859,23.0
25-9VNK,EMATent,0.9561351537704468,0.9561351537704468,0.826626181602478,1.0,0.21315945386886598,0.5,0.286840546131134,0.0,0.0,0,64,31,0.484375,33.0,0.515625,0.515625,2,,,,,,,,,,,,,,,,,,,,,,,,,,,,,
25-9VNK,EMATent,0.8327732086181641,0.8327732086181641,0.8173515200614929,1.0,0.2501680374145508,0.5,0.2498319625854492,0.0,0.0,1,64,2,0.03125,62.0,0.96875,0.96875,2,,,,,,,,,,,,,,,,,,,,,,,,,,,,,
25-9VNK,EMATent,0.999984085559845,0.999984085559845,0.7070527076721191,1.0,0.20000477433204653,0.5,0.2999952256679535,0.0,0.0,2,64,48,0.75,16.0,0.25,0.75,2,,,,,,,,,,,,,,,,,,,,,,,,,,,,,
25-9VNK,EMATent,0.9493269324302673,0.9493269324302673,0.770726203918457,1.0,0.2152019202709198,0.5,0.28479807972908017,0.0,0.0,3,64,42,0.65625,22.0,0.34375,0.65625,2,,,,,,,,,,,,,,,,,,,,,,,,,,,,,
25-9VNK,EMATent,0.9861454367637634,0.9861454367637634,0.8581282496452332,1.0,0.20415636897087097,0.5,0.29584363102912903,0.0,0.0,4,64,36,0.5625,28.0,0.4375,0.5625,2,,,,,,,,,,,,,,,,,,,,,,,,,,,,,
25-9VNK,EMATent,0.9740045070648193,0.9740045070648193,0.7711419463157654,1.0,0.20779864788055422,0.5,0.2922013521194458,0.0,0.0,5,64,22,0.34375,42.0,0.65625,0.65625,2,,,,,,,,,,,,,,,,,,,,,,,,,,,,,
25-9VNK,EMATent,0.87900710105896,0.87900710105896,0.701858639717102,1.0,0.23629786968231203,0.5,0.26370213031768797,0.0,0.0,6,29,0,0.0,29.0,1.0,1.0,1,,,,,,,,,,,,,,,,,,,,,,,,,,,,,
25-9VNK,DynaMixEMATent,,,,,,,,,,0,64,31,0.484375,33.0,0.515625,0.515625,2,0.3941253423690796,0.9561351537704468,0.9561351537704468,0.5620098114013672,0.4421448116074873,0.2710146422613786,0.286840546131134,0.38001970077117164,61.192649841308594,0.19999999999999996,1.0,0.41462865471839905,0.2,0.0,1.0,24.0,0.375,40.0,0.625,0.625,2.0,0.015625,,,,,,,
25-9VNK,DynaMixEMATent,,,,,,,,,,1,64,2,0.03125,62.0,0.96875,0.96875,2,0.25809144973754883,0.8763466477394104,0.8763466477394104,0.6182551980018616,0.29485309476491556,0.44224291091326134,0.2629039943218231,0.5999800670556731,117.27883529663086,0.19999999999999996,1.0,0.44351106882095337,0.2,0.0,1.0,20.0,0.3125,44.0,0.6875,0.6875,2.0,0.46875,,,,,,,
25-9VNK,DynaMixEMATent,,,,,,,,,,2,64,48,0.75,16.0,0.25,0.75,2,0.24612213671207428,0.9997363686561584,0.9997363686561584,0.7536141872406006,0.1698786278838748,0.5302004615192777,0.2999209105968475,0.7573436623729133,181.261962890625,0.19999999999999996,1.0,0.5609641671180725,0.2,0.0,1.0,39.0,0.609375,25.0,0.390625,0.609375,2.0,0.25,,,,,,,
25-9VNK,DynaMixEMATent,,,,,,,,,,3,64,42,0.65625,22.0,0.34375,0.65625,2,0.22358785569667816,0.9793344140052795,0.9793344140052795,0.7557465434074402,0.10501694649545626,0.6011827293029599,0.29380032420158386,0.8512928423866436,243.9393653869629,0.19999999999999996,1.0,0.5043958425521851,0.2,0.0,1.0,43.0,0.671875,21.0,0.328125,0.671875,2.0,0.15625,,,,,,,
25-9VNK,DynaMixEMATent,,,,,,,,,,4,64,36,0.5625,28.0,0.4375,0.5625,2,0.3698998689651489,0.9907671213150024,0.9907671213150024,0.6208672523498535,0.06367994145543741,0.6390899221500619,0.29723013639450074,0.9093872051816038,307.34846115112305,0.19999999999999996,1.0,0.5027222633361816,0.2,0.0,1.0,39.0,0.609375,25.0,0.390625,0.609375,2.0,0.0625,,,,,,,
25-9VNK,DynaMixEMATent,,,,,,,,,,5,64,22,0.34375,42.0,0.65625,0.65625,2,0.2597713768482208,0.984459638595581,0.984459638595581,0.7246882915496826,0.039029928023008725,0.665632180398317,0.2953378915786743,0.9446118536010847,370.35387802124023,0.19999999999999996,1.0,0.5928868055343628,0.2,0.0,1.0,31.0,0.484375,33.0,0.515625,0.515625,2.0,0.15625,,,,,,,
25-9VNK,DynaMixEMATent,,,,,,,,,,6,29,0,0.0,29.0,1.0,1.0,1,0.069803886115551,0.9504076242446899,0.9504076242446899,0.8806037306785583,0.031925181832146,0.6829525308944471,0.285122287273407,0.9553417580884133,397.91569912433624,0.19999999999999996,1.0,0.6369208097457886,0.2,0.0,1.0,4.0,0.13793103448275862,25.0,0.8620689655172413,0.8620689655172413,2.0,0.5,,,,,,,
25-9VNK,TEMA,,,,,,,,,,0,64,31,0.484375,33.0,0.515625,0.515625,2,,,,,,,,,,,,,,,,,,,,,,,,,,,,,
25-9VNK,TEMA,,,,,,,,,,1,64,2,0.03125,62.0,0.96875,0.96875,2,,,,,,,,,,,,,,,,,,,,,,,,,,,,,
25-9VNK,TEMA,,,,,,,,,,2,64,48,0.75,16.0,0.25,0.75,2,,,,,,,,,,,,,,,,,,,,,,,,,,,,,
25-9VNK,TEMA,,,,,,,,,,3,64,42,0.65625,22.0,0.34375,0.65625,2,,,,,,,,,,,,,,,,,,,,,,,,,,,,,
25-9VNK,TEMA,,,,,,,,,,4,64,36,0.5625,28.0,0.4375,0.5625,2,,,,,,,,,,,,,,,,,,,,,,,,,,,,,
25-9VNK,TEMA,,,,,,,,,,5,64,22,0.34375,42.0,0.65625,0.65625,2,,,,,,,,,,,,,,,,,,,,,,,,,,,,,
25-9VNK,TEMA,,,,,,,,,,6,29,0,0.0,29.0,1.0,1.0,1,,,,,,,,,,,,,,,,,,,,,,,,,,,,,
25-9VNK,DUA,,,,,,,,,,0,64,31,0.484375,33.0,0.515625,0.515625,2,,,,,,,,,,,,,,,,,,,,,,,0.099,,,,,,
25-9VNK,DUA,,,,,,,,,,1,64,2,0.03125,62.0,0.96875,0.96875,2,,,,,,,,,,,,,,,,,,,,,,,0.09336,,,,,,
25-9VNK,DUA,,,,,,,,,,2,64,48,0.75,16.0,0.25,0.75,2,,,,,,,,,,,,,,,,,,,,,,,0.0880584,,,,,,
25-9VNK,DUA,,,,,,,,,,3,64,42,0.65625,22.0,0.34375,0.65625,2,,,,,,,,,,,,,,,,,,,,,,,0.083074896,,,,,,
25-9VNK,DUA,,,,,,,,,,4,64,36,0.5625,28.0,0.4375,0.5625,2,,,,,,,,,,,,,,,,,,,,,,,0.07839040223999999,,,,,,
25-9VNK,DUA,,,,,,,,,,5,64,22,0.34375,42.0,0.65625,0.65625,2,,,,,,,,,,,,,,,,,,,,,,,0.07398697810559998,,,,,,
25-9VNK,DUA,,,,,,,,,,6,29,0,0.0,29.0,1.0,1.0,1,,,,,,,,,,,,,,,,,,,,,,,0.06984775941926398,,,,,,
25-9VNK,RoTTA,,,,,,,,,,0,64,31,0.484375,33.0,0.515625,0.515625,2,,,,,,,,,,,,,,,,,,,,,,,,61.0,,,,,
25-9VNK,RoTTA,,,,,,,,,,1,64,2,0.03125,62.0,0.96875,0.96875,2,,,,,,,,,,,,,,,,,,,,,,,,64.0,,,,,
25-9VNK,RoTTA,,,,,,,,,,2,64,48,0.75,16.0,0.25,0.75,2,,,,,,,,,,,,,,,,,,,,,,,,64.0,,,,,
25-9VNK,RoTTA,,,,,,,,,,3,64,42,0.65625,22.0,0.34375,0.65625,2,,,,,,,,,,,,,,,,,,,,,,,,64.0,,,,,
25-9VNK,RoTTA,,,,,,,,,,4,64,36,0.5625,28.0,0.4375,0.5625,2,,,,,,,,,,,,,,,,,,,,,,,,64.0,,,,,
25-9VNK,RoTTA,,,,,,,,,,5,64,22,0.34375,42.0,0.65625,0.65625,2,,,,,,,,,,,,,,,,,,,,,,,,64.0,,,,,
25-9VNK,RoTTA,,,,,,,,,,6,29,0,0.0,29.0,1.0,1.0,1,,,,,,,,,,,,,,,,,,,,,,,,64.0,,,,,
25-9VNK,NOTE,,,,,,,,,,0,64,31,0.484375,33.0,0.515625,0.515625,2,,,,,,,,,,,,,,,,,,,,,,,,,64.0,1.0,0.5632486343383789,,
25-9VNK,NOTE,,,,,,,,,,1,64,2,0.03125,62.0,0.96875,0.96875,2,,,,,,,,,,,,,,,,,,,,,,,,,64.0,1.0,0.5799551010131836,,
25-9VNK,NOTE,,,,,,,,,,2,64,48,0.75,16.0,0.25,0.75,2,,,,,,,,,,,,,,,,,,,,,,,,,64.0,1.0,0.4984695017337799,,
25-9VNK,NOTE,,,,,,,,,,3,64,42,0.65625,22.0,0.34375,0.65625,2,,,,,,,,,,,,,,,,,,,,,,,,,64.0,1.0,0.5745048522949219,,
25-9VNK,NOTE,,,,,,,,,,4,64,36,0.5625,28.0,0.4375,0.5625,2,,,,,,,,,,,,,,,,,,,,,,,,,64.0,1.0,0.5935683846473694,,
25-9VNK,NOTE,,,,,,,,,,5,64,22,0.34375,42.0,0.65625,0.65625,2,,,,,,,,,,,,,,,,,,,,,,,,,64.0,1.0,0.545150876045227,,
25-9VNK,NOTE,,,,,,,,,,6,29,0,0.0,29.0,1.0,1.0,1,,,,,,,,,,,,,,,,,,,,,,,,,64.0,0.0,,,
25-9VNK,DELTA,,,,,,,,,,0,64,31,0.484375,33.0,0.515625,0.515625,2,,,,,,,,,,,,,,,,,,,,,,,,,,,,0.2291862964630127,8.0
25-9VNK,DELTA,,,,,,,,,,1,64,2,0.03125,62.0,0.96875,0.96875,2,,,,,,,,,,,,,,,,,,,,,,,,,,,,0.1570206880569458,38.0
25-9VNK,DELTA,,,,,,,,,,2,64,48,0.75,16.0,0.25,0.75,2,,,,,,,,,,,,,,,,,,,,,,,,,,,,0.030468489974737167,56.0
25-9VNK,DELTA,,,,,,,,,,3,64,42,0.65625,22.0,0.34375,0.65625,2,,,,,,,,,,,,,,,,,,,,,,,,,,,,0.07403521239757538,44.0
25-9VNK,DELTA,,,,,,,,,,4,64,36,0.5625,28.0,0.4375,0.5625,2,,,,,,,,,,,,,,,,,,,,,,,,,,,,0.11409243196249008,56.0
25-9VNK,DELTA,,,,,,,,,,5,64,22,0.34375,42.0,0.65625,0.65625,2,,,,,,,,,,,,,,,,,,,,,,,,,,,,0.1841621696949005,34.0
25-9VNK,DELTA,,,,,,,,,,6,29,0,0.0,29.0,1.0,1.0,1,,,,,,,,,,,,,,,,,,,,,,,,,,,,0.25957316160202026,8.0
26-9VTJ,EMATent,0.7530484199523926,0.7530484199523926,0.8055874109268188,1.0,0.27408547401428224,0.5,0.22591452598571776,0.0,0.0,0,64,41,0.640625,23.0,0.359375,0.640625,2,,,,,,,,,,,,,,,,,,,,,,,,,,,,,
26-9VTJ,EMATent,0.8397487998008728,0.8397487998008728,0.7420807480812073,1.0,0.24807536005973818,0.5,0.2519246399402618,0.0,0.0,1,64,21,0.328125,43.0,0.671875,0.671875,2,,,,,,,,,,,,,,,,,,,,,,,,,,,,,
26-9VTJ,EMATent,0.9972384572029114,0.9972384572029114,0.6921682357788086,1.0,0.2008284628391266,0.5,0.2991715371608734,0.0,0.0,2,64,33,0.515625,31.0,0.484375,0.515625,2,,,,,,,,,,,,,,,,,,,,,,,,,,,,,
26-9VTJ,EMATent,0.8136300444602966,0.8136300444602966,0.7986916303634644,1.0,0.25591098666191103,0.5,0.24408901333808897,0.0,0.0,3,64,22,0.34375,42.0,0.65625,0.65625,2,,,,,,,,,,,,,,,,,,,,,,,,,,,,,
26-9VTJ,EMATent,0.9059475064277649,0.9059475064277649,0.7382764220237732,1.0,0.22821574807167055,0.5,0.27178425192832945,0.0,0.0,4,64,11,0.171875,53.0,0.828125,0.828125,2,,,,,,,,,,,,,,,,,,,,,,,,,,,,,
26-9VTJ,EMATent,0.9825599193572998,0.9825599193572998,0.7522192001342773,1.0,0.20523202419281006,0.5,0.29476797580718994,0.0,0.0,5,64,42,0.65625,22.0,0.34375,0.65625,2,,,,,,,,,,,,,,,,,,,,,,,,,,,,,
26-9VTJ,EMATent,0.9889800548553467,0.9889800548553467,0.7203953266143799,1.0,0.20330598354339602,0.5,0.296694016456604,0.0,0.0,6,29,0,0.0,29.0,1.0,1.0,1,,,,,,,,,,,,,,,,,,,,,,,,,,,,,
26-9VTJ,DynaMixEMATent,,,,,,,,,,0,64,41,0.640625,23.0,0.359375,0.640625,2,0.1688050627708435,0.7530484199523926,0.7530484199523926,0.5842433571815491,0.5312103536654897,0.24287512034879244,0.22591452598571776,0.31375749642902007,48.195098876953125,0.19999999999999996,1.0,0.48974427580833435,0.2,0.0,1.0,14.0,0.21875,50.0,0.78125,0.78125,2.0,0.140625,,,,,,,
26-9VTJ,DynaMixEMATent,,,,,,,,,,1,64,21,0.328125,43.0,0.671875,0.671875,2,0.07952125370502472,0.8190537095069885,0.8190537095069885,0.739532470703125,0.34368231939765015,0.41060156775025325,0.24571611285209655,0.5443594576875015,100.61453628540039,0.19999999999999996,1.0,0.5448747277259827,0.2,0.0,1.0,14.0,0.21875,50.0,0.78125,0.78125,2.0,0.171875,,,,,,,
26-9VTJ,DynaMixEMATent,,,,,,,,,,2,64,33,0.515625,31.0,0.484375,0.515625,2,0.14653970301151276,0.9850371479988098,0.9850371479988098,0.8384974598884583,0.19615455091929748,0.5083343046810596,0.29551114439964293,0.7215647212018181,163.65691375732422,0.19999999999999996,1.0,0.5186931490898132,0.2,0.0,1.0,40.0,0.625,24.0,0.375,0.625,2.0,0.015625,,,,,,,
26-9VTJ,DynaMixEMATent,,,,,,,,,,3,64,22,0.34375,42.0,0.65625,0.65625,2,0.181198850274086,0.8983472585678101,0.8983472585678101,0.7171483635902405,0.12979811013994338,0.6006977122897136,0.269504177570343,0.82231505485106,221.15113830566406,0.19999999999999996,1.0,0.5263351798057556,0.2,0.0,1.0,48.0,0.75,16.0,0.25,0.75,2.0,0.15625,,,,,,,
26-9VTJ,DynaMixEMATent,,,,,,,,,,4,64,11,0.171875,53.0,0.828125,0.828125,2,0.11905034631490707,0.9215607643127441,0.9215607643127441,0.8025104403495789,0.08109495949431969,0.6424368112118571,0.27646822929382325,0.8879179010823949,280.1310272216797,0.19999999999999996,1.0,0.5549285411834717,0.2,0.0,1.0,48.0,0.75,16.0,0.25,0.75,2.0,0.328125,,,,,,,
26-9VTJ,DynaMixEMATent,,,,,,,,,,5,64,42,0.65625,22.0,0.34375,0.65625,2,0.20625612139701843,0.9999874234199524,0.9999874234199524,0.7937313318252563,0.04758741631287655,0.6524163566611377,0.2999962270259857,0.9320183431144976,344.13022232055664,0.19999999999999996,1.0,0.5616458058357239,0.2,0.0,1.0,27.0,0.421875,37.0,0.578125,0.578125,2.0,0.15625,,,,,,,
26-9VTJ,DynaMixEMATent,,,,,,,,,,6,29,0,0.0,29.0,1.0,1.0,1,0.1835007518529892,0.9960795044898987,0.9960795044898987,0.8125787377357483,0.038037309721260265,0.6631388389317701,0.2988238513469696,0.9457521340474423,373.0165279507637,0.19999999999999996,1.0,0.5769405961036682,0.2,0.0,1.0,12.0,0.41379310344827586,17.0,0.5862068965517241,0.5862068965517241,2.0,0.5,,,,,,,
26-9VTJ,TEMA,,,,,,,,,,0,64,41,0.640625,23.0,0.359375,0.640625,2,,,,,,,,,,,,,,,,,,,,,,,,,,,,,
26-9VTJ,TEMA,,,,,,,,,,1,64,21,0.328125,43.0,0.671875,0.671875,2,,,,,,,,,,,,,,,,,,,,,,,,,,,,,
26-9VTJ,TEMA,,,,,,,,,,2,64,33,0.515625,31.0,0.484375,0.515625,2,,,,,,,,,,,,,,,,,,,,,,,,,,,,,
26-9VTJ,TEMA,,,,,,,,,,3,64,22,0.34375,42.0,0.65625,0.65625,2,,,,,,,,,,,,,,,,,,,,,,,,,,,,,
26-9VTJ,TEMA,,,,,,,,,,4,64,11,0.171875,53.0,0.828125,0.828125,2,,,,,,,,,,,,,,,,,,,,,,,,,,,,,
26-9VTJ,TEMA,,,,,,,,,,5,64,42,0.65625,22.0,0.34375,0.65625,2,,,,,,,,,,,,,,,,,,,,,,,,,,,,,
26-9VTJ,TEMA,,,,,,,,,,6,29,0,0.0,29.0,1.0,1.0,1,,,,,,,,,,,,,,,,,,,,,,,,,,,,,
26-9VTJ,DUA,,,,,,,,,,0,64,41,0.640625,23.0,0.359375,0.640625,2,,,,,,,,,,,,,,,,,,,,,,,0.099,,,,,,
26-9VTJ,DUA,,,,,,,,,,1,64,21,0.328125,43.0,0.671875,0.671875,2,,,,,,,,,,,,,,,,,,,,,,,0.09336,,,,,,
26-9VTJ,DUA,,,,,,,,,,2,64,33,0.515625,31.0,0.484375,0.515625,2,,,,,,,,,,,,,,,,,,,,,,,0.0880584,,,,,,
26-9VTJ,DUA,,,,,,,,,,3,64,22,0.34375,42.0,0.65625,0.65625,2,,,,,,,,,,,,,,,,,,,,,,,0.083074896,,,,,,
26-9VTJ,DUA,,,,,,,,,,4,64,11,0.171875,53.0,0.828125,0.828125,2,,,,,,,,,,,,,,,,,,,,,,,0.07839040223999999,,,,,,
26-9VTJ,DUA,,,,,,,,,,5,64,42,0.65625,22.0,0.34375,0.65625,2,,,,,,,,,,,,,,,,,,,,,,,0.07398697810559998,,,,,,
26-9VTJ,DUA,,,,,,,,,,6,29,0,0.0,29.0,1.0,1.0,1,,,,,,,,,,,,,,,,,,,,,,,0.06984775941926398,,,,,,
26-9VTJ,RoTTA,,,,,,,,,,0,64,41,0.640625,23.0,0.359375,0.640625,2,,,,,,,,,,,,,,,,,,,,,,,,61.0,,,,,
26-9VTJ,RoTTA,,,,,,,,,,1,64,21,0.328125,43.0,0.671875,0.671875,2,,,,,,,,,,,,,,,,,,,,,,,,64.0,,,,,
26-9VTJ,RoTTA,,,,,,,,,,2,64,33,0.515625,31.0,0.484375,0.515625,2,,,,,,,,,,,,,,,,,,,,,,,,64.0,,,,,
26-9VTJ,RoTTA,,,,,,,,,,3,64,22,0.34375,42.0,0.65625,0.65625,2,,,,,,,,,,,,,,,,,,,,,,,,64.0,,,,,
26-9VTJ,RoTTA,,,,,,,,,,4,64,11,0.171875,53.0,0.828125,0.828125,2,,,,,,,,,,,,,,,,,,,,,,,,64.0,,,,,
26-9VTJ,RoTTA,,,,,,,,,,5,64,42,0.65625,22.0,0.34375,0.65625,2,,,,,,,,,,,,,,,,,,,,,,,,64.0,,,,,
26-9VTJ,RoTTA,,,,,,,,,,6,29,0,0.0,29.0,1.0,1.0,1,,,,,,,,,,,,,,,,,,,,,,,,64.0,,,,,
26-9VTJ,NOTE,,,,,,,,,,0,64,41,0.640625,23.0,0.359375,0.640625,2,,,,,,,,,,,,,,,,,,,,,,,,,64.0,1.0,0.5702275037765503,,
26-9VTJ,NOTE,,,,,,,,,,1,64,21,0.328125,43.0,0.671875,0.671875,2,,,,,,,,,,,,,,,,,,,,,,,,,64.0,1.0,0.6417732238769531,,
26-9VTJ,NOTE,,,,,,,,,,2,64,33,0.515625,31.0,0.484375,0.515625,2,,,,,,,,,,,,,,,,,,,,,,,,,64.0,1.0,0.5689787864685059,,
26-9VTJ,NOTE,,,,,,,,,,3,64,22,0.34375,42.0,0.65625,0.65625,2,,,,,,,,,,,,,,,,,,,,,,,,,64.0,1.0,0.5495132207870483,,
26-9VTJ,NOTE,,,,,,,,,,4,64,11,0.171875,53.0,0.828125,0.828125,2,,,,,,,,,,,,,,,,,,,,,,,,,64.0,1.0,0.5855535268783569,,
26-9VTJ,NOTE,,,,,,,,,,5,64,42,0.65625,22.0,0.34375,0.65625,2,,,,,,,,,,,,,,,,,,,,,,,,,64.0,1.0,0.5439510941505432,,
26-9VTJ,NOTE,,,,,,,,,,6,29,0,0.0,29.0,1.0,1.0,1,,,,,,,,,,,,,,,,,,,,,,,,,64.0,0.0,,,
26-9VTJ,DELTA,,,,,,,,,,0,64,41,0.640625,23.0,0.359375,0.640625,2,,,,,,,,,,,,,,,,,,,,,,,,,,,,0.2570009231567383,8.0
26-9VTJ,DELTA,,,,,,,,,,1,64,21,0.328125,43.0,0.671875,0.671875,2,,,,,,,,,,,,,,,,,,,,,,,,,,,,0.1306970715522766,28.0
26-9VTJ,DELTA,,,,,,,,,,2,64,33,0.515625,31.0,0.484375,0.515625,2,,,,,,,,,,,,,,,,,,,,,,,,,,,,0.17931924760341644,27.0
26-9VTJ,DELTA,,,,,,,,,,3,64,22,0.34375,42.0,0.65625,0.65625,2,,,,,,,,,,,,,,,,,,,,,,,,,,,,0.13690060377120972,29.0
26-9VTJ,DELTA,,,,,,,,,,4,64,11,0.171875,53.0,0.828125,0.828125,2,,,,,,,,,,,,,,,,,,,,,,,,,,,,0.19382238388061523,38.0
26-9VTJ,DELTA,,,,,,,,,,5,64,42,0.65625,22.0,0.34375,0.65625,2,,,,,,,,,,,,,,,,,,,,,,,,,,,,0.25559648871421814,16.0
26-9VTJ,DELTA,,,,,,,,,,6,29,0,0.0,29.0,1.0,1.0,1,,,,,,,,,,,,,,,,,,,,,,,,,,,,0.18401746451854706,7.0
27-9VUW,EMATent,0.8562293648719788,0.8562293648719788,0.9183862209320068,1.0,0.24313119053840637,0.5,0.25686880946159363,0.0,0.0,0,64,53,0.828125,11.0,0.171875,0.828125,2,,,,,,,,,,,,,,,,,,,,,,,,,,,,,
27-9VUW,EMATent,0.7010780572891235,0.7010780572891235,0.9673436880111694,1.0,0.2896765828132629,0.5,0.21032341718673705,0.0,0.0,1,64,64,1.0,,,1.0,1,,,,,,,,,,,,,,,,,,,,,,,,,,,,,
27-9VUW,EMATent,0.9196519255638123,0.9196519255638123,0.7229408621788025,1.0,0.22410442233085634,0.5,0.2758955776691437,0.0,0.0,2,64,20,0.3125,44.0,0.6875,0.6875,2,,,,,,,,,,,,,,,,,,,,,,,,,,,,,
27-9VUW,EMATent,0.5323479771614075,0.5323479771614075,0.8968986868858337,1.0,0.3402956068515778,0.5,0.15970439314842225,0.0,0.0,3,64,35,0.546875,29.0,0.453125,0.546875,2,,,,,,,,,,,,,,,,,,,,,,,,,,,,,
27-9VUW,EMATent,0.8170998692512512,0.8170998692512512,0.8196656703948975,1.0,0.25487003922462464,0.5,0.24512996077537536,0.0,0.0,4,64,32,0.5,32.0,0.5,0.5,2,,,,,,,,,,,,,,,,,,,,,,,,,,,,,
27-9VUW,EMATent,0.935302197933197,0.935302197933197,0.773261308670044,1.0,0.21940934062004092,0.5,0.2805906593799591,0.0,0.0,5,64,22,0.34375,42.0,0.65625,0.65625,2,,,,,,,,,,,,,,,,,,,,,,,,,,,,,
27-9VUW,EMATent,0.9997269511222839,0.9997269511222839,0.6994005441665649,1.0,0.20008191466331482,0.5,0.2999180853366852,0.0,0.0,6,29,0,0.0,29.0,1.0,1.0,1,,,,,,,,,,,,,,,,,,,,,,,,,,,,,
27-9VUW,DynaMixEMATent,,,,,,,,,,0,64,53,0.828125,11.0,0.171875,0.828125,2,0.5685498118400574,0.8562293648719788,0.8562293648719788,0.28767961263656616,0.4843258458330286,0.25880534470537775,0.25686880946159363,0.34826333223595496,54.79867935180664,0.19999999999999996,1.0,0.2846142649650574,0.2,0.0,1.0,41.0,0.640625,23.0,0.359375,0.640625,2.0,0.328125,,,,,,,
27-9VUW,DynaMixEMATent,,,,,,,,,,1,64,64,1.0,,,1.0,1,0.5131992101669312,0.6976695656776428,0.6976695656776428,0.18447032570838928,0.3635686232493008,0.42713050704740635,0.20930086970329284,0.5401934701599167,99.44953155517578,0.19999999999999996,1.0,0.2558106780052185,0.2,0.0,1.0,53.0,0.828125,11.0,0.171875,0.828125,2.0,0.0,,,,,,,
27-9VUW,DynaMixEMATent,,,,,,,,,,2,64,20,0.3125,44.0,0.6875,0.6875,2,0.16194884479045868,0.7328411340713501,0.7328411340713501,0.5708922743797302,0.2486666331786218,0.5314810265999732,0.219852340221405,0.6812569645479766,146.3513641357422,0.19999999999999996,1.0,0.5983426570892334,0.2,0.0,1.0,51.0,0.796875,13.0,0.203125,0.796875,2.0,0.1875,,,,,,,
27-9VUW,DynaMixEMATent,,,,,,,,,,3,64,35,0.546875,29.0,0.453125,0.546875,2,0.11412402987480164,0.5621565580368042,0.5621565580368042,0.44803252816200256,0.20005777942280673,0.6312952531661521,0.16864696741104127,0.7593588143898428,182.32938385009766,0.19999999999999996,1.0,0.47862958908081055,0.2,0.0,1.0,53.0,0.828125,11.0,0.171875,0.828125,2.0,0.046875,,,,,,,
27-9VUW,DynaMixEMATent,,,,,,,,,,4,64,32,0.5,32.0,0.5,0.5,2,0.16669194400310516,0.8367968797683716,0.8367968797683716,0.6701049208641052,0.11860991414091653,0.6303510219285721,0.25103906393051145,0.8416340446761139,235.88438415527344,0.19999999999999996,1.0,0.5836658477783203,0.2,0.0,1.0,34.0,0.53125,30.0,0.46875,0.53125,2.0,0.0,,,,,,,
27-9VUW,DynaMixEMATent,,,,,,,,,,5,64,22,0.34375,42.0,0.65625,0.65625,2,0.1919943392276764,0.8451536893844604,0.8451536893844604,0.6531593799591064,0.0774715099466114,0.6689823832380504,0.2535461068153381,0.8962139381227046,289.9742202758789,0.19999999999999996,1.0,0.562088668346405,0.2,0.0,1.0,19.0,0.296875,45.0,0.703125,0.703125,2.0,0.15625,,,,,,,
27-9VUW,DynaMixEMATent,,,,,,,,,,6,29,0,0.0,29.0,1.0,1.0,1,0.18112197518348694,0.9663600325584412,0.9663600325584412,0.7852380275726318,0.05920642015467765,0.6508855700777899,0.28990800976753234,0.9166214786688485,317.9986612200737,0.19999999999999996,1.0,0.5769054293632507,0.2,0.0,1.0,18.0,0.6206896551724138,11.0,0.3793103448275862,0.6206896551724138,2.0,0.5,,,,,,,
27-9VUW,TEMA,,,,,,,,,,0,64,53,0.828125,11.0,0.171875,0.828125,2,,,,,,,,,,,,,,,,,,,,,,,,,,,,,
27-9VUW,TEMA,,,,,,,,,,1,64,64,1.0,0.0,0.0,1.0,1,,,,,,,,,,,,,,,,,,,,,,,,,,,,,
27-9VUW,TEMA,,,,,,,,,,2,64,20,0.3125,44.0,0.6875,0.6875,2,,,,,,,,,,,,,,,,,,,,,,,,,,,,,
27-9VUW,TEMA,,,,,,,,,,3,64,35,0.546875,29.0,0.453125,0.546875,2,,,,,,,,,,,,,,,,,,,,,,,,,,,,,
27-9VUW,TEMA,,,,,,,,,,4,64,32,0.5,32.0,0.5,0.5,2,,,,,,,,,,,,,,,,,,,,,,,,,,,,,
27-9VUW,TEMA,,,,,,,,,,5,64,22,0.34375,42.0,0.65625,0.65625,2,,,,,,,,,,,,,,,,,,,,,,,,,,,,,
27-9VUW,TEMA,,,,,,,,,,6,29,0,0.0,29.0,1.0,1.0,1,,,,,,,,,,,,,,,,,,,,,,,,,,,,,
27-9VUW,DUA,,,,,,,,,,0,64,53,0.828125,11.0,0.171875,0.828125,2,,,,,,,,,,,,,,,,,,,,,,,0.099,,,,,,
27-9VUW,DUA,,,,,,,,,,1,64,64,1.0,0.0,0.0,1.0,1,,,,,,,,,,,,,,,,,,,,,,,0.09336,,,,,,
27-9VUW,DUA,,,,,,,,,,2,64,20,0.3125,44.0,0.6875,0.6875,2,,,,,,,,,,,,,,,,,,,,,,,0.0880584,,,,,,
27-9VUW,DUA,,,,,,,,,,3,64,35,0.546875,29.0,0.453125,0.546875,2,,,,,,,,,,,,,,,,,,,,,,,0.083074896,,,,,,
27-9VUW,DUA,,,,,,,,,,4,64,32,0.5,32.0,0.5,0.5,2,,,,,,,,,,,,,,,,,,,,,,,0.07839040223999999,,,,,,
27-9VUW,DUA,,,,,,,,,,5,64,22,0.34375,42.0,0.65625,0.65625,2,,,,,,,,,,,,,,,,,,,,,,,0.07398697810559998,,,,,,
27-9VUW,DUA,,,,,,,,,,6,29,0,0.0,29.0,1.0,1.0,1,,,,,,,,,,,,,,,,,,,,,,,0.06984775941926398,,,,,,
27-9VUW,RoTTA,,,,,,,,,,0,64,53,0.828125,11.0,0.171875,0.828125,2,,,,,,,,,,,,,,,,,,,,,,,,53.0,,,,,
27-9VUW,RoTTA,,,,,,,,,,1,64,64,1.0,0.0,0.0,1.0,1,,,,,,,,,,,,,,,,,,,,,,,,64.0,,,,,
27-9VUW,RoTTA,,,,,,,,,,2,64,20,0.3125,44.0,0.6875,0.6875,2,,,,,,,,,,,,,,,,,,,,,,,,64.0,,,,,
27-9VUW,RoTTA,,,,,,,,,,3,64,35,0.546875,29.0,0.453125,0.546875,2,,,,,,,,,,,,,,,,,,,,,,,,64.0,,,,,
27-9VUW,RoTTA,,,,,,,,,,4,64,32,0.5,32.0,0.5,0.5,2,,,,,,,,,,,,,,,,,,,,,,,,64.0,,,,,
27-9VUW,RoTTA,,,,,,,,,,5,64,22,0.34375,42.0,0.65625,0.65625,2,,,,,,,,,,,,,,,,,,,,,,,,64.0,,,,,
27-9VUW,RoTTA,,,,,,,,,,6,29,0,0.0,29.0,1.0,1.0,1,,,,,,,,,,,,,,,,,,,,,,,,64.0,,,,,
27-9VUW,NOTE,,,,,,,,,,0,64,53,0.828125,11.0,0.171875,0.828125,2,,,,,,,,,,,,,,,,,,,,,,,,,64.0,1.0,0.5198359489440918,,
27-9VUW,NOTE,,,,,,,,,,1,64,64,1.0,0.0,0.0,1.0,1,,,,,,,,,,,,,,,,,,,,,,,,,64.0,1.0,0.5522131323814392,,
27-9VUW,NOTE,,,,,,,,,,2,64,20,0.3125,44.0,0.6875,0.6875,2,,,,,,,,,,,,,,,,,,,,,,,,,64.0,1.0,0.5152298808097839,,
27-9VUW,NOTE,,,,,,,,,,3,64,35,0.546875,29.0,0.453125,0.546875,2,,,,,,,,,,,,,,,,,,,,,,,,,64.0,1.0,0.531608521938324,,
27-9VUW,NOTE,,,,,,,,,,4,64,32,0.5,32.0,0.5,0.5,2,,,,,,,,,,,,,,,,,,,,,,,,,64.0,1.0,0.607040286064148,,
27-9VUW,NOTE,,,,,,,,,,5,64,22,0.34375,42.0,0.65625,0.65625,2,,,,,,,,,,,,,,,,,,,,,,,,,64.0,1.0,0.5881572961807251,,
27-9VUW,NOTE,,,,,,,,,,6,29,0,0.0,29.0,1.0,1.0,1,,,,,,,,,,,,,,,,,,,,,,,,,64.0,0.0,,,
27-9VUW,DELTA,,,,,,,,,,0,64,53,0.828125,11.0,0.171875,0.828125,2,,,,,,,,,,,,,,,,,,,,,,,,,,,,0.24774011969566345,14.0
27-9VUW,DELTA,,,,,,,,,,1,64,64,1.0,0.0,0.0,1.0,1,,,,,,,,,,,,,,,,,,,,,,,,,,,,0.07106773555278778,43.0
27-9VUW,DELTA,,,,,,,,,,2,64,20,0.3125,44.0,0.6875,0.6875,2,,,,,,,,,,,,,,,,,,,,,,,,,,,,0.14764198660850525,42.0
27-9VUW,DELTA,,,,,,,,,,3,64,35,0.546875,29.0,0.453125,0.546875,2,,,,,,,,,,,,,,,,,,,,,,,,,,,,0.11821368336677551,32.0
27-9VUW,DELTA,,,,,,,,,,4,64,32,0.5,32.0,0.5,0.5,2,,,,,,,,,,,,,,,,,,,,,,,,,,,,0.25286442041397095,13.0
27-9VUW,DELTA,,,,,,,,,,5,64,22,0.34375,42.0,0.65625,0.65625,2,,,,,,,,,,,,,,,,,,,,,,,,,,,,0.2203887701034546,25.0
27-9VUW,DELTA,,,,,,,,,,6,29,0,0.0,29.0,1.0,1.0,1,,,,,,,,,,,,,,,,,,,,,,,,,,,,0.20185773074626923,5.0
28-9VXK,EMATent,0.9842170476913452,0.9842170476913452,0.762283205986023,1.0,0.20473488569259646,0.5,0.29526511430740354,0.0,0.0,0,64,31,0.484375,33.0,0.515625,0.515625,2,,,,,,,,,,,,,,,,,,,,,,,,,,,,,
28-9VXK,EMATent,0.8951288461685181,0.8951288461685181,0.7326095104217529,1.0,0.23146134614944458,0.5,0.2685386538505554,0.0,0.0,1,64,23,0.359375,41.0,0.640625,0.640625,2,,,,,,,,,,,,,,,,,,,,,,,,,,,,,
28-9VXK,EMATent,0.949174165725708,0.949174165725708,0.8403658270835876,1.0,0.2152477502822876,0.5,0.2847522497177124,0.0,0.0,2,64,50,0.78125,14.0,0.21875,0.78125,2,,,,,,,,,,,,,,,,,,,,,,,,,,,,,
28-9VXK,EMATent,0.9729264974594116,0.9729264974594116,0.8548173308372498,1.0,0.20812205076217652,0.5,0.29187794923782345,0.0,0.0,3,64,43,0.671875,21.0,0.328125,0.671875,2,,,,,,,,,,,,,,,,,,,,,,,,,,,,,
28-9VXK,EMATent,0.8444755673408508,0.8444755673408508,0.8546303510665894,1.0,0.24665732979774477,0.5,0.25334267020225526,0.0,0.0,4,64,31,0.484375,33.0,0.515625,0.515625,2,,,,,,,,,,,,,,,,,,,,,,,,,,,,,
28-9VXK,EMATent,0.8960518836975098,0.8960518836975098,0.8291113972663879,1.0,0.23118443489074708,0.5,0.2688155651092529,0.0,0.0,5,64,42,0.65625,22.0,0.34375,0.65625,2,,,,,,,,,,,,,,,,,,,,,,,,,,,,,
28-9VXK,EMATent,0.999526858329773,0.999526858329773,0.7451101541519165,1.0,0.20014194250106812,0.5,0.29985805749893185,0.0,0.0,6,29,7,0.2413793103448276,22.0,0.7586206896551724,0.7586206896551724,2,,,,,,,,,,,,,,,,,,,,,,,,,,,,,
28-9VXK,DynaMixEMATent,,,,,,,,,,0,64,31,0.484375,33.0,0.515625,0.515625,2,0.2780427038669586,0.9842170476913452,0.9842170476913452,0.706174373626709,0.43082981855122127,0.2739050671413752,0.29526511430740354,0.3886639823033422,62.989891052246094,0.19999999999999996,1.0,0.5540060997009277,0.2,0.0,1.0,11.0,0.171875,53.0,0.828125,0.828125,2.0,0.015625,,,,,,,
28-9VXK,DynaMixEMATent,,,,,,,,,,1,64,23,0.359375,41.0,0.640625,0.640625,2,0.12856365740299225,0.9411478042602539,0.9411478042602539,0.8125841617584229,0.27404914293473426,0.44360651578718957,0.28234434127807617,0.6181328195435822,123.22335052490234,0.19999999999999996,1.0,0.5655176639556885,0.2,0.0,1.0,14.0,0.21875,50.0,0.78125,0.78125,2.0,0.140625,,,,,,,
28-9VXK,DynaMixEMATent,,,,,,,,,,2,64,50,0.78125,14.0,0.21875,0.78125,2,0.30433017015457153,0.9462836384773254,0.9462836384773254,0.6419534683227539,0.17037747139664236,0.54573743706016,0.28388509154319763,0.7620808205713819,183.78550338745117,0.19999999999999996,1.0,0.3958953619003296,0.2,0.0,1.0,19.0,0.296875,45.0,0.703125,0.703125,2.0,0.28125,,,,,,,
28-9VXK,DynaMixEMATent,,,,,,,,,,3,64,43,0.671875,21.0,0.328125,0.671875,2,0.43871790170669556,0.9641732573509216,0.9641732573509216,0.5254553556442261,0.1044185242214058,0.6063294985733177,0.28925197720527646,0.8530864372850128,245.49259185791016,0.19999999999999996,1.0,0.4560365080833435,0.2,0.0,1.0,27.0,0.421875,37.0,0.578125,0.578125,2.0,0.171875,,,,,,,
28-9VXK,DynaMixEMATent,,,,,,,,,,4,64,31,0.484375,33.0,0.515625,0.515625,2,0.4183693826198578,0.9322378039360046,0.9322378039360046,0.5138684511184692,0.06639872155341428,0.6539299372657843,0.2796713411808014,0.9078216301122065,305.15581130981445,0.19999999999999996,1.0,0.5698087215423584,0.2,0.0,1.0,31.0,0.484375,33.0,0.515625,0.515625,2.0,0.015625,,,,,,,
28-9VXK,DynaMixEMATent,,,,,,,,,,5,64,42,0.65625,22.0,0.34375,0.65625,2,0.4001378118991852,0.9193468689918518,0.9193468689918518,0.5192090272903442,0.042155230944185856,0.6820407083582586,0.27580406069755553,0.9417902964427136,363.99401092529297,0.19999999999999996,1.0,0.42757266759872437,0.2,0.0,1.0,26.0,0.40625,38.0,0.59375,0.59375,2.0,0.15625,,,,,,,
28-9VXK,DynaMixEMATent,,,,,,,,,,6,29,7,0.2413793103448276,22.0,0.7586206896551724,0.7586206896551724,2,0.3322778344154358,0.9972578883171082,0.9972578883171082,0.6649800539016724,0.03254456513884507,0.6682780683660224,0.29917736649513244,0.9535623371978054,392.9144896864891,0.19999999999999996,1.0,0.5711765885353088,0.2,0.0,1.0,12.0,0.41379310344827586,17.0,0.5862068965517241,0.5862068965517241,2.0,0.2586206896551724,,,,,,,
28-9VXK,TEMA,,,,,,,,,,0,64,31,0.484375,33.0,0.515625,0.515625,2,,,,,,,,,,,,,,,,,,,,,,,,,,,,,
28-9VXK,TEMA,,,,,,,,,,1,64,23,0.359375,41.0,0.640625,0.640625,2,,,,,,,,,,,,,,,,,,,,,,,,,,,,,
28-9VXK,TEMA,,,,,,,,,,2,64,50,0.78125,14.0,0.21875,0.78125,2,,,,,,,,,,,,,,,,,,,,,,,,,,,,,
28-9VXK,TEMA,,,,,,,,,,3,64,43,0.671875,21.0,0.328125,0.671875,2,,,,,,,,,,,,,,,,,,,,,,,,,,,,,
28-9VXK,TEMA,,,,,,,,,,4,64,31,0.484375,33.0,0.515625,0.515625,2,,,,,,,,,,,,,,,,,,,,,,,,,,,,,
28-9VXK,TEMA,,,,,,,,,,5,64,42,0.65625,22.0,0.34375,0.65625,2,,,,,,,,,,,,,,,,,,,,,,,,,,,,,
28-9VXK,TEMA,,,,,,,,,,6,29,7,0.2413793103448276,22.0,0.7586206896551724,0.7586206896551724,2,,,,,,,,,,,,,,,,,,,,,,,,,,,,,
28-9VXK,DUA,,,,,,,,,,0,64,31,0.484375,33.0,0.515625,0.515625,2,,,,,,,,,,,,,,,,,,,,,,,0.099,,,,,,
28-9VXK,DUA,,,,,,,,,,1,64,23,0.359375,41.0,0.640625,0.640625,2,,,,,,,,,,,,,,,,,,,,,,,0.09336,,,,,,
28-9VXK,DUA,,,,,,,,,,2,64,50,0.78125,14.0,0.21875,0.78125,2,,,,,,,,,,,,,,,,,,,,,,,0.0880584,,,,,,
28-9VXK,DUA,,,,,,,,,,3,64,43,0.671875,21.0,0.328125,0.671875,2,,,,,,,,,,,,,,,,,,,,,,,0.083074896,,,,,,
28-9VXK,DUA,,,,,,,,,,4,64,31,0.484375,33.0,0.515625,0.515625,2,,,,,,,,,,,,,,,,,,,,,,,0.07839040223999999,,,,,,
28-9VXK,DUA,,,,,,,,,,5,64,42,0.65625,22.0,0.34375,0.65625,2,,,,,,,,,,,,,,,,,,,,,,,0.07398697810559998,,,,,,
28-9VXK,DUA,,,,,,,,,,6,29,7,0.2413793103448276,22.0,0.7586206896551724,0.7586206896551724,2,,,,,,,,,,,,,,,,,,,,,,,0.06984775941926398,,,,,,
28-9VXK,RoTTA,,,,,,,,,,0,64,31,0.484375,33.0,0.515625,0.515625,2,,,,,,,,,,,,,,,,,,,,,,,,61.0,,,,,
28-9VXK,RoTTA,,,,,,,,,,1,64,23,0.359375,41.0,0.640625,0.640625,2,,,,,,,,,,,,,,,,,,,,,,,,64.0,,,,,
28-9VXK,RoTTA,,,,,,,,,,2,64,50,0.78125,14.0,0.21875,0.78125,2,,,,,,,,,,,,,,,,,,,,,,,,64.0,,,,,
28-9VXK,RoTTA,,,,,,,,,,3,64,43,0.671875,21.0,0.328125,0.671875,2,,,,,,,,,,,,,,,,,,,,,,,,64.0,,,,,
28-9VXK,RoTTA,,,,,,,,,,4,64,31,0.484375,33.0,0.515625,0.515625,2,,,,,,,,,,,,,,,,,,,,,,,,64.0,,,,,
28-9VXK,RoTTA,,,,,,,,,,5,64,42,0.65625,22.0,0.34375,0.65625,2,,,,,,,,,,,,,,,,,,,,,,,,64.0,,,,,
28-9VXK,RoTTA,,,,,,,,,,6,29,7,0.2413793103448276,22.0,0.7586206896551724,0.7586206896551724,2,,,,,,,,,,,,,,,,,,,,,,,,64.0,,,,,
28-9VXK,NOTE,,,,,,,,,,0,64,31,0.484375,33.0,0.515625,0.515625,2,,,,,,,,,,,,,,,,,,,,,,,,,64.0,1.0,0.5547495484352112,,
28-9VXK,NOTE,,,,,,,,,,1,64,23,0.359375,41.0,0.640625,0.640625,2,,,,,,,,,,,,,,,,,,,,,,,,,64.0,1.0,0.5695677995681763,,
28-9VXK,NOTE,,,,,,,,,,2,64,50,0.78125,14.0,0.21875,0.78125,2,,,,,,,,,,,,,,,,,,,,,,,,,64.0,1.0,0.5098577737808228,,
28-9VXK,NOTE,,,,,,,,,,3,64,43,0.671875,21.0,0.328125,0.671875,2,,,,,,,,,,,,,,,,,,,,,,,,,64.0,1.0,0.5277144312858582,,
28-9VXK,NOTE,,,,,,,,,,4,64,31,0.484375,33.0,0.515625,0.515625,2,,,,,,,,,,,,,,,,,,,,,,,,,64.0,1.0,0.661608099937439,,
28-9VXK,NOTE,,,,,,,,,,5,64,42,0.65625,22.0,0.34375,0.65625,2,,,,,,,,,,,,,,,,,,,,,,,,,64.0,1.0,0.523140549659729,,
28-9VXK,NOTE,,,,,,,,,,6,29,7,0.2413793103448276,22.0,0.7586206896551724,0.7586206896551724,2,,,,,,,,,,,,,,,,,,,,,,,,,64.0,0.0,,,
28-9VXK,DELTA,,,,,,,,,,0,64,31,0.484375,33.0,0.515625,0.515625,2,,,,,,,,,,,,,,,,,,,,,,,,,,,,0.24744930863380432,12.0
28-9VXK,DELTA,,,,,,,,,,1,64,23,0.359375,41.0,0.640625,0.640625,2,,,,,,,,,,,,,,,,,,,,,,,,,,,,0.14733706414699554,28.0
28-9VXK,DELTA,,,,,,,,,,2,64,50,0.78125,14.0,0.21875,0.78125,2,,,,,,,,,,,,,,,,,,,,,,,,,,,,0.16172057390213013,37.0
28-9VXK,DELTA,,,,,,,,,,3,64,43,0.671875,21.0,0.328125,0.671875,2,,,,,,,,,,,,,,,,,,,,,,,,,,,,0.18701951205730438,35.0
28-9VXK,DELTA,,,,,,,,,,4,64,31,0.484375,33.0,0.515625,0.515625,2,,,,,,,,,,,,,,,,,,,,,,,,,,,,0.103543721139431,40.0
28-9VXK,DELTA,,,,,,,,,,5,64,42,0.65625,22.0,0.34375,0.65625,2,,,,,,,,,,,,,,,,,,,,,,,,,,,,0.2508786618709564,21.0
28-9VXK,DELTA,,,,,,,,,,6,29,7,0.2413793103448276,22.0,0.7586206896551724,0.7586206896551724,2,,,,,,,,,,,,,,,,,,,,,,,,,,,,0.18903318047523499,3.0
29-9VXR,EMATent,0.9218866229057312,0.9218866229057312,0.8264880180358887,1.0,0.22343401312828065,0.5,0.27656598687171935,0.0,0.0,0,64,53,0.828125,11.0,0.171875,0.828125,2,,,,,,,,,,,,,,,,,,,,,,,,,,,,,
29-9VXR,EMATent,0.8341861963272095,0.8341861963272095,0.7982511520385742,1.0,0.24974414110183718,0.5,0.2502558588981628,0.0,0.0,1,64,23,0.359375,41.0,0.640625,0.640625,2,,,,,,,,,,,,,,,,,,,,,,,,,,,,,
29-9VXR,EMATent,0.9992051124572754,0.9992051124572754,0.6834210157394409,1.0,0.20023846626281738,0.5,0.2997615337371826,0.0,0.0,2,64,51,0.796875,13.0,0.203125,0.796875,2,,,,,,,,,,,,,,,,,,,,,,,,,,,,,
29-9VXR,EMATent,0.8907755613327026,0.8907755613327026,0.738875150680542,1.0,0.23276733160018923,0.5,0.2672326683998108,0.0,0.0,3,64,9,0.140625,55.0,0.859375,0.859375,2,,,,,,,,,,,,,,,,,,,,,,,,,,,,,
29-9VXR,EMATent,0.9308992624282837,0.9308992624282837,0.7324250340461731,1.0,0.2207302212715149,0.5,0.2792697787284851,0.0,0.0,4,64,38,0.59375,26.0,0.40625,0.59375,2,,,,,,,,,,,,,,,,,,,,,,,,,,,,,
29-9VXR,EMATent,0.9678744077682495,0.9678744077682495,0.6980646848678589,1.0,0.20963767766952515,0.5,0.2903623223304748,0.0,0.0,5,64,26,0.40625,38.0,0.59375,0.59375,2,,,,,,,,,,,,,,,,,,,,,,,,,,,,,
29-9VXR,EMATent,0.8846543431282043,0.8846543431282043,0.7349953055381775,1.0,0.23460369706153872,0.5,0.2653963029384613,0.0,0.0,6,29,7,0.2413793103448276,22.0,0.7586206896551724,0.7586206896551724,2,,,,,,,,,,,,,,,,,,,,,,,,,,,,,
29-9VXR,DynaMixEMATent,,,,,,,,,,0,64,53,0.828125,11.0,0.171875,0.828125,2,0.32943758368492126,0.9218866229057312,0.9218866229057312,0.5924490094184875,0.4562614613664224,0.26717255176185817,0.27656598687171935,0.36931157080456856,59.0007438659668,0.19999999999999996,1.0,0.44085490703582764,0.2,0.0,1.0,42.0,0.65625,22.0,0.34375,0.65625,2.0,0.328125,,,,,,,
29-9VXR,DynaMixEMATent,,,,,,,,,,1,64,23,0.359375,41.0,0.640625,0.640625,2,0.24317727982997894,0.8282994031906128,0.8282994031906128,0.5851221084594727,0.3132469136394193,0.43826326540339683,0.24848982095718383,0.5831767521254392,112.01190567016602,0.19999999999999996,1.0,0.5082579851150513,0.2,0.0,1.0,47.0,0.734375,17.0,0.265625,0.734375,2.0,0.140625,,,,,,,
29-9VXR,DynaMixEMATent,,,,,,,,,,2,64,51,0.796875,13.0,0.203125,0.796875,2,0.17648644745349884,0.9841810464859009,0.9841810464859009,0.8076946139335632,0.17958586901256265,0.5251598170416671,0.29525431394577023,0.7451763486229505,174.99949264526367,0.19999999999999996,1.0,0.5850908160209656,0.2,0.0,1.0,28.0,0.4375,36.0,0.5625,0.5625,2.0,0.296875,,,,,,,
29-9VXR,DynaMixEMATent,,,,,,,,,,3,64,9,0.140625,55.0,0.859375,0.859375,2,0.1136162132024765,0.9725306034088135,0.9725306034088135,0.8589143753051758,0.1109783722421453,0.5972624467352106,0.29175918102264403,0.8433041851465306,237.24145126342773,0.19999999999999996,1.0,0.5529829859733582,0.2,0.0,1.0,12.0,0.1875,52.0,0.8125,0.8125,2.0,0.359375,,,,,,,
29-9VXR,DynaMixEMATent,,,,,,,,,,4,64,38,0.59375,26.0,0.40625,0.59375,2,0.14113257825374603,0.9662523865699768,0.9662523865699768,0.8251197934150696,0.06863928039465664,0.6414850036343503,0.28987571597099304,0.9033418769947982,299.08160400390625,0.19999999999999996,1.0,0.6026443243026733,0.2,0.0,1.0,24.0,0.375,40.0,0.625,0.625,2.0,0.09375,,,,,,,
29-9VXR,DynaMixEMATent,,,,,,,,,,5,64,26,0.40625,38.0,0.59375,0.59375,2,0.14525499939918518,0.991950511932373,0.991950511932373,0.8466955423355103,0.04134592598869386,0.6610689204315943,0.2975851535797119,0.9411374543129252,362.5664367675781,0.19999999999999996,1.0,0.5274427533149719,0.2,0.0,1.0,22.0,0.34375,42.0,0.65625,0.65625,2.0,0.09375,,,,,,,
29-9VXR,DynaMixEMATent,,,,,,,,,,6,29,7,0.2413793103448276,22.0,0.7586206896551724,0.7586206896551724,2,0.11965667456388474,0.8597441911697388,0.8597441911697388,0.7400875091552734,0.03594955062221227,0.7061271920268661,0.25792325735092164,0.9515554813187125,387.49901831150055,0.19999999999999996,1.0,0.6346376538276672,0.2,0.0,1.0,16.0,0.5517241379310345,13.0,0.4482758620689655,0.5517241379310345,2.0,0.2586206896551724,,,,,,,
29-9VXR,TEMA,,,,,,,,,,0,64,53,0.828125,11.0,0.171875,0.828125,2,,,,,,,,,,,,,,,,,,,,,,,,,,,,,
29-9VXR,TEMA,,,,,,,,,,1,64,23,0.359375,41.0,0.640625,0.640625,2,,,,,,,,,,,,,,,,,,,,,,,,,,,,,
29-9VXR,TEMA,,,,,,,,,,2,64,51,0.796875,13.0,0.203125,0.796875,2,,,,,,,,,,,,,,,,,,,,,,,,,,,,,
29-9VXR,TEMA,,,,,,,,,,3,64,9,0.140625,55.0,0.859375,0.859375,2,,,,,,,,,,,,,,,,,,,,,,,,,,,,,
29-9VXR,TEMA,,,,,,,,,,4,64,38,0.59375,26.0,0.40625,0.59375,2,,,,,,,,,,,,,,,,,,,,,,,,,,,,,
29-9VXR,TEMA,,,,,,,,,,5,64,26,0.40625,38.0,0.59375,0.59375,2,,,,,,,,,,,,,,,,,,,,,,,,,,,,,
29-9VXR,TEMA,,,,,,,,,,6,29,7,0.2413793103448276,22.0,0.7586206896551724,0.7586206896551724,2,,,,,,,,,,,,,,,,,,,,,,,,,,,,,
29-9VXR,DUA,,,,,,,,,,0,64,53,0.828125,11.0,0.171875,0.828125,2,,,,,,,,,,,,,,,,,,,,,,,0.099,,,,,,
29-9VXR,DUA,,,,,,,,,,1,64,23,0.359375,41.0,0.640625,0.640625,2,,,,,,,,,,,,,,,,,,,,,,,0.09336,,,,,,
29-9VXR,DUA,,,,,,,,,,2,64,51,0.796875,13.0,0.203125,0.796875,2,,,,,,,,,,,,,,,,,,,,,,,0.0880584,,,,,,
29-9VXR,DUA,,,,,,,,,,3,64,9,0.140625,55.0,0.859375,0.859375,2,,,,,,,,,,,,,,,,,,,,,,,0.083074896,,,,,,
29-9VXR,DUA,,,,,,,,,,4,64,38,0.59375,26.0,0.40625,0.59375,2,,,,,,,,,,,,,,,,,,,,,,,0.07839040223999999,,,,,,
29-9VXR,DUA,,,,,,,,,,5,64,26,0.40625,38.0,0.59375,0.59375,2,,,,,,,,,,,,,,,,,,,,,,,0.07398697810559998,,,,,,
29-9VXR,DUA,,,,,,,,,,6,29,7,0.2413793103448276,22.0,0.7586206896551724,0.7586206896551724,2,,,,,,,,,,,,,,,,,,,,,,,0.06984775941926398,,,,,,
29-9VXR,RoTTA,,,,,,,,,,0,64,53,0.828125,11.0,0.171875,0.828125,2,,,,,,,,,,,,,,,,,,,,,,,,62.0,,,,,
29-9VXR,RoTTA,,,,,,,,,,1,64,23,0.359375,41.0,0.640625,0.640625,2,,,,,,,,,,,,,,,,,,,,,,,,64.0,,,,,
29-9VXR,RoTTA,,,,,,,,,,2,64,51,0.796875,13.0,0.203125,0.796875,2,,,,,,,,,,,,,,,,,,,,,,,,64.0,,,,,
29-9VXR,RoTTA,,,,,,,,,,3,64,9,0.140625,55.0,0.859375,0.859375,2,,,,,,,,,,,,,,,,,,,,,,,,64.0,,,,,
29-9VXR,RoTTA,,,,,,,,,,4,64,38,0.59375,26.0,0.40625,0.59375,2,,,,,,,,,,,,,,,,,,,,,,,,64.0,,,,,
29-9VXR,RoTTA,,,,,,,,,,5,64,26,0.40625,38.0,0.59375,0.59375,2,,,,,,,,,,,,,,,,,,,,,,,,64.0,,,,,
29-9VXR,RoTTA,,,,,,,,,,6,29,7,0.2413793103448276,22.0,0.7586206896551724,0.7586206896551724,2,,,,,,,,,,,,,,,,,,,,,,,,64.0,,,,,
29-9VXR,NOTE,,,,,,,,,,0,64,53,0.828125,11.0,0.171875,0.828125,2,,,,,,,,,,,,,,,,,,,,,,,,,64.0,1.0,0.6037593483924866,,
29-9VXR,NOTE,,,,,,,,,,1,64,23,0.359375,41.0,0.640625,0.640625,2,,,,,,,,,,,,,,,,,,,,,,,,,64.0,1.0,0.6280924081802368,,
29-9VXR,NOTE,,,,,,,,,,2,64,51,0.796875,13.0,0.203125,0.796875,2,,,,,,,,,,,,,,,,,,,,,,,,,64.0,1.0,0.5669399499893188,,
29-9VXR,NOTE,,,,,,,,,,3,64,9,0.140625,55.0,0.859375,0.859375,2,,,,,,,,,,,,,,,,,,,,,,,,,64.0,1.0,0.5856926441192627,,
29-9VXR,NOTE,,,,,,,,,,4,64,38,0.59375,26.0,0.40625,0.59375,2,,,,,,,,,,,,,,,,,,,,,,,,,64.0,1.0,0.6035501956939697,,
29-9VXR,NOTE,,,,,,,,,,5,64,26,0.40625,38.0,0.59375,0.59375,2,,,,,,,,,,,,,,,,,,,,,,,,,64.0,1.0,0.5502791404724121,,
29-9VXR,NOTE,,,,,,,,,,6,29,7,0.2413793103448276,22.0,0.7586206896551724,0.7586206896551724,2,,,,,,,,,,,,,,,,,,,,,,,,,64.0,0.0,,,
29-9VXR,DELTA,,,,,,,,,,0,64,53,0.828125,11.0,0.171875,0.828125,2,,,,,,,,,,,,,,,,,,,,,,,,,,,,0.3019339442253113,4.0
29-9VXR,DELTA,,,,,,,,,,1,64,23,0.359375,41.0,0.640625,0.640625,2,,,,,,,,,,,,,,,,,,,,,,,,,,,,0.3166119158267975,2.0
29-9VXR,DELTA,,,,,,,,,,2,64,51,0.796875,13.0,0.203125,0.796875,2,,,,,,,,,,,,,,,,,,,,,,,,,,,,0.21961049735546112,10.0
29-9VXR,DELTA,,,,,,,,,,3,64,9,0.140625,55.0,0.859375,0.859375,2,,,,,,,,,,,,,,,,,,,,,,,,,,,,0.05824196711182594,39.0
29-9VXR,DELTA,,,,,,,,,,4,64,38,0.59375,26.0,0.40625,0.59375,2,,,,,,,,,,,,,,,,,,,,,,,,,,,,0.1562686711549759,35.0
29-9VXR,DELTA,,,,,,,,,,5,64,26,0.40625,38.0,0.59375,0.59375,2,,,,,,,,,,,,,,,,,,,,,,,,,,,,0.07977310568094254,50.0
29-9VXR,DELTA,,,,,,,,,,6,29,7,0.2413793103448276,22.0,0.7586206896551724,0.7586206896551724,2,,,,,,,,,,,,,,,,,,,,,,,,,,,,0.26168057322502136,11.0
30-9VYD,EMATent,0.9892784357070923,0.9892784357070923,0.6545246839523315,1.0,0.20321646928787232,0.5,0.29678353071212765,0.0,0.0,0,64,11,0.171875,53.0,0.828125,0.828125,2,,,,,,,,,,,,,,,,,,,,,,,,,,,,,
30-9VYD,EMATent,0.9995514750480652,0.9995514750480652,0.6283717155456543,1.0,0.20013455748558046,0.5,0.29986544251441954,0.0,0.0,1,64,11,0.171875,53.0,0.828125,0.828125,2,,,,,,,,,,,,,,,,,,,,,,,,,,,,,
30-9VYD,EMATent,0.9951574802398682,0.9951574802398682,0.7025073766708374,1.0,0.20145275592803957,0.5,0.2985472440719604,0.0,0.0,2,64,19,0.296875,45.0,0.703125,0.703125,2,,,,,,,,,,,,,,,,,,,,,,,,,,,,,
30-9VYD,EMATent,0.991942286491394,0.991942286491394,0.7368674874305725,1.0,0.2024173140525818,0.5,0.2975826859474182,0.0,0.0,3,64,25,0.390625,39.0,0.609375,0.609375,2,,,,,,,,,,,,,,,,,,,,,,,,,,,,,
30-9VYD,EMATent,0.9914951324462891,0.9914951324462891,0.6893736124038696,1.0,0.2025514602661133,0.5,0.2974485397338867,0.0,0.0,4,64,33,0.515625,31.0,0.484375,0.515625,2,,,,,,,,,,,,,,,,,,,,,,,,,,,,,
30-9VYD,EMATent,0.9692325592041016,0.9692325592041016,0.7066631317138672,1.0,0.20923023223876955,0.5,0.2907697677612305,0.0,0.0,5,64,22,0.34375,42.0,0.65625,0.65625,2,,,,,,,,,,,,,,,,,,,,,,,,,,,,,
30-9VYD,EMATent,0.9966795444488525,0.9966795444488525,0.6308977603912354,1.0,0.20099613666534424,0.5,0.29900386333465573,0.0,0.0,6,29,11,0.3793103448275862,18.0,0.6206896551724138,0.6206896551724138,2,,,,,,,,,,,,,,,,,,,,,,,,,,,,,
30-9VYD,DynaMixEMATent,,,,,,,,,,0,64,11,0.171875,53.0,0.828125,0.828125,2,0.11109735071659088,0.9892784357070923,0.9892784357070923,0.8781810998916626,0.42881498209445856,0.27440148719341384,0.29678353071212765,0.3902091307265493,63.313819885253906,0.19999999999999996,1.0,0.5555646419525146,0.2,0.0,1.0,33.0,0.515625,31.0,0.484375,0.515625,2.0,0.328125,,,,,,,
30-9VYD,DynaMixEMATent,,,,,,,,,,1,64,11,0.171875,53.0,0.828125,0.828125,2,0.09386451542377472,0.9998533129692078,0.9998533129692078,0.9059887528419495,0.258935067231988,0.44110893887724967,0.29995599389076233,0.6301160141758535,127.3044319152832,0.19999999999999996,1.0,0.6043457984924316,0.2,0.0,1.0,21.0,0.328125,43.0,0.671875,0.671875,2.0,0.328125,,,,,,,
30-9VYD,DynaMixEMATent,,,,,,,,,,2,64,19,0.296875,45.0,0.703125,0.703125,2,0.21194952726364136,0.9834776520729065,0.9834776520729065,0.7715281248092651,0.15946615228447109,0.5454905520936569,0.2950432956218719,0.7737929843150539,190.24700164794922,0.19999999999999996,1.0,0.5352520942687988,0.2,0.0,1.0,26.0,0.40625,38.0,0.59375,0.59375,2.0,0.203125,,,,,,,
30-9VYD,DynaMixEMATent,,,,,,,,,,3,64,25,0.390625,39.0,0.609375,0.609375,2,0.20173625648021698,0.9975760579109192,0.9975760579109192,0.7958398461341858,0.09625740437922242,0.6044697782475018,0.29927281737327577,0.8626321245047254,254.09186935424805,0.19999999999999996,1.0,0.493385374546051,0.2,0.0,1.0,27.0,0.421875,37.0,0.578125,0.578125,2.0,0.109375,,,,,,,
30-9VYD,DynaMixEMATent,,,,,,,,,,4,64,33,0.515625,31.0,0.484375,0.515625,2,0.1846788376569748,0.9982343316078186,0.9982343316078186,0.8135554790496826,0.058418163994026454,0.6421115365236281,0.29947029948234555,0.9166085835463386,317.97886657714844,0.19999999999999996,1.0,0.5990605354309082,0.2,0.0,1.0,24.0,0.375,40.0,0.625,0.625,2.0,0.015625,,,,,,,
30-9VYD,DynaMixEMATent,,,,,,,,,,5,64,22,0.34375,42.0,0.65625,0.65625,2,0.16294564306735992,0.9745507836341858,0.9745507836341858,0.8116051554679871,0.036250124104420155,0.6713846408053241,0.29236523509025575,0.9487728332439352,380.3501167297363,0.19999999999999996,1.0,0.5342769622802734,0.2,0.0,1.0,32.0,0.5,32.0,0.5,0.5,2.0,0.15625,,,,,,,
30-9VYD,DynaMixEMATent,,,,,,,,,,6,29,11,0.3793103448275862,18.0,0.6206896551724138,0.6206896551724138,2,0.06478362530469894,0.9989656209945679,0.9989656209945679,0.9341819882392883,0.028608678236546253,0.6717016354650834,0.29968968629837034,0.9591485693173225,409.3201197385788,0.19999999999999996,1.0,0.6222727298736572,0.2,0.0,1.0,11.0,0.3793103448275862,18.0,0.6206896551724138,0.6206896551724138,2.0,0.12068965517241381,,,,,,,
30-9VYD,TEMA,,,,,,,,,,0,64,11,0.171875,53.0,0.828125,0.828125,2,,,,,,,,,,,,,,,,,,,,,,,,,,,,,
30-9VYD,TEMA,,,,,,,,,,1,64,11,0.171875,53.0,0.828125,0.828125,2,,,,,,,,,,,,,,,,,,,,,,,,,,,,,
30-9VYD,TEMA,,,,,,,,,,2,64,19,0.296875,45.0,0.703125,0.703125,2,,,,,,,,,,,,,,,,,,,,,,,,,,,,,
30-9VYD,TEMA,,,,,,,,,,3,64,25,0.390625,39.0,0.609375,0.609375,2,,,,,,,,,,,,,,,,,,,,,,,,,,,,,
30-9VYD,TEMA,,,,,,,,,,4,64,33,0.515625,31.0,0.484375,0.515625,2,,,,,,,,,,,,,,,,,,,,,,,,,,,,,
30-9VYD,TEMA,,,,,,,,,,5,64,22,0.34375,42.0,0.65625,0.65625,2,,,,,,,,,,,,,,,,,,,,,,,,,,,,,
30-9VYD,TEMA,,,,,,,,,,6,29,11,0.3793103448275862,18.0,0.6206896551724138,0.6206896551724138,2,,,,,,,,,,,,,,,,,,,,,,,,,,,,,
30-9VYD,DUA,,,,,,,,,,0,64,11,0.171875,53.0,0.828125,0.828125,2,,,,,,,,,,,,,,,,,,,,,,,0.099,,,,,,
30-9VYD,DUA,,,,,,,,,,1,64,11,0.171875,53.0,0.828125,0.828125,2,,,,,,,,,,,,,,,,,,,,,,,0.09336,,,,,,
30-9VYD,DUA,,,,,,,,,,2,64,19,0.296875,45.0,0.703125,0.703125,2,,,,,,,,,,,,,,,,,,,,,,,0.0880584,,,,,,
30-9VYD,DUA,,,,,,,,,,3,64,25,0.390625,39.0,0.609375,0.609375,2,,,,,,,,,,,,,,,,,,,,,,,0.083074896,,,,,,
30-9VYD,DUA,,,,,,,,,,4,64,33,0.515625,31.0,0.484375,0.515625,2,,,,,,,,,,,,,,,,,,,,,,,0.07839040223999999,,,,,,
30-9VYD,DUA,,,,,,,,,,5,64,22,0.34375,42.0,0.65625,0.65625,2,,,,,,,,,,,,,,,,,,,,,,,0.07398697810559998,,,,,,
30-9VYD,DUA,,,,,,,,,,6,29,11,0.3793103448275862,18.0,0.6206896551724138,0.6206896551724138,2,,,,,,,,,,,,,,,,,,,,,,,0.06984775941926398,,,,,,
30-9VYD,RoTTA,,,,,,,,,,0,64,11,0.171875,53.0,0.828125,0.828125,2,,,,,,,,,,,,,,,,,,,,,,,,61.0,,,,,
30-9VYD,RoTTA,,,,,,,,,,1,64,11,0.171875,53.0,0.828125,0.828125,2,,,,,,,,,,,,,,,,,,,,,,,,64.0,,,,,
30-9VYD,RoTTA,,,,,,,,,,2,64,19,0.296875,45.0,0.703125,0.703125,2,,,,,,,,,,,,,,,,,,,,,,,,64.0,,,,,
30-9VYD,RoTTA,,,,,,,,,,3,64,25,0.390625,39.0,0.609375,0.609375,2,,,,,,,,,,,,,,,,,,,,,,,,64.0,,,,,
30-9VYD,RoTTA,,,,,,,,,,4,64,33,0.515625,31.0,0.484375,0.515625,2,,,,,,,,,,,,,,,,,,,,,,,,64.0,,,,,
30-9VYD,RoTTA,,,,,,,,,,5,64,22,0.34375,42.0,0.65625,0.65625,2,,,,,,,,,,,,,,,,,,,,,,,,64.0,,,,,
30-9VYD,RoTTA,,,,,,,,,,6,29,11,0.3793103448275862,18.0,0.6206896551724138,0.6206896551724138,2,,,,,,,,,,,,,,,,,,,,,,,,64.0,,,,,
30-9VYD,NOTE,,,,,,,,,,0,64,11,0.171875,53.0,0.828125,0.828125,2,,,,,,,,,,,,,,,,,,,,,,,,,64.0,1.0,0.537647545337677,,
30-9VYD,NOTE,,,,,,,,,,1,64,11,0.171875,53.0,0.828125,0.828125,2,,,,,,,,,,,,,,,,,,,,,,,,,64.0,1.0,0.5796892046928406,,
30-9VYD,NOTE,,,,,,,,,,2,64,19,0.296875,45.0,0.703125,0.703125,2,,,,,,,,,,,,,,,,,,,,,,,,,64.0,1.0,0.5409495830535889,,
30-9VYD,NOTE,,,,,,,,,,3,64,25,0.390625,39.0,0.609375,0.609375,2,,,,,,,,,,,,,,,,,,,,,,,,,64.0,1.0,0.5142026543617249,,
30-9VYD,NOTE,,,,,,,,,,4,64,33,0.515625,31.0,0.484375,0.515625,2,,,,,,,,,,,,,,,,,,,,,,,,,64.0,1.0,0.5793701410293579,,
30-9VYD,NOTE,,,,,,,,,,5,64,22,0.34375,42.0,0.65625,0.65625,2,,,,,,,,,,,,,,,,,,,,,,,,,64.0,1.0,0.612674355506897,,
30-9VYD,NOTE,,,,,,,,,,6,29,11,0.3793103448275862,18.0,0.6206896551724138,0.6206896551724138,2,,,,,,,,,,,,,,,,,,,,,,,,,64.0,0.0,,,
30-9VYD,DELTA,,,,,,,,,,0,64,11,0.171875,53.0,0.828125,0.828125,2,,,,,,,,,,,,,,,,,,,,,,,,,,,,0.2581089735031128,12.0
30-9VYD,DELTA,,,,,,,,,,1,64,11,0.171875,53.0,0.828125,0.828125,2,,,,,,,,,,,,,,,,,,,,,,,,,,,,0.1875191032886505,15.0
30-9VYD,DELTA,,,,,,,,,,2,64,19,0.296875,45.0,0.703125,0.703125,2,,,,,,,,,,,,,,,,,,,,,,,,,,,,0.1329449713230133,28.0
30-9VYD,DELTA,,,,,,,,,,3,64,25,0.390625,39.0,0.609375,0.609375,2,,,,,,,,,,,,,,,,,,,,,,,,,,,,0.2563289701938629,10.0
30-9VYD,DELTA,,,,,,,,,,4,64,33,0.515625,31.0,0.484375,0.515625,2,,,,,,,,,,,,,,,,,,,,,,,,,,,,0.21940413117408752,24.0
30-9VYD,DELTA,,,,,,,,,,5,64,22,0.34375,42.0,0.65625,0.65625,2,,,,,,,,,,,,,,,,,,,,,,,,,,,,0.25456947088241577,19.0
30-9VYD,DELTA,,,,,,,,,,6,29,11,0.3793103448275862,18.0,0.6206896551724138,0.6206896551724138,2,,,,,,,,,,,,,,,,,,,,,,,,,,,,0.2996785342693329,3.0
31-9VZJ,EMATent,0.8037260174751282,0.8037260174751282,0.813959002494812,1.0,0.25888219475746155,0.5,0.24111780524253845,0.0,0.0,0,64,31,0.484375,33.0,0.515625,0.515625,2,,,,,,,,,,,,,,,,,,,,,,,,,,,,,
31-9VZJ,EMATent,0.9057756662368774,0.9057756662368774,0.7753527164459229,1.0,0.22826730012893678,0.5,0.27173269987106324,0.0,0.0,1,64,33,0.515625,31.0,0.484375,0.515625,2,,,,,,,,,,,,,,,,,,,,,,,,,,,,,
31-9VZJ,EMATent,0.9987974762916565,0.9987974762916565,0.7255356311798096,1.0,0.20036075711250306,0.5,0.29963924288749694,0.0,0.0,2,64,39,0.609375,25.0,0.390625,0.609375,2,,,,,,,,,,,,,,,,,,,,,,,,,,,,,
31-9VZJ,EMATent,0.9742533564567566,0.9742533564567566,0.7530219554901123,1.0,0.20772399306297304,0.5,0.292276006937027,0.0,0.0,3,64,46,0.71875,18.0,0.28125,0.71875,2,,,,,,,,,,,,,,,,,,,,,,,,,,,,,
31-9VZJ,EMATent,0.9264588356018066,0.9264588356018066,0.7481998801231384,1.0,0.222062349319458,0.5,0.277937650680542,0.0,0.0,4,64,38,0.59375,26.0,0.40625,0.59375,2,,,,,,,,,,,,,,,,,,,,,,,,,,,,,
31-9VZJ,EMATent,0.9731060266494751,0.9731060266494751,0.7085837125778198,1.0,0.20806819200515747,0.5,0.29193180799484253,0.0,0.0,5,64,27,0.421875,37.0,0.578125,0.578125,2,,,,,,,,,,,,,,,,,,,,,,,,,,,,,
31-9VZJ,EMATent,0.8700973987579346,0.8700973987579346,0.7752642035484314,1.0,0.23897078037261965,0.5,0.26102921962738035,0.0,0.0,6,29,11,0.3793103448275862,18.0,0.6206896551724138,0.6206896551724138,2,,,,,,,,,,,,,,,,,,,,,,,,,,,,,
31-9VZJ,DynaMixEMATent,,,,,,,,,,0,64,31,0.484375,33.0,0.515625,0.515625,2,0.2298041582107544,0.8037260174751282,0.8037260174751282,0.5739218592643738,0.5077471286960042,0.2511350660614573,0.24111780524253845,0.3309276035152201,51.4384651184082,0.19999999999999996,1.0,0.46244344115257263,0.2,0.0,1.0,45.0,0.703125,19.0,0.296875,0.703125,2.0,0.015625,,,,,,,
31-9VZJ,DynaMixEMATent,,,,,,,,,,1,64,33,0.515625,31.0,0.484375,0.515625,2,0.15660198032855988,0.7717577815055847,0.7717577815055847,0.615155816078186,0.3495557610930197,0.4189169044553049,0.2315273344516754,0.5451292196013207,100.83096313476562,0.19999999999999996,1.0,0.4989308714866638,0.2,0.0,1.0,45.0,0.703125,19.0,0.296875,0.703125,2.0,0.015625,,,,,,,
31-9VZJ,DynaMixEMATent,,,,,,,,,,2,64,39,0.609375,25.0,0.390625,0.609375,2,0.2141132354736328,0.9357258081436157,0.9357258081436157,0.7216125726699829,0.20492602221039427,0.5143562353465211,0.28071774244308473,0.7150965145359798,160.71741485595703,0.19999999999999996,1.0,0.5493890047073364,0.2,0.0,1.0,29.0,0.453125,35.0,0.546875,0.546875,2.0,0.109375,,,,,,,
31-9VZJ,DynaMixEMATent,,,,,,,,,,3,64,46,0.71875,18.0,0.28125,0.71875,2,0.2584324777126312,0.8723223805427551,0.8723223805427551,0.6138899326324463,0.13599099941397386,0.6023122864231996,0.2616967141628265,0.8158060487841774,216.54604721069336,0.19999999999999996,1.0,0.5050686597824097,0.2,0.0,1.0,38.0,0.59375,26.0,0.40625,0.59375,2.0,0.21875,,,,,,,
31-9VZJ,DynaMixEMATent,,,,,,,,,,4,64,38,0.59375,26.0,0.40625,0.59375,2,0.16275036334991455,0.8004899621009827,0.8004899621009827,0.6377395987510681,0.09379523297873184,0.6660577783909734,0.2401469886302948,0.8765613459770893,267.77740478515625,0.19999999999999996,1.0,0.5382047891616821,0.2,0.0,1.0,42.0,0.65625,22.0,0.34375,0.65625,2.0,0.09375,,,,,,,
31-9VZJ,DynaMixEMATent,,,,,,,,,,5,64,27,0.421875,37.0,0.578125,0.578125,2,0.12663951516151428,0.8035849928855896,0.8035849928855896,0.6769454479217529,0.06268353609508374,0.6962409660392395,0.24107549786567686,0.9174047801608739,319.206844329834,0.19999999999999996,1.0,0.5912463665008545,0.2,0.0,1.0,33.0,0.515625,31.0,0.484375,0.515625,2.0,0.078125,,,,,,,
31-9VZJ,DynaMixEMATent,,,,,,,,,,6,29,11,0.3793103448275862,18.0,0.6206896551724138,0.6206896551724138,2,0.17748574912548065,0.653043806552887,0.653043806552887,0.4755580723285675,0.057279831844685256,0.7468070261894487,0.1959131419658661,0.9287641238351719,338.1451147198677,0.19999999999999996,1.0,0.425932914018631,0.2,0.0,1.0,20.0,0.6896551724137931,9.0,0.3103448275862069,0.6896551724137931,2.0,0.12068965517241381,,,,,,,
31-9VZJ,TEMA,,,,,,,,,,0,64,31,0.484375,33.0,0.515625,0.515625,2,,,,,,,,,,,,,,,,,,,,,,,,,,,,,
31-9VZJ,TEMA,,,,,,,,,,1,64,33,0.515625,31.0,0.484375,0.515625,2,,,,,,,,,,,,,,,,,,,,,,,,,,,,,
31-9VZJ,TEMA,,,,,,,,,,2,64,39,0.609375,25.0,0.390625,0.609375,2,,,,,,,,,,,,,,,,,,,,,,,,,,,,,
31-9VZJ,TEMA,,,,,,,,,,3,64,46,0.71875,18.0,0.28125,0.71875,2,,,,,,,,,,,,,,,,,,,,,,,,,,,,,
31-9VZJ,TEMA,,,,,,,,,,4,64,38,0.59375,26.0,0.40625,0.59375,2,,,,,,,,,,,,,,,,,,,,,,,,,,,,,
31-9VZJ,TEMA,,,,,,,,,,5,64,27,0.421875,37.0,0.578125,0.578125,2,,,,,,,,,,,,,,,,,,,,,,,,,,,,,
31-9VZJ,TEMA,,,,,,,,,,6,29,11,0.3793103448275862,18.0,0.6206896551724138,0.6206896551724138,2,,,,,,,,,,,,,,,,,,,,,,,,,,,,,
31-9VZJ,DUA,,,,,,,,,,0,64,31,0.484375,33.0,0.515625,0.515625,2,,,,,,,,,,,,,,,,,,,,,,,0.099,,,,,,
31-9VZJ,DUA,,,,,,,,,,1,64,33,0.515625,31.0,0.484375,0.515625,2,,,,,,,,,,,,,,,,,,,,,,,0.09336,,,,,,
31-9VZJ,DUA,,,,,,,,,,2,64,39,0.609375,25.0,0.390625,0.609375,2,,,,,,,,,,,,,,,,,,,,,,,0.0880584,,,,,,
31-9VZJ,DUA,,,,,,,,,,3,64,46,0.71875,18.0,0.28125,0.71875,2,,,,,,,,,,,,,,,,,,,,,,,0.083074896,,,,,,
31-9VZJ,DUA,,,,,,,,,,4,64,38,0.59375,26.0,0.40625,0.59375,2,,,,,,,,,,,,,,,,,,,,,,,0.07839040223999999,,,,,,
31-9VZJ,DUA,,,,,,,,,,5,64,27,0.421875,37.0,0.578125,0.578125,2,,,,,,,,,,,,,,,,,,,,,,,0.07398697810559998,,,,,,
31-9VZJ,DUA,,,,,,,,,,6,29,11,0.3793103448275862,18.0,0.6206896551724138,0.6206896551724138,2,,,,,,,,,,,,,,,,,,,,,,,0.06984775941926398,,,,,,
31-9VZJ,RoTTA,,,,,,,,,,0,64,31,0.484375,33.0,0.515625,0.515625,2,,,,,,,,,,,,,,,,,,,,,,,,56.0,,,,,
31-9VZJ,RoTTA,,,,,,,,,,1,64,33,0.515625,31.0,0.484375,0.515625,2,,,,,,,,,,,,,,,,,,,,,,,,64.0,,,,,
31-9VZJ,RoTTA,,,,,,,,,,2,64,39,0.609375,25.0,0.390625,0.609375,2,,,,,,,,,,,,,,,,,,,,,,,,64.0,,,,,
31-9VZJ,RoTTA,,,,,,,,,,3,64,46,0.71875,18.0,0.28125,0.71875,2,,,,,,,,,,,,,,,,,,,,,,,,64.0,,,,,
31-9VZJ,RoTTA,,,,,,,,,,4,64,38,0.59375,26.0,0.40625,0.59375,2,,,,,,,,,,,,,,,,,,,,,,,,64.0,,,,,
31-9VZJ,RoTTA,,,,,,,,,,5,64,27,0.421875,37.0,0.578125,0.578125,2,,,,,,,,,,,,,,,,,,,,,,,,64.0,,,,,
31-9VZJ,RoTTA,,,,,,,,,,6,29,11,0.3793103448275862,18.0,0.6206896551724138,0.6206896551724138,2,,,,,,,,,,,,,,,,,,,,,,,,64.0,,,,,
31-9VZJ,NOTE,,,,,,,,,,0,64,31,0.484375,33.0,0.515625,0.515625,2,,,,,,,,,,,,,,,,,,,,,,,,,64.0,1.0,0.48310747742652893,,
31-9VZJ,NOTE,,,,,,,,,,1,64,33,0.515625,31.0,0.484375,0.515625,2,,,,,,,,,,,,,,,,,,,,,,,,,64.0,1.0,0.5131940841674805,,
31-9VZJ,NOTE,,,,,,,,,,2,64,39,0.609375,25.0,0.390625,0.609375,2,,,,,,,,,,,,,,,,,,,,,,,,,64.0,1.0,0.5770165920257568,,
31-9VZJ,NOTE,,,,,,,,,,3,64,46,0.71875,18.0,0.28125,0.71875,2,,,,,,,,,,,,,,,,,,,,,,,,,64.0,1.0,0.5212994813919067,,
31-9VZJ,NOTE,,,,,,,,,,4,64,38,0.59375,26.0,0.40625,0.59375,2,,,,,,,,,,,,,,,,,,,,,,,,,64.0,1.0,0.5998895168304443,,
31-9VZJ,NOTE,,,,,,,,,,5,64,27,0.421875,37.0,0.578125,0.578125,2,,,,,,,,,,,,,,,,,,,,,,,,,64.0,1.0,0.6236345171928406,,
31-9VZJ,NOTE,,,,,,,,,,6,29,11,0.3793103448275862,18.0,0.6206896551724138,0.6206896551724138,2,,,,,,,,,,,,,,,,,,,,,,,,,64.0,0.0,,,
31-9VZJ,DELTA,,,,,,,,,,0,64,31,0.484375,33.0,0.515625,0.515625,2,,,,,,,,,,,,,,,,,,,,,,,,,,,,0.1577477753162384,11.0
31-9VZJ,DELTA,,,,,,,,,,1,64,33,0.515625,31.0,0.484375,0.515625,2,,,,,,,,,,,,,,,,,,,,,,,,,,,,0.21906375885009766,10.0
31-9VZJ,DELTA,,,,,,,,,,2,64,39,0.609375,25.0,0.390625,0.609375,2,,,,,,,,,,,,,,,,,,,,,,,,,,,,0.1455872803926468,18.0
31-9VZJ,DELTA,,,,,,,,,,3,64,46,0.71875,18.0,0.28125,0.71875,2,,,,,,,,,,,,,,,,,,,,,,,,,,,,0.08040767908096313,40.0
31-9VZJ,DELTA,,,,,,,,,,4,64,38,0.59375,26.0,0.40625,0.59375,2,,,,,,,,,,,,,,,,,,,,,,,,,,,,0.07187254726886749,34.0
31-9VZJ,DELTA,,,,,,,,,,5,64,27,0.421875,37.0,0.578125,0.578125,2,,,,,,,,,,,,,,,,,,,,,,,,,,,,0.0905613973736763,47.0
31-9VZJ,DELTA,,,,,,,,,,6,29,11,0.3793103448275862,18.0,0.6206896551724138,0.6206896551724138,2,,,,,,,,,,,,,,,,,,,,,,,,,,,,0.04615743085741997,27.0
32-9VZN,EMATent,0.9999996423721313,0.9999996423721313,0.647679328918457,1.0,0.2000001072883606,0.5,0.2999998927116394,0.0,0.0,0,64,64,1.0,,,1.0,1,,,,,,,,,,,,,,,,,,,,,,,,,,,,,
32-9VZN,EMATent,0.8652315735816956,0.8652315735816956,0.7294194102287292,1.0,0.24043052792549136,0.5,0.25956947207450864,0.0,0.0,1,64,43,0.671875,21.0,0.328125,0.671875,2,,,,,,,,,,,,,,,,,,,,,,,,,,,,,
32-9VZN,EMATent,0.9249259829521179,0.9249259829521179,0.8258286714553833,1.0,0.22252220511436463,0.5,0.27747779488563534,0.0,0.0,2,64,63,0.984375,1.0,0.015625,0.984375,2,,,,,,,,,,,,,,,,,,,,,,,,,,,,,
32-9VZN,EMATent,0.9537931680679321,0.9537931680679321,0.7889617085456848,1.0,0.21386204957962038,0.5,0.28613795042037965,0.0,0.0,3,64,64,1.0,,,1.0,1,,,,,,,,,,,,,,,,,,,,,,,,,,,,,
32-9VZN,EMATent,0.924723207950592,0.924723207950592,0.7121104598045349,1.0,0.2225830376148224,0.5,0.2774169623851776,0.0,0.0,4,64,64,1.0,,,1.0,1,,,,,,,,,,,,,,,,,,,,,,,,,,,,,
32-9VZN,EMATent,0.9845992922782898,0.9845992922782898,0.699055016040802,1.0,0.20462021231651306,0.5,0.29537978768348694,0.0,0.0,5,64,64,1.0,,,1.0,1,,,,,,,,,,,,,,,,,,,,,,,,,,,,,
32-9VZN,EMATent,0.8163385391235352,0.8163385391235352,0.7667787671089172,1.0,0.2550984382629395,0.5,0.24490156173706054,0.0,0.0,6,29,18,0.6206896551724138,11.0,0.3793103448275862,0.6206896551724138,2,,,,,,,,,,,,,,,,,,,,,,,,,,,,,
32-9VZN,DynaMixEMATent,,,,,,,,,,0,64,64,1.0,,,1.0,1,0.09194312989711761,0.9999996423721313,0.9999996423721313,0.9080564975738525,0.4245716027918355,0.2754285044965251,0.2999998927116394,0.3934692318312233,63.999977111816406,0.19999999999999996,1.0,0.615522563457489,0.2,0.0,1.0,33.0,0.515625,31.0,0.484375,0.515625,2.0,0.0,,,,,,,
32-9VZN,DynaMixEMATent,,,,,,,,,,1,64,43,0.671875,21.0,0.328125,0.671875,2,0.08500294387340546,0.8868864178657532,0.8868864178657532,0.8018834590911865,0.2857096764396572,0.4482243982006168,0.26606592535972595,0.6107147953585705,120.76070785522461,0.19999999999999996,1.0,0.5983991622924805,0.2,0.0,1.0,13.0,0.203125,51.0,0.796875,0.796875,2.0,0.171875,,,,,,,
32-9VZN,DynaMixEMATent,,,,,,,,,,2,64,63,0.984375,1.0,0.015625,0.984375,2,0.3768000602722168,0.971368134021759,0.971368134021759,0.5945680737495422,0.16971988820386777,0.5388696715896046,0.2914104402065277,0.7604820931127819,182.9282684326172,0.19999999999999996,1.0,0.3582438826560974,0.2,0.0,1.0,45.0,0.703125,19.0,0.296875,0.703125,2.0,0.484375,,,,,,,
32-9VZN,DynaMixEMATent,,,,,,,,,,3,64,64,1.0,,,1.0,1,0.2774840295314789,0.9582837224006653,0.9582837224006653,0.680799663066864,0.10569227884755765,0.6068226044322429,0.28748511672019955,0.8516630580949522,244.25842666625977,0.19999999999999996,1.0,0.5061110258102417,0.2,0.0,1.0,27.0,0.421875,37.0,0.578125,0.578125,2.0,0.0,,,,,,,
32-9VZN,DynaMixEMATent,,,,,,,,,,4,64,64,1.0,,,1.0,1,0.09810733050107956,0.9461445212364197,0.9461445212364197,0.8480371832847595,0.06619187359878548,0.6499647700302886,0.2838433563709259,0.9075734698719504,304.8116760253906,0.19999999999999996,1.0,0.5839450359344482,0.2,0.0,1.0,12.0,0.1875,52.0,0.8125,0.8125,2.0,0.0,,,,,,,
32-9VZN,DynaMixEMATent,,,,,,,,,,5,64,64,1.0,,,1.0,1,0.08028296381235123,0.9819565415382385,0.9819565415382385,0.9016735553741455,0.0399034988445008,0.6655095386940276,0.29458696246147154,0.9434324335941674,367.6568946838379,0.19999999999999996,1.0,0.5476346015930176,0.2,0.0,1.0,16.0,0.25,48.0,0.75,0.75,2.0,0.0,,,,,,,
32-9VZN,DynaMixEMATent,,,,,,,,,,6,29,18,0.6206896551724138,11.0,0.3793103448275862,0.6206896551724138,2,0.07412245869636536,0.6947295069694519,0.6947295069694519,0.6206070184707642,0.038256491359996266,0.7533246565491681,0.20841885209083558,0.9516707902139349,387.804050385952,0.19999999999999996,1.0,0.6146935224533081,0.2,0.0,1.0,9.0,0.3103448275862069,20.0,0.6896551724137931,0.6896551724137931,2.0,0.12068965517241381,,,,,,,
32-9VZN,TEMA,,,,,,,,,,0,64,64,1.0,0.0,0.0,1.0,1,,,,,,,,,,,,,,,,,,,,,,,,,,,,,
32-9VZN,TEMA,,,,,,,,,,1,64,43,0.671875,21.0,0.328125,0.671875,2,,,,,,,,,,,,,,,,,,,,,,,,,,,,,
32-9VZN,TEMA,,,,,,,,,,2,64,63,0.984375,1.0,0.015625,0.984375,2,,,,,,,,,,,,,,,,,,,,,,,,,,,,,
32-9VZN,TEMA,,,,,,,,,,3,64,64,1.0,0.0,0.0,1.0,1,,,,,,,,,,,,,,,,,,,,,,,,,,,,,
32-9VZN,TEMA,,,,,,,,,,4,64,64,1.0,0.0,0.0,1.0,1,,,,,,,,,,,,,,,,,,,,,,,,,,,,,
32-9VZN,TEMA,,,,,,,,,,5,64,64,1.0,0.0,0.0,1.0,1,,,,,,,,,,,,,,,,,,,,,,,,,,,,,
32-9VZN,TEMA,,,,,,,,,,6,29,18,0.6206896551724138,11.0,0.3793103448275862,0.6206896551724138,2,,,,,,,,,,,,,,,,,,,,,,,,,,,,,
32-9VZN,DUA,,,,,,,,,,0,64,64,1.0,0.0,0.0,1.0,1,,,,,,,,,,,,,,,,,,,,,,,0.099,,,,,,
32-9VZN,DUA,,,,,,,,,,1,64,43,0.671875,21.0,0.328125,0.671875,2,,,,,,,,,,,,,,,,,,,,,,,0.09336,,,,,,
32-9VZN,DUA,,,,,,,,,,2,64,63,0.984375,1.0,0.015625,0.984375,2,,,,,,,,,,,,,,,,,,,,,,,0.0880584,,,,,,
32-9VZN,DUA,,,,,,,,,,3,64,64,1.0,0.0,0.0,1.0,1,,,,,,,,,,,,,,,,,,,,,,,0.083074896,,,,,,
32-9VZN,DUA,,,,,,,,,,4,64,64,1.0,0.0,0.0,1.0,1,,,,,,,,,,,,,,,,,,,,,,,0.07839040223999999,,,,,,
32-9VZN,DUA,,,,,,,,,,5,64,64,1.0,0.0,0.0,1.0,1,,,,,,,,,,,,,,,,,,,,,,,0.07398697810559998,,,,,,
32-9VZN,DUA,,,,,,,,,,6,29,18,0.6206896551724138,11.0,0.3793103448275862,0.6206896551724138,2,,,,,,,,,,,,,,,,,,,,,,,0.06984775941926398,,,,,,
32-9VZN,RoTTA,,,,,,,,,,0,64,64,1.0,0.0,0.0,1.0,1,,,,,,,,,,,,,,,,,,,,,,,,46.0,,,,,
32-9VZN,RoTTA,,,,,,,,,,1,64,43,0.671875,21.0,0.328125,0.671875,2,,,,,,,,,,,,,,,,,,,,,,,,54.0,,,,,
32-9VZN,RoTTA,,,,,,,,,,2,64,63,0.984375,1.0,0.015625,0.984375,2,,,,,,,,,,,,,,,,,,,,,,,,64.0,,,,,
32-9VZN,RoTTA,,,,,,,,,,3,64,64,1.0,0.0,0.0,1.0,1,,,,,,,,,,,,,,,,,,,,,,,,64.0,,,,,
32-9VZN,RoTTA,,,,,,,,,,4,64,64,1.0,0.0,0.0,1.0,1,,,,,,,,,,,,,,,,,,,,,,,,64.0,,,,,
32-9VZN,RoTTA,,,,,,,,,,5,64,64,1.0,0.0,0.0,1.0,1,,,,,,,,,,,,,,,,,,,,,,,,64.0,,,,,
32-9VZN,RoTTA,,,,,,,,,,6,29,18,0.6206896551724138,11.0,0.3793103448275862,0.6206896551724138,2,,,,,,,,,,,,,,,,,,,,,,,,64.0,,,,,
32-9VZN,NOTE,,,,,,,,,,0,64,64,1.0,0.0,0.0,1.0,1,,,,,,,,,,,,,,,,,,,,,,,,,64.0,1.0,0.5828486680984497,,
32-9VZN,NOTE,,,,,,,,,,1,64,43,0.671875,21.0,0.328125,0.671875,2,,,,,,,,,,,,,,,,,,,,,,,,,64.0,1.0,0.5777565240859985,,
32-9VZN,NOTE,,,,,,,,,,2,64,63,0.984375,1.0,0.015625,0.984375,2,,,,,,,,,,,,,,,,,,,,,,,,,64.0,1.0,0.4068395495414734,,
32-9VZN,NOTE,,,,,,,,,,3,64,64,1.0,0.0,0.0,1.0,1,,,,,,,,,,,,,,,,,,,,,,,,,64.0,1.0,0.4987788200378418,,
32-9VZN,NOTE,,,,,,,,,,4,64,64,1.0,0.0,0.0,1.0,1,,,,,,,,,,,,,,,,,,,,,,,,,64.0,1.0,0.5591120719909668,,
32-9VZN,NOTE,,,,,,,,,,5,64,64,1.0,0.0,0.0,1.0,1,,,,,,,,,,,,,,,,,,,,,,,,,64.0,1.0,0.593237042427063,,
32-9VZN,NOTE,,,,,,,,,,6,29,18,0.6206896551724138,11.0,0.3793103448275862,0.6206896551724138,2,,,,,,,,,,,,,,,,,,,,,,,,,64.0,0.0,,,
32-9VZN,DELTA,,,,,,,,,,0,64,64,1.0,0.0,0.0,1.0,1,,,,,,,,,,,,,,,,,,,,,,,,,,,,0.24635541439056396,6.0
32-9VZN,DELTA,,,,,,,,,,1,64,43,0.671875,21.0,0.328125,0.671875,2,,,,,,,,,,,,,,,,,,,,,,,,,,,,0.13616688549518585,37.0
32-9VZN,DELTA,,,,,,,,,,2,64,63,0.984375,1.0,0.015625,0.984375,2,,,,,,,,,,,,,,,,,,,,,,,,,,,,0.018136687576770782,55.0
32-9VZN,DELTA,,,,,,,,,,3,64,64,1.0,0.0,0.0,1.0,1,,,,,,,,,,,,,,,,,,,,,,,,,,,,0.12540864944458008,53.0
32-9VZN,DELTA,,,,,,,,,,4,64,64,1.0,0.0,0.0,1.0,1,,,,,,,,,,,,,,,,,,,,,,,,,,,,0.14139164984226227,58.0
32-9VZN,DELTA,,,,,,,,,,5,64,64,1.0,0.0,0.0,1.0,1,,,,,,,,,,,,,,,,,,,,,,,,,,,,0.16401347517967224,62.0
32-9VZN,DELTA,,,,,,,,,,6,29,18,0.6206896551724138,11.0,0.3793103448275862,0.6206896551724138,2,,,,,,,,,,,,,,,,,,,,,,,,,,,,0.18214288353919983,28.0
33-9VZR,EMATent,0.9393517971038818,0.9393517971038818,0.8903631567955017,1.0,0.21819446086883545,0.5,0.2818055391311645,0.0,0.0,0,64,33,0.515625,31.0,0.484375,0.515625,2,,,,,,,,,,,,,,,,,,,,,,,,,,,,,
33-9VZR,EMATent,0.9327777624130249,0.9327777624130249,0.7510885000228882,1.0,0.22016667127609255,0.5,0.2798333287239075,0.0,0.0,1,64,33,0.515625,31.0,0.484375,0.515625,2,,,,,,,,,,,,,,,,,,,,,,,,,,,,,
33-9VZR,EMATent,0.9965367913246155,0.9965367913246155,0.6900463104248047,1.0,0.20103896260261536,0.5,0.2989610373973846,0.0,0.0,2,64,22,0.34375,42.0,0.65625,0.65625,2,,,,,,,,,,,,,,,,,,,,,,,,,,,,,
33-9VZR,EMATent,0.9806497097015381,0.9806497097015381,0.7306408882141113,1.0,0.2058050870895386,0.5,0.2941949129104614,0.0,0.0,3,64,47,0.734375,17.0,0.265625,0.734375,2,,,,,,,,,,,,,,,,,,,,,,,,,,,,,
33-9VZR,EMATent,0.9675571918487549,0.9675571918487549,0.7577677965164185,1.0,0.20973284244537355,0.5,0.29026715755462645,0.0,0.0,4,64,30,0.46875,34.0,0.53125,0.53125,2,,,,,,,,,,,,,,,,,,,,,,,,,,,,,
33-9VZR,EMATent,0.9842082262039185,0.9842082262039185,0.6995041370391846,1.0,0.20473753213882448,0.5,0.29526246786117555,0.0,0.0,5,64,50,0.78125,14.0,0.21875,0.78125,2,,,,,,,,,,,,,,,,,,,,,,,,,,,,,
33-9VZR,EMATent,0.9738137722015381,0.9738137722015381,0.7766890525817871,1.0,0.2078558683395386,0.5,0.29214413166046144,0.0,0.0,6,29,0,0.0,29.0,1.0,1.0,1,,,,,,,,,,,,,,,,,,,,,,,,,,,,,
33-9VZR,DynaMixEMATent,,,,,,,,,,0,64,33,0.515625,31.0,0.484375,0.515625,2,0.5486223101615906,0.9393517971038818,0.9393517971038818,0.39072945713996887,0.44901867113230753,0.269175789736528,0.2818055391311645,0.3747951347478964,60.11851501464844,0.19999999999999996,1.0,0.4934598207473755,0.2,0.0,1.0,35.0,0.546875,29.0,0.453125,0.546875,2.0,0.015625,,,,,,,
33-9VZR,DynaMixEMATent,,,,,,,,,,1,64,33,0.515625,31.0,0.484375,0.515625,2,0.1956631988286972,0.8879266381263733,0.8879266381263733,0.6922634243965149,0.29422791957373334,0.4393940889883547,0.26637799143791197,0.598937986947222,116.94581985473633,0.19999999999999996,1.0,0.582851767539978,0.2,0.0,1.0,29.0,0.453125,35.0,0.546875,0.546875,2.0,0.015625,,,,,,,
33-9VZR,DynaMixEMATent,,,,,,,,,,2,64,22,0.34375,42.0,0.65625,0.65625,2,0.18188679218292236,0.9993189573287964,0.9993189573287964,0.817432165145874,0.1703871961499608,0.5298171166514003,0.2997956871986389,0.7566607445357203,180.9022331237793,0.19999999999999996,1.0,0.6157526969909668,0.2,0.0,1.0,26.0,0.40625,38.0,0.59375,0.59375,2.0,0.15625,,,,,,,
33-9VZR,DynaMixEMATent,,,,,,,,,,3,64,47,0.734375,17.0,0.265625,0.734375,2,0.1843739151954651,0.9818652272224426,0.9818652272224426,0.7974913120269775,0.10506624162563084,0.6003741902076364,0.2945595681667328,0.8510629149046797,243.74160766601562,0.19999999999999996,1.0,0.5641473531723022,0.2,0.0,1.0,27.0,0.421875,37.0,0.578125,0.578125,2.0,0.234375,,,,,,,
33-9VZR,DynaMixEMATent,,,,,,,,,,4,64,30,0.46875,34.0,0.53125,0.53125,2,0.17050893604755402,0.9856683611869812,0.9856683611869812,0.8151594400405884,0.06408037722197532,0.6402191144219302,0.29570050835609435,0.9090154430292072,306.8243827819824,0.19999999999999996,1.0,0.5836730003356934,0.2,0.0,1.0,25.0,0.390625,39.0,0.609375,0.609375,2.0,0.03125,,,,,,,
33-9VZR,DynaMixEMATent,,,,,,,,,,5,64,50,0.78125,14.0,0.21875,0.78125,2,0.15671789646148682,0.9800426959991455,0.9800426959991455,0.8233247995376587,0.039350561969452996,0.6666366292308035,0.2940128087997436,0.9442616488515143,369.54711532592773,0.19999999999999996,1.0,0.613437294960022,0.2,0.0,1.0,22.0,0.34375,42.0,0.65625,0.65625,2.0,0.28125,,,,,,,
33-9VZR,DynaMixEMATent,,,,,,,,,,6,29,0,0.0,29.0,1.0,1.0,1,0.2843339741230011,0.9941257834434509,0.9941257834434509,0.7097917795181274,0.03122678535507576,0.6705354796118891,0.29823773503303525,0.9555023304700692,398.3767630457878,0.19999999999999996,1.0,0.553252637386322,0.2,0.0,1.0,18.0,0.6206896551724138,11.0,0.3793103448275862,0.6206896551724138,2.0,0.5,,,,,,,
33-9VZR,TEMA,,,,,,,,,,0,64,33,0.515625,31.0,0.484375,0.515625,2,,,,,,,,,,,,,,,,,,,,,,,,,,,,,
33-9VZR,TEMA,,,,,,,,,,1,64,33,0.515625,31.0,0.484375,0.515625,2,,,,,,,,,,,,,,,,,,,,,,,,,,,,,
33-9VZR,TEMA,,,,,,,,,,2,64,22,0.34375,42.0,0.65625,0.65625,2,,,,,,,,,,,,,,,,,,,,,,,,,,,,,
33-9VZR,TEMA,,,,,,,,,,3,64,47,0.734375,17.0,0.265625,0.734375,2,,,,,,,,,,,,,,,,,,,,,,,,,,,,,
33-9VZR,TEMA,,,,,,,,,,4,64,30,0.46875,34.0,0.53125,0.53125,2,,,,,,,,,,,,,,,,,,,,,,,,,,,,,
33-9VZR,TEMA,,,,,,,,,,5,64,50,0.78125,14.0,0.21875,0.78125,2,,,,,,,,,,,,,,,,,,,,,,,,,,,,,
33-9VZR,TEMA,,,,,,,,,,6,29,0,0.0,29.0,1.0,1.0,1,,,,,,,,,,,,,,,,,,,,,,,,,,,,,
33-9VZR,DUA,,,,,,,,,,0,64,33,0.515625,31.0,0.484375,0.515625,2,,,,,,,,,,,,,,,,,,,,,,,0.099,,,,,,
33-9VZR,DUA,,,,,,,,,,1,64,33,0.515625,31.0,0.484375,0.515625,2,,,,,,,,,,,,,,,,,,,,,,,0.09336,,,,,,
33-9VZR,DUA,,,,,,,,,,2,64,22,0.34375,42.0,0.65625,0.65625,2,,,,,,,,,,,,,,,,,,,,,,,0.0880584,,,,,,
33-9VZR,DUA,,,,,,,,,,3,64,47,0.734375,17.0,0.265625,0.734375,2,,,,,,,,,,,,,,,,,,,,,,,0.083074896,,,,,,
33-9VZR,DUA,,,,,,,,,,4,64,30,0.46875,34.0,0.53125,0.53125,2,,,,,,,,,,,,,,,,,,,,,,,0.07839040223999999,,,,,,
33-9VZR,DUA,,,,,,,,,,5,64,50,0.78125,14.0,0.21875,0.78125,2,,,,,,,,,,,,,,,,,,,,,,,0.07398697810559998,,,,,,
33-9VZR,DUA,,,,,,,,,,6,29,0,0.0,29.0,1.0,1.0,1,,,,,,,,,,,,,,,,,,,,,,,0.06984775941926398,,,,,,
33-9VZR,RoTTA,,,,,,,,,,0,64,33,0.515625,31.0,0.484375,0.515625,2,,,,,,,,,,,,,,,,,,,,,,,,57.0,,,,,
33-9VZR,RoTTA,,,,,,,,,,1,64,33,0.515625,31.0,0.484375,0.515625,2,,,,,,,,,,,,,,,,,,,,,,,,64.0,,,,,
33-9VZR,RoTTA,,,,,,,,,,2,64,22,0.34375,42.0,0.65625,0.65625,2,,,,,,,,,,,,,,,,,,,,,,,,64.0,,,,,
33-9VZR,RoTTA,,,,,,,,,,3,64,47,0.734375,17.0,0.265625,0.734375,2,,,,,,,,,,,,,,,,,,,,,,,,64.0,,,,,
33-9VZR,RoTTA,,,,,,,,,,4,64,30,0.46875,34.0,0.53125,0.53125,2,,,,,,,,,,,,,,,,,,,,,,,,64.0,,,,,
33-9VZR,RoTTA,,,,,,,,,,5,64,50,0.78125,14.0,0.21875,0.78125,2,,,,,,,,,,,,,,,,,,,,,,,,64.0,,,,,
33-9VZR,RoTTA,,,,,,,,,,6,29,0,0.0,29.0,1.0,1.0,1,,,,,,,,,,,,,,,,,,,,,,,,64.0,,,,,
33-9VZR,NOTE,,,,,,,,,,0,64,33,0.515625,31.0,0.484375,0.515625,2,,,,,,,,,,,,,,,,,,,,,,,,,64.0,1.0,0.6489541530609131,,
33-9VZR,NOTE,,,,,,,,,,1,64,33,0.515625,31.0,0.484375,0.515625,2,,,,,,,,,,,,,,,,,,,,,,,,,64.0,1.0,0.6111968755722046,,
33-9VZR,NOTE,,,,,,,,,,2,64,22,0.34375,42.0,0.65625,0.65625,2,,,,,,,,,,,,,,,,,,,,,,,,,64.0,1.0,0.5807605981826782,,
33-9VZR,NOTE,,,,,,,,,,3,64,47,0.734375,17.0,0.265625,0.734375,2,,,,,,,,,,,,,,,,,,,,,,,,,64.0,1.0,0.5522797703742981,,
33-9VZR,NOTE,,,,,,,,,,4,64,30,0.46875,34.0,0.53125,0.53125,2,,,,,,,,,,,,,,,,,,,,,,,,,64.0,1.0,0.5703056454658508,,
33-9VZR,NOTE,,,,,,,,,,5,64,50,0.78125,14.0,0.21875,0.78125,2,,,,,,,,,,,,,,,,,,,,,,,,,64.0,1.0,0.6076347827911377,,
33-9VZR,NOTE,,,,,,,,,,6,29,0,0.0,29.0,1.0,1.0,1,,,,,,,,,,,,,,,,,,,,,,,,,64.0,0.0,,,
33-9VZR,DELTA,,,,,,,,,,0,64,33,0.515625,31.0,0.484375,0.515625,2,,,,,,,,,,,,,,,,,,,,,,,,,,,,,0.0
33-9VZR,DELTA,,,,,,,,,,1,64,33,0.515625,31.0,0.484375,0.515625,2,,,,,,,,,,,,,,,,,,,,,,,,,,,,0.10447999835014343,35.0
33-9VZR,DELTA,,,,,,,,,,2,64,22,0.34375,42.0,0.65625,0.65625,2,,,,,,,,,,,,,,,,,,,,,,,,,,,,0.06617121398448944,49.0
33-9VZR,DELTA,,,,,,,,,,3,64,47,0.734375,17.0,0.265625,0.734375,2,,,,,,,,,,,,,,,,,,,,,,,,,,,,0.0906885638833046,37.0
33-9VZR,DELTA,,,,,,,,,,4,64,30,0.46875,34.0,0.53125,0.53125,2,,,,,,,,,,,,,,,,,,,,,,,,,,,,0.11360924690961838,52.0
33-9VZR,DELTA,,,,,,,,,,5,64,50,0.78125,14.0,0.21875,0.78125,2,,,,,,,,,,,,,,,,,,,,,,,,,,,,0.19533970952033997,21.0
33-9VZR,DELTA,,,,,,,,,,6,29,0,0.0,29.0,1.0,1.0,1,,,,,,,,,,,,,,,,,,,,,,,,,,,,0.2019120156764984,8.0
34-9W1R,EMATent,0.9539538621902466,0.9539538621902466,0.7708539366722107,1.0,0.21381384134292603,0.5,0.286186158657074,0.0,0.0,0,64,31,0.484375,33.0,0.515625,0.515625,2,,,,,,,,,,,,,,,,,,,,,,,,,,,,,
34-9W1R,EMATent,0.981572687625885,0.981572687625885,0.7252174615859985,1.0,0.20552819371223452,0.5,0.2944718062877655,0.0,0.0,1,64,20,0.3125,44.0,0.6875,0.6875,2,,,,,,,,,,,,,,,,,,,,,,,,,,,,,
34-9W1R,EMATent,0.9412626028060913,0.9412626028060913,0.7179217338562012,1.0,0.21762121915817262,0.5,0.2823787808418274,0.0,0.0,2,64,24,0.375,40.0,0.625,0.625,2,,,,,,,,,,,,,,,,,,,,,,,,,,,,,
34-9W1R,EMATent,0.9999654293060303,0.9999654293060303,0.760932207107544,1.0,0.20001037120819093,0.5,0.29998962879180907,0.0,0.0,3,64,38,0.59375,26.0,0.40625,0.59375,2,,,,,,,,,,,,,,,,,,,,,,,,,,,,,
34-9W1R,EMATent,0.34665215015411377,0.34665215015411377,0.935085654258728,1.0,0.39600435495376585,0.5,0.10399564504623413,0.0,0.0,4,6,6,1.0,,,1.0,1,,,,,,,,,,,,,,,,,,,,,,,,,,,,,
34-9W1R,DynaMixEMATent,,,,,,,,,,0,64,31,0.484375,33.0,0.515625,0.515625,2,0.2750222682952881,0.9539538621902466,0.9539538621902466,0.6789315938949585,0.44303344811432516,0.27078039322860087,0.286186158657074,0.37934315299794563,61.05304718017578,0.19999999999999996,1.0,0.5268361568450928,0.2,0.0,1.0,30.0,0.46875,34.0,0.53125,0.53125,2.0,0.015625,,,,,,,
34-9W1R,DynaMixEMATent,,,,,,,,,,1,64,20,0.3125,44.0,0.6875,0.6875,2,0.2706165909767151,0.990028977394104,0.990028977394104,0.7194123864173889,0.26596191080213477,0.437029395979634,0.2970086932182312,0.6216711241854689,124.41490173339844,0.19999999999999996,1.0,0.4872647225856781,0.2,0.0,1.0,39.0,0.609375,25.0,0.390625,0.609375,2.0,0.1875,,,,,,,
34-9W1R,DynaMixEMATent,,,,,,,,,,2,64,24,0.375,40.0,0.625,0.625,2,0.20625974237918854,0.9030832052230835,0.9030832052230835,0.6968234777450562,0.17560613846611675,0.5534688999669582,0.270924961566925,0.7591384573479175,182.21222686767578,0.19999999999999996,1.0,0.5464100241661072,0.2,0.0,1.0,15.0,0.234375,49.0,0.765625,0.765625,2.0,0.125,,,,,,,
34-9W1R,DynaMixEMATent,,,,,,,,,,3,64,38,0.59375,26.0,0.40625,0.59375,2,0.2841060161590576,0.9948126673698425,0.9948126673698425,0.7107066512107849,0.10275645296522055,0.5987997468238268,0.29844380021095274,0.8535306893501637,245.8802375793457,0.19999999999999996,1.0,0.5247516632080078,0.2,0.0,1.0,32.0,0.5,32.0,0.5,0.5,2.0,0.09375,,,,,,,
34-9W1R,DynaMixEMATent,,,,,,,,,,4,6,6,1.0,,,1.0,1,0.07368846237659454,0.49299097061157227,0.49299097061157227,0.4193025231361389,0.12195580950953229,0.730146899306996,0.14789729118347167,0.8568766320683163,248.83818340301514,0.19999999999999996,1.0,0.6209709048271179,0.2,0.0,1.0,1.0,0.16666666666666666,5.0,0.8333333333333334,0.8333333333333334,2.0,0.0,,,,,,,
34-9W1R,TEMA,,,,,,,,,,0,64,31,0.484375,33.0,0.515625,0.515625,2,,,,,,,,,,,,,,,,,,,,,,,,,,,,,
34-9W1R,TEMA,,,,,,,,,,1,64,20,0.3125,44.0,0.6875,0.6875,2,,,,,,,,,,,,,,,,,,,,,,,,,,,,,
34-9W1R,TEMA,,,,,,,,,,2,64,24,0.375,40.0,0.625,0.625,2,,,,,,,,,,,,,,,,,,,,,,,,,,,,,
34-9W1R,TEMA,,,,,,,,,,3,64,38,0.59375,26.0,0.40625,0.59375,2,,,,,,,,,,,,,,,,,,,,,,,,,,,,,
34-9W1R,TEMA,,,,,,,,,,4,6,6,1.0,0.0,0.0,1.0,1,,,,,,,,,,,,,,,,,,,,,,,,,,,,,
34-9W1R,DUA,,,,,,,,,,0,64,31,0.484375,33.0,0.515625,0.515625,2,,,,,,,,,,,,,,,,,,,,,,,0.099,,,,,,
34-9W1R,DUA,,,,,,,,,,1,64,20,0.3125,44.0,0.6875,0.6875,2,,,,,,,,,,,,,,,,,,,,,,,0.09336,,,,,,
34-9W1R,DUA,,,,,,,,,,2,64,24,0.375,40.0,0.625,0.625,2,,,,,,,,,,,,,,,,,,,,,,,0.0880584,,,,,,
34-9W1R,DUA,,,,,,,,,,3,64,38,0.59375,26.0,0.40625,0.59375,2,,,,,,,,,,,,,,,,,,,,,,,0.083074896,,,,,,
34-9W1R,DUA,,,,,,,,,,4,6,6,1.0,0.0,0.0,1.0,1,,,,,,,,,,,,,,,,,,,,,,,0.07839040223999999,,,,,,
34-9W1R,RoTTA,,,,,,,,,,0,64,31,0.484375,33.0,0.515625,0.515625,2,,,,,,,,,,,,,,,,,,,,,,,,63.0,,,,,
34-9W1R,RoTTA,,,,,,,,,,1,64,20,0.3125,44.0,0.6875,0.6875,2,,,,,,,,,,,,,,,,,,,,,,,,64.0,,,,,
34-9W1R,RoTTA,,,,,,,,,,2,64,24,0.375,40.0,0.625,0.625,2,,,,,,,,,,,,,,,,,,,,,,,,64.0,,,,,
34-9W1R,RoTTA,,,,,,,,,,3,64,38,0.59375,26.0,0.40625,0.59375,2,,,,,,,,,,,,,,,,,,,,,,,,64.0,,,,,
34-9W1R,RoTTA,,,,,,,,,,4,6,6,1.0,0.0,0.0,1.0,1,,,,,,,,,,,,,,,,,,,,,,,,64.0,,,,,
34-9W1R,NOTE,,,,,,,,,,0,64,31,0.484375,33.0,0.515625,0.515625,2,,,,,,,,,,,,,,,,,,,,,,,,,64.0,1.0,0.5494827032089233,,
34-9W1R,NOTE,,,,,,,,,,1,64,20,0.3125,44.0,0.6875,0.6875,2,,,,,,,,,,,,,,,,,,,,,,,,,64.0,1.0,0.5613027811050415,,
34-9W1R,NOTE,,,,,,,,,,2,64,24,0.375,40.0,0.625,0.625,2,,,,,,,,,,,,,,,,,,,,,,,,,64.0,1.0,0.610299289226532,,
34-9W1R,NOTE,,,,,,,,,,3,64,38,0.59375,26.0,0.40625,0.59375,2,,,,,,,,,,,,,,,,,,,,,,,,,64.0,1.0,0.5110000371932983,,
34-9W1R,NOTE,,,,,,,,,,4,6,6,1.0,0.0,0.0,1.0,1,,,,,,,,,,,,,,,,,,,,,,,,,64.0,0.0,,,
34-9W1R,DELTA,,,,,,,,,,0,64,31,0.484375,33.0,0.515625,0.515625,2,,,,,,,,,,,,,,,,,,,,,,,,,,,,0.2420068383216858,9.0
34-9W1R,DELTA,,,,,,,,,,1,64,20,0.3125,44.0,0.6875,0.6875,2,,,,,,,,,,,,,,,,,,,,,,,,,,,,0.09670431166887283,32.0
34-9W1R,DELTA,,,,,,,,,,2,64,24,0.375,40.0,0.625,0.625,2,,,,,,,,,,,,,,,,,,,,,,,,,,,,0.1899339109659195,8.0
34-9W1R,DELTA,,,,,,,,,,3,64,38,0.59375,26.0,0.40625,0.59375,2,,,,,,,,,,,,,,,,,,,,,,,,,,,,0.030635857954621315,36.0
34-9W1R,DELTA,,,,,,,,,,4,6,6,1.0,0.0,0.0,1.0,1,,,,,,,,,,,,,,,,,,,,,,,,,,,,0.0035071969032287598,6.0
36-9W4C,EMATent,0.8438049554824829,0.8438049554824829,0.8914676308631897,1.0,0.24685851335525513,0.5,0.25314148664474484,0.0,0.0,0,64,31,0.484375,33.0,0.515625,0.515625,2,,,,,,,,,,,,,,,,,,,,,,,,,,,,,
36-9W4C,EMATent,0.9641733765602112,0.9641733765602112,0.749440610408783,1.0,0.21074798703193665,0.5,0.28925201296806335,0.0,0.0,1,64,31,0.484375,33.0,0.515625,0.515625,2,,,,,,,,,,,,,,,,,,,,,,,,,,,,,
36-9W4C,EMATent,0.9944828152656555,0.9944828152656555,0.6987721920013428,1.0,0.20165515542030335,0.5,0.2983448445796966,0.0,0.0,2,64,53,0.828125,11.0,0.171875,0.828125,2,,,,,,,,,,,,,,,,,,,,,,,,,,,,,
36-9W4C,EMATent,0.998374879360199,0.998374879360199,0.7002405524253845,1.0,0.20048753619194032,0.5,0.2995124638080597,0.0,0.0,3,64,19,0.296875,45.0,0.703125,0.703125,2,,,,,,,,,,,,,,,,,,,,,,,,,,,,,
36-9W4C,EMATent,0.985805094242096,0.985805094242096,0.6644440293312073,1.0,0.20425847172737122,0.5,0.2957415282726288,0.0,0.0,4,64,42,0.65625,22.0,0.34375,0.65625,2,,,,,,,,,,,,,,,,,,,,,,,,,,,,,
36-9W4C,EMATent,0.9936038851737976,0.9936038851737976,0.6899909973144531,1.0,0.20191883444786074,0.5,0.29808116555213926,0.0,0.0,5,64,53,0.828125,11.0,0.171875,0.828125,2,,,,,,,,,,,,,,,,,,,,,,,,,,,,,
36-9W4C,EMATent,0.8371269106864929,0.8371269106864929,0.7931941151618958,1.0,0.24886192679405214,0.5,0.2511380732059479,0.0,0.0,6,29,18,0.6206896551724138,11.0,0.3793103448275862,0.6206896551724138,2,,,,,,,,,,,,,,,,,,,,,,,,,,,,,
36-9W4C,DynaMixEMATent,,,,,,,,,,0,64,31,0.484375,33.0,0.515625,0.515625,2,0.4683161973953247,0.8438049554824829,0.8438049554824829,0.3754887282848358,0.48978831275138285,0.25707020060387237,0.25314148664474484,0.3442020088235813,54.003517150878906,0.19999999999999996,1.0,0.41182953119277954,0.2,0.0,1.0,29.0,0.453125,35.0,0.546875,0.546875,2.0,0.015625,,,,,,,
36-9W4C,DynaMixEMATent,,,,,,,,,,1,64,31,0.484375,33.0,0.515625,0.515625,2,0.2834107279777527,0.9999999403953552,0.9999999403953552,0.7165892124176025,0.27843312716900226,0.4215668907123912,0.29999998211860657,0.6022383999193277,118.00351333618164,0.19999999999999996,1.0,0.5640872716903687,0.2,0.0,1.0,37.0,0.578125,27.0,0.421875,0.578125,2.0,0.015625,,,,,,,
36-9W4C,DynaMixEMATent,,,,,,,,,,2,64,53,0.828125,11.0,0.171875,0.828125,2,0.12054221332073212,0.9987245202064514,0.9987245202064514,0.8781822919845581,0.16907833222844315,0.5313043117096214,0.2996173560619354,0.7585914875363546,181.92188262939453,0.19999999999999996,1.0,0.6195482015609741,0.2,0.0,1.0,29.0,0.453125,35.0,0.546875,0.546875,2.0,0.328125,,,,,,,
36-9W4C,DynaMixEMATent,,,,,,,,,,3,64,19,0.296875,45.0,0.703125,0.703125,2,0.15844546258449554,0.9725534319877625,0.9725534319877625,0.8141080141067505,0.10513372189388145,0.6031002485097898,0.29176602959632875,0.8515550986152803,244.16530227661133,0.19999999999999996,1.0,0.6128448247909546,0.2,0.0,1.0,36.0,0.5625,28.0,0.4375,0.5625,2.0,0.203125,,,,,,,
36-9W4C,DynaMixEMATent,,,,,,,,,,4,64,42,0.65625,22.0,0.34375,0.65625,2,0.07370264828205109,0.9998570680618286,0.9998570680618286,0.9261544346809387,0.06303383411303044,0.6370090454684211,0.29995712041854855,0.9099571812647852,308.15615463256836,0.19999999999999996,1.0,0.6038063764572144,0.2,0.0,1.0,27.0,0.421875,37.0,0.578125,0.578125,2.0,0.15625,,,,,,,
36-9W4C,DynaMixEMATent,,,,,,,,,,5,64,53,0.828125,11.0,0.171875,0.828125,2,0.10125856846570969,0.9999867677688599,0.9999867677688599,0.8987281918525696,0.03823008090714584,0.6617738887621962,0.29999603033065797,0.9453859084181988,372.1553077697754,0.19999999999999996,1.0,0.5524240732192993,0.2,0.0,1.0,30.0,0.46875,34.0,0.53125,0.53125,2.0,0.328125,,,,,,,
36-9W4C,DynaMixEMATent,,,,,,,,,,6,29,18,0.6206896551724138,11.0,0.3793103448275862,0.6206896551724138,2,0.131311297416687,0.7117375731468201,0.7117375731468201,0.5804262757301331,0.03655614470787689,0.749922583348077,0.21352127194404602,0.9535192200325142,392.7956973910332,0.19999999999999996,1.0,0.5559875965118408,0.2,0.0,1.0,19.0,0.6551724137931034,10.0,0.3448275862068966,0.6551724137931034,2.0,0.12068965517241381,,,,,,,
36-9W4C,TEMA,,,,,,,,,,0,64,31,0.484375,33.0,0.515625,0.515625,2,,,,,,,,,,,,,,,,,,,,,,,,,,,,,
36-9W4C,TEMA,,,,,,,,,,1,64,31,0.484375,33.0,0.515625,0.515625,2,,,,,,,,,,,,,,,,,,,,,,,,,,,,,
36-9W4C,TEMA,,,,,,,,,,2,64,53,0.828125,11.0,0.171875,0.828125,2,,,,,,,,,,,,,,,,,,,,,,,,,,,,,
36-9W4C,TEMA,,,,,,,,,,3,64,19,0.296875,45.0,0.703125,0.703125,2,,,,,,,,,,,,,,,,,,,,,,,,,,,,,
36-9W4C,TEMA,,,,,,,,,,4,64,42,0.65625,22.0,0.34375,0.65625,2,,,,,,,,,,,,,,,,,,,,,,,,,,,,,
36-9W4C,TEMA,,,,,,,,,,5,64,53,0.828125,11.0,0.171875,0.828125,2,,,,,,,,,,,,,,,,,,,,,,,,,,,,,
36-9W4C,TEMA,,,,,,,,,,6,29,18,0.6206896551724138,11.0,0.3793103448275862,0.6206896551724138,2,,,,,,,,,,,,,,,,,,,,,,,,,,,,,
36-9W4C,DUA,,,,,,,,,,0,64,31,0.484375,33.0,0.515625,0.515625,2,,,,,,,,,,,,,,,,,,,,,,,0.099,,,,,,
36-9W4C,DUA,,,,,,,,,,1,64,31,0.484375,33.0,0.515625,0.515625,2,,,,,,,,,,,,,,,,,,,,,,,0.09336,,,,,,
36-9W4C,DUA,,,,,,,,,,2,64,53,0.828125,11.0,0.171875,0.828125,2,,,,,,,,,,,,,,,,,,,,,,,0.0880584,,,,,,
36-9W4C,DUA,,,,,,,,,,3,64,19,0.296875,45.0,0.703125,0.703125,2,,,,,,,,,,,,,,,,,,,,,,,0.083074896,,,,,,
36-9W4C,DUA,,,,,,,,,,4,64,42,0.65625,22.0,0.34375,0.65625,2,,,,,,,,,,,,,,,,,,,,,,,0.07839040223999999,,,,,,
36-9W4C,DUA,,,,,,,,,,5,64,53,0.828125,11.0,0.171875,0.828125,2,,,,,,,,,,,,,,,,,,,,,,,0.07398697810559998,,,,,,
36-9W4C,DUA,,,,,,,,,,6,29,18,0.6206896551724138,11.0,0.3793103448275862,0.6206896551724138,2,,,,,,,,,,,,,,,,,,,,,,,0.06984775941926398,,,,,,
36-9W4C,RoTTA,,,,,,,,,,0,64,31,0.484375,33.0,0.515625,0.515625,2,,,,,,,,,,,,,,,,,,,,,,,,61.0,,,,,
36-9W4C,RoTTA,,,,,,,,,,1,64,31,0.484375,33.0,0.515625,0.515625,2,,,,,,,,,,,,,,,,,,,,,,,,64.0,,,,,
36-9W4C,RoTTA,,,,,,,,,,2,64,53,0.828125,11.0,0.171875,0.828125,2,,,,,,,,,,,,,,,,,,,,,,,,64.0,,,,,
36-9W4C,RoTTA,,,,,,,,,,3,64,19,0.296875,45.0,0.703125,0.703125,2,,,,,,,,,,,,,,,,,,,,,,,,64.0,,,,,
36-9W4C,RoTTA,,,,,,,,,,4,64,42,0.65625,22.0,0.34375,0.65625,2,,,,,,,,,,,,,,,,,,,,,,,,64.0,,,,,
36-9W4C,RoTTA,,,,,,,,,,5,64,53,0.828125,11.0,0.171875,0.828125,2,,,,,,,,,,,,,,,,,,,,,,,,64.0,,,,,
36-9W4C,RoTTA,,,,,,,,,,6,29,18,0.6206896551724138,11.0,0.3793103448275862,0.6206896551724138,2,,,,,,,,,,,,,,,,,,,,,,,,64.0,,,,,
36-9W4C,NOTE,,,,,,,,,,0,64,31,0.484375,33.0,0.515625,0.515625,2,,,,,,,,,,,,,,,,,,,,,,,,,64.0,1.0,0.5309174656867981,,
36-9W4C,NOTE,,,,,,,,,,1,64,31,0.484375,33.0,0.515625,0.515625,2,,,,,,,,,,,,,,,,,,,,,,,,,64.0,1.0,0.6015255451202393,,
36-9W4C,NOTE,,,,,,,,,,2,64,53,0.828125,11.0,0.171875,0.828125,2,,,,,,,,,,,,,,,,,,,,,,,,,64.0,1.0,0.5906060934066772,,
36-9W4C,NOTE,,,,,,,,,,3,64,19,0.296875,45.0,0.703125,0.703125,2,,,,,,,,,,,,,,,,,,,,,,,,,64.0,1.0,0.6284005641937256,,
36-9W4C,NOTE,,,,,,,,,,4,64,42,0.65625,22.0,0.34375,0.65625,2,,,,,,,,,,,,,,,,,,,,,,,,,64.0,1.0,0.5912911891937256,,
36-9W4C,NOTE,,,,,,,,,,5,64,53,0.828125,11.0,0.171875,0.828125,2,,,,,,,,,,,,,,,,,,,,,,,,,64.0,1.0,0.622127890586853,,
36-9W4C,NOTE,,,,,,,,,,6,29,18,0.6206896551724138,11.0,0.3793103448275862,0.6206896551724138,2,,,,,,,,,,,,,,,,,,,,,,,,,64.0,0.0,,,
36-9W4C,DELTA,,,,,,,,,,0,64,31,0.484375,33.0,0.515625,0.515625,2,,,,,,,,,,,,,,,,,,,,,,,,,,,,0.20277829468250275,14.0
36-9W4C,DELTA,,,,,,,,,,1,64,31,0.484375,33.0,0.515625,0.515625,2,,,,,,,,,,,,,,,,,,,,,,,,,,,,0.01030503585934639,52.0
36-9W4C,DELTA,,,,,,,,,,2,64,53,0.828125,11.0,0.171875,0.828125,2,,,,,,,,,,,,,,,,,,,,,,,,,,,,0.04506015032529831,48.0
36-9W4C,DELTA,,,,,,,,,,3,64,19,0.296875,45.0,0.703125,0.703125,2,,,,,,,,,,,,,,,,,,,,,,,,,,,,0.12958572804927826,42.0
36-9W4C,DELTA,,,,,,,,,,4,64,42,0.65625,22.0,0.34375,0.65625,2,,,,,,,,,,,,,,,,,,,,,,,,,,,,0.1742759495973587,28.0
36-9W4C,DELTA,,,,,,,,,,5,64,53,0.828125,11.0,0.171875,0.828125,2,,,,,,,,,,,,,,,,,,,,,,,,,,,,0.13419705629348755,38.0
36-9W4C,DELTA,,,,,,,,,,6,29,18,0.6206896551724138,11.0,0.3793103448275862,0.6206896551724138,2,,,,,,,,,,,,,,,,,,,,,,,,,,,,0.044289588928222656,26.0
37-9W4X,EMATent,0.9999201893806458,0.9999201893806458,0.7366443872451782,1.0,0.2000239431858063,0.5,0.2999760568141937,0.0,0.0,0,64,42,0.65625,22.0,0.34375,0.65625,2,,,,,,,,,,,,,,,,,,,,,,,,,,,,,
37-9W4X,EMATent,0.9709227085113525,0.9709227085113525,0.6896541714668274,1.0,0.20872318744659424,0.5,0.29127681255340576,0.0,0.0,1,64,21,0.328125,43.0,0.671875,0.671875,2,,,,,,,,,,,,,,,,,,,,,,,,,,,,,
37-9W4X,EMATent,0.9768941402435303,0.9768941402435303,0.6437939405441284,1.0,0.20693175792694093,0.5,0.2930682420730591,0.0,0.0,2,64,20,0.3125,44.0,0.6875,0.6875,2,,,,,,,,,,,,,,,,,,,,,,,,,,,,,
37-9W4X,EMATent,0.9232057332992554,0.9232057332992554,0.7867998480796814,1.0,0.2230382800102234,0.5,0.2769617199897766,0.0,0.0,3,64,25,0.390625,39.0,0.609375,0.609375,2,,,,,,,,,,,,,,,,,,,,,,,,,,,,,
37-9W4X,EMATent,0.9004145860671997,0.9004145860671997,0.7585656642913818,1.0,0.2298756241798401,0.5,0.2701243758201599,0.0,0.0,4,64,38,0.59375,26.0,0.40625,0.59375,2,,,,,,,,,,,,,,,,,,,,,,,,,,,,,
37-9W4X,EMATent,0.8739745616912842,0.8739745616912842,0.8620117902755737,1.0,0.23780763149261475,0.5,0.26219236850738525,0.0,0.0,5,64,20,0.3125,44.0,0.6875,0.6875,2,,,,,,,,,,,,,,,,,,,,,,,,,,,,,
37-9W4X,EMATent,0.7455207705497742,0.7455207705497742,0.8049349188804626,1.0,0.2763437688350677,0.5,0.22365623116493225,0.0,0.0,6,29,17,0.5862068965517241,12.0,0.41379310344827586,0.5862068965517241,2,,,,,,,,,,,,,,,,,,,,,,,,,,,,,
37-9W4X,DynaMixEMATent,,,,,,,,,,0,64,42,0.65625,22.0,0.34375,0.65625,2,0.23951318860054016,0.9999201893806458,0.9999201893806458,0.760407030582428,0.4246029276483722,0.2754210155374341,0.2999760568141937,0.3934451360106257,63.99489212036133,0.19999999999999996,1.0,0.4594898819923401,0.2,0.0,1.0,27.0,0.421875,37.0,0.578125,0.578125,2.0,0.15625,,,,,,,
37-9W4X,DynaMixEMATent,,,,,,,,,,1,64,21,0.328125,43.0,0.671875,0.671875,2,0.18136946856975555,0.9688640832901001,0.9688640832901001,0.7874945998191833,0.2650567400577629,0.4442840349552071,0.29065922498703,0.6263337039197888,126.00219345092773,0.19999999999999996,1.0,0.5679640173912048,0.2,0.0,1.0,21.0,0.328125,43.0,0.671875,0.671875,2.0,0.171875,,,,,,,
37-9W4X,DynaMixEMATent,,,,,,,,,,2,64,20,0.3125,44.0,0.6875,0.6875,2,0.07969357818365097,0.9868308305740356,0.9868308305740356,0.9071372747421265,0.16059743754552833,0.543353313282261,0.2960492491722107,0.7718626802277309,189.15936660766602,0.19999999999999996,1.0,0.6355371475219727,0.2,0.0,1.0,41.0,0.640625,23.0,0.359375,0.640625,2.0,0.1875,,,,,,,
37-9W4X,DynaMixEMATent,,,,,,,,,,3,64,25,0.390625,39.0,0.609375,0.609375,2,0.24422791600227356,0.9846851229667664,0.9846851229667664,0.7404571771621704,0.09824577964574842,0.6063486834642217,0.2954055368900299,0.8605640765155791,252.17921447753906,0.19999999999999996,1.0,0.4981441795825958,0.2,0.0,1.0,31.0,0.484375,33.0,0.515625,0.515625,2.0,0.109375,,,,,,,
37-9W4X,DynaMixEMATent,,,,,,,,,,4,64,38,0.59375,26.0,0.40625,0.59375,2,0.1818680465221405,0.8631724715232849,0.8631724715232849,0.6813044548034668,0.06710975413469658,0.6739385044083179,0.25895174145698546,0.909439428052038,307.4222526550293,0.19999999999999996,1.0,0.47708606719970703,0.2,0.0,1.0,17.0,0.265625,47.0,0.734375,0.734375,2.0,0.09375,,,,,,,
37-9W4X,DynaMixEMATent,,,,,,,,,,5,64,20,0.3125,44.0,0.6875,0.6875,2,0.3971480131149292,0.786251425743103,0.786251425743103,0.3891034424304962,0.04670581928433349,0.7174187529927356,0.2358754277229309,0.9388766950064811,357.7423439025879,0.19999999999999996,1.0,0.5338359475135803,0.2,0.0,1.0,20.0,0.3125,44.0,0.6875,0.6875,2.0,0.1875,,,,,,,
37-9W4X,DynaMixEMATent,,,,,,,,,,6,29,17,0.5862068965517241,12.0,0.41379310344827586,0.5862068965517241,2,0.1097818985581398,0.5603664517402649,0.5603664517402649,0.4505845606327057,0.04478531126405308,0.7871047532138675,0.16810993552207945,0.9461643873675069,373.9929710030556,0.19999999999999996,1.0,0.46003979444503784,0.2,0.0,1.0,2.0,0.06896551724137931,27.0,0.9310344827586207,0.9310344827586207,2.0,0.08620689655172409,,,,,,,
37-9W4X,TEMA,,,,,,,,,,0,64,42,0.65625,22.0,0.34375,0.65625,2,,,,,,,,,,,,,,,,,,,,,,,,,,,,,
37-9W4X,TEMA,,,,,,,,,,1,64,21,0.328125,43.0,0.671875,0.671875,2,,,,,,,,,,,,,,,,,,,,,,,,,,,,,
37-9W4X,TEMA,,,,,,,,,,2,64,20,0.3125,44.0,0.6875,0.6875,2,,,,,,,,,,,,,,,,,,,,,,,,,,,,,
37-9W4X,TEMA,,,,,,,,,,3,64,25,0.390625,39.0,0.609375,0.609375,2,,,,,,,,,,,,,,,,,,,,,,,,,,,,,
37-9W4X,TEMA,,,,,,,,,,4,64,38,0.59375,26.0,0.40625,0.59375,2,,,,,,,,,,,,,,,,,,,,,,,,,,,,,
37-9W4X,TEMA,,,,,,,,,,5,64,20,0.3125,44.0,0.6875,0.6875,2,,,,,,,,,,,,,,,,,,,,,,,,,,,,,
37-9W4X,TEMA,,,,,,,,,,6,29,17,0.5862068965517241,12.0,0.41379310344827586,0.5862068965517241,2,,,,,,,,,,,,,,,,,,,,,,,,,,,,,
37-9W4X,DUA,,,,,,,,,,0,64,42,0.65625,22.0,0.34375,0.65625,2,,,,,,,,,,,,,,,,,,,,,,,0.099,,,,,,
37-9W4X,DUA,,,,,,,,,,1,64,21,0.328125,43.0,0.671875,0.671875,2,,,,,,,,,,,,,,,,,,,,,,,0.09336,,,,,,
37-9W4X,DUA,,,,,,,,,,2,64,20,0.3125,44.0,0.6875,0.6875,2,,,,,,,,,,,,,,,,,,,,,,,0.0880584,,,,,,
37-9W4X,DUA,,,,,,,,,,3,64,25,0.390625,39.0,0.609375,0.609375,2,,,,,,,,,,,,,,,,,,,,,,,0.083074896,,,,,,
37-9W4X,DUA,,,,,,,,,,4,64,38,0.59375,26.0,0.40625,0.59375,2,,,,,,,,,,,,,,,,,,,,,,,0.07839040223999999,,,,,,
37-9W4X,DUA,,,,,,,,,,5,64,20,0.3125,44.0,0.6875,0.6875,2,,,,,,,,,,,,,,,,,,,,,,,0.07398697810559998,,,,,,
37-9W4X,DUA,,,,,,,,,,6,29,17,0.5862068965517241,12.0,0.41379310344827586,0.5862068965517241,2,,,,,,,,,,,,,,,,,,,,,,,0.06984775941926398,,,,,,
37-9W4X,RoTTA,,,,,,,,,,0,64,42,0.65625,22.0,0.34375,0.65625,2,,,,,,,,,,,,,,,,,,,,,,,,61.0,,,,,
37-9W4X,RoTTA,,,,,,,,,,1,64,21,0.328125,43.0,0.671875,0.671875,2,,,,,,,,,,,,,,,,,,,,,,,,64.0,,,,,
37-9W4X,RoTTA,,,,,,,,,,2,64,20,0.3125,44.0,0.6875,0.6875,2,,,,,,,,,,,,,,,,,,,,,,,,64.0,,,,,
37-9W4X,RoTTA,,,,,,,,,,3,64,25,0.390625,39.0,0.609375,0.609375,2,,,,,,,,,,,,,,,,,,,,,,,,64.0,,,,,
37-9W4X,RoTTA,,,,,,,,,,4,64,38,0.59375,26.0,0.40625,0.59375,2,,,,,,,,,,,,,,,,,,,,,,,,64.0,,,,,
37-9W4X,RoTTA,,,,,,,,,,5,64,20,0.3125,44.0,0.6875,0.6875,2,,,,,,,,,,,,,,,,,,,,,,,,64.0,,,,,
37-9W4X,RoTTA,,,,,,,,,,6,29,17,0.5862068965517241,12.0,0.41379310344827586,0.5862068965517241,2,,,,,,,,,,,,,,,,,,,,,,,,64.0,,,,,
37-9W4X,NOTE,,,,,,,,,,0,64,42,0.65625,22.0,0.34375,0.65625,2,,,,,,,,,,,,,,,,,,,,,,,,,64.0,1.0,0.49609118700027466,,
37-9W4X,NOTE,,,,,,,,,,1,64,21,0.328125,43.0,0.671875,0.671875,2,,,,,,,,,,,,,,,,,,,,,,,,,64.0,1.0,0.5778611898422241,,
37-9W4X,NOTE,,,,,,,,,,2,64,20,0.3125,44.0,0.6875,0.6875,2,,,,,,,,,,,,,,,,,,,,,,,,,64.0,1.0,0.631639838218689,,
37-9W4X,NOTE,,,,,,,,,,3,64,25,0.390625,39.0,0.609375,0.609375,2,,,,,,,,,,,,,,,,,,,,,,,,,64.0,1.0,0.5559563636779785,,
37-9W4X,NOTE,,,,,,,,,,4,64,38,0.59375,26.0,0.40625,0.59375,2,,,,,,,,,,,,,,,,,,,,,,,,,64.0,1.0,0.5699653029441833,,
37-9W4X,NOTE,,,,,,,,,,5,64,20,0.3125,44.0,0.6875,0.6875,2,,,,,,,,,,,,,,,,,,,,,,,,,64.0,1.0,0.5784059762954712,,
37-9W4X,NOTE,,,,,,,,,,6,29,17,0.5862068965517241,12.0,0.41379310344827586,0.5862068965517241,2,,,,,,,,,,,,,,,,,,,,,,,,,64.0,0.0,,,
37-9W4X,DELTA,,,,,,,,,,0,64,42,0.65625,22.0,0.34375,0.65625,2,,,,,,,,,,,,,,,,,,,,,,,,,,,,0.24579131603240967,15.0
37-9W4X,DELTA,,,,,,,,,,1,64,21,0.328125,43.0,0.671875,0.671875,2,,,,,,,,,,,,,,,,,,,,,,,,,,,,0.1318797767162323,31.0
37-9W4X,DELTA,,,,,,,,,,2,64,20,0.3125,44.0,0.6875,0.6875,2,,,,,,,,,,,,,,,,,,,,,,,,,,,,0.24637235701084137,22.0
37-9W4X,DELTA,,,,,,,,,,3,64,25,0.390625,39.0,0.609375,0.609375,2,,,,,,,,,,,,,,,,,,,,,,,,,,,,0.11363271623849869,38.0
37-9W4X,DELTA,,,,,,,,,,4,64,38,0.59375,26.0,0.40625,0.59375,2,,,,,,,,,,,,,,,,,,,,,,,,,,,,0.2636425793170929,5.0
37-9W4X,DELTA,,,,,,,,,,5,64,20,0.3125,44.0,0.6875,0.6875,2,,,,,,,,,,,,,,,,,,,,,,,,,,,,0.17830848693847656,21.0
37-9W4X,DELTA,,,,,,,,,,6,29,17,0.5862068965517241,12.0,0.41379310344827586,0.5862068965517241,2,,,,,,,,,,,,,,,,,,,,,,,,,,,,0.379219651222229,2.0
38-9W6A,EMATent,0.9933575391769409,0.9933575391769409,0.7905642986297607,1.0,0.20199273824691774,0.5,0.2980072617530823,0.0,0.0,0,64,32,0.5,32.0,0.5,0.5,2,,,,,,,,,,,,,,,,,,,,,,,,,,,,,
38-9W6A,EMATent,0.983600914478302,0.983600914478302,0.762961745262146,1.0,0.2049197256565094,0.5,0.2950802743434906,0.0,0.0,1,64,31,0.484375,33.0,0.515625,0.515625,2,,,,,,,,,,,,,,,,,,,,,,,,,,,,,
38-9W6A,EMATent,0.9935342073440552,0.9935342073440552,0.8007450103759766,1.0,0.20193973779678345,0.5,0.2980602622032165,0.0,0.0,2,64,41,0.640625,23.0,0.359375,0.640625,2,,,,,,,,,,,,,,,,,,,,,,,,,,,,,
38-9W6A,EMATent,0.8752288818359375,0.8752288818359375,0.887651801109314,1.0,0.23743133544921877,0.5,0.26256866455078126,0.0,0.0,3,64,42,0.65625,22.0,0.34375,0.65625,2,,,,,,,,,,,,,,,,,,,,,,,,,,,,,
38-9W6A,EMATent,0.954461395740509,0.954461395740509,0.8073166608810425,1.0,0.2136615812778473,0.5,0.2863384187221527,0.0,0.0,4,64,37,0.578125,27.0,0.421875,0.578125,2,,,,,,,,,,,,,,,,,,,,,,,,,,,,,
38-9W6A,EMATent,0.9688820838928223,0.9688820838928223,0.736546516418457,1.0,0.20933537483215334,0.5,0.2906646251678467,0.0,0.0,5,64,35,0.546875,29.0,0.453125,0.546875,2,,,,,,,,,,,,,,,,,,,,,,,,,,,,,
38-9W6A,EMATent,0.7393662929534912,0.7393662929534912,0.80926513671875,1.0,0.2781901121139526,0.5,0.22180988788604736,0.0,0.0,6,29,18,0.6206896551724138,11.0,0.3793103448275862,0.6206896551724138,2,,,,,,,,,,,,,,,,,,,,,,,,,,,,,
38-9W6A,DynaMixEMATent,,,,,,,,,,0,64,32,0.5,32.0,0.5,0.5,2,0.3513824939727783,0.9933575391769409,0.9933575391769409,0.6419750452041626,0.42719658342195777,0.27479615482496,0.2980072617530823,0.39145156331845654,63.57488250732422,0.19999999999999996,1.0,0.4968157410621643,0.2,0.0,1.0,40.0,0.625,24.0,0.375,0.625,2.0,0.0,,,,,,,
38-9W6A,DynaMixEMATent,,,,,,,,,,1,64,31,0.484375,33.0,0.515625,0.515625,2,0.31259703636169434,0.9969012141227722,0.9969012141227722,0.6843041777610779,0.259116593511899,0.4418130422512694,0.29907036423683164,0.6303243859424288,127.37656021118164,0.19999999999999996,1.0,0.4686483144760132,0.2,0.0,1.0,38.0,0.59375,26.0,0.40625,0.59375,2.0,0.015625,,,,,,,
38-9W6A,DynaMixEMATent,,,,,,,,,,2,64,41,0.640625,23.0,0.359375,0.640625,2,0.3803572654724121,0.988207995891571,0.988207995891571,0.6078507304191589,0.15867973876323538,0.5448578624692934,0.2964623987674713,0.7744545018130601,190.6218719482422,0.19999999999999996,1.0,0.5664398670196533,0.2,0.0,1.0,36.0,0.5625,28.0,0.4375,0.5625,2.0,0.140625,,,,,,,
38-9W6A,DynaMixEMATent,,,,,,,,,,3,64,42,0.65625,22.0,0.34375,0.65625,2,0.5905861258506775,0.9430826902389526,0.9430826902389526,0.35249653458595276,0.10092785826013638,0.6161473346681778,0.28292480707168577,0.8592506626146442,250.97916412353516,0.19999999999999996,1.0,0.45267996191978455,0.2,0.0,1.0,34.0,0.53125,30.0,0.46875,0.53125,2.0,0.15625,,,,,,,
38-9W6A,DynaMixEMATent,,,,,,,,,,4,64,37,0.578125,27.0,0.421875,0.578125,2,0.283520370721817,0.8640906810760498,0.8640906810760498,0.5805703401565552,0.06768563014140344,0.6730871655357816,0.25922720432281493,0.9086283533407461,306.28096771240234,0.19999999999999996,1.0,0.5002732276916504,0.2,0.0,1.0,50.0,0.78125,14.0,0.21875,0.78125,2.0,0.078125,,,,,,,
38-9W6A,DynaMixEMATent,,,,,,,,,,5,64,35,0.546875,29.0,0.453125,0.546875,2,0.16635356843471527,0.9910926818847656,0.9910926818847656,0.8247390985488892,0.0391157065365243,0.663556488898046,0.2973278045654297,0.9443329239570479,369.71089935302734,0.19999999999999996,1.0,0.5720503330230713,0.2,0.0,1.0,37.0,0.578125,27.0,0.421875,0.578125,2.0,0.046875,,,,,,,
38-9W6A,DynaMixEMATent,,,,,,,,,,6,29,18,0.6206896551724138,11.0,0.3793103448275862,0.6206896551724138,2,0.15318791568279266,0.837613046169281,0.837613046169281,0.6844251155853271,0.0344745629907264,0.7142415231584893,0.2512839138507843,0.953955092419564,394.0016776919365,0.19999999999999996,1.0,0.5924128890037537,0.2,0.0,1.0,14.0,0.4827586206896552,15.0,0.5172413793103449,0.5172413793103449,2.0,0.12068965517241381,,,,,,,
38-9W6A,TEMA,,,,,,,,,,0,64,32,0.5,32.0,0.5,0.5,2,,,,,,,,,,,,,,,,,,,,,,,,,,,,,
38-9W6A,TEMA,,,,,,,,,,1,64,31,0.484375,33.0,0.515625,0.515625,2,,,,,,,,,,,,,,,,,,,,,,,,,,,,,
38-9W6A,TEMA,,,,,,,,,,2,64,41,0.640625,23.0,0.359375,0.640625,2,,,,,,,,,,,,,,,,,,,,,,,,,,,,,
38-9W6A,TEMA,,,,,,,,,,3,64,42,0.65625,22.0,0.34375,0.65625,2,,,,,,,,,,,,,,,,,,,,,,,,,,,,,
38-9W6A,TEMA,,,,,,,,,,4,64,37,0.578125,27.0,0.421875,0.578125,2,,,,,,,,,,,,,,,,,,,,,,,,,,,,,
38-9W6A,TEMA,,,,,,,,,,5,64,35,0.546875,29.0,0.453125,0.546875,2,,,,,,,,,,,,,,,,,,,,,,,,,,,,,
38-9W6A,TEMA,,,,,,,,,,6,29,18,0.6206896551724138,11.0,0.3793103448275862,0.6206896551724138,2,,,,,,,,,,,,,,,,,,,,,,,,,,,,,
38-9W6A,DUA,,,,,,,,,,0,64,32,0.5,32.0,0.5,0.5,2,,,,,,,,,,,,,,,,,,,,,,,0.099,,,,,,
38-9W6A,DUA,,,,,,,,,,1,64,31,0.484375,33.0,0.515625,0.515625,2,,,,,,,,,,,,,,,,,,,,,,,0.09336,,,,,,
38-9W6A,DUA,,,,,,,,,,2,64,41,0.640625,23.0,0.359375,0.640625,2,,,,,,,,,,,,,,,,,,,,,,,0.0880584,,,,,,
38-9W6A,DUA,,,,,,,,,,3,64,42,0.65625,22.0,0.34375,0.65625,2,,,,,,,,,,,,,,,,,,,,,,,0.083074896,,,,,,
38-9W6A,DUA,,,,,,,,,,4,64,37,0.578125,27.0,0.421875,0.578125,2,,,,,,,,,,,,,,,,,,,,,,,0.07839040223999999,,,,,,
38-9W6A,DUA,,,,,,,,,,5,64,35,0.546875,29.0,0.453125,0.546875,2,,,,,,,,,,,,,,,,,,,,,,,0.07398697810559998,,,,,,
38-9W6A,DUA,,,,,,,,,,6,29,18,0.6206896551724138,11.0,0.3793103448275862,0.6206896551724138,2,,,,,,,,,,,,,,,,,,,,,,,0.06984775941926398,,,,,,
38-9W6A,RoTTA,,,,,,,,,,0,64,32,0.5,32.0,0.5,0.5,2,,,,,,,,,,,,,,,,,,,,,,,,57.0,,,,,
38-9W6A,RoTTA,,,,,,,,,,1,64,31,0.484375,33.0,0.515625,0.515625,2,,,,,,,,,,,,,,,,,,,,,,,,64.0,,,,,
38-9W6A,RoTTA,,,,,,,,,,2,64,41,0.640625,23.0,0.359375,0.640625,2,,,,,,,,,,,,,,,,,,,,,,,,64.0,,,,,
38-9W6A,RoTTA,,,,,,,,,,3,64,42,0.65625,22.0,0.34375,0.65625,2,,,,,,,,,,,,,,,,,,,,,,,,64.0,,,,,
38-9W6A,RoTTA,,,,,,,,,,4,64,37,0.578125,27.0,0.421875,0.578125,2,,,,,,,,,,,,,,,,,,,,,,,,64.0,,,,,
38-9W6A,RoTTA,,,,,,,,,,5,64,35,0.546875,29.0,0.453125,0.546875,2,,,,,,,,,,,,,,,,,,,,,,,,64.0,,,,,
38-9W6A,RoTTA,,,,,,,,,,6,29,18,0.6206896551724138,11.0,0.3793103448275862,0.6206896551724138,2,,,,,,,,,,,,,,,,,,,,,,,,64.0,,,,,
38-9W6A,NOTE,,,,,,,,,,0,64,32,0.5,32.0,0.5,0.5,2,,,,,,,,,,,,,,,,,,,,,,,,,64.0,1.0,0.5580485463142395,,
38-9W6A,NOTE,,,,,,,,,,1,64,31,0.484375,33.0,0.515625,0.515625,2,,,,,,,,,,,,,,,,,,,,,,,,,64.0,1.0,0.5275052189826965,,
38-9W6A,NOTE,,,,,,,,,,2,64,41,0.640625,23.0,0.359375,0.640625,2,,,,,,,,,,,,,,,,,,,,,,,,,64.0,1.0,0.5987235307693481,,
38-9W6A,NOTE,,,,,,,,,,3,64,42,0.65625,22.0,0.34375,0.65625,2,,,,,,,,,,,,,,,,,,,,,,,,,64.0,1.0,0.46469077467918396,,
38-9W6A,NOTE,,,,,,,,,,4,64,37,0.578125,27.0,0.421875,0.578125,2,,,,,,,,,,,,,,,,,,,,,,,,,64.0,1.0,0.5522245168685913,,
38-9W6A,NOTE,,,,,,,,,,5,64,35,0.546875,29.0,0.453125,0.546875,2,,,,,,,,,,,,,,,,,,,,,,,,,64.0,1.0,0.5469565391540527,,
38-9W6A,NOTE,,,,,,,,,,6,29,18,0.6206896551724138,11.0,0.3793103448275862,0.6206896551724138,2,,,,,,,,,,,,,,,,,,,,,,,,,64.0,0.0,,,
38-9W6A,DELTA,,,,,,,,,,0,64,32,0.5,32.0,0.5,0.5,2,,,,,,,,,,,,,,,,,,,,,,,,,,,,0.22965681552886963,6.0
38-9W6A,DELTA,,,,,,,,,,1,64,31,0.484375,33.0,0.515625,0.515625,2,,,,,,,,,,,,,,,,,,,,,,,,,,,,0.0790477767586708,36.0
38-9W6A,DELTA,,,,,,,,,,2,64,41,0.640625,23.0,0.359375,0.640625,2,,,,,,,,,,,,,,,,,,,,,,,,,,,,0.051066525280475616,49.0
38-9W6A,DELTA,,,,,,,,,,3,64,42,0.65625,22.0,0.34375,0.65625,2,,,,,,,,,,,,,,,,,,,,,,,,,,,,0.03125996142625809,58.0
38-9W6A,DELTA,,,,,,,,,,4,64,37,0.578125,27.0,0.421875,0.578125,2,,,,,,,,,,,,,,,,,,,,,,,,,,,,0.1756897270679474,41.0
38-9W6A,DELTA,,,,,,,,,,5,64,35,0.546875,29.0,0.453125,0.546875,2,,,,,,,,,,,,,,,,,,,,,,,,,,,,0.2868078052997589,13.0
38-9W6A,DELTA,,,,,,,,,,6,29,18,0.6206896551724138,11.0,0.3793103448275862,0.6206896551724138,2,,,,,,,,,,,,,,,,,,,,,,,,,,,,0.3480571508407593,3.0
39-9W6G,EMATent,0.9695097208023071,0.9695097208023071,0.8103293180465698,1.0,0.20914708375930788,0.5,0.29085291624069215,0.0,0.0,0,64,22,0.34375,42.0,0.65625,0.65625,2,,,,,,,,,,,,,,,,,,,,,,,,,,,,,
39-9W6G,EMATent,0.888948917388916,0.888948917388916,0.8030434250831604,1.0,0.2333153247833252,0.5,0.26668467521667477,0.0,0.0,1,64,42,0.65625,22.0,0.34375,0.65625,2,,,,,,,,,,,,,,,,,,,,,,,,,,,,,
39-9W6G,EMATent,0.9570038318634033,0.9570038318634033,0.7494058609008789,1.0,0.212898850440979,0.5,0.287101149559021,0.0,0.0,2,64,33,0.515625,31.0,0.484375,0.515625,2,,,,,,,,,,,,,,,,,,,,,,,,,,,,,
39-9W6G,EMATent,0.965368390083313,0.965368390083313,0.796618640422821,1.0,0.21038948297500612,0.5,0.2896105170249939,0.0,0.0,3,64,43,0.671875,21.0,0.328125,0.671875,2,,,,,,,,,,,,,,,,,,,,,,,,,,,,,
39-9W6G,EMATent,0.9863089919090271,0.9863089919090271,0.7405197024345398,1.0,0.2041073024272919,0.5,0.29589269757270814,0.0,0.0,4,64,61,0.953125,3.0,0.046875,0.953125,2,,,,,,,,,,,,,,,,,,,,,,,,,,,,,
39-9W6G,EMATent,0.6736660003662109,0.6736660003662109,0.8576421737670898,1.0,0.2979001998901367,0.5,0.20209980010986328,0.0,0.0,5,64,42,0.65625,22.0,0.34375,0.65625,2,,,,,,,,,,,,,,,,,,,,,,,,,,,,,
39-9W6G,EMATent,0.8154850602149963,0.8154850602149963,0.7551383972167969,1.0,0.2553544819355011,0.5,0.24464551806449888,0.0,0.0,6,29,29,1.0,,,1.0,1,,,,,,,,,,,,,,,,,,,,,,,,,,,,,
39-9W6G,DynaMixEMATent,,,,,,,,,,0,64,22,0.34375,42.0,0.65625,0.65625,2,0.35127103328704834,0.9695097208023071,0.9695097208023071,0.6182386875152588,0.43672691750440057,0.27242016625490734,0.29085291624069215,0.3841518529707014,62.048622131347656,0.19999999999999996,1.0,0.4871366024017334,0.2,0.0,1.0,39.0,0.609375,25.0,0.390625,0.609375,2.0,0.15625,,,,,,,
39-9W6G,DynaMixEMATent,,,,,,,,,,1,64,42,0.65625,22.0,0.34375,0.65625,2,0.29127582907676697,0.8544092774391174,0.8544092774391174,0.5631334781646729,0.2987620966017561,0.4449151201665087,0.25632278323173524,0.5982637495605132,116.73081588745117,0.19999999999999996,1.0,0.5484373569488525,0.2,0.0,1.0,31.0,0.484375,33.0,0.515625,0.515625,2.0,0.15625,,,,,,,
39-9W6G,DynaMixEMATent,,,,,,,,,,2,64,33,0.515625,31.0,0.484375,0.515625,2,0.2986571490764618,0.9763654470443726,0.9763654470443726,0.6777082681655884,0.17434154038206565,0.5327488255046227,0.2929096341133118,0.7534381052364614,179.21820449829102,0.19999999999999996,1.0,0.5831818580627441,0.2,0.0,1.0,34.0,0.53125,30.0,0.46875,0.53125,2.0,0.015625,,,,,,,
39-9W6G,DynaMixEMATent,,,,,,,,,,3,64,43,0.671875,21.0,0.328125,0.671875,2,0.32292816042900085,0.9705370664596558,0.9705370664596558,0.6476088762283325,0.10757814301626352,0.6012607370458397,0.29116111993789673,0.8482332924418052,241.33257675170898,0.19999999999999996,1.0,0.4611356258392334,0.2,0.0,1.0,23.0,0.359375,41.0,0.640625,0.640625,2.0,0.171875,,,,,,,
39-9W6G,DynaMixEMATent,,,,,,,,,,4,64,61,0.953125,3.0,0.046875,0.953125,2,0.238009974360466,0.9767816662788391,0.9767816662788391,0.7387716770172119,0.06583688727377532,0.6411286128425729,0.2930344998836517,0.9068739743835587,303.8466033935547,0.19999999999999996,1.0,0.5491832494735718,0.2,0.0,1.0,36.0,0.5625,28.0,0.4375,0.5625,2.0,0.453125,,,,,,,
39-9W6G,DynaMixEMATent,,,,,,,,,,5,64,42,0.65625,22.0,0.34375,0.65625,2,0.0976182371377945,0.4366762340068817,0.4366762340068817,0.3390580117702484,0.0650528564997147,0.8039442732982208,0.1310028702020645,0.9251403091344603,331.7938823699951,0.19999999999999996,1.0,0.40004807710647583,0.2,0.0,1.0,53.0,0.828125,11.0,0.171875,0.828125,2.0,0.15625,,,,,,,
39-9W6G,DynaMixEMATent,,,,,,,,,,6,29,29,1.0,,,1.0,1,0.05896979942917824,0.622491717338562,0.622491717338562,0.5635219216346741,0.05287172172739295,0.7603807630710384,0.1867475152015686,0.9349873222453203,349.8461421728134,0.19999999999999996,1.0,0.49694257974624634,0.2,0.0,1.0,22.0,0.7586206896551724,7.0,0.2413793103448276,0.7586206896551724,2.0,0.0,,,,,,,
39-9W6G,TEMA,,,,,,,,,,0,64,22,0.34375,42.0,0.65625,0.65625,2,,,,,,,,,,,,,,,,,,,,,,,,,,,,,
39-9W6G,TEMA,,,,,,,,,,1,64,42,0.65625,22.0,0.34375,0.65625,2,,,,,,,,,,,,,,,,,,,,,,,,,,,,,
39-9W6G,TEMA,,,,,,,,,,2,64,33,0.515625,31.0,0.484375,0.515625,2,,,,,,,,,,,,,,,,,,,,,,,,,,,,,
39-9W6G,TEMA,,,,,,,,,,3,64,43,0.671875,21.0,0.328125,0.671875,2,,,,,,,,,,,,,,,,,,,,,,,,,,,,,
39-9W6G,TEMA,,,,,,,,,,4,64,61,0.953125,3.0,0.046875,0.953125,2,,,,,,,,,,,,,,,,,,,,,,,,,,,,,
39-9W6G,TEMA,,,,,,,,,,5,64,42,0.65625,22.0,0.34375,0.65625,2,,,,,,,,,,,,,,,,,,,,,,,,,,,,,
39-9W6G,TEMA,,,,,,,,,,6,29,29,1.0,0.0,0.0,1.0,1,,,,,,,,,,,,,,,,,,,,,,,,,,,,,
39-9W6G,DUA,,,,,,,,,,0,64,22,0.34375,42.0,0.65625,0.65625,2,,,,,,,,,,,,,,,,,,,,,,,0.099,,,,,,
39-9W6G,DUA,,,,,,,,,,1,64,42,0.65625,22.0,0.34375,0.65625,2,,,,,,,,,,,,,,,,,,,,,,,0.09336,,,,,,
39-9W6G,DUA,,,,,,,,,,2,64,33,0.515625,31.0,0.484375,0.515625,2,,,,,,,,,,,,,,,,,,,,,,,0.0880584,,,,,,
39-9W6G,DUA,,,,,,,,,,3,64,43,0.671875,21.0,0.328125,0.671875,2,,,,,,,,,,,,,,,,,,,,,,,0.083074896,,,,,,
39-9W6G,DUA,,,,,,,,,,4,64,61,0.953125,3.0,0.046875,0.953125,2,,,,,,,,,,,,,,,,,,,,,,,0.07839040223999999,,,,,,
39-9W6G,DUA,,,,,,,,,,5,64,42,0.65625,22.0,0.34375,0.65625,2,,,,,,,,,,,,,,,,,,,,,,,0.07398697810559998,,,,,,
39-9W6G,DUA,,,,,,,,,,6,29,29,1.0,0.0,0.0,1.0,1,,,,,,,,,,,,,,,,,,,,,,,0.06984775941926398,,,,,,
39-9W6G,RoTTA,,,,,,,,,,0,64,22,0.34375,42.0,0.65625,0.65625,2,,,,,,,,,,,,,,,,,,,,,,,,56.0,,,,,
39-9W6G,RoTTA,,,,,,,,,,1,64,42,0.65625,22.0,0.34375,0.65625,2,,,,,,,,,,,,,,,,,,,,,,,,64.0,,,,,
39-9W6G,RoTTA,,,,,,,,,,2,64,33,0.515625,31.0,0.484375,0.515625,2,,,,,,,,,,,,,,,,,,,,,,,,64.0,,,,,
39-9W6G,RoTTA,,,,,,,,,,3,64,43,0.671875,21.0,0.328125,0.671875,2,,,,,,,,,,,,,,,,,,,,,,,,64.0,,,,,
39-9W6G,RoTTA,,,,,,,,,,4,64,61,0.953125,3.0,0.046875,0.953125,2,,,,,,,,,,,,,,,,,,,,,,,,64.0,,,,,
39-9W6G,RoTTA,,,,,,,,,,5,64,42,0.65625,22.0,0.34375,0.65625,2,,,,,,,,,,,,,,,,,,,,,,,,64.0,,,,,
39-9W6G,RoTTA,,,,,,,,,,6,29,29,1.0,0.0,0.0,1.0,1,,,,,,,,,,,,,,,,,,,,,,,,64.0,,,,,
39-9W6G,NOTE,,,,,,,,,,0,64,22,0.34375,42.0,0.65625,0.65625,2,,,,,,,,,,,,,,,,,,,,,,,,,64.0,1.0,0.5395935773849487,,
39-9W6G,NOTE,,,,,,,,,,1,64,42,0.65625,22.0,0.34375,0.65625,2,,,,,,,,,,,,,,,,,,,,,,,,,64.0,1.0,0.5329535603523254,,
39-9W6G,NOTE,,,,,,,,,,2,64,33,0.515625,31.0,0.484375,0.515625,2,,,,,,,,,,,,,,,,,,,,,,,,,64.0,1.0,0.6048975586891174,,
39-9W6G,NOTE,,,,,,,,,,3,64,43,0.671875,21.0,0.328125,0.671875,2,,,,,,,,,,,,,,,,,,,,,,,,,64.0,1.0,0.5343092083930969,,
39-9W6G,NOTE,,,,,,,,,,4,64,61,0.953125,3.0,0.046875,0.953125,2,,,,,,,,,,,,,,,,,,,,,,,,,64.0,1.0,0.5408064126968384,,
39-9W6G,NOTE,,,,,,,,,,5,64,42,0.65625,22.0,0.34375,0.65625,2,,,,,,,,,,,,,,,,,,,,,,,,,64.0,1.0,0.5865894556045532,,
39-9W6G,NOTE,,,,,,,,,,6,29,29,1.0,0.0,0.0,1.0,1,,,,,,,,,,,,,,,,,,,,,,,,,64.0,0.0,,,
39-9W6G,DELTA,,,,,,,,,,0,64,22,0.34375,42.0,0.65625,0.65625,2,,,,,,,,,,,,,,,,,,,,,,,,,,,,0.2550064027309418,10.0
39-9W6G,DELTA,,,,,,,,,,1,64,42,0.65625,22.0,0.34375,0.65625,2,,,,,,,,,,,,,,,,,,,,,,,,,,,,0.14223402738571167,31.0
39-9W6G,DELTA,,,,,,,,,,2,64,33,0.515625,31.0,0.484375,0.515625,2,,,,,,,,,,,,,,,,,,,,,,,,,,,,0.0899515450000763,31.0
39-9W6G,DELTA,,,,,,,,,,3,64,43,0.671875,21.0,0.328125,0.671875,2,,,,,,,,,,,,,,,,,,,,,,,,,,,,0.2368280440568924,16.0
39-9W6G,DELTA,,,,,,,,,,4,64,61,0.953125,3.0,0.046875,0.953125,2,,,,,,,,,,,,,,,,,,,,,,,,,,,,0.235550194978714,15.0
39-9W6G,DELTA,,,,,,,,,,5,64,42,0.65625,22.0,0.34375,0.65625,2,,,,,,,,,,,,,,,,,,,,,,,,,,,,0.26085370779037476,17.0
39-9W6G,DELTA,,,,,,,,,,6,29,29,1.0,0.0,0.0,1.0,1,,,,,,,,,,,,,,,,,,,,,,,,,,,,0.26239848136901855,8.0
40-9W74,EMATent,0.9909058809280396,0.9909058809280396,0.8257337808609009,1.0,0.20272823572158816,0.5,0.29727176427841184,0.0,0.0,0,64,20,0.3125,44.0,0.6875,0.6875,2,,,,,,,,,,,,,,,,,,,,,,,,,,,,,
40-9W74,EMATent,0.8685248494148254,0.8685248494148254,0.7550300359725952,1.0,0.23944254517555238,0.5,0.26055745482444764,0.0,0.0,1,64,30,0.46875,34.0,0.53125,0.53125,2,,,,,,,,,,,,,,,,,,,,,,,,,,,,,
40-9W74,EMATent,0.7758920788764954,0.7758920788764954,0.7891184687614441,1.0,0.2672323763370514,0.5,0.2327676236629486,0.0,0.0,2,64,31,0.484375,33.0,0.515625,0.515625,2,,,,,,,,,,,,,,,,,,,,,,,,,,,,,
40-9W74,EMATent,0.9283074736595154,0.9283074736595154,0.7711747884750366,1.0,0.22150775790214539,0.5,0.2784922420978546,0.0,0.0,3,64,53,0.828125,11.0,0.171875,0.828125,2,,,,,,,,,,,,,,,,,,,,,,,,,,,,,
40-9W74,EMATent,0.9984263777732849,0.9984263777732849,0.7994992733001709,1.0,0.20047208666801453,0.5,0.2995279133319855,0.0,0.0,4,64,16,0.25,48.0,0.75,0.75,2,,,,,,,,,,,,,,,,,,,,,,,,,,,,,
40-9W74,EMATent,0.9957071542739868,0.9957071542739868,0.703290581703186,1.0,0.20128785371780397,0.5,0.29871214628219606,0.0,0.0,5,64,13,0.203125,51.0,0.796875,0.796875,2,,,,,,,,,,,,,,,,,,,,,,,,,,,,,
40-9W74,EMATent,0.9701861143112183,0.9701861143112183,0.7111406922340393,1.0,0.20894416570663454,0.5,0.29105583429336546,0.0,0.0,6,29,18,0.6206896551724138,11.0,0.3793103448275862,0.6206896551724138,2,,,,,,,,,,,,,,,,,,,,,,,,,,,,,
40-9W74,DynaMixEMATent,,,,,,,,,,0,64,20,0.3125,44.0,0.6875,0.6875,2,0.42114201188087463,0.9909058809280396,0.9909058809280396,0.5697638988494873,0.4281687093705208,0.27455952635106734,0.29727176427841184,0.3907051295144547,63.41797637939453,0.19999999999999996,1.0,0.48233792185783386,0.2,0.0,1.0,45.0,0.703125,19.0,0.296875,0.703125,2.0,0.1875,,,,,,,
40-9W74,DynaMixEMATent,,,,,,,,,,1,64,30,0.46875,34.0,0.53125,0.53125,2,0.26687154173851013,0.9062689542770386,0.9062689542770386,0.639397382736206,0.28199166383531266,0.44612764988157577,0.2718806862831116,0.6127122869522477,121.419189453125,0.19999999999999996,1.0,0.5885165929794312,0.2,0.0,1.0,26.0,0.40625,38.0,0.59375,0.59375,2.0,0.03125,,,,,,,
40-9W74,DynaMixEMATent,,,,,,,,,,2,64,31,0.484375,33.0,0.515625,0.515625,2,0.13258430361747742,0.5058830976486206,0.5058830976486206,0.3732987940311432,0.25509316642766217,0.5931419042777516,0.15176492929458618,0.6992659520485044,153.79570770263672,0.19999999999999996,1.0,0.5940045118331909,0.2,0.0,1.0,43.0,0.671875,21.0,0.328125,0.671875,2.0,0.015625,,,,,,,
40-9W74,DynaMixEMATent,,,,,,,,,,3,64,53,0.828125,11.0,0.171875,0.828125,2,0.21848967671394348,0.7889872789382935,0.7889872789382935,0.5704975724220276,0.1547225530485395,0.6085812632699724,0.23669618368148804,0.7972988608981659,204.2908935546875,0.19999999999999996,1.0,0.5316314697265625,0.2,0.0,1.0,33.0,0.515625,31.0,0.484375,0.515625,2.0,0.328125,,,,,,,
40-9W74,DynaMixEMATent,,,,,,,,,,4,64,16,0.25,48.0,0.75,0.75,2,0.27470049262046814,0.9902535080909729,0.9902535080909729,0.7155529856681824,0.08684277877876613,0.616081168793942,0.29707605242729185,0.8764549435559195,267.66711807250977,0.19999999999999996,1.0,0.5387099385261536,0.2,0.0,1.0,21.0,0.328125,43.0,0.671875,0.671875,2.0,0.25,,,,,,,
40-9W74,DynaMixEMATent,,,,,,,,,,5,64,13,0.203125,51.0,0.796875,0.796875,2,0.11821562796831131,0.9767150282859802,0.9767150282859802,0.8584994077682495,0.053597545301016,0.65338794621319,0.2930145084857941,0.9241886206374307,330.1768798828125,0.19999999999999996,1.0,0.5844283699989319,0.2,0.0,1.0,19.0,0.296875,45.0,0.703125,0.703125,2.0,0.296875,,,,,,,
40-9W74,DynaMixEMATent,,,,,,,,,,6,29,18,0.6206896551724138,11.0,0.3793103448275862,0.6206896551724138,2,0.12670615315437317,0.9412086009979248,0.9412086009979248,0.8145024180412292,0.043957137318080465,0.6736802823825421,0.28236258029937744,0.9387474285602079,357.4719293117523,0.19999999999999996,1.0,0.5571420788764954,0.2,0.0,1.0,8.0,0.27586206896551724,21.0,0.7241379310344828,0.7241379310344828,2.0,0.12068965517241381,,,,,,,
40-9W74,TEMA,,,,,,,,,,0,64,20,0.3125,44.0,0.6875,0.6875,2,,,,,,,,,,,,,,,,,,,,,,,,,,,,,
40-9W74,TEMA,,,,,,,,,,1,64,30,0.46875,34.0,0.53125,0.53125,2,,,,,,,,,,,,,,,,,,,,,,,,,,,,,
40-9W74,TEMA,,,,,,,,,,2,64,31,0.484375,33.0,0.515625,0.515625,2,,,,,,,,,,,,,,,,,,,,,,,,,,,,,
40-9W74,TEMA,,,,,,,,,,3,64,53,0.828125,11.0,0.171875,0.828125,2,,,,,,,,,,,,,,,,,,,,,,,,,,,,,
40-9W74,TEMA,,,,,,,,,,4,64,16,0.25,48.0,0.75,0.75,2,,,,,,,,,,,,,,,,,,,,,,,,,,,,,
40-9W74,TEMA,,,,,,,,,,5,64,13,0.203125,51.0,0.796875,0.796875,2,,,,,,,,,,,,,,,,,,,,,,,,,,,,,
40-9W74,TEMA,,,,,,,,,,6,29,18,0.6206896551724138,11.0,0.3793103448275862,0.6206896551724138,2,,,,,,,,,,,,,,,,,,,,,,,,,,,,,
40-9W74,DUA,,,,,,,,,,0,64,20,0.3125,44.0,0.6875,0.6875,2,,,,,,,,,,,,,,,,,,,,,,,0.099,,,,,,
40-9W74,DUA,,,,,,,,,,1,64,30,0.46875,34.0,0.53125,0.53125,2,,,,,,,,,,,,,,,,,,,,,,,0.09336,,,,,,
40-9W74,DUA,,,,,,,,,,2,64,31,0.484375,33.0,0.515625,0.515625,2,,,,,,,,,,,,,,,,,,,,,,,0.0880584,,,,,,
40-9W74,DUA,,,,,,,,,,3,64,53,0.828125,11.0,0.171875,0.828125,2,,,,,,,,,,,,,,,,,,,,,,,0.083074896,,,,,,
40-9W74,DUA,,,,,,,,,,4,64,16,0.25,48.0,0.75,0.75,2,,,,,,,,,,,,,,,,,,,,,,,0.07839040223999999,,,,,,
40-9W74,DUA,,,,,,,,,,5,64,13,0.203125,51.0,0.796875,0.796875,2,,,,,,,,,,,,,,,,,,,,,,,0.07398697810559998,,,,,,
40-9W74,DUA,,,,,,,,,,6,29,18,0.6206896551724138,11.0,0.3793103448275862,0.6206896551724138,2,,,,,,,,,,,,,,,,,,,,,,,0.06984775941926398,,,,,,
40-9W74,RoTTA,,,,,,,,,,0,64,20,0.3125,44.0,0.6875,0.6875,2,,,,,,,,,,,,,,,,,,,,,,,,55.0,,,,,
40-9W74,RoTTA,,,,,,,,,,1,64,30,0.46875,34.0,0.53125,0.53125,2,,,,,,,,,,,,,,,,,,,,,,,,64.0,,,,,
40-9W74,RoTTA,,,,,,,,,,2,64,31,0.484375,33.0,0.515625,0.515625,2,,,,,,,,,,,,,,,,,,,,,,,,64.0,,,,,
40-9W74,RoTTA,,,,,,,,,,3,64,53,0.828125,11.0,0.171875,0.828125,2,,,,,,,,,,,,,,,,,,,,,,,,64.0,,,,,
40-9W74,RoTTA,,,,,,,,,,4,64,16,0.25,48.0,0.75,0.75,2,,,,,,,,,,,,,,,,,,,,,,,,64.0,,,,,
40-9W74,RoTTA,,,,,,,,,,5,64,13,0.203125,51.0,0.796875,0.796875,2,,,,,,,,,,,,,,,,,,,,,,,,64.0,,,,,
40-9W74,RoTTA,,,,,,,,,,6,29,18,0.6206896551724138,11.0,0.3793103448275862,0.6206896551724138,2,,,,,,,,,,,,,,,,,,,,,,,,64.0,,,,,
40-9W74,NOTE,,,,,,,,,,0,64,20,0.3125,44.0,0.6875,0.6875,2,,,,,,,,,,,,,,,,,,,,,,,,,64.0,1.0,0.5917209386825562,,
40-9W74,NOTE,,,,,,,,,,1,64,30,0.46875,34.0,0.53125,0.53125,2,,,,,,,,,,,,,,,,,,,,,,,,,64.0,1.0,0.5691400766372681,,
40-9W74,NOTE,,,,,,,,,,2,64,31,0.484375,33.0,0.515625,0.515625,2,,,,,,,,,,,,,,,,,,,,,,,,,64.0,1.0,0.6231675148010254,,
40-9W74,NOTE,,,,,,,,,,3,64,53,0.828125,11.0,0.171875,0.828125,2,,,,,,,,,,,,,,,,,,,,,,,,,64.0,1.0,0.5538278818130493,,
40-9W74,NOTE,,,,,,,,,,4,64,16,0.25,48.0,0.75,0.75,2,,,,,,,,,,,,,,,,,,,,,,,,,64.0,1.0,0.5887148380279541,,
40-9W74,NOTE,,,,,,,,,,5,64,13,0.203125,51.0,0.796875,0.796875,2,,,,,,,,,,,,,,,,,,,,,,,,,64.0,1.0,0.6041250824928284,,
40-9W74,NOTE,,,,,,,,,,6,29,18,0.6206896551724138,11.0,0.3793103448275862,0.6206896551724138,2,,,,,,,,,,,,,,,,,,,,,,,,,64.0,0.0,,,
40-9W74,DELTA,,,,,,,,,,0,64,20,0.3125,44.0,0.6875,0.6875,2,,,,,,,,,,,,,,,,,,,,,,,,,,,,0.2720745801925659,4.0
40-9W74,DELTA,,,,,,,,,,1,64,30,0.46875,34.0,0.53125,0.53125,2,,,,,,,,,,,,,,,,,,,,,,,,,,,,0.18504869937896729,21.0
40-9W74,DELTA,,,,,,,,,,2,64,31,0.484375,33.0,0.515625,0.515625,2,,,,,,,,,,,,,,,,,,,,,,,,,,,,0.12024646252393723,36.0
40-9W74,DELTA,,,,,,,,,,3,64,53,0.828125,11.0,0.171875,0.828125,2,,,,,,,,,,,,,,,,,,,,,,,,,,,,0.02638738974928856,52.0
40-9W74,DELTA,,,,,,,,,,4,64,16,0.25,48.0,0.75,0.75,2,,,,,,,,,,,,,,,,,,,,,,,,,,,,0.26112955808639526,23.0
40-9W74,DELTA,,,,,,,,,,5,64,13,0.203125,51.0,0.796875,0.796875,2,,,,,,,,,,,,,,,,,,,,,,,,,,,,0.166285440325737,33.0
40-9W74,DELTA,,,,,,,,,,6,29,18,0.6206896551724138,11.0,0.3793103448275862,0.6206896551724138,2,,,,,,,,,,,,,,,,,,,,,,,,,,,,0.2052089422941208,9.0
41-9W7K,EMATent,0.905797004699707,0.905797004699707,0.8516687154769897,1.0,0.2282608985900879,0.5,0.2717391014099121,0.0,0.0,0,64,30,0.46875,34.0,0.53125,0.53125,2,,,,,,,,,,,,,,,,,,,,,,,,,,,,,
41-9W7K,EMATent,0.9313631057739258,0.9313631057739258,0.7307672500610352,1.0,0.22059106826782227,0.5,0.27940893173217773,0.0,0.0,1,64,24,0.375,40.0,0.625,0.625,2,,,,,,,,,,,,,,,,,,,,,,,,,,,,,
41-9W7K,EMATent,0.9648647308349609,0.9648647308349609,0.799651563167572,1.0,0.21054058074951174,0.5,0.2894594192504883,0.0,0.0,2,64,41,0.640625,23.0,0.359375,0.640625,2,,,,,,,,,,,,,,,,,,,,,,,,,,,,,
41-9W7K,EMATent,0.9894483685493469,0.9894483685493469,0.6967008113861084,1.0,0.20316548943519594,0.5,0.2968345105648041,0.0,0.0,3,64,33,0.515625,31.0,0.484375,0.515625,2,,,,,,,,,,,,,,,,,,,,,,,,,,,,,
41-9W7K,EMATent,0.9416697025299072,0.9416697025299072,0.7137317061424255,1.0,0.21749908924102784,0.5,0.28250091075897216,0.0,0.0,4,64,38,0.59375,26.0,0.40625,0.59375,2,,,,,,,,,,,,,,,,,,,,,,,,,,,,,
41-9W7K,EMATent,0.9812067747116089,0.9812067747116089,0.7718027830123901,1.0,0.20563796758651734,0.5,0.29436203241348263,0.0,0.0,5,64,42,0.65625,22.0,0.34375,0.65625,2,,,,,,,,,,,,,,,,,,,,,,,,,,,,,
41-9W7K,EMATent,0.9428781867027283,0.9428781867027283,0.7558843493461609,1.0,0.21713654398918153,0.5,0.28286345601081847,0.0,0.0,6,29,7,0.2413793103448276,22.0,0.7586206896551724,0.7586206896551724,2,,,,,,,,,,,,,,,,,,,,,,,,,,,,,
41-9W7K,DynaMixEMATent,,,,,,,,,,0,64,30,0.46875,34.0,0.53125,0.53125,2,0.39341863989830017,0.905797004699707,0.905797004699707,0.5123783946037292,0.46301565186057053,0.2652452467295174,0.2717391014099121,0.3642173392022444,57.97100830078125,0.19999999999999996,1.0,0.42916277050971985,0.2,0.0,1.0,30.0,0.46875,34.0,0.53125,0.53125,2.0,0.03125,,,,,,,
41-9W7K,DynaMixEMATent,,,,,,,,,,1,64,24,0.375,40.0,0.625,0.625,2,0.23068833351135254,0.9229105114936829,0.9229105114936829,0.6922221779823303,0.28981155268230135,0.43331529386959383,0.27687315344810487,0.5992244596308138,117.03728103637695,0.19999999999999996,1.0,0.5264186859130859,0.2,0.0,1.0,30.0,0.46875,34.0,0.53125,0.53125,2.0,0.125,,,,,,,
41-9W7K,DynaMixEMATent,,,,,,,,,,2,64,41,0.640625,23.0,0.359375,0.640625,2,0.3162035048007965,0.9987995624542236,0.9987995624542236,0.6825960278511047,0.17034761384769737,0.5300125174160355,0.2996398687362671,0.7567714005360051,180.96045303344727,0.19999999999999996,1.0,0.5002843141555786,0.2,0.0,1.0,31.0,0.484375,33.0,0.515625,0.515625,2.0,0.140625,,,,,,,
41-9W7K,DynaMixEMATent,,,,,,,,,,3,64,33,0.515625,31.0,0.484375,0.515625,2,0.21468740701675415,0.9930282235145569,0.9930282235145569,0.7783408761024475,0.10393816273912054,0.5981533702065125,0.2979084670543671,0.8519592419765457,244.5142593383789,0.19999999999999996,1.0,0.5894661545753479,0.2,0.0,1.0,39.0,0.609375,25.0,0.390625,0.609375,2.0,0.015625,,,,,,,
41-9W7K,DynaMixEMATent,,,,,,,,,,4,64,38,0.59375,26.0,0.40625,0.59375,2,0.1455555409193039,0.9822636842727661,0.9822636842727661,0.836708128452301,0.06389578366348514,0.641425111054685,0.29467910528182983,0.9094089170731056,307.37913513183594,0.19999999999999996,1.0,0.5672791004180908,0.2,0.0,1.0,43.0,0.671875,21.0,0.328125,0.671875,2.0,0.09375,,,,,,,
41-9W7K,DynaMixEMATent,,,,,,,,,,5,64,42,0.65625,22.0,0.34375,0.65625,2,0.27522969245910645,0.9973868727684021,0.9973868727684021,0.7221572399139404,0.03855580569974184,0.6622281324697376,0.29921606183052063,0.9449818929919347,371.2118949890137,0.19999999999999996,1.0,0.5026656985282898,0.2,0.0,1.0,47.0,0.734375,17.0,0.265625,0.734375,2.0,0.15625,,,,,,,
41-9W7K,DynaMixEMATent,,,,,,,,,,6,29,7,0.2413793103448276,22.0,0.7586206896551724,0.7586206896551724,2,0.1999455690383911,0.9903268218040466,0.9903268218040466,0.7903812527656555,0.030899919018914732,0.6720020344398713,0.29709804654121397,0.956039503280842,399.931372821331,0.19999999999999996,1.0,0.5408238172531128,0.2,0.0,1.0,24.0,0.8275862068965517,5.0,0.1724137931034483,0.8275862068965517,2.0,0.2586206896551724,,,,,,,
41-9W7K,TEMA,,,,,,,,,,0,64,30,0.46875,34.0,0.53125,0.53125,2,,,,,,,,,,,,,,,,,,,,,,,,,,,,,
41-9W7K,TEMA,,,,,,,,,,1,64,24,0.375,40.0,0.625,0.625,2,,,,,,,,,,,,,,,,,,,,,,,,,,,,,
41-9W7K,TEMA,,,,,,,,,,2,64,41,0.640625,23.0,0.359375,0.640625,2,,,,,,,,,,,,,,,,,,,,,,,,,,,,,
41-9W7K,TEMA,,,,,,,,,,3,64,33,0.515625,31.0,0.484375,0.515625,2,,,,,,,,,,,,,,,,,,,,,,,,,,,,,
41-9W7K,TEMA,,,,,,,,,,4,64,38,0.59375,26.0,0.40625,0.59375,2,,,,,,,,,,,,,,,,,,,,,,,,,,,,,
41-9W7K,TEMA,,,,,,,,,,5,64,42,0.65625,22.0,0.34375,0.65625,2,,,,,,,,,,,,,,,,,,,,,,,,,,,,,
41-9W7K,TEMA,,,,,,,,,,6,29,7,0.2413793103448276,22.0,0.7586206896551724,0.7586206896551724,2,,,,,,,,,,,,,,,,,,,,,,,,,,,,,
41-9W7K,DUA,,,,,,,,,,0,64,30,0.46875,34.0,0.53125,0.53125,2,,,,,,,,,,,,,,,,,,,,,,,0.099,,,,,,
41-9W7K,DUA,,,,,,,,,,1,64,24,0.375,40.0,0.625,0.625,2,,,,,,,,,,,,,,,,,,,,,,,0.09336,,,,,,
41-9W7K,DUA,,,,,,,,,,2,64,41,0.640625,23.0,0.359375,0.640625,2,,,,,,,,,,,,,,,,,,,,,,,0.0880584,,,,,,
41-9W7K,DUA,,,,,,,,,,3,64,33,0.515625,31.0,0.484375,0.515625,2,,,,,,,,,,,,,,,,,,,,,,,0.083074896,,,,,,
41-9W7K,DUA,,,,,,,,,,4,64,38,0.59375,26.0,0.40625,0.59375,2,,,,,,,,,,,,,,,,,,,,,,,0.07839040223999999,,,,,,
41-9W7K,DUA,,,,,,,,,,5,64,42,0.65625,22.0,0.34375,0.65625,2,,,,,,,,,,,,,,,,,,,,,,,0.07398697810559998,,,,,,
41-9W7K,DUA,,,,,,,,,,6,29,7,0.2413793103448276,22.0,0.7586206896551724,0.7586206896551724,2,,,,,,,,,,,,,,,,,,,,,,,0.06984775941926398,,,,,,
41-9W7K,RoTTA,,,,,,,,,,0,64,30,0.46875,34.0,0.53125,0.53125,2,,,,,,,,,,,,,,,,,,,,,,,,60.0,,,,,
41-9W7K,RoTTA,,,,,,,,,,1,64,24,0.375,40.0,0.625,0.625,2,,,,,,,,,,,,,,,,,,,,,,,,64.0,,,,,
41-9W7K,RoTTA,,,,,,,,,,2,64,41,0.640625,23.0,0.359375,0.640625,2,,,,,,,,,,,,,,,,,,,,,,,,64.0,,,,,
41-9W7K,RoTTA,,,,,,,,,,3,64,33,0.515625,31.0,0.484375,0.515625,2,,,,,,,,,,,,,,,,,,,,,,,,64.0,,,,,
41-9W7K,RoTTA,,,,,,,,,,4,64,38,0.59375,26.0,0.40625,0.59375,2,,,,,,,,,,,,,,,,,,,,,,,,64.0,,,,,
41-9W7K,RoTTA,,,,,,,,,,5,64,42,0.65625,22.0,0.34375,0.65625,2,,,,,,,,,,,,,,,,,,,,,,,,64.0,,,,,
41-9W7K,RoTTA,,,,,,,,,,6,29,7,0.2413793103448276,22.0,0.7586206896551724,0.7586206896551724,2,,,,,,,,,,,,,,,,,,,,,,,,64.0,,,,,
41-9W7K,NOTE,,,,,,,,,,0,64,30,0.46875,34.0,0.53125,0.53125,2,,,,,,,,,,,,,,,,,,,,,,,,,64.0,1.0,0.5668056011199951,,
41-9W7K,NOTE,,,,,,,,,,1,64,24,0.375,40.0,0.625,0.625,2,,,,,,,,,,,,,,,,,,,,,,,,,64.0,1.0,0.5530223846435547,,
41-9W7K,NOTE,,,,,,,,,,2,64,41,0.640625,23.0,0.359375,0.640625,2,,,,,,,,,,,,,,,,,,,,,,,,,64.0,1.0,0.5920122861862183,,
41-9W7K,NOTE,,,,,,,,,,3,64,33,0.515625,31.0,0.484375,0.515625,2,,,,,,,,,,,,,,,,,,,,,,,,,64.0,1.0,0.5840988159179688,,
41-9W7K,NOTE,,,,,,,,,,4,64,38,0.59375,26.0,0.40625,0.59375,2,,,,,,,,,,,,,,,,,,,,,,,,,64.0,1.0,0.6322413682937622,,
41-9W7K,NOTE,,,,,,,,,,5,64,42,0.65625,22.0,0.34375,0.65625,2,,,,,,,,,,,,,,,,,,,,,,,,,64.0,1.0,0.5957908630371094,,
41-9W7K,NOTE,,,,,,,,,,6,29,7,0.2413793103448276,22.0,0.7586206896551724,0.7586206896551724,2,,,,,,,,,,,,,,,,,,,,,,,,,64.0,0.0,,,
41-9W7K,DELTA,,,,,,,,,,0,64,30,0.46875,34.0,0.53125,0.53125,2,,,,,,,,,,,,,,,,,,,,,,,,,,,,0.2284533530473709,5.0
41-9W7K,DELTA,,,,,,,,,,1,64,24,0.375,40.0,0.625,0.625,2,,,,,,,,,,,,,,,,,,,,,,,,,,,,0.17301400005817413,13.0
41-9W7K,DELTA,,,,,,,,,,2,64,41,0.640625,23.0,0.359375,0.640625,2,,,,,,,,,,,,,,,,,,,,,,,,,,,,0.15149329602718353,35.0
41-9W7K,DELTA,,,,,,,,,,3,64,33,0.515625,31.0,0.484375,0.515625,2,,,,,,,,,,,,,,,,,,,,,,,,,,,,0.15449480712413788,26.0
41-9W7K,DELTA,,,,,,,,,,4,64,38,0.59375,26.0,0.40625,0.59375,2,,,,,,,,,,,,,,,,,,,,,,,,,,,,0.22839517891407013,23.0
41-9W7K,DELTA,,,,,,,,,,5,64,42,0.65625,22.0,0.34375,0.65625,2,,,,,,,,,,,,,,,,,,,,,,,,,,,,0.1636749505996704,36.0
41-9W7K,DELTA,,,,,,,,,,6,29,7,0.2413793103448276,22.0,0.7586206896551724,0.7586206896551724,2,,,,,,,,,,,,,,,,,,,,,,,,,,,,0.18811552226543427,21.0
42-9W7R,EMATent,0.8438018560409546,0.8438018560409546,0.851478636264801,1.0,0.24685944318771363,0.5,0.25314055681228637,0.0,0.0,0,64,31,0.484375,33.0,0.515625,0.515625,2,,,,,,,,,,,,,,,,,,,,,,,,,,,,,
42-9W7R,EMATent,0.9642148613929749,0.9642148613929749,0.7124624252319336,1.0,0.21073554158210756,0.5,0.28926445841789244,0.0,0.0,1,64,52,0.8125,12.0,0.1875,0.8125,2,,,,,,,,,,,,,,,,,,,,,,,,,,,,,
42-9W7R,EMATent,0.8851221203804016,0.8851221203804016,0.7289793491363525,1.0,0.23446336388587952,0.5,0.2655366361141205,0.0,0.0,2,64,22,0.34375,42.0,0.65625,0.65625,2,,,,,,,,,,,,,,,,,,,,,,,,,,,,,
42-9W7R,EMATent,0.9872877597808838,0.9872877597808838,0.7665178179740906,1.0,0.20381367206573486,0.5,0.29618632793426514,0.0,0.0,3,64,24,0.375,40.0,0.625,0.625,2,,,,,,,,,,,,,,,,,,,,,,,,,,,,,
42-9W7R,EMATent,0.9949657320976257,0.9949657320976257,0.744518518447876,1.0,0.20151028037071228,0.5,0.2984897196292877,0.0,0.0,4,64,28,0.4375,36.0,0.5625,0.5625,2,,,,,,,,,,,,,,,,,,,,,,,,,,,,,
42-9W7R,EMATent,0.8596773147583008,0.8596773147583008,0.8777974247932434,1.0,0.2420968055725098,0.5,0.2579031944274902,0.0,0.0,5,64,31,0.484375,33.0,0.515625,0.515625,2,,,,,,,,,,,,,,,,,,,,,,,,,,,,,
42-9W7R,EMATent,0.9729428291320801,0.9729428291320801,0.8242178559303284,1.0,0.208117151260376,0.5,0.291882848739624,0.0,0.0,6,29,18,0.6206896551724138,11.0,0.3793103448275862,0.6206896551724138,2,,,,,,,,,,,,,,,,,,,,,,,,,,,,,
42-9W7R,DynaMixEMATent,,,,,,,,,,0,64,31,0.484375,33.0,0.515625,0.515625,2,0.3836049437522888,0.8438018560409546,0.8438018560409546,0.4601968824863434,0.4897896815702926,0.25706976161742096,0.25314055681228637,0.3442009925190298,54.003318786621094,0.19999999999999996,1.0,0.46036264300346375,0.2,0.0,1.0,38.0,0.59375,26.0,0.40625,0.59375,2.0,0.015625,,,,,,,
42-9W7R,DynaMixEMATent,,,,,,,,,,1,64,52,0.8125,12.0,0.1875,0.8125,2,0.1264459490776062,0.9955442547798157,0.9955442547798157,0.8690983057022095,0.27958743321020324,0.421749290355852,0.2986632764339447,0.6013506439694223,117.7181510925293,0.19999999999999996,1.0,0.5675727128982544,0.2,0.0,1.0,13.0,0.203125,51.0,0.796875,0.796875,2.0,0.3125,,,,,,,
42-9W7R,DynaMixEMATent,,,,,,,,,,2,64,22,0.34375,42.0,0.65625,0.65625,2,0.09777282178401947,0.927554726600647,0.927554726600647,0.8297818899154663,0.18094726805608083,0.540786313963725,0.2782664179801941,0.7492880024375598,177.0816535949707,0.19999999999999996,1.0,0.5522593259811401,0.2,0.0,1.0,12.0,0.1875,52.0,0.8125,0.8125,2.0,0.15625,,,,,,,
42-9W7R,DynaMixEMATent,,,,,,,,,,3,64,24,0.375,40.0,0.625,0.625,2,0.22522160410881042,0.9808148145675659,0.9808148145675659,0.7555932402610779,0.10835480922984257,0.5974007463998877,0.29424444437026975,0.8464697750297411,239.85380172729492,0.19999999999999996,1.0,0.4694448709487915,0.2,0.0,1.0,27.0,0.421875,37.0,0.578125,0.578125,2.0,0.125,,,,,,,
42-9W7R,DynaMixEMATent,,,,,,,,,,4,64,28,0.4375,36.0,0.5625,0.5625,2,0.23957733809947968,0.996039092540741,0.996039092540741,0.7564617395401001,0.06542464716078637,0.6357636250769915,0.29881172776222226,0.9066946072101439,303.60030364990234,0.19999999999999996,1.0,0.5166864991188049,0.2,0.0,1.0,31.0,0.484375,33.0,0.515625,0.515625,2.0,0.0625,,,,,,,
42-9W7R,DynaMixEMATent,,,,,,,,,,5,64,31,0.484375,33.0,0.515625,0.515625,2,0.41624635457992554,0.8381562232971191,0.8381562232971191,0.421909898519516,0.04593313276595783,0.7026200002449066,0.2514468669891357,0.9386374450385325,357.24230194091797,0.19999999999999996,1.0,0.40377572178840637,0.2,0.0,1.0,41.0,0.640625,23.0,0.359375,0.640625,2.0,0.015625,,,,,,,
42-9W7R,DynaMixEMATent,,,,,,,,,,6,29,18,0.6206896551724138,11.0,0.3793103448275862,0.6206896551724138,2,0.5059160590171814,0.9247438311576843,0.9247438311576843,0.4188278019428253,0.035958159407602365,0.6866186912450923,0.2774231493473053,0.950236214493833,384.0598730444908,0.19999999999999996,1.0,0.4959295988082886,0.2,0.0,1.0,15.0,0.5172413793103449,14.0,0.4827586206896552,0.5172413793103449,2.0,0.12068965517241381,,,,,,,
42-9W7R,TEMA,,,,,,,,,,0,64,31,0.484375,33.0,0.515625,0.515625,2,,,,,,,,,,,,,,,,,,,,,,,,,,,,,
42-9W7R,TEMA,,,,,,,,,,1,64,52,0.8125,12.0,0.1875,0.8125,2,,,,,,,,,,,,,,,,,,,,,,,,,,,,,
42-9W7R,TEMA,,,,,,,,,,2,64,22,0.34375,42.0,0.65625,0.65625,2,,,,,,,,,,,,,,,,,,,,,,,,,,,,,
42-9W7R,TEMA,,,,,,,,,,3,64,24,0.375,40.0,0.625,0.625,2,,,,,,,,,,,,,,,,,,,,,,,,,,,,,
42-9W7R,TEMA,,,,,,,,,,4,64,28,0.4375,36.0,0.5625,0.5625,2,,,,,,,,,,,,,,,,,,,,,,,,,,,,,
42-9W7R,TEMA,,,,,,,,,,5,64,31,0.484375,33.0,0.515625,0.515625,2,,,,,,,,,,,,,,,,,,,,,,,,,,,,,
42-9W7R,TEMA,,,,,,,,,,6,29,18,0.6206896551724138,11.0,0.3793103448275862,0.6206896551724138,2,,,,,,,,,,,,,,,,,,,,,,,,,,,,,
42-9W7R,DUA,,,,,,,,,,0,64,31,0.484375,33.0,0.515625,0.515625,2,,,,,,,,,,,,,,,,,,,,,,,0.099,,,,,,
42-9W7R,DUA,,,,,,,,,,1,64,52,0.8125,12.0,0.1875,0.8125,2,,,,,,,,,,,,,,,,,,,,,,,0.09336,,,,,,
42-9W7R,DUA,,,,,,,,,,2,64,22,0.34375,42.0,0.65625,0.65625,2,,,,,,,,,,,,,,,,,,,,,,,0.0880584,,,,,,
42-9W7R,DUA,,,,,,,,,,3,64,24,0.375,40.0,0.625,0.625,2,,,,,,,,,,,,,,,,,,,,,,,0.083074896,,,,,,
42-9W7R,DUA,,,,,,,,,,4,64,28,0.4375,36.0,0.5625,0.5625,2,,,,,,,,,,,,,,,,,,,,,,,0.07839040223999999,,,,,,
42-9W7R,DUA,,,,,,,,,,5,64,31,0.484375,33.0,0.515625,0.515625,2,,,,,,,,,,,,,,,,,,,,,,,0.07398697810559998,,,,,,
42-9W7R,DUA,,,,,,,,,,6,29,18,0.6206896551724138,11.0,0.3793103448275862,0.6206896551724138,2,,,,,,,,,,,,,,,,,,,,,,,0.06984775941926398,,,,,,
42-9W7R,RoTTA,,,,,,,,,,0,64,31,0.484375,33.0,0.515625,0.515625,2,,,,,,,,,,,,,,,,,,,,,,,,61.0,,,,,
42-9W7R,RoTTA,,,,,,,,,,1,64,52,0.8125,12.0,0.1875,0.8125,2,,,,,,,,,,,,,,,,,,,,,,,,64.0,,,,,
42-9W7R,RoTTA,,,,,,,,,,2,64,22,0.34375,42.0,0.65625,0.65625,2,,,,,,,,,,,,,,,,,,,,,,,,64.0,,,,,
42-9W7R,RoTTA,,,,,,,,,,3,64,24,0.375,40.0,0.625,0.625,2,,,,,,,,,,,,,,,,,,,,,,,,64.0,,,,,
42-9W7R,RoTTA,,,,,,,,,,4,64,28,0.4375,36.0,0.5625,0.5625,2,,,,,,,,,,,,,,,,,,,,,,,,64.0,,,,,
42-9W7R,RoTTA,,,,,,,,,,5,64,31,0.484375,33.0,0.515625,0.515625,2,,,,,,,,,,,,,,,,,,,,,,,,64.0,,,,,
42-9W7R,RoTTA,,,,,,,,,,6,29,18,0.6206896551724138,11.0,0.3793103448275862,0.6206896551724138,2,,,,,,,,,,,,,,,,,,,,,,,,64.0,,,,,
42-9W7R,NOTE,,,,,,,,,,0,64,31,0.484375,33.0,0.515625,0.515625,2,,,,,,,,,,,,,,,,,,,,,,,,,64.0,1.0,0.5634547472000122,,
42-9W7R,NOTE,,,,,,,,,,1,64,52,0.8125,12.0,0.1875,0.8125,2,,,,,,,,,,,,,,,,,,,,,,,,,64.0,1.0,0.553482174873352,,
42-9W7R,NOTE,,,,,,,,,,2,64,22,0.34375,42.0,0.65625,0.65625,2,,,,,,,,,,,,,,,,,,,,,,,,,64.0,1.0,0.5904779434204102,,
42-9W7R,NOTE,,,,,,,,,,3,64,24,0.375,40.0,0.625,0.625,2,,,,,,,,,,,,,,,,,,,,,,,,,64.0,1.0,0.46883073449134827,,
42-9W7R,NOTE,,,,,,,,,,4,64,28,0.4375,36.0,0.5625,0.5625,2,,,,,,,,,,,,,,,,,,,,,,,,,64.0,1.0,0.4825303852558136,,
42-9W7R,NOTE,,,,,,,,,,5,64,31,0.484375,33.0,0.515625,0.515625,2,,,,,,,,,,,,,,,,,,,,,,,,,64.0,1.0,0.585716187953949,,
42-9W7R,NOTE,,,,,,,,,,6,29,18,0.6206896551724138,11.0,0.3793103448275862,0.6206896551724138,2,,,,,,,,,,,,,,,,,,,,,,,,,64.0,0.0,,,
42-9W7R,DELTA,,,,,,,,,,0,64,31,0.484375,33.0,0.515625,0.515625,2,,,,,,,,,,,,,,,,,,,,,,,,,,,,0.2541041076183319,9.0
42-9W7R,DELTA,,,,,,,,,,1,64,52,0.8125,12.0,0.1875,0.8125,2,,,,,,,,,,,,,,,,,,,,,,,,,,,,0.09310533851385117,48.0
42-9W7R,DELTA,,,,,,,,,,2,64,22,0.34375,42.0,0.65625,0.65625,2,,,,,,,,,,,,,,,,,,,,,,,,,,,,0.16478833556175232,33.0
42-9W7R,DELTA,,,,,,,,,,3,64,24,0.375,40.0,0.625,0.625,2,,,,,,,,,,,,,,,,,,,,,,,,,,,,0.10885569453239441,45.0
42-9W7R,DELTA,,,,,,,,,,4,64,28,0.4375,36.0,0.5625,0.5625,2,,,,,,,,,,,,,,,,,,,,,,,,,,,,0.16284069418907166,25.0
42-9W7R,DELTA,,,,,,,,,,5,64,31,0.484375,33.0,0.515625,0.515625,2,,,,,,,,,,,,,,,,,,,,,,,,,,,,0.1499955803155899,39.0
42-9W7R,DELTA,,,,,,,,,,6,29,18,0.6206896551724138,11.0,0.3793103448275862,0.6206896551724138,2,,,,,,,,,,,,,,,,,,,,,,,,,,,,0.17584185302257538,18.0
43-9W91,EMATent,0.8157823085784912,0.8157823085784912,0.8649691343307495,1.0,0.25526530742645265,0.5,0.24473469257354735,0.0,0.0,0,64,42,0.65625,22.0,0.34375,0.65625,2,,,,,,,,,,,,,,,,,,,,,,,,,,,,,
43-9W91,EMATent,0.8468606472015381,0.8468606472015381,0.8178736567497253,1.0,0.2459418058395386,0.5,0.25405819416046144,0.0,0.0,1,64,53,0.828125,11.0,0.171875,0.828125,2,,,,,,,,,,,,,,,,,,,,,,,,,,,,,
43-9W91,EMATent,0.9979652762413025,0.9979652762413025,0.6367349624633789,1.0,0.20061041712760927,0.5,0.29938958287239076,0.0,0.0,2,64,14,0.21875,50.0,0.78125,0.78125,2,,,,,,,,,,,,,,,,,,,,,,,,,,,,,
43-9W91,EMATent,0.9547193646430969,0.9547193646430969,0.688991904258728,1.0,0.21358419060707093,0.5,0.28641580939292904,0.0,0.0,3,64,22,0.34375,42.0,0.65625,0.65625,2,,,,,,,,,,,,,,,,,,,,,,,,,,,,,
43-9W91,EMATent,0.999231219291687,0.999231219291687,0.7821919918060303,1.0,0.2002306342124939,0.5,0.29976936578750607,0.0,0.0,4,64,11,0.171875,53.0,0.828125,0.828125,2,,,,,,,,,,,,,,,,,,,,,,,,,,,,,
43-9W91,EMATent,0.8351317644119263,0.8351317644119263,0.8165023326873779,1.0,0.24946047067642213,0.5,0.25053952932357787,0.0,0.0,5,64,10,0.15625,54.0,0.84375,0.84375,2,,,,,,,,,,,,,,,,,,,,,,,,,,,,,
43-9W91,EMATent,0.5683257579803467,0.5683257579803467,0.8829983472824097,1.0,0.32950227260589604,0.5,0.170497727394104,0.0,0.0,6,29,0,0.0,29.0,1.0,1.0,1,,,,,,,,,,,,,,,,,,,,,,,,,,,,,
43-9W91,DynaMixEMATent,,,,,,,,,,0,64,42,0.65625,22.0,0.34375,0.65625,2,0.3541068136692047,0.8157823085784912,0.8157823085784912,0.4616755247116089,0.5022901464985943,0.25297516092785827,0.24473469257354735,0.3349487371396215,52.21006774902344,0.19999999999999996,1.0,0.42677634954452515,0.2,0.0,1.0,50.0,0.78125,14.0,0.21875,0.78125,2.0,0.15625,,,,,,,
43-9W91,DynaMixEMATent,,,,,,,,,,1,64,53,0.828125,11.0,0.171875,0.828125,2,0.21304768323898315,0.7476680874824524,0.7476680874824524,0.5346204042434692,0.3549724212966362,0.42072715245862813,0.2243004262447357,0.54238414805597,100.06082534790039,0.19999999999999996,1.0,0.49553626775741577,0.2,0.0,1.0,48.0,0.75,16.0,0.25,0.75,2.0,0.328125,,,,,,,
43-9W91,DynaMixEMATent,,,,,,,,,,2,64,14,0.21875,50.0,0.78125,0.78125,2,0.07545377314090729,0.9400738477706909,0.9400738477706909,0.8646200895309448,0.2053419403019503,0.5126359053668424,0.28202215433120725,0.7139996149732513,160.2255516052246,0.19999999999999996,1.0,0.5614526271820068,0.2,0.0,1.0,37.0,0.578125,27.0,0.421875,0.578125,2.0,0.28125,,,,,,,
43-9W91,DynaMixEMATent,,,,,,,,,,3,64,22,0.34375,42.0,0.65625,0.65625,2,0.06058768182992935,0.8513904213905334,0.8513904213905334,0.7908027172088623,0.13912416777600134,0.6054587058068386,0.25541712641716,0.8131515339500717,214.71453857421875,0.19999999999999996,1.0,0.5497024059295654,0.2,0.0,1.0,41.0,0.640625,23.0,0.359375,0.640625,2.0,0.15625,,,,,,,
43-9W91,DynaMixEMATent,,,,,,,,,,4,64,11,0.171875,53.0,0.828125,0.828125,2,0.2046767622232437,0.8953578472137451,0.8953578472137451,0.6906810998916626,0.08734049316454724,0.6440521526713292,0.2686073541641235,0.8805833041092044,272.01744079589844,0.19999999999999996,1.0,0.5265231132507324,0.2,0.0,1.0,37.0,0.578125,27.0,0.421875,0.578125,2.0,0.328125,,,,,,,
43-9W91,DynaMixEMATent,,,,,,,,,,5,64,10,0.15625,54.0,0.84375,0.84375,2,0.15154509246349335,0.7351744174957275,0.7351744174957275,0.583629310131073,0.06444821896249646,0.7149994557887853,0.22055232524871826,0.9173155286106132,319.068603515625,0.19999999999999996,1.0,0.4361844062805176,0.2,0.0,1.0,46.0,0.71875,18.0,0.28125,0.71875,2.0,0.34375,,,,,,,
43-9W91,DynaMixEMATent,,,,,,,,,,6,29,0,0.0,29.0,1.0,1.0,1,0.0754312053322792,0.4686397910118103,0.4686397910118103,0.3932085633277893,0.0639015862777826,0.7955064764186742,0.14059193730354308,0.92564465118318,332.6591574549675,0.19999999999999996,1.0,0.3917328119277954,0.2,0.0,1.0,23.0,0.7931034482758621,6.0,0.20689655172413793,0.7931034482758621,2.0,0.5,,,,,,,
43-9W91,TEMA,,,,,,,,,,0,64,42,0.65625,22.0,0.34375,0.65625,2,,,,,,,,,,,,,,,,,,,,,,,,,,,,,
43-9W91,TEMA,,,,,,,,,,1,64,53,0.828125,11.0,0.171875,0.828125,2,,,,,,,,,,,,,,,,,,,,,,,,,,,,,
43-9W91,TEMA,,,,,,,,,,2,64,14,0.21875,50.0,0.78125,0.78125,2,,,,,,,,,,,,,,,,,,,,,,,,,,,,,
43-9W91,TEMA,,,,,,,,,,3,64,22,0.34375,42.0,0.65625,0.65625,2,,,,,,,,,,,,,,,,,,,,,,,,,,,,,
43-9W91,TEMA,,,,,,,,,,4,64,11,0.171875,53.0,0.828125,0.828125,2,,,,,,,,,,,,,,,,,,,,,,,,,,,,,
43-9W91,TEMA,,,,,,,,,,5,64,10,0.15625,54.0,0.84375,0.84375,2,,,,,,,,,,,,,,,,,,,,,,,,,,,,,
43-9W91,TEMA,,,,,,,,,,6,29,0,0.0,29.0,1.0,1.0,1,,,,,,,,,,,,,,,,,,,,,,,,,,,,,
43-9W91,DUA,,,,,,,,,,0,64,42,0.65625,22.0,0.34375,0.65625,2,,,,,,,,,,,,,,,,,,,,,,,0.099,,,,,,
43-9W91,DUA,,,,,,,,,,1,64,53,0.828125,11.0,0.171875,0.828125,2,,,,,,,,,,,,,,,,,,,,,,,0.09336,,,,,,
43-9W91,DUA,,,,,,,,,,2,64,14,0.21875,50.0,0.78125,0.78125,2,,,,,,,,,,,,,,,,,,,,,,,0.0880584,,,,,,
43-9W91,DUA,,,,,,,,,,3,64,22,0.34375,42.0,0.65625,0.65625,2,,,,,,,,,,,,,,,,,,,,,,,0.083074896,,,,,,
43-9W91,DUA,,,,,,,,,,4,64,11,0.171875,53.0,0.828125,0.828125,2,,,,,,,,,,,,,,,,,,,,,,,0.07839040223999999,,,,,,
43-9W91,DUA,,,,,,,,,,5,64,10,0.15625,54.0,0.84375,0.84375,2,,,,,,,,,,,,,,,,,,,,,,,0.07398697810559998,,,,,,
43-9W91,DUA,,,,,,,,,,6,29,0,0.0,29.0,1.0,1.0,1,,,,,,,,,,,,,,,,,,,,,,,0.06984775941926398,,,,,,
43-9W91,RoTTA,,,,,,,,,,0,64,42,0.65625,22.0,0.34375,0.65625,2,,,,,,,,,,,,,,,,,,,,,,,,57.0,,,,,
43-9W91,RoTTA,,,,,,,,,,1,64,53,0.828125,11.0,0.171875,0.828125,2,,,,,,,,,,,,,,,,,,,,,,,,64.0,,,,,
43-9W91,RoTTA,,,,,,,,,,2,64,14,0.21875,50.0,0.78125,0.78125,2,,,,,,,,,,,,,,,,,,,,,,,,64.0,,,,,
43-9W91,RoTTA,,,,,,,,,,3,64,22,0.34375,42.0,0.65625,0.65625,2,,,,,,,,,,,,,,,,,,,,,,,,64.0,,,,,
43-9W91,RoTTA,,,,,,,,,,4,64,11,0.171875,53.0,0.828125,0.828125,2,,,,,,,,,,,,,,,,,,,,,,,,64.0,,,,,
43-9W91,RoTTA,,,,,,,,,,5,64,10,0.15625,54.0,0.84375,0.84375,2,,,,,,,,,,,,,,,,,,,,,,,,64.0,,,,,
43-9W91,RoTTA,,,,,,,,,,6,29,0,0.0,29.0,1.0,1.0,1,,,,,,,,,,,,,,,,,,,,,,,,64.0,,,,,
43-9W91,NOTE,,,,,,,,,,0,64,42,0.65625,22.0,0.34375,0.65625,2,,,,,,,,,,,,,,,,,,,,,,,,,64.0,1.0,0.5715633630752563,,
43-9W91,NOTE,,,,,,,,,,1,64,53,0.828125,11.0,0.171875,0.828125,2,,,,,,,,,,,,,,,,,,,,,,,,,64.0,1.0,0.5610414743423462,,
43-9W91,NOTE,,,,,,,,,,2,64,14,0.21875,50.0,0.78125,0.78125,2,,,,,,,,,,,,,,,,,,,,,,,,,64.0,1.0,0.5785764455795288,,
43-9W91,NOTE,,,,,,,,,,3,64,22,0.34375,42.0,0.65625,0.65625,2,,,,,,,,,,,,,,,,,,,,,,,,,64.0,1.0,0.5456209182739258,,
43-9W91,NOTE,,,,,,,,,,4,64,11,0.171875,53.0,0.828125,0.828125,2,,,,,,,,,,,,,,,,,,,,,,,,,64.0,1.0,0.46064049005508423,,
43-9W91,NOTE,,,,,,,,,,5,64,10,0.15625,54.0,0.84375,0.84375,2,,,,,,,,,,,,,,,,,,,,,,,,,64.0,1.0,0.5190532207489014,,
43-9W91,NOTE,,,,,,,,,,6,29,0,0.0,29.0,1.0,1.0,1,,,,,,,,,,,,,,,,,,,,,,,,,64.0,0.0,,,
43-9W91,DELTA,,,,,,,,,,0,64,42,0.65625,22.0,0.34375,0.65625,2,,,,,,,,,,,,,,,,,,,,,,,,,,,,0.19609524309635162,5.0
43-9W91,DELTA,,,,,,,,,,1,64,53,0.828125,11.0,0.171875,0.828125,2,,,,,,,,,,,,,,,,,,,,,,,,,,,,0.10453198850154877,43.0
43-9W91,DELTA,,,,,,,,,,2,64,14,0.21875,50.0,0.78125,0.78125,2,,,,,,,,,,,,,,,,,,,,,,,,,,,,0.23371011018753052,7.0
43-9W91,DELTA,,,,,,,,,,3,64,22,0.34375,42.0,0.65625,0.65625,2,,,,,,,,,,,,,,,,,,,,,,,,,,,,0.031550753861665726,46.0
43-9W91,DELTA,,,,,,,,,,4,64,11,0.171875,53.0,0.828125,0.828125,2,,,,,,,,,,,,,,,,,,,,,,,,,,,,0.011258519254624844,61.0
43-9W91,DELTA,,,,,,,,,,5,64,10,0.15625,54.0,0.84375,0.84375,2,,,,,,,,,,,,,,,,,,,,,,,,,,,,0.16049209237098694,32.0
43-9W91,DELTA,,,,,,,,,,6,29,0,0.0,29.0,1.0,1.0,1,,,,,,,,,,,,,,,,,,,,,,,,,,,,0.3360441029071808,7.0
44-9WAY,EMATent,0.5105502605438232,0.5105502605438232,0.8864437937736511,1.0,0.34683492183685305,0.5,0.15316507816314698,0.0,0.0,0,64,31,0.484375,33.0,0.515625,0.515625,2,,,,,,,,,,,,,,,,,,,,,,,,,,,,,
44-9WAY,EMATent,0.773898184299469,0.773898184299469,0.7751307487487793,1.0,0.2678305447101593,0.5,0.23216945528984068,0.0,0.0,1,64,32,0.5,32.0,0.5,0.5,2,,,,,,,,,,,,,,,,,,,,,,,,,,,,,
44-9WAY,EMATent,0.8539540767669678,0.8539540767669678,0.7887029647827148,1.0,0.2438137769699097,0.5,0.2561862230300903,0.0,0.0,2,64,53,0.828125,11.0,0.171875,0.828125,2,,,,,,,,,,,,,,,,,,,,,,,,,,,,,
44-9WAY,EMATent,0.9212895035743713,0.9212895035743713,0.7814383506774902,1.0,0.2236131489276886,0.5,0.27638685107231137,0.0,0.0,3,64,14,0.21875,50.0,0.78125,0.78125,2,,,,,,,,,,,,,,,,,,,,,,,,,,,,,
44-9WAY,EMATent,0.9999082684516907,0.9999082684516907,0.7512555122375488,1.0,0.20002751946449282,0.5,0.2999724805355072,0.0,0.0,4,64,14,0.21875,50.0,0.78125,0.78125,2,,,,,,,,,,,,,,,,,,,,,,,,,,,,,
44-9WAY,EMATent,0.9142977595329285,0.9142977595329285,0.7510683536529541,1.0,0.22571067214012147,0.5,0.27428932785987853,0.0,0.0,5,64,29,0.453125,35.0,0.546875,0.546875,2,,,,,,,,,,,,,,,,,,,,,,,,,,,,,
44-9WAY,EMATent,0.7559965252876282,0.7559965252876282,0.8692112565040588,1.0,0.27320104241371157,0.5,0.22679895758628843,0.0,0.0,6,29,9,0.3103448275862069,20.0,0.6896551724137931,0.6896551724137931,2,,,,,,,,,,,,,,,,,,,,,,,,,,,,,
44-9WAY,DynaMixEMATent,,,,,,,,,,0,64,31,0.484375,33.0,0.515625,0.515625,2,0.04049632325768471,0.5105502605438232,0.5105502605438232,0.47005394101142883,0.6560458290810998,0.19078909275575323,0.15316507816314698,0.2252966756991036,32.67521667480469,0.19999999999999996,1.0,0.5195032954216003,0.2,0.0,1.0,0.0,0.0,64.0,1.0,1.0,1.0,0.015625,,,,,,,
44-9WAY,DynaMixEMATent,,,,,,,,,,1,64,32,0.5,32.0,0.5,0.5,2,0.06486131995916367,0.6752007007598877,0.6752007007598877,0.6103394031524658,0.4407733741037803,0.35666641566825336,0.2025602102279663,0.44726438314573513,75.8880615234375,0.19999999999999996,1.0,0.5451972484588623,0.2,0.0,1.0,8.0,0.125,56.0,0.875,0.875,2.0,0.0,,,,,,,
44-9WAY,DynaMixEMATent,,,,,,,,,,2,64,53,0.828125,11.0,0.171875,0.828125,2,0.29228150844573975,0.9683154821395874,0.9683154821395874,0.6760339736938477,0.24166073545086106,0.46784461990726284,0.2904946446418762,0.65939547372566,137.8602523803711,0.19999999999999996,1.0,0.4931611716747284,0.2,0.0,1.0,37.0,0.578125,27.0,0.421875,0.578125,2.0,0.328125,,,,,,,
44-9WAY,DynaMixEMATent,,,,,,,,,,3,64,14,0.21875,50.0,0.78125,0.78125,2,0.20147259533405304,0.9581906795501709,0.9581906795501709,0.756718099117279,0.15031174141876538,0.5622310547161834,0.28745720386505125,0.7890488231245864,199.18445587158203,0.19999999999999996,1.0,0.527744472026825,0.2,0.0,1.0,41.0,0.640625,23.0,0.359375,0.640625,2.0,0.28125,,,,,,,
44-9WAY,DynaMixEMATent,,,,,,,,,,4,64,14,0.21875,50.0,0.78125,0.78125,2,0.23377428948879242,0.9982519745826721,0.9982519745826721,0.7644776701927185,0.08970931945882749,0.610815088166371,0.29947559237480165,0.8719397661489838,263.07258224487305,0.19999999999999996,1.0,0.4713346064090729,0.2,0.0,1.0,26.0,0.40625,38.0,0.59375,0.59375,2.0,0.28125,,,,,,,
44-9WAY,DynaMixEMATent,,,,,,,,,,5,64,29,0.453125,35.0,0.546875,0.546875,2,0.14943856000900269,0.9218963384628296,0.9218963384628296,0.7724577784538269,0.058428430200406827,0.6650026682607444,0.2765689015388489,0.9192342846130156,322.07394790649414,0.19999999999999996,1.0,0.5564203858375549,0.2,0.0,1.0,33.0,0.515625,31.0,0.484375,0.515625,2.0,0.046875,,,,,,,
44-9WAY,DynaMixEMATent,,,,,,,,,,6,29,9,0.3103448275862069,20.0,0.6896551724137931,0.6896551724137931,2,0.21092309057712555,0.8840723633766174,0.8840723633766174,0.6731492280960083,0.04857303035684762,0.6862052606301673,0.2652217090129852,0.9338943039653494,347.71204644441605,0.19999999999999996,1.0,0.4334695041179657,0.2,0.0,1.0,3.0,0.10344827586206896,26.0,0.896551724137931,0.896551724137931,2.0,0.18965517241379315,,,,,,,
44-9WAY,TEMA,,,,,,,,,,0,64,31,0.484375,33.0,0.515625,0.515625,2,,,,,,,,,,,,,,,,,,,,,,,,,,,,,
44-9WAY,TEMA,,,,,,,,,,1,64,32,0.5,32.0,0.5,0.5,2,,,,,,,,,,,,,,,,,,,,,,,,,,,,,
44-9WAY,TEMA,,,,,,,,,,2,64,53,0.828125,11.0,0.171875,0.828125,2,,,,,,,,,,,,,,,,,,,,,,,,,,,,,
44-9WAY,TEMA,,,,,,,,,,3,64,14,0.21875,50.0,0.78125,0.78125,2,,,,,,,,,,,,,,,,,,,,,,,,,,,,,
44-9WAY,TEMA,,,,,,,,,,4,64,14,0.21875,50.0,0.78125,0.78125,2,,,,,,,,,,,,,,,,,,,,,,,,,,,,,
44-9WAY,TEMA,,,,,,,,,,5,64,29,0.453125,35.0,0.546875,0.546875,2,,,,,,,,,,,,,,,,,,,,,,,,,,,,,
44-9WAY,TEMA,,,,,,,,,,6,29,9,0.3103448275862069,20.0,0.6896551724137931,0.6896551724137931,2,,,,,,,,,,,,,,,,,,,,,,,,,,,,,
44-9WAY,DUA,,,,,,,,,,0,64,31,0.484375,33.0,0.515625,0.515625,2,,,,,,,,,,,,,,,,,,,,,,,0.099,,,,,,
44-9WAY,DUA,,,,,,,,,,1,64,32,0.5,32.0,0.5,0.5,2,,,,,,,,,,,,,,,,,,,,,,,0.09336,,,,,,
44-9WAY,DUA,,,,,,,,,,2,64,53,0.828125,11.0,0.171875,0.828125,2,,,,,,,,,,,,,,,,,,,,,,,0.0880584,,,,,,
44-9WAY,DUA,,,,,,,,,,3,64,14,0.21875,50.0,0.78125,0.78125,2,,,,,,,,,,,,,,,,,,,,,,,0.083074896,,,,,,
44-9WAY,DUA,,,,,,,,,,4,64,14,0.21875,50.0,0.78125,0.78125,2,,,,,,,,,,,,,,,,,,,,,,,0.07839040223999999,,,,,,
44-9WAY,DUA,,,,,,,,,,5,64,29,0.453125,35.0,0.546875,0.546875,2,,,,,,,,,,,,,,,,,,,,,,,0.07398697810559998,,,,,,
44-9WAY,DUA,,,,,,,,,,6,29,9,0.3103448275862069,20.0,0.6896551724137931,0.6896551724137931,2,,,,,,,,,,,,,,,,,,,,,,,0.06984775941926398,,,,,,
44-9WAY,RoTTA,,,,,,,,,,0,64,31,0.484375,33.0,0.515625,0.515625,2,,,,,,,,,,,,,,,,,,,,,,,,63.0,,,,,
44-9WAY,RoTTA,,,,,,,,,,1,64,32,0.5,32.0,0.5,0.5,2,,,,,,,,,,,,,,,,,,,,,,,,64.0,,,,,
44-9WAY,RoTTA,,,,,,,,,,2,64,53,0.828125,11.0,0.171875,0.828125,2,,,,,,,,,,,,,,,,,,,,,,,,64.0,,,,,
44-9WAY,RoTTA,,,,,,,,,,3,64,14,0.21875,50.0,0.78125,0.78125,2,,,,,,,,,,,,,,,,,,,,,,,,64.0,,,,,
44-9WAY,RoTTA,,,,,,,,,,4,64,14,0.21875,50.0,0.78125,0.78125,2,,,,,,,,,,,,,,,,,,,,,,,,64.0,,,,,
44-9WAY,RoTTA,,,,,,,,,,5,64,29,0.453125,35.0,0.546875,0.546875,2,,,,,,,,,,,,,,,,,,,,,,,,64.0,,,,,
44-9WAY,RoTTA,,,,,,,,,,6,29,9,0.3103448275862069,20.0,0.6896551724137931,0.6896551724137931,2,,,,,,,,,,,,,,,,,,,,,,,,64.0,,,,,
44-9WAY,NOTE,,,,,,,,,,0,64,31,0.484375,33.0,0.515625,0.515625,2,,,,,,,,,,,,,,,,,,,,,,,,,64.0,1.0,0.5811508297920227,,
44-9WAY,NOTE,,,,,,,,,,1,64,32,0.5,32.0,0.5,0.5,2,,,,,,,,,,,,,,,,,,,,,,,,,64.0,1.0,0.5957102179527283,,
44-9WAY,NOTE,,,,,,,,,,2,64,53,0.828125,11.0,0.171875,0.828125,2,,,,,,,,,,,,,,,,,,,,,,,,,64.0,1.0,0.5015377998352051,,
44-9WAY,NOTE,,,,,,,,,,3,64,14,0.21875,50.0,0.78125,0.78125,2,,,,,,,,,,,,,,,,,,,,,,,,,64.0,1.0,0.612265944480896,,
44-9WAY,NOTE,,,,,,,,,,4,64,14,0.21875,50.0,0.78125,0.78125,2,,,,,,,,,,,,,,,,,,,,,,,,,64.0,1.0,0.46526050567626953,,
44-9WAY,NOTE,,,,,,,,,,5,64,29,0.453125,35.0,0.546875,0.546875,2,,,,,,,,,,,,,,,,,,,,,,,,,64.0,1.0,0.5383358001708984,,
44-9WAY,NOTE,,,,,,,,,,6,29,9,0.3103448275862069,20.0,0.6896551724137931,0.6896551724137931,2,,,,,,,,,,,,,,,,,,,,,,,,,64.0,0.0,,,
44-9WAY,DELTA,,,,,,,,,,0,64,31,0.484375,33.0,0.515625,0.515625,2,,,,,,,,,,,,,,,,,,,,,,,,,,,,0.21000000834465027,9.0
44-9WAY,DELTA,,,,,,,,,,1,64,32,0.5,32.0,0.5,0.5,2,,,,,,,,,,,,,,,,,,,,,,,,,,,,0.04327547550201416,45.0
44-9WAY,DELTA,,,,,,,,,,2,64,53,0.828125,11.0,0.171875,0.828125,2,,,,,,,,,,,,,,,,,,,,,,,,,,,,0.09868191182613373,40.0
44-9WAY,DELTA,,,,,,,,,,3,64,14,0.21875,50.0,0.78125,0.78125,2,,,,,,,,,,,,,,,,,,,,,,,,,,,,0.1497107744216919,37.0
44-9WAY,DELTA,,,,,,,,,,4,64,14,0.21875,50.0,0.78125,0.78125,2,,,,,,,,,,,,,,,,,,,,,,,,,,,,0.21741537749767303,17.0
44-9WAY,DELTA,,,,,,,,,,5,64,29,0.453125,35.0,0.546875,0.546875,2,,,,,,,,,,,,,,,,,,,,,,,,,,,,0.1737942397594452,8.0
44-9WAY,DELTA,,,,,,,,,,6,29,9,0.3103448275862069,20.0,0.6896551724137931,0.6896551724137931,2,,,,,,,,,,,,,,,,,,,,,,,,,,,,0.18563008308410645,4.0
45-9WBS,EMATent,0.9479433298110962,0.9479433298110962,0.8098007440567017,1.0,0.21561700105667114,0.5,0.28438299894332886,0.0,0.0,0,64,32,0.5,32.0,0.5,0.5,2,,,,,,,,,,,,,,,,,,,,,,,,,,,,,
45-9WBS,EMATent,0.9477351307868958,0.9477351307868958,0.6963700652122498,1.0,0.2156794607639313,0.5,0.2843205392360687,0.0,0.0,1,64,41,0.640625,23.0,0.359375,0.640625,2,,,,,,,,,,,,,,,,,,,,,,,,,,,,,
45-9WBS,EMATent,0.9868682026863098,0.9868682026863098,0.6987615823745728,1.0,0.20393953919410707,0.5,0.29606046080589293,0.0,0.0,2,64,31,0.484375,33.0,0.515625,0.515625,2,,,,,,,,,,,,,,,,,,,,,,,,,,,,,
45-9WBS,EMATent,0.9831942915916443,0.9831942915916443,0.7029155492782593,1.0,0.20504171252250672,0.5,0.29495828747749325,0.0,0.0,3,64,36,0.5625,28.0,0.4375,0.5625,2,,,,,,,,,,,,,,,,,,,,,,,,,,,,,
45-9WBS,EMATent,0.9703275561332703,0.9703275561332703,0.663378119468689,1.0,0.20890173316001892,0.5,0.2910982668399811,0.0,0.0,4,64,20,0.3125,44.0,0.6875,0.6875,2,,,,,,,,,,,,,,,,,,,,,,,,,,,,,
45-9WBS,EMATent,0.9793416261672974,0.9793416261672974,0.6448131799697876,1.0,0.2061975121498108,0.5,0.2938024878501892,0.0,0.0,5,64,26,0.40625,38.0,0.59375,0.59375,2,,,,,,,,,,,,,,,,,,,,,,,,,,,,,
45-9WBS,EMATent,0.9612723588943481,0.9612723588943481,0.6821774244308472,1.0,0.21161829233169557,0.5,0.28838170766830445,0.0,0.0,6,29,7,0.2413793103448276,22.0,0.7586206896551724,0.7586206896551724,2,,,,,,,,,,,,,,,,,,,,,,,,,,,,,
45-9WBS,DynaMixEMATent,,,,,,,,,,0,64,32,0.5,32.0,0.5,0.5,2,0.34188324213027954,0.9479433298110962,0.9479433298110962,0.6060600876808167,0.4454893960237944,0.27012760503287675,0.28438299894332886,0.3774751083806138,60.668373107910156,0.19999999999999996,1.0,0.43699705600738525,0.2,0.0,1.0,29.0,0.453125,35.0,0.546875,0.546875,2.0,0.0,,,,,,,
45-9WBS,DynaMixEMATent,,,,,,,,,,1,64,41,0.640625,23.0,0.359375,0.640625,2,0.161732479929924,0.9967674016952515,0.9967674016952515,0.8350349068641663,0.26510060879981845,0.43586917069160613,0.2990302205085754,0.6218087903987,124.46148681640625,0.19999999999999996,1.0,0.551101565361023,0.2,0.0,1.0,42.0,0.65625,22.0,0.34375,0.65625,2.0,0.140625,,,,,,,
45-9WBS,DynaMixEMATent,,,,,,,,,,2,64,31,0.484375,33.0,0.515625,0.515625,2,0.191019669175148,0.995391309261322,0.995391309261322,0.8043716549873352,0.16125750863708296,0.5401250985845204,0.2986173927783966,0.7700862454005317,188.16653060913086,0.19999999999999996,1.0,0.5719297528266907,0.2,0.0,1.0,27.0,0.421875,37.0,0.578125,0.578125,2.0,0.015625,,,,,,,
45-9WBS,DynaMixEMATent,,,,,,,,,,3,64,36,0.5625,28.0,0.4375,0.5625,2,0.21491175889968872,0.9979315400123596,0.9979315400123596,0.7830197811126709,0.09780245068066903,0.6028180873156231,0.29937946200370785,0.8604059610350923,252.03414916992188,0.19999999999999996,1.0,0.5335434675216675,0.2,0.0,1.0,29.0,0.453125,35.0,0.546875,0.546875,2.0,0.0625,,,,,,,
45-9WBS,DynaMixEMATent,,,,,,,,,,4,64,20,0.3125,44.0,0.6875,0.6875,2,0.09729557484388351,0.9673037528991699,0.9673037528991699,0.8700082302093506,0.06108871033833098,0.6487201637919181,0.290191125869751,0.9139363953244669,313.94158935546875,0.19999999999999996,1.0,0.5985379219055176,0.2,0.0,1.0,34.0,0.53125,30.0,0.46875,0.53125,2.0,0.1875,,,,,,,
45-9WBS,DynaMixEMATent,,,,,,,,,,5,64,26,0.40625,38.0,0.59375,0.59375,2,0.09693793207406998,0.9903955459594727,0.9903955459594727,0.8934575915336609,0.036867176943177975,0.6660141592689802,0.2971186637878418,0.9475485049270821,377.326904296875,0.19999999999999996,1.0,0.6133794784545898,0.2,0.0,1.0,20.0,0.3125,44.0,0.6875,0.6875,2.0,0.09375,,,,,,,
45-9WBS,DynaMixEMATent,,,,,,,,,,6,29,7,0.2413793103448276,22.0,0.7586206896551724,0.7586206896551724,2,0.07437742501497269,0.9723424315452576,0.9723424315452576,0.8979650139808655,0.029805743422637816,0.6784915271137849,0.2917027294635773,0.9579191609759209,405.52483481168747,0.19999999999999996,1.0,0.6078963875770569,0.2,0.0,1.0,11.0,0.3793103448275862,18.0,0.6206896551724138,0.6206896551724138,2.0,0.2586206896551724,,,,,,,
45-9WBS,TEMA,,,,,,,,,,0,64,32,0.5,32.0,0.5,0.5,2,,,,,,,,,,,,,,,,,,,,,,,,,,,,,
45-9WBS,TEMA,,,,,,,,,,1,64,41,0.640625,23.0,0.359375,0.640625,2,,,,,,,,,,,,,,,,,,,,,,,,,,,,,
45-9WBS,TEMA,,,,,,,,,,2,64,31,0.484375,33.0,0.515625,0.515625,2,,,,,,,,,,,,,,,,,,,,,,,,,,,,,
45-9WBS,TEMA,,,,,,,,,,3,64,36,0.5625,28.0,0.4375,0.5625,2,,,,,,,,,,,,,,,,,,,,,,,,,,,,,
45-9WBS,TEMA,,,,,,,,,,4,64,20,0.3125,44.0,0.6875,0.6875,2,,,,,,,,,,,,,,,,,,,,,,,,,,,,,
45-9WBS,TEMA,,,,,,,,,,5,64,26,0.40625,38.0,0.59375,0.59375,2,,,,,,,,,,,,,,,,,,,,,,,,,,,,,
45-9WBS,TEMA,,,,,,,,,,6,29,7,0.2413793103448276,22.0,0.7586206896551724,0.7586206896551724,2,,,,,,,,,,,,,,,,,,,,,,,,,,,,,
45-9WBS,DUA,,,,,,,,,,0,64,32,0.5,32.0,0.5,0.5,2,,,,,,,,,,,,,,,,,,,,,,,0.099,,,,,,
45-9WBS,DUA,,,,,,,,,,1,64,41,0.640625,23.0,0.359375,0.640625,2,,,,,,,,,,,,,,,,,,,,,,,0.09336,,,,,,
45-9WBS,DUA,,,,,,,,,,2,64,31,0.484375,33.0,0.515625,0.515625,2,,,,,,,,,,,,,,,,,,,,,,,0.0880584,,,,,,
45-9WBS,DUA,,,,,,,,,,3,64,36,0.5625,28.0,0.4375,0.5625,2,,,,,,,,,,,,,,,,,,,,,,,0.083074896,,,,,,
45-9WBS,DUA,,,,,,,,,,4,64,20,0.3125,44.0,0.6875,0.6875,2,,,,,,,,,,,,,,,,,,,,,,,0.07839040223999999,,,,,,
45-9WBS,DUA,,,,,,,,,,5,64,26,0.40625,38.0,0.59375,0.59375,2,,,,,,,,,,,,,,,,,,,,,,,0.07398697810559998,,,,,,
45-9WBS,DUA,,,,,,,,,,6,29,7,0.2413793103448276,22.0,0.7586206896551724,0.7586206896551724,2,,,,,,,,,,,,,,,,,,,,,,,0.06984775941926398,,,,,,
45-9WBS,RoTTA,,,,,,,,,,0,64,32,0.5,32.0,0.5,0.5,2,,,,,,,,,,,,,,,,,,,,,,,,59.0,,,,,
45-9WBS,RoTTA,,,,,,,,,,1,64,41,0.640625,23.0,0.359375,0.640625,2,,,,,,,,,,,,,,,,,,,,,,,,64.0,,,,,
45-9WBS,RoTTA,,,,,,,,,,2,64,31,0.484375,33.0,0.515625,0.515625,2,,,,,,,,,,,,,,,,,,,,,,,,64.0,,,,,
45-9WBS,RoTTA,,,,,,,,,,3,64,36,0.5625,28.0,0.4375,0.5625,2,,,,,,,,,,,,,,,,,,,,,,,,64.0,,,,,
45-9WBS,RoTTA,,,,,,,,,,4,64,20,0.3125,44.0,0.6875,0.6875,2,,,,,,,,,,,,,,,,,,,,,,,,64.0,,,,,
45-9WBS,RoTTA,,,,,,,,,,5,64,26,0.40625,38.0,0.59375,0.59375,2,,,,,,,,,,,,,,,,,,,,,,,,64.0,,,,,
45-9WBS,RoTTA,,,,,,,,,,6,29,7,0.2413793103448276,22.0,0.7586206896551724,0.7586206896551724,2,,,,,,,,,,,,,,,,,,,,,,,,64.0,,,,,
45-9WBS,NOTE,,,,,,,,,,0,64,32,0.5,32.0,0.5,0.5,2,,,,,,,,,,,,,,,,,,,,,,,,,64.0,1.0,0.5320010185241699,,
45-9WBS,NOTE,,,,,,,,,,1,64,41,0.640625,23.0,0.359375,0.640625,2,,,,,,,,,,,,,,,,,,,,,,,,,64.0,1.0,0.5722969770431519,,
45-9WBS,NOTE,,,,,,,,,,2,64,31,0.484375,33.0,0.515625,0.515625,2,,,,,,,,,,,,,,,,,,,,,,,,,64.0,1.0,0.5729420185089111,,
45-9WBS,NOTE,,,,,,,,,,3,64,36,0.5625,28.0,0.4375,0.5625,2,,,,,,,,,,,,,,,,,,,,,,,,,64.0,1.0,0.5316247344017029,,
45-9WBS,NOTE,,,,,,,,,,4,64,20,0.3125,44.0,0.6875,0.6875,2,,,,,,,,,,,,,,,,,,,,,,,,,64.0,1.0,0.6117860078811646,,
45-9WBS,NOTE,,,,,,,,,,5,64,26,0.40625,38.0,0.59375,0.59375,2,,,,,,,,,,,,,,,,,,,,,,,,,64.0,1.0,0.6272319555282593,,
45-9WBS,NOTE,,,,,,,,,,6,29,7,0.2413793103448276,22.0,0.7586206896551724,0.7586206896551724,2,,,,,,,,,,,,,,,,,,,,,,,,,64.0,0.0,,,
45-9WBS,DELTA,,,,,,,,,,0,64,32,0.5,32.0,0.5,0.5,2,,,,,,,,,,,,,,,,,,,,,,,,,,,,0.17181171476840973,9.0
45-9WBS,DELTA,,,,,,,,,,1,64,41,0.640625,23.0,0.359375,0.640625,2,,,,,,,,,,,,,,,,,,,,,,,,,,,,0.10965170711278915,18.0
45-9WBS,DELTA,,,,,,,,,,2,64,31,0.484375,33.0,0.515625,0.515625,2,,,,,,,,,,,,,,,,,,,,,,,,,,,,0.12533077597618103,45.0
45-9WBS,DELTA,,,,,,,,,,3,64,36,0.5625,28.0,0.4375,0.5625,2,,,,,,,,,,,,,,,,,,,,,,,,,,,,0.1159985214471817,27.0
45-9WBS,DELTA,,,,,,,,,,4,64,20,0.3125,44.0,0.6875,0.6875,2,,,,,,,,,,,,,,,,,,,,,,,,,,,,0.12811659276485443,19.0
45-9WBS,DELTA,,,,,,,,,,5,64,26,0.40625,38.0,0.59375,0.59375,2,,,,,,,,,,,,,,,,,,,,,,,,,,,,0.18925414979457855,9.0
45-9WBS,DELTA,,,,,,,,,,6,29,7,0.2413793103448276,22.0,0.7586206896551724,0.7586206896551724,2,,,,,,,,,,,,,,,,,,,,,,,,,,,,0.12248776853084564,8.0
46-9WCE,EMATent,0.7997642159461975,0.7997642159461975,0.7585560083389282,1.0,0.26007073521614077,0.5,0.23992926478385923,0.0,0.0,0,64,31,0.484375,33.0,0.515625,0.515625,2,,,,,,,,,,,,,,,,,,,,,,,,,,,,,
46-9WCE,EMATent,0.779399573802948,0.779399573802948,0.8095006942749023,1.0,0.2661801278591156,0.5,0.2338198721408844,0.0,0.0,1,64,42,0.65625,22.0,0.34375,0.65625,2,,,,,,,,,,,,,,,,,,,,,,,,,,,,,
46-9WCE,EMATent,0.951347827911377,0.951347827911377,0.6923807859420776,1.0,0.21459565162658692,0.5,0.28540434837341305,0.0,0.0,2,64,31,0.484375,33.0,0.515625,0.515625,2,,,,,,,,,,,,,,,,,,,,,,,,,,,,,
46-9WCE,EMATent,0.988670825958252,0.988670825958252,0.7604379653930664,1.0,0.20339875221252443,0.5,0.2966012477874756,0.0,0.0,3,64,42,0.65625,22.0,0.34375,0.65625,2,,,,,,,,,,,,,,,,,,,,,,,,,,,,,
46-9WCE,EMATent,0.9924057722091675,0.9924057722091675,0.7294586300849915,1.0,0.20227826833724977,0.5,0.29772173166275023,0.0,0.0,4,64,41,0.640625,23.0,0.359375,0.640625,2,,,,,,,,,,,,,,,,,,,,,,,,,,,,,
46-9WCE,EMATent,0.6012821197509766,0.6012821197509766,0.9485259652137756,1.0,0.31961536407470703,0.5,0.18038463592529297,0.0,0.0,5,64,42,0.65625,22.0,0.34375,0.65625,2,,,,,,,,,,,,,,,,,,,,,,,,,,,,,
46-9WCE,EMATent,0.9134035706520081,0.9134035706520081,0.7617715001106262,1.0,0.2259789288043976,0.5,0.27402107119560243,0.0,0.0,6,29,7,0.2413793103448276,22.0,0.7586206896551724,0.7586206896551724,2,,,,,,,,,,,,,,,,,,,,,,,,,,,,,
46-9WCE,DynaMixEMATent,,,,,,,,,,0,64,31,0.484375,33.0,0.515625,0.515625,2,0.04214383289217949,0.7997642159461975,0.7997642159461975,0.7576203942298889,0.5095507186465921,0.2505200165695487,0.23992926478385923,0.3296009239170463,51.18490982055664,0.19999999999999996,1.0,0.5346937775611877,0.2,0.0,1.0,3.0,0.046875,61.0,0.953125,0.953125,2.0,0.015625,,,,,,,
46-9WCE,DynaMixEMATent,,,,,,,,,,1,64,42,0.65625,22.0,0.34375,0.65625,2,0.16331519186496735,0.8069630861282349,0.8069630861282349,0.6436478495597839,0.3394078261496534,0.41850324801187616,0.24208892583847044,0.552179882679327,102.83054733276367,0.19999999999999996,1.0,0.48426470160484314,0.2,0.0,1.0,6.0,0.09375,58.0,0.90625,0.90625,2.0,0.15625,,,,,,,
46-9WCE,DynaMixEMATent,,,,,,,,,,2,64,31,0.484375,33.0,0.515625,0.515625,2,0.08688778430223465,0.995496392250061,0.995496392250061,0.908608615398407,0.19092806712596494,0.5104230151990169,0.2986489176750183,0.7277710522766464,166.54231643676758,0.19999999999999996,1.0,0.6153832077980042,0.2,0.0,1.0,42.0,0.65625,22.0,0.34375,0.65625,2.0,0.015625,,,,,,,
46-9WCE,DynaMixEMATent,,,,,,,,,,3,64,42,0.65625,22.0,0.34375,0.65625,2,0.30286362767219543,0.9921208024024963,0.9921208024024963,0.6892571449279785,0.11642871497130489,0.5859350443079462,0.2976362407207489,0.8342330260735815,230.03804779052734,0.19999999999999996,1.0,0.5270148515701294,0.2,0.0,1.0,21.0,0.328125,43.0,0.671875,0.671875,2.0,0.15625,,,,,,,
46-9WCE,DynaMixEMATent,,,,,,,,,,4,64,41,0.640625,23.0,0.359375,0.640625,2,0.24465018510818481,0.8768489956855774,0.8768489956855774,0.6321988105773926,0.07880030955152215,0.6581449917428046,0.2630546987056732,0.8930716982479948,286.1563835144043,0.19999999999999996,1.0,0.539637565612793,0.2,0.0,1.0,22.0,0.34375,42.0,0.65625,0.65625,2.0,0.140625,,,,,,,
46-9WCE,DynaMixEMATent,,,,,,,,,,5,64,42,0.65625,22.0,0.34375,0.65625,2,0.2809155285358429,0.7363120913505554,0.7363120913505554,0.4553965628147125,0.05765026220074697,0.7214561103940864,0.22089362740516663,0.9260046327066466,333.28035736083984,0.19999999999999996,1.0,0.40547454357147217,0.2,0.0,1.0,54.0,0.84375,10.0,0.15625,0.84375,2.0,0.15625,,,,,,,
46-9WCE,DynaMixEMATent,,,,,,,,,,6,29,7,0.2413793103448276,22.0,0.7586206896551724,0.7586206896551724,2,0.13903911411762238,0.9780522584915161,0.9780522584915161,0.8390131592750549,0.04189220580627287,0.6646921166462724,0.29341567754745485,0.9407116681263666,361.6438728570938,0.19999999999999996,1.0,0.5022385120391846,0.2,0.0,1.0,6.0,0.20689655172413793,23.0,0.7931034482758621,0.7931034482758621,2.0,0.2586206896551724,,,,,,,
46-9WCE,TEMA,,,,,,,,,,0,64,31,0.484375,33.0,0.515625,0.515625,2,,,,,,,,,,,,,,,,,,,,,,,,,,,,,
46-9WCE,TEMA,,,,,,,,,,1,64,42,0.65625,22.0,0.34375,0.65625,2,,,,,,,,,,,,,,,,,,,,,,,,,,,,,
46-9WCE,TEMA,,,,,,,,,,2,64,31,0.484375,33.0,0.515625,0.515625,2,,,,,,,,,,,,,,,,,,,,,,,,,,,,,
46-9WCE,TEMA,,,,,,,,,,3,64,42,0.65625,22.0,0.34375,0.65625,2,,,,,,,,,,,,,,,,,,,,,,,,,,,,,
46-9WCE,TEMA,,,,,,,,,,4,64,41,0.640625,23.0,0.359375,0.640625,2,,,,,,,,,,,,,,,,,,,,,,,,,,,,,
46-9WCE,TEMA,,,,,,,,,,5,64,42,0.65625,22.0,0.34375,0.65625,2,,,,,,,,,,,,,,,,,,,,,,,,,,,,,
46-9WCE,TEMA,,,,,,,,,,6,29,7,0.2413793103448276,22.0,0.7586206896551724,0.7586206896551724,2,,,,,,,,,,,,,,,,,,,,,,,,,,,,,
46-9WCE,DUA,,,,,,,,,,0,64,31,0.484375,33.0,0.515625,0.515625,2,,,,,,,,,,,,,,,,,,,,,,,0.099,,,,,,
46-9WCE,DUA,,,,,,,,,,1,64,42,0.65625,22.0,0.34375,0.65625,2,,,,,,,,,,,,,,,,,,,,,,,0.09336,,,,,,
46-9WCE,DUA,,,,,,,,,,2,64,31,0.484375,33.0,0.515625,0.515625,2,,,,,,,,,,,,,,,,,,,,,,,0.0880584,,,,,,
46-9WCE,DUA,,,,,,,,,,3,64,42,0.65625,22.0,0.34375,0.65625,2,,,,,,,,,,,,,,,,,,,,,,,0.083074896,,,,,,
46-9WCE,DUA,,,,,,,,,,4,64,41,0.640625,23.0,0.359375,0.640625,2,,,,,,,,,,,,,,,,,,,,,,,0.07839040223999999,,,,,,
46-9WCE,DUA,,,,,,,,,,5,64,42,0.65625,22.0,0.34375,0.65625,2,,,,,,,,,,,,,,,,,,,,,,,0.07398697810559998,,,,,,
46-9WCE,DUA,,,,,,,,,,6,29,7,0.2413793103448276,22.0,0.7586206896551724,0.7586206896551724,2,,,,,,,,,,,,,,,,,,,,,,,0.06984775941926398,,,,,,
46-9WCE,RoTTA,,,,,,,,,,0,64,31,0.484375,33.0,0.515625,0.515625,2,,,,,,,,,,,,,,,,,,,,,,,,57.0,,,,,
46-9WCE,RoTTA,,,,,,,,,,1,64,42,0.65625,22.0,0.34375,0.65625,2,,,,,,,,,,,,,,,,,,,,,,,,64.0,,,,,
46-9WCE,RoTTA,,,,,,,,,,2,64,31,0.484375,33.0,0.515625,0.515625,2,,,,,,,,,,,,,,,,,,,,,,,,64.0,,,,,
46-9WCE,RoTTA,,,,,,,,,,3,64,42,0.65625,22.0,0.34375,0.65625,2,,,,,,,,,,,,,,,,,,,,,,,,64.0,,,,,
46-9WCE,RoTTA,,,,,,,,,,4,64,41,0.640625,23.0,0.359375,0.640625,2,,,,,,,,,,,,,,,,,,,,,,,,64.0,,,,,
46-9WCE,RoTTA,,,,,,,,,,5,64,42,0.65625,22.0,0.34375,0.65625,2,,,,,,,,,,,,,,,,,,,,,,,,64.0,,,,,
46-9WCE,RoTTA,,,,,,,,,,6,29,7,0.2413793103448276,22.0,0.7586206896551724,0.7586206896551724,2,,,,,,,,,,,,,,,,,,,,,,,,64.0,,,,,
46-9WCE,NOTE,,,,,,,,,,0,64,31,0.484375,33.0,0.515625,0.515625,2,,,,,,,,,,,,,,,,,,,,,,,,,64.0,1.0,0.6046032905578613,,
46-9WCE,NOTE,,,,,,,,,,1,64,42,0.65625,22.0,0.34375,0.65625,2,,,,,,,,,,,,,,,,,,,,,,,,,64.0,1.0,0.5956476926803589,,
46-9WCE,NOTE,,,,,,,,,,2,64,31,0.484375,33.0,0.515625,0.515625,2,,,,,,,,,,,,,,,,,,,,,,,,,64.0,1.0,0.4836357533931732,,
46-9WCE,NOTE,,,,,,,,,,3,64,42,0.65625,22.0,0.34375,0.65625,2,,,,,,,,,,,,,,,,,,,,,,,,,64.0,1.0,0.5918464064598083,,
46-9WCE,NOTE,,,,,,,,,,4,64,41,0.640625,23.0,0.359375,0.640625,2,,,,,,,,,,,,,,,,,,,,,,,,,64.0,1.0,0.6183642745018005,,
46-9WCE,NOTE,,,,,,,,,,5,64,42,0.65625,22.0,0.34375,0.65625,2,,,,,,,,,,,,,,,,,,,,,,,,,64.0,1.0,0.6144241094589233,,
46-9WCE,NOTE,,,,,,,,,,6,29,7,0.2413793103448276,22.0,0.7586206896551724,0.7586206896551724,2,,,,,,,,,,,,,,,,,,,,,,,,,64.0,0.0,,,
46-9WCE,DELTA,,,,,,,,,,0,64,31,0.484375,33.0,0.515625,0.515625,2,,,,,,,,,,,,,,,,,,,,,,,,,,,,0.26806366443634033,1.0
46-9WCE,DELTA,,,,,,,,,,1,64,42,0.65625,22.0,0.34375,0.65625,2,,,,,,,,,,,,,,,,,,,,,,,,,,,,0.11395823955535889,22.0
46-9WCE,DELTA,,,,,,,,,,2,64,31,0.484375,33.0,0.515625,0.515625,2,,,,,,,,,,,,,,,,,,,,,,,,,,,,0.19055993854999542,36.0
46-9WCE,DELTA,,,,,,,,,,3,64,42,0.65625,22.0,0.34375,0.65625,2,,,,,,,,,,,,,,,,,,,,,,,,,,,,0.0874297171831131,47.0
46-9WCE,DELTA,,,,,,,,,,4,64,41,0.640625,23.0,0.359375,0.640625,2,,,,,,,,,,,,,,,,,,,,,,,,,,,,0.23312567174434662,11.0
46-9WCE,DELTA,,,,,,,,,,5,64,42,0.65625,22.0,0.34375,0.65625,2,,,,,,,,,,,,,,,,,,,,,,,,,,,,0.06235651299357414,54.0
46-9WCE,DELTA,,,,,,,,,,6,29,7,0.2413793103448276,22.0,0.7586206896551724,0.7586206896551724,2,,,,,,,,,,,,,,,,,,,,,,,,,,,,0.13903290033340454,10.0
47-9WCU,EMATent,0.9780882000923157,0.9780882000923157,0.7709413766860962,1.0,0.20657353997230532,0.5,0.2934264600276947,0.0,0.0,0,64,32,0.5,32.0,0.5,0.5,2,,,,,,,,,,,,,,,,,,,,,,,,,,,,,
47-9WCU,EMATent,0.9901753067970276,0.9901753067970276,0.7863131761550903,1.0,0.20294740796089172,0.5,0.2970525920391083,0.0,0.0,1,64,43,0.671875,21.0,0.328125,0.671875,2,,,,,,,,,,,,,,,,,,,,,,,,,,,,,
47-9WCU,EMATent,0.9769641160964966,0.9769641160964966,0.7718077301979065,1.0,0.20691076517105103,0.5,0.29308923482894894,0.0,0.0,2,64,31,0.484375,33.0,0.515625,0.515625,2,,,,,,,,,,,,,,,,,,,,,,,,,,,,,
47-9WCU,EMATent,0.9671618342399597,0.9671618342399597,0.8543452024459839,1.0,0.2098514497280121,0.5,0.2901485502719879,0.0,0.0,3,64,22,0.34375,42.0,0.65625,0.65625,2,,,,,,,,,,,,,,,,,,,,,,,,,,,,,
47-9WCU,EMATent,0.9587717056274414,0.9587717056274414,0.7517251968383789,1.0,0.21236848831176758,0.5,0.2876315116882324,0.0,0.0,4,64,3,0.046875,61.0,0.953125,0.953125,2,,,,,,,,,,,,,,,,,,,,,,,,,,,,,
47-9WCU,EMATent,0.7978609800338745,0.7978609800338745,0.7829524278640747,1.0,0.26064170598983766,0.5,0.23935829401016234,0.0,0.0,5,64,21,0.328125,43.0,0.671875,0.671875,2,,,,,,,,,,,,,,,,,,,,,,,,,,,,,
47-9WCU,EMATent,0.9999126195907593,0.9999126195907593,0.6757571697235107,1.0,0.20002621412277222,0.5,0.2999737858772278,0.0,0.0,6,29,11,0.3793103448275862,18.0,0.6206896551724138,0.6206896551724138,2,,,,,,,,,,,,,,,,,,,,,,,,,,,,,
47-9WCU,DynaMixEMATent,,,,,,,,,,0,64,32,0.5,32.0,0.5,0.5,2,0.3120622932910919,0.9780882000923157,0.9780882000923157,0.6660258769989014,0.4332795740537881,0.27329396591851723,0.2934264600276947,0.3867877162923893,62.5976448059082,0.19999999999999996,1.0,0.5299932956695557,0.2,0.0,1.0,39.0,0.609375,25.0,0.390625,0.609375,2.0,0.0,,,,,,,
47-9WCU,DynaMixEMATent,,,,,,,,,,1,64,43,0.671875,21.0,0.328125,0.671875,2,0.3849462866783142,0.9758697748184204,0.9758697748184204,0.590923547744751,0.2662377655348227,0.44100130201965126,0.2927609324455261,0.6235533672433669,125.05331039428711,0.19999999999999996,1.0,0.5090581774711609,0.2,0.0,1.0,38.0,0.59375,26.0,0.40625,0.59375,2.0,0.171875,,,,,,,
47-9WCU,DynaMixEMATent,,,,,,,,,,2,64,31,0.484375,33.0,0.515625,0.515625,2,0.32021018862724304,0.95441734790802,0.95441734790802,0.6342071890830994,0.1667073248101534,0.5469674708174406,0.286325204372406,0.7664099589455815,186.1360206604004,0.19999999999999996,1.0,0.5785977244377136,0.2,0.0,1.0,40.0,0.625,24.0,0.375,0.625,2.0,0.015625,,,,,,,
47-9WCU,DynaMixEMATent,,,,,,,,,,3,64,22,0.34375,42.0,0.65625,0.65625,2,0.40668806433677673,0.9926321506500244,0.9926321506500244,0.5859441161155701,0.09985601247528908,0.6023543423297036,0.29778964519500734,0.857797579041654,249.66447830200195,0.19999999999999996,1.0,0.49924081563949585,0.2,0.0,1.0,37.0,0.578125,27.0,0.421875,0.578125,2.0,0.15625,,,,,,,
47-9WCU,DynaMixEMATent,,,,,,,,,,4,64,3,0.046875,61.0,0.953125,0.953125,2,0.28281956911087036,0.9635605812072754,0.9635605812072754,0.680741012096405,0.06244539611324631,0.6484864295245711,0.28906817436218263,0.9121640164902971,311.3323554992676,0.19999999999999996,1.0,0.5718585252761841,0.2,0.0,1.0,32.0,0.5,32.0,0.5,0.5,2.0,0.453125,,,,,,,
47-9WCU,DynaMixEMATent,,,,,,,,,,5,64,21,0.328125,43.0,0.671875,0.671875,2,0.1775444895029068,0.8102719187736511,0.8102719187736511,0.6327274441719055,0.044337707458878266,0.7125807169090265,0.24308157563209531,0.9414234004200595,363.18975830078125,0.19999999999999996,1.0,0.5523800849914551,0.2,0.0,1.0,14.0,0.21875,50.0,0.78125,0.78125,2.0,0.171875,,,,,,,
47-9WCU,DynaMixEMATent,,,,,,,,,,6,29,11,0.3793103448275862,18.0,0.6206896551724138,0.6206896551724138,2,0.13899259269237518,0.9845598936080933,0.9845598936080933,0.8455673456192017,0.03302257400598604,0.671609457911586,0.295367968082428,0.9531350087561035,391.74199521541595,0.19999999999999996,1.0,0.600007951259613,0.2,0.0,1.0,15.0,0.5172413793103449,14.0,0.4827586206896552,0.5172413793103449,2.0,0.12068965517241381,,,,,,,
47-9WCU,TEMA,,,,,,,,,,0,64,32,0.5,32.0,0.5,0.5,2,,,,,,,,,,,,,,,,,,,,,,,,,,,,,
47-9WCU,TEMA,,,,,,,,,,1,64,43,0.671875,21.0,0.328125,0.671875,2,,,,,,,,,,,,,,,,,,,,,,,,,,,,,
47-9WCU,TEMA,,,,,,,,,,2,64,31,0.484375,33.0,0.515625,0.515625,2,,,,,,,,,,,,,,,,,,,,,,,,,,,,,
47-9WCU,TEMA,,,,,,,,,,3,64,22,0.34375,42.0,0.65625,0.65625,2,,,,,,,,,,,,,,,,,,,,,,,,,,,,,
47-9WCU,TEMA,,,,,,,,,,4,64,3,0.046875,61.0,0.953125,0.953125,2,,,,,,,,,,,,,,,,,,,,,,,,,,,,,
47-9WCU,TEMA,,,,,,,,,,5,64,21,0.328125,43.0,0.671875,0.671875,2,,,,,,,,,,,,,,,,,,,,,,,,,,,,,
47-9WCU,TEMA,,,,,,,,,,6,29,11,0.3793103448275862,18.0,0.6206896551724138,0.6206896551724138,2,,,,,,,,,,,,,,,,,,,,,,,,,,,,,
47-9WCU,DUA,,,,,,,,,,0,64,32,0.5,32.0,0.5,0.5,2,,,,,,,,,,,,,,,,,,,,,,,0.099,,,,,,
47-9WCU,DUA,,,,,,,,,,1,64,43,0.671875,21.0,0.328125,0.671875,2,,,,,,,,,,,,,,,,,,,,,,,0.09336,,,,,,
47-9WCU,DUA,,,,,,,,,,2,64,31,0.484375,33.0,0.515625,0.515625,2,,,,,,,,,,,,,,,,,,,,,,,0.0880584,,,,,,
47-9WCU,DUA,,,,,,,,,,3,64,22,0.34375,42.0,0.65625,0.65625,2,,,,,,,,,,,,,,,,,,,,,,,0.083074896,,,,,,
47-9WCU,DUA,,,,,,,,,,4,64,3,0.046875,61.0,0.953125,0.953125,2,,,,,,,,,,,,,,,,,,,,,,,0.07839040223999999,,,,,,
47-9WCU,DUA,,,,,,,,,,5,64,21,0.328125,43.0,0.671875,0.671875,2,,,,,,,,,,,,,,,,,,,,,,,0.07398697810559998,,,,,,
47-9WCU,DUA,,,,,,,,,,6,29,11,0.3793103448275862,18.0,0.6206896551724138,0.6206896551724138,2,,,,,,,,,,,,,,,,,,,,,,,0.06984775941926398,,,,,,
47-9WCU,RoTTA,,,,,,,,,,0,64,32,0.5,32.0,0.5,0.5,2,,,,,,,,,,,,,,,,,,,,,,,,53.0,,,,,
47-9WCU,RoTTA,,,,,,,,,,1,64,43,0.671875,21.0,0.328125,0.671875,2,,,,,,,,,,,,,,,,,,,,,,,,64.0,,,,,
47-9WCU,RoTTA,,,,,,,,,,2,64,31,0.484375,33.0,0.515625,0.515625,2,,,,,,,,,,,,,,,,,,,,,,,,64.0,,,,,
47-9WCU,RoTTA,,,,,,,,,,3,64,22,0.34375,42.0,0.65625,0.65625,2,,,,,,,,,,,,,,,,,,,,,,,,64.0,,,,,
47-9WCU,RoTTA,,,,,,,,,,4,64,3,0.046875,61.0,0.953125,0.953125,2,,,,,,,,,,,,,,,,,,,,,,,,64.0,,,,,
47-9WCU,RoTTA,,,,,,,,,,5,64,21,0.328125,43.0,0.671875,0.671875,2,,,,,,,,,,,,,,,,,,,,,,,,64.0,,,,,
47-9WCU,RoTTA,,,,,,,,,,6,29,11,0.3793103448275862,18.0,0.6206896551724138,0.6206896551724138,2,,,,,,,,,,,,,,,,,,,,,,,,64.0,,,,,
47-9WCU,NOTE,,,,,,,,,,0,64,32,0.5,32.0,0.5,0.5,2,,,,,,,,,,,,,,,,,,,,,,,,,64.0,1.0,0.5912432670593262,,
47-9WCU,NOTE,,,,,,,,,,1,64,43,0.671875,21.0,0.328125,0.671875,2,,,,,,,,,,,,,,,,,,,,,,,,,64.0,1.0,0.5733017921447754,,
47-9WCU,NOTE,,,,,,,,,,2,64,31,0.484375,33.0,0.515625,0.515625,2,,,,,,,,,,,,,,,,,,,,,,,,,64.0,1.0,0.6128454208374023,,
47-9WCU,NOTE,,,,,,,,,,3,64,22,0.34375,42.0,0.65625,0.65625,2,,,,,,,,,,,,,,,,,,,,,,,,,64.0,1.0,0.5667208433151245,,
47-9WCU,NOTE,,,,,,,,,,4,64,3,0.046875,61.0,0.953125,0.953125,2,,,,,,,,,,,,,,,,,,,,,,,,,64.0,1.0,0.5396357178688049,,
47-9WCU,NOTE,,,,,,,,,,5,64,21,0.328125,43.0,0.671875,0.671875,2,,,,,,,,,,,,,,,,,,,,,,,,,64.0,1.0,0.5408746004104614,,
47-9WCU,NOTE,,,,,,,,,,6,29,11,0.3793103448275862,18.0,0.6206896551724138,0.6206896551724138,2,,,,,,,,,,,,,,,,,,,,,,,,,64.0,0.0,,,
47-9WCU,DELTA,,,,,,,,,,0,64,32,0.5,32.0,0.5,0.5,2,,,,,,,,,,,,,,,,,,,,,,,,,,,,0.1723986119031906,3.0
47-9WCU,DELTA,,,,,,,,,,1,64,43,0.671875,21.0,0.328125,0.671875,2,,,,,,,,,,,,,,,,,,,,,,,,,,,,0.24417108297348022,13.0
47-9WCU,DELTA,,,,,,,,,,2,64,31,0.484375,33.0,0.515625,0.515625,2,,,,,,,,,,,,,,,,,,,,,,,,,,,,0.2212851643562317,17.0
47-9WCU,DELTA,,,,,,,,,,3,64,22,0.34375,42.0,0.65625,0.65625,2,,,,,,,,,,,,,,,,,,,,,,,,,,,,0.10655177384614944,31.0
47-9WCU,DELTA,,,,,,,,,,4,64,3,0.046875,61.0,0.953125,0.953125,2,,,,,,,,,,,,,,,,,,,,,,,,,,,,0.22332224249839783,16.0
47-9WCU,DELTA,,,,,,,,,,5,64,21,0.328125,43.0,0.671875,0.671875,2,,,,,,,,,,,,,,,,,,,,,,,,,,,,0.14255256950855255,2.0
47-9WCU,DELTA,,,,,,,,,,6,29,11,0.3793103448275862,18.0,0.6206896551724138,0.6206896551724138,2,,,,,,,,,,,,,,,,,,,,,,,,,,,,,0.0
48-9WDR,EMATent,0.9022273421287537,0.9022273421287537,0.8412415981292725,1.0,0.2293317973613739,0.5,0.27066820263862607,0.0,0.0,0,64,33,0.515625,31.0,0.484375,0.515625,2,,,,,,,,,,,,,,,,,,,,,,,,,,,,,
48-9WDR,EMATent,0.9999765157699585,0.9999765157699585,0.6641846895217896,1.0,0.20000704526901247,0.5,0.2999929547309875,0.0,0.0,1,64,33,0.515625,31.0,0.484375,0.515625,2,,,,,,,,,,,,,,,,,,,,,,,,,,,,,
48-9WDR,EMATent,0.9998860359191895,0.9998860359191895,0.6841445565223694,1.0,0.20003418922424318,0.5,0.29996581077575685,0.0,0.0,2,64,37,0.578125,27.0,0.421875,0.578125,2,,,,,,,,,,,,,,,,,,,,,,,,,,,,,
48-9WDR,EMATent,0.9323915839195251,0.9323915839195251,0.8223248720169067,1.0,0.22028252482414246,0.5,0.27971747517585754,0.0,0.0,3,64,38,0.59375,26.0,0.40625,0.59375,2,,,,,,,,,,,,,,,,,,,,,,,,,,,,,
48-9WDR,EMATent,0.9993034601211548,0.9993034601211548,0.7148641347885132,1.0,0.20020896196365356,0.5,0.29979103803634644,0.0,0.0,4,64,37,0.578125,27.0,0.421875,0.578125,2,,,,,,,,,,,,,,,,,,,,,,,,,,,,,
48-9WDR,EMATent,0.9547902345657349,0.9547902345657349,0.7326064705848694,1.0,0.21356292963027956,0.5,0.28643707036972044,0.0,0.0,5,64,38,0.59375,26.0,0.40625,0.59375,2,,,,,,,,,,,,,,,,,,,,,,,,,,,,,
48-9WDR,EMATent,0.9984002113342285,0.9984002113342285,0.6776064038276672,1.0,0.20047993659973146,0.5,0.29952006340026854,0.0,0.0,6,29,11,0.3793103448275862,18.0,0.6206896551724138,0.6206896551724138,2,,,,,,,,,,,,,,,,,,,,,,,,,,,,,
48-9WDR,DynaMixEMATent,,,,,,,,,,0,64,33,0.515625,31.0,0.484375,0.515625,2,0.3780919909477234,0.9022273421287537,0.9022273421287537,0.5241353511810303,0.46452486979082225,0.26480692757055174,0.27066820263862607,0.36308156113388745,57.742549896240234,0.19999999999999996,1.0,0.36481016874313354,0.2,0.0,1.0,43.0,0.671875,21.0,0.328125,0.671875,2.0,0.015625,,,,,,,
48-9WDR,DynaMixEMATent,,,,,,,,,,1,64,33,0.515625,31.0,0.484375,0.515625,2,0.11736655235290527,0.9987995624542236,0.9987995624542236,0.8814330101013184,0.27071895699147985,0.429641174272253,0.2996398687362671,0.6134574986400305,121.66572189331055,0.19999999999999996,1.0,0.6554932594299316,0.2,0.0,1.0,42.0,0.65625,22.0,0.34375,0.65625,2.0,0.015625,,,,,,,
48-9WDR,DynaMixEMATent,,,,,,,,,,2,64,37,0.578125,27.0,0.421875,0.578125,2,0.1252547949552536,0.9751383662223816,0.9751383662223816,0.8498835563659668,0.16793824477559202,0.5395202453576935,0.29254150986671446,0.7626175286355636,184.07457733154297,0.19999999999999996,1.0,0.6128407716751099,0.2,0.0,1.0,37.0,0.578125,27.0,0.421875,0.578125,2.0,0.078125,,,,,,,
48-9WDR,DynaMixEMATent,,,,,,,,,,3,64,38,0.59375,26.0,0.40625,0.59375,2,0.39519330859184265,0.9883877038955688,0.9883877038955688,0.5931944251060486,0.10187720374648117,0.6016064850848483,0.29651631116867067,0.8551818537317818,247.33139038085938,0.19999999999999996,1.0,0.5128165483474731,0.2,0.0,1.0,27.0,0.421875,37.0,0.578125,0.578125,2.0,0.09375,,,,,,,
48-9WDR,DynaMixEMATent,,,,,,,,,,4,64,37,0.578125,27.0,0.421875,0.578125,2,0.2016642689704895,0.9980365037918091,0.9980365037918091,0.7963721752166748,0.061597836015919574,0.6389912128465377,0.29941095113754274,0.9120770784014742,311.20572662353516,0.19999999999999996,1.0,0.5344528555870056,0.2,0.0,1.0,35.0,0.546875,29.0,0.453125,0.546875,2.0,0.078125,,,,,,,
48-9WDR,DynaMixEMATent,,,,,,,,,,5,64,38,0.59375,26.0,0.40625,0.59375,2,0.1818961650133133,0.9933497905731201,0.9933497905731201,0.811453640460968,0.037560641609893426,0.6644344212181705,0.29800493717193605,0.9464944362164368,374.78011322021484,0.19999999999999996,1.0,0.5843536853790283,0.2,0.0,1.0,25.0,0.390625,39.0,0.609375,0.609375,2.0,0.09375,,,,,,,
48-9WDR,DynaMixEMATent,,,,,,,,,,6,29,11,0.3793103448275862,18.0,0.6206896551724138,0.6206896551724138,2,0.14778056740760803,0.9909184575080872,0.9909184575080872,0.8431379199028015,0.030038811810513162,0.6726856509370608,0.2972755372524261,0.9572537838044448,403.51674848794937,0.19999999999999996,1.0,0.6480136513710022,0.2,0.0,1.0,12.0,0.41379310344827586,17.0,0.5862068965517241,0.5862068965517241,2.0,0.12068965517241381,,,,,,,
48-9WDR,TEMA,,,,,,,,,,0,64,33,0.515625,31.0,0.484375,0.515625,2,,,,,,,,,,,,,,,,,,,,,,,,,,,,,
48-9WDR,TEMA,,,,,,,,,,1,64,33,0.515625,31.0,0.484375,0.515625,2,,,,,,,,,,,,,,,,,,,,,,,,,,,,,
48-9WDR,TEMA,,,,,,,,,,2,64,37,0.578125,27.0,0.421875,0.578125,2,,,,,,,,,,,,,,,,,,,,,,,,,,,,,
48-9WDR,TEMA,,,,,,,,,,3,64,38,0.59375,26.0,0.40625,0.59375,2,,,,,,,,,,,,,,,,,,,,,,,,,,,,,
48-9WDR,TEMA,,,,,,,,,,4,64,37,0.578125,27.0,0.421875,0.578125,2,,,,,,,,,,,,,,,,,,,,,,,,,,,,,
48-9WDR,TEMA,,,,,,,,,,5,64,38,0.59375,26.0,0.40625,0.59375,2,,,,,,,,,,,,,,,,,,,,,,,,,,,,,
48-9WDR,TEMA,,,,,,,,,,6,29,11,0.3793103448275862,18.0,0.6206896551724138,0.6206896551724138,2,,,,,,,,,,,,,,,,,,,,,,,,,,,,,
48-9WDR,DUA,,,,,,,,,,0,64,33,0.515625,31.0,0.484375,0.515625,2,,,,,,,,,,,,,,,,,,,,,,,0.099,,,,,,
48-9WDR,DUA,,,,,,,,,,1,64,33,0.515625,31.0,0.484375,0.515625,2,,,,,,,,,,,,,,,,,,,,,,,0.09336,,,,,,
48-9WDR,DUA,,,,,,,,,,2,64,37,0.578125,27.0,0.421875,0.578125,2,,,,,,,,,,,,,,,,,,,,,,,0.0880584,,,,,,
48-9WDR,DUA,,,,,,,,,,3,64,38,0.59375,26.0,0.40625,0.59375,2,,,,,,,,,,,,,,,,,,,,,,,0.083074896,,,,,,
48-9WDR,DUA,,,,,,,,,,4,64,37,0.578125,27.0,0.421875,0.578125,2,,,,,,,,,,,,,,,,,,,,,,,0.07839040223999999,,,,,,
48-9WDR,DUA,,,,,,,,,,5,64,38,0.59375,26.0,0.40625,0.59375,2,,,,,,,,,,,,,,,,,,,,,,,0.07398697810559998,,,,,,
48-9WDR,DUA,,,,,,,,,,6,29,11,0.3793103448275862,18.0,0.6206896551724138,0.6206896551724138,2,,,,,,,,,,,,,,,,,,,,,,,0.06984775941926398,,,,,,
48-9WDR,RoTTA,,,,,,,,,,0,64,33,0.515625,31.0,0.484375,0.515625,2,,,,,,,,,,,,,,,,,,,,,,,,57.0,,,,,
48-9WDR,RoTTA,,,,,,,,,,1,64,33,0.515625,31.0,0.484375,0.515625,2,,,,,,,,,,,,,,,,,,,,,,,,64.0,,,,,
48-9WDR,RoTTA,,,,,,,,,,2,64,37,0.578125,27.0,0.421875,0.578125,2,,,,,,,,,,,,,,,,,,,,,,,,64.0,,,,,
48-9WDR,RoTTA,,,,,,,,,,3,64,38,0.59375,26.0,0.40625,0.59375,2,,,,,,,,,,,,,,,,,,,,,,,,64.0,,,,,
48-9WDR,RoTTA,,,,,,,,,,4,64,37,0.578125,27.0,0.421875,0.578125,2,,,,,,,,,,,,,,,,,,,,,,,,64.0,,,,,
48-9WDR,RoTTA,,,,,,,,,,5,64,38,0.59375,26.0,0.40625,0.59375,2,,,,,,,,,,,,,,,,,,,,,,,,64.0,,,,,
48-9WDR,RoTTA,,,,,,,,,,6,29,11,0.3793103448275862,18.0,0.6206896551724138,0.6206896551724138,2,,,,,,,,,,,,,,,,,,,,,,,,64.0,,,,,
48-9WDR,NOTE,,,,,,,,,,0,64,33,0.515625,31.0,0.484375,0.515625,2,,,,,,,,,,,,,,,,,,,,,,,,,64.0,1.0,0.5116702318191528,,
48-9WDR,NOTE,,,,,,,,,,1,64,33,0.515625,31.0,0.484375,0.515625,2,,,,,,,,,,,,,,,,,,,,,,,,,64.0,1.0,0.6145824790000916,,
48-9WDR,NOTE,,,,,,,,,,2,64,37,0.578125,27.0,0.421875,0.578125,2,,,,,,,,,,,,,,,,,,,,,,,,,64.0,1.0,0.6058886051177979,,
48-9WDR,NOTE,,,,,,,,,,3,64,38,0.59375,26.0,0.40625,0.59375,2,,,,,,,,,,,,,,,,,,,,,,,,,64.0,1.0,0.6222524046897888,,
48-9WDR,NOTE,,,,,,,,,,4,64,37,0.578125,27.0,0.421875,0.578125,2,,,,,,,,,,,,,,,,,,,,,,,,,64.0,1.0,0.5406284928321838,,
48-9WDR,NOTE,,,,,,,,,,5,64,38,0.59375,26.0,0.40625,0.59375,2,,,,,,,,,,,,,,,,,,,,,,,,,64.0,1.0,0.5982471108436584,,
48-9WDR,NOTE,,,,,,,,,,6,29,11,0.3793103448275862,18.0,0.6206896551724138,0.6206896551724138,2,,,,,,,,,,,,,,,,,,,,,,,,,64.0,0.0,,,
48-9WDR,DELTA,,,,,,,,,,0,64,33,0.515625,31.0,0.484375,0.515625,2,,,,,,,,,,,,,,,,,,,,,,,,,,,,0.1783527433872223,12.0
48-9WDR,DELTA,,,,,,,,,,1,64,33,0.515625,31.0,0.484375,0.515625,2,,,,,,,,,,,,,,,,,,,,,,,,,,,,0.12864267826080322,22.0
48-9WDR,DELTA,,,,,,,,,,2,64,37,0.578125,27.0,0.421875,0.578125,2,,,,,,,,,,,,,,,,,,,,,,,,,,,,0.12226464599370956,31.0
48-9WDR,DELTA,,,,,,,,,,3,64,38,0.59375,26.0,0.40625,0.59375,2,,,,,,,,,,,,,,,,,,,,,,,,,,,,0.1366523951292038,35.0
48-9WDR,DELTA,,,,,,,,,,4,64,37,0.578125,27.0,0.421875,0.578125,2,,,,,,,,,,,,,,,,,,,,,,,,,,,,0.10046933591365814,24.0
48-9WDR,DELTA,,,,,,,,,,5,64,38,0.59375,26.0,0.40625,0.59375,2,,,,,,,,,,,,,,,,,,,,,,,,,,,,0.1150442585349083,43.0
48-9WDR,DELTA,,,,,,,,,,6,29,11,0.3793103448275862,18.0,0.6206896551724138,0.6206896551724138,2,,,,,,,,,,,,,,,,,,,,,,,,,,,,0.27438175678253174,2.0
49-9WEW,EMATent,0.9748043417930603,0.9748043417930603,0.8159584999084473,1.0,0.20755869746208191,0.5,0.29244130253791806,0.0,0.0,0,64,31,0.484375,33.0,0.515625,0.515625,2,,,,,,,,,,,,,,,,,,,,,,,,,,,,,
49-9WEW,EMATent,0.8756266236305237,0.8756266236305237,0.8043043613433838,1.0,0.23731201291084292,0.5,0.2626879870891571,0.0,0.0,1,64,64,1.0,,,1.0,1,,,,,,,,,,,,,,,,,,,,,,,,,,,,,
49-9WEW,EMATent,0.9056140184402466,0.9056140184402466,0.7166687250137329,1.0,0.22831579446792605,0.5,0.27168420553207395,0.0,0.0,2,64,41,0.640625,23.0,0.359375,0.640625,2,,,,,,,,,,,,,,,,,,,,,,,,,,,,,
49-9WEW,EMATent,0.9965043067932129,0.9965043067932129,0.7145377993583679,1.0,0.20104870796203614,0.5,0.29895129203796383,0.0,0.0,3,64,42,0.65625,22.0,0.34375,0.65625,2,,,,,,,,,,,,,,,,,,,,,,,,,,,,,
49-9WEW,EMATent,0.8898753523826599,0.8898753523826599,0.769233226776123,1.0,0.23303739428520204,0.5,0.26696260571479796,0.0,0.0,4,64,9,0.140625,55.0,0.859375,0.859375,2,,,,,,,,,,,,,,,,,,,,,,,,,,,,,
49-9WEW,EMATent,0.7877365946769714,0.7877365946769714,0.8228661417961121,1.0,0.2636790215969086,0.5,0.2363209784030914,0.0,0.0,5,64,38,0.59375,26.0,0.40625,0.59375,2,,,,,,,,,,,,,,,,,,,,,,,,,,,,,
49-9WEW,EMATent,0.9903744459152222,0.9903744459152222,0.6664623618125916,1.0,0.20288766622543336,0.5,0.29711233377456664,0.0,0.0,6,29,11,0.3793103448275862,18.0,0.6206896551724138,0.6206896551724138,2,,,,,,,,,,,,,,,,,,,,,,,,,,,,,
49-9WEW,DynaMixEMATent,,,,,,,,,,0,64,31,0.484375,33.0,0.515625,0.515625,2,0.4288719892501831,0.9748043417930603,0.9748043417930603,0.545932412147522,0.43459667617794967,0.27296202128413233,0.29244130253791806,0.38578003812716943,62.38747787475586,0.19999999999999996,1.0,0.5146322846412659,0.2,0.0,1.0,27.0,0.421875,37.0,0.578125,0.578125,2.0,0.015625,,,,,,,
49-9WEW,DynaMixEMATent,,,,,,,,,,1,64,64,1.0,,,1.0,1,0.41967540979385376,0.9929342865943909,0.9929342865943909,0.5732588768005371,0.2624956756252576,0.4396240383964252,0.2978802859783172,0.6261382918281778,125.93527221679688,0.19999999999999996,1.0,0.5256295204162598,0.2,0.0,1.0,27.0,0.421875,37.0,0.578125,0.578125,2.0,0.0,,,,,,,
49-9WEW,DynaMixEMATent,,,,,,,,,,2,64,41,0.640625,23.0,0.359375,0.640625,2,0.18065659701824188,0.9891259074211121,0.9891259074211121,0.808469295501709,0.16034016133740236,0.5429220664362641,0.29673777222633363,0.7720051568175431,189.23933029174805,0.19999999999999996,1.0,0.5677869915962219,0.2,0.0,1.0,24.0,0.375,40.0,0.625,0.625,2.0,0.140625,,,,,,,
49-9WEW,DynaMixEMATent,,,,,,,,,,3,64,42,0.65625,22.0,0.34375,0.65625,2,0.1968223601579666,0.9966338872909546,0.9966338872909546,0.7998114824295044,0.09710304203069368,0.60390679178202,0.29899016618728635,0.8614811984839625,253.02389907836914,0.19999999999999996,1.0,0.5410061478614807,0.2,0.0,1.0,33.0,0.515625,31.0,0.484375,0.515625,2.0,0.15625,,,,,,,
49-9WEW,DynaMixEMATent,,,,,,,,,,4,64,9,0.140625,55.0,0.859375,0.859375,2,0.26667436957359314,0.9723591804504395,0.9723591804504395,0.7056848406791687,0.060335942251186485,0.6479563036136817,0.29170775413513184,0.9148149050008128,315.25488662719727,0.19999999999999996,1.0,0.5138975381851196,0.2,0.0,1.0,35.0,0.546875,29.0,0.453125,0.546875,2.0,0.359375,,,,,,,
49-9WEW,DynaMixEMATent,,,,,,,,,,5,64,38,0.59375,26.0,0.40625,0.59375,2,0.12640923261642456,0.7386342883110046,0.7386342883110046,0.6122250556945801,0.04583312411547074,0.7325765893912279,0.2215902864933014,0.9411195372819865,362.52748107910156,0.19999999999999996,1.0,0.5714280605316162,0.2,0.0,1.0,29.0,0.453125,35.0,0.546875,0.546875,2.0,0.09375,,,,,,,
49-9WEW,DynaMixEMATent,,,,,,,,,,6,29,11,0.3793103448275862,18.0,0.6206896551724138,0.6206896551724138,2,0.07904967665672302,0.8349229693412781,0.8349229693412781,0.7558733224868774,0.036526169223316196,0.7129969399743005,0.2504768908023834,0.9512674542317736,386.7402471899986,0.19999999999999996,1.0,0.6060688495635986,0.2,0.0,1.0,26.0,0.896551724137931,3.0,0.10344827586206896,0.896551724137931,2.0,0.12068965517241381,,,,,,,
49-9WEW,TEMA,,,,,,,,,,0,64,31,0.484375,33.0,0.515625,0.515625,2,,,,,,,,,,,,,,,,,,,,,,,,,,,,,
49-9WEW,TEMA,,,,,,,,,,1,64,64,1.0,0.0,0.0,1.0,1,,,,,,,,,,,,,,,,,,,,,,,,,,,,,
49-9WEW,TEMA,,,,,,,,,,2,64,41,0.640625,23.0,0.359375,0.640625,2,,,,,,,,,,,,,,,,,,,,,,,,,,,,,
49-9WEW,TEMA,,,,,,,,,,3,64,42,0.65625,22.0,0.34375,0.65625,2,,,,,,,,,,,,,,,,,,,,,,,,,,,,,
49-9WEW,TEMA,,,,,,,,,,4,64,9,0.140625,55.0,0.859375,0.859375,2,,,,,,,,,,,,,,,,,,,,,,,,,,,,,
49-9WEW,TEMA,,,,,,,,,,5,64,38,0.59375,26.0,0.40625,0.59375,2,,,,,,,,,,,,,,,,,,,,,,,,,,,,,
49-9WEW,TEMA,,,,,,,,,,6,29,11,0.3793103448275862,18.0,0.6206896551724138,0.6206896551724138,2,,,,,,,,,,,,,,,,,,,,,,,,,,,,,
49-9WEW,DUA,,,,,,,,,,0,64,31,0.484375,33.0,0.515625,0.515625,2,,,,,,,,,,,,,,,,,,,,,,,0.099,,,,,,
49-9WEW,DUA,,,,,,,,,,1,64,64,1.0,0.0,0.0,1.0,1,,,,,,,,,,,,,,,,,,,,,,,0.09336,,,,,,
49-9WEW,DUA,,,,,,,,,,2,64,41,0.640625,23.0,0.359375,0.640625,2,,,,,,,,,,,,,,,,,,,,,,,0.0880584,,,,,,
49-9WEW,DUA,,,,,,,,,,3,64,42,0.65625,22.0,0.34375,0.65625,2,,,,,,,,,,,,,,,,,,,,,,,0.083074896,,,,,,
49-9WEW,DUA,,,,,,,,,,4,64,9,0.140625,55.0,0.859375,0.859375,2,,,,,,,,,,,,,,,,,,,,,,,0.07839040223999999,,,,,,
49-9WEW,DUA,,,,,,,,,,5,64,38,0.59375,26.0,0.40625,0.59375,2,,,,,,,,,,,,,,,,,,,,,,,0.07398697810559998,,,,,,
49-9WEW,DUA,,,,,,,,,,6,29,11,0.3793103448275862,18.0,0.6206896551724138,0.6206896551724138,2,,,,,,,,,,,,,,,,,,,,,,,0.06984775941926398,,,,,,
49-9WEW,RoTTA,,,,,,,,,,0,64,31,0.484375,33.0,0.515625,0.515625,2,,,,,,,,,,,,,,,,,,,,,,,,63.0,,,,,
49-9WEW,RoTTA,,,,,,,,,,1,64,64,1.0,0.0,0.0,1.0,1,,,,,,,,,,,,,,,,,,,,,,,,64.0,,,,,
49-9WEW,RoTTA,,,,,,,,,,2,64,41,0.640625,23.0,0.359375,0.640625,2,,,,,,,,,,,,,,,,,,,,,,,,64.0,,,,,
49-9WEW,RoTTA,,,,,,,,,,3,64,42,0.65625,22.0,0.34375,0.65625,2,,,,,,,,,,,,,,,,,,,,,,,,64.0,,,,,
49-9WEW,RoTTA,,,,,,,,,,4,64,9,0.140625,55.0,0.859375,0.859375,2,,,,,,,,,,,,,,,,,,,,,,,,64.0,,,,,
49-9WEW,RoTTA,,,,,,,,,,5,64,38,0.59375,26.0,0.40625,0.59375,2,,,,,,,,,,,,,,,,,,,,,,,,64.0,,,,,
49-9WEW,RoTTA,,,,,,,,,,6,29,11,0.3793103448275862,18.0,0.6206896551724138,0.6206896551724138,2,,,,,,,,,,,,,,,,,,,,,,,,64.0,,,,,
49-9WEW,NOTE,,,,,,,,,,0,64,31,0.484375,33.0,0.515625,0.515625,2,,,,,,,,,,,,,,,,,,,,,,,,,64.0,1.0,0.5377867221832275,,
49-9WEW,NOTE,,,,,,,,,,1,64,64,1.0,0.0,0.0,1.0,1,,,,,,,,,,,,,,,,,,,,,,,,,64.0,1.0,0.6129202246665955,,
49-9WEW,NOTE,,,,,,,,,,2,64,41,0.640625,23.0,0.359375,0.640625,2,,,,,,,,,,,,,,,,,,,,,,,,,64.0,1.0,0.6095287799835205,,
49-9WEW,NOTE,,,,,,,,,,3,64,42,0.65625,22.0,0.34375,0.65625,2,,,,,,,,,,,,,,,,,,,,,,,,,64.0,1.0,0.5869365930557251,,
49-9WEW,NOTE,,,,,,,,,,4,64,9,0.140625,55.0,0.859375,0.859375,2,,,,,,,,,,,,,,,,,,,,,,,,,64.0,1.0,0.6016377806663513,,
49-9WEW,NOTE,,,,,,,,,,5,64,38,0.59375,26.0,0.40625,0.59375,2,,,,,,,,,,,,,,,,,,,,,,,,,64.0,1.0,0.618047833442688,,
49-9WEW,NOTE,,,,,,,,,,6,29,11,0.3793103448275862,18.0,0.6206896551724138,0.6206896551724138,2,,,,,,,,,,,,,,,,,,,,,,,,,64.0,0.0,,,
49-9WEW,DELTA,,,,,,,,,,0,64,31,0.484375,33.0,0.515625,0.515625,2,,,,,,,,,,,,,,,,,,,,,,,,,,,,0.2788865566253662,15.0
49-9WEW,DELTA,,,,,,,,,,1,64,64,1.0,0.0,0.0,1.0,1,,,,,,,,,,,,,,,,,,,,,,,,,,,,0.02260182797908783,60.0
49-9WEW,DELTA,,,,,,,,,,2,64,41,0.640625,23.0,0.359375,0.640625,2,,,,,,,,,,,,,,,,,,,,,,,,,,,,0.08989972621202469,52.0
49-9WEW,DELTA,,,,,,,,,,3,64,42,0.65625,22.0,0.34375,0.65625,2,,,,,,,,,,,,,,,,,,,,,,,,,,,,0.16163313388824463,14.0
49-9WEW,DELTA,,,,,,,,,,4,64,9,0.140625,55.0,0.859375,0.859375,2,,,,,,,,,,,,,,,,,,,,,,,,,,,,0.20692887902259827,17.0
49-9WEW,DELTA,,,,,,,,,,5,64,38,0.59375,26.0,0.40625,0.59375,2,,,,,,,,,,,,,,,,,,,,,,,,,,,,0.11509592831134796,46.0
49-9WEW,DELTA,,,,,,,,,,6,29,11,0.3793103448275862,18.0,0.6206896551724138,0.6206896551724138,2,,,,,,,,,,,,,,,,,,,,,,,,,,,,0.1881733387708664,14.0
