Subject,Method,batch_size,g_mi,effective_mi_gate,diversity_norm,sample_entropy_norm,w_source,w_ema,w_batch,rho,n_eff,alpha,entropy_updated,loss_entropy,gate_threshold,gate_aware_ema,dynamic_mixture_weights,pred_class_0_count,pred_class_0_ratio,pred_class_1_count,pred_class_1_ratio,pred_max_class_ratio,pred_num_present_classes,batch_index,true_class_0_count,true_class_0_ratio,true_class_1_count,true_class_1_ratio,true_max_class_ratio,true_num_present_classes,true_imbalance,dua_momentum,rotta_memory_occupancy,note_memory_occupancy,note_updated,note_loss,delta_loss,delta_used_samples
S1,DynaMixEMATent,64,0.18731997907161713,0.5035423040390015,0.5035423040390015,0.31622231006622314,0.6599830747191311,0.18895423406916842,0.15106269121170043,0.22257737068814365,32.226707458496094,0.19999999999999996,1.0,0.5053263902664185,0.2,0.0,1.0,57.0,0.890625,7.0,0.109375,0.890625,2.0,0,24,0.375,40.0,0.625,0.625,2,0.125,,,,,,,
S1,DynaMixEMATent,64,0.11099844425916672,0.45572394132614136,0.45572394132614136,0.34472548961639404,0.5343810863040798,0.32890173129807787,0.1367171823978424,0.3809895489541084,61.39303970336914,0.19999999999999996,1.0,0.5673770904541016,0.2,0.0,1.0,54.0,0.84375,10.0,0.15625,0.84375,2.0,1,40,0.625,24.0,0.375,0.625,2,0.125,,,,,,,
S1,DynaMixEMATent,64,0.11198228597640991,0.3236618936061859,0.3236618936061859,0.2116795927286148,0.4753965613541117,0.4275048705640325,0.09709856808185577,0.4734790038551955,82.10740089416504,0.19999999999999996,1.0,0.4525928497314453,0.2,0.0,1.0,58.0,0.90625,6.0,0.09375,0.90625,2.0,2,19,0.296875,45.0,0.703125,0.703125,2,0.203125,,,,,,,
S1,DynaMixEMATent,64,0.07883089035749435,0.32766035199165344,0.32766035199165344,0.24882946908473969,0.4030214256610243,0.49868046874147964,0.09829810559749604,0.5530436076902345,103.07766342163086,0.19999999999999996,1.0,0.5557980537414551,0.2,0.0,1.0,45.0,0.703125,19.0,0.296875,0.703125,2.0,3,44,0.6875,20.0,0.3125,0.6875,2,0.1875,,,,,,,
S1,DynaMixEMATent,10,0.07961352169513702,0.47036266326904297,0.47036266326904297,0.39074912667274475,0.3700362329345917,0.48885496808469536,0.14110879898071288,0.5691698407255167,107.78129005432129,0.19999999999999996,1.0,0.6476063132286072,0.2,0.0,1.0,6.0,0.6,4.0,0.4,0.6,2.0,4,10,1.0,,,1.0,1,0.0,,,,,,,
S1,TEMA,64,,,,,,,,,,,,,,,,,,,,,,0,24,0.375,40.0,0.625,0.625,2,,,,,,,,
S1,TEMA,64,,,,,,,,,,,,,,,,,,,,,,1,40,0.625,24.0,0.375,0.625,2,,,,,,,,
S1,TEMA,64,,,,,,,,,,,,,,,,,,,,,,2,19,0.296875,45.0,0.703125,0.703125,2,,,,,,,,
S1,TEMA,64,,,,,,,,,,,,,,,,,,,,,,3,44,0.6875,20.0,0.3125,0.6875,2,,,,,,,,
S1,TEMA,10,,,,,,,,,,,,,,,,,,,,,,4,10,1.0,0.0,0.0,1.0,1,,,,,,,,
S1,DUA,64,,,,,,,,,,,,,,,,,,,,,,0,24,0.375,40.0,0.625,0.625,2,,0.099,,,,,,
S1,DUA,64,,,,,,,,,,,,,,,,,,,,,,1,40,0.625,24.0,0.375,0.625,2,,0.09336,,,,,,
S1,DUA,64,,,,,,,,,,,,,,,,,,,,,,2,19,0.296875,45.0,0.703125,0.703125,2,,0.0880584,,,,,,
S1,DUA,64,,,,,,,,,,,,,,,,,,,,,,3,44,0.6875,20.0,0.3125,0.6875,2,,0.083074896,,,,,,
S1,DUA,10,,,,,,,,,,,,,,,,,,,,,,4,10,1.0,0.0,0.0,1.0,1,,0.07839040223999999,,,,,,
S1,RoTTA,64,,,,,,,,,,,,,,,,,,,,,,0,24,0.375,40.0,0.625,0.625,2,,,63.0,,,,,
S1,RoTTA,64,,,,,,,,,,,,,,,,,,,,,,1,40,0.625,24.0,0.375,0.625,2,,,64.0,,,,,
S1,RoTTA,64,,,,,,,,,,,,,,,,,,,,,,2,19,0.296875,45.0,0.703125,0.703125,2,,,64.0,,,,,
S1,RoTTA,64,,,,,,,,,,,,,,,,,,,,,,3,44,0.6875,20.0,0.3125,0.6875,2,,,64.0,,,,,
S1,RoTTA,10,,,,,,,,,,,,,,,,,,,,,,4,10,1.0,0.0,0.0,1.0,1,,,64.0,,,,,
S1,NOTE,64,,,,,,,,,,,,,,,,,,,,,,0,24,0.375,40.0,0.625,0.625,2,,,,64.0,1.0,0.6368468403816223,,
S1,NOTE,64,,,,,,,,,,,,,,,,,,,,,,1,40,0.625,24.0,0.375,0.625,2,,,,64.0,1.0,0.566635251045227,,
S1,NOTE,64,,,,,,,,,,,,,,,,,,,,,,2,19,0.296875,45.0,0.703125,0.703125,2,,,,64.0,1.0,0.6191850900650024,,
S1,NOTE,64,,,,,,,,,,,,,,,,,,,,,,3,44,0.6875,20.0,0.3125,0.6875,2,,,,64.0,1.0,0.5185908079147339,,
S1,NOTE,10,,,,,,,,,,,,,,,,,,,,,,4,10,1.0,0.0,0.0,1.0,1,,,,64.0,0.0,,,
S1,DELTA,64,,,,,,,,,,,,,,,,,,,,,,0,24,0.375,40.0,0.625,0.625,2,,,,,,,0.31079864501953125,1.0
S1,DELTA,64,,,,,,,,,,,,,,,,,,,,,,1,40,0.625,24.0,0.375,0.625,2,,,,,,,0.23586352169513702,9.0
S1,DELTA,64,,,,,,,,,,,,,,,,,,,,,,2,19,0.296875,45.0,0.703125,0.703125,2,,,,,,,0.07846767455339432,38.0
S1,DELTA,64,,,,,,,,,,,,,,,,,,,,,,3,44,0.6875,20.0,0.3125,0.6875,2,,,,,,,0.1473243683576584,34.0
S1,DELTA,10,,,,,,,,,,,,,,,,,,,,,,4,10,1.0,0.0,0.0,1.0,1,,,,,,,0.10770615190267563,10.0
S2,DynaMixEMATent,64,0.07097818702459335,0.16797539591789246,0.16797539591789246,0.0969972014427185,0.8731094482787747,0.07649793294585759,0.050392618775367735,0.080557432954243,10.750425338745117,0.19999999999999996,0.0,0.12406811118125916,0.2,0.0,1.0,63.0,0.984375,1.0,0.015625,0.984375,2.0,0,10,0.15625,54.0,0.84375,0.84375,2,0.34375,,,,,,,
S2,DynaMixEMATent,64,0.021233906969428062,0.05959958955645561,0.05959958955645561,0.0383656807243824,0.8764907343550681,0.10562938877799527,0.01787987686693668,0.10755241267333648,14.564799070358276,0.19999999999999996,0.0,0.07281362265348434,0.2,0.0,1.0,64.0,1.0,0.0,0.0,1.0,1.0,1,19,0.296875,45.0,0.703125,0.703125,2,0.203125,,,,,,,
S2,DynaMixEMATent,64,0.02499614842236042,0.05657157674431801,0.05657157674431801,0.03157542645931244,0.8528339468293585,0.1301945801473461,0.0169714730232954,0.13244232143268353,18.18537998199463,0.19999999999999996,0.0,0.042204082012176514,0.2,0.0,1.0,64.0,1.0,0.0,0.0,1.0,1.0,2,0,0.0,64.0,1.0,1.0,1,0.5,,,,,,,
S2,DynaMixEMATent,61,0.03354259952902794,0.05290159583091736,0.05290159583091736,0.01935899257659912,0.8325333805478831,0.15159614070284172,0.015870478749275208,0.15404084262219775,21.412377327680588,0.19999999999999996,0.0,0.06206461787223816,0.2,0.0,1.0,61.0,1.0,0.0,0.0,1.0,1.0,3,38,0.6229508196721312,23.0,0.3770491803278688,0.6229508196721312,2,0.12295081967213117,,,,,,,
S2,TEMA,64,,,,,,,,,,,,,,,,,,,,,,0,10,0.15625,54.0,0.84375,0.84375,2,,,,,,,,
S2,TEMA,64,,,,,,,,,,,,,,,,,,,,,,1,19,0.296875,45.0,0.703125,0.703125,2,,,,,,,,
S2,TEMA,64,,,,,,,,,,,,,,,,,,,,,,2,0,0.0,64.0,1.0,1.0,1,,,,,,,,
S2,TEMA,61,,,,,,,,,,,,,,,,,,,,,,3,38,0.6229508196721312,23.0,0.3770491803278688,0.6229508196721312,2,,,,,,,,
S2,DUA,64,,,,,,,,,,,,,,,,,,,,,,0,10,0.15625,54.0,0.84375,0.84375,2,,0.099,,,,,,
S2,DUA,64,,,,,,,,,,,,,,,,,,,,,,1,19,0.296875,45.0,0.703125,0.703125,2,,0.09336,,,,,,
S2,DUA,64,,,,,,,,,,,,,,,,,,,,,,2,0,0.0,64.0,1.0,1.0,1,,0.0880584,,,,,,
S2,DUA,61,,,,,,,,,,,,,,,,,,,,,,3,38,0.6229508196721312,23.0,0.3770491803278688,0.6229508196721312,2,,0.083074896,,,,,,
S2,RoTTA,64,,,,,,,,,,,,,,,,,,,,,,0,10,0.15625,54.0,0.84375,0.84375,2,,,62.0,,,,,
S2,RoTTA,64,,,,,,,,,,,,,,,,,,,,,,1,19,0.296875,45.0,0.703125,0.703125,2,,,64.0,,,,,
S2,RoTTA,64,,,,,,,,,,,,,,,,,,,,,,2,0,0.0,64.0,1.0,1.0,1,,,64.0,,,,,
S2,RoTTA,61,,,,,,,,,,,,,,,,,,,,,,3,38,0.6229508196721312,23.0,0.3770491803278688,0.6229508196721312,2,,,64.0,,,,,
S2,NOTE,64,,,,,,,,,,,,,,,,,,,,,,0,10,0.15625,54.0,0.84375,0.84375,2,,,,64.0,1.0,0.542940616607666,,
S2,NOTE,64,,,,,,,,,,,,,,,,,,,,,,1,19,0.296875,45.0,0.703125,0.703125,2,,,,64.0,1.0,0.5312796831130981,,
S2,NOTE,64,,,,,,,,,,,,,,,,,,,,,,2,0,0.0,64.0,1.0,1.0,1,,,,64.0,1.0,0.5512969493865967,,
S2,NOTE,61,,,,,,,,,,,,,,,,,,,,,,3,38,0.6229508196721312,23.0,0.3770491803278688,0.6229508196721312,2,,,,64.0,0.0,,,
S2,DELTA,64,,,,,,,,,,,,,,,,,,,,,,0,10,0.15625,54.0,0.84375,0.84375,2,,,,,,,0.27900663018226624,6.0
S2,DELTA,64,,,,,,,,,,,,,,,,,,,,,,1,19,0.296875,45.0,0.703125,0.703125,2,,,,,,,0.23962686955928802,22.0
S2,DELTA,64,,,,,,,,,,,,,,,,,,,,,,2,0,0.0,64.0,1.0,1.0,1,,,,,,,0.03384861350059509,53.0
S2,DELTA,61,,,,,,,,,,,,,,,,,,,,,,3,38,0.6229508196721312,23.0,0.3770491803278688,0.6229508196721312,2,,,,,,,0.046753641217947006,46.0
S3,DynaMixEMATent,64,0.2432834804058075,0.9631387591362,0.9631387591362,0.7198553085327148,0.4393011398535576,0.2717572324055824,0.28894162774085996,0.3821869525875472,61.6408805847168,0.19999999999999996,1.0,0.5745097398757935,0.2,0.0,1.0,39.0,0.609375,25.0,0.390625,0.609375,2.0,0,16,0.25,48.0,0.75,0.75,2,0.25,,,,,,,
S3,DynaMixEMATent,64,0.17706511914730072,0.6979233622550964,0.6979233622550964,0.5208582282066345,0.34456755623287183,0.4460554350905992,0.20937700867652892,0.5641822208381777,106.30797576904297,0.19999999999999996,1.0,0.5624790191650391,0.2,0.0,1.0,50.0,0.78125,14.0,0.21875,0.78125,2.0,1,27,0.421875,37.0,0.578125,0.578125,2,0.078125,,,,,,,
S3,DynaMixEMATent,64,0.16796977818012238,0.9700456857681274,0.9700456857681274,0.8020759224891663,0.19023921217033513,0.5187470820992266,0.2910137057304382,0.7316743444718766,168.39089965820312,0.19999999999999996,1.0,0.6595057249069214,0.2,0.0,1.0,33.0,0.515625,31.0,0.484375,0.515625,2.0,2,29,0.453125,35.0,0.546875,0.546875,2,0.046875,,,,,,,
S3,DynaMixEMATent,64,0.193075031042099,0.7596213817596436,0.7596213817596436,0.5665463805198669,0.14170778372199772,0.6304058017501093,0.22788641452789304,0.8164676980326012,217.0066680908203,0.19999999999999996,1.0,0.5712625980377197,0.2,0.0,1.0,31.0,0.484375,33.0,0.515625,0.515625,2.0,3,38,0.59375,26.0,0.40625,0.59375,2,0.09375,,,,,,,
S3,DynaMixEMATent,11,0.033078111708164215,0.7562379837036133,0.7562379837036133,0.7231598496437073,0.13296575444652547,0.6401628504423905,0.22687139511108398,0.8280159942269499,225.32528591156006,0.19999999999999996,1.0,0.6051410436630249,0.2,0.0,1.0,2.0,0.18181818181818182,9.0,0.8181818181818182,0.8181818181818182,2.0,4,0,0.0,11.0,1.0,1.0,1,0.5,,,,,,,
S3,TEMA,64,,,,,,,,,,,,,,,,,,,,,,0,16,0.25,48.0,0.75,0.75,2,,,,,,,,
S3,TEMA,64,,,,,,,,,,,,,,,,,,,,,,1,27,0.421875,37.0,0.578125,0.578125,2,,,,,,,,
S3,TEMA,64,,,,,,,,,,,,,,,,,,,,,,2,29,0.453125,35.0,0.546875,0.546875,2,,,,,,,,
S3,TEMA,64,,,,,,,,,,,,,,,,,,,,,,3,38,0.59375,26.0,0.40625,0.59375,2,,,,,,,,
S3,TEMA,11,,,,,,,,,,,,,,,,,,,,,,4,0,0.0,11.0,1.0,1.0,1,,,,,,,,
S3,DUA,64,,,,,,,,,,,,,,,,,,,,,,0,16,0.25,48.0,0.75,0.75,2,,0.099,,,,,,
S3,DUA,64,,,,,,,,,,,,,,,,,,,,,,1,27,0.421875,37.0,0.578125,0.578125,2,,0.09336,,,,,,
S3,DUA,64,,,,,,,,,,,,,,,,,,,,,,2,29,0.453125,35.0,0.546875,0.546875,2,,0.0880584,,,,,,
S3,DUA,64,,,,,,,,,,,,,,,,,,,,,,3,38,0.59375,26.0,0.40625,0.59375,2,,0.083074896,,,,,,
S3,DUA,11,,,,,,,,,,,,,,,,,,,,,,4,0,0.0,11.0,1.0,1.0,1,,0.07839040223999999,,,,,,
S3,RoTTA,64,,,,,,,,,,,,,,,,,,,,,,0,16,0.25,48.0,0.75,0.75,2,,,57.0,,,,,
S3,RoTTA,64,,,,,,,,,,,,,,,,,,,,,,1,27,0.421875,37.0,0.578125,0.578125,2,,,64.0,,,,,
S3,RoTTA,64,,,,,,,,,,,,,,,,,,,,,,2,29,0.453125,35.0,0.546875,0.546875,2,,,64.0,,,,,
S3,RoTTA,64,,,,,,,,,,,,,,,,,,,,,,3,38,0.59375,26.0,0.40625,0.59375,2,,,64.0,,,,,
S3,RoTTA,11,,,,,,,,,,,,,,,,,,,,,,4,0,0.0,11.0,1.0,1.0,1,,,64.0,,,,,
S3,NOTE,64,,,,,,,,,,,,,,,,,,,,,,0,16,0.25,48.0,0.75,0.75,2,,,,64.0,1.0,0.6035646200180054,,
S3,NOTE,64,,,,,,,,,,,,,,,,,,,,,,1,27,0.421875,37.0,0.578125,0.578125,2,,,,64.0,1.0,0.5826077461242676,,
S3,NOTE,64,,,,,,,,,,,,,,,,,,,,,,2,29,0.453125,35.0,0.546875,0.546875,2,,,,64.0,1.0,0.6329529285430908,,
S3,NOTE,64,,,,,,,,,,,,,,,,,,,,,,3,38,0.59375,26.0,0.40625,0.59375,2,,,,64.0,1.0,0.5709632039070129,,
S3,NOTE,11,,,,,,,,,,,,,,,,,,,,,,4,0,0.0,11.0,1.0,1.0,1,,,,64.0,0.0,,,
S3,DELTA,64,,,,,,,,,,,,,,,,,,,,,,0,16,0.25,48.0,0.75,0.75,2,,,,,,,0.289701372385025,4.0
S3,DELTA,64,,,,,,,,,,,,,,,,,,,,,,1,27,0.421875,37.0,0.578125,0.578125,2,,,,,,,0.04513220116496086,58.0
S3,DELTA,64,,,,,,,,,,,,,,,,,,,,,,2,29,0.453125,35.0,0.546875,0.546875,2,,,,,,,0.19531592726707458,26.0
S3,DELTA,64,,,,,,,,,,,,,,,,,,,,,,3,38,0.59375,26.0,0.40625,0.59375,2,,,,,,,0.15708835422992706,43.0
S3,DELTA,11,,,,,,,,,,,,,,,,,,,,,,4,0,0.0,11.0,1.0,1.0,1,,,,,,,0.10932572185993195,1.0
S4,DynaMixEMATent,64,0.018341384828090668,0.03523100167512894,0.03523100167512894,0.01688961870968342,0.9721539978111163,0.017276701686344948,0.010569300502538681,0.01746125493692474,2.254784107208252,0.19999999999999996,0.0,0.004119925666600466,0.2,0.0,1.0,0.0,0.0,64.0,1.0,1.0,1.0,0,0,0.0,64.0,1.0,1.0,1,0.5,,,,,,,
S4,DynaMixEMATent,64,0.0035224598832428455,0.015313313342630863,0.015313313342630863,0.011790853925049305,0.9705651615970268,0.02484084440018395,0.004593994002789259,0.024955489770526418,3.234836161136627,0.19999999999999996,0.0,0.009830196388065815,0.2,0.0,1.0,0.0,0.0,64.0,1.0,1.0,1.0,1,31,0.484375,33.0,0.515625,0.515625,2,0.015625,,,,,,,
S4,DynaMixEMATent,64,0.00393367325887084,0.018791714683175087,0.018791714683175087,0.01485804095864296,0.9604806141908241,0.03388187140422335,0.005637514404952526,0.03407396386635375,4.437505900859833,0.19999999999999996,0.0,0.03764381259679794,0.2,0.0,1.0,0.0,0.0,64.0,1.0,1.0,1.0,2,23,0.359375,41.0,0.640625,0.640625,2,0.140625,,,,,,,
S4,DynaMixEMATent,64,0.006735548842698336,0.02103114314377308,0.02103114314377308,0.014295593835413456,0.9497913810589613,0.04389927599790678,0.006309342943131923,0.044178010214897756,5.78349906206131,0.19999999999999996,0.0,0.018916800618171692,0.2,0.0,1.0,0.0,0.0,64.0,1.0,1.0,1.0,3,38,0.59375,26.0,0.40625,0.59375,2,0.09375,,,,,,,
S4,DynaMixEMATent,11,0.0004359091690275818,0.004093579947948456,0.004093579947948456,0.0036576709244400263,0.9543123911168502,0.044459534898765356,0.0012280739843845367,0.044514201631724926,5.828528441488743,0.19999999999999996,0.0,0.007970942184329033,0.2,0.0,1.0,0.0,0.0,11.0,1.0,1.0,1.0,4,0,0.0,11.0,1.0,1.0,1,0.5,,,,,,,
S4,TEMA,64,,,,,,,,,,,,,,,,,,,,,,0,0,0.0,64.0,1.0,1.0,1,,,,,,,,
S4,TEMA,64,,,,,,,,,,,,,,,,,,,,,,1,31,0.484375,33.0,0.515625,0.515625,2,,,,,,,,
S4,TEMA,64,,,,,,,,,,,,,,,,,,,,,,2,23,0.359375,41.0,0.640625,0.640625,2,,,,,,,,
S4,TEMA,64,,,,,,,,,,,,,,,,,,,,,,3,38,0.59375,26.0,0.40625,0.59375,2,,,,,,,,
S4,TEMA,11,,,,,,,,,,,,,,,,,,,,,,4,0,0.0,11.0,1.0,1.0,1,,,,,,,,
S4,DUA,64,,,,,,,,,,,,,,,,,,,,,,0,0,0.0,64.0,1.0,1.0,1,,0.099,,,,,,
S4,DUA,64,,,,,,,,,,,,,,,,,,,,,,1,31,0.484375,33.0,0.515625,0.515625,2,,0.09336,,,,,,
S4,DUA,64,,,,,,,,,,,,,,,,,,,,,,2,23,0.359375,41.0,0.640625,0.640625,2,,0.0880584,,,,,,
S4,DUA,64,,,,,,,,,,,,,,,,,,,,,,3,38,0.59375,26.0,0.40625,0.59375,2,,0.083074896,,,,,,
S4,DUA,11,,,,,,,,,,,,,,,,,,,,,,4,0,0.0,11.0,1.0,1.0,1,,0.07839040223999999,,,,,,
S4,RoTTA,64,,,,,,,,,,,,,,,,,,,,,,0,0,0.0,64.0,1.0,1.0,1,,,60.0,,,,,
S4,RoTTA,64,,,,,,,,,,,,,,,,,,,,,,1,31,0.484375,33.0,0.515625,0.515625,2,,,64.0,,,,,
S4,RoTTA,64,,,,,,,,,,,,,,,,,,,,,,2,23,0.359375,41.0,0.640625,0.640625,2,,,64.0,,,,,
S4,RoTTA,64,,,,,,,,,,,,,,,,,,,,,,3,38,0.59375,26.0,0.40625,0.59375,2,,,64.0,,,,,
S4,RoTTA,11,,,,,,,,,,,,,,,,,,,,,,4,0,0.0,11.0,1.0,1.0,1,,,64.0,,,,,
S4,NOTE,64,,,,,,,,,,,,,,,,,,,,,,0,0,0.0,64.0,1.0,1.0,1,,,,64.0,1.0,0.5834318995475769,,
S4,NOTE,64,,,,,,,,,,,,,,,,,,,,,,1,31,0.484375,33.0,0.515625,0.515625,2,,,,64.0,1.0,0.5592032670974731,,
S4,NOTE,64,,,,,,,,,,,,,,,,,,,,,,2,23,0.359375,41.0,0.640625,0.640625,2,,,,64.0,1.0,0.5922672748565674,,
S4,NOTE,64,,,,,,,,,,,,,,,,,,,,,,3,38,0.59375,26.0,0.40625,0.59375,2,,,,64.0,1.0,0.5651923418045044,,
S4,NOTE,11,,,,,,,,,,,,,,,,,,,,,,4,0,0.0,11.0,1.0,1.0,1,,,,64.0,0.0,,,
S4,DELTA,64,,,,,,,,,,,,,,,,,,,,,,0,0,0.0,64.0,1.0,1.0,1,,,,,,,0.24686868488788605,6.0
S4,DELTA,64,,,,,,,,,,,,,,,,,,,,,,1,31,0.484375,33.0,0.515625,0.515625,2,,,,,,,0.20285049080848694,25.0
S4,DELTA,64,,,,,,,,,,,,,,,,,,,,,,2,23,0.359375,41.0,0.640625,0.640625,2,,,,,,,0.25335171818733215,15.0
S4,DELTA,64,,,,,,,,,,,,,,,,,,,,,,3,38,0.59375,26.0,0.40625,0.59375,2,,,,,,,0.028630128130316734,51.0
S4,DELTA,11,,,,,,,,,,,,,,,,,,,,,,4,0,0.0,11.0,1.0,1.0,1,,,,,,,0.17525382339954376,5.0
S5,DynaMixEMATent,64,0.005701187998056412,0.015605826862156391,0.015605826862156391,0.00990463886409998,0.9875820913324431,0.007736160608909958,0.0046817480586469175,0.007772549728512157,0.998772919178009,0.19999999999999996,0.0,0.0008741772617213428,0.2,0.0,1.0,64.0,1.0,0.0,0.0,1.0,1.0,0,16,0.25,48.0,0.75,0.75,2,0.25,,,,,,,
S5,DynaMixEMATent,64,4.583594636642374e-05,0.00021632705465890467,0.00021632705465890467,0.0001704910973785445,0.9920557465266631,0.00787935535693925,6.48981163976714e-05,0.007879866745448494,1.012617850676179,0.19999999999999996,0.0,9.922600293066353e-05,0.2,0.0,1.0,64.0,1.0,0.0,0.0,1.0,1.0,1,40,0.625,24.0,0.375,0.625,2,0.125,,,,,,,
S5,DynaMixEMATent,64,4.09684707847191e-06,2.1089595975354314e-05,2.1089595975354314e-05,1.6992747987387702e-05,0.9921033946456838,0.007890278475523628,6.326878792606294e-06,0.007890328396675028,1.0139675848186016,0.19999999999999996,0.0,0.00013425163342617452,0.2,0.0,1.0,64.0,1.0,0.0,0.0,1.0,1.0,2,51,0.796875,13.0,0.203125,0.796875,2,0.296875,,,,,,,
S5,DynaMixEMATent,64,2.6330446871725144e-06,1.35737191158114e-05,1.35737191158114e-05,1.0940674656012561e-05,0.9920988983591811,0.007897029525084191,4.07211573474342e-06,0.007897061682833328,1.0148363028420135,0.19999999999999996,0.0,2.6735033316072077e-06,0.2,0.0,1.0,64.0,1.0,0.0,0.0,1.0,1.0,3,15,0.234375,49.0,0.765625,0.765625,2,0.265625,,,,,,,
S5,DynaMixEMATent,38,0.00012248926213942468,0.0006512842955999076,0.0006512842955999076,0.0005287950625643134,0.9917173288890853,0.008087285822234743,0.00019538528867997227,0.008088866267705552,1.03958510607481,0.19999999999999996,0.0,0.00038492202293127775,0.2,0.0,1.0,38.0,1.0,0.0,0.0,1.0,1.0,4,0,0.0,38.0,1.0,1.0,1,0.5,,,,,,,
S5,TEMA,64,,,,,,,,,,,,,,,,,,,,,,0,16,0.25,48.0,0.75,0.75,2,,,,,,,,
S5,TEMA,64,,,,,,,,,,,,,,,,,,,,,,1,40,0.625,24.0,0.375,0.625,2,,,,,,,,
S5,TEMA,64,,,,,,,,,,,,,,,,,,,,,,2,51,0.796875,13.0,0.203125,0.796875,2,,,,,,,,
S5,TEMA,64,,,,,,,,,,,,,,,,,,,,,,3,15,0.234375,49.0,0.765625,0.765625,2,,,,,,,,
S5,TEMA,38,,,,,,,,,,,,,,,,,,,,,,4,0,0.0,38.0,1.0,1.0,1,,,,,,,,
S5,DUA,64,,,,,,,,,,,,,,,,,,,,,,0,16,0.25,48.0,0.75,0.75,2,,0.099,,,,,,
S5,DUA,64,,,,,,,,,,,,,,,,,,,,,,1,40,0.625,24.0,0.375,0.625,2,,0.09336,,,,,,
S5,DUA,64,,,,,,,,,,,,,,,,,,,,,,2,51,0.796875,13.0,0.203125,0.796875,2,,0.0880584,,,,,,
S5,DUA,64,,,,,,,,,,,,,,,,,,,,,,3,15,0.234375,49.0,0.765625,0.765625,2,,0.083074896,,,,,,
S5,DUA,38,,,,,,,,,,,,,,,,,,,,,,4,0,0.0,38.0,1.0,1.0,1,,0.07839040223999999,,,,,,
S5,RoTTA,64,,,,,,,,,,,,,,,,,,,,,,0,16,0.25,48.0,0.75,0.75,2,,,57.0,,,,,
S5,RoTTA,64,,,,,,,,,,,,,,,,,,,,,,1,40,0.625,24.0,0.375,0.625,2,,,64.0,,,,,
S5,RoTTA,64,,,,,,,,,,,,,,,,,,,,,,2,51,0.796875,13.0,0.203125,0.796875,2,,,64.0,,,,,
S5,RoTTA,64,,,,,,,,,,,,,,,,,,,,,,3,15,0.234375,49.0,0.765625,0.765625,2,,,64.0,,,,,
S5,RoTTA,38,,,,,,,,,,,,,,,,,,,,,,4,0,0.0,38.0,1.0,1.0,1,,,64.0,,,,,
S5,NOTE,64,,,,,,,,,,,,,,,,,,,,,,0,16,0.25,48.0,0.75,0.75,2,,,,64.0,1.0,0.5862281322479248,,
S5,NOTE,64,,,,,,,,,,,,,,,,,,,,,,1,40,0.625,24.0,0.375,0.625,2,,,,64.0,1.0,0.5900911688804626,,
S5,NOTE,64,,,,,,,,,,,,,,,,,,,,,,2,51,0.796875,13.0,0.203125,0.796875,2,,,,64.0,1.0,0.5653907060623169,,
S5,NOTE,64,,,,,,,,,,,,,,,,,,,,,,3,15,0.234375,49.0,0.765625,0.765625,2,,,,64.0,1.0,0.5300664901733398,,
S5,NOTE,38,,,,,,,,,,,,,,,,,,,,,,4,0,0.0,38.0,1.0,1.0,1,,,,64.0,0.0,,,
S5,DELTA,64,,,,,,,,,,,,,,,,,,,,,,0,16,0.25,48.0,0.75,0.75,2,,,,,,,0.1560206413269043,8.0
S5,DELTA,64,,,,,,,,,,,,,,,,,,,,,,1,40,0.625,24.0,0.375,0.625,2,,,,,,,0.05134868994355202,31.0
S5,DELTA,64,,,,,,,,,,,,,,,,,,,,,,2,51,0.796875,13.0,0.203125,0.796875,2,,,,,,,0.08741961419582367,32.0
S5,DELTA,64,,,,,,,,,,,,,,,,,,,,,,3,15,0.234375,49.0,0.765625,0.765625,2,,,,,,,0.1771136075258255,25.0
S5,DELTA,38,,,,,,,,,,,,,,,,,,,,,,4,0,0.0,38.0,1.0,1.0,1,,,,,,,0.2608323097229004,1.0
S6,DynaMixEMATent,64,0.20065025985240936,0.9941678047180176,0.9941678047180176,0.793517529964447,0.4268756813091869,0.2748739772754079,0.29825034141540524,0.39169805629805277,63.626739501953125,0.19999999999999996,1.0,0.5367425084114075,0.2,0.0,1.0,43.0,0.671875,21.0,0.328125,0.671875,2.0,0,39,0.609375,25.0,0.390625,0.609375,2,0.109375,,,,,,,
S6,DynaMixEMATent,64,0.37108340859413147,0.9880098700523376,0.9880098700523376,0.6169264912605286,0.2611557485513165,0.4424412904329822,0.2964029610157013,0.6288276753860182,126.85937118530273,0.19999999999999996,1.0,0.6324990391731262,0.2,0.0,1.0,30.0,0.46875,34.0,0.53125,0.53125,2.0,1,41,0.640625,23.0,0.359375,0.640625,2,0.140625,,,,,,,
S6,DynaMixEMATent,64,0.3253888487815857,0.9990754127502441,0.9990754127502441,0.6736865639686584,0.15772451960472386,0.5425528565702029,0.29972262382507325,0.7747685060650527,190.80019760131836,0.19999999999999996,1.0,0.6135437488555908,0.2,0.0,1.0,31.0,0.484375,33.0,0.515625,0.515625,2.0,2,55,0.859375,9.0,0.140625,0.859375,2,0.359375,,,,,,,
S6,DynaMixEMATent,62,0.4048210680484772,0.9559930562973022,0.9559930562973022,0.5511720180511475,0.10109686598383352,0.6121052171269759,0.28679791688919065,0.8582493400147203,250.0717670917511,0.19999999999999996,1.0,0.6112709641456604,0.2,0.0,1.0,38.0,0.6129032258064516,24.0,0.3870967741935484,0.6129032258064516,2.0,3,0,0.0,62.0,1.0,1.0,1,0.5,,,,,,,
S6,TEMA,64,,,,,,,,,,,,,,,,,,,,,,0,39,0.609375,25.0,0.390625,0.609375,2,,,,,,,,
S6,TEMA,64,,,,,,,,,,,,,,,,,,,,,,1,41,0.640625,23.0,0.359375,0.640625,2,,,,,,,,
S6,TEMA,64,,,,,,,,,,,,,,,,,,,,,,2,55,0.859375,9.0,0.140625,0.859375,2,,,,,,,,
S6,TEMA,62,,,,,,,,,,,,,,,,,,,,,,3,0,0.0,62.0,1.0,1.0,1,,,,,,,,
S6,DUA,64,,,,,,,,,,,,,,,,,,,,,,0,39,0.609375,25.0,0.390625,0.609375,2,,0.099,,,,,,
S6,DUA,64,,,,,,,,,,,,,,,,,,,,,,1,41,0.640625,23.0,0.359375,0.640625,2,,0.09336,,,,,,
S6,DUA,64,,,,,,,,,,,,,,,,,,,,,,2,55,0.859375,9.0,0.140625,0.859375,2,,0.0880584,,,,,,
S6,DUA,62,,,,,,,,,,,,,,,,,,,,,,3,0,0.0,62.0,1.0,1.0,1,,0.083074896,,,,,,
S6,RoTTA,64,,,,,,,,,,,,,,,,,,,,,,0,39,0.609375,25.0,0.390625,0.609375,2,,,61.0,,,,,
S6,RoTTA,64,,,,,,,,,,,,,,,,,,,,,,1,41,0.640625,23.0,0.359375,0.640625,2,,,64.0,,,,,
S6,RoTTA,64,,,,,,,,,,,,,,,,,,,,,,2,55,0.859375,9.0,0.140625,0.859375,2,,,64.0,,,,,
S6,RoTTA,62,,,,,,,,,,,,,,,,,,,,,,3,0,0.0,62.0,1.0,1.0,1,,,64.0,,,,,
S6,NOTE,64,,,,,,,,,,,,,,,,,,,,,,0,39,0.609375,25.0,0.390625,0.609375,2,,,,64.0,1.0,0.6228018999099731,,
S6,NOTE,64,,,,,,,,,,,,,,,,,,,,,,1,41,0.640625,23.0,0.359375,0.640625,2,,,,64.0,1.0,0.6290453672409058,,
S6,NOTE,64,,,,,,,,,,,,,,,,,,,,,,2,55,0.859375,9.0,0.140625,0.859375,2,,,,64.0,1.0,0.5929681062698364,,
S6,NOTE,62,,,,,,,,,,,,,,,,,,,,,,3,0,0.0,62.0,1.0,1.0,1,,,,64.0,0.0,,,
S6,DELTA,64,,,,,,,,,,,,,,,,,,,,,,0,39,0.609375,25.0,0.390625,0.609375,2,,,,,,,0.3382996618747711,1.0
S6,DELTA,64,,,,,,,,,,,,,,,,,,,,,,1,41,0.640625,23.0,0.359375,0.640625,2,,,,,,,0.16859640181064606,28.0
S6,DELTA,64,,,,,,,,,,,,,,,,,,,,,,2,55,0.859375,9.0,0.140625,0.859375,2,,,,,,,0.10331762582063675,31.0
S6,DELTA,62,,,,,,,,,,,,,,,,,,,,,,3,0,0.0,62.0,1.0,1.0,1,,,,,,,0.13714264333248138,7.0
S7,DynaMixEMATent,64,2.692780753932311e-07,1.950052592292195e-06,1.950052592292195e-06,1.6807746305858018e-06,0.9999984399589719,9.75025250454132e-07,5.850157776876586e-07,9.750258208596208e-07,0.0001248033659067005,0.19999999999999996,0.0,7.060828465910163e-06,0.2,0.0,1.0,64.0,1.0,0.0,0.0,1.0,1.0,0,21,0.328125,43.0,0.671875,0.671875,2,0.171875,,,,,,,
S7,DynaMixEMATent,64,4.064848326379433e-05,0.00014162315346766263,0.00014162315346766263,0.0001009746702038683,0.9998857320774103,7.178097654942807e-05,4.2486946040298786e-05,7.178402643348569e-05,0.009188685187837109,0.19999999999999996,0.0,2.20498041016981e-05,0.2,0.0,1.0,64.0,1.0,0.0,0.0,1.0,1.0,1,35,0.546875,29.0,0.453125,0.546875,2,0.046875,,,,,,,
S7,DynaMixEMATent,64,1.9018494640477e-05,7.816972356522456e-05,7.816972356522456e-05,5.9151228924747556e-05,0.999865686364025,0.00011086271890549467,2.3450917069567367e-05,0.00011086531879889172,0.01419154749601148,0.19999999999999996,0.0,0.0001200700135086663,0.2,0.0,1.0,64.0,1.0,0.0,0.0,1.0,1.0,2,46,0.71875,18.0,0.28125,0.71875,2,0.21875,,,,,,,
S7,DynaMixEMATent,38,0.3658062517642975,0.5568116903305054,0.5568116903305054,0.19100548326969147,0.7059659941172284,0.12699049878361995,0.1670435070991516,0.15245754113923016,21.173035780055216,0.19999999999999996,1.0,0.4790347218513489,0.2,0.0,1.0,20.0,0.5263157894736842,18.0,0.47368421052631576,0.5263157894736842,2.0,3,25,0.6578947368421053,13.0,0.34210526315789475,0.6578947368421053,2,0.1578947368421053,,,,,,,
S7,TEMA,64,,,,,,,,,,,,,,,,,,,,,,0,21,0.328125,43.0,0.671875,0.671875,2,,,,,,,,
S7,TEMA,64,,,,,,,,,,,,,,,,,,,,,,1,35,0.546875,29.0,0.453125,0.546875,2,,,,,,,,
S7,TEMA,64,,,,,,,,,,,,,,,,,,,,,,2,46,0.71875,18.0,0.28125,0.71875,2,,,,,,,,
S7,TEMA,38,,,,,,,,,,,,,,,,,,,,,,3,25,0.6578947368421053,13.0,0.34210526315789475,0.6578947368421053,2,,,,,,,,
S7,DUA,64,,,,,,,,,,,,,,,,,,,,,,0,21,0.328125,43.0,0.671875,0.671875,2,,0.099,,,,,,
S7,DUA,64,,,,,,,,,,,,,,,,,,,,,,1,35,0.546875,29.0,0.453125,0.546875,2,,0.09336,,,,,,
S7,DUA,64,,,,,,,,,,,,,,,,,,,,,,2,46,0.71875,18.0,0.28125,0.71875,2,,0.0880584,,,,,,
S7,DUA,38,,,,,,,,,,,,,,,,,,,,,,3,25,0.6578947368421053,13.0,0.34210526315789475,0.6578947368421053,2,,0.083074896,,,,,,
S7,RoTTA,64,,,,,,,,,,,,,,,,,,,,,,0,21,0.328125,43.0,0.671875,0.671875,2,,,51.0,,,,,
S7,RoTTA,64,,,,,,,,,,,,,,,,,,,,,,1,35,0.546875,29.0,0.453125,0.546875,2,,,64.0,,,,,
S7,RoTTA,64,,,,,,,,,,,,,,,,,,,,,,2,46,0.71875,18.0,0.28125,0.71875,2,,,64.0,,,,,
S7,RoTTA,38,,,,,,,,,,,,,,,,,,,,,,3,25,0.6578947368421053,13.0,0.34210526315789475,0.6578947368421053,2,,,64.0,,,,,
S7,NOTE,64,,,,,,,,,,,,,,,,,,,,,,0,21,0.328125,43.0,0.671875,0.671875,2,,,,64.0,1.0,0.454899400472641,,
S7,NOTE,64,,,,,,,,,,,,,,,,,,,,,,1,35,0.546875,29.0,0.453125,0.546875,2,,,,64.0,1.0,0.5000692009925842,,
S7,NOTE,64,,,,,,,,,,,,,,,,,,,,,,2,46,0.71875,18.0,0.28125,0.71875,2,,,,64.0,1.0,0.47298184037208557,,
S7,NOTE,38,,,,,,,,,,,,,,,,,,,,,,3,25,0.6578947368421053,13.0,0.34210526315789475,0.6578947368421053,2,,,,64.0,0.0,,,
S7,DELTA,64,,,,,,,,,,,,,,,,,,,,,,0,21,0.328125,43.0,0.671875,0.671875,2,,,,,,,0.16929611563682556,19.0
S7,DELTA,64,,,,,,,,,,,,,,,,,,,,,,1,35,0.546875,29.0,0.453125,0.546875,2,,,,,,,0.08293783664703369,37.0
S7,DELTA,64,,,,,,,,,,,,,,,,,,,,,,2,46,0.71875,18.0,0.28125,0.71875,2,,,,,,,0.11732298135757446,59.0
S7,DELTA,38,,,,,,,,,,,,,,,,,,,,,,3,25,0.6578947368421053,13.0,0.34210526315789475,0.6578947368421053,2,,,,,,,0.08595433831214905,29.0
S8,DynaMixEMATent,64,0.18968215584754944,0.9689357876777649,0.9689357876777649,0.7792536616325378,0.43695832863920997,0.27236093505746056,0.29068073630332947,0.3839750997851533,62.01189041137695,0.19999999999999996,1.0,0.6144993901252747,0.2,0.0,1.0,36.0,0.5625,28.0,0.4375,0.5625,2.0,0,16,0.25,48.0,0.75,0.75,2,0.25,,,,,,,
S8,DynaMixEMATent,64,0.160936638712883,0.9958270788192749,0.9958270788192749,0.8348904848098755,0.26256159426153675,0.43869028209268074,0.29874812364578246,0.6255816160855288,125.74482345581055,0.19999999999999996,1.0,0.5955495238304138,0.2,0.0,1.0,40.0,0.625,24.0,0.375,0.625,2.0,1,21,0.328125,43.0,0.671875,0.671875,2,0.171875,,,,,,,
S8,DynaMixEMATent,64,0.1835382878780365,0.5415419936180115,0.5415419936180115,0.3580036759376526,0.239203221942972,0.5983341799716245,0.16246259808540345,0.7143969673519566,160.40351104736328,0.19999999999999996,1.0,0.4131200909614563,0.2,0.0,1.0,57.0,0.890625,7.0,0.109375,0.890625,2.0,2,25,0.390625,39.0,0.609375,0.609375,2,0.109375,,,,,,,
S8,DynaMixEMATent,64,0.17759913206100464,0.855144202709198,0.855144202709198,0.6775450706481934,0.13846063306668094,0.6049961061205597,0.2565432608127594,0.8137610088543303,215.13274002075195,0.19999999999999996,1.0,0.5032013654708862,0.2,0.0,1.0,40.0,0.625,24.0,0.375,0.625,2.0,3,20,0.3125,44.0,0.6875,0.6875,2,0.1875,,,,,,,
S8,DynaMixEMATent,16,0.027257164940238,0.22434605658054352,0.22434605658054352,0.19708889722824097,0.16890082778664442,0.7637953552391925,0.06730381697416306,0.8189112051057191,218.72227692604065,0.19999999999999996,1.0,0.4066659212112427,0.2,0.0,1.0,16.0,1.0,0.0,0.0,1.0,1.0,4,16,1.0,,,1.0,1,0.0,,,,,,,
S8,TEMA,64,,,,,,,,,,,,,,,,,,,,,,0,16,0.25,48.0,0.75,0.75,2,,,,,,,,
S8,TEMA,64,,,,,,,,,,,,,,,,,,,,,,1,21,0.328125,43.0,0.671875,0.671875,2,,,,,,,,
S8,TEMA,64,,,,,,,,,,,,,,,,,,,,,,2,25,0.390625,39.0,0.609375,0.609375,2,,,,,,,,
S8,TEMA,64,,,,,,,,,,,,,,,,,,,,,,3,20,0.3125,44.0,0.6875,0.6875,2,,,,,,,,
S8,TEMA,16,,,,,,,,,,,,,,,,,,,,,,4,16,1.0,0.0,0.0,1.0,1,,,,,,,,
S8,DUA,64,,,,,,,,,,,,,,,,,,,,,,0,16,0.25,48.0,0.75,0.75,2,,0.099,,,,,,
S8,DUA,64,,,,,,,,,,,,,,,,,,,,,,1,21,0.328125,43.0,0.671875,0.671875,2,,0.09336,,,,,,
S8,DUA,64,,,,,,,,,,,,,,,,,,,,,,2,25,0.390625,39.0,0.609375,0.609375,2,,0.0880584,,,,,,
S8,DUA,64,,,,,,,,,,,,,,,,,,,,,,3,20,0.3125,44.0,0.6875,0.6875,2,,0.083074896,,,,,,
S8,DUA,16,,,,,,,,,,,,,,,,,,,,,,4,16,1.0,0.0,0.0,1.0,1,,0.07839040223999999,,,,,,
S8,RoTTA,64,,,,,,,,,,,,,,,,,,,,,,0,16,0.25,48.0,0.75,0.75,2,,,56.0,,,,,
S8,RoTTA,64,,,,,,,,,,,,,,,,,,,,,,1,21,0.328125,43.0,0.671875,0.671875,2,,,64.0,,,,,
S8,RoTTA,64,,,,,,,,,,,,,,,,,,,,,,2,25,0.390625,39.0,0.609375,0.609375,2,,,64.0,,,,,
S8,RoTTA,64,,,,,,,,,,,,,,,,,,,,,,3,20,0.3125,44.0,0.6875,0.6875,2,,,64.0,,,,,
S8,RoTTA,16,,,,,,,,,,,,,,,,,,,,,,4,16,1.0,0.0,0.0,1.0,1,,,64.0,,,,,
S8,NOTE,64,,,,,,,,,,,,,,,,,,,,,,0,16,0.25,48.0,0.75,0.75,2,,,,64.0,1.0,0.6315993666648865,,
S8,NOTE,64,,,,,,,,,,,,,,,,,,,,,,1,21,0.328125,43.0,0.671875,0.671875,2,,,,64.0,1.0,0.554199755191803,,
S8,NOTE,64,,,,,,,,,,,,,,,,,,,,,,2,25,0.390625,39.0,0.609375,0.609375,2,,,,64.0,1.0,0.5191270709037781,,
S8,NOTE,64,,,,,,,,,,,,,,,,,,,,,,3,20,0.3125,44.0,0.6875,0.6875,2,,,,64.0,1.0,0.5891546010971069,,
S8,NOTE,16,,,,,,,,,,,,,,,,,,,,,,4,16,1.0,0.0,0.0,1.0,1,,,,64.0,0.0,,,
S8,DELTA,64,,,,,,,,,,,,,,,,,,,,,,0,16,0.25,48.0,0.75,0.75,2,,,,,,,0.3371477723121643,1.0
S8,DELTA,64,,,,,,,,,,,,,,,,,,,,,,1,21,0.328125,43.0,0.671875,0.671875,2,,,,,,,0.095851831138134,31.0
S8,DELTA,64,,,,,,,,,,,,,,,,,,,,,,2,25,0.390625,39.0,0.609375,0.609375,2,,,,,,,0.04417461156845093,47.0
S8,DELTA,64,,,,,,,,,,,,,,,,,,,,,,3,20,0.3125,44.0,0.6875,0.6875,2,,,,,,,0.1341964155435562,30.0
S8,DELTA,16,,,,,,,,,,,,,,,,,,,,,,4,16,1.0,0.0,0.0,1.0,1,,,,,,,0.06217481568455696,10.0
S9,DynaMixEMATent,64,0.17025913298130035,0.8144184350967407,0.8144184350967407,0.6441593170166016,0.5029050927846213,0.25276937668635663,0.2443255305290222,0.3344950595767936,52.122779846191406,0.19999999999999996,1.0,0.5704067349433899,0.2,0.0,1.0,46.0,0.71875,18.0,0.28125,0.71875,2.0,0,10,0.15625,54.0,0.84375,0.84375,2,0.34375,,,,,,,
S9,DynaMixEMATent,64,0.13513855636119843,0.9522410035133362,0.9522410035133362,0.8171024918556213,0.29530599792963325,0.419021701016366,0.2856723010540008,0.5865959021813637,113.06620407104492,0.19999999999999996,1.0,0.5500800609588623,0.2,0.0,1.0,63.0,0.984375,1.0,0.015625,0.984375,2.0,1,33,0.515625,31.0,0.484375,0.515625,2,0.015625,,,,,,,
S9,DynaMixEMATent,64,0.35970574617385864,0.9864306449890137,0.9864306449890137,0.626724898815155,0.17774214682956785,0.526328659673728,0.2959291934967041,0.747550750311168,176.1977653503418,0.19999999999999996,1.0,0.542294979095459,0.2,0.0,1.0,54.0,0.84375,10.0,0.15625,0.84375,2.0,2,24,0.375,40.0,0.625,0.625,2,0.125,,,,,,,
S9,DynaMixEMATent,64,0.28655993938446045,0.8557581305503845,0.8557581305503845,0.5691981911659241,0.12231977334417063,0.620952787490714,0.25672743916511537,0.8354307964674839,230.9662857055664,0.19999999999999996,1.0,0.4598102569580078,0.2,0.0,1.0,51.0,0.796875,13.0,0.203125,0.796875,2.0,3,36,0.5625,28.0,0.4375,0.5625,2,0.0625,,,,,,,
S9,DynaMixEMATent,2,0.10585970431566238,0.6631044149398804,0.6631044149398804,0.5572446584701538,0.1304723813319009,0.670596294186135,0.1989313244819641,0.8371270961911887,232.29249453544617,0.19999999999999996,1.0,0.5407789945602417,0.2,0.0,1.0,2.0,1.0,0.0,0.0,1.0,1.0,4,2,1.0,,,1.0,1,0.0,,,,,,,
S9,TEMA,64,,,,,,,,,,,,,,,,,,,,,,0,10,0.15625,54.0,0.84375,0.84375,2,,,,,,,,
S9,TEMA,64,,,,,,,,,,,,,,,,,,,,,,1,33,0.515625,31.0,0.484375,0.515625,2,,,,,,,,
S9,TEMA,64,,,,,,,,,,,,,,,,,,,,,,2,24,0.375,40.0,0.625,0.625,2,,,,,,,,
S9,TEMA,64,,,,,,,,,,,,,,,,,,,,,,3,36,0.5625,28.0,0.4375,0.5625,2,,,,,,,,
S9,TEMA,2,,,,,,,,,,,,,,,,,,,,,,4,2,1.0,0.0,0.0,1.0,1,,,,,,,,
S9,DUA,64,,,,,,,,,,,,,,,,,,,,,,0,10,0.15625,54.0,0.84375,0.84375,2,,0.099,,,,,,
S9,DUA,64,,,,,,,,,,,,,,,,,,,,,,1,33,0.515625,31.0,0.484375,0.515625,2,,0.09336,,,,,,
S9,DUA,64,,,,,,,,,,,,,,,,,,,,,,2,24,0.375,40.0,0.625,0.625,2,,0.0880584,,,,,,
S9,DUA,64,,,,,,,,,,,,,,,,,,,,,,3,36,0.5625,28.0,0.4375,0.5625,2,,0.083074896,,,,,,
S9,DUA,2,,,,,,,,,,,,,,,,,,,,,,4,2,1.0,0.0,0.0,1.0,1,,0.07839040223999999,,,,,,
S9,RoTTA,64,,,,,,,,,,,,,,,,,,,,,,0,10,0.15625,54.0,0.84375,0.84375,2,,,51.0,,,,,
S9,RoTTA,64,,,,,,,,,,,,,,,,,,,,,,1,33,0.515625,31.0,0.484375,0.515625,2,,,64.0,,,,,
S9,RoTTA,64,,,,,,,,,,,,,,,,,,,,,,2,24,0.375,40.0,0.625,0.625,2,,,64.0,,,,,
S9,RoTTA,64,,,,,,,,,,,,,,,,,,,,,,3,36,0.5625,28.0,0.4375,0.5625,2,,,64.0,,,,,
S9,RoTTA,2,,,,,,,,,,,,,,,,,,,,,,4,2,1.0,0.0,0.0,1.0,1,,,64.0,,,,,
S9,NOTE,64,,,,,,,,,,,,,,,,,,,,,,0,10,0.15625,54.0,0.84375,0.84375,2,,,,64.0,1.0,0.515252411365509,,
S9,NOTE,64,,,,,,,,,,,,,,,,,,,,,,1,33,0.515625,31.0,0.484375,0.515625,2,,,,64.0,1.0,0.5508415699005127,,
S9,NOTE,64,,,,,,,,,,,,,,,,,,,,,,2,24,0.375,40.0,0.625,0.625,2,,,,64.0,1.0,0.583124577999115,,
S9,NOTE,64,,,,,,,,,,,,,,,,,,,,,,3,36,0.5625,28.0,0.4375,0.5625,2,,,,64.0,1.0,0.5183851718902588,,
S9,NOTE,2,,,,,,,,,,,,,,,,,,,,,,4,2,1.0,0.0,0.0,1.0,1,,,,64.0,0.0,,,
S9,DELTA,64,,,,,,,,,,,,,,,,,,,,,,0,10,0.15625,54.0,0.84375,0.84375,2,,,,,,,0.2329738289117813,13.0
S9,DELTA,64,,,,,,,,,,,,,,,,,,,,,,1,33,0.515625,31.0,0.484375,0.515625,2,,,,,,,0.2608967125415802,4.0
S9,DELTA,64,,,,,,,,,,,,,,,,,,,,,,2,24,0.375,40.0,0.625,0.625,2,,,,,,,0.19606085121631622,19.0
S9,DELTA,64,,,,,,,,,,,,,,,,,,,,,,3,36,0.5625,28.0,0.4375,0.5625,2,,,,,,,0.18962617218494415,36.0
S9,DELTA,2,,,,,,,,,,,,,,,,,,,,,,4,2,1.0,0.0,0.0,1.0,1,,,,,,,0.17418302595615387,1.0
S10,DynaMixEMATent,64,0.15312795341014862,0.3380042612552643,0.3380042612552643,0.18487629294395447,0.758873004104773,0.13972571751864768,0.10140127837657928,0.15549289594605398,21.632272720336914,0.19999999999999996,1.0,0.24278967082500458,0.2,0.0,1.0,55.0,0.859375,9.0,0.140625,0.859375,2.0,0,35,0.546875,29.0,0.453125,0.546875,2,0.046875,,,,,,,
S10,DynaMixEMATent,64,0.20789481699466705,0.4848644435405731,0.4848644435405731,0.27696964144706726,0.5663032660918834,0.2882374008459446,0.14545933306217193,0.3373009758316339,52.663597106933594,0.19999999999999996,1.0,0.406180739402771,0.2,0.0,1.0,56.0,0.875,8.0,0.125,0.875,2.0,1,48,0.75,16.0,0.25,0.75,2,0.25,,,,,,,
S10,DynaMixEMATent,64,0.22481650114059448,0.48742610216140747,0.48742610216140747,0.262609601020813,0.4434198101873884,0.41035235916418933,0.14622783064842224,0.4806344993370344,83.85886764526367,0.19999999999999996,1.0,0.42239826917648315,0.2,0.0,1.0,42.0,0.65625,22.0,0.34375,0.65625,2.0,2,23,0.359375,41.0,0.640625,0.640625,2,0.140625,,,,,,,
S10,DynaMixEMATent,64,0.12291495501995087,0.219989612698555,0.219989612698555,0.09707465022802353,0.43456153828316635,0.4994415779072672,0.06599688380956649,0.5347322393787777,97.93820285797119,0.19999999999999996,1.0,0.26795074343681335,0.2,0.0,1.0,56.0,0.875,8.0,0.125,0.875,2.0,3,21,0.328125,43.0,0.671875,0.671875,2,0.171875,,,,,,,
S10,DynaMixEMATent,28,0.12397728115320206,0.35587114095687866,0.35587114095687866,0.2318938672542572,0.3844696211594049,0.5087690365535315,0.10676134228706359,0.5695779421998959,107.9025948047638,0.19999999999999996,1.0,0.5992080569267273,0.2,0.0,1.0,12.0,0.42857142857142855,16.0,0.5714285714285714,0.5714285714285714,2.0,4,28,1.0,,,1.0,1,0.0,,,,,,,
S10,TEMA,64,,,,,,,,,,,,,,,,,,,,,,0,35,0.546875,29.0,0.453125,0.546875,2,,,,,,,,
S10,TEMA,64,,,,,,,,,,,,,,,,,,,,,,1,48,0.75,16.0,0.25,0.75,2,,,,,,,,
S10,TEMA,64,,,,,,,,,,,,,,,,,,,,,,2,23,0.359375,41.0,0.640625,0.640625,2,,,,,,,,
S10,TEMA,64,,,,,,,,,,,,,,,,,,,,,,3,21,0.328125,43.0,0.671875,0.671875,2,,,,,,,,
S10,TEMA,28,,,,,,,,,,,,,,,,,,,,,,4,28,1.0,0.0,0.0,1.0,1,,,,,,,,
S10,DUA,64,,,,,,,,,,,,,,,,,,,,,,0,35,0.546875,29.0,0.453125,0.546875,2,,0.099,,,,,,
S10,DUA,64,,,,,,,,,,,,,,,,,,,,,,1,48,0.75,16.0,0.25,0.75,2,,0.09336,,,,,,
S10,DUA,64,,,,,,,,,,,,,,,,,,,,,,2,23,0.359375,41.0,0.640625,0.640625,2,,0.0880584,,,,,,
S10,DUA,64,,,,,,,,,,,,,,,,,,,,,,3,21,0.328125,43.0,0.671875,0.671875,2,,0.083074896,,,,,,
S10,DUA,28,,,,,,,,,,,,,,,,,,,,,,4,28,1.0,0.0,0.0,1.0,1,,0.07839040223999999,,,,,,
S10,RoTTA,64,,,,,,,,,,,,,,,,,,,,,,0,35,0.546875,29.0,0.453125,0.546875,2,,,60.0,,,,,
S10,RoTTA,64,,,,,,,,,,,,,,,,,,,,,,1,48,0.75,16.0,0.25,0.75,2,,,64.0,,,,,
S10,RoTTA,64,,,,,,,,,,,,,,,,,,,,,,2,23,0.359375,41.0,0.640625,0.640625,2,,,64.0,,,,,
S10,RoTTA,64,,,,,,,,,,,,,,,,,,,,,,3,21,0.328125,43.0,0.671875,0.671875,2,,,64.0,,,,,
S10,RoTTA,28,,,,,,,,,,,,,,,,,,,,,,4,28,1.0,0.0,0.0,1.0,1,,,64.0,,,,,
S10,NOTE,64,,,,,,,,,,,,,,,,,,,,,,0,35,0.546875,29.0,0.453125,0.546875,2,,,,64.0,1.0,0.6187712550163269,,
S10,NOTE,64,,,,,,,,,,,,,,,,,,,,,,1,48,0.75,16.0,0.25,0.75,2,,,,64.0,1.0,0.6106893420219421,,
S10,NOTE,64,,,,,,,,,,,,,,,,,,,,,,2,23,0.359375,41.0,0.640625,0.640625,2,,,,64.0,1.0,0.5473830699920654,,
S10,NOTE,64,,,,,,,,,,,,,,,,,,,,,,3,21,0.328125,43.0,0.671875,0.671875,2,,,,64.0,1.0,0.562096893787384,,
S10,NOTE,28,,,,,,,,,,,,,,,,,,,,,,4,28,1.0,0.0,0.0,1.0,1,,,,64.0,0.0,,,
S10,DELTA,64,,,,,,,,,,,,,,,,,,,,,,0,35,0.546875,29.0,0.453125,0.546875,2,,,,,,,0.22557836771011353,4.0
S10,DELTA,64,,,,,,,,,,,,,,,,,,,,,,1,48,0.75,16.0,0.25,0.75,2,,,,,,,0.2547641098499298,12.0
S10,DELTA,64,,,,,,,,,,,,,,,,,,,,,,2,23,0.359375,41.0,0.640625,0.640625,2,,,,,,,0.19234825670719147,12.0
S10,DELTA,64,,,,,,,,,,,,,,,,,,,,,,3,21,0.328125,43.0,0.671875,0.671875,2,,,,,,,0.06632743775844574,28.0
S10,DELTA,28,,,,,,,,,,,,,,,,,,,,,,4,28,1.0,0.0,0.0,1.0,1,,,,,,,0.11071508377790451,1.0
S11,DynaMixEMATent,64,0.20376306772232056,0.9376147389411926,0.9376147389411926,0.7338516712188721,0.44973491457082854,0.2689806637468137,0.2812844216823578,0.37425189026295946,60.00734329223633,0.19999999999999996,1.0,0.5923068523406982,0.2,0.0,1.0,28.0,0.4375,36.0,0.5625,0.5625,2.0,0,47,0.734375,17.0,0.265625,0.734375,2,0.234375,,,,,,,
S11,DynaMixEMATent,64,0.1947220265865326,0.8634130358695984,0.8634130358695984,0.6686909794807434,0.3011036233535351,0.43987246588558543,0.2590239107608795,0.5936392176126403,115.26577758789062,0.19999999999999996,1.0,0.5908795595169067,0.2,0.0,1.0,31.0,0.484375,33.0,0.515625,0.515625,2.0,1,34,0.53125,30.0,0.46875,0.53125,2,0.03125,,,,,,,
S11,DynaMixEMATent,64,0.2638520896434784,0.9639065265655518,0.9639065265655518,0.700054407119751,0.17838843577917504,0.5324396062511595,0.2891719579696655,0.7490413641115719,176.95579528808594,0.19999999999999996,1.0,0.4974517524242401,0.2,0.0,1.0,27.0,0.421875,37.0,0.578125,0.578125,2.0,2,42,0.65625,22.0,0.34375,0.65625,2,0.15625,,,,,,,
S11,DynaMixEMATent,64,0.07194868475198746,0.6726727485656738,0.6726727485656738,0.6007240414619446,0.1431013873931805,0.6550967880371174,0.20180182456970214,0.8207194756915643,220.00685119628906,0.19999999999999996,1.0,0.5975040197372437,0.2,0.0,1.0,14.0,0.21875,50.0,0.78125,0.78125,2.0,3,32,0.5,32.0,0.5,0.5,2,0.0,,,,,,,
S11,DynaMixEMATent,44,0.06372632086277008,0.4020465910434723,0.4020465910434723,0.3383202850818634,0.13730667418574818,0.7420793485012102,0.12061397731304169,0.8438607498374735,237.69690120220184,0.19999999999999996,1.0,0.6071913242340088,0.2,0.0,1.0,14.0,0.3181818181818182,30.0,0.6818181818181818,0.6818181818181818,2.0,4,21,0.4772727272727273,23.0,0.5227272727272727,0.5227272727272727,2,0.022727272727272707,,,,,,,
S11,TEMA,64,,,,,,,,,,,,,,,,,,,,,,0,47,0.734375,17.0,0.265625,0.734375,2,,,,,,,,
S11,TEMA,64,,,,,,,,,,,,,,,,,,,,,,1,34,0.53125,30.0,0.46875,0.53125,2,,,,,,,,
S11,TEMA,64,,,,,,,,,,,,,,,,,,,,,,2,42,0.65625,22.0,0.34375,0.65625,2,,,,,,,,
S11,TEMA,64,,,,,,,,,,,,,,,,,,,,,,3,32,0.5,32.0,0.5,0.5,2,,,,,,,,
S11,TEMA,44,,,,,,,,,,,,,,,,,,,,,,4,21,0.4772727272727273,23.0,0.5227272727272727,0.5227272727272727,2,,,,,,,,
S11,DUA,64,,,,,,,,,,,,,,,,,,,,,,0,47,0.734375,17.0,0.265625,0.734375,2,,0.099,,,,,,
S11,DUA,64,,,,,,,,,,,,,,,,,,,,,,1,34,0.53125,30.0,0.46875,0.53125,2,,0.09336,,,,,,
S11,DUA,64,,,,,,,,,,,,,,,,,,,,,,2,42,0.65625,22.0,0.34375,0.65625,2,,0.0880584,,,,,,
S11,DUA,64,,,,,,,,,,,,,,,,,,,,,,3,32,0.5,32.0,0.5,0.5,2,,0.083074896,,,,,,
S11,DUA,44,,,,,,,,,,,,,,,,,,,,,,4,21,0.4772727272727273,23.0,0.5227272727272727,0.5227272727272727,2,,0.07839040223999999,,,,,,
S11,RoTTA,64,,,,,,,,,,,,,,,,,,,,,,0,47,0.734375,17.0,0.265625,0.734375,2,,,61.0,,,,,
S11,RoTTA,64,,,,,,,,,,,,,,,,,,,,,,1,34,0.53125,30.0,0.46875,0.53125,2,,,64.0,,,,,
S11,RoTTA,64,,,,,,,,,,,,,,,,,,,,,,2,42,0.65625,22.0,0.34375,0.65625,2,,,64.0,,,,,
S11,RoTTA,64,,,,,,,,,,,,,,,,,,,,,,3,32,0.5,32.0,0.5,0.5,2,,,64.0,,,,,
S11,RoTTA,44,,,,,,,,,,,,,,,,,,,,,,4,21,0.4772727272727273,23.0,0.5227272727272727,0.5227272727272727,2,,,64.0,,,,,
S11,NOTE,64,,,,,,,,,,,,,,,,,,,,,,0,47,0.734375,17.0,0.265625,0.734375,2,,,,64.0,1.0,0.6184656620025635,,
S11,NOTE,64,,,,,,,,,,,,,,,,,,,,,,1,34,0.53125,30.0,0.46875,0.53125,2,,,,64.0,1.0,0.5939002633094788,,
S11,NOTE,64,,,,,,,,,,,,,,,,,,,,,,2,42,0.65625,22.0,0.34375,0.65625,2,,,,64.0,1.0,0.5753002762794495,,
S11,NOTE,64,,,,,,,,,,,,,,,,,,,,,,3,32,0.5,32.0,0.5,0.5,2,,,,64.0,1.0,0.6317631602287292,,
S11,NOTE,44,,,,,,,,,,,,,,,,,,,,,,4,21,0.4772727272727273,23.0,0.5227272727272727,0.5227272727272727,2,,,,64.0,0.0,,,
S11,DELTA,64,,,,,,,,,,,,,,,,,,,,,,0,47,0.734375,17.0,0.265625,0.734375,2,,,,,,,0.17046749591827393,4.0
S11,DELTA,64,,,,,,,,,,,,,,,,,,,,,,1,34,0.53125,30.0,0.46875,0.53125,2,,,,,,,0.06183686852455139,12.0
S11,DELTA,64,,,,,,,,,,,,,,,,,,,,,,2,42,0.65625,22.0,0.34375,0.65625,2,,,,,,,0.08420947939157486,26.0
S11,DELTA,64,,,,,,,,,,,,,,,,,,,,,,3,32,0.5,32.0,0.5,0.5,2,,,,,,,0.3162296712398529,3.0
S11,DELTA,44,,,,,,,,,,,,,,,,,,,,,,4,21,0.4772727272727273,23.0,0.5227272727272727,0.5227272727272727,2,,,,,,,0.24238651990890503,9.0
S12,DynaMixEMATent,64,0.15255264937877655,0.9600337147712708,0.9600337147712708,0.807481050491333,0.44056008956989295,0.2714297959987259,0.2880101144313812,0.3812270391761998,61.44215774536133,0.19999999999999996,1.0,0.6282544136047363,0.2,0.0,1.0,3.0,0.046875,61.0,0.953125,0.953125,2.0,0,31,0.484375,33.0,0.515625,0.515625,2,0.015625,,,,,,,
S12,DynaMixEMATent,64,0.11774826794862747,0.8843696713447571,0.8843696713447571,0.7666214108467102,0.29214367576885797,0.44254542282771486,0.2653109014034271,0.602357410329185,118.04181671142578,0.19999999999999996,1.0,0.6146151423454285,0.2,0.0,1.0,18.0,0.28125,46.0,0.71875,0.71875,2.0,1,29,0.453125,35.0,0.546875,0.546875,2,0.046875,,,,,,,
S12,DynaMixEMATent,64,0.4134719967842102,0.9943159818649292,0.9943159818649292,0.580843985080719,0.1697206239315454,0.5319845815089759,0.29829479455947877,0.7581311601857121,181.67803955078125,0.19999999999999996,1.0,0.4950803220272064,0.2,0.0,1.0,42.0,0.65625,22.0,0.34375,0.65625,2.0,2,46,0.71875,18.0,0.28125,0.71875,2,0.21875,,,,,,,
S12,DynaMixEMATent,56,0.17147396504878998,0.7520931959152222,0.7520931959152222,0.580619215965271,0.13478109910838224,0.6395909421170511,0.22562795877456665,0.8259478752679488,223.7952585220337,0.19999999999999996,1.0,0.3773474097251892,0.2,0.0,1.0,55.0,0.9821428571428571,1.0,0.017857142857142856,0.9821428571428571,2.0,3,20,0.35714285714285715,36.0,0.6428571428571429,0.6428571428571429,2,0.1428571428571429,,,,,,,
S12,TEMA,64,,,,,,,,,,,,,,,,,,,,,,0,31,0.484375,33.0,0.515625,0.515625,2,,,,,,,,
S12,TEMA,64,,,,,,,,,,,,,,,,,,,,,,1,29,0.453125,35.0,0.546875,0.546875,2,,,,,,,,
S12,TEMA,64,,,,,,,,,,,,,,,,,,,,,,2,46,0.71875,18.0,0.28125,0.71875,2,,,,,,,,
S12,TEMA,56,,,,,,,,,,,,,,,,,,,,,,3,20,0.35714285714285715,36.0,0.6428571428571429,0.6428571428571429,2,,,,,,,,
S12,DUA,64,,,,,,,,,,,,,,,,,,,,,,0,31,0.484375,33.0,0.515625,0.515625,2,,0.099,,,,,,
S12,DUA,64,,,,,,,,,,,,,,,,,,,,,,1,29,0.453125,35.0,0.546875,0.546875,2,,0.09336,,,,,,
S12,DUA,64,,,,,,,,,,,,,,,,,,,,,,2,46,0.71875,18.0,0.28125,0.71875,2,,0.0880584,,,,,,
S12,DUA,56,,,,,,,,,,,,,,,,,,,,,,3,20,0.35714285714285715,36.0,0.6428571428571429,0.6428571428571429,2,,0.083074896,,,,,,
S12,RoTTA,64,,,,,,,,,,,,,,,,,,,,,,0,31,0.484375,33.0,0.515625,0.515625,2,,,51.0,,,,,
S12,RoTTA,64,,,,,,,,,,,,,,,,,,,,,,1,29,0.453125,35.0,0.546875,0.546875,2,,,64.0,,,,,
S12,RoTTA,64,,,,,,,,,,,,,,,,,,,,,,2,46,0.71875,18.0,0.28125,0.71875,2,,,64.0,,,,,
S12,RoTTA,56,,,,,,,,,,,,,,,,,,,,,,3,20,0.35714285714285715,36.0,0.6428571428571429,0.6428571428571429,2,,,64.0,,,,,
S12,NOTE,64,,,,,,,,,,,,,,,,,,,,,,0,31,0.484375,33.0,0.515625,0.515625,2,,,,64.0,1.0,0.5910597443580627,,
S12,NOTE,64,,,,,,,,,,,,,,,,,,,,,,1,29,0.453125,35.0,0.546875,0.546875,2,,,,64.0,1.0,0.5488240718841553,,
S12,NOTE,64,,,,,,,,,,,,,,,,,,,,,,2,46,0.71875,18.0,0.28125,0.71875,2,,,,64.0,1.0,0.4930829703807831,,
S12,NOTE,56,,,,,,,,,,,,,,,,,,,,,,3,20,0.35714285714285715,36.0,0.6428571428571429,0.6428571428571429,2,,,,64.0,0.0,,,
S12,DELTA,64,,,,,,,,,,,,,,,,,,,,,,0,31,0.484375,33.0,0.515625,0.515625,2,,,,,,,0.25134655833244324,8.0
S12,DELTA,64,,,,,,,,,,,,,,,,,,,,,,1,29,0.453125,35.0,0.546875,0.546875,2,,,,,,,0.06341543048620224,23.0
S12,DELTA,64,,,,,,,,,,,,,,,,,,,,,,2,46,0.71875,18.0,0.28125,0.71875,2,,,,,,,0.023640986531972885,64.0
S12,DELTA,56,,,,,,,,,,,,,,,,,,,,,,3,20,0.35714285714285715,36.0,0.6428571428571429,0.6428571428571429,2,,,,,,,0.0038578505627810955,56.0
S13,DynaMixEMATent,64,0.038799114525318146,0.9307592511177063,0.9307592511177063,0.8919601440429688,0.4525704972142464,0.26820172745044174,0.2792277753353119,0.3721033056944063,59.5685920715332,0.19999999999999996,1.0,0.6262033581733704,0.2,0.0,1.0,64.0,1.0,0.0,0.0,1.0,1.0,0,22,0.34375,42.0,0.65625,0.65625,2,0.15625,,,,,,,
S13,DynaMixEMATent,64,0.08603552728891373,0.9785504937171936,0.9785504937171936,0.8925149440765381,0.27193854764046954,0.43449630424437247,0.29356514811515805,0.6150550232411254,122.1958236694336,0.19999999999999996,1.0,0.5680016279220581,0.2,0.0,1.0,40.0,0.625,24.0,0.375,0.625,2.0,1,37,0.578125,27.0,0.421875,0.578125,2,0.078125,,,,,,,
S13,DynaMixEMATent,64,0.2014605700969696,0.9585034251213074,0.9585034251213074,0.7570428848266602,0.16983064030929026,0.5426183321543175,0.2875510275363922,0.761624134677287,183.54004287719727,0.19999999999999996,1.0,0.5210356116294861,0.2,0.0,1.0,32.0,0.5,32.0,0.5,0.5,2.0,2,18,0.28125,46.0,0.71875,0.71875,2,0.21875,,,,,,,
S13,DynaMixEMATent,64,0.0697653666138649,0.9861414432525635,0.9861414432525635,0.9163761138916016,0.10251661072538008,0.601640956298851,0.295842432975769,0.8544123992608428,246.65309524536133,0.19999999999999996,1.0,0.6260338425636292,0.2,0.0,1.0,37.0,0.578125,27.0,0.421875,0.578125,2.0,3,55,0.859375,9.0,0.140625,0.859375,2,0.359375,,,,,,,
S13,DynaMixEMATent,21,0.07657303661108017,0.9652093052864075,0.9652093052864075,0.8886362314224243,0.08828309227072303,0.6221541161433547,0.28956279158592224,0.875734137760325,266.9224906563759,0.19999999999999996,1.0,0.5172256231307983,0.2,0.0,1.0,17.0,0.8095238095238095,4.0,0.19047619047619047,0.8095238095238095,2.0,4,21,1.0,,,1.0,1,0.0,,,,,,,
S13,TEMA,64,,,,,,,,,,,,,,,,,,,,,,0,22,0.34375,42.0,0.65625,0.65625,2,,,,,,,,
S13,TEMA,64,,,,,,,,,,,,,,,,,,,,,,1,37,0.578125,27.0,0.421875,0.578125,2,,,,,,,,
S13,TEMA,64,,,,,,,,,,,,,,,,,,,,,,2,18,0.28125,46.0,0.71875,0.71875,2,,,,,,,,
S13,TEMA,64,,,,,,,,,,,,,,,,,,,,,,3,55,0.859375,9.0,0.140625,0.859375,2,,,,,,,,
S13,TEMA,21,,,,,,,,,,,,,,,,,,,,,,4,21,1.0,0.0,0.0,1.0,1,,,,,,,,
S13,DUA,64,,,,,,,,,,,,,,,,,,,,,,0,22,0.34375,42.0,0.65625,0.65625,2,,0.099,,,,,,
S13,DUA,64,,,,,,,,,,,,,,,,,,,,,,1,37,0.578125,27.0,0.421875,0.578125,2,,0.09336,,,,,,
S13,DUA,64,,,,,,,,,,,,,,,,,,,,,,2,18,0.28125,46.0,0.71875,0.71875,2,,0.0880584,,,,,,
S13,DUA,64,,,,,,,,,,,,,,,,,,,,,,3,55,0.859375,9.0,0.140625,0.859375,2,,0.083074896,,,,,,
S13,DUA,21,,,,,,,,,,,,,,,,,,,,,,4,21,1.0,0.0,0.0,1.0,1,,0.07839040223999999,,,,,,
S13,RoTTA,64,,,,,,,,,,,,,,,,,,,,,,0,22,0.34375,42.0,0.65625,0.65625,2,,,57.0,,,,,
S13,RoTTA,64,,,,,,,,,,,,,,,,,,,,,,1,37,0.578125,27.0,0.421875,0.578125,2,,,64.0,,,,,
S13,RoTTA,64,,,,,,,,,,,,,,,,,,,,,,2,18,0.28125,46.0,0.71875,0.71875,2,,,64.0,,,,,
S13,RoTTA,64,,,,,,,,,,,,,,,,,,,,,,3,55,0.859375,9.0,0.140625,0.859375,2,,,64.0,,,,,
S13,RoTTA,21,,,,,,,,,,,,,,,,,,,,,,4,21,1.0,0.0,0.0,1.0,1,,,64.0,,,,,
S13,NOTE,64,,,,,,,,,,,,,,,,,,,,,,0,22,0.34375,42.0,0.65625,0.65625,2,,,,64.0,1.0,0.6367276310920715,,
S13,NOTE,64,,,,,,,,,,,,,,,,,,,,,,1,37,0.578125,27.0,0.421875,0.578125,2,,,,64.0,1.0,0.5280179977416992,,
S13,NOTE,64,,,,,,,,,,,,,,,,,,,,,,2,18,0.28125,46.0,0.71875,0.71875,2,,,,64.0,1.0,0.5977354645729065,,
S13,NOTE,64,,,,,,,,,,,,,,,,,,,,,,3,55,0.859375,9.0,0.140625,0.859375,2,,,,64.0,1.0,0.6373819708824158,,
S13,NOTE,21,,,,,,,,,,,,,,,,,,,,,,4,21,1.0,0.0,0.0,1.0,1,,,,64.0,0.0,,,
S13,DELTA,64,,,,,,,,,,,,,,,,,,,,,,0,22,0.34375,42.0,0.65625,0.65625,2,,,,,,,,0.0
S13,DELTA,64,,,,,,,,,,,,,,,,,,,,,,1,37,0.578125,27.0,0.421875,0.578125,2,,,,,,,0.0921894907951355,48.0
S13,DELTA,64,,,,,,,,,,,,,,,,,,,,,,2,18,0.28125,46.0,0.71875,0.71875,2,,,,,,,0.04380923509597778,41.0
S13,DELTA,64,,,,,,,,,,,,,,,,,,,,,,3,55,0.859375,9.0,0.140625,0.859375,2,,,,,,,0.17645923793315887,11.0
S13,DELTA,21,,,,,,,,,,,,,,,,,,,,,,4,21,1.0,0.0,0.0,1.0,1,,,,,,,0.1794584095478058,5.0
S14,DynaMixEMATent,64,0.16192351281642914,0.6954329013824463,0.6954329013824463,0.533509373664856,0.5589440248942068,0.23242610469105926,0.20862987041473388,0.29370088154940466,44.50770568847656,0.19999999999999996,1.0,0.5571712851524353,0.2,0.0,1.0,25.0,0.390625,39.0,0.609375,0.609375,2.0,0,28,0.4375,36.0,0.5625,0.5625,2,0.0625,,,,,,,
S14,DynaMixEMATent,64,0.30219170451164246,0.998305082321167,0.998305082321167,0.6961134076118469,0.3003466996192867,0.40016177568436323,0.2994915246963501,0.571244731208862,108.39923095703125,0.19999999999999996,1.0,0.6082944273948669,0.2,0.0,1.0,38.0,0.59375,26.0,0.40625,0.59375,2.0,1,62,0.96875,2.0,0.03125,0.96875,2,0.46875,,,,,,,
S14,DynaMixEMATent,64,0.4699462354183197,0.9922606348991394,0.9922606348991394,0.5223143696784973,0.18334917736537817,0.51897263216488,0.2976781904697418,0.7389385109825798,171.90391159057617,0.19999999999999996,1.0,0.5719466209411621,0.2,0.0,1.0,39.0,0.609375,25.0,0.390625,0.609375,2.0,2,33,0.515625,31.0,0.484375,0.515625,2,0.015625,,,,,,,
S14,DynaMixEMATent,52,0.16733601689338684,0.7126985192298889,0.7126985192298889,0.5453624725341797,0.15364826180191013,0.6325421824291232,0.21380955576896668,0.8045661036338437,208.9642345905304,0.19999999999999996,1.0,0.6020724773406982,0.2,0.0,1.0,18.0,0.34615384615384615,34.0,0.6538461538461539,0.6538461538461539,2.0,3,43,0.8269230769230769,9.0,0.17307692307692307,0.8269230769230769,2,0.32692307692307687,,,,,,,
S14,TEMA,64,,,,,,,,,,,,,,,,,,,,,,0,28,0.4375,36.0,0.5625,0.5625,2,,,,,,,,
S14,TEMA,64,,,,,,,,,,,,,,,,,,,,,,1,62,0.96875,2.0,0.03125,0.96875,2,,,,,,,,
S14,TEMA,64,,,,,,,,,,,,,,,,,,,,,,2,33,0.515625,31.0,0.484375,0.515625,2,,,,,,,,
S14,TEMA,52,,,,,,,,,,,,,,,,,,,,,,3,43,0.8269230769230769,9.0,0.17307692307692307,0.8269230769230769,2,,,,,,,,
S14,DUA,64,,,,,,,,,,,,,,,,,,,,,,0,28,0.4375,36.0,0.5625,0.5625,2,,0.099,,,,,,
S14,DUA,64,,,,,,,,,,,,,,,,,,,,,,1,62,0.96875,2.0,0.03125,0.96875,2,,0.09336,,,,,,
S14,DUA,64,,,,,,,,,,,,,,,,,,,,,,2,33,0.515625,31.0,0.484375,0.515625,2,,0.0880584,,,,,,
S14,DUA,52,,,,,,,,,,,,,,,,,,,,,,3,43,0.8269230769230769,9.0,0.17307692307692307,0.8269230769230769,2,,0.083074896,,,,,,
S14,RoTTA,64,,,,,,,,,,,,,,,,,,,,,,0,28,0.4375,36.0,0.5625,0.5625,2,,,58.0,,,,,
S14,RoTTA,64,,,,,,,,,,,,,,,,,,,,,,1,62,0.96875,2.0,0.03125,0.96875,2,,,64.0,,,,,
S14,RoTTA,64,,,,,,,,,,,,,,,,,,,,,,2,33,0.515625,31.0,0.484375,0.515625,2,,,64.0,,,,,
S14,RoTTA,52,,,,,,,,,,,,,,,,,,,,,,3,43,0.8269230769230769,9.0,0.17307692307692307,0.8269230769230769,2,,,64.0,,,,,
S14,NOTE,64,,,,,,,,,,,,,,,,,,,,,,0,28,0.4375,36.0,0.5625,0.5625,2,,,,64.0,1.0,0.6044585704803467,,
S14,NOTE,64,,,,,,,,,,,,,,,,,,,,,,1,62,0.96875,2.0,0.03125,0.96875,2,,,,64.0,1.0,0.6210477352142334,,
S14,NOTE,64,,,,,,,,,,,,,,,,,,,,,,2,33,0.515625,31.0,0.484375,0.515625,2,,,,64.0,1.0,0.5847158432006836,,
S14,NOTE,52,,,,,,,,,,,,,,,,,,,,,,3,43,0.8269230769230769,9.0,0.17307692307692307,0.8269230769230769,2,,,,64.0,0.0,,,
S14,DELTA,64,,,,,,,,,,,,,,,,,,,,,,0,28,0.4375,36.0,0.5625,0.5625,2,,,,,,,0.25726547837257385,6.0
S14,DELTA,64,,,,,,,,,,,,,,,,,,,,,,1,62,0.96875,2.0,0.03125,0.96875,2,,,,,,,0.0011615563416853547,61.0
S14,DELTA,64,,,,,,,,,,,,,,,,,,,,,,2,33,0.515625,31.0,0.484375,0.515625,2,,,,,,,0.04167990759015083,43.0
S14,DELTA,52,,,,,,,,,,,,,,,,,,,,,,3,43,0.8269230769230769,9.0,0.17307692307692307,0.8269230769230769,2,,,,,,,,0.0
S15,DynaMixEMATent,64,0.14287330210208893,0.9753223657608032,0.9753223657608032,0.8324490785598755,0.4343886955294139,0.2730145947423452,0.292596709728241,0.3859391078566552,62.420631408691406,0.19999999999999996,1.0,0.6574567556381226,0.2,0.0,1.0,35.0,0.546875,29.0,0.453125,0.546875,2.0,0,31,0.484375,33.0,0.515625,0.515625,2,0.015625,,,,,,,
S15,DynaMixEMATent,64,0.1392749845981598,0.8708915710449219,0.8708915710449219,0.7316166162490845,0.2934857101080443,0.4452468185784791,0.26126747131347655,0.6027172234721193,118.1576919555664,0.19999999999999996,1.0,0.619082510471344,0.2,0.0,1.0,27.0,0.421875,37.0,0.578125,0.578125,2.0,1,30,0.46875,34.0,0.53125,0.53125,2,0.03125,,,,,,,
S15,DynaMixEMATent,64,0.39007601141929626,0.9063841700553894,0.9063841700553894,0.5163081884384155,0.18384966790874346,0.5442350810746398,0.2719152510166168,0.7474886430934713,176.16627883911133,0.19999999999999996,1.0,0.49107521772384644,0.2,0.0,1.0,52.0,0.8125,12.0,0.1875,0.8125,2.0,2,40,0.625,24.0,0.375,0.625,2,0.125,,,,,,,
S15,DynaMixEMATent,64,0.17939148843288422,0.9385201334953308,0.9385201334953308,0.7591286897659302,0.11346887683454723,0.6049750831168536,0.28155604004859924,0.8420630095599623,236.2315673828125,0.19999999999999996,1.0,0.5285438895225525,0.2,0.0,1.0,48.0,0.75,16.0,0.25,0.75,2.0,3,31,0.484375,33.0,0.515625,0.515625,2,0.015625,,,,,,,
S15,DynaMixEMATent,64,0.17345646023750305,0.9381692409515381,0.9381692409515381,0.7647127509117126,0.07099365288664393,0.6475555748278947,0.2814507722854614,0.9011986233532661,296.27439880371094,0.19999999999999996,1.0,0.5214177966117859,0.2,0.0,1.0,50.0,0.78125,14.0,0.21875,0.78125,2.0,4,26,0.40625,38.0,0.59375,0.59375,2,0.09375,,,,,,,
S15,TEMA,64,,,,,,,,,,,,,,,,,,,,,,0,31,0.484375,33.0,0.515625,0.515625,2,,,,,,,,
S15,TEMA,64,,,,,,,,,,,,,,,,,,,,,,1,30,0.46875,34.0,0.53125,0.53125,2,,,,,,,,
S15,TEMA,64,,,,,,,,,,,,,,,,,,,,,,2,40,0.625,24.0,0.375,0.625,2,,,,,,,,
S15,TEMA,64,,,,,,,,,,,,,,,,,,,,,,3,31,0.484375,33.0,0.515625,0.515625,2,,,,,,,,
S15,TEMA,64,,,,,,,,,,,,,,,,,,,,,,4,26,0.40625,38.0,0.59375,0.59375,2,,,,,,,,
S15,DUA,64,,,,,,,,,,,,,,,,,,,,,,0,31,0.484375,33.0,0.515625,0.515625,2,,0.099,,,,,,
S15,DUA,64,,,,,,,,,,,,,,,,,,,,,,1,30,0.46875,34.0,0.53125,0.53125,2,,0.09336,,,,,,
S15,DUA,64,,,,,,,,,,,,,,,,,,,,,,2,40,0.625,24.0,0.375,0.625,2,,0.0880584,,,,,,
S15,DUA,64,,,,,,,,,,,,,,,,,,,,,,3,31,0.484375,33.0,0.515625,0.515625,2,,0.083074896,,,,,,
S15,DUA,64,,,,,,,,,,,,,,,,,,,,,,4,26,0.40625,38.0,0.59375,0.59375,2,,0.07839040223999999,,,,,,
S15,RoTTA,64,,,,,,,,,,,,,,,,,,,,,,0,31,0.484375,33.0,0.515625,0.515625,2,,,55.0,,,,,
S15,RoTTA,64,,,,,,,,,,,,,,,,,,,,,,1,30,0.46875,34.0,0.53125,0.53125,2,,,64.0,,,,,
S15,RoTTA,64,,,,,,,,,,,,,,,,,,,,,,2,40,0.625,24.0,0.375,0.625,2,,,64.0,,,,,
S15,RoTTA,64,,,,,,,,,,,,,,,,,,,,,,3,31,0.484375,33.0,0.515625,0.515625,2,,,64.0,,,,,
S15,RoTTA,64,,,,,,,,,,,,,,,,,,,,,,4,26,0.40625,38.0,0.59375,0.59375,2,,,64.0,,,,,
S15,NOTE,64,,,,,,,,,,,,,,,,,,,,,,0,31,0.484375,33.0,0.515625,0.515625,2,,,,64.0,1.0,0.6035915613174438,,
S15,NOTE,64,,,,,,,,,,,,,,,,,,,,,,1,30,0.46875,34.0,0.53125,0.53125,2,,,,64.0,1.0,0.6275665163993835,,
S15,NOTE,64,,,,,,,,,,,,,,,,,,,,,,2,40,0.625,24.0,0.375,0.625,2,,,,64.0,1.0,0.5254944562911987,,
S15,NOTE,64,,,,,,,,,,,,,,,,,,,,,,3,31,0.484375,33.0,0.515625,0.515625,2,,,,64.0,1.0,0.570026159286499,,
S15,NOTE,64,,,,,,,,,,,,,,,,,,,,,,4,26,0.40625,38.0,0.59375,0.59375,2,,,,64.0,1.0,0.6249676942825317,,
S15,DELTA,64,,,,,,,,,,,,,,,,,,,,,,0,31,0.484375,33.0,0.515625,0.515625,2,,,,,,,0.20730125904083252,5.0
S15,DELTA,64,,,,,,,,,,,,,,,,,,,,,,1,30,0.46875,34.0,0.53125,0.53125,2,,,,,,,0.19175371527671814,10.0
S15,DELTA,64,,,,,,,,,,,,,,,,,,,,,,2,40,0.625,24.0,0.375,0.625,2,,,,,,,0.02905029058456421,52.0
S15,DELTA,64,,,,,,,,,,,,,,,,,,,,,,3,31,0.484375,33.0,0.515625,0.515625,2,,,,,,,0.09829648584127426,54.0
S15,DELTA,64,,,,,,,,,,,,,,,,,,,,,,4,26,0.40625,38.0,0.59375,0.59375,2,,,,,,,0.12325965613126755,31.0
S16,DynaMixEMATent,64,0.2977198660373688,0.7859188318252563,0.7859188318252563,0.4881989657878876,0.5158943428369589,0.24833000761546425,0.2357756495475769,0.3249438564322795,50.298805236816406,0.19999999999999996,1.0,0.6025217771530151,0.2,0.0,1.0,29.0,0.453125,35.0,0.546875,0.546875,2.0,0,17,0.265625,47.0,0.734375,0.734375,2,0.234375,,,,,,,
S16,DynaMixEMATent,64,0.3283131718635559,0.7363167405128479,0.7363167405128479,0.408003568649292,0.3639541908389728,0.41515078700717284,0.22089502215385437,0.5328560320008058,97.42307662963867,0.19999999999999996,1.0,0.6257427334785461,0.2,0.0,1.0,34.0,0.53125,30.0,0.46875,0.53125,2.0,1,54,0.84375,10.0,0.15625,0.84375,2,0.34375,,,,,,,
S16,DynaMixEMATent,64,0.22387030720710754,0.5781329870223999,0.5781329870223999,0.35426270961761475,0.28919128527329013,0.5373688186199899,0.17343989610671998,0.6501267313639558,134.42358779907227,0.19999999999999996,1.0,0.5316832661628723,0.2,0.0,1.0,17.0,0.265625,47.0,0.734375,0.734375,2.0,2,31,0.484375,33.0,0.515625,0.515625,2,0.015625,,,,,,,
S16,DynaMixEMATent,29,0.45149680972099304,0.8253979682922363,0.8253979682922363,0.3739011585712433,0.21834007376759734,0.5340405357447318,0.2476193904876709,0.7098010355302499,158.36012887954712,0.19999999999999996,1.0,0.6473922729492188,0.2,0.0,1.0,8.0,0.27586206896551724,21.0,0.7241379310344828,0.7241379310344828,2.0,3,2,0.06896551724137931,27.0,0.9310344827586207,0.9310344827586207,2,0.43103448275862066,,,,,,,
S16,TEMA,64,,,,,,,,,,,,,,,,,,,,,,0,17,0.265625,47.0,0.734375,0.734375,2,,,,,,,,
S16,TEMA,64,,,,,,,,,,,,,,,,,,,,,,1,54,0.84375,10.0,0.15625,0.84375,2,,,,,,,,
S16,TEMA,64,,,,,,,,,,,,,,,,,,,,,,2,31,0.484375,33.0,0.515625,0.515625,2,,,,,,,,
S16,TEMA,29,,,,,,,,,,,,,,,,,,,,,,3,2,0.06896551724137931,27.0,0.9310344827586207,0.9310344827586207,2,,,,,,,,
S16,DUA,64,,,,,,,,,,,,,,,,,,,,,,0,17,0.265625,47.0,0.734375,0.734375,2,,0.099,,,,,,
S16,DUA,64,,,,,,,,,,,,,,,,,,,,,,1,54,0.84375,10.0,0.15625,0.84375,2,,0.09336,,,,,,
S16,DUA,64,,,,,,,,,,,,,,,,,,,,,,2,31,0.484375,33.0,0.515625,0.515625,2,,0.0880584,,,,,,
S16,DUA,29,,,,,,,,,,,,,,,,,,,,,,3,2,0.06896551724137931,27.0,0.9310344827586207,0.9310344827586207,2,,0.083074896,,,,,,
S16,RoTTA,64,,,,,,,,,,,,,,,,,,,,,,0,17,0.265625,47.0,0.734375,0.734375,2,,,57.0,,,,,
S16,RoTTA,64,,,,,,,,,,,,,,,,,,,,,,1,54,0.84375,10.0,0.15625,0.84375,2,,,64.0,,,,,
S16,RoTTA,64,,,,,,,,,,,,,,,,,,,,,,2,31,0.484375,33.0,0.515625,0.515625,2,,,64.0,,,,,
S16,RoTTA,29,,,,,,,,,,,,,,,,,,,,,,3,2,0.06896551724137931,27.0,0.9310344827586207,0.9310344827586207,2,,,64.0,,,,,
S16,NOTE,64,,,,,,,,,,,,,,,,,,,,,,0,17,0.265625,47.0,0.734375,0.734375,2,,,,64.0,1.0,0.6109758615493774,,
S16,NOTE,64,,,,,,,,,,,,,,,,,,,,,,1,54,0.84375,10.0,0.15625,0.84375,2,,,,64.0,1.0,0.6499503254890442,,
S16,NOTE,64,,,,,,,,,,,,,,,,,,,,,,2,31,0.484375,33.0,0.515625,0.515625,2,,,,64.0,1.0,0.550574779510498,,
S16,NOTE,29,,,,,,,,,,,,,,,,,,,,,,3,2,0.06896551724137931,27.0,0.9310344827586207,0.9310344827586207,2,,,,64.0,0.0,,,
S16,DELTA,64,,,,,,,,,,,,,,,,,,,,,,0,17,0.265625,47.0,0.734375,0.734375,2,,,,,,,0.30833786725997925,2.0
S16,DELTA,64,,,,,,,,,,,,,,,,,,,,,,1,54,0.84375,10.0,0.15625,0.84375,2,,,,,,,0.14377501606941223,35.0
S16,DELTA,64,,,,,,,,,,,,,,,,,,,,,,2,31,0.484375,33.0,0.515625,0.515625,2,,,,,,,0.0987301766872406,43.0
S16,DELTA,29,,,,,,,,,,,,,,,,,,,,,,3,2,0.06896551724137931,27.0,0.9310344827586207,0.9310344827586207,2,,,,,,,0.08412500470876694,28.0
S17,DynaMixEMATent,64,0.026080168783664703,0.18227149546146393,0.18227149546146393,0.15619131922721863,0.8629754249275545,0.08234312643400636,0.05468144863843918,0.08710622077119501,11.665375709533691,0.19999999999999996,0.0,0.2404680848121643,0.2,0.0,1.0,0.0,0.0,64.0,1.0,1.0,1.0,0,38,0.59375,26.0,0.40625,0.59375,2,0.09375,,,,,,,
S17,DynaMixEMATent,64,0.020879274234175682,0.13004173338413239,0.13004173338413239,0.10916246473789215,0.8220529149074539,0.1389345650773064,0.039012520015239714,0.1445747920456879,19.988046646118164,0.19999999999999996,0.0,0.19267140328884125,0.2,0.0,1.0,0.0,0.0,64.0,1.0,1.0,1.0,1,51,0.796875,13.0,0.203125,0.796875,2,0.296875,,,,,,,
S17,DynaMixEMATent,64,0.042651932686567307,0.28527945280075073,0.28527945280075073,0.24262753129005432,0.6782320247834345,0.2361841393763403,0.08558383584022522,0.2582895498061998,38.24593162536621,0.19999999999999996,1.0,0.645766019821167,0.2,0.0,1.0,16.0,0.25,48.0,0.75,0.75,2.0,2,22,0.34375,42.0,0.65625,0.65625,2,0.15625,,,,,,,
S17,DynaMixEMATent,64,0.04224150627851486,0.19522200524806976,0.19522200524806976,0.1529804915189743,0.6333329443435383,0.3081004540820408,0.05856660157442092,0.327267393102154,50.740139961242676,0.19999999999999996,0.0,0.5886218547821045,0.2,0.0,1.0,15.0,0.234375,49.0,0.765625,0.765625,2.0,3,39,0.609375,25.0,0.390625,0.609375,2,0.109375,,,,,,,
S17,DynaMixEMATent,30,0.029624441638588905,0.3193124830722809,0.3193124830722809,0.2896880507469177,0.5644271290993272,0.33977912597898857,0.09579374492168426,0.3757761285886696,60.3195144534111,0.19999999999999996,1.0,0.5888878703117371,0.2,0.0,1.0,30.0,1.0,0.0,0.0,1.0,1.0,4,0,0.0,30.0,1.0,1.0,1,0.5,,,,,,,
S17,TEMA,64,,,,,,,,,,,,,,,,,,,,,,0,38,0.59375,26.0,0.40625,0.59375,2,,,,,,,,
S17,TEMA,64,,,,,,,,,,,,,,,,,,,,,,1,51,0.796875,13.0,0.203125,0.796875,2,,,,,,,,
S17,TEMA,64,,,,,,,,,,,,,,,,,,,,,,2,22,0.34375,42.0,0.65625,0.65625,2,,,,,,,,
S17,TEMA,64,,,,,,,,,,,,,,,,,,,,,,3,39,0.609375,25.0,0.390625,0.609375,2,,,,,,,,
S17,TEMA,30,,,,,,,,,,,,,,,,,,,,,,4,0,0.0,30.0,1.0,1.0,1,,,,,,,,
S17,DUA,64,,,,,,,,,,,,,,,,,,,,,,0,38,0.59375,26.0,0.40625,0.59375,2,,0.099,,,,,,
S17,DUA,64,,,,,,,,,,,,,,,,,,,,,,1,51,0.796875,13.0,0.203125,0.796875,2,,0.09336,,,,,,
S17,DUA,64,,,,,,,,,,,,,,,,,,,,,,2,22,0.34375,42.0,0.65625,0.65625,2,,0.0880584,,,,,,
S17,DUA,64,,,,,,,,,,,,,,,,,,,,,,3,39,0.609375,25.0,0.390625,0.609375,2,,0.083074896,,,,,,
S17,DUA,30,,,,,,,,,,,,,,,,,,,,,,4,0,0.0,30.0,1.0,1.0,1,,0.07839040223999999,,,,,,
S17,RoTTA,64,,,,,,,,,,,,,,,,,,,,,,0,38,0.59375,26.0,0.40625,0.59375,2,,,62.0,,,,,
S17,RoTTA,64,,,,,,,,,,,,,,,,,,,,,,1,51,0.796875,13.0,0.203125,0.796875,2,,,64.0,,,,,
S17,RoTTA,64,,,,,,,,,,,,,,,,,,,,,,2,22,0.34375,42.0,0.65625,0.65625,2,,,64.0,,,,,
S17,RoTTA,64,,,,,,,,,,,,,,,,,,,,,,3,39,0.609375,25.0,0.390625,0.609375,2,,,64.0,,,,,
S17,RoTTA,30,,,,,,,,,,,,,,,,,,,,,,4,0,0.0,30.0,1.0,1.0,1,,,64.0,,,,,
S17,NOTE,64,,,,,,,,,,,,,,,,,,,,,,0,38,0.59375,26.0,0.40625,0.59375,2,,,,64.0,1.0,0.6676977872848511,,
S17,NOTE,64,,,,,,,,,,,,,,,,,,,,,,1,51,0.796875,13.0,0.203125,0.796875,2,,,,64.0,1.0,0.6219426393508911,,
S17,NOTE,64,,,,,,,,,,,,,,,,,,,,,,2,22,0.34375,42.0,0.65625,0.65625,2,,,,64.0,1.0,0.589150071144104,,
S17,NOTE,64,,,,,,,,,,,,,,,,,,,,,,3,39,0.609375,25.0,0.390625,0.609375,2,,,,64.0,1.0,0.5769838094711304,,
S17,NOTE,30,,,,,,,,,,,,,,,,,,,,,,4,0,0.0,30.0,1.0,1.0,1,,,,64.0,0.0,,,
S17,DELTA,64,,,,,,,,,,,,,,,,,,,,,,0,38,0.59375,26.0,0.40625,0.59375,2,,,,,,,,0.0
S17,DELTA,64,,,,,,,,,,,,,,,,,,,,,,1,51,0.796875,13.0,0.203125,0.796875,2,,,,,,,0.14067527651786804,26.0
S17,DELTA,64,,,,,,,,,,,,,,,,,,,,,,2,22,0.34375,42.0,0.65625,0.65625,2,,,,,,,0.19062505662441254,28.0
S17,DELTA,64,,,,,,,,,,,,,,,,,,,,,,3,39,0.609375,25.0,0.390625,0.609375,2,,,,,,,0.1330653578042984,20.0
S17,DELTA,30,,,,,,,,,,,,,,,,,,,,,,4,0,0.0,30.0,1.0,1.0,1,,,,,,,0.28797203302383423,7.0
S18,DynaMixEMATent,64,0.3615211248397827,0.8299975395202637,0.8299975395202637,0.46847644448280334,0.4959166483316629,0.255084089812258,0.2489992618560791,0.3396589069175775,53.119842529296875,0.19999999999999996,1.0,0.4300386607646942,0.2,0.0,1.0,5.0,0.078125,59.0,0.921875,0.921875,2.0,0,42,0.65625,22.0,0.34375,0.65625,2,0.15625,,,,,,,
S18,DynaMixEMATent,64,0.28062936663627625,0.4844624996185303,0.4844624996185303,0.20383313298225403,0.4429580951204621,0.41170315499397886,0.1453387498855591,0.4817150127478588,84.12544250488281,0.19999999999999996,1.0,0.2666582465171814,0.2,0.0,1.0,8.0,0.125,56.0,0.875,0.875,2.0,1,25,0.390625,39.0,0.609375,0.609375,2,0.109375,,,,,,,
S18,DynaMixEMATent,64,0.03180957958102226,0.211373433470726,0.211373433470726,0.17956385016441345,0.43673504898156973,0.4998529209772125,0.0634120300412178,0.5336956452678014,97.65334224700928,0.19999999999999996,1.0,0.4031327962875366,0.2,0.0,1.0,0.0,0.0,64.0,1.0,1.0,1.0,2,26,0.40625,38.0,0.59375,0.59375,2,0.09375,,,,,,,
S18,DynaMixEMATent,63,0.6305385828018188,0.999626100063324,0.999626100063324,0.3690875470638275,0.19960099675076862,0.5005111732302343,0.29988783001899716,0.7149014039333373,160.6297865509987,0.19999999999999996,1.0,0.4955750107765198,0.2,0.0,1.0,47.0,0.746031746031746,16.0,0.25396825396825395,0.746031746031746,2.0,3,42,0.6666666666666666,21.0,0.3333333333333333,0.6666666666666666,2,0.16666666666666663,,,,,,,
S18,TEMA,64,,,,,,,,,,,,,,,,,,,,,,0,42,0.65625,22.0,0.34375,0.65625,2,,,,,,,,
S18,TEMA,64,,,,,,,,,,,,,,,,,,,,,,1,25,0.390625,39.0,0.609375,0.609375,2,,,,,,,,
S18,TEMA,64,,,,,,,,,,,,,,,,,,,,,,2,26,0.40625,38.0,0.59375,0.59375,2,,,,,,,,
S18,TEMA,63,,,,,,,,,,,,,,,,,,,,,,3,42,0.6666666666666666,21.0,0.3333333333333333,0.6666666666666666,2,,,,,,,,
S18,DUA,64,,,,,,,,,,,,,,,,,,,,,,0,42,0.65625,22.0,0.34375,0.65625,2,,0.099,,,,,,
S18,DUA,64,,,,,,,,,,,,,,,,,,,,,,1,25,0.390625,39.0,0.609375,0.609375,2,,0.09336,,,,,,
S18,DUA,64,,,,,,,,,,,,,,,,,,,,,,2,26,0.40625,38.0,0.59375,0.59375,2,,0.0880584,,,,,,
S18,DUA,63,,,,,,,,,,,,,,,,,,,,,,3,42,0.6666666666666666,21.0,0.3333333333333333,0.6666666666666666,2,,0.083074896,,,,,,
S18,RoTTA,64,,,,,,,,,,,,,,,,,,,,,,0,42,0.65625,22.0,0.34375,0.65625,2,,,55.0,,,,,
S18,RoTTA,64,,,,,,,,,,,,,,,,,,,,,,1,25,0.390625,39.0,0.609375,0.609375,2,,,64.0,,,,,
S18,RoTTA,64,,,,,,,,,,,,,,,,,,,,,,2,26,0.40625,38.0,0.59375,0.59375,2,,,64.0,,,,,
S18,RoTTA,63,,,,,,,,,,,,,,,,,,,,,,3,42,0.6666666666666666,21.0,0.3333333333333333,0.6666666666666666,2,,,64.0,,,,,
S18,NOTE,64,,,,,,,,,,,,,,,,,,,,,,0,42,0.65625,22.0,0.34375,0.65625,2,,,,64.0,1.0,0.6507131457328796,,
S18,NOTE,64,,,,,,,,,,,,,,,,,,,,,,1,25,0.390625,39.0,0.609375,0.609375,2,,,,64.0,1.0,0.6022467017173767,,
S18,NOTE,64,,,,,,,,,,,,,,,,,,,,,,2,26,0.40625,38.0,0.59375,0.59375,2,,,,64.0,1.0,0.6392033696174622,,
S18,NOTE,63,,,,,,,,,,,,,,,,,,,,,,3,42,0.6666666666666666,21.0,0.3333333333333333,0.6666666666666666,2,,,,64.0,0.0,,,
S18,DELTA,64,,,,,,,,,,,,,,,,,,,,,,0,42,0.65625,22.0,0.34375,0.65625,2,,,,,,,,0.0
S18,DELTA,64,,,,,,,,,,,,,,,,,,,,,,1,25,0.390625,39.0,0.609375,0.609375,2,,,,,,,0.16899970173835754,7.0
S18,DELTA,64,,,,,,,,,,,,,,,,,,,,,,2,26,0.40625,38.0,0.59375,0.59375,2,,,,,,,0.23713040351867676,3.0
S18,DELTA,63,,,,,,,,,,,,,,,,,,,,,,3,42,0.6666666666666666,21.0,0.3333333333333333,0.6666666666666666,2,,,,,,,0.14089104533195496,35.0
S19,DynaMixEMATent,64,0.12832202017307281,0.7495141625404358,0.7495141625404358,0.6211921572685242,0.532878794844948,0.24226695639292123,0.22485424876213073,0.31254374549048736,47.96890640258789,0.19999999999999996,1.0,0.5330284833908081,0.2,0.0,1.0,1.0,0.015625,63.0,0.984375,0.984375,2.0,0,32,0.5,32.0,0.5,0.5,2,0.0,,,,,,,
S19,DynaMixEMATent,64,0.21419471502304077,0.797884464263916,0.797884464263916,0.5836897492408752,0.35088335675140975,0.40975130396941545,0.2393653392791748,0.538696597892488,99.03351211547852,0.19999999999999996,1.0,0.5310917496681213,0.2,0.0,1.0,17.0,0.265625,47.0,0.734375,0.734375,2.0,1,32,0.5,32.0,0.5,0.5,2,0.0,,,,,,,
S19,DynaMixEMATent,64,0.06534635275602341,0.5113373398780823,0.5113373398780823,0.4459909498691559,0.3024327458521617,0.5441660521844136,0.1534012019634247,0.6427673337671148,131.75910186767578,0.19999999999999996,1.0,0.4944230914115906,0.2,0.0,1.0,4.0,0.0625,60.0,0.9375,0.9375,2.0,2,6,0.09375,58.0,0.90625,0.90625,2,0.40625,,,,,,,
S19,DynaMixEMATent,9,0.23753014206886292,0.8445223569869995,0.8445223569869995,0.6069921851158142,0.2513481651112249,0.4952951277926753,0.25335670709609986,0.6633624550035626,139.35980308055878,0.19999999999999996,1.0,0.6358026266098022,0.2,0.0,1.0,1.0,0.1111111111111111,8.0,0.8888888888888888,0.8888888888888888,2.0,3,8,0.8888888888888888,1.0,0.1111111111111111,0.8888888888888888,2,0.38888888888888884,,,,,,,
S19,TEMA,64,,,,,,,,,,,,,,,,,,,,,,0,32,0.5,32.0,0.5,0.5,2,,,,,,,,
S19,TEMA,64,,,,,,,,,,,,,,,,,,,,,,1,32,0.5,32.0,0.5,0.5,2,,,,,,,,
S19,TEMA,64,,,,,,,,,,,,,,,,,,,,,,2,6,0.09375,58.0,0.90625,0.90625,2,,,,,,,,
S19,TEMA,9,,,,,,,,,,,,,,,,,,,,,,3,8,0.8888888888888888,1.0,0.1111111111111111,0.8888888888888888,2,,,,,,,,
S19,DUA,64,,,,,,,,,,,,,,,,,,,,,,0,32,0.5,32.0,0.5,0.5,2,,0.099,,,,,,
S19,DUA,64,,,,,,,,,,,,,,,,,,,,,,1,32,0.5,32.0,0.5,0.5,2,,0.09336,,,,,,
S19,DUA,64,,,,,,,,,,,,,,,,,,,,,,2,6,0.09375,58.0,0.90625,0.90625,2,,0.0880584,,,,,,
S19,DUA,9,,,,,,,,,,,,,,,,,,,,,,3,8,0.8888888888888888,1.0,0.1111111111111111,0.8888888888888888,2,,0.083074896,,,,,,
S19,RoTTA,64,,,,,,,,,,,,,,,,,,,,,,0,32,0.5,32.0,0.5,0.5,2,,,59.0,,,,,
S19,RoTTA,64,,,,,,,,,,,,,,,,,,,,,,1,32,0.5,32.0,0.5,0.5,2,,,64.0,,,,,
S19,RoTTA,64,,,,,,,,,,,,,,,,,,,,,,2,6,0.09375,58.0,0.90625,0.90625,2,,,64.0,,,,,
S19,RoTTA,9,,,,,,,,,,,,,,,,,,,,,,3,8,0.8888888888888888,1.0,0.1111111111111111,0.8888888888888888,2,,,64.0,,,,,
S19,NOTE,64,,,,,,,,,,,,,,,,,,,,,,0,32,0.5,32.0,0.5,0.5,2,,,,64.0,1.0,0.6254507303237915,,
S19,NOTE,64,,,,,,,,,,,,,,,,,,,,,,1,32,0.5,32.0,0.5,0.5,2,,,,64.0,1.0,0.5375711917877197,,
S19,NOTE,64,,,,,,,,,,,,,,,,,,,,,,2,6,0.09375,58.0,0.90625,0.90625,2,,,,64.0,1.0,0.5065117478370667,,
S19,NOTE,9,,,,,,,,,,,,,,,,,,,,,,3,8,0.8888888888888888,1.0,0.1111111111111111,0.8888888888888888,2,,,,64.0,0.0,,,
S19,DELTA,64,,,,,,,,,,,,,,,,,,,,,,0,32,0.5,32.0,0.5,0.5,2,,,,,,,0.29635074734687805,1.0
S19,DELTA,64,,,,,,,,,,,,,,,,,,,,,,1,32,0.5,32.0,0.5,0.5,2,,,,,,,0.04927776753902435,61.0
S19,DELTA,64,,,,,,,,,,,,,,,,,,,,,,2,6,0.09375,58.0,0.90625,0.90625,2,,,,,,,0.11451549828052521,26.0
S19,DELTA,9,,,,,,,,,,,,,,,,,,,,,,3,8,0.8888888888888888,1.0,0.1111111111111111,0.8888888888888888,2,,,,,,,0.029531419277191162,4.0
S20,DynaMixEMATent,64,0.3739563524723053,0.6447046399116516,0.6447046399116516,0.2707482874393463,0.5843273981040854,0.2222612099224191,0.19341139197349547,0.2755570903316249,41.2610969543457,0.19999999999999996,1.0,0.5230987071990967,0.2,0.0,1.0,21.0,0.328125,43.0,0.671875,0.671875,2.0,0,28,0.4375,36.0,0.5625,0.5625,2,0.0625,,,,,,,
S20,DynaMixEMATent,64,0.35610124468803406,0.7487049698829651,0.7487049698829651,0.39260372519493103,0.3863174345584901,0.38907107447662037,0.22461149096488953,0.5017756517449278,89.17821502685547,0.19999999999999996,1.0,0.5690044164657593,0.2,0.0,1.0,9.0,0.140625,55.0,0.859375,0.859375,2.0,1,13,0.203125,51.0,0.796875,0.796875,2,0.296875,,,,,,,
S20,DynaMixEMATent,64,0.3480263352394104,0.4598572850227356,0.4598572850227356,0.111830934882164,0.34126915978295125,0.5207736547102281,0.13795718550682068,0.6041157654291295,118.60908126831055,0.19999999999999996,1.0,0.5160675644874573,0.2,0.0,1.0,50.0,0.78125,14.0,0.21875,0.78125,2.0,2,35,0.546875,29.0,0.453125,0.546875,2,0.046875,,,,,,,
S20,DynaMixEMATent,64,0.3090216815471649,0.5750396251678467,0.5750396251678467,0.26601794362068176,0.24573199271620985,0.5817561197334362,0.172511887550354,0.7030386430703401,155.41161727905273,0.19999999999999996,1.0,0.48395299911499023,0.2,0.0,1.0,43.0,0.671875,21.0,0.328125,0.671875,2.0,3,15,0.234375,49.0,0.765625,0.765625,2,0.265625,,,,,,,
S20,DynaMixEMATent,27,0.4902706742286682,0.9299765825271606,0.9299765825271606,0.43970587849617004,0.17597266766413946,0.5450343575777125,0.27899297475814816,0.7559348778812358,180.52098500728607,0.19999999999999996,1.0,0.4443243741989136,0.2,0.0,1.0,24.0,0.8888888888888888,3.0,0.1111111111111111,0.8888888888888888,2.0,4,27,1.0,,,1.0,1,0.0,,,,,,,
S20,TEMA,64,,,,,,,,,,,,,,,,,,,,,,0,28,0.4375,36.0,0.5625,0.5625,2,,,,,,,,
S20,TEMA,64,,,,,,,,,,,,,,,,,,,,,,1,13,0.203125,51.0,0.796875,0.796875,2,,,,,,,,
S20,TEMA,64,,,,,,,,,,,,,,,,,,,,,,2,35,0.546875,29.0,0.453125,0.546875,2,,,,,,,,
S20,TEMA,64,,,,,,,,,,,,,,,,,,,,,,3,15,0.234375,49.0,0.765625,0.765625,2,,,,,,,,
S20,TEMA,27,,,,,,,,,,,,,,,,,,,,,,4,27,1.0,0.0,0.0,1.0,1,,,,,,,,
S20,DUA,64,,,,,,,,,,,,,,,,,,,,,,0,28,0.4375,36.0,0.5625,0.5625,2,,0.099,,,,,,
S20,DUA,64,,,,,,,,,,,,,,,,,,,,,,1,13,0.203125,51.0,0.796875,0.796875,2,,0.09336,,,,,,
S20,DUA,64,,,,,,,,,,,,,,,,,,,,,,2,35,0.546875,29.0,0.453125,0.546875,2,,0.0880584,,,,,,
S20,DUA,64,,,,,,,,,,,,,,,,,,,,,,3,15,0.234375,49.0,0.765625,0.765625,2,,0.083074896,,,,,,
S20,DUA,27,,,,,,,,,,,,,,,,,,,,,,4,27,1.0,0.0,0.0,1.0,1,,0.07839040223999999,,,,,,
S20,RoTTA,64,,,,,,,,,,,,,,,,,,,,,,0,28,0.4375,36.0,0.5625,0.5625,2,,,64.0,,,,,
S20,RoTTA,64,,,,,,,,,,,,,,,,,,,,,,1,13,0.203125,51.0,0.796875,0.796875,2,,,64.0,,,,,
S20,RoTTA,64,,,,,,,,,,,,,,,,,,,,,,2,35,0.546875,29.0,0.453125,0.546875,2,,,64.0,,,,,
S20,RoTTA,64,,,,,,,,,,,,,,,,,,,,,,3,15,0.234375,49.0,0.765625,0.765625,2,,,64.0,,,,,
S20,RoTTA,27,,,,,,,,,,,,,,,,,,,,,,4,27,1.0,0.0,0.0,1.0,1,,,64.0,,,,,
S20,NOTE,64,,,,,,,,,,,,,,,,,,,,,,0,28,0.4375,36.0,0.5625,0.5625,2,,,,64.0,1.0,0.6002660989761353,,
S20,NOTE,64,,,,,,,,,,,,,,,,,,,,,,1,13,0.203125,51.0,0.796875,0.796875,2,,,,64.0,1.0,0.5895826816558838,,
S20,NOTE,64,,,,,,,,,,,,,,,,,,,,,,2,35,0.546875,29.0,0.453125,0.546875,2,,,,64.0,1.0,0.6272928714752197,,
S20,NOTE,64,,,,,,,,,,,,,,,,,,,,,,3,15,0.234375,49.0,0.765625,0.765625,2,,,,64.0,1.0,0.5108345150947571,,
S20,NOTE,27,,,,,,,,,,,,,,,,,,,,,,4,27,1.0,0.0,0.0,1.0,1,,,,64.0,0.0,,,
S20,DELTA,64,,,,,,,,,,,,,,,,,,,,,,0,28,0.4375,36.0,0.5625,0.5625,2,,,,,,,0.2832714021205902,3.0
S20,DELTA,64,,,,,,,,,,,,,,,,,,,,,,1,13,0.203125,51.0,0.796875,0.796875,2,,,,,,,0.21314296126365662,25.0
S20,DELTA,64,,,,,,,,,,,,,,,,,,,,,,2,35,0.546875,29.0,0.453125,0.546875,2,,,,,,,0.10288682579994202,50.0
S20,DELTA,64,,,,,,,,,,,,,,,,,,,,,,3,15,0.234375,49.0,0.765625,0.765625,2,,,,,,,0.2202174961566925,21.0
S20,DELTA,27,,,,,,,,,,,,,,,,,,,,,,4,27,1.0,0.0,0.0,1.0,1,,,,,,,0.29346248507499695,5.0
S21,DynaMixEMATent,64,0.08001802116632462,0.8776351809501648,0.8776351809501648,0.7976171970367432,0.4750290617472322,0.26168038396771837,0.26329055428504944,0.3552016137295033,56.16865158081055,0.19999999999999996,1.0,0.6573677659034729,0.2,0.0,1.0,27.0,0.421875,37.0,0.578125,0.578125,2.0,0,2,0.03125,62.0,0.96875,0.96875,2,0.46875,,,,,,,
S21,DynaMixEMATent,64,0.06817134469747543,0.8482609391212463,0.8482609391212463,0.7800895571708679,0.31454784855091616,0.43097386971270996,0.2544782817363739,0.5780835878483583,110.45735168457031,0.19999999999999996,1.0,0.6680358052253723,0.2,0.0,1.0,17.0,0.265625,47.0,0.734375,0.734375,2.0,1,29,0.453125,35.0,0.546875,0.546875,2,0.046875,,,,,,,
S21,DynaMixEMATent,64,0.06602010130882263,0.7674387097358704,0.7674387097358704,0.7014185786247253,0.2212785375162908,0.5484898495629481,0.2302316129207611,0.7125388087761095,159.57342910766602,0.19999999999999996,1.0,0.6735479235649109,0.2,0.0,1.0,11.0,0.171875,53.0,0.828125,0.828125,2.0,2,38,0.59375,26.0,0.40625,0.59375,2,0.09375,,,,,,,
S21,DynaMixEMATent,64,0.09229250997304916,0.8860564827919006,0.8860564827919006,0.7937639951705933,0.13551234391520364,0.5986707112472262,0.2658169448375702,0.8154243101058454,216.28104400634766,0.19999999999999996,1.0,0.6575123071670532,0.2,0.0,1.0,5.0,0.078125,59.0,0.921875,0.921875,2.0,3,40,0.625,24.0,0.375,0.625,2,0.125,,,,,,,
S21,DynaMixEMATent,32,0.040728844702243805,0.7052500247955322,0.7052500247955322,0.6645211577415466,0.12200098428792167,0.6664240082734186,0.21157500743865967,0.8452598719738963,238.8490447998047,0.19999999999999996,1.0,0.6803058385848999,0.2,0.0,1.0,9.0,0.28125,23.0,0.71875,0.71875,2.0,4,23,0.71875,9.0,0.28125,0.71875,2,0.21875,,,,,,,
S21,TEMA,64,,,,,,,,,,,,,,,,,,,,,,0,2,0.03125,62.0,0.96875,0.96875,2,,,,,,,,
S21,TEMA,64,,,,,,,,,,,,,,,,,,,,,,1,29,0.453125,35.0,0.546875,0.546875,2,,,,,,,,
S21,TEMA,64,,,,,,,,,,,,,,,,,,,,,,2,38,0.59375,26.0,0.40625,0.59375,2,,,,,,,,
S21,TEMA,64,,,,,,,,,,,,,,,,,,,,,,3,40,0.625,24.0,0.375,0.625,2,,,,,,,,
S21,TEMA,32,,,,,,,,,,,,,,,,,,,,,,4,23,0.71875,9.0,0.28125,0.71875,2,,,,,,,,
S21,DUA,64,,,,,,,,,,,,,,,,,,,,,,0,2,0.03125,62.0,0.96875,0.96875,2,,0.099,,,,,,
S21,DUA,64,,,,,,,,,,,,,,,,,,,,,,1,29,0.453125,35.0,0.546875,0.546875,2,,0.09336,,,,,,
S21,DUA,64,,,,,,,,,,,,,,,,,,,,,,2,38,0.59375,26.0,0.40625,0.59375,2,,0.0880584,,,,,,
S21,DUA,64,,,,,,,,,,,,,,,,,,,,,,3,40,0.625,24.0,0.375,0.625,2,,0.083074896,,,,,,
S21,DUA,32,,,,,,,,,,,,,,,,,,,,,,4,23,0.71875,9.0,0.28125,0.71875,2,,0.07839040223999999,,,,,,
S21,RoTTA,64,,,,,,,,,,,,,,,,,,,,,,0,2,0.03125,62.0,0.96875,0.96875,2,,,61.0,,,,,
S21,RoTTA,64,,,,,,,,,,,,,,,,,,,,,,1,29,0.453125,35.0,0.546875,0.546875,2,,,64.0,,,,,
S21,RoTTA,64,,,,,,,,,,,,,,,,,,,,,,2,38,0.59375,26.0,0.40625,0.59375,2,,,64.0,,,,,
S21,RoTTA,64,,,,,,,,,,,,,,,,,,,,,,3,40,0.625,24.0,0.375,0.625,2,,,64.0,,,,,
S21,RoTTA,32,,,,,,,,,,,,,,,,,,,,,,4,23,0.71875,9.0,0.28125,0.71875,2,,,64.0,,,,,
S21,NOTE,64,,,,,,,,,,,,,,,,,,,,,,0,2,0.03125,62.0,0.96875,0.96875,2,,,,64.0,1.0,0.6251071691513062,,
S21,NOTE,64,,,,,,,,,,,,,,,,,,,,,,1,29,0.453125,35.0,0.546875,0.546875,2,,,,64.0,1.0,0.5889692306518555,,
S21,NOTE,64,,,,,,,,,,,,,,,,,,,,,,2,38,0.59375,26.0,0.40625,0.59375,2,,,,64.0,1.0,0.6348920464515686,,
S21,NOTE,64,,,,,,,,,,,,,,,,,,,,,,3,40,0.625,24.0,0.375,0.625,2,,,,64.0,1.0,0.6112711429595947,,
S21,NOTE,32,,,,,,,,,,,,,,,,,,,,,,4,23,0.71875,9.0,0.28125,0.71875,2,,,,64.0,0.0,,,
S21,DELTA,64,,,,,,,,,,,,,,,,,,,,,,0,2,0.03125,62.0,0.96875,0.96875,2,,,,,,,,0.0
S21,DELTA,64,,,,,,,,,,,,,,,,,,,,,,1,29,0.453125,35.0,0.546875,0.546875,2,,,,,,,,0.0
S21,DELTA,64,,,,,,,,,,,,,,,,,,,,,,2,38,0.59375,26.0,0.40625,0.59375,2,,,,,,,0.2544805407524109,6.0
S21,DELTA,64,,,,,,,,,,,,,,,,,,,,,,3,40,0.625,24.0,0.375,0.625,2,,,,,,,0.14695928990840912,14.0
S21,DELTA,32,,,,,,,,,,,,,,,,,,,,,,4,23,0.71875,9.0,0.28125,0.71875,2,,,,,,,,0.0
S22,DynaMixEMATent,64,0.04192949831485748,0.5841161012649536,0.5841161012649536,0.5421866178512573,0.6158729253887568,0.20889224423175712,0.1752348303794861,0.2532748131542356,37.38343048095703,0.19999999999999996,1.0,0.5722936391830444,0.2,0.0,1.0,61.0,0.953125,3.0,0.046875,0.953125,2.0,0,26,0.40625,38.0,0.59375,0.59375,2,0.09375,,,,,,,
S22,DynaMixEMATent,64,0.10333628952503204,0.864752471446991,0.864752471446991,0.7614161968231201,0.35888127517741636,0.3816929833884864,0.2594257414340973,0.5154013645135629,92.72758865356445,0.19999999999999996,1.0,0.6156787276268005,0.2,0.0,1.0,26.0,0.40625,38.0,0.59375,0.59375,2.0,1,28,0.4375,36.0,0.5625,0.5625,2,0.0625,,,,,,,
S22,DynaMixEMATent,64,0.08997083455324173,0.6985700726509094,0.6985700726509094,0.6085992455482483,0.2701173477268746,0.5203116304778524,0.20957102179527282,0.6582648723982989,137.43607330322266,0.19999999999999996,1.0,0.6292319297790527,0.2,0.0,1.0,50.0,0.78125,14.0,0.21875,0.78125,2.0,2,42,0.65625,22.0,0.34375,0.65625,2,0.15625,,,,,,,
S22,DynaMixEMATent,58,0.061680544167757034,0.8869713544845581,0.8869713544845581,0.8252907991409302,0.16779722752034848,0.5661113661342841,0.26609140634536743,0.7713649506612651,188.88041186332703,0.19999999999999996,1.0,0.6403689384460449,0.2,0.0,1.0,9.0,0.15517241379310345,49.0,0.8448275862068966,0.8448275862068966,2.0,3,19,0.3275862068965517,39.0,0.6724137931034483,0.6724137931034483,2,0.1724137931034483,,,,,,,
S22,TEMA,64,,,,,,,,,,,,,,,,,,,,,,0,26,0.40625,38.0,0.59375,0.59375,2,,,,,,,,
S22,TEMA,64,,,,,,,,,,,,,,,,,,,,,,1,28,0.4375,36.0,0.5625,0.5625,2,,,,,,,,
S22,TEMA,64,,,,,,,,,,,,,,,,,,,,,,2,42,0.65625,22.0,0.34375,0.65625,2,,,,,,,,
S22,TEMA,58,,,,,,,,,,,,,,,,,,,,,,3,19,0.3275862068965517,39.0,0.6724137931034483,0.6724137931034483,2,,,,,,,,
S22,DUA,64,,,,,,,,,,,,,,,,,,,,,,0,26,0.40625,38.0,0.59375,0.59375,2,,0.099,,,,,,
S22,DUA,64,,,,,,,,,,,,,,,,,,,,,,1,28,0.4375,36.0,0.5625,0.5625,2,,0.09336,,,,,,
S22,DUA,64,,,,,,,,,,,,,,,,,,,,,,2,42,0.65625,22.0,0.34375,0.65625,2,,0.0880584,,,,,,
S22,DUA,58,,,,,,,,,,,,,,,,,,,,,,3,19,0.3275862068965517,39.0,0.6724137931034483,0.6724137931034483,2,,0.083074896,,,,,,
S22,RoTTA,64,,,,,,,,,,,,,,,,,,,,,,0,26,0.40625,38.0,0.59375,0.59375,2,,,54.0,,,,,
S22,RoTTA,64,,,,,,,,,,,,,,,,,,,,,,1,28,0.4375,36.0,0.5625,0.5625,2,,,64.0,,,,,
S22,RoTTA,64,,,,,,,,,,,,,,,,,,,,,,2,42,0.65625,22.0,0.34375,0.65625,2,,,64.0,,,,,
S22,RoTTA,58,,,,,,,,,,,,,,,,,,,,,,3,19,0.3275862068965517,39.0,0.6724137931034483,0.6724137931034483,2,,,64.0,,,,,
S22,NOTE,64,,,,,,,,,,,,,,,,,,,,,,0,26,0.40625,38.0,0.59375,0.59375,2,,,,64.0,1.0,0.6182527542114258,,
S22,NOTE,64,,,,,,,,,,,,,,,,,,,,,,1,28,0.4375,36.0,0.5625,0.5625,2,,,,64.0,1.0,0.5939403772354126,,
S22,NOTE,64,,,,,,,,,,,,,,,,,,,,,,2,42,0.65625,22.0,0.34375,0.65625,2,,,,64.0,1.0,0.6057416200637817,,
S22,NOTE,58,,,,,,,,,,,,,,,,,,,,,,3,19,0.3275862068965517,39.0,0.6724137931034483,0.6724137931034483,2,,,,64.0,0.0,,,
S22,DELTA,64,,,,,,,,,,,,,,,,,,,,,,0,26,0.40625,38.0,0.59375,0.59375,2,,,,,,,0.3213713467121124,1.0
S22,DELTA,64,,,,,,,,,,,,,,,,,,,,,,1,28,0.4375,36.0,0.5625,0.5625,2,,,,,,,0.1968565136194229,11.0
S22,DELTA,64,,,,,,,,,,,,,,,,,,,,,,2,42,0.65625,22.0,0.34375,0.65625,2,,,,,,,0.276242733001709,6.0
S22,DELTA,58,,,,,,,,,,,,,,,,,,,,,,3,19,0.3275862068965517,39.0,0.6724137931034483,0.6724137931034483,2,,,,,,,0.2133047878742218,16.0
S23,DynaMixEMATent,64,0.09360302239656448,0.7699325084686279,0.7699325084686279,0.676329493522644,0.5232979754308725,0.24572227202853916,0.23097975254058836,0.3195264010802371,49.27568054199219,0.19999999999999996,1.0,0.643044650554657,0.2,0.0,1.0,20.0,0.3125,44.0,0.6875,0.6875,2.0,0,58,0.90625,6.0,0.09375,0.90625,2,0.40625,,,,,,,
S23,DynaMixEMATent,64,0.0736045315861702,0.931460976600647,0.931460976600647,0.8578564524650574,0.3077643257548583,0.41279738126494764,0.27943829298019407,0.5728827624940679,108.8891830444336,0.19999999999999996,1.0,0.6795721054077148,0.2,0.0,1.0,39.0,0.609375,25.0,0.390625,0.609375,2.0,1,37,0.578125,27.0,0.421875,0.578125,2,0.078125,,,,,,,
S23,DynaMixEMATent,64,0.12162432819604874,0.893450140953064,0.893450140953064,0.7718257904052734,0.1999986922604568,0.531966265453624,0.2680350422859192,0.7267646624982558,166.0699920654297,0.19999999999999996,1.0,0.66206955909729,0.2,0.0,1.0,52.0,0.8125,12.0,0.1875,0.8125,2.0,2,43,0.671875,21.0,0.328125,0.671875,2,0.171875,,,,,,,
S23,DynaMixEMATent,51,0.11084883660078049,0.9757912755012512,0.9757912755012512,0.8649424314498901,0.13099883115657524,0.5762637861930493,0.29273738265037536,0.8147804960377003,215.8353471159935,0.19999999999999996,1.0,0.6442321538925171,0.2,0.0,1.0,34.0,0.6666666666666666,17.0,0.3333333333333333,0.6666666666666666,2.0,3,21,0.4117647058823529,30.0,0.5882352941176471,0.5882352941176471,2,0.08823529411764708,,,,,,,
S23,TEMA,64,,,,,,,,,,,,,,,,,,,,,,0,58,0.90625,6.0,0.09375,0.90625,2,,,,,,,,
S23,TEMA,64,,,,,,,,,,,,,,,,,,,,,,1,37,0.578125,27.0,0.421875,0.578125,2,,,,,,,,
S23,TEMA,64,,,,,,,,,,,,,,,,,,,,,,2,43,0.671875,21.0,0.328125,0.671875,2,,,,,,,,
S23,TEMA,51,,,,,,,,,,,,,,,,,,,,,,3,21,0.4117647058823529,30.0,0.5882352941176471,0.5882352941176471,2,,,,,,,,
S23,DUA,64,,,,,,,,,,,,,,,,,,,,,,0,58,0.90625,6.0,0.09375,0.90625,2,,0.099,,,,,,
S23,DUA,64,,,,,,,,,,,,,,,,,,,,,,1,37,0.578125,27.0,0.421875,0.578125,2,,0.09336,,,,,,
S23,DUA,64,,,,,,,,,,,,,,,,,,,,,,2,43,0.671875,21.0,0.328125,0.671875,2,,0.0880584,,,,,,
S23,DUA,51,,,,,,,,,,,,,,,,,,,,,,3,21,0.4117647058823529,30.0,0.5882352941176471,0.5882352941176471,2,,0.083074896,,,,,,
S23,RoTTA,64,,,,,,,,,,,,,,,,,,,,,,0,58,0.90625,6.0,0.09375,0.90625,2,,,59.0,,,,,
S23,RoTTA,64,,,,,,,,,,,,,,,,,,,,,,1,37,0.578125,27.0,0.421875,0.578125,2,,,64.0,,,,,
S23,RoTTA,64,,,,,,,,,,,,,,,,,,,,,,2,43,0.671875,21.0,0.328125,0.671875,2,,,64.0,,,,,
S23,RoTTA,51,,,,,,,,,,,,,,,,,,,,,,3,21,0.4117647058823529,30.0,0.5882352941176471,0.5882352941176471,2,,,64.0,,,,,
S23,NOTE,64,,,,,,,,,,,,,,,,,,,,,,0,58,0.90625,6.0,0.09375,0.90625,2,,,,64.0,1.0,0.6438844799995422,,
S23,NOTE,64,,,,,,,,,,,,,,,,,,,,,,1,37,0.578125,27.0,0.421875,0.578125,2,,,,64.0,1.0,0.6226370334625244,,
S23,NOTE,64,,,,,,,,,,,,,,,,,,,,,,2,43,0.671875,21.0,0.328125,0.671875,2,,,,64.0,1.0,0.6238955855369568,,
S23,NOTE,51,,,,,,,,,,,,,,,,,,,,,,3,21,0.4117647058823529,30.0,0.5882352941176471,0.5882352941176471,2,,,,64.0,0.0,,,
S23,DELTA,64,,,,,,,,,,,,,,,,,,,,,,0,58,0.90625,6.0,0.09375,0.90625,2,,,,,,,0.33858078718185425,1.0
S23,DELTA,64,,,,,,,,,,,,,,,,,,,,,,1,37,0.578125,27.0,0.421875,0.578125,2,,,,,,,,0.0
S23,DELTA,64,,,,,,,,,,,,,,,,,,,,,,2,43,0.671875,21.0,0.328125,0.671875,2,,,,,,,0.20209740102291107,1.0
S23,DELTA,51,,,,,,,,,,,,,,,,,,,,,,3,21,0.4117647058823529,30.0,0.5882352941176471,0.5882352941176471,2,,,,,,,0.24075709283351898,2.0
S24,DynaMixEMATent,64,0.029210995882749557,0.998283863067627,0.998283863067627,0.9690728783607483,0.4252484644897217,0.27526637658999026,0.2994851589202881,0.3929486721019627,63.890167236328125,0.19999999999999996,1.0,0.6772720813751221,0.2,0.0,1.0,22.0,0.34375,42.0,0.65625,0.65625,2.0,0,24,0.375,40.0,0.625,0.625,2,0.125,,,,,,,
S24,DynaMixEMATent,64,0.1688976287841797,0.9936001896858215,0.9936001896858215,0.8247025609016418,0.2592719031066563,0.4426480399875972,0.29808005690574646,0.6306246806954716,127.4805793762207,0.19999999999999996,1.0,0.559001624584198,0.2,0.0,1.0,43.0,0.671875,21.0,0.328125,0.671875,2.0,1,27,0.421875,37.0,0.578125,0.578125,2,0.078125,,,,,,,
S24,DynaMixEMATent,64,0.10340414196252823,0.8358179926872253,0.8358179926872253,0.7324138283729553,0.1822223830108799,0.5670322191829525,0.2507453978061676,0.7567951101303494,180.97293090820312,0.19999999999999996,1.0,0.5647225975990295,0.2,0.0,1.0,44.0,0.6875,20.0,0.3125,0.6875,2.0,2,46,0.71875,18.0,0.28125,0.71875,2,0.21875,,,,,,,
S24,DynaMixEMATent,5,0.03392985463142395,0.9974794983863831,0.9974794983863831,0.9635496735572815,0.1639144919628065,0.5368416585212786,0.29924384951591493,0.7660891140954329,185.96032840013504,0.19999999999999996,1.0,0.5827425718307495,0.2,0.0,1.0,2.0,0.4,3.0,0.6,0.6,2.0,3,5,1.0,,,1.0,1,0.0,,,,,,,
S24,TEMA,64,,,,,,,,,,,,,,,,,,,,,,0,24,0.375,40.0,0.625,0.625,2,,,,,,,,
S24,TEMA,64,,,,,,,,,,,,,,,,,,,,,,1,27,0.421875,37.0,0.578125,0.578125,2,,,,,,,,
S24,TEMA,64,,,,,,,,,,,,,,,,,,,,,,2,46,0.71875,18.0,0.28125,0.71875,2,,,,,,,,
S24,TEMA,5,,,,,,,,,,,,,,,,,,,,,,3,5,1.0,0.0,0.0,1.0,1,,,,,,,,
S24,DUA,64,,,,,,,,,,,,,,,,,,,,,,0,24,0.375,40.0,0.625,0.625,2,,0.099,,,,,,
S24,DUA,64,,,,,,,,,,,,,,,,,,,,,,1,27,0.421875,37.0,0.578125,0.578125,2,,0.09336,,,,,,
S24,DUA,64,,,,,,,,,,,,,,,,,,,,,,2,46,0.71875,18.0,0.28125,0.71875,2,,0.0880584,,,,,,
S24,DUA,5,,,,,,,,,,,,,,,,,,,,,,3,5,1.0,0.0,0.0,1.0,1,,0.083074896,,,,,,
S24,RoTTA,64,,,,,,,,,,,,,,,,,,,,,,0,24,0.375,40.0,0.625,0.625,2,,,52.0,,,,,
S24,RoTTA,64,,,,,,,,,,,,,,,,,,,,,,1,27,0.421875,37.0,0.578125,0.578125,2,,,64.0,,,,,
S24,RoTTA,64,,,,,,,,,,,,,,,,,,,,,,2,46,0.71875,18.0,0.28125,0.71875,2,,,64.0,,,,,
S24,RoTTA,5,,,,,,,,,,,,,,,,,,,,,,3,5,1.0,0.0,0.0,1.0,1,,,64.0,,,,,
S24,NOTE,64,,,,,,,,,,,,,,,,,,,,,,0,24,0.375,40.0,0.625,0.625,2,,,,64.0,1.0,0.6633025407791138,,
S24,NOTE,64,,,,,,,,,,,,,,,,,,,,,,1,27,0.421875,37.0,0.578125,0.578125,2,,,,64.0,1.0,0.5700104832649231,,
S24,NOTE,64,,,,,,,,,,,,,,,,,,,,,,2,46,0.71875,18.0,0.28125,0.71875,2,,,,64.0,1.0,0.6420866250991821,,
S24,NOTE,5,,,,,,,,,,,,,,,,,,,,,,3,5,1.0,0.0,0.0,1.0,1,,,,64.0,0.0,,,
S24,DELTA,64,,,,,,,,,,,,,,,,,,,,,,0,24,0.375,40.0,0.625,0.625,2,,,,,,,,0.0
S24,DELTA,64,,,,,,,,,,,,,,,,,,,,,,1,27,0.421875,37.0,0.578125,0.578125,2,,,,,,,0.04222359508275986,49.0
S24,DELTA,64,,,,,,,,,,,,,,,,,,,,,,2,46,0.71875,18.0,0.28125,0.71875,2,,,,,,,0.09821780025959015,47.0
S24,DELTA,5,,,,,,,,,,,,,,,,,,,,,,3,5,1.0,0.0,0.0,1.0,1,,,,,,,0.23062331974506378,2.0
S25,DynaMixEMATent,64,0.04494358226656914,0.5150378942489624,0.5150378942489624,0.47009432315826416,0.6535347948581738,0.19195383686713755,0.15451136827468873,0.22703301932686537,32.962425231933594,0.19999999999999996,1.0,0.4137302041053772,0.2,0.0,1.0,64.0,1.0,0.0,0.0,1.0,1.0,0,28,0.4375,36.0,0.5625,0.5625,2,0.0625,,,,,,,
S25,DynaMixEMATent,64,0.06441425532102585,0.6308619379997253,0.6308619379997253,0.5664476752281189,0.45714436789011154,0.3535970507099709,0.1892585813999176,0.4361403557259125,73.33758926391602,0.19999999999999996,1.0,0.39881616830825806,0.2,0.0,1.0,64.0,1.0,0.0,0.0,1.0,1.0,1,32,0.5,32.0,0.5,0.5,2,0.0,,,,,,,
S25,DynaMixEMATent,64,0.02826891653239727,0.449738085269928,0.449738085269928,0.42146915197372437,0.38955356624874565,0.47552500817027593,0.1349214255809784,0.5496899613883444,102.1208267211914,0.19999999999999996,1.0,0.5320228934288025,0.2,0.0,1.0,64.0,1.0,0.0,0.0,1.0,1.0,2,15,0.234375,49.0,0.765625,0.765625,2,0.265625,,,,,,,
S25,DynaMixEMATent,53,0.0848645344376564,0.7965684533119202,0.7965684533119202,0.711703896522522,0.24641669637820451,0.5146127676282194,0.23897053599357604,0.6762061023485886,144.33895474672318,0.19999999999999996,1.0,0.4955187141895294,0.2,0.0,1.0,47.0,0.8867924528301887,6.0,0.11320754716981132,0.8867924528301887,2.0,3,33,0.6226415094339622,20.0,0.37735849056603776,0.6226415094339622,2,0.12264150943396224,,,,,,,
S25,TEMA,64,,,,,,,,,,,,,,,,,,,,,,0,28,0.4375,36.0,0.5625,0.5625,2,,,,,,,,
S25,TEMA,64,,,,,,,,,,,,,,,,,,,,,,1,32,0.5,32.0,0.5,0.5,2,,,,,,,,
S25,TEMA,64,,,,,,,,,,,,,,,,,,,,,,2,15,0.234375,49.0,0.765625,0.765625,2,,,,,,,,
S25,TEMA,53,,,,,,,,,,,,,,,,,,,,,,3,33,0.6226415094339622,20.0,0.37735849056603776,0.6226415094339622,2,,,,,,,,
S25,DUA,64,,,,,,,,,,,,,,,,,,,,,,0,28,0.4375,36.0,0.5625,0.5625,2,,0.099,,,,,,
S25,DUA,64,,,,,,,,,,,,,,,,,,,,,,1,32,0.5,32.0,0.5,0.5,2,,0.09336,,,,,,
S25,DUA,64,,,,,,,,,,,,,,,,,,,,,,2,15,0.234375,49.0,0.765625,0.765625,2,,0.0880584,,,,,,
S25,DUA,53,,,,,,,,,,,,,,,,,,,,,,3,33,0.6226415094339622,20.0,0.37735849056603776,0.6226415094339622,2,,0.083074896,,,,,,
S25,RoTTA,64,,,,,,,,,,,,,,,,,,,,,,0,28,0.4375,36.0,0.5625,0.5625,2,,,57.0,,,,,
S25,RoTTA,64,,,,,,,,,,,,,,,,,,,,,,1,32,0.5,32.0,0.5,0.5,2,,,64.0,,,,,
S25,RoTTA,64,,,,,,,,,,,,,,,,,,,,,,2,15,0.234375,49.0,0.765625,0.765625,2,,,64.0,,,,,
S25,RoTTA,53,,,,,,,,,,,,,,,,,,,,,,3,33,0.6226415094339622,20.0,0.37735849056603776,0.6226415094339622,2,,,64.0,,,,,
S25,NOTE,64,,,,,,,,,,,,,,,,,,,,,,0,28,0.4375,36.0,0.5625,0.5625,2,,,,64.0,1.0,0.6280394196510315,,
S25,NOTE,64,,,,,,,,,,,,,,,,,,,,,,1,32,0.5,32.0,0.5,0.5,2,,,,64.0,1.0,0.5822430849075317,,
S25,NOTE,64,,,,,,,,,,,,,,,,,,,,,,2,15,0.234375,49.0,0.765625,0.765625,2,,,,64.0,1.0,0.6147658228874207,,
S25,NOTE,53,,,,,,,,,,,,,,,,,,,,,,3,33,0.6226415094339622,20.0,0.37735849056603776,0.6226415094339622,2,,,,64.0,0.0,,,
S25,DELTA,64,,,,,,,,,,,,,,,,,,,,,,0,28,0.4375,36.0,0.5625,0.5625,2,,,,,,,0.3182581961154938,2.0
S25,DELTA,64,,,,,,,,,,,,,,,,,,,,,,1,32,0.5,32.0,0.5,0.5,2,,,,,,,0.04185149818658829,52.0
S25,DELTA,64,,,,,,,,,,,,,,,,,,,,,,2,15,0.234375,49.0,0.765625,0.765625,2,,,,,,,0.12582798302173615,34.0
S25,DELTA,53,,,,,,,,,,,,,,,,,,,,,,3,33,0.6226415094339622,20.0,0.37735849056603776,0.6226415094339622,2,,,,,,,0.15386871993541718,15.0
S26,DynaMixEMATent,64,0.013848655857145786,0.05709591880440712,0.05709591880440712,0.04324726387858391,0.9552089854539416,0.027662238904736253,0.017128775641322137,0.028144316589170493,3.6541388034820557,0.19999999999999996,0.0,0.0673367828130722,0.2,0.0,1.0,64.0,1.0,0.0,0.0,1.0,1.0,0,19,0.296875,45.0,0.703125,0.703125,2,0.203125,,,,,,,
S26,DynaMixEMATent,64,0.0007493473822250962,0.0029189898632466793,0.0029189898632466793,0.002169642597436905,0.9695884896827143,0.029535813358311624,0.0008756969589740037,0.029561700449497352,3.840954154729843,0.19999999999999996,0.0,0.0016252296045422554,0.2,0.0,1.0,64.0,1.0,0.0,0.0,1.0,1.0,1,53,0.828125,11.0,0.171875,0.828125,2,0.328125,,,,,,,
S26,DynaMixEMATent,64,0.0013012761482968926,0.005824673920869827,0.005824673920869827,0.0045233978889882565,0.9659253531197767,0.03232724470396244,0.0017474021762609482,0.03238383228296937,4.213733285665512,0.19999999999999996,0.0,0.0032002206426113844,0.2,0.0,1.0,64.0,1.0,0.0,0.0,1.0,1.0,2,35,0.546875,29.0,0.453125,0.546875,2,0.046875,,,,,,,
S26,DynaMixEMATent,64,0.0004936194163747132,0.0015115771675482392,0.0015115771675482392,0.0010179576929658651,0.9664466743073021,0.03309985254243338,0.00045347315026447174,0.03311486924651119,4.310474224388599,0.19999999999999996,0.0,0.0009832202922552824,0.2,0.0,1.0,64.0,1.0,0.0,0.0,1.0,1.0,3,64,1.0,,,1.0,1,0.0,,,,,,,
S26,DynaMixEMATent,47,0.00023686193162575364,0.0012755466159433126,0.0012755466159433126,0.001038684626109898,0.9660625629864974,0.03355477302871951,0.0003826639847829938,0.03356761814723941,4.370424915337935,0.19999999999999996,0.0,0.0042229825630784035,0.2,0.0,1.0,47.0,1.0,0.0,0.0,1.0,1.0,4,9,0.19148936170212766,38.0,0.8085106382978723,0.8085106382978723,2,0.3085106382978723,,,,,,,
S26,TEMA,64,,,,,,,,,,,,,,,,,,,,,,0,19,0.296875,45.0,0.703125,0.703125,2,,,,,,,,
S26,TEMA,64,,,,,,,,,,,,,,,,,,,,,,1,53,0.828125,11.0,0.171875,0.828125,2,,,,,,,,
S26,TEMA,64,,,,,,,,,,,,,,,,,,,,,,2,35,0.546875,29.0,0.453125,0.546875,2,,,,,,,,
S26,TEMA,64,,,,,,,,,,,,,,,,,,,,,,3,64,1.0,0.0,0.0,1.0,1,,,,,,,,
S26,TEMA,47,,,,,,,,,,,,,,,,,,,,,,4,9,0.19148936170212766,38.0,0.8085106382978723,0.8085106382978723,2,,,,,,,,
S26,DUA,64,,,,,,,,,,,,,,,,,,,,,,0,19,0.296875,45.0,0.703125,0.703125,2,,0.099,,,,,,
S26,DUA,64,,,,,,,,,,,,,,,,,,,,,,1,53,0.828125,11.0,0.171875,0.828125,2,,0.09336,,,,,,
S26,DUA,64,,,,,,,,,,,,,,,,,,,,,,2,35,0.546875,29.0,0.453125,0.546875,2,,0.0880584,,,,,,
S26,DUA,64,,,,,,,,,,,,,,,,,,,,,,3,64,1.0,0.0,0.0,1.0,1,,0.083074896,,,,,,
S26,DUA,47,,,,,,,,,,,,,,,,,,,,,,4,9,0.19148936170212766,38.0,0.8085106382978723,0.8085106382978723,2,,0.07839040223999999,,,,,,
S26,RoTTA,64,,,,,,,,,,,,,,,,,,,,,,0,19,0.296875,45.0,0.703125,0.703125,2,,,60.0,,,,,
S26,RoTTA,64,,,,,,,,,,,,,,,,,,,,,,1,53,0.828125,11.0,0.171875,0.828125,2,,,64.0,,,,,
S26,RoTTA,64,,,,,,,,,,,,,,,,,,,,,,2,35,0.546875,29.0,0.453125,0.546875,2,,,64.0,,,,,
S26,RoTTA,64,,,,,,,,,,,,,,,,,,,,,,3,64,1.0,0.0,0.0,1.0,1,,,64.0,,,,,
S26,RoTTA,47,,,,,,,,,,,,,,,,,,,,,,4,9,0.19148936170212766,38.0,0.8085106382978723,0.8085106382978723,2,,,64.0,,,,,
S26,NOTE,64,,,,,,,,,,,,,,,,,,,,,,0,19,0.296875,45.0,0.703125,0.703125,2,,,,64.0,1.0,0.6075191497802734,,
S26,NOTE,64,,,,,,,,,,,,,,,,,,,,,,1,53,0.828125,11.0,0.171875,0.828125,2,,,,64.0,1.0,0.5539676547050476,,
S26,NOTE,64,,,,,,,,,,,,,,,,,,,,,,2,35,0.546875,29.0,0.453125,0.546875,2,,,,64.0,1.0,0.5772216320037842,,
S26,NOTE,64,,,,,,,,,,,,,,,,,,,,,,3,64,1.0,0.0,0.0,1.0,1,,,,64.0,1.0,0.6160537600517273,,
S26,NOTE,47,,,,,,,,,,,,,,,,,,,,,,4,9,0.19148936170212766,38.0,0.8085106382978723,0.8085106382978723,2,,,,64.0,0.0,,,
S26,DELTA,64,,,,,,,,,,,,,,,,,,,,,,0,19,0.296875,45.0,0.703125,0.703125,2,,,,,,,0.17675229907035828,2.0
S26,DELTA,64,,,,,,,,,,,,,,,,,,,,,,1,53,0.828125,11.0,0.171875,0.828125,2,,,,,,,0.06600094586610794,28.0
S26,DELTA,64,,,,,,,,,,,,,,,,,,,,,,2,35,0.546875,29.0,0.453125,0.546875,2,,,,,,,0.09052395075559616,20.0
S26,DELTA,64,,,,,,,,,,,,,,,,,,,,,,3,64,1.0,0.0,0.0,1.0,1,,,,,,,0.032358478754758835,34.0
S26,DELTA,47,,,,,,,,,,,,,,,,,,,,,,4,9,0.19148936170212766,38.0,0.8085106382978723,0.8085106382978723,2,,,,,,,0.26151466369628906,7.0
S27,DynaMixEMATent,64,0.04473627731204033,0.19849887490272522,0.19849887490272522,0.1537625938653946,0.8515935896458723,0.08885674788331013,0.05954966247081756,0.09448318995425198,12.703927993774414,0.19999999999999996,0.0,0.19742551445960999,0.2,0.0,1.0,64.0,1.0,0.0,0.0,1.0,1.0,0,9,0.140625,55.0,0.859375,0.859375,2,0.359375,,,,,,,
S27,DynaMixEMATent,64,0.21838019788265228,0.45573294162750244,0.45573294162750244,0.23735275864601135,0.6224251100199386,0.2408550074918106,0.13671988248825073,0.27899983169545495,41.87083625793457,0.19999999999999996,1.0,0.3805501461029053,0.2,0.0,1.0,46.0,0.71875,18.0,0.28125,0.71875,2.0,1,41,0.640625,23.0,0.359375,0.640625,2,0.140625,,,,,,,
S27,DynaMixEMATent,64,0.12801124155521393,0.3626154959201813,0.3626154959201813,0.23460423946380615,0.5360151567236577,0.3552001945002878,0.10878464877605439,0.3985570872544729,65.07822799682617,0.19999999999999996,1.0,0.4904596507549286,0.2,0.0,1.0,53.0,0.828125,11.0,0.171875,0.828125,2.0,2,28,0.4375,36.0,0.5625,0.5625,2,0.0625,,,,,,,
S27,DynaMixEMATent,64,0.06950917094945908,0.24947597086429596,0.24947597086429596,0.1799667924642563,0.4911757647784537,0.43398144396225746,0.07484279125928879,0.46908940433267177,81.04469013214111,0.19999999999999996,1.0,0.5719502568244934,0.2,0.0,1.0,42.0,0.65625,22.0,0.34375,0.65625,2.0,3,29,0.453125,35.0,0.546875,0.546875,2,0.046875,,,,,,,
S27,DynaMixEMATent,64,0.41003915667533875,0.8977109789848328,0.8977109789848328,0.4876718521118164,0.24763791382370318,0.483048792480847,0.2693132936954498,0.66108879265625,138.4981927871704,0.19999999999999996,1.0,0.5203298330307007,0.2,0.0,1.0,32.0,0.5,32.0,0.5,0.5,2.0,4,35,0.546875,29.0,0.453125,0.546875,2,0.046875,,,,,,,
S27,DynaMixEMATent,1,0.0,0.7568762898445129,0.7568762898445129,0.7568762898445129,0.2604126436062073,0.5125244694404388,0.22706288695335386,0.6630868938615817,139.25506907701492,0.19999999999999996,1.0,0.663094699382782,0.2,0.0,1.0,0.0,0.0,1.0,1.0,1.0,1.0,5,1,1.0,,,1.0,1,0.0,,,,,,,
S27,TEMA,64,,,,,,,,,,,,,,,,,,,,,,0,9,0.140625,55.0,0.859375,0.859375,2,,,,,,,,
S27,TEMA,64,,,,,,,,,,,,,,,,,,,,,,1,41,0.640625,23.0,0.359375,0.640625,2,,,,,,,,
S27,TEMA,64,,,,,,,,,,,,,,,,,,,,,,2,28,0.4375,36.0,0.5625,0.5625,2,,,,,,,,
S27,TEMA,64,,,,,,,,,,,,,,,,,,,,,,3,29,0.453125,35.0,0.546875,0.546875,2,,,,,,,,
S27,TEMA,64,,,,,,,,,,,,,,,,,,,,,,4,35,0.546875,29.0,0.453125,0.546875,2,,,,,,,,
S27,TEMA,1,,,,,,,,,,,,,,,,,,,,,,5,1,1.0,0.0,0.0,1.0,1,,,,,,,,
S27,DUA,64,,,,,,,,,,,,,,,,,,,,,,0,9,0.140625,55.0,0.859375,0.859375,2,,0.099,,,,,,
S27,DUA,64,,,,,,,,,,,,,,,,,,,,,,1,41,0.640625,23.0,0.359375,0.640625,2,,0.09336,,,,,,
S27,DUA,64,,,,,,,,,,,,,,,,,,,,,,2,28,0.4375,36.0,0.5625,0.5625,2,,0.0880584,,,,,,
S27,DUA,64,,,,,,,,,,,,,,,,,,,,,,3,29,0.453125,35.0,0.546875,0.546875,2,,0.083074896,,,,,,
S27,DUA,64,,,,,,,,,,,,,,,,,,,,,,4,35,0.546875,29.0,0.453125,0.546875,2,,0.07839040223999999,,,,,,
S27,DUA,1,,,,,,,,,,,,,,,,,,,,,,5,1,1.0,0.0,0.0,1.0,1,,0.07398697810559998,,,,,,
S27,RoTTA,64,,,,,,,,,,,,,,,,,,,,,,0,9,0.140625,55.0,0.859375,0.859375,2,,,62.0,,,,,
S27,RoTTA,64,,,,,,,,,,,,,,,,,,,,,,1,41,0.640625,23.0,0.359375,0.640625,2,,,64.0,,,,,
S27,RoTTA,64,,,,,,,,,,,,,,,,,,,,,,2,28,0.4375,36.0,0.5625,0.5625,2,,,64.0,,,,,
S27,RoTTA,64,,,,,,,,,,,,,,,,,,,,,,3,29,0.453125,35.0,0.546875,0.546875,2,,,64.0,,,,,
S27,RoTTA,64,,,,,,,,,,,,,,,,,,,,,,4,35,0.546875,29.0,0.453125,0.546875,2,,,64.0,,,,,
S27,RoTTA,1,,,,,,,,,,,,,,,,,,,,,,5,1,1.0,0.0,0.0,1.0,1,,,64.0,,,,,
S27,NOTE,64,,,,,,,,,,,,,,,,,,,,,,0,9,0.140625,55.0,0.859375,0.859375,2,,,,64.0,1.0,0.5363010764122009,,
S27,NOTE,64,,,,,,,,,,,,,,,,,,,,,,1,41,0.640625,23.0,0.359375,0.640625,2,,,,64.0,1.0,0.5645421743392944,,
S27,NOTE,64,,,,,,,,,,,,,,,,,,,,,,2,28,0.4375,36.0,0.5625,0.5625,2,,,,64.0,1.0,0.6220695972442627,,
S27,NOTE,64,,,,,,,,,,,,,,,,,,,,,,3,29,0.453125,35.0,0.546875,0.546875,2,,,,64.0,1.0,0.5047662258148193,,
S27,NOTE,64,,,,,,,,,,,,,,,,,,,,,,4,35,0.546875,29.0,0.453125,0.546875,2,,,,64.0,1.0,0.4977877140045166,,
S27,NOTE,1,,,,,,,,,,,,,,,,,,,,,,5,1,1.0,0.0,0.0,1.0,1,,,,64.0,0.0,,,
S27,DELTA,64,,,,,,,,,,,,,,,,,,,,,,0,9,0.140625,55.0,0.859375,0.859375,2,,,,,,,0.2563900649547577,10.0
S27,DELTA,64,,,,,,,,,,,,,,,,,,,,,,1,41,0.640625,23.0,0.359375,0.640625,2,,,,,,,0.15853238105773926,26.0
S27,DELTA,64,,,,,,,,,,,,,,,,,,,,,,2,28,0.4375,36.0,0.5625,0.5625,2,,,,,,,0.1842765361070633,32.0
S27,DELTA,64,,,,,,,,,,,,,,,,,,,,,,3,29,0.453125,35.0,0.546875,0.546875,2,,,,,,,0.1607397198677063,13.0
S27,DELTA,64,,,,,,,,,,,,,,,,,,,,,,4,35,0.546875,29.0,0.453125,0.546875,2,,,,,,,0.20360834896564484,24.0
S27,DELTA,1,,,,,,,,,,,,,,,,,,,,,,5,1,1.0,0.0,0.0,1.0,1,,,,,,,,0.0
S28,DynaMixEMATent,64,0.043502841144800186,0.7940897941589355,0.7940897941589355,0.750586986541748,0.5121429549873194,0.24963010676499983,0.23822693824768065,0.32769615952390274,50.821746826171875,0.19999999999999996,1.0,0.5871018171310425,0.2,0.0,1.0,1.0,0.015625,63.0,0.984375,0.984375,2.0,0,41,0.640625,23.0,0.359375,0.640625,2,0.140625,,,,,,,
S28,DynaMixEMATent,64,0.036200713366270065,0.6730725169181824,0.6730725169181824,0.6368718147277832,0.3832262279837295,0.41485201694081575,0.2019217550754547,0.5198137144811386,93.89838790893555,0.19999999999999996,1.0,0.5872691869735718,0.2,0.0,1.0,0.0,0.0,64.0,1.0,1.0,1.0,1,38,0.59375,26.0,0.40625,0.59375,2,0.09375,,,,,,,
S28,DynaMixEMATent,64,0.07474172860383987,0.78338223695755,0.78338223695755,0.7086405158042908,0.2482867632859933,0.5166985656267417,0.235014671087265,0.6754359150405139,144.03485107421875,0.19999999999999996,1.0,0.6009353995323181,0.2,0.0,1.0,11.0,0.171875,53.0,0.828125,0.828125,2.0,2,49,0.765625,15.0,0.234375,0.765625,2,0.265625,,,,,,,
S28,DynaMixEMATent,19,0.013685218058526516,0.6569770574569702,0.6569770574569702,0.6432918310165405,0.23638136154443878,0.5665255212184701,0.19709311723709105,0.7055930561573726,156.51741516590118,0.19999999999999996,1.0,0.6749038100242615,0.2,0.0,1.0,10.0,0.5263157894736842,9.0,0.47368421052631576,0.5263157894736842,2.0,3,0,0.0,19.0,1.0,1.0,1,0.5,,,,,,,
S28,TEMA,64,,,,,,,,,,,,,,,,,,,,,,0,41,0.640625,23.0,0.359375,0.640625,2,,,,,,,,
S28,TEMA,64,,,,,,,,,,,,,,,,,,,,,,1,38,0.59375,26.0,0.40625,0.59375,2,,,,,,,,
S28,TEMA,64,,,,,,,,,,,,,,,,,,,,,,2,49,0.765625,15.0,0.234375,0.765625,2,,,,,,,,
S28,TEMA,19,,,,,,,,,,,,,,,,,,,,,,3,0,0.0,19.0,1.0,1.0,1,,,,,,,,
S28,DUA,64,,,,,,,,,,,,,,,,,,,,,,0,41,0.640625,23.0,0.359375,0.640625,2,,0.099,,,,,,
S28,DUA,64,,,,,,,,,,,,,,,,,,,,,,1,38,0.59375,26.0,0.40625,0.59375,2,,0.09336,,,,,,
S28,DUA,64,,,,,,,,,,,,,,,,,,,,,,2,49,0.765625,15.0,0.234375,0.765625,2,,0.0880584,,,,,,
S28,DUA,19,,,,,,,,,,,,,,,,,,,,,,3,0,0.0,19.0,1.0,1.0,1,,0.083074896,,,,,,
S28,RoTTA,64,,,,,,,,,,,,,,,,,,,,,,0,41,0.640625,23.0,0.359375,0.640625,2,,,58.0,,,,,
S28,RoTTA,64,,,,,,,,,,,,,,,,,,,,,,1,38,0.59375,26.0,0.40625,0.59375,2,,,64.0,,,,,
S28,RoTTA,64,,,,,,,,,,,,,,,,,,,,,,2,49,0.765625,15.0,0.234375,0.765625,2,,,64.0,,,,,
S28,RoTTA,19,,,,,,,,,,,,,,,,,,,,,,3,0,0.0,19.0,1.0,1.0,1,,,64.0,,,,,
S28,NOTE,64,,,,,,,,,,,,,,,,,,,,,,0,41,0.640625,23.0,0.359375,0.640625,2,,,,64.0,1.0,0.615132749080658,,
S28,NOTE,64,,,,,,,,,,,,,,,,,,,,,,1,38,0.59375,26.0,0.40625,0.59375,2,,,,64.0,1.0,0.5566062331199646,,
S28,NOTE,64,,,,,,,,,,,,,,,,,,,,,,2,49,0.765625,15.0,0.234375,0.765625,2,,,,64.0,1.0,0.5871626734733582,,
S28,NOTE,19,,,,,,,,,,,,,,,,,,,,,,3,0,0.0,19.0,1.0,1.0,1,,,,64.0,0.0,,,
S28,DELTA,64,,,,,,,,,,,,,,,,,,,,,,0,41,0.640625,23.0,0.359375,0.640625,2,,,,,,,0.28114014863967896,2.0
S28,DELTA,64,,,,,,,,,,,,,,,,,,,,,,1,38,0.59375,26.0,0.40625,0.59375,2,,,,,,,0.15601268410682678,20.0
S28,DELTA,64,,,,,,,,,,,,,,,,,,,,,,2,49,0.765625,15.0,0.234375,0.765625,2,,,,,,,0.0970088541507721,40.0
S28,DELTA,19,,,,,,,,,,,,,,,,,,,,,,3,0,0.0,19.0,1.0,1.0,1,,,,,,,,0.0
S29,DynaMixEMATent,64,0.21919313073158264,0.7238701581954956,0.7238701581954956,0.5046769976615906,0.5451123475509716,0.23772660499037968,0.21716104745864867,0.3036724274113358,46.32769012451172,0.19999999999999996,1.0,0.6189699172973633,0.2,0.0,1.0,22.0,0.34375,42.0,0.65625,0.65625,2.0,0,22,0.34375,42.0,0.65625,0.65625,2,0.15625,,,,,,,
S29,DynaMixEMATent,64,0.232436403632164,0.7062029242515564,0.7062029242515564,0.4737665057182312,0.38553735357090835,0.4026017691536248,0.2118608772754669,0.5108257635553772,91.52467727661133,0.19999999999999996,1.0,0.5875183343887329,0.2,0.0,1.0,23.0,0.359375,41.0,0.640625,0.640625,2.0,1,35,0.546875,29.0,0.453125,0.546875,2,0.046875,,,,,,,
S29,DynaMixEMATent,64,0.2588600218296051,0.997346818447113,0.997346818447113,0.7384867668151855,0.20820159486818177,0.4925943595976844,0.2992040455341339,0.7029069680819302,155.35487365722656,0.19999999999999996,1.0,0.5955989360809326,0.2,0.0,1.0,3.0,0.046875,61.0,0.953125,0.953125,2.0,2,24,0.375,40.0,0.625,0.625,2,0.125,,,,,,,
S29,TEMA,64,,,,,,,,,,,,,,,,,,,,,,0,22,0.34375,42.0,0.65625,0.65625,2,,,,,,,,
S29,TEMA,64,,,,,,,,,,,,,,,,,,,,,,1,35,0.546875,29.0,0.453125,0.546875,2,,,,,,,,
S29,TEMA,64,,,,,,,,,,,,,,,,,,,,,,2,24,0.375,40.0,0.625,0.625,2,,,,,,,,
S29,DUA,64,,,,,,,,,,,,,,,,,,,,,,0,22,0.34375,42.0,0.65625,0.65625,2,,0.099,,,,,,
S29,DUA,64,,,,,,,,,,,,,,,,,,,,,,1,35,0.546875,29.0,0.453125,0.546875,2,,0.09336,,,,,,
S29,DUA,64,,,,,,,,,,,,,,,,,,,,,,2,24,0.375,40.0,0.625,0.625,2,,0.0880584,,,,,,
S29,RoTTA,64,,,,,,,,,,,,,,,,,,,,,,0,22,0.34375,42.0,0.65625,0.65625,2,,,56.0,,,,,
S29,RoTTA,64,,,,,,,,,,,,,,,,,,,,,,1,35,0.546875,29.0,0.453125,0.546875,2,,,64.0,,,,,
S29,RoTTA,64,,,,,,,,,,,,,,,,,,,,,,2,24,0.375,40.0,0.625,0.625,2,,,64.0,,,,,
S29,NOTE,64,,,,,,,,,,,,,,,,,,,,,,0,22,0.34375,42.0,0.65625,0.65625,2,,,,64.0,1.0,0.5766109228134155,,
S29,NOTE,64,,,,,,,,,,,,,,,,,,,,,,1,35,0.546875,29.0,0.453125,0.546875,2,,,,64.0,1.0,0.5660858750343323,,
S29,NOTE,64,,,,,,,,,,,,,,,,,,,,,,2,24,0.375,40.0,0.625,0.625,2,,,,64.0,1.0,0.4940296709537506,,
S29,DELTA,64,,,,,,,,,,,,,,,,,,,,,,0,22,0.34375,42.0,0.65625,0.65625,2,,,,,,,0.259674608707428,5.0
S29,DELTA,64,,,,,,,,,,,,,,,,,,,,,,1,35,0.546875,29.0,0.453125,0.546875,2,,,,,,,0.09476078301668167,42.0
S29,DELTA,64,,,,,,,,,,,,,,,,,,,,,,2,24,0.375,40.0,0.625,0.625,2,,,,,,,0.2427234649658203,22.0
S30,DynaMixEMATent,64,0.07970043271780014,0.2996518313884735,0.2996518313884735,0.21995139122009277,0.7834705380508459,0.12663391253261208,0.08989554941654206,0.13914217478161817,19.177717208862305,0.19999999999999996,1.0,0.23802584409713745,0.2,0.0,1.0,64.0,1.0,0.0,0.0,1.0,1.0,0,51,0.796875,13.0,0.203125,0.796875,2,0.296875,,,,,,,
S30,DynaMixEMATent,64,0.20723393559455872,0.8138166666030884,0.8138166666030884,0.6065827012062073,0.43316352381911777,0.3226914761999557,0.2441449999809265,0.4269224602494034,71.26198387145996,0.19999999999999996,1.0,0.496573805809021,0.2,0.0,1.0,18.0,0.28125,46.0,0.71875,0.71875,2.0,1,33,0.515625,31.0,0.484375,0.515625,2,0.015625,,,,,,,
S30,DynaMixEMATent,64,0.18884189426898956,0.7882500886917114,0.7882500886917114,0.5994081497192383,0.29503280096633605,0.46849217242615054,0.2364750266075134,0.613591157790885,121.70998954772949,0.19999999999999996,1.0,0.6081851124763489,0.2,0.0,1.0,18.0,0.28125,46.0,0.71875,0.71875,2.0,2,5,0.078125,59.0,0.921875,0.921875,2,0.421875,,,,,,,
S30,DynaMixEMATent,64,0.27475976943969727,0.9719979763031006,0.9719979763031006,0.6972381472587585,0.16836790258755055,0.5400327045215193,0.2915993928909302,0.7623267104828616,183.91786003112793,0.19999999999999996,1.0,0.5849143862724304,0.2,0.0,1.0,42.0,0.65625,22.0,0.34375,0.65625,2.0,3,37,0.578125,27.0,0.421875,0.578125,2,0.078125,,,,,,,
S30,DynaMixEMATent,64,0.3578653335571289,0.948908269405365,0.948908269405365,0.5910429358482361,0.10578704780186739,0.6095404713765231,0.2846724808216095,0.8521138290284539,244.6479892730713,0.19999999999999996,1.0,0.3622305393218994,0.2,0.0,1.0,18.0,0.28125,46.0,0.71875,0.71875,2.0,4,24,0.375,40.0,0.625,0.625,2,0.125,,,,,,,
S30,DynaMixEMATent,23,0.000495116226375103,0.0033579766750335693,0.0033579766750335693,0.0028628604486584663,0.1476480757489514,0.8513445312485386,0.0010073930025100708,0.8522030346223349,244.72522273659706,0.19999999999999996,0.0,0.04478563368320465,0.2,0.0,1.0,23.0,1.0,0.0,0.0,1.0,1.0,5,23,1.0,,,1.0,1,0.0,,,,,,,
S30,TEMA,64,,,,,,,,,,,,,,,,,,,,,,0,51,0.796875,13.0,0.203125,0.796875,2,,,,,,,,
S30,TEMA,64,,,,,,,,,,,,,,,,,,,,,,1,33,0.515625,31.0,0.484375,0.515625,2,,,,,,,,
S30,TEMA,64,,,,,,,,,,,,,,,,,,,,,,2,5,0.078125,59.0,0.921875,0.921875,2,,,,,,,,
S30,TEMA,64,,,,,,,,,,,,,,,,,,,,,,3,37,0.578125,27.0,0.421875,0.578125,2,,,,,,,,
S30,TEMA,64,,,,,,,,,,,,,,,,,,,,,,4,24,0.375,40.0,0.625,0.625,2,,,,,,,,
S30,TEMA,23,,,,,,,,,,,,,,,,,,,,,,5,23,1.0,0.0,0.0,1.0,1,,,,,,,,
S30,DUA,64,,,,,,,,,,,,,,,,,,,,,,0,51,0.796875,13.0,0.203125,0.796875,2,,0.099,,,,,,
S30,DUA,64,,,,,,,,,,,,,,,,,,,,,,1,33,0.515625,31.0,0.484375,0.515625,2,,0.09336,,,,,,
S30,DUA,64,,,,,,,,,,,,,,,,,,,,,,2,5,0.078125,59.0,0.921875,0.921875,2,,0.0880584,,,,,,
S30,DUA,64,,,,,,,,,,,,,,,,,,,,,,3,37,0.578125,27.0,0.421875,0.578125,2,,0.083074896,,,,,,
S30,DUA,64,,,,,,,,,,,,,,,,,,,,,,4,24,0.375,40.0,0.625,0.625,2,,0.07839040223999999,,,,,,
S30,DUA,23,,,,,,,,,,,,,,,,,,,,,,5,23,1.0,0.0,0.0,1.0,1,,0.07398697810559998,,,,,,
S30,RoTTA,64,,,,,,,,,,,,,,,,,,,,,,0,51,0.796875,13.0,0.203125,0.796875,2,,,57.0,,,,,
S30,RoTTA,64,,,,,,,,,,,,,,,,,,,,,,1,33,0.515625,31.0,0.484375,0.515625,2,,,64.0,,,,,
S30,RoTTA,64,,,,,,,,,,,,,,,,,,,,,,2,5,0.078125,59.0,0.921875,0.921875,2,,,64.0,,,,,
S30,RoTTA,64,,,,,,,,,,,,,,,,,,,,,,3,37,0.578125,27.0,0.421875,0.578125,2,,,64.0,,,,,
S30,RoTTA,64,,,,,,,,,,,,,,,,,,,,,,4,24,0.375,40.0,0.625,0.625,2,,,64.0,,,,,
S30,RoTTA,23,,,,,,,,,,,,,,,,,,,,,,5,23,1.0,0.0,0.0,1.0,1,,,64.0,,,,,
S30,NOTE,64,,,,,,,,,,,,,,,,,,,,,,0,51,0.796875,13.0,0.203125,0.796875,2,,,,64.0,1.0,0.622429609298706,,
S30,NOTE,64,,,,,,,,,,,,,,,,,,,,,,1,33,0.515625,31.0,0.484375,0.515625,2,,,,64.0,1.0,0.5852370858192444,,
S30,NOTE,64,,,,,,,,,,,,,,,,,,,,,,2,5,0.078125,59.0,0.921875,0.921875,2,,,,64.0,1.0,0.6024144291877747,,
S30,NOTE,64,,,,,,,,,,,,,,,,,,,,,,3,37,0.578125,27.0,0.421875,0.578125,2,,,,64.0,1.0,0.6037014722824097,,
S30,NOTE,64,,,,,,,,,,,,,,,,,,,,,,4,24,0.375,40.0,0.625,0.625,2,,,,64.0,1.0,0.4906933009624481,,
S30,NOTE,23,,,,,,,,,,,,,,,,,,,,,,5,23,1.0,0.0,0.0,1.0,1,,,,64.0,0.0,,,
S30,DELTA,64,,,,,,,,,,,,,,,,,,,,,,0,51,0.796875,13.0,0.203125,0.796875,2,,,,,,,0.3304072320461273,1.0
S30,DELTA,64,,,,,,,,,,,,,,,,,,,,,,1,33,0.515625,31.0,0.484375,0.515625,2,,,,,,,0.06789514422416687,28.0
S30,DELTA,64,,,,,,,,,,,,,,,,,,,,,,2,5,0.078125,59.0,0.921875,0.921875,2,,,,,,,0.2002268135547638,19.0
S30,DELTA,64,,,,,,,,,,,,,,,,,,,,,,3,37,0.578125,27.0,0.421875,0.578125,2,,,,,,,0.35448983311653137,4.0
S30,DELTA,64,,,,,,,,,,,,,,,,,,,,,,4,24,0.375,40.0,0.625,0.625,2,,,,,,,0.05450384318828583,39.0
S30,DELTA,23,,,,,,,,,,,,,,,,,,,,,,5,23,1.0,0.0,0.0,1.0,1,,,,,,,0.00037965914816595614,21.0
