Subject,Method,raw_gate,effective_gate,confidence,updated,effective_source_weight,effective_ema_weight,effective_batch_weight,probe_gate,min_gate,batch_index,batch_size,true_class_0_count,true_class_0_ratio,true_class_1_count,true_class_1_ratio,true_max_class_ratio,true_num_present_classes
S1,EMATentSafe,0.4725733995437622,0.4725733995437622,0.9194223880767822,1,0.5527426600456238,0.4,0.047257339954376226,0.0,0.0,0,64,24,0.375,40.0,0.625,0.625,2
S1,EMATentSafe,0.5531927943229675,0.5531927943229675,0.8809868693351746,1,0.5446807205677032,0.4,0.05531927943229675,0.0,0.0,1,64,40,0.625,24.0,0.375,0.625,2
S1,EMATentSafe,0.32573434710502625,0.32573434710502625,0.9409350156784058,1,0.5674265652894974,0.4,0.03257343471050263,0.0,0.0,2,64,19,0.296875,45.0,0.703125,0.703125,2
S1,EMATentSafe,0.6774760484695435,0.6774760484695435,0.8302247524261475,1,0.5322523951530457,0.4,0.06774760484695434,0.0,0.0,3,64,44,0.6875,20.0,0.3125,0.6875,2
S1,EMATentSafe,0.756486177444458,0.756486177444458,0.7820068001747131,1,0.5243513822555542,0.4,0.07564861774444581,0.0,0.0,4,10,10,1.0,,,1.0,1
S1,EmaTentGridS40E50B10M085,0.4725733995437622,0.4725733995437622,0.9194223880767822,1,0.4527426600456238,0.5,0.047257339954376226,0.0,0.0,0,64,24,0.375,40.0,0.625,0.625,2
S1,EmaTentGridS40E50B10M085,0.6376760601997375,0.6376760601997375,0.849321722984314,1,0.4362323939800263,0.5,0.06376760601997376,0.0,0.0,1,64,40,0.625,24.0,0.375,0.625,2
S1,EmaTentGridS40E50B10M085,0.42255282402038574,0.42255282402038574,0.9142341017723083,1,0.4577447175979614,0.5,0.042255282402038574,0.0,0.0,2,64,19,0.296875,45.0,0.703125,0.703125,2
S1,EmaTentGridS40E50B10M085,0.8261347413063049,0.8261347413063049,0.7701946496963501,1,0.41738652586936953,0.5,0.0826134741306305,0.0,0.0,3,64,44,0.6875,20.0,0.3125,0.6875,2
S1,EmaTentGridS40E50B10M085,0.9298309087753296,0.9298309087753296,0.661090075969696,1,0.4070169091224671,0.5,0.09298309087753297,0.0,0.0,4,10,10,1.0,,,1.0,1
S1,EmaTentGridS30E50B20M085,0.4725733995437622,0.4725733995437622,0.9194223880767822,1,0.40548532009124755,0.5,0.09451467990875245,0.0,0.0,0,64,24,0.375,40.0,0.625,0.625,2
S1,EmaTentGridS30E50B20M085,0.6231685280799866,0.6231685280799866,0.8552621603012085,1,0.3753662943840027,0.5,0.12463370561599732,0.0,0.0,1,64,40,0.625,24.0,0.375,0.625,2
S1,EmaTentGridS30E50B20M085,0.40024808049201965,0.40024808049201965,0.9207646250724792,1,0.41995038390159606,0.5,0.08004961609840394,0.0,0.0,2,64,19,0.296875,45.0,0.703125,0.703125,2
S1,EmaTentGridS30E50B20M085,0.8002742528915405,0.8002742528915405,0.7829653024673462,1,0.3399451494216919,0.5,0.16005485057830812,0.0,0.0,3,64,44,0.6875,20.0,0.3125,0.6875,2
S1,EmaTentGridS30E50B20M085,0.8986415266990662,0.8986415266990662,0.6851957440376282,1,0.3202716946601868,0.5000000000000001,0.17972830533981327,0.0,0.0,4,10,10,1.0,,,1.0,1
S1,EmaTentGridS20E50B30M075,0.4725733995437622,0.4725733995437622,0.9194223880767822,1,0.35822798013687135,0.5,0.14177201986312865,0.0,0.0,0,64,24,0.375,40.0,0.625,0.625,2
S1,EmaTentGridS20E50B30M075,0.7100417017936707,0.7100417017936707,0.8165042400360107,1,0.2869874894618988,0.5,0.2130125105381012,0.0,0.0,1,64,40,0.625,24.0,0.375,0.625,2
S1,EmaTentGridS20E50B30M075,0.4927797019481659,0.4927797019481659,0.8923853635787964,1,0.3521660894155503,0.5,0.14783391058444975,0.0,0.0,2,64,19,0.296875,45.0,0.703125,0.703125,2
S1,EmaTentGridS20E50B30M075,0.8448518514633179,0.8448518514633179,0.7581655979156494,1,0.24654444456100466,0.5,0.25345555543899534,0.0,0.0,3,64,44,0.6875,20.0,0.3125,0.6875,2
S1,EmaTentGridS20E50B30M075,0.9370397329330444,0.9370397329330444,0.6651289463043213,1,0.21888808012008668,0.5,0.2811119198799133,0.0,0.0,4,10,10,1.0,,,1.0,1
S1,EMATent,0.4725733995437622,0.4725733995437622,0.9194223880767822,1,0.35822798013687135,0.5,0.14177201986312865,0.0,0.0,0,64,24,0.375,40.0,0.625,0.625,2
S1,EMATent,0.6611337065696716,0.6611337065696716,0.8391216993331909,1,0.3016598880290985,0.5,0.19834011197090148,0.0,0.0,1,64,40,0.625,24.0,0.375,0.625,2
S1,EMATent,0.4381847083568573,0.4381847083568573,0.909627377986908,1,0.36854458749294283,0.5,0.1314554125070572,0.0,0.0,2,64,19,0.296875,45.0,0.703125,0.703125,2
S1,EMATent,0.8258705139160156,0.8258705139160156,0.7690149545669556,1,0.25223884582519535,0.5,0.24776115417480468,0.0,0.0,3,64,44,0.6875,20.0,0.3125,0.6875,2
S1,EMATent,0.9157164692878723,0.9157164692878723,0.6755480170249939,1,0.2252850592136383,0.5,0.27471494078636166,0.0,0.0,4,10,10,1.0,,,1.0,1
S1,EMATentAdaptive,0.4725733995437622,0.4725733995437622,0.9194223880767822,1,0.35822798013687135,0.5,0.14177201986312865,0.0,0.0,0,64,24,0.375,40.0,0.625,0.625,2
S1,EMATentAdaptive,0.6108711361885071,0.6108711361885071,0.860131561756134,1,0.3167386591434479,0.5,0.18326134085655213,0.0,0.0,1,64,40,0.625,24.0,0.375,0.625,2
S1,EMATentAdaptive,0.3829837739467621,0.3829837739467621,0.9257343411445618,1,0.3851048678159714,0.5,0.11489513218402862,0.0,0.0,2,64,19,0.296875,45.0,0.703125,0.703125,2
S1,EMATentAdaptive,0.7787585258483887,0.7787585258483887,0.7924317717552185,1,0.2663724422454834,0.5,0.2336275577545166,0.0,0.0,3,64,44,0.6875,20.0,0.3125,0.6875,2
S1,EMATentAdaptive,0.8701925873756409,0.8701925873756409,0.7088574171066284,1,0.23894222378730776,0.5,0.26105777621269227,0.0,0.0,4,10,10,1.0,,,1.0,1
S1,EmaTentGridS20E50B30M090,0.4725733995437622,0.4725733995437622,0.9194223880767822,1,0.35822798013687135,0.5,0.14177201986312865,0.0,0.0,0,64,24,0.375,40.0,0.625,0.625,2
S1,EmaTentGridS20E50B30M090,0.5598905086517334,0.5598905086517334,0.8787674903869629,1,0.33203284740448,0.5,0.16796715259552,0.0,0.0,1,64,40,0.625,24.0,0.375,0.625,2
S1,EmaTentGridS20E50B30M090,0.3302185535430908,0.3302185535430908,0.9398351907730103,1,0.40093443393707273,0.5,0.09906556606292724,0.0,0.0,2,64,19,0.296875,45.0,0.703125,0.703125,2
S1,EmaTentGridS20E50B30M090,0.6941001415252686,0.6941001415252686,0.8246705532073975,1,0.2917699575424194,0.5,0.20823004245758056,0.0,0.0,3,64,44,0.6875,20.0,0.3125,0.6875,2
S1,EmaTentGridS20E50B30M090,0.7688773274421692,0.7688773274421692,0.7751768231391907,1,0.26933680176734925,0.5,0.23066319823265075,0.0,0.0,4,10,10,1.0,,,1.0,1
S1,EmaTentGridS20E50B30M095,0.4725733995437622,0.4725733995437622,0.9194223880767822,1,0.35822798013687135,0.5,0.14177201986312865,0.0,0.0,0,64,24,0.375,40.0,0.625,0.625,2
S1,EmaTentGridS20E50B30M095,0.5094684958457947,0.5094684958457947,0.8949771523475647,1,0.3471594512462616,0.5,0.1528405487537384,0.0,0.0,1,64,40,0.625,24.0,0.375,0.625,2
S1,EmaTentGridS20E50B30M095,0.2825150787830353,0.2825150787830353,0.9516006708145142,1,0.41524547636508946,0.5,0.08475452363491058,0.0,0.0,2,64,19,0.296875,45.0,0.703125,0.703125,2
S1,EmaTentGridS20E50B30M095,0.5695134997367859,0.5695134997367859,0.8689277172088623,1,0.32914595007896424,0.5,0.17085404992103576,0.0,0.0,3,64,44,0.6875,20.0,0.3125,0.6875,2
S1,EmaTentGridS20E50B30M095,0.5772150754928589,0.5772150754928589,0.862665593624115,1,0.32683547735214236,0.5,0.17316452264785767,0.0,0.0,4,10,10,1.0,,,1.0,1
S1,EmaTentGridS10E50B40M085,0.4725733995437622,0.4725733995437622,0.9194223880767822,1,0.3109706401824951,0.5,0.1890293598175049,0.0,0.0,0,64,24,0.375,40.0,0.625,0.625,2
S1,EmaTentGridS10E50B40M085,0.6003336310386658,0.6003336310386658,0.8642156720161438,1,0.2598665475845337,0.5,0.24013345241546633,0.0,0.0,1,64,40,0.625,24.0,0.375,0.625,2
S1,EmaTentGridS10E50B40M085,0.3693971633911133,0.3693971633911133,0.929628849029541,1,0.35224113464355467,0.5,0.1477588653564453,0.0,0.0,2,64,19,0.296875,45.0,0.703125,0.703125,2
S1,EmaTentGridS10E50B40M085,0.7604406476020813,0.7604406476020813,0.7997323274612427,1,0.1958237409591675,0.5,0.30417625904083256,0.0,0.0,3,64,44,0.6875,20.0,0.3125,0.6875,2
S1,EmaTentGridS10E50B40M085,0.8438479900360107,0.8438479900360107,0.7283318638801575,1,0.1624608039855957,0.5,0.3375391960144043,0.0,0.0,4,10,10,1.0,,,1.0,1
S2,EMATentSafe,0.10897471010684967,0.10897471010684967,0.9855583310127258,0,0.589102528989315,0.4,0.010897471010684967,0.0,0.0,0,64,10,0.15625,54.0,0.84375,0.84375,2
S2,EMATentSafe,0.07367267459630966,0.07367267459630966,0.9910612106323242,0,0.5926327325403691,0.4,0.007367267459630966,0.0,0.0,1,64,19,0.296875,45.0,0.703125,0.703125,2
S2,EMATentSafe,0.048486169427633286,0.048486169427633286,0.9945947527885437,0,0.5951513830572367,0.4,0.004848616942763329,0.0,0.0,2,64,0,0.0,64.0,1.0,1.0,1
S2,EMATentSafe,0.06590773165225983,0.06590773165225983,0.9921884536743164,0,0.593409226834774,0.4,0.006590773165225983,0.0,0.0,3,61,38,0.6229508196721312,23.0,0.3770491803278688,0.6229508196721312,2
S2,EmaTentGridS40E50B10M085,0.10897458344697952,0.10897458344697952,0.9855583310127258,0,0.4891025416553021,0.5,0.010897458344697953,0.0,0.0,0,64,10,0.15625,54.0,0.84375,0.84375,2
S2,EmaTentGridS40E50B10M085,0.12212137877941132,0.12212137877941132,0.9833622574806213,0,0.4877878621220589,0.5,0.012212137877941133,0.0,0.0,1,64,19,0.296875,45.0,0.703125,0.703125,2
S2,EmaTentGridS40E50B10M085,0.11244188994169235,0.11244188994169235,0.9849865436553955,0,0.48875581100583076,0.5,0.011244188994169235,0.0,0.0,2,64,0,0.0,64.0,1.0,1.0,1
S2,EmaTentGridS40E50B10M085,0.17244860529899597,0.17244860529899597,0.9742804765701294,0,0.4827551394701004,0.5,0.017244860529899597,0.0,0.0,3,61,38,0.6229508196721312,23.0,0.3770491803278688,0.6229508196721312,2
S2,EmaTentGridS30E50B20M085,0.10897458344697952,0.10897458344697952,0.9855583310127258,0,0.4782050833106041,0.5,0.021794916689395906,0.0,0.0,0,64,10,0.15625,54.0,0.84375,0.84375,2
S2,EmaTentGridS30E50B20M085,0.11999835819005966,0.11999835819005966,0.9837220311164856,0,0.4760003283619881,0.5,0.023999671638011935,0.0,0.0,1,64,19,0.296875,45.0,0.703125,0.703125,2
S2,EmaTentGridS30E50B20M085,0.10859469324350357,0.10859469324350357,0.9856206774711609,0,0.4782810613512993,0.5,0.021718938648700715,0.0,0.0,2,64,0,0.0,64.0,1.0,1.0,1
S2,EmaTentGridS30E50B20M085,0.16588594019412994,0.16588594019412994,0.9755234718322754,0,0.46682281196117403,0.5,0.03317718803882599,0.0,0.0,3,61,38,0.6229508196721312,23.0,0.3770491803278688,0.6229508196721312,2
S2,EmaTentGridS20E50B30M075,0.10897458344697952,0.10897458344697952,0.9855583310127258,0,0.46730762496590617,0.5,0.032692375034093855,0.0,0.0,0,64,10,0.15625,54.0,0.84375,0.84375,2
S2,EmaTentGridS20E50B30M075,0.21953485906124115,0.21953485906124115,0.964862585067749,1,0.43413954228162766,0.5,0.06586045771837234,0.0,0.0,1,64,19,0.296875,45.0,0.703125,0.703125,2
S2,EmaTentGridS20E50B30M075,0.22963379323482513,0.22963379323482513,0.9627296328544617,1,0.4311098620295525,0.5,0.06889013797044753,0.0,0.0,2,64,0,0.0,64.0,1.0,1.0,1
S2,EmaTentGridS20E50B30M075,0.3078426718711853,0.3078426718711853,0.9448599219322205,1,0.4076471984386444,0.5,0.09235280156135559,0.0,0.0,3,61,38,0.6229508196721312,23.0,0.3770491803278688,0.6229508196721312,2
S2,EMATent,0.10897458344697952,0.10897458344697952,0.9855583310127258,0,0.46730762496590617,0.5,0.032692375034093855,0.0,0.0,0,64,10,0.15625,54.0,0.84375,0.84375,2
S2,EMATent,0.16327305138111115,0.16327305138111115,0.9760135412216187,0,0.45101808458566667,0.5,0.04898191541433334,0.0,0.0,1,64,19,0.296875,45.0,0.703125,0.703125,2
S2,EMATent,0.16327469050884247,0.16327469050884247,0.9760132431983948,0,0.45101759284734727,0.5,0.048982407152652736,0.0,0.0,2,64,0,0.0,64.0,1.0,1.0,1
S2,EMATent,0.2407347410917282,0.2407347410917282,0.9603392481803894,1,0.42777957767248154,0.5,0.07222042232751846,0.0,0.0,3,61,38,0.6229508196721312,23.0,0.3770491803278688,0.6229508196721312,2
S2,EMATentAdaptive,0.10897458344697952,0.10897458344697952,0.9855583310127258,0,0.46730762496590617,0.5,0.032692375034093855,0.0,0.0,0,64,10,0.15625,54.0,0.84375,0.84375,2
S2,EMATentAdaptive,0.11799227446317673,0.11799227446317673,0.9840601682662964,0,0.464602317661047,0.5,0.03539768233895302,0.0,0.0,1,64,19,0.296875,45.0,0.703125,0.703125,2
S2,EMATentAdaptive,0.10507471114397049,0.10507471114397049,0.9861949682235718,0,0.46847758665680883,0.5,0.03152241334319115,0.0,0.0,2,64,0,0.0,64.0,1.0,1.0,1
S2,EMATentAdaptive,0.16003970801830292,0.16003970801830292,0.9766160845756531,0,0.45198808759450915,0.5,0.048011912405490874,0.0,0.0,3,61,38,0.6229508196721312,23.0,0.3770491803278688,0.6229508196721312,2
S2,EmaTentGridS20E50B30M090,0.10897458344697952,0.10897458344697952,0.9855583310127258,0,0.46730762496590617,0.5,0.032692375034093855,0.0,0.0,0,64,10,0.15625,54.0,0.84375,0.84375,2
S2,EmaTentGridS20E50B30M090,0.08343435078859329,0.08343435078859329,0.9895998239517212,0,0.474969694763422,0.5,0.025030305236577986,0.0,0.0,1,64,19,0.296875,45.0,0.703125,0.703125,2
S2,EmaTentGridS20E50B30M090,0.06117025762796402,0.06117025762796402,0.9928600788116455,0,0.4816489227116108,0.5,0.018351077288389205,0.0,0.0,2,64,0,0.0,64.0,1.0,1.0,1
S2,EmaTentGridS20E50B30M090,0.08787476271390915,0.08787476271390915,0.9889193177223206,0,0.4736375711858273,0.5,0.026362428814172743,0.0,0.0,3,61,38,0.6229508196721312,23.0,0.3770491803278688,0.6229508196721312,2
S2,EmaTentGridS20E50B30M095,0.10897458344697952,0.10897458344697952,0.9855583310127258,0,0.46730762496590617,0.5,0.032692375034093855,0.0,0.0,0,64,10,0.15625,54.0,0.84375,0.84375,2
S2,EmaTentGridS20E50B30M095,0.05795850604772568,0.05795850604772568,0.9933083057403564,0,0.4826124481856823,0.5,0.0173875518143177,0.0,0.0,1,64,19,0.296875,45.0,0.703125,0.703125,2
S2,EmaTentGridS20E50B30M095,0.030714575201272964,0.030714575201272964,0.9968500733375549,0,0.4907856274396181,0.5,0.009214372560381889,0.0,0.0,2,64,0,0.0,64.0,1.0,1.0,1
S2,EmaTentGridS20E50B30M095,0.04036955535411835,0.04036955535411835,0.9956521987915039,0,0.4878891333937645,0.5,0.012110866606235504,0.0,0.0,3,61,38,0.6229508196721312,23.0,0.3770491803278688,0.6229508196721312,2
S2,EmaTentGridS10E50B40M085,0.10897458344697952,0.10897458344697952,0.9855583310127258,0,0.45641016662120826,0.5,0.04358983337879181,0.0,0.0,0,64,10,0.15625,54.0,0.84375,0.84375,2
S2,EmaTentGridS10E50B40M085,0.11609283834695816,0.11609283834695816,0.9843787550926208,0,0.45356286466121676,0.5,0.04643713533878327,0.0,0.0,1,64,19,0.296875,45.0,0.703125,0.703125,2
S2,EmaTentGridS10E50B40M085,0.10189683735370636,0.10189683735370636,0.9867087006568909,0,0.4592412650585175,0.5,0.04075873494148255,0.0,0.0,2,64,0,0.0,64.0,1.0,1.0,1
S2,EmaTentGridS10E50B40M085,0.1547367125749588,0.1547367125749588,0.9775953888893127,0,0.4381053149700165,0.5,0.06189468502998352,0.0,0.0,3,61,38,0.6229508196721312,23.0,0.3770491803278688,0.6229508196721312,2
S3,EMATentSafe,0.9849061369895935,0.9849061369895935,0.7665504217147827,1,0.5015093863010407,0.4,0.09849061369895935,0.0,0.0,0,64,16,0.25,48.0,0.75,0.75,2
S3,EMATentSafe,0.6589526534080505,0.6589526534080505,0.8528302907943726,1,0.534104734659195,0.4,0.06589526534080506,0.0,0.0,1,64,27,0.421875,37.0,0.578125,0.578125,2
S3,EMATentSafe,0.9826657176017761,0.9826657176017761,0.6970934271812439,1,0.5017334282398224,0.4,0.09826657176017761,0.0,0.0,2,64,29,0.453125,35.0,0.546875,0.546875,2
S3,EMATentSafe,0.770301342010498,0.770301342010498,0.7958484888076782,1,0.5229698657989502,0.4,0.07703013420104982,0.0,0.0,3,64,38,0.59375,26.0,0.40625,0.59375,2
S3,EMATentSafe,0.7637970447540283,0.7637970447540283,0.7780032157897949,1,0.5236202955245972,0.4,0.07637970447540283,0.0,0.0,4,11,0,0.0,11.0,1.0,1.0,1
S3,EmaTentGridS40E50B10M085,0.9849063754081726,0.9849063754081726,0.7665505409240723,1,0.4015093624591828,0.5,0.09849063754081727,0.0,0.0,0,64,16,0.25,48.0,0.75,0.75,2
S3,EmaTentGridS40E50B10M085,0.6520562171936035,0.6520562171936035,0.8516490459442139,1,0.43479437828063966,0.5,0.06520562171936035,0.0,0.0,1,64,27,0.421875,37.0,0.578125,0.578125,2
S3,EmaTentGridS40E50B10M085,0.9972174763679504,0.9972174763679504,0.6666883230209351,1,0.40027825236320497,0.5,0.09972174763679505,0.0,0.0,2,64,29,0.453125,35.0,0.546875,0.546875,2
S3,EmaTentGridS40E50B10M085,0.8146983981132507,0.8146983981132507,0.7726011276245117,1,0.41853016018867495,0.5,0.08146983981132508,0.0,0.0,3,64,38,0.59375,26.0,0.40625,0.59375,2
S3,EmaTentGridS40E50B10M085,0.8688513040542603,0.8688513040542603,0.7157952189445496,1,0.413114869594574,0.5,0.08688513040542603,0.0,0.0,4,11,0,0.0,11.0,1.0,1.0,1
S3,EmaTentGridS30E50B20M085,0.9849063754081726,0.9849063754081726,0.7665505409240723,1,0.30301872491836546,0.5,0.19698127508163454,0.0,0.0,0,64,16,0.25,48.0,0.75,0.75,2
S3,EmaTentGridS30E50B20M085,0.6465674638748169,0.6465674638748169,0.8537591695785522,1,0.3706865072250366,0.5,0.12931349277496337,0.0,0.0,1,64,27,0.421875,37.0,0.578125,0.578125,2
S3,EmaTentGridS30E50B20M085,0.9944952726364136,0.9944952726364136,0.6709945797920227,1,0.30110094547271726,0.5,0.19889905452728274,0.0,0.0,2,64,29,0.453125,35.0,0.546875,0.546875,2
S3,EmaTentGridS30E50B20M085,0.8012564182281494,0.8012564182281494,0.7798317670822144,1,0.3397487163543701,0.5,0.1602512836456299,0.0,0.0,3,64,38,0.59375,26.0,0.40625,0.59375,2
S3,EmaTentGridS30E50B20M085,0.8464698791503906,0.8464698791503906,0.7303860783576965,1,0.3307060241699219,0.5000000000000001,0.16929397583007816,0.0,0.0,4,11,0,0.0,11.0,1.0,1.0,1
S3,EmaTentGridS20E50B30M075,0.9849063754081726,0.9849063754081726,0.7665505409240723,1,0.20452808737754824,0.5,0.29547191262245176,0.0,0.0,0,64,16,0.25,48.0,0.75,0.75,2
S3,EmaTentGridS20E50B30M075,0.6208699941635132,0.6208699941635132,0.8575246334075928,1,0.31373900175094604,0.5,0.18626099824905396,0.0,0.0,1,64,27,0.421875,37.0,0.578125,0.578125,2
S3,EmaTentGridS20E50B30M075,0.9999403357505798,0.9999403357505798,0.6570613384246826,1,0.20001789927482605,0.5,0.29998210072517395,0.0,0.0,2,64,29,0.453125,35.0,0.546875,0.546875,2
S3,EmaTentGridS20E50B30M075,0.8405725359916687,0.8405725359916687,0.7573308348655701,1,0.2478282392024994,0.5,0.2521717607975006,0.0,0.0,3,64,38,0.59375,26.0,0.40625,0.59375,2
S3,EmaTentGridS20E50B30M075,0.8853582739830017,0.8853582739830017,0.6966410875320435,1,0.2343925178050995,0.5,0.2656074821949005,0.0,0.0,4,11,0,0.0,11.0,1.0,1.0,1
S3,EMATent,0.9849063754081726,0.9849063754081726,0.7665505409240723,1,0.20452808737754824,0.5,0.29547191262245176,0.0,0.0,0,64,16,0.25,48.0,0.75,0.75,2
S3,EMATent,0.6317552924156189,0.6317552924156189,0.8561856746673584,1,0.31047341227531433,0.5,0.18952658772468567,0.0,0.0,1,64,27,0.421875,37.0,0.578125,0.578125,2
S3,EMATent,0.9975740313529968,0.9975740313529968,0.6633040904998779,1,0.20072779059410095,0.5,0.29927220940589905,0.0,0.0,2,64,29,0.453125,35.0,0.546875,0.546875,2
S3,EMATent,0.8150982856750488,0.8150982856750488,0.7715750932693481,1,0.25547051429748535,0.5,0.24452948570251465,0.0,0.0,3,64,38,0.59375,26.0,0.40625,0.59375,2
S3,EMATent,0.8619612455368042,0.8619612455368042,0.7172195315361023,1,0.24141162633895874,0.5,0.25858837366104126,0.0,0.0,4,11,0,0.0,11.0,1.0,1.0,1
S3,EMATentAdaptive,0.9849063754081726,0.9849063754081726,0.7665505409240723,1,0.20452808737754824,0.5,0.29547191262245176,0.0,0.0,0,64,16,0.25,48.0,0.75,0.75,2
S3,EMATentAdaptive,0.6415295004844666,0.6415295004844666,0.8557655811309814,1,0.30754114985466,0.5,0.19245885014533995,0.0,0.0,1,64,27,0.421875,37.0,0.578125,0.578125,2
S3,EMATentAdaptive,0.9914498925209045,0.9914498925209045,0.676591157913208,1,0.20256503224372865,0.5,0.2974349677562714,0.0,0.0,2,64,29,0.453125,35.0,0.546875,0.546875,2
S3,EMATentAdaptive,0.7904054522514343,0.7904054522514343,0.7858678698539734,1,0.2628783643245697,0.5,0.2371216356754303,0.0,0.0,3,64,38,0.59375,26.0,0.40625,0.59375,2
S3,EMATentAdaptive,0.8259084224700928,0.8259084224700928,0.7425592541694641,1,0.25222747325897216,0.5,0.24777252674102782,0.0,0.0,4,11,0,0.0,11.0,1.0,1.0,1
S3,EmaTentGridS20E50B30M090,0.9849063754081726,0.9849063754081726,0.7665505409240723,1,0.20452808737754824,0.5,0.29547191262245176,0.0,0.0,0,64,16,0.25,48.0,0.75,0.75,2
S3,EmaTentGridS20E50B30M090,0.650056004524231,0.650056004524231,0.8553115129470825,1,0.3049831986427307,0.5,0.1950168013572693,0.0,0.0,1,64,27,0.421875,37.0,0.578125,0.578125,2
S3,EmaTentGridS20E50B30M090,0.9814102053642273,0.9814102053642273,0.6969411373138428,1,0.20557693839073182,0.5,0.2944230616092682,0.0,0.0,2,64,29,0.453125,35.0,0.546875,0.546875,2
S3,EmaTentGridS20E50B30M090,0.7647455930709839,0.7647455930709839,0.7984679937362671,1,0.27057632207870486,0.5,0.22942367792129514,0.0,0.0,3,64,38,0.59375,26.0,0.40625,0.59375,2
S3,EmaTentGridS20E50B30M090,0.7632858157157898,0.7632858157157898,0.7782855033874512,1,0.2710142552852631,0.5,0.22898574471473693,0.0,0.0,4,11,0,0.0,11.0,1.0,1.0,1
S3,EmaTentGridS20E50B30M095,0.9849063754081726,0.9849063754081726,0.7665505409240723,1,0.20452808737754824,0.5,0.29547191262245176,0.0,0.0,0,64,16,0.25,48.0,0.75,0.75,2
S3,EmaTentGridS20E50B30M095,0.6572872400283813,0.6572872400283813,0.854982316493988,1,0.3028138279914856,0.5,0.1971861720085144,0.0,0.0,1,64,27,0.421875,37.0,0.578125,0.578125,2
S3,EmaTentGridS20E50B30M095,0.9676791429519653,0.9676791429519653,0.7196789979934692,1,0.20969625711441042,0.5,0.2903037428855896,0.0,0.0,2,64,29,0.453125,35.0,0.546875,0.546875,2
S3,EmaTentGridS20E50B30M095,0.737179696559906,0.737179696559906,0.8110239505767822,1,0.2788460910320282,0.5,0.2211539089679718,0.0,0.0,3,64,38,0.59375,26.0,0.40625,0.59375,2
S3,EmaTentGridS20E50B30M095,0.6687391400337219,0.6687391400337219,0.82512366771698,1,0.29937825798988343,0.5,0.20062174201011657,0.0,0.0,4,11,0,0.0,11.0,1.0,1.0,1
S3,EmaTentGridS10E50B40M085,0.9849063754081726,0.9849063754081726,0.7665505409240723,1,0.10603744983673097,0.5,0.3939625501632691,0.0,0.0,0,64,16,0.25,48.0,0.75,0.75,2
S3,EmaTentGridS10E50B40M085,0.6377993226051331,0.6377993226051331,0.857515275478363,1,0.2448802709579468,0.5,0.2551197290420532,0.0,0.0,1,64,27,0.421875,37.0,0.578125,0.578125,2
S3,EmaTentGridS10E50B40M085,0.9885992407798767,0.9885992407798767,0.6829977035522461,1,0.10456030368804932,0.5,0.3954396963119507,0.0,0.0,2,64,29,0.453125,35.0,0.546875,0.546875,2
S3,EmaTentGridS10E50B40M085,0.7823684811592102,0.7823684811592102,0.7908909916877747,1,0.18705260753631592,0.5,0.3129473924636841,0.0,0.0,3,64,38,0.59375,26.0,0.40625,0.59375,2
S3,EmaTentGridS10E50B40M085,0.806877851486206,0.806877851486206,0.7527577877044678,1,0.1772488594055176,0.5,0.32275114059448246,0.0,0.0,4,11,0,0.0,11.0,1.0,1.0,1
S4,EMATentSafe,0.012168352492153645,0.012168352492153645,0.9989232420921326,0,0.5987831647507846,0.4,0.0012168352492153646,0.0,0.0,0,64,0,0.0,64.0,1.0,1.0,1
S4,EMATentSafe,0.029158765450119972,0.029158765450119972,0.9970364570617676,0,0.597084123454988,0.4,0.0029158765450119973,0.0,0.0,1,64,31,0.484375,33.0,0.515625,0.515625,2
S4,EMATentSafe,0.14650318026542664,0.14650318026542664,0.9790930151939392,0,0.5853496819734574,0.4,0.014650318026542665,0.0,0.0,2,64,23,0.359375,41.0,0.640625,0.640625,2
S4,EMATentSafe,0.09313873946666718,0.09313873946666718,0.9881002902984619,0,0.5906861260533333,0.4,0.009313873946666718,0.0,0.0,3,64,38,0.59375,26.0,0.40625,0.59375,2
S4,EMATentSafe,0.1614682823419571,0.1614682823419571,0.9763504862785339,0,0.5838531717658043,0.4,0.01614682823419571,0.0,0.0,4,11,0,0.0,11.0,1.0,1.0,1
S4,EmaTentGridS40E50B10M085,0.012168439105153084,0.012168439105153084,0.9989232420921326,0,0.4987831560894847,0.5,0.0012168439105153086,0.0,0.0,0,64,0,0.0,64.0,1.0,1.0,1
S4,EmaTentGridS40E50B10M085,0.06632208824157715,0.06632208824157715,0.9921290874481201,0,0.4933677911758423,0.5,0.006632208824157715,0.0,0.0,1,64,31,0.484375,33.0,0.515625,0.515625,2
S4,EmaTentGridS40E50B10M085,0.519333004951477,0.519333004951477,0.8896791338920593,1,0.44806669950485234,0.5,0.05193330049514771,0.0,0.0,2,64,23,0.359375,41.0,0.640625,0.640625,2
S4,EmaTentGridS40E50B10M085,0.3929026126861572,0.3929026126861572,0.9243717193603516,1,0.4607097387313843,0.5,0.03929026126861573,0.0,0.0,3,64,38,0.59375,26.0,0.40625,0.59375,2
S4,EmaTentGridS40E50B10M085,0.627894401550293,0.627894401550293,0.8426655530929565,1,0.4372105598449707,0.5,0.0627894401550293,0.0,0.0,4,11,0,0.0,11.0,1.0,1.0,1
S4,EmaTentGridS30E50B20M085,0.012168439105153084,0.012168439105153084,0.9989232420921326,0,0.4975663121789694,0.5,0.002433687821030617,0.0,0.0,0,64,0,0.0,64.0,1.0,1.0,1
S4,EmaTentGridS30E50B20M085,0.06610768288373947,0.06610768288373947,0.9921598434448242,0,0.4867784634232521,0.5,0.013221536576747895,0.0,0.0,1,64,31,0.484375,33.0,0.515625,0.515625,2
S4,EmaTentGridS30E50B20M085,0.5124940872192383,0.5124940872192383,0.8916311264038086,1,0.39750118255615235,0.5,0.10249881744384766,0.0,0.0,2,64,23,0.359375,41.0,0.640625,0.640625,2
S4,EmaTentGridS30E50B20M085,0.3648858666419983,0.3648858666419983,0.9304881691932678,1,0.4270228266716003,0.5,0.07297717332839966,0.0,0.0,3,64,38,0.59375,26.0,0.40625,0.59375,2
S4,EmaTentGridS30E50B20M085,0.5753029584884644,0.5753029584884644,0.8633856773376465,1,0.3849394083023071,0.5,0.11506059169769288,0.0,0.0,4,11,0,0.0,11.0,1.0,1.0,1
S4,EmaTentGridS20E50B30M075,0.012168439105153084,0.012168439105153084,0.9989232420921326,0,0.49634946826845405,0.5,0.003650531731545925,0.0,0.0,0,64,0,0.0,64.0,1.0,1.0,1
S4,EmaTentGridS20E50B30M075,0.22496356070041656,0.22496356070041656,0.9637209177017212,1,0.43251093178987504,0.5,0.06748906821012497,0.0,0.0,1,64,31,0.484375,33.0,0.515625,0.515625,2
S4,EmaTentGridS20E50B30M075,0.9940958619117737,0.9940958619117737,0.7050144672393799,1,0.2017712414264679,0.5,0.2982287585735321,0.0,0.0,2,64,23,0.359375,41.0,0.640625,0.640625,2
S4,EmaTentGridS20E50B30M075,0.6304990649223328,0.6304990649223328,0.8786982297897339,1,0.31085028052330016,0.5,0.1891497194766998,0.0,0.0,3,64,38,0.59375,26.0,0.40625,0.59375,2
S4,EmaTentGridS20E50B30M075,0.7417331337928772,0.7417331337928772,0.7942704558372498,1,0.27748005986213686,0.5,0.22251994013786316,0.0,0.0,4,11,0,0.0,11.0,1.0,1.0,1
S4,EMATent,0.012168439105153084,0.012168439105153084,0.9989232420921326,0,0.49634946826845405,0.5,0.003650531731545925,0.0,0.0,0,64,0,0.0,64.0,1.0,1.0,1
S4,EMATent,0.12057908624410629,0.12057908624410629,0.9836238622665405,0,0.46382627412676813,0.5,0.036173725873231886,0.0,0.0,1,64,31,0.484375,33.0,0.515625,0.515625,2
S4,EMATent,0.8489719033241272,0.8489719033241272,0.7641187906265259,1,0.24530842900276184,0.5,0.25469157099723816,0.0,0.0,2,64,23,0.359375,41.0,0.640625,0.640625,2
S4,EMATent,0.512199342250824,0.512199342250824,0.9015927314758301,1,0.34634019732475285,0.5,0.15365980267524718,0.0,0.0,3,64,38,0.59375,26.0,0.40625,0.59375,2
S4,EMATent,0.6837289929389954,0.6837289929389954,0.8183242678642273,1,0.2948813021183014,0.5,0.2051186978816986,0.0,0.0,4,11,0,0.0,11.0,1.0,1.0,1
S4,EMATentAdaptive,0.012168439105153084,0.012168439105153084,0.9989232420921326,0,0.49634946826845405,0.5,0.003650531731545925,0.0,0.0,0,64,0,0.0,64.0,1.0,1.0,1
S4,EMATentAdaptive,0.06589426100254059,0.06589426100254059,0.9921903610229492,0,0.48023172169923783,0.5,0.019768278300762176,0.0,0.0,1,64,31,0.484375,33.0,0.515625,0.515625,2
S4,EMATentAdaptive,0.5056990385055542,0.5056990385055542,0.8935471177101135,1,0.34829028844833376,0.5,0.15170971155166627,0.0,0.0,2,64,23,0.359375,41.0,0.640625,0.640625,2
S4,EMATentAdaptive,0.3373970091342926,0.3373970091342926,0.9374725818634033,1,0.3987808972597122,0.5,0.10121910274028778,0.0,0.0,3,64,38,0.59375,26.0,0.40625,0.59375,2
S4,EMATentAdaptive,0.5295272469520569,0.5295272469520569,0.8799421191215515,1,0.3411418259143829,0.5,0.15885817408561706,0.0,0.0,4,11,0,0.0,11.0,1.0,1.0,1
S4,EmaTentGridS20E50B30M090,0.012168439105153084,0.012168439105153084,0.9989232420921326,0,0.49634946826845405,0.5,0.003650531731545925,0.0,0.0,0,64,0,0.0,64.0,1.0,1.0,1
S4,EmaTentGridS20E50B30M090,0.036712028086185455,0.036712028086185455,0.9961140751838684,0,0.48898639157414436,0.5,0.011013608425855637,0.0,0.0,1,64,31,0.484375,33.0,0.515625,0.515625,2
S4,EmaTentGridS20E50B30M090,0.21937169134616852,0.21937169134616852,0.9648966789245605,1,0.43418849259614944,0.5,0.06581150740385056,0.0,0.0,2,64,23,0.359375,41.0,0.640625,0.640625,2
S4,EmaTentGridS20E50B30M090,0.14441576600074768,0.14441576600074768,0.9794682860374451,0,0.4566752701997757,0.5,0.0433247298002243,0.0,0.0,3,64,38,0.59375,26.0,0.40625,0.59375,2
S4,EmaTentGridS20E50B30M090,0.2600362002849579,0.2600362002849579,0.9560685753822327,1,0.42198913991451265,0.5,0.07801086008548737,0.0,0.0,4,11,0,0.0,11.0,1.0,1.0,1
S4,EmaTentGridS20E50B30M095,0.012168439105153084,0.012168439105153084,0.9989232420921326,0,0.49634946826845405,0.5,0.003650531731545925,0.0,0.0,0,64,0,0.0,64.0,1.0,1.0,1
S4,EmaTentGridS20E50B30M095,0.020472418516874313,0.020472418516874313,0.9980380535125732,0,0.4938582744449377,0.5,0.006141725555062294,0.0,0.0,1,64,31,0.484375,33.0,0.515625,0.515625,2
S4,EmaTentGridS20E50B30M095,0.0798758938908577,0.0798758938908577,0.9901381731033325,0,0.4760372318327427,0.5,0.023962768167257308,0.0,0.0,2,64,23,0.359375,41.0,0.640625,0.640625,2
S4,EmaTentGridS20E50B30M095,0.04656481742858887,0.04656481742858887,0.9948489665985107,0,0.4860305547714233,0.5,0.01396944522857666,0.0,0.0,3,64,38,0.59375,26.0,0.40625,0.59375,2
S4,EmaTentGridS20E50B30M095,0.07260633260011673,0.07260633260011673,0.9912179112434387,0,0.47821810021996497,0.5,0.02178189978003502,0.0,0.0,4,11,0,0.0,11.0,1.0,1.0,1
S4,EmaTentGridS10E50B40M085,0.012168439105153084,0.012168439105153084,0.9989232420921326,0,0.4951326243579388,0.5,0.004867375642061234,0.0,0.0,0,64,0,0.0,64.0,1.0,1.0,1
S4,EmaTentGridS10E50B40M085,0.0656852275133133,0.0656852275133133,0.9922203421592712,0,0.4737259089946747,0.5,0.02627409100532532,0.0,0.0,1,64,31,0.484375,33.0,0.515625,0.515625,2
S4,EmaTentGridS10E50B40M085,0.4992208778858185,0.4992208778858185,0.8954836130142212,1,0.30031164884567263,0.5,0.1996883511543274,0.0,0.0,2,64,23,0.359375,41.0,0.640625,0.640625,2
S4,EmaTentGridS10E50B40M085,0.312811017036438,0.312811017036438,0.9436428546905518,1,0.37487559318542485,0.5,0.1251244068145752,0.0,0.0,3,64,38,0.59375,26.0,0.40625,0.59375,2
S4,EmaTentGridS10E50B40M085,0.48692354559898376,0.48692354559898376,0.8942624926567078,1,0.3052305817604065,0.5,0.1947694182395935,0.0,0.0,4,11,0,0.0,11.0,1.0,1.0,1
S5,EMATentSafe,0.0025176366325467825,0.0025176366325467825,0.9998185038566589,0,0.5997482363367453,0.4,0.00025176366325467824,0.0,0.0,0,64,16,0.25,48.0,0.75,0.75,2
S5,EMATentSafe,0.0012043165042996407,0.0012043165042996407,0.9999200105667114,0,0.59987956834957,0.4,0.00012043165042996407,0.0,0.0,1,64,40,0.625,24.0,0.375,0.625,2
S5,EMATentSafe,0.003697235370054841,0.003697235370054841,0.9997209906578064,0,0.5996302764629945,0.4,0.0003697235370054841,0.0,0.0,2,64,51,0.796875,13.0,0.203125,0.796875,2
S5,EMATentSafe,0.006714437156915665,0.006714437156915665,0.9994531273841858,0,0.5993285562843085,0.4,0.0006714437156915665,0.0,0.0,3,64,15,0.234375,49.0,0.765625,0.765625,2
S5,EMATentSafe,0.23746483027935028,0.23746483027935028,0.9610483050346375,1,0.576253516972065,0.4,0.023746483027935028,0.0,0.0,4,38,0,0.0,38.0,1.0,1.0,1
S5,EmaTentGridS40E50B10M085,0.0025176643393933773,0.0025176643393933773,0.9998185038566589,0,0.4997482335660607,0.5,0.00025176643393933775,0.0,0.0,0,64,16,0.25,48.0,0.75,0.75,2
S5,EmaTentGridS40E50B10M085,0.005866732448339462,0.005866732448339462,0.9995306134223938,0,0.4994133267551661,0.5,0.0005866732448339463,0.0,0.0,1,64,40,0.625,24.0,0.375,0.625,2
S5,EmaTentGridS40E50B10M085,0.06145887076854706,0.06145887076854706,0.9928195476531982,0,0.4938541129231453,0.5,0.006145887076854706,0.0,0.0,2,64,51,0.796875,13.0,0.203125,0.796875,2
S5,EmaTentGridS40E50B10M085,0.1595717817544937,0.1595717817544937,0.9767030477523804,0,0.48404282182455066,0.5,0.015957178175449373,0.0,0.0,3,64,15,0.234375,49.0,0.765625,0.765625,2
S5,EmaTentGridS40E50B10M085,0.8826928734779358,0.8826928734779358,0.7430096864700317,1,0.41173071265220645,0.5,0.08826928734779359,0.0,0.0,4,38,0,0.0,38.0,1.0,1.0,1
S5,EmaTentGridS30E50B20M085,0.0025176643393933773,0.0025176643393933773,0.9998185038566589,0,0.4994964671321213,0.5,0.0005035328678786755,0.0,0.0,0,64,16,0.25,48.0,0.75,0.75,2
S5,EmaTentGridS30E50B20M085,0.005860347766429186,0.005860347766429186,0.9995312094688416,0,0.49882793044671414,0.5,0.0011720695532858373,0.0,0.0,1,64,40,0.625,24.0,0.375,0.625,2
S5,EmaTentGridS30E50B20M085,0.0611986443400383,0.0611986443400383,0.9928561449050903,0,0.48776027113199233,0.5,0.01223972886800766,0.0,0.0,2,64,51,0.796875,13.0,0.203125,0.796875,2
S5,EmaTentGridS30E50B20M085,0.1561012715101242,0.1561012715101242,0.9773445129394531,0,0.46877974569797515,0.5,0.031220254302024842,0.0,0.0,3,64,15,0.234375,49.0,0.765625,0.765625,2
S5,EmaTentGridS30E50B20M085,0.871356189250946,0.871356189250946,0.7476115822792053,1,0.3257287621498108,0.5,0.17427123785018922,0.0,0.0,4,38,0,0.0,38.0,1.0,1.0,1
S5,EmaTentGridS20E50B30M075,0.0025176643393933773,0.0025176643393933773,0.9998185038566589,0,0.499244700698182,0.5,0.0007552993018180131,0.0,0.0,0,64,16,0.25,48.0,0.75,0.75,2
S5,EmaTentGridS20E50B30M075,0.03728952631354332,0.03728952631354332,0.9960417747497559,0,0.488813142105937,0.5,0.011186857894062995,0.0,0.0,1,64,40,0.625,24.0,0.375,0.625,2
S5,EmaTentGridS20E50B30M075,0.41909506916999817,0.41909506916999817,0.9189671277999878,1,0.37427147924900056,0.5,0.12572852075099944,0.0,0.0,2,64,51,0.796875,13.0,0.203125,0.796875,2
S5,EmaTentGridS20E50B30M075,0.5841299295425415,0.5841299295425415,0.8763871192932129,1,0.32476102113723754,0.5,0.17523897886276243,0.0,0.0,3,64,15,0.234375,49.0,0.765625,0.765625,2
S5,EmaTentGridS20E50B30M075,0.9703173637390137,0.9703173637390137,0.6708381175994873,1,0.20890479087829592,0.5,0.2910952091217041,0.0,0.0,4,38,0,0.0,38.0,1.0,1.0,1
S5,EMATent,0.0025176643393933773,0.0025176643393933773,0.9998185038566589,0,0.499244700698182,0.5,0.0007552993018180131,0.0,0.0,0,64,16,0.25,48.0,0.75,0.75,2
S5,EMATent,0.01562892645597458,0.01562892645597458,0.9985642433166504,0,0.4953113220632076,0.5,0.004688677936792373,0.0,0.0,1,64,40,0.625,24.0,0.375,0.625,2
S5,EMATent,0.20361880958080292,0.20361880958080292,0.9681434631347656,1,0.4389143571257591,0.5,0.06108564287424087,0.0,0.0,2,64,51,0.796875,13.0,0.203125,0.796875,2
S5,EMATent,0.3846017122268677,0.3846017122268677,0.9249199628829956,1,0.3846194863319397,0.5,0.11538051366806029,0.0,0.0,3,64,15,0.234375,49.0,0.765625,0.765625,2
S5,EMATent,0.9547444581985474,0.9547444581985474,0.6878294348716736,1,0.2135766625404358,0.5,0.2864233374595642,0.0,0.0,4,38,0,0.0,38.0,1.0,1.0,1
S5,EMATentAdaptive,0.0025176643393933773,0.0025176643393933773,0.9998185038566589,0,0.499244700698182,0.5,0.0007552993018180131,0.0,0.0,0,64,16,0.25,48.0,0.75,0.75,2
S5,EMATentAdaptive,0.005854230839759111,0.005854230839759111,0.9995318055152893,0,0.49824373074807227,0.5,0.0017562692519277334,0.0,0.0,1,64,40,0.625,24.0,0.375,0.625,2
S5,EMATentAdaptive,0.0609426312148571,0.0609426312148571,0.9928920865058899,0,0.48171721063554285,0.5,0.01828278936445713,0.0,0.0,2,64,51,0.796875,13.0,0.203125,0.796875,2
S5,EMATentAdaptive,0.15278767049312592,0.15278767049312592,0.9779524803161621,0,0.4541636988520622,0.5,0.045836301147937776,0.0,0.0,3,64,15,0.234375,49.0,0.765625,0.765625,2
S5,EMATentAdaptive,0.8601738810539246,0.8601738810539246,0.7518223524093628,1,0.24194783568382264,0.5,0.25805216431617733,0.0,0.0,4,38,0,0.0,38.0,1.0,1.0,1
S5,EmaTentGridS20E50B30M090,0.0025176643393933773,0.0025176643393933773,0.9998185038566589,0,0.499244700698182,0.5,0.0007552993018180131,0.0,0.0,0,64,16,0.25,48.0,0.75,0.75,2
S5,EmaTentGridS20E50B30M090,0.001947292243130505,0.001947292243130505,0.9998636841773987,0,0.49941581232706084,0.5,0.0005841876729391515,0.0,0.0,1,64,40,0.625,24.0,0.375,0.625,2
S5,EmaTentGridS20E50B30M090,0.009932970628142357,0.009932970628142357,0.9991464018821716,0,0.4970201088115573,0.5,0.002979891188442707,0.0,0.0,2,64,51,0.796875,13.0,0.203125,0.796875,2
S5,EmaTentGridS20E50B30M090,0.023658568039536476,0.023658568039536476,0.9976786971092224,0,0.49290242958813907,0.5,0.007097570411860942,0.0,0.0,3,64,15,0.234375,49.0,0.765625,0.765625,2
S5,EmaTentGridS20E50B30M090,0.47263920307159424,0.47263920307159424,0.8988472819328308,1,0.35820823907852173,0.5,0.14179176092147827,0.0,0.0,4,38,0,0.0,38.0,1.0,1.0,1
S5,EmaTentGridS20E50B30M095,0.0025176643393933773,0.0025176643393933773,0.9998185038566589,0,0.499244700698182,0.5,0.0007552993018180131,0.0,0.0,0,64,16,0.25,48.0,0.75,0.75,2
S5,EmaTentGridS20E50B30M095,0.0005558504490181804,0.0005558504490181804,0.9999659061431885,0,0.49983324486529457,0.5,0.0001667551347054541,0.0,0.0,1,64,40,0.625,24.0,0.375,0.625,2
S5,EmaTentGridS20E50B30M095,0.0006606667884625494,0.0006606667884625494,0.9999587535858154,0,0.49980179996346125,0.5,0.00019820003653876482,0.0,0.0,2,64,51,0.796875,13.0,0.203125,0.796875,2
S5,EmaTentGridS20E50B30M095,0.0007075500325299799,0.0007075500325299799,0.9999554753303528,0,0.499787734990241,0.5,0.000212265009758994,0.0,0.0,3,64,15,0.234375,49.0,0.765625,0.765625,2
S5,EmaTentGridS20E50B30M095,0.06432740390300751,0.06432740390300751,0.9924138784408569,0,0.48070177882909776,0.5,0.01929822117090225,0.0,0.0,4,38,0,0.0,38.0,1.0,1.0,1
S5,EmaTentGridS10E50B40M085,0.0025176643393933773,0.0025176643393933773,0.9998185038566589,0,0.4989929342642426,0.5,0.001007065735757351,0.0,0.0,0,64,16,0.25,48.0,0.75,0.75,2
S5,EmaTentGridS10E50B40M085,0.005848232191056013,0.005848232191056013,0.9995323419570923,0,0.4976607071235776,0.5,0.0023392928764224053,0.0,0.0,1,64,40,0.625,24.0,0.375,0.625,2
S5,EmaTentGridS10E50B40M085,0.06067312881350517,0.06067312881350517,0.9929299354553223,0,0.47573074847459795,0.5,0.02426925152540207,0.0,0.0,2,64,51,0.796875,13.0,0.203125,0.796875,2
S5,EmaTentGridS10E50B40M085,0.14958404004573822,0.14958404004573822,0.9785358905792236,0,0.4401663839817047,0.5,0.05983361601829529,0.0,0.0,3,64,15,0.234375,49.0,0.765625,0.765625,2
S5,EmaTentGridS10E50B40M085,0.849174976348877,0.849174976348877,0.7555766701698303,1,0.16033000946044923,0.5,0.3396699905395508,0.0,0.0,4,38,0,0.0,38.0,1.0,1.0,1
S6,EMATentSafe,0.9996237754821777,0.9996237754821777,0.7189420461654663,1,0.5000376224517822,0.4,0.09996237754821778,0.0,0.0,0,64,39,0.609375,25.0,0.390625,0.609375,2
S6,EMATentSafe,0.9934837222099304,0.9934837222099304,0.7312578558921814,1,0.500651627779007,0.4,0.09934837222099305,0.0,0.0,1,64,41,0.640625,23.0,0.359375,0.640625,2
S6,EMATentSafe,0.9957943558692932,0.9957943558692932,0.7613927125930786,1,0.5004205644130707,0.4,0.09957943558692933,0.0,0.0,2,64,55,0.859375,9.0,0.140625,0.859375,2
S6,EMATentSafe,0.9212324023246765,0.9212324023246765,0.7515164017677307,1,0.5078767597675323,0.4,0.09212324023246765,0.0,0.0,3,62,0,0.0,62.0,1.0,1.0,1
S6,EmaTentGridS40E50B10M085,0.999623715877533,0.999623715877533,0.718942403793335,1,0.4000376284122467,0.5,0.0999623715877533,0.0,0.0,0,64,39,0.609375,25.0,0.390625,0.609375,2
S6,EmaTentGridS40E50B10M085,0.9903795719146729,0.9903795719146729,0.7138494253158569,1,0.40096204280853276,0.5,0.0990379571914673,0.0,0.0,1,64,41,0.640625,23.0,0.359375,0.640625,2
S6,EmaTentGridS40E50B10M085,0.9831119775772095,0.9831119775772095,0.7352116107940674,1,0.4016888022422791,0.5,0.09831119775772096,0.0,0.0,2,64,55,0.859375,9.0,0.140625,0.859375,2
S6,EmaTentGridS40E50B10M085,0.8873454928398132,0.8873454928398132,0.7400351166725159,1,0.4112654507160187,0.5,0.08873454928398133,0.0,0.0,3,62,0,0.0,62.0,1.0,1.0,1
S6,EmaTentGridS30E50B20M085,0.999623715877533,0.999623715877533,0.718942403793335,1,0.30007525682449343,0.5000000000000001,0.19992474317550663,0.0,0.0,0,64,39,0.609375,25.0,0.390625,0.609375,2
S6,EmaTentGridS30E50B20M085,0.9910787343978882,0.9910787343978882,0.7197997570037842,1,0.30178425312042234,0.5,0.19821574687957766,0.0,0.0,1,64,41,0.640625,23.0,0.359375,0.640625,2
S6,EmaTentGridS30E50B20M085,0.9886563420295715,0.9886563420295715,0.7445870637893677,1,0.3022687315940857,0.5,0.19773126840591432,0.0,0.0,2,64,55,0.859375,9.0,0.140625,0.859375,2
S6,EmaTentGridS30E50B20M085,0.9004037976264954,0.9004037976264954,0.7418863773345947,1,0.31991924047470094,0.5,0.1800807595252991,0.0,0.0,3,62,0,0.0,62.0,1.0,1.0,1
S6,EmaTentGridS20E50B30M075,0.999623715877533,0.999623715877533,0.718942403793335,1,0.20011288523674012,0.5,0.29988711476325985,0.0,0.0,0,64,39,0.609375,25.0,0.390625,0.609375,2
S6,EmaTentGridS20E50B30M075,0.9848378300666809,0.9848378300666809,0.7120913863182068,1,0.20454865097999575,0.5,0.29545134902000425,0.0,0.0,1,64,41,0.640625,23.0,0.359375,0.640625,2
S6,EmaTentGridS20E50B30M075,0.9786965250968933,0.9786965250968933,0.7358429431915283,1,0.206391042470932,0.5,0.29360895752906796,0.0,0.0,2,64,55,0.859375,9.0,0.140625,0.859375,2
S6,EmaTentGridS20E50B30M075,0.8773154616355896,0.8773154616355896,0.7478609085083008,1,0.23680536150932313,0.5,0.26319463849067687,0.0,0.0,3,62,0,0.0,62.0,1.0,1.0,1
S6,EMATent,0.999623715877533,0.999623715877533,0.718942403793335,1,0.20011288523674012,0.5,0.29988711476325985,0.0,0.0,0,64,39,0.609375,25.0,0.390625,0.609375,2
S6,EMATent,0.9886059761047363,0.9886059761047363,0.7184974551200867,1,0.2034182071685791,0.5,0.2965817928314209,0.0,0.0,1,64,41,0.640625,23.0,0.359375,0.640625,2
S6,EMATent,0.9856262803077698,0.9856262803077698,0.7419549822807312,1,0.20431211590766907,0.5,0.29568788409233093,0.0,0.0,2,64,55,0.859375,9.0,0.140625,0.859375,2
S6,EMATent,0.8909315466880798,0.8909315466880798,0.7466238737106323,1,0.23272053599357606,0.5,0.26727946400642394,0.0,0.0,3,62,0,0.0,62.0,1.0,1.0,1
S6,EMATentAdaptive,0.999623715877533,0.999623715877533,0.718942403793335,1,0.20011288523674012,0.5,0.29988711476325985,0.0,0.0,0,64,39,0.609375,25.0,0.390625,0.609375,2
S6,EMATentAdaptive,0.9912856221199036,0.9912856221199036,0.7261790037155151,1,0.20261431336402894,0.5,0.29738568663597104,0.0,0.0,1,64,41,0.640625,23.0,0.359375,0.640625,2
S6,EMATentAdaptive,0.9916718006134033,0.9916718006134033,0.7540234327316284,1,0.20249845981597903,0.5,0.297501540184021,0.0,0.0,2,64,55,0.859375,9.0,0.140625,0.859375,2
S6,EMATentAdaptive,0.9065473675727844,0.9065473675727844,0.7484936118125916,1,0.22803578972816468,0.5,0.2719642102718353,0.0,0.0,3,62,0,0.0,62.0,1.0,1.0,1
S6,EmaTentGridS20E50B30M090,0.999623715877533,0.999623715877533,0.718942403793335,1,0.20011288523674012,0.5,0.29988711476325985,0.0,0.0,0,64,39,0.609375,25.0,0.390625,0.609375,2
S6,EmaTentGridS20E50B30M090,0.9930310845375061,0.9930310845375061,0.7348892688751221,1,0.2020906746387482,0.5,0.2979093253612518,0.0,0.0,1,64,41,0.640625,23.0,0.359375,0.640625,2
S6,EmaTentGridS20E50B30M090,0.9962055683135986,0.9962055683135986,0.767086923122406,1,0.20113832950592042,0.5,0.2988616704940796,0.0,0.0,2,64,55,0.859375,9.0,0.140625,0.859375,2
S6,EmaTentGridS20E50B30M090,0.922404408454895,0.922404408454895,0.7584162950515747,1,0.2232786774635315,0.5,0.2767213225364685,0.0,0.0,3,62,0,0.0,62.0,1.0,1.0,1
S6,EmaTentGridS20E50B30M095,0.999623715877533,0.999623715877533,0.718942403793335,1,0.20011288523674012,0.5,0.29988711476325985,0.0,0.0,0,64,39,0.609375,25.0,0.390625,0.609375,2
S6,EmaTentGridS20E50B30M095,0.9940634965896606,0.9940634965896606,0.7440836429595947,1,0.2017809510231018,0.5,0.29821904897689816,0.0,0.0,1,64,41,0.640625,23.0,0.359375,0.640625,2
S6,EmaTentGridS20E50B30M095,0.998892068862915,0.998892068862915,0.782393217086792,1,0.2003323793411255,0.5,0.2996676206588745,0.0,0.0,2,64,55,0.859375,9.0,0.140625,0.859375,2
S6,EmaTentGridS20E50B30M095,0.936115562915802,0.936115562915802,0.7757611274719238,1,0.2191653311252594,0.5,0.28083466887474057,0.0,0.0,3,62,0,0.0,62.0,1.0,1.0,1
S6,EmaTentGridS10E50B40M085,0.999623715877533,0.999623715877533,0.718942403793335,1,0.10015051364898682,0.5,0.3998494863510132,0.0,0.0,0,64,39,0.609375,25.0,0.390625,0.609375,2
S6,EmaTentGridS10E50B40M085,0.9912989735603333,0.9912989735603333,0.7325564622879028,1,0.10348041057586671,0.5,0.39651958942413335,0.0,0.0,1,64,41,0.640625,23.0,0.359375,0.640625,2
S6,EmaTentGridS10E50B40M085,0.9932149648666382,0.9932149648666382,0.7635625600814819,1,0.10271401405334474,0.5,0.3972859859466553,0.0,0.0,2,64,55,0.859375,9.0,0.140625,0.859375,2
S6,EmaTentGridS10E50B40M085,0.9102691411972046,0.9102691411972046,0.7572246193885803,1,0.13589234352111818,0.5,0.3641076564788819,0.0,0.0,3,62,0,0.0,62.0,1.0,1.0,1
S7,EMATentSafe,2.9379696570686065e-05,2.9379696570686065e-05,0.9999985694885254,0,0.599997062030343,0.4,2.9379696570686067e-06,0.0,0.0,0,64,21,0.328125,43.0,0.671875,0.671875,2
S7,EMATentSafe,2.1219706468400545e-05,2.1219706468400545e-05,0.9999989867210388,0,0.5999978780293531,0.4,2.1219706468400545e-06,0.0,0.0,1,64,35,0.546875,29.0,0.453125,0.546875,2
S7,EMATentSafe,0.1712675839662552,0.1712675839662552,0.9838330149650574,0,0.5828732416033745,0.4,0.01712675839662552,0.0,0.0,2,64,46,0.71875,18.0,0.28125,0.71875,2
S7,EMATentSafe,0.8965808749198914,0.8965808749198914,0.948526918888092,1,0.5103419125080109,0.4,0.08965808749198914,0.0,0.0,3,38,25,0.6578947368421053,13.0,0.34210526315789475,0.6578947368421053,2
S7,EmaTentGridS40E50B10M085,2.9378385079326108e-05,2.9378385079326108e-05,0.9999985694885254,0,0.4999970621614921,0.5,2.937838507932611e-06,0.0,0.0,0,64,21,0.328125,43.0,0.671875,0.671875,2
S7,EmaTentGridS40E50B10M085,0.0015475633554160595,0.0015475633554160595,0.999894380569458,0,0.4998452436644584,0.5,0.00015475633554160595,0.0,0.0,1,64,35,0.546875,29.0,0.453125,0.546875,2
S7,EmaTentGridS40E50B10M085,0.4650796055793762,0.4650796055793762,0.9464699029922485,1,0.4534920394420624,0.5,0.04650796055793763,0.0,0.0,2,64,46,0.71875,18.0,0.28125,0.71875,2
S7,EmaTentGridS40E50B10M085,0.9835761785507202,0.9835761785507202,0.9209710955619812,1,0.401642382144928,0.5,0.09835761785507202,0.0,0.0,3,38,25,0.6578947368421053,13.0,0.34210526315789475,0.6578947368421053,2
S7,EmaTentGridS30E50B20M085,2.9378385079326108e-05,2.9378385079326108e-05,0.9999985694885254,0,0.4999941243229841,0.5,5.875677015865222e-06,0.0,0.0,0,64,21,0.328125,43.0,0.671875,0.671875,2
S7,EmaTentGridS30E50B20M085,0.001547560328617692,0.001547560328617692,0.999894380569458,0,0.49969048793427645,0.5,0.00030951206572353844,0.0,0.0,1,64,35,0.546875,29.0,0.453125,0.546875,2
S7,EmaTentGridS30E50B20M085,0.4649171829223633,0.4649171829223633,0.9464980959892273,1,0.40701656341552733,0.5,0.09298343658447267,0.0,0.0,2,64,46,0.71875,18.0,0.28125,0.71875,2
S7,EmaTentGridS30E50B20M085,0.9800626635551453,0.9800626635551453,0.9279167056083679,1,0.30398746728897097,0.5000000000000001,0.19601253271102909,0.0,0.0,3,38,25,0.6578947368421053,13.0,0.34210526315789475,0.6578947368421053,2
S7,EmaTentGridS20E50B30M075,2.9378385079326108e-05,2.9378385079326108e-05,0.9999985694885254,0,0.4999911864844762,0.5,8.813515523797831e-06,0.0,0.0,0,64,21,0.328125,43.0,0.671875,0.671875,2
S7,EmaTentGridS20E50B30M075,0.15295813977718353,0.15295813977718353,0.9779212474822998,0,0.4541125580668449,0.5,0.04588744193315506,0.0,0.0,1,64,35,0.546875,29.0,0.453125,0.546875,2
S7,EmaTentGridS20E50B30M075,0.8615862131118774,0.8615862131118774,0.8398642539978027,1,0.24152413606643677,0.5,0.2584758639335632,0.0,0.0,2,64,46,0.71875,18.0,0.28125,0.71875,2
S7,EmaTentGridS20E50B30M075,0.9925689697265625,0.9925689697265625,0.8172562122344971,1,0.20222930908203127,0.5,0.29777069091796876,0.0,0.0,3,38,25,0.6578947368421053,13.0,0.34210526315789475,0.6578947368421053,2
S7,EMATent,2.9378385079326108e-05,2.9378385079326108e-05,0.9999985694885254,0,0.4999911864844762,0.5,8.813515523797831e-06,0.0,0.0,0,64,21,0.328125,43.0,0.671875,0.671875,2
S7,EMATent,0.020491987466812134,0.020491987466812134,0.9980359077453613,0,0.49385240375995637,0.5,0.00614759624004364,0.0,0.0,1,64,35,0.546875,29.0,0.453125,0.546875,2
S7,EMATent,0.7046276926994324,0.7046276926994324,0.9032357931137085,1,0.2886116921901703,0.5,0.2113883078098297,0.0,0.0,2,64,46,0.71875,18.0,0.28125,0.71875,2
S7,EMATent,0.9995492100715637,0.9995492100715637,0.8676028251647949,1,0.2001352369785309,0.5,0.2998647630214691,0.0,0.0,3,38,25,0.6578947368421053,13.0,0.34210526315789475,0.6578947368421053,2
S7,EMATentAdaptive,2.9378385079326108e-05,2.9378385079326108e-05,0.9999985694885254,0,0.4999911864844762,0.5,8.813515523797831e-06,0.0,0.0,0,64,21,0.328125,43.0,0.671875,0.671875,2
S7,EMATentAdaptive,0.0015475148102268577,0.0015475148102268577,0.999894380569458,0,0.4995357455569319,0.5,0.0004642544430680573,0.0,0.0,1,64,35,0.546875,29.0,0.453125,0.546875,2
S7,EMATentAdaptive,0.46473366022109985,0.46473366022109985,0.9465301036834717,1,0.36057990193367007,0.5,0.13942009806632996,0.0,0.0,2,64,46,0.71875,18.0,0.28125,0.71875,2
S7,EMATentAdaptive,0.9773923754692078,0.9773923754692078,0.9328585267066956,1,0.20678228735923768,0.5,0.2932177126407623,0.0,0.0,3,38,25,0.6578947368421053,13.0,0.34210526315789475,0.6578947368421053,2
S7,EmaTentGridS20E50B30M090,2.9378385079326108e-05,2.9378385079326108e-05,0.9999985694885254,0,0.4999911864844762,0.5,8.813515523797831e-06,0.0,0.0,0,64,21,0.328125,43.0,0.671875,0.671875,2
S7,EmaTentGridS20E50B30M090,7.877668394939974e-05,7.877668394939974e-05,0.9999959468841553,0,0.4999763669948152,0.5,2.3633005184819922e-05,0.0,0.0,1,64,35,0.546875,29.0,0.453125,0.546875,2
S7,EmaTentGridS20E50B30M090,0.241105318069458,0.241105318069458,0.9801281094551086,1,0.4276684045791626,0.5,0.0723315954208374,0.0,0.0,2,64,46,0.71875,18.0,0.28125,0.71875,2
S7,EmaTentGridS20E50B30M090,0.9394349455833435,0.9394349455833435,0.9530972838401794,1,0.21816951632499695,0.5,0.281830483675003,0.0,0.0,3,38,25,0.6578947368421053,13.0,0.34210526315789475,0.6578947368421053,2
S7,EmaTentGridS20E50B30M095,2.9378385079326108e-05,2.9378385079326108e-05,0.9999985694885254,0,0.4999911864844762,0.5,8.813515523797831e-06,0.0,0.0,0,64,21,0.328125,43.0,0.671875,0.671875,2
S7,EmaTentGridS20E50B30M095,2.494581167411525e-06,2.494581167411525e-06,0.9999999403953552,0,0.4999992516256498,0.5,7.483743502234574e-07,0.0,0.0,1,64,35,0.546875,29.0,0.453125,0.546875,2
S7,EmaTentGridS20E50B30M095,0.0491785854101181,0.0491785854101181,0.9945025444030762,0,0.4852464243769646,0.5,0.01475357562303543,0.0,0.0,2,64,46,0.71875,18.0,0.28125,0.71875,2
S7,EmaTentGridS20E50B30M095,0.8171854615211487,0.8171854615211487,0.9759593605995178,1,0.2548443615436554,0.5,0.24515563845634458,0.0,0.0,3,38,25,0.6578947368421053,13.0,0.34210526315789475,0.6578947368421053,2
S7,EmaTentGridS10E50B40M085,2.9378385079326108e-05,2.9378385079326108e-05,0.9999985694885254,0,0.49998824864596825,0.5,1.1751354031730444e-05,0.0,0.0,0,64,21,0.328125,43.0,0.671875,0.671875,2
S7,EmaTentGridS10E50B40M085,0.0015474541578441858,0.0015474541578441858,0.999894380569458,0,0.4993810183368623,0.5,0.0006189816631376743,0.0,0.0,1,64,35,0.546875,29.0,0.453125,0.546875,2
S7,EmaTentGridS10E50B40M085,0.46457603573799133,0.46457603573799133,0.9465594291687012,1,0.31416958570480347,0.5,0.18583041429519653,0.0,0.0,2,64,46,0.71875,18.0,0.28125,0.71875,2
S7,EmaTentGridS10E50B40M085,0.9752475619316101,0.9752475619316101,0.9365376234054565,1,0.10990097522735597,0.5,0.3900990247726441,0.0,0.0,3,38,25,0.6578947368421053,13.0,0.34210526315789475,0.6578947368421053,2
S8,EMATentSafe,0.9712284207344055,0.9712284207344055,0.7283139228820801,1,0.5028771579265594,0.4,0.09712284207344056,0.0,0.0,0,64,16,0.25,48.0,0.75,0.75,2
S8,EMATentSafe,0.9735368490219116,0.9735368490219116,0.7398383021354675,1,0.5026463150978089,0.4,0.09735368490219116,0.0,0.0,1,64,21,0.328125,43.0,0.671875,0.671875,2
S8,EMATentSafe,0.4822482168674469,0.4822482168674469,0.905541718006134,1,0.5517751783132553,0.4,0.04822482168674469,0.0,0.0,2,64,25,0.390625,39.0,0.609375,0.609375,2
S8,EMATentSafe,0.8641985654830933,0.8641985654830933,0.7633026838302612,1,0.5135801434516907,0.4,0.08641985654830933,0.0,0.0,3,64,20,0.3125,44.0,0.6875,0.6875,2
S8,EMATentSafe,0.19845819473266602,0.19845819473266602,0.9691858887672424,0,0.5801541805267334,0.4,0.019845819473266604,0.0,0.0,4,16,16,1.0,,,1.0,1
S8,EmaTentGridS40E50B10M085,0.9712284803390503,0.9712284803390503,0.7283135652542114,1,0.40287715196609497,0.5,0.09712284803390503,0.0,0.0,0,64,16,0.25,48.0,0.75,0.75,2
S8,EmaTentGridS40E50B10M085,0.9643912315368652,0.9643912315368652,0.7442941665649414,1,0.4035608768463135,0.5,0.09643912315368652,0.0,0.0,1,64,21,0.328125,43.0,0.671875,0.671875,2
S8,EmaTentGridS40E50B10M085,0.4408009946346283,0.4408009946346283,0.9140949249267578,1,0.4559199005365372,0.5,0.044080099463462835,0.0,0.0,2,64,25,0.390625,39.0,0.609375,0.609375,2
S8,EmaTentGridS40E50B10M085,0.9263362288475037,0.9263362288475037,0.7630715370178223,1,0.40736637711524964,0.5,0.09263362288475037,0.0,0.0,3,64,20,0.3125,44.0,0.6875,0.6875,2
S8,EmaTentGridS40E50B10M085,0.24565187096595764,0.24565187096595764,0.9592649936676025,1,0.4754348129034043,0.5,0.024565187096595765,0.0,0.0,4,16,16,1.0,,,1.0,1
S8,EmaTentGridS30E50B20M085,0.9712284803390503,0.9712284803390503,0.7283135652542114,1,0.30575430393218994,0.5,0.19424569606781006,0.0,0.0,0,64,16,0.25,48.0,0.75,0.75,2
S8,EmaTentGridS30E50B20M085,0.9672534465789795,0.9672534465789795,0.7436224222183228,1,0.3065493106842041,0.5,0.1934506893157959,0.0,0.0,1,64,21,0.328125,43.0,0.671875,0.671875,2
S8,EmaTentGridS30E50B20M085,0.4528833031654358,0.4528833031654358,0.9111544489860535,1,0.40942333936691283,0.5,0.09057666063308717,0.0,0.0,2,64,25,0.390625,39.0,0.609375,0.609375,2
S8,EmaTentGridS30E50B20M085,0.923093318939209,0.923093318939209,0.7580031752586365,1,0.3153813362121582,0.5,0.1846186637878418,0.0,0.0,3,64,20,0.3125,44.0,0.6875,0.6875,2
S8,EmaTentGridS30E50B20M085,0.23879891633987427,0.23879891633987427,0.9607595205307007,1,0.45224021673202514,0.5,0.04775978326797486,0.0,0.0,4,16,16,1.0,,,1.0,1
S8,EmaTentGridS20E50B30M075,0.9712284803390503,0.9712284803390503,0.7283135652542114,1,0.2086314558982849,0.5,0.2913685441017151,0.0,0.0,0,64,16,0.25,48.0,0.75,0.75,2
S8,EmaTentGridS20E50B30M075,0.9631272554397583,0.9631272554397583,0.7459651827812195,1,0.21106182336807253,0.5,0.2889381766319275,0.0,0.0,1,64,21,0.328125,43.0,0.671875,0.671875,2
S8,EmaTentGridS20E50B30M075,0.43992361426353455,0.43992361426353455,0.9133514165878296,1,0.36802291572093965,0.5,0.13197708427906035,0.0,0.0,2,64,25,0.390625,39.0,0.609375,0.609375,2
S8,EmaTentGridS20E50B30M075,0.9851208329200745,0.9851208329200745,0.7564126253128052,1,0.20446375012397766,0.5,0.29553624987602234,0.0,0.0,3,64,20,0.3125,44.0,0.6875,0.6875,2
S8,EmaTentGridS20E50B30M075,0.2851247787475586,0.2851247787475586,0.9502991437911987,1,0.4144625663757324,0.5,0.08553743362426758,0.0,0.0,4,16,16,1.0,,,1.0,1
S8,EMATent,0.9712284803390503,0.9712284803390503,0.7283135652542114,1,0.2086314558982849,0.5,0.2913685441017151,0.0,0.0,0,64,16,0.25,48.0,0.75,0.75,2
S8,EMATent,0.9659959077835083,0.9659959077835083,0.7447531223297119,1,0.21020122766494753,0.5,0.28979877233505247,0.0,0.0,1,64,21,0.328125,43.0,0.671875,0.671875,2
S8,EMATent,0.44880324602127075,0.44880324602127075,0.911449134349823,1,0.3653590261936188,0.5,0.1346409738063812,0.0,0.0,2,64,25,0.390625,39.0,0.609375,0.609375,2
S8,EMATent,0.9581889510154724,0.9581889510154724,0.7544214725494385,1,0.21254331469535828,0.5,0.2874566853046417,0.0,0.0,3,64,20,0.3125,44.0,0.6875,0.6875,2
S8,EMATent,0.25882142782211304,0.25882142782211304,0.956341564655304,1,0.42235357165336607,0.5,0.0776464283466339,0.0,0.0,4,16,16,1.0,,,1.0,1
S8,EMATentAdaptive,0.9712284803390503,0.9712284803390503,0.7283135652542114,1,0.2086314558982849,0.5,0.2913685441017151,0.0,0.0,0,64,16,0.25,48.0,0.75,0.75,2
S8,EMATentAdaptive,0.9697014689445496,0.9697014689445496,0.7428644895553589,1,0.20908955931663514,0.5,0.29091044068336486,0.0,0.0,1,64,21,0.328125,43.0,0.671875,0.671875,2
S8,EMATentAdaptive,0.4632825255393982,0.4632825255393982,0.9086484909057617,1,0.36101524233818055,0.5,0.13898475766181945,0.0,0.0,2,64,25,0.390625,39.0,0.609375,0.609375,2
S8,EMATentAdaptive,0.9192488789558411,0.9192488789558411,0.754187822341919,1,0.2242253363132477,0.5,0.2757746636867523,0.0,0.0,3,64,20,0.3125,44.0,0.6875,0.6875,2
S8,EMATentAdaptive,0.2303154319524765,0.2303154319524765,0.9625842571258545,1,0.430905370414257,0.5,0.06909462958574294,0.0,0.0,4,16,16,1.0,,,1.0,1
S8,EmaTentGridS20E50B30M090,0.9712284803390503,0.9712284803390503,0.7283135652542114,1,0.2086314558982849,0.5,0.2913685441017151,0.0,0.0,0,64,16,0.25,48.0,0.75,0.75,2
S8,EmaTentGridS20E50B30M090,0.9741964340209961,0.9741964340209961,0.7402162551879883,1,0.2077410697937012,0.5,0.29225893020629884,0.0,0.0,1,64,21,0.328125,43.0,0.671875,0.671875,2
S8,EmaTentGridS20E50B30M090,0.48414233326911926,0.48414233326911926,0.9046726226806641,1,0.3547573000192642,0.5,0.14524269998073577,0.0,0.0,2,64,25,0.390625,39.0,0.609375,0.609375,2
S8,EmaTentGridS20E50B30M090,0.8779840469360352,0.8779840469360352,0.7579624652862549,1,0.23660478591918946,0.5,0.2633952140808105,0.0,0.0,3,64,20,0.3125,44.0,0.6875,0.6875,2
S8,EmaTentGridS20E50B30M090,0.20259304344654083,0.20259304344654083,0.968351423740387,1,0.43922208696603776,0.5,0.060777913033962246,0.0,0.0,4,16,16,1.0,,,1.0,1
S8,EmaTentGridS20E50B30M095,0.9712284803390503,0.9712284803390503,0.7283135652542114,1,0.2086314558982849,0.5,0.2913685441017151,0.0,0.0,0,64,16,0.25,48.0,0.75,0.75,2
S8,EmaTentGridS20E50B30M095,0.9792366027832031,0.9792366027832031,0.7372003197669983,1,0.20622901916503908,0.5,0.29377098083496095,0.0,0.0,1,64,21,0.328125,43.0,0.671875,0.671875,2
S8,EmaTentGridS20E50B30M095,0.512311577796936,0.512311577796936,0.9000802040100098,1,0.3463065266609192,0.5,0.15369347333908082,0.0,0.0,2,64,25,0.390625,39.0,0.609375,0.609375,2
S8,EmaTentGridS20E50B30M095,0.8518813848495483,0.8518813848495483,0.7655665278434753,1,0.2444355845451355,0.5,0.25556441545486447,0.0,0.0,3,64,20,0.3125,44.0,0.6875,0.6875,2
S8,EmaTentGridS20E50B30M095,0.17817795276641846,0.17817795276641846,0.9731812477111816,0,0.44654661417007446,0.5,0.05345338582992554,0.0,0.0,4,16,16,1.0,,,1.0,1
S8,EmaTentGridS10E50B40M085,0.9712284803390503,0.9712284803390503,0.7283135652542114,1,0.11150860786437988,0.5,0.3884913921356201,0.0,0.0,0,64,16,0.25,48.0,0.75,0.75,2
S8,EmaTentGridS10E50B40M085,0.9717847108840942,0.9717847108840942,0.7420613169670105,1,0.11128611564636232,0.5,0.38871388435363774,0.0,0.0,1,64,21,0.328125,43.0,0.671875,0.671875,2
S8,EmaTentGridS10E50B40M085,0.472116619348526,0.472116619348526,0.9064793586730957,1,0.3111533522605896,0.5,0.1888466477394104,0.0,0.0,2,64,25,0.390625,39.0,0.609375,0.609375,2
S8,EmaTentGridS10E50B40M085,0.9144286513328552,0.9144286513328552,0.7511388063430786,1,0.13422853946685792,0.5,0.36577146053314213,0.0,0.0,3,64,20,0.3125,44.0,0.6875,0.6875,2
S8,EmaTentGridS10E50B40M085,0.2211618572473526,0.2211618572473526,0.9645216464996338,1,0.411535257101059,0.5,0.08846474289894105,0.0,0.0,4,16,16,1.0,,,1.0,1
S9,EMATentSafe,0.8293192386627197,0.8293192386627197,0.8046157360076904,1,0.5170680761337281,0.4,0.08293192386627198,0.0,0.0,0,64,10,0.15625,54.0,0.84375,0.84375,2
S9,EMATentSafe,0.8535560965538025,0.8535560965538025,0.749606728553772,1,0.5146443903446197,0.4,0.08535560965538025,0.0,0.0,1,64,33,0.515625,31.0,0.484375,0.515625,2
S9,EMATentSafe,0.9992759823799133,0.9992759823799133,0.7727806568145752,1,0.5000724017620086,0.4,0.09992759823799134,0.0,0.0,2,64,24,0.375,40.0,0.625,0.625,2
S9,EMATentSafe,0.9994745850563049,0.9994745850563049,0.7893931865692139,1,0.5000525414943695,0.4,0.0999474585056305,0.0,0.0,3,64,36,0.5625,28.0,0.4375,0.5625,2
S9,EMATentSafe,0.9328978657722473,0.9328978657722473,0.651304304599762,1,0.5067102134227752,0.4,0.09328978657722474,0.0,0.0,4,2,2,1.0,,,1.0,1
S9,EmaTentGridS40E50B10M085,0.8293210864067078,0.8293210864067078,0.8046149015426636,1,0.41706789135932926,0.5,0.08293210864067078,0.0,0.0,0,64,10,0.15625,54.0,0.84375,0.84375,2
S9,EmaTentGridS40E50B10M085,0.8008236289024353,0.8008236289024353,0.7672634124755859,1,0.4199176371097565,0.5,0.08008236289024354,0.0,0.0,1,64,33,0.515625,31.0,0.484375,0.515625,2
S9,EmaTentGridS40E50B10M085,0.9963027238845825,0.9963027238845825,0.7609251737594604,1,0.40036972761154177,0.5,0.09963027238845826,0.0,0.0,2,64,24,0.375,40.0,0.625,0.625,2
S9,EmaTentGridS40E50B10M085,0.9622697830200195,0.9622697830200195,0.801851749420166,1,0.40377302169799806,0.5,0.09622697830200196,0.0,0.0,3,64,36,0.5625,28.0,0.4375,0.5625,2
S9,EmaTentGridS40E50B10M085,0.42630907893180847,0.42630907893180847,0.9130197763442993,1,0.4573690921068192,0.5,0.04263090789318085,0.0,0.0,4,2,2,1.0,,,1.0,1
S9,EmaTentGridS30E50B20M085,0.8293210864067078,0.8293210864067078,0.8046149015426636,1,0.33413578271865846,0.5,0.16586421728134157,0.0,0.0,0,64,10,0.15625,54.0,0.84375,0.84375,2
S9,EmaTentGridS30E50B20M085,0.8186234831809998,0.8186234831809998,0.7589655518531799,1,0.33627530336380007,0.5000000000000001,0.16372469663619998,0.0,0.0,1,64,33,0.515625,31.0,0.484375,0.515625,2
S9,EmaTentGridS30E50B20M085,0.9988623261451721,0.9988623261451721,0.7600994110107422,1,0.3002275347709656,0.5,0.19977246522903444,0.0,0.0,2,64,24,0.375,40.0,0.625,0.625,2
S9,EmaTentGridS30E50B20M085,0.9768389463424683,0.9768389463424683,0.7955778241157532,1,0.30463221073150637,0.5000000000000001,0.19536778926849369,0.0,0.0,3,64,36,0.5625,28.0,0.4375,0.5625,2
S9,EmaTentGridS30E50B20M085,0.5208360552787781,0.5208360552787781,0.8829449415206909,1,0.3958327889442444,0.5,0.10416721105575562,0.0,0.0,4,2,2,1.0,,,1.0,1
S9,EmaTentGridS20E50B30M075,0.8293210864067078,0.8293210864067078,0.8046149015426636,1,0.25120367407798766,0.5,0.2487963259220123,0.0,0.0,0,64,10,0.15625,54.0,0.84375,0.84375,2
S9,EmaTentGridS20E50B30M075,0.7868847846984863,0.7868847846984863,0.7695165276527405,1,0.2639345645904541,0.5,0.2360654354095459,0.0,0.0,1,64,33,0.515625,31.0,0.484375,0.515625,2
S9,EmaTentGridS20E50B30M075,0.9895862936973572,0.9895862936973572,0.7346100807189941,1,0.20312411189079285,0.5,0.2968758881092071,0.0,0.0,2,64,24,0.375,40.0,0.625,0.625,2
S9,EmaTentGridS20E50B30M075,0.9223154187202454,0.9223154187202454,0.8085157871246338,1,0.2233053743839264,0.5,0.2766946256160736,0.0,0.0,3,64,36,0.5625,28.0,0.4375,0.5625,2
S9,EmaTentGridS20E50B30M075,0.39210355281829834,0.39210355281829834,0.9228368401527405,1,0.3823689341545105,0.5,0.11763106584548949,0.0,0.0,4,2,2,1.0,,,1.0,1
S9,EMATent,0.8293210864067078,0.8293210864067078,0.8046149015426636,1,0.25120367407798766,0.5,0.2487963259220123,0.0,0.0,0,64,10,0.15625,54.0,0.84375,0.84375,2
S9,EMATent,0.8087682127952576,0.8087682127952576,0.7610810995101929,1,0.2573695361614227,0.5,0.24263046383857725,0.0,0.0,1,64,33,0.515625,31.0,0.484375,0.515625,2
S9,EMATent,0.9968693852424622,0.9968693852424622,0.7492096424102783,1,0.20093918442726136,0.5,0.2990608155727386,0.0,0.0,2,64,24,0.375,40.0,0.625,0.625,2
S9,EMATent,0.957611083984375,0.957611083984375,0.798856258392334,1,0.2127166748046875,0.5,0.28728332519531247,0.0,0.0,3,64,36,0.5625,28.0,0.4375,0.5625,2
S9,EMATent,0.4486854076385498,0.4486854076385498,0.9063047170639038,1,0.3653943777084351,0.5,0.13460562229156495,0.0,0.0,4,2,2,1.0,,,1.0,1
S9,EMATentAdaptive,0.8293210864067078,0.8293210864067078,0.8046149015426636,1,0.25120367407798766,0.5,0.2487963259220123,0.0,0.0,0,64,10,0.15625,54.0,0.84375,0.84375,2
S9,EMATentAdaptive,0.833059549331665,0.833059549331665,0.7525700330734253,1,0.2500821352005005,0.5,0.2499178647994995,0.0,0.0,1,64,33,0.515625,31.0,0.484375,0.515625,2
S9,EMATentAdaptive,0.9998841881752014,0.9998841881752014,0.7594140768051147,1,0.20003474354743958,0.5,0.2999652564525604,0.0,0.0,2,64,24,0.375,40.0,0.625,0.625,2
S9,EMATentAdaptive,0.9875861406326294,0.9875861406326294,0.7875615358352661,1,0.2037241578102112,0.5,0.2962758421897888,0.0,0.0,3,64,36,0.5625,28.0,0.4375,0.5625,2
S9,EMATentAdaptive,0.6210336089134216,0.6210336089134216,0.8454813361167908,1,0.3136899173259735,0.5,0.1863100826740265,0.0,0.0,4,2,2,1.0,,,1.0,1
S9,EmaTentGridS20E50B30M090,0.8293210864067078,0.8293210864067078,0.8046149015426636,1,0.25120367407798766,0.5,0.2487963259220123,0.0,0.0,0,64,10,0.15625,54.0,0.84375,0.84375,2
S9,EmaTentGridS20E50B30M090,0.8585924506187439,0.8585924506187439,0.7459607124328613,1,0.24242226481437684,0.5,0.25757773518562316,0.0,0.0,1,64,33,0.515625,31.0,0.484375,0.515625,2
S9,EmaTentGridS20E50B30M090,0.999025821685791,0.999025821685791,0.7679002285003662,1,0.20029225349426272,0.5,0.2997077465057373,0.0,0.0,2,64,24,0.375,40.0,0.625,0.625,2
S9,EmaTentGridS20E50B30M090,0.9997963905334473,0.9997963905334473,0.7849937081336975,1,0.20006108283996582,0.5,0.2999389171600342,0.0,0.0,3,64,36,0.5625,28.0,0.4375,0.5625,2
S9,EmaTentGridS20E50B30M090,0.9066517949104309,0.9066517949104309,0.6778987646102905,1,0.22800446152687073,0.5,0.27199553847312924,0.0,0.0,4,2,2,1.0,,,1.0,1
S9,EmaTentGridS20E50B30M095,0.8293210864067078,0.8293210864067078,0.8046149015426636,1,0.25120367407798766,0.5,0.2487963259220123,0.0,0.0,0,64,10,0.15625,54.0,0.84375,0.84375,2
S9,EmaTentGridS20E50B30M095,0.8848845958709717,0.8848845958709717,0.7395403981208801,1,0.2345346212387085,0.5,0.2654653787612915,0.0,0.0,1,64,33,0.515625,31.0,0.484375,0.515625,2
S9,EmaTentGridS20E50B30M095,0.9947786927223206,0.9947786927223206,0.77591872215271,1,0.20156639218330386,0.5,0.29843360781669614,0.0,0.0,2,64,24,0.375,40.0,0.625,0.625,2
S9,EmaTentGridS20E50B30M095,0.9733487963676453,0.9733487963676453,0.8068102598190308,1,0.20799536108970643,0.5,0.29200463891029355,0.0,0.0,3,64,36,0.5625,28.0,0.4375,0.5625,2
S9,EmaTentGridS20E50B30M095,0.9474577307701111,0.9474577307701111,0.6446248888969421,1,0.21576268076896668,0.5,0.2842373192310333,0.0,0.0,4,2,2,1.0,,,1.0,1
S9,EmaTentGridS10E50B40M085,0.8293210864067078,0.8293210864067078,0.8046149015426636,1,0.16827156543731692,0.5,0.33172843456268314,0.0,0.0,0,64,10,0.15625,54.0,0.84375,0.84375,2
S9,EmaTentGridS10E50B40M085,0.8432696461677551,0.8432696461677551,0.7482930421829224,1,0.16269214153289796,0.5,0.3373078584671021,0.0,0.0,1,64,33,0.515625,31.0,0.484375,0.515625,2
S9,EmaTentGridS10E50B40M085,0.9999557733535767,0.9999557733535767,0.7596694231033325,1,0.10001769065856934,0.5,0.3999823093414307,0.0,0.0,2,64,24,0.375,40.0,0.625,0.625,2
S9,EmaTentGridS10E50B40M085,0.9938290119171143,0.9938290119171143,0.7839704751968384,1,0.1024683952331543,0.5,0.39753160476684574,0.0,0.0,3,64,36,0.5625,28.0,0.4375,0.5625,2
S9,EmaTentGridS10E50B40M085,0.707483172416687,0.707483172416687,0.8071075677871704,1,0.2170067310333252,0.5,0.2829932689666748,0.0,0.0,4,2,2,1.0,,,1.0,1
S10,EMATentSafe,0.6027699708938599,0.6027699708938599,0.930690348148346,1,0.539723002910614,0.4,0.06027699708938599,0.0,0.0,0,64,35,0.546875,29.0,0.453125,0.546875,2
S10,EMATentSafe,0.5866144299507141,0.5866144299507141,0.8816379308700562,1,0.5413385570049286,0.4,0.058661442995071415,0.0,0.0,1,64,48,0.75,16.0,0.25,0.75,2
S10,EMATentSafe,0.4410274624824524,0.4410274624824524,0.9087400436401367,1,0.5558972537517548,0.4,0.04410274624824524,0.0,0.0,2,64,23,0.359375,41.0,0.640625,0.640625,2
S10,EMATentSafe,0.35844266414642334,0.35844266414642334,0.9544159770011902,1,0.5641557335853576,0.4,0.035844266414642334,0.0,0.0,3,64,21,0.328125,43.0,0.671875,0.671875,2
S10,EMATentSafe,0.5480359792709351,0.5480359792709351,0.9168649911880493,1,0.5451964020729065,0.4,0.05480359792709351,0.0,0.0,4,28,28,1.0,,,1.0,1
S10,EmaTentGridS40E50B10M085,0.6027693748474121,0.6027693748474121,0.9306908249855042,1,0.43972306251525883,0.5,0.060276937484741215,0.0,0.0,0,64,35,0.546875,29.0,0.453125,0.546875,2
S10,EmaTentGridS40E50B10M085,0.6457110047340393,0.6457110047340393,0.8577713966369629,1,0.4354288995265961,0.5,0.06457110047340393,0.0,0.0,1,64,48,0.75,16.0,0.25,0.75,2
S10,EmaTentGridS40E50B10M085,0.5960966348648071,0.5960966348648071,0.8806101083755493,1,0.44039033651351933,0.5,0.05960966348648072,0.0,0.0,2,64,23,0.359375,41.0,0.640625,0.640625,2
S10,EmaTentGridS40E50B10M085,0.4054208993911743,0.4054208993911743,0.9410660266876221,1,0.4594579100608826,0.5,0.04054208993911743,0.0,0.0,3,64,21,0.328125,43.0,0.671875,0.671875,2
S10,EmaTentGridS40E50B10M085,0.7591155767440796,0.7591155767440796,0.8568680882453918,1,0.42408844232559206,0.5,0.07591155767440796,0.0,0.0,4,28,28,1.0,,,1.0,1
S10,EmaTentGridS30E50B20M085,0.6027693748474121,0.6027693748474121,0.9306908249855042,1,0.37944612503051756,0.5,0.12055387496948243,0.0,0.0,0,64,35,0.546875,29.0,0.453125,0.546875,2
S10,EmaTentGridS30E50B20M085,0.6412019729614258,0.6412019729614258,0.8598067760467529,1,0.37175960540771485,0.5,0.12824039459228517,0.0,0.0,1,64,48,0.75,16.0,0.25,0.75,2
S10,EmaTentGridS30E50B20M085,0.5815927982330322,0.5815927982330322,0.8835849761962891,1,0.3836814403533936,0.5,0.11631855964660645,0.0,0.0,2,64,23,0.359375,41.0,0.640625,0.640625,2
S10,EmaTentGridS30E50B20M085,0.3996296226978302,0.3996296226978302,0.9433659911155701,1,0.42007407546043396,0.5,0.07992592453956604,0.0,0.0,3,64,21,0.328125,43.0,0.671875,0.671875,2
S10,EmaTentGridS30E50B20M085,0.7365928292274475,0.7365928292274475,0.8676068186759949,1,0.3526814341545105,0.5,0.1473185658454895,0.0,0.0,4,28,28,1.0,,,1.0,1
S10,EmaTentGridS20E50B30M075,0.6027693748474121,0.6027693748474121,0.9306908249855042,1,0.3191691875457764,0.5,0.18083081245422364,0.0,0.0,0,64,35,0.546875,29.0,0.453125,0.546875,2
S10,EmaTentGridS20E50B30M075,0.7188320159912109,0.7188320159912109,0.8312671184539795,1,0.2843503952026367,0.5,0.21564960479736328,0.0,0.0,1,64,48,0.75,16.0,0.25,0.75,2
S10,EmaTentGridS20E50B30M075,0.7251524329185486,0.7251524329185486,0.862586498260498,1,0.2824542701244354,0.5,0.21754572987556456,0.0,0.0,2,64,23,0.359375,41.0,0.640625,0.640625,2
S10,EmaTentGridS20E50B30M075,0.4372892677783966,0.4372892677783966,0.9312708377838135,1,0.36881321966648106,0.5,0.13118678033351897,0.0,0.0,3,64,21,0.328125,43.0,0.671875,0.671875,2
S10,EmaTentGridS20E50B30M075,0.9249957799911499,0.9249957799911499,0.7565212845802307,1,0.22250126600265505,0.5,0.277498733997345,0.0,0.0,4,28,28,1.0,,,1.0,1
S10,EMATent,0.6027693748474121,0.6027693748474121,0.9306908249855042,1,0.3191691875457764,0.5,0.18083081245422364,0.0,0.0,0,64,35,0.546875,29.0,0.453125,0.546875,2
S10,EMATent,0.6778963208198547,0.6778963208198547,0.8450814485549927,1,0.29663110375404356,0.5,0.20336889624595642,0.0,0.0,1,64,48,0.75,16.0,0.25,0.75,2
S10,EMATent,0.6563831567764282,0.6563831567764282,0.8686989545822144,1,0.30308505296707156,0.5,0.19691494703292847,0.0,0.0,2,64,23,0.359375,41.0,0.640625,0.640625,2
S10,EMATent,0.41782376170158386,0.41782376170158386,0.9375728368759155,1,0.37465287148952486,0.5,0.12534712851047516,0.0,0.0,3,64,21,0.328125,43.0,0.671875,0.671875,2
S10,EMATent,0.8300172686576843,0.8300172686576843,0.8244794607162476,1,0.2509948194026947,0.5,0.24900518059730528,0.0,0.0,4,28,28,1.0,,,1.0,1
S10,EMATentAdaptive,0.6027693748474121,0.6027693748474121,0.9306908249855042,1,0.3191691875457764,0.5,0.18083081245422364,0.0,0.0,0,64,35,0.546875,29.0,0.453125,0.546875,2
S10,EMATentAdaptive,0.6374219655990601,0.6374219655990601,0.8615900874137878,1,0.308773410320282,0.5,0.191226589679718,0.0,0.0,1,64,48,0.75,16.0,0.25,0.75,2
S10,EMATentAdaptive,0.5677178502082825,0.5677178502082825,0.8860354423522949,1,0.32968464493751526,0.5,0.17031535506248474,0.0,0.0,2,64,23,0.359375,41.0,0.640625,0.640625,2
S10,EMATentAdaptive,0.3945464789867401,0.3945464789867401,0.9454338550567627,1,0.381636056303978,0.5,0.11836394369602203,0.0,0.0,3,64,21,0.328125,43.0,0.671875,0.671875,2
S10,EMATentAdaptive,0.7174427509307861,0.7174427509307861,0.876125693321228,1,0.2847671747207642,0.5,0.21523282527923585,0.0,0.0,4,28,28,1.0,,,1.0,1
S10,EmaTentGridS20E50B30M090,0.6027693748474121,0.6027693748474121,0.9306908249855042,1,0.3191691875457764,0.5,0.18083081245422364,0.0,0.0,0,64,35,0.546875,29.0,0.453125,0.546875,2
S10,EmaTentGridS20E50B30M090,0.5987670421600342,0.5987670421600342,0.8771479725837708,1,0.32036988735198973,0.5,0.17963011264801024,0.0,0.0,1,64,48,0.75,16.0,0.25,0.75,2
S10,EmaTentGridS20E50B30M090,0.4698808193206787,0.4698808193206787,0.9021831750869751,1,0.3590357542037964,0.5,0.14096424579620362,0.0,0.0,2,64,23,0.359375,41.0,0.640625,0.640625,2
S10,EmaTentGridS20E50B30M090,0.36760884523391724,0.36760884523391724,0.9527761936187744,1,0.3897173464298248,0.5,0.11028265357017517,0.0,0.0,3,64,21,0.328125,43.0,0.671875,0.671875,2
S10,EmaTentGridS20E50B30M090,0.5907694101333618,0.5907694101333618,0.9063408970832825,1,0.32276917695999147,0.5,0.17723082304000853,0.0,0.0,4,28,28,1.0,,,1.0,1
S10,EmaTentGridS20E50B30M095,0.6027693748474121,0.6027693748474121,0.9306908249855042,1,0.3191691875457764,0.5,0.18083081245422364,0.0,0.0,0,64,35,0.546875,29.0,0.453125,0.546875,2
S10,EmaTentGridS20E50B30M095,0.5624231100082397,0.5624231100082397,0.8907651901245117,1,0.3312730669975281,0.5,0.1687269330024719,0.0,0.0,1,64,48,0.75,16.0,0.25,0.75,2
S10,EmaTentGridS20E50B30M095,0.37077370285987854,0.37077370285987854,0.9286953210830688,1,0.3887678891420364,0.5,0.11123211085796356,0.0,0.0,2,64,23,0.359375,41.0,0.640625,0.640625,2
S10,EmaTentGridS20E50B30M095,0.33326905965805054,0.33326905965805054,0.960849404335022,1,0.40001928210258486,0.5,0.09998071789741515,0.0,0.0,3,64,21,0.328125,43.0,0.671875,0.671875,2
S10,EmaTentGridS20E50B30M095,0.45823314785957336,0.45823314785957336,0.9381572604179382,1,0.36253005564212804,0.5,0.137469944357872,0.0,0.0,4,28,28,1.0,,,1.0,1
S10,EmaTentGridS10E50B40M085,0.6027693748474121,0.6027693748474121,0.9306908249855042,1,0.25889225006103517,0.5,0.24110774993896486,0.0,0.0,0,64,35,0.546875,29.0,0.453125,0.546875,2
S10,EmaTentGridS10E50B40M085,0.6338847279548645,0.6338847279548645,0.8632899522781372,1,0.2464461088180542,0.5,0.2535538911819458,0.0,0.0,1,64,48,0.75,16.0,0.25,0.75,2
S10,EmaTentGridS10E50B40M085,0.5543532371520996,0.5543532371520996,0.8882057666778564,1,0.2782587051391602,0.5,0.22174129486083985,0.0,0.0,2,64,23,0.359375,41.0,0.640625,0.640625,2
S10,EmaTentGridS10E50B40M085,0.3897608518600464,0.3897608518600464,0.9471771717071533,1,0.34409565925598146,0.5,0.15590434074401857,0.0,0.0,3,64,21,0.328125,43.0,0.671875,0.671875,2
S10,EmaTentGridS10E50B40M085,0.7003803253173828,0.7003803253173828,0.8826144933700562,1,0.21984786987304689,0.5,0.2801521301269531,0.0,0.0,4,28,28,1.0,,,1.0,1
S11,EMATentSafe,0.9369537234306335,0.9369537234306335,0.7405708432197571,1,0.5063046276569366,0.4,0.09369537234306335,0.0,0.0,0,64,47,0.734375,17.0,0.265625,0.734375,2
S11,EMATentSafe,0.8968047499656677,0.8968047499656677,0.7613452076911926,1,0.5103195250034332,0.4,0.08968047499656678,0.0,0.0,1,64,34,0.53125,30.0,0.46875,0.53125,2
S11,EMATentSafe,0.9606682658195496,0.9606682658195496,0.7804617881774902,1,0.503933173418045,0.4,0.09606682658195496,0.0,0.0,2,64,42,0.65625,22.0,0.34375,0.65625,2
S11,EMATentSafe,0.6022258996963501,0.6022258996963501,0.8559740781784058,1,0.539777410030365,0.4,0.06022258996963501,0.0,0.0,3,64,32,0.5,32.0,0.5,0.5,2
S11,EMATentSafe,0.39033037424087524,0.39033037424087524,0.9233315587043762,1,0.5609669625759125,0.4,0.03903303742408753,0.0,0.0,4,44,21,0.4772727272727273,23.0,0.5227272727272727,0.5227272727272727,2
S11,EmaTentGridS40E50B10M085,0.9369539022445679,0.9369539022445679,0.7405703067779541,1,0.4063046097755432,0.5,0.09369539022445679,0.0,0.0,0,64,47,0.734375,17.0,0.265625,0.734375,2
S11,EmaTentGridS40E50B10M085,0.9203397035598755,0.9203397035598755,0.7417905926704407,1,0.40796602964401246,0.5,0.09203397035598755,0.0,0.0,1,64,34,0.53125,30.0,0.46875,0.53125,2
S11,EmaTentGridS40E50B10M085,0.951763927936554,0.951763927936554,0.8056994676589966,1,0.40482360720634464,0.5,0.0951763927936554,0.0,0.0,2,64,42,0.65625,22.0,0.34375,0.65625,2
S11,EmaTentGridS40E50B10M085,0.5849354267120361,0.5849354267120361,0.8597338795661926,1,0.4415064573287964,0.5,0.058493542671203616,0.0,0.0,3,64,32,0.5,32.0,0.5,0.5,2
S11,EmaTentGridS40E50B10M085,0.4015231728553772,0.4015231728553772,0.9201860427856445,1,0.4598476827144623,0.5,0.040152317285537725,0.0,0.0,4,44,21,0.4772727272727273,23.0,0.5227272727272727,0.5227272727272727,2
S11,EmaTentGridS30E50B20M085,0.9369539022445679,0.9369539022445679,0.7405703067779541,1,0.31260921955108645,0.5000000000000001,0.1873907804489136,0.0,0.0,0,64,47,0.734375,17.0,0.265625,0.734375,2
S11,EmaTentGridS30E50B20M085,0.9168015718460083,0.9168015718460083,0.7459691762924194,1,0.31663968563079836,0.5000000000000001,0.1833603143692017,0.0,0.0,1,64,34,0.53125,30.0,0.46875,0.53125,2
S11,EmaTentGridS30E50B20M085,0.9520560503005981,0.9520560503005981,0.7979296445846558,1,0.30958878993988037,0.5,0.19041121006011963,0.0,0.0,2,64,42,0.65625,22.0,0.34375,0.65625,2
S11,EmaTentGridS30E50B20M085,0.5671226978302002,0.5671226978302002,0.8664394617080688,1,0.38657546043395996,0.5,0.11342453956604004,0.0,0.0,3,64,32,0.5,32.0,0.5,0.5,2
S11,EmaTentGridS30E50B20M085,0.390360027551651,0.390360027551651,0.9233232140541077,1,0.4219279944896698,0.5,0.07807200551033021,0.0,0.0,4,44,21,0.4772727272727273,23.0,0.5227272727272727,0.5227272727272727,2
S11,EmaTentGridS20E50B30M075,0.9369539022445679,0.9369539022445679,0.7405703067779541,1,0.21891382932662964,0.5,0.28108617067337033,0.0,0.0,0,64,47,0.734375,17.0,0.265625,0.734375,2
S11,EmaTentGridS20E50B30M075,0.936521053314209,0.936521053314209,0.727744996547699,1,0.21904368400573732,0.5,0.2809563159942627,0.0,0.0,1,64,34,0.53125,30.0,0.46875,0.53125,2
S11,EmaTentGridS20E50B30M075,0.9449602365493774,0.9449602365493774,0.8197622895240784,1,0.2165119290351868,0.5,0.2834880709648132,0.0,0.0,2,64,42,0.65625,22.0,0.34375,0.65625,2
S11,EmaTentGridS20E50B30M075,0.5253027677536011,0.5253027677536011,0.8814071416854858,1,0.34240916967391966,0.5,0.15759083032608032,0.0,0.0,3,64,32,0.5,32.0,0.5,0.5,2
S11,EmaTentGridS20E50B30M075,0.4821772277355194,0.4821772277355194,0.895797610282898,1,0.3553468316793442,0.5,0.1446531683206558,0.0,0.0,4,44,21,0.4772727272727273,23.0,0.5227272727272727,0.5227272727272727,2
S11,EMATent,0.9369539022445679,0.9369539022445679,0.7405703067779541,1,0.21891382932662964,0.5,0.28108617067337033,0.0,0.0,0,64,47,0.734375,17.0,0.265625,0.734375,2
S11,EMATent,0.9258702993392944,0.9258702993392944,0.7383166551589966,1,0.22223891019821168,0.5,0.2777610898017883,0.0,0.0,1,64,34,0.53125,30.0,0.46875,0.53125,2
S11,EMATent,0.9484272003173828,0.9484272003173828,0.8069217205047607,1,0.21547183990478516,0.5,0.2845281600952148,0.0,0.0,2,64,42,0.65625,22.0,0.34375,0.65625,2
S11,EMATent,0.5314860939979553,0.5314860939979553,0.8792593479156494,1,0.3405541718006134,0.5,0.1594458281993866,0.0,0.0,3,64,32,0.5,32.0,0.5,0.5,2
S11,EMATent,0.4199686348438263,0.4199686348438263,0.9148797392845154,1,0.37400940954685213,0.5,0.1259905904531479,0.0,0.0,4,44,21,0.4772727272727273,23.0,0.5227272727272727,0.5227272727272727,2
S11,EMATentAdaptive,0.9369539022445679,0.9369539022445679,0.7405703067779541,1,0.21891382932662964,0.5,0.28108617067337033,0.0,0.0,0,64,47,0.734375,17.0,0.265625,0.734375,2
S11,EMATentAdaptive,0.9132670760154724,0.9132670760154724,0.7497599124908447,1,0.2260198771953583,0.5,0.27398012280464173,0.0,0.0,1,64,34,0.53125,30.0,0.46875,0.53125,2
S11,EMATentAdaptive,0.9530385732650757,0.9530385732650757,0.7916403412818909,1,0.2140884280204773,0.5,0.2859115719795227,0.0,0.0,2,64,42,0.65625,22.0,0.34375,0.65625,2
S11,EMATentAdaptive,0.5471917986869812,0.5471917986869812,0.8740254640579224,1,0.33584246039390564,0.5,0.16415753960609436,0.0,0.0,3,64,32,0.5,32.0,0.5,0.5,2
S11,EMATentAdaptive,0.3745371401309967,0.3745371401309967,0.9276759624481201,1,0.38763885796070097,0.5,0.112361142039299,0.0,0.0,4,44,21,0.4772727272727273,23.0,0.5227272727272727,0.5227272727272727,2
S11,EmaTentGridS20E50B30M090,0.9369539022445679,0.9369539022445679,0.7405703067779541,1,0.21891382932662964,0.5,0.28108617067337033,0.0,0.0,0,64,47,0.734375,17.0,0.265625,0.734375,2
S11,EmaTentGridS20E50B30M090,0.8985056281089783,0.8985056281089783,0.7610142230987549,1,0.23044831156730652,0.5,0.26955168843269345,0.0,0.0,1,64,34,0.53125,30.0,0.46875,0.53125,2
S11,EmaTentGridS20E50B30M090,0.960088849067688,0.960088849067688,0.779787540435791,1,0.2119733452796936,0.5,0.28802665472030636,0.0,0.0,2,64,42,0.65625,22.0,0.34375,0.65625,2
S11,EmaTentGridS20E50B30M090,0.5754799842834473,0.5754799842834473,0.8657535314559937,1,0.32735600471496584,0.5,0.17264399528503419,0.0,0.0,3,64,32,0.5,32.0,0.5,0.5,2
S11,EmaTentGridS20E50B30M090,0.3672325611114502,0.3672325611114502,0.9296488761901855,1,0.38983023166656494,0.5,0.11016976833343506,0.0,0.0,4,44,21,0.4772727272727273,23.0,0.5227272727272727,0.5227272727272727,2
S11,EmaTentGridS20E50B30M095,0.9369539022445679,0.9369539022445679,0.7405703067779541,1,0.21891382932662964,0.5,0.28108617067337033,0.0,0.0,0,64,47,0.734375,17.0,0.265625,0.734375,2
S11,EmaTentGridS20E50B30M095,0.881346583366394,0.881346583366394,0.7724430561065674,1,0.2355960249900818,0.5,0.2644039750099182,0.0,0.0,1,64,34,0.53125,30.0,0.46875,0.53125,2
S11,EmaTentGridS20E50B30M095,0.9700631499290466,0.9700631499290466,0.7703151106834412,1,0.20898105502128603,0.5,0.291018944978714,0.0,0.0,2,64,42,0.65625,22.0,0.34375,0.65625,2
S11,EmaTentGridS20E50B30M095,0.6183211207389832,0.6183211207389832,0.8512528538703918,1,0.3145036637783051,0.5,0.18549633622169495,0.0,0.0,3,64,32,0.5,32.0,0.5,0.5,2
S11,EmaTentGridS20E50B30M095,0.3935866057872772,0.3935866057872772,0.9224221706390381,1,0.38192401826381683,0.5,0.11807598173618317,0.0,0.0,4,44,21,0.4772727272727273,23.0,0.5227272727272727,0.5227272727272727,2
S11,EmaTentGridS10E50B40M085,0.9369539022445679,0.9369539022445679,0.7405703067779541,1,0.12521843910217287,0.5,0.37478156089782716,0.0,0.0,0,64,47,0.734375,17.0,0.265625,0.734375,2
S11,EmaTentGridS10E50B40M085,0.9093873500823975,0.9093873500823975,0.7535013556480408,1,0.13624505996704103,0.5,0.363754940032959,0.0,0.0,1,64,34,0.53125,30.0,0.46875,0.53125,2
S11,EmaTentGridS10E50B40M085,0.9543731808662415,0.9543731808662415,0.7873538732528687,1,0.11825072765350342,0.5,0.3817492723464966,0.0,0.0,2,64,42,0.65625,22.0,0.34375,0.65625,2
S11,EmaTentGridS10E50B40M085,0.5281857252120972,0.5281857252120972,0.8810297250747681,1,0.2887257099151611,0.5,0.2112742900848389,0.0,0.0,3,64,32,0.5,32.0,0.5,0.5,2
S11,EmaTentGridS10E50B40M085,0.35723793506622314,0.35723793506622314,0.9323114156723022,1,0.3571048259735108,0.5,0.14289517402648927,0.0,0.0,4,44,21,0.4772727272727273,23.0,0.5227272727272727,0.5227272727272727,2
S12,EMATentSafe,0.9336977601051331,0.9336977601051331,0.7093309760093689,1,0.5066302239894866,0.4,0.09336977601051331,0.0,0.0,0,64,31,0.484375,33.0,0.515625,0.515625,2
S12,EMATentSafe,0.93284010887146,0.93284010887146,0.7088785171508789,1,0.506715989112854,0.4,0.093284010887146,0.0,0.0,1,64,29,0.453125,35.0,0.546875,0.546875,2
S12,EMATentSafe,0.9976175427436829,0.9976175427436829,0.8302727341651917,1,0.5002382457256317,0.4,0.09976175427436829,0.0,0.0,2,64,46,0.71875,18.0,0.28125,0.71875,2
S12,EMATentSafe,0.48019739985466003,0.48019739985466003,0.8964344263076782,1,0.551980260014534,0.4,0.048019739985466006,0.0,0.0,3,56,20,0.35714285714285715,36.0,0.6428571428571429,0.6428571428571429,2
S12,EmaTentGridS40E50B10M085,0.9336991310119629,0.9336991310119629,0.7093305587768555,1,0.40663008689880376,0.5,0.0933699131011963,0.0,0.0,0,64,31,0.484375,33.0,0.515625,0.515625,2
S12,EmaTentGridS40E50B10M085,0.9375099539756775,0.9375099539756775,0.6951069235801697,1,0.4062490046024323,0.5,0.09375099539756776,0.0,0.0,1,64,29,0.453125,35.0,0.546875,0.546875,2
S12,EmaTentGridS40E50B10M085,0.9996400475502014,0.9996400475502014,0.8292165994644165,1,0.4000359952449799,0.5,0.09996400475502015,0.0,0.0,2,64,46,0.71875,18.0,0.28125,0.71875,2
S12,EmaTentGridS40E50B10M085,0.39656680822372437,0.39656680822372437,0.9215857982635498,1,0.4603433191776276,0.5,0.03965668082237244,0.0,0.0,3,56,20,0.35714285714285715,36.0,0.6428571428571429,0.6428571428571429,2
S12,EmaTentGridS30E50B20M085,0.9336991310119629,0.9336991310119629,0.7093305587768555,1,0.3132601737976074,0.5,0.1867398262023926,0.0,0.0,0,64,31,0.484375,33.0,0.515625,0.515625,2
S12,EmaTentGridS30E50B20M085,0.9384794235229492,0.9384794235229492,0.6976690292358398,1,0.31230411529541013,0.5,0.18769588470458987,0.0,0.0,1,64,29,0.453125,35.0,0.546875,0.546875,2
S12,EmaTentGridS30E50B20M085,0.9995326995849609,0.9995326995849609,0.8294311761856079,1,0.3000934600830078,0.5,0.1999065399169922,0.0,0.0,2,64,46,0.71875,18.0,0.28125,0.71875,2
S12,EmaTentGridS30E50B20M085,0.4069746136665344,0.4069746136665344,0.9186338186264038,1,0.4186050772666931,0.5,0.0813949227333069,0.0,0.0,3,56,20,0.35714285714285715,36.0,0.6428571428571429,0.6428571428571429,2
S12,EmaTentGridS20E50B30M075,0.9336991310119629,0.9336991310119629,0.7093305587768555,1,0.21989026069641116,0.5,0.28010973930358884,0.0,0.0,0,64,31,0.484375,33.0,0.515625,0.515625,2
S12,EmaTentGridS20E50B30M075,0.9449535012245178,0.9449535012245178,0.6865447759628296,1,0.21651394963264467,0.5,0.28348605036735536,0.0,0.0,1,64,29,0.453125,35.0,0.546875,0.546875,2
S12,EmaTentGridS20E50B30M075,0.9998811483383179,0.9998811483383179,0.8222282528877258,1,0.20003565549850466,0.5,0.29996434450149534,0.0,0.0,2,64,46,0.71875,18.0,0.28125,0.71875,2
S12,EmaTentGridS20E50B30M075,0.4366435706615448,0.4366435706615448,0.9099479913711548,1,0.36900692880153657,0.5,0.13099307119846343,0.0,0.0,3,56,20,0.35714285714285715,36.0,0.6428571428571429,0.6428571428571429,2
S12,EMATent,0.9336991310119629,0.9336991310119629,0.7093305587768555,1,0.21989026069641116,0.5,0.28010973930358884,0.0,0.0,0,64,31,0.484375,33.0,0.515625,0.515625,2
S12,EMATent,0.9426289200782776,0.9426289200782776,0.6927404403686523,1,0.21721132397651674,0.5,0.2827886760234833,0.0,0.0,1,64,29,0.453125,35.0,0.546875,0.546875,2
S12,EMATent,0.9999164342880249,0.9999164342880249,0.8281804323196411,1,0.20002506971359255,0.5,0.2999749302864075,0.0,0.0,2,64,46,0.71875,18.0,0.28125,0.71875,2
S12,EMATent,0.41370701789855957,0.41370701789855957,0.9166984558105469,1,0.37588789463043215,0.5,0.12411210536956786,0.0,0.0,3,56,20,0.35714285714285715,36.0,0.6428571428571429,0.6428571428571429,2
S12,EMATentAdaptive,0.9336991310119629,0.9336991310119629,0.7093305587768555,1,0.21989026069641116,0.5,0.28010973930358884,0.0,0.0,0,64,31,0.484375,33.0,0.515625,0.515625,2
S12,EMATentAdaptive,0.9396377205848694,0.9396377205848694,0.6998863220214844,1,0.21810868382453918,0.5,0.2818913161754608,0.0,0.0,1,64,29,0.453125,35.0,0.546875,0.546875,2
S12,EMATentAdaptive,0.9994879961013794,0.9994879961013794,0.828576922416687,1,0.2001536011695862,0.5,0.2998463988304138,0.0,0.0,2,64,46,0.71875,18.0,0.28125,0.71875,2
S12,EMATentAdaptive,0.418843150138855,0.418843150138855,0.9152080416679382,1,0.37434705495834353,0.5,0.1256529450416565,0.0,0.0,3,56,20,0.35714285714285715,36.0,0.6428571428571429,0.6428571428571429,2
S12,EmaTentGridS20E50B30M090,0.9336991310119629,0.9336991310119629,0.7093305587768555,1,0.21989026069641116,0.5,0.28010973930358884,0.0,0.0,0,64,31,0.484375,33.0,0.515625,0.515625,2
S12,EmaTentGridS20E50B30M090,0.9354545474052429,0.9354545474052429,0.7083489894866943,1,0.21936363577842713,0.5,0.28063636422157284,0.0,0.0,1,64,29,0.453125,35.0,0.546875,0.546875,2
S12,EmaTentGridS20E50B30M090,0.9983768463134766,0.9983768463134766,0.8290765285491943,1,0.20048694610595705,0.5,0.299513053894043,0.0,0.0,2,64,46,0.71875,18.0,0.28125,0.71875,2
S12,EmaTentGridS20E50B30M090,0.45524293184280396,0.45524293184280396,0.9042913317680359,1,0.36342712044715886,0.5,0.13657287955284117,0.0,0.0,3,56,20,0.35714285714285715,36.0,0.6428571428571429,0.6428571428571429,2
S12,EmaTentGridS20E50B30M095,0.9336991310119629,0.9336991310119629,0.7093305587768555,1,0.21989026069641116,0.5,0.28010973930358884,0.0,0.0,0,64,31,0.484375,33.0,0.515625,0.515625,2
S12,EmaTentGridS20E50B30M095,0.9303284287452698,0.9303284287452698,0.7173560857772827,1,0.22090147137641908,0.5,0.2790985286235809,0.0,0.0,1,64,29,0.453125,35.0,0.546875,0.546875,2
S12,EmaTentGridS20E50B30M095,0.9962283968925476,0.9962283968925476,0.8280507922172546,1,0.20113148093223573,0.5,0.2988685190677643,0.0,0.0,2,64,46,0.71875,18.0,0.28125,0.71875,2
S12,EmaTentGridS20E50B30M095,0.5291041731834412,0.5291041731834412,0.8800894021987915,1,0.34126874804496765,0.5,0.15873125195503235,0.0,0.0,3,56,20,0.35714285714285715,36.0,0.6428571428571429,0.6428571428571429,2
S12,EmaTentGridS10E50B40M085,0.9336991310119629,0.9336991310119629,0.7093305587768555,1,0.12652034759521485,0.5,0.3734796524047852,0.0,0.0,0,64,31,0.484375,33.0,0.515625,0.515625,2
S12,EmaTentGridS10E50B40M085,0.9410091042518616,0.9410091042518616,0.7016757726669312,1,0.12359635829925537,0.5,0.37640364170074464,0.0,0.0,1,64,29,0.453125,35.0,0.546875,0.546875,2
S12,EmaTentGridS10E50B40M085,0.9993597269058228,0.9993597269058228,0.8286600708961487,1,0.1002561092376709,0.5,0.39974389076232913,0.0,0.0,2,64,46,0.71875,18.0,0.28125,0.71875,2
S12,EmaTentGridS10E50B40M085,0.4317687749862671,0.4317687749862671,0.911403238773346,1,0.3272924900054932,0.5,0.17270750999450685,0.0,0.0,3,56,20,0.35714285714285715,36.0,0.6428571428571429,0.6428571428571429,2
S13,EMATentSafe,0.8903705477714539,0.8903705477714539,0.6985750198364258,1,0.5109629452228546,0.4,0.0890370547771454,0.0,0.0,0,64,22,0.34375,42.0,0.65625,0.65625,2
S13,EMATentSafe,0.9781899452209473,0.9781899452209473,0.6464745998382568,1,0.5021810054779052,0.4,0.09781899452209473,0.0,0.0,1,64,37,0.578125,27.0,0.421875,0.578125,2
S13,EMATentSafe,0.9515315294265747,0.9515315294265747,0.7357043623924255,1,0.5048468470573425,0.4,0.09515315294265747,0.0,0.0,2,64,18,0.28125,46.0,0.71875,0.71875,2
S13,EMATentSafe,0.9523765444755554,0.9523765444755554,0.6711077690124512,1,0.5047623455524445,0.4,0.09523765444755555,0.0,0.0,3,64,55,0.859375,9.0,0.140625,0.859375,2
S13,EMATentSafe,0.8218063712120056,0.8218063712120056,0.7432474493980408,1,0.5178193628787995,0.4,0.08218063712120056,0.0,0.0,4,21,21,1.0,,,1.0,1
S13,EmaTentGridS40E50B10M085,0.8903706073760986,0.8903706073760986,0.698574960231781,1,0.41096293926239014,0.5,0.08903706073760986,0.0,0.0,0,64,22,0.34375,42.0,0.65625,0.65625,2
S13,EmaTentGridS40E50B10M085,0.9760192632675171,0.9760192632675171,0.6527687311172485,1,0.4023980736732483,0.5,0.09760192632675171,0.0,0.0,1,64,37,0.578125,27.0,0.421875,0.578125,2
S13,EmaTentGridS40E50B10M085,0.9489092826843262,0.9489092826843262,0.7489714622497559,1,0.4051090717315674,0.5,0.09489092826843262,0.0,0.0,2,64,18,0.28125,46.0,0.71875,0.71875,2
S13,EmaTentGridS40E50B10M085,0.9193218350410461,0.9193218350410461,0.6873893737792969,1,0.4080678164958954,0.5,0.09193218350410462,0.0,0.0,3,64,55,0.859375,9.0,0.140625,0.859375,2
S13,EmaTentGridS40E50B10M085,0.7071256637573242,0.7071256637573242,0.8072806000709534,1,0.4292874336242676,0.5,0.07071256637573242,0.0,0.0,4,21,21,1.0,,,1.0,1
S13,EmaTentGridS30E50B20M085,0.8903706073760986,0.8903706073760986,0.698574960231781,1,0.3219258785247803,0.5,0.17807412147521973,0.0,0.0,0,64,22,0.34375,42.0,0.65625,0.65625,2
S13,EmaTentGridS30E50B20M085,0.9774749279022217,0.9774749279022217,0.6513651013374329,1,0.3045050144195557,0.5000000000000001,0.19549498558044437,0.0,0.0,1,64,37,0.578125,27.0,0.421875,0.578125,2
S13,EmaTentGridS30E50B20M085,0.9462246298789978,0.9462246298789978,0.748268187046051,1,0.31075507402420044,0.5,0.18924492597579956,0.0,0.0,2,64,18,0.28125,46.0,0.71875,0.71875,2
S13,EmaTentGridS30E50B20M085,0.9323139786720276,0.9323139786720276,0.6794832944869995,1,0.3135372042655945,0.5000000000000001,0.18646279573440555,0.0,0.0,3,64,55,0.859375,9.0,0.140625,0.859375,2
S13,EmaTentGridS30E50B20M085,0.7466168999671936,0.7466168999671936,0.7872974276542664,1,0.3506766200065613,0.5,0.14932337999343873,0.0,0.0,4,21,21,1.0,,,1.0,1
S13,EmaTentGridS20E50B30M075,0.8903706073760986,0.8903706073760986,0.698574960231781,1,0.2328888177871704,0.5,0.2671111822128296,0.0,0.0,0,64,22,0.34375,42.0,0.65625,0.65625,2
S13,EmaTentGridS20E50B30M075,0.9779813289642334,0.9779813289642334,0.6588019132614136,1,0.20660560131073,0.5,0.29339439868927003,0.0,0.0,1,64,37,0.578125,27.0,0.421875,0.578125,2
S13,EmaTentGridS20E50B30M075,0.937556266784668,0.937556266784668,0.7657146453857422,1,0.21873311996459963,0.5,0.2812668800354004,0.0,0.0,2,64,18,0.28125,46.0,0.71875,0.71875,2
S13,EmaTentGridS20E50B30M075,0.9266358017921448,0.9266358017921448,0.6798100471496582,1,0.22200925946235658,0.5,0.27799074053764344,0.0,0.0,3,64,55,0.859375,9.0,0.140625,0.859375,2
S13,EmaTentGridS20E50B30M075,0.6914756298065186,0.6914756298065186,0.8147279024124146,1,0.29255731105804444,0.5,0.20744268894195556,0.0,0.0,4,21,21,1.0,,,1.0,1
S13,EMATent,0.8903706073760986,0.8903706073760986,0.698574960231781,1,0.2328888177871704,0.5,0.2671111822128296,0.0,0.0,0,64,22,0.34375,42.0,0.65625,0.65625,2
S13,EMATent,0.9781085848808289,0.9781085848808289,0.6542707085609436,1,0.20656742453575136,0.5,0.29343257546424867,0.0,0.0,1,64,37,0.578125,27.0,0.421875,0.578125,2
S13,EMATent,0.941083550453186,0.941083550453186,0.7567956447601318,1,0.2176749348640442,0.5,0.2823250651359558,0.0,0.0,2,64,18,0.28125,46.0,0.71875,0.71875,2
S13,EMATent,0.9303815960884094,0.9303815960884094,0.6791894435882568,1,0.22088552117347718,0.5,0.2791144788265228,0.0,0.0,3,64,55,0.859375,9.0,0.140625,0.859375,2
S13,EMATent,0.7330156564712524,0.7330156564712524,0.7943856716156006,1,0.2800953030586243,0.5,0.21990469694137574,0.0,0.0,4,21,21,1.0,,,1.0,1
S13,EMATentAdaptive,0.8903706073760986,0.8903706073760986,0.698574960231781,1,0.2328888177871704,0.5,0.2671111822128296,0.0,0.0,0,64,22,0.34375,42.0,0.65625,0.65625,2
S13,EMATentAdaptive,0.9785829782485962,0.9785829782485962,0.6500647068023682,1,0.20642510652542115,0.5,0.2935748934745788,0.0,0.0,1,64,37,0.578125,27.0,0.421875,0.578125,2
S13,EMATentAdaptive,0.9441036581993103,0.9441036581993103,0.747721791267395,1,0.21676890254020692,0.5,0.2832310974597931,0.0,0.0,2,64,18,0.28125,46.0,0.71875,0.71875,2
S13,EMATentAdaptive,0.9422876238822937,0.9422876238822937,0.6733735799789429,1,0.2173137128353119,0.5,0.2826862871646881,0.0,0.0,3,64,55,0.859375,9.0,0.140625,0.859375,2
S13,EMATentAdaptive,0.7831878066062927,0.7831878066062927,0.7670095562934875,1,0.2650436580181122,0.5,0.2349563419818878,0.0,0.0,4,21,21,1.0,,,1.0,1
S13,EmaTentGridS20E50B30M090,0.8903706073760986,0.8903706073760986,0.698574960231781,1,0.2328888177871704,0.5,0.2671111822128296,0.0,0.0,0,64,22,0.34375,42.0,0.65625,0.65625,2
S13,EmaTentGridS20E50B30M090,0.9794490933418274,0.9794490933418274,0.6461068987846375,1,0.2061652719974518,0.5,0.29383472800254823,0.0,0.0,1,64,37,0.578125,27.0,0.421875,0.578125,2
S13,EmaTentGridS20E50B30M090,0.9463381171226501,0.9463381171226501,0.7397213578224182,1,0.21609856486320497,0.5,0.28390143513679506,0.0,0.0,2,64,18,0.28125,46.0,0.71875,0.71875,2
S13,EmaTentGridS20E50B30M090,0.9597637057304382,0.9597637057304382,0.6674416065216064,1,0.21207088828086854,0.5,0.28792911171913144,0.0,0.0,3,64,55,0.859375,9.0,0.140625,0.859375,2
S13,EmaTentGridS20E50B30M090,0.8423815369606018,0.8423815369606018,0.729360044002533,1,0.24728553891181948,0.5,0.2527144610881805,0.0,0.0,4,21,21,1.0,,,1.0,1
S13,EmaTentGridS20E50B30M095,0.8903706073760986,0.8903706073760986,0.698574960231781,1,0.2328888177871704,0.5,0.2671111822128296,0.0,0.0,0,64,22,0.34375,42.0,0.65625,0.65625,2
S13,EmaTentGridS20E50B30M095,0.9807365536689758,0.9807365536689758,0.642795979976654,1,0.20577903389930727,0.5,0.29422096610069276,0.0,0.0,1,64,37,0.578125,27.0,0.421875,0.578125,2
S13,EmaTentGridS20E50B30M095,0.9475767612457275,0.9475767612457275,0.731779932975769,1,0.21572697162628174,0.5,0.28427302837371826,0.0,0.0,2,64,18,0.28125,46.0,0.71875,0.71875,2
S13,EmaTentGridS20E50B30M095,0.9790067076683044,0.9790067076683044,0.6591274738311768,1,0.2062979876995087,0.5,0.2937020123004913,0.0,0.0,3,64,55,0.859375,9.0,0.140625,0.859375,2
S13,EmaTentGridS20E50B30M095,0.9090344309806824,0.9090344309806824,0.6756640672683716,1,0.2272896707057953,0.5,0.2727103292942047,0.0,0.0,4,21,21,1.0,,,1.0,1
S13,EmaTentGridS10E50B40M085,0.8903706073760986,0.8903706073760986,0.698574960231781,1,0.14385175704956055,0.5,0.35614824295043945,0.0,0.0,0,64,22,0.34375,42.0,0.65625,0.65625,2
S13,EmaTentGridS10E50B40M085,0.9793789386749268,0.9793789386749268,0.648937463760376,1,0.10824842453002931,0.5,0.39175157546997075,0.0,0.0,1,64,37,0.578125,27.0,0.421875,0.578125,2
S13,EmaTentGridS10E50B40M085,0.9421916604042053,0.9421916604042053,0.747516393661499,1,0.12312333583831787,0.5,0.37687666416168214,0.0,0.0,2,64,18,0.28125,46.0,0.71875,0.71875,2
S13,EmaTentGridS10E50B40M085,0.9501198530197144,0.9501198530197144,0.6693594455718994,1,0.11995205879211426,0.5,0.38004794120788576,0.0,0.0,3,64,55,0.859375,9.0,0.140625,0.859375,2
S13,EmaTentGridS10E50B40M085,0.8161670565605164,0.8161670565605164,0.7468920350074768,1,0.17353317737579346,0.5,0.32646682262420657,0.0,0.0,4,21,21,1.0,,,1.0,1
S14,EMATentSafe,0.8405347466468811,0.8405347466468811,0.7805479168891907,1,0.5159465253353119,0.4,0.08405347466468811,0.0,0.0,0,64,28,0.4375,36.0,0.5625,0.5625,2
S14,EMATentSafe,0.997338593006134,0.997338593006134,0.7652770280838013,1,0.5002661406993866,0.4,0.0997338593006134,0.0,0.0,1,64,62,0.96875,2.0,0.03125,0.96875,2
S14,EMATentSafe,0.996650218963623,0.996650218963623,0.8162687420845032,1,0.5003349781036377,0.4,0.09966502189636231,0.0,0.0,2,64,33,0.515625,31.0,0.484375,0.515625,2
S14,EMATentSafe,0.6267762184143066,0.6267762184143066,0.8546585440635681,1,0.5373223781585693,0.4,0.06267762184143066,0.0,0.0,3,52,43,0.8269230769230769,9.0,0.17307692307692307,0.8269230769230769,2
S14,EmaTentGridS40E50B10M085,0.8405368328094482,0.8405368328094482,0.7805474996566772,1,0.4159463167190552,0.5,0.08405368328094483,0.0,0.0,0,64,28,0.4375,36.0,0.5625,0.5625,2
S14,EmaTentGridS40E50B10M085,0.9998819231987,0.9998819231987,0.7395936250686646,1,0.40001180768013,0.5,0.09998819231987,0.0,0.0,1,64,62,0.96875,2.0,0.03125,0.96875,2
S14,EmaTentGridS40E50B10M085,0.9949077367782593,0.9949077367782593,0.7869645357131958,1,0.4005092263221741,0.5,0.09949077367782594,0.0,0.0,2,64,33,0.515625,31.0,0.484375,0.515625,2
S14,EmaTentGridS40E50B10M085,0.6303511261940002,0.6303511261940002,0.8455862402915955,1,0.4369648873806,0.5,0.06303511261940002,0.0,0.0,3,52,43,0.8269230769230769,9.0,0.17307692307692307,0.8269230769230769,2
S14,EmaTentGridS30E50B20M085,0.8405368328094482,0.8405368328094482,0.7805474996566772,1,0.3318926334381104,0.5000000000000001,0.16810736656188968,0.0,0.0,0,64,28,0.4375,36.0,0.5625,0.5625,2
S14,EmaTentGridS30E50B20M085,0.9999432563781738,0.9999432563781738,0.7453900575637817,1,0.30001134872436525,0.5,0.19998865127563478,0.0,0.0,1,64,62,0.96875,2.0,0.03125,0.96875,2
S14,EmaTentGridS30E50B20M085,0.9961919784545898,0.9961919784545898,0.7949429750442505,1,0.30076160430908205,0.5000000000000001,0.199238395690918,0.0,0.0,2,64,33,0.515625,31.0,0.484375,0.515625,2
S14,EmaTentGridS30E50B20M085,0.6054873466491699,0.6054873466491699,0.8537855744361877,1,0.378902530670166,0.5,0.12109746932983399,0.0,0.0,3,52,43,0.8269230769230769,9.0,0.17307692307692307,0.8269230769230769,2
S14,EmaTentGridS20E50B30M075,0.8405368328094482,0.8405368328094482,0.7805474996566772,1,0.24783895015716553,0.5,0.25216104984283444,0.0,0.0,0,64,28,0.4375,36.0,0.5625,0.5625,2
S14,EmaTentGridS20E50B30M075,0.9976089000701904,0.9976089000701904,0.722564697265625,1,0.20071732997894287,0.5,0.29928267002105713,0.0,0.0,1,64,62,0.96875,2.0,0.03125,0.96875,2
S14,EmaTentGridS20E50B30M075,0.996190071105957,0.996190071105957,0.7706528902053833,1,0.2011429786682129,0.5,0.2988570213317871,0.0,0.0,2,64,33,0.515625,31.0,0.484375,0.515625,2
S14,EmaTentGridS20E50B30M075,0.6035177111625671,0.6035177111625671,0.8545806407928467,1,0.3189446866512299,0.5,0.18105531334877015,0.0,0.0,3,52,43,0.8269230769230769,9.0,0.17307692307692307,0.8269230769230769,2
S14,EMATent,0.8405368328094482,0.8405368328094482,0.7805474996566772,1,0.24783895015716553,0.5,0.25216104984283444,0.0,0.0,0,64,28,0.4375,36.0,0.5625,0.5625,2
S14,EMATent,0.9998044371604919,0.9998044371604919,0.7351703643798828,1,0.20005866885185242,0.5,0.2999413311481476,0.0,0.0,1,64,62,0.96875,2.0,0.03125,0.96875,2
S14,EMATent,0.9965565800666809,0.9965565800666809,0.7859078049659729,1,0.20103302597999573,0.5,0.2989669740200043,0.0,0.0,2,64,33,0.515625,31.0,0.484375,0.515625,2
S14,EMATent,0.5903872847557068,0.5903872847557068,0.8590443730354309,1,0.32288381457328796,0.5,0.17711618542671204,0.0,0.0,3,52,43,0.8269230769230769,9.0,0.17307692307692307,0.8269230769230769,2
S14,EMATentAdaptive,0.8405368328094482,0.8405368328094482,0.7805474996566772,1,0.24783895015716553,0.5,0.25216104984283444,0.0,0.0,0,64,28,0.4375,36.0,0.5625,0.5625,2
S14,EMATentAdaptive,0.9996320605278015,0.9996320605278015,0.750365138053894,1,0.20011038184165955,0.5,0.2998896181583404,0.0,0.0,1,64,62,0.96875,2.0,0.03125,0.96875,2
S14,EMATentAdaptive,0.9968386292457581,0.9968386292457581,0.8013277649879456,1,0.2009484112262726,0.5,0.2990515887737274,0.0,0.0,2,64,33,0.515625,31.0,0.484375,0.515625,2
S14,EMATentAdaptive,0.5901050567626953,0.5901050567626953,0.8592482805252075,1,0.3229684829711914,0.5,0.1770315170288086,0.0,0.0,3,52,43,0.8269230769230769,9.0,0.17307692307692307,0.8269230769230769,2
S14,EmaTentGridS20E50B30M090,0.8405368328094482,0.8405368328094482,0.7805474996566772,1,0.24783895015716553,0.5,0.25216104984283444,0.0,0.0,0,64,28,0.4375,36.0,0.5625,0.5625,2
S14,EmaTentGridS20E50B30M090,0.9974305629730225,0.9974305629730225,0.7649776339530945,1,0.20077083110809327,0.5,0.2992291688919067,0.0,0.0,1,64,62,0.96875,2.0,0.03125,0.96875,2
S14,EmaTentGridS20E50B30M090,0.996993899345398,0.996993899345398,0.8160415291786194,1,0.20090183019638064,0.5,0.29909816980361936,0.0,0.0,2,64,33,0.515625,31.0,0.484375,0.515625,2
S14,EmaTentGridS20E50B30M090,0.6031390428543091,0.6031390428543091,0.8620909452438354,1,0.31905828714370726,0.5,0.1809417128562927,0.0,0.0,3,52,43,0.8269230769230769,9.0,0.17307692307692307,0.8269230769230769,2
S14,EmaTentGridS20E50B30M095,0.8405368328094482,0.8405368328094482,0.7805474996566772,1,0.24783895015716553,0.5,0.25216104984283444,0.0,0.0,0,64,28,0.4375,36.0,0.5625,0.5625,2
S14,EmaTentGridS20E50B30M095,0.9935059547424316,0.9935059547424316,0.7795618772506714,1,0.20194821357727052,0.5,0.2980517864227295,0.0,0.0,1,64,62,0.96875,2.0,0.03125,0.96875,2
S14,EmaTentGridS20E50B30M095,0.9972007870674133,0.9972007870674133,0.8284803032875061,1,0.200839763879776,0.5,0.29916023612022397,0.0,0.0,2,64,33,0.515625,31.0,0.484375,0.515625,2
S14,EmaTentGridS20E50B30M095,0.6394662261009216,0.6394662261009216,0.8609540462493896,1,0.3081601321697235,0.5,0.19183986783027648,0.0,0.0,3,52,43,0.8269230769230769,9.0,0.17307692307692307,0.8269230769230769,2
S14,EmaTentGridS10E50B40M085,0.8405368328094482,0.8405368328094482,0.7805474996566772,1,0.1637852668762207,0.5,0.3362147331237793,0.0,0.0,0,64,28,0.4375,36.0,0.5625,0.5625,2
S14,EmaTentGridS10E50B40M085,0.9990451335906982,0.9990451335906982,0.7547266483306885,1,0.10038194656372071,0.5,0.3996180534362793,0.0,0.0,1,64,62,0.96875,2.0,0.03125,0.96875,2
S14,EmaTentGridS10E50B40M085,0.9972211122512817,0.9972211122512817,0.8072688579559326,1,0.10111155509948731,0.5,0.39888844490051273,0.0,0.0,2,64,33,0.515625,31.0,0.484375,0.515625,2
S14,EmaTentGridS10E50B40M085,0.5760816931724548,0.5760816931724548,0.8647565245628357,1,0.2695673227310181,0.5,0.23043267726898195,0.0,0.0,3,52,43,0.8269230769230769,9.0,0.17307692307692307,0.8269230769230769,2
S15,EMATentSafe,0.97576904296875,0.97576904296875,0.6752334833145142,1,0.502423095703125,0.4,0.097576904296875,0.0,0.0,0,64,31,0.484375,33.0,0.515625,0.515625,2
S15,EMATentSafe,0.9274255633354187,0.9274255633354187,0.719260573387146,1,0.5072574436664581,0.4,0.09274255633354188,0.0,0.0,1,64,30,0.46875,34.0,0.53125,0.53125,2
S15,EMATentSafe,0.9085962176322937,0.9085962176322937,0.8120424747467041,1,0.5091403782367706,0.4,0.09085962176322937,0.0,0.0,2,64,40,0.625,24.0,0.375,0.625,2
S15,EMATentSafe,0.8287109732627869,0.8287109732627869,0.7657808065414429,1,0.5171289026737214,0.4,0.08287109732627869,0.0,0.0,3,64,31,0.484375,33.0,0.515625,0.515625,2
S15,EMATentSafe,0.7283149361610413,0.7283149361610413,0.805867612361908,1,0.5271685063838959,0.4,0.07283149361610412,0.0,0.0,4,64,26,0.40625,38.0,0.59375,0.59375,2
S15,EmaTentGridS40E50B10M085,0.9757687449455261,0.9757687449455261,0.675233006477356,1,0.4024231255054474,0.5,0.09757687449455262,0.0,0.0,0,64,31,0.484375,33.0,0.515625,0.515625,2
S15,EmaTentGridS40E50B10M085,0.9666261672973633,0.9666261672973633,0.685437023639679,1,0.4033373832702637,0.5,0.09666261672973633,0.0,0.0,1,64,30,0.46875,34.0,0.53125,0.53125,2
S15,EmaTentGridS40E50B10M085,0.8754575848579407,0.8754575848579407,0.8211325407028198,1,0.41245424151420595,0.5,0.08754575848579407,0.0,0.0,2,64,40,0.625,24.0,0.375,0.625,2
S15,EmaTentGridS40E50B10M085,0.7993217706680298,0.7993217706680298,0.7808911204338074,1,0.42006782293319705,0.5,0.07993217706680299,0.0,0.0,3,64,31,0.484375,33.0,0.515625,0.515625,2
S15,EmaTentGridS40E50B10M085,0.6626965403556824,0.6626965403556824,0.8291300535202026,1,0.4337303459644318,0.5,0.06626965403556824,0.0,0.0,4,64,26,0.40625,38.0,0.59375,0.59375,2
S15,EmaTentGridS30E50B20M085,0.9757687449455261,0.9757687449455261,0.675233006477356,1,0.3048462510108948,0.5000000000000001,0.19515374898910526,0.0,0.0,0,64,31,0.484375,33.0,0.515625,0.515625,2
S15,EmaTentGridS30E50B20M085,0.9573808312416077,0.9573808312416077,0.6955209970474243,1,0.30852383375167847,0.5,0.19147616624832153,0.0,0.0,1,64,30,0.46875,34.0,0.53125,0.53125,2
S15,EmaTentGridS30E50B20M085,0.8756476044654846,0.8756476044654846,0.8211698532104492,1,0.3248704791069031,0.5,0.17512952089309694,0.0,0.0,2,64,40,0.625,24.0,0.375,0.625,2
S15,EmaTentGridS30E50B20M085,0.8137931823730469,0.8137931823730469,0.7749091982841492,1,0.33724136352539064,0.5,0.1627586364746094,0.0,0.0,3,64,31,0.484375,33.0,0.515625,0.515625,2
S15,EmaTentGridS30E50B20M085,0.6828129291534424,0.6828129291534424,0.8215818405151367,1,0.3634374141693115,0.5,0.13656258583068848,0.0,0.0,4,64,26,0.40625,38.0,0.59375,0.59375,2
S15,EmaTentGridS20E50B30M075,0.9757687449455261,0.9757687449455261,0.675233006477356,1,0.20726937651634217,0.5,0.2927306234836578,0.0,0.0,0,64,31,0.484375,33.0,0.515625,0.515625,2
S15,EmaTentGridS20E50B30M075,0.9819821715354919,0.9819821715354919,0.669829249382019,1,0.20540534853935244,0.5,0.29459465146064756,0.0,0.0,1,64,30,0.46875,34.0,0.53125,0.53125,2
S15,EmaTentGridS20E50B30M075,0.8113924860954285,0.8113924860954285,0.8348937630653381,1,0.2565822541713715,0.5,0.24341774582862852,0.0,0.0,2,64,40,0.625,24.0,0.375,0.625,2
S15,EmaTentGridS20E50B30M075,0.7906612753868103,0.7906612753868103,0.7833280563354492,1,0.2628016173839569,0.5,0.2371983826160431,0.0,0.0,3,64,31,0.484375,33.0,0.515625,0.515625,2
S15,EmaTentGridS20E50B30M075,0.6627216339111328,0.6627216339111328,0.8277959823608398,1,0.30118350982666015,0.5,0.19881649017333983,0.0,0.0,4,64,26,0.40625,38.0,0.59375,0.59375,2
S15,EMATent,0.9757687449455261,0.9757687449455261,0.675233006477356,1,0.20726937651634217,0.5,0.2927306234836578,0.0,0.0,0,64,31,0.484375,33.0,0.515625,0.515625,2
S15,EMATent,0.9668453335762024,0.9668453335762024,0.6873376965522766,1,0.2099463999271393,0.5,0.2900536000728607,0.0,0.0,1,64,30,0.46875,34.0,0.53125,0.53125,2
S15,EMATent,0.845492422580719,0.845492422580719,0.8283331394195557,1,0.24635227322578432,0.5,0.2536477267742157,0.0,0.0,2,64,40,0.625,24.0,0.375,0.625,2
S15,EMATent,0.8101490139961243,0.8101490139961243,0.7767544984817505,1,0.2569552958011627,0.5,0.24304470419883728,0.0,0.0,3,64,31,0.484375,33.0,0.515625,0.515625,2
S15,EMATent,0.6764242053031921,0.6764242053031921,0.8228484392166138,1,0.29707273840904236,0.5,0.20292726159095764,0.0,0.0,4,64,26,0.40625,38.0,0.59375,0.59375,2
S15,EMATentAdaptive,0.9757687449455261,0.9757687449455261,0.675233006477356,1,0.20726937651634217,0.5,0.2927306234836578,0.0,0.0,0,64,31,0.484375,33.0,0.515625,0.515625,2
S15,EMATentAdaptive,0.9475046992301941,0.9475046992301941,0.7050861716270447,1,0.21574859023094178,0.5,0.2842514097690582,0.0,0.0,1,64,30,0.46875,34.0,0.53125,0.53125,2
S15,EMATentAdaptive,0.8743745684623718,0.8743745684623718,0.8217613697052002,1,0.23768762946128846,0.5,0.26231237053871154,0.0,0.0,2,64,40,0.625,24.0,0.375,0.625,2
S15,EMATentAdaptive,0.8287176489830017,0.8287176489830017,0.7685728073120117,1,0.2513847053050995,0.5,0.2486152946949005,0.0,0.0,3,64,31,0.484375,33.0,0.515625,0.515625,2
S15,EMATentAdaptive,0.7042034864425659,0.7042034864425659,0.8140004873275757,1,0.2887389540672302,0.5,0.21126104593276976,0.0,0.0,4,64,26,0.40625,38.0,0.59375,0.59375,2
S15,EmaTentGridS20E50B30M090,0.9757687449455261,0.9757687449455261,0.675233006477356,1,0.20726937651634217,0.5,0.2927306234836578,0.0,0.0,0,64,31,0.484375,33.0,0.515625,0.515625,2
S15,EmaTentGridS20E50B30M090,0.924285352230072,0.924285352230072,0.7226234674453735,1,0.2227143943309784,0.5,0.2772856056690216,0.0,0.0,1,64,30,0.46875,34.0,0.53125,0.53125,2
S15,EmaTentGridS20E50B30M090,0.8979970216751099,0.8979970216751099,0.8146719932556152,1,0.23060089349746704,0.5,0.26939910650253296,0.0,0.0,2,64,40,0.625,24.0,0.375,0.625,2
S15,EmaTentGridS20E50B30M090,0.8462269306182861,0.8462269306182861,0.7583168745040894,1,0.24613192081451418,0.5,0.2538680791854858,0.0,0.0,3,64,31,0.484375,33.0,0.515625,0.515625,2
S15,EmaTentGridS20E50B30M090,0.7466296553611755,0.7466296553611755,0.7979080677032471,1,0.27601110339164736,0.5,0.22398889660835267,0.0,0.0,4,64,26,0.40625,38.0,0.59375,0.59375,2
S15,EmaTentGridS20E50B30M095,0.9757687449455261,0.9757687449455261,0.675233006477356,1,0.20726937651634217,0.5,0.2927306234836578,0.0,0.0,0,64,31,0.484375,33.0,0.515625,0.515625,2
S15,EmaTentGridS20E50B30M095,0.8975403308868408,0.8975403308868408,0.7409765720367432,1,0.23073790073394776,0.5,0.2692620992660522,0.0,0.0,1,64,30,0.46875,34.0,0.53125,0.53125,2
S15,EmaTentGridS20E50B30M095,0.9171048998832703,0.9171048998832703,0.8129730224609375,1,0.22486853003501894,0.5,0.27513146996498106,0.0,0.0,2,64,40,0.625,24.0,0.375,0.625,2
S15,EmaTentGridS20E50B30M095,0.8683918118476868,0.8683918118476868,0.7469378709793091,1,0.239482456445694,0.5,0.260517543554306,0.0,0.0,3,64,31,0.484375,33.0,0.515625,0.515625,2
S15,EmaTentGridS20E50B30M095,0.8127844929695129,0.8127844929695129,0.7697303891181946,1,0.25616465210914613,0.5,0.24383534789085387,0.0,0.0,4,64,26,0.40625,38.0,0.59375,0.59375,2
S15,EmaTentGridS10E50B40M085,0.9757687449455261,0.9757687449455261,0.675233006477356,1,0.10969250202178955,0.5,0.39030749797821046,0.0,0.0,0,64,31,0.484375,33.0,0.515625,0.515625,2
S15,EmaTentGridS10E50B40M085,0.9364059567451477,0.9364059567451477,0.7145970463752747,1,0.12543761730194092,0.5,0.3745623826980591,0.0,0.0,1,64,30,0.46875,34.0,0.53125,0.53125,2
S15,EmaTentGridS10E50B40M085,0.8720468878746033,0.8720468878746033,0.8224620223045349,1,0.1511812448501587,0.5,0.34881875514984134,0.0,0.0,2,64,40,0.625,24.0,0.375,0.625,2
S15,EmaTentGridS10E50B40M085,0.8433544039726257,0.8433544039726257,0.7618394494056702,1,0.16265823841094973,0.5,0.3373417615890503,0.0,0.0,3,64,31,0.484375,33.0,0.515625,0.515625,2
S15,EmaTentGridS10E50B40M085,0.7268596291542053,0.7268596291542053,0.8051114678382874,1,0.20925614833831788,0.5,0.29074385166168215,0.0,0.0,4,64,26,0.40625,38.0,0.59375,0.59375,2
S16,EMATentSafe,0.7224202752113342,0.7224202752113342,0.8926785588264465,1,0.5277579724788666,0.4,0.07224202752113343,0.0,0.0,0,64,17,0.265625,47.0,0.734375,0.734375,2
S16,EMATentSafe,0.8061108589172363,0.8061108589172363,0.8299766778945923,1,0.5193889141082764,0.4,0.08061108589172364,0.0,0.0,1,64,54,0.84375,10.0,0.15625,0.84375,2
S16,EMATentSafe,0.8794763684272766,0.8794763684272766,0.8229352235794067,1,0.5120523631572723,0.4,0.08794763684272766,0.0,0.0,2,64,31,0.484375,33.0,0.515625,0.515625,2
S16,EMATentSafe,0.9900800585746765,0.9900800585746765,0.7915611863136292,1,0.5009919941425324,0.4,0.09900800585746766,0.0,0.0,3,29,2,0.06896551724137931,27.0,0.9310344827586207,0.9310344827586207,2
S16,EmaTentGridS40E50B10M085,0.7224241495132446,0.7224241495132446,0.8926771879196167,1,0.42775758504867556,0.5,0.07224241495132447,0.0,0.0,0,64,17,0.265625,47.0,0.734375,0.734375,2
S16,EmaTentGridS40E50B10M085,0.8615291714668274,0.8615291714668274,0.793289065361023,1,0.4138470828533173,0.5,0.08615291714668274,0.0,0.0,1,64,54,0.84375,10.0,0.15625,0.84375,2
S16,EmaTentGridS40E50B10M085,0.931621789932251,0.931621789932251,0.7806060910224915,1,0.4068378210067749,0.5,0.0931621789932251,0.0,0.0,2,64,31,0.484375,33.0,0.515625,0.515625,2
S16,EmaTentGridS40E50B10M085,0.9938082695007324,0.9938082695007324,0.7248635292053223,1,0.4006191730499268,0.5,0.09938082695007325,0.0,0.0,3,29,2,0.06896551724137931,27.0,0.9310344827586207,0.9310344827586207,2
S16,EmaTentGridS30E50B20M085,0.7224241495132446,0.7224241495132446,0.8926771879196167,1,0.35551517009735106,0.5,0.14448482990264894,0.0,0.0,0,64,17,0.265625,47.0,0.734375,0.734375,2
S16,EmaTentGridS30E50B20M085,0.8530336022377014,0.8530336022377014,0.7995553016662598,1,0.32939327955245973,0.5,0.1706067204475403,0.0,0.0,1,64,54,0.84375,10.0,0.15625,0.84375,2
S16,EmaTentGridS30E50B20M085,0.9268224239349365,0.9268224239349365,0.7876913547515869,1,0.3146355152130127,0.5,0.1853644847869873,0.0,0.0,2,64,31,0.484375,33.0,0.515625,0.515625,2
S16,EmaTentGridS30E50B20M085,0.9978905320167542,0.9978905320167542,0.7383126020431519,1,0.30042189359664917,0.5,0.19957810640335083,0.0,0.0,3,29,2,0.06896551724137931,27.0,0.9310344827586207,0.9310344827586207,2
S16,EmaTentGridS20E50B30M075,0.7224241495132446,0.7224241495132446,0.8926771879196167,1,0.2832727551460266,0.5,0.21672724485397338,0.0,0.0,0,64,17,0.265625,47.0,0.734375,0.734375,2
S16,EmaTentGridS20E50B30M075,0.8882282972335815,0.8882282972335815,0.7695727348327637,1,0.23353151082992554,0.5,0.26646848917007443,0.0,0.0,1,64,54,0.84375,10.0,0.15625,0.84375,2
S16,EmaTentGridS20E50B30M075,0.9682912230491638,0.9682912230491638,0.7540958523750305,1,0.20951263308525087,0.5,0.29048736691474913,0.0,0.0,2,64,31,0.484375,33.0,0.515625,0.515625,2
S16,EmaTentGridS20E50B30M075,0.988409161567688,0.988409161567688,0.7121534943580627,1,0.20347725152969362,0.5,0.2965227484703064,0.0,0.0,3,29,2,0.06896551724137931,27.0,0.9310344827586207,0.9310344827586207,2
S16,EMATent,0.7224241495132446,0.7224241495132446,0.8926771879196167,1,0.2832727551460266,0.5,0.21672724485397338,0.0,0.0,0,64,17,0.265625,47.0,0.734375,0.734375,2
S16,EMATent,0.8727512359619141,0.8727512359619141,0.7845423817634583,1,0.2381746292114258,0.5,0.2618253707885742,0.0,0.0,1,64,54,0.84375,10.0,0.15625,0.84375,2
S16,EMATent,0.9492540955543518,0.9492540955543518,0.7711586952209473,1,0.21522377133369447,0.5,0.28477622866630553,0.0,0.0,2,64,31,0.484375,33.0,0.515625,0.515625,2
S16,EMATent,0.9936309456825256,0.9936309456825256,0.727643609046936,1,0.20191071629524232,0.5,0.2980892837047577,0.0,0.0,3,29,2,0.06896551724137931,27.0,0.9310344827586207,0.9310344827586207,2
S16,EMATentAdaptive,0.7224241495132446,0.7224241495132446,0.8926771879196167,1,0.2832727551460266,0.5,0.21672724485397338,0.0,0.0,0,64,17,0.265625,47.0,0.734375,0.734375,2
S16,EMATentAdaptive,0.8465790748596191,0.8465790748596191,0.8048204183578491,1,0.24602627754211426,0.5,0.25397372245788574,0.0,0.0,1,64,54,0.84375,10.0,0.15625,0.84375,2
S16,EMATentAdaptive,0.9247636198997498,0.9247636198997498,0.7937544584274292,1,0.2225709140300751,0.5,0.27742908596992494,0.0,0.0,2,64,31,0.484375,33.0,0.515625,0.515625,2
S16,EMATentAdaptive,0.9996873140335083,0.9996873140335083,0.7525532841682434,1,0.2000938057899475,0.5,0.2999061942100525,0.0,0.0,3,29,2,0.06896551724137931,27.0,0.9310344827586207,0.9310344827586207,2
S16,EmaTentGridS20E50B30M090,0.7224241495132446,0.7224241495132446,0.8926771879196167,1,0.2832727551460266,0.5,0.21672724485397338,0.0,0.0,0,64,17,0.265625,47.0,0.734375,0.734375,2
S16,EmaTentGridS20E50B30M090,0.8119558691978455,0.8119558691978455,0.826751708984375,1,0.25641323924064635,0.5,0.24358676075935362,0.0,0.0,1,64,54,0.84375,10.0,0.15625,0.84375,2
S16,EmaTentGridS20E50B30M090,0.8912085294723511,0.8912085294723511,0.8183139562606812,1,0.23263744115829468,0.5,0.2673625588417053,0.0,0.0,2,64,31,0.484375,33.0,0.515625,0.515625,2
S16,EmaTentGridS20E50B30M090,0.9934446811676025,0.9934446811676025,0.7897594571113586,1,0.20196659564971925,0.5,0.29803340435028075,0.0,0.0,3,29,2,0.06896551724137931,27.0,0.9310344827586207,0.9310344827586207,2
S16,EmaTentGridS20E50B30M095,0.7224241495132446,0.7224241495132446,0.8926771879196167,1,0.2832727551460266,0.5,0.21672724485397338,0.0,0.0,0,64,17,0.265625,47.0,0.734375,0.734375,2
S16,EmaTentGridS20E50B30M095,0.7688558101654053,0.7688558101654053,0.8496189117431641,1,0.2693432569503784,0.5,0.23065674304962158,0.0,0.0,1,64,54,0.84375,10.0,0.15625,0.84375,2
S16,EmaTentGridS20E50B30M095,0.8356215357780457,0.8356215357780457,0.8437265157699585,1,0.2493135392665863,0.5,0.25068646073341366,0.0,0.0,2,64,31,0.484375,33.0,0.515625,0.515625,2
S16,EmaTentGridS20E50B30M095,0.952178955078125,0.952178955078125,0.8264092803001404,1,0.21434631347656252,0.5,0.2856536865234375,0.0,0.0,3,29,2,0.06896551724137931,27.0,0.9310344827586207,0.9310344827586207,2
S16,EmaTentGridS10E50B40M085,0.7224241495132446,0.7224241495132446,0.8926771879196167,1,0.21103034019470215,0.5,0.2889696598052979,0.0,0.0,0,64,17,0.265625,47.0,0.734375,0.734375,2
S16,EmaTentGridS10E50B40M085,0.8415523171424866,0.8415523171424866,0.8093934655189514,1,0.16337907314300537,0.5,0.33662092685699463,0.0,0.0,1,64,54,0.84375,10.0,0.15625,0.84375,2
S16,EmaTentGridS10E50B40M085,0.9244657158851624,0.9244657158851624,0.798490583896637,1,0.13021371364593506,0.5,0.36978628635406496,0.0,0.0,2,64,31,0.484375,33.0,0.515625,0.515625,2
S16,EmaTentGridS10E50B40M085,0.9999205470085144,0.9999205470085144,0.7648981809616089,1,0.10003178119659424,0.5,0.3999682188034058,0.0,0.0,3,29,2,0.06896551724137931,27.0,0.9310344827586207,0.9310344827586207,2
S17,EMATentSafe,0.21182750165462494,0.21182750165462494,0.9664636850357056,1,0.5788172498345375,0.4,0.021182750165462495,0.0,0.0,0,64,38,0.59375,26.0,0.40625,0.59375,2
S17,EMATentSafe,0.22543227672576904,0.22543227672576904,0.9636218547821045,1,0.5774567723274231,0.4,0.022543227672576906,0.0,0.0,1,64,51,0.796875,13.0,0.203125,0.796875,2
S17,EMATentSafe,0.602804958820343,0.602804958820343,0.8527935743331909,1,0.5397195041179657,0.4,0.0602804958820343,0.0,0.0,2,64,22,0.34375,42.0,0.65625,0.65625,2
S17,EMATentSafe,0.45934635400772095,0.45934635400772095,0.9030207395553589,1,0.554065364599228,0.4,0.0459346354007721,0.0,0.0,3,64,39,0.609375,25.0,0.390625,0.609375,2
S17,EMATentSafe,0.9363658428192139,0.9363658428192139,0.6519521474838257,1,0.5063634157180786,0.4,0.0936365842819214,0.0,0.0,4,30,0,0.0,30.0,1.0,1.0,1
S17,EmaTentGridS40E50B10M085,0.21182793378829956,0.21182793378829956,0.966463565826416,1,0.47881720662117006,0.5,0.02118279337882996,0.0,0.0,0,64,38,0.59375,26.0,0.40625,0.59375,2
S17,EmaTentGridS40E50B10M085,0.38466164469718933,0.38466164469718933,0.924903392791748,1,0.4615338355302811,0.5,0.038466164469718934,0.0,0.0,1,64,51,0.796875,13.0,0.203125,0.796875,2
S17,EmaTentGridS40E50B10M085,0.9252432584762573,0.9252432584762573,0.6745114326477051,1,0.4074756741523743,0.5,0.09252432584762574,0.0,0.0,2,64,22,0.34375,42.0,0.65625,0.65625,2
S17,EmaTentGridS40E50B10M085,0.8374753594398499,0.8374753594398499,0.7494776248931885,1,0.416252464056015,0.5,0.08374753594398499,0.0,0.0,3,64,39,0.609375,25.0,0.390625,0.609375,2
S17,EmaTentGridS40E50B10M085,0.9629238247871399,0.9629238247871399,0.6201355457305908,1,0.40370761752128603,0.5,0.096292382478714,0.0,0.0,4,30,0,0.0,30.0,1.0,1.0,1
S17,EmaTentGridS30E50B20M085,0.21182793378829956,0.21182793378829956,0.966463565826416,1,0.4576344132423401,0.5,0.04236558675765992,0.0,0.0,0,64,38,0.59375,26.0,0.40625,0.59375,2
S17,EmaTentGridS30E50B20M085,0.36931562423706055,0.36931562423706055,0.9290886521339417,1,0.4261368751525879,0.5,0.07386312484741211,0.0,0.0,1,64,51,0.796875,13.0,0.203125,0.796875,2
S17,EmaTentGridS30E50B20M085,0.8980085253715515,0.8980085253715515,0.6936365365982056,1,0.3203982949256897,0.5000000000000001,0.17960170507431034,0.0,0.0,2,64,22,0.34375,42.0,0.65625,0.65625,2
S17,EmaTentGridS30E50B20M085,0.7708994150161743,0.7708994150161743,0.780738115310669,1,0.3458201169967651,0.5,0.15417988300323487,0.0,0.0,3,64,39,0.609375,25.0,0.390625,0.609375,2
S17,EmaTentGridS30E50B20M085,0.9889233112335205,0.9889233112335205,0.5971181988716125,1,0.3022153377532959,0.5,0.1977846622467041,0.0,0.0,4,30,0,0.0,30.0,1.0,1.0,1
S17,EmaTentGridS20E50B30M075,0.21182793378829956,0.21182793378829956,0.966463565826416,1,0.4364516198635101,0.5,0.06354838013648986,0.0,0.0,0,64,38,0.59375,26.0,0.40625,0.59375,2
S17,EmaTentGridS20E50B30M075,0.6447930335998535,0.6447930335998535,0.8355742692947388,1,0.30656208992004397,0.5,0.19343791007995606,0.0,0.0,1,64,51,0.796875,13.0,0.203125,0.796875,2
S17,EmaTentGridS20E50B30M075,0.9999871850013733,0.9999871850013733,0.6053615212440491,1,0.20000384449958802,0.5,0.299996155500412,0.0,0.0,2,64,22,0.34375,42.0,0.65625,0.65625,2
S17,EmaTentGridS20E50B30M075,0.9489959478378296,0.9489959478378296,0.6811257004737854,1,0.21530121564865112,0.5,0.2846987843513489,0.0,0.0,3,64,39,0.609375,25.0,0.390625,0.609375,2
S17,EmaTentGridS20E50B30M075,0.9430907964706421,0.9430907964706421,0.640636682510376,1,0.21707276105880738,0.5,0.2829272389411926,0.0,0.0,4,30,0,0.0,30.0,1.0,1.0,1
S17,EMATent,0.21182793378829956,0.21182793378829956,0.966463565826416,1,0.4364516198635101,0.5,0.06354838013648986,0.0,0.0,0,64,38,0.59375,26.0,0.40625,0.59375,2
S17,EMATent,0.48900264501571655,0.48900264501571655,0.8935863971710205,1,0.353299206495285,0.5,0.14670079350471496,0.0,0.0,1,64,51,0.796875,13.0,0.203125,0.796875,2
S17,EMATent,0.9775194525718689,0.9775194525718689,0.6330366134643555,1,0.20674416422843933,0.5,0.29325583577156067,0.0,0.0,2,64,22,0.34375,42.0,0.65625,0.65625,2
S17,EMATent,0.8563792705535889,0.8563792705535889,0.7412769198417664,1,0.24308621883392334,0.5,0.25691378116607666,0.0,0.0,3,64,39,0.609375,25.0,0.390625,0.609375,2
S17,EMATent,0.9735836982727051,0.9735836982727051,0.6078885197639465,1,0.2079248905181885,0.5,0.29207510948181153,0.0,0.0,4,30,0,0.0,30.0,1.0,1.0,1
S17,EMATentAdaptive,0.21182793378829956,0.21182793378829956,0.966463565826416,1,0.4364516198635101,0.5,0.06354838013648986,0.0,0.0,0,64,38,0.59375,26.0,0.40625,0.59375,2
S17,EMATentAdaptive,0.35529589653015137,0.35529589653015137,0.932823896408081,1,0.3934112310409546,0.5,0.10658876895904541,0.0,0.0,1,64,51,0.796875,13.0,0.203125,0.796875,2
S17,EMATentAdaptive,0.8697338700294495,0.8697338700294495,0.7134010791778564,1,0.23907983899116517,0.5,0.2609201610088348,0.0,0.0,2,64,22,0.34375,42.0,0.65625,0.65625,2
S17,EMATentAdaptive,0.7091967463493347,0.7091967463493347,0.8103172779083252,1,0.2872409760951996,0.5,0.21275902390480042,0.0,0.0,3,64,39,0.609375,25.0,0.390625,0.609375,2
S17,EMATentAdaptive,0.9992979764938354,0.9992979764938354,0.5841704607009888,1,0.20021060705184937,0.5,0.2997893929481506,0.0,0.0,4,30,0,0.0,30.0,1.0,1.0,1
S17,EmaTentGridS20E50B30M090,0.21182793378829956,0.21182793378829956,0.966463565826416,1,0.4364516198635101,0.5,0.06354838013648986,0.0,0.0,0,64,38,0.59375,26.0,0.40625,0.59375,2
S17,EmaTentGridS20E50B30M090,0.2494969516992569,0.2494969516992569,0.9584184885025024,1,0.4251509144902229,0.5,0.07484908550977706,0.0,0.0,1,64,51,0.796875,13.0,0.203125,0.796875,2
S17,EmaTentGridS20E50B30M090,0.6677661538124084,0.6677661538124084,0.8255579471588135,1,0.2996701538562775,0.5,0.20032984614372254,0.0,0.0,2,64,22,0.34375,42.0,0.65625,0.65625,2
S17,EmaTentGridS20E50B30M090,0.5105113387107849,0.5105113387107849,0.8864569664001465,1,0.34684659838676457,0.5,0.15315340161323546,0.0,0.0,3,64,39,0.609375,25.0,0.390625,0.609375,2
S17,EmaTentGridS20E50B30M090,0.9649008512496948,0.9649008512496948,0.6193636655807495,1,0.21052974462509155,0.5,0.28947025537490845,0.0,0.0,4,30,0,0.0,30.0,1.0,1.0,1
S17,EmaTentGridS20E50B30M095,0.21182793378829956,0.21182793378829956,0.966463565826416,1,0.4364516198635101,0.5,0.06354838013648986,0.0,0.0,0,64,38,0.59375,26.0,0.40625,0.59375,2
S17,EmaTentGridS20E50B30M095,0.1699342131614685,0.1699342131614685,0.9747587442398071,0,0.4490197360515594,0.5,0.05098026394844055,0.0,0.0,1,64,51,0.796875,13.0,0.203125,0.796875,2
S17,EmaTentGridS20E50B30M095,0.43993547558784485,0.43993547558784485,0.9089588522911072,1,0.36801935732364655,0.5,0.13198064267635345,0.0,0.0,2,64,22,0.34375,42.0,0.65625,0.65625,2
S17,EmaTentGridS20E50B30M095,0.28753554821014404,0.28753554821014404,0.949731707572937,1,0.4137393355369568,0.5,0.08626066446304322,0.0,0.0,3,64,39,0.609375,25.0,0.390625,0.609375,2
S17,EmaTentGridS20E50B30M095,0.7014196515083313,0.7014196515083313,0.8100247979164124,1,0.2895741045475006,0.5,0.21042589545249937,0.0,0.0,4,30,0,0.0,30.0,1.0,1.0,1
S17,EmaTentGridS10E50B40M085,0.21182793378829956,0.21182793378829956,0.966463565826416,1,0.4152688264846802,0.5,0.08473117351531984,0.0,0.0,0,64,38,0.59375,26.0,0.40625,0.59375,2
S17,EmaTentGridS10E50B40M085,0.34244558215141296,0.34244558215141296,0.9361749291419983,1,0.3630217671394348,0.5,0.13697823286056518,0.0,0.0,1,64,51,0.796875,13.0,0.203125,0.796875,2
S17,EmaTentGridS10E50B40M085,0.8412685394287109,0.8412685394287109,0.7317934632301331,1,0.16349258422851565,0.5,0.3365074157714844,0.0,0.0,2,64,22,0.34375,42.0,0.65625,0.65625,2
S17,EmaTentGridS10E50B40M085,0.6673207879066467,0.6673207879066467,0.8279982209205627,1,0.2330716848373413,0.5,0.2669283151626587,0.0,0.0,3,64,39,0.609375,25.0,0.390625,0.609375,2
S17,EmaTentGridS10E50B40M085,0.9990898966789246,0.9990898966789246,0.5804501175880432,1,0.10036404132843019,0.5,0.39963595867156987,0.0,0.0,4,30,0,0.0,30.0,1.0,1.0,1
S18,EMATentSafe,0.7701777219772339,0.7701777219772339,0.8601335883140564,1,0.5229822278022767,0.4,0.07701777219772339,0.0,0.0,0,64,42,0.65625,22.0,0.34375,0.65625,2
S18,EMATentSafe,0.5011846423149109,0.5011846423149109,0.9636831283569336,1,0.549881535768509,0.4,0.05011846423149109,0.0,0.0,1,64,25,0.390625,39.0,0.609375,0.609375,2
S18,EMATentSafe,0.32593488693237305,0.32593488693237305,0.9403799176216125,1,0.5674065113067627,0.4,0.032593488693237305,0.0,0.0,2,64,26,0.40625,38.0,0.59375,0.59375,2
S18,EMATentSafe,0.9768661260604858,0.9768661260604858,0.8866065144538879,1,0.5023133873939514,0.4,0.09768661260604859,0.0,0.0,3,63,42,0.6666666666666666,21.0,0.3333333333333333,0.6666666666666666,2
S18,EmaTentGridS40E50B10M085,0.770175039768219,0.770175039768219,0.860134482383728,1,0.4229824960231781,0.5,0.0770175039768219,0.0,0.0,0,64,42,0.65625,22.0,0.34375,0.65625,2
S18,EmaTentGridS40E50B10M085,0.5186325311660767,0.5186325311660767,0.9587638974189758,1,0.44813674688339233,0.5,0.051863253116607666,0.0,0.0,1,64,25,0.390625,39.0,0.609375,0.609375,2
S18,EmaTentGridS40E50B10M085,0.42141348123550415,0.42141348123550415,0.9144575595855713,1,0.4578586518764496,0.5,0.042141348123550415,0.0,0.0,2,64,26,0.40625,38.0,0.59375,0.59375,2
S18,EmaTentGridS40E50B10M085,0.9467704892158508,0.9467704892158508,0.8604243993759155,1,0.40532295107841493,0.5,0.09467704892158509,0.0,0.0,3,63,42,0.6666666666666666,21.0,0.3333333333333333,0.6666666666666666,2
S18,EmaTentGridS30E50B20M085,0.770175039768219,0.770175039768219,0.860134482383728,1,0.3459649920463562,0.5,0.1540350079536438,0.0,0.0,0,64,42,0.65625,22.0,0.34375,0.65625,2
S18,EmaTentGridS30E50B20M085,0.5190597176551819,0.5190597176551819,0.9594206213951111,1,0.3961880564689636,0.5,0.10381194353103639,0.0,0.0,1,64,25,0.390625,39.0,0.609375,0.609375,2
S18,EmaTentGridS30E50B20M085,0.4133235812187195,0.4133235812187195,0.9168092012405396,1,0.4173352837562561,0.5,0.0826647162437439,0.0,0.0,2,64,26,0.40625,38.0,0.59375,0.59375,2
S18,EmaTentGridS30E50B20M085,0.9490830898284912,0.9490830898284912,0.8638566732406616,1,0.31018338203430174,0.5,0.18981661796569826,0.0,0.0,3,63,42,0.6666666666666666,21.0,0.3333333333333333,0.6666666666666666,2
S18,EmaTentGridS20E50B30M075,0.770175039768219,0.770175039768219,0.860134482383728,1,0.2689474880695343,0.5,0.2310525119304657,0.0,0.0,0,64,42,0.65625,22.0,0.34375,0.65625,2
S18,EmaTentGridS20E50B30M075,0.5502529144287109,0.5502529144287109,0.9514739513397217,1,0.33492412567138674,0.5,0.1650758743286133,0.0,0.0,1,64,25,0.390625,39.0,0.609375,0.609375,2
S18,EmaTentGridS20E50B30M075,0.5272542834281921,0.5272542834281921,0.8807315826416016,1,0.3418237149715424,0.5,0.15817628502845762,0.0,0.0,2,64,26,0.40625,38.0,0.59375,0.59375,2
S18,EmaTentGridS20E50B30M075,0.9130071997642517,0.9130071997642517,0.8501013517379761,1,0.2260978400707245,0.5,0.2739021599292755,0.0,0.0,3,63,42,0.6666666666666666,21.0,0.3333333333333333,0.6666666666666666,2
S18,EMATent,0.770175039768219,0.770175039768219,0.860134482383728,1,0.2689474880695343,0.5,0.2310525119304657,0.0,0.0,0,64,42,0.65625,22.0,0.34375,0.65625,2
S18,EMATent,0.5327948927879333,0.5327948927879333,0.956236720085144,1,0.34016153216362,0.5,0.15983846783638,0.0,0.0,1,64,25,0.390625,39.0,0.609375,0.609375,2
S18,EMATent,0.4659685492515564,0.4659685492515564,0.9009526371955872,1,0.3602094352245331,0.5,0.13979056477546692,0.0,0.0,2,64,26,0.40625,38.0,0.59375,0.59375,2
S18,EMATent,0.9316912293434143,0.9316912293434143,0.8558262586593628,1,0.2204926311969757,0.5,0.2795073688030243,0.0,0.0,3,63,42,0.6666666666666666,21.0,0.3333333333333333,0.6666666666666666,2
S18,EMATentAdaptive,0.770175039768219,0.770175039768219,0.860134482383728,1,0.2689474880695343,0.5,0.2310525119304657,0.0,0.0,0,64,42,0.65625,22.0,0.34375,0.65625,2
S18,EMATentAdaptive,0.5179092288017273,0.5179092288017273,0.9601496458053589,1,0.3446272313594818,0.5,0.1553727686405182,0.0,0.0,1,64,25,0.390625,39.0,0.609375,0.609375,2
S18,EMATentAdaptive,0.4033766984939575,0.4033766984939575,0.9196597933769226,1,0.3789869904518127,0.5,0.12101300954818725,0.0,0.0,2,64,26,0.40625,38.0,0.59375,0.59375,2
S18,EMATentAdaptive,0.952045202255249,0.952045202255249,0.8676998019218445,1,0.2143864393234253,0.5,0.2856135606765747,0.0,0.0,3,63,42,0.6666666666666666,21.0,0.3333333333333333,0.6666666666666666,2
S18,EmaTentGridS20E50B30M090,0.770175039768219,0.770175039768219,0.860134482383728,1,0.2689474880695343,0.5,0.2310525119304657,0.0,0.0,0,64,42,0.65625,22.0,0.34375,0.65625,2
S18,EmaTentGridS20E50B30M090,0.5053380131721497,0.5053380131721497,0.9633034467697144,1,0.3483985960483551,0.5,0.1516014039516449,0.0,0.0,1,64,25,0.390625,39.0,0.609375,0.609375,2
S18,EmaTentGridS20E50B30M090,0.3428165912628174,0.3428165912628174,0.9360791444778442,1,0.39715502262115476,0.5,0.10284497737884521,0.0,0.0,2,64,26,0.40625,38.0,0.59375,0.59375,2
S18,EmaTentGridS20E50B30M090,0.9713636636734009,0.9713636636734009,0.8827045559883118,1,0.20859090089797974,0.5,0.29140909910202023,0.0,0.0,3,63,42,0.6666666666666666,21.0,0.3333333333333333,0.6666666666666666,2
S18,EmaTentGridS20E50B30M095,0.770175039768219,0.770175039768219,0.860134482383728,1,0.2689474880695343,0.5,0.2310525119304657,0.0,0.0,0,64,42,0.65625,22.0,0.34375,0.65625,2
S18,EmaTentGridS20E50B30M095,0.49468204379081726,0.49468204379081726,0.965772271156311,1,0.3515953868627548,0.5,0.14840461313724518,0.0,0.0,1,64,25,0.390625,39.0,0.609375,0.609375,2
S18,EmaTentGridS20E50B30M095,0.2866975665092468,0.2866975665092468,0.9499292373657227,1,0.413990730047226,0.5,0.08600926995277404,0.0,0.0,2,64,26,0.40625,38.0,0.59375,0.59375,2
S18,EmaTentGridS20E50B30M095,0.9870485067367554,0.9870485067367554,0.8975000977516174,1,0.2038854479789734,0.5,0.2961145520210266,0.0,0.0,3,63,42,0.6666666666666666,21.0,0.3333333333333333,0.6666666666666666,2
S18,EmaTentGridS10E50B40M085,0.770175039768219,0.770175039768219,0.860134482383728,1,0.19192998409271242,0.5,0.3080700159072876,0.0,0.0,0,64,42,0.65625,22.0,0.34375,0.65625,2
S18,EmaTentGridS10E50B40M085,0.5156752467155457,0.5156752467155457,0.9609401822090149,1,0.29372990131378174,0.5,0.20627009868621826,0.0,0.0,1,64,25,0.390625,39.0,0.609375,0.609375,2
S18,EmaTentGridS10E50B40M085,0.3924185633659363,0.3924185633659363,0.922748863697052,1,0.34303257465362547,0.5,0.15696742534637453,0.0,0.0,2,64,26,0.40625,38.0,0.59375,0.59375,2
S18,EmaTentGridS10E50B40M085,0.9553213119506836,0.9553213119506836,0.8716281652450562,1,0.11787147521972657,0.5,0.3821285247802735,0.0,0.0,3,63,42,0.6666666666666666,21.0,0.3333333333333333,0.6666666666666666,2
S19,EMATentSafe,0.7242990732192993,0.7242990732192993,0.8157327175140381,1,0.5275700926780701,0.4,0.07242990732192993,0.0,0.0,0,64,32,0.5,32.0,0.5,0.5,2
S19,EMATentSafe,0.830666720867157,0.830666720867157,0.8122255802154541,1,0.5169333279132843,0.4,0.0830666720867157,0.0,0.0,1,64,32,0.5,32.0,0.5,0.5,2
S19,EMATentSafe,0.4732911288738251,0.4732911288738251,0.8994691371917725,1,0.5526708871126175,0.4,0.04732911288738251,0.0,0.0,2,64,6,0.09375,58.0,0.90625,0.90625,2
S19,EMATentSafe,0.6057093739509583,0.6057093739509583,0.876999020576477,1,0.5394290626049042,0.4,0.06057093739509583,0.0,0.0,3,9,8,0.8888888888888888,1.0,0.1111111111111111,0.8888888888888888,2
S19,EmaTentGridS40E50B10M085,0.7242984175682068,0.7242984175682068,0.8157329559326172,1,0.42757015824317934,0.5,0.07242984175682068,0.0,0.0,0,64,32,0.5,32.0,0.5,0.5,2
S19,EmaTentGridS40E50B10M085,0.8594681620597839,0.8594681620597839,0.8118316531181335,1,0.4140531837940216,0.5,0.0859468162059784,0.0,0.0,1,64,32,0.5,32.0,0.5,0.5,2
S19,EmaTentGridS40E50B10M085,0.48607388138771057,0.48607388138771057,0.8946627378463745,1,0.451392611861229,0.5,0.04860738813877106,0.0,0.0,2,64,6,0.09375,58.0,0.90625,0.90625,2
S19,EmaTentGridS40E50B10M085,0.5206412672996521,0.5206412672996521,0.8898391723632812,1,0.4479358732700348,0.5,0.052064126729965216,0.0,0.0,3,9,8,0.8888888888888888,1.0,0.1111111111111111,0.8888888888888888,2
S19,EmaTentGridS30E50B20M085,0.7242984175682068,0.7242984175682068,0.8157329559326172,1,0.35514031648635863,0.5,0.14485968351364137,0.0,0.0,0,64,32,0.5,32.0,0.5,0.5,2
S19,EmaTentGridS30E50B20M085,0.862397313117981,0.862397313117981,0.8121709823608398,1,0.3275205373764038,0.5,0.1724794626235962,0.0,0.0,1,64,32,0.5,32.0,0.5,0.5,2
S19,EmaTentGridS30E50B20M085,0.48193830251693726,0.48193830251693726,0.896121084690094,1,0.40361233949661257,0.5,0.09638766050338746,0.0,0.0,2,64,6,0.09375,58.0,0.90625,0.90625,2
S19,EmaTentGridS30E50B20M085,0.5367670655250549,0.5367670655250549,0.8878926634788513,1,0.392646586894989,0.5,0.107353413105011,0.0,0.0,3,9,8,0.8888888888888888,1.0,0.1111111111111111,0.8888888888888888,2
S19,EmaTentGridS20E50B30M075,0.7242984175682068,0.7242984175682068,0.8157329559326172,1,0.282710474729538,0.5,0.21728952527046203,0.0,0.0,0,64,32,0.5,32.0,0.5,0.5,2
S19,EmaTentGridS20E50B30M075,0.9125462770462036,0.9125462770462036,0.8262869119644165,1,0.22623611688613893,0.5,0.2737638831138611,0.0,0.0,1,64,32,0.5,32.0,0.5,0.5,2
S19,EmaTentGridS20E50B30M075,0.494079053401947,0.494079053401947,0.8919259905815125,1,0.3517762839794159,0.5,0.1482237160205841,0.0,0.0,2,64,6,0.09375,58.0,0.90625,0.90625,2
S19,EmaTentGridS20E50B30M075,0.47899776697158813,0.47899776697158813,0.8968192338943481,1,0.3563006699085236,0.5,0.14369933009147642,0.0,0.0,3,9,8,0.8888888888888888,1.0,0.1111111111111111,0.8888888888888888,2
S19,EMATent,0.7242984175682068,0.7242984175682068,0.8157329559326172,1,0.282710474729538,0.5,0.21728952527046203,0.0,0.0,0,64,32,0.5,32.0,0.5,0.5,2
S19,EMATent,0.888750433921814,0.888750433921814,0.8141810894012451,1,0.23337486982345582,0.5,0.26662513017654416,0.0,0.0,1,64,32,0.5,32.0,0.5,0.5,2
S19,EMATent,0.4847395122051239,0.4847395122051239,0.8950811624526978,1,0.35457814633846285,0.5,0.14542185366153718,0.0,0.0,2,64,6,0.09375,58.0,0.90625,0.90625,2
S19,EMATent,0.5145386457443237,0.5145386457443237,0.8882418870925903,1,0.3456384062767029,0.5,0.1543615937232971,0.0,0.0,3,9,8,0.8888888888888888,1.0,0.1111111111111111,0.8888888888888888,2
S19,EMATentAdaptive,0.7242984175682068,0.7242984175682068,0.8157329559326172,1,0.282710474729538,0.5,0.21728952527046203,0.0,0.0,0,64,32,0.5,32.0,0.5,0.5,2
S19,EMATentAdaptive,0.8647036552429199,0.8647036552429199,0.812507152557373,1,0.24058890342712402,0.5,0.259411096572876,0.0,0.0,1,64,32,0.5,32.0,0.5,0.5,2
S19,EMATentAdaptive,0.47710880637168884,0.47710880637168884,0.8977842330932617,1,0.35686735808849335,0.5,0.14313264191150665,0.0,0.0,2,64,6,0.09375,58.0,0.90625,0.90625,2
S19,EMATentAdaptive,0.5551548600196838,0.5551548600196838,0.885029673576355,1,0.3334535419940948,0.5,0.16654645800590515,0.0,0.0,3,9,8,0.8888888888888888,1.0,0.1111111111111111,0.8888888888888888,2
S19,EmaTentGridS20E50B30M090,0.7242984175682068,0.7242984175682068,0.8157329559326172,1,0.282710474729538,0.5,0.21728952527046203,0.0,0.0,0,64,32,0.5,32.0,0.5,0.5,2
S19,EmaTentGridS20E50B30M090,0.8424443006515503,0.8424443006515503,0.8122628331184387,1,0.2472667098045349,0.5,0.2527332901954651,0.0,0.0,1,64,32,0.5,32.0,0.5,0.5,2
S19,EmaTentGridS20E50B30M090,0.47215449810028076,0.47215449810028076,0.8997911214828491,1,0.35835365056991575,0.5,0.14164634943008422,0.0,0.0,2,64,6,0.09375,58.0,0.90625,0.90625,2
S19,EmaTentGridS20E50B30M090,0.603905200958252,0.603905200958252,0.8772079348564148,1,0.3188284397125244,0.5,0.18117156028747558,0.0,0.0,3,9,8,0.8888888888888888,1.0,0.1111111111111111,0.8888888888888888,2
S19,EmaTentGridS20E50B30M095,0.7242984175682068,0.7242984175682068,0.8157329559326172,1,0.282710474729538,0.5,0.21728952527046203,0.0,0.0,0,64,32,0.5,32.0,0.5,0.5,2
S19,EmaTentGridS20E50B30M095,0.823009192943573,0.823009192943573,0.814790666103363,1,0.25309724211692813,0.5,0.2469027578830719,0.0,0.0,1,64,32,0.5,32.0,0.5,0.5,2
S19,EmaTentGridS20E50B30M095,0.47079649567604065,0.47079649567604065,0.9008868932723999,1,0.3587610512971878,0.5,0.1412389487028122,0.0,0.0,2,64,6,0.09375,58.0,0.90625,0.90625,2
S19,EmaTentGridS20E50B30M095,0.6566462516784668,0.6566462516784668,0.8625052571296692,1,0.30300612449645997,0.5,0.19699387550354003,0.0,0.0,3,9,8,0.8888888888888888,1.0,0.1111111111111111,0.8888888888888888,2
S19,EmaTentGridS10E50B40M085,0.7242984175682068,0.7242984175682068,0.8157329559326172,1,0.2102806329727173,0.5,0.28971936702728274,0.0,0.0,0,64,32,0.5,32.0,0.5,0.5,2
S19,EmaTentGridS10E50B40M085,0.866348147392273,0.866348147392273,0.8128718137741089,1,0.15346074104309082,0.5,0.3465392589569092,0.0,0.0,1,64,32,0.5,32.0,0.5,0.5,2
S19,EmaTentGridS10E50B40M085,0.4718087315559387,0.4718087315559387,0.8995877504348755,1,0.3112765073776245,0.5,0.1887234926223755,0.0,0.0,2,64,6,0.09375,58.0,0.90625,0.90625,2
S19,EmaTentGridS10E50B40M085,0.5746755003929138,0.5746755003929138,0.8814355731010437,1,0.2701297998428345,0.5,0.22987020015716553,0.0,0.0,3,9,8,0.8888888888888888,1.0,0.1111111111111111,0.8888888888888888,2
S20,EMATentSafe,0.8606284260749817,0.8606284260749817,0.89987713098526,1,0.5139371573925018,0.4,0.08606284260749818,0.0,0.0,0,64,28,0.4375,36.0,0.5625,0.5625,2
S20,EMATentSafe,0.8104538917541504,0.8104538917541504,0.8464559316635132,1,0.5189546108245849,0.4,0.08104538917541504,0.0,0.0,1,64,13,0.203125,51.0,0.796875,0.796875,2
S20,EMATentSafe,0.28871145844459534,0.28871145844459534,0.9645904898643494,1,0.5711288541555405,0.4,0.028871145844459534,0.0,0.0,2,64,35,0.546875,29.0,0.453125,0.546875,2
S20,EMATentSafe,0.7823452949523926,0.7823452949523926,0.8300612568855286,1,0.5217654705047607,0.4,0.07823452949523926,0.0,0.0,3,64,15,0.234375,49.0,0.765625,0.765625,2
S20,EMATentSafe,0.8990881443023682,0.8990881443023682,0.726373016834259,1,0.5100911855697632,0.4,0.08990881443023682,0.0,0.0,4,27,27,1.0,,,1.0,1
S20,EmaTentGridS40E50B10M085,0.8606293201446533,0.8606293201446533,0.8998771905899048,1,0.4139370679855347,0.5,0.08606293201446534,0.0,0.0,0,64,28,0.4375,36.0,0.5625,0.5625,2
S20,EmaTentGridS40E50B10M085,0.9277888536453247,0.9277888536453247,0.8061246275901794,1,0.40722111463546756,0.5,0.09277888536453248,0.0,0.0,1,64,13,0.203125,51.0,0.796875,0.796875,2
S20,EmaTentGridS40E50B10M085,0.3877338171005249,0.3877338171005249,0.9396916627883911,1,0.46122661828994754,0.5,0.03877338171005249,0.0,0.0,2,64,35,0.546875,29.0,0.453125,0.546875,2
S20,EmaTentGridS40E50B10M085,0.9850208163261414,0.9850208163261414,0.7523155808448792,1,0.4014979183673859,0.5,0.09850208163261415,0.0,0.0,3,64,15,0.234375,49.0,0.765625,0.765625,2
S20,EmaTentGridS40E50B10M085,0.9974150061607361,0.9974150061607361,0.7052825093269348,1,0.40025849938392644,0.5,0.09974150061607362,0.0,0.0,4,27,27,1.0,,,1.0,1
S20,EmaTentGridS30E50B20M085,0.8606293201446533,0.8606293201446533,0.8998771905899048,1,0.32787413597106935,0.5,0.17212586402893068,0.0,0.0,0,64,28,0.4375,36.0,0.5625,0.5625,2
S20,EmaTentGridS30E50B20M085,0.9089565873146057,0.9089565873146057,0.8154470920562744,1,0.31820868253707885,0.5,0.18179131746292115,0.0,0.0,1,64,13,0.203125,51.0,0.796875,0.796875,2
S20,EmaTentGridS30E50B20M085,0.35549840331077576,0.35549840331077576,0.9485723376274109,1,0.42890031933784484,0.5,0.07109968066215515,0.0,0.0,2,64,35,0.546875,29.0,0.453125,0.546875,2
S20,EmaTentGridS30E50B20M085,0.9682726263999939,0.9682726263999939,0.7635440826416016,1,0.30634547472000123,0.5,0.1936545252799988,0.0,0.0,3,64,15,0.234375,49.0,0.765625,0.765625,2
S20,EmaTentGridS30E50B20M085,0.9830095171928406,0.9830095171928406,0.6920374035835266,1,0.3033980965614319,0.5000000000000001,0.19660190343856815,0.0,0.0,4,27,27,1.0,,,1.0,1
S20,EmaTentGridS20E50B30M075,0.8606293201446533,0.8606293201446533,0.8998771905899048,1,0.24181120395660402,0.5,0.258188796043396,0.0,0.0,0,64,28,0.4375,36.0,0.5625,0.5625,2
S20,EmaTentGridS20E50B30M075,0.9836875200271606,0.9836875200271606,0.7859832048416138,1,0.2048937439918518,0.5,0.29510625600814816,0.0,0.0,1,64,13,0.203125,51.0,0.796875,0.796875,2
S20,EmaTentGridS20E50B30M075,0.3871300220489502,0.3871300220489502,0.9395744800567627,1,0.383860993385315,0.5,0.11613900661468506,0.0,0.0,2,64,35,0.546875,29.0,0.453125,0.546875,2
S20,EmaTentGridS20E50B30M075,0.9995906949043274,0.9995906949043274,0.723076343536377,1,0.2001227915287018,0.5,0.29987720847129823,0.0,0.0,3,64,15,0.234375,49.0,0.765625,0.765625,2
S20,EmaTentGridS20E50B30M075,0.9478026032447815,0.9478026032447815,0.7428929209709167,1,0.21565921902656557,0.5,0.28434078097343446,0.0,0.0,4,27,27,1.0,,,1.0,1
S20,EMATent,0.8606293201446533,0.8606293201446533,0.8998771905899048,1,0.24181120395660402,0.5,0.258188796043396,0.0,0.0,0,64,28,0.4375,36.0,0.5625,0.5625,2
S20,EMATent,0.9470159411430359,0.9470159411430359,0.7978097796440125,1,0.21589521765708924,0.5,0.28410478234291076,0.0,0.0,1,64,13,0.203125,51.0,0.796875,0.796875,2
S20,EMATent,0.3597964346408844,0.3597964346408844,0.9470077753067017,1,0.3920610696077347,0.5,0.10793893039226532,0.0,0.0,2,64,35,0.546875,29.0,0.453125,0.546875,2
S20,EMATent,0.9940611124038696,0.9940611124038696,0.7420542240142822,1,0.20178166627883912,0.5,0.29821833372116086,0.0,0.0,3,64,15,0.234375,49.0,0.765625,0.765625,2
S20,EMATent,0.9999992847442627,0.9999992847442627,0.6968688368797302,1,0.2000002145767212,0.5,0.2999997854232788,0.0,0.0,4,27,27,1.0,,,1.0,1
S20,EMATentAdaptive,0.8606293201446533,0.8606293201446533,0.8998771905899048,1,0.24181120395660402,0.5,0.258188796043396,0.0,0.0,0,64,28,0.4375,36.0,0.5625,0.5625,2
S20,EMATentAdaptive,0.8904147148132324,0.8904147148132324,0.8220260143280029,1,0.23287558555603027,0.5,0.2671244144439697,0.0,0.0,1,64,13,0.203125,51.0,0.796875,0.796875,2
S20,EMATentAdaptive,0.32478317618370056,0.32478317618370056,0.9563114643096924,1,0.40256504714488983,0.5,0.09743495285511017,0.0,0.0,2,64,35,0.546875,29.0,0.453125,0.546875,2
S20,EMATentAdaptive,0.9482232332229614,0.9482232332229614,0.775916337966919,1,0.21553303003311158,0.5,0.2844669699668884,0.0,0.0,3,64,15,0.234375,49.0,0.765625,0.765625,2
S20,EMATentAdaptive,0.9389112591743469,0.9389112591743469,0.7112714052200317,1,0.21832662224769595,0.5,0.28167337775230405,0.0,0.0,4,27,27,1.0,,,1.0,1
S20,EmaTentGridS20E50B30M090,0.8606293201446533,0.8606293201446533,0.8998771905899048,1,0.24181120395660402,0.5,0.258188796043396,0.0,0.0,0,64,28,0.4375,36.0,0.5625,0.5625,2
S20,EmaTentGridS20E50B30M090,0.8179212808609009,0.8179212808609009,0.8447578549385071,1,0.25462361574172976,0.5,0.24537638425827024,0.0,0.0,1,64,13,0.203125,51.0,0.796875,0.796875,2
S20,EmaTentGridS20E50B30M090,0.28366023302078247,0.28366023302078247,0.9660075902938843,1,0.4149019300937653,0.5,0.08509806990623474,0.0,0.0,2,64,35,0.546875,29.0,0.453125,0.546875,2
S20,EmaTentGridS20E50B30M090,0.8181353807449341,0.8181353807449341,0.8155643343925476,1,0.25455938577651976,0.5,0.2454406142234802,0.0,0.0,3,64,15,0.234375,49.0,0.765625,0.765625,2
S20,EmaTentGridS20E50B30M090,0.8890507221221924,0.8890507221221924,0.7236601114273071,1,0.2332847833633423,0.5,0.2667152166366577,0.0,0.0,4,27,27,1.0,,,1.0,1
S20,EmaTentGridS20E50B30M095,0.8606293201446533,0.8606293201446533,0.8998771905899048,1,0.24181120395660402,0.5,0.258188796043396,0.0,0.0,0,64,28,0.4375,36.0,0.5625,0.5625,2
S20,EmaTentGridS20E50B30M095,0.7348935008049011,0.7348935008049011,0.8673327565193176,1,0.2795319497585297,0.5,0.22046805024147034,0.0,0.0,1,64,13,0.203125,51.0,0.796875,0.796875,2
S20,EmaTentGridS20E50B30M095,0.23971857130527496,0.23971857130527496,0.9749828577041626,1,0.4280844286084175,0.5,0.07191557139158249,0.0,0.0,2,64,35,0.546875,29.0,0.453125,0.546875,2
S20,EmaTentGridS20E50B30M095,0.5820632576942444,0.5820632576942444,0.8984760046005249,1,0.3253810226917267,0.5,0.1746189773082733,0.0,0.0,3,64,15,0.234375,49.0,0.765625,0.765625,2
S20,EmaTentGridS20E50B30M095,0.9916235208511353,0.9916235208511353,0.7289465665817261,1,0.20251294374465945,0.5,0.29748705625534055,0.0,0.0,4,27,27,1.0,,,1.0,1
S20,EmaTentGridS10E50B40M085,0.8606293201446533,0.8606293201446533,0.8998771905899048,1,0.1557482719421387,0.5,0.34425172805786136,0.0,0.0,0,64,28,0.4375,36.0,0.5625,0.5625,2
S20,EmaTentGridS10E50B40M085,0.8688818216323853,0.8688818216323853,0.8273457288742065,1,0.15244727134704592,0.5,0.3475527286529541,0.0,0.0,1,64,13,0.203125,51.0,0.796875,0.796875,2
S20,EmaTentGridS10E50B40M085,0.29562848806381226,0.29562848806381226,0.9629946947097778,1,0.38174860477447514,0.5,0.11825139522552491,0.0,0.0,2,64,35,0.546875,29.0,0.453125,0.546875,2
S20,EmaTentGridS10E50B40M085,0.9249117970466614,0.9249117970466614,0.7856800556182861,1,0.13003528118133545,0.5,0.36996471881866455,0.0,0.0,3,64,15,0.234375,49.0,0.765625,0.765625,2
S20,EmaTentGridS10E50B40M085,0.9048904776573181,0.9048904776573181,0.7211073040962219,1,0.13804380893707277,0.5,0.36195619106292726,0.0,0.0,4,27,27,1.0,,,1.0,1
S21,EMATentSafe,0.8295489549636841,0.8295489549636841,0.7448351383209229,1,0.5170451045036316,0.4,0.08295489549636842,0.0,0.0,0,64,2,0.03125,62.0,0.96875,0.96875,2
S21,EMATentSafe,0.875752866268158,0.875752866268158,0.715373694896698,1,0.5124247133731842,0.4,0.0875752866268158,0.0,0.0,1,64,29,0.453125,35.0,0.546875,0.546875,2
S21,EMATentSafe,0.8490789532661438,0.8490789532661438,0.7268019914627075,1,0.5150921046733856,0.4,0.08490789532661439,0.0,0.0,2,64,38,0.59375,26.0,0.40625,0.59375,2
S21,EMATentSafe,0.9779543280601501,0.9779543280601501,0.6283506155014038,1,0.502204567193985,0.4,0.09779543280601502,0.0,0.0,3,64,40,0.625,24.0,0.375,0.625,2
S21,EMATentSafe,0.9025564193725586,0.9025564193725586,0.6832506656646729,1,0.5097443580627441,0.4,0.09025564193725587,0.0,0.0,4,32,23,0.71875,9.0,0.28125,0.71875,2
S21,EmaTentGridS40E50B10M085,0.8295466899871826,0.8295466899871826,0.7448365688323975,1,0.41704533100128177,0.5,0.08295466899871827,0.0,0.0,0,64,2,0.03125,62.0,0.96875,0.96875,2
S21,EmaTentGridS40E50B10M085,0.9153699278831482,0.9153699278831482,0.6838955879211426,1,0.4084630072116852,0.5,0.09153699278831483,0.0,0.0,1,64,29,0.453125,35.0,0.546875,0.546875,2
S21,EmaTentGridS40E50B10M085,0.9161137342453003,0.9161137342453003,0.6778888702392578,1,0.40838862657547,0.5,0.09161137342453003,0.0,0.0,2,64,38,0.59375,26.0,0.40625,0.59375,2
S21,EmaTentGridS40E50B10M085,0.9999951720237732,0.9999951720237732,0.5940424203872681,1,0.4000004827976227,0.5,0.09999951720237732,0.0,0.0,3,64,40,0.625,24.0,0.375,0.625,2
S21,EmaTentGridS40E50B10M085,0.974445104598999,0.974445104598999,0.6029031276702881,1,0.4025554895401001,0.5,0.09744451045989991,0.0,0.0,4,32,23,0.71875,9.0,0.28125,0.71875,2
S21,EmaTentGridS30E50B20M085,0.8295466899871826,0.8295466899871826,0.7448365688323975,1,0.3340906620025635,0.5,0.16590933799743654,0.0,0.0,0,64,2,0.03125,62.0,0.96875,0.96875,2
S21,EmaTentGridS30E50B20M085,0.9080002903938293,0.9080002903938293,0.6902178525924683,1,0.3183999419212341,0.5,0.1816000580787659,0.0,0.0,1,64,29,0.453125,35.0,0.546875,0.546875,2
S21,EmaTentGridS30E50B20M085,0.9034493565559387,0.9034493565559387,0.6877346038818359,1,0.31931012868881226,0.5,0.18068987131118774,0.0,0.0,2,64,38,0.59375,26.0,0.40625,0.59375,2
S21,EmaTentGridS30E50B20M085,0.9991825819015503,0.9991825819015503,0.5956380367279053,1,0.3001634836196899,0.5,0.19983651638031008,0.0,0.0,3,64,40,0.625,24.0,0.375,0.625,2
S21,EmaTentGridS30E50B20M085,0.9621737003326416,0.9621737003326416,0.6214193105697632,1,0.30756525993347167,0.5,0.19243474006652833,0.0,0.0,4,32,23,0.71875,9.0,0.28125,0.71875,2
S21,EmaTentGridS20E50B30M075,0.8295466899871826,0.8295466899871826,0.7448365688323975,1,0.2511359930038452,0.5,0.24886400699615477,0.0,0.0,0,64,2,0.03125,62.0,0.96875,0.96875,2
S21,EmaTentGridS20E50B30M075,0.9424201846122742,0.9424201846122742,0.6584776639938354,1,0.21727394461631777,0.5,0.28272605538368223,0.0,0.0,1,64,29,0.453125,35.0,0.546875,0.546875,2
S21,EmaTentGridS20E50B30M075,0.9470359086990356,0.9470359086990356,0.6510685682296753,1,0.21588922739028932,0.5,0.2841107726097107,0.0,0.0,2,64,38,0.59375,26.0,0.40625,0.59375,2
S21,EmaTentGridS20E50B30M075,0.995332658290863,0.995332658290863,0.5946192741394043,1,0.2014002025127411,0.5,0.2985997974872589,0.0,0.0,3,64,40,0.625,24.0,0.375,0.625,2
S21,EmaTentGridS20E50B30M075,0.9876032471656799,0.9876032471656799,0.5825047492980957,1,0.20371902585029603,0.5,0.29628097414970395,0.0,0.0,4,32,23,0.71875,9.0,0.28125,0.71875,2
S21,EMATent,0.8295466899871826,0.8295466899871826,0.7448365688323975,1,0.2511359930038452,0.5,0.24886400699615477,0.0,0.0,0,64,2,0.03125,62.0,0.96875,0.96875,2
S21,EMATent,0.9227832555770874,0.9227832555770874,0.6774663925170898,1,0.2231650233268738,0.5,0.27683497667312623,0.0,0.0,1,64,29,0.453125,35.0,0.546875,0.546875,2
S21,EMATent,0.9240015745162964,0.9240015745162964,0.6711828708648682,1,0.2227995276451111,0.5,0.2772004723548889,0.0,0.0,2,64,38,0.59375,26.0,0.40625,0.59375,2
S21,EMATent,0.9996209740638733,0.9996209740638733,0.5937983989715576,1,0.20011370778083803,0.5,0.29988629221916197,0.0,0.0,3,64,40,0.625,24.0,0.375,0.625,2
S21,EMATent,0.9767410755157471,0.9767410755157471,0.6000666618347168,1,0.2069776773452759,0.5,0.2930223226547241,0.0,0.0,4,32,23,0.71875,9.0,0.28125,0.71875,2
S21,EMATentAdaptive,0.8295466899871826,0.8295466899871826,0.7448365688323975,1,0.2511359930038452,0.5,0.24886400699615477,0.0,0.0,0,64,2,0.03125,62.0,0.96875,0.96875,2
S21,EMATentAdaptive,0.9007974863052368,0.9007974863052368,0.6961672306060791,1,0.22976075410842897,0.5,0.27023924589157106,0.0,0.0,1,64,29,0.453125,35.0,0.546875,0.546875,2
S21,EMATentAdaptive,0.8932306170463562,0.8932306170463562,0.6954269409179688,1,0.23203081488609315,0.5,0.2679691851139068,0.0,0.0,2,64,38,0.59375,26.0,0.40625,0.59375,2
S21,EMATentAdaptive,0.9978578090667725,0.9978578090667725,0.5989628434181213,1,0.20064265727996827,0.5,0.2993573427200317,0.0,0.0,3,64,40,0.625,24.0,0.375,0.625,2
S21,EMATentAdaptive,0.9550856947898865,0.9550856947898865,0.6308376789093018,1,0.21347429156303407,0.5,0.28652570843696595,0.0,0.0,4,32,23,0.71875,9.0,0.28125,0.71875,2
S21,EmaTentGridS20E50B30M090,0.8295466899871826,0.8295466899871826,0.7448365688323975,1,0.2511359930038452,0.5,0.24886400699615477,0.0,0.0,0,64,2,0.03125,62.0,0.96875,0.96875,2
S21,EmaTentGridS20E50B30M090,0.8770216703414917,0.8770216703414917,0.7145089507102966,1,0.2368934988975525,0.5,0.2631065011024475,0.0,0.0,1,64,29,0.453125,35.0,0.546875,0.546875,2
S21,EmaTentGridS20E50B30M090,0.8536326289176941,0.8536326289176941,0.7238286733627319,1,0.2439102113246918,0.5,0.25608978867530824,0.0,0.0,2,64,38,0.59375,26.0,0.40625,0.59375,2
S21,EmaTentGridS20E50B30M090,0.9819201231002808,0.9819201231002808,0.6238529682159424,1,0.20542396306991578,0.5,0.2945760369300842,0.0,0.0,3,64,40,0.625,24.0,0.375,0.625,2
S21,EmaTentGridS20E50B30M090,0.9113647937774658,0.9113647937774658,0.6757066249847412,1,0.22659056186676027,0.5,0.27340943813323976,0.0,0.0,4,32,23,0.71875,9.0,0.28125,0.71875,2
S21,EmaTentGridS20E50B30M095,0.8295466899871826,0.8295466899871826,0.7448365688323975,1,0.2511359930038452,0.5,0.24886400699615477,0.0,0.0,0,64,2,0.03125,62.0,0.96875,0.96875,2
S21,EmaTentGridS20E50B30M095,0.8524726033210754,0.8524726033210754,0.7320317029953003,1,0.2442582190036774,0.5,0.2557417809963226,0.0,0.0,1,64,29,0.453125,35.0,0.546875,0.546875,2
S21,EmaTentGridS20E50B30M095,0.8050684332847595,0.8050684332847595,0.7544469237327576,1,0.25847947001457217,0.5,0.24152052998542783,0.0,0.0,2,64,38,0.59375,26.0,0.40625,0.59375,2
S21,EmaTentGridS20E50B30M095,0.9395226240158081,0.9395226240158081,0.6734143495559692,1,0.21814321279525759,0.5,0.28185678720474244,0.0,0.0,3,64,40,0.625,24.0,0.375,0.625,2
S21,EmaTentGridS20E50B30M095,0.8287534117698669,0.8287534117698669,0.7386655211448669,1,0.2513739764690399,0.5,0.24862602353096008,0.0,0.0,4,32,23,0.71875,9.0,0.28125,0.71875,2
S21,EmaTentGridS10E50B40M085,0.8295466899871826,0.8295466899871826,0.7448365688323975,1,0.16818132400512698,0.5,0.3318186759948731,0.0,0.0,0,64,2,0.03125,62.0,0.96875,0.96875,2
S21,EmaTentGridS10E50B40M085,0.8974316120147705,0.8974316120147705,0.6992121338844299,1,0.14102735519409182,0.5,0.35897264480590824,0.0,0.0,1,64,29,0.453125,35.0,0.546875,0.546875,2
S21,EmaTentGridS10E50B40M085,0.8852792978286743,0.8852792978286743,0.701551616191864,1,0.14588828086853028,0.5,0.35411171913146977,0.0,0.0,2,64,38,0.59375,26.0,0.40625,0.59375,2
S21,EmaTentGridS10E50B40M085,0.9961625337600708,0.9961625337600708,0.6039294600486755,1,0.10153498649597169,0.5,0.39846501350402835,0.0,0.0,3,64,40,0.625,24.0,0.375,0.625,2
S21,EmaTentGridS10E50B40M085,0.9492520689964294,0.9492520689964294,0.6380506753921509,1,0.12029917240142823,0.5,0.3797008275985718,0.0,0.0,4,32,23,0.71875,9.0,0.28125,0.71875,2
S22,EMATentSafe,0.606846809387207,0.606846809387207,0.8516102433204651,1,0.5393153190612793,0.4,0.0606846809387207,0.0,0.0,0,64,26,0.40625,38.0,0.59375,0.59375,2
S22,EMATentSafe,0.9267221689224243,0.9267221689224243,0.6940332651138306,1,0.5073277831077576,0.4,0.09267221689224243,0.0,0.0,1,64,28,0.4375,36.0,0.5625,0.5625,2
S22,EMATentSafe,0.7511347532272339,0.7511347532272339,0.7967285513877869,1,0.5248865246772766,0.4,0.07511347532272339,0.0,0.0,2,64,42,0.65625,22.0,0.34375,0.65625,2
S22,EMATentSafe,0.9526357054710388,0.9526357054710388,0.6372392773628235,1,0.5047364294528961,0.4,0.09526357054710388,0.0,0.0,3,58,19,0.3275862068965517,39.0,0.6724137931034483,0.6724137931034483,2
S22,EmaTentGridS40E50B10M085,0.6068472862243652,0.6068472862243652,0.8516100645065308,1,0.4393152713775635,0.5,0.060684728622436526,0.0,0.0,0,64,26,0.40625,38.0,0.59375,0.59375,2
S22,EmaTentGridS40E50B10M085,0.9562746286392212,0.9562746286392212,0.6758672595024109,1,0.4043725371360779,0.5,0.09562746286392212,0.0,0.0,1,64,28,0.4375,36.0,0.5625,0.5625,2
S22,EmaTentGridS40E50B10M085,0.8034884929656982,0.8034884929656982,0.7723352909088135,1,0.4196511507034302,0.5,0.08034884929656982,0.0,0.0,2,64,42,0.65625,22.0,0.34375,0.65625,2
S22,EmaTentGridS40E50B10M085,0.9862440824508667,0.9862440824508667,0.6127332448959351,1,0.40137559175491333,0.5,0.09862440824508667,0.0,0.0,3,58,19,0.3275862068965517,39.0,0.6724137931034483,0.6724137931034483,2
S22,EmaTentGridS30E50B20M085,0.6068472862243652,0.6068472862243652,0.8516100645065308,1,0.378630542755127,0.5,0.12136945724487305,0.0,0.0,0,64,26,0.40625,38.0,0.59375,0.59375,2
S22,EmaTentGridS30E50B20M085,0.9528149366378784,0.9528149366378784,0.6778635382652283,1,0.3094370126724243,0.5,0.1905629873275757,0.0,0.0,1,64,28,0.4375,36.0,0.5625,0.5625,2
S22,EmaTentGridS30E50B20M085,0.7981553077697754,0.7981553077697754,0.7749912738800049,1,0.34036893844604493,0.5,0.1596310615539551,0.0,0.0,2,64,42,0.65625,22.0,0.34375,0.65625,2
S22,EmaTentGridS30E50B20M085,0.9819377660751343,0.9819377660751343,0.6130277514457703,1,0.3036124467849731,0.5,0.19638755321502688,0.0,0.0,3,58,19,0.3275862068965517,39.0,0.6724137931034483,0.6724137931034483,2
S22,EmaTentGridS20E50B30M075,0.6068472862243652,0.6068472862243652,0.8516100645065308,1,0.3179458141326904,0.5,0.18205418586730956,0.0,0.0,0,64,26,0.40625,38.0,0.59375,0.59375,2
S22,EmaTentGridS20E50B30M075,0.975941002368927,0.975941002368927,0.664790153503418,1,0.2072176992893219,0.5,0.29278230071067807,0.0,0.0,1,64,28,0.4375,36.0,0.5625,0.5625,2
S22,EmaTentGridS20E50B30M075,0.8337005972862244,0.8337005972862244,0.7564940452575684,1,0.2498898208141327,0.5,0.2501101791858673,0.0,0.0,2,64,42,0.65625,22.0,0.34375,0.65625,2
S22,EmaTentGridS20E50B30M075,0.9964903593063354,0.9964903593063354,0.6023920178413391,1,0.20105289220809938,0.5,0.29894710779190065,0.0,0.0,3,58,19,0.3275862068965517,39.0,0.6724137931034483,0.6724137931034483,2
S22,EMATent,0.6068472862243652,0.6068472862243652,0.8516100645065308,1,0.3179458141326904,0.5,0.18205418586730956,0.0,0.0,0,64,26,0.40625,38.0,0.59375,0.59375,2
S22,EMATent,0.964204728603363,0.964204728603363,0.6710325479507446,1,0.2107385814189911,0.5,0.2892614185810089,0.0,0.0,1,64,28,0.4375,36.0,0.5625,0.5625,2
S22,EMATent,0.8149207234382629,0.8149207234382629,0.7664997577667236,1,0.25552378296852113,0.5,0.24447621703147887,0.0,0.0,2,64,42,0.65625,22.0,0.34375,0.65625,2
S22,EMATent,0.9893826246261597,0.9893826246261597,0.6052674651145935,1,0.2031852126121521,0.5,0.2968147873878479,0.0,0.0,3,58,19,0.3275862068965517,39.0,0.6724137931034483,0.6724137931034483,2
S22,EMATentAdaptive,0.6068472862243652,0.6068472862243652,0.8516100645065308,1,0.3179458141326904,0.5,0.18205418586730956,0.0,0.0,0,64,26,0.40625,38.0,0.59375,0.59375,2
S22,EMATentAdaptive,0.9491413831710815,0.9491413831710815,0.6800096035003662,1,0.21525758504867554,0.5,0.28474241495132446,0.0,0.0,1,64,28,0.4375,36.0,0.5625,0.5625,2
S22,EMATentAdaptive,0.790148913860321,0.790148913860321,0.7790625095367432,1,0.2629553258419037,0.5,0.2370446741580963,0.0,0.0,2,64,42,0.65625,22.0,0.34375,0.65625,2
S22,EMATentAdaptive,0.976176381111145,0.976176381111145,0.6164851784706116,1,0.20714708566665652,0.5,0.2928529143333435,0.0,0.0,3,58,19,0.3275862068965517,39.0,0.6724137931034483,0.6724137931034483,2
S22,EmaTentGridS20E50B30M090,0.6068472862243652,0.6068472862243652,0.8516100645065308,1,0.3179458141326904,0.5,0.18205418586730956,0.0,0.0,0,64,26,0.40625,38.0,0.59375,0.59375,2
S22,EmaTentGridS20E50B30M090,0.9303085207939148,0.9303085207939148,0.6921980381011963,1,0.22090744376182558,0.5,0.2790925562381744,0.0,0.0,1,64,28,0.4375,36.0,0.5625,0.5625,2
S22,EmaTentGridS20E50B30M090,0.7575207948684692,0.7575207948684692,0.7939620614051819,1,0.27274376153945923,0.5,0.22725623846054077,0.0,0.0,2,64,42,0.65625,22.0,0.34375,0.65625,2
S22,EmaTentGridS20E50B30M090,0.9549536108970642,0.9549536108970642,0.6344900727272034,1,0.21351391673088074,0.5,0.28648608326911923,0.0,0.0,3,58,19,0.3275862068965517,39.0,0.6724137931034483,0.6724137931034483,2
S22,EmaTentGridS20E50B30M095,0.6068472862243652,0.6068472862243652,0.8516100645065308,1,0.3179458141326904,0.5,0.18205418586730956,0.0,0.0,0,64,26,0.40625,38.0,0.59375,0.59375,2
S22,EmaTentGridS20E50B30M095,0.9079820513725281,0.9079820513725281,0.7060432434082031,1,0.2276053845882416,0.5,0.2723946154117584,0.0,0.0,1,64,28,0.4375,36.0,0.5625,0.5625,2
S22,EmaTentGridS20E50B30M095,0.7174777984619141,0.7174777984619141,0.811285674571991,1,0.2847566604614258,0.5,0.21524333953857422,0.0,0.0,2,64,42,0.65625,22.0,0.34375,0.65625,2
S22,EmaTentGridS20E50B30M095,0.9197344183921814,0.9197344183921814,0.6672098636627197,1,0.2240796744823456,0.5,0.2759203255176544,0.0,0.0,3,58,19,0.3275862068965517,39.0,0.6724137931034483,0.6724137931034483,2
S22,EmaTentGridS10E50B40M085,0.6068472862243652,0.6068472862243652,0.8516100645065308,1,0.25726108551025395,0.5,0.2427389144897461,0.0,0.0,0,64,26,0.40625,38.0,0.59375,0.59375,2
S22,EmaTentGridS10E50B40M085,0.9452467560768127,0.9452467560768127,0.6826999187469482,1,0.12190129756927491,0.5,0.37809870243072513,0.0,0.0,1,64,28,0.4375,36.0,0.5625,0.5625,2
S22,EmaTentGridS10E50B40M085,0.779608428478241,0.779608428478241,0.7843764424324036,1,0.18815662860870364,0.5,0.3118433713912964,0.0,0.0,2,64,42,0.65625,22.0,0.34375,0.65625,2
S22,EmaTentGridS10E50B40M085,0.9688630700111389,0.9688630700111389,0.6226608157157898,1,0.11245477199554443,0.5,0.38754522800445557,0.0,0.0,3,58,19,0.3275862068965517,39.0,0.6724137931034483,0.6724137931034483,2
S23,EMATentSafe,0.7156577110290527,0.7156577110290527,0.808842122554779,1,0.5284342288970947,0.4,0.07156577110290528,0.0,0.0,0,64,58,0.90625,6.0,0.09375,0.90625,2
S23,EMATentSafe,0.9875668287277222,0.9875668287277222,0.626164436340332,1,0.5012433171272278,0.4,0.09875668287277223,0.0,0.0,1,64,37,0.578125,27.0,0.421875,0.578125,2
S23,EMATentSafe,0.9472324848175049,0.9472324848175049,0.6751382946968079,1,0.5052767515182495,0.4,0.0947232484817505,0.0,0.0,2,64,43,0.671875,21.0,0.328125,0.671875,2
S23,EMATentSafe,0.9617388248443604,0.9617388248443604,0.6732001304626465,1,0.5038261175155639,0.4,0.09617388248443604,0.0,0.0,3,51,21,0.4117647058823529,30.0,0.5882352941176471,0.5882352941176471,2
S23,EmaTentGridS40E50B10M085,0.7156593799591064,0.7156593799591064,0.8088412284851074,1,0.4284340620040894,0.5,0.07156593799591064,0.0,0.0,0,64,58,0.90625,6.0,0.09375,0.90625,2
S23,EmaTentGridS40E50B10M085,0.9983952045440674,0.9983952045440674,0.6075006723403931,1,0.4001604795455933,0.5,0.09983952045440675,0.0,0.0,1,64,37,0.578125,27.0,0.421875,0.578125,2
S23,EmaTentGridS40E50B10M085,0.9654650092124939,0.9654650092124939,0.6435528993606567,1,0.4034534990787506,0.5,0.09654650092124939,0.0,0.0,2,64,43,0.671875,21.0,0.328125,0.671875,2
S23,EmaTentGridS40E50B10M085,0.9777241945266724,0.9777241945266724,0.6455099582672119,1,0.40222758054733276,0.5,0.09777241945266724,0.0,0.0,3,51,21,0.4117647058823529,30.0,0.5882352941176471,0.5882352941176471,2
S23,EmaTentGridS30E50B20M085,0.7156593799591064,0.7156593799591064,0.8088412284851074,1,0.3568681240081787,0.5,0.14313187599182128,0.0,0.0,0,64,58,0.90625,6.0,0.09375,0.90625,2
S23,EmaTentGridS30E50B20M085,0.9967474937438965,0.9967474937438965,0.6100159287452698,1,0.3006505012512207,0.5000000000000001,0.19934949874877933,0.0,0.0,1,64,37,0.578125,27.0,0.421875,0.578125,2
S23,EmaTentGridS30E50B20M085,0.960838258266449,0.960838258266449,0.6510664224624634,1,0.3078323483467102,0.5,0.1921676516532898,0.0,0.0,2,64,43,0.671875,21.0,0.328125,0.671875,2
S23,EmaTentGridS30E50B20M085,0.977358341217041,0.977358341217041,0.6519823670387268,1,0.3045283317565918,0.5,0.19547166824340823,0.0,0.0,3,51,21,0.4117647058823529,30.0,0.5882352941176471,0.5882352941176471,2
S23,EmaTentGridS20E50B30M075,0.7156593799591064,0.7156593799591064,0.8088412284851074,1,0.2853021860122681,0.5,0.21469781398773194,0.0,0.0,0,64,58,0.90625,6.0,0.09375,0.90625,2
S23,EmaTentGridS20E50B30M075,0.9996928572654724,0.9996928572654724,0.5976547598838806,1,0.20009214282035828,0.5,0.2999078571796417,0.0,0.0,1,64,37,0.578125,27.0,0.421875,0.578125,2
S23,EmaTentGridS20E50B30M075,0.9652281999588013,0.9652281999588013,0.6365394592285156,1,0.21043154001235964,0.5,0.28956845998764036,0.0,0.0,2,64,43,0.671875,21.0,0.328125,0.671875,2
S23,EmaTentGridS20E50B30M075,0.991289496421814,0.991289496421814,0.6318451762199402,1,0.20261315107345582,0.5,0.29738684892654416,0.0,0.0,3,51,21,0.4117647058823529,30.0,0.5882352941176471,0.5882352941176471,2
S23,EMATent,0.7156593799591064,0.7156593799591064,0.8088412284851074,1,0.2853021860122681,0.5,0.21469781398773194,0.0,0.0,0,64,58,0.90625,6.0,0.09375,0.90625,2
S23,EMATent,0.9984678030014038,0.9984678030014038,0.6044759154319763,1,0.20045965909957886,0.5,0.29954034090042114,0.0,0.0,1,64,37,0.578125,27.0,0.421875,0.578125,2
S23,EMATent,0.9637835621833801,0.9637835621833801,0.6443030834197998,1,0.21086493134498596,0.5,0.28913506865501404,0.0,0.0,2,64,43,0.671875,21.0,0.328125,0.671875,2
S23,EMATent,0.9848273396492004,0.9848273396492004,0.6452932953834534,1,0.20455179810523988,0.5,0.2954482018947601,0.0,0.0,3,51,21,0.4117647058823529,30.0,0.5882352941176471,0.5882352941176471,2
S23,EMATentAdaptive,0.7156593799591064,0.7156593799591064,0.8088412284851074,1,0.2853021860122681,0.5,0.21469781398773194,0.0,0.0,0,64,58,0.90625,6.0,0.09375,0.90625,2
S23,EMATentAdaptive,0.9950265288352966,0.9950265288352966,0.612845242023468,1,0.201492041349411,0.5,0.298507958650589,0.0,0.0,1,64,37,0.578125,27.0,0.421875,0.578125,2
S23,EMATentAdaptive,0.9584640264511108,0.9584640264511108,0.6565508842468262,1,0.21246079206466675,0.5,0.2875392079353332,0.0,0.0,2,64,43,0.671875,21.0,0.328125,0.671875,2
S23,EMATentAdaptive,0.9761226177215576,0.9761226177215576,0.6587703227996826,1,0.20716321468353271,0.5,0.2928367853164673,0.0,0.0,3,51,21,0.4117647058823529,30.0,0.5882352941176471,0.5882352941176471,2
S23,EmaTentGridS20E50B30M090,0.7156593799591064,0.7156593799591064,0.8088412284851074,1,0.2853021860122681,0.5,0.21469781398773194,0.0,0.0,0,64,58,0.90625,6.0,0.09375,0.90625,2
S23,EmaTentGridS20E50B30M090,0.987773060798645,0.987773060798645,0.6257162690162659,1,0.20366808176040652,0.5,0.2963319182395935,0.0,0.0,1,64,37,0.578125,27.0,0.421875,0.578125,2
S23,EmaTentGridS20E50B30M090,0.947502613067627,0.947502613067627,0.6749632358551025,1,0.21574921607971193,0.5,0.2842507839202881,0.0,0.0,2,64,43,0.671875,21.0,0.328125,0.671875,2
S23,EmaTentGridS20E50B30M090,0.9667362570762634,0.9667362570762634,0.672591507434845,1,0.20997912287712098,0.5,0.290020877122879,0.0,0.0,3,51,21,0.4117647058823529,30.0,0.5882352941176471,0.5882352941176471,2
S23,EmaTentGridS20E50B30M095,0.7156593799591064,0.7156593799591064,0.8088412284851074,1,0.2853021860122681,0.5,0.21469781398773194,0.0,0.0,0,64,58,0.90625,6.0,0.09375,0.90625,2
S23,EmaTentGridS20E50B30M095,0.9753165245056152,0.9753165245056152,0.6417210698127747,1,0.20740504264831544,0.5,0.29259495735168456,0.0,0.0,1,64,37,0.578125,27.0,0.421875,0.578125,2
S23,EmaTentGridS20E50B30M095,0.9279024600982666,0.9279024600982666,0.6978446245193481,1,0.22162926197052002,0.5,0.27837073802948,0.0,0.0,2,64,43,0.671875,21.0,0.328125,0.671875,2
S23,EmaTentGridS20E50B30M095,0.9624047875404358,0.9624047875404358,0.6816425919532776,1,0.21127856373786927,0.5,0.2887214362621307,0.0,0.0,3,51,21,0.4117647058823529,30.0,0.5882352941176471,0.5882352941176471,2
S23,EmaTentGridS10E50B40M085,0.7156593799591064,0.7156593799591064,0.8088412284851074,1,0.21373624801635743,0.5,0.28626375198364257,0.0,0.0,0,64,58,0.90625,6.0,0.09375,0.90625,2
S23,EmaTentGridS10E50B40M085,0.9934495091438293,0.9934495091438293,0.6161526441574097,1,0.10262019634246827,0.5,0.3973798036575318,0.0,0.0,1,64,37,0.578125,27.0,0.421875,0.578125,2
S23,EmaTentGridS10E50B40M085,0.9575077891349792,0.9575077891349792,0.6601983904838562,1,0.1169968843460083,0.5,0.3830031156539917,0.0,0.0,2,64,43,0.671875,21.0,0.328125,0.671875,2
S23,EmaTentGridS10E50B40M085,0.9746568202972412,0.9746568202972412,0.6648626923561096,1,0.11013727188110352,0.5,0.3898627281188965,0.0,0.0,3,51,21,0.4117647058823529,30.0,0.5882352941176471,0.5882352941176471,2
S24,EMATentSafe,0.9983936548233032,0.9983936548233032,0.591850221157074,1,0.5001606345176697,0.4,0.09983936548233033,0.0,0.0,0,64,24,0.375,40.0,0.625,0.625,2
S24,EMATentSafe,0.9862999320030212,0.9862999320030212,0.6923948526382446,1,0.5013700067996979,0.4,0.09862999320030214,0.0,0.0,1,64,27,0.421875,37.0,0.578125,0.578125,2
S24,EMATentSafe,0.7840372323989868,0.7840372323989868,0.7719576358795166,1,0.5215962767601013,0.4,0.07840372323989869,0.0,0.0,2,64,46,0.71875,18.0,0.28125,0.71875,2
S24,EMATentSafe,0.9764565825462341,0.9764565825462341,0.7094910740852356,1,0.5023543417453766,0.4,0.09764565825462342,0.0,0.0,3,5,5,1.0,,,1.0,1
S24,EmaTentGridS40E50B10M085,0.9983936548233032,0.9983936548233032,0.5918505191802979,1,0.4001606345176697,0.5,0.09983936548233033,0.0,0.0,0,64,24,0.375,40.0,0.625,0.625,2
S24,EmaTentGridS40E50B10M085,0.9724002480506897,0.9724002480506897,0.6950976848602295,1,0.40275997519493106,0.5,0.09724002480506898,0.0,0.0,1,64,27,0.421875,37.0,0.578125,0.578125,2
S24,EmaTentGridS40E50B10M085,0.7527093887329102,0.7527093887329102,0.7861449718475342,1,0.424729061126709,0.5,0.07527093887329102,0.0,0.0,2,64,46,0.71875,18.0,0.28125,0.71875,2
S24,EmaTentGridS40E50B10M085,0.9345697164535522,0.9345697164535522,0.745473325252533,1,0.4065430283546448,0.5,0.09345697164535523,0.0,0.0,3,5,5,1.0,,,1.0,1
S24,EmaTentGridS30E50B20M085,0.9983936548233032,0.9983936548233032,0.5918505191802979,1,0.30032126903533934,0.5,0.19967873096466066,0.0,0.0,0,64,24,0.375,40.0,0.625,0.625,2
S24,EmaTentGridS30E50B20M085,0.976422131061554,0.976422131061554,0.6948508024215698,1,0.3047155737876892,0.5,0.1952844262123108,0.0,0.0,1,64,27,0.421875,37.0,0.578125,0.578125,2
S24,EmaTentGridS30E50B20M085,0.7610185742378235,0.7610185742378235,0.7821989059448242,1,0.3477962851524353,0.5,0.1522037148475647,0.0,0.0,2,64,46,0.71875,18.0,0.28125,0.71875,2
S24,EmaTentGridS30E50B20M085,0.9521002769470215,0.9521002769470215,0.7346688508987427,1,0.3095799446105957,0.5,0.19042005538940432,0.0,0.0,3,5,5,1.0,,,1.0,1
S24,EmaTentGridS20E50B30M075,0.9983936548233032,0.9983936548233032,0.5918505191802979,1,0.20048190355300904,0.5,0.29951809644699096,0.0,0.0,0,64,24,0.375,40.0,0.625,0.625,2
S24,EmaTentGridS20E50B30M075,0.9609807729721069,0.9609807729721069,0.6999348402023315,1,0.21170576810836794,0.5,0.28829423189163206,0.0,0.0,1,64,27,0.421875,37.0,0.578125,0.578125,2
S24,EmaTentGridS20E50B30M075,0.7745887041091919,0.7745887041091919,0.7758890390396118,1,0.26762338876724245,0.5,0.23237661123275755,0.0,0.0,2,64,46,0.71875,18.0,0.28125,0.71875,2
S24,EmaTentGridS20E50B30M075,0.9352846741676331,0.9352846741676331,0.7379106879234314,1,0.2194145977497101,0.5,0.2805854022502899,0.0,0.0,3,5,5,1.0,,,1.0,1
S24,EMATent,0.9983936548233032,0.9983936548233032,0.5918505191802979,1,0.20048190355300904,0.5,0.29951809644699096,0.0,0.0,0,64,24,0.375,40.0,0.625,0.625,2
S24,EMATent,0.9709426760673523,0.9709426760673523,0.6971806287765503,1,0.2087171971797943,0.5,0.2912828028202057,0.0,0.0,1,64,27,0.421875,37.0,0.578125,0.578125,2
S24,EMATent,0.7630153298377991,0.7630153298377991,0.7811771631240845,1,0.27109540104866026,0.5,0.22890459895133972,0.0,0.0,2,64,46,0.71875,18.0,0.28125,0.71875,2
S24,EMATent,0.9480184316635132,0.9480184316635132,0.7358508110046387,1,0.21559447050094604,0.5,0.28440552949905396,0.0,0.0,3,5,5,1.0,,,1.0,1
S24,EMATentAdaptive,0.9983936548233032,0.9983936548233032,0.5918505191802979,1,0.20048190355300904,0.5,0.29951809644699096,0.0,0.0,0,64,24,0.375,40.0,0.625,0.625,2
S24,EMATentAdaptive,0.9795705080032349,0.9795705080032349,0.6945021152496338,1,0.20612884759902955,0.5,0.29387115240097045,0.0,0.0,1,64,27,0.421875,37.0,0.578125,0.578125,2
S24,EMATentAdaptive,0.7676166892051697,0.7676166892051697,0.7790912389755249,1,0.2697149932384491,0.5,0.2302850067615509,0.0,0.0,2,64,46,0.71875,18.0,0.28125,0.71875,2
S24,EMATentAdaptive,0.9643981456756592,0.9643981456756592,0.7264565825462341,1,0.21068055629730226,0.5,0.28931944370269774,0.0,0.0,3,5,5,1.0,,,1.0,1
S24,EmaTentGridS20E50B30M090,0.9983936548233032,0.9983936548233032,0.5918505191802979,1,0.20048190355300904,0.5,0.29951809644699096,0.0,0.0,0,64,24,0.375,40.0,0.625,0.625,2
S24,EmaTentGridS20E50B30M090,0.986749529838562,0.986749529838562,0.6934402585029602,1,0.2039751410484314,0.5,0.2960248589515686,0.0,0.0,1,64,27,0.421875,37.0,0.578125,0.578125,2
S24,EmaTentGridS20E50B30M090,0.788500189781189,0.788500189781189,0.7702919244766235,1,0.2634499430656433,0.5,0.23655005693435668,0.0,0.0,2,64,46,0.71875,18.0,0.28125,0.71875,2
S24,EmaTentGridS20E50B30M090,0.9810238480567932,0.9810238480567932,0.7058640122413635,1,0.20569284558296205,0.5,0.294307154417038,0.0,0.0,3,5,5,1.0,,,1.0,1
S24,EmaTentGridS20E50B30M095,0.9983936548233032,0.9983936548233032,0.5918505191802979,1,0.20048190355300904,0.5,0.29951809644699096,0.0,0.0,0,64,24,0.375,40.0,0.625,0.625,2
S24,EmaTentGridS20E50B30M095,0.9923859238624573,0.9923859238624573,0.6926833391189575,1,0.20228422284126282,0.5,0.29771577715873715,0.0,0.0,1,64,27,0.421875,37.0,0.578125,0.578125,2
S24,EmaTentGridS20E50B30M095,0.8234893679618835,0.8234893679618835,0.754012942314148,1,0.2529531896114349,0.5,0.24704681038856505,0.0,0.0,2,64,46,0.71875,18.0,0.28125,0.71875,2
S24,EmaTentGridS20E50B30M095,0.995050311088562,0.995050311088562,0.6877994537353516,1,0.2014849066734314,0.5,0.2985150933265686,0.0,0.0,3,5,5,1.0,,,1.0,1
S24,EmaTentGridS10E50B40M085,0.9983936548233032,0.9983936548233032,0.5918505191802979,1,0.10064253807067872,0.5,0.3993574619293213,0.0,0.0,0,64,24,0.375,40.0,0.625,0.625,2
S24,EmaTentGridS10E50B40M085,0.9820830225944519,0.9820830225944519,0.6947726011276245,1,0.10716679096221925,0.5,0.3928332090377808,0.0,0.0,1,64,27,0.421875,37.0,0.578125,0.578125,2
S24,EmaTentGridS10E50B40M085,0.7713056206703186,0.7713056206703186,0.7776568531990051,1,0.19147775173187256,0.5,0.30852224826812746,0.0,0.0,2,64,46,0.71875,18.0,0.28125,0.71875,2
S24,EmaTentGridS10E50B40M085,0.9719114303588867,0.9719114303588867,0.7209445238113403,1,0.11123542785644532,0.5,0.3887645721435547,0.0,0.0,3,5,5,1.0,,,1.0,1
S25,EMATentSafe,0.45315107703208923,0.45315107703208923,0.904935896396637,1,0.5546848922967911,0.4,0.04531510770320893,0.0,0.0,0,64,28,0.4375,36.0,0.5625,0.5625,2
S25,EMATentSafe,0.6109269857406616,0.6109269857406616,0.8510205149650574,1,0.5389073014259338,0.4,0.061092698574066163,0.0,0.0,1,64,32,0.5,32.0,0.5,0.5,2
S25,EMATentSafe,0.4607115387916565,0.4607115387916565,0.902596116065979,1,0.5539288461208344,0.4,0.046071153879165654,0.0,0.0,2,64,15,0.234375,49.0,0.765625,0.765625,2
S25,EMATentSafe,0.7307272553443909,0.7307272553443909,0.8171197772026062,1,0.5269272744655609,0.4,0.0730727255344391,0.0,0.0,3,53,33,0.6226415094339622,20.0,0.37735849056603776,0.6226415094339622,2
S25,EmaTentGridS40E50B10M085,0.4531514048576355,0.4531514048576355,0.9049357175827026,1,0.4546848595142365,0.5,0.04531514048576355,0.0,0.0,0,64,28,0.4375,36.0,0.5625,0.5625,2
S25,EmaTentGridS40E50B10M085,0.5813065767288208,0.5813065767288208,0.8611167669296265,1,0.44186934232711794,0.5,0.058130657672882086,0.0,0.0,1,64,32,0.5,32.0,0.5,0.5,2
S25,EmaTentGridS40E50B10M085,0.511317253112793,0.511317253112793,0.8861849308013916,1,0.4488682746887207,0.5,0.0511317253112793,0.0,0.0,2,64,15,0.234375,49.0,0.765625,0.765625,2
S25,EmaTentGridS40E50B10M085,0.6771903038024902,0.6771903038024902,0.8349431753158569,1,0.432280969619751,0.5,0.06771903038024903,0.0,0.0,3,53,33,0.6226415094339622,20.0,0.37735849056603776,0.6226415094339622,2
S25,EmaTentGridS30E50B20M085,0.4531514048576355,0.4531514048576355,0.9049357175827026,1,0.4093697190284729,0.5,0.0906302809715271,0.0,0.0,0,64,28,0.4375,36.0,0.5625,0.5625,2
S25,EmaTentGridS30E50B20M085,0.5822057127952576,0.5822057127952576,0.8607748746871948,1,0.3835588574409485,0.5,0.11644114255905152,0.0,0.0,1,64,32,0.5,32.0,0.5,0.5,2
S25,EmaTentGridS30E50B20M085,0.5084512233734131,0.5084512233734131,0.8871505856513977,1,0.39830975532531737,0.5,0.10169024467468263,0.0,0.0,2,64,15,0.234375,49.0,0.765625,0.765625,2
S25,EmaTentGridS30E50B20M085,0.684578001499176,0.684578001499176,0.8330219388008118,1,0.3630843997001648,0.5,0.1369156002998352,0.0,0.0,3,53,33,0.6226415094339622,20.0,0.37735849056603776,0.6226415094339622,2
S25,EmaTentGridS20E50B30M075,0.4531514048576355,0.4531514048576355,0.9049357175827026,1,0.3640545785427094,0.5,0.13594542145729063,0.0,0.0,0,64,28,0.4375,36.0,0.5625,0.5625,2
S25,EmaTentGridS20E50B30M075,0.5337926745414734,0.5337926745414734,0.8784525394439697,1,0.339862197637558,0.5,0.16013780236244202,0.0,0.0,1,64,32,0.5,32.0,0.5,0.5,2
S25,EmaTentGridS20E50B30M075,0.5849385261535645,0.5849385261535645,0.8597326278686523,1,0.32451844215393066,0.5,0.17548155784606934,0.0,0.0,2,64,15,0.234375,49.0,0.765625,0.765625,2
S25,EmaTentGridS20E50B30M075,0.6339461207389832,0.6339461207389832,0.8488637208938599,1,0.30981616377830506,0.5,0.19018383622169494,0.0,0.0,3,53,33,0.6226415094339622,20.0,0.37735849056603776,0.6226415094339622,2
S25,EMATent,0.4531514048576355,0.4531514048576355,0.9049357175827026,1,0.3640545785427094,0.5,0.13594542145729063,0.0,0.0,0,64,28,0.4375,36.0,0.5625,0.5625,2
S25,EMATent,0.5589725971221924,0.5589725971221924,0.8694398403167725,1,0.33230822086334233,0.5,0.1676917791366577,0.0,0.0,1,64,32,0.5,32.0,0.5,0.5,2
S25,EMATent,0.5426616668701172,0.5426616668701172,0.8753212690353394,1,0.33720149993896487,0.5,0.16279850006103516,0.0,0.0,2,64,15,0.234375,49.0,0.765625,0.765625,2
S25,EMATent,0.6601812839508057,0.6601812839508057,0.840165376663208,1,0.3019456148147583,0.5,0.19805438518524168,0.0,0.0,3,53,33,0.6226415094339622,20.0,0.37735849056603776,0.6226415094339622,2
S25,EMATentAdaptive,0.4531514048576355,0.4531514048576355,0.9049357175827026,1,0.3640545785427094,0.5,0.13594542145729063,0.0,0.0,0,64,28,0.4375,36.0,0.5625,0.5625,2
S25,EMATentAdaptive,0.5832497477531433,0.5832497477531433,0.860377311706543,1,0.32502507567405703,0.5,0.174974924325943,0.0,0.0,1,64,32,0.5,32.0,0.5,0.5,2
S25,EMATentAdaptive,0.504298210144043,0.504298210144043,0.8885419368743896,1,0.3487105369567871,0.5,0.1512894630432129,0.0,0.0,2,64,15,0.234375,49.0,0.765625,0.765625,2
S25,EMATentAdaptive,0.6902070641517639,0.6902070641517639,0.8316816091537476,1,0.2929378807544708,0.5,0.20706211924552917,0.0,0.0,3,53,33,0.6226415094339622,20.0,0.37735849056603776,0.6226415094339622,2
S25,EmaTentGridS20E50B30M090,0.4531514048576355,0.4531514048576355,0.9049357175827026,1,0.3640545785427094,0.5,0.13594542145729063,0.0,0.0,0,64,28,0.4375,36.0,0.5625,0.5625,2
S25,EmaTentGridS20E50B30M090,0.6040924787521362,0.6040924787521362,0.8532495498657227,1,0.31877225637435913,0.5,0.18122774362564087,0.0,0.0,1,64,32,0.5,32.0,0.5,0.5,2
S25,EmaTentGridS20E50B30M090,0.4708685874938965,0.4708685874938965,0.899408221244812,1,0.3587394237518311,0.5,0.14126057624816893,0.0,0.0,2,64,15,0.234375,49.0,0.765625,0.765625,2
S25,EmaTentGridS20E50B30M090,0.7225785851478577,0.7225785851478577,0.8205603361129761,1,0.2832264244556427,0.5,0.2167735755443573,0.0,0.0,3,53,33,0.6226415094339622,20.0,0.37735849056603776,0.6226415094339622,2
S25,EmaTentGridS20E50B30M095,0.4531514048576355,0.4531514048576355,0.9049357175827026,1,0.3640545785427094,0.5,0.13594542145729063,0.0,0.0,0,64,28,0.4375,36.0,0.5625,0.5625,2
S25,EmaTentGridS20E50B30M095,0.6213629245758057,0.6213629245758057,0.8476637005805969,1,0.3135911226272583,0.5,0.1864088773727417,0.0,0.0,1,64,32,0.5,32.0,0.5,0.5,2
S25,EmaTentGridS20E50B30M095,0.44313496351242065,0.44313496351242065,0.9079926609992981,1,0.3670595109462738,0.5,0.13294048905372619,0.0,0.0,2,64,15,0.234375,49.0,0.765625,0.765625,2
S25,EmaTentGridS20E50B30M095,0.7527242302894592,0.7527242302894592,0.8077039122581482,1,0.27418273091316225,0.5,0.22581726908683775,0.0,0.0,3,53,33,0.6226415094339622,20.0,0.37735849056603776,0.6226415094339622,2
S25,EmaTentGridS10E50B40M085,0.4531514048576355,0.4531514048576355,0.9049357175827026,1,0.3187394380569458,0.5,0.1812605619430542,0.0,0.0,0,64,28,0.4375,36.0,0.5625,0.5625,2
S25,EmaTentGridS10E50B40M085,0.5838907361030579,0.5838907361030579,0.8601328730583191,1,0.26644370555877683,0.5,0.23355629444122317,0.0,0.0,1,64,32,0.5,32.0,0.5,0.5,2
S25,EmaTentGridS10E50B40M085,0.49883055686950684,0.49883055686950684,0.8903595209121704,1,0.3004677772521973,0.5,0.19953222274780275,0.0,0.0,2,64,15,0.234375,49.0,0.765625,0.765625,2
S25,EmaTentGridS10E50B40M085,0.6936391592025757,0.6936391592025757,0.8310063481330872,1,0.22254433631896975,0.5,0.2774556636810303,0.0,0.0,3,53,33,0.6226415094339622,20.0,0.37735849056603776,0.6226415094339622,2
S26,EMATentSafe,0.06087321788072586,0.06087321788072586,0.9929018020629883,0,0.5939126782119274,0.4,0.006087321788072586,0.0,0.0,0,64,19,0.296875,45.0,0.703125,0.703125,2
S26,EMATentSafe,0.006963543128222227,0.006963543128222227,0.9994300603866577,0,0.5993036456871778,0.4,0.0006963543128222227,0.0,0.0,1,64,53,0.828125,11.0,0.171875,0.828125,2
S26,EMATentSafe,0.01659456081688404,0.01659456081688404,0.9984614849090576,0,0.5983405439183116,0.4,0.0016594560816884042,0.0,0.0,2,64,35,0.546875,29.0,0.453125,0.546875,2
S26,EMATentSafe,0.02958507649600506,0.02958507649600506,0.9969855546951294,0,0.5970414923503995,0.4,0.002958507649600506,0.0,0.0,3,64,64,1.0,,,1.0,1
S26,EMATentSafe,0.1660253256559372,0.1660253256559372,0.9754971861839294,0,0.5833974674344062,0.4,0.01660253256559372,0.0,0.0,4,47,9,0.19148936170212766,38.0,0.8085106382978723,0.8085106382978723,2
S26,EmaTentGridS40E50B10M085,0.06087273359298706,0.06087273359298706,0.9929019212722778,0,0.4939127266407013,0.5,0.006087273359298706,0.0,0.0,0,64,19,0.296875,45.0,0.703125,0.703125,2
S26,EmaTentGridS40E50B10M085,0.014192081056535244,0.014192081056535244,0.9987151622772217,0,0.4985807918943465,0.5,0.0014192081056535245,0.0,0.0,1,64,53,0.828125,11.0,0.171875,0.828125,2
S26,EmaTentGridS40E50B10M085,0.06758756190538406,0.06758756190538406,0.9919473528862,0,0.4932412438094616,0.5,0.0067587561905384065,0.0,0.0,2,64,35,0.546875,29.0,0.453125,0.546875,2
S26,EmaTentGridS40E50B10M085,0.17187771201133728,0.17187771201133728,0.9743893146514893,0,0.4828122287988663,0.5,0.01718777120113373,0.0,0.0,3,64,64,1.0,,,1.0,1
S26,EmaTentGridS40E50B10M085,0.7807251214981079,0.7807251214981079,0.8406354188919067,1,0.42192748785018924,0.5,0.0780725121498108,0.0,0.0,4,47,9,0.19148936170212766,38.0,0.8085106382978723,0.8085106382978723,2
S26,EmaTentGridS30E50B20M085,0.06087273359298706,0.06087273359298706,0.9929019212722778,0,0.4878254532814026,0.5,0.012174546718597412,0.0,0.0,0,64,19,0.296875,45.0,0.703125,0.703125,2
S26,EmaTentGridS30E50B20M085,0.014033901505172253,0.014033901505172253,0.9987316131591797,0,0.49719321969896557,0.5,0.002806780301034451,0.0,0.0,1,64,53,0.828125,11.0,0.171875,0.828125,2
S26,EmaTentGridS30E50B20M085,0.06677691638469696,0.06677691638469696,0.9920638799667358,0,0.4866446167230606,0.5,0.013355383276939393,0.0,0.0,2,64,35,0.546875,29.0,0.453125,0.546875,2
S26,EmaTentGridS30E50B20M085,0.16780200600624084,0.16780200600624084,0.9751623868942261,0,0.46643959879875185,0.5,0.03356040120124817,0.0,0.0,3,64,64,1.0,,,1.0,1
S26,EmaTentGridS30E50B20M085,0.7662127017974854,0.7662127017974854,0.8419684171676636,1,0.3467574596405029,0.5,0.15324254035949708,0.0,0.0,4,47,9,0.19148936170212766,38.0,0.8085106382978723,0.8085106382978723,2
S26,EmaTentGridS20E50B30M075,0.06087273359298706,0.06087273359298706,0.9929019212722778,0,0.4817381799221039,0.5,0.018261820077896118,0.0,0.0,0,64,19,0.296875,45.0,0.703125,0.703125,2
S26,EmaTentGridS20E50B30M075,0.035247474908828735,0.035247474908828735,0.9962962865829468,0,0.4894257575273514,0.5,0.010574242472648621,0.0,0.0,1,64,53,0.828125,11.0,0.171875,0.828125,2
S26,EmaTentGridS20E50B30M075,0.285906583070755,0.285906583070755,0.9501153826713562,1,0.41422802507877354,0.5,0.0857719749212265,0.0,0.0,2,64,35,0.546875,29.0,0.453125,0.546875,2
S26,EmaTentGridS20E50B30M075,0.48686376214027405,0.48686376214027405,0.9148619174957275,1,0.3539408713579178,0.5,0.1460591286420822,0.0,0.0,3,64,64,1.0,,,1.0,1
S26,EmaTentGridS20E50B30M075,0.9606612920761108,0.9606612920761108,0.7916650772094727,1,0.21180161237716677,0.5,0.28819838762283323,0.0,0.0,4,47,9,0.19148936170212766,38.0,0.8085106382978723,0.8085106382978723,2
S26,EMATent,0.06087273359298706,0.06087273359298706,0.9929019212722778,0,0.4817381799221039,0.5,0.018261820077896118,0.0,0.0,0,64,19,0.296875,45.0,0.703125,0.703125,2
S26,EMATent,0.02225732058286667,0.02225732058286667,0.9978379607200623,0,0.49332280382514,0.5,0.0066771961748600004,0.0,0.0,1,64,53,0.828125,11.0,0.171875,0.828125,2
S26,EMATent,0.1467585414648056,0.1467585414648056,0.9790469408035278,0,0.45597243756055833,0.5,0.04402756243944168,0.0,0.0,2,64,35,0.546875,29.0,0.453125,0.546875,2
S26,EMATent,0.33186227083206177,0.33186227083206177,0.9502169489860535,1,0.40044131875038147,0.5,0.09955868124961853,0.0,0.0,3,64,64,1.0,,,1.0,1
S26,EMATent,0.9107921123504639,0.9107921123504639,0.8121553659439087,1,0.22676236629486085,0.5,0.27323763370513915,0.0,0.0,4,47,9,0.19148936170212766,38.0,0.8085106382978723,0.8085106382978723,2
S26,EMATentAdaptive,0.06087273359298706,0.06087273359298706,0.9929019212722778,0,0.4817381799221039,0.5,0.018261820077896118,0.0,0.0,0,64,19,0.296875,45.0,0.703125,0.703125,2
S26,EMATentAdaptive,0.013886991888284683,0.013886991888284683,0.9987468719482422,0,0.4958339024335146,0.5,0.004166097566485405,0.0,0.0,1,64,53,0.828125,11.0,0.171875,0.828125,2
S26,EMATentAdaptive,0.06598055362701416,0.06598055362701416,0.9921779632568359,0,0.48020583391189575,0.5,0.019794166088104248,0.0,0.0,2,64,35,0.546875,29.0,0.453125,0.546875,2
S26,EMATentAdaptive,0.1638534665107727,0.1638534665107727,0.9759049415588379,0,0.4508439600467682,0.5,0.04915603995323181,0.0,0.0,3,64,64,1.0,,,1.0,1
S26,EMATentAdaptive,0.7521306276321411,0.7521306276321411,0.8429985642433167,1,0.27436081171035764,0.5,0.22563918828964233,0.0,0.0,4,47,9,0.19148936170212766,38.0,0.8085106382978723,0.8085106382978723,2
S26,EmaTentGridS20E50B30M090,0.06087273359298706,0.06087273359298706,0.9929019212722778,0,0.4817381799221039,0.5,0.018261820077896118,0.0,0.0,0,64,19,0.296875,45.0,0.703125,0.703125,2
S26,EmaTentGridS20E50B30M090,0.008437752723693848,0.008437752723693848,0.9992912411689758,0,0.49746867418289187,0.5,0.002531325817108154,0.0,0.0,1,64,53,0.828125,11.0,0.171875,0.828125,2
S26,EmaTentGridS20E50B30M090,0.025527631863951683,0.025527631863951683,0.9974634647369385,0,0.4923417104408145,0.5,0.007658289559185505,0.0,0.0,2,64,35,0.546875,29.0,0.453125,0.546875,2
S26,EmaTentGridS20E50B30M090,0.05300016701221466,0.05300016701221466,0.9939884543418884,0,0.4840999498963356,0.5,0.0159000501036644,0.0,0.0,3,64,64,1.0,,,1.0,1
S26,EmaTentGridS20E50B30M090,0.35134899616241455,0.35134899616241455,0.9338604211807251,1,0.3945953011512756,0.5,0.10540469884872436,0.0,0.0,4,47,9,0.19148936170212766,38.0,0.8085106382978723,0.8085106382978723,2
S26,EmaTentGridS20E50B30M095,0.06087273359298706,0.06087273359298706,0.9929019212722778,0,0.4817381799221039,0.5,0.018261820077896118,0.0,0.0,0,64,19,0.296875,45.0,0.703125,0.703125,2
S26,EmaTentGridS20E50B30M095,0.0050607891753315926,0.0050607891753315926,0.9996027946472168,0,0.4984817632474005,0.5,0.0015182367525994778,0.0,0.0,1,64,53,0.828125,11.0,0.171875,0.828125,2
S26,EmaTentGridS20E50B30M095,0.008195202797651291,0.008195202797651291,0.9993143081665039,0,0.4975414391607046,0.5,0.0024585608392953874,0.0,0.0,2,64,35,0.546875,29.0,0.453125,0.546875,2
S26,EmaTentGridS20E50B30M095,0.012670152820646763,0.012670152820646763,0.9988721609115601,0,0.496198954153806,0.5,0.0038010458461940288,0.0,0.0,3,64,64,1.0,,,1.0,1
S26,EmaTentGridS20E50B30M095,0.04406167194247246,0.04406167194247246,0.9951765537261963,0,0.48678149841725826,0.5,0.013218501582741737,0.0,0.0,4,47,9,0.19148936170212766,38.0,0.8085106382978723,0.8085106382978723,2
S26,EmaTentGridS10E50B40M085,0.06087273359298706,0.06087273359298706,0.9929019212722778,0,0.4756509065628052,0.5,0.024349093437194824,0.0,0.0,0,64,19,0.296875,45.0,0.703125,0.703125,2
S26,EmaTentGridS10E50B40M085,0.01373791228979826,0.01373791228979826,0.9987623691558838,0,0.4945048350840807,0.5,0.005495164915919304,0.0,0.0,1,64,53,0.828125,11.0,0.171875,0.828125,2
S26,EmaTentGridS10E50B40M085,0.06521310657262802,0.06521310657262802,0.9922876954078674,0,0.4739147573709488,0.5,0.02608524262905121,0.0,0.0,2,64,35,0.546875,29.0,0.453125,0.546875,2
S26,EmaTentGridS10E50B40M085,0.16013121604919434,0.16013121604919434,0.9765992164611816,0,0.43594751358032224,0.5,0.06405248641967774,0.0,0.0,3,64,64,1.0,,,1.0,1
S26,EmaTentGridS10E50B40M085,0.7383855581283569,0.7383855581283569,0.844643771648407,1,0.20464577674865725,0.5,0.2953542232513428,0.0,0.0,4,47,9,0.19148936170212766,38.0,0.8085106382978723,0.8085106382978723,2
S27,EMATentSafe,0.27057787775993347,0.27057787775993347,0.9553198218345642,1,0.5729422122240067,0.4,0.02705778777599335,0.0,0.0,0,64,9,0.140625,55.0,0.859375,0.859375,2
S27,EMATentSafe,0.5751216411590576,0.5751216411590576,0.9217047691345215,1,0.5424878358840942,0.4,0.05751216411590576,0.0,0.0,1,64,41,0.640625,23.0,0.359375,0.640625,2
S27,EMATentSafe,0.5386201739311218,0.5386201739311218,0.8808335065841675,1,0.5461379826068878,0.4,0.05386201739311219,0.0,0.0,2,64,28,0.4375,36.0,0.5625,0.5625,2
S27,EMATentSafe,0.597870409488678,0.597870409488678,0.8843802213668823,1,0.5402129590511322,0.4,0.0597870409488678,0.0,0.0,3,64,29,0.453125,35.0,0.546875,0.546875,2
S27,EMATentSafe,0.9600508213043213,0.9600508213043213,0.8183794617652893,1,0.5039949178695678,0.4,0.09600508213043213,0.0,0.0,4,64,35,0.546875,29.0,0.453125,0.546875,2
S27,EMATentSafe,0.7831739187240601,0.7831739187240601,0.7670177817344666,1,0.521682608127594,0.4,0.07831739187240601,0.0,0.0,5,1,1,1.0,,,1.0,1
S27,EmaTentGridS40E50B10M085,0.27057844400405884,0.27057844400405884,0.9553197622299194,1,0.4729421555995941,0.5,0.027057844400405887,0.0,0.0,0,64,9,0.140625,55.0,0.859375,0.859375,2
S27,EmaTentGridS40E50B10M085,0.6434909701347351,0.6434909701347351,0.9034692049026489,1,0.43565090298652653,0.5,0.06434909701347351,0.0,0.0,1,64,41,0.640625,23.0,0.359375,0.640625,2
S27,EmaTentGridS40E50B10M085,0.7201811075210571,0.7201811075210571,0.8254565000534058,1,0.4279818892478943,0.5,0.07201811075210572,0.0,0.0,2,64,28,0.4375,36.0,0.5625,0.5625,2
S27,EmaTentGridS40E50B10M085,0.8281253576278687,0.8281253576278687,0.7896440029144287,1,0.41718746423721315,0.5,0.08281253576278687,0.0,0.0,3,64,29,0.453125,35.0,0.546875,0.546875,2
S27,EmaTentGridS40E50B10M085,0.9790796637535095,0.9790796637535095,0.8112167716026306,1,0.40209203362464907,0.5,0.09790796637535096,0.0,0.0,4,64,35,0.546875,29.0,0.453125,0.546875,2
S27,EmaTentGridS40E50B10M085,0.7629732489585876,0.7629732489585876,0.7784579396247864,1,0.4237026751041413,0.5,0.07629732489585878,0.0,0.0,5,1,1,1.0,,,1.0,1
S27,EmaTentGridS30E50B20M085,0.27057844400405884,0.27057844400405884,0.9553197622299194,1,0.44588431119918825,0.5,0.05411568880081177,0.0,0.0,0,64,9,0.140625,55.0,0.859375,0.859375,2
S27,EmaTentGridS30E50B20M085,0.6388039588928223,0.6388039588928223,0.9048686623573303,1,0.3722392082214355,0.5,0.12776079177856445,0.0,0.0,1,64,41,0.640625,23.0,0.359375,0.640625,2
S27,EmaTentGridS30E50B20M085,0.688470184803009,0.688470184803009,0.8346773386001587,1,0.3623059630393982,0.5,0.1376940369606018,0.0,0.0,2,64,28,0.4375,36.0,0.5625,0.5625,2
S27,EmaTentGridS30E50B20M085,0.7924702763557434,0.7924702763557434,0.8073092699050903,1,0.3415059447288513,0.5,0.15849405527114868,0.0,0.0,3,64,29,0.453125,35.0,0.546875,0.546875,2
S27,EmaTentGridS30E50B20M085,0.9728602766990662,0.9728602766990662,0.808922529220581,1,0.30542794466018675,0.5,0.19457205533981325,0.0,0.0,4,64,35,0.546875,29.0,0.453125,0.546875,2
S27,EmaTentGridS30E50B20M085,0.7692252397537231,0.7692252397537231,0.7749818563461304,1,0.3461549520492554,0.5,0.15384504795074463,0.0,0.0,5,1,1,1.0,,,1.0,1
S27,EmaTentGridS20E50B30M075,0.27057844400405884,0.27057844400405884,0.9553197622299194,1,0.4188264667987823,0.5,0.08117353320121765,0.0,0.0,0,64,9,0.140625,55.0,0.859375,0.859375,2
S27,EmaTentGridS20E50B30M075,0.7140878438949585,0.7140878438949585,0.8855410814285278,1,0.28577364683151246,0.5,0.21422635316848754,0.0,0.0,1,64,41,0.640625,23.0,0.359375,0.640625,2
S27,EmaTentGridS20E50B30M075,0.8222872018814087,0.8222872018814087,0.7996927499771118,1,0.2533138394355774,0.5,0.2466861605644226,0.0,0.0,2,64,28,0.4375,36.0,0.5625,0.5625,2
S27,EmaTentGridS20E50B30M075,0.9140844345092773,0.9140844345092773,0.7393049001693726,1,0.22577466964721682,0.5,0.2742253303527832,0.0,0.0,3,64,29,0.453125,35.0,0.546875,0.546875,2
S27,EmaTentGridS20E50B30M075,0.9697697758674622,0.9697697758674622,0.7953798770904541,1,0.20906906723976137,0.5,0.2909309327602386,0.0,0.0,4,64,35,0.546875,29.0,0.453125,0.546875,2
S27,EmaTentGridS20E50B30M075,0.8368968367576599,0.8368968367576599,0.7331578135490417,1,0.24893094897270204,0.5,0.251069051027298,0.0,0.0,5,1,1,1.0,,,1.0,1
S27,EMATent,0.27057844400405884,0.27057844400405884,0.9553197622299194,1,0.4188264667987823,0.5,0.08117353320121765,0.0,0.0,0,64,9,0.140625,55.0,0.859375,0.859375,2
S27,EMATent,0.6767456531524658,0.6767456531524658,0.8951911926269531,1,0.29697630405426023,0.5,0.20302369594573974,0.0,0.0,1,64,41,0.640625,23.0,0.359375,0.640625,2
S27,EMATent,0.7503429055213928,0.7503429055213928,0.8163473010063171,1,0.27489712834358215,0.5,0.22510287165641785,0.0,0.0,2,64,28,0.4375,36.0,0.5625,0.5625,2
S27,EMATent,0.854341447353363,0.854341447353363,0.7741966247558594,1,0.2436975657939911,0.5,0.2563024342060089,0.0,0.0,3,64,29,0.453125,35.0,0.546875,0.546875,2
S27,EMATent,0.9701818227767944,0.9701818227767944,0.8011676073074341,1,0.20894545316696167,0.5,0.29105454683303833,0.0,0.0,4,64,35,0.546875,29.0,0.453125,0.546875,2
S27,EMATent,0.8020073175430298,0.8020073175430298,0.7557680606842041,1,0.25939780473709106,0.5,0.24060219526290894,0.0,0.0,5,1,1,1.0,,,1.0,1
S27,EMATentAdaptive,0.27057844400405884,0.27057844400405884,0.9553197622299194,1,0.4188264667987823,0.5,0.08117353320121765,0.0,0.0,0,64,9,0.140625,55.0,0.859375,0.859375,2
S27,EMATentAdaptive,0.6342697143554688,0.6342697143554688,0.9061769247055054,1,0.3097190856933594,0.5,0.19028091430664062,0.0,0.0,1,64,41,0.640625,23.0,0.359375,0.640625,2
S27,EMATentAdaptive,0.6598809361457825,0.6598809361457825,0.8436605930328369,1,0.30203571915626526,0.5,0.19796428084373474,0.0,0.0,2,64,28,0.4375,36.0,0.5625,0.5625,2
S27,EMATentAdaptive,0.7583906650543213,0.7583906650543213,0.8235511779785156,1,0.2724828004837036,0.5,0.22751719951629637,0.0,0.0,3,64,29,0.453125,35.0,0.546875,0.546875,2
S27,EMATentAdaptive,0.9669832587242126,0.9669832587242126,0.8074887990951538,1,0.20990502238273623,0.5,0.29009497761726377,0.0,0.0,4,64,35,0.546875,29.0,0.453125,0.546875,2
S27,EMATentAdaptive,0.7787169814109802,0.7787169814109802,0.7695947885513306,1,0.2663849055767059,0.5,0.23361509442329406,0.0,0.0,5,1,1,1.0,,,1.0,1
S27,EmaTentGridS20E50B30M090,0.27057844400405884,0.27057844400405884,0.9553197622299194,1,0.4188264667987823,0.5,0.08117353320121765,0.0,0.0,0,64,9,0.140625,55.0,0.859375,0.859375,2
S27,EmaTentGridS20E50B30M090,0.5888903737068176,0.5888903737068176,0.9185563325881958,1,0.3233328878879547,0.5,0.17666711211204528,0.0,0.0,1,64,41,0.640625,23.0,0.359375,0.640625,2
S27,EmaTentGridS20E50B30M090,0.5529552698135376,0.5529552698135376,0.876362144947052,1,0.3341134190559387,0.5,0.16588658094406128,0.0,0.0,2,64,28,0.4375,36.0,0.5625,0.5625,2
S27,EmaTentGridS20E50B30M090,0.6251375675201416,0.6251375675201416,0.8752144575119019,1,0.3124587297439575,0.5,0.18754127025604247,0.0,0.0,3,64,29,0.453125,35.0,0.546875,0.546875,2
S27,EmaTentGridS20E50B30M090,0.9587395787239075,0.9587395787239075,0.8137193918228149,1,0.21237812638282777,0.5,0.28762187361717223,0.0,0.0,4,64,35,0.546875,29.0,0.453125,0.546875,2
S27,EmaTentGridS20E50B30M090,0.7822114825248718,0.7822114825248718,0.7675768733024597,1,0.26533655524253846,0.5,0.23466344475746154,0.0,0.0,5,1,1,1.0,,,1.0,1
S27,EmaTentGridS20E50B30M095,0.27057844400405884,0.27057844400405884,0.9553197622299194,1,0.4188264667987823,0.5,0.08117353320121765,0.0,0.0,0,64,9,0.140625,55.0,0.859375,0.859375,2
S27,EmaTentGridS20E50B30M095,0.5407029986381531,0.5407029986381531,0.9276498556137085,1,0.3377891004085541,0.5,0.1622108995914459,0.0,0.0,1,64,41,0.640625,23.0,0.359375,0.640625,2
S27,EmaTentGridS20E50B30M095,0.43476447463035583,0.43476447463035583,0.9120111465454102,1,0.36957065761089325,0.5,0.13042934238910675,0.0,0.0,2,64,28,0.4375,36.0,0.5625,0.5625,2
S27,EmaTentGridS20E50B30M095,0.4721120595932007,0.4721120595932007,0.9204537272453308,1,0.3583663821220398,0.5,0.1416336178779602,0.0,0.0,3,64,29,0.453125,35.0,0.546875,0.546875,2
S27,EmaTentGridS20E50B30M095,0.9384073615074158,0.9384073615074158,0.8239378929138184,1,0.21847779154777527,0.5,0.2815222084522247,0.0,0.0,4,64,35,0.546875,29.0,0.453125,0.546875,2
S27,EmaTentGridS20E50B30M095,0.8257783651351929,0.8257783651351929,0.7406404614448547,1,0.25226649045944216,0.5,0.24773350954055784,0.0,0.0,5,1,1,1.0,,,1.0,1
S27,EmaTentGridS10E50B40M085,0.27057844400405884,0.27057844400405884,0.9553197622299194,1,0.3917686223983765,0.5,0.10823137760162355,0.0,0.0,0,64,9,0.140625,55.0,0.859375,0.859375,2
S27,EmaTentGridS10E50B40M085,0.6298081278800964,0.6298081278800964,0.9074432849884033,1,0.24807674884796144,0.5,0.25192325115203856,0.0,0.0,1,64,41,0.640625,23.0,0.359375,0.640625,2
S27,EmaTentGridS10E50B40M085,0.6345261335372925,0.6345261335372925,0.8515294790267944,1,0.24618954658508302,0.5,0.253810453414917,0.0,0.0,2,64,28,0.4375,36.0,0.5625,0.5625,2
S27,EmaTentGridS10E50B40M085,0.7259535789489746,0.7259535789489746,0.8383685350418091,1,0.20961856842041016,0.5,0.29038143157958984,0.0,0.0,3,64,29,0.453125,35.0,0.546875,0.546875,2
S27,EmaTentGridS10E50B40M085,0.9616332650184631,0.9616332650184631,0.806857705116272,1,0.11534669399261475,0.5,0.3846533060073853,0.0,0.0,4,64,35,0.546875,29.0,0.453125,0.546875,2
S27,EmaTentGridS10E50B40M085,0.7867263555526733,0.7867263555526733,0.7649411559104919,1,0.18530945777893068,0.5,0.31469054222106935,0.0,0.0,5,1,1,1.0,,,1.0,1
S28,EMATentSafe,0.7847241759300232,0.7847241759300232,0.7678532600402832,1,0.5215275824069977,0.4,0.07847241759300233,0.0,0.0,0,64,41,0.640625,23.0,0.359375,0.640625,2
S28,EMATentSafe,0.6817121505737305,0.6817121505737305,0.8192513585090637,1,0.531828784942627,0.4,0.06817121505737304,0.0,0.0,1,64,38,0.59375,26.0,0.40625,0.59375,2
S28,EMATentSafe,0.8013822436332703,0.8013822436332703,0.7599698305130005,1,0.519861775636673,0.4,0.08013822436332703,0.0,0.0,2,64,49,0.765625,15.0,0.234375,0.765625,2
S28,EMATentSafe,0.7085691094398499,0.7085691094398499,0.8065810203552246,1,0.529143089056015,0.4,0.07085691094398498,0.0,0.0,3,19,0,0.0,19.0,1.0,1.0,1
S28,EmaTentGridS40E50B10M085,0.7847253680229187,0.7847253680229187,0.7678525447845459,1,0.4215274631977082,0.5,0.07847253680229188,0.0,0.0,0,64,41,0.640625,23.0,0.359375,0.640625,2
S28,EmaTentGridS40E50B10M085,0.7092595100402832,0.7092595100402832,0.8062456250190735,1,0.4290740489959717,0.5,0.07092595100402832,0.0,0.0,1,64,38,0.59375,26.0,0.40625,0.59375,2
S28,EmaTentGridS40E50B10M085,0.8255765438079834,0.8255765438079834,0.7447662353515625,1,0.4174423456192017,0.5,0.08255765438079835,0.0,0.0,2,64,49,0.765625,15.0,0.234375,0.765625,2
S28,EmaTentGridS40E50B10M085,0.7832177877426147,0.7832177877426147,0.7669922709465027,1,0.42167822122573856,0.5,0.07832177877426148,0.0,0.0,3,19,0,0.0,19.0,1.0,1.0,1
S28,EmaTentGridS30E50B20M085,0.7847253680229187,0.7847253680229187,0.7678525447845459,1,0.34305492639541624,0.5,0.15694507360458376,0.0,0.0,0,64,41,0.640625,23.0,0.359375,0.640625,2
S28,EmaTentGridS30E50B20M085,0.706885814666748,0.706885814666748,0.807396650314331,1,0.3586228370666504,0.5,0.14137716293334962,0.0,0.0,1,64,38,0.59375,26.0,0.40625,0.59375,2
S28,EmaTentGridS30E50B20M085,0.8213126063346863,0.8213126063346863,0.7473345994949341,1,0.33573747873306276,0.5,0.16426252126693727,0.0,0.0,2,64,49,0.765625,15.0,0.234375,0.765625,2
S28,EmaTentGridS30E50B20M085,0.7672865986824036,0.7672865986824036,0.7760657072067261,1,0.3465426802635193,0.5,0.15345731973648072,0.0,0.0,3,19,0,0.0,19.0,1.0,1.0,1
S28,EmaTentGridS20E50B30M075,0.7847253680229187,0.7847253680229187,0.7678525447845459,1,0.2645823895931244,0.5,0.2354176104068756,0.0,0.0,0,64,41,0.640625,23.0,0.359375,0.640625,2
S28,EmaTentGridS20E50B30M075,0.7410039901733398,0.7410039901733398,0.790250301361084,1,0.27769880294799804,0.5,0.22230119705200194,0.0,0.0,1,64,38,0.59375,26.0,0.40625,0.59375,2
S28,EmaTentGridS20E50B30M075,0.8399150371551514,0.8399150371551514,0.736728310585022,1,0.2480254888534546,0.5,0.2519745111465454,0.0,0.0,2,64,49,0.765625,15.0,0.234375,0.765625,2
S28,EmaTentGridS20E50B30M075,0.8092886209487915,0.8092886209487915,0.7512513995170593,1,0.25721341371536255,0.5,0.24278658628463745,0.0,0.0,3,19,0,0.0,19.0,1.0,1.0,1
S28,EMATent,0.7847253680229187,0.7847253680229187,0.7678525447845459,1,0.2645823895931244,0.5,0.2354176104068756,0.0,0.0,0,64,41,0.640625,23.0,0.359375,0.640625,2
S28,EMATent,0.7220339775085449,0.7220339775085449,0.7999470233917236,1,0.2833898067474365,0.5,0.21661019325256348,0.0,0.0,1,64,38,0.59375,26.0,0.40625,0.59375,2
S28,EMATent,0.8280301690101624,0.8280301690101624,0.7434297800064087,1,0.2515909492969513,0.5,0.2484090507030487,0.0,0.0,2,64,49,0.765625,15.0,0.234375,0.765625,2
S28,EMATent,0.7835321426391602,0.7835321426391602,0.7668092846870422,1,0.26494035720825193,0.5,0.23505964279174804,0.0,0.0,3,19,0,0.0,19.0,1.0,1.0,1
S28,EMATentAdaptive,0.7847253680229187,0.7847253680229187,0.7678525447845459,1,0.2645823895931244,0.5,0.2354176104068756,0.0,0.0,0,64,41,0.640625,23.0,0.359375,0.640625,2
S28,EMATentAdaptive,0.7034468054771423,0.7034468054771423,0.8090537786483765,1,0.2889659583568573,0.5,0.21103404164314268,0.0,0.0,1,64,38,0.59375,26.0,0.40625,0.59375,2
S28,EMATentAdaptive,0.815740168094635,0.815740168094635,0.7508764266967773,1,0.2552779495716095,0.5,0.2447220504283905,0.0,0.0,2,64,49,0.765625,15.0,0.234375,0.765625,2
S28,EMATentAdaptive,0.7503789663314819,0.7503789663314819,0.7852957844734192,1,0.2748863101005554,0.5,0.22511368989944458,0.0,0.0,3,19,0,0.0,19.0,1.0,1.0,1
S28,EmaTentGridS20E50B30M090,0.7847253680229187,0.7847253680229187,0.7678525447845459,1,0.2645823895931244,0.5,0.2354176104068756,0.0,0.0,0,64,41,0.640625,23.0,0.359375,0.640625,2
S28,EmaTentGridS20E50B30M090,0.6855635046958923,0.6855635046958923,0.8174778819084167,1,0.2943309485912323,0.5,0.2056690514087677,0.0,0.0,1,64,38,0.59375,26.0,0.40625,0.59375,2
S28,EmaTentGridS20E50B30M090,0.8019942045211792,0.8019942045211792,0.7595627307891846,1,0.25940173864364624,0.5,0.24059826135635376,0.0,0.0,2,64,49,0.765625,15.0,0.234375,0.765625,2
S28,EmaTentGridS20E50B30M090,0.7100464105606079,0.7100464105606079,0.8058628439903259,1,0.28698607683181765,0.5,0.21301392316818238,0.0,0.0,3,19,0,0.0,19.0,1.0,1.0,1
S28,EmaTentGridS20E50B30M095,0.7847253680229187,0.7847253680229187,0.7678525447845459,1,0.2645823895931244,0.5,0.2354176104068756,0.0,0.0,0,64,41,0.640625,23.0,0.359375,0.640625,2
S28,EmaTentGridS20E50B30M095,0.6678597331047058,0.6678597331047058,0.8255162239074707,1,0.2996420800685883,0.5,0.20035791993141175,0.0,0.0,1,64,38,0.59375,26.0,0.40625,0.59375,2
S28,EmaTentGridS20E50B30M095,0.7858160138130188,0.7858160138130188,0.7693620920181274,1,0.26425519585609436,0.5,0.23574480414390564,0.0,0.0,2,64,49,0.765625,15.0,0.234375,0.765625,2
S28,EmaTentGridS20E50B30M095,0.6622153520584106,0.6622153520584106,0.8280194997787476,1,0.3013353943824768,0.5,0.1986646056175232,0.0,0.0,3,19,0,0.0,19.0,1.0,1.0,1
S28,EmaTentGridS10E50B40M085,0.7847253680229187,0.7847253680229187,0.7678525447845459,1,0.18610985279083253,0.5,0.3138901472091675,0.0,0.0,0,64,41,0.640625,23.0,0.359375,0.640625,2
S28,EmaTentGridS10E50B40M085,0.6991285681724548,0.6991285681724548,0.8111171722412109,1,0.22034857273101807,0.5,0.27965142726898196,0.0,0.0,1,64,38,0.59375,26.0,0.40625,0.59375,2
S28,EmaTentGridS10E50B40M085,0.8092019557952881,0.8092019557952881,0.7549536228179932,1,0.17631921768188477,0.5,0.32368078231811526,0.0,0.0,2,64,49,0.765625,15.0,0.234375,0.765625,2
S28,EmaTentGridS10E50B40M085,0.7335571050643921,0.7335571050643921,0.7941077947616577,1,0.20657715797424317,0.5,0.29342284202575686,0.0,0.0,3,19,0,0.0,19.0,1.0,1.0,1
S29,EMATentSafe,0.7566822171211243,0.7566822171211243,0.8340628743171692,1,0.5243317782878876,0.4,0.07566822171211243,0.0,0.0,0,64,22,0.34375,42.0,0.65625,0.65625,2
S29,EMATentSafe,0.7449443936347961,0.7449443936347961,0.8210203051567078,1,0.5255055606365204,0.4,0.07449443936347962,0.0,0.0,1,64,35,0.546875,29.0,0.453125,0.546875,2
S29,EMATentSafe,0.9683376550674438,0.9683376550674438,0.7559715509414673,1,0.5031662344932556,0.4,0.09683376550674438,0.0,0.0,2,64,24,0.375,40.0,0.625,0.625,2
S29,EmaTentGridS40E50B10M085,0.7566846013069153,0.7566846013069153,0.8340625762939453,1,0.4243315398693085,0.5,0.07566846013069153,0.0,0.0,0,64,22,0.34375,42.0,0.65625,0.65625,2
S29,EmaTentGridS40E50B10M085,0.8457239866256714,0.8457239866256714,0.7817577123641968,1,0.4154276013374329,0.5,0.08457239866256715,0.0,0.0,1,64,35,0.546875,29.0,0.453125,0.546875,2
S29,EmaTentGridS40E50B10M085,0.9137138724327087,0.9137138724327087,0.7549566030502319,1,0.4086286127567291,0.5,0.09137138724327087,0.0,0.0,2,64,24,0.375,40.0,0.625,0.625,2
S29,EmaTentGridS30E50B20M085,0.7566846013069153,0.7566846013069153,0.8340625762939453,1,0.34866307973861693,0.5,0.15133692026138307,0.0,0.0,0,64,22,0.34375,42.0,0.65625,0.65625,2
S29,EmaTentGridS30E50B20M085,0.8306505680084229,0.8306505680084229,0.7886083126068115,1,0.33386988639831544,0.5,0.1661301136016846,0.0,0.0,1,64,35,0.546875,29.0,0.453125,0.546875,2
S29,EmaTentGridS30E50B20M085,0.9312514662742615,0.9312514662742615,0.7517253160476685,1,0.3137497067451477,0.5,0.18625029325485232,0.0,0.0,2,64,24,0.375,40.0,0.625,0.625,2
S29,EmaTentGridS20E50B30M075,0.7566846013069153,0.7566846013069153,0.8340625762939453,1,0.2729946196079254,0.5,0.22700538039207457,0.0,0.0,0,64,22,0.34375,42.0,0.65625,0.65625,2
S29,EmaTentGridS20E50B30M075,0.9145945906639099,0.9145945906639099,0.7510923743247986,1,0.22562162280082704,0.5,0.27437837719917296,0.0,0.0,1,64,35,0.546875,29.0,0.453125,0.546875,2
S29,EmaTentGridS20E50B30M075,0.8918777108192444,0.8918777108192444,0.7466955184936523,1,0.23243668675422668,0.5,0.2675633132457733,0.0,0.0,2,64,24,0.375,40.0,0.625,0.625,2
S29,EMATent,0.7566846013069153,0.7566846013069153,0.8340625762939453,1,0.2729946196079254,0.5,0.22700538039207457,0.0,0.0,0,64,22,0.34375,42.0,0.65625,0.65625,2
S29,EMATent,0.8713634014129639,0.8713634014129639,0.7703491449356079,1,0.23859097957611086,0.5,0.26140902042388914,0.0,0.0,1,64,35,0.546875,29.0,0.453125,0.546875,2
S29,EMATent,0.9175147414207458,0.9175147414207458,0.7477920651435852,1,0.22474557757377625,0.5,0.2752544224262237,0.0,0.0,2,64,24,0.375,40.0,0.625,0.625,2
S29,EMATentAdaptive,0.7566846013069153,0.7566846013069153,0.8340625762939453,1,0.2729946196079254,0.5,0.22700538039207457,0.0,0.0,0,64,22,0.34375,42.0,0.65625,0.65625,2
S29,EMATentAdaptive,0.8188760280609131,0.8188760280609131,0.7941889762878418,1,0.2543371915817261,0.5,0.24566280841827393,0.0,0.0,1,64,35,0.546875,29.0,0.453125,0.546875,2
S29,EMATentAdaptive,0.9432238936424255,0.9432238936424255,0.751509964466095,1,0.21703283190727235,0.5,0.28296716809272765,0.0,0.0,2,64,24,0.375,40.0,0.625,0.625,2
S29,EmaTentGridS20E50B30M090,0.7566846013069153,0.7566846013069153,0.8340625762939453,1,0.2729946196079254,0.5,0.22700538039207457,0.0,0.0,0,64,22,0.34375,42.0,0.65625,0.65625,2
S29,EmaTentGridS20E50B30M090,0.7568066716194153,0.7568066716194153,0.8173767328262329,1,0.2729579985141754,0.5,0.22704200148582457,0.0,0.0,1,64,35,0.546875,29.0,0.453125,0.546875,2
S29,EmaTentGridS20E50B30M090,0.9682798385620117,0.9682798385620117,0.7541549205780029,1,0.20951604843139648,0.5,0.2904839515686035,0.0,0.0,2,64,24,0.375,40.0,0.625,0.625,2
S29,EmaTentGridS20E50B30M095,0.7566846013069153,0.7566846013069153,0.8340625762939453,1,0.2729946196079254,0.5,0.22700538039207457,0.0,0.0,0,64,22,0.34375,42.0,0.65625,0.65625,2
S29,EmaTentGridS20E50B30M095,0.6880800127983093,0.6880800127983093,0.8430404663085938,1,0.2935759961605072,0.5,0.2064240038394928,0.0,0.0,1,64,35,0.546875,29.0,0.453125,0.546875,2
S29,EmaTentGridS20E50B30M095,0.9899264574050903,0.9899264574050903,0.7520286440849304,1,0.2030220627784729,0.5,0.2969779372215271,0.0,0.0,2,64,24,0.375,40.0,0.625,0.625,2
S29,EmaTentGridS10E50B40M085,0.7566846013069153,0.7566846013069153,0.8340625762939453,1,0.1973261594772339,0.5,0.30267384052276614,0.0,0.0,0,64,22,0.34375,42.0,0.65625,0.65625,2
S29,EmaTentGridS10E50B40M085,0.8083637952804565,0.8083637952804565,0.7990436553955078,1,0.1766544818878174,0.5,0.32334551811218265,0.0,0.0,1,64,35,0.546875,29.0,0.453125,0.546875,2
S29,EmaTentGridS10E50B40M085,0.9525176286697388,0.9525176286697388,0.7521325945854187,1,0.1189929485321045,0.5,0.38100705146789554,0.0,0.0,2,64,24,0.375,40.0,0.625,0.625,2
S30,EMATentSafe,0.3645271062850952,0.3645271062850952,0.9361584186553955,1,0.5635472893714905,0.4,0.03645271062850952,0.0,0.0,0,64,51,0.796875,13.0,0.203125,0.796875,2
S30,EMATentSafe,0.9784160852432251,0.9784160852432251,0.7745423316955566,1,0.5021583914756775,0.4,0.09784160852432251,0.0,0.0,1,64,33,0.515625,31.0,0.484375,0.515625,2
S30,EMATentSafe,0.9463084936141968,0.9463084936141968,0.7312219142913818,1,0.5053691506385803,0.4,0.09463084936141969,0.0,0.0,2,64,5,0.078125,59.0,0.921875,0.921875,2
S30,EMATentSafe,0.8269758224487305,0.8269758224487305,0.7739059925079346,1,0.517302417755127,0.4,0.08269758224487306,0.0,0.0,3,64,37,0.578125,27.0,0.421875,0.578125,2
S30,EMATentSafe,0.9962996244430542,0.9962996244430542,0.8546755313873291,1,0.5003700375556945,0.4,0.09962996244430543,0.0,0.0,4,64,24,0.375,40.0,0.625,0.625,2
S30,EMATentSafe,0.036335527896881104,0.036335527896881104,0.9961610436439514,0,0.5963664472103118,0.4,0.0036335527896881104,0.0,0.0,5,23,23,1.0,,,1.0,1
S30,EmaTentGridS40E50B10M085,0.36452555656433105,0.36452555656433105,0.9361588954925537,1,0.46354744434356693,0.5,0.03645255565643311,0.0,0.0,0,64,51,0.796875,13.0,0.203125,0.796875,2
S30,EmaTentGridS40E50B10M085,0.9990721344947815,0.9990721344947815,0.7844350337982178,1,0.4000927865505219,0.5,0.09990721344947816,0.0,0.0,1,64,33,0.515625,31.0,0.484375,0.515625,2
S30,EmaTentGridS40E50B10M085,0.9986398816108704,0.9986398816108704,0.6815329194068909,1,0.400136011838913,0.5,0.09986398816108705,0.0,0.0,2,64,5,0.078125,59.0,0.921875,0.921875,2
S30,EmaTentGridS40E50B10M085,0.630681037902832,0.630681037902832,0.841511607170105,1,0.43693189620971684,0.5,0.0630681037902832,0.0,0.0,3,64,37,0.578125,27.0,0.421875,0.578125,2
S30,EmaTentGridS40E50B10M085,0.9716132283210754,0.9716132283210754,0.8878039121627808,1,0.40283867716789246,0.5,0.09716132283210754,0.0,0.0,4,64,24,0.375,40.0,0.625,0.625,2
S30,EmaTentGridS40E50B10M085,0.03715119883418083,0.03715119883418083,0.9960591197013855,0,0.49628488011658195,0.5,0.0037151198834180833,0.0,0.0,5,23,23,1.0,,,1.0,1
S30,EmaTentGridS30E50B20M085,0.36452555656433105,0.36452555656433105,0.9361588954925537,1,0.42709488868713374,0.5,0.07290511131286621,0.0,0.0,0,64,51,0.796875,13.0,0.203125,0.796875,2
S30,EmaTentGridS30E50B20M085,0.9998295903205872,0.9998295903205872,0.7832919955253601,1,0.30003408193588255,0.5,0.19996591806411745,0.0,0.0,1,64,33,0.515625,31.0,0.484375,0.515625,2
S30,EmaTentGridS30E50B20M085,0.9997876286506653,0.9997876286506653,0.6868612766265869,1,0.30004247426986697,0.5000000000000001,0.1999575257301331,0.0,0.0,2,64,5,0.078125,59.0,0.921875,0.921875,2
S30,EmaTentGridS30E50B20M085,0.6782784461975098,0.6782784461975098,0.8222759366035461,1,0.36434431076049806,0.5,0.13565568923950197,0.0,0.0,3,64,37,0.578125,27.0,0.421875,0.578125,2
S30,EmaTentGridS30E50B20M085,0.9807377457618713,0.9807377457618713,0.876712441444397,1,0.30385245084762574,0.5,0.19614754915237428,0.0,0.0,4,64,24,0.375,40.0,0.625,0.625,2
S30,EmaTentGridS30E50B20M085,0.034629374742507935,0.034629374742507935,0.9963727593421936,0,0.4930741250514984,0.5,0.0069258749485015874,0.0,0.0,5,23,23,1.0,,,1.0,1
S30,EmaTentGridS20E50B30M075,0.36452555656433105,0.36452555656433105,0.9361588954925537,1,0.39064233303070073,0.5,0.10935766696929931,0.0,0.0,0,64,51,0.796875,13.0,0.203125,0.796875,2
S30,EmaTentGridS20E50B30M075,0.9553616642951965,0.9553616642951965,0.787710964679718,1,0.21339150071144106,0.5,0.28660849928855897,0.0,0.0,1,64,33,0.515625,31.0,0.484375,0.515625,2
S30,EmaTentGridS20E50B30M075,0.9617434740066528,0.9617434740066528,0.6951954364776611,1,0.21147695779800416,0.5,0.2885230422019958,0.0,0.0,2,64,5,0.078125,59.0,0.921875,0.921875,2
S30,EmaTentGridS20E50B30M075,0.6285866498947144,0.6285866498947144,0.8423794507980347,1,0.3114240050315857,0.5,0.1885759949684143,0.0,0.0,3,64,37,0.578125,27.0,0.421875,0.578125,2
S30,EmaTentGridS20E50B30M075,0.9758377075195312,0.9758377075195312,0.8845860958099365,1,0.20724868774414062,0.5,0.2927513122558594,0.0,0.0,4,64,24,0.375,40.0,0.625,0.625,2
S30,EmaTentGridS20E50B30M075,0.038434118032455444,0.038434118032455444,0.9958977103233337,0,0.48846976459026337,0.5,0.011530235409736633,0.0,0.0,5,23,23,1.0,,,1.0,1
S30,EMATent,0.36452555656433105,0.36452555656433105,0.9361588954925537,1,0.39064233303070073,0.5,0.10935766696929931,0.0,0.0,0,64,51,0.796875,13.0,0.203125,0.796875,2
S30,EMATent,0.9888204336166382,0.9888204336166382,0.7885600328445435,1,0.20335386991500856,0.5,0.29664613008499147,0.0,0.0,1,64,33,0.515625,31.0,0.484375,0.515625,2
S30,EMATent,0.9933132529258728,0.9933132529258728,0.6802002191543579,1,0.20200602412223817,0.5,0.29799397587776183,0.0,0.0,2,64,5,0.078125,59.0,0.921875,0.921875,2
S30,EMATent,0.6539631485939026,0.6539631485939026,0.8316296339035034,1,0.30381105542182923,0.5,0.19618894457817077,0.0,0.0,3,64,37,0.578125,27.0,0.421875,0.578125,2
S30,EMATent,0.9802928566932678,0.9802928566932678,0.8783565163612366,1,0.20591214299201965,0.5,0.29408785700798035,0.0,0.0,4,64,24,0.375,40.0,0.625,0.625,2
S30,EMATent,0.03537178039550781,0.03537178039550781,0.99628084897995,0,0.48938846588134766,0.5,0.010611534118652344,0.0,0.0,5,23,23,1.0,,,1.0,1
S30,EMATentAdaptive,0.36452555656433105,0.36452555656433105,0.9361588954925537,1,0.39064233303070073,0.5,0.10935766696929931,0.0,0.0,0,64,51,0.796875,13.0,0.203125,0.796875,2
S30,EMATentAdaptive,0.9999855756759644,0.9999855756759644,0.7817953824996948,1,0.2000043272972107,0.5,0.2999956727027893,0.0,0.0,1,64,33,0.515625,31.0,0.484375,0.515625,2
S30,EMATentAdaptive,0.996442973613739,0.996442973613739,0.6928232312202454,1,0.2010671079158783,0.5,0.2989328920841217,0.0,0.0,2,64,5,0.078125,59.0,0.921875,0.921875,2
S30,EMATentAdaptive,0.718801736831665,0.718801736831665,0.8069149255752563,1,0.2843594789505005,0.5,0.21564052104949952,0.0,0.0,3,64,37,0.578125,27.0,0.421875,0.578125,2
S30,EMATentAdaptive,0.9879509806632996,0.9879509806632996,0.8689660429954529,1,0.20361470580101015,0.5,0.29638529419898985,0.0,0.0,4,64,24,0.375,40.0,0.625,0.625,2
S30,EMATentAdaptive,0.03337446227669716,0.03337446227669716,0.9965270757675171,0,0.48998766131699084,0.5,0.010012338683009147,0.0,0.0,5,23,23,1.0,,,1.0,1
S30,EmaTentGridS20E50B30M090,0.36452555656433105,0.36452555656433105,0.9361588954925537,1,0.39064233303070073,0.5,0.10935766696929931,0.0,0.0,0,64,51,0.796875,13.0,0.203125,0.796875,2
S30,EmaTentGridS20E50B30M090,0.985977053642273,0.985977053642273,0.7766663432121277,1,0.20420688390731812,0.5,0.2957931160926819,0.0,0.0,1,64,33,0.515625,31.0,0.484375,0.515625,2
S30,EmaTentGridS20E50B30M090,0.9547142386436462,0.9547142386436462,0.7254824638366699,1,0.21358572840690615,0.5,0.28641427159309385,0.0,0.0,2,64,5,0.078125,59.0,0.921875,0.921875,2
S30,EmaTentGridS20E50B30M090,0.8216633796691895,0.8216633796691895,0.7756772041320801,1,0.25350098609924315,0.5,0.24649901390075682,0.0,0.0,3,64,37,0.578125,27.0,0.421875,0.578125,2
S30,EmaTentGridS20E50B30M090,0.9970472455024719,0.9970472455024719,0.8540593385696411,1,0.20088582634925845,0.5,0.29911417365074155,0.0,0.0,4,64,24,0.375,40.0,0.625,0.625,2
S30,EmaTentGridS20E50B30M090,0.03460638225078583,0.03460638225078583,0.9963756203651428,0,0.48961808532476425,0.5,0.010381914675235748,0.0,0.0,5,23,23,1.0,,,1.0,1
S30,EmaTentGridS20E50B30M095,0.36452555656433105,0.36452555656433105,0.9361588954925537,1,0.39064233303070073,0.5,0.10935766696929931,0.0,0.0,0,64,51,0.796875,13.0,0.203125,0.796875,2
S30,EmaTentGridS20E50B30M095,0.9440475106239319,0.9440475106239319,0.7748332023620605,1,0.21678574681282045,0.5,0.2832142531871796,0.0,0.0,1,64,33,0.515625,31.0,0.484375,0.515625,2
S30,EmaTentGridS20E50B30M095,0.8688820600509644,0.8688820600509644,0.7786494493484497,1,0.23933538198471072,0.5,0.2606646180152893,0.0,0.0,2,64,5,0.078125,59.0,0.921875,0.921875,2
S30,EmaTentGridS20E50B30M095,0.9303872585296631,0.9303872585296631,0.7694246768951416,1,0.22088382244110108,0.5,0.2791161775588989,0.0,0.0,3,64,37,0.578125,27.0,0.421875,0.578125,2
S30,EmaTentGridS20E50B30M095,0.9981768131256104,0.9981768131256104,0.8224518895149231,1,0.2005469560623169,0.5,0.29945304393768307,0.0,0.0,4,64,24,0.375,40.0,0.625,0.625,2
S30,EmaTentGridS20E50B30M095,0.040754541754722595,0.040754541754722595,0.9956030249595642,0,0.4877736374735832,0.5,0.012226362526416778,0.0,0.0,5,23,23,1.0,,,1.0,1
S30,EmaTentGridS10E50B40M085,0.36452555656433105,0.36452555656433105,0.9361588954925537,1,0.3541897773742676,0.5,0.14581022262573243,0.0,0.0,0,64,51,0.796875,13.0,0.203125,0.796875,2
S30,EmaTentGridS10E50B40M085,0.9995903372764587,0.9995903372764587,0.7802845239639282,1,0.1001638650894165,0.5,0.3998361349105835,0.0,0.0,1,64,33,0.515625,31.0,0.484375,0.515625,2
S30,EmaTentGridS10E50B40M085,0.9904647469520569,0.9904647469520569,0.6984612941741943,1,0.10381410121917725,0.5,0.3961858987808228,0.0,0.0,2,64,5,0.078125,59.0,0.921875,0.921875,2
S30,EmaTentGridS10E50B40M085,0.7508108019828796,0.7508108019828796,0.7977359294891357,1,0.19967567920684814,0.5,0.30032432079315186,0.0,0.0,3,64,37,0.578125,27.0,0.421875,0.578125,2
S30,EmaTentGridS10E50B40M085,0.9931130409240723,0.9931130409240723,0.8634632229804993,1,0.1027547836303711,0.5,0.39724521636962895,0.0,0.0,4,64,24,0.375,40.0,0.625,0.625,2
S30,EmaTentGridS10E50B40M085,0.0335613451898098,0.0335613451898098,0.9965041875839233,0,0.4865754619240761,0.5,0.01342453807592392,0.0,0.0,5,23,23,1.0,,,1.0,1
