Subject,Method,raw_gate,effective_gate,confidence,updated,effective_source_weight,effective_ema_weight,effective_batch_weight,probe_gate,min_gate,batch_index,batch_size,true_class_0_count,true_class_0_ratio,true_class_1_count,true_class_1_ratio,true_max_class_ratio,true_num_present_classes,g_mi,effective_mi_gate,diversity_norm,sample_entropy_norm,w_source,w_ema,w_batch,rho,n_eff,alpha,entropy_updated,loss_entropy,gate_threshold,gate_aware_ema,dynamic_mixture_weights,pred_class_0_count,pred_class_0_ratio,pred_class_1_count,pred_class_1_ratio,pred_max_class_ratio,pred_num_present_classes,true_imbalance,dua_momentum,rotta_memory_occupancy,note_memory_occupancy,note_updated,note_loss,delta_loss,delta_used_samples
01-9TZK,EMATent,0.9878734946250916,0.9878734946250916,0.725355327129364,1.0,0.20363795161247256,0.5,0.29636204838752744,0.0,0.0,0,64,32,0.5,32.0,0.5,0.5,2,,,,,,,,,,,,,,,,,,,,,,,,,,,,,
01-9TZK,EMATent,0.8681449294090271,0.8681449294090271,0.772331714630127,1.0,0.23955652117729187,0.5,0.26044347882270813,0.0,0.0,1,64,44,0.6875,20.0,0.3125,0.6875,2,,,,,,,,,,,,,,,,,,,,,,,,,,,,,
01-9TZK,EMATent,0.9175955653190613,0.9175955653190613,0.7253396511077881,1.0,0.22472133040428163,0.5,0.2752786695957184,0.0,0.0,2,64,0,0.0,64.0,1.0,1.0,1,,,,,,,,,,,,,,,,,,,,,,,,,,,,,
01-9TZK,EMATent,0.8910307884216309,0.8910307884216309,0.7779682278633118,1.0,0.23269076347351075,0.5,0.26730923652648925,0.0,0.0,3,64,21,0.328125,43.0,0.671875,0.671875,2,,,,,,,,,,,,,,,,,,,,,,,,,,,,,
01-9TZK,EMATent,0.8466448783874512,0.8466448783874512,0.7562524676322937,1.0,0.24600653648376467,0.5,0.25399346351623536,0.0,0.0,4,64,26,0.40625,38.0,0.59375,0.59375,2,,,,,,,,,,,,,,,,,,,,,,,,,,,,,
01-9TZK,EMATent,0.9272525310516357,0.9272525310516357,0.7746849060058594,1.0,0.2218242406845093,0.5,0.2781757593154907,0.0,0.0,5,64,21,0.328125,43.0,0.671875,0.671875,2,,,,,,,,,,,,,,,,,,,,,,,,,,,,,
01-9TZK,EMATent,0.9367794990539551,0.9367794990539551,0.7728965878486633,1.0,0.2189661502838135,0.5,0.2810338497161865,0.0,0.0,6,29,18,0.6206896551724138,11.0,0.3793103448275862,0.6206896551724138,2,,,,,,,,,,,,,,,,,,,,,,,,,,,,,
01-9TZK,DynaMixEMATent,,,,,,,,,,0,64,32,0.5,32.0,0.5,0.5,2,0.23973822593688965,0.9878734946250916,0.9878734946250916,0.7481352686882019,0.4293735144970113,0.2742644371154613,0.29636204838752744,0.38978062011429415,63.22390365600586,0.19999999999999996,1.0,0.5620971918106079,0.2,0.0,1.0,23.0,0.359375,41.0,0.640625,0.640625,2.0,0.0,,,,,,,
01-9TZK,DynaMixEMATent,,,,,,,,,,1,64,44,0.6875,20.0,0.3125,0.6875,2,0.19325527548789978,0.8488699197769165,0.8488699197769165,0.6556146144866943,0.29751584186345004,0.44782318220347506,0.25466097593307496,0.6008315246395368,117.55157852172852,0.19999999999999996,1.0,0.5246556997299194,0.2,0.0,1.0,21.0,0.328125,43.0,0.671875,0.671875,2.0,0.1875,,,,,,,
01-9TZK,DynaMixEMATent,,,,,,,,,,2,64,0,0.0,64.0,1.0,1.0,1,0.11620824784040451,0.9978621006011963,0.9978621006011963,0.8816538453102112,0.1698122475672314,0.5308291222524099,0.29935863018035885,0.757633141744193,181.41475296020508,0.19999999999999996,1.0,0.5799542665481567,0.2,0.0,1.0,40.0,0.625,24.0,0.375,0.625,2.0,0.5,,,,,,,
01-9TZK,DynaMixEMATent,,,,,,,,,,3,64,21,0.328125,43.0,0.671875,0.671875,2,0.21137309074401855,0.9029619693756104,0.9029619693756104,0.6915888786315918,0.11251007833328418,0.6166013308540328,0.27088859081268307,0.8456887700348973,239.20431900024414,0.19999999999999996,1.0,0.4913247227668762,0.2,0.0,1.0,26.0,0.40625,38.0,0.59375,0.59375,2.0,0.171875,,,,,,,
01-9TZK,DynaMixEMATent,,,,,,,,,,4,64,26,0.40625,38.0,0.59375,0.59375,2,0.10171956568956375,0.9013403654098511,0.9013403654098511,0.7996208071708679,0.07173936512379891,0.6578585252532457,0.2704021096229553,0.9016727349818334,296.8901023864746,0.19999999999999996,1.0,0.5499128103256226,0.2,0.0,1.0,49.0,0.765625,15.0,0.234375,0.765625,2.0,0.09375,,,,,,,
01-9TZK,DynaMixEMATent,,,,,,,,,,5,64,21,0.328125,43.0,0.671875,0.671875,2,0.18633073568344116,0.9249255061149597,0.9249255061149597,0.7385947704315186,0.04473837673748585,0.6777839714280263,0.2774776518344879,0.9380802865806479,356.08533477783203,0.19999999999999996,1.0,0.5290735960006714,0.2,0.0,1.0,41.0,0.640625,23.0,0.359375,0.640625,2.0,0.171875,,,,,,,
01-9TZK,DynaMixEMATent,,,,,,,,,,6,29,18,0.6206896551724138,11.0,0.3793103448275862,0.6206896551724138,2,0.17644912004470825,0.9265940189361572,0.9265940189361572,0.750144898891449,0.03624158401010966,0.6857802103090432,0.27797820568084713,0.9498054154386233,382.9565613269806,0.19999999999999996,1.0,0.549531102180481,0.2,0.0,1.0,18.0,0.6206896551724138,11.0,0.3793103448275862,0.6206896551724138,2.0,0.12068965517241381,,,,,,,
01-9TZK,TEMA,,,,,,,,,,0,64,32,0.5,32.0,0.5,0.5,2,,,,,,,,,,,,,,,,,,,,,,,,,,,,,
01-9TZK,TEMA,,,,,,,,,,1,64,44,0.6875,20.0,0.3125,0.6875,2,,,,,,,,,,,,,,,,,,,,,,,,,,,,,
01-9TZK,TEMA,,,,,,,,,,2,64,0,0.0,64.0,1.0,1.0,1,,,,,,,,,,,,,,,,,,,,,,,,,,,,,
01-9TZK,TEMA,,,,,,,,,,3,64,21,0.328125,43.0,0.671875,0.671875,2,,,,,,,,,,,,,,,,,,,,,,,,,,,,,
01-9TZK,TEMA,,,,,,,,,,4,64,26,0.40625,38.0,0.59375,0.59375,2,,,,,,,,,,,,,,,,,,,,,,,,,,,,,
01-9TZK,TEMA,,,,,,,,,,5,64,21,0.328125,43.0,0.671875,0.671875,2,,,,,,,,,,,,,,,,,,,,,,,,,,,,,
01-9TZK,TEMA,,,,,,,,,,6,29,18,0.6206896551724138,11.0,0.3793103448275862,0.6206896551724138,2,,,,,,,,,,,,,,,,,,,,,,,,,,,,,
01-9TZK,DUA,,,,,,,,,,0,64,32,0.5,32.0,0.5,0.5,2,,,,,,,,,,,,,,,,,,,,,,,0.099,,,,,,
01-9TZK,DUA,,,,,,,,,,1,64,44,0.6875,20.0,0.3125,0.6875,2,,,,,,,,,,,,,,,,,,,,,,,0.09336,,,,,,
01-9TZK,DUA,,,,,,,,,,2,64,0,0.0,64.0,1.0,1.0,1,,,,,,,,,,,,,,,,,,,,,,,0.0880584,,,,,,
01-9TZK,DUA,,,,,,,,,,3,64,21,0.328125,43.0,0.671875,0.671875,2,,,,,,,,,,,,,,,,,,,,,,,0.083074896,,,,,,
01-9TZK,DUA,,,,,,,,,,4,64,26,0.40625,38.0,0.59375,0.59375,2,,,,,,,,,,,,,,,,,,,,,,,0.07839040223999999,,,,,,
01-9TZK,DUA,,,,,,,,,,5,64,21,0.328125,43.0,0.671875,0.671875,2,,,,,,,,,,,,,,,,,,,,,,,0.07398697810559998,,,,,,
01-9TZK,DUA,,,,,,,,,,6,29,18,0.6206896551724138,11.0,0.3793103448275862,0.6206896551724138,2,,,,,,,,,,,,,,,,,,,,,,,0.06984775941926398,,,,,,
01-9TZK,RoTTA,,,,,,,,,,0,64,32,0.5,32.0,0.5,0.5,2,,,,,,,,,,,,,,,,,,,,,,,,58.0,,,,,
01-9TZK,RoTTA,,,,,,,,,,1,64,44,0.6875,20.0,0.3125,0.6875,2,,,,,,,,,,,,,,,,,,,,,,,,64.0,,,,,
01-9TZK,RoTTA,,,,,,,,,,2,64,0,0.0,64.0,1.0,1.0,1,,,,,,,,,,,,,,,,,,,,,,,,64.0,,,,,
01-9TZK,RoTTA,,,,,,,,,,3,64,21,0.328125,43.0,0.671875,0.671875,2,,,,,,,,,,,,,,,,,,,,,,,,64.0,,,,,
01-9TZK,RoTTA,,,,,,,,,,4,64,26,0.40625,38.0,0.59375,0.59375,2,,,,,,,,,,,,,,,,,,,,,,,,64.0,,,,,
01-9TZK,RoTTA,,,,,,,,,,5,64,21,0.328125,43.0,0.671875,0.671875,2,,,,,,,,,,,,,,,,,,,,,,,,64.0,,,,,
01-9TZK,RoTTA,,,,,,,,,,6,29,18,0.6206896551724138,11.0,0.3793103448275862,0.6206896551724138,2,,,,,,,,,,,,,,,,,,,,,,,,64.0,,,,,
01-9TZK,NOTE,,,,,,,,,,0,64,32,0.5,32.0,0.5,0.5,2,,,,,,,,,,,,,,,,,,,,,,,,,64.0,1.0,0.5668061971664429,,
01-9TZK,NOTE,,,,,,,,,,1,64,44,0.6875,20.0,0.3125,0.6875,2,,,,,,,,,,,,,,,,,,,,,,,,,64.0,1.0,0.5567681193351746,,
01-9TZK,NOTE,,,,,,,,,,2,64,0,0.0,64.0,1.0,1.0,1,,,,,,,,,,,,,,,,,,,,,,,,,64.0,1.0,0.5686261653900146,,
01-9TZK,NOTE,,,,,,,,,,3,64,21,0.328125,43.0,0.671875,0.671875,2,,,,,,,,,,,,,,,,,,,,,,,,,64.0,1.0,0.46732982993125916,,
01-9TZK,NOTE,,,,,,,,,,4,64,26,0.40625,38.0,0.59375,0.59375,2,,,,,,,,,,,,,,,,,,,,,,,,,64.0,1.0,0.563768744468689,,
01-9TZK,NOTE,,,,,,,,,,5,64,21,0.328125,43.0,0.671875,0.671875,2,,,,,,,,,,,,,,,,,,,,,,,,,64.0,1.0,0.526512622833252,,
01-9TZK,NOTE,,,,,,,,,,6,29,18,0.6206896551724138,11.0,0.3793103448275862,0.6206896551724138,2,,,,,,,,,,,,,,,,,,,,,,,,,64.0,0.0,,,
01-9TZK,DELTA,,,,,,,,,,0,64,32,0.5,32.0,0.5,0.5,2,,,,,,,,,,,,,,,,,,,,,,,,,,,,0.15937159955501556,7.0
01-9TZK,DELTA,,,,,,,,,,1,64,44,0.6875,20.0,0.3125,0.6875,2,,,,,,,,,,,,,,,,,,,,,,,,,,,,0.08945564180612564,35.0
01-9TZK,DELTA,,,,,,,,,,2,64,0,0.0,64.0,1.0,1.0,1,,,,,,,,,,,,,,,,,,,,,,,,,,,,0.22921636700630188,15.0
01-9TZK,DELTA,,,,,,,,,,3,64,21,0.328125,43.0,0.671875,0.671875,2,,,,,,,,,,,,,,,,,,,,,,,,,,,,0.17793315649032593,26.0
01-9TZK,DELTA,,,,,,,,,,4,64,26,0.40625,38.0,0.59375,0.59375,2,,,,,,,,,,,,,,,,,,,,,,,,,,,,0.16762441396713257,32.0
01-9TZK,DELTA,,,,,,,,,,5,64,21,0.328125,43.0,0.671875,0.671875,2,,,,,,,,,,,,,,,,,,,,,,,,,,,,0.2164883315563202,24.0
01-9TZK,DELTA,,,,,,,,,,6,29,18,0.6206896551724138,11.0,0.3793103448275862,0.6206896551724138,2,,,,,,,,,,,,,,,,,,,,,,,,,,,,0.21164904534816742,20.0
02-9TZO,EMATent,0.8880552053451538,0.8880552053451538,0.7968673706054688,1.0,0.23358343839645387,0.5,0.26641656160354615,0.0,0.0,0,64,32,0.5,32.0,0.5,0.5,2,,,,,,,,,,,,,,,,,,,,,,,,,,,,,
02-9TZO,EMATent,0.628400981426239,0.628400981426239,0.8741280436515808,1.0,0.3114797055721283,0.5,0.1885202944278717,0.0,0.0,1,64,32,0.5,32.0,0.5,0.5,2,,,,,,,,,,,,,,,,,,,,,,,,,,,,,
02-9TZO,EMATent,0.6665037870407104,0.6665037870407104,0.8756543397903442,1.0,0.30004886388778684,0.5,0.19995113611221313,0.0,0.0,2,64,20,0.3125,44.0,0.6875,0.6875,2,,,,,,,,,,,,,,,,,,,,,,,,,,,,,
02-9TZO,EMATent,0.9907616376876831,0.9907616376876831,0.7395005226135254,1.0,0.2027715086936951,0.5,0.2972284913063049,0.0,0.0,3,64,42,0.65625,22.0,0.34375,0.65625,2,,,,,,,,,,,,,,,,,,,,,,,,,,,,,
02-9TZO,EMATent,0.9672824740409851,0.9672824740409851,0.773985743522644,1.0,0.2098152577877045,0.5,0.2901847422122955,0.0,0.0,4,64,24,0.375,40.0,0.625,0.625,2,,,,,,,,,,,,,,,,,,,,,,,,,,,,,
02-9TZO,EMATent,0.9332314133644104,0.9332314133644104,0.7763813734054565,1.0,0.22003057599067688,0.5,0.2799694240093231,0.0,0.0,5,64,27,0.421875,37.0,0.578125,0.578125,2,,,,,,,,,,,,,,,,,,,,,,,,,,,,,
02-9TZO,EMATent,0.8096372485160828,0.8096372485160828,0.8185674548149109,1.0,0.25710882544517516,0.5,0.2428911745548248,0.0,0.0,6,29,6,0.20689655172413793,23.0,0.7931034482758621,0.7931034482758621,2,,,,,,,,,,,,,,,,,,,,,,,,,,,,,
02-9TZO,DynaMixEMATent,,,,,,,,,,0,64,32,0.5,32.0,0.5,0.5,2,0.30124232172966003,0.8880552053451538,0.8880552053451538,0.5868129134178162,0.47055542025647745,0.26302801813997645,0.26641656160354615,0.3585522850882942,56.835533142089844,0.19999999999999996,1.0,0.43196526169776917,0.2,0.0,1.0,36.0,0.5625,28.0,0.4375,0.5625,2.0,0.0,,,,,,,
02-9TZO,DynaMixEMATent,,,,,,,,,,1,64,32,0.5,32.0,0.5,0.5,2,0.19088996946811676,0.5153260827064514,0.5153260827064514,0.32443609833717346,0.4191051390950678,0.4262970360929968,0.15459782481193543,0.5042535358962905,89.81640243530273,0.19999999999999996,1.0,0.33518922328948975,0.2,0.0,1.0,51.0,0.796875,13.0,0.203125,0.796875,2.0,0.0,,,,,,,
02-9TZO,DynaMixEMATent,,,,,,,,,,2,64,20,0.3125,44.0,0.6875,0.6875,2,0.2009984403848648,0.4849443733692169,0.4849443733692169,0.2839459478855133,0.33241134773472797,0.522105340254507,0.14548331201076506,0.6109949022564722,120.85284233093262,0.19999999999999996,1.0,0.4136165976524353,0.2,0.0,1.0,48.0,0.75,16.0,0.25,0.75,2.0,0.1875,,,,,,,
02-9TZO,DynaMixEMATent,,,,,,,,,,3,64,42,0.65625,22.0,0.34375,0.65625,2,0.3282964825630188,0.9999896883964539,0.9999896883964539,0.6716932058334351,0.16516204442354468,0.5348410490575193,0.2999969065189361,0.7640552649528933,184.85218238830566,0.19999999999999996,1.0,0.5134862661361694,0.2,0.0,1.0,25.0,0.390625,39.0,0.609375,0.609375,2.0,0.15625,,,,,,,
02-9TZO,DynaMixEMATent,,,,,,,,,,4,64,24,0.375,40.0,0.625,0.625,2,0.28224319219589233,0.9900901913642883,0.9900901913642883,0.707846999168396,0.10110055665424968,0.6018723859364639,0.2970270574092865,0.8561814395278757,248.21795463562012,0.19999999999999996,1.0,0.4854148030281067,0.2,0.0,1.0,28.0,0.4375,36.0,0.5625,0.5625,2.0,0.125,,,,,,,
02-9TZO,DynaMixEMATent,,,,,,,,,,5,64,27,0.421875,37.0,0.578125,0.578125,2,0.23333840072155,0.9030313491821289,0.9030313491821289,0.6696929335594177,0.06675836130412659,0.6623322339412347,0.27090940475463865,0.908436123385105,306.01196098327637,0.19999999999999996,1.0,0.47834646701812744,0.2,0.0,1.0,43.0,0.671875,21.0,0.328125,0.671875,2.0,0.078125,,,,,,,
02-9TZO,DynaMixEMATent,,,,,,,,,,6,29,6,0.20689655172413793,23.0,0.7931034482758621,0.7931034482758621,2,0.2547624707221985,0.7865740656852722,0.7865740656852722,0.5318116545677185,0.05853808208217623,0.7054896982122421,0.23597221970558166,0.9233822596612671,328.82260888814926,0.19999999999999996,1.0,0.5441926717758179,0.2,0.0,1.0,21.0,0.7241379310344828,8.0,0.27586206896551724,0.7241379310344828,2.0,0.2931034482758621,,,,,,,
02-9TZO,TEMA,,,,,,,,,,0,64,32,0.5,32.0,0.5,0.5,2,,,,,,,,,,,,,,,,,,,,,,,,,,,,,
02-9TZO,TEMA,,,,,,,,,,1,64,32,0.5,32.0,0.5,0.5,2,,,,,,,,,,,,,,,,,,,,,,,,,,,,,
02-9TZO,TEMA,,,,,,,,,,2,64,20,0.3125,44.0,0.6875,0.6875,2,,,,,,,,,,,,,,,,,,,,,,,,,,,,,
02-9TZO,TEMA,,,,,,,,,,3,64,42,0.65625,22.0,0.34375,0.65625,2,,,,,,,,,,,,,,,,,,,,,,,,,,,,,
02-9TZO,TEMA,,,,,,,,,,4,64,24,0.375,40.0,0.625,0.625,2,,,,,,,,,,,,,,,,,,,,,,,,,,,,,
02-9TZO,TEMA,,,,,,,,,,5,64,27,0.421875,37.0,0.578125,0.578125,2,,,,,,,,,,,,,,,,,,,,,,,,,,,,,
02-9TZO,TEMA,,,,,,,,,,6,29,6,0.20689655172413793,23.0,0.7931034482758621,0.7931034482758621,2,,,,,,,,,,,,,,,,,,,,,,,,,,,,,
02-9TZO,DUA,,,,,,,,,,0,64,32,0.5,32.0,0.5,0.5,2,,,,,,,,,,,,,,,,,,,,,,,0.099,,,,,,
02-9TZO,DUA,,,,,,,,,,1,64,32,0.5,32.0,0.5,0.5,2,,,,,,,,,,,,,,,,,,,,,,,0.09336,,,,,,
02-9TZO,DUA,,,,,,,,,,2,64,20,0.3125,44.0,0.6875,0.6875,2,,,,,,,,,,,,,,,,,,,,,,,0.0880584,,,,,,
02-9TZO,DUA,,,,,,,,,,3,64,42,0.65625,22.0,0.34375,0.65625,2,,,,,,,,,,,,,,,,,,,,,,,0.083074896,,,,,,
02-9TZO,DUA,,,,,,,,,,4,64,24,0.375,40.0,0.625,0.625,2,,,,,,,,,,,,,,,,,,,,,,,0.07839040223999999,,,,,,
02-9TZO,DUA,,,,,,,,,,5,64,27,0.421875,37.0,0.578125,0.578125,2,,,,,,,,,,,,,,,,,,,,,,,0.07398697810559998,,,,,,
02-9TZO,DUA,,,,,,,,,,6,29,6,0.20689655172413793,23.0,0.7931034482758621,0.7931034482758621,2,,,,,,,,,,,,,,,,,,,,,,,0.06984775941926398,,,,,,
02-9TZO,RoTTA,,,,,,,,,,0,64,32,0.5,32.0,0.5,0.5,2,,,,,,,,,,,,,,,,,,,,,,,,61.0,,,,,
02-9TZO,RoTTA,,,,,,,,,,1,64,32,0.5,32.0,0.5,0.5,2,,,,,,,,,,,,,,,,,,,,,,,,64.0,,,,,
02-9TZO,RoTTA,,,,,,,,,,2,64,20,0.3125,44.0,0.6875,0.6875,2,,,,,,,,,,,,,,,,,,,,,,,,64.0,,,,,
02-9TZO,RoTTA,,,,,,,,,,3,64,42,0.65625,22.0,0.34375,0.65625,2,,,,,,,,,,,,,,,,,,,,,,,,64.0,,,,,
02-9TZO,RoTTA,,,,,,,,,,4,64,24,0.375,40.0,0.625,0.625,2,,,,,,,,,,,,,,,,,,,,,,,,64.0,,,,,
02-9TZO,RoTTA,,,,,,,,,,5,64,27,0.421875,37.0,0.578125,0.578125,2,,,,,,,,,,,,,,,,,,,,,,,,64.0,,,,,
02-9TZO,RoTTA,,,,,,,,,,6,29,6,0.20689655172413793,23.0,0.7931034482758621,0.7931034482758621,2,,,,,,,,,,,,,,,,,,,,,,,,64.0,,,,,
02-9TZO,NOTE,,,,,,,,,,0,64,32,0.5,32.0,0.5,0.5,2,,,,,,,,,,,,,,,,,,,,,,,,,64.0,1.0,0.622621476650238,,
02-9TZO,NOTE,,,,,,,,,,1,64,32,0.5,32.0,0.5,0.5,2,,,,,,,,,,,,,,,,,,,,,,,,,64.0,1.0,0.4984774589538574,,
02-9TZO,NOTE,,,,,,,,,,2,64,20,0.3125,44.0,0.6875,0.6875,2,,,,,,,,,,,,,,,,,,,,,,,,,64.0,1.0,0.5274490714073181,,
02-9TZO,NOTE,,,,,,,,,,3,64,42,0.65625,22.0,0.34375,0.65625,2,,,,,,,,,,,,,,,,,,,,,,,,,64.0,1.0,0.5496306419372559,,
02-9TZO,NOTE,,,,,,,,,,4,64,24,0.375,40.0,0.625,0.625,2,,,,,,,,,,,,,,,,,,,,,,,,,64.0,1.0,0.5716549754142761,,
02-9TZO,NOTE,,,,,,,,,,5,64,27,0.421875,37.0,0.578125,0.578125,2,,,,,,,,,,,,,,,,,,,,,,,,,64.0,1.0,0.473673939704895,,
02-9TZO,NOTE,,,,,,,,,,6,29,6,0.20689655172413793,23.0,0.7931034482758621,0.7931034482758621,2,,,,,,,,,,,,,,,,,,,,,,,,,64.0,0.0,,,
02-9TZO,DELTA,,,,,,,,,,0,64,32,0.5,32.0,0.5,0.5,2,,,,,,,,,,,,,,,,,,,,,,,,,,,,0.3098980784416199,2.0
02-9TZO,DELTA,,,,,,,,,,1,64,32,0.5,32.0,0.5,0.5,2,,,,,,,,,,,,,,,,,,,,,,,,,,,,0.08272572606801987,39.0
02-9TZO,DELTA,,,,,,,,,,2,64,20,0.3125,44.0,0.6875,0.6875,2,,,,,,,,,,,,,,,,,,,,,,,,,,,,0.09036137908697128,43.0
02-9TZO,DELTA,,,,,,,,,,3,64,42,0.65625,22.0,0.34375,0.65625,2,,,,,,,,,,,,,,,,,,,,,,,,,,,,0.11816850304603577,29.0
02-9TZO,DELTA,,,,,,,,,,4,64,24,0.375,40.0,0.625,0.625,2,,,,,,,,,,,,,,,,,,,,,,,,,,,,0.15574149787425995,31.0
02-9TZO,DELTA,,,,,,,,,,5,64,27,0.421875,37.0,0.578125,0.578125,2,,,,,,,,,,,,,,,,,,,,,,,,,,,,0.12408151477575302,42.0
02-9TZO,DELTA,,,,,,,,,,6,29,6,0.20689655172413793,23.0,0.7931034482758621,0.7931034482758621,2,,,,,,,,,,,,,,,,,,,,,,,,,,,,0.14961214363574982,13.0
03-9U4C,EMATent,0.99988853931427,0.99988853931427,0.7832183241844177,1.0,0.200033438205719,0.5,0.299966561794281,0.0,0.0,0,64,21,0.328125,43.0,0.671875,0.671875,2,,,,,,,,,,,,,,,,,,,,,,,,,,,,,
03-9U4C,EMATent,0.9992648363113403,0.9992648363113403,0.7240966558456421,1.0,0.20022054910659792,0.5,0.2997794508934021,0.0,0.0,1,64,45,0.703125,19.0,0.296875,0.703125,2,,,,,,,,,,,,,,,,,,,,,,,,,,,,,
03-9U4C,EMATent,0.9655460119247437,0.9655460119247437,0.8088962435722351,1.0,0.21033619642257692,0.5,0.2896638035774231,0.0,0.0,2,64,53,0.828125,11.0,0.171875,0.828125,2,,,,,,,,,,,,,,,,,,,,,,,,,,,,,
03-9U4C,EMATent,0.9986632466316223,0.9986632466316223,0.7915284633636475,1.0,0.20040102601051332,0.5,0.2995989739894867,0.0,0.0,3,64,33,0.515625,31.0,0.484375,0.515625,2,,,,,,,,,,,,,,,,,,,,,,,,,,,,,
03-9U4C,EMATent,0.8973081111907959,0.8973081111907959,0.8226482272148132,1.0,0.23080756664276125,0.5,0.26919243335723875,0.0,0.0,4,64,38,0.59375,26.0,0.40625,0.59375,2,,,,,,,,,,,,,,,,,,,,,,,,,,,,,
03-9U4C,EMATent,0.9263156056404114,0.9263156056404114,0.7733113765716553,1.0,0.2221053183078766,0.5,0.2778946816921234,0.0,0.0,5,64,53,0.828125,11.0,0.171875,0.828125,2,,,,,,,,,,,,,,,,,,,,,,,,,,,,,
03-9U4C,EMATent,0.999760627746582,0.999760627746582,0.7108078002929688,1.0,0.2000718116760254,0.5,0.2999281883239746,0.0,0.0,6,29,29,1.0,,,1.0,1,,,,,,,,,,,,,,,,,,,,,,,,,,,,,
03-9U4C,DynaMixEMATent,,,,,,,,,,0,64,21,0.328125,43.0,0.671875,0.671875,2,0.3500365912914276,0.99988853931427,0.99988853931427,0.6498519778251648,0.42461540639861395,0.275418031807105,0.299966561794281,0.3934355371838222,63.99286651611328,0.19999999999999996,1.0,0.4406459331512451,0.2,0.0,1.0,35.0,0.546875,29.0,0.453125,0.546875,2.0,0.171875,,,,,,,
03-9U4C,DynaMixEMATent,,,,,,,,,,1,64,45,0.703125,19.0,0.296875,0.703125,2,0.20633600652217865,0.995722770690918,0.995722770690918,0.7893867492675781,0.2585543957492492,0.44272877304347535,0.2987168312072754,0.6313124180716376,127.71912384033203,0.19999999999999996,1.0,0.5484120845794678,0.2,0.0,1.0,28.0,0.4375,36.0,0.5625,0.5625,2.0,0.203125,,,,,,,
03-9U4C,DynaMixEMATent,,,,,,,,,,2,64,53,0.828125,11.0,0.171875,0.828125,2,0.35668179392814636,0.9774947762489319,0.9774947762489319,0.6208130121231079,0.15983246466669881,0.5469191024586216,0.29324843287467955,0.7738491542129718,190.27878952026367,0.19999999999999996,1.0,0.3922767639160156,0.2,0.0,1.0,19.0,0.296875,45.0,0.703125,0.703125,2.0,0.328125,,,,,,,
03-9U4C,DynaMixEMATent,,,,,,,,,,3,64,33,0.515625,31.0,0.484375,0.515625,2,0.4074535667896271,0.9970365762710571,0.9970365762710571,0.5895830392837524,0.09628169683344635,0.6046073302852366,0.2991109728813171,0.8626291850662077,254.08913040161133,0.19999999999999996,1.0,0.46015673875808716,0.2,0.0,1.0,35.0,0.546875,29.0,0.453125,0.546875,2.0,0.015625,,,,,,,
03-9U4C,DynaMixEMATent,,,,,,,,,,4,64,38,0.59375,26.0,0.40625,0.59375,2,0.29215699434280396,0.8916716575622559,0.8916716575622559,0.5995146632194519,0.06442837468625871,0.6680701280450646,0.2675014972686767,0.9120429947009862,311.1561164855957,0.19999999999999996,1.0,0.49573376774787903,0.2,0.0,1.0,43.0,0.671875,21.0,0.328125,0.671875,2.0,0.09375,,,,,,,
03-9U4C,DynaMixEMATent,,,,,,,,,,5,64,53,0.828125,11.0,0.171875,0.828125,2,0.257853239774704,0.9734538793563843,0.9734538793563843,0.7156006097793579,0.03827354451746347,0.6696902916756212,0.29203616380691527,0.9459385599082705,373.4571647644043,0.19999999999999996,1.0,0.4947837293148041,0.2,0.0,1.0,14.0,0.21875,50.0,0.78125,0.78125,2.0,0.328125,,,,,,,
03-9U4C,DynaMixEMATent,,,,,,,,,,6,29,29,1.0,,,1.0,1,0.20004059374332428,0.9999637007713318,0.9999637007713318,0.7999231219291687,0.030171794048603765,0.6698390957199967,0.2999891102313995,0.9568981076014724,402.4561120867729,0.19999999999999996,1.0,0.5005796551704407,0.2,0.0,1.0,18.0,0.6206896551724138,11.0,0.3793103448275862,0.6206896551724138,2.0,0.0,,,,,,,
03-9U4C,TEMA,,,,,,,,,,0,64,21,0.328125,43.0,0.671875,0.671875,2,,,,,,,,,,,,,,,,,,,,,,,,,,,,,
03-9U4C,TEMA,,,,,,,,,,1,64,45,0.703125,19.0,0.296875,0.703125,2,,,,,,,,,,,,,,,,,,,,,,,,,,,,,
03-9U4C,TEMA,,,,,,,,,,2,64,53,0.828125,11.0,0.171875,0.828125,2,,,,,,,,,,,,,,,,,,,,,,,,,,,,,
03-9U4C,TEMA,,,,,,,,,,3,64,33,0.515625,31.0,0.484375,0.515625,2,,,,,,,,,,,,,,,,,,,,,,,,,,,,,
03-9U4C,TEMA,,,,,,,,,,4,64,38,0.59375,26.0,0.40625,0.59375,2,,,,,,,,,,,,,,,,,,,,,,,,,,,,,
03-9U4C,TEMA,,,,,,,,,,5,64,53,0.828125,11.0,0.171875,0.828125,2,,,,,,,,,,,,,,,,,,,,,,,,,,,,,
03-9U4C,TEMA,,,,,,,,,,6,29,29,1.0,0.0,0.0,1.0,1,,,,,,,,,,,,,,,,,,,,,,,,,,,,,
03-9U4C,DUA,,,,,,,,,,0,64,21,0.328125,43.0,0.671875,0.671875,2,,,,,,,,,,,,,,,,,,,,,,,0.099,,,,,,
03-9U4C,DUA,,,,,,,,,,1,64,45,0.703125,19.0,0.296875,0.703125,2,,,,,,,,,,,,,,,,,,,,,,,0.09336,,,,,,
03-9U4C,DUA,,,,,,,,,,2,64,53,0.828125,11.0,0.171875,0.828125,2,,,,,,,,,,,,,,,,,,,,,,,0.0880584,,,,,,
03-9U4C,DUA,,,,,,,,,,3,64,33,0.515625,31.0,0.484375,0.515625,2,,,,,,,,,,,,,,,,,,,,,,,0.083074896,,,,,,
03-9U4C,DUA,,,,,,,,,,4,64,38,0.59375,26.0,0.40625,0.59375,2,,,,,,,,,,,,,,,,,,,,,,,0.07839040223999999,,,,,,
03-9U4C,DUA,,,,,,,,,,5,64,53,0.828125,11.0,0.171875,0.828125,2,,,,,,,,,,,,,,,,,,,,,,,0.07398697810559998,,,,,,
03-9U4C,DUA,,,,,,,,,,6,29,29,1.0,0.0,0.0,1.0,1,,,,,,,,,,,,,,,,,,,,,,,0.06984775941926398,,,,,,
03-9U4C,RoTTA,,,,,,,,,,0,64,21,0.328125,43.0,0.671875,0.671875,2,,,,,,,,,,,,,,,,,,,,,,,,60.0,,,,,
03-9U4C,RoTTA,,,,,,,,,,1,64,45,0.703125,19.0,0.296875,0.703125,2,,,,,,,,,,,,,,,,,,,,,,,,64.0,,,,,
03-9U4C,RoTTA,,,,,,,,,,2,64,53,0.828125,11.0,0.171875,0.828125,2,,,,,,,,,,,,,,,,,,,,,,,,64.0,,,,,
03-9U4C,RoTTA,,,,,,,,,,3,64,33,0.515625,31.0,0.484375,0.515625,2,,,,,,,,,,,,,,,,,,,,,,,,64.0,,,,,
03-9U4C,RoTTA,,,,,,,,,,4,64,38,0.59375,26.0,0.40625,0.59375,2,,,,,,,,,,,,,,,,,,,,,,,,64.0,,,,,
03-9U4C,RoTTA,,,,,,,,,,5,64,53,0.828125,11.0,0.171875,0.828125,2,,,,,,,,,,,,,,,,,,,,,,,,64.0,,,,,
03-9U4C,RoTTA,,,,,,,,,,6,29,29,1.0,0.0,0.0,1.0,1,,,,,,,,,,,,,,,,,,,,,,,,64.0,,,,,
03-9U4C,NOTE,,,,,,,,,,0,64,21,0.328125,43.0,0.671875,0.671875,2,,,,,,,,,,,,,,,,,,,,,,,,,64.0,1.0,0.5718634128570557,,
03-9U4C,NOTE,,,,,,,,,,1,64,45,0.703125,19.0,0.296875,0.703125,2,,,,,,,,,,,,,,,,,,,,,,,,,64.0,1.0,0.4704573452472687,,
03-9U4C,NOTE,,,,,,,,,,2,64,53,0.828125,11.0,0.171875,0.828125,2,,,,,,,,,,,,,,,,,,,,,,,,,64.0,1.0,0.48688042163848877,,
03-9U4C,NOTE,,,,,,,,,,3,64,33,0.515625,31.0,0.484375,0.515625,2,,,,,,,,,,,,,,,,,,,,,,,,,64.0,1.0,0.4844833016395569,,
03-9U4C,NOTE,,,,,,,,,,4,64,38,0.59375,26.0,0.40625,0.59375,2,,,,,,,,,,,,,,,,,,,,,,,,,64.0,1.0,0.5730980634689331,,
03-9U4C,NOTE,,,,,,,,,,5,64,53,0.828125,11.0,0.171875,0.828125,2,,,,,,,,,,,,,,,,,,,,,,,,,64.0,1.0,0.5610595941543579,,
03-9U4C,NOTE,,,,,,,,,,6,29,29,1.0,0.0,0.0,1.0,1,,,,,,,,,,,,,,,,,,,,,,,,,64.0,0.0,,,
03-9U4C,DELTA,,,,,,,,,,0,64,21,0.328125,43.0,0.671875,0.671875,2,,,,,,,,,,,,,,,,,,,,,,,,,,,,0.16445645689964294,8.0
03-9U4C,DELTA,,,,,,,,,,1,64,45,0.703125,19.0,0.296875,0.703125,2,,,,,,,,,,,,,,,,,,,,,,,,,,,,0.031219681724905968,41.0
03-9U4C,DELTA,,,,,,,,,,2,64,53,0.828125,11.0,0.171875,0.828125,2,,,,,,,,,,,,,,,,,,,,,,,,,,,,0.170306995511055,31.0
03-9U4C,DELTA,,,,,,,,,,3,64,33,0.515625,31.0,0.484375,0.515625,2,,,,,,,,,,,,,,,,,,,,,,,,,,,,0.08772733807563782,31.0
03-9U4C,DELTA,,,,,,,,,,4,64,38,0.59375,26.0,0.40625,0.59375,2,,,,,,,,,,,,,,,,,,,,,,,,,,,,0.1303447037935257,23.0
03-9U4C,DELTA,,,,,,,,,,5,64,53,0.828125,11.0,0.171875,0.828125,2,,,,,,,,,,,,,,,,,,,,,,,,,,,,0.09212572127580643,33.0
03-9U4C,DELTA,,,,,,,,,,6,29,29,1.0,0.0,0.0,1.0,1,,,,,,,,,,,,,,,,,,,,,,,,,,,,0.1279166042804718,5.0
04-9U66,EMATent,0.7970540523529053,0.7970540523529053,0.8184459209442139,1.0,0.2608837842941284,0.5,0.23911621570587158,0.0,0.0,0,64,21,0.328125,43.0,0.671875,0.671875,2,,,,,,,,,,,,,,,,,,,,,,,,,,,,,
04-9U66,EMATent,0.9975394606590271,0.9975394606590271,0.7200160026550293,1.0,0.20073816180229187,0.5,0.29926183819770813,0.0,0.0,1,64,22,0.34375,42.0,0.65625,0.65625,2,,,,,,,,,,,,,,,,,,,,,,,,,,,,,
04-9U66,EMATent,0.9999213218688965,0.9999213218688965,0.7476056814193726,1.0,0.20002360343933107,0.5,0.29997639656066893,0.0,0.0,2,64,33,0.515625,31.0,0.484375,0.515625,2,,,,,,,,,,,,,,,,,,,,,,,,,,,,,
04-9U66,EMATent,0.9987202882766724,0.9987202882766724,0.6934223771095276,1.0,0.2003839135169983,0.5,0.2996160864830017,0.0,0.0,3,64,25,0.390625,39.0,0.609375,0.609375,2,,,,,,,,,,,,,,,,,,,,,,,,,,,,,
04-9U66,EMATent,0.9891355037689209,0.9891355037689209,0.8169862031936646,1.0,0.20325934886932373,0.5,0.29674065113067627,0.0,0.0,4,64,8,0.125,56.0,0.875,0.875,2,,,,,,,,,,,,,,,,,,,,,,,,,,,,,
04-9U66,EMATent,0.853692352771759,0.853692352771759,0.8461822867393494,1.0,0.2438922941684723,0.5,0.2561077058315277,0.0,0.0,5,64,33,0.515625,31.0,0.484375,0.515625,2,,,,,,,,,,,,,,,,,,,,,,,,,,,,,
04-9U66,EMATent,0.9800248742103577,0.9800248742103577,0.7206183671951294,1.0,0.20599253773689272,0.5,0.2940074622631073,0.0,0.0,6,29,8,0.27586206896551724,21.0,0.7241379310344828,0.7241379310344828,2,,,,,,,,,,,,,,,,,,,,,,,,,,,,,
04-9U66,DynaMixEMATent,,,,,,,,,,0,64,21,0.328125,43.0,0.671875,0.671875,2,0.23000004887580872,0.7970540523529053,0.7970540523529053,0.5670539736747742,0.5107874760538954,0.25009630824023293,0.23911621570587158,0.3286918625454046,51.01145935058594,0.19999999999999996,1.0,0.45371362566947937,0.2,0.0,1.0,22.0,0.34375,42.0,0.65625,0.65625,2.0,0.171875,,,,,,,
04-9U66,DynaMixEMATent,,,,,,,,,,1,64,22,0.34375,42.0,0.65625,0.65625,2,0.15894310176372528,0.9860499501228333,0.9860499501228333,0.8271068930625916,0.2887291714530368,0.41545584351011333,0.29581498503684994,0.5899810911651593,114.11865615844727,0.19999999999999996,1.0,0.4868248701095581,0.2,0.0,1.0,39.0,0.609375,25.0,0.390625,0.609375,2.0,0.15625,,,,,,,
04-9U66,DynaMixEMATent,,,,,,,,,,2,64,33,0.515625,31.0,0.484375,0.515625,2,0.24780498445034027,0.9942672848701477,0.9942672848701477,0.746462345123291,0.17501095222237514,0.5267088623165805,0.2982801854610443,0.7505971064286379,177.75176239013672,0.19999999999999996,1.0,0.5591794848442078,0.2,0.0,1.0,26.0,0.40625,38.0,0.59375,0.59375,2.0,0.015625,,,,,,,
04-9U66,DynaMixEMATent,,,,,,,,,,3,64,25,0.390625,39.0,0.609375,0.609375,2,0.12036635726690292,0.9988829493522644,0.9988829493522644,0.8785166144371033,0.10599923086855369,0.594335884325767,0.2996648848056793,0.8486449864231893,241.68027114868164,0.19999999999999996,1.0,0.5902315378189087,0.2,0.0,1.0,29.0,0.453125,35.0,0.546875,0.546875,2.0,0.109375,,,,,,,
04-9U66,DynaMixEMATent,,,,,,,,,,4,64,8,0.125,56.0,0.875,0.875,2,0.3123227655887604,0.977760910987854,0.977760910987854,0.665438175201416,0.06559888281586027,0.6410728438877835,0.2933282732963562,0.9071720569296663,304.2569694519043,0.19999999999999996,1.0,0.41360244154930115,0.2,0.0,1.0,36.0,0.5625,28.0,0.4375,0.5625,2.0,0.375,,,,,,,
04-9U66,DynaMixEMATent,,,,,,,,,,5,64,33,0.515625,31.0,0.484375,0.515625,2,0.2905891537666321,0.8572214841842651,0.8572214841842651,0.5666323304176331,0.04491867739393244,0.697914877350788,0.25716644525527954,0.9395306295642918,359.11914443969727,0.19999999999999996,1.0,0.43199867010116577,0.2,0.0,1.0,46.0,0.71875,18.0,0.28125,0.71875,2.0,0.015625,,,,,,,
04-9U66,DynaMixEMATent,,,,,,,,,,6,29,8,0.27586206896551724,21.0,0.7241379310344828,0.7241379310344828,2,0.17082417011260986,0.9610694646835327,0.9610694646835327,0.7902452945709229,0.03461428908630432,0.6770648715086359,0.2883208394050598,0.951362508553197,386.9901589155197,0.19999999999999996,1.0,0.5273290872573853,0.2,0.0,1.0,14.0,0.4827586206896552,15.0,0.5172413793103449,0.5172413793103449,2.0,0.22413793103448276,,,,,,,
04-9U66,TEMA,,,,,,,,,,0,64,21,0.328125,43.0,0.671875,0.671875,2,,,,,,,,,,,,,,,,,,,,,,,,,,,,,
04-9U66,TEMA,,,,,,,,,,1,64,22,0.34375,42.0,0.65625,0.65625,2,,,,,,,,,,,,,,,,,,,,,,,,,,,,,
04-9U66,TEMA,,,,,,,,,,2,64,33,0.515625,31.0,0.484375,0.515625,2,,,,,,,,,,,,,,,,,,,,,,,,,,,,,
04-9U66,TEMA,,,,,,,,,,3,64,25,0.390625,39.0,0.609375,0.609375,2,,,,,,,,,,,,,,,,,,,,,,,,,,,,,
04-9U66,TEMA,,,,,,,,,,4,64,8,0.125,56.0,0.875,0.875,2,,,,,,,,,,,,,,,,,,,,,,,,,,,,,
04-9U66,TEMA,,,,,,,,,,5,64,33,0.515625,31.0,0.484375,0.515625,2,,,,,,,,,,,,,,,,,,,,,,,,,,,,,
04-9U66,TEMA,,,,,,,,,,6,29,8,0.27586206896551724,21.0,0.7241379310344828,0.7241379310344828,2,,,,,,,,,,,,,,,,,,,,,,,,,,,,,
04-9U66,DUA,,,,,,,,,,0,64,21,0.328125,43.0,0.671875,0.671875,2,,,,,,,,,,,,,,,,,,,,,,,0.099,,,,,,
04-9U66,DUA,,,,,,,,,,1,64,22,0.34375,42.0,0.65625,0.65625,2,,,,,,,,,,,,,,,,,,,,,,,0.09336,,,,,,
04-9U66,DUA,,,,,,,,,,2,64,33,0.515625,31.0,0.484375,0.515625,2,,,,,,,,,,,,,,,,,,,,,,,0.0880584,,,,,,
04-9U66,DUA,,,,,,,,,,3,64,25,0.390625,39.0,0.609375,0.609375,2,,,,,,,,,,,,,,,,,,,,,,,0.083074896,,,,,,
04-9U66,DUA,,,,,,,,,,4,64,8,0.125,56.0,0.875,0.875,2,,,,,,,,,,,,,,,,,,,,,,,0.07839040223999999,,,,,,
04-9U66,DUA,,,,,,,,,,5,64,33,0.515625,31.0,0.484375,0.515625,2,,,,,,,,,,,,,,,,,,,,,,,0.07398697810559998,,,,,,
04-9U66,DUA,,,,,,,,,,6,29,8,0.27586206896551724,21.0,0.7241379310344828,0.7241379310344828,2,,,,,,,,,,,,,,,,,,,,,,,0.06984775941926398,,,,,,
04-9U66,RoTTA,,,,,,,,,,0,64,21,0.328125,43.0,0.671875,0.671875,2,,,,,,,,,,,,,,,,,,,,,,,,62.0,,,,,
04-9U66,RoTTA,,,,,,,,,,1,64,22,0.34375,42.0,0.65625,0.65625,2,,,,,,,,,,,,,,,,,,,,,,,,64.0,,,,,
04-9U66,RoTTA,,,,,,,,,,2,64,33,0.515625,31.0,0.484375,0.515625,2,,,,,,,,,,,,,,,,,,,,,,,,64.0,,,,,
04-9U66,RoTTA,,,,,,,,,,3,64,25,0.390625,39.0,0.609375,0.609375,2,,,,,,,,,,,,,,,,,,,,,,,,64.0,,,,,
04-9U66,RoTTA,,,,,,,,,,4,64,8,0.125,56.0,0.875,0.875,2,,,,,,,,,,,,,,,,,,,,,,,,64.0,,,,,
04-9U66,RoTTA,,,,,,,,,,5,64,33,0.515625,31.0,0.484375,0.515625,2,,,,,,,,,,,,,,,,,,,,,,,,64.0,,,,,
04-9U66,RoTTA,,,,,,,,,,6,29,8,0.27586206896551724,21.0,0.7241379310344828,0.7241379310344828,2,,,,,,,,,,,,,,,,,,,,,,,,64.0,,,,,
04-9U66,NOTE,,,,,,,,,,0,64,21,0.328125,43.0,0.671875,0.671875,2,,,,,,,,,,,,,,,,,,,,,,,,,64.0,1.0,0.5081249475479126,,
04-9U66,NOTE,,,,,,,,,,1,64,22,0.34375,42.0,0.65625,0.65625,2,,,,,,,,,,,,,,,,,,,,,,,,,64.0,1.0,0.4909129738807678,,
04-9U66,NOTE,,,,,,,,,,2,64,33,0.515625,31.0,0.484375,0.515625,2,,,,,,,,,,,,,,,,,,,,,,,,,64.0,1.0,0.5182617902755737,,
04-9U66,NOTE,,,,,,,,,,3,64,25,0.390625,39.0,0.609375,0.609375,2,,,,,,,,,,,,,,,,,,,,,,,,,64.0,1.0,0.5428522825241089,,
04-9U66,NOTE,,,,,,,,,,4,64,8,0.125,56.0,0.875,0.875,2,,,,,,,,,,,,,,,,,,,,,,,,,64.0,1.0,0.525354266166687,,
04-9U66,NOTE,,,,,,,,,,5,64,33,0.515625,31.0,0.484375,0.515625,2,,,,,,,,,,,,,,,,,,,,,,,,,64.0,1.0,0.5437243580818176,,
04-9U66,NOTE,,,,,,,,,,6,29,8,0.27586206896551724,21.0,0.7241379310344828,0.7241379310344828,2,,,,,,,,,,,,,,,,,,,,,,,,,64.0,0.0,,,
04-9U66,DELTA,,,,,,,,,,0,64,21,0.328125,43.0,0.671875,0.671875,2,,,,,,,,,,,,,,,,,,,,,,,,,,,,0.24718108773231506,14.0
04-9U66,DELTA,,,,,,,,,,1,64,22,0.34375,42.0,0.65625,0.65625,2,,,,,,,,,,,,,,,,,,,,,,,,,,,,0.15805645287036896,22.0
04-9U66,DELTA,,,,,,,,,,2,64,33,0.515625,31.0,0.484375,0.515625,2,,,,,,,,,,,,,,,,,,,,,,,,,,,,0.21274864673614502,20.0
04-9U66,DELTA,,,,,,,,,,3,64,25,0.390625,39.0,0.609375,0.609375,2,,,,,,,,,,,,,,,,,,,,,,,,,,,,0.12282294780015945,31.0
04-9U66,DELTA,,,,,,,,,,4,64,8,0.125,56.0,0.875,0.875,2,,,,,,,,,,,,,,,,,,,,,,,,,,,,0.1264539361000061,43.0
04-9U66,DELTA,,,,,,,,,,5,64,33,0.515625,31.0,0.484375,0.515625,2,,,,,,,,,,,,,,,,,,,,,,,,,,,,0.09787201881408691,41.0
04-9U66,DELTA,,,,,,,,,,6,29,8,0.27586206896551724,21.0,0.7241379310344828,0.7241379310344828,2,,,,,,,,,,,,,,,,,,,,,,,,,,,,0.17789870500564575,7.0
05-9U8B,EMATent,0.8121954798698425,0.8121954798698425,0.7768882513046265,1.0,0.25634135603904723,0.5,0.24365864396095274,0.0,0.0,0,64,0,0.0,64.0,1.0,1.0,1,,,,,,,,,,,,,,,,,,,,,,,,,,,,,
05-9U8B,EMATent,0.9857720732688904,0.9857720732688904,0.7423629760742188,1.0,0.2042683780193329,0.5,0.2957316219806671,0.0,0.0,1,64,20,0.3125,44.0,0.6875,0.6875,2,,,,,,,,,,,,,,,,,,,,,,,,,,,,,
05-9U8B,EMATent,0.998848557472229,0.998848557472229,0.8174084424972534,1.0,0.2003454327583313,0.5,0.29965456724166867,0.0,0.0,2,64,23,0.359375,41.0,0.640625,0.640625,2,,,,,,,,,,,,,,,,,,,,,,,,,,,,,
05-9U8B,EMATent,0.9974427819252014,0.9974427819252014,0.8409633636474609,1.0,0.20076716542243958,0.5,0.2992328345775604,0.0,0.0,3,64,22,0.34375,42.0,0.65625,0.65625,2,,,,,,,,,,,,,,,,,,,,,,,,,,,,,
05-9U8B,EMATent,0.9513686299324036,0.9513686299324036,0.7523269653320312,1.0,0.21458941102027895,0.5,0.28541058897972105,0.0,0.0,4,64,21,0.328125,43.0,0.671875,0.671875,2,,,,,,,,,,,,,,,,,,,,,,,,,,,,,
05-9U8B,EMATent,0.9444433450698853,0.9444433450698853,0.8024895191192627,1.0,0.21666699647903442,0.5,0.2833330035209656,0.0,0.0,5,64,26,0.40625,38.0,0.59375,0.59375,2,,,,,,,,,,,,,,,,,,,,,,,,,,,,,
05-9U8B,EMATent,0.9979169368743896,0.9979169368743896,0.78655606508255,1.0,0.2006249189376831,0.5,0.29937508106231686,0.0,0.0,6,29,6,0.20689655172413793,23.0,0.7931034482758621,0.7931034482758621,2,,,,,,,,,,,,,,,,,,,,,,,,,,,,,
05-9U8B,DynaMixEMATent,,,,,,,,,,0,64,0,0.0,64.0,1.0,1.0,1,0.1551019549369812,0.8121954798698425,0.8121954798698425,0.6570935249328613,0.5039086811640178,0.2524326748750295,0.24365864396095274,0.33375495450495674,51.98051071166992,0.19999999999999996,1.0,0.4607338309288025,0.2,0.0,1.0,45.0,0.703125,19.0,0.296875,0.703125,2.0,0.5,,,,,,,
05-9U8B,DynaMixEMATent,,,,,,,,,,1,64,20,0.3125,44.0,0.6875,0.6875,2,0.22097517549991608,0.9990599155426025,0.9990599155426025,0.7780847549438477,0.28311564380738724,0.41716638152983204,0.2997179746627808,0.5957119652313602,115.92034530639648,0.19999999999999996,1.0,0.5202803015708923,0.2,0.0,1.0,34.0,0.53125,30.0,0.46875,0.53125,2.0,0.1875,,,,,,,
05-9U8B,DynaMixEMATent,,,,,,,,,,2,64,23,0.359375,41.0,0.640625,0.640625,2,0.35855159163475037,0.9946410059928894,0.9946410059928894,0.6360894441604614,0.17250499846271797,0.5291026997394153,0.2983923017978668,0.7541289827566583,179.5773696899414,0.19999999999999996,1.0,0.466532826423645,0.2,0.0,1.0,28.0,0.4375,36.0,0.5625,0.5625,2.0,0.140625,,,,,,,
05-9U8B,DynaMixEMATent,,,,,,,,,,3,64,22,0.34375,42.0,0.65625,0.65625,2,0.43755149841308594,0.9975356459617615,0.9975356459617615,0.5599841475486755,0.10462891063595793,0.5961103955755136,0.29926069378852843,0.8506878239760356,243.41965103149414,0.19999999999999996,1.0,0.40695998072624207,0.2,0.0,1.0,32.0,0.5,32.0,0.5,0.5,2.0,0.15625,,,,,,,
05-9U8B,DynaMixEMATent,,,,,,,,,,4,64,21,0.328125,43.0,0.671875,0.671875,2,0.2686370313167572,0.9263861179351807,0.9263861179351807,0.6577490568161011,0.06784547012303495,0.6542386944964108,0.2779158353805542,0.9060421576219013,302.7083625793457,0.19999999999999996,1.0,0.4353804588317871,0.2,0.0,1.0,23.0,0.359375,41.0,0.640625,0.640625,2.0,0.171875,,,,,,,
05-9U8B,DynaMixEMATent,,,,,,,,,,5,64,26,0.40625,38.0,0.59375,0.59375,2,0.3354140520095825,0.9662250280380249,0.9662250280380249,0.6308109760284424,0.041158479283874,0.6689740123047185,0.28986750841140746,0.9420411264497968,364.5467643737793,0.19999999999999996,1.0,0.5675486326217651,0.2,0.0,1.0,29.0,0.453125,35.0,0.546875,0.546875,2.0,0.09375,,,,,,,
05-9U8B,DynaMixEMATent,,,,,,,,,,6,29,6,0.20689655172413793,23.0,0.7931034482758621,0.7931034482758621,2,0.31905993819236755,0.9839413166046143,0.9839413166046143,0.6648813486099243,0.032687516671128056,0.6721300883474877,0.29518239498138427,0.9536227295709154,393.0810625553131,0.19999999999999996,1.0,0.5054416656494141,0.2,0.0,1.0,13.0,0.4482758620689655,16.0,0.5517241379310345,0.5517241379310345,2.0,0.2931034482758621,,,,,,,
05-9U8B,TEMA,,,,,,,,,,0,64,0,0.0,64.0,1.0,1.0,1,,,,,,,,,,,,,,,,,,,,,,,,,,,,,
05-9U8B,TEMA,,,,,,,,,,1,64,20,0.3125,44.0,0.6875,0.6875,2,,,,,,,,,,,,,,,,,,,,,,,,,,,,,
05-9U8B,TEMA,,,,,,,,,,2,64,23,0.359375,41.0,0.640625,0.640625,2,,,,,,,,,,,,,,,,,,,,,,,,,,,,,
05-9U8B,TEMA,,,,,,,,,,3,64,22,0.34375,42.0,0.65625,0.65625,2,,,,,,,,,,,,,,,,,,,,,,,,,,,,,
05-9U8B,TEMA,,,,,,,,,,4,64,21,0.328125,43.0,0.671875,0.671875,2,,,,,,,,,,,,,,,,,,,,,,,,,,,,,
05-9U8B,TEMA,,,,,,,,,,5,64,26,0.40625,38.0,0.59375,0.59375,2,,,,,,,,,,,,,,,,,,,,,,,,,,,,,
05-9U8B,TEMA,,,,,,,,,,6,29,6,0.20689655172413793,23.0,0.7931034482758621,0.7931034482758621,2,,,,,,,,,,,,,,,,,,,,,,,,,,,,,
05-9U8B,DUA,,,,,,,,,,0,64,0,0.0,64.0,1.0,1.0,1,,,,,,,,,,,,,,,,,,,,,,,0.099,,,,,,
05-9U8B,DUA,,,,,,,,,,1,64,20,0.3125,44.0,0.6875,0.6875,2,,,,,,,,,,,,,,,,,,,,,,,0.09336,,,,,,
05-9U8B,DUA,,,,,,,,,,2,64,23,0.359375,41.0,0.640625,0.640625,2,,,,,,,,,,,,,,,,,,,,,,,0.0880584,,,,,,
05-9U8B,DUA,,,,,,,,,,3,64,22,0.34375,42.0,0.65625,0.65625,2,,,,,,,,,,,,,,,,,,,,,,,0.083074896,,,,,,
05-9U8B,DUA,,,,,,,,,,4,64,21,0.328125,43.0,0.671875,0.671875,2,,,,,,,,,,,,,,,,,,,,,,,0.07839040223999999,,,,,,
05-9U8B,DUA,,,,,,,,,,5,64,26,0.40625,38.0,0.59375,0.59375,2,,,,,,,,,,,,,,,,,,,,,,,0.07398697810559998,,,,,,
05-9U8B,DUA,,,,,,,,,,6,29,6,0.20689655172413793,23.0,0.7931034482758621,0.7931034482758621,2,,,,,,,,,,,,,,,,,,,,,,,0.06984775941926398,,,,,,
05-9U8B,RoTTA,,,,,,,,,,0,64,0,0.0,64.0,1.0,1.0,1,,,,,,,,,,,,,,,,,,,,,,,,63.0,,,,,
05-9U8B,RoTTA,,,,,,,,,,1,64,20,0.3125,44.0,0.6875,0.6875,2,,,,,,,,,,,,,,,,,,,,,,,,64.0,,,,,
05-9U8B,RoTTA,,,,,,,,,,2,64,23,0.359375,41.0,0.640625,0.640625,2,,,,,,,,,,,,,,,,,,,,,,,,64.0,,,,,
05-9U8B,RoTTA,,,,,,,,,,3,64,22,0.34375,42.0,0.65625,0.65625,2,,,,,,,,,,,,,,,,,,,,,,,,64.0,,,,,
05-9U8B,RoTTA,,,,,,,,,,4,64,21,0.328125,43.0,0.671875,0.671875,2,,,,,,,,,,,,,,,,,,,,,,,,64.0,,,,,
05-9U8B,RoTTA,,,,,,,,,,5,64,26,0.40625,38.0,0.59375,0.59375,2,,,,,,,,,,,,,,,,,,,,,,,,64.0,,,,,
05-9U8B,RoTTA,,,,,,,,,,6,29,6,0.20689655172413793,23.0,0.7931034482758621,0.7931034482758621,2,,,,,,,,,,,,,,,,,,,,,,,,64.0,,,,,
05-9U8B,NOTE,,,,,,,,,,0,64,0,0.0,64.0,1.0,1.0,1,,,,,,,,,,,,,,,,,,,,,,,,,64.0,1.0,0.5625339150428772,,
05-9U8B,NOTE,,,,,,,,,,1,64,20,0.3125,44.0,0.6875,0.6875,2,,,,,,,,,,,,,,,,,,,,,,,,,64.0,1.0,0.5441768765449524,,
05-9U8B,NOTE,,,,,,,,,,2,64,23,0.359375,41.0,0.640625,0.640625,2,,,,,,,,,,,,,,,,,,,,,,,,,64.0,1.0,0.513627827167511,,
05-9U8B,NOTE,,,,,,,,,,3,64,22,0.34375,42.0,0.65625,0.65625,2,,,,,,,,,,,,,,,,,,,,,,,,,64.0,1.0,0.4358671009540558,,
05-9U8B,NOTE,,,,,,,,,,4,64,21,0.328125,43.0,0.671875,0.671875,2,,,,,,,,,,,,,,,,,,,,,,,,,64.0,1.0,0.4276491701602936,,
05-9U8B,NOTE,,,,,,,,,,5,64,26,0.40625,38.0,0.59375,0.59375,2,,,,,,,,,,,,,,,,,,,,,,,,,64.0,1.0,0.5459668636322021,,
05-9U8B,NOTE,,,,,,,,,,6,29,6,0.20689655172413793,23.0,0.7931034482758621,0.7931034482758621,2,,,,,,,,,,,,,,,,,,,,,,,,,64.0,0.0,,,
05-9U8B,DELTA,,,,,,,,,,0,64,0,0.0,64.0,1.0,1.0,1,,,,,,,,,,,,,,,,,,,,,,,,,,,,0.21865656971931458,10.0
05-9U8B,DELTA,,,,,,,,,,1,64,20,0.3125,44.0,0.6875,0.6875,2,,,,,,,,,,,,,,,,,,,,,,,,,,,,0.0434749461710453,37.0
05-9U8B,DELTA,,,,,,,,,,2,64,23,0.359375,41.0,0.640625,0.640625,2,,,,,,,,,,,,,,,,,,,,,,,,,,,,0.12357251346111298,33.0
05-9U8B,DELTA,,,,,,,,,,3,64,22,0.34375,42.0,0.65625,0.65625,2,,,,,,,,,,,,,,,,,,,,,,,,,,,,0.2377593219280243,14.0
05-9U8B,DELTA,,,,,,,,,,4,64,21,0.328125,43.0,0.671875,0.671875,2,,,,,,,,,,,,,,,,,,,,,,,,,,,,0.16825686395168304,36.0
05-9U8B,DELTA,,,,,,,,,,5,64,26,0.40625,38.0,0.59375,0.59375,2,,,,,,,,,,,,,,,,,,,,,,,,,,,,0.14707434177398682,39.0
05-9U8B,DELTA,,,,,,,,,,6,29,6,0.20689655172413793,23.0,0.7931034482758621,0.7931034482758621,2,,,,,,,,,,,,,,,,,,,,,,,,,,,,0.09532147645950317,26.0
06-9UA7,EMATent,0.893182098865509,0.893182098865509,0.8027528524398804,1.0,0.2320453703403473,0.5,0.2679546296596527,0.0,0.0,0,64,22,0.34375,42.0,0.65625,0.65625,2,,,,,,,,,,,,,,,,,,,,,,,,,,,,,
06-9UA7,EMATent,0.9818964004516602,0.9818964004516602,0.8324373960494995,1.0,0.20543107986450196,0.5,0.294568920135498,0.0,0.0,1,64,53,0.828125,11.0,0.171875,0.828125,2,,,,,,,,,,,,,,,,,,,,,,,,,,,,,
06-9UA7,EMATent,0.9237032532691956,0.9237032532691956,0.7892293930053711,1.0,0.22288902401924135,0.5,0.2771109759807587,0.0,0.0,2,64,0,0.0,64.0,1.0,1.0,1,,,,,,,,,,,,,,,,,,,,,,,,,,,,,
06-9UA7,EMATent,0.9727063775062561,0.9727063775062561,0.7449595332145691,1.0,0.20818808674812317,0.5,0.29181191325187683,0.0,0.0,3,64,40,0.625,24.0,0.375,0.625,2,,,,,,,,,,,,,,,,,,,,,,,,,,,,,
06-9UA7,EMATent,0.98768550157547,0.98768550157547,0.7291469573974609,1.0,0.20369434952735901,0.5,0.29630565047264096,0.0,0.0,4,64,42,0.65625,22.0,0.34375,0.65625,2,,,,,,,,,,,,,,,,,,,,,,,,,,,,,
06-9UA7,EMATent,0.743536114692688,0.743536114692688,0.8046939373016357,1.0,0.2769391655921936,0.5,0.22306083440780639,0.0,0.0,5,64,52,0.8125,12.0,0.1875,0.8125,2,,,,,,,,,,,,,,,,,,,,,,,,,,,,,
06-9UA7,EMATent,0.910196840763092,0.910196840763092,0.8279898166656494,1.0,0.2269409477710724,0.5,0.2730590522289276,0.0,0.0,6,29,29,1.0,,,1.0,1,,,,,,,,,,,,,,,,,,,,,,,,,,,,,
06-9UA7,DynaMixEMATent,,,,,,,,,,0,64,22,0.34375,42.0,0.65625,0.65625,2,0.2786519527435303,0.893182098865509,0.893182098865509,0.6145301461219788,0.46836665683231593,0.2636787135080314,0.2679546296596527,0.36019449639499823,57.16365432739258,0.19999999999999996,1.0,0.4460136890411377,0.2,0.0,1.0,47.0,0.734375,17.0,0.265625,0.734375,2.0,0.15625,,,,,,,
06-9UA7,DynaMixEMATent,,,,,,,,,,1,64,53,0.828125,11.0,0.171875,0.828125,2,0.3718581795692444,0.9883608818054199,0.9883608818054199,0.6165027022361755,0.27459152736605874,0.4289002080923153,0.296508264541626,0.6096734140207871,120.41875076293945,0.19999999999999996,1.0,0.4665951132774353,0.2,0.0,1.0,25.0,0.390625,39.0,0.609375,0.609375,2.0,0.328125,,,,,,,
06-9UA7,DynaMixEMATent,,,,,,,,,,2,64,0,0.0,64.0,1.0,1.0,1,0.2298000305891037,0.9934887290000916,0.9934887290000916,0.7636886835098267,0.16672589866054185,0.5352274826394307,0.29804661870002747,0.7624829467282055,184.0020294189453,0.19999999999999996,1.0,0.5094357132911682,0.2,0.0,1.0,23.0,0.359375,41.0,0.640625,0.640625,2.0,0.5,,,,,,,
06-9UA7,DynaMixEMATent,,,,,,,,,,3,64,40,0.625,24.0,0.375,0.625,2,0.22228913009166718,0.9994083642959595,0.9994083642959595,0.7771192789077759,0.1008983751920082,0.599279115519204,0.29982250928878784,0.8558960027556446,247.96416473388672,0.19999999999999996,1.0,0.543828010559082,0.2,0.0,1.0,20.0,0.3125,44.0,0.6875,0.6875,2.0,0.125,,,,,,,
06-9UA7,DynaMixEMATent,,,,,,,,,,4,64,42,0.65625,22.0,0.34375,0.65625,2,0.2300194799900055,0.9996511936187744,0.9996511936187744,0.7696317434310913,0.06120226376922143,0.6389023781451463,0.29989535808563234,0.9125812627068579,311.9418411254883,0.19999999999999996,1.0,0.58180832862854,0.2,0.0,1.0,30.0,0.46875,34.0,0.53125,0.53125,2.0,0.15625,,,,,,,
06-9UA7,DynaMixEMATent,,,,,,,,,,5,64,52,0.8125,12.0,0.1875,0.8125,2,0.1380934715270996,0.7429081201553345,0.7429081201553345,0.6048146486282349,0.046857206520357235,0.7302703574330425,0.22287243604660034,0.9397046138963525,359.4879608154297,0.19999999999999996,1.0,0.5231717228889465,0.2,0.0,1.0,13.0,0.203125,51.0,0.796875,0.796875,2.0,0.3125,,,,,,,
06-9UA7,DynaMixEMATent,,,,,,,,,,6,29,29,1.0,,,1.0,1,0.3737281560897827,0.9050055742263794,0.9050055742263794,0.5312774181365967,0.035782012065300677,0.6927163156667856,0.27150167226791383,0.9508825062417166,385.7331224679947,0.19999999999999996,1.0,0.4019055962562561,0.2,0.0,1.0,22.0,0.7586206896551724,7.0,0.2413793103448276,0.7586206896551724,2.0,0.0,,,,,,,
06-9UA7,TEMA,,,,,,,,,,0,64,22,0.34375,42.0,0.65625,0.65625,2,,,,,,,,,,,,,,,,,,,,,,,,,,,,,
06-9UA7,TEMA,,,,,,,,,,1,64,53,0.828125,11.0,0.171875,0.828125,2,,,,,,,,,,,,,,,,,,,,,,,,,,,,,
06-9UA7,TEMA,,,,,,,,,,2,64,0,0.0,64.0,1.0,1.0,1,,,,,,,,,,,,,,,,,,,,,,,,,,,,,
06-9UA7,TEMA,,,,,,,,,,3,64,40,0.625,24.0,0.375,0.625,2,,,,,,,,,,,,,,,,,,,,,,,,,,,,,
06-9UA7,TEMA,,,,,,,,,,4,64,42,0.65625,22.0,0.34375,0.65625,2,,,,,,,,,,,,,,,,,,,,,,,,,,,,,
06-9UA7,TEMA,,,,,,,,,,5,64,52,0.8125,12.0,0.1875,0.8125,2,,,,,,,,,,,,,,,,,,,,,,,,,,,,,
06-9UA7,TEMA,,,,,,,,,,6,29,29,1.0,0.0,0.0,1.0,1,,,,,,,,,,,,,,,,,,,,,,,,,,,,,
06-9UA7,DUA,,,,,,,,,,0,64,22,0.34375,42.0,0.65625,0.65625,2,,,,,,,,,,,,,,,,,,,,,,,0.099,,,,,,
06-9UA7,DUA,,,,,,,,,,1,64,53,0.828125,11.0,0.171875,0.828125,2,,,,,,,,,,,,,,,,,,,,,,,0.09336,,,,,,
06-9UA7,DUA,,,,,,,,,,2,64,0,0.0,64.0,1.0,1.0,1,,,,,,,,,,,,,,,,,,,,,,,0.0880584,,,,,,
06-9UA7,DUA,,,,,,,,,,3,64,40,0.625,24.0,0.375,0.625,2,,,,,,,,,,,,,,,,,,,,,,,0.083074896,,,,,,
06-9UA7,DUA,,,,,,,,,,4,64,42,0.65625,22.0,0.34375,0.65625,2,,,,,,,,,,,,,,,,,,,,,,,0.07839040223999999,,,,,,
06-9UA7,DUA,,,,,,,,,,5,64,52,0.8125,12.0,0.1875,0.8125,2,,,,,,,,,,,,,,,,,,,,,,,0.07398697810559998,,,,,,
06-9UA7,DUA,,,,,,,,,,6,29,29,1.0,0.0,0.0,1.0,1,,,,,,,,,,,,,,,,,,,,,,,0.06984775941926398,,,,,,
06-9UA7,RoTTA,,,,,,,,,,0,64,22,0.34375,42.0,0.65625,0.65625,2,,,,,,,,,,,,,,,,,,,,,,,,59.0,,,,,
06-9UA7,RoTTA,,,,,,,,,,1,64,53,0.828125,11.0,0.171875,0.828125,2,,,,,,,,,,,,,,,,,,,,,,,,64.0,,,,,
06-9UA7,RoTTA,,,,,,,,,,2,64,0,0.0,64.0,1.0,1.0,1,,,,,,,,,,,,,,,,,,,,,,,,64.0,,,,,
06-9UA7,RoTTA,,,,,,,,,,3,64,40,0.625,24.0,0.375,0.625,2,,,,,,,,,,,,,,,,,,,,,,,,64.0,,,,,
06-9UA7,RoTTA,,,,,,,,,,4,64,42,0.65625,22.0,0.34375,0.65625,2,,,,,,,,,,,,,,,,,,,,,,,,64.0,,,,,
06-9UA7,RoTTA,,,,,,,,,,5,64,52,0.8125,12.0,0.1875,0.8125,2,,,,,,,,,,,,,,,,,,,,,,,,64.0,,,,,
06-9UA7,RoTTA,,,,,,,,,,6,29,29,1.0,0.0,0.0,1.0,1,,,,,,,,,,,,,,,,,,,,,,,,64.0,,,,,
06-9UA7,NOTE,,,,,,,,,,0,64,22,0.34375,42.0,0.65625,0.65625,2,,,,,,,,,,,,,,,,,,,,,,,,,64.0,1.0,0.5006289482116699,,
06-9UA7,NOTE,,,,,,,,,,1,64,53,0.828125,11.0,0.171875,0.828125,2,,,,,,,,,,,,,,,,,,,,,,,,,64.0,1.0,0.5017825365066528,,
06-9UA7,NOTE,,,,,,,,,,2,64,0,0.0,64.0,1.0,1.0,1,,,,,,,,,,,,,,,,,,,,,,,,,64.0,1.0,0.5496535301208496,,
06-9UA7,NOTE,,,,,,,,,,3,64,40,0.625,24.0,0.375,0.625,2,,,,,,,,,,,,,,,,,,,,,,,,,64.0,1.0,0.6080654263496399,,
06-9UA7,NOTE,,,,,,,,,,4,64,42,0.65625,22.0,0.34375,0.65625,2,,,,,,,,,,,,,,,,,,,,,,,,,64.0,1.0,0.6192640066146851,,
06-9UA7,NOTE,,,,,,,,,,5,64,52,0.8125,12.0,0.1875,0.8125,2,,,,,,,,,,,,,,,,,,,,,,,,,64.0,1.0,0.5551266670227051,,
06-9UA7,NOTE,,,,,,,,,,6,29,29,1.0,0.0,0.0,1.0,1,,,,,,,,,,,,,,,,,,,,,,,,,64.0,0.0,,,
06-9UA7,DELTA,,,,,,,,,,0,64,22,0.34375,42.0,0.65625,0.65625,2,,,,,,,,,,,,,,,,,,,,,,,,,,,,0.2717858552932739,17.0
06-9UA7,DELTA,,,,,,,,,,1,64,53,0.828125,11.0,0.171875,0.828125,2,,,,,,,,,,,,,,,,,,,,,,,,,,,,0.18292038142681122,23.0
06-9UA7,DELTA,,,,,,,,,,2,64,0,0.0,64.0,1.0,1.0,1,,,,,,,,,,,,,,,,,,,,,,,,,,,,0.15886418521404266,27.0
06-9UA7,DELTA,,,,,,,,,,3,64,40,0.625,24.0,0.375,0.625,2,,,,,,,,,,,,,,,,,,,,,,,,,,,,0.14179465174674988,24.0
06-9UA7,DELTA,,,,,,,,,,4,64,42,0.65625,22.0,0.34375,0.65625,2,,,,,,,,,,,,,,,,,,,,,,,,,,,,0.25873610377311707,10.0
06-9UA7,DELTA,,,,,,,,,,5,64,52,0.8125,12.0,0.1875,0.8125,2,,,,,,,,,,,,,,,,,,,,,,,,,,,,0.24182260036468506,11.0
06-9UA7,DELTA,,,,,,,,,,6,29,29,1.0,0.0,0.0,1.0,1,,,,,,,,,,,,,,,,,,,,,,,,,,,,0.03434588760137558,23.0
07-9UAD,EMATent,0.8584188222885132,0.8584188222885132,0.8181619644165039,1.0,0.24247435331344605,0.5,0.2575256466865539,0.0,0.0,0,64,33,0.515625,31.0,0.484375,0.515625,2,,,,,,,,,,,,,,,,,,,,,,,,,,,,,
07-9UAD,EMATent,0.866911768913269,0.866911768913269,0.8144177198410034,1.0,0.2399264693260193,0.5,0.2600735306739807,0.0,0.0,1,64,55,0.859375,9.0,0.140625,0.859375,2,,,,,,,,,,,,,,,,,,,,,,,,,,,,,
07-9UAD,EMATent,0.9576427936553955,0.9576427936553955,0.8020702600479126,1.0,0.21270716190338135,0.5,0.28729283809661865,0.0,0.0,2,64,61,0.953125,3.0,0.046875,0.953125,2,,,,,,,,,,,,,,,,,,,,,,,,,,,,,
07-9UAD,EMATent,0.895098865032196,0.895098865032196,0.8129070997238159,1.0,0.2314703404903412,0.5,0.2685296595096588,0.0,0.0,3,64,64,1.0,,,1.0,1,,,,,,,,,,,,,,,,,,,,,,,,,,,,,
07-9UAD,EMATent,0.9850966930389404,0.9850966930389404,0.7367501258850098,1.0,0.20447099208831787,0.5,0.29552900791168213,0.0,0.0,4,64,53,0.828125,11.0,0.171875,0.828125,2,,,,,,,,,,,,,,,,,,,,,,,,,,,,,
07-9UAD,EMATent,0.9954212307929993,0.9954212307929993,0.7453707456588745,1.0,0.20137363076210024,0.5,0.29862636923789976,0.0,0.0,5,64,31,0.484375,33.0,0.515625,0.515625,2,,,,,,,,,,,,,,,,,,,,,,,,,,,,,
07-9UAD,EMATent,0.9511988759040833,0.9511988759040833,0.7270017266273499,1.0,0.21464033722877504,0.5,0.285359662771225,0.0,0.0,6,29,17,0.5862068965517241,12.0,0.41379310344827586,0.5862068965517241,2,,,,,,,,,,,,,,,,,,,,,,,,,,,,,
07-9UAD,DynaMixEMATent,,,,,,,,,,0,64,33,0.515625,31.0,0.484375,0.515625,2,0.2728850841522217,0.8584188222885132,0.8584188222885132,0.5855337381362915,0.48336831401126024,0.2591060393021859,0.2575256466865539,0.3489764166881608,54.938804626464844,0.19999999999999996,1.0,0.45230400562286377,0.2,0.0,1.0,45.0,0.703125,19.0,0.296875,0.703125,2.0,0.015625,,,,,,,
07-9UAD,DynaMixEMATent,,,,,,,,,,1,64,55,0.859375,9.0,0.140625,0.859375,2,0.35978585481643677,0.9130949378013611,0.9130949378013611,0.5533090829849243,0.2994332856968965,0.42663823296269515,0.2739284813404083,0.5875980836575391,113.37688064575195,0.19999999999999996,1.0,0.5143796801567078,0.2,0.0,1.0,23.0,0.359375,41.0,0.640625,0.640625,2.0,0.359375,,,,,,,
07-9UAD,DynaMixEMATent,,,,,,,,,,2,64,61,0.953125,3.0,0.046875,0.953125,2,0.23609434068202972,0.9999992847442627,0.9999992847442627,0.7639049887657166,0.17509420076173834,0.5249060138149829,0.2999997854232788,0.7498655041590023,177.37683486938477,0.19999999999999996,1.0,0.45076918601989746,0.2,0.0,1.0,22.0,0.34375,42.0,0.65625,0.65625,2.0,0.453125,,,,,,,
07-9UAD,DynaMixEMATent,,,,,,,,,,3,64,64,1.0,,,1.0,1,0.2777879238128662,0.9611560702323914,0.9611560702323914,0.6833681464195251,0.11008536683617749,0.6015678120941051,0.2883468210697174,0.8453103701417428,238.8908233642578,0.19999999999999996,1.0,0.48159050941467285,0.2,0.0,1.0,37.0,0.578125,27.0,0.421875,0.578125,2.0,0.0,,,,,,,
07-9UAD,DynaMixEMATent,,,,,,,,,,4,64,53,0.828125,11.0,0.171875,0.828125,2,0.23412582278251648,0.976288378238678,0.976288378238678,0.7421625852584839,0.06713546372085824,0.6399780228075383,0.2928865134716034,0.9050570170136867,301.3732795715332,0.19999999999999996,1.0,0.5620651841163635,0.2,0.0,1.0,33.0,0.515625,31.0,0.484375,0.515625,2.0,0.328125,,,,,,,
07-9UAD,DynaMixEMATent,,,,,,,,,,5,64,31,0.484375,33.0,0.515625,0.515625,2,0.3185080885887146,0.9999073147773743,0.9999073147773743,0.6813992261886597,0.04031355047259818,0.6597142550941895,0.29997219443321227,0.9424115011546467,365.36734771728516,0.19999999999999996,1.0,0.5157300233840942,0.2,0.0,1.0,39.0,0.609375,25.0,0.390625,0.609375,2.0,0.015625,,,,,,,
07-9UAD,DynaMixEMATent,,,,,,,,,,6,29,17,0.5862068965517241,12.0,0.41379310344827586,0.5862068965517241,2,0.16446098685264587,0.896653413772583,0.896653413772583,0.7321923971176147,0.03435812256811682,0.6966458533001083,0.26899602413177487,0.9529987199764418,391.37029671669006,0.19999999999999996,1.0,0.5223139524459839,0.2,0.0,1.0,18.0,0.6206896551724138,11.0,0.3793103448275862,0.6206896551724138,2.0,0.08620689655172409,,,,,,,
07-9UAD,TEMA,,,,,,,,,,0,64,33,0.515625,31.0,0.484375,0.515625,2,,,,,,,,,,,,,,,,,,,,,,,,,,,,,
07-9UAD,TEMA,,,,,,,,,,1,64,55,0.859375,9.0,0.140625,0.859375,2,,,,,,,,,,,,,,,,,,,,,,,,,,,,,
07-9UAD,TEMA,,,,,,,,,,2,64,61,0.953125,3.0,0.046875,0.953125,2,,,,,,,,,,,,,,,,,,,,,,,,,,,,,
07-9UAD,TEMA,,,,,,,,,,3,64,64,1.0,0.0,0.0,1.0,1,,,,,,,,,,,,,,,,,,,,,,,,,,,,,
07-9UAD,TEMA,,,,,,,,,,4,64,53,0.828125,11.0,0.171875,0.828125,2,,,,,,,,,,,,,,,,,,,,,,,,,,,,,
07-9UAD,TEMA,,,,,,,,,,5,64,31,0.484375,33.0,0.515625,0.515625,2,,,,,,,,,,,,,,,,,,,,,,,,,,,,,
07-9UAD,TEMA,,,,,,,,,,6,29,17,0.5862068965517241,12.0,0.41379310344827586,0.5862068965517241,2,,,,,,,,,,,,,,,,,,,,,,,,,,,,,
07-9UAD,DUA,,,,,,,,,,0,64,33,0.515625,31.0,0.484375,0.515625,2,,,,,,,,,,,,,,,,,,,,,,,0.099,,,,,,
07-9UAD,DUA,,,,,,,,,,1,64,55,0.859375,9.0,0.140625,0.859375,2,,,,,,,,,,,,,,,,,,,,,,,0.09336,,,,,,
07-9UAD,DUA,,,,,,,,,,2,64,61,0.953125,3.0,0.046875,0.953125,2,,,,,,,,,,,,,,,,,,,,,,,0.0880584,,,,,,
07-9UAD,DUA,,,,,,,,,,3,64,64,1.0,0.0,0.0,1.0,1,,,,,,,,,,,,,,,,,,,,,,,0.083074896,,,,,,
07-9UAD,DUA,,,,,,,,,,4,64,53,0.828125,11.0,0.171875,0.828125,2,,,,,,,,,,,,,,,,,,,,,,,0.07839040223999999,,,,,,
07-9UAD,DUA,,,,,,,,,,5,64,31,0.484375,33.0,0.515625,0.515625,2,,,,,,,,,,,,,,,,,,,,,,,0.07398697810559998,,,,,,
07-9UAD,DUA,,,,,,,,,,6,29,17,0.5862068965517241,12.0,0.41379310344827586,0.5862068965517241,2,,,,,,,,,,,,,,,,,,,,,,,0.06984775941926398,,,,,,
07-9UAD,RoTTA,,,,,,,,,,0,64,33,0.515625,31.0,0.484375,0.515625,2,,,,,,,,,,,,,,,,,,,,,,,,56.0,,,,,
07-9UAD,RoTTA,,,,,,,,,,1,64,55,0.859375,9.0,0.140625,0.859375,2,,,,,,,,,,,,,,,,,,,,,,,,64.0,,,,,
07-9UAD,RoTTA,,,,,,,,,,2,64,61,0.953125,3.0,0.046875,0.953125,2,,,,,,,,,,,,,,,,,,,,,,,,64.0,,,,,
07-9UAD,RoTTA,,,,,,,,,,3,64,64,1.0,0.0,0.0,1.0,1,,,,,,,,,,,,,,,,,,,,,,,,64.0,,,,,
07-9UAD,RoTTA,,,,,,,,,,4,64,53,0.828125,11.0,0.171875,0.828125,2,,,,,,,,,,,,,,,,,,,,,,,,64.0,,,,,
07-9UAD,RoTTA,,,,,,,,,,5,64,31,0.484375,33.0,0.515625,0.515625,2,,,,,,,,,,,,,,,,,,,,,,,,64.0,,,,,
07-9UAD,RoTTA,,,,,,,,,,6,29,17,0.5862068965517241,12.0,0.41379310344827586,0.5862068965517241,2,,,,,,,,,,,,,,,,,,,,,,,,64.0,,,,,
07-9UAD,NOTE,,,,,,,,,,0,64,33,0.515625,31.0,0.484375,0.515625,2,,,,,,,,,,,,,,,,,,,,,,,,,64.0,1.0,0.5686455965042114,,
07-9UAD,NOTE,,,,,,,,,,1,64,55,0.859375,9.0,0.140625,0.859375,2,,,,,,,,,,,,,,,,,,,,,,,,,64.0,1.0,0.5737743377685547,,
07-9UAD,NOTE,,,,,,,,,,2,64,61,0.953125,3.0,0.046875,0.953125,2,,,,,,,,,,,,,,,,,,,,,,,,,64.0,1.0,0.5477026104927063,,
07-9UAD,NOTE,,,,,,,,,,3,64,64,1.0,0.0,0.0,1.0,1,,,,,,,,,,,,,,,,,,,,,,,,,64.0,1.0,0.506896436214447,,
07-9UAD,NOTE,,,,,,,,,,4,64,53,0.828125,11.0,0.171875,0.828125,2,,,,,,,,,,,,,,,,,,,,,,,,,64.0,1.0,0.5540784597396851,,
07-9UAD,NOTE,,,,,,,,,,5,64,31,0.484375,33.0,0.515625,0.515625,2,,,,,,,,,,,,,,,,,,,,,,,,,64.0,1.0,0.5477204322814941,,
07-9UAD,NOTE,,,,,,,,,,6,29,17,0.5862068965517241,12.0,0.41379310344827586,0.5862068965517241,2,,,,,,,,,,,,,,,,,,,,,,,,,64.0,0.0,,,
07-9UAD,DELTA,,,,,,,,,,0,64,33,0.515625,31.0,0.484375,0.515625,2,,,,,,,,,,,,,,,,,,,,,,,,,,,,0.22529414296150208,7.0
07-9UAD,DELTA,,,,,,,,,,1,64,55,0.859375,9.0,0.140625,0.859375,2,,,,,,,,,,,,,,,,,,,,,,,,,,,,0.12351235747337341,31.0
07-9UAD,DELTA,,,,,,,,,,2,64,61,0.953125,3.0,0.046875,0.953125,2,,,,,,,,,,,,,,,,,,,,,,,,,,,,0.17817823588848114,39.0
07-9UAD,DELTA,,,,,,,,,,3,64,64,1.0,0.0,0.0,1.0,1,,,,,,,,,,,,,,,,,,,,,,,,,,,,0.1424356997013092,38.0
07-9UAD,DELTA,,,,,,,,,,4,64,53,0.828125,11.0,0.171875,0.828125,2,,,,,,,,,,,,,,,,,,,,,,,,,,,,0.17266370356082916,23.0
07-9UAD,DELTA,,,,,,,,,,5,64,31,0.484375,33.0,0.515625,0.515625,2,,,,,,,,,,,,,,,,,,,,,,,,,,,,0.1587914377450943,33.0
07-9UAD,DELTA,,,,,,,,,,6,29,17,0.5862068965517241,12.0,0.41379310344827586,0.5862068965517241,2,,,,,,,,,,,,,,,,,,,,,,,,,,,,0.12397933006286621,10.0
08-9UB2,EMATent,0.8223997354507446,0.8223997354507446,0.8205546140670776,1.0,0.25328007936477664,0.5,0.24671992063522338,0.0,0.0,0,64,44,0.6875,20.0,0.3125,0.6875,2,,,,,,,,,,,,,,,,,,,,,,,,,,,,,
08-9UB2,EMATent,0.7819845676422119,0.7819845676422119,0.8498349189758301,1.0,0.2654046297073364,0.5,0.23459537029266356,0.0,0.0,1,64,40,0.625,24.0,0.375,0.625,2,,,,,,,,,,,,,,,,,,,,,,,,,,,,,
08-9UB2,EMATent,0.9601199626922607,0.9601199626922607,0.7343672513961792,1.0,0.21196401119232178,0.5,0.2880359888076782,0.0,0.0,2,64,64,1.0,,,1.0,1,,,,,,,,,,,,,,,,,,,,,,,,,,,,,
08-9UB2,EMATent,0.9645848274230957,0.9645848274230957,0.7140344381332397,1.0,0.2106245517730713,0.5,0.2893754482269287,0.0,0.0,3,64,49,0.765625,15.0,0.234375,0.765625,2,,,,,,,,,,,,,,,,,,,,,,,,,,,,,
08-9UB2,EMATent,0.9895909428596497,0.9895909428596497,0.7136577367782593,1.0,0.2031227171421051,0.5,0.2968772828578949,0.0,0.0,4,64,44,0.6875,20.0,0.3125,0.6875,2,,,,,,,,,,,,,,,,,,,,,,,,,,,,,
08-9UB2,EMATent,0.9712632298469543,0.9712632298469543,0.7349734306335449,1.0,0.2086210310459137,0.5,0.29137896895408627,0.0,0.0,5,64,47,0.734375,17.0,0.265625,0.734375,2,,,,,,,,,,,,,,,,,,,,,,,,,,,,,
08-9UB2,EMATent,0.9973906874656677,0.9973906874656677,0.6962136626243591,1.0,0.2007827937602997,0.5,0.29921720623970033,0.0,0.0,6,29,29,1.0,,,1.0,1,,,,,,,,,,,,,,,,,,,,,,,,,,,,,
08-9UB2,DynaMixEMATent,,,,,,,,,,0,64,44,0.6875,20.0,0.3125,0.6875,2,0.26477736234664917,0.8223997354507446,0.8223997354507446,0.5576223731040955,0.4993150415186528,0.2539650378461238,0.24671992063522338,0.33714556484792024,52.633583068847656,0.19999999999999996,1.0,0.40879324078559875,0.2,0.0,1.0,45.0,0.703125,19.0,0.296875,0.703125,2.0,0.1875,,,,,,,
08-9UB2,DynaMixEMATent,,,,,,,,,,1,64,40,0.625,24.0,0.375,0.625,2,0.295310378074646,0.7653151154518127,0.7653151154518127,0.47000476717948914,0.3482983810448076,0.4221070843196486,0.2295945346355438,0.5479025049750421,101.61375045776367,0.19999999999999996,1.0,0.4170113801956177,0.2,0.0,1.0,42.0,0.65625,22.0,0.34375,0.65625,2.0,0.125,,,,,,,
08-9UB2,DynaMixEMATent,,,,,,,,,,2,64,64,1.0,,,1.0,1,0.20167089998722076,0.9957258701324463,0.9957258701324463,0.7940549850463867,0.192710693875708,0.5085715450845582,0.29871776103973385,0.7252023747793408,165.34020614624023,0.19999999999999996,1.0,0.5227659940719604,0.2,0.0,1.0,21.0,0.328125,43.0,0.671875,0.671875,2.0,0.0,,,,,,,
08-9UB2,DynaMixEMATent,,,,,,,,,,3,64,49,0.765625,15.0,0.234375,0.765625,2,0.2619326710700989,0.9886258244514465,0.9886258244514465,0.7266931533813477,0.1179086139472497,0.5855036387173164,0.29658774733543397,0.8323762295857016,228.6122589111328,0.19999999999999996,1.0,0.5158163905143738,0.2,0.0,1.0,25.0,0.390625,39.0,0.609375,0.609375,2.0,0.265625,,,,,,,
08-9UB2,DynaMixEMATent,,,,,,,,,,4,64,44,0.6875,20.0,0.3125,0.6875,2,0.21088039875030518,0.99965500831604,0.99965500831604,0.7887746095657349,0.07119107082496469,0.6289124266802234,0.299896502494812,0.8983135049622615,292.5901794433594,0.19999999999999996,1.0,0.5125608444213867,0.2,0.0,1.0,33.0,0.515625,31.0,0.484375,0.515625,2.0,0.1875,,,,,,,
08-9UB2,DynaMixEMATent,,,,,,,,,,5,64,47,0.734375,17.0,0.265625,0.734375,2,0.2724023759365082,0.9766349792480469,0.9766349792480469,0.7042325735092163,0.044117911000954205,0.6628915952246317,0.29299049377441405,0.9375992676018171,355.0948181152344,0.19999999999999996,1.0,0.5671484470367432,0.2,0.0,1.0,22.0,0.34375,42.0,0.65625,0.65625,2.0,0.234375,,,,,,,
08-9UB2,DynaMixEMATent,,,,,,,,,,6,29,29,1.0,,,1.0,1,0.10226991027593613,0.9918103814125061,0.9918103814125061,0.889540433883667,0.03501227521448603,0.6674446103617622,0.2975431144237518,0.950157403346165,383.85731917619705,0.19999999999999996,1.0,0.5748999118804932,0.2,0.0,1.0,5.0,0.1724137931034483,24.0,0.8275862068965517,0.8275862068965517,2.0,0.0,,,,,,,
08-9UB2,TEMA,,,,,,,,,,0,64,44,0.6875,20.0,0.3125,0.6875,2,,,,,,,,,,,,,,,,,,,,,,,,,,,,,
08-9UB2,TEMA,,,,,,,,,,1,64,40,0.625,24.0,0.375,0.625,2,,,,,,,,,,,,,,,,,,,,,,,,,,,,,
08-9UB2,TEMA,,,,,,,,,,2,64,64,1.0,0.0,0.0,1.0,1,,,,,,,,,,,,,,,,,,,,,,,,,,,,,
08-9UB2,TEMA,,,,,,,,,,3,64,49,0.765625,15.0,0.234375,0.765625,2,,,,,,,,,,,,,,,,,,,,,,,,,,,,,
08-9UB2,TEMA,,,,,,,,,,4,64,44,0.6875,20.0,0.3125,0.6875,2,,,,,,,,,,,,,,,,,,,,,,,,,,,,,
08-9UB2,TEMA,,,,,,,,,,5,64,47,0.734375,17.0,0.265625,0.734375,2,,,,,,,,,,,,,,,,,,,,,,,,,,,,,
08-9UB2,TEMA,,,,,,,,,,6,29,29,1.0,0.0,0.0,1.0,1,,,,,,,,,,,,,,,,,,,,,,,,,,,,,
08-9UB2,DUA,,,,,,,,,,0,64,44,0.6875,20.0,0.3125,0.6875,2,,,,,,,,,,,,,,,,,,,,,,,0.099,,,,,,
08-9UB2,DUA,,,,,,,,,,1,64,40,0.625,24.0,0.375,0.625,2,,,,,,,,,,,,,,,,,,,,,,,0.09336,,,,,,
08-9UB2,DUA,,,,,,,,,,2,64,64,1.0,0.0,0.0,1.0,1,,,,,,,,,,,,,,,,,,,,,,,0.0880584,,,,,,
08-9UB2,DUA,,,,,,,,,,3,64,49,0.765625,15.0,0.234375,0.765625,2,,,,,,,,,,,,,,,,,,,,,,,0.083074896,,,,,,
08-9UB2,DUA,,,,,,,,,,4,64,44,0.6875,20.0,0.3125,0.6875,2,,,,,,,,,,,,,,,,,,,,,,,0.07839040223999999,,,,,,
08-9UB2,DUA,,,,,,,,,,5,64,47,0.734375,17.0,0.265625,0.734375,2,,,,,,,,,,,,,,,,,,,,,,,0.07398697810559998,,,,,,
08-9UB2,DUA,,,,,,,,,,6,29,29,1.0,0.0,0.0,1.0,1,,,,,,,,,,,,,,,,,,,,,,,0.06984775941926398,,,,,,
08-9UB2,RoTTA,,,,,,,,,,0,64,44,0.6875,20.0,0.3125,0.6875,2,,,,,,,,,,,,,,,,,,,,,,,,62.0,,,,,
08-9UB2,RoTTA,,,,,,,,,,1,64,40,0.625,24.0,0.375,0.625,2,,,,,,,,,,,,,,,,,,,,,,,,64.0,,,,,
08-9UB2,RoTTA,,,,,,,,,,2,64,64,1.0,0.0,0.0,1.0,1,,,,,,,,,,,,,,,,,,,,,,,,64.0,,,,,
08-9UB2,RoTTA,,,,,,,,,,3,64,49,0.765625,15.0,0.234375,0.765625,2,,,,,,,,,,,,,,,,,,,,,,,,64.0,,,,,
08-9UB2,RoTTA,,,,,,,,,,4,64,44,0.6875,20.0,0.3125,0.6875,2,,,,,,,,,,,,,,,,,,,,,,,,64.0,,,,,
08-9UB2,RoTTA,,,,,,,,,,5,64,47,0.734375,17.0,0.265625,0.734375,2,,,,,,,,,,,,,,,,,,,,,,,,64.0,,,,,
08-9UB2,RoTTA,,,,,,,,,,6,29,29,1.0,0.0,0.0,1.0,1,,,,,,,,,,,,,,,,,,,,,,,,64.0,,,,,
08-9UB2,NOTE,,,,,,,,,,0,64,44,0.6875,20.0,0.3125,0.6875,2,,,,,,,,,,,,,,,,,,,,,,,,,64.0,1.0,0.519413948059082,,
08-9UB2,NOTE,,,,,,,,,,1,64,40,0.625,24.0,0.375,0.625,2,,,,,,,,,,,,,,,,,,,,,,,,,64.0,1.0,0.5456725358963013,,
08-9UB2,NOTE,,,,,,,,,,2,64,64,1.0,0.0,0.0,1.0,1,,,,,,,,,,,,,,,,,,,,,,,,,64.0,1.0,0.5053314566612244,,
08-9UB2,NOTE,,,,,,,,,,3,64,49,0.765625,15.0,0.234375,0.765625,2,,,,,,,,,,,,,,,,,,,,,,,,,64.0,1.0,0.44608771800994873,,
08-9UB2,NOTE,,,,,,,,,,4,64,44,0.6875,20.0,0.3125,0.6875,2,,,,,,,,,,,,,,,,,,,,,,,,,64.0,1.0,0.6151801347732544,,
08-9UB2,NOTE,,,,,,,,,,5,64,47,0.734375,17.0,0.265625,0.734375,2,,,,,,,,,,,,,,,,,,,,,,,,,64.0,1.0,0.43254634737968445,,
08-9UB2,NOTE,,,,,,,,,,6,29,29,1.0,0.0,0.0,1.0,1,,,,,,,,,,,,,,,,,,,,,,,,,64.0,0.0,,,
08-9UB2,DELTA,,,,,,,,,,0,64,44,0.6875,20.0,0.3125,0.6875,2,,,,,,,,,,,,,,,,,,,,,,,,,,,,0.24654927849769592,13.0
08-9UB2,DELTA,,,,,,,,,,1,64,40,0.625,24.0,0.375,0.625,2,,,,,,,,,,,,,,,,,,,,,,,,,,,,0.10886415094137192,36.0
08-9UB2,DELTA,,,,,,,,,,2,64,64,1.0,0.0,0.0,1.0,1,,,,,,,,,,,,,,,,,,,,,,,,,,,,0.09593627601861954,49.0
08-9UB2,DELTA,,,,,,,,,,3,64,49,0.765625,15.0,0.234375,0.765625,2,,,,,,,,,,,,,,,,,,,,,,,,,,,,0.15498781204223633,18.0
08-9UB2,DELTA,,,,,,,,,,4,64,44,0.6875,20.0,0.3125,0.6875,2,,,,,,,,,,,,,,,,,,,,,,,,,,,,0.2053319364786148,23.0
08-9UB2,DELTA,,,,,,,,,,5,64,47,0.734375,17.0,0.265625,0.734375,2,,,,,,,,,,,,,,,,,,,,,,,,,,,,0.13699929416179657,20.0
08-9UB2,DELTA,,,,,,,,,,6,29,29,1.0,0.0,0.0,1.0,1,,,,,,,,,,,,,,,,,,,,,,,,,,,,0.25630366802215576,4.0
09-9UDP,EMATent,0.8652044534683228,0.8652044534683228,0.7764463424682617,1.0,0.2404386639595032,0.5,0.2595613360404968,0.0,0.0,0,64,21,0.328125,43.0,0.671875,0.671875,2,,,,,,,,,,,,,,,,,,,,,,,,,,,,,
09-9UDP,EMATent,0.7512611746788025,0.7512611746788025,0.7950032949447632,1.0,0.27462164759635926,0.5,0.22537835240364074,0.0,0.0,1,64,22,0.34375,42.0,0.65625,0.65625,2,,,,,,,,,,,,,,,,,,,,,,,,,,,,,
09-9UDP,EMATent,0.9999396204948425,0.9999396204948425,0.7660675048828125,1.0,0.20001811385154725,0.5,0.2999818861484527,0.0,0.0,2,64,11,0.171875,53.0,0.828125,0.828125,2,,,,,,,,,,,,,,,,,,,,,,,,,,,,,
09-9UDP,EMATent,0.9999443888664246,0.9999443888664246,0.7271197438240051,1.0,0.20001668334007264,0.5,0.29998331665992733,0.0,0.0,3,14,10,0.7142857142857143,4.0,0.2857142857142857,0.7142857142857143,2,,,,,,,,,,,,,,,,,,,,,,,,,,,,,
09-9UDP,DynaMixEMATent,,,,,,,,,,0,64,21,0.328125,43.0,0.671875,0.671875,2,0.205437570810318,0.8652044534683228,0.8652044534683228,0.6597669124603271,0.48041032043001536,0.26002834352948784,0.2595613360404968,0.3511814768545225,55.373085021972656,0.19999999999999996,1.0,0.5327267646789551,0.2,0.0,1.0,14.0,0.21875,50.0,0.78125,0.78125,2.0,0.171875,,,,,,,
09-9UDP,DynaMixEMATent,,,,,,,,,,1,64,22,0.34375,42.0,0.65625,0.65625,2,0.09390372782945633,0.714343249797821,0.714343249797821,0.6204395294189453,0.35666515561530043,0.4290318694453532,0.2143029749393463,0.5460525568519661,101.0910530090332,0.19999999999999996,1.0,0.5701050162315369,0.2,0.0,1.0,21.0,0.328125,43.0,0.671875,0.671875,2.0,0.15625,,,,,,,
09-9UDP,DynaMixEMATent,,,,,,,,,,2,64,11,0.171875,53.0,0.828125,0.828125,2,0.3019319772720337,0.948836088180542,0.948836088180542,0.6469041109085083,0.20206286914594856,0.5132863043998889,0.28465082645416256,0.7175325328966764,161.8165626525879,0.19999999999999996,1.0,0.5089792013168335,0.2,0.0,1.0,34.0,0.53125,30.0,0.46875,0.53125,2.0,0.328125,,,,,,,
09-9UDP,DynaMixEMATent,,,,,,,,,,3,14,10,0.7142857142857143,4.0,0.2857142857142857,0.7142857142857143,2,0.20345237851142883,0.9628649950027466,0.9628649950027466,0.7594125866889954,0.18079517611801035,0.5303453253811657,0.288859498500824,0.7457672910811988,175.29667258262634,0.19999999999999996,1.0,0.5640347003936768,0.2,0.0,1.0,8.0,0.5714285714285714,6.0,0.42857142857142855,0.5714285714285714,2.0,0.2142857142857143,,,,,,,
09-9UDP,TEMA,,,,,,,,,,0,64,21,0.328125,43.0,0.671875,0.671875,2,,,,,,,,,,,,,,,,,,,,,,,,,,,,,
09-9UDP,TEMA,,,,,,,,,,1,64,22,0.34375,42.0,0.65625,0.65625,2,,,,,,,,,,,,,,,,,,,,,,,,,,,,,
09-9UDP,TEMA,,,,,,,,,,2,64,11,0.171875,53.0,0.828125,0.828125,2,,,,,,,,,,,,,,,,,,,,,,,,,,,,,
09-9UDP,TEMA,,,,,,,,,,3,14,10,0.7142857142857143,4.0,0.2857142857142857,0.7142857142857143,2,,,,,,,,,,,,,,,,,,,,,,,,,,,,,
09-9UDP,DUA,,,,,,,,,,0,64,21,0.328125,43.0,0.671875,0.671875,2,,,,,,,,,,,,,,,,,,,,,,,0.099,,,,,,
09-9UDP,DUA,,,,,,,,,,1,64,22,0.34375,42.0,0.65625,0.65625,2,,,,,,,,,,,,,,,,,,,,,,,0.09336,,,,,,
09-9UDP,DUA,,,,,,,,,,2,64,11,0.171875,53.0,0.828125,0.828125,2,,,,,,,,,,,,,,,,,,,,,,,0.0880584,,,,,,
09-9UDP,DUA,,,,,,,,,,3,14,10,0.7142857142857143,4.0,0.2857142857142857,0.7142857142857143,2,,,,,,,,,,,,,,,,,,,,,,,0.083074896,,,,,,
09-9UDP,RoTTA,,,,,,,,,,0,64,21,0.328125,43.0,0.671875,0.671875,2,,,,,,,,,,,,,,,,,,,,,,,,62.0,,,,,
09-9UDP,RoTTA,,,,,,,,,,1,64,22,0.34375,42.0,0.65625,0.65625,2,,,,,,,,,,,,,,,,,,,,,,,,64.0,,,,,
09-9UDP,RoTTA,,,,,,,,,,2,64,11,0.171875,53.0,0.828125,0.828125,2,,,,,,,,,,,,,,,,,,,,,,,,64.0,,,,,
09-9UDP,RoTTA,,,,,,,,,,3,14,10,0.7142857142857143,4.0,0.2857142857142857,0.7142857142857143,2,,,,,,,,,,,,,,,,,,,,,,,,64.0,,,,,
09-9UDP,NOTE,,,,,,,,,,0,64,21,0.328125,43.0,0.671875,0.671875,2,,,,,,,,,,,,,,,,,,,,,,,,,64.0,1.0,0.5962156057357788,,
09-9UDP,NOTE,,,,,,,,,,1,64,22,0.34375,42.0,0.65625,0.65625,2,,,,,,,,,,,,,,,,,,,,,,,,,64.0,1.0,0.5831496715545654,,
09-9UDP,NOTE,,,,,,,,,,2,64,11,0.171875,53.0,0.828125,0.828125,2,,,,,,,,,,,,,,,,,,,,,,,,,64.0,1.0,0.5366925001144409,,
09-9UDP,NOTE,,,,,,,,,,3,14,10,0.7142857142857143,4.0,0.2857142857142857,0.7142857142857143,2,,,,,,,,,,,,,,,,,,,,,,,,,64.0,0.0,,,
09-9UDP,DELTA,,,,,,,,,,0,64,21,0.328125,43.0,0.671875,0.671875,2,,,,,,,,,,,,,,,,,,,,,,,,,,,,0.26801252365112305,4.0
09-9UDP,DELTA,,,,,,,,,,1,64,22,0.34375,42.0,0.65625,0.65625,2,,,,,,,,,,,,,,,,,,,,,,,,,,,,0.1897217333316803,33.0
09-9UDP,DELTA,,,,,,,,,,2,64,11,0.171875,53.0,0.828125,0.828125,2,,,,,,,,,,,,,,,,,,,,,,,,,,,,0.10764898359775543,36.0
09-9UDP,DELTA,,,,,,,,,,3,14,10,0.7142857142857143,4.0,0.2857142857142857,0.7142857142857143,2,,,,,,,,,,,,,,,,,,,,,,,,,,,,0.2056894153356552,7.0
10-9UHM,EMATent,0.9835977554321289,0.9835977554321289,0.8596136569976807,1.0,0.20492067337036135,0.5,0.29507932662963865,0.0,0.0,0,64,22,0.34375,42.0,0.65625,0.65625,2,,,,,,,,,,,,,,,,,,,,,,,,,,,,,
10-9UHM,EMATent,0.9557352662086487,0.9557352662086487,0.7671453952789307,1.0,0.21327942013740542,0.5,0.2867205798625946,0.0,0.0,1,64,33,0.515625,31.0,0.484375,0.515625,2,,,,,,,,,,,,,,,,,,,,,,,,,,,,,
10-9UHM,EMATent,0.9938547015190125,0.9938547015190125,0.8103586435317993,1.0,0.20184358954429626,0.5,0.29815641045570374,0.0,0.0,2,64,22,0.34375,42.0,0.65625,0.65625,2,,,,,,,,,,,,,,,,,,,,,,,,,,,,,
10-9UHM,EMATent,0.7218259572982788,0.7218259572982788,0.8332087993621826,1.0,0.28345221281051636,0.5,0.21654778718948364,0.0,0.0,3,64,11,0.171875,53.0,0.828125,0.828125,2,,,,,,,,,,,,,,,,,,,,,,,,,,,,,
10-9UHM,EMATent,0.853561520576477,0.853561520576477,0.8583831787109375,1.0,0.2439315438270569,0.5,0.2560684561729431,0.0,0.0,4,64,35,0.546875,29.0,0.453125,0.546875,2,,,,,,,,,,,,,,,,,,,,,,,,,,,,,
10-9UHM,EMATent,0.977983295917511,0.977983295917511,0.8163310289382935,1.0,0.20660501122474673,0.5,0.2933949887752533,0.0,0.0,5,64,18,0.28125,46.0,0.71875,0.71875,2,,,,,,,,,,,,,,,,,,,,,,,,,,,,,
10-9UHM,EMATent,0.6006649732589722,0.6006649732589722,0.8756674528121948,1.0,0.31980050802230836,0.5,0.18019949197769164,0.0,0.0,6,29,0,0.0,29.0,1.0,1.0,1,,,,,,,,,,,,,,,,,,,,,,,,,,,,,
10-9UHM,DynaMixEMATent,,,,,,,,,,0,64,22,0.34375,42.0,0.65625,0.65625,2,0.48367583751678467,0.9835977554321289,0.9835977554321289,0.49992191791534424,0.4310768578670372,0.27384381550332415,0.29507932662963865,0.38847465516087676,62.95025634765625,0.19999999999999996,1.0,0.4207240045070648,0.2,0.0,1.0,31.0,0.484375,33.0,0.515625,0.515625,2.0,0.15625,,,,,,,
10-9UHM,DynaMixEMATent,,,,,,,,,,1,64,33,0.515625,31.0,0.484375,0.515625,2,0.2693910002708435,0.7534697651863098,0.7534697651863098,0.4840787351131439,0.32472713053608065,0.4492319399080264,0.22604092955589294,0.5804337167988117,111.17232131958008,0.19999999999999996,1.0,0.5717989206314087,0.2,0.0,1.0,18.0,0.28125,46.0,0.71875,0.71875,2.0,0.015625,,,,,,,
10-9UHM,DynaMixEMATent,,,,,,,,,,2,64,22,0.34375,42.0,0.65625,0.65625,2,0.4334651231765747,0.9999341368675232,0.9999341368675232,0.5664690136909485,0.17814676498695073,0.5218729939527923,0.29998024106025695,0.7455118048999451,175.16810607910156,0.19999999999999996,1.0,0.4693870544433594,0.2,0.0,1.0,25.0,0.390625,39.0,0.609375,0.609375,2.0,0.15625,,,,,,,
10-9UHM,DynaMixEMATent,,,,,,,,,,3,64,11,0.171875,53.0,0.828125,0.828125,2,0.23303352296352386,0.7429820895195007,0.7429820895195007,0.5099485516548157,0.1363989548571122,0.6407064182870376,0.2228946268558502,0.8244781730111512,222.7189598083496,0.19999999999999996,1.0,0.46547257900238037,0.2,0.0,1.0,52.0,0.8125,12.0,0.1875,0.8125,2.0,0.328125,,,,,,,
10-9UHM,DynaMixEMATent,,,,,,,,,,4,64,35,0.546875,29.0,0.453125,0.546875,2,0.3552214503288269,0.7996274828910828,0.7996274828910828,0.44440606236457825,0.08944821493521565,0.6706635401974594,0.23988824486732482,0.8823222844125036,273.8951187133789,0.19999999999999996,1.0,0.3941798508167267,0.2,0.0,1.0,46.0,0.71875,18.0,0.28125,0.71875,2.0,0.046875,,,,,,,
10-9UHM,DynaMixEMATent,,,,,,,,,,5,64,18,0.28125,46.0,0.71875,0.71875,2,0.3510850667953491,0.8554810285568237,0.8554810285568237,0.5043959021568298,0.057032913115443944,0.686322778317509,0.2566443085670471,0.9232764156207607,328.6459045410156,0.19999999999999996,1.0,0.4981205463409424,0.2,0.0,1.0,31.0,0.484375,33.0,0.515625,0.515625,2.0,0.21875,,,,,,,
10-9UHM,DynaMixEMATent,,,,,,,,,,6,29,0,0.0,29.0,1.0,1.0,1,0.20638494193553925,0.5582459568977356,0.5582459568977356,0.35186102986335754,0.05628572662825896,0.7762404863024204,0.16747378706932067,0.9323916463481425,344.83503729104996,0.19999999999999996,1.0,0.42634305357933044,0.2,0.0,1.0,26.0,0.896551724137931,3.0,0.10344827586206896,0.896551724137931,2.0,0.5,,,,,,,
10-9UHM,TEMA,,,,,,,,,,0,64,22,0.34375,42.0,0.65625,0.65625,2,,,,,,,,,,,,,,,,,,,,,,,,,,,,,
10-9UHM,TEMA,,,,,,,,,,1,64,33,0.515625,31.0,0.484375,0.515625,2,,,,,,,,,,,,,,,,,,,,,,,,,,,,,
10-9UHM,TEMA,,,,,,,,,,2,64,22,0.34375,42.0,0.65625,0.65625,2,,,,,,,,,,,,,,,,,,,,,,,,,,,,,
10-9UHM,TEMA,,,,,,,,,,3,64,11,0.171875,53.0,0.828125,0.828125,2,,,,,,,,,,,,,,,,,,,,,,,,,,,,,
10-9UHM,TEMA,,,,,,,,,,4,64,35,0.546875,29.0,0.453125,0.546875,2,,,,,,,,,,,,,,,,,,,,,,,,,,,,,
10-9UHM,TEMA,,,,,,,,,,5,64,18,0.28125,46.0,0.71875,0.71875,2,,,,,,,,,,,,,,,,,,,,,,,,,,,,,
10-9UHM,TEMA,,,,,,,,,,6,29,0,0.0,29.0,1.0,1.0,1,,,,,,,,,,,,,,,,,,,,,,,,,,,,,
10-9UHM,DUA,,,,,,,,,,0,64,22,0.34375,42.0,0.65625,0.65625,2,,,,,,,,,,,,,,,,,,,,,,,0.099,,,,,,
10-9UHM,DUA,,,,,,,,,,1,64,33,0.515625,31.0,0.484375,0.515625,2,,,,,,,,,,,,,,,,,,,,,,,0.09336,,,,,,
10-9UHM,DUA,,,,,,,,,,2,64,22,0.34375,42.0,0.65625,0.65625,2,,,,,,,,,,,,,,,,,,,,,,,0.0880584,,,,,,
10-9UHM,DUA,,,,,,,,,,3,64,11,0.171875,53.0,0.828125,0.828125,2,,,,,,,,,,,,,,,,,,,,,,,0.083074896,,,,,,
10-9UHM,DUA,,,,,,,,,,4,64,35,0.546875,29.0,0.453125,0.546875,2,,,,,,,,,,,,,,,,,,,,,,,0.07839040223999999,,,,,,
10-9UHM,DUA,,,,,,,,,,5,64,18,0.28125,46.0,0.71875,0.71875,2,,,,,,,,,,,,,,,,,,,,,,,0.07398697810559998,,,,,,
10-9UHM,DUA,,,,,,,,,,6,29,0,0.0,29.0,1.0,1.0,1,,,,,,,,,,,,,,,,,,,,,,,0.06984775941926398,,,,,,
10-9UHM,RoTTA,,,,,,,,,,0,64,22,0.34375,42.0,0.65625,0.65625,2,,,,,,,,,,,,,,,,,,,,,,,,61.0,,,,,
10-9UHM,RoTTA,,,,,,,,,,1,64,33,0.515625,31.0,0.484375,0.515625,2,,,,,,,,,,,,,,,,,,,,,,,,64.0,,,,,
10-9UHM,RoTTA,,,,,,,,,,2,64,22,0.34375,42.0,0.65625,0.65625,2,,,,,,,,,,,,,,,,,,,,,,,,64.0,,,,,
10-9UHM,RoTTA,,,,,,,,,,3,64,11,0.171875,53.0,0.828125,0.828125,2,,,,,,,,,,,,,,,,,,,,,,,,64.0,,,,,
10-9UHM,RoTTA,,,,,,,,,,4,64,35,0.546875,29.0,0.453125,0.546875,2,,,,,,,,,,,,,,,,,,,,,,,,64.0,,,,,
10-9UHM,RoTTA,,,,,,,,,,5,64,18,0.28125,46.0,0.71875,0.71875,2,,,,,,,,,,,,,,,,,,,,,,,,64.0,,,,,
10-9UHM,RoTTA,,,,,,,,,,6,29,0,0.0,29.0,1.0,1.0,1,,,,,,,,,,,,,,,,,,,,,,,,64.0,,,,,
10-9UHM,NOTE,,,,,,,,,,0,64,22,0.34375,42.0,0.65625,0.65625,2,,,,,,,,,,,,,,,,,,,,,,,,,64.0,1.0,0.4999488890171051,,
10-9UHM,NOTE,,,,,,,,,,1,64,33,0.515625,31.0,0.484375,0.515625,2,,,,,,,,,,,,,,,,,,,,,,,,,64.0,1.0,0.5843914747238159,,
10-9UHM,NOTE,,,,,,,,,,2,64,22,0.34375,42.0,0.65625,0.65625,2,,,,,,,,,,,,,,,,,,,,,,,,,64.0,1.0,0.48428162932395935,,
10-9UHM,NOTE,,,,,,,,,,3,64,11,0.171875,53.0,0.828125,0.828125,2,,,,,,,,,,,,,,,,,,,,,,,,,64.0,1.0,0.4830673635005951,,
10-9UHM,NOTE,,,,,,,,,,4,64,35,0.546875,29.0,0.453125,0.546875,2,,,,,,,,,,,,,,,,,,,,,,,,,64.0,1.0,0.49288368225097656,,
10-9UHM,NOTE,,,,,,,,,,5,64,18,0.28125,46.0,0.71875,0.71875,2,,,,,,,,,,,,,,,,,,,,,,,,,64.0,1.0,0.5448877811431885,,
10-9UHM,NOTE,,,,,,,,,,6,29,0,0.0,29.0,1.0,1.0,1,,,,,,,,,,,,,,,,,,,,,,,,,64.0,0.0,,,
10-9UHM,DELTA,,,,,,,,,,0,64,22,0.34375,42.0,0.65625,0.65625,2,,,,,,,,,,,,,,,,,,,,,,,,,,,,0.2125009000301361,14.0
10-9UHM,DELTA,,,,,,,,,,1,64,33,0.515625,31.0,0.484375,0.515625,2,,,,,,,,,,,,,,,,,,,,,,,,,,,,0.16374966502189636,31.0
10-9UHM,DELTA,,,,,,,,,,2,64,22,0.34375,42.0,0.65625,0.65625,2,,,,,,,,,,,,,,,,,,,,,,,,,,,,0.12680506706237793,49.0
10-9UHM,DELTA,,,,,,,,,,3,64,11,0.171875,53.0,0.828125,0.828125,2,,,,,,,,,,,,,,,,,,,,,,,,,,,,0.14302077889442444,38.0
10-9UHM,DELTA,,,,,,,,,,4,64,35,0.546875,29.0,0.453125,0.546875,2,,,,,,,,,,,,,,,,,,,,,,,,,,,,0.13139285147190094,22.0
10-9UHM,DELTA,,,,,,,,,,5,64,18,0.28125,46.0,0.71875,0.71875,2,,,,,,,,,,,,,,,,,,,,,,,,,,,,0.18307442963123322,27.0
10-9UHM,DELTA,,,,,,,,,,6,29,0,0.0,29.0,1.0,1.0,1,,,,,,,,,,,,,,,,,,,,,,,,,,,,0.15328815579414368,16.0
11-9UIZ,EMATent,0.9726158976554871,0.9726158976554871,0.7340795993804932,1.0,0.2082152307033539,0.5,0.2917847692966461,0.0,0.0,0,64,22,0.34375,42.0,0.65625,0.65625,2,,,,,,,,,,,,,,,,,,,,,,,,,,,,,
11-9UIZ,EMATent,0.922967255115509,0.922967255115509,0.7354072332382202,1.0,0.2231098234653473,0.5,0.2768901765346527,0.0,0.0,1,64,11,0.171875,53.0,0.828125,0.828125,2,,,,,,,,,,,,,,,,,,,,,,,,,,,,,
11-9UIZ,EMATent,0.9308476448059082,0.9308476448059082,0.7591642141342163,1.0,0.22074570655822756,0.5,0.27925429344177244,0.0,0.0,2,64,21,0.328125,43.0,0.671875,0.671875,2,,,,,,,,,,,,,,,,,,,,,,,,,,,,,
11-9UIZ,EMATent,0.9965488314628601,0.9965488314628601,0.6968663334846497,1.0,0.20103535056114197,0.5,0.29896464943885803,0.0,0.0,3,64,12,0.1875,52.0,0.8125,0.8125,2,,,,,,,,,,,,,,,,,,,,,,,,,,,,,
11-9UIZ,EMATent,0.8908065557479858,0.8908065557479858,0.7552806735038757,1.0,0.23275803327560426,0.5,0.26724196672439576,0.0,0.0,4,64,9,0.140625,55.0,0.859375,0.859375,2,,,,,,,,,,,,,,,,,,,,,,,,,,,,,
11-9UIZ,EMATent,0.6134704351425171,0.6134704351425171,0.8892054557800293,1.0,0.3159588694572449,0.5,0.18404113054275512,0.0,0.0,5,64,21,0.328125,43.0,0.671875,0.671875,2,,,,,,,,,,,,,,,,,,,,,,,,,,,,,
11-9UIZ,EMATent,0.9983644485473633,0.9983644485473633,0.7620148062705994,1.0,0.20049066543579103,0.5,0.299509334564209,0.0,0.0,6,29,0,0.0,29.0,1.0,1.0,1,,,,,,,,,,,,,,,,,,,,,,,,,,,,,
11-9UIZ,DynaMixEMATent,,,,,,,,,,0,64,22,0.34375,42.0,0.65625,0.65625,2,0.2353496551513672,0.9726158976554871,0.9726158976554871,0.7372662425041199,0.43547617903837865,0.27273905166497525,0.2917847692966461,0.38510757724612665,62.24741744995117,0.19999999999999996,1.0,0.5326687693595886,0.2,0.0,1.0,27.0,0.421875,37.0,0.578125,0.578125,2.0,0.15625,,,,,,,
11-9UIZ,DynaMixEMATent,,,,,,,,,,1,64,11,0.171875,53.0,0.828125,0.828125,2,0.20453165471553802,0.9007355570793152,0.9007355570793152,0.696203887462616,0.2860213554239858,0.4437579774522196,0.27022066712379456,0.6080714504524007,119.89449310302734,0.19999999999999996,1.0,0.5163111686706543,0.2,0.0,1.0,15.0,0.234375,49.0,0.765625,0.765625,2.0,0.328125,,,,,,,
11-9UIZ,DynaMixEMATent,,,,,,,,,,2,64,21,0.328125,43.0,0.671875,0.671875,2,0.20443516969680786,0.8555201292037964,0.8555201292037964,0.6510849595069885,0.1899428203508209,0.5534011408880402,0.2566560387611389,0.7444751955282435,174.6477813720703,0.19999999999999996,1.0,0.5025793313980103,0.2,0.0,1.0,28.0,0.4375,36.0,0.5625,0.5625,2.0,0.171875,,,,,,,
11-9UIZ,DynaMixEMATent,,,,,,,,,,3,64,12,0.1875,52.0,0.8125,0.8125,2,0.17775627970695496,0.9635063409805298,0.9635063409805298,0.7857500314712524,0.1122143033354648,0.5987337943703763,0.28905190229415895,0.8421624536340006,236.31218719482422,0.19999999999999996,1.0,0.5388373136520386,0.2,0.0,1.0,22.0,0.34375,42.0,0.65625,0.65625,2.0,0.3125,,,,,,,
11-9UIZ,DynaMixEMATent,,,,,,,,,,4,64,9,0.140625,55.0,0.859375,0.859375,2,0.13639530539512634,0.9099922180175781,0.9099922180175781,0.7735968828201294,0.07280208663291991,0.6542002479618066,0.2729976654052734,0.8998598997986657,294.5516891479492,0.19999999999999996,1.0,0.5677583813667297,0.2,0.0,1.0,16.0,0.25,48.0,0.75,0.75,2.0,0.359375,,,,,,,
11-9UIZ,DynaMixEMATent,,,,,,,,,,5,64,21,0.328125,43.0,0.671875,0.671875,2,0.20592905580997467,0.6048378944396973,0.6048378944396973,0.3989088535308838,0.06057781833286716,0.7579708133352236,0.18145136833190917,0.9259936233606331,333.26131439208984,0.19999999999999996,1.0,0.4500577747821808,0.2,0.0,1.0,15.0,0.234375,49.0,0.765625,0.765625,2.0,0.171875,,,,,,,
11-9UIZ,DynaMixEMATent,,,,,,,,,,6,29,0,0.0,29.0,1.0,1.0,1,0.261513888835907,0.9829268455505371,0.9829268455505371,0.7214129567146301,0.04176557264540913,0.6633563736894297,0.2948780536651611,0.9407682985014112,361.7661929130554,0.19999999999999996,1.0,0.4779587388038635,0.2,0.0,1.0,13.0,0.4482758620689655,16.0,0.5517241379310345,0.5517241379310345,2.0,0.5,,,,,,,
11-9UIZ,TEMA,,,,,,,,,,0,64,22,0.34375,42.0,0.65625,0.65625,2,,,,,,,,,,,,,,,,,,,,,,,,,,,,,
11-9UIZ,TEMA,,,,,,,,,,1,64,11,0.171875,53.0,0.828125,0.828125,2,,,,,,,,,,,,,,,,,,,,,,,,,,,,,
11-9UIZ,TEMA,,,,,,,,,,2,64,21,0.328125,43.0,0.671875,0.671875,2,,,,,,,,,,,,,,,,,,,,,,,,,,,,,
11-9UIZ,TEMA,,,,,,,,,,3,64,12,0.1875,52.0,0.8125,0.8125,2,,,,,,,,,,,,,,,,,,,,,,,,,,,,,
11-9UIZ,TEMA,,,,,,,,,,4,64,9,0.140625,55.0,0.859375,0.859375,2,,,,,,,,,,,,,,,,,,,,,,,,,,,,,
11-9UIZ,TEMA,,,,,,,,,,5,64,21,0.328125,43.0,0.671875,0.671875,2,,,,,,,,,,,,,,,,,,,,,,,,,,,,,
11-9UIZ,TEMA,,,,,,,,,,6,29,0,0.0,29.0,1.0,1.0,1,,,,,,,,,,,,,,,,,,,,,,,,,,,,,
11-9UIZ,DUA,,,,,,,,,,0,64,22,0.34375,42.0,0.65625,0.65625,2,,,,,,,,,,,,,,,,,,,,,,,0.099,,,,,,
11-9UIZ,DUA,,,,,,,,,,1,64,11,0.171875,53.0,0.828125,0.828125,2,,,,,,,,,,,,,,,,,,,,,,,0.09336,,,,,,
11-9UIZ,DUA,,,,,,,,,,2,64,21,0.328125,43.0,0.671875,0.671875,2,,,,,,,,,,,,,,,,,,,,,,,0.0880584,,,,,,
11-9UIZ,DUA,,,,,,,,,,3,64,12,0.1875,52.0,0.8125,0.8125,2,,,,,,,,,,,,,,,,,,,,,,,0.083074896,,,,,,
11-9UIZ,DUA,,,,,,,,,,4,64,9,0.140625,55.0,0.859375,0.859375,2,,,,,,,,,,,,,,,,,,,,,,,0.07839040223999999,,,,,,
11-9UIZ,DUA,,,,,,,,,,5,64,21,0.328125,43.0,0.671875,0.671875,2,,,,,,,,,,,,,,,,,,,,,,,0.07398697810559998,,,,,,
11-9UIZ,DUA,,,,,,,,,,6,29,0,0.0,29.0,1.0,1.0,1,,,,,,,,,,,,,,,,,,,,,,,0.06984775941926398,,,,,,
11-9UIZ,RoTTA,,,,,,,,,,0,64,22,0.34375,42.0,0.65625,0.65625,2,,,,,,,,,,,,,,,,,,,,,,,,57.0,,,,,
11-9UIZ,RoTTA,,,,,,,,,,1,64,11,0.171875,53.0,0.828125,0.828125,2,,,,,,,,,,,,,,,,,,,,,,,,64.0,,,,,
11-9UIZ,RoTTA,,,,,,,,,,2,64,21,0.328125,43.0,0.671875,0.671875,2,,,,,,,,,,,,,,,,,,,,,,,,64.0,,,,,
11-9UIZ,RoTTA,,,,,,,,,,3,64,12,0.1875,52.0,0.8125,0.8125,2,,,,,,,,,,,,,,,,,,,,,,,,64.0,,,,,
11-9UIZ,RoTTA,,,,,,,,,,4,64,9,0.140625,55.0,0.859375,0.859375,2,,,,,,,,,,,,,,,,,,,,,,,,64.0,,,,,
11-9UIZ,RoTTA,,,,,,,,,,5,64,21,0.328125,43.0,0.671875,0.671875,2,,,,,,,,,,,,,,,,,,,,,,,,64.0,,,,,
11-9UIZ,RoTTA,,,,,,,,,,6,29,0,0.0,29.0,1.0,1.0,1,,,,,,,,,,,,,,,,,,,,,,,,64.0,,,,,
11-9UIZ,NOTE,,,,,,,,,,0,64,22,0.34375,42.0,0.65625,0.65625,2,,,,,,,,,,,,,,,,,,,,,,,,,64.0,1.0,0.4859851896762848,,
11-9UIZ,NOTE,,,,,,,,,,1,64,11,0.171875,53.0,0.828125,0.828125,2,,,,,,,,,,,,,,,,,,,,,,,,,64.0,1.0,0.5537030696868896,,
11-9UIZ,NOTE,,,,,,,,,,2,64,21,0.328125,43.0,0.671875,0.671875,2,,,,,,,,,,,,,,,,,,,,,,,,,64.0,1.0,0.5482224822044373,,
11-9UIZ,NOTE,,,,,,,,,,3,64,12,0.1875,52.0,0.8125,0.8125,2,,,,,,,,,,,,,,,,,,,,,,,,,64.0,1.0,0.49685490131378174,,
11-9UIZ,NOTE,,,,,,,,,,4,64,9,0.140625,55.0,0.859375,0.859375,2,,,,,,,,,,,,,,,,,,,,,,,,,64.0,1.0,0.5261871814727783,,
11-9UIZ,NOTE,,,,,,,,,,5,64,21,0.328125,43.0,0.671875,0.671875,2,,,,,,,,,,,,,,,,,,,,,,,,,64.0,1.0,0.5411745309829712,,
11-9UIZ,NOTE,,,,,,,,,,6,29,0,0.0,29.0,1.0,1.0,1,,,,,,,,,,,,,,,,,,,,,,,,,64.0,0.0,,,
11-9UIZ,DELTA,,,,,,,,,,0,64,22,0.34375,42.0,0.65625,0.65625,2,,,,,,,,,,,,,,,,,,,,,,,,,,,,0.23634296655654907,15.0
11-9UIZ,DELTA,,,,,,,,,,1,64,11,0.171875,53.0,0.828125,0.828125,2,,,,,,,,,,,,,,,,,,,,,,,,,,,,0.2279292345046997,13.0
11-9UIZ,DELTA,,,,,,,,,,2,64,21,0.328125,43.0,0.671875,0.671875,2,,,,,,,,,,,,,,,,,,,,,,,,,,,,0.19849127531051636,21.0
11-9UIZ,DELTA,,,,,,,,,,3,64,12,0.1875,52.0,0.8125,0.8125,2,,,,,,,,,,,,,,,,,,,,,,,,,,,,0.2573813199996948,14.0
11-9UIZ,DELTA,,,,,,,,,,4,64,9,0.140625,55.0,0.859375,0.859375,2,,,,,,,,,,,,,,,,,,,,,,,,,,,,0.14710836112499237,27.0
11-9UIZ,DELTA,,,,,,,,,,5,64,21,0.328125,43.0,0.671875,0.671875,2,,,,,,,,,,,,,,,,,,,,,,,,,,,,0.035420361906290054,59.0
11-9UIZ,DELTA,,,,,,,,,,6,29,0,0.0,29.0,1.0,1.0,1,,,,,,,,,,,,,,,,,,,,,,,,,,,,0.23334574699401855,4.0
12-9UN3,EMATent,0.7994658946990967,0.7994658946990967,0.7629486322402954,1.0,0.260160231590271,0.5,0.23983976840972898,0.0,0.0,0,64,55,0.859375,9.0,0.140625,0.859375,2,,,,,,,,,,,,,,,,,,,,,,,,,,,,,
12-9UN3,EMATent,0.9999043941497803,0.9999043941497803,0.7337972521781921,1.0,0.20002868175506594,0.5,0.29997131824493406,0.0,0.0,1,64,51,0.796875,13.0,0.203125,0.796875,2,,,,,,,,,,,,,,,,,,,,,,,,,,,,,
12-9UN3,EMATent,0.9803820848464966,0.9803820848464966,0.7325994968414307,1.0,0.20588537454605105,0.5,0.29411462545394895,0.0,0.0,2,64,64,1.0,,,1.0,1,,,,,,,,,,,,,,,,,,,,,,,,,,,,,
12-9UN3,EMATent,0.9995166659355164,0.9995166659355164,0.815658450126648,1.0,0.20014500021934511,0.5,0.2998549997806549,0.0,0.0,3,64,42,0.65625,22.0,0.34375,0.65625,2,,,,,,,,,,,,,,,,,,,,,,,,,,,,,
12-9UN3,EMATent,0.9770322442054749,0.9770322442054749,0.7686589956283569,1.0,0.20689032673835756,0.5,0.29310967326164244,0.0,0.0,4,64,53,0.828125,11.0,0.171875,0.828125,2,,,,,,,,,,,,,,,,,,,,,,,,,,,,,
12-9UN3,EMATent,0.9137936234474182,0.9137936234474182,0.8177765607833862,1.0,0.22586191296577454,0.5,0.27413808703422543,0.0,0.0,5,64,64,1.0,,,1.0,1,,,,,,,,,,,,,,,,,,,,,,,,,,,,,
12-9UN3,EMATent,0.9585061073303223,0.9585061073303223,0.883918821811676,1.0,0.21244816780090334,0.5,0.2875518321990967,0.0,0.0,6,29,29,1.0,,,1.0,1,,,,,,,,,,,,,,,,,,,,,,,,,,,,,
12-9UN3,DynaMixEMATent,,,,,,,,,,0,64,55,0.859375,9.0,0.140625,0.859375,2,0.12227631360292435,0.7994658946990967,0.7994658946990967,0.6771895885467529,0.5096867364548462,0.2504734951354249,0.23983976840972898,0.3295009193146412,51.16581726074219,0.19999999999999996,1.0,0.5349158048629761,0.2,0.0,1.0,16.0,0.25,48.0,0.75,0.75,2.0,0.359375,,,,,,,
12-9UN3,DynaMixEMATent,,,,,,,,,,1,64,51,0.796875,13.0,0.203125,0.796875,2,0.23384463787078857,0.9962471723556519,0.9962471723556519,0.7624025344848633,0.28566816192813327,0.4154576863651712,0.29887415170669557,0.5925579371755972,114.9256362915039,0.19999999999999996,1.0,0.5611896514892578,0.2,0.0,1.0,32.0,0.5,32.0,0.5,0.5,2.0,0.296875,,,,,,,
12-9UN3,DynaMixEMATent,,,,,,,,,,2,64,64,1.0,,,1.0,1,0.17238405346870422,0.9928286671638489,0.9928286671638489,0.8204445838928223,0.17414324069997028,0.5280081591508751,0.29784860014915465,0.7519861945202093,178.46667098999023,0.19999999999999996,1.0,0.5513298511505127,0.2,0.0,1.0,20.0,0.3125,44.0,0.6875,0.6875,2.0,0.0,,,,,,,
12-9UN3,DynaMixEMATent,,,,,,,,,,3,64,42,0.65625,22.0,0.34375,0.65625,2,0.3582690954208374,0.994323194026947,0.994323194026947,0.6360540986061096,0.1058558044899005,0.5958472373020154,0.2982969582080841,0.8491444411875713,242.10335540771484,0.19999999999999996,1.0,0.4754665493965149,0.2,0.0,1.0,26.0,0.40625,38.0,0.59375,0.59375,2.0,0.15625,,,,,,,
12-9UN3,DynaMixEMATent,,,,,,,,,,4,64,53,0.828125,11.0,0.171875,0.828125,2,0.3110526502132416,0.9322888255119324,0.9322888255119324,0.6212361454963684,0.06817714913586465,0.6521362032105557,0.2796866476535797,0.9053507075583458,301.7698402404785,0.19999999999999996,1.0,0.49053823947906494,0.2,0.0,1.0,14.0,0.21875,50.0,0.78125,0.78125,2.0,0.328125,,,,,,,
12-9UN3,DynaMixEMATent,,,,,,,,,,5,64,64,1.0,,,1.0,1,0.27286964654922485,0.9913948774337769,0.9913948774337769,0.7185251712799072,0.04050750013368994,0.6620740366361769,0.29741846323013305,0.9423447699466684,365.21911239624023,0.19999999999999996,1.0,0.47701600193977356,0.2,0.0,1.0,44.0,0.6875,20.0,0.3125,0.6875,2.0,0.0,,,,,,,
12-9UN3,DynaMixEMATent,,,,,,,,,,6,29,29,1.0,,,1.0,1,0.43426603078842163,0.9710341691970825,0.9710341691970825,0.5367681384086609,0.03279065600750248,0.6758990932333727,0.29131025075912476,0.953730590794312,393.3791033029556,0.19999999999999996,1.0,0.4673980176448822,0.2,0.0,1.0,18.0,0.6206896551724138,11.0,0.3793103448275862,0.6206896551724138,2.0,0.0,,,,,,,
12-9UN3,TEMA,,,,,,,,,,0,64,55,0.859375,9.0,0.140625,0.859375,2,,,,,,,,,,,,,,,,,,,,,,,,,,,,,
12-9UN3,TEMA,,,,,,,,,,1,64,51,0.796875,13.0,0.203125,0.796875,2,,,,,,,,,,,,,,,,,,,,,,,,,,,,,
12-9UN3,TEMA,,,,,,,,,,2,64,64,1.0,0.0,0.0,1.0,1,,,,,,,,,,,,,,,,,,,,,,,,,,,,,
12-9UN3,TEMA,,,,,,,,,,3,64,42,0.65625,22.0,0.34375,0.65625,2,,,,,,,,,,,,,,,,,,,,,,,,,,,,,
12-9UN3,TEMA,,,,,,,,,,4,64,53,0.828125,11.0,0.171875,0.828125,2,,,,,,,,,,,,,,,,,,,,,,,,,,,,,
12-9UN3,TEMA,,,,,,,,,,5,64,64,1.0,0.0,0.0,1.0,1,,,,,,,,,,,,,,,,,,,,,,,,,,,,,
12-9UN3,TEMA,,,,,,,,,,6,29,29,1.0,0.0,0.0,1.0,1,,,,,,,,,,,,,,,,,,,,,,,,,,,,,
12-9UN3,DUA,,,,,,,,,,0,64,55,0.859375,9.0,0.140625,0.859375,2,,,,,,,,,,,,,,,,,,,,,,,0.099,,,,,,
12-9UN3,DUA,,,,,,,,,,1,64,51,0.796875,13.0,0.203125,0.796875,2,,,,,,,,,,,,,,,,,,,,,,,0.09336,,,,,,
12-9UN3,DUA,,,,,,,,,,2,64,64,1.0,0.0,0.0,1.0,1,,,,,,,,,,,,,,,,,,,,,,,0.0880584,,,,,,
12-9UN3,DUA,,,,,,,,,,3,64,42,0.65625,22.0,0.34375,0.65625,2,,,,,,,,,,,,,,,,,,,,,,,0.083074896,,,,,,
12-9UN3,DUA,,,,,,,,,,4,64,53,0.828125,11.0,0.171875,0.828125,2,,,,,,,,,,,,,,,,,,,,,,,0.07839040223999999,,,,,,
12-9UN3,DUA,,,,,,,,,,5,64,64,1.0,0.0,0.0,1.0,1,,,,,,,,,,,,,,,,,,,,,,,0.07398697810559998,,,,,,
12-9UN3,DUA,,,,,,,,,,6,29,29,1.0,0.0,0.0,1.0,1,,,,,,,,,,,,,,,,,,,,,,,0.06984775941926398,,,,,,
12-9UN3,RoTTA,,,,,,,,,,0,64,55,0.859375,9.0,0.140625,0.859375,2,,,,,,,,,,,,,,,,,,,,,,,,63.0,,,,,
12-9UN3,RoTTA,,,,,,,,,,1,64,51,0.796875,13.0,0.203125,0.796875,2,,,,,,,,,,,,,,,,,,,,,,,,64.0,,,,,
12-9UN3,RoTTA,,,,,,,,,,2,64,64,1.0,0.0,0.0,1.0,1,,,,,,,,,,,,,,,,,,,,,,,,64.0,,,,,
12-9UN3,RoTTA,,,,,,,,,,3,64,42,0.65625,22.0,0.34375,0.65625,2,,,,,,,,,,,,,,,,,,,,,,,,64.0,,,,,
12-9UN3,RoTTA,,,,,,,,,,4,64,53,0.828125,11.0,0.171875,0.828125,2,,,,,,,,,,,,,,,,,,,,,,,,64.0,,,,,
12-9UN3,RoTTA,,,,,,,,,,5,64,64,1.0,0.0,0.0,1.0,1,,,,,,,,,,,,,,,,,,,,,,,,64.0,,,,,
12-9UN3,RoTTA,,,,,,,,,,6,29,29,1.0,0.0,0.0,1.0,1,,,,,,,,,,,,,,,,,,,,,,,,64.0,,,,,
12-9UN3,NOTE,,,,,,,,,,0,64,55,0.859375,9.0,0.140625,0.859375,2,,,,,,,,,,,,,,,,,,,,,,,,,64.0,1.0,0.5396765470504761,,
12-9UN3,NOTE,,,,,,,,,,1,64,51,0.796875,13.0,0.203125,0.796875,2,,,,,,,,,,,,,,,,,,,,,,,,,64.0,1.0,0.5738580226898193,,
12-9UN3,NOTE,,,,,,,,,,2,64,64,1.0,0.0,0.0,1.0,1,,,,,,,,,,,,,,,,,,,,,,,,,64.0,1.0,0.5492289662361145,,
12-9UN3,NOTE,,,,,,,,,,3,64,42,0.65625,22.0,0.34375,0.65625,2,,,,,,,,,,,,,,,,,,,,,,,,,64.0,1.0,0.5462863445281982,,
12-9UN3,NOTE,,,,,,,,,,4,64,53,0.828125,11.0,0.171875,0.828125,2,,,,,,,,,,,,,,,,,,,,,,,,,64.0,1.0,0.5063672065734863,,
12-9UN3,NOTE,,,,,,,,,,5,64,64,1.0,0.0,0.0,1.0,1,,,,,,,,,,,,,,,,,,,,,,,,,64.0,1.0,0.5084996819496155,,
12-9UN3,NOTE,,,,,,,,,,6,29,29,1.0,0.0,0.0,1.0,1,,,,,,,,,,,,,,,,,,,,,,,,,64.0,0.0,,,
12-9UN3,DELTA,,,,,,,,,,0,64,55,0.859375,9.0,0.140625,0.859375,2,,,,,,,,,,,,,,,,,,,,,,,,,,,,0.2778623700141907,11.0
12-9UN3,DELTA,,,,,,,,,,1,64,51,0.796875,13.0,0.203125,0.796875,2,,,,,,,,,,,,,,,,,,,,,,,,,,,,0.03815703094005585,61.0
12-9UN3,DELTA,,,,,,,,,,2,64,64,1.0,0.0,0.0,1.0,1,,,,,,,,,,,,,,,,,,,,,,,,,,,,0.03473085165023804,63.0
12-9UN3,DELTA,,,,,,,,,,3,64,42,0.65625,22.0,0.34375,0.65625,2,,,,,,,,,,,,,,,,,,,,,,,,,,,,0.07880999892950058,58.0
12-9UN3,DELTA,,,,,,,,,,4,64,53,0.828125,11.0,0.171875,0.828125,2,,,,,,,,,,,,,,,,,,,,,,,,,,,,0.16155953705310822,30.0
12-9UN3,DELTA,,,,,,,,,,5,64,64,1.0,0.0,0.0,1.0,1,,,,,,,,,,,,,,,,,,,,,,,,,,,,0.08463351428508759,56.0
12-9UN3,DELTA,,,,,,,,,,6,29,29,1.0,0.0,0.0,1.0,1,,,,,,,,,,,,,,,,,,,,,,,,,,,,0.1926991045475006,7.0
13-9UOF,EMATent,0.9982550740242004,0.9982550740242004,0.7595462203025818,1.0,0.20052347779273988,0.5,0.2994765222072601,0.0,0.0,0,64,33,0.515625,31.0,0.484375,0.515625,2,,,,,,,,,,,,,,,,,,,,,,,,,,,,,
13-9UOF,EMATent,0.9999962449073792,0.9999962449073792,0.8039737939834595,1.0,0.20000112652778626,0.5,0.2999988734722137,0.0,0.0,1,64,33,0.515625,31.0,0.484375,0.515625,2,,,,,,,,,,,,,,,,,,,,,,,,,,,,,
13-9UOF,EMATent,0.9136495590209961,0.9136495590209961,0.7851905822753906,1.0,0.22590513229370118,0.5,0.2740948677062988,0.0,0.0,2,64,0,0.0,64.0,1.0,1.0,1,,,,,,,,,,,,,,,,,,,,,,,,,,,,,
13-9UOF,EMATent,0.9352667331695557,0.9352667331695557,0.8666290044784546,1.0,0.21941998004913332,0.5,0.2805800199508667,0.0,0.0,3,64,0,0.0,64.0,1.0,1.0,1,,,,,,,,,,,,,,,,,,,,,,,,,,,,,
13-9UOF,EMATent,0.9820811152458191,0.9820811152458191,0.7340555191040039,1.0,0.2053756654262543,0.5,0.2946243345737457,0.0,0.0,4,64,15,0.234375,49.0,0.765625,0.765625,2,,,,,,,,,,,,,,,,,,,,,,,,,,,,,
13-9UOF,EMATent,0.9997028112411499,0.9997028112411499,0.719322681427002,1.0,0.20008915662765503,0.5,0.29991084337234497,0.0,0.0,5,64,20,0.3125,44.0,0.6875,0.6875,2,,,,,,,,,,,,,,,,,,,,,,,,,,,,,
13-9UOF,EMATent,0.9955191612243652,0.9955191612243652,0.6255811452865601,1.0,0.20134425163269043,0.5,0.29865574836730957,0.0,0.0,6,29,18,0.6206896551724138,11.0,0.3793103448275862,0.6206896551724138,2,,,,,,,,,,,,,,,,,,,,,,,,,,,,,
13-9UOF,DynaMixEMATent,,,,,,,,,,0,64,33,0.515625,31.0,0.484375,0.515625,2,0.29040539264678955,0.9982550740242004,0.9982550740242004,0.7078496813774109,0.4252598287856159,0.2752636490071239,0.2994765222072601,0.3929399338255508,63.88832473754883,0.19999999999999996,1.0,0.5271950960159302,0.2,0.0,1.0,34.0,0.53125,30.0,0.46875,0.53125,2.0,0.015625,,,,,,,
13-9UOF,DynaMixEMATent,,,,,,,,,,1,64,33,0.515625,31.0,0.484375,0.515625,2,0.36469507217407227,0.9848396182060242,0.9848396182060242,0.6201446056365967,0.2613888849097741,0.4431592296284187,0.29545188546180723,0.6289978221272999,126.91806030273438,0.19999999999999996,1.0,0.4385852813720703,0.2,0.0,1.0,29.0,0.453125,35.0,0.546875,0.546875,2.0,0.015625,,,,,,,
13-9UOF,DynaMixEMATent,,,,,,,,,,2,64,0,0.0,64.0,1.0,1.0,1,0.25888022780418396,0.9018921256065369,0.9018921256065369,0.6430119276046753,0.17239239364741815,0.5570399686706208,0.27056763768196107,0.7636622632157722,184.63915634155273,0.19999999999999996,1.0,0.4861944317817688,0.2,0.0,1.0,38.0,0.59375,26.0,0.40625,0.59375,2.0,0.5,,,,,,,
13-9UOF,DynaMixEMATent,,,,,,,,,,3,64,0,0.0,64.0,1.0,1.0,1,0.44730478525161743,0.9444258809089661,0.9444258809089661,0.49712109565734863,0.10562681340199084,0.6110454223253193,0.2833277642726898,0.8526148940389798,245.08241271972656,0.19999999999999996,1.0,0.4473823606967926,0.2,0.0,1.0,19.0,0.296875,45.0,0.703125,0.703125,2.0,0.5,,,,,,,
13-9UOF,DynaMixEMATent,,,,,,,,,,4,64,15,0.234375,49.0,0.765625,0.765625,2,0.27050238847732544,0.9752424359321594,0.9752424359321594,0.7047399878501892,0.06402715288450729,0.6434001163358449,0.2925727307796478,0.9094929533108458,307.49792861938477,0.19999999999999996,1.0,0.513135552406311,0.2,0.0,1.0,29.0,0.453125,35.0,0.546875,0.546875,2.0,0.265625,,,,,,,
13-9UOF,DynaMixEMATent,,,,,,,,,,5,64,20,0.3125,44.0,0.6875,0.6875,2,0.2446644902229309,0.9983461499214172,0.9983461499214172,0.7536816596984863,0.03848575737582872,0.6620103976477462,0.2995038449764252,0.9450592881919052,371.39208221435547,0.19999999999999996,1.0,0.5026644468307495,0.2,0.0,1.0,30.0,0.46875,34.0,0.53125,0.53125,2.0,0.1875,,,,,,,
13-9UOF,DynaMixEMATent,,,,,,,,,,6,29,18,0.6206896551724138,11.0,0.3793103448275862,0.6206896551724138,2,0.0720171332359314,0.9986225962638855,0.9986225962638855,0.9266054630279541,0.030689463969000932,0.6697237571518334,0.2995867788791656,0.9561837740300073,400.35213750600815,0.19999999999999996,1.0,0.5868112444877625,0.2,0.0,1.0,12.0,0.41379310344827586,17.0,0.5862068965517241,0.5862068965517241,2.0,0.12068965517241381,,,,,,,
13-9UOF,TEMA,,,,,,,,,,0,64,33,0.515625,31.0,0.484375,0.515625,2,,,,,,,,,,,,,,,,,,,,,,,,,,,,,
13-9UOF,TEMA,,,,,,,,,,1,64,33,0.515625,31.0,0.484375,0.515625,2,,,,,,,,,,,,,,,,,,,,,,,,,,,,,
13-9UOF,TEMA,,,,,,,,,,2,64,0,0.0,64.0,1.0,1.0,1,,,,,,,,,,,,,,,,,,,,,,,,,,,,,
13-9UOF,TEMA,,,,,,,,,,3,64,0,0.0,64.0,1.0,1.0,1,,,,,,,,,,,,,,,,,,,,,,,,,,,,,
13-9UOF,TEMA,,,,,,,,,,4,64,15,0.234375,49.0,0.765625,0.765625,2,,,,,,,,,,,,,,,,,,,,,,,,,,,,,
13-9UOF,TEMA,,,,,,,,,,5,64,20,0.3125,44.0,0.6875,0.6875,2,,,,,,,,,,,,,,,,,,,,,,,,,,,,,
13-9UOF,TEMA,,,,,,,,,,6,29,18,0.6206896551724138,11.0,0.3793103448275862,0.6206896551724138,2,,,,,,,,,,,,,,,,,,,,,,,,,,,,,
13-9UOF,DUA,,,,,,,,,,0,64,33,0.515625,31.0,0.484375,0.515625,2,,,,,,,,,,,,,,,,,,,,,,,0.099,,,,,,
13-9UOF,DUA,,,,,,,,,,1,64,33,0.515625,31.0,0.484375,0.515625,2,,,,,,,,,,,,,,,,,,,,,,,0.09336,,,,,,
13-9UOF,DUA,,,,,,,,,,2,64,0,0.0,64.0,1.0,1.0,1,,,,,,,,,,,,,,,,,,,,,,,0.0880584,,,,,,
13-9UOF,DUA,,,,,,,,,,3,64,0,0.0,64.0,1.0,1.0,1,,,,,,,,,,,,,,,,,,,,,,,0.083074896,,,,,,
13-9UOF,DUA,,,,,,,,,,4,64,15,0.234375,49.0,0.765625,0.765625,2,,,,,,,,,,,,,,,,,,,,,,,0.07839040223999999,,,,,,
13-9UOF,DUA,,,,,,,,,,5,64,20,0.3125,44.0,0.6875,0.6875,2,,,,,,,,,,,,,,,,,,,,,,,0.07398697810559998,,,,,,
13-9UOF,DUA,,,,,,,,,,6,29,18,0.6206896551724138,11.0,0.3793103448275862,0.6206896551724138,2,,,,,,,,,,,,,,,,,,,,,,,0.06984775941926398,,,,,,
13-9UOF,RoTTA,,,,,,,,,,0,64,33,0.515625,31.0,0.484375,0.515625,2,,,,,,,,,,,,,,,,,,,,,,,,57.0,,,,,
13-9UOF,RoTTA,,,,,,,,,,1,64,33,0.515625,31.0,0.484375,0.515625,2,,,,,,,,,,,,,,,,,,,,,,,,64.0,,,,,
13-9UOF,RoTTA,,,,,,,,,,2,64,0,0.0,64.0,1.0,1.0,1,,,,,,,,,,,,,,,,,,,,,,,,64.0,,,,,
13-9UOF,RoTTA,,,,,,,,,,3,64,0,0.0,64.0,1.0,1.0,1,,,,,,,,,,,,,,,,,,,,,,,,64.0,,,,,
13-9UOF,RoTTA,,,,,,,,,,4,64,15,0.234375,49.0,0.765625,0.765625,2,,,,,,,,,,,,,,,,,,,,,,,,64.0,,,,,
13-9UOF,RoTTA,,,,,,,,,,5,64,20,0.3125,44.0,0.6875,0.6875,2,,,,,,,,,,,,,,,,,,,,,,,,64.0,,,,,
13-9UOF,RoTTA,,,,,,,,,,6,29,18,0.6206896551724138,11.0,0.3793103448275862,0.6206896551724138,2,,,,,,,,,,,,,,,,,,,,,,,,64.0,,,,,
13-9UOF,NOTE,,,,,,,,,,0,64,33,0.515625,31.0,0.484375,0.515625,2,,,,,,,,,,,,,,,,,,,,,,,,,64.0,1.0,0.5644585490226746,,
13-9UOF,NOTE,,,,,,,,,,1,64,33,0.515625,31.0,0.484375,0.515625,2,,,,,,,,,,,,,,,,,,,,,,,,,64.0,1.0,0.4378725290298462,,
13-9UOF,NOTE,,,,,,,,,,2,64,0,0.0,64.0,1.0,1.0,1,,,,,,,,,,,,,,,,,,,,,,,,,64.0,1.0,0.4666942059993744,,
13-9UOF,NOTE,,,,,,,,,,3,64,0,0.0,64.0,1.0,1.0,1,,,,,,,,,,,,,,,,,,,,,,,,,64.0,1.0,0.42302224040031433,,
13-9UOF,NOTE,,,,,,,,,,4,64,15,0.234375,49.0,0.765625,0.765625,2,,,,,,,,,,,,,,,,,,,,,,,,,64.0,1.0,0.5274346470832825,,
13-9UOF,NOTE,,,,,,,,,,5,64,20,0.3125,44.0,0.6875,0.6875,2,,,,,,,,,,,,,,,,,,,,,,,,,64.0,1.0,0.5454617738723755,,
13-9UOF,NOTE,,,,,,,,,,6,29,18,0.6206896551724138,11.0,0.3793103448275862,0.6206896551724138,2,,,,,,,,,,,,,,,,,,,,,,,,,64.0,0.0,,,
13-9UOF,DELTA,,,,,,,,,,0,64,33,0.515625,31.0,0.484375,0.515625,2,,,,,,,,,,,,,,,,,,,,,,,,,,,,0.21844600141048431,6.0
13-9UOF,DELTA,,,,,,,,,,1,64,33,0.515625,31.0,0.484375,0.515625,2,,,,,,,,,,,,,,,,,,,,,,,,,,,,0.21428249776363373,23.0
13-9UOF,DELTA,,,,,,,,,,2,64,0,0.0,64.0,1.0,1.0,1,,,,,,,,,,,,,,,,,,,,,,,,,,,,0.1645502746105194,39.0
13-9UOF,DELTA,,,,,,,,,,3,64,0,0.0,64.0,1.0,1.0,1,,,,,,,,,,,,,,,,,,,,,,,,,,,,0.24206961691379547,31.0
13-9UOF,DELTA,,,,,,,,,,4,64,15,0.234375,49.0,0.765625,0.765625,2,,,,,,,,,,,,,,,,,,,,,,,,,,,,0.2316102236509323,9.0
13-9UOF,DELTA,,,,,,,,,,5,64,20,0.3125,44.0,0.6875,0.6875,2,,,,,,,,,,,,,,,,,,,,,,,,,,,,0.1648769974708557,15.0
13-9UOF,DELTA,,,,,,,,,,6,29,18,0.6206896551724138,11.0,0.3793103448275862,0.6206896551724138,2,,,,,,,,,,,,,,,,,,,,,,,,,,,,0.24414774775505066,7.0
14-9UP0,EMATent,0.9426891803741455,0.9426891803741455,0.8317457437515259,1.0,0.21719324588775635,0.5,0.28280675411224365,0.0,0.0,0,64,0,0.0,64.0,1.0,1.0,1,,,,,,,,,,,,,,,,,,,,,,,,,,,,,
14-9UP0,EMATent,0.9851639270782471,0.9851639270782471,0.8404714465141296,1.0,0.20445082187652588,0.5,0.2955491781234741,0.0,0.0,1,64,0,0.0,64.0,1.0,1.0,1,,,,,,,,,,,,,,,,,,,,,,,,,,,,,
14-9UP0,EMATent,0.9808273911476135,0.9808273911476135,0.7907434105873108,1.0,0.20575178265571595,0.5,0.294248217344284,0.0,0.0,2,64,33,0.515625,31.0,0.484375,0.515625,2,,,,,,,,,,,,,,,,,,,,,,,,,,,,,
14-9UP0,EMATent,0.9842110276222229,0.9842110276222229,0.7149264812469482,1.0,0.20473669171333314,0.5,0.29526330828666686,0.0,0.0,3,58,0,0.0,58.0,1.0,1.0,1,,,,,,,,,,,,,,,,,,,,,,,,,,,,,
14-9UP0,DynaMixEMATent,,,,,,,,,,0,64,0,0.0,64.0,1.0,1.0,1,0.42720577120780945,0.9426891803741455,0.9426891803741455,0.5154834389686584,0.4476451014308937,0.26954814445686265,0.28280675411224365,0.37583753890935,60.33210754394531,0.19999999999999996,1.0,0.3421679735183716,0.2,0.0,1.0,22.0,0.34375,42.0,0.65625,0.65625,2.0,0.5,,,,,,,
14-9UP0,DynaMixEMATent,,,,,,,,,,1,64,0,0.0,64.0,1.0,1.0,1,0.5025635361671448,0.9976941347122192,0.9976941347122192,0.49513059854507446,0.2655694577303493,0.43512230185598494,0.29930824041366577,0.6209896090584355,124.18453216552734,0.19999999999999996,1.0,0.4216858148574829,0.2,0.0,1.0,27.0,0.421875,37.0,0.578125,0.578125,2.0,0.5,,,,,,,
14-9UP0,DynaMixEMATent,,,,,,,,,,2,64,33,0.515625,31.0,0.484375,0.515625,2,0.31337758898735046,0.9535484313964844,0.9535484313964844,0.6401708722114563,0.16797693993267554,0.5459585306483792,0.2860645294189453,0.764716915107239,185.21163177490234,0.19999999999999996,1.0,0.472496896982193,0.2,0.0,1.0,30.0,0.46875,34.0,0.53125,0.53125,2.0,0.015625,,,,,,,
14-9UP0,DynaMixEMATent,,,,,,,,,,3,58,0,0.0,58.0,1.0,1.0,1,0.30892887711524963,0.988266110420227,0.988266110420227,0.6793372631072998,0.10577588761456393,0.597744279259368,0.2964798331260681,0.8496476823335776,242.5310661792755,0.19999999999999996,1.0,0.5436515212059021,0.2,0.0,1.0,27.0,0.46551724137931033,31.0,0.5344827586206896,0.5344827586206896,2.0,0.5,,,,,,,
14-9UP0,TEMA,,,,,,,,,,0,64,0,0.0,64.0,1.0,1.0,1,,,,,,,,,,,,,,,,,,,,,,,,,,,,,
14-9UP0,TEMA,,,,,,,,,,1,64,0,0.0,64.0,1.0,1.0,1,,,,,,,,,,,,,,,,,,,,,,,,,,,,,
14-9UP0,TEMA,,,,,,,,,,2,64,33,0.515625,31.0,0.484375,0.515625,2,,,,,,,,,,,,,,,,,,,,,,,,,,,,,
14-9UP0,TEMA,,,,,,,,,,3,58,0,0.0,58.0,1.0,1.0,1,,,,,,,,,,,,,,,,,,,,,,,,,,,,,
14-9UP0,DUA,,,,,,,,,,0,64,0,0.0,64.0,1.0,1.0,1,,,,,,,,,,,,,,,,,,,,,,,0.099,,,,,,
14-9UP0,DUA,,,,,,,,,,1,64,0,0.0,64.0,1.0,1.0,1,,,,,,,,,,,,,,,,,,,,,,,0.09336,,,,,,
14-9UP0,DUA,,,,,,,,,,2,64,33,0.515625,31.0,0.484375,0.515625,2,,,,,,,,,,,,,,,,,,,,,,,0.0880584,,,,,,
14-9UP0,DUA,,,,,,,,,,3,58,0,0.0,58.0,1.0,1.0,1,,,,,,,,,,,,,,,,,,,,,,,0.083074896,,,,,,
14-9UP0,RoTTA,,,,,,,,,,0,64,0,0.0,64.0,1.0,1.0,1,,,,,,,,,,,,,,,,,,,,,,,,63.0,,,,,
14-9UP0,RoTTA,,,,,,,,,,1,64,0,0.0,64.0,1.0,1.0,1,,,,,,,,,,,,,,,,,,,,,,,,64.0,,,,,
14-9UP0,RoTTA,,,,,,,,,,2,64,33,0.515625,31.0,0.484375,0.515625,2,,,,,,,,,,,,,,,,,,,,,,,,64.0,,,,,
14-9UP0,RoTTA,,,,,,,,,,3,58,0,0.0,58.0,1.0,1.0,1,,,,,,,,,,,,,,,,,,,,,,,,64.0,,,,,
14-9UP0,NOTE,,,,,,,,,,0,64,0,0.0,64.0,1.0,1.0,1,,,,,,,,,,,,,,,,,,,,,,,,,64.0,1.0,0.4401031732559204,,
14-9UP0,NOTE,,,,,,,,,,1,64,0,0.0,64.0,1.0,1.0,1,,,,,,,,,,,,,,,,,,,,,,,,,64.0,1.0,0.508853554725647,,
14-9UP0,NOTE,,,,,,,,,,2,64,33,0.515625,31.0,0.484375,0.515625,2,,,,,,,,,,,,,,,,,,,,,,,,,64.0,1.0,0.6430961489677429,,
14-9UP0,NOTE,,,,,,,,,,3,58,0,0.0,58.0,1.0,1.0,1,,,,,,,,,,,,,,,,,,,,,,,,,64.0,0.0,,,
14-9UP0,DELTA,,,,,,,,,,0,64,0,0.0,64.0,1.0,1.0,1,,,,,,,,,,,,,,,,,,,,,,,,,,,,0.1524980217218399,19.0
14-9UP0,DELTA,,,,,,,,,,1,64,0,0.0,64.0,1.0,1.0,1,,,,,,,,,,,,,,,,,,,,,,,,,,,,0.26790815591812134,8.0
14-9UP0,DELTA,,,,,,,,,,2,64,33,0.515625,31.0,0.484375,0.515625,2,,,,,,,,,,,,,,,,,,,,,,,,,,,,0.21571959555149078,13.0
14-9UP0,DELTA,,,,,,,,,,3,58,0,0.0,58.0,1.0,1.0,1,,,,,,,,,,,,,,,,,,,,,,,,,,,,0.15323205292224884,20.0
15-9UR2,EMATent,0.9990255236625671,0.9990255236625671,0.7716251015663147,1.0,0.20029234290122988,0.5,0.2997076570987701,0.0,0.0,0,64,22,0.34375,42.0,0.65625,0.65625,2,,,,,,,,,,,,,,,,,,,,,,,,,,,,,
15-9UR2,EMATent,0.9899287223815918,0.9899287223815918,0.8028548359870911,1.0,0.20302138328552247,0.5,0.2969786167144775,0.0,0.0,1,64,28,0.4375,36.0,0.5625,0.5625,2,,,,,,,,,,,,,,,,,,,,,,,,,,,,,
15-9UR2,EMATent,0.9396488666534424,0.9396488666534424,0.7483768463134766,1.0,0.2181053400039673,0.5,0.2818946599960327,0.0,0.0,2,64,26,0.40625,38.0,0.59375,0.59375,2,,,,,,,,,,,,,,,,,,,,,,,,,,,,,
15-9UR2,EMATent,0.7450049519538879,0.7450049519538879,0.8355635404586792,1.0,0.2764985144138336,0.5,0.22350148558616637,0.0,0.0,3,64,0,0.0,64.0,1.0,1.0,1,,,,,,,,,,,,,,,,,,,,,,,,,,,,,
15-9UR2,EMATent,0.9722818732261658,0.9722818732261658,0.7707124948501587,1.0,0.20831543803215027,0.5,0.2916845619678497,0.0,0.0,4,64,0,0.0,64.0,1.0,1.0,1,,,,,,,,,,,,,,,,,,,,,,,,,,,,,
15-9UR2,EMATent,0.8833121657371521,0.8833121657371521,0.8166120052337646,1.0,0.2350063502788544,0.5,0.26499364972114564,0.0,0.0,5,64,14,0.21875,50.0,0.78125,0.78125,2,,,,,,,,,,,,,,,,,,,,,,,,,,,,,
15-9UR2,EMATent,0.968943178653717,0.968943178653717,0.7956515550613403,1.0,0.2093170464038849,0.5,0.2906829535961151,0.0,0.0,6,29,8,0.27586206896551724,21.0,0.7241379310344828,0.7241379310344828,2,,,,,,,,,,,,,,,,,,,,,,,,,,,,,
15-9UR2,DynaMixEMATent,,,,,,,,,,0,64,22,0.34375,42.0,0.65625,0.65625,2,0.333837628364563,0.9990255236625671,0.9990255236625671,0.6651878952980042,0.4249557809738166,0.2753365619274133,0.2997076570987701,0.39317374339226085,63.9376335144043,0.19999999999999996,1.0,0.4573386311531067,0.2,0.0,1.0,36.0,0.5625,28.0,0.4375,0.5625,2.0,0.15625,,,,,,,
15-9UR2,DynaMixEMATent,,,,,,,,,,1,64,28,0.4375,36.0,0.5625,0.5625,2,0.31725746393203735,0.963006854057312,0.963006854057312,0.6457493901252747,0.2666118849410293,0.44448605884177717,0.2889020562171936,0.6250700943912986,125.57007217407227,0.19999999999999996,1.0,0.46937936544418335,0.2,0.0,1.0,29.0,0.453125,35.0,0.546875,0.546875,2.0,0.0625,,,,,,,
15-9UR2,DynaMixEMATent,,,,,,,,,,2,64,26,0.40625,38.0,0.59375,0.59375,2,0.24631467461585999,0.901803731918335,0.901803731918335,0.6554890871047974,0.17423151220574787,0.5552273682187516,0.2705411195755005,0.7611496454682188,183.2855110168457,0.19999999999999996,1.0,0.529507040977478,0.2,0.0,1.0,38.0,0.59375,26.0,0.40625,0.59375,2.0,0.09375,,,,,,,
15-9UR2,DynaMixEMATent,,,,,,,,,,3,64,0,0.0,64.0,1.0,1.0,1,0.20425480604171753,0.7302566766738892,0.7302566766738892,0.5260018706321716,0.1294675352200731,0.6514554617777603,0.21907700300216673,0.8342121621237999,230.0219383239746,0.19999999999999996,1.0,0.4440803825855255,0.2,0.0,1.0,47.0,0.734375,17.0,0.265625,0.734375,2.0,0.5,,,,,,,
15-9UR2,DynaMixEMATent,,,,,,,,,,4,64,0,0.0,64.0,1.0,1.0,1,0.22751833498477936,0.8903063535690308,0.8903063535690308,0.6627880334854126,0.07785286822996855,0.6550552256993223,0.2670919060707092,0.8937754012067445,287.0015449523926,0.19999999999999996,1.0,0.46816325187683105,0.2,0.0,1.0,31.0,0.484375,33.0,0.515625,0.515625,2.0,0.5,,,,,,,
15-9UR2,DynaMixEMATent,,,,,,,,,,5,64,14,0.21875,50.0,0.78125,0.78125,2,0.3154800832271576,0.8475143313407898,0.8475143313407898,0.5320342779159546,0.05185378455999709,0.6938919160377659,0.2542542994022369,0.9304672028032707,341.2424621582031,0.19999999999999996,1.0,0.4900656044483185,0.2,0.0,1.0,42.0,0.65625,22.0,0.34375,0.65625,2.0,0.28125,,,,,,,
15-9UR2,DynaMixEMATent,,,,,,,,,,6,29,8,0.27586206896551724,21.0,0.7241379310344828,0.7241379310344828,2,0.23597416281700134,0.8396924734115601,0.8396924734115601,0.6037182807922363,0.04300544554648866,0.7050868124300433,0.251907742023468,0.9425131792396684,365.59354388713837,0.19999999999999996,1.0,0.36495405435562134,0.2,0.0,1.0,13.0,0.4482758620689655,16.0,0.5517241379310345,0.5517241379310345,2.0,0.22413793103448276,,,,,,,
15-9UR2,TEMA,,,,,,,,,,0,64,22,0.34375,42.0,0.65625,0.65625,2,,,,,,,,,,,,,,,,,,,,,,,,,,,,,
15-9UR2,TEMA,,,,,,,,,,1,64,28,0.4375,36.0,0.5625,0.5625,2,,,,,,,,,,,,,,,,,,,,,,,,,,,,,
15-9UR2,TEMA,,,,,,,,,,2,64,26,0.40625,38.0,0.59375,0.59375,2,,,,,,,,,,,,,,,,,,,,,,,,,,,,,
15-9UR2,TEMA,,,,,,,,,,3,64,0,0.0,64.0,1.0,1.0,1,,,,,,,,,,,,,,,,,,,,,,,,,,,,,
15-9UR2,TEMA,,,,,,,,,,4,64,0,0.0,64.0,1.0,1.0,1,,,,,,,,,,,,,,,,,,,,,,,,,,,,,
15-9UR2,TEMA,,,,,,,,,,5,64,14,0.21875,50.0,0.78125,0.78125,2,,,,,,,,,,,,,,,,,,,,,,,,,,,,,
15-9UR2,TEMA,,,,,,,,,,6,29,8,0.27586206896551724,21.0,0.7241379310344828,0.7241379310344828,2,,,,,,,,,,,,,,,,,,,,,,,,,,,,,
15-9UR2,DUA,,,,,,,,,,0,64,22,0.34375,42.0,0.65625,0.65625,2,,,,,,,,,,,,,,,,,,,,,,,0.099,,,,,,
15-9UR2,DUA,,,,,,,,,,1,64,28,0.4375,36.0,0.5625,0.5625,2,,,,,,,,,,,,,,,,,,,,,,,0.09336,,,,,,
15-9UR2,DUA,,,,,,,,,,2,64,26,0.40625,38.0,0.59375,0.59375,2,,,,,,,,,,,,,,,,,,,,,,,0.0880584,,,,,,
15-9UR2,DUA,,,,,,,,,,3,64,0,0.0,64.0,1.0,1.0,1,,,,,,,,,,,,,,,,,,,,,,,0.083074896,,,,,,
15-9UR2,DUA,,,,,,,,,,4,64,0,0.0,64.0,1.0,1.0,1,,,,,,,,,,,,,,,,,,,,,,,0.07839040223999999,,,,,,
15-9UR2,DUA,,,,,,,,,,5,64,14,0.21875,50.0,0.78125,0.78125,2,,,,,,,,,,,,,,,,,,,,,,,0.07398697810559998,,,,,,
15-9UR2,DUA,,,,,,,,,,6,29,8,0.27586206896551724,21.0,0.7241379310344828,0.7241379310344828,2,,,,,,,,,,,,,,,,,,,,,,,0.06984775941926398,,,,,,
15-9UR2,RoTTA,,,,,,,,,,0,64,22,0.34375,42.0,0.65625,0.65625,2,,,,,,,,,,,,,,,,,,,,,,,,59.0,,,,,
15-9UR2,RoTTA,,,,,,,,,,1,64,28,0.4375,36.0,0.5625,0.5625,2,,,,,,,,,,,,,,,,,,,,,,,,64.0,,,,,
15-9UR2,RoTTA,,,,,,,,,,2,64,26,0.40625,38.0,0.59375,0.59375,2,,,,,,,,,,,,,,,,,,,,,,,,64.0,,,,,
15-9UR2,RoTTA,,,,,,,,,,3,64,0,0.0,64.0,1.0,1.0,1,,,,,,,,,,,,,,,,,,,,,,,,64.0,,,,,
15-9UR2,RoTTA,,,,,,,,,,4,64,0,0.0,64.0,1.0,1.0,1,,,,,,,,,,,,,,,,,,,,,,,,64.0,,,,,
15-9UR2,RoTTA,,,,,,,,,,5,64,14,0.21875,50.0,0.78125,0.78125,2,,,,,,,,,,,,,,,,,,,,,,,,64.0,,,,,
15-9UR2,RoTTA,,,,,,,,,,6,29,8,0.27586206896551724,21.0,0.7241379310344828,0.7241379310344828,2,,,,,,,,,,,,,,,,,,,,,,,,64.0,,,,,
15-9UR2,NOTE,,,,,,,,,,0,64,22,0.34375,42.0,0.65625,0.65625,2,,,,,,,,,,,,,,,,,,,,,,,,,64.0,1.0,0.4928286373615265,,
15-9UR2,NOTE,,,,,,,,,,1,64,28,0.4375,36.0,0.5625,0.5625,2,,,,,,,,,,,,,,,,,,,,,,,,,64.0,1.0,0.597280740737915,,
15-9UR2,NOTE,,,,,,,,,,2,64,26,0.40625,38.0,0.59375,0.59375,2,,,,,,,,,,,,,,,,,,,,,,,,,64.0,1.0,0.5016390085220337,,
15-9UR2,NOTE,,,,,,,,,,3,64,0,0.0,64.0,1.0,1.0,1,,,,,,,,,,,,,,,,,,,,,,,,,64.0,1.0,0.5464248657226562,,
15-9UR2,NOTE,,,,,,,,,,4,64,0,0.0,64.0,1.0,1.0,1,,,,,,,,,,,,,,,,,,,,,,,,,64.0,1.0,0.4933897852897644,,
15-9UR2,NOTE,,,,,,,,,,5,64,14,0.21875,50.0,0.78125,0.78125,2,,,,,,,,,,,,,,,,,,,,,,,,,64.0,1.0,0.5858403444290161,,
15-9UR2,NOTE,,,,,,,,,,6,29,8,0.27586206896551724,21.0,0.7241379310344828,0.7241379310344828,2,,,,,,,,,,,,,,,,,,,,,,,,,64.0,0.0,,,
15-9UR2,DELTA,,,,,,,,,,0,64,22,0.34375,42.0,0.65625,0.65625,2,,,,,,,,,,,,,,,,,,,,,,,,,,,,0.18774732947349548,15.0
15-9UR2,DELTA,,,,,,,,,,1,64,28,0.4375,36.0,0.5625,0.5625,2,,,,,,,,,,,,,,,,,,,,,,,,,,,,0.12703034281730652,28.0
15-9UR2,DELTA,,,,,,,,,,2,64,26,0.40625,38.0,0.59375,0.59375,2,,,,,,,,,,,,,,,,,,,,,,,,,,,,0.1433388888835907,23.0
15-9UR2,DELTA,,,,,,,,,,3,64,0,0.0,64.0,1.0,1.0,1,,,,,,,,,,,,,,,,,,,,,,,,,,,,0.14630845189094543,34.0
15-9UR2,DELTA,,,,,,,,,,4,64,0,0.0,64.0,1.0,1.0,1,,,,,,,,,,,,,,,,,,,,,,,,,,,,0.12901368737220764,39.0
15-9UR2,DELTA,,,,,,,,,,5,64,14,0.21875,50.0,0.78125,0.78125,2,,,,,,,,,,,,,,,,,,,,,,,,,,,,0.15627965331077576,44.0
15-9UR2,DELTA,,,,,,,,,,6,29,8,0.27586206896551724,21.0,0.7241379310344828,0.7241379310344828,2,,,,,,,,,,,,,,,,,,,,,,,,,,,,0.22211292386054993,14.0
16-9USC,EMATent,0.9801693558692932,0.9801693558692932,0.8277076482772827,1.0,0.20594919323921204,0.5,0.29405080676078793,0.0,0.0,0,64,33,0.515625,31.0,0.484375,0.515625,2,,,,,,,,,,,,,,,,,,,,,,,,,,,,,
16-9USC,EMATent,0.9224872589111328,0.9224872589111328,0.7787055969238281,1.0,0.22325382232666016,0.5,0.2767461776733398,0.0,0.0,1,64,0,0.0,64.0,1.0,1.0,1,,,,,,,,,,,,,,,,,,,,,,,,,,,,,
16-9USC,EMATent,0.9096540808677673,0.9096540808677673,0.7802439332008362,1.0,0.2271037757396698,0.5,0.27289622426033017,0.0,0.0,2,64,28,0.4375,36.0,0.5625,0.5625,2,,,,,,,,,,,,,,,,,,,,,,,,,,,,,
16-9USC,EMATent,0.9516500234603882,0.9516500234603882,0.7512524724006653,1.0,0.21450499296188355,0.5,0.2854950070381164,0.0,0.0,3,64,42,0.65625,22.0,0.34375,0.65625,2,,,,,,,,,,,,,,,,,,,,,,,,,,,,,
16-9USC,EMATent,0.9997729659080505,0.9997729659080505,0.7584621906280518,1.0,0.20006811022758486,0.5,0.29993188977241514,0.0,0.0,4,64,42,0.65625,22.0,0.34375,0.65625,2,,,,,,,,,,,,,,,,,,,,,,,,,,,,,
16-9USC,EMATent,0.9999155402183533,0.9999155402183533,0.7525402903556824,1.0,0.20002533793449404,0.5,0.299974662065506,0.0,0.0,5,64,27,0.421875,37.0,0.578125,0.578125,2,,,,,,,,,,,,,,,,,,,,,,,,,,,,,
16-9USC,EMATent,0.9673864245414734,0.9673864245414734,0.815613865852356,1.0,0.209784072637558,0.5,0.290215927362442,0.0,0.0,6,29,11,0.3793103448275862,18.0,0.6206896551724138,0.6206896551724138,2,,,,,,,,,,,,,,,,,,,,,,,,,,,,,
16-9USC,DynaMixEMATent,,,,,,,,,,0,64,33,0.515625,31.0,0.484375,0.515625,2,0.4307019114494324,0.9801693558692932,0.9801693558692932,0.5494674444198608,0.4324464885056035,0.2735027047336086,0.29405080676078793,0.3874254795570419,62.730838775634766,0.19999999999999996,1.0,0.37130919098854065,0.2,0.0,1.0,32.0,0.5,32.0,0.5,0.5,2.0,0.015625,,,,,,,
16-9USC,DynaMixEMATent,,,,,,,,,,1,64,0,0.0,64.0,1.0,1.0,1,0.3792256712913513,0.953511118888855,0.953511118888855,0.5742854475975037,0.2715015972346114,0.4424450670987321,0.28605333566665647,0.6197172550863734,123.75555038452148,0.19999999999999996,1.0,0.45857304334640503,0.2,0.0,1.0,37.0,0.578125,27.0,0.421875,0.578125,2.0,0.5,,,,,,,
16-9USC,DynaMixEMATent,,,,,,,,,,2,64,28,0.4375,36.0,0.5625,0.5625,2,0.30385199189186096,0.8488452434539795,0.8488452434539795,0.5449932217597961,0.1854130898313867,0.5599333371324194,0.25465357303619385,0.7512390438541804,178.08164596557617,0.19999999999999996,1.0,0.47681447863578796,0.2,0.0,1.0,40.0,0.625,24.0,0.375,0.625,2.0,0.0625,,,,,,,
16-9USC,DynaMixEMATent,,,,,,,,,,3,64,42,0.65625,22.0,0.34375,0.65625,2,0.2180383950471878,0.9554815888404846,0.9554815888404846,0.737443208694458,0.11005456330269005,0.6033009600451645,0.2866444766521454,0.8457227010927285,239.2324676513672,0.19999999999999996,1.0,0.5491639375686646,0.2,0.0,1.0,37.0,0.578125,27.0,0.421875,0.578125,2.0,0.15625,,,,,,,
16-9USC,DynaMixEMATent,,,,,,,,,,4,64,42,0.65625,22.0,0.34375,0.65625,2,0.28331467509269714,0.9932929277420044,0.9932929277420044,0.7099782824516296,0.06591068406772142,0.6361014376096773,0.2979878783226013,0.9061117578564977,302.80321502685547,0.19999999999999996,1.0,0.4917867183685303,0.2,0.0,1.0,29.0,0.453125,35.0,0.546875,0.546875,2.0,0.15625,,,,,,,
16-9USC,DynaMixEMATent,,,,,,,,,,5,64,27,0.421875,37.0,0.578125,0.578125,2,0.2343403846025467,0.9941143989562988,0.9941143989562988,0.7597740292549133,0.040080592624300304,0.6616850876888101,0.2982343196868896,0.9428860747273686,366.4265365600586,0.19999999999999996,1.0,0.4822497069835663,0.2,0.0,1.0,15.0,0.234375,49.0,0.765625,0.765625,2.0,0.078125,,,,,,,
16-9USC,DynaMixEMATent,,,,,,,,,,6,29,11,0.3793103448275862,18.0,0.6206896551724138,0.6206896551724138,2,0.31914985179901123,0.9785184860229492,0.9785184860229492,0.6593686938285828,0.03232502398228853,0.6741194302108267,0.29355554580688475,0.9542426530629228,394.8035726547241,0.19999999999999996,1.0,0.5536179542541504,0.2,0.0,1.0,14.0,0.4827586206896552,15.0,0.5172413793103449,0.5172413793103449,2.0,0.12068965517241381,,,,,,,
16-9USC,TEMA,,,,,,,,,,0,64,33,0.515625,31.0,0.484375,0.515625,2,,,,,,,,,,,,,,,,,,,,,,,,,,,,,
16-9USC,TEMA,,,,,,,,,,1,64,0,0.0,64.0,1.0,1.0,1,,,,,,,,,,,,,,,,,,,,,,,,,,,,,
16-9USC,TEMA,,,,,,,,,,2,64,28,0.4375,36.0,0.5625,0.5625,2,,,,,,,,,,,,,,,,,,,,,,,,,,,,,
16-9USC,TEMA,,,,,,,,,,3,64,42,0.65625,22.0,0.34375,0.65625,2,,,,,,,,,,,,,,,,,,,,,,,,,,,,,
16-9USC,TEMA,,,,,,,,,,4,64,42,0.65625,22.0,0.34375,0.65625,2,,,,,,,,,,,,,,,,,,,,,,,,,,,,,
16-9USC,TEMA,,,,,,,,,,5,64,27,0.421875,37.0,0.578125,0.578125,2,,,,,,,,,,,,,,,,,,,,,,,,,,,,,
16-9USC,TEMA,,,,,,,,,,6,29,11,0.3793103448275862,18.0,0.6206896551724138,0.6206896551724138,2,,,,,,,,,,,,,,,,,,,,,,,,,,,,,
16-9USC,DUA,,,,,,,,,,0,64,33,0.515625,31.0,0.484375,0.515625,2,,,,,,,,,,,,,,,,,,,,,,,0.099,,,,,,
16-9USC,DUA,,,,,,,,,,1,64,0,0.0,64.0,1.0,1.0,1,,,,,,,,,,,,,,,,,,,,,,,0.09336,,,,,,
16-9USC,DUA,,,,,,,,,,2,64,28,0.4375,36.0,0.5625,0.5625,2,,,,,,,,,,,,,,,,,,,,,,,0.0880584,,,,,,
16-9USC,DUA,,,,,,,,,,3,64,42,0.65625,22.0,0.34375,0.65625,2,,,,,,,,,,,,,,,,,,,,,,,0.083074896,,,,,,
16-9USC,DUA,,,,,,,,,,4,64,42,0.65625,22.0,0.34375,0.65625,2,,,,,,,,,,,,,,,,,,,,,,,0.07839040223999999,,,,,,
16-9USC,DUA,,,,,,,,,,5,64,27,0.421875,37.0,0.578125,0.578125,2,,,,,,,,,,,,,,,,,,,,,,,0.07398697810559998,,,,,,
16-9USC,DUA,,,,,,,,,,6,29,11,0.3793103448275862,18.0,0.6206896551724138,0.6206896551724138,2,,,,,,,,,,,,,,,,,,,,,,,0.06984775941926398,,,,,,
16-9USC,RoTTA,,,,,,,,,,0,64,33,0.515625,31.0,0.484375,0.515625,2,,,,,,,,,,,,,,,,,,,,,,,,62.0,,,,,
16-9USC,RoTTA,,,,,,,,,,1,64,0,0.0,64.0,1.0,1.0,1,,,,,,,,,,,,,,,,,,,,,,,,64.0,,,,,
16-9USC,RoTTA,,,,,,,,,,2,64,28,0.4375,36.0,0.5625,0.5625,2,,,,,,,,,,,,,,,,,,,,,,,,64.0,,,,,
16-9USC,RoTTA,,,,,,,,,,3,64,42,0.65625,22.0,0.34375,0.65625,2,,,,,,,,,,,,,,,,,,,,,,,,64.0,,,,,
16-9USC,RoTTA,,,,,,,,,,4,64,42,0.65625,22.0,0.34375,0.65625,2,,,,,,,,,,,,,,,,,,,,,,,,64.0,,,,,
16-9USC,RoTTA,,,,,,,,,,5,64,27,0.421875,37.0,0.578125,0.578125,2,,,,,,,,,,,,,,,,,,,,,,,,64.0,,,,,
16-9USC,RoTTA,,,,,,,,,,6,29,11,0.3793103448275862,18.0,0.6206896551724138,0.6206896551724138,2,,,,,,,,,,,,,,,,,,,,,,,,64.0,,,,,
16-9USC,NOTE,,,,,,,,,,0,64,33,0.515625,31.0,0.484375,0.515625,2,,,,,,,,,,,,,,,,,,,,,,,,,64.0,1.0,0.5092358589172363,,
16-9USC,NOTE,,,,,,,,,,1,64,0,0.0,64.0,1.0,1.0,1,,,,,,,,,,,,,,,,,,,,,,,,,64.0,1.0,0.5698071718215942,,
16-9USC,NOTE,,,,,,,,,,2,64,28,0.4375,36.0,0.5625,0.5625,2,,,,,,,,,,,,,,,,,,,,,,,,,64.0,1.0,0.5230936408042908,,
16-9USC,NOTE,,,,,,,,,,3,64,42,0.65625,22.0,0.34375,0.65625,2,,,,,,,,,,,,,,,,,,,,,,,,,64.0,1.0,0.5583531856536865,,
16-9USC,NOTE,,,,,,,,,,4,64,42,0.65625,22.0,0.34375,0.65625,2,,,,,,,,,,,,,,,,,,,,,,,,,64.0,1.0,0.5660964846611023,,
16-9USC,NOTE,,,,,,,,,,5,64,27,0.421875,37.0,0.578125,0.578125,2,,,,,,,,,,,,,,,,,,,,,,,,,64.0,1.0,0.5871360301971436,,
16-9USC,NOTE,,,,,,,,,,6,29,11,0.3793103448275862,18.0,0.6206896551724138,0.6206896551724138,2,,,,,,,,,,,,,,,,,,,,,,,,,64.0,0.0,,,
16-9USC,DELTA,,,,,,,,,,0,64,33,0.515625,31.0,0.484375,0.515625,2,,,,,,,,,,,,,,,,,,,,,,,,,,,,0.26236459612846375,14.0
16-9USC,DELTA,,,,,,,,,,1,64,0,0.0,64.0,1.0,1.0,1,,,,,,,,,,,,,,,,,,,,,,,,,,,,0.32638490200042725,2.0
16-9USC,DELTA,,,,,,,,,,2,64,28,0.4375,36.0,0.5625,0.5625,2,,,,,,,,,,,,,,,,,,,,,,,,,,,,0.12544550001621246,17.0
16-9USC,DELTA,,,,,,,,,,3,64,42,0.65625,22.0,0.34375,0.65625,2,,,,,,,,,,,,,,,,,,,,,,,,,,,,0.013939911499619484,53.0
16-9USC,DELTA,,,,,,,,,,4,64,42,0.65625,22.0,0.34375,0.65625,2,,,,,,,,,,,,,,,,,,,,,,,,,,,,0.12286688387393951,23.0
16-9USC,DELTA,,,,,,,,,,5,64,27,0.421875,37.0,0.578125,0.578125,2,,,,,,,,,,,,,,,,,,,,,,,,,,,,0.12158358842134476,15.0
16-9USC,DELTA,,,,,,,,,,6,29,11,0.3793103448275862,18.0,0.6206896551724138,0.6206896551724138,2,,,,,,,,,,,,,,,,,,,,,,,,,,,,0.08673769235610962,13.0
17-9UTL,EMATent,0.9965450167655945,0.9965450167655945,0.7644214630126953,1.0,0.20103649497032167,0.5,0.29896350502967833,0.0,0.0,0,64,53,0.828125,11.0,0.171875,0.828125,2,,,,,,,,,,,,,,,,,,,,,,,,,,,,,
17-9UTL,EMATent,0.7055715918540955,0.7055715918540955,0.8147221803665161,1.0,0.2883285224437714,0.5,0.21167147755622864,0.0,0.0,1,64,46,0.71875,18.0,0.28125,0.71875,2,,,,,,,,,,,,,,,,,,,,,,,,,,,,,
17-9UTL,EMATent,0.9984235167503357,0.9984235167503357,0.691095232963562,1.0,0.20047294497489931,0.5,0.2995270550251007,0.0,0.0,2,64,54,0.84375,10.0,0.15625,0.84375,2,,,,,,,,,,,,,,,,,,,,,,,,,,,,,
17-9UTL,EMATent,0.9997045397758484,0.9997045397758484,0.7325053215026855,1.0,0.2000886380672455,0.5,0.2999113619327545,0.0,0.0,3,64,31,0.484375,33.0,0.515625,0.515625,2,,,,,,,,,,,,,,,,,,,,,,,,,,,,,
17-9UTL,EMATent,0.9994634389877319,0.9994634389877319,0.7298073768615723,1.0,0.20016096830368044,0.5,0.2998390316963196,0.0,0.0,4,64,33,0.515625,31.0,0.484375,0.515625,2,,,,,,,,,,,,,,,,,,,,,,,,,,,,,
17-9UTL,EMATent,0.9999644160270691,0.9999644160270691,0.8203171491622925,1.0,0.2000106751918793,0.5,0.29998932480812074,0.0,0.0,5,64,23,0.359375,41.0,0.640625,0.640625,2,,,,,,,,,,,,,,,,,,,,,,,,,,,,,
17-9UTL,EMATent,0.9896634221076965,0.9896634221076965,0.8557572960853577,1.0,0.20310097336769106,0.5,0.29689902663230894,0.0,0.0,6,29,29,1.0,,,1.0,1,,,,,,,,,,,,,,,,,,,,,,,,,,,,,
17-9UTL,DynaMixEMATent,,,,,,,,,,0,64,53,0.828125,11.0,0.171875,0.828125,2,0.2816239893436432,0.9965450167655945,0.9965450167655945,0.7149210572242737,0.4259352922457534,0.27510120272456823,0.29896350502967833,0.3924206581231048,63.77888107299805,0.19999999999999996,1.0,0.5193130970001221,0.2,0.0,1.0,17.0,0.265625,47.0,0.734375,0.734375,2.0,0.328125,,,,,,,
17-9UTL,DynaMixEMATent,,,,,,,,,,1,64,46,0.71875,18.0,0.28125,0.71875,2,0.09706653654575348,0.7520980834960938,0.7520980834960938,0.6550315618515015,0.32302476363596944,0.45134581131520246,0.2256294250488281,0.5828550643774941,111.91315841674805,0.19999999999999996,1.0,0.515981912612915,0.2,0.0,1.0,7.0,0.109375,57.0,0.890625,0.890625,2.0,0.21875,,,,,,,
17-9UTL,DynaMixEMATent,,,,,,,,,,2,64,54,0.84375,10.0,0.15625,0.84375,2,0.17394815385341644,0.9840286374092102,0.9840286374092102,0.8100805282592773,0.17974982375906742,0.5250415850181694,0.29520859122276305,0.7449602513303608,174.8909912109375,0.19999999999999996,1.0,0.5317021608352661,0.2,0.0,1.0,36.0,0.5625,28.0,0.4375,0.5625,2.0,0.34375,,,,,,,
17-9UTL,DynaMixEMATent,,,,,,,,,,3,64,31,0.484375,33.0,0.515625,0.515625,2,0.22927609086036682,0.9937495589256287,0.9937495589256287,0.7644734382629395,0.10891250633477725,0.5929626259875341,0.2981248676776886,0.844826378198618,238.49096298217773,0.19999999999999996,1.0,0.5669711828231812,0.2,0.0,1.0,32.0,0.5,32.0,0.5,0.5,2.0,0.015625,,,,,,,
17-9UTL,DynaMixEMATent,,,,,,,,,,4,64,33,0.515625,31.0,0.484375,0.515625,2,0.24165213108062744,0.9952536225318909,0.9952536225318909,0.7536014914512634,0.06617316188469834,0.6352507513557344,0.29857608675956726,0.9056588168216392,302.18719482421875,0.19999999999999996,1.0,0.5608403086662292,0.2,0.0,1.0,41.0,0.640625,23.0,0.359375,0.640625,2.0,0.015625,,,,,,,
17-9UTL,DynaMixEMATent,,,,,,,,,,5,64,23,0.359375,41.0,0.640625,0.640625,2,0.46048304438591003,0.9867727160453796,0.9867727160453796,0.526289701461792,0.04054892809486604,0.6634192570915202,0.2960318148136139,0.9423994877209826,365.34064865112305,0.19999999999999996,1.0,0.424357533454895,0.2,0.0,1.0,30.0,0.46875,34.0,0.53125,0.53125,2.0,0.140625,,,,,,,
17-9UTL,DynaMixEMATent,,,,,,,,,,6,29,29,1.0,,,1.0,1,0.5484121441841125,0.9870626330375671,0.9870626330375671,0.4386504292488098,0.03241931576882842,0.6714618943199016,0.2961187899112701,0.9539420639389682,393.9654650092125,0.19999999999999996,1.0,0.5239651203155518,0.2,0.0,1.0,16.0,0.5517241379310345,13.0,0.4482758620689655,0.5517241379310345,2.0,0.0,,,,,,,
17-9UTL,TEMA,,,,,,,,,,0,64,53,0.828125,11.0,0.171875,0.828125,2,,,,,,,,,,,,,,,,,,,,,,,,,,,,,
17-9UTL,TEMA,,,,,,,,,,1,64,46,0.71875,18.0,0.28125,0.71875,2,,,,,,,,,,,,,,,,,,,,,,,,,,,,,
17-9UTL,TEMA,,,,,,,,,,2,64,54,0.84375,10.0,0.15625,0.84375,2,,,,,,,,,,,,,,,,,,,,,,,,,,,,,
17-9UTL,TEMA,,,,,,,,,,3,64,31,0.484375,33.0,0.515625,0.515625,2,,,,,,,,,,,,,,,,,,,,,,,,,,,,,
17-9UTL,TEMA,,,,,,,,,,4,64,33,0.515625,31.0,0.484375,0.515625,2,,,,,,,,,,,,,,,,,,,,,,,,,,,,,
17-9UTL,TEMA,,,,,,,,,,5,64,23,0.359375,41.0,0.640625,0.640625,2,,,,,,,,,,,,,,,,,,,,,,,,,,,,,
17-9UTL,TEMA,,,,,,,,,,6,29,29,1.0,0.0,0.0,1.0,1,,,,,,,,,,,,,,,,,,,,,,,,,,,,,
17-9UTL,DUA,,,,,,,,,,0,64,53,0.828125,11.0,0.171875,0.828125,2,,,,,,,,,,,,,,,,,,,,,,,0.099,,,,,,
17-9UTL,DUA,,,,,,,,,,1,64,46,0.71875,18.0,0.28125,0.71875,2,,,,,,,,,,,,,,,,,,,,,,,0.09336,,,,,,
17-9UTL,DUA,,,,,,,,,,2,64,54,0.84375,10.0,0.15625,0.84375,2,,,,,,,,,,,,,,,,,,,,,,,0.0880584,,,,,,
17-9UTL,DUA,,,,,,,,,,3,64,31,0.484375,33.0,0.515625,0.515625,2,,,,,,,,,,,,,,,,,,,,,,,0.083074896,,,,,,
17-9UTL,DUA,,,,,,,,,,4,64,33,0.515625,31.0,0.484375,0.515625,2,,,,,,,,,,,,,,,,,,,,,,,0.07839040223999999,,,,,,
17-9UTL,DUA,,,,,,,,,,5,64,23,0.359375,41.0,0.640625,0.640625,2,,,,,,,,,,,,,,,,,,,,,,,0.07398697810559998,,,,,,
17-9UTL,DUA,,,,,,,,,,6,29,29,1.0,0.0,0.0,1.0,1,,,,,,,,,,,,,,,,,,,,,,,0.06984775941926398,,,,,,
17-9UTL,RoTTA,,,,,,,,,,0,64,53,0.828125,11.0,0.171875,0.828125,2,,,,,,,,,,,,,,,,,,,,,,,,46.0,,,,,
17-9UTL,RoTTA,,,,,,,,,,1,64,46,0.71875,18.0,0.28125,0.71875,2,,,,,,,,,,,,,,,,,,,,,,,,64.0,,,,,
17-9UTL,RoTTA,,,,,,,,,,2,64,54,0.84375,10.0,0.15625,0.84375,2,,,,,,,,,,,,,,,,,,,,,,,,64.0,,,,,
17-9UTL,RoTTA,,,,,,,,,,3,64,31,0.484375,33.0,0.515625,0.515625,2,,,,,,,,,,,,,,,,,,,,,,,,64.0,,,,,
17-9UTL,RoTTA,,,,,,,,,,4,64,33,0.515625,31.0,0.484375,0.515625,2,,,,,,,,,,,,,,,,,,,,,,,,64.0,,,,,
17-9UTL,RoTTA,,,,,,,,,,5,64,23,0.359375,41.0,0.640625,0.640625,2,,,,,,,,,,,,,,,,,,,,,,,,64.0,,,,,
17-9UTL,RoTTA,,,,,,,,,,6,29,29,1.0,0.0,0.0,1.0,1,,,,,,,,,,,,,,,,,,,,,,,,64.0,,,,,
17-9UTL,NOTE,,,,,,,,,,0,64,53,0.828125,11.0,0.171875,0.828125,2,,,,,,,,,,,,,,,,,,,,,,,,,64.0,1.0,0.5998700261116028,,
17-9UTL,NOTE,,,,,,,,,,1,64,46,0.71875,18.0,0.28125,0.71875,2,,,,,,,,,,,,,,,,,,,,,,,,,64.0,1.0,0.5926780700683594,,
17-9UTL,NOTE,,,,,,,,,,2,64,54,0.84375,10.0,0.15625,0.84375,2,,,,,,,,,,,,,,,,,,,,,,,,,64.0,1.0,0.4368829131126404,,
17-9UTL,NOTE,,,,,,,,,,3,64,31,0.484375,33.0,0.515625,0.515625,2,,,,,,,,,,,,,,,,,,,,,,,,,64.0,1.0,0.5311311483383179,,
17-9UTL,NOTE,,,,,,,,,,4,64,33,0.515625,31.0,0.484375,0.515625,2,,,,,,,,,,,,,,,,,,,,,,,,,64.0,1.0,0.6225751638412476,,
17-9UTL,NOTE,,,,,,,,,,5,64,23,0.359375,41.0,0.640625,0.640625,2,,,,,,,,,,,,,,,,,,,,,,,,,64.0,1.0,0.4747713804244995,,
17-9UTL,NOTE,,,,,,,,,,6,29,29,1.0,0.0,0.0,1.0,1,,,,,,,,,,,,,,,,,,,,,,,,,64.0,0.0,,,
17-9UTL,DELTA,,,,,,,,,,0,64,53,0.828125,11.0,0.171875,0.828125,2,,,,,,,,,,,,,,,,,,,,,,,,,,,,0.22770023345947266,5.0
17-9UTL,DELTA,,,,,,,,,,1,64,46,0.71875,18.0,0.28125,0.71875,2,,,,,,,,,,,,,,,,,,,,,,,,,,,,0.09318241477012634,12.0
17-9UTL,DELTA,,,,,,,,,,2,64,54,0.84375,10.0,0.15625,0.84375,2,,,,,,,,,,,,,,,,,,,,,,,,,,,,0.1384613811969757,40.0
17-9UTL,DELTA,,,,,,,,,,3,64,31,0.484375,33.0,0.515625,0.515625,2,,,,,,,,,,,,,,,,,,,,,,,,,,,,0.17383842170238495,37.0
17-9UTL,DELTA,,,,,,,,,,4,64,33,0.515625,31.0,0.484375,0.515625,2,,,,,,,,,,,,,,,,,,,,,,,,,,,,0.15901035070419312,34.0
17-9UTL,DELTA,,,,,,,,,,5,64,23,0.359375,41.0,0.640625,0.640625,2,,,,,,,,,,,,,,,,,,,,,,,,,,,,0.1657782346010208,37.0
17-9UTL,DELTA,,,,,,,,,,6,29,29,1.0,0.0,0.0,1.0,1,,,,,,,,,,,,,,,,,,,,,,,,,,,,0.24578946828842163,14.0
18-9UVM,EMATent,0.9996867179870605,0.9996867179870605,0.8908501863479614,1.0,0.20009398460388184,0.5,0.29990601539611816,0.0,0.0,0,64,42,0.65625,22.0,0.34375,0.65625,2,,,,,,,,,,,,,,,,,,,,,,,,,,,,,
18-9UVM,EMATent,0.9603691697120667,0.9603691697120667,0.7329730987548828,1.0,0.21188924908638002,0.5,0.28811075091362,0.0,0.0,1,64,55,0.859375,9.0,0.140625,0.859375,2,,,,,,,,,,,,,,,,,,,,,,,,,,,,,
18-9UVM,EMATent,0.9982473850250244,0.9982473850250244,0.6767708659172058,1.0,0.2005257844924927,0.5,0.2994742155075073,0.0,0.0,2,64,42,0.65625,22.0,0.34375,0.65625,2,,,,,,,,,,,,,,,,,,,,,,,,,,,,,
18-9UVM,EMATent,0.9385077953338623,0.9385077953338623,0.7446160912513733,1.0,0.21844766139984131,0.5,0.28155233860015866,0.0,0.0,3,64,42,0.65625,22.0,0.34375,0.65625,2,,,,,,,,,,,,,,,,,,,,,,,,,,,,,
18-9UVM,EMATent,0.9244629740715027,0.9244629740715027,0.774560809135437,1.0,0.2226611077785492,0.5,0.2773388922214508,0.0,0.0,4,64,57,0.890625,7.0,0.109375,0.890625,2,,,,,,,,,,,,,,,,,,,,,,,,,,,,,
18-9UVM,EMATent,0.9378246665000916,0.9378246665000916,0.7960374355316162,1.0,0.21865260004997256,0.5,0.28134739995002744,0.0,0.0,5,64,27,0.421875,37.0,0.578125,0.578125,2,,,,,,,,,,,,,,,,,,,,,,,,,,,,,
18-9UVM,EMATent,0.8989669680595398,0.8989669680595398,0.7878103852272034,1.0,0.23030990958213807,0.5,0.2696900904178619,0.0,0.0,6,29,6,0.20689655172413793,23.0,0.7931034482758621,0.7931034482758621,2,,,,,,,,,,,,,,,,,,,,,,,,,,,,,
18-9UVM,DynaMixEMATent,,,,,,,,,,0,64,42,0.65625,22.0,0.34375,0.65625,2,0.6351553797721863,0.9996867179870605,0.9996867179870605,0.36453133821487427,0.4246949857826823,0.27539899882119956,0.29990601539611816,0.393374325272945,63.979949951171875,0.19999999999999996,1.0,0.29202812910079956,0.2,0.0,1.0,37.0,0.578125,27.0,0.421875,0.578125,2.0,0.15625,,,,,,,
18-9UVM,DynaMixEMATent,,,,,,,,,,1,64,55,0.859375,9.0,0.140625,0.859375,2,0.21480125188827515,0.8628084659576416,0.8628084659576416,0.6480072140693665,0.29206182451923146,0.4490956356934761,0.2588425397872925,0.6059382247391647,119.19969177246094,0.19999999999999996,1.0,0.5440710783004761,0.2,0.0,1.0,19.0,0.296875,45.0,0.703125,0.703125,2.0,0.359375,,,,,,,
18-9UVM,DynaMixEMATent,,,,,,,,,,2,64,42,0.65625,22.0,0.34375,0.65625,2,0.12301712483167648,0.9945400953292847,0.9945400953292847,0.8715229630470276,0.16815731181256988,0.5334806595886448,0.2983620285987854,0.7603360726376464,182.85025787353516,0.19999999999999996,1.0,0.5777607560157776,0.2,0.0,1.0,27.0,0.421875,37.0,0.578125,0.578125,2.0,0.15625,,,,,,,
18-9UVM,DynaMixEMATent,,,,,,,,,,3,64,42,0.65625,22.0,0.34375,0.65625,2,0.17414318025112152,0.9127469062805176,0.9127469062805176,0.7386037707328796,0.11026661632316759,0.6159093117926772,0.27382407188415525,0.8481544043889361,241.26605987548828,0.19999999999999996,1.0,0.515770435333252,0.2,0.0,1.0,19.0,0.296875,45.0,0.703125,0.703125,2.0,0.15625,,,,,,,
18-9UVM,DynaMixEMATent,,,,,,,,,,4,64,57,0.890625,7.0,0.109375,0.890625,2,0.22083617746829987,0.9363074898719788,0.9363074898719788,0.7154713273048401,0.0683722044208902,0.6507355486175163,0.2808922469615936,0.9049207797690946,301.1897392272949,0.19999999999999996,1.0,0.4782786965370178,0.2,0.0,1.0,22.0,0.34375,42.0,0.65625,0.65625,2.0,0.390625,,,,,,,
18-9UVM,DynaMixEMATent,,,,,,,,,,5,64,27,0.421875,37.0,0.578125,0.578125,2,0.30781090259552,0.9198868870735168,0.9198868870735168,0.6120759844779968,0.04346039136802497,0.68057354250992,0.27596606612205504,0.939974648515091,360.0625,0.19999999999999996,1.0,0.5138871669769287,0.2,0.0,1.0,19.0,0.296875,45.0,0.703125,0.703125,2.0,0.078125,,,,,,,
18-9UVM,DynaMixEMATent,,,,,,,,,,6,29,6,0.20689655172413793,23.0,0.7931034482758621,0.7931034482758621,2,0.3831300437450409,0.9899173378944397,0.9899173378944397,0.6067873239517212,0.0337211669134142,0.6693036317182539,0.2969752013683319,0.952034171512801,388.77010279893875,0.19999999999999996,1.0,0.5608052015304565,0.2,0.0,1.0,17.0,0.5862068965517241,12.0,0.41379310344827586,0.5862068965517241,2.0,0.2931034482758621,,,,,,,
18-9UVM,TEMA,,,,,,,,,,0,64,42,0.65625,22.0,0.34375,0.65625,2,,,,,,,,,,,,,,,,,,,,,,,,,,,,,
18-9UVM,TEMA,,,,,,,,,,1,64,55,0.859375,9.0,0.140625,0.859375,2,,,,,,,,,,,,,,,,,,,,,,,,,,,,,
18-9UVM,TEMA,,,,,,,,,,2,64,42,0.65625,22.0,0.34375,0.65625,2,,,,,,,,,,,,,,,,,,,,,,,,,,,,,
18-9UVM,TEMA,,,,,,,,,,3,64,42,0.65625,22.0,0.34375,0.65625,2,,,,,,,,,,,,,,,,,,,,,,,,,,,,,
18-9UVM,TEMA,,,,,,,,,,4,64,57,0.890625,7.0,0.109375,0.890625,2,,,,,,,,,,,,,,,,,,,,,,,,,,,,,
18-9UVM,TEMA,,,,,,,,,,5,64,27,0.421875,37.0,0.578125,0.578125,2,,,,,,,,,,,,,,,,,,,,,,,,,,,,,
18-9UVM,TEMA,,,,,,,,,,6,29,6,0.20689655172413793,23.0,0.7931034482758621,0.7931034482758621,2,,,,,,,,,,,,,,,,,,,,,,,,,,,,,
18-9UVM,DUA,,,,,,,,,,0,64,42,0.65625,22.0,0.34375,0.65625,2,,,,,,,,,,,,,,,,,,,,,,,0.099,,,,,,
18-9UVM,DUA,,,,,,,,,,1,64,55,0.859375,9.0,0.140625,0.859375,2,,,,,,,,,,,,,,,,,,,,,,,0.09336,,,,,,
18-9UVM,DUA,,,,,,,,,,2,64,42,0.65625,22.0,0.34375,0.65625,2,,,,,,,,,,,,,,,,,,,,,,,0.0880584,,,,,,
18-9UVM,DUA,,,,,,,,,,3,64,42,0.65625,22.0,0.34375,0.65625,2,,,,,,,,,,,,,,,,,,,,,,,0.083074896,,,,,,
18-9UVM,DUA,,,,,,,,,,4,64,57,0.890625,7.0,0.109375,0.890625,2,,,,,,,,,,,,,,,,,,,,,,,0.07839040223999999,,,,,,
18-9UVM,DUA,,,,,,,,,,5,64,27,0.421875,37.0,0.578125,0.578125,2,,,,,,,,,,,,,,,,,,,,,,,0.07398697810559998,,,,,,
18-9UVM,DUA,,,,,,,,,,6,29,6,0.20689655172413793,23.0,0.7931034482758621,0.7931034482758621,2,,,,,,,,,,,,,,,,,,,,,,,0.06984775941926398,,,,,,
18-9UVM,RoTTA,,,,,,,,,,0,64,42,0.65625,22.0,0.34375,0.65625,2,,,,,,,,,,,,,,,,,,,,,,,,60.0,,,,,
18-9UVM,RoTTA,,,,,,,,,,1,64,55,0.859375,9.0,0.140625,0.859375,2,,,,,,,,,,,,,,,,,,,,,,,,64.0,,,,,
18-9UVM,RoTTA,,,,,,,,,,2,64,42,0.65625,22.0,0.34375,0.65625,2,,,,,,,,,,,,,,,,,,,,,,,,64.0,,,,,
18-9UVM,RoTTA,,,,,,,,,,3,64,42,0.65625,22.0,0.34375,0.65625,2,,,,,,,,,,,,,,,,,,,,,,,,64.0,,,,,
18-9UVM,RoTTA,,,,,,,,,,4,64,57,0.890625,7.0,0.109375,0.890625,2,,,,,,,,,,,,,,,,,,,,,,,,64.0,,,,,
18-9UVM,RoTTA,,,,,,,,,,5,64,27,0.421875,37.0,0.578125,0.578125,2,,,,,,,,,,,,,,,,,,,,,,,,64.0,,,,,
18-9UVM,RoTTA,,,,,,,,,,6,29,6,0.20689655172413793,23.0,0.7931034482758621,0.7931034482758621,2,,,,,,,,,,,,,,,,,,,,,,,,64.0,,,,,
18-9UVM,NOTE,,,,,,,,,,0,64,42,0.65625,22.0,0.34375,0.65625,2,,,,,,,,,,,,,,,,,,,,,,,,,64.0,1.0,0.4671987295150757,,
18-9UVM,NOTE,,,,,,,,,,1,64,55,0.859375,9.0,0.140625,0.859375,2,,,,,,,,,,,,,,,,,,,,,,,,,64.0,1.0,0.5050218105316162,,
18-9UVM,NOTE,,,,,,,,,,2,64,42,0.65625,22.0,0.34375,0.65625,2,,,,,,,,,,,,,,,,,,,,,,,,,64.0,1.0,0.5172832012176514,,
18-9UVM,NOTE,,,,,,,,,,3,64,42,0.65625,22.0,0.34375,0.65625,2,,,,,,,,,,,,,,,,,,,,,,,,,64.0,1.0,0.5677551031112671,,
18-9UVM,NOTE,,,,,,,,,,4,64,57,0.890625,7.0,0.109375,0.890625,2,,,,,,,,,,,,,,,,,,,,,,,,,64.0,1.0,0.4735831916332245,,
18-9UVM,NOTE,,,,,,,,,,5,64,27,0.421875,37.0,0.578125,0.578125,2,,,,,,,,,,,,,,,,,,,,,,,,,64.0,1.0,0.5411661267280579,,
18-9UVM,NOTE,,,,,,,,,,6,29,6,0.20689655172413793,23.0,0.7931034482758621,0.7931034482758621,2,,,,,,,,,,,,,,,,,,,,,,,,,64.0,0.0,,,
18-9UVM,DELTA,,,,,,,,,,0,64,42,0.65625,22.0,0.34375,0.65625,2,,,,,,,,,,,,,,,,,,,,,,,,,,,,0.1464153677225113,15.0
18-9UVM,DELTA,,,,,,,,,,1,64,55,0.859375,9.0,0.140625,0.859375,2,,,,,,,,,,,,,,,,,,,,,,,,,,,,0.15078437328338623,18.0
18-9UVM,DELTA,,,,,,,,,,2,64,42,0.65625,22.0,0.34375,0.65625,2,,,,,,,,,,,,,,,,,,,,,,,,,,,,0.19867651164531708,6.0
18-9UVM,DELTA,,,,,,,,,,3,64,42,0.65625,22.0,0.34375,0.65625,2,,,,,,,,,,,,,,,,,,,,,,,,,,,,0.2555745542049408,6.0
18-9UVM,DELTA,,,,,,,,,,4,64,57,0.890625,7.0,0.109375,0.890625,2,,,,,,,,,,,,,,,,,,,,,,,,,,,,0.19756729900836945,22.0
18-9UVM,DELTA,,,,,,,,,,5,64,27,0.421875,37.0,0.578125,0.578125,2,,,,,,,,,,,,,,,,,,,,,,,,,,,,0.2571682929992676,7.0
18-9UVM,DELTA,,,,,,,,,,6,29,6,0.20689655172413793,23.0,0.7931034482758621,0.7931034482758621,2,,,,,,,,,,,,,,,,,,,,,,,,,,,,0.23033101856708527,13.0
19-9UY7,EMATent,0.9916616082191467,0.9916616082191467,0.728987991809845,1.0,0.202501517534256,0.5,0.297498482465744,0.0,0.0,0,64,64,1.0,,,1.0,1,,,,,,,,,,,,,,,,,,,,,,,,,,,,,
19-9UY7,EMATent,0.7664876580238342,0.7664876580238342,0.8004175424575806,1.0,0.2700537025928497,0.5,0.22994629740715025,0.0,0.0,1,64,64,1.0,,,1.0,1,,,,,,,,,,,,,,,,,,,,,,,,,,,,,
19-9UY7,EMATent,0.9529696106910706,0.9529696106910706,0.6836821436882019,1.0,0.21410911679267886,0.5,0.28589088320732114,0.0,0.0,2,64,64,1.0,,,1.0,1,,,,,,,,,,,,,,,,,,,,,,,,,,,,,
19-9UY7,EMATent,0.9670997858047485,0.9670997858047485,0.7523002624511719,1.0,0.20987006425857546,0.5,0.29012993574142454,0.0,0.0,3,64,64,1.0,,,1.0,1,,,,,,,,,,,,,,,,,,,,,,,,,,,,,
19-9UY7,EMATent,0.9973124265670776,0.9973124265670776,0.7619752883911133,1.0,0.20080627202987672,0.5,0.2991937279701233,0.0,0.0,4,64,64,1.0,,,1.0,1,,,,,,,,,,,,,,,,,,,,,,,,,,,,,
19-9UY7,EMATent,0.8140552639961243,0.8140552639961243,0.7983619570732117,1.0,0.25578342080116273,0.5,0.24421657919883727,0.0,0.0,5,64,64,1.0,,,1.0,1,,,,,,,,,,,,,,,,,,,,,,,,,,,,,
19-9UY7,EMATent,0.8452552556991577,0.8452552556991577,0.7713816165924072,1.0,0.24642342329025269,0.5,0.2535765767097473,0.0,0.0,6,29,29,1.0,,,1.0,1,,,,,,,,,,,,,,,,,,,,,,,,,,,,,
19-9UY7,DynaMixEMATent,,,,,,,,,,0,64,64,1.0,,,1.0,1,0.267196387052536,0.9916616082191467,0.9916616082191467,0.7244651913642883,0.4278688645033675,0.27463265303088846,0.297498482465744,0.3909353164030661,63.46634292602539,0.19999999999999996,1.0,0.5284574031829834,0.2,0.0,1.0,32.0,0.5,32.0,0.5,0.5,2.0,0.0,,,,,,,
19-9UY7,DynaMixEMATent,,,,,,,,,,1,64,64,1.0,,,1.0,1,0.20271405577659607,0.8176681399345398,0.8176681399345398,0.6149540543556213,0.305409915519275,0.4492896425003631,0.24530044198036194,0.5953225197048175,115.79710388183594,0.19999999999999996,1.0,0.48101261258125305,0.2,0.0,1.0,45.0,0.703125,19.0,0.296875,0.703125,2.0,0.0,,,,,,,
19-9UY7,DynaMixEMATent,,,,,,,,,,2,64,64,1.0,,,1.0,1,0.119816355407238,0.872792661190033,0.872792661190033,0.7529763579368591,0.1930795695114645,0.5450826321315256,0.2618377983570099,0.7384320558791673,171.65583419799805,0.19999999999999996,1.0,0.5941424369812012,0.2,0.0,1.0,50.0,0.78125,14.0,0.21875,0.78125,2.0,0.0,,,,,,,
19-9UY7,DynaMixEMATent,,,,,,,,,,3,64,64,1.0,,,1.0,1,0.2650071978569031,0.9998000860214233,0.9998000860214233,0.7347928881645203,0.11107490139745013,0.5889850727961229,0.299940025806427,0.8413351634259597,235.64303970336914,0.19999999999999996,1.0,0.5575474500656128,0.2,0.0,1.0,29.0,0.453125,35.0,0.546875,0.546875,2.0,0.0,,,,,,,
19-9UY7,DynaMixEMATent,,,,,,,,,,4,64,64,1.0,,,1.0,1,0.3231593072414398,0.9970177412033081,0.9970177412033081,0.6738584041595459,0.06755131366960561,0.6333433639694019,0.2991053223609924,0.9036213059897173,299.45217514038086,0.19999999999999996,1.0,0.5205429792404175,0.2,0.0,1.0,30.0,0.46875,34.0,0.53125,0.53125,2.0,0.0,,,,,,,
19-9UY7,DynaMixEMATent,,,,,,,,,,5,64,64,1.0,,,1.0,1,0.19948920607566833,0.8495490550994873,0.8495490550994873,0.6500598788261414,0.04696117256315628,0.6981741109069977,0.25486471652984616,0.9369763134226387,353.82331466674805,0.19999999999999996,1.0,0.5325909852981567,0.2,0.0,1.0,22.0,0.34375,42.0,0.65625,0.65625,2.0,0.0,,,,,,,
19-9UY7,DynaMixEMATent,,,,,,,,,,6,29,29,1.0,,,1.0,1,0.18738709390163422,0.8369221091270447,0.8369221091270447,0.6495350003242493,0.03904742190304839,0.7098759453588382,0.25107663273811337,0.9478619260528506,378.09405583143234,0.19999999999999996,1.0,0.5498798489570618,0.2,0.0,1.0,5.0,0.1724137931034483,24.0,0.8275862068965517,0.8275862068965517,2.0,0.0,,,,,,,
19-9UY7,TEMA,,,,,,,,,,0,64,64,1.0,0.0,0.0,1.0,1,,,,,,,,,,,,,,,,,,,,,,,,,,,,,
19-9UY7,TEMA,,,,,,,,,,1,64,64,1.0,0.0,0.0,1.0,1,,,,,,,,,,,,,,,,,,,,,,,,,,,,,
19-9UY7,TEMA,,,,,,,,,,2,64,64,1.0,0.0,0.0,1.0,1,,,,,,,,,,,,,,,,,,,,,,,,,,,,,
19-9UY7,TEMA,,,,,,,,,,3,64,64,1.0,0.0,0.0,1.0,1,,,,,,,,,,,,,,,,,,,,,,,,,,,,,
19-9UY7,TEMA,,,,,,,,,,4,64,64,1.0,0.0,0.0,1.0,1,,,,,,,,,,,,,,,,,,,,,,,,,,,,,
19-9UY7,TEMA,,,,,,,,,,5,64,64,1.0,0.0,0.0,1.0,1,,,,,,,,,,,,,,,,,,,,,,,,,,,,,
19-9UY7,TEMA,,,,,,,,,,6,29,29,1.0,0.0,0.0,1.0,1,,,,,,,,,,,,,,,,,,,,,,,,,,,,,
19-9UY7,DUA,,,,,,,,,,0,64,64,1.0,0.0,0.0,1.0,1,,,,,,,,,,,,,,,,,,,,,,,0.099,,,,,,
19-9UY7,DUA,,,,,,,,,,1,64,64,1.0,0.0,0.0,1.0,1,,,,,,,,,,,,,,,,,,,,,,,0.09336,,,,,,
19-9UY7,DUA,,,,,,,,,,2,64,64,1.0,0.0,0.0,1.0,1,,,,,,,,,,,,,,,,,,,,,,,0.0880584,,,,,,
19-9UY7,DUA,,,,,,,,,,3,64,64,1.0,0.0,0.0,1.0,1,,,,,,,,,,,,,,,,,,,,,,,0.083074896,,,,,,
19-9UY7,DUA,,,,,,,,,,4,64,64,1.0,0.0,0.0,1.0,1,,,,,,,,,,,,,,,,,,,,,,,0.07839040223999999,,,,,,
19-9UY7,DUA,,,,,,,,,,5,64,64,1.0,0.0,0.0,1.0,1,,,,,,,,,,,,,,,,,,,,,,,0.07398697810559998,,,,,,
19-9UY7,DUA,,,,,,,,,,6,29,29,1.0,0.0,0.0,1.0,1,,,,,,,,,,,,,,,,,,,,,,,0.06984775941926398,,,,,,
19-9UY7,RoTTA,,,,,,,,,,0,64,64,1.0,0.0,0.0,1.0,1,,,,,,,,,,,,,,,,,,,,,,,,61.0,,,,,
19-9UY7,RoTTA,,,,,,,,,,1,64,64,1.0,0.0,0.0,1.0,1,,,,,,,,,,,,,,,,,,,,,,,,64.0,,,,,
19-9UY7,RoTTA,,,,,,,,,,2,64,64,1.0,0.0,0.0,1.0,1,,,,,,,,,,,,,,,,,,,,,,,,64.0,,,,,
19-9UY7,RoTTA,,,,,,,,,,3,64,64,1.0,0.0,0.0,1.0,1,,,,,,,,,,,,,,,,,,,,,,,,64.0,,,,,
19-9UY7,RoTTA,,,,,,,,,,4,64,64,1.0,0.0,0.0,1.0,1,,,,,,,,,,,,,,,,,,,,,,,,64.0,,,,,
19-9UY7,RoTTA,,,,,,,,,,5,64,64,1.0,0.0,0.0,1.0,1,,,,,,,,,,,,,,,,,,,,,,,,64.0,,,,,
19-9UY7,RoTTA,,,,,,,,,,6,29,29,1.0,0.0,0.0,1.0,1,,,,,,,,,,,,,,,,,,,,,,,,64.0,,,,,
19-9UY7,NOTE,,,,,,,,,,0,64,64,1.0,0.0,0.0,1.0,1,,,,,,,,,,,,,,,,,,,,,,,,,64.0,1.0,0.5991031527519226,,
19-9UY7,NOTE,,,,,,,,,,1,64,64,1.0,0.0,0.0,1.0,1,,,,,,,,,,,,,,,,,,,,,,,,,64.0,1.0,0.5219970345497131,,
19-9UY7,NOTE,,,,,,,,,,2,64,64,1.0,0.0,0.0,1.0,1,,,,,,,,,,,,,,,,,,,,,,,,,64.0,1.0,0.5980877876281738,,
19-9UY7,NOTE,,,,,,,,,,3,64,64,1.0,0.0,0.0,1.0,1,,,,,,,,,,,,,,,,,,,,,,,,,64.0,1.0,0.5639330744743347,,
19-9UY7,NOTE,,,,,,,,,,4,64,64,1.0,0.0,0.0,1.0,1,,,,,,,,,,,,,,,,,,,,,,,,,64.0,1.0,0.566486120223999,,
19-9UY7,NOTE,,,,,,,,,,5,64,64,1.0,0.0,0.0,1.0,1,,,,,,,,,,,,,,,,,,,,,,,,,64.0,1.0,0.5430370569229126,,
19-9UY7,NOTE,,,,,,,,,,6,29,29,1.0,0.0,0.0,1.0,1,,,,,,,,,,,,,,,,,,,,,,,,,64.0,0.0,,,
19-9UY7,DELTA,,,,,,,,,,0,64,64,1.0,0.0,0.0,1.0,1,,,,,,,,,,,,,,,,,,,,,,,,,,,,0.3344663977622986,3.0
19-9UY7,DELTA,,,,,,,,,,1,64,64,1.0,0.0,0.0,1.0,1,,,,,,,,,,,,,,,,,,,,,,,,,,,,0.08327271044254303,12.0
19-9UY7,DELTA,,,,,,,,,,2,64,64,1.0,0.0,0.0,1.0,1,,,,,,,,,,,,,,,,,,,,,,,,,,,,0.24680034816265106,6.0
19-9UY7,DELTA,,,,,,,,,,3,64,64,1.0,0.0,0.0,1.0,1,,,,,,,,,,,,,,,,,,,,,,,,,,,,0.05896594375371933,22.0
19-9UY7,DELTA,,,,,,,,,,4,64,64,1.0,0.0,0.0,1.0,1,,,,,,,,,,,,,,,,,,,,,,,,,,,,0.1513870358467102,15.0
19-9UY7,DELTA,,,,,,,,,,5,64,64,1.0,0.0,0.0,1.0,1,,,,,,,,,,,,,,,,,,,,,,,,,,,,0.13717299699783325,39.0
19-9UY7,DELTA,,,,,,,,,,6,29,29,1.0,0.0,0.0,1.0,1,,,,,,,,,,,,,,,,,,,,,,,,,,,,0.1040739044547081,18.0
20-9V52,EMATent,0.8416809439659119,0.8416809439659119,0.7691522240638733,1.0,0.24749571681022645,0.5,0.2525042831897735,0.0,0.0,0,64,9,0.140625,55.0,0.859375,0.859375,2,,,,,,,,,,,,,,,,,,,,,,,,,,,,,
20-9V52,EMATent,0.8759298324584961,0.8759298324584961,0.7927873134613037,1.0,0.2372210502624512,0.5,0.26277894973754884,0.0,0.0,1,64,13,0.203125,51.0,0.796875,0.796875,2,,,,,,,,,,,,,,,,,,,,,,,,,,,,,
20-9V52,EMATent,0.9410854578018188,0.9410854578018188,0.792953610420227,1.0,0.21767436265945436,0.5,0.28232563734054567,0.0,0.0,2,64,37,0.578125,27.0,0.421875,0.578125,2,,,,,,,,,,,,,,,,,,,,,,,,,,,,,
20-9V52,EMATent,0.981056272983551,0.981056272983551,0.7317023277282715,1.0,0.2056831181049347,0.5,0.2943168818950653,0.0,0.0,3,64,21,0.328125,43.0,0.671875,0.671875,2,,,,,,,,,,,,,,,,,,,,,,,,,,,,,
20-9V52,EMATent,0.9842787981033325,0.9842787981033325,0.7691206932067871,1.0,0.20471636056900025,0.5,0.2952836394309997,0.0,0.0,4,64,42,0.65625,22.0,0.34375,0.65625,2,,,,,,,,,,,,,,,,,,,,,,,,,,,,,
20-9V52,EMATent,0.8665328621864319,0.8665328621864319,0.7493990063667297,1.0,0.24004014134407045,0.5,0.2599598586559296,0.0,0.0,5,64,16,0.25,48.0,0.75,0.75,2,,,,,,,,,,,,,,,,,,,,,,,,,,,,,
20-9V52,EMATent,0.985261082649231,0.985261082649231,0.7290948033332825,1.0,0.20442167520523072,0.5,0.29557832479476925,0.0,0.0,6,29,11,0.3793103448275862,18.0,0.6206896551724138,0.6206896551724138,2,,,,,,,,,,,,,,,,,,,,,,,,,,,,,
20-9V52,DynaMixEMATent,,,,,,,,,,0,64,9,0.140625,55.0,0.859375,0.859375,2,0.14725296199321747,0.8416809439659119,0.8416809439659119,0.6944279670715332,0.49072706783205605,0.2567686489781705,0.2525042831897735,0.3435051776268019,53.86758041381836,0.19999999999999996,1.0,0.5744858980178833,0.2,0.0,1.0,14.0,0.21875,50.0,0.78125,0.78125,2.0,0.359375,,,,,,,
20-9V52,DynaMixEMATent,,,,,,,,,,1,64,13,0.203125,51.0,0.796875,0.796875,2,0.23817852139472961,0.8924967646598816,0.8924967646598816,0.6543182134628296,0.3076720542850485,0.42457891631698697,0.26774902939796447,0.5798270447738847,110.98737335205078,0.19999999999999996,1.0,0.5267845392227173,0.2,0.0,1.0,38.0,0.59375,26.0,0.40625,0.59375,2.0,0.296875,,,,,,,
20-9V52,DynaMixEMATent,,,,,,,,,,2,64,37,0.578125,27.0,0.421875,0.578125,2,0.36016106605529785,0.9211341142654419,0.9211341142654419,0.5609729886054993,0.1918407179348504,0.5318190477855169,0.27634023427963256,0.7349020533926154,169.93995666503906,0.19999999999999996,1.0,0.516399085521698,0.2,0.0,1.0,35.0,0.546875,29.0,0.453125,0.546875,2.0,0.078125,,,,,,,
20-9V52,DynaMixEMATent,,,,,,,,,,3,64,21,0.328125,43.0,0.671875,0.671875,2,0.19893242418766022,0.8986714482307434,0.8986714482307434,0.6997390389442444,0.12354416824813358,0.6068543972826435,0.269601434469223,0.8308537638510357,227.45492935180664,0.19999999999999996,1.0,0.5746133327484131,0.2,0.0,1.0,33.0,0.515625,31.0,0.484375,0.515625,2.0,0.171875,,,,,,,
20-9V52,DynaMixEMATent,,,,,,,,,,4,64,42,0.65625,22.0,0.34375,0.65625,2,0.22701503336429596,0.9164427518844604,0.9164427518844604,0.6894277334213257,0.07755995835630118,0.6475072160783608,0.2749328255653381,0.8930306582741454,286.1072654724121,0.19999999999999996,1.0,0.48542988300323486,0.2,0.0,1.0,27.0,0.421875,37.0,0.578125,0.578125,2.0,0.15625,,,,,,,
20-9V52,DynaMixEMATent,,,,,,,,,,5,64,16,0.25,48.0,0.75,0.75,2,0.1646316796541214,0.9558234214782715,0.9558234214782715,0.7911917567253113,0.04730951494364073,0.6659434586128777,0.28674702644348143,0.9336707778339295,347.2799644470215,0.19999999999999996,1.0,0.5234879851341248,0.2,0.0,1.0,22.0,0.34375,42.0,0.65625,0.65625,2.0,0.25,,,,,,,
20-9V52,DynaMixEMATent,,,,,,,,,,6,29,11,0.3793103448275862,18.0,0.6206896551724138,0.6206896551724138,2,0.2576785981655121,0.9639312624931335,0.9639312624931335,0.7062526941299438,0.03789824133672796,0.6729223799153321,0.28917937874794003,0.9466838183872988,375.23397105932236,0.19999999999999996,1.0,0.5523319840431213,0.2,0.0,1.0,2.0,0.06896551724137931,27.0,0.9310344827586207,0.9310344827586207,2.0,0.12068965517241381,,,,,,,
20-9V52,TEMA,,,,,,,,,,0,64,9,0.140625,55.0,0.859375,0.859375,2,,,,,,,,,,,,,,,,,,,,,,,,,,,,,
20-9V52,TEMA,,,,,,,,,,1,64,13,0.203125,51.0,0.796875,0.796875,2,,,,,,,,,,,,,,,,,,,,,,,,,,,,,
20-9V52,TEMA,,,,,,,,,,2,64,37,0.578125,27.0,0.421875,0.578125,2,,,,,,,,,,,,,,,,,,,,,,,,,,,,,
20-9V52,TEMA,,,,,,,,,,3,64,21,0.328125,43.0,0.671875,0.671875,2,,,,,,,,,,,,,,,,,,,,,,,,,,,,,
20-9V52,TEMA,,,,,,,,,,4,64,42,0.65625,22.0,0.34375,0.65625,2,,,,,,,,,,,,,,,,,,,,,,,,,,,,,
20-9V52,TEMA,,,,,,,,,,5,64,16,0.25,48.0,0.75,0.75,2,,,,,,,,,,,,,,,,,,,,,,,,,,,,,
20-9V52,TEMA,,,,,,,,,,6,29,11,0.3793103448275862,18.0,0.6206896551724138,0.6206896551724138,2,,,,,,,,,,,,,,,,,,,,,,,,,,,,,
20-9V52,DUA,,,,,,,,,,0,64,9,0.140625,55.0,0.859375,0.859375,2,,,,,,,,,,,,,,,,,,,,,,,0.099,,,,,,
20-9V52,DUA,,,,,,,,,,1,64,13,0.203125,51.0,0.796875,0.796875,2,,,,,,,,,,,,,,,,,,,,,,,0.09336,,,,,,
20-9V52,DUA,,,,,,,,,,2,64,37,0.578125,27.0,0.421875,0.578125,2,,,,,,,,,,,,,,,,,,,,,,,0.0880584,,,,,,
20-9V52,DUA,,,,,,,,,,3,64,21,0.328125,43.0,0.671875,0.671875,2,,,,,,,,,,,,,,,,,,,,,,,0.083074896,,,,,,
20-9V52,DUA,,,,,,,,,,4,64,42,0.65625,22.0,0.34375,0.65625,2,,,,,,,,,,,,,,,,,,,,,,,0.07839040223999999,,,,,,
20-9V52,DUA,,,,,,,,,,5,64,16,0.25,48.0,0.75,0.75,2,,,,,,,,,,,,,,,,,,,,,,,0.07398697810559998,,,,,,
20-9V52,DUA,,,,,,,,,,6,29,11,0.3793103448275862,18.0,0.6206896551724138,0.6206896551724138,2,,,,,,,,,,,,,,,,,,,,,,,0.06984775941926398,,,,,,
20-9V52,RoTTA,,,,,,,,,,0,64,9,0.140625,55.0,0.859375,0.859375,2,,,,,,,,,,,,,,,,,,,,,,,,56.0,,,,,
20-9V52,RoTTA,,,,,,,,,,1,64,13,0.203125,51.0,0.796875,0.796875,2,,,,,,,,,,,,,,,,,,,,,,,,64.0,,,,,
20-9V52,RoTTA,,,,,,,,,,2,64,37,0.578125,27.0,0.421875,0.578125,2,,,,,,,,,,,,,,,,,,,,,,,,64.0,,,,,
20-9V52,RoTTA,,,,,,,,,,3,64,21,0.328125,43.0,0.671875,0.671875,2,,,,,,,,,,,,,,,,,,,,,,,,64.0,,,,,
20-9V52,RoTTA,,,,,,,,,,4,64,42,0.65625,22.0,0.34375,0.65625,2,,,,,,,,,,,,,,,,,,,,,,,,64.0,,,,,
20-9V52,RoTTA,,,,,,,,,,5,64,16,0.25,48.0,0.75,0.75,2,,,,,,,,,,,,,,,,,,,,,,,,64.0,,,,,
20-9V52,RoTTA,,,,,,,,,,6,29,11,0.3793103448275862,18.0,0.6206896551724138,0.6206896551724138,2,,,,,,,,,,,,,,,,,,,,,,,,64.0,,,,,
20-9V52,NOTE,,,,,,,,,,0,64,9,0.140625,55.0,0.859375,0.859375,2,,,,,,,,,,,,,,,,,,,,,,,,,64.0,1.0,0.5644497871398926,,
20-9V52,NOTE,,,,,,,,,,1,64,13,0.203125,51.0,0.796875,0.796875,2,,,,,,,,,,,,,,,,,,,,,,,,,64.0,1.0,0.5428207516670227,,
20-9V52,NOTE,,,,,,,,,,2,64,37,0.578125,27.0,0.421875,0.578125,2,,,,,,,,,,,,,,,,,,,,,,,,,64.0,1.0,0.5100117325782776,,
20-9V52,NOTE,,,,,,,,,,3,64,21,0.328125,43.0,0.671875,0.671875,2,,,,,,,,,,,,,,,,,,,,,,,,,64.0,1.0,0.5427409410476685,,
20-9V52,NOTE,,,,,,,,,,4,64,42,0.65625,22.0,0.34375,0.65625,2,,,,,,,,,,,,,,,,,,,,,,,,,64.0,1.0,0.4905834496021271,,
20-9V52,NOTE,,,,,,,,,,5,64,16,0.25,48.0,0.75,0.75,2,,,,,,,,,,,,,,,,,,,,,,,,,64.0,1.0,0.48214757442474365,,
20-9V52,NOTE,,,,,,,,,,6,29,11,0.3793103448275862,18.0,0.6206896551724138,0.6206896551724138,2,,,,,,,,,,,,,,,,,,,,,,,,,64.0,0.0,,,
20-9V52,DELTA,,,,,,,,,,0,64,9,0.140625,55.0,0.859375,0.859375,2,,,,,,,,,,,,,,,,,,,,,,,,,,,,0.24494384229183197,10.0
20-9V52,DELTA,,,,,,,,,,1,64,13,0.203125,51.0,0.796875,0.796875,2,,,,,,,,,,,,,,,,,,,,,,,,,,,,0.165666863322258,36.0
20-9V52,DELTA,,,,,,,,,,2,64,37,0.578125,27.0,0.421875,0.578125,2,,,,,,,,,,,,,,,,,,,,,,,,,,,,0.16294626891613007,33.0
20-9V52,DELTA,,,,,,,,,,3,64,21,0.328125,43.0,0.671875,0.671875,2,,,,,,,,,,,,,,,,,,,,,,,,,,,,0.20209336280822754,12.0
20-9V52,DELTA,,,,,,,,,,4,64,42,0.65625,22.0,0.34375,0.65625,2,,,,,,,,,,,,,,,,,,,,,,,,,,,,0.19447331130504608,30.0
20-9V52,DELTA,,,,,,,,,,5,64,16,0.25,48.0,0.75,0.75,2,,,,,,,,,,,,,,,,,,,,,,,,,,,,0.1660960465669632,27.0
20-9V52,DELTA,,,,,,,,,,6,29,11,0.3793103448275862,18.0,0.6206896551724138,0.6206896551724138,2,,,,,,,,,,,,,,,,,,,,,,,,,,,,0.1947006732225418,17.0
21-9V5J,EMATent,0.5766516923904419,0.5766516923904419,0.8777014017105103,1.0,0.32700449228286743,0.5,0.17299550771713257,0.0,0.0,0,64,54,0.84375,10.0,0.15625,0.84375,2,,,,,,,,,,,,,,,,,,,,,,,,,,,,,
21-9V5J,EMATent,0.5565165281295776,0.5565165281295776,0.9123764038085938,1.0,0.3330450415611267,0.5,0.16695495843887329,0.0,0.0,1,64,33,0.515625,31.0,0.484375,0.515625,2,,,,,,,,,,,,,,,,,,,,,,,,,,,,,
21-9V5J,EMATent,0.9259023070335388,0.9259023070335388,0.7634214162826538,1.0,0.22222930788993836,0.5,0.2777706921100616,0.0,0.0,2,64,38,0.59375,26.0,0.40625,0.59375,2,,,,,,,,,,,,,,,,,,,,,,,,,,,,,
21-9V5J,EMATent,0.9967281818389893,0.9967281818389893,0.7735720872879028,1.0,0.20098154544830324,0.5,0.2990184545516968,0.0,0.0,3,64,42,0.65625,22.0,0.34375,0.65625,2,,,,,,,,,,,,,,,,,,,,,,,,,,,,,
21-9V5J,EMATent,0.9532322287559509,0.9532322287559509,0.7970441579818726,1.0,0.21403033137321473,0.5,0.28596966862678525,0.0,0.0,4,64,54,0.84375,10.0,0.15625,0.84375,2,,,,,,,,,,,,,,,,,,,,,,,,,,,,,
21-9V5J,EMATent,0.9821265339851379,0.9821265339851379,0.9011190533638,1.0,0.20536203980445863,0.5,0.2946379601955414,0.0,0.0,5,64,39,0.609375,25.0,0.390625,0.609375,2,,,,,,,,,,,,,,,,,,,,,,,,,,,,,
21-9V5J,EMATent,0.9975144267082214,0.9975144267082214,0.8566713333129883,1.0,0.20074567198753357,0.5,0.29925432801246643,0.0,0.0,6,29,0,0.0,29.0,1.0,1.0,1,,,,,,,,,,,,,,,,,,,,,,,,,,,,,
21-9V5J,DynaMixEMATent,,,,,,,,,,0,64,54,0.84375,10.0,0.15625,0.84375,2,0.19304674863815308,0.5766516923904419,0.5766516923904419,0.3836049735546112,0.6198541948815345,0.20715029740133298,0.17299550771713257,0.2504826749241884,36.90570831298828,0.19999999999999996,1.0,0.33431094884872437,0.2,0.0,1.0,53.0,0.828125,11.0,0.171875,0.828125,2.0,0.34375,,,,,,,
21-9V5J,DynaMixEMATent,,,,,,,,,,1,64,33,0.515625,31.0,0.484375,0.515625,2,0.26069146394729614,0.45897698402404785,0.45897698402404785,0.1982855200767517,0.5137808985333974,0.3485260062593883,0.13769309520721434,0.4041786101007041,66.28023529052734,0.19999999999999996,1.0,0.33216333389282227,0.2,0.0,1.0,59.0,0.921875,5.0,0.078125,0.921875,2.0,0.015625,,,,,,,
21-9V5J,DynaMixEMATent,,,,,,,,,,2,64,38,0.59375,26.0,0.40625,0.59375,2,0.40394511818885803,0.9954177141189575,0.9954177141189575,0.5914725661277771,0.2540469394111442,0.44732774635316863,0.2986253142356872,0.6377871278112921,129.98696899414062,0.19999999999999996,1.0,0.4448715150356293,0.2,0.0,1.0,17.0,0.265625,47.0,0.734375,0.734375,2.0,0.09375,,,,,,,
21-9V5J,DynaMixEMATent,,,,,,,,,,3,64,42,0.65625,22.0,0.34375,0.65625,2,0.30191919207572937,0.8939571976661682,0.8939571976661682,0.5920380353927612,0.16952883071421973,0.5622840099859299,0.26818715929985043,0.7683440064374576,187.2002296447754,0.19999999999999996,1.0,0.4799047112464905,0.2,0.0,1.0,38.0,0.59375,26.0,0.40625,0.59375,2.0,0.15625,,,,,,,
21-9V5J,DynaMixEMATent,,,,,,,,,,4,64,54,0.84375,10.0,0.15625,0.84375,2,0.345897912979126,0.885641872882843,0.885641872882843,0.539743959903717,0.10924631062952277,0.6250611275056244,0.2656925618648529,0.8512253792403826,243.88130950927734,0.19999999999999996,1.0,0.4166286289691925,0.2,0.0,1.0,30.0,0.46875,34.0,0.53125,0.53125,2.0,0.34375,,,,,,,
21-9V5J,DynaMixEMATent,,,,,,,,,,5,64,39,0.609375,25.0,0.390625,0.609375,2,0.47460952401161194,0.9285374283790588,0.9285374283790588,0.4539279043674469,0.06746817917375547,0.653970592312527,0.2785612285137176,0.9064810738758052,303.3077049255371,0.19999999999999996,1.0,0.4024221897125244,0.2,0.0,1.0,32.0,0.5,32.0,0.5,0.5,2.0,0.109375,,,,,,,
21-9V5J,DynaMixEMATent,,,,,,,,,,6,29,0,0.0,29.0,1.0,1.0,1,0.4448615312576294,0.9867726564407349,0.9867726564407349,0.5419111251831055,0.05264525254008076,0.6513229505276988,0.2960317969322204,0.9252164340510534,331.9241119623184,0.19999999999999996,1.0,0.35882309079170227,0.2,0.0,1.0,15.0,0.5172413793103449,14.0,0.4827586206896552,0.5172413793103449,2.0,0.5,,,,,,,
21-9V5J,TEMA,,,,,,,,,,0,64,54,0.84375,10.0,0.15625,0.84375,2,,,,,,,,,,,,,,,,,,,,,,,,,,,,,
21-9V5J,TEMA,,,,,,,,,,1,64,33,0.515625,31.0,0.484375,0.515625,2,,,,,,,,,,,,,,,,,,,,,,,,,,,,,
21-9V5J,TEMA,,,,,,,,,,2,64,38,0.59375,26.0,0.40625,0.59375,2,,,,,,,,,,,,,,,,,,,,,,,,,,,,,
21-9V5J,TEMA,,,,,,,,,,3,64,42,0.65625,22.0,0.34375,0.65625,2,,,,,,,,,,,,,,,,,,,,,,,,,,,,,
21-9V5J,TEMA,,,,,,,,,,4,64,54,0.84375,10.0,0.15625,0.84375,2,,,,,,,,,,,,,,,,,,,,,,,,,,,,,
21-9V5J,TEMA,,,,,,,,,,5,64,39,0.609375,25.0,0.390625,0.609375,2,,,,,,,,,,,,,,,,,,,,,,,,,,,,,
21-9V5J,TEMA,,,,,,,,,,6,29,0,0.0,29.0,1.0,1.0,1,,,,,,,,,,,,,,,,,,,,,,,,,,,,,
21-9V5J,DUA,,,,,,,,,,0,64,54,0.84375,10.0,0.15625,0.84375,2,,,,,,,,,,,,,,,,,,,,,,,0.099,,,,,,
21-9V5J,DUA,,,,,,,,,,1,64,33,0.515625,31.0,0.484375,0.515625,2,,,,,,,,,,,,,,,,,,,,,,,0.09336,,,,,,
21-9V5J,DUA,,,,,,,,,,2,64,38,0.59375,26.0,0.40625,0.59375,2,,,,,,,,,,,,,,,,,,,,,,,0.0880584,,,,,,
21-9V5J,DUA,,,,,,,,,,3,64,42,0.65625,22.0,0.34375,0.65625,2,,,,,,,,,,,,,,,,,,,,,,,0.083074896,,,,,,
21-9V5J,DUA,,,,,,,,,,4,64,54,0.84375,10.0,0.15625,0.84375,2,,,,,,,,,,,,,,,,,,,,,,,0.07839040223999999,,,,,,
21-9V5J,DUA,,,,,,,,,,5,64,39,0.609375,25.0,0.390625,0.609375,2,,,,,,,,,,,,,,,,,,,,,,,0.07398697810559998,,,,,,
21-9V5J,DUA,,,,,,,,,,6,29,0,0.0,29.0,1.0,1.0,1,,,,,,,,,,,,,,,,,,,,,,,0.06984775941926398,,,,,,
21-9V5J,RoTTA,,,,,,,,,,0,64,54,0.84375,10.0,0.15625,0.84375,2,,,,,,,,,,,,,,,,,,,,,,,,58.0,,,,,
21-9V5J,RoTTA,,,,,,,,,,1,64,33,0.515625,31.0,0.484375,0.515625,2,,,,,,,,,,,,,,,,,,,,,,,,64.0,,,,,
21-9V5J,RoTTA,,,,,,,,,,2,64,38,0.59375,26.0,0.40625,0.59375,2,,,,,,,,,,,,,,,,,,,,,,,,64.0,,,,,
21-9V5J,RoTTA,,,,,,,,,,3,64,42,0.65625,22.0,0.34375,0.65625,2,,,,,,,,,,,,,,,,,,,,,,,,64.0,,,,,
21-9V5J,RoTTA,,,,,,,,,,4,64,54,0.84375,10.0,0.15625,0.84375,2,,,,,,,,,,,,,,,,,,,,,,,,64.0,,,,,
21-9V5J,RoTTA,,,,,,,,,,5,64,39,0.609375,25.0,0.390625,0.609375,2,,,,,,,,,,,,,,,,,,,,,,,,64.0,,,,,
21-9V5J,RoTTA,,,,,,,,,,6,29,0,0.0,29.0,1.0,1.0,1,,,,,,,,,,,,,,,,,,,,,,,,64.0,,,,,
21-9V5J,NOTE,,,,,,,,,,0,64,54,0.84375,10.0,0.15625,0.84375,2,,,,,,,,,,,,,,,,,,,,,,,,,64.0,1.0,0.489409863948822,,
21-9V5J,NOTE,,,,,,,,,,1,64,33,0.515625,31.0,0.484375,0.515625,2,,,,,,,,,,,,,,,,,,,,,,,,,64.0,1.0,0.5452902913093567,,
21-9V5J,NOTE,,,,,,,,,,2,64,38,0.59375,26.0,0.40625,0.59375,2,,,,,,,,,,,,,,,,,,,,,,,,,64.0,1.0,0.5591698884963989,,
21-9V5J,NOTE,,,,,,,,,,3,64,42,0.65625,22.0,0.34375,0.65625,2,,,,,,,,,,,,,,,,,,,,,,,,,64.0,1.0,0.4711793065071106,,
21-9V5J,NOTE,,,,,,,,,,4,64,54,0.84375,10.0,0.15625,0.84375,2,,,,,,,,,,,,,,,,,,,,,,,,,64.0,1.0,0.4391091763973236,,
21-9V5J,NOTE,,,,,,,,,,5,64,39,0.609375,25.0,0.390625,0.609375,2,,,,,,,,,,,,,,,,,,,,,,,,,64.0,1.0,0.5339866876602173,,
21-9V5J,NOTE,,,,,,,,,,6,29,0,0.0,29.0,1.0,1.0,1,,,,,,,,,,,,,,,,,,,,,,,,,64.0,0.0,,,
21-9V5J,DELTA,,,,,,,,,,0,64,54,0.84375,10.0,0.15625,0.84375,2,,,,,,,,,,,,,,,,,,,,,,,,,,,,0.22643764317035675,16.0
21-9V5J,DELTA,,,,,,,,,,1,64,33,0.515625,31.0,0.484375,0.515625,2,,,,,,,,,,,,,,,,,,,,,,,,,,,,0.170799121260643,18.0
21-9V5J,DELTA,,,,,,,,,,2,64,38,0.59375,26.0,0.40625,0.59375,2,,,,,,,,,,,,,,,,,,,,,,,,,,,,0.07672877609729767,48.0
21-9V5J,DELTA,,,,,,,,,,3,64,42,0.65625,22.0,0.34375,0.65625,2,,,,,,,,,,,,,,,,,,,,,,,,,,,,0.1797906905412674,29.0
21-9V5J,DELTA,,,,,,,,,,4,64,54,0.84375,10.0,0.15625,0.84375,2,,,,,,,,,,,,,,,,,,,,,,,,,,,,0.10633716732263565,40.0
21-9V5J,DELTA,,,,,,,,,,5,64,39,0.609375,25.0,0.390625,0.609375,2,,,,,,,,,,,,,,,,,,,,,,,,,,,,0.08385604619979858,35.0
21-9V5J,DELTA,,,,,,,,,,6,29,0,0.0,29.0,1.0,1.0,1,,,,,,,,,,,,,,,,,,,,,,,,,,,,0.14409054815769196,22.0
22-9V5N,EMATent,0.9036896228790283,0.9036896228790283,0.834625244140625,1.0,0.22889311313629152,0.5,0.2711068868637085,0.0,0.0,0,64,32,0.5,32.0,0.5,0.5,2,,,,,,,,,,,,,,,,,,,,,,,,,,,,,
22-9V5N,EMATent,0.9977155327796936,0.9977155327796936,0.7978277802467346,1.0,0.20068534016609194,0.5,0.2993146598339081,0.0,0.0,1,64,20,0.3125,44.0,0.6875,0.6875,2,,,,,,,,,,,,,,,,,,,,,,,,,,,,,
22-9V5N,EMATent,0.9878738522529602,0.9878738522529602,0.7611504197120667,1.0,0.20363784432411194,0.5,0.29636215567588803,0.0,0.0,2,64,41,0.640625,23.0,0.359375,0.640625,2,,,,,,,,,,,,,,,,,,,,,,,,,,,,,
22-9V5N,EMATent,0.7532534003257751,0.7532534003257751,0.8706327676773071,1.0,0.27402397990226746,0.5,0.22597602009773254,0.0,0.0,3,64,64,1.0,,,1.0,1,,,,,,,,,,,,,,,,,,,,,,,,,,,,,
22-9V5N,EMATent,0.9203523993492126,0.9203523993492126,0.8400089144706726,1.0,0.22389428019523622,0.5,0.2761057198047638,0.0,0.0,4,64,15,0.234375,49.0,0.765625,0.765625,2,,,,,,,,,,,,,,,,,,,,,,,,,,,,,
22-9V5N,EMATent,0.9584251642227173,0.9584251642227173,0.7544776201248169,1.0,0.21247245073318483,0.5,0.2875275492668152,0.0,0.0,5,64,36,0.5625,28.0,0.4375,0.5625,2,,,,,,,,,,,,,,,,,,,,,,,,,,,,,
22-9V5N,EMATent,0.9401174187660217,0.9401174187660217,0.7585861086845398,1.0,0.2179647743701935,0.5,0.2820352256298065,0.0,0.0,6,29,7,0.2413793103448276,22.0,0.7586206896551724,0.7586206896551724,2,,,,,,,,,,,,,,,,,,,,,,,,,,,,,
22-9V5N,DynaMixEMATent,,,,,,,,,,0,64,32,0.5,32.0,0.5,0.5,2,0.3957700729370117,0.9036896228790283,0.9036896228790283,0.5079195499420166,0.4639061591712704,0.26498695396502103,0.2711068868637085,0.36354706772414336,57.83613586425781,0.19999999999999996,1.0,0.37930095195770264,0.2,0.0,1.0,50.0,0.78125,14.0,0.21875,0.78125,2.0,0.0,,,,,,,
22-9V5N,DynaMixEMATent,,,,,,,,,,1,64,20,0.3125,44.0,0.6875,0.6875,2,0.3502478301525116,0.9773131012916565,0.9773131012916565,0.6270652413368225,0.2759597345540495,0.43084633505845366,0.2931939303874969,0.6095679615409348,120.38417434692383,0.19999999999999996,1.0,0.4527990221977234,0.2,0.0,1.0,33.0,0.515625,31.0,0.484375,0.515625,2.0,0.1875,,,,,,,
22-9V5N,DynaMixEMATent,,,,,,,,,,2,64,41,0.640625,23.0,0.359375,0.640625,2,0.30301937460899353,0.9913803935050964,0.9913803935050964,0.6883610486984253,0.1670972681345853,0.5354886138138858,0.2974141180515289,0.7621681954792816,183.83251953125,0.19999999999999996,1.0,0.492984801530838,0.2,0.0,1.0,29.0,0.453125,35.0,0.546875,0.546875,2.0,0.140625,,,,,,,
22-9V5N,DynaMixEMATent,,,,,,,,,,3,64,64,1.0,,,1.0,1,0.2977440655231476,0.7480844855308533,0.7480844855308533,0.4503403902053833,0.1268963285485709,0.6486783257921731,0.22442534565925598,0.83638412132429,231.7099266052246,0.19999999999999996,1.0,0.43045473098754883,0.2,0.0,1.0,45.0,0.703125,19.0,0.296875,0.703125,2.0,0.0,,,,,,,
22-9V5N,DynaMixEMATent,,,,,,,,,,4,64,15,0.234375,49.0,0.765625,0.765625,2,0.35389500856399536,0.8091073632240295,0.8091073632240295,0.4552123248577118,0.08267600879112624,0.6745917822416649,0.24273220896720885,0.890823286332607,283.4927978515625,0.19999999999999996,1.0,0.40932977199554443,0.2,0.0,1.0,36.0,0.5625,28.0,0.4375,0.5625,2.0,0.265625,,,,,,,
22-9V5N,DynaMixEMATent,,,,,,,,,,5,64,36,0.5625,28.0,0.4375,0.5625,2,0.19502325356006622,0.853279709815979,0.853279709815979,0.658256471157074,0.05301820360685437,0.690997883448352,0.25598391294479367,0.928740514446806,338.10269927978516,0.19999999999999996,1.0,0.4736342132091522,0.2,0.0,1.0,32.0,0.5,32.0,0.5,0.5,2.0,0.0625,,,,,,,
22-9V5N,DynaMixEMATent,,,,,,,,,,6,29,7,0.2413793103448276,22.0,0.7586206896551724,0.7586206896551724,2,0.2135721892118454,0.6894758939743042,0.6894758939743042,0.47590371966362,0.04834606129832759,0.7448111705093811,0.20684276819229125,0.9390460562426688,358.09750020504,0.19999999999999996,1.0,0.4828978478908539,0.2,0.0,1.0,11.0,0.3793103448275862,18.0,0.6206896551724138,0.6206896551724138,2.0,0.2586206896551724,,,,,,,
22-9V5N,TEMA,,,,,,,,,,0,64,32,0.5,32.0,0.5,0.5,2,,,,,,,,,,,,,,,,,,,,,,,,,,,,,
22-9V5N,TEMA,,,,,,,,,,1,64,20,0.3125,44.0,0.6875,0.6875,2,,,,,,,,,,,,,,,,,,,,,,,,,,,,,
22-9V5N,TEMA,,,,,,,,,,2,64,41,0.640625,23.0,0.359375,0.640625,2,,,,,,,,,,,,,,,,,,,,,,,,,,,,,
22-9V5N,TEMA,,,,,,,,,,3,64,64,1.0,0.0,0.0,1.0,1,,,,,,,,,,,,,,,,,,,,,,,,,,,,,
22-9V5N,TEMA,,,,,,,,,,4,64,15,0.234375,49.0,0.765625,0.765625,2,,,,,,,,,,,,,,,,,,,,,,,,,,,,,
22-9V5N,TEMA,,,,,,,,,,5,64,36,0.5625,28.0,0.4375,0.5625,2,,,,,,,,,,,,,,,,,,,,,,,,,,,,,
22-9V5N,TEMA,,,,,,,,,,6,29,7,0.2413793103448276,22.0,0.7586206896551724,0.7586206896551724,2,,,,,,,,,,,,,,,,,,,,,,,,,,,,,
22-9V5N,DUA,,,,,,,,,,0,64,32,0.5,32.0,0.5,0.5,2,,,,,,,,,,,,,,,,,,,,,,,0.099,,,,,,
22-9V5N,DUA,,,,,,,,,,1,64,20,0.3125,44.0,0.6875,0.6875,2,,,,,,,,,,,,,,,,,,,,,,,0.09336,,,,,,
22-9V5N,DUA,,,,,,,,,,2,64,41,0.640625,23.0,0.359375,0.640625,2,,,,,,,,,,,,,,,,,,,,,,,0.0880584,,,,,,
22-9V5N,DUA,,,,,,,,,,3,64,64,1.0,0.0,0.0,1.0,1,,,,,,,,,,,,,,,,,,,,,,,0.083074896,,,,,,
22-9V5N,DUA,,,,,,,,,,4,64,15,0.234375,49.0,0.765625,0.765625,2,,,,,,,,,,,,,,,,,,,,,,,0.07839040223999999,,,,,,
22-9V5N,DUA,,,,,,,,,,5,64,36,0.5625,28.0,0.4375,0.5625,2,,,,,,,,,,,,,,,,,,,,,,,0.07398697810559998,,,,,,
22-9V5N,DUA,,,,,,,,,,6,29,7,0.2413793103448276,22.0,0.7586206896551724,0.7586206896551724,2,,,,,,,,,,,,,,,,,,,,,,,0.06984775941926398,,,,,,
22-9V5N,RoTTA,,,,,,,,,,0,64,32,0.5,32.0,0.5,0.5,2,,,,,,,,,,,,,,,,,,,,,,,,58.0,,,,,
22-9V5N,RoTTA,,,,,,,,,,1,64,20,0.3125,44.0,0.6875,0.6875,2,,,,,,,,,,,,,,,,,,,,,,,,64.0,,,,,
22-9V5N,RoTTA,,,,,,,,,,2,64,41,0.640625,23.0,0.359375,0.640625,2,,,,,,,,,,,,,,,,,,,,,,,,64.0,,,,,
22-9V5N,RoTTA,,,,,,,,,,3,64,64,1.0,0.0,0.0,1.0,1,,,,,,,,,,,,,,,,,,,,,,,,64.0,,,,,
22-9V5N,RoTTA,,,,,,,,,,4,64,15,0.234375,49.0,0.765625,0.765625,2,,,,,,,,,,,,,,,,,,,,,,,,64.0,,,,,
22-9V5N,RoTTA,,,,,,,,,,5,64,36,0.5625,28.0,0.4375,0.5625,2,,,,,,,,,,,,,,,,,,,,,,,,64.0,,,,,
22-9V5N,RoTTA,,,,,,,,,,6,29,7,0.2413793103448276,22.0,0.7586206896551724,0.7586206896551724,2,,,,,,,,,,,,,,,,,,,,,,,,64.0,,,,,
22-9V5N,NOTE,,,,,,,,,,0,64,32,0.5,32.0,0.5,0.5,2,,,,,,,,,,,,,,,,,,,,,,,,,64.0,1.0,0.4423149824142456,,
22-9V5N,NOTE,,,,,,,,,,1,64,20,0.3125,44.0,0.6875,0.6875,2,,,,,,,,,,,,,,,,,,,,,,,,,64.0,1.0,0.45615291595458984,,
22-9V5N,NOTE,,,,,,,,,,2,64,41,0.640625,23.0,0.359375,0.640625,2,,,,,,,,,,,,,,,,,,,,,,,,,64.0,1.0,0.5078094601631165,,
22-9V5N,NOTE,,,,,,,,,,3,64,64,1.0,0.0,0.0,1.0,1,,,,,,,,,,,,,,,,,,,,,,,,,64.0,1.0,0.5373619794845581,,
22-9V5N,NOTE,,,,,,,,,,4,64,15,0.234375,49.0,0.765625,0.765625,2,,,,,,,,,,,,,,,,,,,,,,,,,64.0,1.0,0.5272391438484192,,
22-9V5N,NOTE,,,,,,,,,,5,64,36,0.5625,28.0,0.4375,0.5625,2,,,,,,,,,,,,,,,,,,,,,,,,,64.0,1.0,0.5854615569114685,,
22-9V5N,NOTE,,,,,,,,,,6,29,7,0.2413793103448276,22.0,0.7586206896551724,0.7586206896551724,2,,,,,,,,,,,,,,,,,,,,,,,,,64.0,0.0,,,
22-9V5N,DELTA,,,,,,,,,,0,64,32,0.5,32.0,0.5,0.5,2,,,,,,,,,,,,,,,,,,,,,,,,,,,,0.18831756711006165,25.0
22-9V5N,DELTA,,,,,,,,,,1,64,20,0.3125,44.0,0.6875,0.6875,2,,,,,,,,,,,,,,,,,,,,,,,,,,,,0.043856553733348846,54.0
22-9V5N,DELTA,,,,,,,,,,2,64,41,0.640625,23.0,0.359375,0.640625,2,,,,,,,,,,,,,,,,,,,,,,,,,,,,0.09356359392404556,28.0
22-9V5N,DELTA,,,,,,,,,,3,64,64,1.0,0.0,0.0,1.0,1,,,,,,,,,,,,,,,,,,,,,,,,,,,,0.14571931958198547,26.0
22-9V5N,DELTA,,,,,,,,,,4,64,15,0.234375,49.0,0.765625,0.765625,2,,,,,,,,,,,,,,,,,,,,,,,,,,,,0.11264616996049881,15.0
22-9V5N,DELTA,,,,,,,,,,5,64,36,0.5625,28.0,0.4375,0.5625,2,,,,,,,,,,,,,,,,,,,,,,,,,,,,0.17442603409290314,23.0
22-9V5N,DELTA,,,,,,,,,,6,29,7,0.2413793103448276,22.0,0.7586206896551724,0.7586206896551724,2,,,,,,,,,,,,,,,,,,,,,,,,,,,,0.14054735004901886,19.0
23-9VIV,EMATent,0.8425903916358948,0.8425903916358948,0.8515942096710205,1.0,0.24722288250923158,0.5,0.2527771174907684,0.0,0.0,0,64,32,0.5,32.0,0.5,0.5,2,,,,,,,,,,,,,,,,,,,,,,,,,,,,,
23-9VIV,EMATent,0.9553457498550415,0.9553457498550415,0.8428220152854919,1.0,0.21339627504348757,0.5,0.28660372495651243,0.0,0.0,1,64,31,0.484375,33.0,0.515625,0.515625,2,,,,,,,,,,,,,,,,,,,,,,,,,,,,,
23-9VIV,EMATent,0.8654552102088928,0.8654552102088928,0.7712311744689941,1.0,0.24036343693733217,0.5,0.25963656306266786,0.0,0.0,2,64,33,0.515625,31.0,0.484375,0.515625,2,,,,,,,,,,,,,,,,,,,,,,,,,,,,,
23-9VIV,EMATent,0.9999821186065674,0.9999821186065674,0.808767557144165,1.0,0.2000053644180298,0.5,0.2999946355819702,0.0,0.0,3,64,29,0.453125,35.0,0.546875,0.546875,2,,,,,,,,,,,,,,,,,,,,,,,,,,,,,
23-9VIV,EMATent,0.9732921123504639,0.9732921123504639,0.7436703443527222,1.0,0.20801236629486086,0.5,0.29198763370513914,0.0,0.0,4,64,20,0.3125,44.0,0.6875,0.6875,2,,,,,,,,,,,,,,,,,,,,,,,,,,,,,
23-9VIV,EMATent,0.8321917057037354,0.8321917057037354,0.8087674379348755,1.0,0.2503424882888794,0.5,0.2496575117111206,0.0,0.0,5,64,27,0.421875,37.0,0.578125,0.578125,2,,,,,,,,,,,,,,,,,,,,,,,,,,,,,
23-9VIV,EMATent,0.9835919737815857,0.9835919737815857,0.7800828218460083,1.0,0.2049224078655243,0.5,0.2950775921344757,0.0,0.0,6,29,22,0.7586206896551724,7.0,0.2413793103448276,0.7586206896551724,2,,,,,,,,,,,,,,,,,,,,,,,,,,,,,
23-9VIV,DynaMixEMATent,,,,,,,,,,0,64,32,0.5,32.0,0.5,0.5,2,0.3450707197189331,0.8425903916358948,0.8425903916358948,0.49751967191696167,0.49032494038795,0.25689794212128153,0.2527771174907684,0.3438036336074166,53.925785064697266,0.19999999999999996,1.0,0.35491999983787537,0.2,0.0,1.0,45.0,0.703125,19.0,0.296875,0.703125,2.0,0.0,,,,,,,
23-9VIV,DynaMixEMATent,,,,,,,,,,1,64,31,0.484375,33.0,0.515625,0.515625,2,0.460667222738266,0.9469983577728271,0.9469983577728271,0.48633116483688354,0.29258253736064876,0.42331795530750305,0.28409950733184813,0.5913083726619639,114.5336799621582,0.19999999999999996,1.0,0.42337316274642944,0.2,0.0,1.0,42.0,0.65625,22.0,0.34375,0.65625,2.0,0.015625,,,,,,,
23-9VIV,DynaMixEMATent,,,,,,,,,,2,64,33,0.515625,31.0,0.484375,0.515625,2,0.2064952701330185,0.7731934189796448,0.7731934189796448,0.5666981339454651,0.21324746556709456,0.5547945087390119,0.23195802569389343,0.72234920394845,164.01805877685547,0.19999999999999996,1.0,0.5521663427352905,0.2,0.0,1.0,45.0,0.703125,19.0,0.296875,0.703125,2.0,0.015625,,,,,,,
23-9VIV,DynaMixEMATent,,,,,,,,,,3,64,29,0.453125,35.0,0.546875,0.546875,2,0.45014750957489014,0.9860032796859741,0.9860032796859741,0.535855770111084,0.11942257882720306,0.5847764372670047,0.29580098390579224,0.8304135960178242,227.1222686767578,0.19999999999999996,1.0,0.47194722294807434,0.2,0.0,1.0,31.0,0.484375,33.0,0.515625,0.515625,2.0,0.046875,,,,,,,
23-9VIV,DynaMixEMATent,,,,,,,,,,4,64,20,0.3125,44.0,0.6875,0.6875,2,0.29593828320503235,0.919996440410614,0.919996440410614,0.6240581274032593,0.07750960956890642,0.6464914583079094,0.2759989321231842,0.8929426861258523,286.0020408630371,0.19999999999999996,1.0,0.5642271041870117,0.2,0.0,1.0,35.0,0.546875,29.0,0.453125,0.546875,2.0,0.1875,,,,,,,
23-9VIV,DynaMixEMATent,,,,,,,,,,5,64,27,0.421875,37.0,0.578125,0.578125,2,0.21039575338363647,0.7869918346405029,0.7869918346405029,0.5765960812568665,0.05517738822152123,0.708725061386328,0.23609755039215086,0.9277690649508368,336.3695182800293,0.19999999999999996,1.0,0.527892529964447,0.2,0.0,1.0,47.0,0.734375,17.0,0.265625,0.734375,2.0,0.078125,,,,,,,
23-9VIV,DynaMixEMATent,,,,,,,,,,6,29,22,0.7586206896551724,7.0,0.2413793103448276,0.7586206896551724,2,0.28271234035491943,0.9588402509689331,0.9588402509689331,0.6761279106140137,0.041406685132846274,0.6709412395764738,0.28765207529067993,0.9418729476193215,364.17588555812836,0.19999999999999996,1.0,0.5953249931335449,0.2,0.0,1.0,17.0,0.5862068965517241,12.0,0.41379310344827586,0.5862068965517241,2.0,0.2586206896551724,,,,,,,
23-9VIV,TEMA,,,,,,,,,,0,64,32,0.5,32.0,0.5,0.5,2,,,,,,,,,,,,,,,,,,,,,,,,,,,,,
23-9VIV,TEMA,,,,,,,,,,1,64,31,0.484375,33.0,0.515625,0.515625,2,,,,,,,,,,,,,,,,,,,,,,,,,,,,,
23-9VIV,TEMA,,,,,,,,,,2,64,33,0.515625,31.0,0.484375,0.515625,2,,,,,,,,,,,,,,,,,,,,,,,,,,,,,
23-9VIV,TEMA,,,,,,,,,,3,64,29,0.453125,35.0,0.546875,0.546875,2,,,,,,,,,,,,,,,,,,,,,,,,,,,,,
23-9VIV,TEMA,,,,,,,,,,4,64,20,0.3125,44.0,0.6875,0.6875,2,,,,,,,,,,,,,,,,,,,,,,,,,,,,,
23-9VIV,TEMA,,,,,,,,,,5,64,27,0.421875,37.0,0.578125,0.578125,2,,,,,,,,,,,,,,,,,,,,,,,,,,,,,
23-9VIV,TEMA,,,,,,,,,,6,29,22,0.7586206896551724,7.0,0.2413793103448276,0.7586206896551724,2,,,,,,,,,,,,,,,,,,,,,,,,,,,,,
23-9VIV,DUA,,,,,,,,,,0,64,32,0.5,32.0,0.5,0.5,2,,,,,,,,,,,,,,,,,,,,,,,0.099,,,,,,
23-9VIV,DUA,,,,,,,,,,1,64,31,0.484375,33.0,0.515625,0.515625,2,,,,,,,,,,,,,,,,,,,,,,,0.09336,,,,,,
23-9VIV,DUA,,,,,,,,,,2,64,33,0.515625,31.0,0.484375,0.515625,2,,,,,,,,,,,,,,,,,,,,,,,0.0880584,,,,,,
23-9VIV,DUA,,,,,,,,,,3,64,29,0.453125,35.0,0.546875,0.546875,2,,,,,,,,,,,,,,,,,,,,,,,0.083074896,,,,,,
23-9VIV,DUA,,,,,,,,,,4,64,20,0.3125,44.0,0.6875,0.6875,2,,,,,,,,,,,,,,,,,,,,,,,0.07839040223999999,,,,,,
23-9VIV,DUA,,,,,,,,,,5,64,27,0.421875,37.0,0.578125,0.578125,2,,,,,,,,,,,,,,,,,,,,,,,0.07398697810559998,,,,,,
23-9VIV,DUA,,,,,,,,,,6,29,22,0.7586206896551724,7.0,0.2413793103448276,0.7586206896551724,2,,,,,,,,,,,,,,,,,,,,,,,0.06984775941926398,,,,,,
23-9VIV,RoTTA,,,,,,,,,,0,64,32,0.5,32.0,0.5,0.5,2,,,,,,,,,,,,,,,,,,,,,,,,47.0,,,,,
23-9VIV,RoTTA,,,,,,,,,,1,64,31,0.484375,33.0,0.515625,0.515625,2,,,,,,,,,,,,,,,,,,,,,,,,64.0,,,,,
23-9VIV,RoTTA,,,,,,,,,,2,64,33,0.515625,31.0,0.484375,0.515625,2,,,,,,,,,,,,,,,,,,,,,,,,64.0,,,,,
23-9VIV,RoTTA,,,,,,,,,,3,64,29,0.453125,35.0,0.546875,0.546875,2,,,,,,,,,,,,,,,,,,,,,,,,64.0,,,,,
23-9VIV,RoTTA,,,,,,,,,,4,64,20,0.3125,44.0,0.6875,0.6875,2,,,,,,,,,,,,,,,,,,,,,,,,64.0,,,,,
23-9VIV,RoTTA,,,,,,,,,,5,64,27,0.421875,37.0,0.578125,0.578125,2,,,,,,,,,,,,,,,,,,,,,,,,64.0,,,,,
23-9VIV,RoTTA,,,,,,,,,,6,29,22,0.7586206896551724,7.0,0.2413793103448276,0.7586206896551724,2,,,,,,,,,,,,,,,,,,,,,,,,64.0,,,,,
23-9VIV,NOTE,,,,,,,,,,0,64,32,0.5,32.0,0.5,0.5,2,,,,,,,,,,,,,,,,,,,,,,,,,64.0,1.0,0.5374268293380737,,
23-9VIV,NOTE,,,,,,,,,,1,64,31,0.484375,33.0,0.515625,0.515625,2,,,,,,,,,,,,,,,,,,,,,,,,,64.0,1.0,0.501204788684845,,
23-9VIV,NOTE,,,,,,,,,,2,64,33,0.515625,31.0,0.484375,0.515625,2,,,,,,,,,,,,,,,,,,,,,,,,,64.0,1.0,0.57991623878479,,
23-9VIV,NOTE,,,,,,,,,,3,64,29,0.453125,35.0,0.546875,0.546875,2,,,,,,,,,,,,,,,,,,,,,,,,,64.0,1.0,0.501457691192627,,
23-9VIV,NOTE,,,,,,,,,,4,64,20,0.3125,44.0,0.6875,0.6875,2,,,,,,,,,,,,,,,,,,,,,,,,,64.0,1.0,0.5948847532272339,,
23-9VIV,NOTE,,,,,,,,,,5,64,27,0.421875,37.0,0.578125,0.578125,2,,,,,,,,,,,,,,,,,,,,,,,,,64.0,1.0,0.4742937684059143,,
23-9VIV,NOTE,,,,,,,,,,6,29,22,0.7586206896551724,7.0,0.2413793103448276,0.7586206896551724,2,,,,,,,,,,,,,,,,,,,,,,,,,64.0,0.0,,,
23-9VIV,DELTA,,,,,,,,,,0,64,32,0.5,32.0,0.5,0.5,2,,,,,,,,,,,,,,,,,,,,,,,,,,,,0.16785262525081635,10.0
23-9VIV,DELTA,,,,,,,,,,1,64,31,0.484375,33.0,0.515625,0.515625,2,,,,,,,,,,,,,,,,,,,,,,,,,,,,0.19985385239124298,25.0
23-9VIV,DELTA,,,,,,,,,,2,64,33,0.515625,31.0,0.484375,0.515625,2,,,,,,,,,,,,,,,,,,,,,,,,,,,,0.15302707254886627,31.0
23-9VIV,DELTA,,,,,,,,,,3,64,29,0.453125,35.0,0.546875,0.546875,2,,,,,,,,,,,,,,,,,,,,,,,,,,,,0.14593341946601868,34.0
23-9VIV,DELTA,,,,,,,,,,4,64,20,0.3125,44.0,0.6875,0.6875,2,,,,,,,,,,,,,,,,,,,,,,,,,,,,0.23646898567676544,13.0
23-9VIV,DELTA,,,,,,,,,,5,64,27,0.421875,37.0,0.578125,0.578125,2,,,,,,,,,,,,,,,,,,,,,,,,,,,,0.13198034465312958,28.0
23-9VIV,DELTA,,,,,,,,,,6,29,22,0.7586206896551724,7.0,0.2413793103448276,0.7586206896551724,2,,,,,,,,,,,,,,,,,,,,,,,,,,,,0.1745511293411255,16.0
24-9VL3,EMATent,0.7375750541687012,0.7375750541687012,0.8077664375305176,1.0,0.27872748374938966,0.5,0.22127251625061034,0.0,0.0,0,64,32,0.5,32.0,0.5,0.5,2,,,,,,,,,,,,,,,,,,,,,,,,,,,,,
24-9VL3,EMATent,0.7513452768325806,0.7513452768325806,0.8180544376373291,1.0,0.27459641695022585,0.5,0.22540358304977415,0.0,0.0,1,64,11,0.171875,53.0,0.828125,0.828125,2,,,,,,,,,,,,,,,,,,,,,,,,,,,,,
24-9VL3,EMATent,0.40640702843666077,0.40640702843666077,0.9219050407409668,1.0,0.3780778914690018,0.5,0.12192210853099822,0.0,0.0,2,64,21,0.328125,43.0,0.671875,0.671875,2,,,,,,,,,,,,,,,,,,,,,,,,,,,,,
24-9VL3,EMATent,0.7649432420730591,0.7649432420730591,0.8875119090080261,1.0,0.27051702737808225,0.5,0.22948297262191772,0.0,0.0,3,64,30,0.46875,34.0,0.53125,0.53125,2,,,,,,,,,,,,,,,,,,,,,,,,,,,,,
24-9VL3,EMATent,0.967447817325592,0.967447817325592,0.689487099647522,1.0,0.2097656548023224,0.5,0.2902343451976776,0.0,0.0,4,64,31,0.484375,33.0,0.515625,0.515625,2,,,,,,,,,,,,,,,,,,,,,,,,,,,,,
24-9VL3,EMATent,0.9894261360168457,0.9894261360168457,0.6894980072975159,1.0,0.2031721591949463,0.5,0.2968278408050537,0.0,0.0,5,64,20,0.3125,44.0,0.6875,0.6875,2,,,,,,,,,,,,,,,,,,,,,,,,,,,,,
24-9VL3,EMATent,0.9898817539215088,0.9898817539215088,0.6756302118301392,1.0,0.20303547382354736,0.5,0.29696452617645264,0.0,0.0,6,29,18,0.6206896551724138,11.0,0.3793103448275862,0.6206896551724138,2,,,,,,,,,,,,,,,,,,,,,,,,,,,,,
24-9VL3,DynaMixEMATent,,,,,,,,,,0,64,32,0.5,32.0,0.5,0.5,2,0.10190453380346298,0.7375750541687012,0.7375750541687012,0.6356704831123352,0.538546384445466,0.24018109930392367,0.22127251625061034,0.3084276647685634,47.204803466796875,0.19999999999999996,1.0,0.5088293552398682,0.2,0.0,1.0,57.0,0.890625,7.0,0.109375,0.890625,2.0,0.0,,,,,,,
24-9VL3,DynaMixEMATent,,,,,,,,,,1,64,11,0.171875,53.0,0.828125,0.828125,2,0.2415042221546173,0.7767685055732727,0.7767685055732727,0.535264253616333,0.35970173998568583,0.40726770834233234,0.2330305516719818,0.5310090372311046,96.91798782348633,0.19999999999999996,1.0,0.465972363948822,0.2,0.0,1.0,48.0,0.75,16.0,0.25,0.75,2.0,0.328125,,,,,,,
24-9VL3,DynaMixEMATent,,,,,,,,,,2,64,21,0.328125,43.0,0.671875,0.671875,2,0.14211812615394592,0.4106346666812897,0.4106346666812897,0.26851654052734375,0.3348895419135039,0.5419200580821092,0.1231904000043869,0.6180589926077686,123.19860649108887,0.19999999999999996,1.0,0.26669636368751526,0.2,0.0,1.0,61.0,0.953125,3.0,0.046875,0.953125,2.0,0.171875,,,,,,,
24-9VL3,DynaMixEMATent,,,,,,,,,,3,64,30,0.46875,34.0,0.53125,0.53125,2,0.16589854657649994,0.5686184167861938,0.5686184167861938,0.4027198553085327,0.238393263673111,0.5910212112910309,0.17058552503585814,0.7125764369094023,159.59018516540527,0.19999999999999996,1.0,0.47134101390838623,0.2,0.0,1.0,44.0,0.6875,20.0,0.3125,0.6875,2.0,0.03125,,,,,,,
24-9VL3,DynaMixEMATent,,,,,,,,,,4,64,31,0.484375,33.0,0.515625,0.515625,2,0.2414412796497345,0.9998070597648621,0.9998070597648621,0.7583657503128052,0.12205370695534891,0.5780041751151925,0.29994211792945863,0.8256519780987908,223.57783699035645,0.19999999999999996,1.0,0.5886317491531372,0.2,0.0,1.0,37.0,0.578125,27.0,0.421875,0.578125,2.0,0.015625,,,,,,,
24-9VL3,DynaMixEMATent,,,,,,,,,,5,64,20,0.3125,44.0,0.6875,0.6875,2,0.22498881816864014,0.9964653849601746,0.9964653849601746,0.7714765667915344,0.07426646321363754,0.6267939212983101,0.29893961548805237,0.8940655258029747,287.3516216278076,0.19999999999999996,1.0,0.5567493438720703,0.2,0.0,1.0,45.0,0.703125,19.0,0.296875,0.703125,2.0,0.1875,,,,,,,
24-9VL3,DynaMixEMATent,,,,,,,,,,6,29,18,0.6206896551724138,11.0,0.3793103448275862,0.6206896551724138,2,0.19206257164478302,0.9943437576293945,0.9943437576293945,0.8022812008857727,0.05934013880226832,0.6423567339089133,0.29830312728881836,0.9154333714314661,316.18759059906006,0.19999999999999996,1.0,0.5786758661270142,0.2,0.0,1.0,17.0,0.5862068965517241,12.0,0.41379310344827586,0.5862068965517241,2.0,0.12068965517241381,,,,,,,
24-9VL3,TEMA,,,,,,,,,,0,64,32,0.5,32.0,0.5,0.5,2,,,,,,,,,,,,,,,,,,,,,,,,,,,,,
24-9VL3,TEMA,,,,,,,,,,1,64,11,0.171875,53.0,0.828125,0.828125,2,,,,,,,,,,,,,,,,,,,,,,,,,,,,,
24-9VL3,TEMA,,,,,,,,,,2,64,21,0.328125,43.0,0.671875,0.671875,2,,,,,,,,,,,,,,,,,,,,,,,,,,,,,
24-9VL3,TEMA,,,,,,,,,,3,64,30,0.46875,34.0,0.53125,0.53125,2,,,,,,,,,,,,,,,,,,,,,,,,,,,,,
24-9VL3,TEMA,,,,,,,,,,4,64,31,0.484375,33.0,0.515625,0.515625,2,,,,,,,,,,,,,,,,,,,,,,,,,,,,,
24-9VL3,TEMA,,,,,,,,,,5,64,20,0.3125,44.0,0.6875,0.6875,2,,,,,,,,,,,,,,,,,,,,,,,,,,,,,
24-9VL3,TEMA,,,,,,,,,,6,29,18,0.6206896551724138,11.0,0.3793103448275862,0.6206896551724138,2,,,,,,,,,,,,,,,,,,,,,,,,,,,,,
24-9VL3,DUA,,,,,,,,,,0,64,32,0.5,32.0,0.5,0.5,2,,,,,,,,,,,,,,,,,,,,,,,0.099,,,,,,
24-9VL3,DUA,,,,,,,,,,1,64,11,0.171875,53.0,0.828125,0.828125,2,,,,,,,,,,,,,,,,,,,,,,,0.09336,,,,,,
24-9VL3,DUA,,,,,,,,,,2,64,21,0.328125,43.0,0.671875,0.671875,2,,,,,,,,,,,,,,,,,,,,,,,0.0880584,,,,,,
24-9VL3,DUA,,,,,,,,,,3,64,30,0.46875,34.0,0.53125,0.53125,2,,,,,,,,,,,,,,,,,,,,,,,0.083074896,,,,,,
24-9VL3,DUA,,,,,,,,,,4,64,31,0.484375,33.0,0.515625,0.515625,2,,,,,,,,,,,,,,,,,,,,,,,0.07839040223999999,,,,,,
24-9VL3,DUA,,,,,,,,,,5,64,20,0.3125,44.0,0.6875,0.6875,2,,,,,,,,,,,,,,,,,,,,,,,0.07398697810559998,,,,,,
24-9VL3,DUA,,,,,,,,,,6,29,18,0.6206896551724138,11.0,0.3793103448275862,0.6206896551724138,2,,,,,,,,,,,,,,,,,,,,,,,0.06984775941926398,,,,,,
24-9VL3,RoTTA,,,,,,,,,,0,64,32,0.5,32.0,0.5,0.5,2,,,,,,,,,,,,,,,,,,,,,,,,63.0,,,,,
24-9VL3,RoTTA,,,,,,,,,,1,64,11,0.171875,53.0,0.828125,0.828125,2,,,,,,,,,,,,,,,,,,,,,,,,64.0,,,,,
24-9VL3,RoTTA,,,,,,,,,,2,64,21,0.328125,43.0,0.671875,0.671875,2,,,,,,,,,,,,,,,,,,,,,,,,64.0,,,,,
24-9VL3,RoTTA,,,,,,,,,,3,64,30,0.46875,34.0,0.53125,0.53125,2,,,,,,,,,,,,,,,,,,,,,,,,64.0,,,,,
24-9VL3,RoTTA,,,,,,,,,,4,64,31,0.484375,33.0,0.515625,0.515625,2,,,,,,,,,,,,,,,,,,,,,,,,64.0,,,,,
24-9VL3,RoTTA,,,,,,,,,,5,64,20,0.3125,44.0,0.6875,0.6875,2,,,,,,,,,,,,,,,,,,,,,,,,64.0,,,,,
24-9VL3,RoTTA,,,,,,,,,,6,29,18,0.6206896551724138,11.0,0.3793103448275862,0.6206896551724138,2,,,,,,,,,,,,,,,,,,,,,,,,64.0,,,,,
24-9VL3,NOTE,,,,,,,,,,0,64,32,0.5,32.0,0.5,0.5,2,,,,,,,,,,,,,,,,,,,,,,,,,64.0,1.0,0.5668014287948608,,
24-9VL3,NOTE,,,,,,,,,,1,64,11,0.171875,53.0,0.828125,0.828125,2,,,,,,,,,,,,,,,,,,,,,,,,,64.0,1.0,0.5253393650054932,,
24-9VL3,NOTE,,,,,,,,,,2,64,21,0.328125,43.0,0.671875,0.671875,2,,,,,,,,,,,,,,,,,,,,,,,,,64.0,1.0,0.5933401584625244,,
24-9VL3,NOTE,,,,,,,,,,3,64,30,0.46875,34.0,0.53125,0.53125,2,,,,,,,,,,,,,,,,,,,,,,,,,64.0,1.0,0.535861074924469,,
24-9VL3,NOTE,,,,,,,,,,4,64,31,0.484375,33.0,0.515625,0.515625,2,,,,,,,,,,,,,,,,,,,,,,,,,64.0,1.0,0.5799685716629028,,
24-9VL3,NOTE,,,,,,,,,,5,64,20,0.3125,44.0,0.6875,0.6875,2,,,,,,,,,,,,,,,,,,,,,,,,,64.0,1.0,0.5923155546188354,,
24-9VL3,NOTE,,,,,,,,,,6,29,18,0.6206896551724138,11.0,0.3793103448275862,0.6206896551724138,2,,,,,,,,,,,,,,,,,,,,,,,,,64.0,0.0,,,
24-9VL3,DELTA,,,,,,,,,,0,64,32,0.5,32.0,0.5,0.5,2,,,,,,,,,,,,,,,,,,,,,,,,,,,,0.2879607677459717,8.0
24-9VL3,DELTA,,,,,,,,,,1,64,11,0.171875,53.0,0.828125,0.828125,2,,,,,,,,,,,,,,,,,,,,,,,,,,,,0.24274247884750366,16.0
24-9VL3,DELTA,,,,,,,,,,2,64,21,0.328125,43.0,0.671875,0.671875,2,,,,,,,,,,,,,,,,,,,,,,,,,,,,0.20806746184825897,28.0
24-9VL3,DELTA,,,,,,,,,,3,64,30,0.46875,34.0,0.53125,0.53125,2,,,,,,,,,,,,,,,,,,,,,,,,,,,,0.15591005980968475,34.0
24-9VL3,DELTA,,,,,,,,,,4,64,31,0.484375,33.0,0.515625,0.515625,2,,,,,,,,,,,,,,,,,,,,,,,,,,,,0.2706166207790375,10.0
24-9VL3,DELTA,,,,,,,,,,5,64,20,0.3125,44.0,0.6875,0.6875,2,,,,,,,,,,,,,,,,,,,,,,,,,,,,0.22606001794338226,3.0
24-9VL3,DELTA,,,,,,,,,,6,29,18,0.6206896551724138,11.0,0.3793103448275862,0.6206896551724138,2,,,,,,,,,,,,,,,,,,,,,,,,,,,,0.2535092830657959,11.0
25-9VNK,EMATent,0.8973602652549744,0.8973602652549744,0.8180796504020691,1.0,0.2307919204235077,0.5,0.2692080795764923,0.0,0.0,0,64,22,0.34375,42.0,0.65625,0.65625,2,,,,,,,,,,,,,,,,,,,,,,,,,,,,,
25-9VNK,EMATent,0.9980266690254211,0.9980266690254211,0.7311098575592041,1.0,0.20059199929237367,0.5,0.29940800070762635,0.0,0.0,1,64,44,0.6875,20.0,0.3125,0.6875,2,,,,,,,,,,,,,,,,,,,,,,,,,,,,,
25-9VNK,EMATent,0.8934594988822937,0.8934594988822937,0.7593727111816406,1.0,0.2319621503353119,0.5,0.2680378496646881,0.0,0.0,2,64,10,0.15625,54.0,0.84375,0.84375,2,,,,,,,,,,,,,,,,,,,,,,,,,,,,,
25-9VNK,EMATent,0.918179452419281,0.918179452419281,0.7782629728317261,1.0,0.2245461642742157,0.5,0.2754538357257843,0.0,0.0,3,64,37,0.578125,27.0,0.421875,0.578125,2,,,,,,,,,,,,,,,,,,,,,,,,,,,,,
25-9VNK,EMATent,0.7795712351799011,0.7795712351799011,0.8377901315689087,1.0,0.26612862944602966,0.5,0.23387137055397034,0.0,0.0,4,64,21,0.328125,43.0,0.671875,0.671875,2,,,,,,,,,,,,,,,,,,,,,,,,,,,,,
25-9VNK,EMATent,0.9967578053474426,0.9967578053474426,0.7711913585662842,1.0,0.20097265839576722,0.5,0.2990273416042328,0.0,0.0,5,64,38,0.59375,26.0,0.40625,0.59375,2,,,,,,,,,,,,,,,,,,,,,,,,,,,,,
25-9VNK,EMATent,0.8467772006988525,0.8467772006988525,0.7439028024673462,1.0,0.24596683979034425,0.5,0.2540331602096558,0.0,0.0,6,29,11,0.3793103448275862,18.0,0.6206896551724138,0.6206896551724138,2,,,,,,,,,,,,,,,,,,,,,,,,,,,,,
25-9VNK,DynaMixEMATent,,,,,,,,,,0,64,22,0.34375,42.0,0.65625,0.65625,2,0.3158310055732727,0.8973602652549744,0.8973602652549744,0.5815292596817017,0.46658893071394036,0.26420298970956735,0.2692080795764923,0.3615297081506549,57.43105697631836,0.19999999999999996,1.0,0.43207061290740967,0.2,0.0,1.0,43.0,0.671875,21.0,0.328125,0.671875,2.0,0.15625,,,,,,,
25-9VNK,DynaMixEMATent,,,,,,,,,,1,64,44,0.6875,20.0,0.3125,0.6875,2,0.25270622968673706,0.9935535788536072,0.9935535788536072,0.7408473491668701,0.27270274492284496,0.42923118142107297,0.2980660736560821,0.6114979847985975,121.01848602294922,0.19999999999999996,1.0,0.5516518354415894,0.2,0.0,1.0,31.0,0.484375,33.0,0.515625,0.515625,2.0,0.1875,,,,,,,
25-9VNK,DynaMixEMATent,,,,,,,,,,2,64,10,0.15625,54.0,0.84375,0.84375,2,0.20167867839336395,0.8476510643959045,0.8476510643959045,0.6459723711013794,0.18962476477127224,0.5560799159099564,0.25429531931877136,0.7457106416469814,175.2681541442871,0.19999999999999996,1.0,0.49796223640441895,0.2,0.0,1.0,46.0,0.71875,18.0,0.28125,0.71875,2.0,0.34375,,,,,,,
25-9VNK,DynaMixEMATent,,,,,,,,,,3,64,37,0.578125,27.0,0.421875,0.578125,2,0.2877485454082489,0.9218364357948303,0.9218364357948303,0.6340879201889038,0.11602776042743315,0.6074213088341178,0.2765509307384491,0.8396186195306511,234.26568603515625,0.19999999999999996,1.0,0.4956516623497009,0.2,0.0,1.0,38.0,0.59375,26.0,0.40625,0.59375,2.0,0.078125,,,,,,,
25-9VNK,DynaMixEMATent,,,,,,,,,,4,64,21,0.328125,43.0,0.671875,0.671875,2,0.15638644993305206,0.6916369199752808,0.6916369199752808,0.5352504849433899,0.08994376431828804,0.7025651596891277,0.20749107599258423,0.8865075690713025,278.5304489135742,0.19999999999999996,1.0,0.39076942205429077,0.2,0.0,1.0,55.0,0.859375,9.0,0.140625,0.859375,2.0,0.171875,,,,,,,
25-9VNK,DynaMixEMATent,,,,,,,,,,5,64,38,0.59375,26.0,0.40625,0.59375,2,0.3191198408603668,0.9585257768630981,0.9585257768630981,0.6394059658050537,0.05006974129370753,0.662372525647363,0.28755773305892945,0.9297209842578739,339.8760986328125,0.19999999999999996,1.0,0.5143648386001587,0.2,0.0,1.0,31.0,0.484375,33.0,0.515625,0.515625,2.0,0.09375,,,,,,,
25-9VNK,DynaMixEMATent,,,,,,,,,,6,29,11,0.3793103448275862,18.0,0.6206896551724138,0.6206896551724138,2,0.2158622145652771,0.9888015389442444,0.9888015389442444,0.7729393243789673,0.03951027742908998,0.6638492608876367,0.2966404616832733,0.9438263430341108,368.5513432621956,0.19999999999999996,1.0,0.5688985586166382,0.2,0.0,1.0,8.0,0.27586206896551724,21.0,0.7241379310344828,0.7241379310344828,2.0,0.12068965517241381,,,,,,,
25-9VNK,TEMA,,,,,,,,,,0,64,22,0.34375,42.0,0.65625,0.65625,2,,,,,,,,,,,,,,,,,,,,,,,,,,,,,
25-9VNK,TEMA,,,,,,,,,,1,64,44,0.6875,20.0,0.3125,0.6875,2,,,,,,,,,,,,,,,,,,,,,,,,,,,,,
25-9VNK,TEMA,,,,,,,,,,2,64,10,0.15625,54.0,0.84375,0.84375,2,,,,,,,,,,,,,,,,,,,,,,,,,,,,,
25-9VNK,TEMA,,,,,,,,,,3,64,37,0.578125,27.0,0.421875,0.578125,2,,,,,,,,,,,,,,,,,,,,,,,,,,,,,
25-9VNK,TEMA,,,,,,,,,,4,64,21,0.328125,43.0,0.671875,0.671875,2,,,,,,,,,,,,,,,,,,,,,,,,,,,,,
25-9VNK,TEMA,,,,,,,,,,5,64,38,0.59375,26.0,0.40625,0.59375,2,,,,,,,,,,,,,,,,,,,,,,,,,,,,,
25-9VNK,TEMA,,,,,,,,,,6,29,11,0.3793103448275862,18.0,0.6206896551724138,0.6206896551724138,2,,,,,,,,,,,,,,,,,,,,,,,,,,,,,
25-9VNK,DUA,,,,,,,,,,0,64,22,0.34375,42.0,0.65625,0.65625,2,,,,,,,,,,,,,,,,,,,,,,,0.099,,,,,,
25-9VNK,DUA,,,,,,,,,,1,64,44,0.6875,20.0,0.3125,0.6875,2,,,,,,,,,,,,,,,,,,,,,,,0.09336,,,,,,
25-9VNK,DUA,,,,,,,,,,2,64,10,0.15625,54.0,0.84375,0.84375,2,,,,,,,,,,,,,,,,,,,,,,,0.0880584,,,,,,
25-9VNK,DUA,,,,,,,,,,3,64,37,0.578125,27.0,0.421875,0.578125,2,,,,,,,,,,,,,,,,,,,,,,,0.083074896,,,,,,
25-9VNK,DUA,,,,,,,,,,4,64,21,0.328125,43.0,0.671875,0.671875,2,,,,,,,,,,,,,,,,,,,,,,,0.07839040223999999,,,,,,
25-9VNK,DUA,,,,,,,,,,5,64,38,0.59375,26.0,0.40625,0.59375,2,,,,,,,,,,,,,,,,,,,,,,,0.07398697810559998,,,,,,
25-9VNK,DUA,,,,,,,,,,6,29,11,0.3793103448275862,18.0,0.6206896551724138,0.6206896551724138,2,,,,,,,,,,,,,,,,,,,,,,,0.06984775941926398,,,,,,
25-9VNK,RoTTA,,,,,,,,,,0,64,22,0.34375,42.0,0.65625,0.65625,2,,,,,,,,,,,,,,,,,,,,,,,,53.0,,,,,
25-9VNK,RoTTA,,,,,,,,,,1,64,44,0.6875,20.0,0.3125,0.6875,2,,,,,,,,,,,,,,,,,,,,,,,,64.0,,,,,
25-9VNK,RoTTA,,,,,,,,,,2,64,10,0.15625,54.0,0.84375,0.84375,2,,,,,,,,,,,,,,,,,,,,,,,,64.0,,,,,
25-9VNK,RoTTA,,,,,,,,,,3,64,37,0.578125,27.0,0.421875,0.578125,2,,,,,,,,,,,,,,,,,,,,,,,,64.0,,,,,
25-9VNK,RoTTA,,,,,,,,,,4,64,21,0.328125,43.0,0.671875,0.671875,2,,,,,,,,,,,,,,,,,,,,,,,,64.0,,,,,
25-9VNK,RoTTA,,,,,,,,,,5,64,38,0.59375,26.0,0.40625,0.59375,2,,,,,,,,,,,,,,,,,,,,,,,,64.0,,,,,
25-9VNK,RoTTA,,,,,,,,,,6,29,11,0.3793103448275862,18.0,0.6206896551724138,0.6206896551724138,2,,,,,,,,,,,,,,,,,,,,,,,,64.0,,,,,
25-9VNK,NOTE,,,,,,,,,,0,64,22,0.34375,42.0,0.65625,0.65625,2,,,,,,,,,,,,,,,,,,,,,,,,,64.0,1.0,0.5425221920013428,,
25-9VNK,NOTE,,,,,,,,,,1,64,44,0.6875,20.0,0.3125,0.6875,2,,,,,,,,,,,,,,,,,,,,,,,,,64.0,1.0,0.5198910236358643,,
25-9VNK,NOTE,,,,,,,,,,2,64,10,0.15625,54.0,0.84375,0.84375,2,,,,,,,,,,,,,,,,,,,,,,,,,64.0,1.0,0.44207248091697693,,
25-9VNK,NOTE,,,,,,,,,,3,64,37,0.578125,27.0,0.421875,0.578125,2,,,,,,,,,,,,,,,,,,,,,,,,,64.0,1.0,0.4800119996070862,,
25-9VNK,NOTE,,,,,,,,,,4,64,21,0.328125,43.0,0.671875,0.671875,2,,,,,,,,,,,,,,,,,,,,,,,,,64.0,1.0,0.5733639001846313,,
25-9VNK,NOTE,,,,,,,,,,5,64,38,0.59375,26.0,0.40625,0.59375,2,,,,,,,,,,,,,,,,,,,,,,,,,64.0,1.0,0.5305191874504089,,
25-9VNK,NOTE,,,,,,,,,,6,29,11,0.3793103448275862,18.0,0.6206896551724138,0.6206896551724138,2,,,,,,,,,,,,,,,,,,,,,,,,,64.0,0.0,,,
25-9VNK,DELTA,,,,,,,,,,0,64,22,0.34375,42.0,0.65625,0.65625,2,,,,,,,,,,,,,,,,,,,,,,,,,,,,0.25857383012771606,7.0
25-9VNK,DELTA,,,,,,,,,,1,64,44,0.6875,20.0,0.3125,0.6875,2,,,,,,,,,,,,,,,,,,,,,,,,,,,,0.2449072152376175,11.0
25-9VNK,DELTA,,,,,,,,,,2,64,10,0.15625,54.0,0.84375,0.84375,2,,,,,,,,,,,,,,,,,,,,,,,,,,,,0.035531021654605865,52.0
25-9VNK,DELTA,,,,,,,,,,3,64,37,0.578125,27.0,0.421875,0.578125,2,,,,,,,,,,,,,,,,,,,,,,,,,,,,0.19561971724033356,19.0
25-9VNK,DELTA,,,,,,,,,,4,64,21,0.328125,43.0,0.671875,0.671875,2,,,,,,,,,,,,,,,,,,,,,,,,,,,,0.24355147778987885,11.0
25-9VNK,DELTA,,,,,,,,,,5,64,38,0.59375,26.0,0.40625,0.59375,2,,,,,,,,,,,,,,,,,,,,,,,,,,,,0.14149148762226105,23.0
25-9VNK,DELTA,,,,,,,,,,6,29,11,0.3793103448275862,18.0,0.6206896551724138,0.6206896551724138,2,,,,,,,,,,,,,,,,,,,,,,,,,,,,0.26459914445877075,4.0
26-9VTJ,EMATent,0.9422865509986877,0.9422865509986877,0.8487626314163208,1.0,0.21731403470039368,0.5,0.2826859652996063,0.0,0.0,0,64,43,0.671875,21.0,0.328125,0.671875,2,,,,,,,,,,,,,,,,,,,,,,,,,,,,,
26-9VTJ,EMATent,0.8882772922515869,0.8882772922515869,0.7588158845901489,1.0,0.23351681232452393,0.5,0.2664831876754761,0.0,0.0,1,64,22,0.34375,42.0,0.65625,0.65625,2,,,,,,,,,,,,,,,,,,,,,,,,,,,,,
26-9VTJ,EMATent,0.9987645745277405,0.9987645745277405,0.6555378437042236,1.0,0.20037062764167787,0.5,0.29962937235832215,0.0,0.0,2,64,33,0.515625,31.0,0.484375,0.515625,2,,,,,,,,,,,,,,,,,,,,,,,,,,,,,
26-9VTJ,EMATent,0.9269189238548279,0.9269189238548279,0.6936526298522949,1.0,0.22192432284355165,0.5,0.2780756771564484,0.0,0.0,3,64,18,0.28125,46.0,0.71875,0.71875,2,,,,,,,,,,,,,,,,,,,,,,,,,,,,,
26-9VTJ,EMATent,0.7808666825294495,0.7808666825294495,0.7928910255432129,1.0,0.26573999524116515,0.5,0.23426000475883482,0.0,0.0,4,64,42,0.65625,22.0,0.34375,0.65625,2,,,,,,,,,,,,,,,,,,,,,,,,,,,,,
26-9VTJ,EMATent,0.9503334760665894,0.9503334760665894,0.7679888010025024,1.0,0.2148999571800232,0.5,0.2851000428199768,0.0,0.0,5,64,59,0.921875,5.0,0.078125,0.921875,2,,,,,,,,,,,,,,,,,,,,,,,,,,,,,
26-9VTJ,EMATent,0.9787551760673523,0.9787551760673523,0.7621933221817017,1.0,0.20637344717979433,0.5,0.29362655282020567,0.0,0.0,6,29,11,0.3793103448275862,18.0,0.6206896551724138,0.6206896551724138,2,,,,,,,,,,,,,,,,,,,,,,,,,,,,,
26-9VTJ,DynaMixEMATent,,,,,,,,,,0,64,43,0.671875,21.0,0.328125,0.671875,2,0.44526350498199463,0.9422865509986877,0.9422865509986877,0.4970230758190155,0.4478106350578829,0.2695033996425108,0.2826859652996063,0.3757118731896504,60.306339263916016,0.19999999999999996,1.0,0.4044817090034485,0.2,0.0,1.0,19.0,0.296875,45.0,0.703125,0.703125,2.0,0.171875,,,,,,,
26-9VTJ,DynaMixEMATent,,,,,,,,,,1,64,22,0.34375,42.0,0.65625,0.65625,2,0.12462430447340012,0.8810188174247742,0.8810188174247742,0.7563945055007935,0.2956457861768631,0.44004856859570474,0.2643056452274322,0.5981404719786672,116.69154357910156,0.19999999999999996,1.0,0.511649489402771,0.2,0.0,1.0,12.0,0.1875,52.0,0.8125,0.8125,2.0,0.15625,,,,,,,
26-9VTJ,DynaMixEMATent,,,,,,,,,,2,64,33,0.515625,31.0,0.484375,0.515625,2,0.09115631133317947,0.9943587779998779,0.9943587779998779,0.903202474117279,0.17151367663159692,0.5301786899684398,0.29830763339996336,0.7555714087889467,180.33050537109375,0.19999999999999996,1.0,0.6126680374145508,0.2,0.0,1.0,27.0,0.421875,37.0,0.578125,0.578125,2.0,0.015625,,,,,,,
26-9VTJ,DynaMixEMATent,,,,,,,,,,3,64,18,0.28125,46.0,0.71875,0.71875,2,0.09082670509815216,0.9053160548210144,0.9053160548210144,0.8144893646240234,0.1132239101149437,0.6151812734387521,0.2715948164463043,0.844559164773438,238.27073287963867,0.19999999999999996,1.0,0.5886797904968262,0.2,0.0,1.0,22.0,0.34375,42.0,0.65625,0.65625,2.0,0.21875,,,,,,,
26-9VTJ,DynaMixEMATent,,,,,,,,,,4,64,42,0.65625,22.0,0.34375,0.65625,2,0.11030713468790054,0.7554037570953369,0.7554037570953369,0.6450966596603394,0.08239931159264331,0.6909795612787556,0.22662112712860105,0.893455440169045,286.61657333374023,0.19999999999999996,1.0,0.558354377746582,0.2,0.0,1.0,21.0,0.328125,43.0,0.671875,0.671875,2.0,0.15625,,,,,,,
26-9VTJ,DynaMixEMATent,,,,,,,,,,5,64,59,0.921875,5.0,0.078125,0.921875,2,0.26183468103408813,0.9703306555747986,0.9703306555747986,0.7084959745407104,0.04649562857833047,0.66240517474923,0.29109919667243955,0.9344116576535373,348.71773529052734,0.19999999999999996,1.0,0.5236174464225769,0.2,0.0,1.0,34.0,0.53125,30.0,0.46875,0.53125,2.0,0.421875,,,,,,,
26-9VTJ,DynaMixEMATent,,,,,,,,,,6,29,11,0.3793103448275862,18.0,0.6206896551724138,0.6206896551724138,2,0.2582419216632843,0.9927791357040405,0.9927791357040405,0.7345371842384338,0.036777505058589045,0.6653887542301988,0.29783374071121216,0.9476227964928985,377.5083302259445,0.19999999999999996,1.0,0.5373444557189941,0.2,0.0,1.0,9.0,0.3103448275862069,20.0,0.6896551724137931,0.6896551724137931,2.0,0.12068965517241381,,,,,,,
26-9VTJ,TEMA,,,,,,,,,,0,64,43,0.671875,21.0,0.328125,0.671875,2,,,,,,,,,,,,,,,,,,,,,,,,,,,,,
26-9VTJ,TEMA,,,,,,,,,,1,64,22,0.34375,42.0,0.65625,0.65625,2,,,,,,,,,,,,,,,,,,,,,,,,,,,,,
26-9VTJ,TEMA,,,,,,,,,,2,64,33,0.515625,31.0,0.484375,0.515625,2,,,,,,,,,,,,,,,,,,,,,,,,,,,,,
26-9VTJ,TEMA,,,,,,,,,,3,64,18,0.28125,46.0,0.71875,0.71875,2,,,,,,,,,,,,,,,,,,,,,,,,,,,,,
26-9VTJ,TEMA,,,,,,,,,,4,64,42,0.65625,22.0,0.34375,0.65625,2,,,,,,,,,,,,,,,,,,,,,,,,,,,,,
26-9VTJ,TEMA,,,,,,,,,,5,64,59,0.921875,5.0,0.078125,0.921875,2,,,,,,,,,,,,,,,,,,,,,,,,,,,,,
26-9VTJ,TEMA,,,,,,,,,,6,29,11,0.3793103448275862,18.0,0.6206896551724138,0.6206896551724138,2,,,,,,,,,,,,,,,,,,,,,,,,,,,,,
26-9VTJ,DUA,,,,,,,,,,0,64,43,0.671875,21.0,0.328125,0.671875,2,,,,,,,,,,,,,,,,,,,,,,,0.099,,,,,,
26-9VTJ,DUA,,,,,,,,,,1,64,22,0.34375,42.0,0.65625,0.65625,2,,,,,,,,,,,,,,,,,,,,,,,0.09336,,,,,,
26-9VTJ,DUA,,,,,,,,,,2,64,33,0.515625,31.0,0.484375,0.515625,2,,,,,,,,,,,,,,,,,,,,,,,0.0880584,,,,,,
26-9VTJ,DUA,,,,,,,,,,3,64,18,0.28125,46.0,0.71875,0.71875,2,,,,,,,,,,,,,,,,,,,,,,,0.083074896,,,,,,
26-9VTJ,DUA,,,,,,,,,,4,64,42,0.65625,22.0,0.34375,0.65625,2,,,,,,,,,,,,,,,,,,,,,,,0.07839040223999999,,,,,,
26-9VTJ,DUA,,,,,,,,,,5,64,59,0.921875,5.0,0.078125,0.921875,2,,,,,,,,,,,,,,,,,,,,,,,0.07398697810559998,,,,,,
26-9VTJ,DUA,,,,,,,,,,6,29,11,0.3793103448275862,18.0,0.6206896551724138,0.6206896551724138,2,,,,,,,,,,,,,,,,,,,,,,,0.06984775941926398,,,,,,
26-9VTJ,RoTTA,,,,,,,,,,0,64,43,0.671875,21.0,0.328125,0.671875,2,,,,,,,,,,,,,,,,,,,,,,,,53.0,,,,,
26-9VTJ,RoTTA,,,,,,,,,,1,64,22,0.34375,42.0,0.65625,0.65625,2,,,,,,,,,,,,,,,,,,,,,,,,64.0,,,,,
26-9VTJ,RoTTA,,,,,,,,,,2,64,33,0.515625,31.0,0.484375,0.515625,2,,,,,,,,,,,,,,,,,,,,,,,,64.0,,,,,
26-9VTJ,RoTTA,,,,,,,,,,3,64,18,0.28125,46.0,0.71875,0.71875,2,,,,,,,,,,,,,,,,,,,,,,,,64.0,,,,,
26-9VTJ,RoTTA,,,,,,,,,,4,64,42,0.65625,22.0,0.34375,0.65625,2,,,,,,,,,,,,,,,,,,,,,,,,64.0,,,,,
26-9VTJ,RoTTA,,,,,,,,,,5,64,59,0.921875,5.0,0.078125,0.921875,2,,,,,,,,,,,,,,,,,,,,,,,,64.0,,,,,
26-9VTJ,RoTTA,,,,,,,,,,6,29,11,0.3793103448275862,18.0,0.6206896551724138,0.6206896551724138,2,,,,,,,,,,,,,,,,,,,,,,,,64.0,,,,,
26-9VTJ,NOTE,,,,,,,,,,0,64,43,0.671875,21.0,0.328125,0.671875,2,,,,,,,,,,,,,,,,,,,,,,,,,64.0,1.0,0.48110806941986084,,
26-9VTJ,NOTE,,,,,,,,,,1,64,22,0.34375,42.0,0.65625,0.65625,2,,,,,,,,,,,,,,,,,,,,,,,,,64.0,1.0,0.5999386310577393,,
26-9VTJ,NOTE,,,,,,,,,,2,64,33,0.515625,31.0,0.484375,0.515625,2,,,,,,,,,,,,,,,,,,,,,,,,,64.0,1.0,0.5951390266418457,,
26-9VTJ,NOTE,,,,,,,,,,3,64,18,0.28125,46.0,0.71875,0.71875,2,,,,,,,,,,,,,,,,,,,,,,,,,64.0,1.0,0.5555546283721924,,
26-9VTJ,NOTE,,,,,,,,,,4,64,42,0.65625,22.0,0.34375,0.65625,2,,,,,,,,,,,,,,,,,,,,,,,,,64.0,1.0,0.6161744594573975,,
26-9VTJ,NOTE,,,,,,,,,,5,64,59,0.921875,5.0,0.078125,0.921875,2,,,,,,,,,,,,,,,,,,,,,,,,,64.0,1.0,0.5784267783164978,,
26-9VTJ,NOTE,,,,,,,,,,6,29,11,0.3793103448275862,18.0,0.6206896551724138,0.6206896551724138,2,,,,,,,,,,,,,,,,,,,,,,,,,64.0,0.0,,,
26-9VTJ,DELTA,,,,,,,,,,0,64,43,0.671875,21.0,0.328125,0.671875,2,,,,,,,,,,,,,,,,,,,,,,,,,,,,0.22499974071979523,15.0
26-9VTJ,DELTA,,,,,,,,,,1,64,22,0.34375,42.0,0.65625,0.65625,2,,,,,,,,,,,,,,,,,,,,,,,,,,,,0.2574212849140167,17.0
26-9VTJ,DELTA,,,,,,,,,,2,64,33,0.515625,31.0,0.484375,0.515625,2,,,,,,,,,,,,,,,,,,,,,,,,,,,,0.175811305642128,37.0
26-9VTJ,DELTA,,,,,,,,,,3,64,18,0.28125,46.0,0.71875,0.71875,2,,,,,,,,,,,,,,,,,,,,,,,,,,,,0.2790547013282776,13.0
26-9VTJ,DELTA,,,,,,,,,,4,64,42,0.65625,22.0,0.34375,0.65625,2,,,,,,,,,,,,,,,,,,,,,,,,,,,,0.2322404682636261,26.0
26-9VTJ,DELTA,,,,,,,,,,5,64,59,0.921875,5.0,0.078125,0.921875,2,,,,,,,,,,,,,,,,,,,,,,,,,,,,0.20464184880256653,6.0
26-9VTJ,DELTA,,,,,,,,,,6,29,11,0.3793103448275862,18.0,0.6206896551724138,0.6206896551724138,2,,,,,,,,,,,,,,,,,,,,,,,,,,,,0.07561872899532318,8.0
27-9VUW,EMATent,0.7993254661560059,0.7993254661560059,0.8239811062812805,1.0,0.26020236015319825,0.5,0.23979763984680175,0.0,0.0,0,64,31,0.484375,33.0,0.515625,0.515625,2,,,,,,,,,,,,,,,,,,,,,,,,,,,,,
27-9VUW,EMATent,0.9837745428085327,0.9837745428085327,0.8134558200836182,1.0,0.2048676371574402,0.5,0.2951323628425598,0.0,0.0,1,64,42,0.65625,22.0,0.34375,0.65625,2,,,,,,,,,,,,,,,,,,,,,,,,,,,,,
27-9VUW,EMATent,0.5549165606498718,0.5549165606498718,0.9260008335113525,1.0,0.33352503180503845,0.5,0.16647496819496155,0.0,0.0,2,64,47,0.734375,17.0,0.265625,0.734375,2,,,,,,,,,,,,,,,,,,,,,,,,,,,,,
27-9VUW,EMATent,0.9233818054199219,0.9233818054199219,0.8069858551025391,1.0,0.22298545837402345,0.5,0.27701454162597655,0.0,0.0,3,64,20,0.3125,44.0,0.6875,0.6875,2,,,,,,,,,,,,,,,,,,,,,,,,,,,,,
27-9VUW,EMATent,0.9346768856048584,0.9346768856048584,0.8544673919677734,1.0,0.2195969343185425,0.5,0.2804030656814575,0.0,0.0,4,64,17,0.265625,47.0,0.734375,0.734375,2,,,,,,,,,,,,,,,,,,,,,,,,,,,,,
27-9VUW,EMATent,0.8265523314476013,0.8265523314476013,0.8256188631057739,1.0,0.2520343005657196,0.5,0.24796569943428037,0.0,0.0,5,64,15,0.234375,49.0,0.765625,0.765625,2,,,,,,,,,,,,,,,,,,,,,,,,,,,,,
27-9VUW,EMATent,0.6937382221221924,0.6937382221221924,0.8616793155670166,1.0,0.2918785333633423,0.5,0.2081214666366577,0.0,0.0,6,29,0,0.0,29.0,1.0,1.0,1,,,,,,,,,,,,,,,,,,,,,,,,,,,,,
27-9VUW,DynaMixEMATent,,,,,,,,,,0,64,31,0.484375,33.0,0.515625,0.515625,2,0.29017767310142517,0.7993254661560059,0.7993254661560059,0.5091478228569031,0.509750774140318,0.2504515860128802,0.23979763984680175,0.3294538390572853,51.156829833984375,0.19999999999999996,1.0,0.3856755495071411,0.2,0.0,1.0,28.0,0.4375,36.0,0.5625,0.5625,2.0,0.015625,,,,,,,
27-9VUW,DynaMixEMATent,,,,,,,,,,1,64,42,0.65625,22.0,0.34375,0.65625,2,0.3231143057346344,0.877350926399231,0.877350926399231,0.5542365908622742,0.3186110644887726,0.4181836575914581,0.2632052779197693,0.5675714619816745,107.30728912353516,0.19999999999999996,1.0,0.44505926966667175,0.2,0.0,1.0,20.0,0.3125,44.0,0.6875,0.6875,2.0,0.15625,,,,,,,
27-9VUW,DynaMixEMATent,,,,,,,,,,2,64,47,0.734375,17.0,0.265625,0.734375,2,0.36679011583328247,0.7700303792953491,0.7700303792953491,0.40324029326438904,0.22626926588316734,0.5427216203282279,0.23100911378860473,0.7057581956556946,156.5892333984375,0.19999999999999996,1.0,0.3383607864379883,0.2,0.0,1.0,5.0,0.078125,59.0,0.921875,0.921875,2.0,0.234375,,,,,,,
27-9VUW,DynaMixEMATent,,,,,,,,,,3,64,20,0.3125,44.0,0.6875,0.6875,2,0.6015784740447998,0.9924269318580627,0.9924269318580627,0.39084845781326294,0.12580760911251945,0.5764643113300617,0.2977280795574188,0.820856273118205,220.10455703735352,0.19999999999999996,1.0,0.4364899694919586,0.2,0.0,1.0,21.0,0.328125,43.0,0.671875,0.671875,2.0,0.1875,,,,,,,
27-9VUW,DynaMixEMATent,,,,,,,,,,4,64,17,0.265625,47.0,0.734375,0.734375,2,0.20592816174030304,0.5961000323295593,0.5961000323295593,0.3901718854904175,0.10919259752088618,0.7119773927802461,0.17883000969886778,0.8670280224429,258.2549591064453,0.19999999999999996,1.0,0.4265642762184143,0.2,0.0,1.0,34.0,0.53125,30.0,0.46875,0.53125,2.0,0.234375,,,,,,,
27-9VUW,DynaMixEMATent,,,,,,,,,,5,64,15,0.234375,49.0,0.765625,0.765625,2,0.2177005410194397,0.8283622860908508,0.8283622860908508,0.6106617450714111,0.06604006742837655,0.6854512467443682,0.24850868582725524,0.9121213163972831,311.27014541625977,0.19999999999999996,1.0,0.42307770252227783,0.2,0.0,1.0,45.0,0.703125,19.0,0.296875,0.703125,2.0,0.265625,,,,,,,
27-9VUW,DynaMixEMATent,,,,,,,,,,6,29,0,0.0,29.0,1.0,1.0,1,0.2321217656135559,0.7719359397888184,0.7719359397888184,0.5398141741752625,0.05669271354971691,0.7117265045136375,0.2315807819366455,0.9262216349916398,333.6562876701355,0.19999999999999996,1.0,0.49690064787864685,0.2,0.0,1.0,14.0,0.4827586206896552,15.0,0.5172413793103449,0.5172413793103449,2.0,0.5,,,,,,,
27-9VUW,TEMA,,,,,,,,,,0,64,31,0.484375,33.0,0.515625,0.515625,2,,,,,,,,,,,,,,,,,,,,,,,,,,,,,
27-9VUW,TEMA,,,,,,,,,,1,64,42,0.65625,22.0,0.34375,0.65625,2,,,,,,,,,,,,,,,,,,,,,,,,,,,,,
27-9VUW,TEMA,,,,,,,,,,2,64,47,0.734375,17.0,0.265625,0.734375,2,,,,,,,,,,,,,,,,,,,,,,,,,,,,,
27-9VUW,TEMA,,,,,,,,,,3,64,20,0.3125,44.0,0.6875,0.6875,2,,,,,,,,,,,,,,,,,,,,,,,,,,,,,
27-9VUW,TEMA,,,,,,,,,,4,64,17,0.265625,47.0,0.734375,0.734375,2,,,,,,,,,,,,,,,,,,,,,,,,,,,,,
27-9VUW,TEMA,,,,,,,,,,5,64,15,0.234375,49.0,0.765625,0.765625,2,,,,,,,,,,,,,,,,,,,,,,,,,,,,,
27-9VUW,TEMA,,,,,,,,,,6,29,0,0.0,29.0,1.0,1.0,1,,,,,,,,,,,,,,,,,,,,,,,,,,,,,
27-9VUW,DUA,,,,,,,,,,0,64,31,0.484375,33.0,0.515625,0.515625,2,,,,,,,,,,,,,,,,,,,,,,,0.099,,,,,,
27-9VUW,DUA,,,,,,,,,,1,64,42,0.65625,22.0,0.34375,0.65625,2,,,,,,,,,,,,,,,,,,,,,,,0.09336,,,,,,
27-9VUW,DUA,,,,,,,,,,2,64,47,0.734375,17.0,0.265625,0.734375,2,,,,,,,,,,,,,,,,,,,,,,,0.0880584,,,,,,
27-9VUW,DUA,,,,,,,,,,3,64,20,0.3125,44.0,0.6875,0.6875,2,,,,,,,,,,,,,,,,,,,,,,,0.083074896,,,,,,
27-9VUW,DUA,,,,,,,,,,4,64,17,0.265625,47.0,0.734375,0.734375,2,,,,,,,,,,,,,,,,,,,,,,,0.07839040223999999,,,,,,
27-9VUW,DUA,,,,,,,,,,5,64,15,0.234375,49.0,0.765625,0.765625,2,,,,,,,,,,,,,,,,,,,,,,,0.07398697810559998,,,,,,
27-9VUW,DUA,,,,,,,,,,6,29,0,0.0,29.0,1.0,1.0,1,,,,,,,,,,,,,,,,,,,,,,,0.06984775941926398,,,,,,
27-9VUW,RoTTA,,,,,,,,,,0,64,31,0.484375,33.0,0.515625,0.515625,2,,,,,,,,,,,,,,,,,,,,,,,,64.0,,,,,
27-9VUW,RoTTA,,,,,,,,,,1,64,42,0.65625,22.0,0.34375,0.65625,2,,,,,,,,,,,,,,,,,,,,,,,,64.0,,,,,
27-9VUW,RoTTA,,,,,,,,,,2,64,47,0.734375,17.0,0.265625,0.734375,2,,,,,,,,,,,,,,,,,,,,,,,,64.0,,,,,
27-9VUW,RoTTA,,,,,,,,,,3,64,20,0.3125,44.0,0.6875,0.6875,2,,,,,,,,,,,,,,,,,,,,,,,,64.0,,,,,
27-9VUW,RoTTA,,,,,,,,,,4,64,17,0.265625,47.0,0.734375,0.734375,2,,,,,,,,,,,,,,,,,,,,,,,,64.0,,,,,
27-9VUW,RoTTA,,,,,,,,,,5,64,15,0.234375,49.0,0.765625,0.765625,2,,,,,,,,,,,,,,,,,,,,,,,,64.0,,,,,
27-9VUW,RoTTA,,,,,,,,,,6,29,0,0.0,29.0,1.0,1.0,1,,,,,,,,,,,,,,,,,,,,,,,,64.0,,,,,
27-9VUW,NOTE,,,,,,,,,,0,64,31,0.484375,33.0,0.515625,0.515625,2,,,,,,,,,,,,,,,,,,,,,,,,,64.0,1.0,0.49990639090538025,,
27-9VUW,NOTE,,,,,,,,,,1,64,42,0.65625,22.0,0.34375,0.65625,2,,,,,,,,,,,,,,,,,,,,,,,,,64.0,1.0,0.4617615342140198,,
27-9VUW,NOTE,,,,,,,,,,2,64,47,0.734375,17.0,0.265625,0.734375,2,,,,,,,,,,,,,,,,,,,,,,,,,64.0,1.0,0.5479896068572998,,
27-9VUW,NOTE,,,,,,,,,,3,64,20,0.3125,44.0,0.6875,0.6875,2,,,,,,,,,,,,,,,,,,,,,,,,,64.0,1.0,0.4599355161190033,,
27-9VUW,NOTE,,,,,,,,,,4,64,17,0.265625,47.0,0.734375,0.734375,2,,,,,,,,,,,,,,,,,,,,,,,,,64.0,1.0,0.5783810019493103,,
27-9VUW,NOTE,,,,,,,,,,5,64,15,0.234375,49.0,0.765625,0.765625,2,,,,,,,,,,,,,,,,,,,,,,,,,64.0,1.0,0.5691424608230591,,
27-9VUW,NOTE,,,,,,,,,,6,29,0,0.0,29.0,1.0,1.0,1,,,,,,,,,,,,,,,,,,,,,,,,,64.0,0.0,,,
27-9VUW,DELTA,,,,,,,,,,0,64,31,0.484375,33.0,0.515625,0.515625,2,,,,,,,,,,,,,,,,,,,,,,,,,,,,0.23089084029197693,11.0
27-9VUW,DELTA,,,,,,,,,,1,64,42,0.65625,22.0,0.34375,0.65625,2,,,,,,,,,,,,,,,,,,,,,,,,,,,,0.10328390449285507,31.0
27-9VUW,DELTA,,,,,,,,,,2,64,47,0.734375,17.0,0.265625,0.734375,2,,,,,,,,,,,,,,,,,,,,,,,,,,,,0.20745542645454407,23.0
27-9VUW,DELTA,,,,,,,,,,3,64,20,0.3125,44.0,0.6875,0.6875,2,,,,,,,,,,,,,,,,,,,,,,,,,,,,0.03566402941942215,44.0
27-9VUW,DELTA,,,,,,,,,,4,64,17,0.265625,47.0,0.734375,0.734375,2,,,,,,,,,,,,,,,,,,,,,,,,,,,,0.19598481059074402,24.0
27-9VUW,DELTA,,,,,,,,,,5,64,15,0.234375,49.0,0.765625,0.765625,2,,,,,,,,,,,,,,,,,,,,,,,,,,,,0.21484504640102386,13.0
27-9VUW,DELTA,,,,,,,,,,6,29,0,0.0,29.0,1.0,1.0,1,,,,,,,,,,,,,,,,,,,,,,,,,,,,0.2213655561208725,4.0
28-9VXK,EMATent,0.96844083070755,0.96844083070755,0.812458336353302,1.0,0.209467750787735,0.5,0.290532249212265,0.0,0.0,0,64,22,0.34375,42.0,0.65625,0.65625,2,,,,,,,,,,,,,,,,,,,,,,,,,,,,,
28-9VXK,EMATent,0.988605260848999,0.988605260848999,0.8038064241409302,1.0,0.2034184217453003,0.5,0.2965815782546997,0.0,0.0,1,64,30,0.46875,34.0,0.53125,0.53125,2,,,,,,,,,,,,,,,,,,,,,,,,,,,,,
28-9VXK,EMATent,0.631342887878418,0.631342887878418,0.8700432777404785,1.0,0.3105971336364746,0.5,0.18940286636352538,0.0,0.0,2,64,24,0.375,40.0,0.625,0.625,2,,,,,,,,,,,,,,,,,,,,,,,,,,,,,
28-9VXK,EMATent,0.9850262403488159,0.9850262403488159,0.8318463563919067,1.0,0.20449212789535523,0.5,0.29550787210464474,0.0,0.0,3,64,16,0.25,48.0,0.75,0.75,2,,,,,,,,,,,,,,,,,,,,,,,,,,,,,
28-9VXK,EMATent,0.9521130919456482,0.9521130919456482,0.7588895559310913,1.0,0.21436607241630556,0.5,0.28563392758369444,0.0,0.0,4,64,50,0.78125,14.0,0.21875,0.78125,2,,,,,,,,,,,,,,,,,,,,,,,,,,,,,
28-9VXK,EMATent,0.9460769295692444,0.9460769295692444,0.8276373744010925,1.0,0.2161769211292267,0.5,0.2838230788707733,0.0,0.0,5,64,34,0.53125,30.0,0.46875,0.53125,2,,,,,,,,,,,,,,,,,,,,,,,,,,,,,
28-9VXK,EMATent,0.9865461587905884,0.9865461587905884,0.6593232750892639,1.0,0.2040361523628235,0.5,0.2959638476371765,0.0,0.0,6,29,18,0.6206896551724138,11.0,0.3793103448275862,0.6206896551724138,2,,,,,,,,,,,,,,,,,,,,,,,,,,,,,
28-9VXK,DynaMixEMATent,,,,,,,,,,0,64,22,0.34375,42.0,0.65625,0.65625,2,0.41408345103263855,0.96844083070755,0.96844083070755,0.5543574094772339,0.4371579741919747,0.2723097765957602,0.290532249212265,0.3838226280100959,61.9802131652832,0.19999999999999996,1.0,0.4477154016494751,0.2,0.0,1.0,26.0,0.40625,38.0,0.59375,0.59375,2.0,0.15625,,,,,,,
28-9VXK,DynaMixEMATent,,,,,,,,,,1,64,30,0.46875,34.0,0.53125,0.53125,2,0.3988948464393616,0.9800680875778198,0.9800680875778198,0.5811732411384583,0.26648870115323203,0.43949087257342206,0.29402042627334596,0.6225263292725054,124.70457077026367,0.19999999999999996,1.0,0.4269079566001892,0.2,0.0,1.0,30.0,0.46875,34.0,0.53125,0.53125,2.0,0.03125,,,,,,,
28-9VXK,DynaMixEMATent,,,,,,,,,,2,64,24,0.375,40.0,0.625,0.625,2,0.21183162927627563,0.6314042210578918,0.6314042210578918,0.4195725619792938,0.2231383335373773,0.5874404001452551,0.18942126631736755,0.7247172615501369,165.11444091796875,0.19999999999999996,1.0,0.41320088505744934,0.2,0.0,1.0,51.0,0.796875,13.0,0.203125,0.796875,2.0,0.125,,,,,,,
28-9VXK,DynaMixEMATent,,,,,,,,,,3,64,16,0.25,48.0,0.75,0.75,2,0.47615358233451843,0.9702934622764587,0.9702934622764587,0.4941398501396179,0.12013643376353571,0.5887755275535268,0.2910880386829376,0.8305340573738684,227.2132225036621,0.19999999999999996,1.0,0.4110621213912964,0.2,0.0,1.0,36.0,0.5625,28.0,0.4375,0.5625,2.0,0.25,,,,,,,
28-9VXK,DynaMixEMATent,,,,,,,,,,4,64,50,0.78125,14.0,0.21875,0.78125,2,0.23640064895153046,0.80825275182724,0.80825275182724,0.5718520879745483,0.08569768167623004,0.6718264927755979,0.24247582554817199,0.8868713572893644,278.94139862060547,0.19999999999999996,1.0,0.5478886365890503,0.2,0.0,1.0,33.0,0.515625,31.0,0.484375,0.515625,2.0,0.28125,,,,,,,
28-9VXK,DynaMixEMATent,,,,,,,,,,5,64,34,0.53125,30.0,0.46875,0.53125,2,0.4072575271129608,0.8825117945671082,0.8825117945671082,0.47525423765182495,0.053502061771441956,0.6817443998584255,0.26475353837013244,0.9272324797689736,335.4221534729004,0.19999999999999996,1.0,0.3781365156173706,0.2,0.0,1.0,38.0,0.59375,26.0,0.40625,0.59375,2.0,0.03125,,,,,,,
28-9VXK,DynaMixEMATent,,,,,,,,,,6,29,18,0.6206896551724138,11.0,0.3793103448275862,0.6206896551724138,2,0.10815730690956116,0.9540297389030457,0.9540297389030457,0.8458724021911621,0.041844374837330646,0.6719467034917558,0.28620892167091366,0.9413772795601703,363.0890159010887,0.19999999999999996,1.0,0.589542031288147,0.2,0.0,1.0,16.0,0.5517241379310345,13.0,0.4482758620689655,0.5517241379310345,2.0,0.12068965517241381,,,,,,,
28-9VXK,TEMA,,,,,,,,,,0,64,22,0.34375,42.0,0.65625,0.65625,2,,,,,,,,,,,,,,,,,,,,,,,,,,,,,
28-9VXK,TEMA,,,,,,,,,,1,64,30,0.46875,34.0,0.53125,0.53125,2,,,,,,,,,,,,,,,,,,,,,,,,,,,,,
28-9VXK,TEMA,,,,,,,,,,2,64,24,0.375,40.0,0.625,0.625,2,,,,,,,,,,,,,,,,,,,,,,,,,,,,,
28-9VXK,TEMA,,,,,,,,,,3,64,16,0.25,48.0,0.75,0.75,2,,,,,,,,,,,,,,,,,,,,,,,,,,,,,
28-9VXK,TEMA,,,,,,,,,,4,64,50,0.78125,14.0,0.21875,0.78125,2,,,,,,,,,,,,,,,,,,,,,,,,,,,,,
28-9VXK,TEMA,,,,,,,,,,5,64,34,0.53125,30.0,0.46875,0.53125,2,,,,,,,,,,,,,,,,,,,,,,,,,,,,,
28-9VXK,TEMA,,,,,,,,,,6,29,18,0.6206896551724138,11.0,0.3793103448275862,0.6206896551724138,2,,,,,,,,,,,,,,,,,,,,,,,,,,,,,
28-9VXK,DUA,,,,,,,,,,0,64,22,0.34375,42.0,0.65625,0.65625,2,,,,,,,,,,,,,,,,,,,,,,,0.099,,,,,,
28-9VXK,DUA,,,,,,,,,,1,64,30,0.46875,34.0,0.53125,0.53125,2,,,,,,,,,,,,,,,,,,,,,,,0.09336,,,,,,
28-9VXK,DUA,,,,,,,,,,2,64,24,0.375,40.0,0.625,0.625,2,,,,,,,,,,,,,,,,,,,,,,,0.0880584,,,,,,
28-9VXK,DUA,,,,,,,,,,3,64,16,0.25,48.0,0.75,0.75,2,,,,,,,,,,,,,,,,,,,,,,,0.083074896,,,,,,
28-9VXK,DUA,,,,,,,,,,4,64,50,0.78125,14.0,0.21875,0.78125,2,,,,,,,,,,,,,,,,,,,,,,,0.07839040223999999,,,,,,
28-9VXK,DUA,,,,,,,,,,5,64,34,0.53125,30.0,0.46875,0.53125,2,,,,,,,,,,,,,,,,,,,,,,,0.07398697810559998,,,,,,
28-9VXK,DUA,,,,,,,,,,6,29,18,0.6206896551724138,11.0,0.3793103448275862,0.6206896551724138,2,,,,,,,,,,,,,,,,,,,,,,,0.06984775941926398,,,,,,
28-9VXK,RoTTA,,,,,,,,,,0,64,22,0.34375,42.0,0.65625,0.65625,2,,,,,,,,,,,,,,,,,,,,,,,,63.0,,,,,
28-9VXK,RoTTA,,,,,,,,,,1,64,30,0.46875,34.0,0.53125,0.53125,2,,,,,,,,,,,,,,,,,,,,,,,,64.0,,,,,
28-9VXK,RoTTA,,,,,,,,,,2,64,24,0.375,40.0,0.625,0.625,2,,,,,,,,,,,,,,,,,,,,,,,,64.0,,,,,
28-9VXK,RoTTA,,,,,,,,,,3,64,16,0.25,48.0,0.75,0.75,2,,,,,,,,,,,,,,,,,,,,,,,,64.0,,,,,
28-9VXK,RoTTA,,,,,,,,,,4,64,50,0.78125,14.0,0.21875,0.78125,2,,,,,,,,,,,,,,,,,,,,,,,,64.0,,,,,
28-9VXK,RoTTA,,,,,,,,,,5,64,34,0.53125,30.0,0.46875,0.53125,2,,,,,,,,,,,,,,,,,,,,,,,,64.0,,,,,
28-9VXK,RoTTA,,,,,,,,,,6,29,18,0.6206896551724138,11.0,0.3793103448275862,0.6206896551724138,2,,,,,,,,,,,,,,,,,,,,,,,,64.0,,,,,
28-9VXK,NOTE,,,,,,,,,,0,64,22,0.34375,42.0,0.65625,0.65625,2,,,,,,,,,,,,,,,,,,,,,,,,,64.0,1.0,0.5458709001541138,,
28-9VXK,NOTE,,,,,,,,,,1,64,30,0.46875,34.0,0.53125,0.53125,2,,,,,,,,,,,,,,,,,,,,,,,,,64.0,1.0,0.4411342740058899,,
28-9VXK,NOTE,,,,,,,,,,2,64,24,0.375,40.0,0.625,0.625,2,,,,,,,,,,,,,,,,,,,,,,,,,64.0,1.0,0.47915661334991455,,
28-9VXK,NOTE,,,,,,,,,,3,64,16,0.25,48.0,0.75,0.75,2,,,,,,,,,,,,,,,,,,,,,,,,,64.0,1.0,0.411926805973053,,
28-9VXK,NOTE,,,,,,,,,,4,64,50,0.78125,14.0,0.21875,0.78125,2,,,,,,,,,,,,,,,,,,,,,,,,,64.0,1.0,0.5896853804588318,,
28-9VXK,NOTE,,,,,,,,,,5,64,34,0.53125,30.0,0.46875,0.53125,2,,,,,,,,,,,,,,,,,,,,,,,,,64.0,1.0,0.45177239179611206,,
28-9VXK,NOTE,,,,,,,,,,6,29,18,0.6206896551724138,11.0,0.3793103448275862,0.6206896551724138,2,,,,,,,,,,,,,,,,,,,,,,,,,64.0,0.0,,,
28-9VXK,DELTA,,,,,,,,,,0,64,22,0.34375,42.0,0.65625,0.65625,2,,,,,,,,,,,,,,,,,,,,,,,,,,,,0.20634177327156067,8.0
28-9VXK,DELTA,,,,,,,,,,1,64,30,0.46875,34.0,0.53125,0.53125,2,,,,,,,,,,,,,,,,,,,,,,,,,,,,0.18205665051937103,11.0
28-9VXK,DELTA,,,,,,,,,,2,64,24,0.375,40.0,0.625,0.625,2,,,,,,,,,,,,,,,,,,,,,,,,,,,,0.12461467832326889,45.0
28-9VXK,DELTA,,,,,,,,,,3,64,16,0.25,48.0,0.75,0.75,2,,,,,,,,,,,,,,,,,,,,,,,,,,,,0.13380303978919983,44.0
28-9VXK,DELTA,,,,,,,,,,4,64,50,0.78125,14.0,0.21875,0.78125,2,,,,,,,,,,,,,,,,,,,,,,,,,,,,0.1807859092950821,20.0
28-9VXK,DELTA,,,,,,,,,,5,64,34,0.53125,30.0,0.46875,0.53125,2,,,,,,,,,,,,,,,,,,,,,,,,,,,,0.2262747436761856,21.0
28-9VXK,DELTA,,,,,,,,,,6,29,18,0.6206896551724138,11.0,0.3793103448275862,0.6206896551724138,2,,,,,,,,,,,,,,,,,,,,,,,,,,,,0.2554818093776703,5.0
29-9VXR,EMATent,0.9951691627502441,0.9951691627502441,0.7707885503768921,1.0,0.20144925117492676,0.5,0.2985507488250732,0.0,0.0,0,64,42,0.65625,22.0,0.34375,0.65625,2,,,,,,,,,,,,,,,,,,,,,,,,,,,,,
29-9VXR,EMATent,0.9998356103897095,0.9998356103897095,0.7428849935531616,1.0,0.20004931688308716,0.5,0.2999506831169128,0.0,0.0,1,64,2,0.03125,62.0,0.96875,0.96875,2,,,,,,,,,,,,,,,,,,,,,,,,,,,,,
29-9VXR,EMATent,0.9970669150352478,0.9970669150352478,0.6863441467285156,1.0,0.20087992548942568,0.5,0.2991200745105743,0.0,0.0,2,64,0,0.0,64.0,1.0,1.0,1,,,,,,,,,,,,,,,,,,,,,,,,,,,,,
29-9VXR,EMATent,0.9862960577011108,0.9862960577011108,0.7599079608917236,1.0,0.20411118268966677,0.5,0.29588881731033323,0.0,0.0,3,64,0,0.0,64.0,1.0,1.0,1,,,,,,,,,,,,,,,,,,,,,,,,,,,,,
29-9VXR,EMATent,0.9039760828018188,0.9039760828018188,0.7904176712036133,1.0,0.22880717515945437,0.5,0.27119282484054563,0.0,0.0,4,64,0,0.0,64.0,1.0,1.0,1,,,,,,,,,,,,,,,,,,,,,,,,,,,,,
29-9VXR,EMATent,0.9926451444625854,0.9926451444625854,0.8094514608383179,1.0,0.2022064566612244,0.5,0.2977935433387756,0.0,0.0,5,64,0,0.0,64.0,1.0,1.0,1,,,,,,,,,,,,,,,,,,,,,,,,,,,,,
29-9VXR,EMATent,0.9855245351791382,0.9855245351791382,0.692650556564331,1.0,0.20434263944625855,0.5,0.2956573605537414,0.0,0.0,6,29,0,0.0,29.0,1.0,1.0,1,,,,,,,,,,,,,,,,,,,,,,,,,,,,,
29-9VXR,DynaMixEMATent,,,,,,,,,,0,64,42,0.65625,22.0,0.34375,0.65625,2,0.32730042934417725,0.9951691627502441,0.9951691627502441,0.6678687334060669,0.4264793601678081,0.27496989100711877,0.2985507488250732,0.39200254408504176,63.690826416015625,0.19999999999999996,1.0,0.4545774757862091,0.2,0.0,1.0,29.0,0.453125,35.0,0.546875,0.546875,2.0,0.15625,,,,,,,
29-9VXR,DynaMixEMATent,,,,,,,,,,1,64,2,0.03125,62.0,0.96875,0.96875,2,0.24999381601810455,0.9998428225517273,0.9998428225517273,0.7498490214347839,0.2581760462123647,0.4418711070221172,0.2999528467655182,0.6312019197285583,127.68076705932617,0.19999999999999996,1.0,0.5559811592102051,0.2,0.0,1.0,39.0,0.609375,25.0,0.390625,0.609375,2.0,0.46875,,,,,,,
29-9VXR,DynaMixEMATent,,,,,,,,,,2,64,0,0.0,64.0,1.0,1.0,1,0.15817923843860626,0.9562342762947083,0.9562342762947083,0.7980550527572632,0.16304727745718736,0.5500824396544002,0.2868702828884125,0.771363787618355,188.8797607421875,0.19999999999999996,1.0,0.5948077440261841,0.2,0.0,1.0,34.0,0.53125,30.0,0.46875,0.53125,2.0,0.5,,,,,,,
29-9VXR,DynaMixEMATent,,,,,,,,,,3,64,0,0.0,64.0,1.0,1.0,1,0.21699713170528412,0.9999986886978149,0.9999986886978149,0.7830016016960144,0.09707252911011381,0.6029278642805418,0.2999996066093445,0.8613250363476015,252.87967681884766,0.19999999999999996,1.0,0.561566948890686,0.2,0.0,1.0,36.0,0.5625,28.0,0.4375,0.5625,2.0,0.5,,,,,,,
29-9VXR,DynaMixEMATent,,,,,,,,,,4,64,0,0.0,64.0,1.0,1.0,1,0.24974727630615234,0.8665242791175842,0.8665242791175842,0.6167770028114319,0.06654133240483706,0.6735013838598877,0.25995728373527527,0.9100844708793348,308.33723068237305,0.19999999999999996,1.0,0.49429255723953247,0.2,0.0,1.0,23.0,0.359375,41.0,0.640625,0.640625,2.0,0.5,,,,,,,
29-9VXR,DynaMixEMATent,,,,,,,,,,5,64,0,0.0,64.0,1.0,1.0,1,0.36146804690361023,0.9747728705406189,0.9747728705406189,0.613304853439331,0.03907812643405198,0.6684900124037624,0.29243186116218567,0.9447712180790983,370.72269439697266,0.19999999999999996,1.0,0.5007044076919556,0.2,0.0,1.0,24.0,0.375,40.0,0.625,0.625,2.0,0.5,,,,,,,
29-9VXR,DynaMixEMATent,,,,,,,,,,6,29,0,0.0,29.0,1.0,1.0,1,0.15956489741802216,0.9990432858467102,0.9990432858467102,0.8394783735275269,0.030841879084113778,0.6694451351618732,0.29971298575401306,0.9559582307586814,399.69494968652725,0.19999999999999996,1.0,0.6419456601142883,0.2,0.0,1.0,17.0,0.5862068965517241,12.0,0.41379310344827586,0.5862068965517241,2.0,0.5,,,,,,,
29-9VXR,TEMA,,,,,,,,,,0,64,42,0.65625,22.0,0.34375,0.65625,2,,,,,,,,,,,,,,,,,,,,,,,,,,,,,
29-9VXR,TEMA,,,,,,,,,,1,64,2,0.03125,62.0,0.96875,0.96875,2,,,,,,,,,,,,,,,,,,,,,,,,,,,,,
29-9VXR,TEMA,,,,,,,,,,2,64,0,0.0,64.0,1.0,1.0,1,,,,,,,,,,,,,,,,,,,,,,,,,,,,,
29-9VXR,TEMA,,,,,,,,,,3,64,0,0.0,64.0,1.0,1.0,1,,,,,,,,,,,,,,,,,,,,,,,,,,,,,
29-9VXR,TEMA,,,,,,,,,,4,64,0,0.0,64.0,1.0,1.0,1,,,,,,,,,,,,,,,,,,,,,,,,,,,,,
29-9VXR,TEMA,,,,,,,,,,5,64,0,0.0,64.0,1.0,1.0,1,,,,,,,,,,,,,,,,,,,,,,,,,,,,,
29-9VXR,TEMA,,,,,,,,,,6,29,0,0.0,29.0,1.0,1.0,1,,,,,,,,,,,,,,,,,,,,,,,,,,,,,
29-9VXR,DUA,,,,,,,,,,0,64,42,0.65625,22.0,0.34375,0.65625,2,,,,,,,,,,,,,,,,,,,,,,,0.099,,,,,,
29-9VXR,DUA,,,,,,,,,,1,64,2,0.03125,62.0,0.96875,0.96875,2,,,,,,,,,,,,,,,,,,,,,,,0.09336,,,,,,
29-9VXR,DUA,,,,,,,,,,2,64,0,0.0,64.0,1.0,1.0,1,,,,,,,,,,,,,,,,,,,,,,,0.0880584,,,,,,
29-9VXR,DUA,,,,,,,,,,3,64,0,0.0,64.0,1.0,1.0,1,,,,,,,,,,,,,,,,,,,,,,,0.083074896,,,,,,
29-9VXR,DUA,,,,,,,,,,4,64,0,0.0,64.0,1.0,1.0,1,,,,,,,,,,,,,,,,,,,,,,,0.07839040223999999,,,,,,
29-9VXR,DUA,,,,,,,,,,5,64,0,0.0,64.0,1.0,1.0,1,,,,,,,,,,,,,,,,,,,,,,,0.07398697810559998,,,,,,
29-9VXR,DUA,,,,,,,,,,6,29,0,0.0,29.0,1.0,1.0,1,,,,,,,,,,,,,,,,,,,,,,,0.06984775941926398,,,,,,
29-9VXR,RoTTA,,,,,,,,,,0,64,42,0.65625,22.0,0.34375,0.65625,2,,,,,,,,,,,,,,,,,,,,,,,,54.0,,,,,
29-9VXR,RoTTA,,,,,,,,,,1,64,2,0.03125,62.0,0.96875,0.96875,2,,,,,,,,,,,,,,,,,,,,,,,,64.0,,,,,
29-9VXR,RoTTA,,,,,,,,,,2,64,0,0.0,64.0,1.0,1.0,1,,,,,,,,,,,,,,,,,,,,,,,,64.0,,,,,
29-9VXR,RoTTA,,,,,,,,,,3,64,0,0.0,64.0,1.0,1.0,1,,,,,,,,,,,,,,,,,,,,,,,,64.0,,,,,
29-9VXR,RoTTA,,,,,,,,,,4,64,0,0.0,64.0,1.0,1.0,1,,,,,,,,,,,,,,,,,,,,,,,,64.0,,,,,
29-9VXR,RoTTA,,,,,,,,,,5,64,0,0.0,64.0,1.0,1.0,1,,,,,,,,,,,,,,,,,,,,,,,,64.0,,,,,
29-9VXR,RoTTA,,,,,,,,,,6,29,0,0.0,29.0,1.0,1.0,1,,,,,,,,,,,,,,,,,,,,,,,,64.0,,,,,
29-9VXR,NOTE,,,,,,,,,,0,64,42,0.65625,22.0,0.34375,0.65625,2,,,,,,,,,,,,,,,,,,,,,,,,,64.0,1.0,0.5655525922775269,,
29-9VXR,NOTE,,,,,,,,,,1,64,2,0.03125,62.0,0.96875,0.96875,2,,,,,,,,,,,,,,,,,,,,,,,,,64.0,1.0,0.5879614353179932,,
29-9VXR,NOTE,,,,,,,,,,2,64,0,0.0,64.0,1.0,1.0,1,,,,,,,,,,,,,,,,,,,,,,,,,64.0,1.0,0.6072699427604675,,
29-9VXR,NOTE,,,,,,,,,,3,64,0,0.0,64.0,1.0,1.0,1,,,,,,,,,,,,,,,,,,,,,,,,,64.0,1.0,0.5181029438972473,,
29-9VXR,NOTE,,,,,,,,,,4,64,0,0.0,64.0,1.0,1.0,1,,,,,,,,,,,,,,,,,,,,,,,,,64.0,1.0,0.5602915287017822,,
29-9VXR,NOTE,,,,,,,,,,5,64,0,0.0,64.0,1.0,1.0,1,,,,,,,,,,,,,,,,,,,,,,,,,64.0,1.0,0.5865198373794556,,
29-9VXR,NOTE,,,,,,,,,,6,29,0,0.0,29.0,1.0,1.0,1,,,,,,,,,,,,,,,,,,,,,,,,,64.0,0.0,,,
29-9VXR,DELTA,,,,,,,,,,0,64,42,0.65625,22.0,0.34375,0.65625,2,,,,,,,,,,,,,,,,,,,,,,,,,,,,0.24596557021141052,7.0
29-9VXR,DELTA,,,,,,,,,,1,64,2,0.03125,62.0,0.96875,0.96875,2,,,,,,,,,,,,,,,,,,,,,,,,,,,,0.20140159130096436,19.0
29-9VXR,DELTA,,,,,,,,,,2,64,0,0.0,64.0,1.0,1.0,1,,,,,,,,,,,,,,,,,,,,,,,,,,,,0.1352412849664688,24.0
29-9VXR,DELTA,,,,,,,,,,3,64,0,0.0,64.0,1.0,1.0,1,,,,,,,,,,,,,,,,,,,,,,,,,,,,0.14936421811580658,42.0
29-9VXR,DELTA,,,,,,,,,,4,64,0,0.0,64.0,1.0,1.0,1,,,,,,,,,,,,,,,,,,,,,,,,,,,,0.2065468728542328,21.0
29-9VXR,DELTA,,,,,,,,,,5,64,0,0.0,64.0,1.0,1.0,1,,,,,,,,,,,,,,,,,,,,,,,,,,,,0.19942574203014374,21.0
29-9VXR,DELTA,,,,,,,,,,6,29,0,0.0,29.0,1.0,1.0,1,,,,,,,,,,,,,,,,,,,,,,,,,,,,0.298034131526947,6.0
30-9VYD,EMATent,0.48463860154151917,0.48463860154151917,0.9040616154670715,1.0,0.3546084195375443,0.5,0.14539158046245573,0.0,0.0,0,64,31,0.484375,33.0,0.515625,0.515625,2,,,,,,,,,,,,,,,,,,,,,,,,,,,,,
30-9VYD,EMATent,0.876061737537384,0.876061737537384,0.7585422992706299,1.0,0.2371814787387848,0.5,0.2628185212612152,0.0,0.0,1,64,42,0.65625,22.0,0.34375,0.65625,2,,,,,,,,,,,,,,,,,,,,,,,,,,,,,
30-9VYD,EMATent,0.9878857135772705,0.9878857135772705,0.7107983827590942,1.0,0.20363428592681887,0.5,0.29636571407318113,0.0,0.0,2,64,33,0.515625,31.0,0.484375,0.515625,2,,,,,,,,,,,,,,,,,,,,,,,,,,,,,
30-9VYD,EMATent,0.9994083642959595,0.9994083642959595,0.6721220016479492,1.0,0.20017749071121216,0.5,0.29982250928878784,0.0,0.0,3,64,47,0.734375,17.0,0.265625,0.734375,2,,,,,,,,,,,,,,,,,,,,,,,,,,,,,
30-9VYD,EMATent,0.9553966522216797,0.9553966522216797,0.7165583372116089,1.0,0.2133810043334961,0.5,0.2866189956665039,0.0,0.0,4,64,37,0.578125,27.0,0.421875,0.578125,2,,,,,,,,,,,,,,,,,,,,,,,,,,,,,
30-9VYD,EMATent,0.9925528764724731,0.9925528764724731,0.7525618672370911,1.0,0.20223413705825807,0.5,0.29776586294174195,0.0,0.0,5,64,53,0.828125,11.0,0.171875,0.828125,2,,,,,,,,,,,,,,,,,,,,,,,,,,,,,
30-9VYD,EMATent,0.967245876789093,0.967245876789093,0.767939031124115,1.0,0.2098262369632721,0.5,0.29017376303672787,0.0,0.0,6,29,29,1.0,,,1.0,1,,,,,,,,,,,,,,,,,,,,,,,,,,,,,
30-9VYD,DynaMixEMATent,,,,,,,,,,0,64,31,0.484375,33.0,0.515625,0.515625,2,0.13003380596637726,0.48463860154151917,0.48463860154151917,0.3546047806739807,0.6707014294687311,0.1839069900688132,0.14539158046245573,0.21519445147560223,31.016870498657227,0.19999999999999996,1.0,0.34305018186569214,0.2,0.0,1.0,2.0,0.03125,62.0,0.96875,0.96875,2.0,0.015625,,,,,,,
30-9VYD,DynaMixEMATent,,,,,,,,,,1,64,42,0.65625,22.0,0.34375,0.65625,2,0.11659907549619675,0.6647441387176514,0.6647441387176514,0.548145055770874,0.4506274954428201,0.34994926294188444,0.1994232416152954,0.43712143686005167,73.56049537658691,0.19999999999999996,1.0,0.5259998440742493,0.2,0.0,1.0,13.0,0.203125,51.0,0.796875,0.796875,2.0,0.15625,,,,,,,
30-9VYD,DynaMixEMATent,,,,,,,,,,2,64,33,0.515625,31.0,0.484375,0.515625,2,0.1474321335554123,0.8380637168884277,0.8380637168884277,0.6906315684318542,0.27712149833004546,0.4714593866034262,0.2514191150665283,0.6298042016465943,127.19657325744629,0.19999999999999996,1.0,0.5690631866455078,0.2,0.0,1.0,30.0,0.46875,34.0,0.53125,0.53125,2.0,0.015625,,,,,,,
30-9VYD,DynaMixEMATent,,,,,,,,,,3,64,47,0.734375,17.0,0.265625,0.734375,2,0.134661465883255,0.993552565574646,0.993552565574646,0.8588910698890686,0.15811778014599126,0.5438164501816148,0.2980657696723938,0.7747398925506245,190.78393745422363,0.19999999999999996,1.0,0.5956971645355225,0.2,0.0,1.0,38.0,0.59375,26.0,0.40625,0.59375,2.0,0.234375,,,,,,,
30-9VYD,DynaMixEMATent,,,,,,,,,,4,64,37,0.578125,27.0,0.421875,0.578125,2,0.178554967045784,0.8840041756629944,0.8840041756629944,0.7054491639137268,0.10638824051571576,0.628410506785386,0.2652012526988983,0.8552144503423866,247.36020469665527,0.19999999999999996,1.0,0.5761064291000366,0.2,0.0,1.0,32.0,0.5,32.0,0.5,0.5,2.0,0.078125,,,,,,,
30-9VYD,DynaMixEMATent,,,,,,,,,,5,64,53,0.828125,11.0,0.171875,0.828125,2,0.2534926235675812,0.9095876812934875,0.9095876812934875,0.6560950875282288,0.06680655259638031,0.6603171430155734,0.2728763043880463,0.9081221627082923,305.5738162994385,0.19999999999999996,1.0,0.5508556962013245,0.2,0.0,1.0,44.0,0.6875,20.0,0.3125,0.6875,2.0,0.328125,,,,,,,
30-9VYD,DynaMixEMATent,,,,,,,,,,6,29,29,1.0,,,1.0,1,0.3027878403663635,0.8909978866577148,0.8909978866577148,0.5882100462913513,0.05501330460712885,0.6776873293955568,0.26729936599731446,0.9249170779249971,331.4127550125122,0.19999999999999996,1.0,0.5729288458824158,0.2,0.0,1.0,8.0,0.27586206896551724,21.0,0.7241379310344828,0.7241379310344828,2.0,0.0,,,,,,,
30-9VYD,TEMA,,,,,,,,,,0,64,31,0.484375,33.0,0.515625,0.515625,2,,,,,,,,,,,,,,,,,,,,,,,,,,,,,
30-9VYD,TEMA,,,,,,,,,,1,64,42,0.65625,22.0,0.34375,0.65625,2,,,,,,,,,,,,,,,,,,,,,,,,,,,,,
30-9VYD,TEMA,,,,,,,,,,2,64,33,0.515625,31.0,0.484375,0.515625,2,,,,,,,,,,,,,,,,,,,,,,,,,,,,,
30-9VYD,TEMA,,,,,,,,,,3,64,47,0.734375,17.0,0.265625,0.734375,2,,,,,,,,,,,,,,,,,,,,,,,,,,,,,
30-9VYD,TEMA,,,,,,,,,,4,64,37,0.578125,27.0,0.421875,0.578125,2,,,,,,,,,,,,,,,,,,,,,,,,,,,,,
30-9VYD,TEMA,,,,,,,,,,5,64,53,0.828125,11.0,0.171875,0.828125,2,,,,,,,,,,,,,,,,,,,,,,,,,,,,,
30-9VYD,TEMA,,,,,,,,,,6,29,29,1.0,0.0,0.0,1.0,1,,,,,,,,,,,,,,,,,,,,,,,,,,,,,
30-9VYD,DUA,,,,,,,,,,0,64,31,0.484375,33.0,0.515625,0.515625,2,,,,,,,,,,,,,,,,,,,,,,,0.099,,,,,,
30-9VYD,DUA,,,,,,,,,,1,64,42,0.65625,22.0,0.34375,0.65625,2,,,,,,,,,,,,,,,,,,,,,,,0.09336,,,,,,
30-9VYD,DUA,,,,,,,,,,2,64,33,0.515625,31.0,0.484375,0.515625,2,,,,,,,,,,,,,,,,,,,,,,,0.0880584,,,,,,
30-9VYD,DUA,,,,,,,,,,3,64,47,0.734375,17.0,0.265625,0.734375,2,,,,,,,,,,,,,,,,,,,,,,,0.083074896,,,,,,
30-9VYD,DUA,,,,,,,,,,4,64,37,0.578125,27.0,0.421875,0.578125,2,,,,,,,,,,,,,,,,,,,,,,,0.07839040223999999,,,,,,
30-9VYD,DUA,,,,,,,,,,5,64,53,0.828125,11.0,0.171875,0.828125,2,,,,,,,,,,,,,,,,,,,,,,,0.07398697810559998,,,,,,
30-9VYD,DUA,,,,,,,,,,6,29,29,1.0,0.0,0.0,1.0,1,,,,,,,,,,,,,,,,,,,,,,,0.06984775941926398,,,,,,
30-9VYD,RoTTA,,,,,,,,,,0,64,31,0.484375,33.0,0.515625,0.515625,2,,,,,,,,,,,,,,,,,,,,,,,,58.0,,,,,
30-9VYD,RoTTA,,,,,,,,,,1,64,42,0.65625,22.0,0.34375,0.65625,2,,,,,,,,,,,,,,,,,,,,,,,,64.0,,,,,
30-9VYD,RoTTA,,,,,,,,,,2,64,33,0.515625,31.0,0.484375,0.515625,2,,,,,,,,,,,,,,,,,,,,,,,,64.0,,,,,
30-9VYD,RoTTA,,,,,,,,,,3,64,47,0.734375,17.0,0.265625,0.734375,2,,,,,,,,,,,,,,,,,,,,,,,,64.0,,,,,
30-9VYD,RoTTA,,,,,,,,,,4,64,37,0.578125,27.0,0.421875,0.578125,2,,,,,,,,,,,,,,,,,,,,,,,,64.0,,,,,
30-9VYD,RoTTA,,,,,,,,,,5,64,53,0.828125,11.0,0.171875,0.828125,2,,,,,,,,,,,,,,,,,,,,,,,,64.0,,,,,
30-9VYD,RoTTA,,,,,,,,,,6,29,29,1.0,0.0,0.0,1.0,1,,,,,,,,,,,,,,,,,,,,,,,,64.0,,,,,
30-9VYD,NOTE,,,,,,,,,,0,64,31,0.484375,33.0,0.515625,0.515625,2,,,,,,,,,,,,,,,,,,,,,,,,,64.0,1.0,0.5343908667564392,,
30-9VYD,NOTE,,,,,,,,,,1,64,42,0.65625,22.0,0.34375,0.65625,2,,,,,,,,,,,,,,,,,,,,,,,,,64.0,1.0,0.54610675573349,,
30-9VYD,NOTE,,,,,,,,,,2,64,33,0.515625,31.0,0.484375,0.515625,2,,,,,,,,,,,,,,,,,,,,,,,,,64.0,1.0,0.5380778312683105,,
30-9VYD,NOTE,,,,,,,,,,3,64,47,0.734375,17.0,0.265625,0.734375,2,,,,,,,,,,,,,,,,,,,,,,,,,64.0,1.0,0.5678925514221191,,
30-9VYD,NOTE,,,,,,,,,,4,64,37,0.578125,27.0,0.421875,0.578125,2,,,,,,,,,,,,,,,,,,,,,,,,,64.0,1.0,0.5792426466941833,,
30-9VYD,NOTE,,,,,,,,,,5,64,53,0.828125,11.0,0.171875,0.828125,2,,,,,,,,,,,,,,,,,,,,,,,,,64.0,1.0,0.5680809020996094,,
30-9VYD,NOTE,,,,,,,,,,6,29,29,1.0,0.0,0.0,1.0,1,,,,,,,,,,,,,,,,,,,,,,,,,64.0,0.0,,,
30-9VYD,DELTA,,,,,,,,,,0,64,31,0.484375,33.0,0.515625,0.515625,2,,,,,,,,,,,,,,,,,,,,,,,,,,,,0.22526076436042786,11.0
30-9VYD,DELTA,,,,,,,,,,1,64,42,0.65625,22.0,0.34375,0.65625,2,,,,,,,,,,,,,,,,,,,,,,,,,,,,0.2519965171813965,15.0
30-9VYD,DELTA,,,,,,,,,,2,64,33,0.515625,31.0,0.484375,0.515625,2,,,,,,,,,,,,,,,,,,,,,,,,,,,,0.1485743373632431,30.0
30-9VYD,DELTA,,,,,,,,,,3,64,47,0.734375,17.0,0.265625,0.734375,2,,,,,,,,,,,,,,,,,,,,,,,,,,,,0.1633354127407074,21.0
30-9VYD,DELTA,,,,,,,,,,4,64,37,0.578125,27.0,0.421875,0.578125,2,,,,,,,,,,,,,,,,,,,,,,,,,,,,0.13941533863544464,27.0
30-9VYD,DELTA,,,,,,,,,,5,64,53,0.828125,11.0,0.171875,0.828125,2,,,,,,,,,,,,,,,,,,,,,,,,,,,,0.17832034826278687,28.0
30-9VYD,DELTA,,,,,,,,,,6,29,29,1.0,0.0,0.0,1.0,1,,,,,,,,,,,,,,,,,,,,,,,,,,,,0.11158531904220581,7.0
31-9VZJ,EMATent,0.9999937415122986,0.9999937415122986,0.6904653310775757,1.0,0.20000187754631044,0.5,0.29999812245368956,0.0,0.0,0,64,54,0.84375,10.0,0.15625,0.84375,2,,,,,,,,,,,,,,,,,,,,,,,,,,,,,
31-9VZJ,EMATent,0.9695212244987488,0.9695212244987488,0.7185117602348328,1.0,0.2091436326503754,0.5,0.2908563673496246,0.0,0.0,1,64,11,0.171875,53.0,0.828125,0.828125,2,,,,,,,,,,,,,,,,,,,,,,,,,,,,,
31-9VZJ,EMATent,0.876523494720459,0.876523494720459,0.7946353554725647,1.0,0.23704295158386232,0.5,0.2629570484161377,0.0,0.0,2,64,17,0.265625,47.0,0.734375,0.734375,2,,,,,,,,,,,,,,,,,,,,,,,,,,,,,
31-9VZJ,EMATent,0.9620969295501709,0.9620969295501709,0.819114089012146,1.0,0.21137092113494874,0.5,0.28862907886505124,0.0,0.0,3,64,15,0.234375,49.0,0.765625,0.765625,2,,,,,,,,,,,,,,,,,,,,,,,,,,,,,
31-9VZJ,EMATent,0.7356421947479248,0.7356421947479248,0.8355720043182373,1.0,0.27930734157562254,0.5,0.22069265842437744,0.0,0.0,4,64,22,0.34375,42.0,0.65625,0.65625,2,,,,,,,,,,,,,,,,,,,,,,,,,,,,,
31-9VZJ,EMATent,0.9115379452705383,0.9115379452705383,0.7456818222999573,1.0,0.22653861641883852,0.5,0.2734613835811615,0.0,0.0,5,64,55,0.859375,9.0,0.140625,0.859375,2,,,,,,,,,,,,,,,,,,,,,,,,,,,,,
31-9VZJ,EMATent,0.9840262532234192,0.9840262532234192,0.7462596297264099,1.0,0.20479212403297425,0.5,0.29520787596702575,0.0,0.0,6,29,0,0.0,29.0,1.0,1.0,1,,,,,,,,,,,,,,,,,,,,,,,,,,,,,
31-9VZJ,DynaMixEMATent,,,,,,,,,,0,64,54,0.84375,10.0,0.15625,0.84375,2,0.1695614755153656,0.9999937415122986,0.9999937415122986,0.8304322361946106,0.424573929181524,0.2754279483647864,0.29999812245368956,0.39346744230205977,63.99959945678711,0.19999999999999996,1.0,0.5429568290710449,0.2,0.0,1.0,50.0,0.78125,14.0,0.21875,0.78125,2.0,0.34375,,,,,,,
31-9VZJ,DynaMixEMATent,,,,,,,,,,1,64,11,0.171875,53.0,0.828125,0.828125,2,0.2054731696844101,0.9839909672737122,0.9839909672737122,0.7785178422927856,0.2613670039492884,0.443435705868598,0.29519729018211366,0.6291628844377983,126.97502136230469,0.19999999999999996,1.0,0.5922933220863342,0.2,0.0,1.0,42.0,0.65625,22.0,0.34375,0.65625,2.0,0.328125,,,,,,,
31-9VZJ,DynaMixEMATent,,,,,,,,,,2,64,17,0.265625,47.0,0.734375,0.734375,2,0.2093234360218048,0.8306258916854858,0.8306258916854858,0.6213024854660034,0.18380038359761344,0.5670118488967408,0.24918776750564575,0.7551979367904138,180.13507843017578,0.19999999999999996,1.0,0.49496209621429443,0.2,0.0,1.0,50.0,0.78125,14.0,0.21875,0.78125,2.0,0.234375,,,,,,,
31-9VZJ,DynaMixEMATent,,,,,,,,,,3,64,15,0.234375,49.0,0.765625,0.765625,2,0.2745734453201294,0.869249165058136,0.869249165058136,0.5946757197380066,0.11717549827287421,0.622049752209685,0.2607747495174408,0.8414887773430586,235.76702499389648,0.19999999999999996,1.0,0.4351053833961487,0.2,0.0,1.0,46.0,0.71875,18.0,0.28125,0.71875,2.0,0.265625,,,,,,,
31-9VZJ,DynaMixEMATent,,,,,,,,,,4,64,22,0.34375,42.0,0.65625,0.65625,2,0.1366821825504303,0.6085588932037354,0.6085588932037354,0.47187671065330505,0.095579541462202,0.7218527905766774,0.1825676679611206,0.8830734512007827,274.71479415893555,0.19999999999999996,1.0,0.35529860854148865,0.2,0.0,1.0,51.0,0.796875,13.0,0.203125,0.796875,2.0,0.15625,,,,,,,
31-9VZJ,DynaMixEMATent,,,,,,,,,,5,64,55,0.859375,9.0,0.140625,0.859375,2,0.14815513789653778,0.7946659326553345,0.7946659326553345,0.6465108394622803,0.05985227703126148,0.7017479431721382,0.23839977979660032,0.921412474099237,325.57341384887695,0.19999999999999996,1.0,0.5123200416564941,0.2,0.0,1.0,37.0,0.578125,27.0,0.421875,0.578125,2.0,0.359375,,,,,,,
31-9VZJ,DynaMixEMATent,,,,,,,,,,6,29,0,0.0,29.0,1.0,1.0,1,0.25139835476875305,0.9419289231300354,0.9419289231300354,0.6905305981636047,0.04554565456893296,0.6718756684920564,0.2825786769390106,0.93651477436633,352.889352619648,0.19999999999999996,1.0,0.5844689607620239,0.2,0.0,1.0,15.0,0.5172413793103449,14.0,0.4827586206896552,0.5172413793103449,2.0,0.5,,,,,,,
31-9VZJ,TEMA,,,,,,,,,,0,64,54,0.84375,10.0,0.15625,0.84375,2,,,,,,,,,,,,,,,,,,,,,,,,,,,,,
31-9VZJ,TEMA,,,,,,,,,,1,64,11,0.171875,53.0,0.828125,0.828125,2,,,,,,,,,,,,,,,,,,,,,,,,,,,,,
31-9VZJ,TEMA,,,,,,,,,,2,64,17,0.265625,47.0,0.734375,0.734375,2,,,,,,,,,,,,,,,,,,,,,,,,,,,,,
31-9VZJ,TEMA,,,,,,,,,,3,64,15,0.234375,49.0,0.765625,0.765625,2,,,,,,,,,,,,,,,,,,,,,,,,,,,,,
31-9VZJ,TEMA,,,,,,,,,,4,64,22,0.34375,42.0,0.65625,0.65625,2,,,,,,,,,,,,,,,,,,,,,,,,,,,,,
31-9VZJ,TEMA,,,,,,,,,,5,64,55,0.859375,9.0,0.140625,0.859375,2,,,,,,,,,,,,,,,,,,,,,,,,,,,,,
31-9VZJ,TEMA,,,,,,,,,,6,29,0,0.0,29.0,1.0,1.0,1,,,,,,,,,,,,,,,,,,,,,,,,,,,,,
31-9VZJ,DUA,,,,,,,,,,0,64,54,0.84375,10.0,0.15625,0.84375,2,,,,,,,,,,,,,,,,,,,,,,,0.099,,,,,,
31-9VZJ,DUA,,,,,,,,,,1,64,11,0.171875,53.0,0.828125,0.828125,2,,,,,,,,,,,,,,,,,,,,,,,0.09336,,,,,,
31-9VZJ,DUA,,,,,,,,,,2,64,17,0.265625,47.0,0.734375,0.734375,2,,,,,,,,,,,,,,,,,,,,,,,0.0880584,,,,,,
31-9VZJ,DUA,,,,,,,,,,3,64,15,0.234375,49.0,0.765625,0.765625,2,,,,,,,,,,,,,,,,,,,,,,,0.083074896,,,,,,
31-9VZJ,DUA,,,,,,,,,,4,64,22,0.34375,42.0,0.65625,0.65625,2,,,,,,,,,,,,,,,,,,,,,,,0.07839040223999999,,,,,,
31-9VZJ,DUA,,,,,,,,,,5,64,55,0.859375,9.0,0.140625,0.859375,2,,,,,,,,,,,,,,,,,,,,,,,0.07398697810559998,,,,,,
31-9VZJ,DUA,,,,,,,,,,6,29,0,0.0,29.0,1.0,1.0,1,,,,,,,,,,,,,,,,,,,,,,,0.06984775941926398,,,,,,
31-9VZJ,RoTTA,,,,,,,,,,0,64,54,0.84375,10.0,0.15625,0.84375,2,,,,,,,,,,,,,,,,,,,,,,,,61.0,,,,,
31-9VZJ,RoTTA,,,,,,,,,,1,64,11,0.171875,53.0,0.828125,0.828125,2,,,,,,,,,,,,,,,,,,,,,,,,64.0,,,,,
31-9VZJ,RoTTA,,,,,,,,,,2,64,17,0.265625,47.0,0.734375,0.734375,2,,,,,,,,,,,,,,,,,,,,,,,,64.0,,,,,
31-9VZJ,RoTTA,,,,,,,,,,3,64,15,0.234375,49.0,0.765625,0.765625,2,,,,,,,,,,,,,,,,,,,,,,,,64.0,,,,,
31-9VZJ,RoTTA,,,,,,,,,,4,64,22,0.34375,42.0,0.65625,0.65625,2,,,,,,,,,,,,,,,,,,,,,,,,64.0,,,,,
31-9VZJ,RoTTA,,,,,,,,,,5,64,55,0.859375,9.0,0.140625,0.859375,2,,,,,,,,,,,,,,,,,,,,,,,,64.0,,,,,
31-9VZJ,RoTTA,,,,,,,,,,6,29,0,0.0,29.0,1.0,1.0,1,,,,,,,,,,,,,,,,,,,,,,,,64.0,,,,,
31-9VZJ,NOTE,,,,,,,,,,0,64,54,0.84375,10.0,0.15625,0.84375,2,,,,,,,,,,,,,,,,,,,,,,,,,64.0,1.0,0.6001647710800171,,
31-9VZJ,NOTE,,,,,,,,,,1,64,11,0.171875,53.0,0.828125,0.828125,2,,,,,,,,,,,,,,,,,,,,,,,,,64.0,1.0,0.5609420537948608,,
31-9VZJ,NOTE,,,,,,,,,,2,64,17,0.265625,47.0,0.734375,0.734375,2,,,,,,,,,,,,,,,,,,,,,,,,,64.0,1.0,0.5573575496673584,,
31-9VZJ,NOTE,,,,,,,,,,3,64,15,0.234375,49.0,0.765625,0.765625,2,,,,,,,,,,,,,,,,,,,,,,,,,64.0,1.0,0.5228615999221802,,
31-9VZJ,NOTE,,,,,,,,,,4,64,22,0.34375,42.0,0.65625,0.65625,2,,,,,,,,,,,,,,,,,,,,,,,,,64.0,1.0,0.45204806327819824,,
31-9VZJ,NOTE,,,,,,,,,,5,64,55,0.859375,9.0,0.140625,0.859375,2,,,,,,,,,,,,,,,,,,,,,,,,,64.0,1.0,0.5203260779380798,,
31-9VZJ,NOTE,,,,,,,,,,6,29,0,0.0,29.0,1.0,1.0,1,,,,,,,,,,,,,,,,,,,,,,,,,64.0,0.0,,,
31-9VZJ,DELTA,,,,,,,,,,0,64,54,0.84375,10.0,0.15625,0.84375,2,,,,,,,,,,,,,,,,,,,,,,,,,,,,0.280010461807251,6.0
31-9VZJ,DELTA,,,,,,,,,,1,64,11,0.171875,53.0,0.828125,0.828125,2,,,,,,,,,,,,,,,,,,,,,,,,,,,,0.19345723092556,5.0
31-9VZJ,DELTA,,,,,,,,,,2,64,17,0.265625,47.0,0.734375,0.734375,2,,,,,,,,,,,,,,,,,,,,,,,,,,,,0.18105566501617432,22.0
31-9VZJ,DELTA,,,,,,,,,,3,64,15,0.234375,49.0,0.765625,0.765625,2,,,,,,,,,,,,,,,,,,,,,,,,,,,,0.07550368458032608,43.0
31-9VZJ,DELTA,,,,,,,,,,4,64,22,0.34375,42.0,0.65625,0.65625,2,,,,,,,,,,,,,,,,,,,,,,,,,,,,0.13290195167064667,36.0
31-9VZJ,DELTA,,,,,,,,,,5,64,55,0.859375,9.0,0.140625,0.859375,2,,,,,,,,,,,,,,,,,,,,,,,,,,,,0.21460247039794922,22.0
31-9VZJ,DELTA,,,,,,,,,,6,29,0,0.0,29.0,1.0,1.0,1,,,,,,,,,,,,,,,,,,,,,,,,,,,,0.1879778951406479,7.0
32-9VZN,EMATent,0.5375747084617615,0.5375747084617615,0.9084614515304565,1.0,0.3387275874614716,0.5,0.16127241253852845,0.0,0.0,0,64,64,1.0,,,1.0,1,,,,,,,,,,,,,,,,,,,,,,,,,,,,,
32-9VZN,EMATent,0.7935348153114319,0.7935348153114319,0.8376725912094116,1.0,0.26193955540657043,0.5,0.23806044459342957,0.0,0.0,1,64,64,1.0,,,1.0,1,,,,,,,,,,,,,,,,,,,,,,,,,,,,,
32-9VZN,EMATent,0.9848942756652832,0.9848942756652832,0.8403323292732239,1.0,0.20453171730041506,0.5,0.29546828269958497,0.0,0.0,2,64,46,0.71875,18.0,0.28125,0.71875,2,,,,,,,,,,,,,,,,,,,,,,,,,,,,,
32-9VZN,EMATent,0.9852420091629028,0.9852420091629028,0.7622089982032776,1.0,0.20442739725112916,0.5,0.2955726027488708,0.0,0.0,3,64,16,0.25,48.0,0.75,0.75,2,,,,,,,,,,,,,,,,,,,,,,,,,,,,,
32-9VZN,EMATent,0.8273099064826965,0.8273099064826965,0.7675912380218506,1.0,0.25180702805519106,0.5,0.24819297194480894,0.0,0.0,4,64,42,0.65625,22.0,0.34375,0.65625,2,,,,,,,,,,,,,,,,,,,,,,,,,,,,,
32-9VZN,EMATent,0.8858165740966797,0.8858165740966797,0.785786509513855,1.0,0.2342550277709961,0.5,0.2657449722290039,0.0,0.0,5,64,53,0.828125,11.0,0.171875,0.828125,2,,,,,,,,,,,,,,,,,,,,,,,,,,,,,
32-9VZN,EMATent,0.572536051273346,0.572536051273346,0.8882551193237305,1.0,0.3282391846179962,0.5,0.17176081538200377,0.0,0.0,6,29,18,0.6206896551724138,11.0,0.3793103448275862,0.6206896551724138,2,,,,,,,,,,,,,,,,,,,,,,,,,,,,,
32-9VZN,DynaMixEMATent,,,,,,,,,,0,64,64,1.0,,,1.0,1,0.19042378664016724,0.5375747084617615,0.5375747084617615,0.34715089201927185,0.6410443301569787,0.19768325730449285,0.16127241253852845,0.23569423524366162,34.404781341552734,0.19999999999999996,1.0,0.36799705028533936,0.2,0.0,1.0,11.0,0.171875,53.0,0.828125,0.828125,2.0,0.0,,,,,,,
32-9VZN,DynaMixEMATent,,,,,,,,,,1,64,64,1.0,,,1.0,1,0.25665563344955444,0.7070426344871521,0.7070426344871521,0.45038700103759766,0.42286216428119544,0.36502504537265895,0.21211279034614564,0.46329606687361613,79.65550994873047,0.19999999999999996,1.0,0.4155910015106201,0.2,0.0,1.0,13.0,0.203125,51.0,0.796875,0.796875,2.0,0.0,,,,,,,
32-9VZN,DynaMixEMATent,,,,,,,,,,2,64,46,0.71875,18.0,0.28125,0.71875,2,0.44288912415504456,0.9490236639976501,0.9490236639976501,0.5061345100402832,0.23885856697942345,0.47643433382128153,0.28470709919929504,0.666068869532966,140.39302444458008,0.19999999999999996,1.0,0.45164674520492554,0.2,0.0,1.0,27.0,0.421875,37.0,0.578125,0.578125,2.0,0.21875,,,,,,,
32-9VZN,DynaMixEMATent,,,,,,,,,,3,64,16,0.25,48.0,0.75,0.75,2,0.25374776124954224,0.9330549836158752,0.9330549836158752,0.679307222366333,0.15080976212458538,0.569273742790652,0.2799164950847626,0.7905662869720401,200.1085433959961,0.19999999999999996,1.0,0.5249538421630859,0.2,0.0,1.0,21.0,0.328125,43.0,0.671875,0.671875,2.0,0.25,,,,,,,
32-9VZN,DynaMixEMATent,,,,,,,,,,4,64,42,0.65625,22.0,0.34375,0.65625,2,0.07837653905153275,0.5957072377204895,0.5957072377204895,0.5173307061195374,0.1276985000295859,0.6935893286542673,0.17871217131614683,0.8445143157250633,238.23380661010742,0.19999999999999996,1.0,0.49811851978302,0.2,0.0,1.0,9.0,0.140625,55.0,0.859375,0.859375,2.0,0.15625,,,,,,,
32-9VZN,DynaMixEMATent,,,,,,,,,,5,64,53,0.828125,11.0,0.171875,0.828125,2,0.1399974822998047,0.6946362853050232,0.6946362853050232,0.5546388030052185,0.0869686727760129,0.7046404416324801,0.20839088559150695,0.8901368476018651,282.6905288696289,0.19999999999999996,1.0,0.4562165141105652,0.2,0.0,1.0,13.0,0.203125,51.0,0.796875,0.796875,2.0,0.328125,,,,,,,
32-9VZN,DynaMixEMATent,,,,,,,,,,6,29,18,0.6206896551724138,11.0,0.3793103448275862,0.6206896551724138,2,0.1350269317626953,0.42043840885162354,0.42043840885162354,0.2854114770889282,0.08728289821717497,0.786585579127338,0.12613152265548705,0.9001189532749736,294.883242726326,0.19999999999999996,1.0,0.27051231265068054,0.2,0.0,1.0,5.0,0.1724137931034483,24.0,0.8275862068965517,0.8275862068965517,2.0,0.12068965517241381,,,,,,,
32-9VZN,TEMA,,,,,,,,,,0,64,64,1.0,0.0,0.0,1.0,1,,,,,,,,,,,,,,,,,,,,,,,,,,,,,
32-9VZN,TEMA,,,,,,,,,,1,64,64,1.0,0.0,0.0,1.0,1,,,,,,,,,,,,,,,,,,,,,,,,,,,,,
32-9VZN,TEMA,,,,,,,,,,2,64,46,0.71875,18.0,0.28125,0.71875,2,,,,,,,,,,,,,,,,,,,,,,,,,,,,,
32-9VZN,TEMA,,,,,,,,,,3,64,16,0.25,48.0,0.75,0.75,2,,,,,,,,,,,,,,,,,,,,,,,,,,,,,
32-9VZN,TEMA,,,,,,,,,,4,64,42,0.65625,22.0,0.34375,0.65625,2,,,,,,,,,,,,,,,,,,,,,,,,,,,,,
32-9VZN,TEMA,,,,,,,,,,5,64,53,0.828125,11.0,0.171875,0.828125,2,,,,,,,,,,,,,,,,,,,,,,,,,,,,,
32-9VZN,TEMA,,,,,,,,,,6,29,18,0.6206896551724138,11.0,0.3793103448275862,0.6206896551724138,2,,,,,,,,,,,,,,,,,,,,,,,,,,,,,
32-9VZN,DUA,,,,,,,,,,0,64,64,1.0,0.0,0.0,1.0,1,,,,,,,,,,,,,,,,,,,,,,,0.099,,,,,,
32-9VZN,DUA,,,,,,,,,,1,64,64,1.0,0.0,0.0,1.0,1,,,,,,,,,,,,,,,,,,,,,,,0.09336,,,,,,
32-9VZN,DUA,,,,,,,,,,2,64,46,0.71875,18.0,0.28125,0.71875,2,,,,,,,,,,,,,,,,,,,,,,,0.0880584,,,,,,
32-9VZN,DUA,,,,,,,,,,3,64,16,0.25,48.0,0.75,0.75,2,,,,,,,,,,,,,,,,,,,,,,,0.083074896,,,,,,
32-9VZN,DUA,,,,,,,,,,4,64,42,0.65625,22.0,0.34375,0.65625,2,,,,,,,,,,,,,,,,,,,,,,,0.07839040223999999,,,,,,
32-9VZN,DUA,,,,,,,,,,5,64,53,0.828125,11.0,0.171875,0.828125,2,,,,,,,,,,,,,,,,,,,,,,,0.07398697810559998,,,,,,
32-9VZN,DUA,,,,,,,,,,6,29,18,0.6206896551724138,11.0,0.3793103448275862,0.6206896551724138,2,,,,,,,,,,,,,,,,,,,,,,,0.06984775941926398,,,,,,
32-9VZN,RoTTA,,,,,,,,,,0,64,64,1.0,0.0,0.0,1.0,1,,,,,,,,,,,,,,,,,,,,,,,,49.0,,,,,
32-9VZN,RoTTA,,,,,,,,,,1,64,64,1.0,0.0,0.0,1.0,1,,,,,,,,,,,,,,,,,,,,,,,,64.0,,,,,
32-9VZN,RoTTA,,,,,,,,,,2,64,46,0.71875,18.0,0.28125,0.71875,2,,,,,,,,,,,,,,,,,,,,,,,,64.0,,,,,
32-9VZN,RoTTA,,,,,,,,,,3,64,16,0.25,48.0,0.75,0.75,2,,,,,,,,,,,,,,,,,,,,,,,,64.0,,,,,
32-9VZN,RoTTA,,,,,,,,,,4,64,42,0.65625,22.0,0.34375,0.65625,2,,,,,,,,,,,,,,,,,,,,,,,,64.0,,,,,
32-9VZN,RoTTA,,,,,,,,,,5,64,53,0.828125,11.0,0.171875,0.828125,2,,,,,,,,,,,,,,,,,,,,,,,,64.0,,,,,
32-9VZN,RoTTA,,,,,,,,,,6,29,18,0.6206896551724138,11.0,0.3793103448275862,0.6206896551724138,2,,,,,,,,,,,,,,,,,,,,,,,,64.0,,,,,
32-9VZN,NOTE,,,,,,,,,,0,64,64,1.0,0.0,0.0,1.0,1,,,,,,,,,,,,,,,,,,,,,,,,,64.0,1.0,0.5975411534309387,,
32-9VZN,NOTE,,,,,,,,,,1,64,64,1.0,0.0,0.0,1.0,1,,,,,,,,,,,,,,,,,,,,,,,,,64.0,1.0,0.6014626026153564,,
32-9VZN,NOTE,,,,,,,,,,2,64,46,0.71875,18.0,0.28125,0.71875,2,,,,,,,,,,,,,,,,,,,,,,,,,64.0,1.0,0.4355658292770386,,
32-9VZN,NOTE,,,,,,,,,,3,64,16,0.25,48.0,0.75,0.75,2,,,,,,,,,,,,,,,,,,,,,,,,,64.0,1.0,0.5419760942459106,,
32-9VZN,NOTE,,,,,,,,,,4,64,42,0.65625,22.0,0.34375,0.65625,2,,,,,,,,,,,,,,,,,,,,,,,,,64.0,1.0,0.5743412971496582,,
32-9VZN,NOTE,,,,,,,,,,5,64,53,0.828125,11.0,0.171875,0.828125,2,,,,,,,,,,,,,,,,,,,,,,,,,64.0,1.0,0.566705584526062,,
32-9VZN,NOTE,,,,,,,,,,6,29,18,0.6206896551724138,11.0,0.3793103448275862,0.6206896551724138,2,,,,,,,,,,,,,,,,,,,,,,,,,64.0,0.0,,,
32-9VZN,DELTA,,,,,,,,,,0,64,64,1.0,0.0,0.0,1.0,1,,,,,,,,,,,,,,,,,,,,,,,,,,,,0.27273115515708923,3.0
32-9VZN,DELTA,,,,,,,,,,1,64,64,1.0,0.0,0.0,1.0,1,,,,,,,,,,,,,,,,,,,,,,,,,,,,0.1246275082230568,23.0
32-9VZN,DELTA,,,,,,,,,,2,64,46,0.71875,18.0,0.28125,0.71875,2,,,,,,,,,,,,,,,,,,,,,,,,,,,,0.011179890483617783,51.0
32-9VZN,DELTA,,,,,,,,,,3,64,16,0.25,48.0,0.75,0.75,2,,,,,,,,,,,,,,,,,,,,,,,,,,,,0.044485729187726974,33.0
32-9VZN,DELTA,,,,,,,,,,4,64,42,0.65625,22.0,0.34375,0.65625,2,,,,,,,,,,,,,,,,,,,,,,,,,,,,0.17667748034000397,16.0
32-9VZN,DELTA,,,,,,,,,,5,64,53,0.828125,11.0,0.171875,0.828125,2,,,,,,,,,,,,,,,,,,,,,,,,,,,,0.22556836903095245,11.0
32-9VZN,DELTA,,,,,,,,,,6,29,18,0.6206896551724138,11.0,0.3793103448275862,0.6206896551724138,2,,,,,,,,,,,,,,,,,,,,,,,,,,,,0.2326655387878418,12.0
33-9VZR,EMATent,0.8599247932434082,0.8599247932434082,0.8090946674346924,1.0,0.24202256202697756,0.5,0.25797743797302247,0.0,0.0,0,64,11,0.171875,53.0,0.828125,0.828125,2,,,,,,,,,,,,,,,,,,,,,,,,,,,,,
33-9VZR,EMATent,0.9896077513694763,0.9896077513694763,0.7980270385742188,1.0,0.2031176745891571,0.5,0.29688232541084286,0.0,0.0,1,64,29,0.453125,35.0,0.546875,0.546875,2,,,,,,,,,,,,,,,,,,,,,,,,,,,,,
33-9VZR,EMATent,0.9797738194465637,0.9797738194465637,0.7937098145484924,1.0,0.2060678541660309,0.5,0.2939321458339691,0.0,0.0,2,64,42,0.65625,22.0,0.34375,0.65625,2,,,,,,,,,,,,,,,,,,,,,,,,,,,,,
33-9VZR,EMATent,0.9105334877967834,0.9105334877967834,0.7460917234420776,1.0,0.226839953660965,0.5,0.273160046339035,0.0,0.0,3,64,43,0.671875,21.0,0.328125,0.671875,2,,,,,,,,,,,,,,,,,,,,,,,,,,,,,
33-9VZR,EMATent,0.9995772838592529,0.9995772838592529,0.7316850423812866,1.0,0.20012681484222414,0.5,0.2998731851577759,0.0,0.0,4,64,53,0.828125,11.0,0.171875,0.828125,2,,,,,,,,,,,,,,,,,,,,,,,,,,,,,
33-9VZR,EMATent,0.910653829574585,0.910653829574585,0.7149466276168823,1.0,0.22680385112762452,0.5,0.2731961488723755,0.0,0.0,5,64,21,0.328125,43.0,0.671875,0.671875,2,,,,,,,,,,,,,,,,,,,,,,,,,,,,,
33-9VZR,EMATent,0.9920000433921814,0.9920000433921814,0.7814300656318665,1.0,0.2023999869823456,0.5,0.29760001301765443,0.0,0.0,6,29,18,0.6206896551724138,11.0,0.3793103448275862,0.6206896551724138,2,,,,,,,,,,,,,,,,,,,,,,,,,,,,,
33-9VZR,DynaMixEMATent,,,,,,,,,,0,64,11,0.171875,53.0,0.828125,0.828125,2,0.26187145709991455,0.8599247932434082,0.8599247932434082,0.5980533361434937,0.48271057629557756,0.2593119857314,0.25797743797302247,0.34946644347718936,55.035186767578125,0.19999999999999996,1.0,0.3976365625858307,0.2,0.0,1.0,26.0,0.40625,38.0,0.59375,0.59375,2.0,0.328125,,,,,,,
33-9VZR,DynaMixEMATent,,,,,,,,,,1,64,29,0.453125,35.0,0.546875,0.546875,2,0.3167465925216675,0.9897799491882324,0.9897799491882324,0.6730333566665649,0.2788289248648044,0.4242370903787259,0.2969339847564697,0.6034100371524533,118.381103515625,0.19999999999999996,1.0,0.4170227646827698,0.2,0.0,1.0,33.0,0.515625,31.0,0.484375,0.515625,2.0,0.046875,,,,,,,
33-9VZR,DynaMixEMATent,,,,,,,,,,2,64,42,0.65625,22.0,0.34375,0.65625,2,0.289987176656723,0.9896911978721619,0.9896911978721619,0.6997039914131165,0.16999868334291565,0.5330939572954358,0.2969073593616485,0.7582129672292253,181.72134017944336,0.19999999999999996,1.0,0.5499154329299927,0.2,0.0,1.0,27.0,0.421875,37.0,0.578125,0.578125,2.0,0.15625,,,,,,,
33-9VZR,DynaMixEMATent,,,,,,,,,,3,64,43,0.671875,21.0,0.328125,0.671875,2,0.18900041282176971,0.9245559573173523,0.9245559573173523,0.7355555295944214,0.11004901217280601,0.6125842006319883,0.2773667871952057,0.8477111067927988,240.8929214477539,0.19999999999999996,1.0,0.593294084072113,0.2,0.0,1.0,34.0,0.53125,30.0,0.46875,0.53125,2.0,0.171875,,,,,,,
33-9VZR,DynaMixEMATent,,,,,,,,,,4,64,53,0.828125,11.0,0.171875,0.828125,2,0.24592702090740204,0.9983816146850586,0.9983816146850586,0.7524546384811401,0.0647547419192158,0.6357307736752666,0.2995144844055176,0.907557343474461,304.78934478759766,0.19999999999999996,1.0,0.5641162395477295,0.2,0.0,1.0,27.0,0.421875,37.0,0.578125,0.578125,2.0,0.328125,,,,,,,
33-9VZR,DynaMixEMATent,,,,,,,,,,5,64,21,0.328125,43.0,0.671875,0.671875,2,0.18229180574417114,0.9263712763786316,0.9263712763786316,0.7440794706344604,0.04200528633010349,0.680083330756307,0.27791138291358947,0.9418280729869519,364.0771064758301,0.19999999999999996,1.0,0.5492176413536072,0.2,0.0,1.0,38.0,0.59375,26.0,0.40625,0.59375,2.0,0.171875,,,,,,,
33-9VZR,DynaMixEMATent,,,,,,,,,,6,29,18,0.6206896551724138,11.0,0.3793103448275862,0.6206896551724138,2,0.33997273445129395,0.9981042146682739,0.9981042146682739,0.6581315398216248,0.032505428433477826,0.66806330716604,0.2994312644004822,0.9536013715975192,393.02212870121,0.19999999999999996,1.0,0.5331311821937561,0.2,0.0,1.0,8.0,0.27586206896551724,21.0,0.7241379310344828,0.7241379310344828,2.0,0.12068965517241381,,,,,,,
33-9VZR,TEMA,,,,,,,,,,0,64,11,0.171875,53.0,0.828125,0.828125,2,,,,,,,,,,,,,,,,,,,,,,,,,,,,,
33-9VZR,TEMA,,,,,,,,,,1,64,29,0.453125,35.0,0.546875,0.546875,2,,,,,,,,,,,,,,,,,,,,,,,,,,,,,
33-9VZR,TEMA,,,,,,,,,,2,64,42,0.65625,22.0,0.34375,0.65625,2,,,,,,,,,,,,,,,,,,,,,,,,,,,,,
33-9VZR,TEMA,,,,,,,,,,3,64,43,0.671875,21.0,0.328125,0.671875,2,,,,,,,,,,,,,,,,,,,,,,,,,,,,,
33-9VZR,TEMA,,,,,,,,,,4,64,53,0.828125,11.0,0.171875,0.828125,2,,,,,,,,,,,,,,,,,,,,,,,,,,,,,
33-9VZR,TEMA,,,,,,,,,,5,64,21,0.328125,43.0,0.671875,0.671875,2,,,,,,,,,,,,,,,,,,,,,,,,,,,,,
33-9VZR,TEMA,,,,,,,,,,6,29,18,0.6206896551724138,11.0,0.3793103448275862,0.6206896551724138,2,,,,,,,,,,,,,,,,,,,,,,,,,,,,,
33-9VZR,DUA,,,,,,,,,,0,64,11,0.171875,53.0,0.828125,0.828125,2,,,,,,,,,,,,,,,,,,,,,,,0.099,,,,,,
33-9VZR,DUA,,,,,,,,,,1,64,29,0.453125,35.0,0.546875,0.546875,2,,,,,,,,,,,,,,,,,,,,,,,0.09336,,,,,,
33-9VZR,DUA,,,,,,,,,,2,64,42,0.65625,22.0,0.34375,0.65625,2,,,,,,,,,,,,,,,,,,,,,,,0.0880584,,,,,,
33-9VZR,DUA,,,,,,,,,,3,64,43,0.671875,21.0,0.328125,0.671875,2,,,,,,,,,,,,,,,,,,,,,,,0.083074896,,,,,,
33-9VZR,DUA,,,,,,,,,,4,64,53,0.828125,11.0,0.171875,0.828125,2,,,,,,,,,,,,,,,,,,,,,,,0.07839040223999999,,,,,,
33-9VZR,DUA,,,,,,,,,,5,64,21,0.328125,43.0,0.671875,0.671875,2,,,,,,,,,,,,,,,,,,,,,,,0.07398697810559998,,,,,,
33-9VZR,DUA,,,,,,,,,,6,29,18,0.6206896551724138,11.0,0.3793103448275862,0.6206896551724138,2,,,,,,,,,,,,,,,,,,,,,,,0.06984775941926398,,,,,,
33-9VZR,RoTTA,,,,,,,,,,0,64,11,0.171875,53.0,0.828125,0.828125,2,,,,,,,,,,,,,,,,,,,,,,,,57.0,,,,,
33-9VZR,RoTTA,,,,,,,,,,1,64,29,0.453125,35.0,0.546875,0.546875,2,,,,,,,,,,,,,,,,,,,,,,,,64.0,,,,,
33-9VZR,RoTTA,,,,,,,,,,2,64,42,0.65625,22.0,0.34375,0.65625,2,,,,,,,,,,,,,,,,,,,,,,,,64.0,,,,,
33-9VZR,RoTTA,,,,,,,,,,3,64,43,0.671875,21.0,0.328125,0.671875,2,,,,,,,,,,,,,,,,,,,,,,,,64.0,,,,,
33-9VZR,RoTTA,,,,,,,,,,4,64,53,0.828125,11.0,0.171875,0.828125,2,,,,,,,,,,,,,,,,,,,,,,,,64.0,,,,,
33-9VZR,RoTTA,,,,,,,,,,5,64,21,0.328125,43.0,0.671875,0.671875,2,,,,,,,,,,,,,,,,,,,,,,,,64.0,,,,,
33-9VZR,RoTTA,,,,,,,,,,6,29,18,0.6206896551724138,11.0,0.3793103448275862,0.6206896551724138,2,,,,,,,,,,,,,,,,,,,,,,,,64.0,,,,,
33-9VZR,NOTE,,,,,,,,,,0,64,11,0.171875,53.0,0.828125,0.828125,2,,,,,,,,,,,,,,,,,,,,,,,,,64.0,1.0,0.5275903940200806,,
33-9VZR,NOTE,,,,,,,,,,1,64,29,0.453125,35.0,0.546875,0.546875,2,,,,,,,,,,,,,,,,,,,,,,,,,64.0,1.0,0.5080016851425171,,
33-9VZR,NOTE,,,,,,,,,,2,64,42,0.65625,22.0,0.34375,0.65625,2,,,,,,,,,,,,,,,,,,,,,,,,,64.0,1.0,0.605128288269043,,
33-9VZR,NOTE,,,,,,,,,,3,64,43,0.671875,21.0,0.328125,0.671875,2,,,,,,,,,,,,,,,,,,,,,,,,,64.0,1.0,0.5905838012695312,,
33-9VZR,NOTE,,,,,,,,,,4,64,53,0.828125,11.0,0.171875,0.828125,2,,,,,,,,,,,,,,,,,,,,,,,,,64.0,1.0,0.5629991888999939,,
33-9VZR,NOTE,,,,,,,,,,5,64,21,0.328125,43.0,0.671875,0.671875,2,,,,,,,,,,,,,,,,,,,,,,,,,64.0,1.0,0.5480930805206299,,
33-9VZR,NOTE,,,,,,,,,,6,29,18,0.6206896551724138,11.0,0.3793103448275862,0.6206896551724138,2,,,,,,,,,,,,,,,,,,,,,,,,,64.0,0.0,,,
33-9VZR,DELTA,,,,,,,,,,0,64,11,0.171875,53.0,0.828125,0.828125,2,,,,,,,,,,,,,,,,,,,,,,,,,,,,0.22345387935638428,12.0
33-9VZR,DELTA,,,,,,,,,,1,64,29,0.453125,35.0,0.546875,0.546875,2,,,,,,,,,,,,,,,,,,,,,,,,,,,,0.057047974318265915,58.0
33-9VZR,DELTA,,,,,,,,,,2,64,42,0.65625,22.0,0.34375,0.65625,2,,,,,,,,,,,,,,,,,,,,,,,,,,,,0.27941611409187317,4.0
33-9VZR,DELTA,,,,,,,,,,3,64,43,0.671875,21.0,0.328125,0.671875,2,,,,,,,,,,,,,,,,,,,,,,,,,,,,0.15435437858104706,36.0
33-9VZR,DELTA,,,,,,,,,,4,64,53,0.828125,11.0,0.171875,0.828125,2,,,,,,,,,,,,,,,,,,,,,,,,,,,,0.1822439283132553,19.0
33-9VZR,DELTA,,,,,,,,,,5,64,21,0.328125,43.0,0.671875,0.671875,2,,,,,,,,,,,,,,,,,,,,,,,,,,,,0.20116756856441498,16.0
33-9VZR,DELTA,,,,,,,,,,6,29,18,0.6206896551724138,11.0,0.3793103448275862,0.6206896551724138,2,,,,,,,,,,,,,,,,,,,,,,,,,,,,0.22073400020599365,10.0
34-9W1R,EMATent,0.9976813197135925,0.9976813197135925,0.8194043636322021,1.0,0.20069560408592224,0.5,0.29930439591407776,0.0,0.0,0,64,33,0.515625,31.0,0.484375,0.515625,2,,,,,,,,,,,,,,,,,,,,,,,,,,,,,
34-9W1R,EMATent,0.9789823293685913,0.9789823293685913,0.7450990676879883,1.0,0.2063053011894226,0.5,0.29369469881057736,0.0,0.0,1,64,30,0.46875,34.0,0.53125,0.53125,2,,,,,,,,,,,,,,,,,,,,,,,,,,,,,
34-9W1R,EMATent,0.9958038926124573,0.9958038926124573,0.751570463180542,1.0,0.20125883221626284,0.5,0.29874116778373716,0.0,0.0,2,64,24,0.375,40.0,0.625,0.625,2,,,,,,,,,,,,,,,,,,,,,,,,,,,,,
34-9W1R,EMATent,0.8521024584770203,0.8521024584770203,0.7950184941291809,1.0,0.24436926245689394,0.5,0.25563073754310606,0.0,0.0,3,64,11,0.171875,53.0,0.828125,0.828125,2,,,,,,,,,,,,,,,,,,,,,,,,,,,,,
34-9W1R,EMATent,0.9671977758407593,0.9671977758407593,0.6930515766143799,1.0,0.20984066724777223,0.5,0.29015933275222777,0.0,0.0,4,6,0,0.0,6.0,1.0,1.0,1,,,,,,,,,,,,,,,,,,,,,,,,,,,,,
34-9W1R,DynaMixEMATent,,,,,,,,,,0,64,33,0.515625,31.0,0.484375,0.515625,2,0.42241132259368896,0.9976813197135925,0.9976813197135925,0.5752699971199036,0.4254863645956703,0.27520923949025194,0.29930439591407776,0.39276575717821205,63.85160446166992,0.19999999999999996,1.0,0.44964399933815,0.2,0.0,1.0,28.0,0.4375,36.0,0.5625,0.5625,2.0,0.015625,,,,,,,
34-9W1R,DynaMixEMATent,,,,,,,,,,1,64,30,0.46875,34.0,0.53125,0.53125,2,0.23587007820606232,0.9980911016464233,0.9980911016464233,0.7622209787368774,0.25827163740057135,0.44230103210550165,0.299427330493927,0.6313421167533392,127.72943496704102,0.19999999999999996,1.0,0.5329469442367554,0.2,0.0,1.0,33.0,0.515625,31.0,0.484375,0.515625,2.0,0.03125,,,,,,,
34-9W1R,DynaMixEMATent,,,,,,,,,,2,64,24,0.375,40.0,0.625,0.625,2,0.2889956831932068,0.9945257902145386,0.9945257902145386,0.7055301070213318,0.1573188395849772,0.5443234233506613,0.2983577370643616,0.7757848295415352,191.37908554077148,0.19999999999999996,1.0,0.49281615018844604,0.2,0.0,1.0,20.0,0.3125,44.0,0.6875,0.6875,2.0,0.125,,,,,,,
34-9W1R,DynaMixEMATent,,,,,,,,,,3,64,11,0.171875,53.0,0.828125,0.828125,2,0.2425602823495865,0.8880507946014404,0.8880507946014404,0.6454905271530151,0.10550608675186175,0.6280786748677061,0.26641523838043213,0.8561773740788573,248.21433639526367,0.19999999999999996,1.0,0.4847820997238159,0.2,0.0,1.0,48.0,0.75,16.0,0.25,0.75,2.0,0.328125,,,,,,,
34-9W1R,DynaMixEMATent,,,,,,,,,,4,6,0,0.0,6.0,1.0,1.0,1,0.12281134724617004,0.9666131734848022,0.9666131734848022,0.8438018560409546,0.09759273722166165,0.6124233107328978,0.28998395204544064,0.8625485473140918,254.01401543617249,0.19999999999999996,1.0,0.6493044495582581,0.2,0.0,1.0,3.0,0.5,3.0,0.5,0.5,2.0,0.5,,,,,,,
34-9W1R,TEMA,,,,,,,,,,0,64,33,0.515625,31.0,0.484375,0.515625,2,,,,,,,,,,,,,,,,,,,,,,,,,,,,,
34-9W1R,TEMA,,,,,,,,,,1,64,30,0.46875,34.0,0.53125,0.53125,2,,,,,,,,,,,,,,,,,,,,,,,,,,,,,
34-9W1R,TEMA,,,,,,,,,,2,64,24,0.375,40.0,0.625,0.625,2,,,,,,,,,,,,,,,,,,,,,,,,,,,,,
34-9W1R,TEMA,,,,,,,,,,3,64,11,0.171875,53.0,0.828125,0.828125,2,,,,,,,,,,,,,,,,,,,,,,,,,,,,,
34-9W1R,TEMA,,,,,,,,,,4,6,0,0.0,6.0,1.0,1.0,1,,,,,,,,,,,,,,,,,,,,,,,,,,,,,
34-9W1R,DUA,,,,,,,,,,0,64,33,0.515625,31.0,0.484375,0.515625,2,,,,,,,,,,,,,,,,,,,,,,,0.099,,,,,,
34-9W1R,DUA,,,,,,,,,,1,64,30,0.46875,34.0,0.53125,0.53125,2,,,,,,,,,,,,,,,,,,,,,,,0.09336,,,,,,
34-9W1R,DUA,,,,,,,,,,2,64,24,0.375,40.0,0.625,0.625,2,,,,,,,,,,,,,,,,,,,,,,,0.0880584,,,,,,
34-9W1R,DUA,,,,,,,,,,3,64,11,0.171875,53.0,0.828125,0.828125,2,,,,,,,,,,,,,,,,,,,,,,,0.083074896,,,,,,
34-9W1R,DUA,,,,,,,,,,4,6,0,0.0,6.0,1.0,1.0,1,,,,,,,,,,,,,,,,,,,,,,,0.07839040223999999,,,,,,
34-9W1R,RoTTA,,,,,,,,,,0,64,33,0.515625,31.0,0.484375,0.515625,2,,,,,,,,,,,,,,,,,,,,,,,,62.0,,,,,
34-9W1R,RoTTA,,,,,,,,,,1,64,30,0.46875,34.0,0.53125,0.53125,2,,,,,,,,,,,,,,,,,,,,,,,,64.0,,,,,
34-9W1R,RoTTA,,,,,,,,,,2,64,24,0.375,40.0,0.625,0.625,2,,,,,,,,,,,,,,,,,,,,,,,,64.0,,,,,
34-9W1R,RoTTA,,,,,,,,,,3,64,11,0.171875,53.0,0.828125,0.828125,2,,,,,,,,,,,,,,,,,,,,,,,,64.0,,,,,
34-9W1R,RoTTA,,,,,,,,,,4,6,0,0.0,6.0,1.0,1.0,1,,,,,,,,,,,,,,,,,,,,,,,,64.0,,,,,
34-9W1R,NOTE,,,,,,,,,,0,64,33,0.515625,31.0,0.484375,0.515625,2,,,,,,,,,,,,,,,,,,,,,,,,,64.0,1.0,0.48650825023651123,,
34-9W1R,NOTE,,,,,,,,,,1,64,30,0.46875,34.0,0.53125,0.53125,2,,,,,,,,,,,,,,,,,,,,,,,,,64.0,1.0,0.5395678281784058,,
34-9W1R,NOTE,,,,,,,,,,2,64,24,0.375,40.0,0.625,0.625,2,,,,,,,,,,,,,,,,,,,,,,,,,64.0,1.0,0.5446621179580688,,
34-9W1R,NOTE,,,,,,,,,,3,64,11,0.171875,53.0,0.828125,0.828125,2,,,,,,,,,,,,,,,,,,,,,,,,,64.0,1.0,0.5654702186584473,,
34-9W1R,NOTE,,,,,,,,,,4,6,0,0.0,6.0,1.0,1.0,1,,,,,,,,,,,,,,,,,,,,,,,,,64.0,0.0,,,
34-9W1R,DELTA,,,,,,,,,,0,64,33,0.515625,31.0,0.484375,0.515625,2,,,,,,,,,,,,,,,,,,,,,,,,,,,,0.2236166000366211,12.0
34-9W1R,DELTA,,,,,,,,,,1,64,30,0.46875,34.0,0.53125,0.53125,2,,,,,,,,,,,,,,,,,,,,,,,,,,,,0.1795341819524765,26.0
34-9W1R,DELTA,,,,,,,,,,2,64,24,0.375,40.0,0.625,0.625,2,,,,,,,,,,,,,,,,,,,,,,,,,,,,0.20399421453475952,17.0
34-9W1R,DELTA,,,,,,,,,,3,64,11,0.171875,53.0,0.828125,0.828125,2,,,,,,,,,,,,,,,,,,,,,,,,,,,,0.05228206887841225,38.0
34-9W1R,DELTA,,,,,,,,,,4,6,0,0.0,6.0,1.0,1.0,1,,,,,,,,,,,,,,,,,,,,,,,,,,,,0.22329972684383392,5.0
36-9W4C,EMATent,0.8855016231536865,0.8855016231536865,0.7998441457748413,1.0,0.23434951305389407,0.5,0.26565048694610593,0.0,0.0,0,64,42,0.65625,22.0,0.34375,0.65625,2,,,,,,,,,,,,,,,,,,,,,,,,,,,,,
36-9W4C,EMATent,0.9984763860702515,0.9984763860702515,0.6966434121131897,1.0,0.20045708417892458,0.5,0.29954291582107545,0.0,0.0,1,64,2,0.03125,62.0,0.96875,0.96875,2,,,,,,,,,,,,,,,,,,,,,,,,,,,,,
36-9W4C,EMATent,0.9781447649002075,0.9781447649002075,0.7552298307418823,1.0,0.20655657052993776,0.5,0.29344342947006224,0.0,0.0,2,64,33,0.515625,31.0,0.484375,0.515625,2,,,,,,,,,,,,,,,,,,,,,,,,,,,,,
36-9W4C,EMATent,0.9688478112220764,0.9688478112220764,0.7150154113769531,1.0,0.2093456566333771,0.5,0.29065434336662294,0.0,0.0,3,64,37,0.578125,27.0,0.421875,0.578125,2,,,,,,,,,,,,,,,,,,,,,,,,,,,,,
36-9W4C,EMATent,0.9807946681976318,0.9807946681976318,0.7522741556167603,1.0,0.20576159954071047,0.5,0.29423840045928956,0.0,0.0,4,64,28,0.4375,36.0,0.5625,0.5625,2,,,,,,,,,,,,,,,,,,,,,,,,,,,,,
36-9W4C,EMATent,0.9712871313095093,0.9712871313095093,0.7114733457565308,1.0,0.20861386060714723,0.5,0.2913861393928528,0.0,0.0,5,64,24,0.375,40.0,0.625,0.625,2,,,,,,,,,,,,,,,,,,,,,,,,,,,,,
36-9W4C,EMATent,0.6196821331977844,0.6196821331977844,0.8460318446159363,1.0,0.3140953600406647,0.5,0.18590463995933532,0.0,0.0,6,29,8,0.27586206896551724,21.0,0.7241379310344828,0.7241379310344828,2,,,,,,,,,,,,,,,,,,,,,,,,,,,,,
36-9W4C,DynaMixEMATent,,,,,,,,,,0,64,42,0.65625,22.0,0.34375,0.65625,2,0.26145878434181213,0.8855016231536865,0.8855016231536865,0.624042809009552,0.47164862958934584,0.26270088346454823,0.26565048694610593,0.35773276729233505,56.67210388183594,0.19999999999999996,1.0,0.5475899577140808,0.2,0.0,1.0,42.0,0.65625,22.0,0.34375,0.65625,2.0,0.15625,,,,,,,
36-9W4C,DynaMixEMATent,,,,,,,,,,1,64,2,0.03125,62.0,0.96875,0.96875,2,0.21176747977733612,0.997309148311615,0.997309148311615,0.7855416536331177,0.2733703603232766,0.42743689518323885,0.2991927444934845,0.6099207618424335,120.4998893737793,0.19999999999999996,1.0,0.6171975135803223,0.2,0.0,1.0,26.0,0.40625,38.0,0.59375,0.59375,2.0,0.46875,,,,,,,
36-9W4C,DynaMixEMATent,,,,,,,,,,2,64,33,0.515625,31.0,0.484375,0.515625,2,0.1841762214899063,0.9680463075637817,0.9680463075637817,0.7838701009750366,0.17058834477170343,0.538997762959162,0.2904138922691345,0.7595945820906561,182.45485305786133,0.19999999999999996,1.0,0.5989387035369873,0.2,0.0,1.0,28.0,0.4375,36.0,0.5625,0.5625,2.0,0.015625,,,,,,,
36-9W4C,DynaMixEMATent,,,,,,,,,,3,64,37,0.578125,27.0,0.421875,0.578125,2,0.1808687299489975,0.9866724014282227,0.9866724014282227,0.805803656578064,0.10333862034548753,0.6006596592260456,0.2960017204284668,0.8532118282897205,245.60188674926758,0.19999999999999996,1.0,0.5903875827789307,0.2,0.0,1.0,27.0,0.421875,37.0,0.578125,0.578125,2.0,0.078125,,,,,,,
36-9W4C,DynaMixEMATent,,,,,,,,,,4,64,28,0.4375,36.0,0.5625,0.5625,2,0.21810710430145264,0.9567622542381287,0.9567622542381287,0.738655149936676,0.06486416623455746,0.6481071574940039,0.2870286762714386,0.9090227557886295,306.8346710205078,0.19999999999999996,1.0,0.5555198192596436,0.2,0.0,1.0,30.0,0.46875,34.0,0.53125,0.53125,2.0,0.0625,,,,,,,
36-9W4C,DynaMixEMATent,,,,,,,,,,5,64,24,0.375,40.0,0.625,0.625,2,0.12313605099916458,0.9294177889823914,0.9294177889823914,0.8062817454338074,0.041224246790094614,0.6799504165151881,0.2788253366947174,0.9428373612001898,366.31740951538086,0.19999999999999996,1.0,0.5626999735832214,0.2,0.0,1.0,21.0,0.328125,43.0,0.671875,0.671875,2.0,0.125,,,,,,,
36-9W4C,DynaMixEMATent,,,,,,,,,,6,29,8,0.27586206896551724,21.0,0.7241379310344828,0.7241379310344828,2,0.025675591081380844,0.5524390339851379,0.5524390339851379,0.5267634391784668,0.04207855845372779,0.7921897313507309,0.16573171019554137,0.9495623182997996,382.33814150094986,0.19999999999999996,1.0,0.46799564361572266,0.2,0.0,1.0,4.0,0.13793103448275862,25.0,0.8620689655172413,0.8620689655172413,2.0,0.22413793103448276,,,,,,,
36-9W4C,TEMA,,,,,,,,,,0,64,42,0.65625,22.0,0.34375,0.65625,2,,,,,,,,,,,,,,,,,,,,,,,,,,,,,
36-9W4C,TEMA,,,,,,,,,,1,64,2,0.03125,62.0,0.96875,0.96875,2,,,,,,,,,,,,,,,,,,,,,,,,,,,,,
36-9W4C,TEMA,,,,,,,,,,2,64,33,0.515625,31.0,0.484375,0.515625,2,,,,,,,,,,,,,,,,,,,,,,,,,,,,,
36-9W4C,TEMA,,,,,,,,,,3,64,37,0.578125,27.0,0.421875,0.578125,2,,,,,,,,,,,,,,,,,,,,,,,,,,,,,
36-9W4C,TEMA,,,,,,,,,,4,64,28,0.4375,36.0,0.5625,0.5625,2,,,,,,,,,,,,,,,,,,,,,,,,,,,,,
36-9W4C,TEMA,,,,,,,,,,5,64,24,0.375,40.0,0.625,0.625,2,,,,,,,,,,,,,,,,,,,,,,,,,,,,,
36-9W4C,TEMA,,,,,,,,,,6,29,8,0.27586206896551724,21.0,0.7241379310344828,0.7241379310344828,2,,,,,,,,,,,,,,,,,,,,,,,,,,,,,
36-9W4C,DUA,,,,,,,,,,0,64,42,0.65625,22.0,0.34375,0.65625,2,,,,,,,,,,,,,,,,,,,,,,,0.099,,,,,,
36-9W4C,DUA,,,,,,,,,,1,64,2,0.03125,62.0,0.96875,0.96875,2,,,,,,,,,,,,,,,,,,,,,,,0.09336,,,,,,
36-9W4C,DUA,,,,,,,,,,2,64,33,0.515625,31.0,0.484375,0.515625,2,,,,,,,,,,,,,,,,,,,,,,,0.0880584,,,,,,
36-9W4C,DUA,,,,,,,,,,3,64,37,0.578125,27.0,0.421875,0.578125,2,,,,,,,,,,,,,,,,,,,,,,,0.083074896,,,,,,
36-9W4C,DUA,,,,,,,,,,4,64,28,0.4375,36.0,0.5625,0.5625,2,,,,,,,,,,,,,,,,,,,,,,,0.07839040223999999,,,,,,
36-9W4C,DUA,,,,,,,,,,5,64,24,0.375,40.0,0.625,0.625,2,,,,,,,,,,,,,,,,,,,,,,,0.07398697810559998,,,,,,
36-9W4C,DUA,,,,,,,,,,6,29,8,0.27586206896551724,21.0,0.7241379310344828,0.7241379310344828,2,,,,,,,,,,,,,,,,,,,,,,,0.06984775941926398,,,,,,
36-9W4C,RoTTA,,,,,,,,,,0,64,42,0.65625,22.0,0.34375,0.65625,2,,,,,,,,,,,,,,,,,,,,,,,,48.0,,,,,
36-9W4C,RoTTA,,,,,,,,,,1,64,2,0.03125,62.0,0.96875,0.96875,2,,,,,,,,,,,,,,,,,,,,,,,,64.0,,,,,
36-9W4C,RoTTA,,,,,,,,,,2,64,33,0.515625,31.0,0.484375,0.515625,2,,,,,,,,,,,,,,,,,,,,,,,,64.0,,,,,
36-9W4C,RoTTA,,,,,,,,,,3,64,37,0.578125,27.0,0.421875,0.578125,2,,,,,,,,,,,,,,,,,,,,,,,,64.0,,,,,
36-9W4C,RoTTA,,,,,,,,,,4,64,28,0.4375,36.0,0.5625,0.5625,2,,,,,,,,,,,,,,,,,,,,,,,,64.0,,,,,
36-9W4C,RoTTA,,,,,,,,,,5,64,24,0.375,40.0,0.625,0.625,2,,,,,,,,,,,,,,,,,,,,,,,,64.0,,,,,
36-9W4C,RoTTA,,,,,,,,,,6,29,8,0.27586206896551724,21.0,0.7241379310344828,0.7241379310344828,2,,,,,,,,,,,,,,,,,,,,,,,,64.0,,,,,
36-9W4C,NOTE,,,,,,,,,,0,64,42,0.65625,22.0,0.34375,0.65625,2,,,,,,,,,,,,,,,,,,,,,,,,,64.0,1.0,0.582250714302063,,
36-9W4C,NOTE,,,,,,,,,,1,64,2,0.03125,62.0,0.96875,0.96875,2,,,,,,,,,,,,,,,,,,,,,,,,,64.0,1.0,0.6152668595314026,,
36-9W4C,NOTE,,,,,,,,,,2,64,33,0.515625,31.0,0.484375,0.515625,2,,,,,,,,,,,,,,,,,,,,,,,,,64.0,1.0,0.6091320514678955,,
36-9W4C,NOTE,,,,,,,,,,3,64,37,0.578125,27.0,0.421875,0.578125,2,,,,,,,,,,,,,,,,,,,,,,,,,64.0,1.0,0.5983198881149292,,
36-9W4C,NOTE,,,,,,,,,,4,64,28,0.4375,36.0,0.5625,0.5625,2,,,,,,,,,,,,,,,,,,,,,,,,,64.0,1.0,0.563309907913208,,
36-9W4C,NOTE,,,,,,,,,,5,64,24,0.375,40.0,0.625,0.625,2,,,,,,,,,,,,,,,,,,,,,,,,,64.0,1.0,0.5886353850364685,,
36-9W4C,NOTE,,,,,,,,,,6,29,8,0.27586206896551724,21.0,0.7241379310344828,0.7241379310344828,2,,,,,,,,,,,,,,,,,,,,,,,,,64.0,0.0,,,
36-9W4C,DELTA,,,,,,,,,,0,64,42,0.65625,22.0,0.34375,0.65625,2,,,,,,,,,,,,,,,,,,,,,,,,,,,,0.25481805205345154,5.0
36-9W4C,DELTA,,,,,,,,,,1,64,2,0.03125,62.0,0.96875,0.96875,2,,,,,,,,,,,,,,,,,,,,,,,,,,,,0.0969213917851448,45.0
36-9W4C,DELTA,,,,,,,,,,2,64,33,0.515625,31.0,0.484375,0.515625,2,,,,,,,,,,,,,,,,,,,,,,,,,,,,0.08463437855243683,43.0
36-9W4C,DELTA,,,,,,,,,,3,64,37,0.578125,27.0,0.421875,0.578125,2,,,,,,,,,,,,,,,,,,,,,,,,,,,,0.09829415380954742,30.0
36-9W4C,DELTA,,,,,,,,,,4,64,28,0.4375,36.0,0.5625,0.5625,2,,,,,,,,,,,,,,,,,,,,,,,,,,,,0.15027588605880737,32.0
36-9W4C,DELTA,,,,,,,,,,5,64,24,0.375,40.0,0.625,0.625,2,,,,,,,,,,,,,,,,,,,,,,,,,,,,0.1352291703224182,43.0
36-9W4C,DELTA,,,,,,,,,,6,29,8,0.27586206896551724,21.0,0.7241379310344828,0.7241379310344828,2,,,,,,,,,,,,,,,,,,,,,,,,,,,,0.2444145232439041,14.0
37-9W4X,EMATent,0.9795721769332886,0.9795721769332886,0.7379434108734131,1.0,0.20612834692001344,0.5,0.2938716530799866,0.0,0.0,0,64,9,0.140625,55.0,0.859375,0.859375,2,,,,,,,,,,,,,,,,,,,,,,,,,,,,,
37-9W4X,EMATent,0.9994669556617737,0.9994669556617737,0.7360208630561829,1.0,0.2001599133014679,0.5,0.29984008669853207,0.0,0.0,1,64,2,0.03125,62.0,0.96875,0.96875,2,,,,,,,,,,,,,,,,,,,,,,,,,,,,,
37-9W4X,EMATent,0.923593282699585,0.923593282699585,0.770818829536438,1.0,0.22292201519012453,0.5,0.2770779848098755,0.0,0.0,2,64,22,0.34375,42.0,0.65625,0.65625,2,,,,,,,,,,,,,,,,,,,,,,,,,,,,,
37-9W4X,EMATent,0.9167765378952026,0.9167765378952026,0.7471450567245483,1.0,0.22496703863143921,0.5,0.27503296136856076,0.0,0.0,3,64,21,0.328125,43.0,0.671875,0.671875,2,,,,,,,,,,,,,,,,,,,,,,,,,,,,,
37-9W4X,EMATent,0.8467991352081299,0.8467991352081299,0.7544049024581909,1.0,0.24596025943756106,0.5,0.25403974056243894,0.0,0.0,4,64,11,0.171875,53.0,0.828125,0.828125,2,,,,,,,,,,,,,,,,,,,,,,,,,,,,,
37-9W4X,EMATent,0.8903836011886597,0.8903836011886597,0.866908073425293,1.0,0.2328849196434021,0.5,0.26711508035659787,0.0,0.0,5,64,11,0.171875,53.0,0.828125,0.828125,2,,,,,,,,,,,,,,,,,,,,,,,,,,,,,
37-9W4X,EMATent,0.9185802340507507,0.9185802340507507,0.6711758375167847,1.0,0.2244259297847748,0.5,0.27557407021522523,0.0,0.0,6,29,11,0.3793103448275862,18.0,0.6206896551724138,0.6206896551724138,2,,,,,,,,,,,,,,,,,,,,,,,,,,,,,
37-9W4X,DynaMixEMATent,,,,,,,,,,0,64,9,0.140625,55.0,0.859375,0.859375,2,0.2648281157016754,0.9795721769332886,0.9795721769332886,0.7147440314292908,0.43268540950568346,0.27344293741433,0.2938716530799866,0.3872425439469068,62.69261932373047,0.19999999999999996,1.0,0.46508103609085083,0.2,0.0,1.0,34.0,0.53125,30.0,0.46875,0.53125,2.0,0.359375,,,,,,,
37-9W4X,DynaMixEMATent,,,,,,,,,,1,64,2,0.03125,62.0,0.96875,0.96875,2,0.20809797942638397,0.9957283139228821,0.9957283139228821,0.7876303195953369,0.2611928800690547,0.4400886257540807,0.29871849417686464,0.627549168343635,126.41923141479492,0.19999999999999996,1.0,0.5501665472984314,0.2,0.0,1.0,38.0,0.59375,26.0,0.40625,0.59375,2.0,0.46875,,,,,,,
37-9W4X,DynaMixEMATent,,,,,,,,,,2,64,22,0.34375,42.0,0.65625,0.65625,2,0.2656429409980774,0.9378102421760559,0.9378102421760559,0.6721673011779785,0.16747410207342533,0.5511828252737578,0.2813430726528168,0.7669623770390255,186.4390869140625,0.19999999999999996,1.0,0.542959988117218,0.2,0.0,1.0,42.0,0.65625,22.0,0.34375,0.65625,2.0,0.15625,,,,,,,
37-9W4X,DynaMixEMATent,,,,,,,,,,3,64,21,0.328125,43.0,0.671875,0.671875,2,0.15631571412086487,0.7294848561286926,0.7294848561286926,0.5731691718101501,0.12640299982850248,0.6547515433328898,0.2188454568386078,0.8381843888189655,233.12611770629883,0.19999999999999996,1.0,0.5184603929519653,0.2,0.0,1.0,41.0,0.640625,23.0,0.359375,0.640625,2.0,0.171875,,,,,,,
37-9W4X,DynaMixEMATent,,,,,,,,,,4,64,11,0.171875,53.0,0.828125,0.828125,2,0.23001407086849213,0.9710840582847595,0.9710840582847595,0.7410699725151062,0.07056659675284555,0.6381081857617266,0.29132521748542783,0.9004245692185406,295.27549743652344,0.19999999999999996,1.0,0.5648133754730225,0.2,0.0,1.0,23.0,0.359375,41.0,0.640625,0.640625,2.0,0.328125,,,,,,,
37-9W4X,DynaMixEMATent,,,,,,,,,,5,64,11,0.171875,53.0,0.828125,0.828125,2,0.4759341776371002,0.8992862701416016,0.8992862701416016,0.42335209250450134,0.046379374530671334,0.6838347444268482,0.26978588104248047,0.9364852399774408,352.82981872558594,0.19999999999999996,1.0,0.46282342076301575,0.2,0.0,1.0,14.0,0.21875,50.0,0.78125,0.78125,2.0,0.328125,,,,,,,
37-9W4X,DynaMixEMATent,,,,,,,,,,6,29,11,0.3793103448275862,18.0,0.6206896551724138,0.6206896551724138,2,0.07913368940353394,0.8557958006858826,0.8557958006858826,0.7766621112823486,0.03888752154588891,0.7043737382483463,0.25673874020576476,0.947679875638003,377.64789694547653,0.19999999999999996,1.0,0.6149889230728149,0.2,0.0,1.0,3.0,0.10344827586206896,26.0,0.896551724137931,0.896551724137931,2.0,0.12068965517241381,,,,,,,
37-9W4X,TEMA,,,,,,,,,,0,64,9,0.140625,55.0,0.859375,0.859375,2,,,,,,,,,,,,,,,,,,,,,,,,,,,,,
37-9W4X,TEMA,,,,,,,,,,1,64,2,0.03125,62.0,0.96875,0.96875,2,,,,,,,,,,,,,,,,,,,,,,,,,,,,,
37-9W4X,TEMA,,,,,,,,,,2,64,22,0.34375,42.0,0.65625,0.65625,2,,,,,,,,,,,,,,,,,,,,,,,,,,,,,
37-9W4X,TEMA,,,,,,,,,,3,64,21,0.328125,43.0,0.671875,0.671875,2,,,,,,,,,,,,,,,,,,,,,,,,,,,,,
37-9W4X,TEMA,,,,,,,,,,4,64,11,0.171875,53.0,0.828125,0.828125,2,,,,,,,,,,,,,,,,,,,,,,,,,,,,,
37-9W4X,TEMA,,,,,,,,,,5,64,11,0.171875,53.0,0.828125,0.828125,2,,,,,,,,,,,,,,,,,,,,,,,,,,,,,
37-9W4X,TEMA,,,,,,,,,,6,29,11,0.3793103448275862,18.0,0.6206896551724138,0.6206896551724138,2,,,,,,,,,,,,,,,,,,,,,,,,,,,,,
37-9W4X,DUA,,,,,,,,,,0,64,9,0.140625,55.0,0.859375,0.859375,2,,,,,,,,,,,,,,,,,,,,,,,0.099,,,,,,
37-9W4X,DUA,,,,,,,,,,1,64,2,0.03125,62.0,0.96875,0.96875,2,,,,,,,,,,,,,,,,,,,,,,,0.09336,,,,,,
37-9W4X,DUA,,,,,,,,,,2,64,22,0.34375,42.0,0.65625,0.65625,2,,,,,,,,,,,,,,,,,,,,,,,0.0880584,,,,,,
37-9W4X,DUA,,,,,,,,,,3,64,21,0.328125,43.0,0.671875,0.671875,2,,,,,,,,,,,,,,,,,,,,,,,0.083074896,,,,,,
37-9W4X,DUA,,,,,,,,,,4,64,11,0.171875,53.0,0.828125,0.828125,2,,,,,,,,,,,,,,,,,,,,,,,0.07839040223999999,,,,,,
37-9W4X,DUA,,,,,,,,,,5,64,11,0.171875,53.0,0.828125,0.828125,2,,,,,,,,,,,,,,,,,,,,,,,0.07398697810559998,,,,,,
37-9W4X,DUA,,,,,,,,,,6,29,11,0.3793103448275862,18.0,0.6206896551724138,0.6206896551724138,2,,,,,,,,,,,,,,,,,,,,,,,0.06984775941926398,,,,,,
37-9W4X,RoTTA,,,,,,,,,,0,64,9,0.140625,55.0,0.859375,0.859375,2,,,,,,,,,,,,,,,,,,,,,,,,58.0,,,,,
37-9W4X,RoTTA,,,,,,,,,,1,64,2,0.03125,62.0,0.96875,0.96875,2,,,,,,,,,,,,,,,,,,,,,,,,64.0,,,,,
37-9W4X,RoTTA,,,,,,,,,,2,64,22,0.34375,42.0,0.65625,0.65625,2,,,,,,,,,,,,,,,,,,,,,,,,64.0,,,,,
37-9W4X,RoTTA,,,,,,,,,,3,64,21,0.328125,43.0,0.671875,0.671875,2,,,,,,,,,,,,,,,,,,,,,,,,64.0,,,,,
37-9W4X,RoTTA,,,,,,,,,,4,64,11,0.171875,53.0,0.828125,0.828125,2,,,,,,,,,,,,,,,,,,,,,,,,64.0,,,,,
37-9W4X,RoTTA,,,,,,,,,,5,64,11,0.171875,53.0,0.828125,0.828125,2,,,,,,,,,,,,,,,,,,,,,,,,64.0,,,,,
37-9W4X,RoTTA,,,,,,,,,,6,29,11,0.3793103448275862,18.0,0.6206896551724138,0.6206896551724138,2,,,,,,,,,,,,,,,,,,,,,,,,64.0,,,,,
37-9W4X,NOTE,,,,,,,,,,0,64,9,0.140625,55.0,0.859375,0.859375,2,,,,,,,,,,,,,,,,,,,,,,,,,64.0,1.0,0.522913932800293,,
37-9W4X,NOTE,,,,,,,,,,1,64,2,0.03125,62.0,0.96875,0.96875,2,,,,,,,,,,,,,,,,,,,,,,,,,64.0,1.0,0.5856711864471436,,
37-9W4X,NOTE,,,,,,,,,,2,64,22,0.34375,42.0,0.65625,0.65625,2,,,,,,,,,,,,,,,,,,,,,,,,,64.0,1.0,0.5873766541481018,,
37-9W4X,NOTE,,,,,,,,,,3,64,21,0.328125,43.0,0.671875,0.671875,2,,,,,,,,,,,,,,,,,,,,,,,,,64.0,1.0,0.5157651305198669,,
37-9W4X,NOTE,,,,,,,,,,4,64,11,0.171875,53.0,0.828125,0.828125,2,,,,,,,,,,,,,,,,,,,,,,,,,64.0,1.0,0.5464133620262146,,
37-9W4X,NOTE,,,,,,,,,,5,64,11,0.171875,53.0,0.828125,0.828125,2,,,,,,,,,,,,,,,,,,,,,,,,,64.0,1.0,0.5546464323997498,,
37-9W4X,NOTE,,,,,,,,,,6,29,11,0.3793103448275862,18.0,0.6206896551724138,0.6206896551724138,2,,,,,,,,,,,,,,,,,,,,,,,,,64.0,0.0,,,
37-9W4X,DELTA,,,,,,,,,,0,64,9,0.140625,55.0,0.859375,0.859375,2,,,,,,,,,,,,,,,,,,,,,,,,,,,,0.2271318882703781,13.0
37-9W4X,DELTA,,,,,,,,,,1,64,2,0.03125,62.0,0.96875,0.96875,2,,,,,,,,,,,,,,,,,,,,,,,,,,,,0.052077680826187134,53.0
37-9W4X,DELTA,,,,,,,,,,2,64,22,0.34375,42.0,0.65625,0.65625,2,,,,,,,,,,,,,,,,,,,,,,,,,,,,0.14515970647335052,34.0
37-9W4X,DELTA,,,,,,,,,,3,64,21,0.328125,43.0,0.671875,0.671875,2,,,,,,,,,,,,,,,,,,,,,,,,,,,,0.20469217002391815,15.0
37-9W4X,DELTA,,,,,,,,,,4,64,11,0.171875,53.0,0.828125,0.828125,2,,,,,,,,,,,,,,,,,,,,,,,,,,,,0.12041889876127243,29.0
37-9W4X,DELTA,,,,,,,,,,5,64,11,0.171875,53.0,0.828125,0.828125,2,,,,,,,,,,,,,,,,,,,,,,,,,,,,0.0946475937962532,43.0
37-9W4X,DELTA,,,,,,,,,,6,29,11,0.3793103448275862,18.0,0.6206896551724138,0.6206896551724138,2,,,,,,,,,,,,,,,,,,,,,,,,,,,,0.04241005331277847,29.0
38-9W6A,EMATent,0.9839794635772705,0.9839794635772705,0.857864260673523,1.0,0.20480616092681886,0.5,0.29519383907318114,0.0,0.0,0,64,11,0.171875,53.0,0.828125,0.828125,2,,,,,,,,,,,,,,,,,,,,,,,,,,,,,
38-9W6A,EMATent,0.9872181415557861,0.9872181415557861,0.7821493148803711,1.0,0.20383455753326418,0.5,0.2961654424667358,0.0,0.0,1,64,31,0.484375,33.0,0.515625,0.515625,2,,,,,,,,,,,,,,,,,,,,,,,,,,,,,
38-9W6A,EMATent,0.9800651669502258,0.9800651669502258,0.7789539694786072,1.0,0.20598044991493225,0.5,0.29401955008506775,0.0,0.0,2,64,55,0.859375,9.0,0.140625,0.859375,2,,,,,,,,,,,,,,,,,,,,,,,,,,,,,
38-9W6A,EMATent,0.9997315406799316,0.9997315406799316,0.7959334850311279,1.0,0.20008053779602053,0.5,0.29991946220397947,0.0,0.0,3,64,33,0.515625,31.0,0.484375,0.515625,2,,,,,,,,,,,,,,,,,,,,,,,,,,,,,
38-9W6A,EMATent,0.9999829530715942,0.9999829530715942,0.8187461495399475,1.0,0.20000511407852173,0.5,0.29999488592147827,0.0,0.0,4,64,27,0.421875,37.0,0.578125,0.578125,2,,,,,,,,,,,,,,,,,,,,,,,,,,,,,
38-9W6A,EMATent,0.9519746899604797,0.9519746899604797,0.7649987936019897,1.0,0.21440759301185608,0.5,0.2855924069881439,0.0,0.0,5,64,30,0.46875,34.0,0.53125,0.53125,2,,,,,,,,,,,,,,,,,,,,,,,,,,,,,
38-9W6A,EMATent,0.8772397041320801,0.8772397041320801,0.7102257013320923,1.0,0.23682808876037598,0.5,0.263171911239624,0.0,0.0,6,29,7,0.2413793103448276,22.0,0.7586206896551724,0.7586206896551724,2,,,,,,,,,,,,,,,,,,,,,,,,,,,,,
38-9W6A,DynaMixEMATent,,,,,,,,,,0,64,11,0.171875,53.0,0.828125,0.828125,2,0.5126212239265442,0.9839794635772705,0.9839794635772705,0.47135820984840393,0.43092457904585685,0.27388158188096196,0.29519383907318114,0.388591356126638,62.97468566894531,0.19999999999999996,1.0,0.39524027705192566,0.2,0.0,1.0,32.0,0.5,32.0,0.5,0.5,2.0,0.328125,,,,,,,
38-9W6A,DynaMixEMATent,,,,,,,,,,1,64,31,0.484375,33.0,0.515625,0.515625,2,0.4104917049407959,0.9989275932312012,0.9989275932312012,0.5884358882904053,0.2598452610289864,0.4404764610016533,0.29967827796936036,0.6289630139194541,126.90605163574219,0.19999999999999996,1.0,0.5421215891838074,0.2,0.0,1.0,26.0,0.40625,38.0,0.59375,0.59375,2.0,0.015625,,,,,,,
38-9W6A,DynaMixEMATent,,,,,,,,,,2,64,55,0.859375,9.0,0.140625,0.859375,2,0.3083639442920685,0.9996921420097351,0.9996921420097351,0.691328227519989,0.1575767539251825,0.542515603471897,0.2999076426029205,0.7749200483904042,190.88634872436523,0.19999999999999996,1.0,0.5300464034080505,0.2,0.0,1.0,14.0,0.21875,50.0,0.78125,0.78125,2.0,0.359375,,,,,,,
38-9W6A,DynaMixEMATent,,,,,,,,,,3,64,33,0.515625,31.0,0.484375,0.515625,2,0.3304198086261749,0.9926568865776062,0.9926568865776062,0.6622370481491089,0.09621587832091777,0.6059870557058004,0.29779706597328187,0.8629799540010796,254.41638946533203,0.19999999999999996,1.0,0.5513216257095337,0.2,0.0,1.0,38.0,0.59375,26.0,0.40625,0.59375,2.0,0.015625,,,,,,,
38-9W6A,DynaMixEMATent,,,,,,,,,,4,64,27,0.421875,37.0,0.578125,0.578125,2,0.6013116836547852,0.9993401169776917,0.9993401169776917,0.3980284035205841,0.058210456344916686,0.6419875085617758,0.2998020350933075,0.9168657161797468,318.3741569519043,0.19999999999999996,1.0,0.47201865911483765,0.2,0.0,1.0,25.0,0.390625,39.0,0.609375,0.609375,2.0,0.078125,,,,,,,
38-9W6A,DynaMixEMATent,,,,,,,,,,5,64,30,0.46875,34.0,0.53125,0.53125,2,0.29494762420654297,0.9342156052589417,0.9342156052589417,0.6392679810523987,0.03750512638769762,0.6822301920346199,0.2802646815776825,0.9478903904981208,378.16395568847656,0.19999999999999996,1.0,0.5432108640670776,0.2,0.0,1.0,33.0,0.515625,31.0,0.484375,0.515625,2.0,0.03125,,,,,,,
38-9W6A,DynaMixEMATent,,,,,,,,,,6,29,7,0.2413793103448276,22.0,0.7586206896551724,0.7586206896551724,2,0.09262271970510483,0.844024658203125,0.844024658203125,0.7514019012451172,0.0321417968473352,0.7146508056917273,0.2532073974609375,0.9569602099189862,402.6406707763672,0.19999999999999996,1.0,0.565665602684021,0.2,0.0,1.0,7.0,0.2413793103448276,22.0,0.7586206896551724,0.7586206896551724,2.0,0.2586206896551724,,,,,,,
38-9W6A,TEMA,,,,,,,,,,0,64,11,0.171875,53.0,0.828125,0.828125,2,,,,,,,,,,,,,,,,,,,,,,,,,,,,,
38-9W6A,TEMA,,,,,,,,,,1,64,31,0.484375,33.0,0.515625,0.515625,2,,,,,,,,,,,,,,,,,,,,,,,,,,,,,
38-9W6A,TEMA,,,,,,,,,,2,64,55,0.859375,9.0,0.140625,0.859375,2,,,,,,,,,,,,,,,,,,,,,,,,,,,,,
38-9W6A,TEMA,,,,,,,,,,3,64,33,0.515625,31.0,0.484375,0.515625,2,,,,,,,,,,,,,,,,,,,,,,,,,,,,,
38-9W6A,TEMA,,,,,,,,,,4,64,27,0.421875,37.0,0.578125,0.578125,2,,,,,,,,,,,,,,,,,,,,,,,,,,,,,
38-9W6A,TEMA,,,,,,,,,,5,64,30,0.46875,34.0,0.53125,0.53125,2,,,,,,,,,,,,,,,,,,,,,,,,,,,,,
38-9W6A,TEMA,,,,,,,,,,6,29,7,0.2413793103448276,22.0,0.7586206896551724,0.7586206896551724,2,,,,,,,,,,,,,,,,,,,,,,,,,,,,,
38-9W6A,DUA,,,,,,,,,,0,64,11,0.171875,53.0,0.828125,0.828125,2,,,,,,,,,,,,,,,,,,,,,,,0.099,,,,,,
38-9W6A,DUA,,,,,,,,,,1,64,31,0.484375,33.0,0.515625,0.515625,2,,,,,,,,,,,,,,,,,,,,,,,0.09336,,,,,,
38-9W6A,DUA,,,,,,,,,,2,64,55,0.859375,9.0,0.140625,0.859375,2,,,,,,,,,,,,,,,,,,,,,,,0.0880584,,,,,,
38-9W6A,DUA,,,,,,,,,,3,64,33,0.515625,31.0,0.484375,0.515625,2,,,,,,,,,,,,,,,,,,,,,,,0.083074896,,,,,,
38-9W6A,DUA,,,,,,,,,,4,64,27,0.421875,37.0,0.578125,0.578125,2,,,,,,,,,,,,,,,,,,,,,,,0.07839040223999999,,,,,,
38-9W6A,DUA,,,,,,,,,,5,64,30,0.46875,34.0,0.53125,0.53125,2,,,,,,,,,,,,,,,,,,,,,,,0.07398697810559998,,,,,,
38-9W6A,DUA,,,,,,,,,,6,29,7,0.2413793103448276,22.0,0.7586206896551724,0.7586206896551724,2,,,,,,,,,,,,,,,,,,,,,,,0.06984775941926398,,,,,,
38-9W6A,RoTTA,,,,,,,,,,0,64,11,0.171875,53.0,0.828125,0.828125,2,,,,,,,,,,,,,,,,,,,,,,,,57.0,,,,,
38-9W6A,RoTTA,,,,,,,,,,1,64,31,0.484375,33.0,0.515625,0.515625,2,,,,,,,,,,,,,,,,,,,,,,,,64.0,,,,,
38-9W6A,RoTTA,,,,,,,,,,2,64,55,0.859375,9.0,0.140625,0.859375,2,,,,,,,,,,,,,,,,,,,,,,,,64.0,,,,,
38-9W6A,RoTTA,,,,,,,,,,3,64,33,0.515625,31.0,0.484375,0.515625,2,,,,,,,,,,,,,,,,,,,,,,,,64.0,,,,,
38-9W6A,RoTTA,,,,,,,,,,4,64,27,0.421875,37.0,0.578125,0.578125,2,,,,,,,,,,,,,,,,,,,,,,,,64.0,,,,,
38-9W6A,RoTTA,,,,,,,,,,5,64,30,0.46875,34.0,0.53125,0.53125,2,,,,,,,,,,,,,,,,,,,,,,,,64.0,,,,,
38-9W6A,RoTTA,,,,,,,,,,6,29,7,0.2413793103448276,22.0,0.7586206896551724,0.7586206896551724,2,,,,,,,,,,,,,,,,,,,,,,,,64.0,,,,,
38-9W6A,NOTE,,,,,,,,,,0,64,11,0.171875,53.0,0.828125,0.828125,2,,,,,,,,,,,,,,,,,,,,,,,,,64.0,1.0,0.501541256904602,,
38-9W6A,NOTE,,,,,,,,,,1,64,31,0.484375,33.0,0.515625,0.515625,2,,,,,,,,,,,,,,,,,,,,,,,,,64.0,1.0,0.5707066059112549,,
38-9W6A,NOTE,,,,,,,,,,2,64,55,0.859375,9.0,0.140625,0.859375,2,,,,,,,,,,,,,,,,,,,,,,,,,64.0,1.0,0.6157723069190979,,
38-9W6A,NOTE,,,,,,,,,,3,64,33,0.515625,31.0,0.484375,0.515625,2,,,,,,,,,,,,,,,,,,,,,,,,,64.0,1.0,0.5847826600074768,,
38-9W6A,NOTE,,,,,,,,,,4,64,27,0.421875,37.0,0.578125,0.578125,2,,,,,,,,,,,,,,,,,,,,,,,,,64.0,1.0,0.48601487278938293,,
38-9W6A,NOTE,,,,,,,,,,5,64,30,0.46875,34.0,0.53125,0.53125,2,,,,,,,,,,,,,,,,,,,,,,,,,64.0,1.0,0.5049962401390076,,
38-9W6A,NOTE,,,,,,,,,,6,29,7,0.2413793103448276,22.0,0.7586206896551724,0.7586206896551724,2,,,,,,,,,,,,,,,,,,,,,,,,,64.0,0.0,,,
38-9W6A,DELTA,,,,,,,,,,0,64,11,0.171875,53.0,0.828125,0.828125,2,,,,,,,,,,,,,,,,,,,,,,,,,,,,0.23488456010818481,13.0
38-9W6A,DELTA,,,,,,,,,,1,64,31,0.484375,33.0,0.515625,0.515625,2,,,,,,,,,,,,,,,,,,,,,,,,,,,,0.21607109904289246,11.0
38-9W6A,DELTA,,,,,,,,,,2,64,55,0.859375,9.0,0.140625,0.859375,2,,,,,,,,,,,,,,,,,,,,,,,,,,,,0.187025785446167,16.0
38-9W6A,DELTA,,,,,,,,,,3,64,33,0.515625,31.0,0.484375,0.515625,2,,,,,,,,,,,,,,,,,,,,,,,,,,,,0.16627104580402374,35.0
38-9W6A,DELTA,,,,,,,,,,4,64,27,0.421875,37.0,0.578125,0.578125,2,,,,,,,,,,,,,,,,,,,,,,,,,,,,0.12645010650157928,28.0
38-9W6A,DELTA,,,,,,,,,,5,64,30,0.46875,34.0,0.53125,0.53125,2,,,,,,,,,,,,,,,,,,,,,,,,,,,,0.24042269587516785,19.0
38-9W6A,DELTA,,,,,,,,,,6,29,7,0.2413793103448276,22.0,0.7586206896551724,0.7586206896551724,2,,,,,,,,,,,,,,,,,,,,,,,,,,,,0.15462511777877808,7.0
39-9W6G,EMATent,0.9521667957305908,0.9521667957305908,0.8736933469772339,1.0,0.21434996128082276,0.5,0.2856500387191772,0.0,0.0,0,64,42,0.65625,22.0,0.34375,0.65625,2,,,,,,,,,,,,,,,,,,,,,,,,,,,,,
39-9W6G,EMATent,0.9414340853691101,0.9414340853691101,0.827430009841919,1.0,0.21756977438926697,0.5,0.282430225610733,0.0,0.0,1,64,31,0.484375,33.0,0.515625,0.515625,2,,,,,,,,,,,,,,,,,,,,,,,,,,,,,
39-9W6G,EMATent,0.9417809247970581,0.9417809247970581,0.8168026208877563,1.0,0.2174657225608826,0.5,0.2825342774391174,0.0,0.0,2,64,43,0.671875,21.0,0.328125,0.671875,2,,,,,,,,,,,,,,,,,,,,,,,,,,,,,
39-9W6G,EMATent,0.9233072400093079,0.9233072400093079,0.8003849387168884,1.0,0.22300782799720764,0.5,0.27699217200279236,0.0,0.0,3,64,42,0.65625,22.0,0.34375,0.65625,2,,,,,,,,,,,,,,,,,,,,,,,,,,,,,
39-9W6G,EMATent,0.800426185131073,0.800426185131073,0.8000019192695618,1.0,0.2598721444606781,0.5,0.2401278555393219,0.0,0.0,4,64,25,0.390625,39.0,0.609375,0.609375,2,,,,,,,,,,,,,,,,,,,,,,,,,,,,,
39-9W6G,EMATent,0.9950935244560242,0.9950935244560242,0.8518141508102417,1.0,0.20147194266319277,0.5,0.29852805733680726,0.0,0.0,5,64,27,0.421875,37.0,0.578125,0.578125,2,,,,,,,,,,,,,,,,,,,,,,,,,,,,,
39-9W6G,EMATent,0.9435576796531677,0.9435576796531677,0.8655769228935242,1.0,0.2169326961040497,0.5,0.2830673038959503,0.0,0.0,6,29,29,1.0,,,1.0,1,,,,,,,,,,,,,,,,,,,,,,,,,,,,,
39-9W6G,DynaMixEMATent,,,,,,,,,,0,64,42,0.65625,22.0,0.34375,0.65625,2,0.5183093547821045,0.9521667957305908,0.9521667957305908,0.43385744094848633,0.4437625340973493,0.27058742718347356,0.2856500387191772,0.3787883276402967,60.93867492675781,0.19999999999999996,1.0,0.29807865619659424,0.2,0.0,1.0,39.0,0.609375,25.0,0.390625,0.609375,2.0,0.15625,,,,,,,
39-9W6G,DynaMixEMATent,,,,,,,,,,1,64,31,0.484375,33.0,0.515625,0.515625,2,0.3736209571361542,0.9251156449317932,0.9251156449317932,0.5514947175979614,0.2825987875342146,0.43986651898624746,0.27753469347953796,0.608841026712733,120.14607620239258,0.19999999999999996,1.0,0.467520534992218,0.2,0.0,1.0,37.0,0.578125,27.0,0.421875,0.578125,2.0,0.015625,,,,,,,
39-9W6G,DynaMixEMATent,,,,,,,,,,2,64,43,0.671875,21.0,0.328125,0.671875,2,0.26807355880737305,0.8217049837112427,0.8217049837112427,0.5536314249038696,0.1954334769449122,0.558055027941715,0.24651149511337278,0.7406284559386638,172.7351951599121,0.19999999999999996,1.0,0.5217690467834473,0.2,0.0,1.0,32.0,0.5,32.0,0.5,0.5,2.0,0.171875,,,,,,,
39-9W6G,DynaMixEMATent,,,,,,,,,,3,64,42,0.65625,22.0,0.34375,0.65625,2,0.3264309763908386,0.9972062110900879,0.9972062110900879,0.6707752346992493,0.11040772885953308,0.5904304078134406,0.2991618633270264,0.8424632977542263,236.55639266967773,0.19999999999999996,1.0,0.5028722882270813,0.2,0.0,1.0,43.0,0.671875,21.0,0.328125,0.671875,2.0,0.15625,,,,,,,
39-9W6G,DynaMixEMATent,,,,,,,,,,4,64,25,0.390625,39.0,0.609375,0.609375,2,0.28034090995788574,0.9561387300491333,0.9561387300491333,0.6757978200912476,0.06965380619673155,0.6435045747885284,0.28684161901474,0.9023305228489333,297.74927139282227,0.19999999999999996,1.0,0.5026852488517761,0.2,0.0,1.0,49.0,0.765625,15.0,0.234375,0.765625,2.0,0.109375,,,,,,,
39-9W6G,DynaMixEMATent,,,,,,,,,,5,64,27,0.421875,37.0,0.578125,0.578125,2,0.39777958393096924,0.9823940396308899,0.9823940396308899,0.5846144556999207,0.042149980416349,0.6631318076943841,0.29471821188926695,0.9402366811012406,360.6224899291992,0.19999999999999996,1.0,0.4244396388530731,0.2,0.0,1.0,28.0,0.4375,36.0,0.5625,0.5625,2.0,0.078125,,,,,,,
39-9W6G,DynaMixEMATent,,,,,,,,,,6,29,29,1.0,,,1.0,1,0.41691112518310547,0.9582575559616089,0.9582575559616089,0.5413464307785034,0.034272503580559666,0.6782502296309577,0.2874772667884827,0.9518997752870495,388.4119590520859,0.19999999999999996,1.0,0.3747496008872986,0.2,0.0,1.0,21.0,0.7241379310344828,8.0,0.27586206896551724,0.7241379310344828,2.0,0.0,,,,,,,
39-9W6G,TEMA,,,,,,,,,,0,64,42,0.65625,22.0,0.34375,0.65625,2,,,,,,,,,,,,,,,,,,,,,,,,,,,,,
39-9W6G,TEMA,,,,,,,,,,1,64,31,0.484375,33.0,0.515625,0.515625,2,,,,,,,,,,,,,,,,,,,,,,,,,,,,,
39-9W6G,TEMA,,,,,,,,,,2,64,43,0.671875,21.0,0.328125,0.671875,2,,,,,,,,,,,,,,,,,,,,,,,,,,,,,
39-9W6G,TEMA,,,,,,,,,,3,64,42,0.65625,22.0,0.34375,0.65625,2,,,,,,,,,,,,,,,,,,,,,,,,,,,,,
39-9W6G,TEMA,,,,,,,,,,4,64,25,0.390625,39.0,0.609375,0.609375,2,,,,,,,,,,,,,,,,,,,,,,,,,,,,,
39-9W6G,TEMA,,,,,,,,,,5,64,27,0.421875,37.0,0.578125,0.578125,2,,,,,,,,,,,,,,,,,,,,,,,,,,,,,
39-9W6G,TEMA,,,,,,,,,,6,29,29,1.0,0.0,0.0,1.0,1,,,,,,,,,,,,,,,,,,,,,,,,,,,,,
39-9W6G,DUA,,,,,,,,,,0,64,42,0.65625,22.0,0.34375,0.65625,2,,,,,,,,,,,,,,,,,,,,,,,0.099,,,,,,
39-9W6G,DUA,,,,,,,,,,1,64,31,0.484375,33.0,0.515625,0.515625,2,,,,,,,,,,,,,,,,,,,,,,,0.09336,,,,,,
39-9W6G,DUA,,,,,,,,,,2,64,43,0.671875,21.0,0.328125,0.671875,2,,,,,,,,,,,,,,,,,,,,,,,0.0880584,,,,,,
39-9W6G,DUA,,,,,,,,,,3,64,42,0.65625,22.0,0.34375,0.65625,2,,,,,,,,,,,,,,,,,,,,,,,0.083074896,,,,,,
39-9W6G,DUA,,,,,,,,,,4,64,25,0.390625,39.0,0.609375,0.609375,2,,,,,,,,,,,,,,,,,,,,,,,0.07839040223999999,,,,,,
39-9W6G,DUA,,,,,,,,,,5,64,27,0.421875,37.0,0.578125,0.578125,2,,,,,,,,,,,,,,,,,,,,,,,0.07398697810559998,,,,,,
39-9W6G,DUA,,,,,,,,,,6,29,29,1.0,0.0,0.0,1.0,1,,,,,,,,,,,,,,,,,,,,,,,0.06984775941926398,,,,,,
39-9W6G,RoTTA,,,,,,,,,,0,64,42,0.65625,22.0,0.34375,0.65625,2,,,,,,,,,,,,,,,,,,,,,,,,58.0,,,,,
39-9W6G,RoTTA,,,,,,,,,,1,64,31,0.484375,33.0,0.515625,0.515625,2,,,,,,,,,,,,,,,,,,,,,,,,64.0,,,,,
39-9W6G,RoTTA,,,,,,,,,,2,64,43,0.671875,21.0,0.328125,0.671875,2,,,,,,,,,,,,,,,,,,,,,,,,64.0,,,,,
39-9W6G,RoTTA,,,,,,,,,,3,64,42,0.65625,22.0,0.34375,0.65625,2,,,,,,,,,,,,,,,,,,,,,,,,64.0,,,,,
39-9W6G,RoTTA,,,,,,,,,,4,64,25,0.390625,39.0,0.609375,0.609375,2,,,,,,,,,,,,,,,,,,,,,,,,64.0,,,,,
39-9W6G,RoTTA,,,,,,,,,,5,64,27,0.421875,37.0,0.578125,0.578125,2,,,,,,,,,,,,,,,,,,,,,,,,64.0,,,,,
39-9W6G,RoTTA,,,,,,,,,,6,29,29,1.0,0.0,0.0,1.0,1,,,,,,,,,,,,,,,,,,,,,,,,64.0,,,,,
39-9W6G,NOTE,,,,,,,,,,0,64,42,0.65625,22.0,0.34375,0.65625,2,,,,,,,,,,,,,,,,,,,,,,,,,64.0,1.0,0.41436767578125,,
39-9W6G,NOTE,,,,,,,,,,1,64,31,0.484375,33.0,0.515625,0.515625,2,,,,,,,,,,,,,,,,,,,,,,,,,64.0,1.0,0.5289098024368286,,
39-9W6G,NOTE,,,,,,,,,,2,64,43,0.671875,21.0,0.328125,0.671875,2,,,,,,,,,,,,,,,,,,,,,,,,,64.0,1.0,0.42034614086151123,,
39-9W6G,NOTE,,,,,,,,,,3,64,42,0.65625,22.0,0.34375,0.65625,2,,,,,,,,,,,,,,,,,,,,,,,,,64.0,1.0,0.5133228302001953,,
39-9W6G,NOTE,,,,,,,,,,4,64,25,0.390625,39.0,0.609375,0.609375,2,,,,,,,,,,,,,,,,,,,,,,,,,64.0,1.0,0.5718964338302612,,
39-9W6G,NOTE,,,,,,,,,,5,64,27,0.421875,37.0,0.578125,0.578125,2,,,,,,,,,,,,,,,,,,,,,,,,,64.0,1.0,0.5072794556617737,,
39-9W6G,NOTE,,,,,,,,,,6,29,29,1.0,0.0,0.0,1.0,1,,,,,,,,,,,,,,,,,,,,,,,,,64.0,0.0,,,
39-9W6G,DELTA,,,,,,,,,,0,64,42,0.65625,22.0,0.34375,0.65625,2,,,,,,,,,,,,,,,,,,,,,,,,,,,,0.19216616451740265,23.0
39-9W6G,DELTA,,,,,,,,,,1,64,31,0.484375,33.0,0.515625,0.515625,2,,,,,,,,,,,,,,,,,,,,,,,,,,,,0.13700149953365326,11.0
39-9W6G,DELTA,,,,,,,,,,2,64,43,0.671875,21.0,0.328125,0.671875,2,,,,,,,,,,,,,,,,,,,,,,,,,,,,0.15544195473194122,33.0
39-9W6G,DELTA,,,,,,,,,,3,64,42,0.65625,22.0,0.34375,0.65625,2,,,,,,,,,,,,,,,,,,,,,,,,,,,,0.04767689108848572,51.0
39-9W6G,DELTA,,,,,,,,,,4,64,25,0.390625,39.0,0.609375,0.609375,2,,,,,,,,,,,,,,,,,,,,,,,,,,,,0.24420222640037537,31.0
39-9W6G,DELTA,,,,,,,,,,5,64,27,0.421875,37.0,0.578125,0.578125,2,,,,,,,,,,,,,,,,,,,,,,,,,,,,0.17899081110954285,45.0
39-9W6G,DELTA,,,,,,,,,,6,29,29,1.0,0.0,0.0,1.0,1,,,,,,,,,,,,,,,,,,,,,,,,,,,,0.07824725657701492,26.0
40-9W74,EMATent,0.9758209586143494,0.9758209586143494,0.6836937665939331,1.0,0.2072537124156952,0.5,0.2927462875843048,0.0,0.0,0,64,31,0.484375,33.0,0.515625,0.515625,2,,,,,,,,,,,,,,,,,,,,,,,,,,,,,
40-9W74,EMATent,0.8493351936340332,0.8493351936340332,0.8063764572143555,1.0,0.24519944190979004,0.5,0.25480055809020996,0.0,0.0,1,64,31,0.484375,33.0,0.515625,0.515625,2,,,,,,,,,,,,,,,,,,,,,,,,,,,,,
40-9W74,EMATent,0.9965950846672058,0.9965950846672058,0.7807034254074097,1.0,0.20102147459983827,0.5,0.29897852540016173,0.0,0.0,2,64,31,0.484375,33.0,0.515625,0.515625,2,,,,,,,,,,,,,,,,,,,,,,,,,,,,,
40-9W74,EMATent,0.9237803220748901,0.9237803220748901,0.7509583234786987,1.0,0.22286590337753298,0.5,0.277134096622467,0.0,0.0,3,64,48,0.75,16.0,0.25,0.75,2,,,,,,,,,,,,,,,,,,,,,,,,,,,,,
40-9W74,EMATent,0.9990989565849304,0.9990989565849304,0.7500691413879395,1.0,0.2002703130245209,0.5,0.29972968697547914,0.0,0.0,4,64,26,0.40625,38.0,0.59375,0.59375,2,,,,,,,,,,,,,,,,,,,,,,,,,,,,,
40-9W74,EMATent,0.6016649007797241,0.6016649007797241,0.9068982005119324,1.0,0.3195005297660828,0.5,0.18049947023391724,0.0,0.0,5,64,53,0.828125,11.0,0.171875,0.828125,2,,,,,,,,,,,,,,,,,,,,,,,,,,,,,
40-9W74,EMATent,0.6212131381034851,0.6212131381034851,0.8612514734268188,1.0,0.3136360585689545,0.5,0.18636394143104554,0.0,0.0,6,29,18,0.6206896551724138,11.0,0.3793103448275862,0.6206896551724138,2,,,,,,,,,,,,,,,,,,,,,,,,,,,,,
40-9W74,DynaMixEMATent,,,,,,,,,,0,64,31,0.484375,33.0,0.515625,0.515625,2,0.14124710857868195,0.9758209586143494,0.9758209586143494,0.8345738649368286,0.4341885904602758,0.27306512195541943,0.2927462875843048,0.38609217196292744,62.45254135131836,0.19999999999999996,1.0,0.516046404838562,0.2,0.0,1.0,40.0,0.625,24.0,0.375,0.625,2.0,0.015625,,,,,,,
40-9W74,DynaMixEMATent,,,,,,,,,,1,64,31,0.484375,33.0,0.515625,0.515625,2,0.2457808405160904,0.8333337903022766,0.8333337903022766,0.5875529050827026,0.3035346127447761,0.44646525016454086,0.250000137090683,0.5952871090304763,115.78590393066406,0.19999999999999996,1.0,0.5116891860961914,0.2,0.0,1.0,44.0,0.6875,20.0,0.3125,0.6875,2.0,0.015625,,,,,,,
40-9W74,DynaMixEMATent,,,,,,,,,,2,64,31,0.484375,33.0,0.515625,0.515625,2,0.33773332834243774,0.9009780883789062,0.9009780883789062,0.5632447004318237,0.18821333508414795,0.5414932384021802,0.2702934265136719,0.7420698374897203,173.44850158691406,0.19999999999999996,1.0,0.5125439167022705,0.2,0.0,1.0,31.0,0.484375,33.0,0.515625,0.515625,2.0,0.015625,,,,,,,
40-9W74,DynaMixEMATent,,,,,,,,,,3,64,48,0.75,16.0,0.25,0.75,2,0.30264899134635925,0.9988451600074768,0.9988451600074768,0.6961961388587952,0.10962726867851069,0.5907191833192462,0.29965354800224303,0.8434670892302003,237.37459182739258,0.19999999999999996,1.0,0.5215976238250732,0.2,0.0,1.0,21.0,0.328125,43.0,0.671875,0.671875,2.0,0.25,,,,,,,
40-9W74,DynaMixEMATent,,,,,,,,,,4,64,26,0.40625,38.0,0.59375,0.59375,2,0.20597192645072937,0.9761004447937012,0.9761004447937012,0.7701284885406494,0.06794725074905088,0.6392226158128389,0.2928301334381103,0.9039166486555825,299.84502029418945,0.19999999999999996,1.0,0.5565292835235596,0.2,0.0,1.0,31.0,0.484375,33.0,0.515625,0.515625,2.0,0.09375,,,,,,,
40-9W74,DynaMixEMATent,,,,,,,,,,5,64,53,0.828125,11.0,0.171875,0.828125,2,0.2841372787952423,0.7339309453964233,0.7339309453964233,0.4497936964035034,0.05191248649065405,0.7279082298904189,0.220179283618927,0.9334302290255058,346.81660079956055,0.19999999999999996,1.0,0.4828411936759949,0.2,0.0,1.0,23.0,0.359375,41.0,0.640625,0.640625,2.0,0.328125,,,,,,,
40-9W74,DynaMixEMATent,,,,,,,,,,6,29,18,0.6206896551724138,11.0,0.3793103448275862,0.6206896551724138,2,0.17604225873947144,0.728193998336792,0.728193998336792,0.5521517395973206,0.044114233675505196,0.7374275668234572,0.2184581995010376,0.943554863415698,367.9342267513275,0.19999999999999996,1.0,0.5592442154884338,0.2,0.0,1.0,13.0,0.4482758620689655,16.0,0.5517241379310345,0.5517241379310345,2.0,0.12068965517241381,,,,,,,
40-9W74,TEMA,,,,,,,,,,0,64,31,0.484375,33.0,0.515625,0.515625,2,,,,,,,,,,,,,,,,,,,,,,,,,,,,,
40-9W74,TEMA,,,,,,,,,,1,64,31,0.484375,33.0,0.515625,0.515625,2,,,,,,,,,,,,,,,,,,,,,,,,,,,,,
40-9W74,TEMA,,,,,,,,,,2,64,31,0.484375,33.0,0.515625,0.515625,2,,,,,,,,,,,,,,,,,,,,,,,,,,,,,
40-9W74,TEMA,,,,,,,,,,3,64,48,0.75,16.0,0.25,0.75,2,,,,,,,,,,,,,,,,,,,,,,,,,,,,,
40-9W74,TEMA,,,,,,,,,,4,64,26,0.40625,38.0,0.59375,0.59375,2,,,,,,,,,,,,,,,,,,,,,,,,,,,,,
40-9W74,TEMA,,,,,,,,,,5,64,53,0.828125,11.0,0.171875,0.828125,2,,,,,,,,,,,,,,,,,,,,,,,,,,,,,
40-9W74,TEMA,,,,,,,,,,6,29,18,0.6206896551724138,11.0,0.3793103448275862,0.6206896551724138,2,,,,,,,,,,,,,,,,,,,,,,,,,,,,,
40-9W74,DUA,,,,,,,,,,0,64,31,0.484375,33.0,0.515625,0.515625,2,,,,,,,,,,,,,,,,,,,,,,,0.099,,,,,,
40-9W74,DUA,,,,,,,,,,1,64,31,0.484375,33.0,0.515625,0.515625,2,,,,,,,,,,,,,,,,,,,,,,,0.09336,,,,,,
40-9W74,DUA,,,,,,,,,,2,64,31,0.484375,33.0,0.515625,0.515625,2,,,,,,,,,,,,,,,,,,,,,,,0.0880584,,,,,,
40-9W74,DUA,,,,,,,,,,3,64,48,0.75,16.0,0.25,0.75,2,,,,,,,,,,,,,,,,,,,,,,,0.083074896,,,,,,
40-9W74,DUA,,,,,,,,,,4,64,26,0.40625,38.0,0.59375,0.59375,2,,,,,,,,,,,,,,,,,,,,,,,0.07839040223999999,,,,,,
40-9W74,DUA,,,,,,,,,,5,64,53,0.828125,11.0,0.171875,0.828125,2,,,,,,,,,,,,,,,,,,,,,,,0.07398697810559998,,,,,,
40-9W74,DUA,,,,,,,,,,6,29,18,0.6206896551724138,11.0,0.3793103448275862,0.6206896551724138,2,,,,,,,,,,,,,,,,,,,,,,,0.06984775941926398,,,,,,
40-9W74,RoTTA,,,,,,,,,,0,64,31,0.484375,33.0,0.515625,0.515625,2,,,,,,,,,,,,,,,,,,,,,,,,56.0,,,,,
40-9W74,RoTTA,,,,,,,,,,1,64,31,0.484375,33.0,0.515625,0.515625,2,,,,,,,,,,,,,,,,,,,,,,,,64.0,,,,,
40-9W74,RoTTA,,,,,,,,,,2,64,31,0.484375,33.0,0.515625,0.515625,2,,,,,,,,,,,,,,,,,,,,,,,,64.0,,,,,
40-9W74,RoTTA,,,,,,,,,,3,64,48,0.75,16.0,0.25,0.75,2,,,,,,,,,,,,,,,,,,,,,,,,64.0,,,,,
40-9W74,RoTTA,,,,,,,,,,4,64,26,0.40625,38.0,0.59375,0.59375,2,,,,,,,,,,,,,,,,,,,,,,,,64.0,,,,,
40-9W74,RoTTA,,,,,,,,,,5,64,53,0.828125,11.0,0.171875,0.828125,2,,,,,,,,,,,,,,,,,,,,,,,,64.0,,,,,
40-9W74,RoTTA,,,,,,,,,,6,29,18,0.6206896551724138,11.0,0.3793103448275862,0.6206896551724138,2,,,,,,,,,,,,,,,,,,,,,,,,64.0,,,,,
40-9W74,NOTE,,,,,,,,,,0,64,31,0.484375,33.0,0.515625,0.515625,2,,,,,,,,,,,,,,,,,,,,,,,,,64.0,1.0,0.566032350063324,,
40-9W74,NOTE,,,,,,,,,,1,64,31,0.484375,33.0,0.515625,0.515625,2,,,,,,,,,,,,,,,,,,,,,,,,,64.0,1.0,0.574102520942688,,
40-9W74,NOTE,,,,,,,,,,2,64,31,0.484375,33.0,0.515625,0.515625,2,,,,,,,,,,,,,,,,,,,,,,,,,64.0,1.0,0.5221598744392395,,
40-9W74,NOTE,,,,,,,,,,3,64,48,0.75,16.0,0.25,0.75,2,,,,,,,,,,,,,,,,,,,,,,,,,64.0,1.0,0.5555779337882996,,
40-9W74,NOTE,,,,,,,,,,4,64,26,0.40625,38.0,0.59375,0.59375,2,,,,,,,,,,,,,,,,,,,,,,,,,64.0,1.0,0.6153855323791504,,
40-9W74,NOTE,,,,,,,,,,5,64,53,0.828125,11.0,0.171875,0.828125,2,,,,,,,,,,,,,,,,,,,,,,,,,64.0,1.0,0.5285036563873291,,
40-9W74,NOTE,,,,,,,,,,6,29,18,0.6206896551724138,11.0,0.3793103448275862,0.6206896551724138,2,,,,,,,,,,,,,,,,,,,,,,,,,64.0,0.0,,,
40-9W74,DELTA,,,,,,,,,,0,64,31,0.484375,33.0,0.515625,0.515625,2,,,,,,,,,,,,,,,,,,,,,,,,,,,,0.30696848034858704,1.0
40-9W74,DELTA,,,,,,,,,,1,64,31,0.484375,33.0,0.515625,0.515625,2,,,,,,,,,,,,,,,,,,,,,,,,,,,,0.2245035469532013,10.0
40-9W74,DELTA,,,,,,,,,,2,64,31,0.484375,33.0,0.515625,0.515625,2,,,,,,,,,,,,,,,,,,,,,,,,,,,,0.17736679315567017,27.0
40-9W74,DELTA,,,,,,,,,,3,64,48,0.75,16.0,0.25,0.75,2,,,,,,,,,,,,,,,,,,,,,,,,,,,,0.14417190849781036,45.0
40-9W74,DELTA,,,,,,,,,,4,64,26,0.40625,38.0,0.59375,0.59375,2,,,,,,,,,,,,,,,,,,,,,,,,,,,,0.22508858144283295,11.0
40-9W74,DELTA,,,,,,,,,,5,64,53,0.828125,11.0,0.171875,0.828125,2,,,,,,,,,,,,,,,,,,,,,,,,,,,,0.1275709569454193,25.0
40-9W74,DELTA,,,,,,,,,,6,29,18,0.6206896551724138,11.0,0.3793103448275862,0.6206896551724138,2,,,,,,,,,,,,,,,,,,,,,,,,,,,,0.043444905430078506,22.0
41-9W7K,EMATent,0.9705227017402649,0.9705227017402649,0.7609865069389343,1.0,0.20884318947792055,0.5,0.2911568105220795,0.0,0.0,0,64,21,0.328125,43.0,0.671875,0.671875,2,,,,,,,,,,,,,,,,,,,,,,,,,,,,,
41-9W7K,EMATent,0.9482894539833069,0.9482894539833069,0.7991653084754944,1.0,0.21551316380500796,0.5,0.28448683619499204,0.0,0.0,1,64,32,0.5,32.0,0.5,0.5,2,,,,,,,,,,,,,,,,,,,,,,,,,,,,,
41-9W7K,EMATent,0.9859065413475037,0.9859065413475037,0.7822495102882385,1.0,0.20422803759574892,0.5,0.2957719624042511,0.0,0.0,2,64,52,0.8125,12.0,0.1875,0.8125,2,,,,,,,,,,,,,,,,,,,,,,,,,,,,,
41-9W7K,EMATent,0.9909898042678833,0.9909898042678833,0.7413612604141235,1.0,0.202703058719635,0.5,0.297296941280365,0.0,0.0,3,64,33,0.515625,31.0,0.484375,0.515625,2,,,,,,,,,,,,,,,,,,,,,,,,,,,,,
41-9W7K,EMATent,0.8986955285072327,0.8986955285072327,0.7237853407859802,1.0,0.23039134144783022,0.5,0.2696086585521698,0.0,0.0,4,64,49,0.765625,15.0,0.234375,0.765625,2,,,,,,,,,,,,,,,,,,,,,,,,,,,,,
41-9W7K,EMATent,0.9427574872970581,0.9427574872970581,0.7418531179428101,1.0,0.21717275381088258,0.5,0.2828272461891174,0.0,0.0,5,64,53,0.828125,11.0,0.171875,0.828125,2,,,,,,,,,,,,,,,,,,,,,,,,,,,,,
41-9W7K,EMATent,0.9759425520896912,0.9759425520896912,0.7156528830528259,1.0,0.20721723437309267,0.5,0.29278276562690736,0.0,0.0,6,29,18,0.6206896551724138,11.0,0.3793103448275862,0.6206896551724138,2,,,,,,,,,,,,,,,,,,,,,,,,,,,,,
41-9W7K,DynaMixEMATent,,,,,,,,,,0,64,21,0.328125,43.0,0.671875,0.671875,2,0.24656224250793457,0.9705227017402649,0.9705227017402649,0.7239604592323303,0.4363187175280141,0.2725244719499065,0.2911568105220795,0.38446369520828305,62.11345291137695,0.19999999999999996,1.0,0.5039268732070923,0.2,0.0,1.0,29.0,0.453125,35.0,0.546875,0.546875,2.0,0.171875,,,,,,,
41-9W7K,DynaMixEMATent,,,,,,,,,,1,64,32,0.5,32.0,0.5,0.5,2,0.3181511461734772,0.8655781149864197,0.8655781149864197,0.5474269390106201,0.29560999031068674,0.4447165751933873,0.2596734344959259,0.6007032516664972,117.51045227050781,0.19999999999999996,1.0,0.4916907250881195,0.2,0.0,1.0,25.0,0.390625,39.0,0.609375,0.609375,2.0,0.0,,,,,,,
41-9W7K,DynaMixEMATent,,,,,,,,,,2,64,52,0.8125,12.0,0.1875,0.8125,2,0.2865704894065857,0.8770115971565247,0.8770115971565247,0.590441107749939,0.1897848893548947,0.547111631498148,0.26310347914695736,0.742453812734525,173.6391944885254,0.19999999999999996,1.0,0.4878397583961487,0.2,0.0,1.0,36.0,0.5625,28.0,0.4375,0.5625,2.0,0.3125,,,,,,,
41-9W7K,DynaMixEMATent,,,,,,,,,,3,64,33,0.515625,31.0,0.484375,0.515625,2,0.2826812267303467,0.9584013819694519,0.9584013819694519,0.6757201552391052,0.1136353186696578,0.5988442667395066,0.28752041459083555,0.8405072636510714,234.9768829345703,0.19999999999999996,1.0,0.5667663812637329,0.2,0.0,1.0,27.0,0.421875,37.0,0.578125,0.578125,2.0,0.015625,,,,,,,
41-9W7K,DynaMixEMATent,,,,,,,,,,4,64,49,0.765625,15.0,0.234375,0.765625,2,0.14936228096485138,0.985092043876648,0.985092043876648,0.835729718208313,0.06865858749096546,0.6358137993460402,0.29552761316299436,0.9025389940417196,298.0227737426758,0.19999999999999996,1.0,0.5521423816680908,0.2,0.0,1.0,37.0,0.578125,27.0,0.421875,0.578125,2.0,0.265625,,,,,,,
41-9W7K,DynaMixEMATent,,,,,,,,,,5,64,53,0.828125,11.0,0.171875,0.828125,2,0.25063470005989075,0.9555693864822388,0.9555693864822388,0.7049347162246704,0.0431143284923786,0.6702148555629498,0.28667081594467164,0.9395590010109071,359.17921447753906,0.19999999999999996,1.0,0.5631181001663208,0.2,0.0,1.0,51.0,0.796875,13.0,0.203125,0.796875,2.0,0.328125,,,,,,,
41-9W7K,DynaMixEMATent,,,,,,,,,,6,29,18,0.6206896551724138,11.0,0.3793103448275862,0.6206896551724138,2,0.21162095665931702,0.9945252537727356,0.9945252537727356,0.782904326915741,0.03385254447396644,0.6677898793942129,0.2983575761318207,0.9517524264178095,388.0204468369484,0.19999999999999996,1.0,0.610444188117981,0.2,0.0,1.0,17.0,0.5862068965517241,12.0,0.41379310344827586,0.5862068965517241,2.0,0.12068965517241381,,,,,,,
41-9W7K,TEMA,,,,,,,,,,0,64,21,0.328125,43.0,0.671875,0.671875,2,,,,,,,,,,,,,,,,,,,,,,,,,,,,,
41-9W7K,TEMA,,,,,,,,,,1,64,32,0.5,32.0,0.5,0.5,2,,,,,,,,,,,,,,,,,,,,,,,,,,,,,
41-9W7K,TEMA,,,,,,,,,,2,64,52,0.8125,12.0,0.1875,0.8125,2,,,,,,,,,,,,,,,,,,,,,,,,,,,,,
41-9W7K,TEMA,,,,,,,,,,3,64,33,0.515625,31.0,0.484375,0.515625,2,,,,,,,,,,,,,,,,,,,,,,,,,,,,,
41-9W7K,TEMA,,,,,,,,,,4,64,49,0.765625,15.0,0.234375,0.765625,2,,,,,,,,,,,,,,,,,,,,,,,,,,,,,
41-9W7K,TEMA,,,,,,,,,,5,64,53,0.828125,11.0,0.171875,0.828125,2,,,,,,,,,,,,,,,,,,,,,,,,,,,,,
41-9W7K,TEMA,,,,,,,,,,6,29,18,0.6206896551724138,11.0,0.3793103448275862,0.6206896551724138,2,,,,,,,,,,,,,,,,,,,,,,,,,,,,,
41-9W7K,DUA,,,,,,,,,,0,64,21,0.328125,43.0,0.671875,0.671875,2,,,,,,,,,,,,,,,,,,,,,,,0.099,,,,,,
41-9W7K,DUA,,,,,,,,,,1,64,32,0.5,32.0,0.5,0.5,2,,,,,,,,,,,,,,,,,,,,,,,0.09336,,,,,,
41-9W7K,DUA,,,,,,,,,,2,64,52,0.8125,12.0,0.1875,0.8125,2,,,,,,,,,,,,,,,,,,,,,,,0.0880584,,,,,,
41-9W7K,DUA,,,,,,,,,,3,64,33,0.515625,31.0,0.484375,0.515625,2,,,,,,,,,,,,,,,,,,,,,,,0.083074896,,,,,,
41-9W7K,DUA,,,,,,,,,,4,64,49,0.765625,15.0,0.234375,0.765625,2,,,,,,,,,,,,,,,,,,,,,,,0.07839040223999999,,,,,,
41-9W7K,DUA,,,,,,,,,,5,64,53,0.828125,11.0,0.171875,0.828125,2,,,,,,,,,,,,,,,,,,,,,,,0.07398697810559998,,,,,,
41-9W7K,DUA,,,,,,,,,,6,29,18,0.6206896551724138,11.0,0.3793103448275862,0.6206896551724138,2,,,,,,,,,,,,,,,,,,,,,,,0.06984775941926398,,,,,,
41-9W7K,RoTTA,,,,,,,,,,0,64,21,0.328125,43.0,0.671875,0.671875,2,,,,,,,,,,,,,,,,,,,,,,,,60.0,,,,,
41-9W7K,RoTTA,,,,,,,,,,1,64,32,0.5,32.0,0.5,0.5,2,,,,,,,,,,,,,,,,,,,,,,,,64.0,,,,,
41-9W7K,RoTTA,,,,,,,,,,2,64,52,0.8125,12.0,0.1875,0.8125,2,,,,,,,,,,,,,,,,,,,,,,,,64.0,,,,,
41-9W7K,RoTTA,,,,,,,,,,3,64,33,0.515625,31.0,0.484375,0.515625,2,,,,,,,,,,,,,,,,,,,,,,,,64.0,,,,,
41-9W7K,RoTTA,,,,,,,,,,4,64,49,0.765625,15.0,0.234375,0.765625,2,,,,,,,,,,,,,,,,,,,,,,,,64.0,,,,,
41-9W7K,RoTTA,,,,,,,,,,5,64,53,0.828125,11.0,0.171875,0.828125,2,,,,,,,,,,,,,,,,,,,,,,,,64.0,,,,,
41-9W7K,RoTTA,,,,,,,,,,6,29,18,0.6206896551724138,11.0,0.3793103448275862,0.6206896551724138,2,,,,,,,,,,,,,,,,,,,,,,,,64.0,,,,,
41-9W7K,NOTE,,,,,,,,,,0,64,21,0.328125,43.0,0.671875,0.671875,2,,,,,,,,,,,,,,,,,,,,,,,,,64.0,1.0,0.5979378819465637,,
41-9W7K,NOTE,,,,,,,,,,1,64,32,0.5,32.0,0.5,0.5,2,,,,,,,,,,,,,,,,,,,,,,,,,64.0,1.0,0.4678167998790741,,
41-9W7K,NOTE,,,,,,,,,,2,64,52,0.8125,12.0,0.1875,0.8125,2,,,,,,,,,,,,,,,,,,,,,,,,,64.0,1.0,0.503597617149353,,
41-9W7K,NOTE,,,,,,,,,,3,64,33,0.515625,31.0,0.484375,0.515625,2,,,,,,,,,,,,,,,,,,,,,,,,,64.0,1.0,0.5029332637786865,,
41-9W7K,NOTE,,,,,,,,,,4,64,49,0.765625,15.0,0.234375,0.765625,2,,,,,,,,,,,,,,,,,,,,,,,,,64.0,1.0,0.41198018193244934,,
41-9W7K,NOTE,,,,,,,,,,5,64,53,0.828125,11.0,0.171875,0.828125,2,,,,,,,,,,,,,,,,,,,,,,,,,64.0,1.0,0.565011739730835,,
41-9W7K,NOTE,,,,,,,,,,6,29,18,0.6206896551724138,11.0,0.3793103448275862,0.6206896551724138,2,,,,,,,,,,,,,,,,,,,,,,,,,64.0,0.0,,,
41-9W7K,DELTA,,,,,,,,,,0,64,21,0.328125,43.0,0.671875,0.671875,2,,,,,,,,,,,,,,,,,,,,,,,,,,,,0.22922438383102417,3.0
41-9W7K,DELTA,,,,,,,,,,1,64,32,0.5,32.0,0.5,0.5,2,,,,,,,,,,,,,,,,,,,,,,,,,,,,0.20924003422260284,21.0
41-9W7K,DELTA,,,,,,,,,,2,64,52,0.8125,12.0,0.1875,0.8125,2,,,,,,,,,,,,,,,,,,,,,,,,,,,,0.17931941151618958,16.0
41-9W7K,DELTA,,,,,,,,,,3,64,33,0.515625,31.0,0.484375,0.515625,2,,,,,,,,,,,,,,,,,,,,,,,,,,,,0.13068121671676636,36.0
41-9W7K,DELTA,,,,,,,,,,4,64,49,0.765625,15.0,0.234375,0.765625,2,,,,,,,,,,,,,,,,,,,,,,,,,,,,0.04804705083370209,57.0
41-9W7K,DELTA,,,,,,,,,,5,64,53,0.828125,11.0,0.171875,0.828125,2,,,,,,,,,,,,,,,,,,,,,,,,,,,,0.13149595260620117,43.0
41-9W7K,DELTA,,,,,,,,,,6,29,18,0.6206896551724138,11.0,0.3793103448275862,0.6206896551724138,2,,,,,,,,,,,,,,,,,,,,,,,,,,,,0.15070046484470367,9.0
42-9W7R,EMATent,0.6532453894615173,0.6532453894615173,0.8650764226913452,1.0,0.3040263831615448,0.5,0.19597361683845518,0.0,0.0,0,64,33,0.515625,31.0,0.484375,0.515625,2,,,,,,,,,,,,,,,,,,,,,,,,,,,,,
42-9W7R,EMATent,0.9881520867347717,0.9881520867347717,0.6639988422393799,1.0,0.2035543739795685,0.5,0.2964456260204315,0.0,0.0,1,64,53,0.828125,11.0,0.171875,0.828125,2,,,,,,,,,,,,,,,,,,,,,,,,,,,,,
42-9W7R,EMATent,0.7955343723297119,0.7955343723297119,0.7661339044570923,1.0,0.26133968830108645,0.5,0.23866031169891355,0.0,0.0,2,64,44,0.6875,20.0,0.3125,0.6875,2,,,,,,,,,,,,,,,,,,,,,,,,,,,,,
42-9W7R,EMATent,0.8792760968208313,0.8792760968208313,0.7609261870384216,1.0,0.2362171709537506,0.5,0.2637828290462494,0.0,0.0,3,64,51,0.796875,13.0,0.203125,0.796875,2,,,,,,,,,,,,,,,,,,,,,,,,,,,,,
42-9W7R,EMATent,0.9179312586784363,0.9179312586784363,0.7666851282119751,1.0,0.22462062239646913,0.5,0.2753793776035309,0.0,0.0,4,64,64,1.0,,,1.0,1,,,,,,,,,,,,,,,,,,,,,,,,,,,,,
42-9W7R,EMATent,0.9954264760017395,0.9954264760017395,0.8859845399856567,1.0,0.20137205719947815,0.5,0.29862794280052185,0.0,0.0,5,64,42,0.65625,22.0,0.34375,0.65625,2,,,,,,,,,,,,,,,,,,,,,,,,,,,,,
42-9W7R,EMATent,0.7025595307350159,0.7025595307350159,0.8452646136283875,1.0,0.2892321407794952,0.5,0.21076785922050476,0.0,0.0,6,29,29,1.0,,,1.0,1,,,,,,,,,,,,,,,,,,,,,,,,,,,,,
42-9W7R,DynaMixEMATent,,,,,,,,,,0,64,33,0.515625,31.0,0.484375,0.515625,2,0.2251804918050766,0.6532453894615173,0.6532453894615173,0.42806491255760193,0.5799891455447655,0.22403723761677924,0.19597361683845518,0.2786441369446526,41.80770492553711,0.19999999999999996,1.0,0.372583270072937,0.2,0.0,1.0,51.0,0.796875,13.0,0.203125,0.796875,2.0,0.015625,,,,,,,
42-9W7R,DynaMixEMATent,,,,,,,,,,1,64,53,0.828125,11.0,0.171875,0.828125,2,0.15806443989276886,0.9921507239341736,0.9921507239341736,0.8340862989425659,0.3085057890410263,0.3938489937787216,0.29764521718025205,0.560755053446826,105.30535125732422,0.19999999999999996,1.0,0.5793651938438416,0.2,0.0,1.0,18.0,0.28125,46.0,0.71875,0.71875,2.0,0.328125,,,,,,,
42-9W7R,DynaMixEMATent,,,,,,,,,,2,64,44,0.6875,20.0,0.3125,0.6875,2,0.06957068294286728,0.8004623055458069,0.8004623055458069,0.7308915853500366,0.22367782116158016,0.5361834871746778,0.24013869166374205,0.7056333587357799,156.53493881225586,0.19999999999999996,1.0,0.5287309885025024,0.2,0.0,1.0,3.0,0.046875,61.0,0.953125,0.953125,2.0,0.1875,,,,,,,
42-9W7R,DynaMixEMATent,,,,,,,,,,3,64,51,0.796875,13.0,0.203125,0.796875,2,0.2248391956090927,0.87530517578125,0.87530517578125,0.6504659652709961,0.1401285399460116,0.5972799073196134,0.262591552734375,0.809971610081739,212.55447006225586,0.19999999999999996,1.0,0.5197293758392334,0.2,0.0,1.0,10.0,0.15625,54.0,0.84375,0.84375,2.0,0.296875,,,,,,,
42-9W7R,DynaMixEMATent,,,,,,,,,,4,64,64,1.0,,,1.0,1,0.22676901519298553,0.8879576325416565,0.8879576325416565,0.6611886024475098,0.08942681962559129,0.6441858906119118,0.2663872897624969,0.8781007766391618,269.3837585449219,0.19999999999999996,1.0,0.46395570039749146,0.2,0.0,1.0,22.0,0.34375,42.0,0.65625,0.65625,2.0,0.0,,,,,,,
42-9W7R,DynaMixEMATent,,,,,,,,,,5,64,42,0.65625,22.0,0.34375,0.65625,2,0.5379961729049683,0.9977813959121704,0.9977813959121704,0.45978525280952454,0.05186163993844803,0.6488039412879009,0.29933441877365113,0.9259823211985431,333.2417678833008,0.19999999999999996,1.0,0.40983709692955017,0.2,0.0,1.0,29.0,0.453125,35.0,0.546875,0.546875,2.0,0.15625,,,,,,,
42-9W7R,DynaMixEMATent,,,,,,,,,,6,29,29,1.0,,,1.0,1,0.17381805181503296,0.632024347782135,0.632024347782135,0.45820632576942444,0.05198080998734978,0.7584118856780098,0.1896073043346405,0.9358572575180089,351.5704739689827,0.19999999999999996,1.0,0.570332944393158,0.2,0.0,1.0,17.0,0.5862068965517241,12.0,0.41379310344827586,0.5862068965517241,2.0,0.0,,,,,,,
42-9W7R,TEMA,,,,,,,,,,0,64,33,0.515625,31.0,0.484375,0.515625,2,,,,,,,,,,,,,,,,,,,,,,,,,,,,,
42-9W7R,TEMA,,,,,,,,,,1,64,53,0.828125,11.0,0.171875,0.828125,2,,,,,,,,,,,,,,,,,,,,,,,,,,,,,
42-9W7R,TEMA,,,,,,,,,,2,64,44,0.6875,20.0,0.3125,0.6875,2,,,,,,,,,,,,,,,,,,,,,,,,,,,,,
42-9W7R,TEMA,,,,,,,,,,3,64,51,0.796875,13.0,0.203125,0.796875,2,,,,,,,,,,,,,,,,,,,,,,,,,,,,,
42-9W7R,TEMA,,,,,,,,,,4,64,64,1.0,0.0,0.0,1.0,1,,,,,,,,,,,,,,,,,,,,,,,,,,,,,
42-9W7R,TEMA,,,,,,,,,,5,64,42,0.65625,22.0,0.34375,0.65625,2,,,,,,,,,,,,,,,,,,,,,,,,,,,,,
42-9W7R,TEMA,,,,,,,,,,6,29,29,1.0,0.0,0.0,1.0,1,,,,,,,,,,,,,,,,,,,,,,,,,,,,,
42-9W7R,DUA,,,,,,,,,,0,64,33,0.515625,31.0,0.484375,0.515625,2,,,,,,,,,,,,,,,,,,,,,,,0.099,,,,,,
42-9W7R,DUA,,,,,,,,,,1,64,53,0.828125,11.0,0.171875,0.828125,2,,,,,,,,,,,,,,,,,,,,,,,0.09336,,,,,,
42-9W7R,DUA,,,,,,,,,,2,64,44,0.6875,20.0,0.3125,0.6875,2,,,,,,,,,,,,,,,,,,,,,,,0.0880584,,,,,,
42-9W7R,DUA,,,,,,,,,,3,64,51,0.796875,13.0,0.203125,0.796875,2,,,,,,,,,,,,,,,,,,,,,,,0.083074896,,,,,,
42-9W7R,DUA,,,,,,,,,,4,64,64,1.0,0.0,0.0,1.0,1,,,,,,,,,,,,,,,,,,,,,,,0.07839040223999999,,,,,,
42-9W7R,DUA,,,,,,,,,,5,64,42,0.65625,22.0,0.34375,0.65625,2,,,,,,,,,,,,,,,,,,,,,,,0.07398697810559998,,,,,,
42-9W7R,DUA,,,,,,,,,,6,29,29,1.0,0.0,0.0,1.0,1,,,,,,,,,,,,,,,,,,,,,,,0.06984775941926398,,,,,,
42-9W7R,RoTTA,,,,,,,,,,0,64,33,0.515625,31.0,0.484375,0.515625,2,,,,,,,,,,,,,,,,,,,,,,,,56.0,,,,,
42-9W7R,RoTTA,,,,,,,,,,1,64,53,0.828125,11.0,0.171875,0.828125,2,,,,,,,,,,,,,,,,,,,,,,,,64.0,,,,,
42-9W7R,RoTTA,,,,,,,,,,2,64,44,0.6875,20.0,0.3125,0.6875,2,,,,,,,,,,,,,,,,,,,,,,,,64.0,,,,,
42-9W7R,RoTTA,,,,,,,,,,3,64,51,0.796875,13.0,0.203125,0.796875,2,,,,,,,,,,,,,,,,,,,,,,,,64.0,,,,,
42-9W7R,RoTTA,,,,,,,,,,4,64,64,1.0,0.0,0.0,1.0,1,,,,,,,,,,,,,,,,,,,,,,,,64.0,,,,,
42-9W7R,RoTTA,,,,,,,,,,5,64,42,0.65625,22.0,0.34375,0.65625,2,,,,,,,,,,,,,,,,,,,,,,,,64.0,,,,,
42-9W7R,RoTTA,,,,,,,,,,6,29,29,1.0,0.0,0.0,1.0,1,,,,,,,,,,,,,,,,,,,,,,,,64.0,,,,,
42-9W7R,NOTE,,,,,,,,,,0,64,33,0.515625,31.0,0.484375,0.515625,2,,,,,,,,,,,,,,,,,,,,,,,,,64.0,1.0,0.5692404508590698,,
42-9W7R,NOTE,,,,,,,,,,1,64,53,0.828125,11.0,0.171875,0.828125,2,,,,,,,,,,,,,,,,,,,,,,,,,64.0,1.0,0.5251772403717041,,
42-9W7R,NOTE,,,,,,,,,,2,64,44,0.6875,20.0,0.3125,0.6875,2,,,,,,,,,,,,,,,,,,,,,,,,,64.0,1.0,0.5198564529418945,,
42-9W7R,NOTE,,,,,,,,,,3,64,51,0.796875,13.0,0.203125,0.796875,2,,,,,,,,,,,,,,,,,,,,,,,,,64.0,1.0,0.5684353709220886,,
42-9W7R,NOTE,,,,,,,,,,4,64,64,1.0,0.0,0.0,1.0,1,,,,,,,,,,,,,,,,,,,,,,,,,64.0,1.0,0.4757756292819977,,
42-9W7R,NOTE,,,,,,,,,,5,64,42,0.65625,22.0,0.34375,0.65625,2,,,,,,,,,,,,,,,,,,,,,,,,,64.0,1.0,0.4939405620098114,,
42-9W7R,NOTE,,,,,,,,,,6,29,29,1.0,0.0,0.0,1.0,1,,,,,,,,,,,,,,,,,,,,,,,,,64.0,0.0,,,
42-9W7R,DELTA,,,,,,,,,,0,64,33,0.515625,31.0,0.484375,0.515625,2,,,,,,,,,,,,,,,,,,,,,,,,,,,,0.25736987590789795,5.0
42-9W7R,DELTA,,,,,,,,,,1,64,53,0.828125,11.0,0.171875,0.828125,2,,,,,,,,,,,,,,,,,,,,,,,,,,,,0.10903183370828629,26.0
42-9W7R,DELTA,,,,,,,,,,2,64,44,0.6875,20.0,0.3125,0.6875,2,,,,,,,,,,,,,,,,,,,,,,,,,,,,0.08399006724357605,43.0
42-9W7R,DELTA,,,,,,,,,,3,64,51,0.796875,13.0,0.203125,0.796875,2,,,,,,,,,,,,,,,,,,,,,,,,,,,,0.09649700671434402,29.0
42-9W7R,DELTA,,,,,,,,,,4,64,64,1.0,0.0,0.0,1.0,1,,,,,,,,,,,,,,,,,,,,,,,,,,,,0.18068397045135498,23.0
42-9W7R,DELTA,,,,,,,,,,5,64,42,0.65625,22.0,0.34375,0.65625,2,,,,,,,,,,,,,,,,,,,,,,,,,,,,0.06630008667707443,56.0
42-9W7R,DELTA,,,,,,,,,,6,29,29,1.0,0.0,0.0,1.0,1,,,,,,,,,,,,,,,,,,,,,,,,,,,,0.08642426878213882,13.0
43-9W91,EMATent,0.9943902492523193,0.9943902492523193,0.7804587483406067,1.0,0.2016829252243042,0.5,0.2983170747756958,0.0,0.0,0,64,42,0.65625,22.0,0.34375,0.65625,2,,,,,,,,,,,,,,,,,,,,,,,,,,,,,
43-9W91,EMATent,0.9963924884796143,0.9963924884796143,0.7763412594795227,1.0,0.20108225345611574,0.5,0.29891774654388426,0.0,0.0,1,64,32,0.5,32.0,0.5,0.5,2,,,,,,,,,,,,,,,,,,,,,,,,,,,,,
43-9W91,EMATent,0.999968945980072,0.999968945980072,0.7486923933029175,1.0,0.2000093162059784,0.5,0.2999906837940216,0.0,0.0,2,64,46,0.71875,18.0,0.28125,0.71875,2,,,,,,,,,,,,,,,,,,,,,,,,,,,,,
43-9W91,EMATent,0.7610045075416565,0.7610045075416565,0.838689923286438,1.0,0.2716986477375031,0.5,0.22830135226249693,0.0,0.0,3,64,10,0.15625,54.0,0.84375,0.84375,2,,,,,,,,,,,,,,,,,,,,,,,,,,,,,
43-9W91,EMATent,0.9922573566436768,0.9922573566436768,0.7125570774078369,1.0,0.20232279300689698,0.5,0.297677206993103,0.0,0.0,4,64,28,0.4375,36.0,0.5625,0.5625,2,,,,,,,,,,,,,,,,,,,,,,,,,,,,,
43-9W91,EMATent,0.9657260775566101,0.9657260775566101,0.813832700252533,1.0,0.21028217673301697,0.5,0.28971782326698303,0.0,0.0,5,64,27,0.421875,37.0,0.578125,0.578125,2,,,,,,,,,,,,,,,,,,,,,,,,,,,,,
43-9W91,EMATent,0.8415560722351074,0.8415560722351074,0.7546606659889221,1.0,0.24753317832946778,0.5,0.2524668216705322,0.0,0.0,6,29,0,0.0,29.0,1.0,1.0,1,,,,,,,,,,,,,,,,,,,,,,,,,,,,,
43-9W91,DynaMixEMATent,,,,,,,,,,0,64,42,0.65625,22.0,0.34375,0.65625,2,0.34951019287109375,0.9943902492523193,0.9943902492523193,0.6448800563812256,0.42678761635026685,0.27489530887403735,0.2983170747756958,0.39176570925701615,63.64097595214844,0.19999999999999996,1.0,0.5077664852142334,0.2,0.0,1.0,25.0,0.390625,39.0,0.609375,0.609375,2.0,0.15625,,,,,,,
43-9W91,DynaMixEMATent,,,,,,,,,,1,64,32,0.5,32.0,0.5,0.5,2,0.3335326313972473,0.9795480966567993,0.9795480966567993,0.646015465259552,0.263179964286017,0.44295560671694323,0.2938644289970398,0.6272954159323696,126.3320541381836,0.19999999999999996,1.0,0.5674830675125122,0.2,0.0,1.0,20.0,0.3125,44.0,0.6875,0.6875,2.0,0.0,,,,,,,
43-9W91,DynaMixEMATent,,,,,,,,,,2,64,46,0.71875,18.0,0.28125,0.71875,2,0.29570943117141724,0.9496848583221436,0.9496848583221436,0.6539754271507263,0.16577031059985464,0.5493242319035024,0.28490545749664303,0.7681840641385171,187.11188507080078,0.19999999999999996,1.0,0.5488230586051941,0.2,0.0,1.0,28.0,0.4375,36.0,0.5625,0.5625,2.0,0.21875,,,,,,,
43-9W91,DynaMixEMATent,,,,,,,,,,3,64,10,0.15625,54.0,0.84375,0.84375,2,0.19091415405273438,0.7623468637466431,0.7623468637466431,0.5714327096939087,0.12213012885328049,0.6491658120227266,0.22870405912399291,0.8416559424459437,235.90208435058594,0.19999999999999996,1.0,0.6019551753997803,0.2,0.0,1.0,33.0,0.515625,31.0,0.484375,0.515625,2.0,0.34375,,,,,,,
43-9W91,DynaMixEMATent,,,,,,,,,,4,64,28,0.4375,36.0,0.5625,0.5625,2,0.15022848546504974,0.9198945164680481,0.9198945164680481,0.7696660161018372,0.07237803054656809,0.6516536145130175,0.27596835494041444,0.9000347138962254,294.775333404541,0.19999999999999996,1.0,0.5948494672775269,0.2,0.0,1.0,34.0,0.53125,30.0,0.46875,0.53125,2.0,0.0625,,,,,,,
43-9W91,DynaMixEMATent,,,,,,,,,,5,64,27,0.421875,37.0,0.578125,0.578125,2,0.4296562075614929,0.9999999403953552,0.9999999403953552,0.5703436732292175,0.04244240999928637,0.657557607882107,0.29999998211860657,0.9393679872641407,358.77532958984375,0.19999999999999996,1.0,0.5151104927062988,0.2,0.0,1.0,34.0,0.53125,30.0,0.46875,0.53125,2.0,0.078125,,,,,,,
43-9W91,DynaMixEMATent,,,,,,,,,,6,29,0,0.0,29.0,1.0,1.0,1,0.0860670804977417,0.7479641437530518,0.7479641437530518,0.6618970632553101,0.03969629679553107,0.7359144600785533,0.22438924312591552,0.9488193060195328,380.46628975868225,0.19999999999999996,1.0,0.5902180671691895,0.2,0.0,1.0,18.0,0.6206896551724138,11.0,0.3793103448275862,0.6206896551724138,2.0,0.5,,,,,,,
43-9W91,TEMA,,,,,,,,,,0,64,42,0.65625,22.0,0.34375,0.65625,2,,,,,,,,,,,,,,,,,,,,,,,,,,,,,
43-9W91,TEMA,,,,,,,,,,1,64,32,0.5,32.0,0.5,0.5,2,,,,,,,,,,,,,,,,,,,,,,,,,,,,,
43-9W91,TEMA,,,,,,,,,,2,64,46,0.71875,18.0,0.28125,0.71875,2,,,,,,,,,,,,,,,,,,,,,,,,,,,,,
43-9W91,TEMA,,,,,,,,,,3,64,10,0.15625,54.0,0.84375,0.84375,2,,,,,,,,,,,,,,,,,,,,,,,,,,,,,
43-9W91,TEMA,,,,,,,,,,4,64,28,0.4375,36.0,0.5625,0.5625,2,,,,,,,,,,,,,,,,,,,,,,,,,,,,,
43-9W91,TEMA,,,,,,,,,,5,64,27,0.421875,37.0,0.578125,0.578125,2,,,,,,,,,,,,,,,,,,,,,,,,,,,,,
43-9W91,TEMA,,,,,,,,,,6,29,0,0.0,29.0,1.0,1.0,1,,,,,,,,,,,,,,,,,,,,,,,,,,,,,
43-9W91,DUA,,,,,,,,,,0,64,42,0.65625,22.0,0.34375,0.65625,2,,,,,,,,,,,,,,,,,,,,,,,0.099,,,,,,
43-9W91,DUA,,,,,,,,,,1,64,32,0.5,32.0,0.5,0.5,2,,,,,,,,,,,,,,,,,,,,,,,0.09336,,,,,,
43-9W91,DUA,,,,,,,,,,2,64,46,0.71875,18.0,0.28125,0.71875,2,,,,,,,,,,,,,,,,,,,,,,,0.0880584,,,,,,
43-9W91,DUA,,,,,,,,,,3,64,10,0.15625,54.0,0.84375,0.84375,2,,,,,,,,,,,,,,,,,,,,,,,0.083074896,,,,,,
43-9W91,DUA,,,,,,,,,,4,64,28,0.4375,36.0,0.5625,0.5625,2,,,,,,,,,,,,,,,,,,,,,,,0.07839040223999999,,,,,,
43-9W91,DUA,,,,,,,,,,5,64,27,0.421875,37.0,0.578125,0.578125,2,,,,,,,,,,,,,,,,,,,,,,,0.07398697810559998,,,,,,
43-9W91,DUA,,,,,,,,,,6,29,0,0.0,29.0,1.0,1.0,1,,,,,,,,,,,,,,,,,,,,,,,0.06984775941926398,,,,,,
43-9W91,RoTTA,,,,,,,,,,0,64,42,0.65625,22.0,0.34375,0.65625,2,,,,,,,,,,,,,,,,,,,,,,,,61.0,,,,,
43-9W91,RoTTA,,,,,,,,,,1,64,32,0.5,32.0,0.5,0.5,2,,,,,,,,,,,,,,,,,,,,,,,,64.0,,,,,
43-9W91,RoTTA,,,,,,,,,,2,64,46,0.71875,18.0,0.28125,0.71875,2,,,,,,,,,,,,,,,,,,,,,,,,64.0,,,,,
43-9W91,RoTTA,,,,,,,,,,3,64,10,0.15625,54.0,0.84375,0.84375,2,,,,,,,,,,,,,,,,,,,,,,,,64.0,,,,,
43-9W91,RoTTA,,,,,,,,,,4,64,28,0.4375,36.0,0.5625,0.5625,2,,,,,,,,,,,,,,,,,,,,,,,,64.0,,,,,
43-9W91,RoTTA,,,,,,,,,,5,64,27,0.421875,37.0,0.578125,0.578125,2,,,,,,,,,,,,,,,,,,,,,,,,64.0,,,,,
43-9W91,RoTTA,,,,,,,,,,6,29,0,0.0,29.0,1.0,1.0,1,,,,,,,,,,,,,,,,,,,,,,,,64.0,,,,,
43-9W91,NOTE,,,,,,,,,,0,64,42,0.65625,22.0,0.34375,0.65625,2,,,,,,,,,,,,,,,,,,,,,,,,,64.0,1.0,0.5402220487594604,,
43-9W91,NOTE,,,,,,,,,,1,64,32,0.5,32.0,0.5,0.5,2,,,,,,,,,,,,,,,,,,,,,,,,,64.0,1.0,0.5840275287628174,,
43-9W91,NOTE,,,,,,,,,,2,64,46,0.71875,18.0,0.28125,0.71875,2,,,,,,,,,,,,,,,,,,,,,,,,,64.0,1.0,0.5941156148910522,,
43-9W91,NOTE,,,,,,,,,,3,64,10,0.15625,54.0,0.84375,0.84375,2,,,,,,,,,,,,,,,,,,,,,,,,,64.0,1.0,0.5381544828414917,,
43-9W91,NOTE,,,,,,,,,,4,64,28,0.4375,36.0,0.5625,0.5625,2,,,,,,,,,,,,,,,,,,,,,,,,,64.0,1.0,0.5281870365142822,,
43-9W91,NOTE,,,,,,,,,,5,64,27,0.421875,37.0,0.578125,0.578125,2,,,,,,,,,,,,,,,,,,,,,,,,,64.0,1.0,0.5403982400894165,,
43-9W91,NOTE,,,,,,,,,,6,29,0,0.0,29.0,1.0,1.0,1,,,,,,,,,,,,,,,,,,,,,,,,,64.0,0.0,,,
43-9W91,DELTA,,,,,,,,,,0,64,42,0.65625,22.0,0.34375,0.65625,2,,,,,,,,,,,,,,,,,,,,,,,,,,,,0.17898407578468323,9.0
43-9W91,DELTA,,,,,,,,,,1,64,32,0.5,32.0,0.5,0.5,2,,,,,,,,,,,,,,,,,,,,,,,,,,,,0.27992841601371765,10.0
43-9W91,DELTA,,,,,,,,,,2,64,46,0.71875,18.0,0.28125,0.71875,2,,,,,,,,,,,,,,,,,,,,,,,,,,,,0.30619069933891296,6.0
43-9W91,DELTA,,,,,,,,,,3,64,10,0.15625,54.0,0.84375,0.84375,2,,,,,,,,,,,,,,,,,,,,,,,,,,,,0.007278825156390667,45.0
43-9W91,DELTA,,,,,,,,,,4,64,28,0.4375,36.0,0.5625,0.5625,2,,,,,,,,,,,,,,,,,,,,,,,,,,,,0.1649230271577835,29.0
43-9W91,DELTA,,,,,,,,,,5,64,27,0.421875,37.0,0.578125,0.578125,2,,,,,,,,,,,,,,,,,,,,,,,,,,,,0.13278236985206604,24.0
43-9W91,DELTA,,,,,,,,,,6,29,0,0.0,29.0,1.0,1.0,1,,,,,,,,,,,,,,,,,,,,,,,,,,,,0.2342296540737152,6.0
44-9WAY,EMATent,0.7600659728050232,0.7600659728050232,0.7852874994277954,1.0,0.27198020815849305,0.5,0.22801979184150695,0.0,0.0,0,64,33,0.515625,31.0,0.484375,0.515625,2,,,,,,,,,,,,,,,,,,,,,,,,,,,,,
44-9WAY,EMATent,0.998719334602356,0.998719334602356,0.7160313129425049,1.0,0.2003841996192932,0.5,0.2996158003807068,0.0,0.0,1,64,29,0.453125,35.0,0.546875,0.546875,2,,,,,,,,,,,,,,,,,,,,,,,,,,,,,
44-9WAY,EMATent,0.9748902916908264,0.9748902916908264,0.7392631769180298,1.0,0.20753291249275208,0.5,0.2924670875072479,0.0,0.0,2,64,54,0.84375,10.0,0.15625,0.84375,2,,,,,,,,,,,,,,,,,,,,,,,,,,,,,
44-9WAY,EMATent,0.9544398784637451,0.9544398784637451,0.6777219772338867,1.0,0.21366803646087648,0.5,0.28633196353912355,0.0,0.0,3,64,42,0.65625,22.0,0.34375,0.65625,2,,,,,,,,,,,,,,,,,,,,,,,,,,,,,
44-9WAY,EMATent,0.9991627931594849,0.9991627931594849,0.775788426399231,1.0,0.20025116205215454,0.5,0.29974883794784546,0.0,0.0,4,64,19,0.296875,45.0,0.703125,0.703125,2,,,,,,,,,,,,,,,,,,,,,,,,,,,,,
44-9WAY,EMATent,0.7896195650100708,0.7896195650100708,0.8382478356361389,1.0,0.26311413049697874,0.5,0.23688586950302123,0.0,0.0,5,64,40,0.625,24.0,0.375,0.625,2,,,,,,,,,,,,,,,,,,,,,,,,,,,,,
44-9WAY,EMATent,0.8377513885498047,0.8377513885498047,0.7787798047065735,1.0,0.2486745834350586,0.5,0.2513254165649414,0.0,0.0,6,29,9,0.3103448275862069,20.0,0.6896551724137931,0.6896551724137931,2,,,,,,,,,,,,,,,,,,,,,,,,,,,,,
44-9WAY,DynaMixEMATent,,,,,,,,,,0,64,33,0.515625,31.0,0.484375,0.515625,2,0.04498877003788948,0.7600659728050232,0.7600659728050232,0.7150772213935852,0.5279100588944089,0.24407014926408413,0.22801979184150695,0.3161611485432989,48.644222259521484,0.19999999999999996,1.0,0.6059485673904419,0.2,0.0,1.0,17.0,0.265625,47.0,0.734375,0.734375,2.0,0.015625,,,,,,,
44-9WAY,DynaMixEMATent,,,,,,,,,,1,64,29,0.453125,35.0,0.546875,0.546875,2,0.20036064088344574,0.9522911310195923,0.9522911310195923,0.7519305348396301,0.303427352073663,0.41088530862045936,0.2856873393058777,0.5752177319959412,109.59085464477539,0.19999999999999996,1.0,0.5416591167449951,0.2,0.0,1.0,44.0,0.6875,20.0,0.3125,0.6875,2.0,0.046875,,,,,,,
44-9WAY,DynaMixEMATent,,,,,,,,,,2,64,54,0.84375,10.0,0.15625,0.84375,2,0.2572934329509735,0.9939677119255066,0.9939677119255066,0.7366742491722107,0.1813628748026243,0.5204468116197236,0.29819031357765197,0.741578267853259,173.2047882080078,0.19999999999999996,1.0,0.5764189958572388,0.2,0.0,1.0,38.0,0.59375,26.0,0.40625,0.59375,2.0,0.34375,,,,,,,
44-9WAY,DynaMixEMATent,,,,,,,,,,3,64,42,0.65625,22.0,0.34375,0.65625,2,0.16653776168823242,0.9733332395553589,0.9733332395553589,0.8067954778671265,0.11246196839486193,0.5955380597385305,0.29199997186660764,0.8411554181835805,235.49811553955078,0.19999999999999996,1.0,0.5923370122909546,0.2,0.0,1.0,38.0,0.59375,26.0,0.40625,0.59375,2.0,0.15625,,,,,,,
44-9WAY,DynaMixEMATent,,,,,,,,,,4,64,19,0.296875,45.0,0.703125,0.703125,2,0.2608170211315155,0.9999188184738159,0.9999188184738159,0.7391018271446228,0.06744596033660145,0.6325783941212538,0.2999756455421448,0.9036519802388361,299.492919921875,0.19999999999999996,1.0,0.4473825693130493,0.2,0.0,1.0,30.0,0.46875,34.0,0.53125,0.53125,2.0,0.203125,,,,,,,
44-9WAY,DynaMixEMATent,,,,,,,,,,5,64,40,0.625,24.0,0.375,0.625,2,0.1895793080329895,0.9540923833847046,0.9540923833847046,0.7645130753517151,0.04267995424119507,0.6710923307433936,0.2862277150154114,0.9402050834152007,360.5548324584961,0.19999999999999996,1.0,0.49144837260246277,0.2,0.0,1.0,39.0,0.609375,25.0,0.390625,0.609375,2.0,0.125,,,,,,,
44-9WAY,DynaMixEMATent,,,,,,,,,,6,29,9,0.3103448275862069,20.0,0.6896551724137931,0.6896551724137931,2,0.1238299161195755,0.982128918170929,0.982128918170929,0.8582990169525146,0.033762880096542346,0.671598444452179,0.2946386754512787,0.9521339221169473,389.03657108545303,0.19999999999999996,1.0,0.5864928364753723,0.2,0.0,1.0,19.0,0.6551724137931034,10.0,0.3448275862068966,0.6551724137931034,2.0,0.18965517241379315,,,,,,,
44-9WAY,TEMA,,,,,,,,,,0,64,33,0.515625,31.0,0.484375,0.515625,2,,,,,,,,,,,,,,,,,,,,,,,,,,,,,
44-9WAY,TEMA,,,,,,,,,,1,64,29,0.453125,35.0,0.546875,0.546875,2,,,,,,,,,,,,,,,,,,,,,,,,,,,,,
44-9WAY,TEMA,,,,,,,,,,2,64,54,0.84375,10.0,0.15625,0.84375,2,,,,,,,,,,,,,,,,,,,,,,,,,,,,,
44-9WAY,TEMA,,,,,,,,,,3,64,42,0.65625,22.0,0.34375,0.65625,2,,,,,,,,,,,,,,,,,,,,,,,,,,,,,
44-9WAY,TEMA,,,,,,,,,,4,64,19,0.296875,45.0,0.703125,0.703125,2,,,,,,,,,,,,,,,,,,,,,,,,,,,,,
44-9WAY,TEMA,,,,,,,,,,5,64,40,0.625,24.0,0.375,0.625,2,,,,,,,,,,,,,,,,,,,,,,,,,,,,,
44-9WAY,TEMA,,,,,,,,,,6,29,9,0.3103448275862069,20.0,0.6896551724137931,0.6896551724137931,2,,,,,,,,,,,,,,,,,,,,,,,,,,,,,
44-9WAY,DUA,,,,,,,,,,0,64,33,0.515625,31.0,0.484375,0.515625,2,,,,,,,,,,,,,,,,,,,,,,,0.099,,,,,,
44-9WAY,DUA,,,,,,,,,,1,64,29,0.453125,35.0,0.546875,0.546875,2,,,,,,,,,,,,,,,,,,,,,,,0.09336,,,,,,
44-9WAY,DUA,,,,,,,,,,2,64,54,0.84375,10.0,0.15625,0.84375,2,,,,,,,,,,,,,,,,,,,,,,,0.0880584,,,,,,
44-9WAY,DUA,,,,,,,,,,3,64,42,0.65625,22.0,0.34375,0.65625,2,,,,,,,,,,,,,,,,,,,,,,,0.083074896,,,,,,
44-9WAY,DUA,,,,,,,,,,4,64,19,0.296875,45.0,0.703125,0.703125,2,,,,,,,,,,,,,,,,,,,,,,,0.07839040223999999,,,,,,
44-9WAY,DUA,,,,,,,,,,5,64,40,0.625,24.0,0.375,0.625,2,,,,,,,,,,,,,,,,,,,,,,,0.07398697810559998,,,,,,
44-9WAY,DUA,,,,,,,,,,6,29,9,0.3103448275862069,20.0,0.6896551724137931,0.6896551724137931,2,,,,,,,,,,,,,,,,,,,,,,,0.06984775941926398,,,,,,
44-9WAY,RoTTA,,,,,,,,,,0,64,33,0.515625,31.0,0.484375,0.515625,2,,,,,,,,,,,,,,,,,,,,,,,,51.0,,,,,
44-9WAY,RoTTA,,,,,,,,,,1,64,29,0.453125,35.0,0.546875,0.546875,2,,,,,,,,,,,,,,,,,,,,,,,,64.0,,,,,
44-9WAY,RoTTA,,,,,,,,,,2,64,54,0.84375,10.0,0.15625,0.84375,2,,,,,,,,,,,,,,,,,,,,,,,,64.0,,,,,
44-9WAY,RoTTA,,,,,,,,,,3,64,42,0.65625,22.0,0.34375,0.65625,2,,,,,,,,,,,,,,,,,,,,,,,,64.0,,,,,
44-9WAY,RoTTA,,,,,,,,,,4,64,19,0.296875,45.0,0.703125,0.703125,2,,,,,,,,,,,,,,,,,,,,,,,,64.0,,,,,
44-9WAY,RoTTA,,,,,,,,,,5,64,40,0.625,24.0,0.375,0.625,2,,,,,,,,,,,,,,,,,,,,,,,,64.0,,,,,
44-9WAY,RoTTA,,,,,,,,,,6,29,9,0.3103448275862069,20.0,0.6896551724137931,0.6896551724137931,2,,,,,,,,,,,,,,,,,,,,,,,,64.0,,,,,
44-9WAY,NOTE,,,,,,,,,,0,64,33,0.515625,31.0,0.484375,0.515625,2,,,,,,,,,,,,,,,,,,,,,,,,,64.0,1.0,0.6350058317184448,,
44-9WAY,NOTE,,,,,,,,,,1,64,29,0.453125,35.0,0.546875,0.546875,2,,,,,,,,,,,,,,,,,,,,,,,,,64.0,1.0,0.5392899513244629,,
44-9WAY,NOTE,,,,,,,,,,2,64,54,0.84375,10.0,0.15625,0.84375,2,,,,,,,,,,,,,,,,,,,,,,,,,64.0,1.0,0.5645455121994019,,
44-9WAY,NOTE,,,,,,,,,,3,64,42,0.65625,22.0,0.34375,0.65625,2,,,,,,,,,,,,,,,,,,,,,,,,,64.0,1.0,0.558535099029541,,
44-9WAY,NOTE,,,,,,,,,,4,64,19,0.296875,45.0,0.703125,0.703125,2,,,,,,,,,,,,,,,,,,,,,,,,,64.0,1.0,0.4977242648601532,,
44-9WAY,NOTE,,,,,,,,,,5,64,40,0.625,24.0,0.375,0.625,2,,,,,,,,,,,,,,,,,,,,,,,,,64.0,1.0,0.5698267221450806,,
44-9WAY,NOTE,,,,,,,,,,6,29,9,0.3103448275862069,20.0,0.6896551724137931,0.6896551724137931,2,,,,,,,,,,,,,,,,,,,,,,,,,64.0,0.0,,,
44-9WAY,DELTA,,,,,,,,,,0,64,33,0.515625,31.0,0.484375,0.515625,2,,,,,,,,,,,,,,,,,,,,,,,,,,,,,0.0
44-9WAY,DELTA,,,,,,,,,,1,64,29,0.453125,35.0,0.546875,0.546875,2,,,,,,,,,,,,,,,,,,,,,,,,,,,,0.11299137026071548,27.0
44-9WAY,DELTA,,,,,,,,,,2,64,54,0.84375,10.0,0.15625,0.84375,2,,,,,,,,,,,,,,,,,,,,,,,,,,,,0.05275662988424301,15.0
44-9WAY,DELTA,,,,,,,,,,3,64,42,0.65625,22.0,0.34375,0.65625,2,,,,,,,,,,,,,,,,,,,,,,,,,,,,0.12113893032073975,28.0
44-9WAY,DELTA,,,,,,,,,,4,64,19,0.296875,45.0,0.703125,0.703125,2,,,,,,,,,,,,,,,,,,,,,,,,,,,,0.18401148915290833,27.0
44-9WAY,DELTA,,,,,,,,,,5,64,40,0.625,24.0,0.375,0.625,2,,,,,,,,,,,,,,,,,,,,,,,,,,,,0.1808747947216034,28.0
44-9WAY,DELTA,,,,,,,,,,6,29,9,0.3103448275862069,20.0,0.6896551724137931,0.6896551724137931,2,,,,,,,,,,,,,,,,,,,,,,,,,,,,0.16218824684619904,21.0
45-9WBS,EMATent,0.9972438216209412,0.9972438216209412,0.7233983278274536,1.0,0.20082685351371765,0.5,0.29917314648628235,0.0,0.0,0,64,21,0.328125,43.0,0.671875,0.671875,2,,,,,,,,,,,,,,,,,,,,,,,,,,,,,
45-9WBS,EMATent,0.9198500514030457,0.9198500514030457,0.8207083940505981,1.0,0.2240449845790863,0.5,0.27595501542091366,0.0,0.0,1,64,8,0.125,56.0,0.875,0.875,2,,,,,,,,,,,,,,,,,,,,,,,,,,,,,
45-9WBS,EMATent,0.9935140013694763,0.9935140013694763,0.797572672367096,1.0,0.20194579958915712,0.5,0.2980542004108429,0.0,0.0,2,64,33,0.515625,31.0,0.484375,0.515625,2,,,,,,,,,,,,,,,,,,,,,,,,,,,,,
45-9WBS,EMATent,0.9997872710227966,0.9997872710227966,0.6892215013504028,1.0,0.20006381869316103,0.5,0.29993618130683897,0.0,0.0,3,64,35,0.546875,29.0,0.453125,0.546875,2,,,,,,,,,,,,,,,,,,,,,,,,,,,,,
45-9WBS,EMATent,0.9934176802635193,0.9934176802635193,0.753286600112915,1.0,0.20197469592094422,0.5,0.29802530407905575,0.0,0.0,4,64,22,0.34375,42.0,0.65625,0.65625,2,,,,,,,,,,,,,,,,,,,,,,,,,,,,,
45-9WBS,EMATent,0.9965731501579285,0.9965731501579285,0.7088503837585449,1.0,0.20102805495262147,0.5,0.2989719450473785,0.0,0.0,5,64,33,0.515625,31.0,0.484375,0.515625,2,,,,,,,,,,,,,,,,,,,,,,,,,,,,,
45-9WBS,EMATent,0.8970080018043518,0.8970080018043518,0.7178378701210022,1.0,0.23089759945869448,0.5,0.2691024005413055,0.0,0.0,6,29,11,0.3793103448275862,18.0,0.6206896551724138,0.6206896551724138,2,,,,,,,,,,,,,,,,,,,,,,,,,,,,,
45-9WBS,DynaMixEMATent,,,,,,,,,,0,64,21,0.328125,43.0,0.671875,0.671875,2,0.22844447195529938,0.9972438216209412,0.9972438216209412,0.768799364566803,0.42565916609582494,0.2751676874178927,0.29917314648628235,0.39263291073721207,63.823604583740234,0.19999999999999996,1.0,0.5385099649429321,0.2,0.0,1.0,31.0,0.484375,33.0,0.515625,0.515625,2.0,0.171875,,,,,,,
45-9WBS,DynaMixEMATent,,,,,,,,,,1,64,8,0.125,56.0,0.875,0.875,2,0.35942164063453674,0.9108137488365173,0.9108137488365173,0.551392138004303,0.27993623318088956,0.4468196421681553,0.2732441246509552,0.6148139386607059,122.11568450927734,0.19999999999999996,1.0,0.5036146640777588,0.2,0.0,1.0,11.0,0.171875,53.0,0.828125,0.828125,2.0,0.375,,,,,,,
45-9WBS,DynaMixEMATent,,,,,,,,,,2,64,33,0.515625,31.0,0.484375,0.515625,2,0.36025670170783997,0.9775148034095764,0.9775148034095764,0.6172581315040588,0.1669817501481357,0.5397638088289914,0.2932544410228729,0.7637314475809251,184.67663192749023,0.19999999999999996,1.0,0.4571012258529663,0.2,0.0,1.0,32.0,0.5,32.0,0.5,0.5,2.0,0.015625,,,,,,,
45-9WBS,DynaMixEMATent,,,,,,,,,,3,64,35,0.546875,29.0,0.453125,0.546875,2,0.16278158128261566,0.990188717842102,0.990188717842102,0.82740718126297,0.10123006612068708,0.6017133185266823,0.2970566153526306,0.8559911532968348,248.04870986938477,0.19999999999999996,1.0,0.5763242244720459,0.2,0.0,1.0,38.0,0.59375,26.0,0.40625,0.59375,2.0,0.046875,,,,,,,
45-9WBS,DynaMixEMATent,,,,,,,,,,4,64,22,0.34375,42.0,0.65625,0.65625,2,0.26324695348739624,0.963846743106842,0.963846743106842,0.7005997896194458,0.06322196955773077,0.6476240075102166,0.2891540229320526,0.9110609448498186,309.73490142822266,0.19999999999999996,1.0,0.5468388199806213,0.2,0.0,1.0,35.0,0.546875,29.0,0.453125,0.546875,2.0,0.15625,,,,,,,
45-9WBS,DynaMixEMATent,,,,,,,,,,5,64,33,0.515625,31.0,0.484375,0.515625,2,0.14953410625457764,0.9894285798072815,0.9894285798072815,0.8398944735527039,0.038133093620133,0.6650383324376826,0.2968285739421844,0.9457698475691507,373.0583305358887,0.19999999999999996,1.0,0.5022927522659302,0.2,0.0,1.0,36.0,0.5625,28.0,0.4375,0.5625,2.0,0.015625,,,,,,,
45-9WBS,DynaMixEMATent,,,,,,,,,,6,29,11,0.3793103448275862,18.0,0.6206896551724138,0.6206896551724138,2,0.09250516444444656,0.8550522327423096,0.8550522327423096,0.7625470757484436,0.033218492077010914,0.7102658381002962,0.25651566982269286,0.9553205215917746,397.85484528541565,0.19999999999999996,1.0,0.5800608992576599,0.2,0.0,1.0,11.0,0.3793103448275862,18.0,0.6206896551724138,0.6206896551724138,2.0,0.12068965517241381,,,,,,,
45-9WBS,TEMA,,,,,,,,,,0,64,21,0.328125,43.0,0.671875,0.671875,2,,,,,,,,,,,,,,,,,,,,,,,,,,,,,
45-9WBS,TEMA,,,,,,,,,,1,64,8,0.125,56.0,0.875,0.875,2,,,,,,,,,,,,,,,,,,,,,,,,,,,,,
45-9WBS,TEMA,,,,,,,,,,2,64,33,0.515625,31.0,0.484375,0.515625,2,,,,,,,,,,,,,,,,,,,,,,,,,,,,,
45-9WBS,TEMA,,,,,,,,,,3,64,35,0.546875,29.0,0.453125,0.546875,2,,,,,,,,,,,,,,,,,,,,,,,,,,,,,
45-9WBS,TEMA,,,,,,,,,,4,64,22,0.34375,42.0,0.65625,0.65625,2,,,,,,,,,,,,,,,,,,,,,,,,,,,,,
45-9WBS,TEMA,,,,,,,,,,5,64,33,0.515625,31.0,0.484375,0.515625,2,,,,,,,,,,,,,,,,,,,,,,,,,,,,,
45-9WBS,TEMA,,,,,,,,,,6,29,11,0.3793103448275862,18.0,0.6206896551724138,0.6206896551724138,2,,,,,,,,,,,,,,,,,,,,,,,,,,,,,
45-9WBS,DUA,,,,,,,,,,0,64,21,0.328125,43.0,0.671875,0.671875,2,,,,,,,,,,,,,,,,,,,,,,,0.099,,,,,,
45-9WBS,DUA,,,,,,,,,,1,64,8,0.125,56.0,0.875,0.875,2,,,,,,,,,,,,,,,,,,,,,,,0.09336,,,,,,
45-9WBS,DUA,,,,,,,,,,2,64,33,0.515625,31.0,0.484375,0.515625,2,,,,,,,,,,,,,,,,,,,,,,,0.0880584,,,,,,
45-9WBS,DUA,,,,,,,,,,3,64,35,0.546875,29.0,0.453125,0.546875,2,,,,,,,,,,,,,,,,,,,,,,,0.083074896,,,,,,
45-9WBS,DUA,,,,,,,,,,4,64,22,0.34375,42.0,0.65625,0.65625,2,,,,,,,,,,,,,,,,,,,,,,,0.07839040223999999,,,,,,
45-9WBS,DUA,,,,,,,,,,5,64,33,0.515625,31.0,0.484375,0.515625,2,,,,,,,,,,,,,,,,,,,,,,,0.07398697810559998,,,,,,
45-9WBS,DUA,,,,,,,,,,6,29,11,0.3793103448275862,18.0,0.6206896551724138,0.6206896551724138,2,,,,,,,,,,,,,,,,,,,,,,,0.06984775941926398,,,,,,
45-9WBS,RoTTA,,,,,,,,,,0,64,21,0.328125,43.0,0.671875,0.671875,2,,,,,,,,,,,,,,,,,,,,,,,,60.0,,,,,
45-9WBS,RoTTA,,,,,,,,,,1,64,8,0.125,56.0,0.875,0.875,2,,,,,,,,,,,,,,,,,,,,,,,,64.0,,,,,
45-9WBS,RoTTA,,,,,,,,,,2,64,33,0.515625,31.0,0.484375,0.515625,2,,,,,,,,,,,,,,,,,,,,,,,,64.0,,,,,
45-9WBS,RoTTA,,,,,,,,,,3,64,35,0.546875,29.0,0.453125,0.546875,2,,,,,,,,,,,,,,,,,,,,,,,,64.0,,,,,
45-9WBS,RoTTA,,,,,,,,,,4,64,22,0.34375,42.0,0.65625,0.65625,2,,,,,,,,,,,,,,,,,,,,,,,,64.0,,,,,
45-9WBS,RoTTA,,,,,,,,,,5,64,33,0.515625,31.0,0.484375,0.515625,2,,,,,,,,,,,,,,,,,,,,,,,,64.0,,,,,
45-9WBS,RoTTA,,,,,,,,,,6,29,11,0.3793103448275862,18.0,0.6206896551724138,0.6206896551724138,2,,,,,,,,,,,,,,,,,,,,,,,,64.0,,,,,
45-9WBS,NOTE,,,,,,,,,,0,64,21,0.328125,43.0,0.671875,0.671875,2,,,,,,,,,,,,,,,,,,,,,,,,,64.0,1.0,0.5426218509674072,,
45-9WBS,NOTE,,,,,,,,,,1,64,8,0.125,56.0,0.875,0.875,2,,,,,,,,,,,,,,,,,,,,,,,,,64.0,1.0,0.5490119457244873,,
45-9WBS,NOTE,,,,,,,,,,2,64,33,0.515625,31.0,0.484375,0.515625,2,,,,,,,,,,,,,,,,,,,,,,,,,64.0,1.0,0.5239014029502869,,
45-9WBS,NOTE,,,,,,,,,,3,64,35,0.546875,29.0,0.453125,0.546875,2,,,,,,,,,,,,,,,,,,,,,,,,,64.0,1.0,0.5432112812995911,,
45-9WBS,NOTE,,,,,,,,,,4,64,22,0.34375,42.0,0.65625,0.65625,2,,,,,,,,,,,,,,,,,,,,,,,,,64.0,1.0,0.6153765916824341,,
45-9WBS,NOTE,,,,,,,,,,5,64,33,0.515625,31.0,0.484375,0.515625,2,,,,,,,,,,,,,,,,,,,,,,,,,64.0,1.0,0.5262515544891357,,
45-9WBS,NOTE,,,,,,,,,,6,29,11,0.3793103448275862,18.0,0.6206896551724138,0.6206896551724138,2,,,,,,,,,,,,,,,,,,,,,,,,,64.0,0.0,,,
45-9WBS,DELTA,,,,,,,,,,0,64,21,0.328125,43.0,0.671875,0.671875,2,,,,,,,,,,,,,,,,,,,,,,,,,,,,0.2565327286720276,11.0
45-9WBS,DELTA,,,,,,,,,,1,64,8,0.125,56.0,0.875,0.875,2,,,,,,,,,,,,,,,,,,,,,,,,,,,,0.10176528245210648,39.0
45-9WBS,DELTA,,,,,,,,,,2,64,33,0.515625,31.0,0.484375,0.515625,2,,,,,,,,,,,,,,,,,,,,,,,,,,,,0.11266439408063889,51.0
45-9WBS,DELTA,,,,,,,,,,3,64,35,0.546875,29.0,0.453125,0.546875,2,,,,,,,,,,,,,,,,,,,,,,,,,,,,0.16026531159877777,26.0
45-9WBS,DELTA,,,,,,,,,,4,64,22,0.34375,42.0,0.65625,0.65625,2,,,,,,,,,,,,,,,,,,,,,,,,,,,,0.2129782885313034,23.0
45-9WBS,DELTA,,,,,,,,,,5,64,33,0.515625,31.0,0.484375,0.515625,2,,,,,,,,,,,,,,,,,,,,,,,,,,,,0.19840583205223083,18.0
45-9WBS,DELTA,,,,,,,,,,6,29,11,0.3793103448275862,18.0,0.6206896551724138,0.6206896551724138,2,,,,,,,,,,,,,,,,,,,,,,,,,,,,0.139322891831398,9.0
46-9WCE,EMATent,0.9591137766838074,0.9591137766838074,0.7312623858451843,1.0,0.2122658669948578,0.5,0.2877341330051422,0.0,0.0,0,64,20,0.3125,44.0,0.6875,0.6875,2,,,,,,,,,,,,,,,,,,,,,,,,,,,,,
46-9WCE,EMATent,0.9939970970153809,0.9939970970153809,0.7879624366760254,1.0,0.20180087089538576,0.5,0.29819912910461427,0.0,0.0,1,64,42,0.65625,22.0,0.34375,0.65625,2,,,,,,,,,,,,,,,,,,,,,,,,,,,,,
46-9WCE,EMATent,0.9938741326332092,0.9938741326332092,0.681265115737915,1.0,0.20183776021003724,0.5,0.29816223978996276,0.0,0.0,2,64,42,0.65625,22.0,0.34375,0.65625,2,,,,,,,,,,,,,,,,,,,,,,,,,,,,,
46-9WCE,EMATent,0.818709135055542,0.818709135055542,0.7675685882568359,1.0,0.2543872594833374,0.5,0.2456127405166626,0.0,0.0,3,64,42,0.65625,22.0,0.34375,0.65625,2,,,,,,,,,,,,,,,,,,,,,,,,,,,,,
46-9WCE,EMATent,0.9711623787879944,0.9711623787879944,0.735014796257019,1.0,0.2086512863636017,0.5,0.2913487136363983,0.0,0.0,4,64,9,0.140625,55.0,0.859375,0.859375,2,,,,,,,,,,,,,,,,,,,,,,,,,,,,,
46-9WCE,EMATent,0.6823537349700928,0.6823537349700928,0.8704572916030884,1.0,0.2952938795089722,0.5,0.20470612049102782,0.0,0.0,5,64,31,0.484375,33.0,0.515625,0.515625,2,,,,,,,,,,,,,,,,,,,,,,,,,,,,,
46-9WCE,EMATent,0.9595061540603638,0.9595061540603638,0.761297345161438,1.0,0.2121481537818909,0.5,0.2878518462181091,0.0,0.0,6,29,18,0.6206896551724138,11.0,0.3793103448275862,0.6206896551724138,2,,,,,,,,,,,,,,,,,,,,,,,,,,,,,
46-9WCE,DynaMixEMATent,,,,,,,,,,0,64,20,0.3125,44.0,0.6875,0.6875,2,0.19960512220859528,0.9591137766838074,0.9591137766838074,0.7595086693763733,0.4409336285962854,0.27133223839857246,0.2877341330051422,0.3809423573017171,61.38328170776367,0.19999999999999996,1.0,0.518583357334137,0.2,0.0,1.0,21.0,0.328125,43.0,0.671875,0.671875,2.0,0.1875,,,,,,,
46-9WCE,DynaMixEMATent,,,,,,,,,,1,64,42,0.65625,22.0,0.34375,0.65625,2,0.36444810032844543,0.9834953546524048,0.9834953546524048,0.619047224521637,0.2668867175488276,0.438064676055451,0.29504860639572145,0.6214111781745859,124.32698440551758,0.19999999999999996,1.0,0.5166668891906738,0.2,0.0,1.0,32.0,0.5,32.0,0.5,0.5,2.0,0.15625,,,,,,,
46-9WCE,DynaMixEMATent,,,,,,,,,,2,64,42,0.65625,22.0,0.34375,0.65625,2,0.15007558465003967,0.997887372970581,0.997887372970581,0.847811758518219,0.16105357680867227,0.5395802113001534,0.2993662118911743,0.7701315872256268,188.19177627563477,0.19999999999999996,1.0,0.572036623954773,0.2,0.0,1.0,21.0,0.328125,43.0,0.671875,0.671875,2.0,0.15625,,,,,,,
46-9WCE,DynaMixEMATent,,,,,,,,,,3,64,42,0.65625,22.0,0.34375,0.65625,2,0.15210583806037903,0.898365318775177,0.898365318775177,0.7462594509124756,0.10715594291154784,0.6233344614558991,0.2695095956325531,0.8533095817947981,245.6871566772461,0.19999999999999996,1.0,0.41475504636764526,0.2,0.0,1.0,14.0,0.21875,50.0,0.78125,0.78125,2.0,0.15625,,,,,,,
46-9WCE,DynaMixEMATent,,,,,,,,,,4,64,9,0.140625,55.0,0.859375,0.859375,2,0.19186049699783325,0.9965484738349915,0.9965484738349915,0.8046879768371582,0.06248042571370689,0.6385550321357957,0.29896454215049745,0.9108740863046044,309.46625900268555,0.19999999999999996,1.0,0.566145658493042,0.2,0.0,1.0,42.0,0.65625,22.0,0.34375,0.65625,2.0,0.359375,,,,,,,
46-9WCE,DynaMixEMATent,,,,,,,,,,5,64,31,0.484375,33.0,0.515625,0.515625,2,0.2109050750732422,0.7903966903686523,0.7903966903686523,0.5794915556907654,0.045796082514990094,0.7170849103744141,0.2371190071105957,0.9399695588934024,360.0516471862793,0.19999999999999996,1.0,0.41982945799827576,0.2,0.0,1.0,44.0,0.6875,20.0,0.3125,0.6875,2.0,0.015625,,,,,,,
46-9WCE,DynaMixEMATent,,,,,,,,,,6,29,18,0.6206896551724138,11.0,0.3793103448275862,0.6206896551724138,2,0.20541581511497498,0.9929457902908325,0.9929457902908325,0.7875299453735352,0.033657342445265595,0.6684589204674846,0.29788373708724974,0.9520630069076635,388.84707510471344,0.19999999999999996,1.0,0.5949094295501709,0.2,0.0,1.0,5.0,0.1724137931034483,24.0,0.8275862068965517,0.8275862068965517,2.0,0.12068965517241381,,,,,,,
46-9WCE,TEMA,,,,,,,,,,0,64,20,0.3125,44.0,0.6875,0.6875,2,,,,,,,,,,,,,,,,,,,,,,,,,,,,,
46-9WCE,TEMA,,,,,,,,,,1,64,42,0.65625,22.0,0.34375,0.65625,2,,,,,,,,,,,,,,,,,,,,,,,,,,,,,
46-9WCE,TEMA,,,,,,,,,,2,64,42,0.65625,22.0,0.34375,0.65625,2,,,,,,,,,,,,,,,,,,,,,,,,,,,,,
46-9WCE,TEMA,,,,,,,,,,3,64,42,0.65625,22.0,0.34375,0.65625,2,,,,,,,,,,,,,,,,,,,,,,,,,,,,,
46-9WCE,TEMA,,,,,,,,,,4,64,9,0.140625,55.0,0.859375,0.859375,2,,,,,,,,,,,,,,,,,,,,,,,,,,,,,
46-9WCE,TEMA,,,,,,,,,,5,64,31,0.484375,33.0,0.515625,0.515625,2,,,,,,,,,,,,,,,,,,,,,,,,,,,,,
46-9WCE,TEMA,,,,,,,,,,6,29,18,0.6206896551724138,11.0,0.3793103448275862,0.6206896551724138,2,,,,,,,,,,,,,,,,,,,,,,,,,,,,,
46-9WCE,DUA,,,,,,,,,,0,64,20,0.3125,44.0,0.6875,0.6875,2,,,,,,,,,,,,,,,,,,,,,,,0.099,,,,,,
46-9WCE,DUA,,,,,,,,,,1,64,42,0.65625,22.0,0.34375,0.65625,2,,,,,,,,,,,,,,,,,,,,,,,0.09336,,,,,,
46-9WCE,DUA,,,,,,,,,,2,64,42,0.65625,22.0,0.34375,0.65625,2,,,,,,,,,,,,,,,,,,,,,,,0.0880584,,,,,,
46-9WCE,DUA,,,,,,,,,,3,64,42,0.65625,22.0,0.34375,0.65625,2,,,,,,,,,,,,,,,,,,,,,,,0.083074896,,,,,,
46-9WCE,DUA,,,,,,,,,,4,64,9,0.140625,55.0,0.859375,0.859375,2,,,,,,,,,,,,,,,,,,,,,,,0.07839040223999999,,,,,,
46-9WCE,DUA,,,,,,,,,,5,64,31,0.484375,33.0,0.515625,0.515625,2,,,,,,,,,,,,,,,,,,,,,,,0.07398697810559998,,,,,,
46-9WCE,DUA,,,,,,,,,,6,29,18,0.6206896551724138,11.0,0.3793103448275862,0.6206896551724138,2,,,,,,,,,,,,,,,,,,,,,,,0.06984775941926398,,,,,,
46-9WCE,RoTTA,,,,,,,,,,0,64,20,0.3125,44.0,0.6875,0.6875,2,,,,,,,,,,,,,,,,,,,,,,,,60.0,,,,,
46-9WCE,RoTTA,,,,,,,,,,1,64,42,0.65625,22.0,0.34375,0.65625,2,,,,,,,,,,,,,,,,,,,,,,,,64.0,,,,,
46-9WCE,RoTTA,,,,,,,,,,2,64,42,0.65625,22.0,0.34375,0.65625,2,,,,,,,,,,,,,,,,,,,,,,,,64.0,,,,,
46-9WCE,RoTTA,,,,,,,,,,3,64,42,0.65625,22.0,0.34375,0.65625,2,,,,,,,,,,,,,,,,,,,,,,,,64.0,,,,,
46-9WCE,RoTTA,,,,,,,,,,4,64,9,0.140625,55.0,0.859375,0.859375,2,,,,,,,,,,,,,,,,,,,,,,,,64.0,,,,,
46-9WCE,RoTTA,,,,,,,,,,5,64,31,0.484375,33.0,0.515625,0.515625,2,,,,,,,,,,,,,,,,,,,,,,,,64.0,,,,,
46-9WCE,RoTTA,,,,,,,,,,6,29,18,0.6206896551724138,11.0,0.3793103448275862,0.6206896551724138,2,,,,,,,,,,,,,,,,,,,,,,,,64.0,,,,,
46-9WCE,NOTE,,,,,,,,,,0,64,20,0.3125,44.0,0.6875,0.6875,2,,,,,,,,,,,,,,,,,,,,,,,,,64.0,1.0,0.5263156890869141,,
46-9WCE,NOTE,,,,,,,,,,1,64,42,0.65625,22.0,0.34375,0.65625,2,,,,,,,,,,,,,,,,,,,,,,,,,64.0,1.0,0.5552394390106201,,
46-9WCE,NOTE,,,,,,,,,,2,64,42,0.65625,22.0,0.34375,0.65625,2,,,,,,,,,,,,,,,,,,,,,,,,,64.0,1.0,0.526079535484314,,
46-9WCE,NOTE,,,,,,,,,,3,64,42,0.65625,22.0,0.34375,0.65625,2,,,,,,,,,,,,,,,,,,,,,,,,,64.0,1.0,0.4687481224536896,,
46-9WCE,NOTE,,,,,,,,,,4,64,9,0.140625,55.0,0.859375,0.859375,2,,,,,,,,,,,,,,,,,,,,,,,,,64.0,1.0,0.5600895285606384,,
46-9WCE,NOTE,,,,,,,,,,5,64,31,0.484375,33.0,0.515625,0.515625,2,,,,,,,,,,,,,,,,,,,,,,,,,64.0,1.0,0.528165340423584,,
46-9WCE,NOTE,,,,,,,,,,6,29,18,0.6206896551724138,11.0,0.3793103448275862,0.6206896551724138,2,,,,,,,,,,,,,,,,,,,,,,,,,64.0,0.0,,,
46-9WCE,DELTA,,,,,,,,,,0,64,20,0.3125,44.0,0.6875,0.6875,2,,,,,,,,,,,,,,,,,,,,,,,,,,,,0.2152540385723114,12.0
46-9WCE,DELTA,,,,,,,,,,1,64,42,0.65625,22.0,0.34375,0.65625,2,,,,,,,,,,,,,,,,,,,,,,,,,,,,0.08125882595777512,39.0
46-9WCE,DELTA,,,,,,,,,,2,64,42,0.65625,22.0,0.34375,0.65625,2,,,,,,,,,,,,,,,,,,,,,,,,,,,,0.17012764513492584,30.0
46-9WCE,DELTA,,,,,,,,,,3,64,42,0.65625,22.0,0.34375,0.65625,2,,,,,,,,,,,,,,,,,,,,,,,,,,,,0.053330861032009125,45.0
46-9WCE,DELTA,,,,,,,,,,4,64,9,0.140625,55.0,0.859375,0.859375,2,,,,,,,,,,,,,,,,,,,,,,,,,,,,0.3101285398006439,4.0
46-9WCE,DELTA,,,,,,,,,,5,64,31,0.484375,33.0,0.515625,0.515625,2,,,,,,,,,,,,,,,,,,,,,,,,,,,,0.2849719226360321,6.0
46-9WCE,DELTA,,,,,,,,,,6,29,18,0.6206896551724138,11.0,0.3793103448275862,0.6206896551724138,2,,,,,,,,,,,,,,,,,,,,,,,,,,,,0.22158324718475342,3.0
47-9WCU,EMATent,0.8063974380493164,0.8063974380493164,0.8440399169921875,1.0,0.25808076858520507,0.5,0.2419192314147949,0.0,0.0,0,64,21,0.328125,43.0,0.671875,0.671875,2,,,,,,,,,,,,,,,,,,,,,,,,,,,,,
47-9WCU,EMATent,0.8599318265914917,0.8599318265914917,0.793804407119751,1.0,0.2420204520225525,0.5,0.2579795479774475,0.0,0.0,1,64,21,0.328125,43.0,0.671875,0.671875,2,,,,,,,,,,,,,,,,,,,,,,,,,,,,,
47-9WCU,EMATent,0.8941890597343445,0.8941890597343445,0.7660436630249023,1.0,0.23174328207969666,0.5,0.2682567179203033,0.0,0.0,2,64,0,0.0,64.0,1.0,1.0,1,,,,,,,,,,,,,,,,,,,,,,,,,,,,,
47-9WCU,EMATent,0.9733829498291016,0.9733829498291016,0.7382838726043701,1.0,0.20798511505126954,0.5,0.29201488494873046,0.0,0.0,3,64,20,0.3125,44.0,0.6875,0.6875,2,,,,,,,,,,,,,,,,,,,,,,,,,,,,,
47-9WCU,EMATent,0.8819564580917358,0.8819564580917358,0.8120984435081482,1.0,0.23541306257247926,0.5,0.26458693742752076,0.0,0.0,4,64,33,0.515625,31.0,0.484375,0.515625,2,,,,,,,,,,,,,,,,,,,,,,,,,,,,,
47-9WCU,EMATent,0.9921582937240601,0.9921582937240601,0.6943634748458862,1.0,0.202352511882782,0.5,0.29764748811721803,0.0,0.0,5,64,11,0.171875,53.0,0.828125,0.828125,2,,,,,,,,,,,,,,,,,,,,,,,,,,,,,
47-9WCU,EMATent,0.9931777715682983,0.9931777715682983,0.689410388469696,1.0,0.2020466685295105,0.5,0.29795333147048947,0.0,0.0,6,29,0,0.0,29.0,1.0,1.0,1,,,,,,,,,,,,,,,,,,,,,,,,,,,,,
47-9WCU,DynaMixEMATent,,,,,,,,,,0,64,21,0.328125,43.0,0.671875,0.671875,2,0.28660255670547485,0.8063974380493164,0.8063974380493164,0.5197948813438416,0.506533881989027,0.2515468865961781,0.2419192314147949,0.33182069381028656,51.60943603515625,0.19999999999999996,1.0,0.4628361761569977,0.2,0.0,1.0,17.0,0.265625,47.0,0.734375,0.734375,2.0,0.171875,,,,,,,
47-9WCU,DynaMixEMATent,,,,,,,,,,1,64,21,0.328125,43.0,0.671875,0.671875,2,0.26631367206573486,0.9954919815063477,0.9954919815063477,0.7291783094406128,0.2848793534071592,0.41647305214093655,0.2986475944519043,0.5938142492224996,115.3209228515625,0.19999999999999996,1.0,0.5152647495269775,0.2,0.0,1.0,43.0,0.671875,21.0,0.328125,0.671875,2.0,0.171875,,,,,,,
47-9WCU,DynaMixEMATent,,,,,,,,,,2,64,0,0.0,64.0,1.0,1.0,1,0.21292294561862946,0.9743037223815918,0.9743037223815918,0.7613807916641235,0.17660864799527495,0.5311002352902475,0.29229111671447755,0.7504501467109282,177.67636108398438,0.19999999999999996,1.0,0.5335279703140259,0.2,0.0,1.0,44.0,0.6875,20.0,0.3125,0.6875,2.0,0.5,,,,,,,
47-9WCU,DynaMixEMATent,,,,,,,,,,3,64,20,0.3125,44.0,0.6875,0.6875,2,0.19504311680793762,0.9964568018913269,0.9964568018913269,0.8014137148857117,0.10630079081973082,0.594762168612871,0.29893704056739806,0.8483719765971315,241.4495964050293,0.19999999999999996,1.0,0.5718119740486145,0.2,0.0,1.0,40.0,0.625,24.0,0.375,0.625,2.0,0.1875,,,,,,,
47-9WCU,DynaMixEMATent,,,,,,,,,,4,64,33,0.515625,31.0,0.484375,0.515625,2,0.2549852728843689,0.8609687685966492,0.8609687685966492,0.605983555316925,0.07312337805119566,0.6685859913698097,0.25829063057899476,0.9014123576350702,296.55159759521484,0.19999999999999996,1.0,0.4458460807800293,0.2,0.0,1.0,45.0,0.703125,19.0,0.296875,0.703125,2.0,0.015625,,,,,,,
47-9WCU,DynaMixEMATent,,,,,,,,,,5,64,11,0.171875,53.0,0.828125,0.828125,2,0.14141437411308289,0.982862114906311,0.982862114906311,0.8414477109909058,0.04252779607847808,0.6626135694496286,0.2948586344718933,0.939688978469406,359.45477294921875,0.19999999999999996,1.0,0.5708287954330444,0.2,0.0,1.0,31.0,0.484375,33.0,0.515625,0.515625,2.0,0.328125,,,,,,,
47-9WCU,DynaMixEMATent,,,,,,,,,,6,29,0,0.0,29.0,1.0,1.0,1,0.15011686086654663,0.9982819557189941,0.9982819557189941,0.8481650948524475,0.03369679400794974,0.666818619276352,0.2994845867156982,0.9518971412064077,388.4049496650696,0.19999999999999996,1.0,0.6584584712982178,0.2,0.0,1.0,10.0,0.3448275862068966,19.0,0.6551724137931034,0.6551724137931034,2.0,0.5,,,,,,,
47-9WCU,TEMA,,,,,,,,,,0,64,21,0.328125,43.0,0.671875,0.671875,2,,,,,,,,,,,,,,,,,,,,,,,,,,,,,
47-9WCU,TEMA,,,,,,,,,,1,64,21,0.328125,43.0,0.671875,0.671875,2,,,,,,,,,,,,,,,,,,,,,,,,,,,,,
47-9WCU,TEMA,,,,,,,,,,2,64,0,0.0,64.0,1.0,1.0,1,,,,,,,,,,,,,,,,,,,,,,,,,,,,,
47-9WCU,TEMA,,,,,,,,,,3,64,20,0.3125,44.0,0.6875,0.6875,2,,,,,,,,,,,,,,,,,,,,,,,,,,,,,
47-9WCU,TEMA,,,,,,,,,,4,64,33,0.515625,31.0,0.484375,0.515625,2,,,,,,,,,,,,,,,,,,,,,,,,,,,,,
47-9WCU,TEMA,,,,,,,,,,5,64,11,0.171875,53.0,0.828125,0.828125,2,,,,,,,,,,,,,,,,,,,,,,,,,,,,,
47-9WCU,TEMA,,,,,,,,,,6,29,0,0.0,29.0,1.0,1.0,1,,,,,,,,,,,,,,,,,,,,,,,,,,,,,
47-9WCU,DUA,,,,,,,,,,0,64,21,0.328125,43.0,0.671875,0.671875,2,,,,,,,,,,,,,,,,,,,,,,,0.099,,,,,,
47-9WCU,DUA,,,,,,,,,,1,64,21,0.328125,43.0,0.671875,0.671875,2,,,,,,,,,,,,,,,,,,,,,,,0.09336,,,,,,
47-9WCU,DUA,,,,,,,,,,2,64,0,0.0,64.0,1.0,1.0,1,,,,,,,,,,,,,,,,,,,,,,,0.0880584,,,,,,
47-9WCU,DUA,,,,,,,,,,3,64,20,0.3125,44.0,0.6875,0.6875,2,,,,,,,,,,,,,,,,,,,,,,,0.083074896,,,,,,
47-9WCU,DUA,,,,,,,,,,4,64,33,0.515625,31.0,0.484375,0.515625,2,,,,,,,,,,,,,,,,,,,,,,,0.07839040223999999,,,,,,
47-9WCU,DUA,,,,,,,,,,5,64,11,0.171875,53.0,0.828125,0.828125,2,,,,,,,,,,,,,,,,,,,,,,,0.07398697810559998,,,,,,
47-9WCU,DUA,,,,,,,,,,6,29,0,0.0,29.0,1.0,1.0,1,,,,,,,,,,,,,,,,,,,,,,,0.06984775941926398,,,,,,
47-9WCU,RoTTA,,,,,,,,,,0,64,21,0.328125,43.0,0.671875,0.671875,2,,,,,,,,,,,,,,,,,,,,,,,,58.0,,,,,
47-9WCU,RoTTA,,,,,,,,,,1,64,21,0.328125,43.0,0.671875,0.671875,2,,,,,,,,,,,,,,,,,,,,,,,,64.0,,,,,
47-9WCU,RoTTA,,,,,,,,,,2,64,0,0.0,64.0,1.0,1.0,1,,,,,,,,,,,,,,,,,,,,,,,,64.0,,,,,
47-9WCU,RoTTA,,,,,,,,,,3,64,20,0.3125,44.0,0.6875,0.6875,2,,,,,,,,,,,,,,,,,,,,,,,,64.0,,,,,
47-9WCU,RoTTA,,,,,,,,,,4,64,33,0.515625,31.0,0.484375,0.515625,2,,,,,,,,,,,,,,,,,,,,,,,,64.0,,,,,
47-9WCU,RoTTA,,,,,,,,,,5,64,11,0.171875,53.0,0.828125,0.828125,2,,,,,,,,,,,,,,,,,,,,,,,,64.0,,,,,
47-9WCU,RoTTA,,,,,,,,,,6,29,0,0.0,29.0,1.0,1.0,1,,,,,,,,,,,,,,,,,,,,,,,,64.0,,,,,
47-9WCU,NOTE,,,,,,,,,,0,64,21,0.328125,43.0,0.671875,0.671875,2,,,,,,,,,,,,,,,,,,,,,,,,,64.0,1.0,0.4477302134037018,,
47-9WCU,NOTE,,,,,,,,,,1,64,21,0.328125,43.0,0.671875,0.671875,2,,,,,,,,,,,,,,,,,,,,,,,,,64.0,1.0,0.5620478391647339,,
47-9WCU,NOTE,,,,,,,,,,2,64,0,0.0,64.0,1.0,1.0,1,,,,,,,,,,,,,,,,,,,,,,,,,64.0,1.0,0.5627326965332031,,
47-9WCU,NOTE,,,,,,,,,,3,64,20,0.3125,44.0,0.6875,0.6875,2,,,,,,,,,,,,,,,,,,,,,,,,,64.0,1.0,0.5622019171714783,,
47-9WCU,NOTE,,,,,,,,,,4,64,33,0.515625,31.0,0.484375,0.515625,2,,,,,,,,,,,,,,,,,,,,,,,,,64.0,1.0,0.5521331429481506,,
47-9WCU,NOTE,,,,,,,,,,5,64,11,0.171875,53.0,0.828125,0.828125,2,,,,,,,,,,,,,,,,,,,,,,,,,64.0,1.0,0.5795049667358398,,
47-9WCU,NOTE,,,,,,,,,,6,29,0,0.0,29.0,1.0,1.0,1,,,,,,,,,,,,,,,,,,,,,,,,,64.0,0.0,,,
47-9WCU,DELTA,,,,,,,,,,0,64,21,0.328125,43.0,0.671875,0.671875,2,,,,,,,,,,,,,,,,,,,,,,,,,,,,0.2077624648809433,22.0
47-9WCU,DELTA,,,,,,,,,,1,64,21,0.328125,43.0,0.671875,0.671875,2,,,,,,,,,,,,,,,,,,,,,,,,,,,,0.18442769348621368,31.0
47-9WCU,DELTA,,,,,,,,,,2,64,0,0.0,64.0,1.0,1.0,1,,,,,,,,,,,,,,,,,,,,,,,,,,,,0.2104431688785553,25.0
47-9WCU,DELTA,,,,,,,,,,3,64,20,0.3125,44.0,0.6875,0.6875,2,,,,,,,,,,,,,,,,,,,,,,,,,,,,0.1603233516216278,32.0
47-9WCU,DELTA,,,,,,,,,,4,64,33,0.515625,31.0,0.484375,0.515625,2,,,,,,,,,,,,,,,,,,,,,,,,,,,,0.1393532007932663,35.0
47-9WCU,DELTA,,,,,,,,,,5,64,11,0.171875,53.0,0.828125,0.828125,2,,,,,,,,,,,,,,,,,,,,,,,,,,,,0.23242363333702087,19.0
47-9WCU,DELTA,,,,,,,,,,6,29,0,0.0,29.0,1.0,1.0,1,,,,,,,,,,,,,,,,,,,,,,,,,,,,0.2808402180671692,11.0
48-9WDR,EMATent,0.9940041899681091,0.9940041899681091,0.7389969825744629,1.0,0.20179874300956727,0.5,0.2982012569904327,0.0,0.0,0,64,12,0.1875,52.0,0.8125,0.8125,2,,,,,,,,,,,,,,,,,,,,,,,,,,,,,
48-9WDR,EMATent,0.9997119307518005,0.9997119307518005,0.7638142108917236,1.0,0.20008642077445984,0.5,0.29991357922554013,0.0,0.0,1,64,17,0.265625,47.0,0.734375,0.734375,2,,,,,,,,,,,,,,,,,,,,,,,,,,,,,
48-9WDR,EMATent,0.9493000507354736,0.9493000507354736,0.7678311467170715,1.0,0.21520998477935793,0.5,0.28479001522064207,0.0,0.0,2,64,42,0.65625,22.0,0.34375,0.65625,2,,,,,,,,,,,,,,,,,,,,,,,,,,,,,
48-9WDR,EMATent,0.9972730278968811,0.9972730278968811,0.7056705951690674,1.0,0.20081809163093567,0.5,0.29918190836906433,0.0,0.0,3,64,44,0.6875,20.0,0.3125,0.6875,2,,,,,,,,,,,,,,,,,,,,,,,,,,,,,
48-9WDR,EMATent,0.996895968914032,0.996895968914032,0.6690138578414917,1.0,0.20093120932579042,0.5,0.2990687906742096,0.0,0.0,4,64,32,0.5,32.0,0.5,0.5,2,,,,,,,,,,,,,,,,,,,,,,,,,,,,,
48-9WDR,EMATent,0.9996734857559204,0.9996734857559204,0.6937639713287354,1.0,0.20009795427322388,0.5,0.2999020457267761,0.0,0.0,5,64,10,0.15625,54.0,0.84375,0.84375,2,,,,,,,,,,,,,,,,,,,,,,,,,,,,,
48-9WDR,EMATent,0.999428927898407,0.999428927898407,0.67936772108078,1.0,0.2001713216304779,0.5,0.2998286783695221,0.0,0.0,6,29,7,0.2413793103448276,22.0,0.7586206896551724,0.7586206896551724,2,,,,,,,,,,,,,,,,,,,,,,,,,,,,,
48-9WDR,DynaMixEMATent,,,,,,,,,,0,64,12,0.1875,52.0,0.8125,0.8125,2,0.24292223155498505,0.9940041899681091,0.9940041899681091,0.7510819435119629,0.42694046491040005,0.2748582780991673,0.2982012569904327,0.39164829067728935,63.616268157958984,0.19999999999999996,1.0,0.48332440853118896,0.2,0.0,1.0,15.0,0.234375,49.0,0.765625,0.765625,2.0,0.3125,,,,,,,
48-9WDR,DynaMixEMATent,,,,,,,,,,1,64,17,0.265625,47.0,0.734375,0.734375,2,0.3206956088542938,0.9940139651298523,0.9940139651298523,0.6733183264732361,0.2597276068523213,0.442068203608723,0.29820418953895567,0.629910006613329,127.23316192626953,0.19999999999999996,1.0,0.5494849681854248,0.2,0.0,1.0,32.0,0.5,32.0,0.5,0.5,2.0,0.234375,,,,,,,
48-9WDR,DynaMixEMATent,,,,,,,,,,2,64,42,0.65625,22.0,0.34375,0.65625,2,0.26005324721336365,0.9565406441688538,0.9565406441688538,0.6964874267578125,0.16357229179509195,0.549465514954252,0.28696219325065614,0.7705980100258654,188.45176315307617,0.19999999999999996,1.0,0.5424896478652954,0.2,0.0,1.0,47.0,0.734375,17.0,0.265625,0.734375,2.0,0.15625,,,,,,,
48-9WDR,DynaMixEMATent,,,,,,,,,,3,64,44,0.6875,20.0,0.3125,0.6875,2,0.17928770184516907,0.9537498950958252,0.9537498950958252,0.7744622230529785,0.10165183315376847,0.6122231983174841,0.2861249685287475,0.8576055630573459,249.49175643920898,0.19999999999999996,1.0,0.5881818532943726,0.2,0.0,1.0,36.0,0.5625,28.0,0.4375,0.5625,2.0,0.1875,,,,,,,
48-9WDR,DynaMixEMATent,,,,,,,,,,4,64,32,0.5,32.0,0.5,0.5,2,0.1533556431531906,0.9549935460090637,0.9549935460090637,0.8016378879547119,0.06302516117495842,0.6504767750223226,0.2864980638027191,0.9116678484281896,310.61134338378906,0.19999999999999996,1.0,0.5888263583183289,0.2,0.0,1.0,43.0,0.671875,21.0,0.328125,0.671875,2.0,0.0,,,,,,,
48-9WDR,DynaMixEMATent,,,,,,,,,,5,64,10,0.15625,54.0,0.84375,0.84375,2,0.17996299266815186,0.9999999403953552,0.9999999403953552,0.8200369477272034,0.037503312792382726,0.6624967050890107,0.29999998211860657,0.9464238402366195,374.6113395690918,0.19999999999999996,1.0,0.5489518046379089,0.2,0.0,1.0,30.0,0.46875,34.0,0.53125,0.53125,2.0,0.34375,,,,,,,
48-9WDR,DynaMixEMATent,,,,,,,,,,6,29,7,0.2413793103448276,22.0,0.7586206896551724,0.7586206896551724,2,0.10420677810907364,0.9806868433952332,0.9806868433952332,0.8764801025390625,0.0302799380224961,0.675514008958934,0.29420605301856995,0.9570980480181239,403.05125802755356,0.19999999999999996,1.0,0.5955708622932434,0.2,0.0,1.0,15.0,0.5172413793103449,14.0,0.4827586206896552,0.5172413793103449,2.0,0.2586206896551724,,,,,,,
48-9WDR,TEMA,,,,,,,,,,0,64,12,0.1875,52.0,0.8125,0.8125,2,,,,,,,,,,,,,,,,,,,,,,,,,,,,,
48-9WDR,TEMA,,,,,,,,,,1,64,17,0.265625,47.0,0.734375,0.734375,2,,,,,,,,,,,,,,,,,,,,,,,,,,,,,
48-9WDR,TEMA,,,,,,,,,,2,64,42,0.65625,22.0,0.34375,0.65625,2,,,,,,,,,,,,,,,,,,,,,,,,,,,,,
48-9WDR,TEMA,,,,,,,,,,3,64,44,0.6875,20.0,0.3125,0.6875,2,,,,,,,,,,,,,,,,,,,,,,,,,,,,,
48-9WDR,TEMA,,,,,,,,,,4,64,32,0.5,32.0,0.5,0.5,2,,,,,,,,,,,,,,,,,,,,,,,,,,,,,
48-9WDR,TEMA,,,,,,,,,,5,64,10,0.15625,54.0,0.84375,0.84375,2,,,,,,,,,,,,,,,,,,,,,,,,,,,,,
48-9WDR,TEMA,,,,,,,,,,6,29,7,0.2413793103448276,22.0,0.7586206896551724,0.7586206896551724,2,,,,,,,,,,,,,,,,,,,,,,,,,,,,,
48-9WDR,DUA,,,,,,,,,,0,64,12,0.1875,52.0,0.8125,0.8125,2,,,,,,,,,,,,,,,,,,,,,,,0.099,,,,,,
48-9WDR,DUA,,,,,,,,,,1,64,17,0.265625,47.0,0.734375,0.734375,2,,,,,,,,,,,,,,,,,,,,,,,0.09336,,,,,,
48-9WDR,DUA,,,,,,,,,,2,64,42,0.65625,22.0,0.34375,0.65625,2,,,,,,,,,,,,,,,,,,,,,,,0.0880584,,,,,,
48-9WDR,DUA,,,,,,,,,,3,64,44,0.6875,20.0,0.3125,0.6875,2,,,,,,,,,,,,,,,,,,,,,,,0.083074896,,,,,,
48-9WDR,DUA,,,,,,,,,,4,64,32,0.5,32.0,0.5,0.5,2,,,,,,,,,,,,,,,,,,,,,,,0.07839040223999999,,,,,,
48-9WDR,DUA,,,,,,,,,,5,64,10,0.15625,54.0,0.84375,0.84375,2,,,,,,,,,,,,,,,,,,,,,,,0.07398697810559998,,,,,,
48-9WDR,DUA,,,,,,,,,,6,29,7,0.2413793103448276,22.0,0.7586206896551724,0.7586206896551724,2,,,,,,,,,,,,,,,,,,,,,,,0.06984775941926398,,,,,,
48-9WDR,RoTTA,,,,,,,,,,0,64,12,0.1875,52.0,0.8125,0.8125,2,,,,,,,,,,,,,,,,,,,,,,,,51.0,,,,,
48-9WDR,RoTTA,,,,,,,,,,1,64,17,0.265625,47.0,0.734375,0.734375,2,,,,,,,,,,,,,,,,,,,,,,,,64.0,,,,,
48-9WDR,RoTTA,,,,,,,,,,2,64,42,0.65625,22.0,0.34375,0.65625,2,,,,,,,,,,,,,,,,,,,,,,,,64.0,,,,,
48-9WDR,RoTTA,,,,,,,,,,3,64,44,0.6875,20.0,0.3125,0.6875,2,,,,,,,,,,,,,,,,,,,,,,,,64.0,,,,,
48-9WDR,RoTTA,,,,,,,,,,4,64,32,0.5,32.0,0.5,0.5,2,,,,,,,,,,,,,,,,,,,,,,,,64.0,,,,,
48-9WDR,RoTTA,,,,,,,,,,5,64,10,0.15625,54.0,0.84375,0.84375,2,,,,,,,,,,,,,,,,,,,,,,,,64.0,,,,,
48-9WDR,RoTTA,,,,,,,,,,6,29,7,0.2413793103448276,22.0,0.7586206896551724,0.7586206896551724,2,,,,,,,,,,,,,,,,,,,,,,,,64.0,,,,,
48-9WDR,NOTE,,,,,,,,,,0,64,12,0.1875,52.0,0.8125,0.8125,2,,,,,,,,,,,,,,,,,,,,,,,,,64.0,1.0,0.5816428661346436,,
48-9WDR,NOTE,,,,,,,,,,1,64,17,0.265625,47.0,0.734375,0.734375,2,,,,,,,,,,,,,,,,,,,,,,,,,64.0,1.0,0.604874849319458,,
48-9WDR,NOTE,,,,,,,,,,2,64,42,0.65625,22.0,0.34375,0.65625,2,,,,,,,,,,,,,,,,,,,,,,,,,64.0,1.0,0.5217822790145874,,
48-9WDR,NOTE,,,,,,,,,,3,64,44,0.6875,20.0,0.3125,0.6875,2,,,,,,,,,,,,,,,,,,,,,,,,,64.0,1.0,0.5963364243507385,,
48-9WDR,NOTE,,,,,,,,,,4,64,32,0.5,32.0,0.5,0.5,2,,,,,,,,,,,,,,,,,,,,,,,,,64.0,1.0,0.5571414232254028,,
48-9WDR,NOTE,,,,,,,,,,5,64,10,0.15625,54.0,0.84375,0.84375,2,,,,,,,,,,,,,,,,,,,,,,,,,64.0,1.0,0.5433127880096436,,
48-9WDR,NOTE,,,,,,,,,,6,29,7,0.2413793103448276,22.0,0.7586206896551724,0.7586206896551724,2,,,,,,,,,,,,,,,,,,,,,,,,,64.0,0.0,,,
48-9WDR,DELTA,,,,,,,,,,0,64,12,0.1875,52.0,0.8125,0.8125,2,,,,,,,,,,,,,,,,,,,,,,,,,,,,0.2203037440776825,6.0
48-9WDR,DELTA,,,,,,,,,,1,64,17,0.265625,47.0,0.734375,0.734375,2,,,,,,,,,,,,,,,,,,,,,,,,,,,,0.12142753601074219,17.0
48-9WDR,DELTA,,,,,,,,,,2,64,42,0.65625,22.0,0.34375,0.65625,2,,,,,,,,,,,,,,,,,,,,,,,,,,,,0.12506091594696045,40.0
48-9WDR,DELTA,,,,,,,,,,3,64,44,0.6875,20.0,0.3125,0.6875,2,,,,,,,,,,,,,,,,,,,,,,,,,,,,0.08752713352441788,55.0
48-9WDR,DELTA,,,,,,,,,,4,64,32,0.5,32.0,0.5,0.5,2,,,,,,,,,,,,,,,,,,,,,,,,,,,,0.1995558887720108,39.0
48-9WDR,DELTA,,,,,,,,,,5,64,10,0.15625,54.0,0.84375,0.84375,2,,,,,,,,,,,,,,,,,,,,,,,,,,,,0.14069972932338715,33.0
48-9WDR,DELTA,,,,,,,,,,6,29,7,0.2413793103448276,22.0,0.7586206896551724,0.7586206896551724,2,,,,,,,,,,,,,,,,,,,,,,,,,,,,0.13912224769592285,19.0
49-9WEW,EMATent,0.9557163715362549,0.9557163715362549,0.8077937364578247,1.0,0.21328508853912354,0.5,0.28671491146087646,0.0,0.0,0,64,42,0.65625,22.0,0.34375,0.65625,2,,,,,,,,,,,,,,,,,,,,,,,,,,,,,
49-9WEW,EMATent,0.9448552131652832,0.9448552131652832,0.8075981736183167,1.0,0.21654343605041504,0.5,0.28345656394958496,0.0,0.0,1,64,42,0.65625,22.0,0.34375,0.65625,2,,,,,,,,,,,,,,,,,,,,,,,,,,,,,
49-9WEW,EMATent,0.8174847960472107,0.8174847960472107,0.8296231031417847,1.0,0.2547545611858368,0.5,0.2452454388141632,0.0,0.0,2,64,2,0.03125,62.0,0.96875,0.96875,2,,,,,,,,,,,,,,,,,,,,,,,,,,,,,
49-9WEW,EMATent,0.9788475036621094,0.9788475036621094,0.6924136281013489,1.0,0.2063457489013672,0.5,0.2936542510986328,0.0,0.0,3,64,22,0.34375,42.0,0.65625,0.65625,2,,,,,,,,,,,,,,,,,,,,,,,,,,,,,
49-9WEW,EMATent,0.9675824046134949,0.9675824046134949,0.7498309016227722,1.0,0.20972527861595155,0.5,0.2902747213840485,0.0,0.0,4,64,11,0.171875,53.0,0.828125,0.828125,2,,,,,,,,,,,,,,,,,,,,,,,,,,,,,
49-9WEW,EMATent,0.9980194568634033,0.9980194568634033,0.6784186363220215,1.0,0.200594162940979,0.5,0.29940583705902096,0.0,0.0,5,64,24,0.375,40.0,0.625,0.625,2,,,,,,,,,,,,,,,,,,,,,,,,,,,,,
49-9WEW,EMATent,0.981117844581604,0.981117844581604,0.6803084015846252,1.0,0.2056646466255188,0.5,0.2943353533744812,0.0,0.0,6,29,29,1.0,,,1.0,1,,,,,,,,,,,,,,,,,,,,,,,,,,,,,
49-9WEW,DynaMixEMATent,,,,,,,,,,0,64,42,0.65625,22.0,0.34375,0.65625,2,0.41837257146835327,0.9557163715362549,0.9557163715362549,0.5373438000679016,0.4423153098288798,0.27096977871024375,0.28671491146087646,0.37988986881138354,61.16584777832031,0.19999999999999996,1.0,0.4411320686340332,0.2,0.0,1.0,21.0,0.328125,43.0,0.671875,0.671875,2.0,0.15625,,,,,,,
49-9WEW,DynaMixEMATent,,,,,,,,,,1,64,42,0.65625,22.0,0.34375,0.65625,2,0.29262417554855347,0.9666316509246826,0.9666316509246826,0.6740074753761292,0.27153899419251576,0.43847151053007954,0.28998949527740475,0.6175563708052356,123.0302734375,0.19999999999999996,1.0,0.5172876119613647,0.2,0.0,1.0,19.0,0.296875,45.0,0.703125,0.703125,2.0,0.15625,,,,,,,
49-9WEW,DynaMixEMATent,,,,,,,,,,2,64,2,0.03125,62.0,0.96875,0.96875,2,0.25257939100265503,0.811251699924469,0.811251699924469,0.558672308921814,0.19287980425197868,0.5637446857706806,0.2433755099773407,0.7450785603751706,174.95038223266602,0.19999999999999996,1.0,0.5251062512397766,0.2,0.0,1.0,13.0,0.203125,51.0,0.796875,0.796875,2.0,0.46875,,,,,,,
49-9WEW,DynaMixEMATent,,,,,,,,,,3,64,22,0.34375,42.0,0.65625,0.65625,2,0.16578486561775208,0.8687213659286499,0.8687213659286499,0.7029364705085754,0.12207752682976811,0.6173060633916369,0.26061640977859496,0.834892837162896,230.5485496520996,0.19999999999999996,1.0,0.6270914077758789,0.2,0.0,1.0,36.0,0.5625,28.0,0.4375,0.5625,2.0,0.15625,,,,,,,
49-9WEW,DynaMixEMATent,,,,,,,,,,4,64,11,0.171875,53.0,0.828125,0.828125,2,0.21440011262893677,0.9931015968322754,0.9931015968322754,0.7787014842033386,0.0705499584420528,0.6315195625082646,0.2979304790496826,0.899511435353928,294.10705184936523,0.19999999999999996,1.0,0.5936737656593323,0.2,0.0,1.0,32.0,0.5,32.0,0.5,0.5,2.0,0.328125,,,,,,,
49-9WEW,DynaMixEMATent,,,,,,,,,,5,64,24,0.375,40.0,0.625,0.625,2,0.17674174904823303,0.9984180331230164,0.9984180331230164,0.8216762542724609,0.0427272859760993,0.6577473040869958,0.2995254099369049,0.9390023755576192,358.0058059692383,0.19999999999999996,1.0,0.6104625463485718,0.2,0.0,1.0,30.0,0.46875,34.0,0.53125,0.53125,2.0,0.125,,,,,,,
49-9WEW,DynaMixEMATent,,,,,,,,,,6,29,29,1.0,,,1.0,1,0.17327553033828735,0.9382537603378296,0.9382537603378296,0.7649782299995422,0.035435192080420626,0.6830886798182304,0.28147612810134887,0.9506833475319539,385.21516501903534,0.19999999999999996,1.0,0.6333342790603638,0.2,0.0,1.0,13.0,0.4482758620689655,16.0,0.5517241379310345,0.5517241379310345,2.0,0.0,,,,,,,
49-9WEW,TEMA,,,,,,,,,,0,64,42,0.65625,22.0,0.34375,0.65625,2,,,,,,,,,,,,,,,,,,,,,,,,,,,,,
49-9WEW,TEMA,,,,,,,,,,1,64,42,0.65625,22.0,0.34375,0.65625,2,,,,,,,,,,,,,,,,,,,,,,,,,,,,,
49-9WEW,TEMA,,,,,,,,,,2,64,2,0.03125,62.0,0.96875,0.96875,2,,,,,,,,,,,,,,,,,,,,,,,,,,,,,
49-9WEW,TEMA,,,,,,,,,,3,64,22,0.34375,42.0,0.65625,0.65625,2,,,,,,,,,,,,,,,,,,,,,,,,,,,,,
49-9WEW,TEMA,,,,,,,,,,4,64,11,0.171875,53.0,0.828125,0.828125,2,,,,,,,,,,,,,,,,,,,,,,,,,,,,,
49-9WEW,TEMA,,,,,,,,,,5,64,24,0.375,40.0,0.625,0.625,2,,,,,,,,,,,,,,,,,,,,,,,,,,,,,
49-9WEW,TEMA,,,,,,,,,,6,29,29,1.0,0.0,0.0,1.0,1,,,,,,,,,,,,,,,,,,,,,,,,,,,,,
49-9WEW,DUA,,,,,,,,,,0,64,42,0.65625,22.0,0.34375,0.65625,2,,,,,,,,,,,,,,,,,,,,,,,0.099,,,,,,
49-9WEW,DUA,,,,,,,,,,1,64,42,0.65625,22.0,0.34375,0.65625,2,,,,,,,,,,,,,,,,,,,,,,,0.09336,,,,,,
49-9WEW,DUA,,,,,,,,,,2,64,2,0.03125,62.0,0.96875,0.96875,2,,,,,,,,,,,,,,,,,,,,,,,0.0880584,,,,,,
49-9WEW,DUA,,,,,,,,,,3,64,22,0.34375,42.0,0.65625,0.65625,2,,,,,,,,,,,,,,,,,,,,,,,0.083074896,,,,,,
49-9WEW,DUA,,,,,,,,,,4,64,11,0.171875,53.0,0.828125,0.828125,2,,,,,,,,,,,,,,,,,,,,,,,0.07839040223999999,,,,,,
49-9WEW,DUA,,,,,,,,,,5,64,24,0.375,40.0,0.625,0.625,2,,,,,,,,,,,,,,,,,,,,,,,0.07398697810559998,,,,,,
49-9WEW,DUA,,,,,,,,,,6,29,29,1.0,0.0,0.0,1.0,1,,,,,,,,,,,,,,,,,,,,,,,0.06984775941926398,,,,,,
49-9WEW,RoTTA,,,,,,,,,,0,64,42,0.65625,22.0,0.34375,0.65625,2,,,,,,,,,,,,,,,,,,,,,,,,61.0,,,,,
49-9WEW,RoTTA,,,,,,,,,,1,64,42,0.65625,22.0,0.34375,0.65625,2,,,,,,,,,,,,,,,,,,,,,,,,64.0,,,,,
49-9WEW,RoTTA,,,,,,,,,,2,64,2,0.03125,62.0,0.96875,0.96875,2,,,,,,,,,,,,,,,,,,,,,,,,64.0,,,,,
49-9WEW,RoTTA,,,,,,,,,,3,64,22,0.34375,42.0,0.65625,0.65625,2,,,,,,,,,,,,,,,,,,,,,,,,64.0,,,,,
49-9WEW,RoTTA,,,,,,,,,,4,64,11,0.171875,53.0,0.828125,0.828125,2,,,,,,,,,,,,,,,,,,,,,,,,64.0,,,,,
49-9WEW,RoTTA,,,,,,,,,,5,64,24,0.375,40.0,0.625,0.625,2,,,,,,,,,,,,,,,,,,,,,,,,64.0,,,,,
49-9WEW,RoTTA,,,,,,,,,,6,29,29,1.0,0.0,0.0,1.0,1,,,,,,,,,,,,,,,,,,,,,,,,64.0,,,,,
49-9WEW,NOTE,,,,,,,,,,0,64,42,0.65625,22.0,0.34375,0.65625,2,,,,,,,,,,,,,,,,,,,,,,,,,64.0,1.0,0.5584874153137207,,
49-9WEW,NOTE,,,,,,,,,,1,64,42,0.65625,22.0,0.34375,0.65625,2,,,,,,,,,,,,,,,,,,,,,,,,,64.0,1.0,0.6003496646881104,,
49-9WEW,NOTE,,,,,,,,,,2,64,2,0.03125,62.0,0.96875,0.96875,2,,,,,,,,,,,,,,,,,,,,,,,,,64.0,1.0,0.5600366592407227,,
49-9WEW,NOTE,,,,,,,,,,3,64,22,0.34375,42.0,0.65625,0.65625,2,,,,,,,,,,,,,,,,,,,,,,,,,64.0,1.0,0.6092487573623657,,
49-9WEW,NOTE,,,,,,,,,,4,64,11,0.171875,53.0,0.828125,0.828125,2,,,,,,,,,,,,,,,,,,,,,,,,,64.0,1.0,0.6177763938903809,,
49-9WEW,NOTE,,,,,,,,,,5,64,24,0.375,40.0,0.625,0.625,2,,,,,,,,,,,,,,,,,,,,,,,,,64.0,1.0,0.6440125107765198,,
49-9WEW,NOTE,,,,,,,,,,6,29,29,1.0,0.0,0.0,1.0,1,,,,,,,,,,,,,,,,,,,,,,,,,64.0,0.0,,,
49-9WEW,DELTA,,,,,,,,,,0,64,42,0.65625,22.0,0.34375,0.65625,2,,,,,,,,,,,,,,,,,,,,,,,,,,,,0.25865790247917175,10.0
49-9WEW,DELTA,,,,,,,,,,1,64,42,0.65625,22.0,0.34375,0.65625,2,,,,,,,,,,,,,,,,,,,,,,,,,,,,0.07587525248527527,48.0
49-9WEW,DELTA,,,,,,,,,,2,64,2,0.03125,62.0,0.96875,0.96875,2,,,,,,,,,,,,,,,,,,,,,,,,,,,,0.148351788520813,40.0
49-9WEW,DELTA,,,,,,,,,,3,64,22,0.34375,42.0,0.65625,0.65625,2,,,,,,,,,,,,,,,,,,,,,,,,,,,,0.18694238364696503,21.0
49-9WEW,DELTA,,,,,,,,,,4,64,11,0.171875,53.0,0.828125,0.828125,2,,,,,,,,,,,,,,,,,,,,,,,,,,,,0.21733076870441437,14.0
49-9WEW,DELTA,,,,,,,,,,5,64,24,0.375,40.0,0.625,0.625,2,,,,,,,,,,,,,,,,,,,,,,,,,,,,0.22083565592765808,11.0
49-9WEW,DELTA,,,,,,,,,,6,29,29,1.0,0.0,0.0,1.0,1,,,,,,,,,,,,,,,,,,,,,,,,,,,,0.31497907638549805,1.0
