Subject,Method,raw_gate,effective_gate,confidence,updated,effective_source_weight,effective_ema_weight,effective_batch_weight,probe_gate,min_gate,batch_index,batch_size,true_class_0_count,true_class_0_ratio,true_class_1_count,true_class_1_ratio,true_max_class_ratio,true_num_present_classes
S1,EMATentSafe,0.9807478189468384,0.9807478189468384,0.6112732887268066,1,0.5019252181053162,0.4,0.09807478189468384,0.0,0.0,0,64,47,0.734375,17.0,0.265625,0.734375,2
S1,EMATentSafe,0.9571649432182312,0.9571649432182312,0.6449819207191467,1,0.5042835056781769,0.4,0.09571649432182312,0.0,0.0,1,64,19,0.296875,45.0,0.703125,0.703125,2
S1,EMATentSafe,0.9002621173858643,0.9002621173858643,0.714053213596344,1,0.5099737882614136,0.4,0.09002621173858644,0.0,0.0,2,64,41,0.640625,23.0,0.359375,0.640625,2
S1,EMATentSafe,0.9992603063583374,0.9992603063583374,0.6154199838638306,1,0.5000739693641663,0.4,0.09992603063583375,0.0,0.0,3,64,36,0.5625,28.0,0.4375,0.5625,2
S1,EMATentSafe,0.9779698848724365,0.9779698848724365,0.6003783345222473,1,0.5022030115127564,0.4,0.09779698848724366,0.0,0.0,4,10,0,0.0,10.0,1.0,1.0,1
S1,EmaTentGridS40E50B10M085,0.9807481169700623,0.9807481169700623,0.6112730503082275,1,0.4019251883029938,0.5,0.09807481169700623,0.0,0.0,0,64,47,0.734375,17.0,0.265625,0.734375,2
S1,EmaTentGridS40E50B10M085,0.9706829786300659,0.9706829786300659,0.6297897696495056,1,0.4029317021369934,0.5,0.0970682978630066,0.0,0.0,1,64,19,0.296875,45.0,0.703125,0.703125,2
S1,EmaTentGridS40E50B10M085,0.7983896136283875,0.7983896136283875,0.770703136920929,1,0.42016103863716125,0.5,0.07983896136283875,0.0,0.0,2,64,41,0.640625,23.0,0.359375,0.640625,2
S1,EmaTentGridS40E50B10M085,0.9975593090057373,0.9975593090057373,0.6720055937767029,1,0.4002440690994263,0.5,0.09975593090057373,0.0,0.0,3,64,36,0.5625,28.0,0.4375,0.5625,2
S1,EmaTentGridS40E50B10M085,0.9220049977302551,0.9220049977302551,0.6629118919372559,1,0.40779950022697453,0.5,0.09220049977302552,0.0,0.0,4,10,0,0.0,10.0,1.0,1.0,1
S1,EmaTentGridS30E50B20M085,0.9807481169700623,0.9807481169700623,0.6112730503082275,1,0.30385037660598757,0.5000000000000001,0.19614962339401248,0.0,0.0,0,64,47,0.734375,17.0,0.265625,0.734375,2
S1,EmaTentGridS30E50B20M085,0.9682784080505371,0.9682784080505371,0.632094144821167,1,0.30634431838989257,0.5,0.19365568161010743,0.0,0.0,1,64,19,0.296875,45.0,0.703125,0.703125,2
S1,EmaTentGridS30E50B20M085,0.8333499431610107,0.8333499431610107,0.7520970106124878,1,0.33333001136779783,0.5,0.16666998863220217,0.0,0.0,2,64,41,0.640625,23.0,0.359375,0.640625,2
S1,EmaTentGridS30E50B20M085,0.997808575630188,0.997808575630188,0.6530019044876099,1,0.3004382848739624,0.5,0.1995617151260376,0.0,0.0,3,64,36,0.5625,28.0,0.4375,0.5625,2
S1,EmaTentGridS30E50B20M085,0.9530202150344849,0.9530202150344849,0.6269031763076782,1,0.309395956993103,0.5,0.19060404300689698,0.0,0.0,4,10,0,0.0,10.0,1.0,1.0,1
S1,EmaTentGridS20E50B30M075,0.9807481169700623,0.9807481169700623,0.6112730503082275,1,0.20577556490898133,0.5,0.29422443509101864,0.0,0.0,0,64,47,0.734375,17.0,0.265625,0.734375,2
S1,EmaTentGridS20E50B30M075,0.9808760285377502,0.9808760285377502,0.6216474771499634,1,0.20573719143867494,0.5,0.2942628085613251,0.0,0.0,1,64,19,0.296875,45.0,0.703125,0.703125,2
S1,EmaTentGridS20E50B30M075,0.7852017283439636,0.7852017283439636,0.7802162170410156,1,0.2644394814968109,0.5,0.23556051850318907,0.0,0.0,2,64,41,0.640625,23.0,0.359375,0.640625,2
S1,EmaTentGridS20E50B30M075,0.9818060994148254,0.9818060994148254,0.7127703428268433,1,0.20545817017555237,0.5,0.2945418298244476,0.0,0.0,3,64,36,0.5625,28.0,0.4375,0.5625,2
S1,EmaTentGridS20E50B30M075,0.8652995824813843,0.8652995824813843,0.7126300930976868,1,0.24041012525558472,0.5,0.25958987474441525,0.0,0.0,4,10,0,0.0,10.0,1.0,1.0,1
S1,EMATent,0.9807481169700623,0.9807481169700623,0.6112730503082275,1,0.20577556490898133,0.5,0.29422443509101864,0.0,0.0,0,64,47,0.734375,17.0,0.265625,0.734375,2
S1,EMATent,0.9736644625663757,0.9736644625663757,0.6277356147766113,1,0.2079006612300873,0.5,0.29209933876991273,0.0,0.0,1,64,19,0.296875,45.0,0.703125,0.703125,2
S1,EMATent,0.8201050162315369,0.8201050162315369,0.7597371339797974,1,0.25396849513053893,0.5,0.24603150486946104,0.0,0.0,2,64,41,0.640625,23.0,0.359375,0.640625,2
S1,EMATent,0.9938268661499023,0.9938268661499023,0.672234296798706,1,0.2018519401550293,0.5,0.29814805984497067,0.0,0.0,3,64,36,0.5625,28.0,0.4375,0.5625,2
S1,EMATent,0.9315522909164429,0.9315522909164429,0.6527892351150513,1,0.22053431272506716,0.5,0.2794656872749329,0.0,0.0,4,10,0,0.0,10.0,1.0,1.0,1
S1,EMATentAdaptive,0.9807481169700623,0.9807481169700623,0.6112730503082275,1,0.20577556490898133,0.5,0.29422443509101864,0.0,0.0,0,64,47,0.734375,17.0,0.265625,0.734375,2
S1,EMATentAdaptive,0.9659168124198914,0.9659168124198914,0.635051429271698,1,0.2102249562740326,0.5,0.2897750437259674,0.0,0.0,1,64,19,0.296875,45.0,0.703125,0.703125,2
S1,EMATentAdaptive,0.8598708510398865,0.8598708510398865,0.7369750738143921,1,0.24203874468803407,0.5,0.25796125531196595,0.0,0.0,2,64,41,0.640625,23.0,0.359375,0.640625,2
S1,EMATentAdaptive,0.9981224536895752,0.9981224536895752,0.6357136964797974,1,0.20056326389312745,0.5,0.29943673610687255,0.0,0.0,3,64,36,0.5625,28.0,0.4375,0.5625,2
S1,EMATentAdaptive,0.9670125246047974,0.9670125246047974,0.6115781664848328,1,0.2098962426185608,0.5,0.2901037573814392,0.0,0.0,4,10,0,0.0,10.0,1.0,1.0,1
S1,EmaTentGridS20E50B30M090,0.9807481169700623,0.9807481169700623,0.6112730503082275,1,0.20577556490898133,0.5,0.29422443509101864,0.0,0.0,0,64,47,0.734375,17.0,0.265625,0.734375,2
S1,EmaTentGridS20E50B30M090,0.958134114742279,0.958134114742279,0.6447421312332153,1,0.2125597655773163,0.5,0.2874402344226837,0.0,0.0,1,64,19,0.296875,45.0,0.703125,0.703125,2
S1,EmaTentGridS20E50B30M090,0.9057905077934265,0.9057905077934265,0.7111855745315552,1,0.22826284766197205,0.5,0.2717371523380279,0.0,0.0,2,64,41,0.640625,23.0,0.359375,0.640625,2
S1,EmaTentGridS20E50B30M090,0.9984767436981201,0.9984767436981201,0.6120574474334717,1,0.20045697689056396,0.5,0.29954302310943604,0.0,0.0,3,64,36,0.5625,28.0,0.4375,0.5625,2
S1,EmaTentGridS20E50B30M090,0.9808855056762695,0.9808855056762695,0.5978299975395203,1,0.20573434829711915,0.5,0.2942656517028808,0.0,0.0,4,10,0,0.0,10.0,1.0,1.0,1
S1,EmaTentGridS20E50B30M095,0.9807481169700623,0.9807481169700623,0.6112730503082275,1,0.20577556490898133,0.5,0.29422443509101864,0.0,0.0,0,64,47,0.734375,17.0,0.265625,0.734375,2
S1,EmaTentGridS20E50B30M095,0.9509420990943909,0.9509420990943909,0.6542907953262329,1,0.21471737027168275,0.5,0.28528262972831725,0.0,0.0,1,64,19,0.296875,45.0,0.703125,0.703125,2
S1,EmaTentGridS20E50B30M095,0.9521993398666382,0.9521993398666382,0.6868577003479004,1,0.21434019804000856,0.5,0.28565980195999147,0.0,0.0,2,64,41,0.640625,23.0,0.359375,0.640625,2
S1,EmaTentGridS20E50B30M095,0.9959717988967896,0.9959717988967896,0.6047953963279724,1,0.20120846033096315,0.5,0.2987915396690369,0.0,0.0,3,64,36,0.5625,28.0,0.4375,0.5625,2
S1,EmaTentGridS20E50B30M095,0.9850533604621887,0.9850533604621887,0.5976749658584595,1,0.2044839918613434,0.5,0.2955160081386566,0.0,0.0,4,10,0,0.0,10.0,1.0,1.0,1
S1,EmaTentGridS10E50B40M085,0.9807481169700623,0.9807481169700623,0.6112730503082275,1,0.1077007532119751,0.5,0.3922992467880249,0.0,0.0,0,64,47,0.734375,17.0,0.265625,0.734375,2
S1,EmaTentGridS10E50B40M085,0.9638649225234985,0.9638649225234985,0.63865065574646,1,0.11445403099060059,0.5,0.3855459690093994,0.0,0.0,1,64,19,0.296875,45.0,0.703125,0.703125,2
S1,EmaTentGridS10E50B40M085,0.8770079016685486,0.8770079016685486,0.7277886271476746,1,0.14919683933258057,0.5,0.35080316066741946,0.0,0.0,2,64,41,0.640625,23.0,0.359375,0.640625,2
S1,EmaTentGridS10E50B40M085,0.9985254406929016,0.9985254406929016,0.6224480271339417,1,0.10058982372283937,0.5,0.3994101762771607,0.0,0.0,3,64,36,0.5625,28.0,0.4375,0.5625,2
S1,EmaTentGridS10E50B40M085,0.9746502637863159,0.9746502637863159,0.605548083782196,1,0.11013989448547364,0.5,0.3898601055145264,0.0,0.0,4,10,0,0.0,10.0,1.0,1.0,1
S2,EMATentSafe,0.9914034605026245,0.9914034605026245,0.6842598915100098,1,0.5008596539497375,0.4,0.09914034605026245,0.0,0.0,0,64,50,0.78125,14.0,0.21875,0.78125,2
S2,EMATentSafe,0.9942334294319153,0.9942334294319153,0.640486478805542,1,0.5005766570568084,0.4,0.09942334294319154,0.0,0.0,1,64,37,0.578125,27.0,0.421875,0.578125,2
S2,EMATentSafe,0.9628795981407166,0.9628795981407166,0.6822807788848877,1,0.5037120401859283,0.4,0.09628795981407166,0.0,0.0,2,64,54,0.84375,10.0,0.15625,0.84375,2
S2,EMATentSafe,0.9997559785842896,0.9997559785842896,0.6796172857284546,1,0.5000244021415711,0.4,0.09997559785842897,0.0,0.0,3,61,22,0.36065573770491804,39.0,0.639344262295082,0.639344262295082,2
S2,EmaTentGridS40E50B10M085,0.9914031624794006,0.9914031624794006,0.6842595338821411,1,0.40085968375205994,0.5,0.09914031624794006,0.0,0.0,0,64,50,0.78125,14.0,0.21875,0.78125,2
S2,EmaTentGridS40E50B10M085,0.9928352236747742,0.9928352236747742,0.6426938772201538,1,0.4007164776325226,0.5,0.09928352236747742,0.0,0.0,1,64,37,0.578125,27.0,0.421875,0.578125,2
S2,EmaTentGridS40E50B10M085,0.9651855230331421,0.9651855230331421,0.6822711229324341,1,0.4034814476966858,0.5,0.09651855230331421,0.0,0.0,2,64,54,0.84375,10.0,0.15625,0.84375,2
S2,EmaTentGridS40E50B10M085,0.9993869066238403,0.9993869066238403,0.6982184648513794,1,0.40006130933761597,0.5,0.09993869066238403,0.0,0.0,3,61,22,0.36065573770491804,39.0,0.639344262295082,0.639344262295082,2
S2,EmaTentGridS30E50B20M085,0.9914031624794006,0.9914031624794006,0.6842595338821411,1,0.3017193675041199,0.5,0.19828063249588013,0.0,0.0,0,64,50,0.78125,14.0,0.21875,0.78125,2
S2,EmaTentGridS30E50B20M085,0.9935879111289978,0.9935879111289978,0.6420503854751587,1,0.30128241777420045,0.5,0.19871758222579958,0.0,0.0,1,64,37,0.578125,27.0,0.421875,0.578125,2
S2,EmaTentGridS30E50B20M085,0.9703574180603027,0.9703574180603027,0.683569073677063,1,0.30592851638793944,0.5,0.19407148361206056,0.0,0.0,2,64,54,0.84375,10.0,0.15625,0.84375,2
S2,EmaTentGridS30E50B20M085,0.9975306987762451,0.9975306987762451,0.6978244185447693,1,0.300493860244751,0.5000000000000001,0.19950613975524906,0.0,0.0,3,61,22,0.36065573770491804,39.0,0.639344262295082,0.639344262295082,2
S2,EmaTentGridS20E50B30M075,0.9914031624794006,0.9914031624794006,0.6842595338821411,1,0.2025790512561798,0.5,0.2974209487438202,0.0,0.0,0,64,50,0.78125,14.0,0.21875,0.78125,2
S2,EmaTentGridS20E50B30M075,0.9931206107139587,0.9931206107139587,0.6441794633865356,1,0.2020638167858124,0.5,0.29793618321418763,0.0,0.0,1,64,37,0.578125,27.0,0.421875,0.578125,2
S2,EmaTentGridS20E50B30M075,0.9823042154312134,0.9823042154312134,0.6861411333084106,1,0.205308735370636,0.5,0.294691264629364,0.0,0.0,2,64,54,0.84375,10.0,0.15625,0.84375,2
S2,EmaTentGridS20E50B30M075,0.9852045178413391,0.9852045178413391,0.7197030186653137,1,0.20443864464759828,0.5,0.29556135535240174,0.0,0.0,3,61,22,0.36065573770491804,39.0,0.639344262295082,0.639344262295082,2
S2,EMATent,0.9914031624794006,0.9914031624794006,0.6842595338821411,1,0.2025790512561798,0.5,0.2974209487438202,0.0,0.0,0,64,50,0.78125,14.0,0.21875,0.78125,2
S2,EMATent,0.993725061416626,0.993725061416626,0.6426578760147095,1,0.2018824815750122,0.5,0.2981175184249878,0.0,0.0,1,64,37,0.578125,27.0,0.421875,0.578125,2
S2,EMATent,0.978816032409668,0.978816032409668,0.6848114728927612,1,0.20635519027709961,0.5,0.29364480972290036,0.0,0.0,2,64,54,0.84375,10.0,0.15625,0.84375,2
S2,EMATent,0.9899023771286011,0.9899023771286011,0.7088375091552734,1,0.2030292868614197,0.5,0.2969707131385803,0.0,0.0,3,61,22,0.36065573770491804,39.0,0.639344262295082,0.639344262295082,2
S2,EMATentAdaptive,0.9914031624794006,0.9914031624794006,0.6842595338821411,1,0.2025790512561798,0.5,0.2974209487438202,0.0,0.0,0,64,50,0.78125,14.0,0.21875,0.78125,2
S2,EMATentAdaptive,0.9942641854286194,0.9942641854286194,0.6414395570755005,1,0.20172074437141418,0.5,0.2982792556285858,0.0,0.0,1,64,37,0.578125,27.0,0.421875,0.578125,2
S2,EMATentAdaptive,0.9746105670928955,0.9746105670928955,0.6843615174293518,1,0.20761682987213137,0.5,0.29238317012786863,0.0,0.0,2,64,54,0.84375,10.0,0.15625,0.84375,2
S2,EMATentAdaptive,0.9948764443397522,0.9948764443397522,0.696918785572052,1,0.20153706669807436,0.5,0.29846293330192564,0.0,0.0,3,61,22,0.36065573770491804,39.0,0.639344262295082,0.639344262295082,2
S2,EmaTentGridS20E50B30M090,0.9914031624794006,0.9914031624794006,0.6842595338821411,1,0.2025790512561798,0.5,0.2974209487438202,0.0,0.0,0,64,50,0.78125,14.0,0.21875,0.78125,2
S2,EmaTentGridS20E50B30M090,0.9947489500045776,0.9947489500045776,0.6404727697372437,1,0.20157531499862671,0.5,0.29842468500137326,0.0,0.0,1,64,37,0.578125,27.0,0.421875,0.578125,2
S2,EmaTentGridS20E50B30M090,0.9699476361274719,0.9699476361274719,0.683814287185669,1,0.20901570916175843,0.5,0.29098429083824157,0.0,0.0,2,64,54,0.84375,10.0,0.15625,0.84375,2
S2,EmaTentGridS20E50B30M090,0.998939573764801,0.998939573764801,0.6861245632171631,1,0.2003181278705597,0.5,0.2996818721294403,0.0,0.0,3,61,22,0.36065573770491804,39.0,0.639344262295082,0.639344262295082,2
S2,EmaTentGridS20E50B30M095,0.9914031624794006,0.9914031624794006,0.6842595338821411,1,0.2025790512561798,0.5,0.2974209487438202,0.0,0.0,0,64,50,0.78125,14.0,0.21875,0.78125,2
S2,EmaTentGridS20E50B30M095,0.9952064752578735,0.9952064752578735,0.6396688222885132,1,0.20143805742263796,0.5,0.29856194257736207,0.0,0.0,1,64,37,0.578125,27.0,0.421875,0.578125,2
S2,EmaTentGridS20E50B30M095,0.964453399181366,0.964453399181366,0.6841932535171509,1,0.21066398024559022,0.5,0.28933601975440976,0.0,0.0,2,64,54,0.84375,10.0,0.15625,0.84375,2
S2,EmaTentGridS20E50B30M095,0.9997909665107727,0.9997909665107727,0.6784589886665344,1,0.2000627100467682,0.5,0.2999372899532318,0.0,0.0,3,61,22,0.36065573770491804,39.0,0.639344262295082,0.639344262295082,2
S2,EmaTentGridS10E50B40M085,0.9914031624794006,0.9914031624794006,0.6842595338821411,1,0.10343873500823975,0.5,0.39656126499176025,0.0,0.0,0,64,50,0.78125,14.0,0.21875,0.78125,2
S2,EmaTentGridS10E50B40M085,0.9948585629463196,0.9948585629463196,0.640903651714325,1,0.10205657482147218,0.5,0.3979434251785279,0.0,0.0,1,64,37,0.578125,27.0,0.421875,0.578125,2
S2,EmaTentGridS10E50B40M085,0.9777898192405701,0.9777898192405701,0.6849498748779297,1,0.10888407230377198,0.5,0.39111592769622805,0.0,0.0,2,64,54,0.84375,10.0,0.15625,0.84375,2
S2,EmaTentGridS10E50B40M085,0.9919840693473816,0.9919840693473816,0.6972705125808716,1,0.10320637226104737,0.5,0.39679362773895266,0.0,0.0,3,61,22,0.36065573770491804,39.0,0.639344262295082,0.639344262295082,2
S3,EMATentSafe,0.5883614420890808,0.5883614420890808,0.8604071140289307,1,0.5411638557910919,0.4,0.058836144208908085,0.0,0.0,0,64,50,0.78125,14.0,0.21875,0.78125,2
S3,EMATentSafe,0.45756664872169495,0.45756664872169495,0.9043681025505066,1,0.5542433351278305,0.4,0.0457566648721695,0.0,0.0,1,64,6,0.09375,58.0,0.90625,0.90625,2
S3,EMATentSafe,0.6440706253051758,0.6440706253051758,0.8441717624664307,1,0.5355929374694824,0.4,0.06440706253051758,0.0,0.0,2,64,43,0.671875,21.0,0.328125,0.671875,2
S3,EMATentSafe,0.6600250601768494,0.6600250601768494,0.8434978127479553,1,0.5339974939823151,0.4,0.06600250601768494,0.0,0.0,3,64,36,0.5625,28.0,0.4375,0.5625,2
S3,EMATentSafe,0.6106536984443665,0.6106536984443665,0.8496747612953186,1,0.5389346301555633,0.4,0.06106536984443665,0.0,0.0,4,11,11,1.0,,,1.0,1
S3,EmaTentGridS40E50B10M085,0.5883578062057495,0.5883578062057495,0.8604081869125366,1,0.44116421937942507,0.5,0.05883578062057496,0.0,0.0,0,64,50,0.78125,14.0,0.21875,0.78125,2
S3,EmaTentGridS40E50B10M085,0.47918781638145447,0.47918781638145447,0.8989193439483643,1,0.45208121836185455,0.5,0.04791878163814545,0.0,0.0,1,64,6,0.09375,58.0,0.90625,0.90625,2
S3,EmaTentGridS40E50B10M085,0.7299469709396362,0.7299469709396362,0.8068499565124512,1,0.4270053029060364,0.5,0.07299469709396363,0.0,0.0,2,64,43,0.671875,21.0,0.328125,0.671875,2
S3,EmaTentGridS40E50B10M085,0.846493124961853,0.846493124961853,0.824339747428894,1,0.4153506875038147,0.5,0.0846493124961853,0.0,0.0,3,64,36,0.5625,28.0,0.4375,0.5625,2
S3,EmaTentGridS40E50B10M085,0.7290458679199219,0.7290458679199219,0.7964121699333191,1,0.4270954132080078,0.5,0.07290458679199219,0.0,0.0,4,11,11,1.0,,,1.0,1
S3,EmaTentGridS30E50B20M085,0.5883578062057495,0.5883578062057495,0.8604081869125366,1,0.3823284387588501,0.5,0.11767156124114991,0.0,0.0,0,64,50,0.78125,14.0,0.21875,0.78125,2
S3,EmaTentGridS30E50B20M085,0.4730045199394226,0.4730045199394226,0.9005774855613708,1,0.4053990960121155,0.5,0.09460090398788452,0.0,0.0,1,64,6,0.09375,58.0,0.90625,0.90625,2
S3,EmaTentGridS30E50B20M085,0.7185401320457458,0.7185401320457458,0.812393307685852,1,0.35629197359085085,0.5,0.14370802640914918,0.0,0.0,2,64,43,0.671875,21.0,0.328125,0.671875,2
S3,EmaTentGridS30E50B20M085,0.8224208354949951,0.8224208354949951,0.8288277387619019,1,0.33551583290100095,0.5,0.16448416709899905,0.0,0.0,3,64,36,0.5625,28.0,0.4375,0.5625,2
S3,EmaTentGridS30E50B20M085,0.7004852294921875,0.7004852294921875,0.8104709386825562,1,0.3599029541015625,0.5,0.1400970458984375,0.0,0.0,4,11,11,1.0,,,1.0,1
S3,EmaTentGridS20E50B30M075,0.5883578062057495,0.5883578062057495,0.8604081869125366,1,0.32349265813827516,0.5,0.17650734186172484,0.0,0.0,0,64,50,0.78125,14.0,0.21875,0.78125,2
S3,EmaTentGridS20E50B30M075,0.4860425293445587,0.4860425293445587,0.8973153233528137,1,0.35418724119663236,0.5,0.1458127588033676,0.0,0.0,1,64,6,0.09375,58.0,0.90625,0.90625,2
S3,EmaTentGridS20E50B30M075,0.8085324764251709,0.8085324764251709,0.765620231628418,1,0.2574402570724487,0.5,0.24255974292755125,0.0,0.0,2,64,43,0.671875,21.0,0.328125,0.671875,2
S3,EmaTentGridS20E50B30M075,0.9247648119926453,0.9247648119926453,0.8128442764282227,1,0.22257055640220644,0.5,0.2774294435977936,0.0,0.0,3,64,36,0.5625,28.0,0.4375,0.5625,2
S3,EmaTentGridS20E50B30M075,0.7439395785331726,0.7439395785331726,0.78871089220047,1,0.2768181264400482,0.5,0.22318187355995178,0.0,0.0,4,11,11,1.0,,,1.0,1
S3,EMATent,0.5883578062057495,0.5883578062057495,0.8604081869125366,1,0.32349265813827516,0.5,0.17650734186172484,0.0,0.0,0,64,50,0.78125,14.0,0.21875,0.78125,2
S3,EMATent,0.4773707687854767,0.4773707687854767,0.8994777202606201,1,0.356788769364357,0.5,0.143211230635643,0.0,0.0,1,64,6,0.09375,58.0,0.90625,0.90625,2
S3,EMATent,0.7590852379798889,0.7590852379798889,0.7926199436187744,1,0.27227442860603335,0.5,0.22772557139396665,0.0,0.0,2,64,43,0.671875,21.0,0.328125,0.671875,2
S3,EMATent,0.8749520182609558,0.8749520182609558,0.8184739947319031,1,0.23751439452171327,0.5,0.26248560547828675,0.0,0.0,3,64,36,0.5625,28.0,0.4375,0.5625,2
S3,EMATent,0.7153105735778809,0.7153105735778809,0.803284227848053,1,0.28540682792663574,0.5,0.21459317207336426,0.0,0.0,4,11,11,1.0,,,1.0,1
S3,EMATentAdaptive,0.5883578062057495,0.5883578062057495,0.8604081869125366,1,0.32349265813827516,0.5,0.17650734186172484,0.0,0.0,0,64,50,0.78125,14.0,0.21875,0.78125,2
S3,EMATentAdaptive,0.4671087861061096,0.4671087861061096,0.9021474123001099,1,0.3598673641681671,0.5,0.14013263583183289,0.0,0.0,1,64,6,0.09375,58.0,0.90625,0.90625,2
S3,EMATentAdaptive,0.707247793674469,0.707247793674469,0.8177198171615601,1,0.2878256618976593,0.5,0.21217433810234068,0.0,0.0,2,64,43,0.671875,21.0,0.328125,0.671875,2
S3,EMATentAdaptive,0.796911358833313,0.796911358833313,0.8314124941825867,1,0.2609265923500061,0.5,0.23907340764999388,0.0,0.0,3,64,36,0.5625,28.0,0.4375,0.5625,2
S3,EMATentAdaptive,0.6732410192489624,0.6732410192489624,0.8231032490730286,1,0.2980276942253113,0.5,0.20197230577468872,0.0,0.0,4,11,11,1.0,,,1.0,1
S3,EmaTentGridS20E50B30M090,0.5883578062057495,0.5883578062057495,0.8604081869125366,1,0.32349265813827516,0.5,0.17650734186172484,0.0,0.0,0,64,50,0.78125,14.0,0.21875,0.78125,2
S3,EmaTentGridS20E50B30M090,0.45541611313819885,0.45541611313819885,0.9049651622772217,1,0.36337516605854037,0.5,0.13662483394145966,0.0,0.0,1,64,6,0.09375,58.0,0.90625,0.90625,2
S3,EmaTentGridS20E50B30M090,0.6537925004959106,0.6537925004959106,0.8404086828231812,1,0.3038622498512268,0.5,0.1961377501487732,0.0,0.0,2,64,43,0.671875,21.0,0.328125,0.671875,2
S3,EmaTentGridS20E50B30M090,0.6854292154312134,0.6854292154312134,0.8408567905426025,1,0.294371235370636,0.5,0.205628764629364,0.0,0.0,3,64,36,0.5625,28.0,0.4375,0.5625,2
S3,EmaTentGridS20E50B30M090,0.615118682384491,0.615118682384491,0.8478806614875793,1,0.3154643952846527,0.5,0.18453560471534727,0.0,0.0,4,11,11,1.0,,,1.0,1
S3,EmaTentGridS20E50B30M095,0.5883578062057495,0.5883578062057495,0.8604081869125366,1,0.32349265813827516,0.5,0.17650734186172484,0.0,0.0,0,64,50,0.78125,14.0,0.21875,0.78125,2
S3,EmaTentGridS20E50B30M095,0.44319936633110046,0.44319936633110046,0.9083563089370728,1,0.3670401901006699,0.5,0.13295980989933012,0.0,0.0,1,64,6,0.09375,58.0,0.90625,0.90625,2
S3,EmaTentGridS20E50B30M095,0.5994200706481934,0.5994200706481934,0.8618834614753723,1,0.320173978805542,0.5,0.179826021194458,0.0,0.0,2,64,43,0.671875,21.0,0.328125,0.671875,2
S3,EmaTentGridS20E50B30M095,0.5445603728294373,0.5445603728294373,0.8781752586364746,1,0.33663188815116885,0.5,0.16336811184883118,0.0,0.0,3,64,36,0.5625,28.0,0.4375,0.5625,2
S3,EmaTentGridS20E50B30M095,0.5424191951751709,0.5424191951751709,0.8754075765609741,1,0.3372742414474488,0.5,0.16272575855255125,0.0,0.0,4,11,11,1.0,,,1.0,1
S3,EmaTentGridS10E50B40M085,0.5883578062057495,0.5883578062057495,0.8604081869125366,1,0.2646568775177002,0.5,0.23534312248229983,0.0,0.0,0,64,50,0.78125,14.0,0.21875,0.78125,2
S3,EmaTentGridS10E50B40M085,0.4615672528743744,0.4615672528743744,0.9035662412643433,1,0.3153730988502502,0.5,0.18462690114974978,0.0,0.0,1,64,6,0.09375,58.0,0.90625,0.90625,2
S3,EmaTentGridS10E50B40M085,0.6960673332214355,0.6960673332214355,0.8228386640548706,1,0.2215730667114258,0.5,0.2784269332885742,0.0,0.0,2,64,43,0.671875,21.0,0.328125,0.671875,2
S3,EmaTentGridS10E50B40M085,0.770343542098999,0.770343542098999,0.8335928916931152,1,0.1918625831604004,0.5,0.3081374168395996,0.0,0.0,3,64,36,0.5625,28.0,0.4375,0.5625,2
S3,EmaTentGridS10E50B40M085,0.648019015789032,0.648019015789032,0.834194540977478,1,0.2407923936843872,0.5,0.2592076063156128,0.0,0.0,4,11,11,1.0,,,1.0,1
S4,EMATentSafe,0.9810286164283752,0.9810286164283752,0.7433185577392578,1,0.5018971383571624,0.4,0.09810286164283753,0.0,0.0,0,64,35,0.546875,29.0,0.453125,0.546875,2
S4,EMATentSafe,0.6095747947692871,0.6095747947692871,0.8719258308410645,1,0.5390425205230713,0.4,0.060957479476928714,0.0,0.0,1,64,20,0.3125,44.0,0.6875,0.6875,2
S4,EMATentSafe,0.6582098603248596,0.6582098603248596,0.8297790884971619,1,0.534179013967514,0.4,0.06582098603248597,0.0,0.0,2,64,35,0.546875,29.0,0.453125,0.546875,2
S4,EMATentSafe,0.9883412718772888,0.9883412718772888,0.7841209173202515,1,0.5011658728122711,0.4,0.09883412718772888,0.0,0.0,3,64,10,0.15625,54.0,0.84375,0.84375,2
S4,EMATentSafe,0.9880296587944031,0.9880296587944031,0.7360162138938904,1,0.5011970341205597,0.4,0.09880296587944032,0.0,0.0,4,11,0,0.0,11.0,1.0,1.0,1
S4,EmaTentGridS40E50B10M085,0.9810284376144409,0.9810284376144409,0.7433178424835205,1,0.40189715623855593,0.5,0.0981028437614441,0.0,0.0,0,64,35,0.546875,29.0,0.453125,0.546875,2
S4,EmaTentGridS40E50B10M085,0.630689263343811,0.630689263343811,0.8624532222747803,1,0.4369310736656189,0.5,0.0630689263343811,0.0,0.0,1,64,20,0.3125,44.0,0.6875,0.6875,2
S4,EmaTentGridS40E50B10M085,0.779908299446106,0.779908299446106,0.7689090371131897,1,0.4220091700553894,0.5,0.0779908299446106,0.0,0.0,2,64,35,0.546875,29.0,0.453125,0.546875,2
S4,EmaTentGridS40E50B10M085,0.9888001680374146,0.9888001680374146,0.7617850303649902,1,0.4011199831962586,0.5,0.09888001680374146,0.0,0.0,3,64,10,0.15625,54.0,0.84375,0.84375,2
S4,EmaTentGridS40E50B10M085,0.9450599551200867,0.9450599551200867,0.7083338499069214,1,0.40549400448799133,0.5,0.09450599551200867,0.0,0.0,4,11,0,0.0,11.0,1.0,1.0,1
S4,EmaTentGridS30E50B20M085,0.9810284376144409,0.9810284376144409,0.7433178424835205,1,0.3037943124771118,0.5,0.1962056875228882,0.0,0.0,0,64,35,0.546875,29.0,0.453125,0.546875,2
S4,EmaTentGridS30E50B20M085,0.6346222758293152,0.6346222758293152,0.8618229031562805,1,0.37307554483413696,0.5,0.12692445516586304,0.0,0.0,1,64,20,0.3125,44.0,0.6875,0.6875,2
S4,EmaTentGridS30E50B20M085,0.780470609664917,0.780470609664917,0.7685846090316772,1,0.3439058780670166,0.5,0.15609412193298342,0.0,0.0,2,64,35,0.546875,29.0,0.453125,0.546875,2
S4,EmaTentGridS30E50B20M085,0.9934027194976807,0.9934027194976807,0.7639269232749939,1,0.30131945610046384,0.5,0.19868054389953616,0.0,0.0,3,64,10,0.15625,54.0,0.84375,0.84375,2
S4,EmaTentGridS30E50B20M085,0.952890157699585,0.952890157699585,0.7122998237609863,1,0.309421968460083,0.5,0.190578031539917,0.0,0.0,4,11,0,0.0,11.0,1.0,1.0,1
S4,EmaTentGridS20E50B30M075,0.9810284376144409,0.9810284376144409,0.7433178424835205,1,0.20569146871566774,0.5,0.29430853128433226,0.0,0.0,0,64,35,0.546875,29.0,0.453125,0.546875,2
S4,EmaTentGridS20E50B30M075,0.6778717041015625,0.6778717041015625,0.8445576429367065,1,0.29663848876953125,0.5,0.20336151123046875,0.0,0.0,1,64,20,0.3125,44.0,0.6875,0.6875,2
S4,EmaTentGridS20E50B30M075,0.9174673557281494,0.9174673557281494,0.674201250076294,1,0.22475979328155518,0.5,0.2752402067184448,0.0,0.0,2,64,35,0.546875,29.0,0.453125,0.546875,2
S4,EmaTentGridS20E50B30M075,0.9122625589370728,0.9122625589370728,0.7764196395874023,1,0.22632123231887818,0.5,0.2736787676811218,0.0,0.0,3,64,10,0.15625,54.0,0.84375,0.84375,2
S4,EmaTentGridS20E50B30M075,0.8360451459884644,0.8360451459884644,0.7534483075141907,1,0.2491864562034607,0.5,0.2508135437965393,0.0,0.0,4,11,0,0.0,11.0,1.0,1.0,1
S4,EMATent,0.9810284376144409,0.9810284376144409,0.7433178424835205,1,0.20569146871566774,0.5,0.29430853128433226,0.0,0.0,0,64,35,0.546875,29.0,0.453125,0.546875,2
S4,EMATent,0.6542725563049316,0.6542725563049316,0.8544729351997375,1,0.30371823310852053,0.5,0.1962817668914795,0.0,0.0,1,64,20,0.3125,44.0,0.6875,0.6875,2
S4,EMATent,0.8507832884788513,0.8507832884788513,0.7236484289169312,1,0.2447650134563446,0.5,0.2552349865436554,0.0,0.0,2,64,35,0.546875,29.0,0.453125,0.546875,2
S4,EMATent,0.9660083055496216,0.9660083055496216,0.7617323398590088,1,0.21019750833511353,0.5,0.2898024916648865,0.0,0.0,3,64,10,0.15625,54.0,0.84375,0.84375,2
S4,EMATent,0.911170244216919,0.911170244216919,0.7157402634620667,1,0.22664892673492432,0.5,0.2733510732650757,0.0,0.0,4,11,0,0.0,11.0,1.0,1.0,1
S4,EMATentAdaptive,0.9810284376144409,0.9810284376144409,0.7433178424835205,1,0.20569146871566774,0.5,0.29430853128433226,0.0,0.0,0,64,35,0.546875,29.0,0.453125,0.546875,2
S4,EMATentAdaptive,0.6332962512969971,0.6332962512969971,0.8630360960960388,1,0.31001112461090086,0.5,0.18998887538909912,0.0,0.0,1,64,20,0.3125,44.0,0.6875,0.6875,2
S4,EMATentAdaptive,0.7711465358734131,0.7711465358734131,0.7739022374153137,1,0.2686560392379761,0.5,0.2313439607620239,0.0,0.0,2,64,35,0.546875,29.0,0.453125,0.546875,2
S4,EMATentAdaptive,0.9968196153640747,0.9968196153640747,0.7680479288101196,1,0.2009541153907776,0.5,0.2990458846092224,0.0,0.0,3,64,10,0.15625,54.0,0.84375,0.84375,2
S4,EMATentAdaptive,0.9656065702438354,0.9656065702438354,0.7154372930526733,1,0.21031802892684937,0.5,0.28968197107315063,0.0,0.0,4,11,0,0.0,11.0,1.0,1.0,1
S4,EmaTentGridS20E50B30M090,0.9810284376144409,0.9810284376144409,0.7433178424835205,1,0.20569146871566774,0.5,0.29430853128433226,0.0,0.0,0,64,35,0.546875,29.0,0.453125,0.546875,2
S4,EmaTentGridS20E50B30M090,0.6163368821144104,0.6163368821144104,0.8699990510940552,1,0.3150989353656769,0.5,0.18490106463432313,0.0,0.0,1,64,20,0.3125,44.0,0.6875,0.6875,2
S4,EmaTentGridS20E50B30M090,0.6882548928260803,0.6882548928260803,0.8162301778793335,1,0.2935235321521759,0.5,0.20647646784782409,0.0,0.0,2,64,35,0.546875,29.0,0.453125,0.546875,2
S4,EmaTentGridS20E50B30M090,0.9941771626472473,0.9941771626472473,0.7806323766708374,1,0.2017468512058258,0.5,0.2982531487941742,0.0,0.0,3,64,10,0.15625,54.0,0.84375,0.84375,2
S4,EmaTentGridS20E50B30M090,0.9843044281005859,0.9843044281005859,0.7374055981636047,1,0.20470867156982422,0.5,0.29529132843017575,0.0,0.0,4,11,0,0.0,11.0,1.0,1.0,1
S4,EmaTentGridS20E50B30M095,0.9810284376144409,0.9810284376144409,0.7433178424835205,1,0.20569146871566774,0.5,0.29430853128433226,0.0,0.0,0,64,35,0.546875,29.0,0.453125,0.546875,2
S4,EmaTentGridS20E50B30M095,0.6048052906990051,0.6048052906990051,0.875065803527832,1,0.31855841279029845,0.5,0.18144158720970152,0.0,0.0,1,64,20,0.3125,44.0,0.6875,0.6875,2
S4,EmaTentGridS20E50B30M095,0.614961564540863,0.614961564540863,0.8479440212249756,1,0.31551153063774107,0.5,0.1844884693622589,0.0,0.0,2,64,35,0.546875,29.0,0.453125,0.546875,2
S4,EmaTentGridS20E50B30M095,0.9602335095405579,0.9602335095405579,0.8028958439826965,1,0.21192994713783264,0.5,0.28807005286216736,0.0,0.0,3,64,10,0.15625,54.0,0.84375,0.84375,2
S4,EmaTentGridS20E50B30M095,0.9841758608818054,0.9841758608818054,0.7092123031616211,1,0.20474724173545839,0.5,0.2952527582645416,0.0,0.0,4,11,0,0.0,11.0,1.0,1.0,1
S4,EmaTentGridS10E50B40M085,0.9810284376144409,0.9810284376144409,0.7433178424835205,1,0.10758862495422364,0.5,0.3924113750457764,0.0,0.0,0,64,35,0.546875,29.0,0.453125,0.546875,2
S4,EmaTentGridS10E50B40M085,0.625157356262207,0.625157356262207,0.8665527105331421,1,0.2499370574951172,0.5,0.2500629425048828,0.0,0.0,1,64,20,0.3125,44.0,0.6875,0.6875,2
S4,EmaTentGridS10E50B40M085,0.7527231574058533,0.7527231574058533,0.7840391993522644,1,0.1989107370376587,0.5,0.30108926296234134,0.0,0.0,2,64,35,0.546875,29.0,0.453125,0.546875,2
S4,EmaTentGridS10E50B40M085,0.9985631108283997,0.9985631108283997,0.7736486792564392,1,0.10057475566864015,0.5,0.3994252443313599,0.0,0.0,3,64,10,0.15625,54.0,0.84375,0.84375,2
S4,EmaTentGridS10E50B40M085,0.9776914715766907,0.9776914715766907,0.7203448414802551,1,0.10892341136932374,0.5,0.3910765886306763,0.0,0.0,4,11,0,0.0,11.0,1.0,1.0,1
S5,EMATentSafe,0.8513357043266296,0.8513357043266296,0.7722238302230835,1,0.5148664295673371,0.4,0.08513357043266297,0.0,0.0,0,64,37,0.578125,27.0,0.421875,0.578125,2
S5,EMATentSafe,0.9999220967292786,0.9999220967292786,0.7148196697235107,1,0.5000077903270721,0.4,0.09999220967292786,0.0,0.0,1,64,33,0.515625,31.0,0.484375,0.515625,2
S5,EMATentSafe,0.9956201314926147,0.9956201314926147,0.7618870735168457,1,0.5004379868507385,0.4,0.09956201314926148,0.0,0.0,2,64,24,0.375,40.0,0.625,0.625,2
S5,EMATentSafe,0.9996740818023682,0.9996740818023682,0.6526393890380859,1,0.5000325918197632,0.4,0.09996740818023682,0.0,0.0,3,64,36,0.5625,28.0,0.4375,0.5625,2
S5,EMATentSafe,0.9784092903137207,0.9784092903137207,0.6616901755332947,1,0.5021590709686279,0.4,0.09784092903137208,0.0,0.0,4,38,11,0.2894736842105263,27.0,0.7105263157894737,0.7105263157894737,2
S5,EmaTentGridS40E50B10M085,0.8513361215591431,0.8513361215591431,0.772223711013794,1,0.4148663878440857,0.5,0.0851336121559143,0.0,0.0,0,64,37,0.578125,27.0,0.421875,0.578125,2
S5,EmaTentGridS40E50B10M085,0.9962350130081177,0.9962350130081177,0.7140997052192688,1,0.40037649869918823,0.5,0.09962350130081177,0.0,0.0,1,64,33,0.515625,31.0,0.484375,0.515625,2
S5,EmaTentGridS40E50B10M085,0.9975171089172363,0.9975171089172363,0.7525454759597778,1,0.40024828910827637,0.5,0.09975171089172363,0.0,0.0,2,64,24,0.375,40.0,0.625,0.625,2
S5,EmaTentGridS40E50B10M085,0.9943106174468994,0.9943106174468994,0.6523478031158447,1,0.4005689382553101,0.5,0.09943106174468995,0.0,0.0,3,64,36,0.5625,28.0,0.4375,0.5625,2
S5,EmaTentGridS40E50B10M085,0.9692003130912781,0.9692003130912781,0.6413572430610657,1,0.4030799686908722,0.5,0.09692003130912781,0.0,0.0,4,38,11,0.2894736842105263,27.0,0.7105263157894737,0.7105263157894737,2
S5,EmaTentGridS30E50B20M085,0.8513361215591431,0.8513361215591431,0.772223711013794,1,0.3297327756881714,0.5,0.1702672243118286,0.0,0.0,0,64,37,0.578125,27.0,0.421875,0.578125,2
S5,EmaTentGridS30E50B20M085,0.9971063733100891,0.9971063733100891,0.7147674560546875,1,0.3005787253379822,0.5,0.19942127466201784,0.0,0.0,1,64,33,0.515625,31.0,0.484375,0.515625,2
S5,EmaTentGridS30E50B20M085,0.9966071248054504,0.9966071248054504,0.7550318241119385,1,0.30067857503890993,0.5000000000000001,0.19932142496109012,0.0,0.0,2,64,24,0.375,40.0,0.625,0.625,2
S5,EmaTentGridS30E50B20M085,0.9960936903953552,0.9960936903953552,0.6525173783302307,1,0.30078126192092897,0.5,0.19921873807907106,0.0,0.0,3,64,36,0.5625,28.0,0.4375,0.5625,2
S5,EmaTentGridS30E50B20M085,0.9677774906158447,0.9677774906158447,0.644861102104187,1,0.30644450187683103,0.5,0.19355549812316897,0.0,0.0,4,38,11,0.2894736842105263,27.0,0.7105263157894737,0.7105263157894737,2
S5,EmaTentGridS20E50B30M075,0.8513361215591431,0.8513361215591431,0.772223711013794,1,0.24459916353225708,0.5,0.2554008364677429,0.0,0.0,0,64,37,0.578125,27.0,0.421875,0.578125,2
S5,EmaTentGridS20E50B30M075,0.9881856441497803,0.9881856441497803,0.7279586791992188,1,0.20354430675506593,0.5,0.2964556932449341,0.0,0.0,1,64,33,0.515625,31.0,0.484375,0.515625,2
S5,EmaTentGridS20E50B30M075,0.99574214220047,0.99574214220047,0.7438151836395264,1,0.20127735733985902,0.5,0.298722642660141,0.0,0.0,2,64,24,0.375,40.0,0.625,0.625,2
S5,EmaTentGridS20E50B30M075,0.9891844987869263,0.9891844987869263,0.6632399559020996,1,0.20324465036392214,0.5,0.29675534963607786,0.0,0.0,3,64,36,0.5625,28.0,0.4375,0.5625,2
S5,EmaTentGridS20E50B30M075,0.9420198202133179,0.9420198202133179,0.6614302396774292,1,0.21739405393600464,0.5,0.28260594606399536,0.0,0.0,4,38,11,0.2894736842105263,27.0,0.7105263157894737,0.7105263157894737,2
S5,EMATent,0.8513361215591431,0.8513361215591431,0.772223711013794,1,0.24459916353225708,0.5,0.2554008364677429,0.0,0.0,0,64,37,0.578125,27.0,0.421875,0.578125,2
S5,EMATent,0.9938839673995972,0.9938839673995972,0.7192894220352173,1,0.20183480978012086,0.5,0.29816519021987914,0.0,0.0,1,64,33,0.515625,31.0,0.484375,0.515625,2
S5,EMATent,0.9959190487861633,0.9959190487861633,0.7512577176094055,1,0.20122428536415102,0.5,0.298775714635849,0.0,0.0,2,64,24,0.375,40.0,0.625,0.625,2
S5,EMATent,0.9935988187789917,0.9935988187789917,0.6569825410842896,1,0.2019203543663025,0.5,0.2980796456336975,0.0,0.0,3,64,36,0.5625,28.0,0.4375,0.5625,2
S5,EMATent,0.9542375802993774,0.9542375802993774,0.6491833925247192,1,0.21372872591018677,0.5,0.28627127408981323,0.0,0.0,4,38,11,0.2894736842105263,27.0,0.7105263157894737,0.7105263157894737,2
S5,EMATentAdaptive,0.8513361215591431,0.8513361215591431,0.772223711013794,1,0.24459916353225708,0.5,0.2554008364677429,0.0,0.0,0,64,37,0.578125,27.0,0.421875,0.578125,2
S5,EMATentAdaptive,0.9978199601173401,0.9978199601173401,0.7152202129364014,1,0.20065401196479798,0.5,0.299345988035202,0.0,0.0,1,64,33,0.515625,31.0,0.484375,0.515625,2
S5,EMATentAdaptive,0.9956507086753845,0.9956507086753845,0.7570695281028748,1,0.20130478739738467,0.5,0.29869521260261533,0.0,0.0,2,64,24,0.375,40.0,0.625,0.625,2
S5,EMATentAdaptive,0.9973611235618591,0.9973611235618591,0.653648853302002,1,0.20079166293144227,0.5,0.2992083370685577,0.0,0.0,3,64,36,0.5625,28.0,0.4375,0.5625,2
S5,EMATentAdaptive,0.9661558866500854,0.9661558866500854,0.650052547454834,1,0.21015323400497438,0.5,0.2898467659950256,0.0,0.0,4,38,11,0.2894736842105263,27.0,0.7105263157894737,0.7105263157894737,2
S5,EmaTentGridS20E50B30M090,0.8513361215591431,0.8513361215591431,0.772223711013794,1,0.24459916353225708,0.5,0.2554008364677429,0.0,0.0,0,64,37,0.578125,27.0,0.421875,0.578125,2
S5,EmaTentGridS20E50B30M090,0.9998101592063904,0.9998101592063904,0.7156755328178406,1,0.2000569522380829,0.5,0.2999430477619171,0.0,0.0,1,64,33,0.515625,31.0,0.484375,0.515625,2
S5,EmaTentGridS20E50B30M090,0.9946994185447693,0.9946994185447693,0.7621268630027771,1,0.20159017443656924,0.5,0.29840982556343076,0.0,0.0,2,64,24,0.375,40.0,0.625,0.625,2
S5,EmaTentGridS20E50B30M090,0.9997354745864868,0.9997354745864868,0.6539058685302734,1,0.20007935762405396,0.5,0.299920642375946,0.0,0.0,3,64,36,0.5625,28.0,0.4375,0.5625,2
S5,EmaTentGridS20E50B30M090,0.9703192114830017,0.9703192114830017,0.6634223461151123,1,0.2089042365550995,0.5,0.2910957634449005,0.0,0.0,4,38,11,0.2894736842105263,27.0,0.7105263157894737,0.7105263157894737,2
S5,EmaTentGridS20E50B30M095,0.8513361215591431,0.8513361215591431,0.772223711013794,1,0.24459916353225708,0.5,0.2554008364677429,0.0,0.0,0,64,37,0.578125,27.0,0.421875,0.578125,2
S5,EmaTentGridS20E50B30M095,0.9996047616004944,0.9996047616004944,0.7193924188613892,1,0.20011857151985168,0.5,0.2998814284801483,0.0,0.0,1,64,33,0.515625,31.0,0.484375,0.515625,2
S5,EmaTentGridS20E50B30M095,0.9928978085517883,0.9928978085517883,0.7666490077972412,1,0.2021306574344635,0.5,0.2978693425655365,0.0,0.0,2,64,24,0.375,40.0,0.625,0.625,2
S5,EmaTentGridS20E50B30M095,0.9992912411689758,0.9992912411689758,0.6611853837966919,1,0.20021262764930725,0.5,0.29978737235069275,0.0,0.0,3,64,36,0.5625,28.0,0.4375,0.5625,2
S5,EmaTentGridS20E50B30M095,0.9657288193702698,0.9657288193702698,0.6794202327728271,1,0.21028135418891908,0.5,0.2897186458110809,0.0,0.0,4,38,11,0.2894736842105263,27.0,0.7105263157894737,0.7105263157894737,2
S5,EmaTentGridS10E50B40M085,0.8513361215591431,0.8513361215591431,0.772223711013794,1,0.15946555137634277,0.5,0.3405344486236572,0.0,0.0,0,64,37,0.578125,27.0,0.421875,0.578125,2
S5,EmaTentGridS10E50B40M085,0.9984139800071716,0.9984139800071716,0.7156577110290527,1,0.10063440799713136,0.5,0.3993655920028687,0.0,0.0,1,64,33,0.515625,31.0,0.484375,0.515625,2
S5,EmaTentGridS10E50B40M085,0.9947450757026672,0.9947450757026672,0.758862316608429,1,0.10210196971893311,0.5,0.3978980302810669,0.0,0.0,2,64,24,0.375,40.0,0.625,0.625,2
S5,EmaTentGridS10E50B40M085,0.9983180165290833,0.9983180165290833,0.6549807786941528,1,0.10067279338836671,0.5,0.39932720661163335,0.0,0.0,3,64,36,0.5625,28.0,0.4375,0.5625,2
S5,EmaTentGridS10E50B40M085,0.9638229608535767,0.9638229608535767,0.6559873223304749,1,0.11447081565856934,0.5,0.3855291843414307,0.0,0.0,4,38,11,0.2894736842105263,27.0,0.7105263157894737,0.7105263157894737,2
S6,EMATentSafe,0.00445492984727025,0.00445492984727025,0.9996559023857117,0,0.599554507015273,0.4,0.00044549298472702504,0.0,0.0,0,64,41,0.640625,23.0,0.359375,0.640625,2
S6,EMATentSafe,0.027365634217858315,0.027365634217858315,0.9972487092018127,0,0.5972634365782141,0.4,0.0027365634217858315,0.0,0.0,1,64,35,0.546875,29.0,0.453125,0.546875,2
S6,EMATentSafe,0.27465271949768066,0.27465271949768066,0.9527374505996704,1,0.572534728050232,0.4,0.02746527194976807,0.0,0.0,2,64,22,0.34375,42.0,0.65625,0.65625,2
S6,EMATentSafe,0.46888241171836853,0.46888241171836853,0.9000356793403625,1,0.5531117588281631,0.4,0.046888241171836854,0.0,0.0,3,62,29,0.46774193548387094,33.0,0.532258064516129,0.532258064516129,2
S6,EmaTentGridS40E50B10M085,0.004454898647964001,0.004454898647964001,0.9996559023857117,0,0.49955451013520363,0.5,0.0004454898647964001,0.0,0.0,0,64,41,0.640625,23.0,0.359375,0.640625,2
S6,EmaTentGridS40E50B10M085,0.1772361844778061,0.1772361844778061,0.9733628034591675,0,0.4822763815522194,0.5,0.01772361844778061,0.0,0.0,1,64,35,0.546875,29.0,0.453125,0.546875,2
S6,EmaTentGridS40E50B10M085,0.7889513969421387,0.7889513969421387,0.7644528150558472,1,0.42110486030578614,0.5,0.07889513969421387,0.0,0.0,2,64,22,0.34375,42.0,0.65625,0.65625,2
S6,EmaTentGridS40E50B10M085,0.8879696130752563,0.8879696130752563,0.6944499611854553,1,0.4112030386924744,0.5,0.08879696130752564,0.0,0.0,3,62,29,0.46774193548387094,33.0,0.532258064516129,0.532258064516129,2
S6,EmaTentGridS30E50B20M085,0.004454898647964001,0.004454898647964001,0.9996559023857117,0,0.4991090202704072,0.5,0.0008909797295928002,0.0,0.0,0,64,41,0.640625,23.0,0.359375,0.640625,2
S6,EmaTentGridS30E50B20M085,0.1761064976453781,0.1761064976453781,0.9735801815986633,0,0.4647787004709244,0.5,0.03522129952907562,0.0,0.0,1,64,35,0.546875,29.0,0.453125,0.546875,2
S6,EmaTentGridS30E50B20M085,0.7669818997383118,0.7669818997383118,0.7762355208396912,1,0.34660362005233764,0.5,0.15339637994766236,0.0,0.0,2,64,22,0.34375,42.0,0.65625,0.65625,2
S6,EmaTentGridS30E50B20M085,0.8583303093910217,0.8583303093910217,0.7178748846054077,1,0.3283339381217957,0.5000000000000001,0.17166606187820438,0.0,0.0,3,62,29,0.46774193548387094,33.0,0.532258064516129,0.532258064516129,2
S6,EmaTentGridS20E50B30M075,0.004454898647964001,0.004454898647964001,0.9996559023857117,0,0.4986635304056108,0.5,0.0013364695943892003,0.0,0.0,0,64,41,0.640625,23.0,0.359375,0.640625,2
S6,EmaTentGridS20E50B30M075,0.6708406209945679,0.6708406209945679,0.8241827487945557,1,0.2987478137016296,0.5,0.20125218629837036,0.0,0.0,1,64,35,0.546875,29.0,0.453125,0.546875,2
S6,EmaTentGridS20E50B30M075,0.9653558135032654,0.9653558135032654,0.6339712142944336,1,0.2103932559490204,0.5,0.2896067440509796,0.0,0.0,2,64,22,0.34375,42.0,0.65625,0.65625,2
S6,EmaTentGridS20E50B30M075,0.9563699960708618,0.9563699960708618,0.624574601650238,1,0.21308900117874147,0.5,0.28691099882125853,0.0,0.0,3,62,29,0.46774193548387094,33.0,0.532258064516129,0.532258064516129,2
S6,EMATent,0.004454898647964001,0.004454898647964001,0.9996559023857117,0,0.4986635304056108,0.5,0.0013364695943892003,0.0,0.0,0,64,41,0.640625,23.0,0.359375,0.640625,2
S6,EMATent,0.4114377498626709,0.4114377498626709,0.917353093624115,1,0.37656867504119873,0.5,0.12343132495880127,0.0,0.0,1,64,35,0.546875,29.0,0.453125,0.546875,2
S6,EMATent,0.8946917653083801,0.8946917653083801,0.6963344812393188,1,0.23159247040748598,0.5,0.268407529592514,0.0,0.0,2,64,22,0.34375,42.0,0.65625,0.65625,2
S6,EMATent,0.9177044034004211,0.9177044034004211,0.6674846410751343,1,0.22468867897987366,0.5,0.27531132102012634,0.0,0.0,3,62,29,0.46774193548387094,33.0,0.532258064516129,0.532258064516129,2
S6,EMATentAdaptive,0.004454898647964001,0.004454898647964001,0.9996559023857117,0,0.4986635304056108,0.5,0.0013364695943892003,0.0,0.0,0,64,41,0.640625,23.0,0.359375,0.640625,2
S6,EMATentAdaptive,0.1749880015850067,0.1749880015850067,0.9737949371337891,0,0.447503599524498,0.5,0.05249640047550201,0.0,0.0,1,64,35,0.546875,29.0,0.453125,0.546875,2
S6,EMATentAdaptive,0.7479044198989868,0.7479044198989868,0.7866144180297852,1,0.27562867403030394,0.5,0.22437132596969603,0.0,0.0,2,64,22,0.34375,42.0,0.65625,0.65625,2
S6,EMATentAdaptive,0.8305374979972839,0.8305374979972839,0.7374717593193054,1,0.25083875060081484,0.5,0.24916124939918516,0.0,0.0,3,62,29,0.46774193548387094,33.0,0.532258064516129,0.532258064516129,2
S6,EmaTentGridS20E50B30M090,0.004454898647964001,0.004454898647964001,0.9996559023857117,0,0.4986635304056108,0.5,0.0013364695943892003,0.0,0.0,0,64,41,0.640625,23.0,0.359375,0.640625,2
S6,EmaTentGridS20E50B30M090,0.04932365193963051,0.04932365193963051,0.994483232498169,0,0.48520290441811087,0.5,0.014797095581889151,0.0,0.0,1,64,35,0.546875,29.0,0.453125,0.546875,2
S6,EmaTentGridS20E50B30M090,0.43728283047676086,0.43728283047676086,0.9097563028335571,1,0.36881515085697175,0.5,0.13118484914302825,0.0,0.0,2,64,22,0.34375,42.0,0.65625,0.65625,2
S6,EmaTentGridS20E50B30M090,0.6046969294548035,0.6046969294548035,0.8520458340644836,1,0.31859092116355897,0.5,0.18140907883644103,0.0,0.0,3,62,29,0.46774193548387094,33.0,0.532258064516129,0.532258064516129,2
S6,EmaTentGridS20E50B30M095,0.004454898647964001,0.004454898647964001,0.9996559023857117,0,0.4986635304056108,0.5,0.0013364695943892003,0.0,0.0,0,64,41,0.640625,23.0,0.359375,0.640625,2
S6,EmaTentGridS20E50B30M095,0.009839770384132862,0.009839770384132862,0.9991555213928223,0,0.49704806888476016,0.5,0.0029519311152398585,0.0,0.0,1,64,35,0.546875,29.0,0.453125,0.546875,2
S6,EmaTentGridS20E50B30M095,0.07505147159099579,0.07505147159099579,0.990857720375061,0,0.4774845585227013,0.5,0.022515441477298736,0.0,0.0,2,64,22,0.34375,42.0,0.65625,0.65625,2
S6,EmaTentGridS20E50B30M095,0.17562925815582275,0.17562925815582275,0.9736719131469727,0,0.4473112225532532,0.5,0.052688777446746826,0.0,0.0,3,62,29,0.46774193548387094,33.0,0.532258064516129,0.532258064516129,2
S6,EmaTentGridS10E50B40M085,0.004454898647964001,0.004454898647964001,0.9996559023857117,0,0.4982180405408144,0.5,0.0017819594591856004,0.0,0.0,0,64,41,0.640625,23.0,0.359375,0.640625,2
S6,EmaTentGridS10E50B40M085,0.17388945817947388,0.17388945817947388,0.9740052819252014,0,0.4304442167282104,0.5,0.06955578327178956,0.0,0.0,1,64,35,0.546875,29.0,0.453125,0.546875,2
S6,EmaTentGridS10E50B40M085,0.7306122183799744,0.7306122183799744,0.7956148386001587,1,0.20775511264801028,0.5,0.2922448873519898,0.0,0.0,2,64,22,0.34375,42.0,0.65625,0.65625,2
S6,EmaTentGridS10E50B40M085,0.8052807450294495,0.8052807450294495,0.7537497282028198,1,0.17788770198822024,0.5,0.3221122980117798,0.0,0.0,3,62,29,0.46774193548387094,33.0,0.532258064516129,0.532258064516129,2
S7,EMATentSafe,0.002560197841376066,0.002560197841376066,0.9998149871826172,0,0.5997439802158624,0.4,0.00025601978413760664,0.0,0.0,0,64,52,0.8125,12.0,0.1875,0.8125,2
S7,EMATentSafe,0.034933872520923615,0.034933872520923615,0.9963351488113403,0,0.5965066127479076,0.4,0.0034933872520923615,0.0,0.0,1,64,31,0.484375,33.0,0.515625,0.515625,2
S7,EMATentSafe,0.45244842767715454,0.45244842767715454,0.9448047280311584,1,0.5547551572322845,0.4,0.045244842767715454,0.0,0.0,2,64,54,0.84375,10.0,0.15625,0.84375,2
S7,EMATentSafe,0.8445320725440979,0.8445320725440979,0.8740232586860657,1,0.5155467927455902,0.4,0.0844532072544098,0.0,0.0,3,38,27,0.7105263157894737,11.0,0.2894736842105263,0.7105263157894737,2
S7,EmaTentGridS40E50B10M085,0.002560202032327652,0.002560202032327652,0.9998149871826172,0,0.49974397979676727,0.5,0.00025602020323276523,0.0,0.0,0,64,52,0.8125,12.0,0.1875,0.8125,2
S7,EmaTentGridS40E50B10M085,0.08662962168455124,0.08662962168455124,0.9891111254692078,0,0.4913370378315449,0.5,0.008662962168455125,0.0,0.0,1,64,31,0.484375,33.0,0.515625,0.515625,2
S7,EmaTentGridS40E50B10M085,0.7137109637260437,0.7137109637260437,0.9546897411346436,1,0.42862890362739564,0.5,0.07137109637260437,0.0,0.0,2,64,54,0.84375,10.0,0.15625,0.84375,2
S7,EmaTentGridS40E50B10M085,0.9870373010635376,0.9870373010635376,0.8830419778823853,1,0.40129626989364625,0.5,0.09870373010635376,0.0,0.0,3,38,27,0.7105263157894737,11.0,0.2894736842105263,0.7105263157894737,2
S7,EmaTentGridS30E50B20M085,0.002560202032327652,0.002560202032327652,0.9998149871826172,0,0.4994879595935345,0.5,0.0005120404064655305,0.0,0.0,0,64,52,0.8125,12.0,0.1875,0.8125,2
S7,EmaTentGridS30E50B20M085,0.08657480031251907,0.08657480031251907,0.9891195893287659,0,0.4826850399374962,0.5,0.017314960062503815,0.0,0.0,1,64,31,0.484375,33.0,0.515625,0.515625,2
S7,EmaTentGridS30E50B20M085,0.7110573649406433,0.7110573649406433,0.9547626972198486,1,0.35778852701187136,0.5,0.14221147298812867,0.0,0.0,2,64,54,0.84375,10.0,0.15625,0.84375,2
S7,EmaTentGridS30E50B20M085,0.981968879699707,0.981968879699707,0.8835965394973755,1,0.3036062240600586,0.5,0.19639377593994142,0.0,0.0,3,38,27,0.7105263157894737,11.0,0.2894736842105263,0.7105263157894737,2
S7,EmaTentGridS20E50B30M075,0.002560202032327652,0.002560202032327652,0.9998149871826172,0,0.4992319393903017,0.5,0.0007680606096982955,0.0,0.0,0,64,52,0.8125,12.0,0.1875,0.8125,2
S7,EmaTentGridS20E50B30M075,0.26643893122673035,0.26643893122673035,0.9745290279388428,1,0.4200683206319809,0.5,0.0799316793680191,0.0,0.0,1,64,31,0.484375,33.0,0.515625,0.515625,2
S7,EmaTentGridS20E50B30M075,0.8590487241744995,0.8590487241744995,0.9407671689987183,1,0.24228538274765016,0.5,0.25771461725234984,0.0,0.0,2,64,54,0.84375,10.0,0.15625,0.84375,2
S7,EmaTentGridS20E50B30M075,0.9982754588127136,0.9982754588127136,0.8585288524627686,1,0.20051736235618592,0.5,0.29948263764381405,0.0,0.0,3,38,27,0.7105263157894737,11.0,0.2894736842105263,0.7105263157894737,2
S7,EMATent,0.002560202032327652,0.002560202032327652,0.9998149871826172,0,0.4992319393903017,0.5,0.0007680606096982955,0.0,0.0,0,64,52,0.8125,12.0,0.1875,0.8125,2
S7,EMATent,0.15895988047122955,0.15895988047122955,0.9820894598960876,0,0.4523120358586311,0.5,0.04768796414136887,0.0,0.0,1,64,31,0.484375,33.0,0.515625,0.515625,2
S7,EMATent,0.8022719025611877,0.8022719025611877,0.9533787965774536,1,0.25931842923164367,0.5,0.2406815707683563,0.0,0.0,2,64,54,0.84375,10.0,0.15625,0.84375,2
S7,EMATent,0.9985391497612,0.9985391497612,0.8706311583518982,1,0.20043825507164004,0.5,0.29956174492835996,0.0,0.0,3,38,27,0.7105263157894737,11.0,0.2894736842105263,0.7105263157894737,2
S7,EMATentAdaptive,0.002560202032327652,0.002560202032327652,0.9998149871826172,0,0.4992319393903017,0.5,0.0007680606096982955,0.0,0.0,0,64,52,0.8125,12.0,0.1875,0.8125,2
S7,EMATentAdaptive,0.08652187138795853,0.08652187138795853,0.9891277551651001,0,0.4740434385836124,0.5,0.025956561416387556,0.0,0.0,1,64,31,0.484375,33.0,0.515625,0.515625,2
S7,EMATentAdaptive,0.7085082530975342,0.7085082530975342,0.955033540725708,1,0.28744752407073976,0.5,0.21255247592926024,0.0,0.0,2,64,54,0.84375,10.0,0.15625,0.84375,2
S7,EMATentAdaptive,0.9774242043495178,0.9774242043495178,0.8843460083007812,1,0.20677273869514468,0.5,0.2932272613048553,0.0,0.0,3,38,27,0.7105263157894737,11.0,0.2894736842105263,0.7105263157894737,2
S7,EmaTentGridS20E50B30M090,0.002560202032327652,0.002560202032327652,0.9998149871826172,0,0.4992319393903017,0.5,0.0007680606096982955,0.0,0.0,0,64,52,0.8125,12.0,0.1875,0.8125,2
S7,EmaTentGridS20E50B30M090,0.04461599886417389,0.04461599886417389,0.9951044321060181,0,0.48661520034074784,0.5,0.013384799659252166,0.0,0.0,1,64,31,0.484375,33.0,0.515625,0.515625,2
S7,EmaTentGridS20E50B30M090,0.5525564551353455,0.5525564551353455,0.945268988609314,1,0.3342330634593964,0.5,0.16576693654060362,0.0,0.0,2,64,54,0.84375,10.0,0.15625,0.84375,2
S7,EmaTentGridS20E50B30M090,0.8954679369926453,0.8954679369926453,0.8708767294883728,1,0.23135961890220644,0.5,0.2686403810977936,0.0,0.0,3,38,27,0.7105263157894737,11.0,0.2894736842105263,0.7105263157894737,2
S7,EmaTentGridS20E50B30M095,0.002560202032327652,0.002560202032327652,0.9998149871826172,0,0.4992319393903017,0.5,0.0007680606096982955,0.0,0.0,0,64,52,0.8125,12.0,0.1875,0.8125,2
S7,EmaTentGridS20E50B30M095,0.02543041668832302,0.02543041668832302,0.9974746704101562,0,0.49237087499350307,0.5,0.007629125006496906,0.0,0.0,1,64,31,0.484375,33.0,0.515625,0.515625,2
S7,EmaTentGridS20E50B30M095,0.2956395149230957,0.2956395149230957,0.9601757526397705,1,0.41130814552307127,0.5,0.0886918544769287,0.0,0.0,2,64,54,0.84375,10.0,0.15625,0.84375,2
S7,EmaTentGridS20E50B30M095,0.7023319005966187,0.7023319005966187,0.8736159801483154,1,0.2893004298210144,0.5,0.21069957017898558,0.0,0.0,3,38,27,0.7105263157894737,11.0,0.2894736842105263,0.7105263157894737,2
S7,EmaTentGridS10E50B40M085,0.002560202032327652,0.002560202032327652,0.9998149871826172,0,0.49897591918706896,0.5,0.001024080812931061,0.0,0.0,0,64,52,0.8125,12.0,0.1875,0.8125,2
S7,EmaTentGridS10E50B40M085,0.08646974712610245,0.08646974712610245,0.9891357421875,0,0.465412101149559,0.5,0.03458789885044098,0.0,0.0,1,64,31,0.484375,33.0,0.515625,0.515625,2
S7,EmaTentGridS10E50B40M085,0.7060890197753906,0.7060890197753906,0.9552479982376099,1,0.21756439208984377,0.5,0.28243560791015626,0.0,0.0,2,64,54,0.84375,10.0,0.15625,0.84375,2
S7,EmaTentGridS10E50B40M085,0.9730910658836365,0.9730910658836365,0.8840333223342896,1,0.11076357364654542,0.5,0.3892364263534546,0.0,0.0,3,38,27,0.7105263157894737,11.0,0.2894736842105263,0.7105263157894737,2
S8,EMATentSafe,0.9942567944526672,0.9942567944526672,0.8711668252944946,1,0.5005743205547333,0.4,0.09942567944526673,0.0,0.0,0,64,52,0.8125,12.0,0.1875,0.8125,2
S8,EMATentSafe,0.12001340836286545,0.12001340836286545,0.9837194681167603,0,0.5879986591637134,0.4,0.012001340836286546,0.0,0.0,1,64,9,0.140625,55.0,0.859375,0.859375,2
S8,EMATentSafe,0.9432153105735779,0.9432153105735779,0.9082481265068054,1,0.5056784689426422,0.4,0.0943215310573578,0.0,0.0,2,64,34,0.53125,30.0,0.46875,0.53125,2
S8,EMATentSafe,0.17857608199119568,0.17857608199119568,0.9731044769287109,0,0.5821423918008805,0.4,0.01785760819911957,0.0,0.0,3,64,34,0.53125,30.0,0.46875,0.53125,2
S8,EMATentSafe,0.9161428809165955,0.9161428809165955,0.8268988132476807,1,0.5083857119083405,0.4,0.09161428809165956,0.0,0.0,4,16,0,0.0,16.0,1.0,1.0,1
S8,EmaTentGridS40E50B10M085,0.9942569732666016,0.9942569732666016,0.8711667060852051,1,0.4005743026733399,0.5,0.09942569732666016,0.0,0.0,0,64,52,0.8125,12.0,0.1875,0.8125,2
S8,EmaTentGridS40E50B10M085,0.17077577114105225,0.17077577114105225,0.9751256704330444,0,0.4829224228858948,0.5,0.017077577114105225,0.0,0.0,1,64,9,0.140625,55.0,0.859375,0.859375,2
S8,EmaTentGridS40E50B10M085,0.9970117807388306,0.9970117807388306,0.8618359565734863,1,0.400298821926117,0.5,0.09970117807388307,0.0,0.0,2,64,34,0.53125,30.0,0.46875,0.53125,2
S8,EmaTentGridS40E50B10M085,0.36558690667152405,0.36558690667152405,0.9300901889801025,1,0.4634413093328476,0.5,0.03655869066715241,0.0,0.0,3,64,34,0.53125,30.0,0.46875,0.53125,2
S8,EmaTentGridS40E50B10M085,0.9981589317321777,0.9981589317321777,0.8224843144416809,1,0.40018410682678224,0.5,0.09981589317321778,0.0,0.0,4,16,0,0.0,16.0,1.0,1.0,1
S8,EmaTentGridS30E50B20M085,0.9942569732666016,0.9942569732666016,0.8711667060852051,1,0.3011486053466797,0.5,0.19885139465332033,0.0,0.0,0,64,52,0.8125,12.0,0.1875,0.8125,2
S8,EmaTentGridS30E50B20M085,0.15634684264659882,0.15634684264659882,0.9772993326187134,0,0.4687306314706802,0.5,0.03126936852931977,0.0,0.0,1,64,9,0.140625,55.0,0.859375,0.859375,2
S8,EmaTentGridS30E50B20M085,0.9946602582931519,0.9946602582931519,0.8695412874221802,1,0.30106794834136963,0.5,0.19893205165863037,0.0,0.0,2,64,34,0.53125,30.0,0.46875,0.53125,2
S8,EmaTentGridS30E50B20M085,0.3190760910511017,0.3190760910511017,0.9420939087867737,1,0.43618478178977965,0.5,0.06381521821022033,0.0,0.0,3,64,34,0.53125,30.0,0.46875,0.53125,2
S8,EmaTentGridS30E50B20M085,0.9941681623458862,0.9941681623458862,0.8264519572257996,1,0.30116636753082277,0.5,0.19883363246917726,0.0,0.0,4,16,0,0.0,16.0,1.0,1.0,1
S8,EmaTentGridS20E50B30M075,0.9942569732666016,0.9942569732666016,0.8711667060852051,1,0.20172290802001955,0.5,0.2982770919799805,0.0,0.0,0,64,52,0.8125,12.0,0.1875,0.8125,2
S8,EmaTentGridS20E50B30M075,0.20354440808296204,0.20354440808296204,0.9699047803878784,1,0.4389366775751114,0.5,0.06106332242488861,0.0,0.0,1,64,9,0.140625,55.0,0.859375,0.859375,2
S8,EmaTentGridS20E50B30M075,0.9783890247344971,0.9783890247344971,0.8118059635162354,1,0.2064832925796509,0.5,0.29351670742034913,0.0,0.0,2,64,34,0.53125,30.0,0.46875,0.53125,2
S8,EmaTentGridS20E50B30M075,0.4317571222782135,0.4317571222782135,0.9114066362380981,1,0.37047286331653595,0.5,0.12952713668346405,0.0,0.0,3,64,34,0.53125,30.0,0.46875,0.53125,2
S8,EmaTentGridS20E50B30M075,0.9992061853408813,0.9992061853408813,0.8429936766624451,1,0.2002381443977356,0.5,0.29976185560226437,0.0,0.0,4,16,0,0.0,16.0,1.0,1.0,1
S8,EMATent,0.9942569732666016,0.9942569732666016,0.8711667060852051,1,0.20172290802001955,0.5,0.2982770919799805,0.0,0.0,0,64,52,0.8125,12.0,0.1875,0.8125,2
S8,EMATent,0.17123882472515106,0.17123882472515106,0.9750023484230042,0,0.4486283525824547,0.5,0.05137164741754532,0.0,0.0,1,64,9,0.140625,55.0,0.859375,0.859375,2
S8,EMATent,0.9988516569137573,0.9988516569137573,0.8347779512405396,1,0.2003445029258728,0.5,0.2996554970741272,0.0,0.0,2,64,34,0.53125,30.0,0.46875,0.53125,2
S8,EMATent,0.36241620779037476,0.36241620779037476,0.9309372901916504,1,0.3912751376628876,0.5,0.10872486233711243,0.0,0.0,3,64,34,0.53125,30.0,0.46875,0.53125,2
S8,EMATent,0.9996055364608765,0.9996055364608765,0.8335758447647095,1,0.20011833906173707,0.5,0.2998816609382629,0.0,0.0,4,16,0,0.0,16.0,1.0,1.0,1
S8,EMATentAdaptive,0.9942569732666016,0.9942569732666016,0.8711667060852051,1,0.20172290802001955,0.5,0.2982770919799805,0.0,0.0,0,64,52,0.8125,12.0,0.1875,0.8125,2
S8,EMATentAdaptive,0.14310146868228912,0.14310146868228912,0.9797036051750183,0,0.45706955939531324,0.5,0.04293044060468674,0.0,0.0,1,64,9,0.140625,55.0,0.859375,0.859375,2
S8,EMATentAdaptive,0.9923997521400452,0.9923997521400452,0.8755162954330444,1,0.20228007435798645,0.5,0.29771992564201355,0.0,0.0,2,64,34,0.53125,30.0,0.46875,0.53125,2
S8,EMATentAdaptive,0.2779615521430969,0.2779615521430969,0.951971709728241,1,0.41661153435707093,0.5,0.08338846564292908,0.0,0.0,3,64,34,0.53125,30.0,0.46875,0.53125,2
S8,EMATentAdaptive,0.9893143177032471,0.9893143177032471,0.8295250535011292,1,0.20320570468902588,0.5,0.2967942953109741,0.0,0.0,4,16,0,0.0,16.0,1.0,1.0,1
S8,EmaTentGridS20E50B30M090,0.9942569732666016,0.9942569732666016,0.8711667060852051,1,0.20172290802001955,0.5,0.2982770919799805,0.0,0.0,0,64,52,0.8125,12.0,0.1875,0.8125,2
S8,EmaTentGridS20E50B30M090,0.11652611196041107,0.11652611196041107,0.9843062162399292,0,0.4650421664118767,0.5,0.03495783358812332,0.0,0.0,1,64,9,0.140625,55.0,0.859375,0.859375,2
S8,EmaTentGridS20E50B30M090,0.956965446472168,0.956965446472168,0.9034307599067688,1,0.21291036605834962,0.5,0.2870896339416504,0.0,0.0,2,64,34,0.53125,30.0,0.46875,0.53125,2
S8,EmaTentGridS20E50B30M090,0.18279941380023956,0.18279941380023956,0.9722850918769836,0,0.4451601758599281,0.5,0.054839824140071866,0.0,0.0,3,64,34,0.53125,30.0,0.46875,0.53125,2
S8,EmaTentGridS20E50B30M090,0.9401511549949646,0.9401511549949646,0.8316032290458679,1,0.21795465350151064,0.5,0.2820453464984894,0.0,0.0,4,16,0,0.0,16.0,1.0,1.0,1
S8,EmaTentGridS20E50B30M095,0.9942569732666016,0.9942569732666016,0.8711667060852051,1,0.20172290802001955,0.5,0.2982770919799805,0.0,0.0,0,64,52,0.8125,12.0,0.1875,0.8125,2
S8,EmaTentGridS20E50B30M095,0.09264305233955383,0.09264305233955383,0.988178014755249,0,0.47220708429813385,0.5,0.02779291570186615,0.0,0.0,1,64,9,0.140625,55.0,0.859375,0.859375,2
S8,EmaTentGridS20E50B30M095,0.8929558396339417,0.8929558396339417,0.9253208637237549,1,0.2321132481098175,0.5,0.26788675189018246,0.0,0.0,2,64,34,0.53125,30.0,0.46875,0.53125,2
S8,EmaTentGridS20E50B30M095,0.09013217687606812,0.09013217687606812,0.9885697364807129,0,0.4729603469371796,0.5,0.027039653062820433,0.0,0.0,3,64,34,0.53125,30.0,0.46875,0.53125,2
S8,EmaTentGridS20E50B30M095,0.7648137211799622,0.7648137211799622,0.8497814536094666,1,0.27055588364601135,0.5,0.22944411635398865,0.0,0.0,4,16,0,0.0,16.0,1.0,1.0,1
S8,EmaTentGridS10E50B40M085,0.9942569732666016,0.9942569732666016,0.8711667060852051,1,0.10229721069335938,0.5,0.39770278930664066,0.0,0.0,0,64,52,0.8125,12.0,0.1875,0.8125,2
S8,EmaTentGridS10E50B40M085,0.13113678991794586,0.13113678991794586,0.9818129539489746,0,0.4475452840328217,0.5,0.05245471596717835,0.0,0.0,1,64,9,0.140625,55.0,0.859375,0.859375,2
S8,EmaTentGridS10E50B40M085,0.9903755187988281,0.9903755187988281,0.8803147673606873,1,0.10384979248046876,0.5,0.3961502075195313,0.0,0.0,2,64,34,0.53125,30.0,0.46875,0.53125,2
S8,EmaTentGridS10E50B40M085,0.2414587438106537,0.2414587438106537,0.9601816534996033,1,0.40341650247573857,0.5,0.09658349752426149,0.0,0.0,3,64,34,0.53125,30.0,0.46875,0.53125,2
S8,EmaTentGridS10E50B40M085,0.9844673871994019,0.9844673871994019,0.8323575258255005,1,0.10621304512023927,0.5,0.3937869548797608,0.0,0.0,4,16,0,0.0,16.0,1.0,1.0,1
S9,EMATentSafe,0.5190364122390747,0.5190364122390747,0.8974264860153198,1,0.5480963587760925,0.4,0.051903641223907476,0.0,0.0,0,64,63,0.984375,1.0,0.015625,0.984375,2
S9,EMATentSafe,0.8198913335800171,0.8198913335800171,0.7761911153793335,1,0.5180108666419982,0.4,0.08198913335800172,0.0,0.0,1,64,37,0.578125,27.0,0.421875,0.578125,2
S9,EMATentSafe,0.9342505931854248,0.9342505931854248,0.7649938464164734,1,0.5065749406814575,0.4,0.09342505931854249,0.0,0.0,2,64,35,0.546875,29.0,0.453125,0.546875,2
S9,EMATentSafe,0.23463959991931915,0.23463959991931915,0.9656209349632263,1,0.5765360400080681,0.4,0.023463959991931918,0.0,0.0,3,64,27,0.421875,37.0,0.578125,0.578125,2
S9,EMATentSafe,0.6257390379905701,0.6257390379905701,0.8435540199279785,1,0.537426096200943,0.4,0.06257390379905702,0.0,0.0,4,2,0,0.0,2.0,1.0,1.0,1
S9,EmaTentGridS40E50B10M085,0.519035279750824,0.519035279750824,0.8974267244338989,1,0.44809647202491765,0.5,0.0519035279750824,0.0,0.0,0,64,63,0.984375,1.0,0.015625,0.984375,2
S9,EmaTentGridS40E50B10M085,0.8623046875,0.8623046875,0.7532628178596497,1,0.41376953125000004,0.5,0.08623046875000001,0.0,0.0,1,64,37,0.578125,27.0,0.421875,0.578125,2
S9,EmaTentGridS40E50B10M085,0.9445152878761292,0.9445152878761292,0.7611274123191833,1,0.40554847121238713,0.5,0.09445152878761293,0.0,0.0,2,64,35,0.546875,29.0,0.453125,0.546875,2
S9,EmaTentGridS40E50B10M085,0.2651601731777191,0.2651601731777191,0.9571986794471741,1,0.47348398268222813,0.5,0.026516017317771912,0.0,0.0,3,64,27,0.421875,37.0,0.578125,0.578125,2
S9,EmaTentGridS40E50B10M085,0.8251841068267822,0.8251841068267822,0.741032600402832,1,0.4174815893173218,0.5,0.08251841068267823,0.0,0.0,4,2,0,0.0,2.0,1.0,1.0,1
S9,EmaTentGridS30E50B20M085,0.519035279750824,0.519035279750824,0.8974267244338989,1,0.3961929440498352,0.5,0.1038070559501648,0.0,0.0,0,64,63,0.984375,1.0,0.015625,0.984375,2
S9,EmaTentGridS30E50B20M085,0.8579102754592896,0.8579102754592896,0.7558714151382446,1,0.3284179449081421,0.5,0.17158205509185792,0.0,0.0,1,64,37,0.578125,27.0,0.421875,0.578125,2
S9,EmaTentGridS30E50B20M085,0.9443393349647522,0.9443393349647522,0.7613120079040527,1,0.31113213300704956,0.5,0.18886786699295044,0.0,0.0,2,64,35,0.546875,29.0,0.453125,0.546875,2
S9,EmaTentGridS30E50B20M085,0.27423128485679626,0.27423128485679626,0.9562479853630066,1,0.44515374302864075,0.5,0.05484625697135925,0.0,0.0,3,64,27,0.421875,37.0,0.578125,0.578125,2
S9,EmaTentGridS30E50B20M085,0.8276759386062622,0.8276759386062622,0.7393830418586731,1,0.3344648122787476,0.5000000000000001,0.16553518772125247,0.0,0.0,4,2,0,0.0,2.0,1.0,1.0,1
S9,EmaTentGridS20E50B30M075,0.519035279750824,0.519035279750824,0.8974267244338989,1,0.34428941607475283,0.5,0.1557105839252472,0.0,0.0,0,64,63,0.984375,1.0,0.015625,0.984375,2
S9,EmaTentGridS20E50B30M075,0.9076536297798157,0.9076536297798157,0.7283614277839661,1,0.2277039110660553,0.5,0.2722960889339447,0.0,0.0,1,64,37,0.578125,27.0,0.421875,0.578125,2
S9,EmaTentGridS20E50B30M075,0.9587749242782593,0.9587749242782593,0.7505707740783691,1,0.21236752271652223,0.5,0.2876324772834778,0.0,0.0,2,64,35,0.546875,29.0,0.453125,0.546875,2
S9,EmaTentGridS20E50B30M075,0.3383799195289612,0.3383799195289612,0.9394438862800598,1,0.3984860241413116,0.5,0.10151397585868835,0.0,0.0,3,64,27,0.421875,37.0,0.578125,0.578125,2
S9,EmaTentGridS20E50B30M075,0.9717293977737427,0.9717293977737427,0.5986593961715698,1,0.20848118066787721,0.5,0.2915188193321228,0.0,0.0,4,2,0,0.0,2.0,1.0,1.0,1
S9,EMATent,0.519035279750824,0.519035279750824,0.8974267244338989,1,0.34428941607475283,0.5,0.1557105839252472,0.0,0.0,0,64,63,0.984375,1.0,0.015625,0.984375,2
S9,EMATent,0.881071925163269,0.881071925163269,0.7437628507614136,1,0.2356784224510193,0.5,0.2643215775489807,0.0,0.0,1,64,37,0.578125,27.0,0.421875,0.578125,2
S9,EMATent,0.9503998756408691,0.9503998756408691,0.7583203315734863,1,0.21488003730773927,0.5,0.28511996269226075,0.0,0.0,2,64,35,0.546875,29.0,0.453125,0.546875,2
S9,EMATent,0.3079470098018646,0.3079470098018646,0.9481342434883118,1,0.4076158970594406,0.5,0.09238410294055939,0.0,0.0,3,64,27,0.421875,37.0,0.578125,0.578125,2
S9,EMATent,0.9222325682640076,0.9222325682640076,0.6626784205436707,1,0.22333022952079773,0.5,0.27666977047920227,0.0,0.0,4,2,0,0.0,2.0,1.0,1.0,1
S9,EMATentAdaptive,0.519035279750824,0.519035279750824,0.8974267244338989,1,0.34428941607475283,0.5,0.1557105839252472,0.0,0.0,0,64,63,0.984375,1.0,0.015625,0.984375,2
S9,EMATentAdaptive,0.8541155457496643,0.8541155457496643,0.7582588195800781,1,0.24376533627510072,0.5,0.2562346637248993,0.0,0.0,1,64,37,0.578125,27.0,0.421875,0.578125,2
S9,EMATentAdaptive,0.9437350034713745,0.9437350034713745,0.7617449164390564,1,0.21687949895858766,0.5,0.28312050104141234,0.0,0.0,2,64,35,0.546875,29.0,0.453125,0.546875,2
S9,EMATentAdaptive,0.27899977564811707,0.27899977564811707,0.9559401869773865,1,0.4163000673055649,0.5,0.08369993269443511,0.0,0.0,3,64,27,0.421875,37.0,0.578125,0.578125,2
S9,EMATentAdaptive,0.8242887854576111,0.8242887854576111,0.7416220903396606,1,0.2527133643627167,0.5,0.24728663563728331,0.0,0.0,4,2,0,0.0,2.0,1.0,1.0,1
S9,EmaTentGridS20E50B30M090,0.519035279750824,0.519035279750824,0.8974267244338989,1,0.34428941607475283,0.5,0.1557105839252472,0.0,0.0,0,64,63,0.984375,1.0,0.015625,0.984375,2
S9,EmaTentGridS20E50B30M090,0.8268263936042786,0.8268263936042786,0.7730357646942139,1,0.25195208191871643,0.5,0.24804791808128357,0.0,0.0,1,64,37,0.578125,27.0,0.421875,0.578125,2
S9,EmaTentGridS20E50B30M090,0.9379992485046387,0.9379992485046387,0.7641341090202332,1,0.2186002254486084,0.5,0.2813997745513916,0.0,0.0,2,64,35,0.546875,29.0,0.453125,0.546875,2
S9,EmaTentGridS20E50B30M090,0.2564222514629364,0.2564222514629364,0.9617722034454346,1,0.4230733245611191,0.5,0.07692667543888092,0.0,0.0,3,64,27,0.421875,37.0,0.578125,0.578125,2
S9,EmaTentGridS20E50B30M090,0.69513338804245,0.69513338804245,0.8130093812942505,1,0.291459983587265,0.5,0.20854001641273498,0.0,0.0,4,2,0,0.0,2.0,1.0,1.0,1
S9,EmaTentGridS20E50B30M095,0.519035279750824,0.519035279750824,0.8974267244338989,1,0.34428941607475283,0.5,0.1557105839252472,0.0,0.0,0,64,63,0.984375,1.0,0.015625,0.984375,2
S9,EmaTentGridS20E50B30M095,0.7996354699134827,0.7996354699134827,0.7872055768966675,1,0.2601093590259552,0.5,0.23989064097404478,0.0,0.0,1,64,37,0.578125,27.0,0.421875,0.578125,2
S9,EmaTentGridS20E50B30M095,0.9327154755592346,0.9327154755592346,0.7655203342437744,1,0.22018535733222963,0.5,0.2798146426677704,0.0,0.0,2,64,35,0.546875,29.0,0.453125,0.546875,2
S9,EmaTentGridS20E50B30M095,0.24089519679546356,0.24089519679546356,0.9662670493125916,1,0.42773144096136095,0.5,0.07226855903863906,0.0,0.0,3,64,27,0.421875,37.0,0.578125,0.578125,2
S9,EmaTentGridS20E50B30M095,0.5734866857528687,0.5734866857528687,0.8640674352645874,1,0.3279539942741394,0.5,0.1720460057258606,0.0,0.0,4,2,0,0.0,2.0,1.0,1.0,1
S9,EmaTentGridS10E50B40M085,0.519035279750824,0.519035279750824,0.8974267244338989,1,0.2923858880996704,0.5,0.2076141119003296,0.0,0.0,0,64,63,0.984375,1.0,0.015625,0.984375,2
S9,EmaTentGridS10E50B40M085,0.8497735857963562,0.8497735857963562,0.7609206438064575,1,0.16009056568145752,0.5,0.3399094343185425,0.0,0.0,1,64,37,0.578125,27.0,0.421875,0.578125,2
S9,EmaTentGridS10E50B40M085,0.9422728419303894,0.9422728419303894,0.7625229954719543,1,0.12309086322784424,0.5,0.37690913677215576,0.0,0.0,2,64,35,0.546875,29.0,0.453125,0.546875,2
S9,EmaTentGridS10E50B40M085,0.2782204747200012,0.2782204747200012,0.9565260410308838,1,0.3887118101119995,0.5,0.11128818988800049,0.0,0.0,3,64,27,0.421875,37.0,0.578125,0.578125,2
S9,EmaTentGridS10E50B40M085,0.8135542273521423,0.8135542273521423,0.7485588788986206,1,0.17457830905914307,0.5,0.32542169094085693,0.0,0.0,4,2,0,0.0,2.0,1.0,1.0,1
S10,EMATentSafe,0.006499778013676405,0.006499778013676405,0.9994729161262512,0,0.5993500221986323,0.4,0.0006499778013676406,0.0,0.0,0,64,30,0.46875,34.0,0.53125,0.53125,2
S10,EMATentSafe,0.006282317452132702,0.006282317452132702,0.999492883682251,0,0.5993717682547868,0.4,0.0006282317452132703,0.0,0.0,1,64,55,0.859375,9.0,0.140625,0.859375,2
S10,EMATentSafe,0.08857866376638412,0.08857866376638412,0.9888105988502502,0,0.5911421336233615,0.4,0.008857866376638412,0.0,0.0,2,64,40,0.625,24.0,0.375,0.625,2
S10,EMATentSafe,0.029638562351465225,0.029638562351465225,0.9969791769981384,0,0.5970361437648535,0.4,0.002963856235146523,0.0,0.0,3,64,52,0.8125,12.0,0.1875,0.8125,2
S10,EMATentSafe,0.09072429686784744,0.09072429686784744,0.9884777665138245,0,0.5909275703132153,0.4,0.009072429686784745,0.0,0.0,4,28,5,0.17857142857142858,23.0,0.8214285714285714,0.8214285714285714,2
S10,EmaTentGridS40E50B10M085,0.006499860435724258,0.006499860435724258,0.9994729161262512,0,0.4993500139564276,0.5,0.0006499860435724259,0.0,0.0,0,64,30,0.46875,34.0,0.53125,0.53125,2
S10,EmaTentGridS40E50B10M085,0.01884407363831997,0.01884407363831997,0.9982178211212158,0,0.498115592636168,0.5,0.001884407363831997,0.0,0.0,1,64,55,0.859375,9.0,0.140625,0.859375,2
S10,EmaTentGridS40E50B10M085,0.36132895946502686,0.36132895946502686,0.9463601112365723,1,0.46386710405349735,0.5,0.03613289594650269,0.0,0.0,2,64,40,0.625,24.0,0.375,0.625,2
S10,EmaTentGridS40E50B10M085,0.1626652479171753,0.1626652479171753,0.9761271476745605,0,0.48373347520828247,0.5,0.01626652479171753,0.0,0.0,3,64,52,0.8125,12.0,0.1875,0.8125,2
S10,EmaTentGridS40E50B10M085,0.46238386631011963,0.46238386631011963,0.9020748138427734,1,0.45376161336898807,0.5,0.046238386631011964,0.0,0.0,4,28,5,0.17857142857142858,23.0,0.8214285714285714,0.8214285714285714,2
S10,EmaTentGridS30E50B20M085,0.006499860435724258,0.006499860435724258,0.9994729161262512,0,0.49870002791285517,0.5,0.0012999720871448518,0.0,0.0,0,64,30,0.46875,34.0,0.53125,0.53125,2
S10,EmaTentGridS30E50B20M085,0.01879565604031086,0.01879565604031086,0.9982231259346008,0,0.49624086879193785,0.5,0.0037591312080621723,0.0,0.0,1,64,55,0.859375,9.0,0.140625,0.859375,2
S10,EmaTentGridS30E50B20M085,0.3600623607635498,0.3600623607635498,0.9465293884277344,1,0.42798752784729,0.5,0.07201247215270996,0.0,0.0,2,64,40,0.625,24.0,0.375,0.625,2
S10,EmaTentGridS30E50B20M085,0.15233497321605682,0.15233497321605682,0.9780351519584656,0,0.46953300535678866,0.5,0.030466994643211367,0.0,0.0,3,64,52,0.8125,12.0,0.1875,0.8125,2
S10,EmaTentGridS30E50B20M085,0.4349801540374756,0.4349801540374756,0.9104458093643188,1,0.41300396919250487,0.5,0.08699603080749513,0.0,0.0,4,28,5,0.17857142857142858,23.0,0.8214285714285714,0.8214285714285714,2
S10,EmaTentGridS20E50B30M075,0.006499860435724258,0.006499860435724258,0.9994729161262512,0,0.4980500418692827,0.5,0.0019499581307172774,0.0,0.0,0,64,30,0.46875,34.0,0.53125,0.53125,2
S10,EmaTentGridS20E50B30M075,0.06825660169124603,0.06825660169124603,0.9918508529663086,0,0.4795230194926262,0.5,0.02047698050737381,0.0,0.0,1,64,55,0.859375,9.0,0.140625,0.859375,2
S10,EmaTentGridS20E50B30M075,0.7087059617042542,0.7087059617042542,0.9229114651679993,1,0.28738821148872373,0.5,0.21261178851127624,0.0,0.0,2,64,40,0.625,24.0,0.375,0.625,2
S10,EmaTentGridS20E50B30M075,0.36348387598991394,0.36348387598991394,0.9596088528633118,1,0.3909548372030258,0.5,0.10904516279697418,0.0,0.0,3,64,52,0.8125,12.0,0.1875,0.8125,2
S10,EmaTentGridS20E50B30M075,0.8355501890182495,0.8355501890182495,0.7770067453384399,1,0.24933494329452516,0.5,0.25066505670547484,0.0,0.0,4,28,5,0.17857142857142858,23.0,0.8214285714285714,0.8214285714285714,2
S10,EMATent,0.006499860435724258,0.006499860435724258,0.9994729161262512,0,0.4980500418692827,0.5,0.0019499581307172774,0.0,0.0,0,64,30,0.46875,34.0,0.53125,0.53125,2
S10,EMATent,0.0368940643966198,0.0368940643966198,0.9960913062095642,0,0.48893178068101406,0.5,0.011068219318985939,0.0,0.0,1,64,55,0.859375,9.0,0.140625,0.859375,2
S10,EMATent,0.5735342502593994,0.5735342502593994,0.9266402721405029,1,0.32793972492218015,0.5,0.17206027507781982,0.0,0.0,2,64,40,0.625,24.0,0.375,0.625,2
S10,EMATent,0.26518064737319946,0.26518064737319946,0.9620209336280823,1,0.42044580578804014,0.5,0.07955419421195983,0.0,0.0,3,64,52,0.8125,12.0,0.1875,0.8125,2
S10,EMATent,0.6526066660881042,0.6526066660881042,0.8352401256561279,1,0.3042180001735687,0.5,0.19578199982643127,0.0,0.0,4,28,5,0.17857142857142858,23.0,0.8214285714285714,0.8214285714285714,2
S10,EMATentAdaptive,0.006499860435724258,0.006499860435724258,0.9994729161262512,0,0.4980500418692827,0.5,0.0019499581307172774,0.0,0.0,0,64,30,0.46875,34.0,0.53125,0.53125,2
S10,EMATentAdaptive,0.018747009336948395,0.018747009336948395,0.9982284307479858,0,0.4943758971989155,0.5,0.005624102801084518,0.0,0.0,1,64,55,0.859375,9.0,0.140625,0.859375,2
S10,EMATentAdaptive,0.358845978975296,0.358845978975296,0.9466911554336548,1,0.39234620630741124,0.5,0.1076537936925888,0.0,0.0,2,64,40,0.625,24.0,0.375,0.625,2
S10,EMATentAdaptive,0.14299044013023376,0.14299044013023376,0.9797234535217285,0,0.45710286796092986,0.5,0.04289713203907013,0.0,0.0,3,64,52,0.8125,12.0,0.1875,0.8125,2
S10,EMATentAdaptive,0.41129058599472046,0.41129058599472046,0.9173954725265503,1,0.3766128242015839,0.5,0.12338717579841613,0.0,0.0,4,28,5,0.17857142857142858,23.0,0.8214285714285714,0.8214285714285714,2
S10,EmaTentGridS20E50B30M090,0.006499860435724258,0.006499860435724258,0.9994729161262512,0,0.4980500418692827,0.5,0.0019499581307172774,0.0,0.0,0,64,30,0.46875,34.0,0.53125,0.53125,2
S10,EmaTentGridS20E50B30M090,0.008749892935156822,0.008749892935156822,0.9992613196372986,0,0.49737503211945294,0.5,0.0026249678805470465,0.0,0.0,1,64,55,0.859375,9.0,0.140625,0.859375,2
S10,EmaTentGridS20E50B30M090,0.1540655493736267,0.1540655493736267,0.9777185320854187,0,0.453780335187912,0.5,0.04621966481208801,0.0,0.0,2,64,40,0.625,24.0,0.375,0.625,2
S10,EmaTentGridS20E50B30M090,0.05259397253394127,0.05259397253394127,0.9940435290336609,0,0.48422180823981764,0.5,0.01577819176018238,0.0,0.0,3,64,52,0.8125,12.0,0.1875,0.8125,2
S10,EmaTentGridS20E50B30M090,0.17108002305030823,0.17108002305030823,0.974541187286377,0,0.4486759930849075,0.5,0.051324006915092465,0.0,0.0,4,28,5,0.17857142857142858,23.0,0.8214285714285714,0.8214285714285714,2
S10,EmaTentGridS20E50B30M095,0.006499860435724258,0.006499860435724258,0.9994729161262512,0,0.4980500418692827,0.5,0.0019499581307172774,0.0,0.0,0,64,30,0.46875,34.0,0.53125,0.53125,2
S10,EmaTentGridS20E50B30M095,0.0036589819937944412,0.0036589819937944412,0.9997241497039795,0,0.49890230540186165,0.5,0.0010976945981383322,0.0,0.0,1,64,55,0.859375,9.0,0.140625,0.859375,2
S10,EmaTentGridS20E50B30M095,0.03304661810398102,0.03304661810398102,0.9965671300888062,0,0.4900860145688057,0.5,0.009913985431194304,0.0,0.0,2,64,40,0.625,24.0,0.375,0.625,2
S10,EmaTentGridS20E50B30M095,0.010300147347152233,0.010300147347152233,0.999110221862793,0,0.49690995579585434,0.5,0.0030900442041456697,0.0,0.0,3,64,52,0.8125,12.0,0.1875,0.8125,2
S10,EmaTentGridS20E50B30M095,0.026614874601364136,0.026614874601364136,0.9973368644714355,0,0.49201553761959077,0.5,0.00798446238040924,0.0,0.0,4,28,5,0.17857142857142858,23.0,0.8214285714285714,0.8214285714285714,2
S10,EmaTentGridS10E50B40M085,0.006499860435724258,0.006499860435724258,0.9994729161262512,0,0.49740005582571034,0.5,0.0025999441742897036,0.0,0.0,0,64,30,0.46875,34.0,0.53125,0.53125,2
S10,EmaTentGridS10E50B40M085,0.01869979128241539,0.01869979128241539,0.9982336163520813,0,0.4925200834870339,0.5,0.007479916512966156,0.0,0.0,1,64,55,0.859375,9.0,0.140625,0.859375,2
S10,EmaTentGridS10E50B40M085,0.35756975412368774,0.35756975412368774,0.9468590021133423,1,0.3569720983505249,0.5,0.1430279016494751,0.0,0.0,2,64,40,0.625,24.0,0.375,0.625,2
S10,EmaTentGridS10E50B40M085,0.13463722169399261,0.13463722169399261,0.9812020659446716,0,0.446145111322403,0.5,0.05385488867759705,0.0,0.0,3,64,52,0.8125,12.0,0.1875,0.8125,2
S10,EmaTentGridS10E50B40M085,0.3906986713409424,0.3906986713409424,0.9232288599014282,1,0.343720531463623,0.5,0.15627946853637698,0.0,0.0,4,28,5,0.17857142857142858,23.0,0.8214285714285714,0.8214285714285714,2
S11,EMATentSafe,0.8445009589195251,0.8445009589195251,0.7323266267776489,1,0.5155499041080475,0.4,0.08445009589195251,0.0,0.0,0,64,42,0.65625,22.0,0.34375,0.65625,2
S11,EMATentSafe,0.8866753578186035,0.8866753578186035,0.7046422958374023,1,0.5113324642181396,0.4,0.08866753578186036,0.0,0.0,1,64,2,0.03125,62.0,0.96875,0.96875,2
S11,EMATentSafe,0.6954882144927979,0.6954882144927979,0.8133286237716675,1,0.5304511785507202,0.4,0.06954882144927979,0.0,0.0,2,64,27,0.421875,37.0,0.578125,0.578125,2
S11,EMATentSafe,0.7189852595329285,0.7189852595329285,0.8014665842056274,1,0.5281014740467072,0.4,0.07189852595329285,0.0,0.0,3,64,26,0.40625,38.0,0.59375,0.59375,2
S11,EMATentSafe,0.6539170145988464,0.6539170145988464,0.831649661064148,1,0.5346082985401154,0.4,0.06539170145988464,0.0,0.0,4,44,27,0.6136363636363636,17.0,0.38636363636363635,0.6136363636363636,2
S11,EmaTentGridS40E50B10M085,0.8445022106170654,0.8445022106170654,0.7323256731033325,1,0.4155497789382935,0.5,0.08445022106170655,0.0,0.0,0,64,42,0.65625,22.0,0.34375,0.65625,2
S11,EmaTentGridS40E50B10M085,0.916992723941803,0.916992723941803,0.6832243204116821,1,0.4083007276058197,0.5,0.0916992723941803,0.0,0.0,1,64,2,0.03125,62.0,0.96875,0.96875,2
S11,EmaTentGridS40E50B10M085,0.7514265775680542,0.7514265775680542,0.7863537073135376,1,0.4248573422431946,0.5,0.07514265775680543,0.0,0.0,2,64,27,0.421875,37.0,0.578125,0.578125,2
S11,EmaTentGridS40E50B10M085,0.8249830007553101,0.8249830007553101,0.7420833706855774,1,0.417501699924469,0.5,0.08249830007553101,0.0,0.0,3,64,26,0.40625,38.0,0.59375,0.59375,2
S11,EmaTentGridS40E50B10M085,0.8784542083740234,0.8784542083740234,0.7086265683174133,1,0.4121545791625977,0.5,0.08784542083740235,0.0,0.0,4,44,27,0.6136363636363636,17.0,0.38636363636363635,0.6136363636363636,2
S11,EmaTentGridS30E50B20M085,0.8445022106170654,0.8445022106170654,0.7323256731033325,1,0.3310995578765869,0.5,0.1689004421234131,0.0,0.0,0,64,42,0.65625,22.0,0.34375,0.65625,2
S11,EmaTentGridS30E50B20M085,0.9121538400650024,0.9121538400650024,0.6867562532424927,1,0.3175692319869995,0.5,0.1824307680130005,0.0,0.0,1,64,2,0.03125,62.0,0.96875,0.96875,2
S11,EmaTentGridS30E50B20M085,0.7379923462867737,0.7379923462867737,0.7930784821510315,1,0.35240153074264524,0.5,0.14759846925735473,0.0,0.0,2,64,27,0.421875,37.0,0.578125,0.578125,2
S11,EmaTentGridS30E50B20M085,0.7959457039833069,0.7959457039833069,0.7594549059867859,1,0.34081085920333865,0.5,0.15918914079666138,0.0,0.0,3,64,26,0.40625,38.0,0.59375,0.59375,2
S11,EmaTentGridS30E50B20M085,0.8309435248374939,0.8309435248374939,0.739438533782959,1,0.33381129503250123,0.5,0.1661887049674988,0.0,0.0,4,44,27,0.6136363636363636,17.0,0.38636363636363635,0.6136363636363636,2
S11,EmaTentGridS20E50B30M075,0.8445022106170654,0.8445022106170654,0.7323256731033325,1,0.24664933681488038,0.5,0.2533506631851196,0.0,0.0,0,64,42,0.65625,22.0,0.34375,0.65625,2
S11,EmaTentGridS20E50B30M075,0.941651463508606,0.941651463508606,0.6653853058815002,1,0.2175045609474182,0.5,0.2824954390525818,0.0,0.0,1,64,2,0.03125,62.0,0.96875,0.96875,2
S11,EmaTentGridS20E50B30M075,0.7856927514076233,0.7856927514076233,0.7682443857192993,1,0.26429217457771303,0.5,0.23570782542228697,0.0,0.0,2,64,27,0.421875,37.0,0.578125,0.578125,2
S11,EmaTentGridS20E50B30M075,0.8471370935440063,0.8471370935440063,0.7274166941642761,1,0.24585887193679812,0.5,0.2541411280632019,0.0,0.0,3,64,26,0.40625,38.0,0.59375,0.59375,2
S11,EmaTentGridS20E50B30M075,0.92426598072052,0.92426598072052,0.683502733707428,1,0.222720205783844,0.5,0.277279794216156,0.0,0.0,4,44,27,0.6136363636363636,17.0,0.38636363636363635,0.6136363636363636,2
S11,EMATent,0.8445022106170654,0.8445022106170654,0.7323256731033325,1,0.24664933681488038,0.5,0.2533506631851196,0.0,0.0,0,64,42,0.65625,22.0,0.34375,0.65625,2
S11,EMATent,0.9254032373428345,0.9254032373428345,0.6774718165397644,1,0.22237902879714966,0.5,0.27762097120285034,0.0,0.0,1,64,2,0.03125,62.0,0.96875,0.96875,2
S11,EMATent,0.7558345794677734,0.7558345794677734,0.7837813496589661,1,0.27324962615966797,0.5,0.22675037384033203,0.0,0.0,2,64,27,0.421875,37.0,0.578125,0.578125,2
S11,EMATent,0.8143139481544495,0.8143139481544495,0.748091459274292,1,0.25570581555366517,0.5,0.24429418444633483,0.0,0.0,3,64,26,0.40625,38.0,0.59375,0.59375,2
S11,EMATent,0.8741126656532288,0.8741126656532288,0.7098800539970398,1,0.2377662003040314,0.5,0.2622337996959686,0.0,0.0,4,44,27,0.6136363636363636,17.0,0.38636363636363635,0.6136363636363636,2
S11,EMATentAdaptive,0.8445022106170654,0.8445022106170654,0.7323256731033325,1,0.24664933681488038,0.5,0.2533506631851196,0.0,0.0,0,64,42,0.65625,22.0,0.34375,0.65625,2
S11,EMATentAdaptive,0.9082120656967163,0.9082120656967163,0.6895583868026733,1,0.2275363802909851,0.5,0.2724636197090149,0.0,0.0,1,64,2,0.03125,62.0,0.96875,0.96875,2
S11,EMATentAdaptive,0.7268901467323303,0.7268901467323303,0.7985005378723145,1,0.2819329559803009,0.5,0.2180670440196991,0.0,0.0,2,64,27,0.421875,37.0,0.578125,0.578125,2
S11,EMATentAdaptive,0.7721911668777466,0.7721911668777466,0.773313045501709,1,0.268342649936676,0.5,0.23165735006332397,0.0,0.0,3,64,26,0.40625,38.0,0.59375,0.59375,2
S11,EMATentAdaptive,0.7889057397842407,0.7889057397842407,0.7636569738388062,1,0.2633282780647278,0.5,0.2366717219352722,0.0,0.0,4,44,27,0.6136363636363636,17.0,0.38636363636363635,0.6136363636363636,2
S11,EmaTentGridS20E50B30M090,0.8445022106170654,0.8445022106170654,0.7323256731033325,1,0.24664933681488038,0.5,0.2533506631851196,0.0,0.0,0,64,42,0.65625,22.0,0.34375,0.65625,2
S11,EmaTentGridS20E50B30M090,0.8901596665382385,0.8901596665382385,0.7022871375083923,1,0.23295210003852845,0.5,0.26704789996147155,0.0,0.0,1,64,2,0.03125,62.0,0.96875,0.96875,2
S11,EmaTentGridS20E50B30M090,0.6980343461036682,0.6980343461036682,0.8121060132980347,1,0.2905896961688995,0.5,0.20941030383110046,0.0,0.0,2,64,27,0.421875,37.0,0.578125,0.578125,2
S11,EmaTentGridS20E50B30M090,0.7213354110717773,0.7213354110717773,0.8002961277961731,1,0.2835993766784668,0.5,0.2164006233215332,0.0,0.0,3,64,26,0.40625,38.0,0.59375,0.59375,2
S11,EmaTentGridS20E50B30M090,0.6698251366615295,0.6698251366615295,0.8246378898620605,1,0.29905245900154115,0.5,0.20094754099845885,0.0,0.0,4,44,27,0.6136363636363636,17.0,0.38636363636363635,0.6136363636363636,2
S11,EmaTentGridS20E50B30M095,0.8445022106170654,0.8445022106170654,0.7323256731033325,1,0.24664933681488038,0.5,0.2533506631851196,0.0,0.0,0,64,42,0.65625,22.0,0.34375,0.65625,2
S11,EmaTentGridS20E50B30M095,0.8713108897209167,0.8713108897209167,0.7151731252670288,1,0.238606733083725,0.5,0.261393266916275,0.0,0.0,1,64,2,0.03125,62.0,0.96875,0.96875,2
S11,EmaTentGridS20E50B30M095,0.6686274409294128,0.6686274409294128,0.8251734972000122,1,0.29941176772117617,0.5,0.20058823227882386,0.0,0.0,2,64,27,0.421875,37.0,0.578125,0.578125,2
S11,EmaTentGridS20E50B30M095,0.6636024713516235,0.6636024713516235,0.8274068832397461,1,0.30091925859451296,0.5,0.19908074140548707,0.0,0.0,3,64,26,0.40625,38.0,0.59375,0.59375,2
S11,EmaTentGridS20E50B30M095,0.5405827164649963,0.5405827164649963,0.8760594725608826,1,0.3378251850605011,0.5,0.1621748149394989,0.0,0.0,4,44,27,0.6136363636363636,17.0,0.38636363636363635,0.6136363636363636,2
S11,EmaTentGridS10E50B40M085,0.8445022106170654,0.8445022106170654,0.7323256731033325,1,0.16219911575317383,0.5,0.3378008842468262,0.0,0.0,0,64,42,0.65625,22.0,0.34375,0.65625,2
S11,EmaTentGridS10E50B40M085,0.9035220146179199,0.9035220146179199,0.6928722262382507,1,0.13859119415283205,0.5,0.361408805847168,0.0,0.0,1,64,2,0.03125,62.0,0.96875,0.96875,2
S11,EmaTentGridS10E50B40M085,0.7147159576416016,0.7147159576416016,0.8043117523193359,1,0.2141136169433594,0.5,0.28588638305664066,0.0,0.0,2,64,27,0.421875,37.0,0.578125,0.578125,2
S11,EmaTentGridS10E50B40M085,0.7492290139198303,0.7492290139198303,0.7859096527099609,1,0.20030839443206788,0.5,0.2996916055679321,0.0,0.0,3,64,26,0.40625,38.0,0.59375,0.59375,2
S11,EmaTentGridS10E50B40M085,0.7488033175468445,0.7488033175468445,0.7861363291740417,1,0.2004786729812622,0.5,0.2995213270187378,0.0,0.0,4,44,27,0.6136363636363636,17.0,0.38636363636363635,0.6136363636363636,2
S12,EMATentSafe,0.5668503642082214,0.5668503642082214,0.8697352409362793,1,0.5433149635791779,0.4,0.05668503642082215,0.0,0.0,0,64,37,0.578125,27.0,0.421875,0.578125,2
S12,EMATentSafe,0.6777272820472717,0.6777272820472717,0.8319543600082397,1,0.5322272717952728,0.4,0.06777272820472717,0.0,0.0,1,64,31,0.484375,33.0,0.515625,0.515625,2
S12,EMATentSafe,0.4387015998363495,0.4387015998363495,0.9213827848434448,1,0.556129840016365,0.4,0.04387015998363495,0.0,0.0,2,64,38,0.59375,26.0,0.40625,0.59375,2
S12,EMATentSafe,0.7768570780754089,0.7768570780754089,0.7843316197395325,1,0.5223142921924591,0.4,0.0776857078075409,0.0,0.0,3,56,20,0.35714285714285715,36.0,0.6428571428571429,0.6428571428571429,2
S12,EmaTentGridS40E50B10M085,0.5668510794639587,0.5668510794639587,0.8697349429130554,1,0.44331489205360414,0.5,0.05668510794639588,0.0,0.0,0,64,37,0.578125,27.0,0.421875,0.578125,2
S12,EmaTentGridS40E50B10M085,0.7459768056869507,0.7459768056869507,0.8042058944702148,1,0.42540231943130496,0.5,0.07459768056869508,0.0,0.0,1,64,31,0.484375,33.0,0.515625,0.515625,2
S12,EmaTentGridS40E50B10M085,0.5135034918785095,0.5135034918785095,0.8964494466781616,1,0.4486496508121491,0.5,0.051350349187850954,0.0,0.0,2,64,38,0.59375,26.0,0.40625,0.59375,2
S12,EmaTentGridS40E50B10M085,0.9418162703514099,0.9418162703514099,0.6803809404373169,1,0.405818372964859,0.5,0.09418162703514099,0.0,0.0,3,56,20,0.35714285714285715,36.0,0.6428571428571429,0.6428571428571429,2
S12,EmaTentGridS30E50B20M085,0.5668510794639587,0.5668510794639587,0.8697349429130554,1,0.3866297841072083,0.5,0.11337021589279175,0.0,0.0,0,64,37,0.578125,27.0,0.421875,0.578125,2
S12,EmaTentGridS30E50B20M085,0.7331869602203369,0.7331869602203369,0.8095085620880127,1,0.3533626079559326,0.5,0.1466373920440674,0.0,0.0,1,64,31,0.484375,33.0,0.515625,0.515625,2
S12,EmaTentGridS30E50B20M085,0.49443063139915466,0.49443063139915466,0.9020386934280396,1,0.40111387372016905,0.5,0.09888612627983094,0.0,0.0,2,64,38,0.59375,26.0,0.40625,0.59375,2
S12,EmaTentGridS30E50B20M085,0.9192003011703491,0.9192003011703491,0.6957253217697144,1,0.31615993976593015,0.5,0.18384006023406985,0.0,0.0,3,56,20,0.35714285714285715,36.0,0.6428571428571429,0.6428571428571429,2
S12,EmaTentGridS20E50B30M075,0.5668510794639587,0.5668510794639587,0.8697349429130554,1,0.32994467616081236,0.5,0.17005532383918762,0.0,0.0,0,64,37,0.578125,27.0,0.421875,0.578125,2
S12,EmaTentGridS20E50B30M075,0.7996891140937805,0.7996891140937805,0.7783710956573486,1,0.26009326577186587,0.5,0.23990673422813413,0.0,0.0,1,64,31,0.484375,33.0,0.515625,0.515625,2
S12,EmaTentGridS20E50B30M075,0.570445716381073,0.570445716381073,0.8749350905418396,1,0.3288662850856781,0.5,0.1711337149143219,0.0,0.0,2,64,38,0.59375,26.0,0.40625,0.59375,2
S12,EmaTentGridS20E50B30M075,0.996296763420105,0.996296763420105,0.6474022269248962,1,0.20111097097396852,0.5,0.2988890290260315,0.0,0.0,3,56,20,0.35714285714285715,36.0,0.6428571428571429,0.6428571428571429,2
S12,EMATent,0.5668510794639587,0.5668510794639587,0.8697349429130554,1,0.32994467616081236,0.5,0.17005532383918762,0.0,0.0,0,64,37,0.578125,27.0,0.421875,0.578125,2
S12,EMATent,0.7610280513763428,0.7610280513763428,0.7968353033065796,1,0.2716915845870972,0.5,0.2283084154129028,0.0,0.0,1,64,31,0.484375,33.0,0.515625,0.515625,2
S12,EMATent,0.5220679640769958,0.5220679640769958,0.8918319344520569,1,0.34337961077690127,0.5,0.15662038922309876,0.0,0.0,2,64,38,0.59375,26.0,0.40625,0.59375,2
S12,EMATent,0.9652824401855469,0.9652824401855469,0.6645394563674927,1,0.21041526794433596,0.5,0.28958473205566404,0.0,0.0,3,56,20,0.35714285714285715,36.0,0.6428571428571429,0.6428571428571429,2
S12,EMATentAdaptive,0.5668510794639587,0.5668510794639587,0.8697349429130554,1,0.32994467616081236,0.5,0.17005532383918762,0.0,0.0,0,64,37,0.578125,27.0,0.421875,0.578125,2
S12,EMATentAdaptive,0.7212823629379272,0.7212823629379272,0.8145502209663391,1,0.2836152911186218,0.5,0.21638470888137817,0.0,0.0,1,64,31,0.484375,33.0,0.515625,0.515625,2
S12,EMATentAdaptive,0.4789425730705261,0.4789425730705261,0.9066382646560669,1,0.35631722807884214,0.5,0.14368277192115783,0.0,0.0,2,64,38,0.59375,26.0,0.40625,0.59375,2
S12,EMATentAdaptive,0.8960695266723633,0.8960695266723633,0.711410641670227,1,0.23117914199829104,0.5,0.26882085800170896,0.0,0.0,3,56,20,0.35714285714285715,36.0,0.6428571428571429,0.6428571428571429,2
S12,EmaTentGridS20E50B30M090,0.5668510794639587,0.5668510794639587,0.8697349429130554,1,0.32994467616081236,0.5,0.17005532383918762,0.0,0.0,0,64,37,0.578125,27.0,0.421875,0.578125,2
S12,EmaTentGridS20E50B30M090,0.6806955337524414,0.6806955337524414,0.8307554721832275,1,0.2957913398742676,0.5,0.2042086601257324,0.0,0.0,1,64,31,0.484375,33.0,0.515625,0.515625,2
S12,EmaTentGridS20E50B30M090,0.4386935234069824,0.4386935234069824,0.9202544689178467,1,0.3683919429779053,0.5,0.13160805702209472,0.0,0.0,2,64,38,0.59375,26.0,0.40625,0.59375,2
S12,EmaTentGridS20E50B30M090,0.7921239733695984,0.7921239733695984,0.7762579321861267,1,0.2623628079891205,0.5,0.23763719201087952,0.0,0.0,3,56,20,0.35714285714285715,36.0,0.6428571428571429,0.6428571428571429,2
S12,EmaTentGridS20E50B30M095,0.5668510794639587,0.5668510794639587,0.8697349429130554,1,0.32994467616081236,0.5,0.17005532383918762,0.0,0.0,0,64,37,0.578125,27.0,0.421875,0.578125,2
S12,EmaTentGridS20E50B30M095,0.6403595209121704,0.6403595209121704,0.8462836742401123,1,0.3078921437263489,0.5,0.19210785627365112,0.0,0.0,1,64,31,0.484375,33.0,0.515625,0.515625,2
S12,EmaTentGridS20E50B30M095,0.39788129925727844,0.39788129925727844,0.9326640963554382,1,0.38063561022281645,0.5,0.11936438977718353,0.0,0.0,2,64,38,0.59375,26.0,0.40625,0.59375,2
S12,EmaTentGridS20E50B30M095,0.6696693301200867,0.6696693301200867,0.8369551301002502,1,0.299099200963974,0.5,0.200900799036026,0.0,0.0,3,56,20,0.35714285714285715,36.0,0.6428571428571429,0.6428571428571429,2
S12,EmaTentGridS10E50B40M085,0.5668510794639587,0.5668510794639587,0.8697349429130554,1,0.27325956821441655,0.5,0.2267404317855835,0.0,0.0,0,64,37,0.578125,27.0,0.421875,0.578125,2
S12,EmaTentGridS10E50B40M085,0.7104113101959229,0.7104113101959229,0.8190024495124817,1,0.21583547592163088,0.5,0.2841645240783692,0.0,0.0,1,64,31,0.484375,33.0,0.515625,0.515625,2
S12,EmaTentGridS10E50B40M085,0.4656705856323242,0.4656705856323242,0.9106041193008423,1,0.3137317657470703,0.5,0.1862682342529297,0.0,0.0,2,64,38,0.59375,26.0,0.40625,0.59375,2
S12,EmaTentGridS10E50B40M085,0.8728928565979004,0.8728928565979004,0.7276419997215271,1,0.15084285736083985,0.5,0.3491571426391602,0.0,0.0,3,56,20,0.35714285714285715,36.0,0.6428571428571429,0.6428571428571429,2
S13,EMATentSafe,0.912726640701294,0.912726640701294,0.7443845868110657,1,0.5087273359298706,0.4,0.0912726640701294,0.0,0.0,0,64,60,0.9375,4.0,0.0625,0.9375,2
S13,EMATentSafe,0.9829052686691284,0.9829052686691284,0.82212233543396,1,0.5017094731330871,0.4,0.09829052686691285,0.0,0.0,1,64,25,0.390625,39.0,0.609375,0.609375,2
S13,EMATentSafe,0.9784533381462097,0.9784533381462097,0.6967688202857971,1,0.5021546661853791,0.4,0.09784533381462097,0.0,0.0,2,64,54,0.84375,10.0,0.15625,0.84375,2
S13,EMATentSafe,0.9812454581260681,0.9812454581260681,0.7237335443496704,1,0.5018754541873932,0.4,0.09812454581260682,0.0,0.0,3,64,50,0.78125,14.0,0.21875,0.78125,2
S13,EMATentSafe,0.636383593082428,0.636383593082428,0.8391313552856445,1,0.5363616406917572,0.4,0.0636383593082428,0.0,0.0,4,21,0,0.0,21.0,1.0,1.0,1
S13,EmaTentGridS40E50B10M085,0.912726879119873,0.912726879119873,0.7443848252296448,1,0.4087273120880127,0.5,0.09127268791198731,0.0,0.0,0,64,60,0.9375,4.0,0.0625,0.9375,2
S13,EmaTentGridS40E50B10M085,0.9873602390289307,0.9873602390289307,0.8177671432495117,1,0.40126397609710696,0.5,0.09873602390289307,0.0,0.0,1,64,25,0.390625,39.0,0.609375,0.609375,2
S13,EmaTentGridS40E50B10M085,0.9919599890708923,0.9919599890708923,0.6554378271102905,1,0.4008040010929108,0.5,0.09919599890708924,0.0,0.0,2,64,54,0.84375,10.0,0.15625,0.84375,2
S13,EmaTentGridS40E50B10M085,0.9806070923805237,0.9806070923805237,0.7313222885131836,1,0.4019392907619477,0.5,0.09806070923805238,0.0,0.0,3,64,50,0.78125,14.0,0.21875,0.78125,2
S13,EmaTentGridS40E50B10M085,0.6206619739532471,0.6206619739532471,0.8456329107284546,1,0.4379338026046753,0.5,0.06206619739532471,0.0,0.0,4,21,0,0.0,21.0,1.0,1.0,1
S13,EmaTentGridS30E50B20M085,0.912726879119873,0.912726879119873,0.7443848252296448,1,0.3174546241760254,0.5,0.18254537582397462,0.0,0.0,0,64,60,0.9375,4.0,0.0625,0.9375,2
S13,EmaTentGridS30E50B20M085,0.9875654578208923,0.9875654578208923,0.8181747794151306,1,0.30248690843582154,0.5,0.19751309156417848,0.0,0.0,1,64,25,0.390625,39.0,0.609375,0.609375,2
S13,EmaTentGridS30E50B20M085,0.988974392414093,0.988974392414093,0.6652297973632812,1,0.3022051215171814,0.5,0.19779487848281863,0.0,0.0,2,64,54,0.84375,10.0,0.15625,0.84375,2
S13,EmaTentGridS30E50B20M085,0.9798453450202942,0.9798453450202942,0.7302567958831787,1,0.30403093099594114,0.5,0.19596906900405886,0.0,0.0,3,64,50,0.78125,14.0,0.21875,0.78125,2
S13,EmaTentGridS30E50B20M085,0.6114926934242249,0.6114926934242249,0.849338710308075,1,0.37770146131515503,0.5,0.12229853868484497,0.0,0.0,4,21,0,0.0,21.0,1.0,1.0,1
S13,EmaTentGridS20E50B30M075,0.912726879119873,0.912726879119873,0.7443848252296448,1,0.2261819362640381,0.5,0.2738180637359619,0.0,0.0,0,64,60,0.9375,4.0,0.0625,0.9375,2
S13,EmaTentGridS20E50B30M075,0.9923551082611084,0.9923551082611084,0.811854362487793,1,0.2022934675216675,0.5,0.2977065324783325,0.0,0.0,1,64,25,0.390625,39.0,0.609375,0.609375,2
S13,EmaTentGridS20E50B30M075,0.9955117702484131,0.9955117702484131,0.6419485807418823,1,0.20134646892547609,0.5,0.2986535310745239,0.0,0.0,2,64,54,0.84375,10.0,0.15625,0.84375,2
S13,EmaTentGridS20E50B30M075,0.9886232018470764,0.9886232018470764,0.7388412952423096,1,0.20341303944587708,0.5,0.2965869605541229,0.0,0.0,3,64,50,0.78125,14.0,0.21875,0.78125,2
S13,EmaTentGridS20E50B30M075,0.5928921103477478,0.5928921103477478,0.8566705584526062,1,0.32213236689567565,0.5,0.17786763310432432,0.0,0.0,4,21,0,0.0,21.0,1.0,1.0,1
S13,EMATent,0.912726879119873,0.912726879119873,0.7443848252296448,1,0.2261819362640381,0.5,0.2738180637359619,0.0,0.0,0,64,60,0.9375,4.0,0.0625,0.9375,2
S13,EMATent,0.9902026653289795,0.9902026653289795,0.8151990175247192,1,0.20293920040130617,0.5,0.29706079959869386,0.0,0.0,1,64,25,0.390625,39.0,0.609375,0.609375,2
S13,EMATent,0.9913076758384705,0.9913076758384705,0.6544252634048462,1,0.20260769724845887,0.5,0.2973923027515411,0.0,0.0,2,64,54,0.84375,10.0,0.15625,0.84375,2
S13,EMATent,0.9828402400016785,0.9828402400016785,0.7357182502746582,1,0.20514792799949647,0.5,0.2948520720005035,0.0,0.0,3,64,50,0.78125,14.0,0.21875,0.78125,2
S13,EMATent,0.5955492854118347,0.5955492854118347,0.8556380867958069,1,0.3213352143764496,0.5,0.1786647856235504,0.0,0.0,4,21,0,0.0,21.0,1.0,1.0,1
S13,EMATentAdaptive,0.912726879119873,0.912726879119873,0.7443848252296448,1,0.2261819362640381,0.5,0.2738180637359619,0.0,0.0,0,64,60,0.9375,4.0,0.0625,0.9375,2
S13,EMATentAdaptive,0.9875391721725464,0.9875391721725464,0.8187291026115417,1,0.2037382483482361,0.5,0.2962617516517639,0.0,0.0,1,64,25,0.390625,39.0,0.609375,0.609375,2
S13,EMATentAdaptive,0.98530513048172,0.98530513048172,0.6757448315620422,1,0.20440846085548403,0.5,0.29559153914451597,0.0,0.0,2,64,54,0.84375,10.0,0.15625,0.84375,2
S13,EMATentAdaptive,0.9794752597808838,0.9794752597808838,0.7311557531356812,1,0.20615742206573487,0.5,0.2938425779342651,0.0,0.0,3,64,50,0.78125,14.0,0.21875,0.78125,2
S13,EMATentAdaptive,0.6043607592582703,0.6043607592582703,0.8521788716316223,1,0.31869177222251893,0.5,0.18130822777748107,0.0,0.0,4,21,0,0.0,21.0,1.0,1.0,1
S13,EmaTentGridS20E50B30M090,0.912726879119873,0.912726879119873,0.7443848252296448,1,0.2261819362640381,0.5,0.2738180637359619,0.0,0.0,0,64,60,0.9375,4.0,0.0625,0.9375,2
S13,EmaTentGridS20E50B30M090,0.9842298030853271,0.9842298030853271,0.821918249130249,1,0.20473105907440187,0.5,0.29526894092559813,0.0,0.0,1,64,25,0.390625,39.0,0.609375,0.609375,2
S13,EmaTentGridS20E50B30M090,0.9772396683692932,0.9772396683692932,0.698348879814148,1,0.20682809948921205,0.5,0.29317190051078795,0.0,0.0,2,64,54,0.84375,10.0,0.15625,0.84375,2
S13,EmaTentGridS20E50B30M090,0.9820162653923035,0.9820162653923035,0.7263898849487305,1,0.20539512038230898,0.5,0.29460487961769105,0.0,0.0,3,64,50,0.78125,14.0,0.21875,0.78125,2
S13,EmaTentGridS20E50B30M090,0.6234878301620483,0.6234878301620483,0.844478189945221,1,0.3129536509513855,0.5,0.1870463490486145,0.0,0.0,4,21,0,0.0,21.0,1.0,1.0,1
S13,EmaTentGridS20E50B30M095,0.912726879119873,0.912726879119873,0.7443848252296448,1,0.2261819362640381,0.5,0.2738180637359619,0.0,0.0,0,64,60,0.9375,4.0,0.0625,0.9375,2
S13,EmaTentGridS20E50B30M095,0.9799545407295227,0.9799545407295227,0.8239021301269531,1,0.2060136377811432,0.5,0.2939863622188568,0.0,0.0,1,64,25,0.390625,39.0,0.609375,0.609375,2
S13,EmaTentGridS20E50B30M095,0.9658997058868408,0.9658997058868408,0.7223106622695923,1,0.21023008823394776,0.5,0.2897699117660522,0.0,0.0,2,64,54,0.84375,10.0,0.15625,0.84375,2
S13,EmaTentGridS20E50B30M095,0.9922035932540894,0.9922035932540894,0.7252802848815918,1,0.2023389220237732,0.5,0.2976610779762268,0.0,0.0,3,64,50,0.78125,14.0,0.21875,0.78125,2
S13,EmaTentGridS20E50B30M095,0.6542484164237976,0.6542484164237976,0.8332664966583252,1,0.30372547507286074,0.5,0.1962745249271393,0.0,0.0,4,21,0,0.0,21.0,1.0,1.0,1
S13,EmaTentGridS10E50B40M085,0.912726879119873,0.912726879119873,0.7443848252296448,1,0.1349092483520508,0.5,0.36509075164794924,0.0,0.0,0,64,60,0.9375,4.0,0.0625,0.9375,2
S13,EmaTentGridS10E50B40M085,0.9873864650726318,0.9873864650726318,0.8198326826095581,1,0.10504541397094727,0.5,0.39495458602905276,0.0,0.0,1,64,25,0.390625,39.0,0.609375,0.609375,2
S13,EmaTentGridS10E50B40M085,0.9807869791984558,0.9807869791984558,0.6867868900299072,1,0.10768520832061768,0.5,0.3923147916793823,0.0,0.0,2,64,54,0.84375,10.0,0.15625,0.84375,2
S13,EmaTentGridS10E50B40M085,0.9798851609230042,0.9798851609230042,0.7340688705444336,1,0.10804593563079834,0.5,0.39195406436920166,0.0,0.0,3,64,50,0.78125,14.0,0.21875,0.78125,2
S13,EmaTentGridS10E50B40M085,0.5994357466697693,0.5994357466697693,0.854119062423706,1,0.26022570133209233,0.5,0.23977429866790773,0.0,0.0,4,21,0,0.0,21.0,1.0,1.0,1
S14,EMATentSafe,0.7571913003921509,0.7571913003921509,0.8286084532737732,1,0.5242808699607849,0.4,0.0757191300392151,0.0,0.0,0,64,49,0.765625,15.0,0.234375,0.765625,2
S14,EMATentSafe,0.52703458070755,0.52703458070755,0.8808077573776245,1,0.547296541929245,0.4,0.05270345807075501,0.0,0.0,1,64,46,0.71875,18.0,0.28125,0.71875,2
S14,EMATentSafe,0.6251804828643799,0.6251804828643799,0.8473234176635742,1,0.5374819517135621,0.4,0.06251804828643799,0.0,0.0,2,64,26,0.40625,38.0,0.59375,0.59375,2
S14,EMATentSafe,0.5821089744567871,0.5821089744567871,0.8624435067176819,1,0.5417891025543213,0.4,0.058210897445678714,0.0,0.0,3,52,52,1.0,,,1.0,1
S14,EmaTentGridS40E50B10M085,0.7571911215782166,0.7571911215782166,0.8286082744598389,1,0.4242808878421784,0.5,0.07571911215782166,0.0,0.0,0,64,49,0.765625,15.0,0.234375,0.765625,2
S14,EmaTentGridS40E50B10M085,0.5775960087776184,0.5775960087776184,0.8625218868255615,1,0.44224039912223817,0.5,0.057759600877761844,0.0,0.0,1,64,46,0.71875,18.0,0.28125,0.71875,2
S14,EmaTentGridS40E50B10M085,0.6980924010276794,0.6980924010276794,0.8163203597068787,1,0.4301907598972321,0.5,0.06980924010276794,0.0,0.0,2,64,26,0.40625,38.0,0.59375,0.59375,2
S14,EmaTentGridS40E50B10M085,0.6661001443862915,0.6661001443862915,0.8262995481491089,1,0.43338998556137087,0.5,0.06661001443862916,0.0,0.0,3,52,52,1.0,,,1.0,1
S14,EmaTentGridS30E50B20M085,0.7571911215782166,0.7571911215782166,0.8286082744598389,1,0.3485617756843567,0.5,0.15143822431564333,0.0,0.0,0,64,49,0.765625,15.0,0.234375,0.765625,2
S14,EmaTentGridS30E50B20M085,0.5653953552246094,0.5653953552246094,0.8670789003372192,1,0.3869209289550781,0.5,0.11307907104492188,0.0,0.0,1,64,46,0.71875,18.0,0.28125,0.71875,2
S14,EmaTentGridS30E50B20M085,0.6848379969596863,0.6848379969596863,0.822365939617157,1,0.36303240060806274,0.5,0.13696759939193726,0.0,0.0,2,64,26,0.40625,38.0,0.59375,0.59375,2
S14,EmaTentGridS30E50B20M085,0.6474452614784241,0.6474452614784241,0.8344405293464661,1,0.3705109477043152,0.5,0.12948905229568483,0.0,0.0,3,52,52,1.0,,,1.0,1
S14,EmaTentGridS20E50B30M075,0.7571911215782166,0.7571911215782166,0.8286082744598389,1,0.272842663526535,0.5,0.22715733647346495,0.0,0.0,0,64,49,0.765625,15.0,0.234375,0.765625,2
S14,EmaTentGridS20E50B30M075,0.6090917587280273,0.6090917587280273,0.8502990007400513,1,0.3172724723815918,0.5,0.1827275276184082,0.0,0.0,1,64,46,0.71875,18.0,0.28125,0.71875,2
S14,EmaTentGridS20E50B30M075,0.7413858771324158,0.7413858771324158,0.7953161597251892,1,0.2775842368602753,0.5,0.22241576313972472,0.0,0.0,2,64,26,0.40625,38.0,0.59375,0.59375,2
S14,EmaTentGridS20E50B30M075,0.681812047958374,0.681812047958374,0.8192055225372314,1,0.29545638561248777,0.5,0.2045436143875122,0.0,0.0,3,52,52,1.0,,,1.0,1
S14,EMATent,0.7571911215782166,0.7571911215782166,0.8286082744598389,1,0.272842663526535,0.5,0.22715733647346495,0.0,0.0,0,64,49,0.765625,15.0,0.234375,0.765625,2
S14,EMATent,0.5816900134086609,0.5816900134086609,0.8609710931777954,1,0.3254929959774018,0.5,0.17450700402259825,0.0,0.0,1,64,46,0.71875,18.0,0.28125,0.71875,2
S14,EMATent,0.7091201543807983,0.7091201543807983,0.8112324476242065,1,0.2872639536857605,0.5,0.2127360463142395,0.0,0.0,2,64,26,0.40625,38.0,0.59375,0.59375,2
S14,EMATent,0.6595959663391113,0.6595959663391113,0.8291717767715454,1,0.3021212100982666,0.5,0.19787878990173338,0.0,0.0,3,52,52,1.0,,,1.0,1
S14,EMATentAdaptive,0.7571911215782166,0.7571911215782166,0.8286082744598389,1,0.272842663526535,0.5,0.22715733647346495,0.0,0.0,0,64,49,0.765625,15.0,0.234375,0.765625,2
S14,EMATentAdaptive,0.553453266620636,0.553453266620636,0.8714481592178345,1,0.3339640200138092,0.5,0.1660359799861908,0.0,0.0,1,64,46,0.71875,18.0,0.28125,0.71875,2
S14,EMATentAdaptive,0.6719066500663757,0.6719066500663757,0.8280938863754272,1,0.29842800498008726,0.5,0.20157199501991271,0.0,0.0,2,64,26,0.40625,38.0,0.59375,0.59375,2
S14,EMATentAdaptive,0.6277502775192261,0.6277502775192261,0.8429674506187439,1,0.3116749167442322,0.5,0.18832508325576783,0.0,0.0,3,52,52,1.0,,,1.0,1
S14,EmaTentGridS20E50B30M090,0.7571911215782166,0.7571911215782166,0.8286082744598389,1,0.272842663526535,0.5,0.22715733647346495,0.0,0.0,0,64,49,0.765625,15.0,0.234375,0.765625,2
S14,EmaTentGridS20E50B30M090,0.5249190926551819,0.5249190926551819,0.8815395832061768,1,0.34252427220344545,0.5,0.15747572779655455,0.0,0.0,1,64,46,0.71875,18.0,0.28125,0.71875,2
S14,EmaTentGridS20E50B30M090,0.628625750541687,0.628625750541687,0.8460390567779541,1,0.3114122748374939,0.5,0.1885877251625061,0.0,0.0,2,64,26,0.40625,38.0,0.59375,0.59375,2
S14,EmaTentGridS20E50B30M090,0.5832643508911133,0.5832643508911133,0.8619029521942139,1,0.32502069473266604,0.5,0.174979305267334,0.0,0.0,3,52,52,1.0,,,1.0,1
S14,EmaTentGridS20E50B30M095,0.7571911215782166,0.7571911215782166,0.8286082744598389,1,0.272842663526535,0.5,0.22715733647346495,0.0,0.0,0,64,49,0.765625,15.0,0.234375,0.765625,2
S14,EmaTentGridS20E50B30M095,0.4957708716392517,0.4957708716392517,0.8913695812225342,1,0.3512687385082245,0.5,0.1487312614917755,0.0,0.0,1,64,46,0.71875,18.0,0.28125,0.71875,2
S14,EmaTentGridS20E50B30M095,0.5794610381126404,0.5794610381126404,0.8643516898155212,1,0.32616168856620786,0.5,0.1738383114337921,0.0,0.0,2,64,26,0.40625,38.0,0.59375,0.59375,2
S14,EmaTentGridS20E50B30M095,0.5276608467102051,0.5276608467102051,0.8828946948051453,1,0.3417017459869385,0.5,0.15829825401306152,0.0,0.0,3,52,52,1.0,,,1.0,1
S14,EmaTentGridS10E50B40M085,0.7571911215782166,0.7571911215782166,0.8286082744598389,1,0.1971235513687134,0.5,0.30287644863128665,0.0,0.0,0,64,49,0.765625,15.0,0.234375,0.765625,2
S14,EmaTentGridS10E50B40M085,0.5415841341018677,0.5415841341018677,0.8757042288780212,1,0.28336634635925295,0.5,0.21663365364074708,0.0,0.0,1,64,46,0.71875,18.0,0.28125,0.71875,2
S14,EmaTentGridS10E50B40M085,0.6593571305274963,0.6593571305274963,0.8335152864456177,1,0.23625714778900148,0.5,0.2637428522109985,0.0,0.0,2,64,26,0.40625,38.0,0.59375,0.59375,2
S14,EmaTentGridS10E50B40M085,0.6072599291801453,0.6072599291801453,0.8517952561378479,1,0.2570960283279419,0.5,0.24290397167205813,0.0,0.0,3,52,52,1.0,,,1.0,1
S15,EMATentSafe,0.9999948143959045,0.9999948143959045,0.6163961887359619,1,0.5000005185604095,0.4,0.09999948143959046,0.0,0.0,0,64,50,0.78125,14.0,0.21875,0.78125,2
S15,EMATentSafe,0.9486839771270752,0.9486839771270752,0.7258049845695496,1,0.5051316022872925,0.4,0.09486839771270753,0.0,0.0,1,64,55,0.859375,9.0,0.140625,0.859375,2
S15,EMATentSafe,0.7516887187957764,0.7516887187957764,0.8084471225738525,1,0.5248311281204223,0.4,0.07516887187957765,0.0,0.0,2,64,29,0.453125,35.0,0.546875,0.546875,2
S15,EMATentSafe,0.6283470988273621,0.6283470988273621,0.8424785137176514,1,0.5371652901172638,0.4,0.0628347098827362,0.0,0.0,3,64,58,0.90625,6.0,0.09375,0.90625,2
S15,EMATentSafe,0.7020108103752136,0.7020108103752136,0.8154430389404297,1,0.5297989189624787,0.4,0.07020108103752136,0.0,0.0,4,64,29,0.453125,35.0,0.546875,0.546875,2
S15,EmaTentGridS40E50B10M085,0.9999948143959045,0.9999948143959045,0.6163960695266724,1,0.4000005185604096,0.5,0.09999948143959046,0.0,0.0,0,64,50,0.78125,14.0,0.21875,0.78125,2
S15,EmaTentGridS40E50B10M085,0.9577699899673462,0.9577699899673462,0.7199407815933228,1,0.4042230010032654,0.5,0.09577699899673463,0.0,0.0,1,64,55,0.859375,9.0,0.140625,0.859375,2
S15,EmaTentGridS40E50B10M085,0.7457209229469299,0.7457209229469299,0.8200104832649231,1,0.42542790770530703,0.5,0.074572092294693,0.0,0.0,2,64,29,0.453125,35.0,0.546875,0.546875,2
S15,EmaTentGridS40E50B10M085,0.5823085904121399,0.5823085904121399,0.8607357740402222,1,0.44176914095878606,0.5,0.05823085904121399,0.0,0.0,3,64,58,0.90625,6.0,0.09375,0.90625,2
S15,EmaTentGridS40E50B10M085,0.7509893178939819,0.7509893178939819,0.8011795878410339,1,0.4249010682106018,0.5,0.0750989317893982,0.0,0.0,4,64,29,0.453125,35.0,0.546875,0.546875,2
S15,EmaTentGridS30E50B20M085,0.9999948143959045,0.9999948143959045,0.6163960695266724,1,0.3000010371208191,0.5,0.19999896287918092,0.0,0.0,0,64,50,0.78125,14.0,0.21875,0.78125,2
S15,EmaTentGridS30E50B20M085,0.9565516710281372,0.9565516710281372,0.7224188446998596,1,0.30868966579437257,0.5,0.19131033420562746,0.0,0.0,1,64,55,0.859375,9.0,0.140625,0.859375,2
S15,EmaTentGridS30E50B20M085,0.7514485120773315,0.7514485120773315,0.8145433664321899,1,0.3497102975845337,0.5,0.15028970241546633,0.0,0.0,2,64,29,0.453125,35.0,0.546875,0.546875,2
S15,EmaTentGridS30E50B20M085,0.5785134434700012,0.5785134434700012,0.8621752858161926,1,0.38429731130599976,0.5,0.11570268869400024,0.0,0.0,3,64,58,0.90625,6.0,0.09375,0.90625,2
S15,EmaTentGridS30E50B20M085,0.7297558188438416,0.7297558188438416,0.8089616298675537,1,0.3540488362312317,0.5,0.14595116376876832,0.0,0.0,4,64,29,0.453125,35.0,0.546875,0.546875,2
S15,EmaTentGridS20E50B30M075,0.9999948143959045,0.9999948143959045,0.6163960695266724,1,0.20000155568122865,0.5,0.2999984443187714,0.0,0.0,0,64,50,0.78125,14.0,0.21875,0.78125,2
S15,EmaTentGridS20E50B30M075,0.9685089588165283,0.9685089588165283,0.7230195999145508,1,0.20944731235504152,0.5,0.2905526876449585,0.0,0.0,1,64,55,0.859375,9.0,0.140625,0.859375,2
S15,EmaTentGridS20E50B30M075,0.7762226462364197,0.7762226462364197,0.8115919232368469,1,0.2671332061290741,0.5,0.2328667938709259,0.0,0.0,2,64,29,0.453125,35.0,0.546875,0.546875,2
S15,EmaTentGridS20E50B30M075,0.5837198495864868,0.5837198495864868,0.8602961897850037,1,0.32488404512405394,0.5,0.17511595487594603,0.0,0.0,3,64,58,0.90625,6.0,0.09375,0.90625,2
S15,EmaTentGridS20E50B30M075,0.8145325183868408,0.8145325183868408,0.7853320240974426,1,0.2556402444839478,0.5,0.24435975551605224,0.0,0.0,4,64,29,0.453125,35.0,0.546875,0.546875,2
S15,EMATent,0.9999948143959045,0.9999948143959045,0.6163960695266724,1,0.20000155568122865,0.5,0.2999984443187714,0.0,0.0,0,64,50,0.78125,14.0,0.21875,0.78125,2
S15,EMATent,0.9624401330947876,0.9624401330947876,0.7238137722015381,1,0.21126796007156373,0.5,0.28873203992843627,0.0,0.0,1,64,55,0.859375,9.0,0.140625,0.859375,2
S15,EMATent,0.7667490243911743,0.7667490243911743,0.8099978566169739,1,0.2699752926826477,0.5,0.23002470731735228,0.0,0.0,2,64,29,0.453125,35.0,0.546875,0.546875,2
S15,EMATent,0.5690361857414246,0.5690361857414246,0.865729033946991,1,0.3292891442775726,0.5,0.17071085572242736,0.0,0.0,3,64,58,0.90625,6.0,0.09375,0.90625,2
S15,EMATent,0.7590728402137756,0.7590728402137756,0.7978552579879761,1,0.2722781479358673,0.5,0.22772185206413267,0.0,0.0,4,64,29,0.453125,35.0,0.546875,0.546875,2
S15,EMATentAdaptive,0.9999948143959045,0.9999948143959045,0.6163960695266724,1,0.20000155568122865,0.5,0.2999984443187714,0.0,0.0,0,64,50,0.78125,14.0,0.21875,0.78125,2
S15,EMATentAdaptive,0.9561633467674255,0.9561633467674255,0.7246214151382446,1,0.21315099596977236,0.5,0.28684900403022767,0.0,0.0,1,64,55,0.859375,9.0,0.140625,0.859375,2
S15,EMATentAdaptive,0.7603110671043396,0.7603110671043396,0.8084262609481812,1,0.2719066798686981,0.5,0.22809332013130187,0.0,0.0,2,64,29,0.453125,35.0,0.546875,0.546875,2
S15,EMATentAdaptive,0.5799574255943298,0.5799574255943298,0.8616287112236023,1,0.32601277232170106,0.5,0.17398722767829894,0.0,0.0,3,64,58,0.90625,6.0,0.09375,0.90625,2
S15,EMATentAdaptive,0.7139625549316406,0.7139625549316406,0.8141902685165405,1,0.2858112335205078,0.5,0.21418876647949217,0.0,0.0,4,64,29,0.453125,35.0,0.546875,0.546875,2
S15,EmaTentGridS20E50B30M090,0.9999948143959045,0.9999948143959045,0.6163960695266724,1,0.20000155568122865,0.5,0.2999984443187714,0.0,0.0,0,64,50,0.78125,14.0,0.21875,0.78125,2
S15,EmaTentGridS20E50B30M090,0.949901282787323,0.949901282787323,0.7272602319717407,1,0.21502961516380312,0.5,0.2849703848361969,0.0,0.0,1,64,55,0.859375,9.0,0.140625,0.859375,2
S15,EmaTentGridS20E50B30M090,0.7555344104766846,0.7555344104766846,0.8057777881622314,1,0.2733396768569946,0.5,0.22666032314300535,0.0,0.0,2,64,29,0.453125,35.0,0.546875,0.546875,2
S15,EmaTentGridS20E50B30M090,0.6092795729637146,0.6092795729637146,0.850223958492279,1,0.3172161281108856,0.5,0.18278387188911438,0.0,0.0,3,64,58,0.90625,6.0,0.09375,0.90625,2
S15,EmaTentGridS20E50B30M090,0.6891939640045166,0.6891939640045166,0.8212571740150452,1,0.29324181079864503,0.5,0.20675818920135497,0.0,0.0,4,64,29,0.453125,35.0,0.546875,0.546875,2
S15,EmaTentGridS20E50B30M095,0.9999948143959045,0.9999948143959045,0.6163960695266724,1,0.20000155568122865,0.5,0.2999984443187714,0.0,0.0,0,64,50,0.78125,14.0,0.21875,0.78125,2
S15,EmaTentGridS20E50B30M095,0.9437625408172607,0.9437625408172607,0.7312531471252441,1,0.21687123775482178,0.5,0.2831287622451782,0.0,0.0,1,64,55,0.859375,9.0,0.140625,0.859375,2
S15,EmaTentGridS20E50B30M095,0.7534990906715393,0.7534990906715393,0.8026902675628662,1,0.27395027279853823,0.5,0.22604972720146177,0.0,0.0,2,64,29,0.453125,35.0,0.546875,0.546875,2
S15,EmaTentGridS20E50B30M095,0.6326032876968384,0.6326032876968384,0.8407120704650879,1,0.3102190136909485,0.5,0.18978098630905152,0.0,0.0,3,64,58,0.90625,6.0,0.09375,0.90625,2
S15,EmaTentGridS20E50B30M095,0.6774162650108337,0.6774162650108337,0.8246743679046631,1,0.29677512049674987,0.5,0.2032248795032501,0.0,0.0,4,64,29,0.453125,35.0,0.546875,0.546875,2
S15,EmaTentGridS10E50B40M085,0.9999948143959045,0.9999948143959045,0.6163960695266724,1,0.10000207424163819,0.5,0.39999792575836185,0.0,0.0,0,64,50,0.78125,14.0,0.21875,0.78125,2
S15,EmaTentGridS10E50B40M085,0.9567579030990601,0.9567579030990601,0.7266671061515808,1,0.11729683876037598,0.5,0.38270316123962406,0.0,0.0,1,64,55,0.859375,9.0,0.140625,0.859375,2
S15,EmaTentGridS10E50B40M085,0.769870936870575,0.769870936870575,0.8025058507919312,1,0.19205162525177003,0.5,0.30794837474823,0.0,0.0,2,64,29,0.453125,35.0,0.546875,0.546875,2
S15,EmaTentGridS10E50B40M085,0.5826848149299622,0.5826848149299622,0.8605926036834717,1,0.26692607402801516,0.5,0.23307392597198487,0.0,0.0,3,64,58,0.90625,6.0,0.09375,0.90625,2
S15,EmaTentGridS10E50B40M085,0.7009117007255554,0.7009117007255554,0.8183873891830444,1,0.21963531970977784,0.5,0.28036468029022216,0.0,0.0,4,64,29,0.453125,35.0,0.546875,0.546875,2
S16,EMATentSafe,0.9404332637786865,0.9404332637786865,0.7669715285301208,1,0.5059566736221314,0.4,0.09404332637786866,0.0,0.0,0,64,60,0.9375,4.0,0.0625,0.9375,2
S16,EMATentSafe,0.546488344669342,0.546488344669342,0.8750252723693848,1,0.5453511655330658,0.4,0.05464883446693421,0.0,0.0,1,64,49,0.765625,15.0,0.234375,0.765625,2
S16,EMATentSafe,0.7385984063148499,0.7385984063148499,0.7933125495910645,1,0.526140159368515,0.4,0.07385984063148499,0.0,0.0,2,64,3,0.046875,61.0,0.953125,0.953125,2
S16,EMATentSafe,0.591785192489624,0.591785192489624,0.8570993542671204,1,0.5408214807510376,0.4,0.059178519248962405,0.0,0.0,3,29,27,0.9310344827586207,2.0,0.06896551724137931,0.9310344827586207,2
S16,EmaTentGridS40E50B10M085,0.9404332637786865,0.9404332637786865,0.7669713497161865,1,0.4059566736221314,0.5,0.09404332637786866,0.0,0.0,0,64,60,0.9375,4.0,0.0625,0.9375,2
S16,EmaTentGridS40E50B10M085,0.52373868227005,0.52373868227005,0.8819468021392822,1,0.44762613177299504,0.5,0.05237386822700501,0.0,0.0,1,64,49,0.765625,15.0,0.234375,0.765625,2
S16,EmaTentGridS40E50B10M085,0.7687582969665527,0.7687582969665527,0.7800483107566833,1,0.42312417030334476,0.5,0.07687582969665528,0.0,0.0,2,64,3,0.046875,61.0,0.953125,0.953125,2
S16,EmaTentGridS40E50B10M085,0.6262045502662659,0.6262045502662659,0.8433623909950256,1,0.43737954497337345,0.5,0.0626204550266266,0.0,0.0,3,29,27,0.9310344827586207,2.0,0.06896551724137931,0.9310344827586207,2
S16,EmaTentGridS30E50B20M085,0.9404332637786865,0.9404332637786865,0.7669713497161865,1,0.3119133472442627,0.5,0.18808665275573733,0.0,0.0,0,64,60,0.9375,4.0,0.0625,0.9375,2
S16,EmaTentGridS30E50B20M085,0.534526526927948,0.534526526927948,0.8782702684402466,1,0.3930946946144104,0.5,0.10690530538558961,0.0,0.0,1,64,49,0.765625,15.0,0.234375,0.765625,2
S16,EmaTentGridS30E50B20M085,0.7785328030586243,0.7785328030586243,0.7759454846382141,1,0.34429343938827517,0.5,0.15570656061172486,0.0,0.0,2,64,3,0.046875,61.0,0.953125,0.953125,2
S16,EmaTentGridS30E50B20M085,0.6317715644836426,0.6317715644836426,0.8410583138465881,1,0.3736456871032715,0.5,0.12635431289672852,0.0,0.0,3,29,27,0.9310344827586207,2.0,0.06896551724137931,0.9310344827586207,2
S16,EmaTentGridS20E50B30M075,0.9404332637786865,0.9404332637786865,0.7669713497161865,1,0.21787002086639407,0.5,0.28212997913360593,0.0,0.0,0,64,60,0.9375,4.0,0.0625,0.9375,2
S16,EmaTentGridS20E50B30M075,0.5278393626213074,0.5278393626213074,0.8805286884307861,1,0.3416481912136078,0.5,0.1583518087863922,0.0,0.0,1,64,49,0.765625,15.0,0.234375,0.765625,2
S16,EmaTentGridS20E50B30M075,0.8395370841026306,0.8395370841026306,0.754443883895874,1,0.24813887476921082,0.5,0.2518611252307892,0.0,0.0,2,64,3,0.046875,61.0,0.953125,0.953125,2
S16,EmaTentGridS20E50B30M075,0.6856711506843567,0.6856711506843567,0.8174280524253845,1,0.29429865479469297,0.5,0.205701345205307,0.0,0.0,3,29,27,0.9310344827586207,2.0,0.06896551724137931,0.9310344827586207,2
S16,EMATent,0.9404332637786865,0.9404332637786865,0.7669713497161865,1,0.21787002086639407,0.5,0.28212997913360593,0.0,0.0,0,64,60,0.9375,4.0,0.0625,0.9375,2
S16,EMATent,0.5353703498840332,0.5353703498840332,0.8778989315032959,1,0.3393888950347901,0.5,0.16061110496520994,0.0,0.0,1,64,49,0.765625,15.0,0.234375,0.765625,2
S16,EMATent,0.8134552240371704,0.8134552240371704,0.7632187604904175,1,0.25596343278884887,0.5,0.2440365672111511,0.0,0.0,2,64,3,0.046875,61.0,0.953125,0.953125,2
S16,EMATent,0.6594365239143372,0.6594365239143372,0.8292416930198669,1,0.30216904282569884,0.5,0.19783095717430113,0.0,0.0,3,29,27,0.9310344827586207,2.0,0.06896551724137931,0.9310344827586207,2
S16,EMATentAdaptive,0.9404332637786865,0.9404332637786865,0.7669713497161865,1,0.21787002086639407,0.5,0.28212997913360593,0.0,0.0,0,64,60,0.9375,4.0,0.0625,0.9375,2
S16,EMATentAdaptive,0.5439291596412659,0.5439291596412659,0.8754130601882935,1,0.33682125210762026,0.5,0.16317874789237977,0.0,0.0,1,64,49,0.765625,15.0,0.234375,0.765625,2
S16,EMATentAdaptive,0.7861867547035217,0.7861867547035217,0.7726912498474121,1,0.2641439735889435,0.5,0.23585602641105652,0.0,0.0,2,64,3,0.046875,61.0,0.953125,0.953125,2
S16,EMATentAdaptive,0.6356174349784851,0.6356174349784851,0.8394526839256287,1,0.3093147695064545,0.5,0.19068523049354552,0.0,0.0,3,29,27,0.9310344827586207,2.0,0.06896551724137931,0.9310344827586207,2
S16,EmaTentGridS20E50B30M090,0.9404332637786865,0.9404332637786865,0.7669713497161865,1,0.21787002086639407,0.5,0.28212997913360593,0.0,0.0,0,64,60,0.9375,4.0,0.0625,0.9375,2
S16,EmaTentGridS20E50B30M090,0.5532113313674927,0.5532113313674927,0.8730597496032715,1,0.3340366005897522,0.5,0.1659633994102478,0.0,0.0,1,64,49,0.765625,15.0,0.234375,0.765625,2
S16,EmaTentGridS20E50B30M090,0.7589288353919983,0.7589288353919983,0.7841072082519531,1,0.2723213493824005,0.5,0.22767865061759948,0.0,0.0,2,64,3,0.046875,61.0,0.953125,0.953125,2
S16,EmaTentGridS20E50B30M090,0.6091457605361938,0.6091457605361938,0.8502774238586426,1,0.31725627183914185,0.5,0.18274372816085815,0.0,0.0,3,29,27,0.9310344827586207,2.0,0.06896551724137931,0.9310344827586207,2
S16,EmaTentGridS20E50B30M095,0.9404332637786865,0.9404332637786865,0.7669713497161865,1,0.21787002086639407,0.5,0.28212997913360593,0.0,0.0,0,64,60,0.9375,4.0,0.0625,0.9375,2
S16,EmaTentGridS20E50B30M095,0.5624579787254333,0.5624579787254333,0.8706722259521484,1,0.33126260638237004,0.5,0.16873739361763,0.0,0.0,1,64,49,0.765625,15.0,0.234375,0.765625,2
S16,EmaTentGridS20E50B30M095,0.7316740155220032,0.7316740155220032,0.797865629196167,1,0.280497795343399,0.5,0.21950220465660095,0.0,0.0,2,64,3,0.046875,61.0,0.953125,0.953125,2
S16,EmaTentGridS20E50B30M095,0.578107476234436,0.578107476234436,0.8640490770339966,1,0.32656775712966923,0.5,0.1734322428703308,0.0,0.0,3,29,27,0.9310344827586207,2.0,0.06896551724137931,0.9310344827586207,2
S16,EmaTentGridS10E50B40M085,0.9404332637786865,0.9404332637786865,0.7669713497161865,1,0.1238266944885254,0.5,0.37617330551147465,0.0,0.0,0,64,60,0.9375,4.0,0.0625,0.9375,2
S16,EmaTentGridS10E50B40M085,0.5515879392623901,0.5515879392623901,0.8734138607978821,1,0.27936482429504395,0.5,0.22063517570495605,0.0,0.0,1,64,49,0.765625,15.0,0.234375,0.765625,2
S16,EmaTentGridS10E50B40M085,0.7909954190254211,0.7909954190254211,0.770684540271759,1,0.18360183238983155,0.5,0.3163981676101685,0.0,0.0,2,64,3,0.046875,61.0,0.953125,0.953125,2
S16,EmaTentGridS10E50B40M085,0.635064959526062,0.635064959526062,0.8396840691566467,1,0.2459740161895752,0.5,0.2540259838104248,0.0,0.0,3,29,27,0.9310344827586207,2.0,0.06896551724137931,0.9310344827586207,2
S17,EMATentSafe,0.9864601492881775,0.9864601492881775,0.7285118103027344,1,0.5013539850711822,0.4,0.09864601492881775,0.0,0.0,0,64,27,0.421875,37.0,0.578125,0.578125,2
S17,EMATentSafe,0.7862401008605957,0.7862401008605957,0.812228798866272,1,0.5213759899139404,0.4,0.07862401008605957,0.0,0.0,1,64,40,0.625,24.0,0.375,0.625,2
S17,EMATentSafe,0.5798508524894714,0.5798508524894714,0.8893470764160156,1,0.5420149147510529,0.4,0.057985085248947146,0.0,0.0,2,64,26,0.40625,38.0,0.59375,0.59375,2
S17,EMATentSafe,0.8793601989746094,0.8793601989746094,0.7560973167419434,1,0.5120639801025391,0.4,0.08793601989746094,0.0,0.0,3,64,64,1.0,,,1.0,1
S17,EMATentSafe,0.7653850317001343,0.7653850317001343,0.8008953332901001,1,0.5234614968299866,0.4,0.07653850317001343,0.0,0.0,4,30,17,0.5666666666666667,13.0,0.43333333333333335,0.5666666666666667,2
S17,EmaTentGridS40E50B10M085,0.9864597916603088,0.9864597916603088,0.7285124063491821,1,0.40135402083396915,0.5,0.09864597916603089,0.0,0.0,0,64,27,0.421875,37.0,0.578125,0.578125,2
S17,EmaTentGridS40E50B10M085,0.7606574296951294,0.7606574296951294,0.8182699680328369,1,0.4239342570304871,0.5,0.07606574296951295,0.0,0.0,1,64,40,0.625,24.0,0.375,0.625,2
S17,EmaTentGridS40E50B10M085,0.5761043429374695,0.5761043429374695,0.8855667114257812,1,0.4423895657062531,0.5,0.05761043429374695,0.0,0.0,2,64,26,0.40625,38.0,0.59375,0.59375,2
S17,EmaTentGridS40E50B10M085,0.914549708366394,0.914549708366394,0.7256933450698853,1,0.4085450291633606,0.5,0.09145497083663941,0.0,0.0,3,64,64,1.0,,,1.0,1
S17,EmaTentGridS40E50B10M085,0.8042269945144653,0.8042269945144653,0.7642198204994202,1,0.41957730054855347,0.5,0.08042269945144653,0.0,0.0,4,30,17,0.5666666666666667,13.0,0.43333333333333335,0.5666666666666667,2
S17,EmaTentGridS30E50B20M085,0.9864597916603088,0.9864597916603088,0.7285124063491821,1,0.30270804166793824,0.5,0.19729195833206178,0.0,0.0,0,64,27,0.421875,37.0,0.578125,0.578125,2
S17,EmaTentGridS30E50B20M085,0.7742334008216858,0.7742334008216858,0.8153838515281677,1,0.34515331983566283,0.5,0.15484668016433717,0.0,0.0,1,64,40,0.625,24.0,0.375,0.625,2
S17,EmaTentGridS30E50B20M085,0.5924474596977234,0.5924474596977234,0.8822424411773682,1,0.38151050806045533,0.5,0.11848949193954468,0.0,0.0,2,64,26,0.40625,38.0,0.59375,0.59375,2
S17,EmaTentGridS30E50B20M085,0.9241030812263489,0.9241030812263489,0.7239992022514343,1,0.3151793837547302,0.5,0.1848206162452698,0.0,0.0,3,64,64,1.0,,,1.0,1
S17,EmaTentGridS30E50B20M085,0.8202000260353088,0.8202000260353088,0.7622703313827515,1,0.33595999479293825,0.5000000000000001,0.1640400052070618,0.0,0.0,4,30,17,0.5666666666666667,13.0,0.43333333333333335,0.5666666666666667,2
S17,EmaTentGridS20E50B30M075,0.9864597916603088,0.9864597916603088,0.7285124063491821,1,0.20406206250190737,0.5,0.29593793749809266,0.0,0.0,0,64,27,0.421875,37.0,0.578125,0.578125,2
S17,EmaTentGridS20E50B30M075,0.7672247290611267,0.7672247290611267,0.8177535533905029,1,0.269832581281662,0.5,0.230167418718338,0.0,0.0,1,64,40,0.625,24.0,0.375,0.625,2
S17,EmaTentGridS20E50B30M075,0.631077766418457,0.631077766418457,0.8659473657608032,1,0.31067667007446287,0.5,0.1893233299255371,0.0,0.0,2,64,26,0.40625,38.0,0.59375,0.59375,2
S17,EmaTentGridS20E50B30M075,0.9690596461296082,0.9690596461296082,0.6867496967315674,1,0.20928210616111756,0.5,0.2907178938388824,0.0,0.0,3,64,64,1.0,,,1.0,1
S17,EmaTentGridS20E50B30M075,0.8691664934158325,0.8691664934158325,0.7299026846885681,1,0.23925005197525026,0.5,0.26074994802474977,0.0,0.0,4,30,17,0.5666666666666667,13.0,0.43333333333333335,0.5666666666666667,2
S17,EMATent,0.9864597916603088,0.9864597916603088,0.7285124063491821,1,0.20406206250190737,0.5,0.29593793749809266,0.0,0.0,0,64,27,0.421875,37.0,0.578125,0.578125,2
S17,EMATent,0.776991069316864,0.776991069316864,0.8155028820037842,1,0.2669026792049408,0.5,0.23309732079505918,0.0,0.0,1,64,40,0.625,24.0,0.375,0.625,2
S17,EMATent,0.6174876093864441,0.6174876093864441,0.8732503056526184,1,0.31475371718406675,0.5,0.18524628281593322,0.0,0.0,2,64,26,0.40625,38.0,0.59375,0.59375,2
S17,EMATent,0.9536946415901184,0.9536946415901184,0.7040199041366577,1,0.2138916075229645,0.5,0.2861083924770355,0.0,0.0,3,64,64,1.0,,,1.0,1
S17,EMATent,0.8548527359962463,0.8548527359962463,0.743692934513092,1,0.24354417920112612,0.5,0.2564558207988739,0.0,0.0,4,30,17,0.5666666666666667,13.0,0.43333333333333335,0.5666666666666667,2
S17,EMATentAdaptive,0.9864597916603088,0.9864597916603088,0.7285124063491821,1,0.20406206250190737,0.5,0.29593793749809266,0.0,0.0,0,64,27,0.421875,37.0,0.578125,0.578125,2
S17,EMATentAdaptive,0.7867525815963745,0.7867525815963745,0.8129019141197205,1,0.2639742255210876,0.5,0.23602577447891235,0.0,0.0,1,64,40,0.625,24.0,0.375,0.625,2
S17,EMATentAdaptive,0.606938362121582,0.606938362121582,0.8792909383773804,1,0.3179184913635254,0.5,0.1820815086364746,0.0,0.0,2,64,26,0.40625,38.0,0.59375,0.59375,2
S17,EMATentAdaptive,0.9318869709968567,0.9318869709968567,0.7241256237030029,1,0.220433908700943,0.5,0.279566091299057,0.0,0.0,3,64,64,1.0,,,1.0,1
S17,EMATentAdaptive,0.8317782878875732,0.8317782878875732,0.7632707357406616,1,0.250466513633728,0.5,0.24953348636627196,0.0,0.0,4,30,17,0.5666666666666667,13.0,0.43333333333333335,0.5666666666666667,2
S17,EmaTentGridS20E50B30M090,0.9864597916603088,0.9864597916603088,0.7285124063491821,1,0.20406206250190737,0.5,0.29593793749809266,0.0,0.0,0,64,27,0.421875,37.0,0.578125,0.578125,2
S17,EmaTentGridS20E50B30M090,0.7959030270576477,0.7959030270576477,0.8102228045463562,1,0.2612290918827057,0.5,0.2387709081172943,0.0,0.0,1,64,40,0.625,24.0,0.375,0.625,2
S17,EmaTentGridS20E50B30M090,0.5994548201560974,0.5994548201560974,0.8839770555496216,1,0.32016355395317075,0.5,0.17983644604682922,0.0,0.0,2,64,26,0.40625,38.0,0.59375,0.59375,2
S17,EmaTentGridS20E50B30M090,0.9047099351882935,0.9047099351882935,0.7466450333595276,1,0.22858701944351198,0.5,0.27141298055648805,0.0,0.0,3,64,64,1.0,,,1.0,1
S17,EmaTentGridS20E50B30M090,0.7989254593849182,0.7989254593849182,0.789775550365448,1,0.26032236218452454,0.5,0.23967763781547546,0.0,0.0,4,30,17,0.5666666666666667,13.0,0.43333333333333335,0.5666666666666667,2
S17,EmaTentGridS20E50B30M095,0.9864597916603088,0.9864597916603088,0.7285124063491821,1,0.20406206250190737,0.5,0.29593793749809266,0.0,0.0,0,64,27,0.421875,37.0,0.578125,0.578125,2
S17,EmaTentGridS20E50B30M095,0.8045598864555359,0.8045598864555359,0.8079959154129028,1,0.25863203406333923,0.5,0.24136796593666077,0.0,0.0,1,64,40,0.625,24.0,0.375,0.625,2
S17,EmaTentGridS20E50B30M095,0.5941923260688782,0.5941923260688782,0.887445330619812,1,0.3217423021793365,0.5,0.17825769782066345,0.0,0.0,2,64,26,0.40625,38.0,0.59375,0.59375,2
S17,EmaTentGridS20E50B30M095,0.8735364079475403,0.8735364079475403,0.7685495615005493,1,0.23793907761573793,0.5,0.2620609223842621,0.0,0.0,3,64,64,1.0,,,1.0,1
S17,EmaTentGridS20E50B30M095,0.7569050192832947,0.7569050192832947,0.8211965560913086,1,0.2729284942150116,0.5,0.2270715057849884,0.0,0.0,4,30,17,0.5666666666666667,13.0,0.43333333333333335,0.5666666666666667,2
S17,EmaTentGridS10E50B40M085,0.9864597916603088,0.9864597916603088,0.7285124063491821,1,0.10541608333587647,0.5,0.39458391666412357,0.0,0.0,0,64,27,0.421875,37.0,0.578125,0.578125,2
S17,EmaTentGridS10E50B40M085,0.7963115572929382,0.7963115572929382,0.8111432790756226,1,0.1814753770828247,0.5,0.3185246229171753,0.0,0.0,1,64,40,0.625,24.0,0.375,0.625,2
S17,EmaTentGridS10E50B40M085,0.6172995567321777,0.6172995567321777,0.8772863149642944,1,0.25308017730712895,0.5,0.2469198226928711,0.0,0.0,2,64,26,0.40625,38.0,0.59375,0.59375,2
S17,EmaTentGridS10E50B40M085,0.9364966750144958,0.9364966750144958,0.7272599339485168,1,0.12540132999420167,0.5,0.3745986700057984,0.0,0.0,3,64,64,1.0,,,1.0,1
S17,EmaTentGridS10E50B40M085,0.8370742797851562,0.8370742797851562,0.769182562828064,1,0.1651702880859375,0.5,0.3348297119140625,0.0,0.0,4,30,17,0.5666666666666667,13.0,0.43333333333333335,0.5666666666666667,2
S18,EMATentSafe,0.7192266583442688,0.7192266583442688,0.8862814903259277,1,0.5280773341655731,0.4,0.07192266583442689,0.0,0.0,0,64,13,0.203125,51.0,0.796875,0.796875,2
S18,EMATentSafe,0.8234634399414062,0.8234634399414062,0.8876471519470215,1,0.5176536560058593,0.4,0.08234634399414063,0.0,0.0,1,64,44,0.6875,20.0,0.3125,0.6875,2
S18,EMATentSafe,0.2730521857738495,0.2730521857738495,0.9548917412757874,1,0.5726947814226151,0.4,0.02730521857738495,0.0,0.0,2,64,24,0.375,40.0,0.625,0.625,2
S18,EMATentSafe,0.998120903968811,0.998120903968811,0.7054359912872314,1,0.5001879096031189,0.4,0.0998120903968811,0.0,0.0,3,63,35,0.5555555555555556,28.0,0.4444444444444444,0.5555555555555556,2
S18,EmaTentGridS40E50B10M085,0.7192286252975464,0.7192286252975464,0.8862815499305725,1,0.4280771374702454,0.5,0.07192286252975465,0.0,0.0,0,64,13,0.203125,51.0,0.796875,0.796875,2
S18,EmaTentGridS40E50B10M085,0.7798796892166138,0.7798796892166138,0.8810006380081177,1,0.4220120310783386,0.5,0.07798796892166138,0.0,0.0,1,64,44,0.6875,20.0,0.3125,0.6875,2
S18,EmaTentGridS40E50B10M085,0.23939748108386993,0.23939748108386993,0.9606297016143799,1,0.47606025189161305,0.5,0.023939748108386994,0.0,0.0,2,64,24,0.375,40.0,0.625,0.625,2
S18,EmaTentGridS40E50B10M085,0.9948471188545227,0.9948471188545227,0.6655327081680298,1,0.40051528811454773,0.5,0.09948471188545227,0.0,0.0,3,63,35,0.5555555555555556,28.0,0.4444444444444444,0.5555555555555556,2
S18,EmaTentGridS30E50B20M085,0.7192286252975464,0.7192286252975464,0.8862815499305725,1,0.35615427494049073,0.5,0.1438457250595093,0.0,0.0,0,64,13,0.203125,51.0,0.796875,0.796875,2
S18,EmaTentGridS30E50B20M085,0.7895033955574036,0.7895033955574036,0.8833072781562805,1,0.3420993208885193,0.5,0.15790067911148073,0.0,0.0,1,64,44,0.6875,20.0,0.3125,0.6875,2
S18,EmaTentGridS30E50B20M085,0.24624979496002197,0.24624979496002197,0.9591338634490967,1,0.4507500410079956,0.5,0.0492499589920044,0.0,0.0,2,64,24,0.375,40.0,0.625,0.625,2
S18,EmaTentGridS30E50B20M085,0.9962246417999268,0.9962246417999268,0.6684858798980713,1,0.30075507164001464,0.5,0.19924492835998536,0.0,0.0,3,63,35,0.5555555555555556,28.0,0.4444444444444444,0.5555555555555556,2
S18,EmaTentGridS20E50B30M075,0.7192286252975464,0.7192286252975464,0.8862815499305725,1,0.2842314124107361,0.5,0.2157685875892639,0.0,0.0,0,64,13,0.203125,51.0,0.796875,0.796875,2
S18,EmaTentGridS20E50B30M075,0.7380562424659729,0.7380562424659729,0.8725147843360901,1,0.2785831272602081,0.5,0.22141687273979185,0.0,0.0,1,64,44,0.6875,20.0,0.3125,0.6875,2
S18,EmaTentGridS20E50B30M075,0.24744433164596558,0.24744433164596558,0.9588711261749268,1,0.42576670050621035,0.5,0.07423329949378966,0.0,0.0,2,64,24,0.375,40.0,0.625,0.625,2
S18,EmaTentGridS20E50B30M075,0.9967913031578064,0.9967913031578064,0.6408272981643677,1,0.2009626090526581,0.5,0.2990373909473419,0.0,0.0,3,63,35,0.5555555555555556,28.0,0.4444444444444444,0.5555555555555556,2
S18,EMATent,0.7192286252975464,0.7192286252975464,0.8862815499305725,1,0.2842314124107361,0.5,0.2157685875892639,0.0,0.0,0,64,13,0.203125,51.0,0.796875,0.796875,2
S18,EMATent,0.7698103189468384,0.7698103189468384,0.8796482682228088,1,0.2690569043159485,0.5,0.2309430956840515,0.0,0.0,1,64,44,0.6875,20.0,0.3125,0.6875,2
S18,EMATent,0.24645119905471802,0.24645119905471802,0.9590895771980286,1,0.4260646402835846,0.5,0.0739353597164154,0.0,0.0,2,64,24,0.375,40.0,0.625,0.625,2
S18,EMATent,0.9966011047363281,0.9966011047363281,0.6550847291946411,1,0.20101966857910158,0.5,0.2989803314208984,0.0,0.0,3,63,35,0.5555555555555556,28.0,0.4444444444444444,0.5555555555555556,2
S18,EMATentAdaptive,0.7192286252975464,0.7192286252975464,0.8862815499305725,1,0.2842314124107361,0.5,0.2157685875892639,0.0,0.0,0,64,13,0.203125,51.0,0.796875,0.796875,2
S18,EMATentAdaptive,0.7968723177909851,0.7968723177909851,0.8849997520446777,1,0.26093830466270446,0.5,0.23906169533729552,0.0,0.0,1,64,44,0.6875,20.0,0.3125,0.6875,2
S18,EMATentAdaptive,0.2547762989997864,0.2547762989997864,0.9572467803955078,1,0.4235671103000641,0.5,0.0764328896999359,0.0,0.0,2,64,24,0.375,40.0,0.625,0.625,2
S18,EMATentAdaptive,0.9977414608001709,0.9977414608001709,0.671444833278656,1,0.20067756175994875,0.5,0.2993224382400513,0.0,0.0,3,63,35,0.5555555555555556,28.0,0.4444444444444444,0.5555555555555556,2
S18,EmaTentGridS20E50B30M090,0.7192286252975464,0.7192286252975464,0.8862815499305725,1,0.2842314124107361,0.5,0.2157685875892639,0.0,0.0,0,64,13,0.203125,51.0,0.796875,0.796875,2
S18,EmaTentGridS20E50B30M090,0.8217065334320068,0.8217065334320068,0.8881022930145264,1,0.253488039970398,0.5,0.24651196002960205,0.0,0.0,1,64,44,0.6875,20.0,0.3125,0.6875,2
S18,EmaTentGridS20E50B30M090,0.2719290554523468,0.2719290554523468,0.9549103379249573,1,0.41842128336429596,0.5,0.08157871663570404,0.0,0.0,2,64,24,0.375,40.0,0.625,0.625,2
S18,EmaTentGridS20E50B30M090,0.9985068440437317,0.9985068440437317,0.6962776184082031,1,0.2004479467868805,0.5,0.2995520532131195,0.0,0.0,3,63,35,0.5555555555555556,28.0,0.4444444444444444,0.5555555555555556,2
S18,EmaTentGridS20E50B30M095,0.7192286252975464,0.7192286252975464,0.8862815499305725,1,0.2842314124107361,0.5,0.2157685875892639,0.0,0.0,0,64,13,0.203125,51.0,0.796875,0.796875,2
S18,EmaTentGridS20E50B30M095,0.8445295691490173,0.8445295691490173,0.8895028829574585,1,0.2466411292552948,0.5,0.2533588707447052,0.0,0.0,1,64,44,0.6875,20.0,0.3125,0.6875,2
S18,EmaTentGridS20E50B30M095,0.2960547208786011,0.2960547208786011,0.9530560374259949,1,0.4111835837364197,0.5,0.08881641626358032,0.0,0.0,2,64,24,0.375,40.0,0.625,0.625,2
S18,EmaTentGridS20E50B30M095,0.9978736042976379,0.9978736042976379,0.7469914555549622,1,0.20063791871070863,0.5,0.29936208128929137,0.0,0.0,3,63,35,0.5555555555555556,28.0,0.4444444444444444,0.5555555555555556,2
S18,EmaTentGridS10E50B40M085,0.7192286252975464,0.7192286252975464,0.8862815499305725,1,0.21230854988098147,0.5,0.2876914501190186,0.0,0.0,0,64,13,0.203125,51.0,0.796875,0.796875,2
S18,EmaTentGridS10E50B40M085,0.803239643573761,0.803239643573761,0.8862249255180359,1,0.1787041425704956,0.5,0.3212958574295044,0.0,0.0,1,64,44,0.6875,20.0,0.3125,0.6875,2
S18,EmaTentGridS10E50B40M085,0.265015184879303,0.265015184879303,0.9549431800842285,1,0.3939939260482789,0.5,0.1060060739517212,0.0,0.0,2,64,24,0.375,40.0,0.625,0.625,2
S18,EmaTentGridS10E50B40M085,0.998908281326294,0.998908281326294,0.6743622422218323,1,0.10043668746948242,0.5,0.3995633125305176,0.0,0.0,3,63,35,0.5555555555555556,28.0,0.4444444444444444,0.5555555555555556,2
S19,EMATentSafe,0.8336585760116577,0.8336585760116577,0.7677780389785767,1,0.5166341423988342,0.4,0.08336585760116577,0.0,0.0,0,64,42,0.65625,22.0,0.34375,0.65625,2
S19,EMATentSafe,0.7068762183189392,0.7068762183189392,0.8669775724411011,1,0.5293123781681061,0.4,0.07068762183189392,0.0,0.0,1,64,34,0.53125,30.0,0.46875,0.53125,2
S19,EMATentSafe,0.9151071310043335,0.9151071310043335,0.7142476439476013,1,0.5084892868995666,0.4,0.09151071310043335,0.0,0.0,2,64,58,0.90625,6.0,0.09375,0.90625,2
S19,EMATentSafe,0.9101309180259705,0.9101309180259705,0.7091666460037231,1,0.508986908197403,0.4,0.09101309180259705,0.0,0.0,3,9,1,0.1111111111111111,8.0,0.8888888888888888,0.8888888888888888,2
S19,EmaTentGridS40E50B10M085,0.8336611986160278,0.8336611986160278,0.7677768468856812,1,0.41663388013839725,0.5,0.08336611986160279,0.0,0.0,0,64,42,0.65625,22.0,0.34375,0.65625,2
S19,EmaTentGridS40E50B10M085,0.7097972631454468,0.7097972631454468,0.871505856513977,1,0.42902027368545537,0.5,0.07097972631454467,0.0,0.0,1,64,34,0.53125,30.0,0.46875,0.53125,2
S19,EmaTentGridS40E50B10M085,0.8853020071983337,0.8853020071983337,0.7241512537002563,1,0.41146979928016664,0.5,0.08853020071983338,0.0,0.0,2,64,58,0.90625,6.0,0.09375,0.90625,2
S19,EmaTentGridS40E50B10M085,0.6462968587875366,0.6462968587875366,0.8349320888519287,1,0.4353703141212464,0.5,0.06462968587875366,0.0,0.0,3,9,1,0.1111111111111111,8.0,0.8888888888888888,0.8888888888888888,2
S19,EmaTentGridS30E50B20M085,0.8336611986160278,0.8336611986160278,0.7677768468856812,1,0.33326776027679444,0.5,0.16673223972320558,0.0,0.0,0,64,42,0.65625,22.0,0.34375,0.65625,2
S19,EmaTentGridS30E50B20M085,0.7097706198692322,0.7097706198692322,0.8714532852172852,1,0.35804587602615356,0.5,0.14195412397384644,0.0,0.0,1,64,34,0.53125,30.0,0.46875,0.53125,2
S19,EmaTentGridS30E50B20M085,0.8955429196357727,0.8955429196357727,0.7194715738296509,1,0.32089141607284544,0.5,0.17910858392715456,0.0,0.0,2,64,58,0.90625,6.0,0.09375,0.90625,2
S19,EmaTentGridS30E50B20M085,0.6867426037788391,0.6867426037788391,0.8169321417808533,1,0.3626514792442322,0.5,0.13734852075576784,0.0,0.0,3,9,1,0.1111111111111111,8.0,0.8888888888888888,0.8888888888888888,2
S19,EmaTentGridS20E50B30M075,0.8336611986160278,0.8336611986160278,0.7677768468856812,1,0.24990164041519167,0.5,0.25009835958480836,0.0,0.0,0,64,42,0.65625,22.0,0.34375,0.65625,2
S19,EmaTentGridS20E50B30M075,0.7228583097457886,0.7228583097457886,0.8741492033004761,1,0.2831425070762634,0.5,0.21685749292373657,0.0,0.0,1,64,34,0.53125,30.0,0.46875,0.53125,2
S19,EmaTentGridS20E50B30M075,0.8674889206886292,0.8674889206886292,0.7262629866600037,1,0.23975332379341127,0.5,0.26024667620658876,0.0,0.0,2,64,58,0.90625,6.0,0.09375,0.90625,2
S19,EmaTentGridS20E50B30M075,0.512076199054718,0.512076199054718,0.8859284520149231,1,0.3463771402835846,0.5,0.1536228597164154,0.0,0.0,3,9,1,0.1111111111111111,8.0,0.8888888888888888,0.8888888888888888,2
S19,EMATent,0.8336611986160278,0.8336611986160278,0.7677768468856812,1,0.24990164041519167,0.5,0.25009835958480836,0.0,0.0,0,64,42,0.65625,22.0,0.34375,0.65625,2
S19,EMATent,0.7152267098426819,0.7152267098426819,0.8730020523071289,1,0.2854319870471954,0.5,0.21456801295280456,0.0,0.0,1,64,34,0.53125,30.0,0.46875,0.53125,2
S19,EMATent,0.885989248752594,0.885989248752594,0.721118688583374,1,0.2342032253742218,0.5,0.26579677462577816,0.0,0.0,2,64,58,0.90625,6.0,0.09375,0.90625,2
S19,EMATent,0.601841926574707,0.601841926574707,0.8531732559204102,1,0.3194474220275879,0.5,0.18055257797241211,0.0,0.0,3,9,1,0.1111111111111111,8.0,0.8888888888888888,0.8888888888888888,2
S19,EMATentAdaptive,0.8336611986160278,0.8336611986160278,0.7677768468856812,1,0.24990164041519167,0.5,0.25009835958480836,0.0,0.0,0,64,42,0.65625,22.0,0.34375,0.65625,2
S19,EMATentAdaptive,0.7100552320480347,0.7100552320480347,0.871369481086731,1,0.2869834303855896,0.5,0.2130165696144104,0.0,0.0,1,64,34,0.53125,30.0,0.46875,0.53125,2
S19,EMATentAdaptive,0.9030992984771729,0.9030992984771729,0.7168172597885132,1,0.22907021045684817,0.5,0.27092978954315183,0.0,0.0,2,64,58,0.90625,6.0,0.09375,0.90625,2
S19,EMATentAdaptive,0.7281509637832642,0.7281509637832642,0.7968665361404419,1,0.28155471086502076,0.5,0.21844528913497924,0.0,0.0,3,9,1,0.1111111111111111,8.0,0.8888888888888888,0.8888888888888888,2
S19,EmaTentGridS20E50B30M090,0.8336611986160278,0.8336611986160278,0.7677768468856812,1,0.24990164041519167,0.5,0.25009835958480836,0.0,0.0,0,64,42,0.65625,22.0,0.34375,0.65625,2
S19,EmaTentGridS20E50B30M090,0.7074567675590515,0.7074567675590515,0.867692232131958,1,0.28776296973228455,0.5,0.21223703026771545,0.0,0.0,1,64,34,0.53125,30.0,0.46875,0.53125,2
S19,EmaTentGridS20E50B30M090,0.9187816977500916,0.9187816977500916,0.71185302734375,1,0.22436549067497255,0.5,0.2756345093250275,0.0,0.0,2,64,58,0.90625,6.0,0.09375,0.90625,2
S19,EmaTentGridS20E50B30M090,0.8837382793426514,0.8837382793426514,0.7109647393226624,1,0.2348785161972046,0.5,0.2651214838027954,0.0,0.0,3,9,1,0.1111111111111111,8.0,0.8888888888888888,0.8888888888888888,2
S19,EmaTentGridS20E50B30M095,0.8336611986160278,0.8336611986160278,0.7677768468856812,1,0.24990164041519167,0.5,0.25009835958480836,0.0,0.0,0,64,42,0.65625,22.0,0.34375,0.65625,2
S19,EmaTentGridS20E50B30M095,0.708064615726471,0.708064615726471,0.8651409149169922,1,0.2875806152820587,0.5,0.21241938471794128,0.0,0.0,1,64,34,0.53125,30.0,0.46875,0.53125,2
S19,EmaTentGridS20E50B30M095,0.934519350528717,0.934519350528717,0.7067057490348816,1,0.2196441948413849,0.5,0.2803558051586151,0.0,0.0,2,64,58,0.90625,6.0,0.09375,0.90625,2
S19,EmaTentGridS20E50B30M095,0.9928486347198486,0.9928486347198486,0.7180248498916626,1,0.20214540958404542,0.5,0.2978545904159546,0.0,0.0,3,9,1,0.1111111111111111,8.0,0.8888888888888888,0.8888888888888888,2
S19,EmaTentGridS10E50B40M085,0.8336611986160278,0.8336611986160278,0.7677768468856812,1,0.1665355205535889,0.5,0.33346447944641117,0.0,0.0,0,64,42,0.65625,22.0,0.34375,0.65625,2
S19,EmaTentGridS10E50B40M085,0.7111631035804749,0.7111631035804749,0.8710199594497681,1,0.21553475856781007,0.5,0.28446524143218993,0.0,0.0,1,64,34,0.53125,30.0,0.46875,0.53125,2
S19,EmaTentGridS10E50B40M085,0.9085396528244019,0.9085396528244019,0.7153838872909546,1,0.13658413887023926,0.5,0.36341586112976076,0.0,0.0,2,64,58,0.90625,6.0,0.09375,0.90625,2
S19,EmaTentGridS10E50B40M085,0.7679625749588013,0.7679625749588013,0.7756884098052979,1,0.19281497001647951,0.5,0.30718502998352054,0.0,0.0,3,9,1,0.1111111111111111,8.0,0.8888888888888888,0.8888888888888888,2
S20,EMATentSafe,0.9742019772529602,0.9742019772529602,0.6717685461044312,1,0.502579802274704,0.4,0.09742019772529603,0.0,0.0,0,64,48,0.75,16.0,0.25,0.75,2
S20,EMATentSafe,0.9933428764343262,0.9933428764343262,0.6512430906295776,1,0.5006657123565674,0.4,0.09933428764343262,0.0,0.0,1,64,34,0.53125,30.0,0.46875,0.53125,2
S20,EMATentSafe,0.587046205997467,0.587046205997467,0.8589254021644592,1,0.5412953794002533,0.4,0.05870462059974671,0.0,0.0,2,64,50,0.78125,14.0,0.21875,0.78125,2
S20,EMATentSafe,0.7519848346710205,0.7519848346710205,0.7876812815666199,1,0.524801516532898,0.4,0.07519848346710206,0.0,0.0,3,64,29,0.453125,35.0,0.546875,0.546875,2
S20,EMATentSafe,0.9983287453651428,0.9983287453651428,0.5645889639854431,1,0.5001671254634857,0.4,0.0998328745365143,0.0,0.0,4,27,0,0.0,27.0,1.0,1.0,1
S20,EmaTentGridS40E50B10M085,0.9742019772529602,0.9742019772529602,0.6717686653137207,1,0.402579802274704,0.5,0.09742019772529603,0.0,0.0,0,64,48,0.75,16.0,0.25,0.75,2
S20,EmaTentGridS40E50B10M085,0.9867705702781677,0.9867705702781677,0.6492999792098999,1,0.40132294297218324,0.5,0.09867705702781678,0.0,0.0,1,64,34,0.53125,30.0,0.46875,0.53125,2
S20,EmaTentGridS40E50B10M085,0.5213294625282288,0.5213294625282288,0.8827756643295288,1,0.44786705374717717,0.5,0.05213294625282288,0.0,0.0,2,64,50,0.78125,14.0,0.21875,0.78125,2
S20,EmaTentGridS40E50B10M085,0.7752132415771484,0.7752132415771484,0.77386474609375,1,0.42247867584228516,0.5,0.07752132415771484,0.0,0.0,3,64,29,0.453125,35.0,0.546875,0.546875,2
S20,EmaTentGridS40E50B10M085,0.9973973631858826,0.9973973631858826,0.5419756174087524,1,0.40026026368141177,0.5,0.09973973631858826,0.0,0.0,4,27,0,0.0,27.0,1.0,1.0,1
S20,EmaTentGridS30E50B20M085,0.9742019772529602,0.9742019772529602,0.6717686653137207,1,0.30515960454940794,0.5,0.19484039545059206,0.0,0.0,0,64,48,0.75,16.0,0.25,0.75,2
S20,EmaTentGridS30E50B20M085,0.989007294178009,0.989007294178009,0.6491938829421997,1,0.3021985411643982,0.5,0.19780145883560182,0.0,0.0,1,64,34,0.53125,30.0,0.46875,0.53125,2
S20,EmaTentGridS30E50B20M085,0.5409248471260071,0.5409248471260071,0.8759381771087646,1,0.3918150305747986,0.5,0.10818496942520142,0.0,0.0,2,64,50,0.78125,14.0,0.21875,0.78125,2
S20,EmaTentGridS30E50B20M085,0.7790274620056152,0.7790274620056152,0.7722823023796082,1,0.34419450759887693,0.5,0.15580549240112307,0.0,0.0,3,64,29,0.453125,35.0,0.546875,0.546875,2
S20,EmaTentGridS30E50B20M085,0.996801495552063,0.996801495552063,0.5470197796821594,1,0.3006397008895874,0.5,0.19936029911041261,0.0,0.0,4,27,0,0.0,27.0,1.0,1.0,1
S20,EmaTentGridS20E50B30M075,0.9742019772529602,0.9742019772529602,0.6717686653137207,1,0.20773940682411196,0.5,0.29226059317588804,0.0,0.0,0,64,48,0.75,16.0,0.25,0.75,2
S20,EmaTentGridS20E50B30M075,0.9838184118270874,0.9838184118270874,0.6470615863800049,1,0.2048544764518738,0.5,0.29514552354812623,0.0,0.0,1,64,34,0.53125,30.0,0.46875,0.53125,2
S20,EmaTentGridS20E50B30M075,0.5034836530685425,0.5034836530685425,0.8888137936592102,1,0.3489549040794373,0.5,0.15104509592056273,0.0,0.0,2,64,50,0.78125,14.0,0.21875,0.78125,2
S20,EmaTentGridS20E50B30M075,0.8424475789070129,0.8424475789070129,0.7342838048934937,1,0.24726572632789612,0.5,0.2527342736721039,0.0,0.0,3,64,29,0.453125,35.0,0.546875,0.546875,2
S20,EmaTentGridS20E50B30M075,0.9875244498252869,0.9875244498252869,0.567101001739502,1,0.20374266505241395,0.5,0.29625733494758605,0.0,0.0,4,27,0,0.0,27.0,1.0,1.0,1
S20,EMATent,0.9742019772529602,0.9742019772529602,0.6717686653137207,1,0.20773940682411196,0.5,0.29226059317588804,0.0,0.0,0,64,48,0.75,16.0,0.25,0.75,2
S20,EMATent,0.9872643351554871,0.9872643351554871,0.648684024810791,1,0.2038206994533539,0.5,0.2961793005466461,0.0,0.0,1,64,34,0.53125,30.0,0.46875,0.53125,2
S20,EMATent,0.5248717665672302,0.5248717665672302,0.8815559148788452,1,0.34253847002983095,0.5,0.15746152997016907,0.0,0.0,2,64,50,0.78125,14.0,0.21875,0.78125,2
S20,EMATent,0.8077774047851562,0.8077774047851562,0.7560400366783142,1,0.25766677856445314,0.5,0.24233322143554686,0.0,0.0,3,64,29,0.453125,35.0,0.546875,0.546875,2
S20,EMATent,0.993131160736084,0.993131160736084,0.5535929203033447,1,0.20206065177917482,0.5,0.2979393482208252,0.0,0.0,4,27,0,0.0,27.0,1.0,1.0,1
S20,EMATentAdaptive,0.9742019772529602,0.9742019772529602,0.6717686653137207,1,0.20773940682411196,0.5,0.29226059317588804,0.0,0.0,0,64,48,0.75,16.0,0.25,0.75,2
S20,EMATentAdaptive,0.9906810522079468,0.9906810522079468,0.6494006514549255,1,0.20279568433761597,0.5,0.29720431566238403,0.0,0.0,1,64,34,0.53125,30.0,0.46875,0.53125,2
S20,EMATentAdaptive,0.5544588565826416,0.5544588565826416,0.8710836172103882,1,0.33366234302520753,0.5,0.16633765697479247,0.0,0.0,2,64,50,0.78125,14.0,0.21875,0.78125,2
S20,EMATentAdaptive,0.7805984616279602,0.7805984616279602,0.7719141244888306,1,0.2658204615116119,0.5,0.23417953848838804,0.0,0.0,3,64,29,0.453125,35.0,0.546875,0.546875,2
S20,EMATentAdaptive,0.9957409501075745,0.9957409501075745,0.5527487993240356,1,0.20127771496772767,0.5,0.29872228503227233,0.0,0.0,4,27,0,0.0,27.0,1.0,1.0,1
S20,EmaTentGridS20E50B30M090,0.9742019772529602,0.9742019772529602,0.6717686653137207,1,0.20773940682411196,0.5,0.29226059317588804,0.0,0.0,0,64,48,0.75,16.0,0.25,0.75,2
S20,EmaTentGridS20E50B30M090,0.9938639998435974,0.9938639998435974,0.651179313659668,1,0.2018408000469208,0.5,0.2981591999530792,0.0,0.0,1,64,34,0.53125,30.0,0.46875,0.53125,2
S20,EmaTentGridS20E50B30M090,0.5929914712905884,0.5929914712905884,0.8566321134567261,1,0.3221025586128235,0.5,0.1778974413871765,0.0,0.0,2,64,50,0.78125,14.0,0.21875,0.78125,2
S20,EmaTentGridS20E50B30M090,0.764574408531189,0.764574408531189,0.7816252708435059,1,0.2706276774406433,0.5,0.2293723225593567,0.0,0.0,3,64,29,0.453125,35.0,0.546875,0.546875,2
S20,EmaTentGridS20E50B30M090,0.9963142275810242,0.9963142275810242,0.5664162635803223,1,0.20110573172569277,0.5,0.29889426827430726,0.0,0.0,4,27,0,0.0,27.0,1.0,1.0,1
S20,EmaTentGridS20E50B30M095,0.9742019772529602,0.9742019772529602,0.6717686653137207,1,0.20773940682411196,0.5,0.29226059317588804,0.0,0.0,0,64,48,0.75,16.0,0.25,0.75,2
S20,EmaTentGridS20E50B30M095,0.996535062789917,0.996535062789917,0.6524115800857544,1,0.20103948116302492,0.5,0.2989605188369751,0.0,0.0,1,64,34,0.53125,30.0,0.46875,0.53125,2
S20,EmaTentGridS20E50B30M095,0.6428367495536804,0.6428367495536804,0.8364068269729614,1,0.3071489751338959,0.5,0.19285102486610411,0.0,0.0,2,64,50,0.78125,14.0,0.21875,0.78125,2
S20,EmaTentGridS20E50B30M095,0.765425980091095,0.765425980091095,0.7838077545166016,1,0.27037220597267153,0.5,0.22962779402732847,0.0,0.0,3,64,29,0.453125,35.0,0.546875,0.546875,2
S20,EmaTentGridS20E50B30M095,0.9958111643791199,0.9958111643791199,0.5786150693893433,1,0.20125665068626405,0.5,0.298743349313736,0.0,0.0,4,27,0,0.0,27.0,1.0,1.0,1
S20,EmaTentGridS10E50B40M085,0.9742019772529602,0.9742019772529602,0.6717686653137207,1,0.11031920909881593,0.5,0.3896807909011841,0.0,0.0,0,64,48,0.75,16.0,0.25,0.75,2
S20,EmaTentGridS10E50B40M085,0.9918642044067383,0.9918642044067383,0.6504819393157959,1,0.10325431823730469,0.5,0.3967456817626953,0.0,0.0,1,64,34,0.53125,30.0,0.46875,0.53125,2
S20,EmaTentGridS10E50B40M085,0.5597132444381714,0.5597132444381714,0.8691688776016235,1,0.27611470222473145,0.5,0.22388529777526855,0.0,0.0,2,64,50,0.78125,14.0,0.21875,0.78125,2
S20,EmaTentGridS10E50B40M085,0.7796573638916016,0.7796573638916016,0.77314293384552,1,0.18813705444335938,0.5,0.3118629455566406,0.0,0.0,3,64,29,0.453125,35.0,0.546875,0.546875,2
S20,EmaTentGridS10E50B40M085,0.9942730665206909,0.9942730665206909,0.559065580368042,1,0.10229077339172364,0.5,0.3977092266082764,0.0,0.0,4,27,0,0.0,27.0,1.0,1.0,1
S21,EMATentSafe,0.9992643594741821,0.9992643594741821,0.5997864007949829,1,0.5000735640525817,0.4,0.09992643594741822,0.0,0.0,0,64,9,0.140625,55.0,0.859375,0.859375,2
S21,EMATentSafe,0.9739626049995422,0.9739626049995422,0.6257282495498657,1,0.5026037395000458,0.4,0.09739626049995423,0.0,0.0,1,64,41,0.640625,23.0,0.359375,0.640625,2
S21,EMATentSafe,0.984703004360199,0.984703004360199,0.6140577793121338,1,0.5015296995639801,0.4,0.0984703004360199,0.0,0.0,2,64,2,0.03125,62.0,0.96875,0.96875,2
S21,EMATentSafe,0.9983096122741699,0.9983096122741699,0.6089999079704285,1,0.500169038772583,0.4,0.099830961227417,0.0,0.0,3,64,40,0.625,24.0,0.375,0.625,2
S21,EMATentSafe,0.9854305982589722,0.9854305982589722,0.5942548513412476,1,0.5014569401741028,0.4,0.09854305982589723,0.0,0.0,4,32,0,0.0,32.0,1.0,1.0,1
S21,EmaTentGridS40E50B10M085,0.9992643594741821,0.9992643594741821,0.5997864007949829,1,0.4000735640525818,0.5,0.09992643594741822,0.0,0.0,0,64,9,0.140625,55.0,0.859375,0.859375,2
S21,EmaTentGridS40E50B10M085,0.966770350933075,0.966770350933075,0.6295347213745117,1,0.4033229649066925,0.5,0.0966770350933075,0.0,0.0,1,64,41,0.640625,23.0,0.359375,0.640625,2
S21,EmaTentGridS40E50B10M085,0.9791412353515625,0.9791412353515625,0.621299684047699,1,0.4020858764648438,0.5,0.09791412353515626,0.0,0.0,2,64,2,0.03125,62.0,0.96875,0.96875,2
S21,EmaTentGridS40E50B10M085,0.9937857389450073,0.9937857389450073,0.6304986476898193,1,0.4006214261054993,0.5,0.09937857389450074,0.0,0.0,3,64,40,0.625,24.0,0.375,0.625,2
S21,EmaTentGridS40E50B10M085,0.9776482582092285,0.9776482582092285,0.6067665219306946,1,0.40223517417907717,0.5,0.09776482582092286,0.0,0.0,4,32,0,0.0,32.0,1.0,1.0,1
S21,EmaTentGridS30E50B20M085,0.9992643594741821,0.9992643594741821,0.5997864007949829,1,0.3001471281051636,0.5,0.19985287189483644,0.0,0.0,0,64,9,0.140625,55.0,0.859375,0.859375,2
S21,EmaTentGridS30E50B20M085,0.968783974647522,0.968783974647522,0.6284265518188477,1,0.3062432050704956,0.5000000000000001,0.19375679492950443,0.0,0.0,1,64,41,0.640625,23.0,0.359375,0.640625,2
S21,EmaTentGridS30E50B20M085,0.9807215929031372,0.9807215929031372,0.618921160697937,1,0.3038556814193726,0.5000000000000001,0.19614431858062747,0.0,0.0,2,64,2,0.03125,62.0,0.96875,0.96875,2
S21,EmaTentGridS30E50B20M085,0.9951949715614319,0.9951949715614319,0.6245417594909668,1,0.3009610056877136,0.5,0.1990389943122864,0.0,0.0,3,64,40,0.625,24.0,0.375,0.625,2
S21,EmaTentGridS30E50B20M085,0.9786860942840576,0.9786860942840576,0.6041312217712402,1,0.3042627811431885,0.5000000000000001,0.19573721885681156,0.0,0.0,4,32,0,0.0,32.0,1.0,1.0,1
S21,EmaTentGridS20E50B30M075,0.9992643594741821,0.9992643594741821,0.5997864007949829,1,0.20022069215774538,0.5,0.29977930784225465,0.0,0.0,0,64,9,0.140625,55.0,0.859375,0.859375,2
S21,EmaTentGridS20E50B30M075,0.9625170826911926,0.9625170826911926,0.6317196488380432,1,0.21124487519264223,0.5,0.28875512480735777,0.0,0.0,1,64,41,0.640625,23.0,0.359375,0.640625,2
S21,EmaTentGridS20E50B30M075,0.9771472215652466,0.9771472215652466,0.6288692951202393,1,0.20685583353042603,0.5,0.293144166469574,0.0,0.0,2,64,2,0.03125,62.0,0.96875,0.96875,2
S21,EmaTentGridS20E50B30M075,0.9921606779098511,0.9921606779098511,0.6433663964271545,1,0.2023517966270447,0.5,0.29764820337295533,0.0,0.0,3,64,40,0.625,24.0,0.375,0.625,2
S21,EmaTentGridS20E50B30M075,0.9526153206825256,0.9526153206825256,0.6340400576591492,1,0.21421540379524232,0.5,0.28578459620475766,0.0,0.0,4,32,0,0.0,32.0,1.0,1.0,1
S21,EMATent,0.9992643594741821,0.9992643594741821,0.5997864007949829,1,0.20022069215774538,0.5,0.29977930784225465,0.0,0.0,0,64,9,0.140625,55.0,0.859375,0.859375,2
S21,EMATent,0.9663429856300354,0.9663429856300354,0.6299492120742798,1,0.21009710431098938,0.5,0.2899028956890106,0.0,0.0,1,64,41,0.640625,23.0,0.359375,0.640625,2
S21,EMATent,0.9791572690010071,0.9791572690010071,0.6224666833877563,1,0.20625281929969788,0.5,0.2937471807003021,0.0,0.0,2,64,2,0.03125,62.0,0.96875,0.96875,2
S21,EMATent,0.9942893981933594,0.9942893981933594,0.631878137588501,1,0.2017131805419922,0.5,0.2982868194580078,0.0,0.0,3,64,40,0.625,24.0,0.375,0.625,2
S21,EMATent,0.9682500958442688,0.9682500958442688,0.6171839237213135,1,0.20952497124671937,0.5,0.29047502875328063,0.0,0.0,4,32,0,0.0,32.0,1.0,1.0,1
S21,EMATentAdaptive,0.9992643594741821,0.9992643594741821,0.5997864007949829,1,0.20022069215774538,0.5,0.29977930784225465,0.0,0.0,0,64,9,0.140625,55.0,0.859375,0.859375,2
S21,EMATentAdaptive,0.970255434513092,0.970255434513092,0.6278799176216125,1,0.2089233696460724,0.5,0.2910766303539276,0.0,0.0,1,64,41,0.640625,23.0,0.359375,0.640625,2
S21,EMATentAdaptive,0.9817450046539307,0.9817450046539307,0.617400050163269,1,0.2054764986038208,0.5,0.29452350139617917,0.0,0.0,2,64,2,0.03125,62.0,0.96875,0.96875,2
S21,EMATentAdaptive,0.9965983629226685,0.9965983629226685,0.6189384460449219,1,0.20102049112319947,0.5,0.2989795088768005,0.0,0.0,3,64,40,0.625,24.0,0.375,0.625,2
S21,EMATentAdaptive,0.9780229330062866,0.9780229330062866,0.6041269302368164,1,0.20659312009811404,0.5,0.29340687990188596,0.0,0.0,4,32,0,0.0,32.0,1.0,1.0,1
S21,EmaTentGridS20E50B30M090,0.9992643594741821,0.9992643594741821,0.5997864007949829,1,0.20022069215774538,0.5,0.29977930784225465,0.0,0.0,0,64,9,0.140625,55.0,0.859375,0.859375,2
S21,EmaTentGridS20E50B30M090,0.9742660522460938,0.9742660522460938,0.6256835460662842,1,0.2077201843261719,0.5,0.2922798156738281,0.0,0.0,1,64,41,0.640625,23.0,0.359375,0.640625,2
S21,EmaTentGridS20E50B30M090,0.9850615859031677,0.9850615859031677,0.614311695098877,1,0.2044815242290497,0.5,0.2955184757709503,0.0,0.0,2,64,2,0.03125,62.0,0.96875,0.96875,2
S21,EmaTentGridS20E50B30M090,0.9981175065040588,0.9981175065040588,0.6102294921875,1,0.20056474804878235,0.5,0.2994352519512176,0.0,0.0,3,64,40,0.625,24.0,0.375,0.625,2
S21,EmaTentGridS20E50B30M090,0.9852548241615295,0.9852548241615295,0.5956478714942932,1,0.20442355275154114,0.5,0.29557644724845883,0.0,0.0,4,32,0,0.0,32.0,1.0,1.0,1
S21,EmaTentGridS20E50B30M095,0.9992643594741821,0.9992643594741821,0.5997864007949829,1,0.20022069215774538,0.5,0.29977930784225465,0.0,0.0,0,64,9,0.140625,55.0,0.859375,0.859375,2
S21,EmaTentGridS20E50B30M095,0.97819584608078,0.97819584608078,0.6231775879859924,1,0.206541246175766,0.5,0.293458753824234,0.0,0.0,1,64,41,0.640625,23.0,0.359375,0.640625,2
S21,EmaTentGridS20E50B30M095,0.9889920949935913,0.9889920949935913,0.6137621402740479,1,0.20330237150192262,0.5,0.2966976284980774,0.0,0.0,2,64,2,0.03125,62.0,0.96875,0.96875,2
S21,EmaTentGridS20E50B30M095,0.998752772808075,0.998752772808075,0.609687089920044,1,0.20037416815757753,0.5,0.2996258318424225,0.0,0.0,3,64,40,0.625,24.0,0.375,0.625,2
S21,EmaTentGridS20E50B30M095,0.9914647340774536,0.9914647340774536,0.589909017086029,1,0.20256057977676392,0.5,0.29743942022323605,0.0,0.0,4,32,0,0.0,32.0,1.0,1.0,1
S21,EmaTentGridS10E50B40M085,0.9992643594741821,0.9992643594741821,0.5997864007949829,1,0.10029425621032716,0.5,0.3997057437896729,0.0,0.0,0,64,9,0.140625,55.0,0.859375,0.859375,2
S21,EmaTentGridS10E50B40M085,0.9710345268249512,0.9710345268249512,0.6280209422111511,1,0.11158618927001954,0.5,0.3884138107299805,0.0,0.0,1,64,41,0.640625,23.0,0.359375,0.640625,2
S21,EmaTentGridS10E50B40M085,0.9819263219833374,0.9819263219833374,0.617140531539917,1,0.10722947120666504,0.5,0.39277052879333496,0.0,0.0,2,64,2,0.03125,62.0,0.96875,0.96875,2
S21,EmaTentGridS10E50B40M085,0.9980428218841553,0.9980428218841553,0.6152995824813843,1,0.10078287124633789,0.5,0.3992171287536621,0.0,0.0,3,64,40,0.625,24.0,0.375,0.625,2
S21,EmaTentGridS10E50B40M085,0.9760969877243042,0.9760969877243042,0.6067702770233154,1,0.10956120491027832,0.5,0.3904387950897217,0.0,0.0,4,32,0,0.0,32.0,1.0,1.0,1
S22,EMATentSafe,0.9575638175010681,0.9575638175010681,0.6626249551773071,1,0.5042436182498932,0.4,0.09575638175010681,0.0,0.0,0,64,25,0.390625,39.0,0.609375,0.609375,2
S22,EMATentSafe,0.8794142603874207,0.8794142603874207,0.7261988520622253,1,0.512058573961258,0.4,0.08794142603874207,0.0,0.0,1,64,41,0.640625,23.0,0.359375,0.640625,2
S22,EMATentSafe,0.9595416784286499,0.9595416784286499,0.6358852386474609,1,0.504045832157135,0.4,0.09595416784286499,0.0,0.0,2,64,36,0.5625,28.0,0.4375,0.5625,2
S22,EMATentSafe,0.9037640690803528,0.9037640690803528,0.685878574848175,1,0.5096235930919647,0.4,0.09037640690803528,0.0,0.0,3,58,31,0.5344827586206896,27.0,0.46551724137931033,0.5344827586206896,2
S22,EmaTentGridS40E50B10M085,0.957565188407898,0.957565188407898,0.6626242995262146,1,0.4042434811592102,0.5,0.0957565188407898,0.0,0.0,0,64,25,0.390625,39.0,0.609375,0.609375,2
S22,EmaTentGridS40E50B10M085,0.914328396320343,0.914328396320343,0.7036402821540833,1,0.4085671603679657,0.5,0.0914328396320343,0.0,0.0,1,64,41,0.640625,23.0,0.359375,0.640625,2
S22,EmaTentGridS40E50B10M085,0.9895816445350647,0.9895816445350647,0.601801335811615,1,0.40104183554649353,0.5,0.09895816445350647,0.0,0.0,2,64,36,0.5625,28.0,0.4375,0.5625,2
S22,EmaTentGridS40E50B10M085,0.9694324731826782,0.9694324731826782,0.6110731363296509,1,0.4030567526817322,0.5,0.09694324731826783,0.0,0.0,3,58,31,0.5344827586206896,27.0,0.46551724137931033,0.5344827586206896,2
S22,EmaTentGridS30E50B20M085,0.957565188407898,0.957565188407898,0.6626242995262146,1,0.30848696231842043,0.5000000000000001,0.19151303768157962,0.0,0.0,0,64,25,0.390625,39.0,0.609375,0.609375,2
S22,EmaTentGridS30E50B20M085,0.9056414365768433,0.9056414365768433,0.7097258567810059,1,0.3188717126846313,0.5,0.18112828731536867,0.0,0.0,1,64,41,0.640625,23.0,0.359375,0.640625,2
S22,EmaTentGridS30E50B20M085,0.9842235445976257,0.9842235445976257,0.608573853969574,1,0.30315529108047484,0.5,0.19684470891952516,0.0,0.0,2,64,36,0.5625,28.0,0.4375,0.5625,2
S22,EmaTentGridS30E50B20M085,0.9528450965881348,0.9528450965881348,0.6345663666725159,1,0.30943098068237307,0.5000000000000001,0.190569019317627,0.0,0.0,3,58,31,0.5344827586206896,27.0,0.46551724137931033,0.5344827586206896,2
S22,EmaTentGridS20E50B30M075,0.957565188407898,0.957565188407898,0.6626242995262146,1,0.21273044347763062,0.5,0.28726955652236935,0.0,0.0,0,64,25,0.390625,39.0,0.609375,0.609375,2
S22,EmaTentGridS20E50B30M075,0.9271903038024902,0.9271903038024902,0.6937626600265503,1,0.22184290885925295,0.5,0.27815709114074705,0.0,0.0,1,64,41,0.640625,23.0,0.359375,0.640625,2
S22,EmaTentGridS20E50B30M075,0.9936452507972717,0.9936452507972717,0.5958742499351501,1,0.2019064247608185,0.5,0.2980935752391815,0.0,0.0,2,64,36,0.5625,28.0,0.4375,0.5625,2
S22,EmaTentGridS20E50B30M075,0.961061418056488,0.961061418056488,0.6221677660942078,1,0.2116815745830536,0.5,0.2883184254169464,0.0,0.0,3,58,31,0.5344827586206896,27.0,0.46551724137931033,0.5344827586206896,2
S22,EMATent,0.957565188407898,0.957565188407898,0.6626242995262146,1,0.21273044347763062,0.5,0.28726955652236935,0.0,0.0,0,64,25,0.390625,39.0,0.609375,0.609375,2
S22,EMATent,0.9129132032394409,0.9129132032394409,0.7047140598297119,1,0.22612603902816775,0.5,0.27387396097183225,0.0,0.0,1,64,41,0.640625,23.0,0.359375,0.640625,2
S22,EMATent,0.9878911972045898,0.9878911972045898,0.6032909154891968,1,0.20363264083862306,0.5,0.29636735916137696,0.0,0.0,2,64,36,0.5625,28.0,0.4375,0.5625,2
S22,EMATent,0.9508109092712402,0.9508109092712402,0.6364476680755615,1,0.21475672721862793,0.5,0.28524327278137207,0.0,0.0,3,58,31,0.5344827586206896,27.0,0.46551724137931033,0.5344827586206896,2
S22,EMATentAdaptive,0.957565188407898,0.957565188407898,0.6626242995262146,1,0.21273044347763062,0.5,0.28726955652236935,0.0,0.0,0,64,25,0.390625,39.0,0.609375,0.609375,2
S22,EMATentAdaptive,0.8961690664291382,0.8961690664291382,0.7160272598266602,1,0.23114928007125857,0.5,0.26885071992874143,0.0,0.0,1,64,41,0.640625,23.0,0.359375,0.640625,2
S22,EMATentAdaptive,0.9772368669509888,0.9772368669509888,0.6167938709259033,1,0.20682893991470339,0.5,0.29317106008529664,0.0,0.0,2,64,36,0.5625,28.0,0.4375,0.5625,2
S22,EMATentAdaptive,0.9308534860610962,0.9308534860610962,0.6597832441329956,1,0.22074395418167114,0.5,0.27925604581832886,0.0,0.0,3,58,31,0.5344827586206896,27.0,0.46551724137931033,0.5344827586206896,2
S22,EmaTentGridS20E50B30M090,0.957565188407898,0.957565188407898,0.6626242995262146,1,0.21273044347763062,0.5,0.28726955652236935,0.0,0.0,0,64,25,0.390625,39.0,0.609375,0.609375,2
S22,EmaTentGridS20E50B30M090,0.876928985118866,0.876928985118866,0.7277889251708984,1,0.23692130446434023,0.5,0.26307869553565977,0.0,0.0,1,64,41,0.640625,23.0,0.359375,0.640625,2
S22,EmaTentGridS20E50B30M090,0.9587637186050415,0.9587637186050415,0.6369394063949585,1,0.21237088441848756,0.5,0.28762911558151244,0.0,0.0,2,64,36,0.5625,28.0,0.4375,0.5625,2
S22,EmaTentGridS20E50B30M090,0.895918607711792,0.895918607711792,0.6927719116210938,1,0.2312244176864624,0.5,0.2687755823135376,0.0,0.0,3,58,31,0.5344827586206896,27.0,0.46551724137931033,0.5344827586206896,2
S22,EmaTentGridS20E50B30M095,0.957565188407898,0.957565188407898,0.6626242995262146,1,0.21273044347763062,0.5,0.28726955652236935,0.0,0.0,0,64,25,0.390625,39.0,0.609375,0.609375,2
S22,EmaTentGridS20E50B30M095,0.8548861742019653,0.8548861742019653,0.7416162490844727,1,0.2435341477394104,0.5,0.2564658522605896,0.0,0.0,1,64,41,0.640625,23.0,0.359375,0.640625,2
S22,EmaTentGridS20E50B30M095,0.9282134175300598,0.9282134175300598,0.6663117408752441,1,0.22153597474098208,0.5,0.2784640252590179,0.0,0.0,2,64,36,0.5625,28.0,0.4375,0.5625,2
S22,EmaTentGridS20E50B30M095,0.8363487720489502,0.8363487720489502,0.7368481755256653,1,0.24909536838531496,0.5,0.25090463161468507,0.0,0.0,3,58,31,0.5344827586206896,27.0,0.46551724137931033,0.5344827586206896,2
S22,EmaTentGridS10E50B40M085,0.957565188407898,0.957565188407898,0.6626242995262146,1,0.11697392463684082,0.5,0.3830260753631592,0.0,0.0,0,64,25,0.390625,39.0,0.609375,0.609375,2
S22,EmaTentGridS10E50B40M085,0.883748471736908,0.883748471736908,0.7241077423095703,1,0.14650061130523684,0.5,0.3534993886947632,0.0,0.0,1,64,41,0.640625,23.0,0.359375,0.640625,2
S22,EmaTentGridS10E50B40M085,0.9668209552764893,0.9668209552764893,0.6276319026947021,1,0.1132716178894043,0.5,0.38672838211059574,0.0,0.0,2,64,36,0.5625,28.0,0.4375,0.5625,2
S22,EmaTentGridS10E50B40M085,0.8986926078796387,0.8986926078796387,0.6893727779388428,1,0.14052295684814453,0.5,0.35947704315185547,0.0,0.0,3,58,31,0.5344827586206896,27.0,0.46551724137931033,0.5344827586206896,2
S23,EMATentSafe,0.9948977828025818,0.9948977828025818,0.629023551940918,1,0.5005102217197418,0.4,0.09948977828025818,0.0,0.0,0,64,19,0.296875,45.0,0.703125,0.703125,2
S23,EMATentSafe,0.8811042904853821,0.8811042904853821,0.7008194923400879,1,0.5118895709514618,0.4,0.08811042904853822,0.0,0.0,1,64,38,0.59375,26.0,0.40625,0.59375,2
S23,EMATentSafe,0.876708447933197,0.876708447933197,0.7037099003791809,1,0.5123291552066803,0.4,0.08767084479331971,0.0,0.0,2,64,46,0.71875,18.0,0.28125,0.71875,2
S23,EMATentSafe,0.8554863929748535,0.8554863929748535,0.7245919108390808,1,0.5144513607025146,0.4,0.08554863929748535,0.0,0.0,3,51,21,0.4117647058823529,30.0,0.5882352941176471,0.5882352941176471,2
S23,EmaTentGridS40E50B10M085,0.9948974251747131,0.9948974251747131,0.629024088382721,1,0.4005102574825287,0.5,0.09948974251747132,0.0,0.0,0,64,19,0.296875,45.0,0.703125,0.703125,2
S23,EmaTentGridS40E50B10M085,0.8731194734573364,0.8731194734573364,0.7066877484321594,1,0.4126880526542664,0.5,0.08731194734573365,0.0,0.0,1,64,38,0.59375,26.0,0.40625,0.59375,2
S23,EmaTentGridS40E50B10M085,0.8841544389724731,0.8841544389724731,0.6976417899131775,1,0.4115845561027527,0.5,0.08841544389724731,0.0,0.0,2,64,46,0.71875,18.0,0.28125,0.71875,2
S23,EmaTentGridS40E50B10M085,0.8834463953971863,0.8834463953971863,0.7012148499488831,1,0.4116553604602814,0.5,0.08834463953971863,0.0,0.0,3,51,21,0.4117647058823529,30.0,0.5882352941176471,0.5882352941176471,2
S23,EmaTentGridS30E50B20M085,0.9948974251747131,0.9948974251747131,0.629024088382721,1,0.3010205149650574,0.5,0.19897948503494264,0.0,0.0,0,64,19,0.296875,45.0,0.703125,0.703125,2
S23,EmaTentGridS30E50B20M085,0.8753166794776917,0.8753166794776917,0.7050791382789612,1,0.32493666410446165,0.5,0.17506333589553835,0.0,0.0,1,64,38,0.59375,26.0,0.40625,0.59375,2
S23,EmaTentGridS30E50B20M085,0.8832463026046753,0.8832463026046753,0.6983931064605713,1,0.32335073947906495,0.5,0.17664926052093508,0.0,0.0,2,64,46,0.71875,18.0,0.28125,0.71875,2
S23,EmaTentGridS30E50B20M085,0.87671959400177,0.87671959400177,0.7075280547142029,1,0.324656081199646,0.5,0.17534391880035402,0.0,0.0,3,51,21,0.4117647058823529,30.0,0.5882352941176471,0.5882352941176471,2
S23,EmaTentGridS20E50B30M075,0.9948974251747131,0.9948974251747131,0.629024088382721,1,0.20153077244758608,0.5,0.29846922755241395,0.0,0.0,0,64,19,0.296875,45.0,0.703125,0.703125,2
S23,EmaTentGridS20E50B30M075,0.8704268336296082,0.8704268336296082,0.708674967288971,1,0.23887194991111757,0.5,0.26112805008888246,0.0,0.0,1,64,38,0.59375,26.0,0.40625,0.59375,2
S23,EmaTentGridS20E50B30M075,0.8950366377830505,0.8950366377830505,0.6883782148361206,1,0.23148900866508484,0.5,0.26851099133491513,0.0,0.0,2,64,46,0.71875,18.0,0.28125,0.71875,2
S23,EmaTentGridS20E50B30M075,0.8954727053642273,0.8954727053642273,0.6921114921569824,1,0.23135818839073183,0.5,0.2686418116092682,0.0,0.0,3,51,21,0.4117647058823529,30.0,0.5882352941176471,0.5882352941176471,2
S23,EMATent,0.9948974251747131,0.9948974251747131,0.629024088382721,1,0.20153077244758608,0.5,0.29846922755241395,0.0,0.0,0,64,19,0.296875,45.0,0.703125,0.703125,2
S23,EMATent,0.8738721609115601,0.8738721609115601,0.7060441970825195,1,0.237838351726532,0.5,0.262161648273468,0.0,0.0,1,64,38,0.59375,26.0,0.40625,0.59375,2
S23,EMATent,0.888111412525177,0.888111412525177,0.6943303346633911,1,0.23356657624244692,0.5,0.2664334237575531,0.0,0.0,2,64,46,0.71875,18.0,0.28125,0.71875,2
S23,EMATent,0.8839467763900757,0.8839467763900757,0.7021626830101013,1,0.2348159670829773,0.5,0.2651840329170227,0.0,0.0,3,51,21,0.4117647058823529,30.0,0.5882352941176471,0.5882352941176471,2
S23,EMATentAdaptive,0.9948974251747131,0.9948974251747131,0.629024088382721,1,0.20153077244758608,0.5,0.29846922755241395,0.0,0.0,0,64,19,0.296875,45.0,0.703125,0.703125,2
S23,EMATentAdaptive,0.877941906452179,0.877941906452179,0.7031186819076538,1,0.23661742806434632,0.5,0.2633825719356537,0.0,0.0,1,64,38,0.59375,26.0,0.40625,0.59375,2
S23,EMATentAdaptive,0.8826008439064026,0.8826008439064026,0.6989251971244812,1,0.23521974682807922,0.5,0.2647802531719208,0.0,0.0,2,64,46,0.71875,18.0,0.28125,0.71875,2
S23,EMATentAdaptive,0.8710762858390808,0.8710762858390808,0.7134994268417358,1,0.23867711424827576,0.5,0.26132288575172424,0.0,0.0,3,51,21,0.4117647058823529,30.0,0.5882352941176471,0.5882352941176471,2
S23,EmaTentGridS20E50B30M090,0.9948974251747131,0.9948974251747131,0.629024088382721,1,0.20153077244758608,0.5,0.29846922755241395,0.0,0.0,0,64,19,0.296875,45.0,0.703125,0.703125,2
S23,EmaTentGridS20E50B30M090,0.882342517375946,0.882342517375946,0.6998416185379028,1,0.2352972447872162,0.5,0.2647027552127838,0.0,0.0,1,64,38,0.59375,26.0,0.40625,0.59375,2
S23,EmaTentGridS20E50B30M090,0.8784167170524597,0.8784167170524597,0.7023359537124634,1,0.2364749848842621,0.5,0.2635250151157379,0.0,0.0,2,64,46,0.71875,18.0,0.28125,0.71875,2
S23,EmaTentGridS20E50B30M090,0.8571385741233826,0.8571385741233826,0.7247785925865173,1,0.24285842776298525,0.5,0.2571415722370148,0.0,0.0,3,51,21,0.4117647058823529,30.0,0.5882352941176471,0.5882352941176471,2
S23,EmaTentGridS20E50B30M095,0.9948974251747131,0.9948974251747131,0.629024088382721,1,0.20153077244758608,0.5,0.29846922755241395,0.0,0.0,0,64,19,0.296875,45.0,0.703125,0.703125,2
S23,EmaTentGridS20E50B30M095,0.886804461479187,0.886804461479187,0.6964400410652161,1,0.2339586615562439,0.5,0.2660413384437561,0.0,0.0,1,64,38,0.59375,26.0,0.40625,0.59375,2
S23,EmaTentGridS20E50B30M095,0.8753605484962463,0.8753605484962463,0.7047867774963379,1,0.2373918354511261,0.5,0.26260816454887387,0.0,0.0,2,64,46,0.71875,18.0,0.28125,0.71875,2
S23,EmaTentGridS20E50B30M095,0.8425509333610535,0.8425509333610535,0.7360802888870239,1,0.24723471999168398,0.5,0.25276528000831605,0.0,0.0,3,51,21,0.4117647058823529,30.0,0.5882352941176471,0.5882352941176471,2
S23,EmaTentGridS10E50B40M085,0.9948974251747131,0.9948974251747131,0.629024088382721,1,0.10204102993011475,0.5,0.3979589700698853,0.0,0.0,0,64,19,0.296875,45.0,0.703125,0.703125,2
S23,EmaTentGridS10E50B40M085,0.8799879550933838,0.8799879550933838,0.7015935182571411,1,0.1480048179626465,0.5,0.3519951820373535,0.0,0.0,1,64,38,0.59375,26.0,0.40625,0.59375,2
S23,EmaTentGridS10E50B40M085,0.8808788061141968,0.8808788061141968,0.7003368139266968,1,0.1476484775543213,0.5,0.35235152244567874,0.0,0.0,2,64,46,0.71875,18.0,0.28125,0.71875,2
S23,EmaTentGridS10E50B40M085,0.8657018542289734,0.8657018542289734,0.7191197276115417,1,0.15371925830841066,0.5,0.3462807416915894,0.0,0.0,3,51,21,0.4117647058823529,30.0,0.5882352941176471,0.5882352941176471,2
S24,EMATentSafe,0.7968878746032715,0.7968878746032715,0.7598391771316528,1,0.5203112125396728,0.4,0.07968878746032715,0.0,0.0,0,64,8,0.125,56.0,0.875,0.875,2
S24,EMATentSafe,0.967744767665863,0.967744767665863,0.6545292735099792,1,0.5032255232334137,0.4,0.0967744767665863,0.0,0.0,1,64,49,0.765625,15.0,0.234375,0.765625,2
S24,EMATentSafe,0.9537795186042786,0.9537795186042786,0.6313077211380005,1,0.5046220481395721,0.4,0.09537795186042786,0.0,0.0,2,64,20,0.3125,44.0,0.6875,0.6875,2
S24,EMATentSafe,0.8319978713989258,0.8319978713989258,0.7364894151687622,1,0.5168002128601075,0.4,0.08319978713989258,0.0,0.0,3,5,0,0.0,5.0,1.0,1.0,1
S24,EmaTentGridS40E50B10M085,0.7968876957893372,0.7968876957893372,0.7598392963409424,1,0.42031123042106633,0.5,0.07968876957893373,0.0,0.0,0,64,8,0.125,56.0,0.875,0.875,2
S24,EmaTentGridS40E50B10M085,0.9757794141769409,0.9757794141769409,0.6476507186889648,1,0.40242205858230595,0.5,0.0975779414176941,0.0,0.0,1,64,49,0.765625,15.0,0.234375,0.765625,2
S24,EmaTentGridS40E50B10M085,0.9504624605178833,0.9504624605178833,0.635949969291687,1,0.4049537539482117,0.5,0.09504624605178834,0.0,0.0,2,64,20,0.3125,44.0,0.6875,0.6875,2
S24,EmaTentGridS40E50B10M085,0.8615409731864929,0.8615409731864929,0.7154767513275146,1,0.41384590268135074,0.5,0.0861540973186493,0.0,0.0,3,5,0,0.0,5.0,1.0,1.0,1
S24,EmaTentGridS30E50B20M085,0.7968876957893372,0.7968876957893372,0.7598392963409424,1,0.34062246084213255,0.5,0.15937753915786745,0.0,0.0,0,64,8,0.125,56.0,0.875,0.875,2
S24,EmaTentGridS30E50B20M085,0.9772172570228577,0.9772172570228577,0.6468155384063721,1,0.30455654859542847,0.5,0.19544345140457153,0.0,0.0,1,64,49,0.765625,15.0,0.234375,0.765625,2
S24,EmaTentGridS30E50B20M085,0.9447479248046875,0.9447479248046875,0.642385721206665,1,0.3110504150390625,0.5,0.1889495849609375,0.0,0.0,2,64,20,0.3125,44.0,0.6875,0.6875,2
S24,EmaTentGridS30E50B20M085,0.8428812026977539,0.8428812026977539,0.729010283946991,1,0.3314237594604492,0.5,0.16857624053955078,0.0,0.0,3,5,0,0.0,5.0,1.0,1.0,1
S24,EmaTentGridS20E50B30M075,0.7968876957893372,0.7968876957893372,0.7598392963409424,1,0.2609336912631989,0.5,0.23906630873680113,0.0,0.0,0,64,8,0.125,56.0,0.875,0.875,2
S24,EmaTentGridS20E50B30M075,0.9891289472579956,0.9891289472579956,0.635985255241394,1,0.20326131582260132,0.5,0.2967386841773987,0.0,0.0,1,64,49,0.765625,15.0,0.234375,0.765625,2
S24,EmaTentGridS20E50B30M075,0.937082827091217,0.937082827091217,0.6520634889602661,1,0.2188751518726349,0.5,0.2811248481273651,0.0,0.0,2,64,20,0.3125,44.0,0.6875,0.6875,2
S24,EmaTentGridS20E50B30M075,0.847430408000946,0.847430408000946,0.7257975935935974,1,0.2457708775997162,0.5,0.2542291224002838,0.0,0.0,3,5,0,0.0,5.0,1.0,1.0,1
S24,EMATent,0.7968876957893372,0.7968876957893372,0.7598392963409424,1,0.2609336912631989,0.5,0.23906630873680113,0.0,0.0,0,64,8,0.125,56.0,0.875,0.875,2
S24,EMATent,0.9840394258499146,0.9840394258499146,0.6412990689277649,1,0.20478817224502566,0.5,0.29521182775497434,0.0,0.0,1,64,49,0.765625,15.0,0.234375,0.765625,2
S24,EMATent,0.937163233757019,0.937163233757019,0.6511107087135315,1,0.2188510298728943,0.5,0.2811489701271057,0.0,0.0,2,64,20,0.3125,44.0,0.6875,0.6875,2
S24,EMATent,0.8361436724662781,0.8361436724662781,0.7336735725402832,1,0.24915689826011658,0.5,0.2508431017398834,0.0,0.0,3,5,0,0.0,5.0,1.0,1.0,1
S24,EMATentAdaptive,0.7968876957893372,0.7968876957893372,0.7598392963409424,1,0.2609336912631989,0.5,0.23906630873680113,0.0,0.0,0,64,8,0.125,56.0,0.875,0.875,2
S24,EMATentAdaptive,0.9782243967056274,0.9782243967056274,0.6465357542037964,1,0.2065326809883118,0.5,0.2934673190116882,0.0,0.0,1,64,49,0.765625,15.0,0.234375,0.765625,2
S24,EMATentAdaptive,0.9396556615829468,0.9396556615829468,0.6478370428085327,1,0.21810330152511598,0.5,0.281896698474884,0.0,0.0,2,64,20,0.3125,44.0,0.6875,0.6875,2
S24,EMATentAdaptive,0.8250236511230469,0.8250236511230469,0.7411383986473083,1,0.25249290466308594,0.5,0.24750709533691406,0.0,0.0,3,5,0,0.0,5.0,1.0,1.0,1
S24,EmaTentGridS20E50B30M090,0.7968876957893372,0.7968876957893372,0.7598392963409424,1,0.2609336912631989,0.5,0.23906630873680113,0.0,0.0,0,64,8,0.125,56.0,0.875,0.875,2
S24,EmaTentGridS20E50B30M090,0.9717872738838196,0.9717872738838196,0.6519250869750977,1,0.20846381783485413,0.5,0.2915361821651459,0.0,0.0,1,64,49,0.765625,15.0,0.234375,0.765625,2
S24,EmaTentGridS20E50B30M090,0.9453830122947693,0.9453830122947693,0.641218900680542,1,0.2163850963115692,0.5,0.2836149036884308,0.0,0.0,2,64,20,0.3125,44.0,0.6875,0.6875,2
S24,EmaTentGridS20E50B30M090,0.813972532749176,0.813972532749176,0.7482929229736328,1,0.2558082401752472,0.5,0.2441917598247528,0.0,0.0,3,5,0,0.0,5.0,1.0,1.0,1
S24,EmaTentGridS20E50B30M095,0.7968876957893372,0.7968876957893372,0.7598392963409424,1,0.2609336912631989,0.5,0.23906630873680113,0.0,0.0,0,64,8,0.125,56.0,0.875,0.875,2
S24,EmaTentGridS20E50B30M095,0.9648855924606323,0.9648855924606323,0.657524824142456,1,0.21053432226181032,0.5,0.2894656777381897,0.0,0.0,1,64,49,0.765625,15.0,0.234375,0.765625,2
S24,EmaTentGridS20E50B30M095,0.9542747735977173,0.9542747735977173,0.6309963464736938,1,0.21371756792068483,0.5,0.2862824320793152,0.0,0.0,2,64,20,0.3125,44.0,0.6875,0.6875,2
S24,EmaTentGridS20E50B30M095,0.8053433299064636,0.8053433299064636,0.7537109851837158,1,0.2583970010280609,0.5,0.24160299897193907,0.0,0.0,3,5,0,0.0,5.0,1.0,1.0,1
S24,EmaTentGridS10E50B40M085,0.7968876957893372,0.7968876957893372,0.7598392963409424,1,0.18124492168426515,0.5,0.3187550783157349,0.0,0.0,0,64,8,0.125,56.0,0.875,0.875,2
S24,EmaTentGridS10E50B40M085,0.9788784384727478,0.9788784384727478,0.646618127822876,1,0.10844862461090088,0.5,0.3915513753890991,0.0,0.0,1,64,49,0.765625,15.0,0.234375,0.765625,2
S24,EmaTentGridS10E50B40M085,0.9354467391967773,0.9354467391967773,0.6522727012634277,1,0.12582130432128907,0.5,0.374178695678711,0.0,0.0,2,64,20,0.3125,44.0,0.6875,0.6875,2
S24,EmaTentGridS10E50B40M085,0.8089110851287842,0.8089110851287842,0.7514880299568176,1,0.17643556594848633,0.5,0.3235644340515137,0.0,0.0,3,5,0,0.0,5.0,1.0,1.0,1
S25,EMATentSafe,0.8617849349975586,0.8617849349975586,0.7180675268173218,1,0.5138215065002442,0.4,0.08617849349975587,0.0,0.0,0,64,22,0.34375,42.0,0.65625,0.65625,2
S25,EMATentSafe,0.7052859663963318,0.7052859663963318,0.8149623870849609,1,0.5294714033603668,0.4,0.07052859663963318,0.0,0.0,1,64,36,0.5625,28.0,0.4375,0.5625,2
S25,EMATentSafe,0.9599676132202148,0.9599676132202148,0.6340305209159851,1,0.5040032386779785,0.4,0.09599676132202149,0.0,0.0,2,64,40,0.625,24.0,0.375,0.625,2
S25,EMATentSafe,0.7716777324676514,0.7716777324676514,0.7826873660087585,1,0.5228322267532348,0.4,0.07716777324676515,0.0,0.0,3,53,26,0.49056603773584906,27.0,0.5094339622641509,0.5094339622641509,2
S25,EmaTentGridS40E50B10M085,0.8617836236953735,0.8617836236953735,0.7180684208869934,1,0.41382163763046265,0.5,0.08617836236953735,0.0,0.0,0,64,22,0.34375,42.0,0.65625,0.65625,2
S25,EmaTentGridS40E50B10M085,0.7295762300491333,0.7295762300491333,0.8050336837768555,1,0.4270423769950867,0.5,0.07295762300491333,0.0,0.0,1,64,36,0.5625,28.0,0.4375,0.5625,2
S25,EmaTentGridS40E50B10M085,0.9936907887458801,0.9936907887458801,0.5973148345947266,1,0.400630921125412,0.5,0.09936907887458801,0.0,0.0,2,64,40,0.625,24.0,0.375,0.625,2
S25,EmaTentGridS40E50B10M085,0.8767946362495422,0.8767946362495422,0.748974621295929,1,0.4123205363750458,0.5,0.08767946362495423,0.0,0.0,3,53,26,0.49056603773584906,27.0,0.5094339622641509,0.5094339622641509,2
S25,EmaTentGridS30E50B20M085,0.8617836236953735,0.8617836236953735,0.7180684208869934,1,0.3276432752609253,0.5,0.1723567247390747,0.0,0.0,0,64,22,0.34375,42.0,0.65625,0.65625,2
S25,EmaTentGridS30E50B20M085,0.726372480392456,0.726372480392456,0.806091845035553,1,0.3547255039215088,0.5,0.14527449607849122,0.0,0.0,1,64,36,0.5625,28.0,0.4375,0.5625,2
S25,EmaTentGridS30E50B20M085,0.9890077114105225,0.9890077114105225,0.6022382974624634,1,0.3021984577178955,0.5,0.1978015422821045,0.0,0.0,2,64,40,0.625,24.0,0.375,0.625,2
S25,EmaTentGridS30E50B20M085,0.8513489365577698,0.8513489365577698,0.7518001794815063,1,0.32973021268844604,0.5,0.17026978731155396,0.0,0.0,3,53,26,0.49056603773584906,27.0,0.5094339622641509,0.5094339622641509,2
S25,EmaTentGridS20E50B30M075,0.8617836236953735,0.8617836236953735,0.7180684208869934,1,0.24146491289138794,0.5,0.25853508710861206,0.0,0.0,0,64,22,0.34375,42.0,0.65625,0.65625,2
S25,EmaTentGridS20E50B30M075,0.7537904977798462,0.7537904977798462,0.7938827276229858,1,0.27386285066604615,0.5,0.22613714933395385,0.0,0.0,1,64,36,0.5625,28.0,0.4375,0.5625,2
S25,EmaTentGridS20E50B30M075,0.999619722366333,0.999619722366333,0.6021945476531982,1,0.2001140832901001,0.5,0.2998859167098999,0.0,0.0,2,64,40,0.625,24.0,0.375,0.625,2
S25,EmaTentGridS20E50B30M075,0.9017504453659058,0.9017504453659058,0.7551334500312805,1,0.2294748663902283,0.5,0.2705251336097717,0.0,0.0,3,53,26,0.49056603773584906,27.0,0.5094339622641509,0.5094339622641509,2
S25,EMATent,0.8617836236953735,0.8617836236953735,0.7180684208869934,1,0.24146491289138794,0.5,0.25853508710861206,0.0,0.0,0,64,22,0.34375,42.0,0.65625,0.65625,2
S25,EMATent,0.7378086447715759,0.7378086447715759,0.8010891079902649,1,0.2786574065685272,0.5,0.22134259343147278,0.0,0.0,1,64,36,0.5625,28.0,0.4375,0.5625,2
S25,EMATent,0.9972613453865051,0.9972613453865051,0.5939153432846069,1,0.20082159638404848,0.5,0.29917840361595155,0.0,0.0,2,64,40,0.625,24.0,0.375,0.625,2
S25,EMATent,0.8715144395828247,0.8715144395828247,0.749424934387207,1,0.2385456681251526,0.5,0.2614543318748474,0.0,0.0,3,53,26,0.49056603773584906,27.0,0.5094339622641509,0.5094339622641509,2
S25,EMATentAdaptive,0.8617836236953735,0.8617836236953735,0.7180684208869934,1,0.24146491289138794,0.5,0.25853508710861206,0.0,0.0,0,64,22,0.34375,42.0,0.65625,0.65625,2
S25,EMATentAdaptive,0.7223644256591797,0.7223644256591797,0.8077564835548401,1,0.2832906723022461,0.5,0.2167093276977539,0.0,0.0,1,64,36,0.5625,28.0,0.4375,0.5625,2
S25,EMATentAdaptive,0.984434962272644,0.984434962272644,0.60792076587677,1,0.2046695113182068,0.5,0.2953304886817932,0.0,0.0,2,64,40,0.625,24.0,0.375,0.625,2
S25,EMATentAdaptive,0.8279035687446594,0.8279035687446594,0.7601668238639832,1,0.2516289293766022,0.5,0.2483710706233978,0.0,0.0,3,53,26,0.49056603773584906,27.0,0.5094339622641509,0.5094339622641509,2
S25,EmaTentGridS20E50B30M090,0.8617836236953735,0.8617836236953735,0.7180684208869934,1,0.24146491289138794,0.5,0.25853508710861206,0.0,0.0,0,64,22,0.34375,42.0,0.65625,0.65625,2
S25,EmaTentGridS20E50B30M090,0.7077504992485046,0.7077504992485046,0.8138197660446167,1,0.2876748502254486,0.5,0.21232514977455139,0.0,0.0,1,64,36,0.5625,28.0,0.4375,0.5625,2
S25,EmaTentGridS20E50B30M090,0.9633123278617859,0.9633123278617859,0.6306785941123962,1,0.21100630164146425,0.5,0.2889936983585358,0.0,0.0,2,64,40,0.625,24.0,0.375,0.625,2
S25,EmaTentGridS20E50B30M090,0.7761836051940918,0.7761836051940918,0.7802895903587341,1,0.26714491844177246,0.5,0.23285508155822754,0.0,0.0,3,53,26,0.49056603773584906,27.0,0.5094339622641509,0.5094339622641509,2
S25,EmaTentGridS20E50B30M095,0.8617836236953735,0.8617836236953735,0.7180684208869934,1,0.24146491289138794,0.5,0.25853508710861206,0.0,0.0,0,64,22,0.34375,42.0,0.65625,0.65625,2
S25,EmaTentGridS20E50B30M095,0.6935988068580627,0.6935988068580627,0.8194925785064697,1,0.2919203579425812,0.5,0.20807964205741883,0.0,0.0,1,64,36,0.5625,28.0,0.4375,0.5625,2
S25,EmaTentGridS20E50B30M095,0.936646044254303,0.936646044254303,0.6553847193717957,1,0.2190061867237091,0.5,0.28099381327629086,0.0,0.0,2,64,40,0.625,24.0,0.375,0.625,2
S25,EmaTentGridS20E50B30M095,0.7211021184921265,0.7211021184921265,0.8032004237174988,1,0.28366936445236207,0.5,0.21633063554763793,0.0,0.0,3,53,26,0.49056603773584906,27.0,0.5094339622641509,0.5094339622641509,2
S25,EmaTentGridS10E50B40M085,0.8617836236953735,0.8617836236953735,0.7180684208869934,1,0.15528655052185059,0.5,0.3447134494781494,0.0,0.0,0,64,22,0.34375,42.0,0.65625,0.65625,2
S25,EmaTentGridS10E50B40M085,0.7173258662223816,0.7173258662223816,0.8098308444023132,1,0.21306965351104737,0.5,0.28693034648895266,0.0,0.0,1,64,36,0.5625,28.0,0.4375,0.5625,2
S25,EmaTentGridS10E50B40M085,0.9791651368141174,0.9791651368141174,0.6144089698791504,1,0.10833394527435303,0.5,0.391666054725647,0.0,0.0,2,64,40,0.625,24.0,0.375,0.625,2
S25,EmaTentGridS10E50B40M085,0.8051477670669556,0.8051477670669556,0.7686346173286438,1,0.1779408931732178,0.5,0.32205910682678224,0.0,0.0,3,53,26,0.49056603773584906,27.0,0.5094339622641509,0.5094339622641509,2
S26,EMATentSafe,0.8343564867973328,0.8343564867973328,0.7716484069824219,1,0.5165643513202667,0.4,0.08343564867973328,0.0,0.0,0,64,53,0.828125,11.0,0.171875,0.828125,2
S26,EMATentSafe,0.9997206330299377,0.9997206330299377,0.7082767486572266,1,0.5000279366970062,0.4,0.09997206330299378,0.0,0.0,1,64,43,0.671875,21.0,0.328125,0.671875,2
S26,EMATentSafe,0.9755380749702454,0.9755380749702454,0.7107338905334473,1,0.5024461925029755,0.4,0.09755380749702454,0.0,0.0,2,64,42,0.65625,22.0,0.34375,0.65625,2
S26,EMATentSafe,0.9075441956520081,0.9075441956520081,0.721849799156189,1,0.5092455804347992,0.4,0.0907544195652008,0.0,0.0,3,64,26,0.40625,38.0,0.59375,0.59375,2
S26,EMATentSafe,0.8351035714149475,0.8351035714149475,0.7530049681663513,1,0.5164896428585053,0.4,0.08351035714149475,0.0,0.0,4,47,17,0.3617021276595745,30.0,0.6382978723404256,0.6382978723404256,2
S26,EmaTentGridS40E50B10M085,0.8343570828437805,0.8343570828437805,0.771648108959198,1,0.416564291715622,0.5,0.08343570828437806,0.0,0.0,0,64,53,0.828125,11.0,0.171875,0.828125,2
S26,EmaTentGridS40E50B10M085,0.9892681241035461,0.9892681241035461,0.6879409551620483,1,0.4010731875896454,0.5,0.09892681241035461,0.0,0.0,1,64,43,0.671875,21.0,0.328125,0.671875,2
S26,EmaTentGridS40E50B10M085,0.9262171983718872,0.9262171983718872,0.7002729177474976,1,0.4073782801628113,0.5,0.09262171983718873,0.0,0.0,2,64,42,0.65625,22.0,0.34375,0.65625,2
S26,EmaTentGridS40E50B10M085,0.8210760354995728,0.8210760354995728,0.7513021230697632,1,0.4178923964500427,0.5,0.08210760354995728,0.0,0.0,3,64,26,0.40625,38.0,0.59375,0.59375,2
S26,EmaTentGridS40E50B10M085,0.7529738545417786,0.7529738545417786,0.7858858704566956,1,0.42470261454582214,0.5,0.07529738545417786,0.0,0.0,4,47,17,0.3617021276595745,30.0,0.6382978723404256,0.6382978723404256,2
S26,EmaTentGridS30E50B20M085,0.8343570828437805,0.8343570828437805,0.771648108959198,1,0.3331285834312439,0.5,0.16687141656875612,0.0,0.0,0,64,53,0.828125,11.0,0.171875,0.828125,2
S26,EmaTentGridS30E50B20M085,0.9941776990890503,0.9941776990890503,0.6922585368156433,1,0.30116446018218995,0.5,0.19883553981781008,0.0,0.0,1,64,43,0.671875,21.0,0.328125,0.671875,2
S26,EmaTentGridS30E50B20M085,0.9432228803634644,0.9432228803634644,0.6998209953308105,1,0.31135542392730714,0.5,0.1886445760726929,0.0,0.0,2,64,42,0.65625,22.0,0.34375,0.65625,2
S26,EmaTentGridS30E50B20M085,0.8537619709968567,0.8537619709968567,0.7357152104377747,1,0.3292476058006287,0.5,0.17075239419937135,0.0,0.0,3,64,26,0.40625,38.0,0.59375,0.59375,2
S26,EmaTentGridS30E50B20M085,0.7814231514930725,0.7814231514930725,0.7718877196311951,1,0.3437153697013855,0.5,0.1562846302986145,0.0,0.0,4,47,17,0.3617021276595745,30.0,0.6382978723404256,0.6382978723404256,2
S26,EmaTentGridS20E50B30M075,0.8343570828437805,0.8343570828437805,0.771648108959198,1,0.24969287514686586,0.5,0.25030712485313417,0.0,0.0,0,64,53,0.828125,11.0,0.171875,0.828125,2
S26,EmaTentGridS20E50B30M075,0.9633131623268127,0.9633131623268127,0.6866620779037476,1,0.21100605130195618,0.5,0.2889939486980438,0.0,0.0,1,64,43,0.671875,21.0,0.328125,0.671875,2
S26,EmaTentGridS20E50B30M075,0.9052608013153076,0.9052608013153076,0.6999858617782593,1,0.22842175960540773,0.5,0.2715782403945923,0.0,0.0,2,64,42,0.65625,22.0,0.34375,0.65625,2
S26,EmaTentGridS20E50B30M075,0.8237255215644836,0.8237255215644836,0.7513253092765808,1,0.2528823435306549,0.5,0.24711765646934508,0.0,0.0,3,64,26,0.40625,38.0,0.59375,0.59375,2
S26,EmaTentGridS20E50B30M075,0.7590014934539795,0.7590014934539795,0.7806376218795776,1,0.2722995519638062,0.5,0.22770044803619383,0.0,0.0,4,47,17,0.3617021276595745,30.0,0.6382978723404256,0.6382978723404256,2
S26,EMATent,0.8343570828437805,0.8343570828437805,0.771648108959198,1,0.24969287514686586,0.5,0.25030712485313417,0.0,0.0,0,64,53,0.828125,11.0,0.171875,0.828125,2
S26,EMATent,0.9845813512802124,0.9845813512802124,0.6885613203048706,1,0.2046255946159363,0.5,0.29537440538406373,0.0,0.0,1,64,43,0.671875,21.0,0.328125,0.671875,2
S26,EMATent,0.9301741719245911,0.9301741719245911,0.6992968320846558,1,0.2209477484226227,0.5,0.2790522515773773,0.0,0.0,2,64,42,0.65625,22.0,0.34375,0.65625,2
S26,EMATent,0.8446658849716187,0.8446658849716187,0.7405226230621338,1,0.24660023450851443,0.5,0.2533997654914856,0.0,0.0,3,64,26,0.40625,38.0,0.59375,0.59375,2
S26,EMATent,0.7739487290382385,0.7739487290382385,0.7745805978775024,1,0.26781538128852844,0.5,0.23218461871147156,0.0,0.0,4,47,17,0.3617021276595745,30.0,0.6382978723404256,0.6382978723404256,2
S26,EMATentAdaptive,0.8343570828437805,0.8343570828437805,0.771648108959198,1,0.24969287514686586,0.5,0.25030712485313417,0.0,0.0,0,64,53,0.828125,11.0,0.171875,0.828125,2
S26,EMATentAdaptive,0.996926486492157,0.996926486492157,0.6960952877998352,1,0.20092205405235292,0.5,0.2990779459476471,0.0,0.0,1,64,43,0.671875,21.0,0.328125,0.671875,2
S26,EMATentAdaptive,0.9549976587295532,0.9549976587295532,0.7027269601821899,1,0.21350070238113406,0.5,0.28649929761886594,0.0,0.0,2,64,42,0.65625,22.0,0.34375,0.65625,2
S26,EMATentAdaptive,0.8751725554466248,0.8751725554466248,0.7299802303314209,1,0.2374482333660126,0.5,0.26255176663398744,0.0,0.0,3,64,26,0.40625,38.0,0.59375,0.59375,2
S26,EMATentAdaptive,0.8033392429351807,0.8033392429351807,0.762480616569519,1,0.2589982271194458,0.5,0.2410017728805542,0.0,0.0,4,47,17,0.3617021276595745,30.0,0.6382978723404256,0.6382978723404256,2
S26,EmaTentGridS20E50B30M090,0.8343570828437805,0.8343570828437805,0.771648108959198,1,0.24969287514686586,0.5,0.25030712485313417,0.0,0.0,0,64,53,0.828125,11.0,0.171875,0.828125,2
S26,EmaTentGridS20E50B30M090,0.9998059868812561,0.9998059868812561,0.7088009119033813,1,0.20005820393562318,0.5,0.2999417960643768,0.0,0.0,1,64,43,0.671875,21.0,0.328125,0.671875,2
S26,EmaTentGridS20E50B30M090,0.9774221777915955,0.9774221777915955,0.7122759819030762,1,0.20677334666252137,0.5,0.2932266533374786,0.0,0.0,2,64,42,0.65625,22.0,0.34375,0.65625,2
S26,EmaTentGridS20E50B30M090,0.9137584567070007,0.9137584567070007,0.7203128933906555,1,0.22587246298789979,0.5,0.2741275370121002,0.0,0.0,3,64,26,0.40625,38.0,0.59375,0.59375,2
S26,EmaTentGridS20E50B30M090,0.8441690802574158,0.8441690802574158,0.7492535710334778,1,0.2467492759227753,0.5,0.2532507240772247,0.0,0.0,4,47,17,0.3617021276595745,30.0,0.6382978723404256,0.6382978723404256,2
S26,EmaTentGridS20E50B30M095,0.8343570828437805,0.8343570828437805,0.771648108959198,1,0.24969287514686586,0.5,0.25030712485313417,0.0,0.0,0,64,53,0.828125,11.0,0.171875,0.828125,2
S26,EmaTentGridS20E50B30M095,0.9931049346923828,0.9931049346923828,0.719748854637146,1,0.20206851959228517,0.5,0.29793148040771483,0.0,0.0,1,64,43,0.671875,21.0,0.328125,0.671875,2
S26,EmaTentGridS20E50B30M095,0.9939730167388916,0.9939730167388916,0.7254599332809448,1,0.20180809497833252,0.5,0.2981919050216675,0.0,0.0,2,64,42,0.65625,22.0,0.34375,0.65625,2
S26,EmaTentGridS20E50B30M095,0.9557896256446838,0.9557896256446838,0.7082053422927856,1,0.21326311230659487,0.5,0.28673688769340516,0.0,0.0,3,64,26,0.40625,38.0,0.59375,0.59375,2
S26,EmaTentGridS20E50B30M095,0.8959786295890808,0.8959786295890808,0.7345420122146606,1,0.23120641112327578,0.5,0.2687935888767242,0.0,0.0,4,47,17,0.3617021276595745,30.0,0.6382978723404256,0.6382978723404256,2
S26,EmaTentGridS10E50B40M085,0.8343570828437805,0.8343570828437805,0.771648108959198,1,0.16625716686248782,0.5,0.33374283313751224,0.0,0.0,0,64,53,0.828125,11.0,0.171875,0.828125,2
S26,EmaTentGridS10E50B40M085,0.998327910900116,0.998327910900116,0.6995431780815125,1,0.10066883563995362,0.5,0.3993311643600464,0.0,0.0,1,64,43,0.671875,21.0,0.328125,0.671875,2
S26,EmaTentGridS10E50B40M085,0.962162971496582,0.962162971496582,0.707294225692749,1,0.11513481140136719,0.5,0.38486518859863283,0.0,0.0,2,64,42,0.65625,22.0,0.34375,0.65625,2
S26,EmaTentGridS10E50B40M085,0.8853825926780701,0.8853825926780701,0.7295241355895996,1,0.14584696292877197,0.5,0.354153037071228,0.0,0.0,3,64,26,0.40625,38.0,0.59375,0.59375,2
S26,EmaTentGridS10E50B40M085,0.8140567541122437,0.8140567541122437,0.7591295838356018,1,0.17437729835510254,0.5,0.3256227016448975,0.0,0.0,4,47,17,0.3617021276595745,30.0,0.6382978723404256,0.6382978723404256,2
S27,EMATentSafe,0.9308542013168335,0.9308542013168335,0.7506247162818909,1,0.5069145798683167,0.4,0.09308542013168336,0.0,0.0,0,64,63,0.984375,1.0,0.015625,0.984375,2
S27,EMATentSafe,0.9249065518379211,0.9249065518379211,0.7396726608276367,1,0.5075093448162079,0.4,0.09249065518379213,0.0,0.0,1,64,15,0.234375,49.0,0.765625,0.765625,2
S27,EMATentSafe,0.8792946934700012,0.8792946934700012,0.7442458868026733,1,0.5120705306529999,0.4,0.08792946934700013,0.0,0.0,2,64,33,0.515625,31.0,0.484375,0.515625,2
S27,EMATentSafe,0.9178358316421509,0.9178358316421509,0.698175847530365,1,0.5082164168357849,0.4,0.09178358316421509,0.0,0.0,3,64,6,0.09375,58.0,0.90625,0.90625,2
S27,EMATentSafe,0.7934710383415222,0.7934710383415222,0.7712513208389282,1,0.5206528961658478,0.4,0.07934710383415222,0.0,0.0,4,64,27,0.421875,37.0,0.578125,0.578125,2
S27,EMATentSafe,0.39464524388313293,0.39464524388313293,0.922125518321991,1,0.5605354756116867,0.4,0.0394645243883133,0.0,0.0,5,1,0,0.0,1.0,1.0,1.0,1
S27,EmaTentGridS40E50B10M085,0.9308540225028992,0.9308540225028992,0.7506248950958252,1,0.4069145977497101,0.5,0.09308540225028993,0.0,0.0,0,64,63,0.984375,1.0,0.015625,0.984375,2
S27,EmaTentGridS40E50B10M085,0.937359631061554,0.937359631061554,0.7258389592170715,1,0.4062640368938446,0.5,0.0937359631061554,0.0,0.0,1,64,15,0.234375,49.0,0.765625,0.765625,2
S27,EmaTentGridS40E50B10M085,0.934945821762085,0.934945821762085,0.6937636137008667,1,0.4065054178237915,0.5,0.0934945821762085,0.0,0.0,2,64,33,0.515625,31.0,0.484375,0.515625,2
S27,EmaTentGridS40E50B10M085,0.9461857676506042,0.9461857676506042,0.6747668981552124,1,0.4053814232349396,0.5,0.09461857676506043,0.0,0.0,3,64,6,0.09375,58.0,0.90625,0.90625,2
S27,EmaTentGridS40E50B10M085,0.8617997169494629,0.8617997169494629,0.7295082211494446,1,0.4138200283050537,0.5,0.08617997169494629,0.0,0.0,4,64,27,0.421875,37.0,0.578125,0.578125,2
S27,EmaTentGridS40E50B10M085,0.6393063068389893,0.6393063068389893,0.8379014730453491,1,0.4360693693161011,0.5,0.06393063068389893,0.0,0.0,5,1,0,0.0,1.0,1.0,1.0,1
S27,EmaTentGridS30E50B20M085,0.9308540225028992,0.9308540225028992,0.7506248950958252,1,0.3138291954994202,0.5,0.18617080450057985,0.0,0.0,0,64,63,0.984375,1.0,0.015625,0.984375,2
S27,EmaTentGridS30E50B20M085,0.9306269884109497,0.9306269884109497,0.7312142848968506,1,0.31387460231781006,0.5,0.18612539768218994,0.0,0.0,1,64,15,0.234375,49.0,0.765625,0.765625,2
S27,EmaTentGridS30E50B20M085,0.9194663763046265,0.9194663763046265,0.7086243629455566,1,0.3161067247390747,0.5,0.1838932752609253,0.0,0.0,2,64,33,0.515625,31.0,0.484375,0.515625,2
S27,EmaTentGridS30E50B20M085,0.9392535090446472,0.9392535090446472,0.6815047264099121,1,0.31214929819107057,0.5,0.18785070180892946,0.0,0.0,3,64,6,0.09375,58.0,0.90625,0.90625,2
S27,EmaTentGridS30E50B20M085,0.8461146354675293,0.8461146354675293,0.7399189472198486,1,0.33077707290649416,0.5000000000000001,0.1692229270935059,0.0,0.0,4,64,27,0.421875,37.0,0.578125,0.578125,2
S27,EmaTentGridS30E50B20M085,0.5427027940750122,0.5427027940750122,0.8753067255020142,1,0.39145944118499754,0.5,0.10854055881500245,0.0,0.0,5,1,0,0.0,1.0,1.0,1.0,1
S27,EmaTentGridS20E50B30M075,0.9308540225028992,0.9308540225028992,0.7506248950958252,1,0.22074379324913027,0.5,0.27925620675086976,0.0,0.0,0,64,63,0.984375,1.0,0.015625,0.984375,2
S27,EmaTentGridS20E50B30M075,0.9339554905891418,0.9339554905891418,0.721459686756134,1,0.21981335282325745,0.5,0.2801866471767425,0.0,0.0,1,64,15,0.234375,49.0,0.765625,0.765625,2
S27,EmaTentGridS20E50B30M075,0.9366598129272461,0.9366598129272461,0.6894125938415527,1,0.2190020561218262,0.5,0.28099794387817384,0.0,0.0,2,64,33,0.515625,31.0,0.484375,0.515625,2
S27,EmaTentGridS20E50B30M075,0.9448254108428955,0.9448254108428955,0.6832910776138306,1,0.21655237674713135,0.5,0.28344762325286865,0.0,0.0,3,64,6,0.09375,58.0,0.90625,0.90625,2
S27,EmaTentGridS20E50B30M075,0.8835617303848267,0.8835617303848267,0.7227527499198914,1,0.234931480884552,0.5,0.265068519115448,0.0,0.0,4,64,27,0.421875,37.0,0.578125,0.578125,2
S27,EmaTentGridS20E50B30M075,0.6110469698905945,0.6110469698905945,0.849517285823822,1,0.3166859090328217,0.5,0.18331409096717835,0.0,0.0,5,1,0,0.0,1.0,1.0,1.0,1
S27,EMATent,0.9308540225028992,0.9308540225028992,0.7506248950958252,1,0.22074379324913027,0.5,0.27925620675086976,0.0,0.0,0,64,63,0.984375,1.0,0.015625,0.984375,2
S27,EMATent,0.9306688904762268,0.9306688904762268,0.7279994487762451,1,0.22079933285713196,0.5,0.279200667142868,0.0,0.0,1,64,15,0.234375,49.0,0.765625,0.765625,2
S27,EMATent,0.9267532825469971,0.9267532825469971,0.7013980746269226,1,0.22197401523590088,0.5,0.2780259847640991,0.0,0.0,2,64,33,0.515625,31.0,0.484375,0.515625,2
S27,EMATent,0.9421051144599915,0.9421051144599915,0.6819169521331787,1,0.21736846566200257,0.5,0.2826315343379974,0.0,0.0,3,64,6,0.09375,58.0,0.90625,0.90625,2
S27,EMATent,0.8622291684150696,0.8622291684150696,0.7314218878746033,1,0.24133124947547913,0.5,0.2586687505245209,0.0,0.0,4,64,27,0.421875,37.0,0.578125,0.578125,2
S27,EMATent,0.547604501247406,0.547604501247406,0.8735560178756714,1,0.33571864962577824,0.5,0.16428135037422179,0.0,0.0,5,1,0,0.0,1.0,1.0,1.0,1
S27,EMATentAdaptive,0.9308540225028992,0.9308540225028992,0.7506248950958252,1,0.22074379324913027,0.5,0.27925620675086976,0.0,0.0,0,64,63,0.984375,1.0,0.015625,0.984375,2
S27,EMATentAdaptive,0.9262315034866333,0.9262315034866333,0.734917163848877,1,0.22213054895401002,0.5,0.27786945104599,0.0,0.0,1,64,15,0.234375,49.0,0.765625,0.765625,2
S27,EMATentAdaptive,0.9064764976501465,0.9064764976501465,0.7206514477729797,1,0.22805705070495608,0.5,0.2719429492950439,0.0,0.0,2,64,33,0.515625,31.0,0.484375,0.515625,2
S27,EMATentAdaptive,0.9336410760879517,0.9336410760879517,0.6873247623443604,1,0.2199076771736145,0.5,0.28009232282638546,0.0,0.0,3,64,6,0.09375,58.0,0.90625,0.90625,2
S27,EMATentAdaptive,0.8315670490264893,0.8315670490264893,0.7490243911743164,1,0.2505298852920532,0.5,0.24947011470794678,0.0,0.0,4,64,27,0.421875,37.0,0.578125,0.578125,2
S27,EMATentAdaptive,0.46016237139701843,0.46016237139701843,0.9027670621871948,1,0.3619512885808945,0.5,0.13804871141910552,0.0,0.0,5,1,0,0.0,1.0,1.0,1.0,1
S27,EmaTentGridS20E50B30M090,0.9308540225028992,0.9308540225028992,0.7506248950958252,1,0.22074379324913027,0.5,0.27925620675086976,0.0,0.0,0,64,63,0.984375,1.0,0.015625,0.984375,2
S27,EmaTentGridS20E50B30M090,0.920286238193512,0.920286238193512,0.7418632507324219,1,0.22391412854194642,0.5,0.2760858714580536,0.0,0.0,1,64,15,0.234375,49.0,0.765625,0.765625,2
S27,EmaTentGridS20E50B30M090,0.8696937561035156,0.8696937561035156,0.7513660192489624,1,0.2390918731689453,0.5,0.2609081268310547,0.0,0.0,2,64,33,0.515625,31.0,0.484375,0.515625,2
S27,EmaTentGridS20E50B30M090,0.9104453921318054,0.9104453921318054,0.704817533493042,1,0.2268663823604584,0.5,0.27313361763954164,0.0,0.0,3,64,6,0.09375,58.0,0.90625,0.90625,2
S27,EmaTentGridS20E50B30M090,0.7829295992851257,0.7829295992851257,0.7773622274398804,1,0.26512112021446227,0.5,0.2348788797855377,0.0,0.0,4,64,27,0.421875,37.0,0.578125,0.578125,2
S27,EmaTentGridS20E50B30M090,0.3290623724460602,0.3290623724460602,0.9395920038223267,1,0.4012812882661819,0.5,0.09871871173381805,0.0,0.0,5,1,0,0.0,1.0,1.0,1.0,1
S27,EmaTentGridS20E50B30M095,0.9308540225028992,0.9308540225028992,0.7506248950958252,1,0.22074379324913027,0.5,0.27925620675086976,0.0,0.0,0,64,63,0.984375,1.0,0.015625,0.984375,2
S27,EmaTentGridS20E50B30M095,0.9127575159072876,0.9127575159072876,0.748932421207428,1,0.22617274522781372,0.5,0.2738272547721863,0.0,0.0,1,64,15,0.234375,49.0,0.765625,0.765625,2
S27,EmaTentGridS20E50B30M095,0.8085726499557495,0.8085726499557495,0.7914221286773682,1,0.2574282050132751,0.5,0.24257179498672485,0.0,0.0,2,64,33,0.515625,31.0,0.484375,0.515625,2
S27,EmaTentGridS20E50B30M095,0.8583722710609436,0.8583722710609436,0.7407119274139404,1,0.24248831868171694,0.5,0.25751168131828306,0.0,0.0,3,64,6,0.09375,58.0,0.90625,0.90625,2
S27,EmaTentGridS20E50B30M095,0.6982459425926208,0.6982459425926208,0.8199468851089478,1,0.2905262172222137,0.5,0.20947378277778625,0.0,0.0,4,64,27,0.421875,37.0,0.578125,0.578125,2
S27,EmaTentGridS20E50B30M095,0.13600626587867737,0.13600626587867737,0.9809617400169373,0,0.4591981202363968,0.5,0.04080187976360321,0.0,0.0,5,1,0,0.0,1.0,1.0,1.0,1
S27,EmaTentGridS10E50B40M085,0.9308540225028992,0.9308540225028992,0.7506248950958252,1,0.12765839099884035,0.5,0.3723416090011597,0.0,0.0,0,64,63,0.984375,1.0,0.015625,0.984375,2
S27,EmaTentGridS10E50B40M085,0.9228582978248596,0.9228582978248596,0.7380373477935791,1,0.13085668087005617,0.5,0.36914331912994386,0.0,0.0,1,64,15,0.234375,49.0,0.765625,0.765625,2
S27,EmaTentGridS10E50B40M085,0.893508791923523,0.893508791923523,0.7316510677337646,1,0.14259648323059082,0.5,0.3574035167694092,0.0,0.0,2,64,33,0.515625,31.0,0.484375,0.515625,2
S27,EmaTentGridS10E50B40M085,0.9267053008079529,0.9267053008079529,0.69325852394104,1,0.12931787967681885,0.5,0.37068212032318115,0.0,0.0,3,64,6,0.09375,58.0,0.90625,0.90625,2
S27,EmaTentGridS10E50B40M085,0.8139458894729614,0.8139458894729614,0.760173499584198,1,0.17442164421081544,0.5,0.3255783557891846,0.0,0.0,4,64,27,0.421875,37.0,0.578125,0.578125,2
S27,EmaTentGridS10E50B40M085,0.3816449046134949,0.3816449046134949,0.9257342219352722,1,0.3473420381546021,0.5,0.15265796184539795,0.0,0.0,5,1,0,0.0,1.0,1.0,1.0,1
S28,EMATentSafe,0.13508065044879913,0.13508065044879913,0.9811242818832397,0,0.5864919349551201,0.4,0.013508065044879914,0.0,0.0,0,64,45,0.703125,19.0,0.296875,0.703125,2
S28,EMATentSafe,0.3522208631038666,0.3522208631038666,0.9336321353912354,1,0.5647779136896134,0.4,0.03522208631038666,0.0,0.0,1,64,51,0.796875,13.0,0.203125,0.796875,2
S28,EMATentSafe,0.6793431043624878,0.6793431043624878,0.8276362419128418,1,0.5320656895637512,0.4,0.06793431043624878,0.0,0.0,2,64,31,0.484375,33.0,0.515625,0.515625,2
S28,EMATentSafe,0.8944495916366577,0.8944495916366577,0.6910363435745239,1,0.5105550408363342,0.4,0.08944495916366578,0.0,0.0,3,19,8,0.42105263157894735,11.0,0.5789473684210527,0.5789473684210527,2
S28,EmaTentGridS40E50B10M085,0.13508106768131256,0.13508106768131256,0.981124222278595,0,0.48649189323186875,0.5,0.013508106768131257,0.0,0.0,0,64,45,0.703125,19.0,0.296875,0.703125,2
S28,EmaTentGridS40E50B10M085,0.4892316460609436,0.4892316460609436,0.8997933864593506,1,0.45107683539390564,0.5,0.04892316460609436,0.0,0.0,1,64,51,0.796875,13.0,0.203125,0.796875,2
S28,EmaTentGridS40E50B10M085,0.9550970792770386,0.9550970792770386,0.7177023887634277,1,0.40449029207229614,0.5,0.09550970792770386,0.0,0.0,2,64,31,0.484375,33.0,0.515625,0.515625,2
S28,EmaTentGridS40E50B10M085,0.999430239200592,0.999430239200592,0.6007780432701111,1,0.40005697607994084,0.5,0.09994302392005922,0.0,0.0,3,19,8,0.42105263157894735,11.0,0.5789473684210527,0.5789473684210527,2
S28,EmaTentGridS30E50B20M085,0.13508106768131256,0.13508106768131256,0.981124222278595,0,0.4729837864637375,0.5,0.027016213536262514,0.0,0.0,0,64,45,0.703125,19.0,0.296875,0.703125,2
S28,EmaTentGridS30E50B20M085,0.48418954014778137,0.48418954014778137,0.9010459184646606,1,0.4031620919704437,0.5,0.09683790802955627,0.0,0.0,1,64,51,0.796875,13.0,0.203125,0.796875,2
S28,EmaTentGridS30E50B20M085,0.9411767721176147,0.9411767721176147,0.7225408554077148,1,0.31176464557647704,0.5,0.18823535442352296,0.0,0.0,2,64,31,0.484375,33.0,0.515625,0.515625,2
S28,EmaTentGridS30E50B20M085,0.9977277517318726,0.9977277517318726,0.6035603880882263,1,0.3004544496536255,0.5,0.19954555034637453,0.0,0.0,3,19,8,0.42105263157894735,11.0,0.5789473684210527,0.5789473684210527,2
S28,EmaTentGridS20E50B30M075,0.13508106768131256,0.13508106768131256,0.981124222278595,0,0.4594756796956062,0.5,0.04052432030439377,0.0,0.0,0,64,45,0.703125,19.0,0.296875,0.703125,2
S28,EmaTentGridS20E50B30M075,0.6955184936523438,0.6955184936523438,0.8372575044631958,1,0.29134445190429686,0.5,0.2086555480957031,0.0,0.0,1,64,51,0.796875,13.0,0.203125,0.796875,2
S28,EmaTentGridS20E50B30M075,0.9958775043487549,0.9958775043487549,0.7147942781448364,1,0.20123674869537356,0.5,0.29876325130462644,0.0,0.0,2,64,31,0.484375,33.0,0.515625,0.515625,2
S28,EmaTentGridS20E50B30M075,0.9998106360435486,0.9998106360435486,0.6019709706306458,1,0.20005680918693544,0.5,0.2999431908130646,0.0,0.0,3,19,8,0.42105263157894735,11.0,0.5789473684210527,0.5789473684210527,2
S28,EMATent,0.13508106768131256,0.13508106768131256,0.981124222278595,0,0.4594756796956062,0.5,0.04052432030439377,0.0,0.0,0,64,45,0.703125,19.0,0.296875,0.703125,2
S28,EMATent,0.585224449634552,0.585224449634552,0.8731532692909241,1,0.3244326651096344,0.5,0.1755673348903656,0.0,0.0,1,64,51,0.796875,13.0,0.203125,0.796875,2
S28,EMATent,0.9941364526748657,0.9941364526748657,0.7150537967681885,1,0.2017590641975403,0.5,0.2982409358024597,0.0,0.0,2,64,31,0.484375,33.0,0.515625,0.515625,2
S28,EMATent,0.9991455674171448,0.9991455674171448,0.5982779860496521,1,0.20025632977485658,0.5,0.2997436702251434,0.0,0.0,3,19,8,0.42105263157894735,11.0,0.5789473684210527,0.5789473684210527,2
S28,EMATentAdaptive,0.13508106768131256,0.13508106768131256,0.981124222278595,0,0.4594756796956062,0.5,0.04052432030439377,0.0,0.0,0,64,45,0.703125,19.0,0.296875,0.703125,2
S28,EMATentAdaptive,0.4793128967285156,0.4793128967285156,0.9022457599639893,1,0.3562061309814453,0.5,0.14379386901855468,0.0,0.0,1,64,51,0.796875,13.0,0.203125,0.796875,2
S28,EMATentAdaptive,0.9258025288581848,0.9258025288581848,0.7290694713592529,1,0.22225924134254457,0.5,0.27774075865745546,0.0,0.0,2,64,31,0.484375,33.0,0.515625,0.515625,2
S28,EMATentAdaptive,0.9868165254592896,0.9868165254592896,0.6087160706520081,1,0.20395504236221315,0.5,0.2960449576377869,0.0,0.0,3,19,8,0.42105263157894735,11.0,0.5789473684210527,0.5789473684210527,2
S28,EmaTentGridS20E50B30M090,0.13508106768131256,0.13508106768131256,0.981124222278595,0,0.4594756796956062,0.5,0.04052432030439377,0.0,0.0,0,64,45,0.703125,19.0,0.296875,0.703125,2
S28,EmaTentGridS20E50B30M090,0.3830302059650421,0.3830302059650421,0.9253531694412231,1,0.38509093821048734,0.5,0.11490906178951263,0.0,0.0,1,64,51,0.796875,13.0,0.203125,0.796875,2
S28,EmaTentGridS20E50B30M090,0.7538577318191528,0.7538577318191528,0.7985564470291138,1,0.27384268045425414,0.5,0.22615731954574583,0.0,0.0,2,64,31,0.484375,33.0,0.515625,0.515625,2
S28,EmaTentGridS20E50B30M090,0.9214563965797424,0.9214563965797424,0.6693812012672424,1,0.22356308102607728,0.5,0.2764369189739227,0.0,0.0,3,19,8,0.42105263157894735,11.0,0.5789473684210527,0.5789473684210527,2
S28,EmaTentGridS20E50B30M095,0.13508106768131256,0.13508106768131256,0.981124222278595,0,0.4594756796956062,0.5,0.04052432030439377,0.0,0.0,0,64,45,0.703125,19.0,0.296875,0.703125,2
S28,EmaTentGridS20E50B30M095,0.2987162172794342,0.2987162172794342,0.9470697641372681,1,0.4103851348161698,0.5,0.08961486518383026,0.0,0.0,1,64,51,0.796875,13.0,0.203125,0.796875,2
S28,EmaTentGridS20E50B30M095,0.5246841311454773,0.5246841311454773,0.8816207647323608,1,0.34259476065635686,0.5,0.15740523934364317,0.0,0.0,2,64,31,0.484375,33.0,0.515625,0.515625,2
S28,EmaTentGridS20E50B30M095,0.6922488212585449,0.6922488212585449,0.814365804195404,1,0.2923253536224365,0.5,0.20767464637756347,0.0,0.0,3,19,8,0.42105263157894735,11.0,0.5789473684210527,0.5789473684210527,2
S28,EmaTentGridS10E50B40M085,0.13508106768131256,0.13508106768131256,0.981124222278595,0,0.445967572927475,0.5,0.05403242707252503,0.0,0.0,0,64,45,0.703125,19.0,0.296875,0.703125,2
S28,EmaTentGridS10E50B40M085,0.47452858090400696,0.47452858090400696,0.9034114480018616,1,0.3101885676383972,0.5,0.1898114323616028,0.0,0.0,1,64,51,0.796875,13.0,0.203125,0.796875,2
S28,EmaTentGridS10E50B40M085,0.9089953899383545,0.9089953899383545,0.7370620965957642,1,0.13640184402465821,0.5,0.36359815597534184,0.0,0.0,2,64,31,0.484375,33.0,0.515625,0.515625,2
S28,EmaTentGridS10E50B40M085,0.969297468662262,0.969297468662262,0.628370463848114,1,0.11228101253509522,0.5,0.3877189874649048,0.0,0.0,3,19,8,0.42105263157894735,11.0,0.5789473684210527,0.5789473684210527,2
S29,EMATentSafe,0.9998263120651245,0.9998263120651245,0.718748927116394,1,0.5000173687934876,0.4,0.09998263120651246,0.0,0.0,0,64,48,0.75,16.0,0.25,0.75,2
S29,EMATentSafe,0.9560787081718445,0.9560787081718445,0.790642499923706,1,0.5043921291828155,0.4,0.09560787081718446,0.0,0.0,1,64,29,0.453125,35.0,0.546875,0.546875,2
S29,EMATentSafe,0.8198808431625366,0.8198808431625366,0.7912298440933228,1,0.5180119156837464,0.4,0.08198808431625366,0.0,0.0,2,64,46,0.71875,18.0,0.28125,0.71875,2
S29,EmaTentGridS40E50B10M085,0.999826192855835,0.999826192855835,0.7187473773956299,1,0.4000173807144165,0.5,0.0999826192855835,0.0,0.0,0,64,48,0.75,16.0,0.25,0.75,2
S29,EmaTentGridS40E50B10M085,0.9761002659797668,0.9761002659797668,0.7897500991821289,1,0.4023899734020233,0.5,0.09761002659797668,0.0,0.0,1,64,29,0.453125,35.0,0.546875,0.546875,2
S29,EmaTentGridS40E50B10M085,0.7738233804702759,0.7738233804702759,0.8032534718513489,1,0.42261766195297246,0.5,0.0773823380470276,0.0,0.0,2,64,46,0.71875,18.0,0.28125,0.71875,2
S29,EmaTentGridS30E50B20M085,0.999826192855835,0.999826192855835,0.7187473773956299,1,0.300034761428833,0.5,0.199965238571167,0.0,0.0,0,64,48,0.75,16.0,0.25,0.75,2
S29,EmaTentGridS30E50B20M085,0.9689858555793762,0.9689858555793762,0.7894099354743958,1,0.30620282888412476,0.5,0.19379717111587524,0.0,0.0,1,64,29,0.453125,35.0,0.546875,0.546875,2
S29,EmaTentGridS30E50B20M085,0.8003329634666443,0.8003329634666443,0.7936111092567444,1,0.33993340730667115,0.5,0.16006659269332887,0.0,0.0,2,64,46,0.71875,18.0,0.28125,0.71875,2
S29,EmaTentGridS20E50B30M075,0.999826192855835,0.999826192855835,0.7187473773956299,1,0.2000521421432495,0.5,0.2999478578567505,0.0,0.0,0,64,48,0.75,16.0,0.25,0.75,2
S29,EmaTentGridS20E50B30M075,0.9780685901641846,0.9780685901641846,0.7879902124404907,1,0.20657942295074463,0.5,0.29342057704925534,0.0,0.0,1,64,29,0.453125,35.0,0.546875,0.546875,2
S29,EmaTentGridS20E50B30M075,0.7950104475021362,0.7950104475021362,0.792747974395752,1,0.26149686574935915,0.5,0.23850313425064085,0.0,0.0,2,64,46,0.71875,18.0,0.28125,0.71875,2
S29,EMATent,0.999826192855835,0.999826192855835,0.7187473773956299,1,0.2000521421432495,0.5,0.2999478578567505,0.0,0.0,0,64,48,0.75,16.0,0.25,0.75,2
S29,EMATent,0.9715545773506165,0.9715545773506165,0.7889115810394287,1,0.20853362679481507,0.5,0.2914663732051849,0.0,0.0,1,64,29,0.453125,35.0,0.546875,0.546875,2
S29,EMATent,0.8058666586875916,0.8058666586875916,0.7901729345321655,1,0.2582400023937225,0.5,0.24175999760627745,0.0,0.0,2,64,46,0.71875,18.0,0.28125,0.71875,2
S29,EMATentAdaptive,0.999826192855835,0.999826192855835,0.7187473773956299,1,0.2000521421432495,0.5,0.2999478578567505,0.0,0.0,0,64,48,0.75,16.0,0.25,0.75,2
S29,EMATentAdaptive,0.9627370238304138,0.9627370238304138,0.7897508144378662,1,0.21117889285087588,0.5,0.2888211071491241,0.0,0.0,1,64,29,0.453125,35.0,0.546875,0.546875,2
S29,EMATentAdaptive,0.8207216858863831,0.8207216858863831,0.7863165140151978,1,0.2537834942340851,0.5,0.24621650576591492,0.0,0.0,2,64,46,0.71875,18.0,0.28125,0.71875,2
S29,EmaTentGridS20E50B30M090,0.999826192855835,0.999826192855835,0.7187473773956299,1,0.2000521421432495,0.5,0.2999478578567505,0.0,0.0,0,64,48,0.75,16.0,0.25,0.75,2
S29,EmaTentGridS20E50B30M090,0.9510465264320374,0.9510465264320374,0.7905408143997192,1,0.2146860420703888,0.5,0.2853139579296112,0.0,0.0,1,64,29,0.453125,35.0,0.546875,0.546875,2
S29,EmaTentGridS20E50B30M090,0.8407666087150574,0.8407666087150574,0.782655656337738,1,0.2477700173854828,0.5,0.2522299826145172,0.0,0.0,2,64,46,0.71875,18.0,0.28125,0.71875,2
S29,EmaTentGridS20E50B30M095,0.999826192855835,0.999826192855835,0.7187473773956299,1,0.2000521421432495,0.5,0.2999478578567505,0.0,0.0,0,64,48,0.75,16.0,0.25,0.75,2
S29,EmaTentGridS20E50B30M095,0.9360214471817017,0.9360214471817017,0.7932388782501221,1,0.21919356584548952,0.5,0.2808064341545105,0.0,0.0,1,64,29,0.453125,35.0,0.546875,0.546875,2
S29,EmaTentGridS20E50B30M095,0.8659916520118713,0.8659916520118713,0.7788422107696533,1,0.24020250439643862,0.5,0.2597974956035614,0.0,0.0,2,64,46,0.71875,18.0,0.28125,0.71875,2
S29,EmaTentGridS10E50B40M085,0.999826192855835,0.999826192855835,0.7187473773956299,1,0.10006952285766602,0.5,0.399930477142334,0.0,0.0,0,64,48,0.75,16.0,0.25,0.75,2
S29,EmaTentGridS10E50B40M085,0.9576298594474792,0.9576298594474792,0.7900434732437134,1,0.1169480562210083,0.5,0.3830519437789917,0.0,0.0,1,64,29,0.453125,35.0,0.546875,0.546875,2
S29,EmaTentGridS10E50B40M085,0.8347021341323853,0.8347021341323853,0.781973123550415,1,0.1661191463470459,0.5,0.3338808536529541,0.0,0.0,2,64,46,0.71875,18.0,0.28125,0.71875,2
S30,EMATentSafe,0.2770147919654846,0.2770147919654846,0.9521912336349487,1,0.5722985208034516,0.4,0.027701479196548463,0.0,0.0,0,64,61,0.953125,3.0,0.046875,0.953125,2
S30,EMATentSafe,0.8651989102363586,0.8651989102363586,0.781364917755127,1,0.5134801089763641,0.4,0.08651989102363587,0.0,0.0,1,64,31,0.484375,33.0,0.515625,0.515625,2
S30,EMATentSafe,0.9510652422904968,0.9510652422904968,0.6470510959625244,1,0.5048934757709503,0.4,0.0951065242290497,0.0,0.0,2,64,60,0.9375,4.0,0.0625,0.9375,2
S30,EMATentSafe,0.9843213558197021,0.9843213558197021,0.6063240766525269,1,0.5015678644180298,0.4,0.09843213558197023,0.0,0.0,3,64,64,1.0,,,1.0,1
S30,EMATentSafe,0.9991490244865417,0.9991490244865417,0.7764976620674133,1,0.5000850975513458,0.4,0.09991490244865418,0.0,0.0,4,64,21,0.328125,43.0,0.671875,0.671875,2
S30,EMATentSafe,0.21047423779964447,0.21047423779964447,0.9667423963546753,1,0.5789525762200356,0.4,0.02104742377996445,0.0,0.0,5,23,3,0.13043478260869565,20.0,0.8695652173913043,0.8695652173913043,2
S30,EmaTentGridS40E50B10M085,0.2770143449306488,0.2770143449306488,0.9521913528442383,1,0.47229856550693516,0.5,0.02770143449306488,0.0,0.0,0,64,61,0.953125,3.0,0.046875,0.953125,2
S30,EmaTentGridS40E50B10M085,0.9048383831977844,0.9048383831977844,0.7633934020996094,1,0.4095161616802216,0.5,0.09048383831977845,0.0,0.0,1,64,31,0.484375,33.0,0.515625,0.515625,2
S30,EmaTentGridS40E50B10M085,0.9944729804992676,0.9944729804992676,0.6006312966346741,1,0.40055270195007325,0.5,0.09944729804992676,0.0,0.0,2,64,60,0.9375,4.0,0.0625,0.9375,2
S30,EmaTentGridS40E50B10M085,0.9181132316589355,0.9181132316589355,0.669134259223938,1,0.4081886768341065,0.5,0.09181132316589356,0.0,0.0,3,64,64,1.0,,,1.0,1
S30,EmaTentGridS40E50B10M085,0.9998075366020203,0.9998075366020203,0.7884377241134644,1,0.400019246339798,0.5,0.09998075366020204,0.0,0.0,4,64,21,0.328125,43.0,0.671875,0.671875,2
S30,EmaTentGridS40E50B10M085,0.2062952071428299,0.2062952071428299,0.9675986170768738,1,0.479370479285717,0.5,0.020629520714282992,0.0,0.0,5,23,3,0.13043478260869565,20.0,0.8695652173913043,0.8695652173913043,2
S30,EmaTentGridS30E50B20M085,0.2770143449306488,0.2770143449306488,0.9521913528442383,1,0.4445971310138702,0.5,0.05540286898612976,0.0,0.0,0,64,61,0.953125,3.0,0.046875,0.953125,2
S30,EmaTentGridS30E50B20M085,0.9026123881340027,0.9026123881340027,0.7641957402229309,1,0.3194775223731995,0.5000000000000001,0.18052247762680057,0.0,0.0,1,64,31,0.484375,33.0,0.515625,0.515625,2
S30,EmaTentGridS30E50B20M085,0.9912809729576111,0.9912809729576111,0.604698121547699,1,0.3017438054084778,0.5,0.19825619459152222,0.0,0.0,2,64,60,0.9375,4.0,0.0625,0.9375,2
S30,EmaTentGridS30E50B20M085,0.9365708827972412,0.9365708827972412,0.6506404280662537,1,0.31268582344055174,0.5,0.18731417655944826,0.0,0.0,3,64,64,1.0,,,1.0,1
S30,EmaTentGridS30E50B20M085,0.9995263814926147,0.9995263814926147,0.7848708629608154,1,0.30009472370147705,0.5,0.19990527629852295,0.0,0.0,4,64,21,0.328125,43.0,0.671875,0.671875,2
S30,EmaTentGridS30E50B20M085,0.20504917204380035,0.20504917204380035,0.9678526520729065,1,0.45899016559123995,0.5,0.041009834408760076,0.0,0.0,5,23,3,0.13043478260869565,20.0,0.8695652173913043,0.8695652173913043,2
S30,EmaTentGridS20E50B30M075,0.2770143449306488,0.2770143449306488,0.9521913528442383,1,0.4168956965208054,0.5,0.08310430347919463,0.0,0.0,0,64,61,0.953125,3.0,0.046875,0.953125,2
S30,EmaTentGridS20E50B30M075,0.9493266940116882,0.9493266940116882,0.7495422959327698,1,0.21520199179649355,0.5,0.2847980082035065,0.0,0.0,1,64,31,0.484375,33.0,0.515625,0.515625,2
S30,EmaTentGridS20E50B30M075,0.9991684556007385,0.9991684556007385,0.5880626440048218,1,0.20024946331977844,0.5,0.29975053668022156,0.0,0.0,2,64,60,0.9375,4.0,0.0625,0.9375,2
S30,EmaTentGridS20E50B30M075,0.9046943783760071,0.9046943783760071,0.6807199716567993,1,0.22859168648719788,0.5,0.2714083135128021,0.0,0.0,3,64,64,1.0,,,1.0,1
S30,EmaTentGridS20E50B30M075,0.9977162480354309,0.9977162480354309,0.7823067307472229,1,0.20068512558937074,0.5,0.29931487441062926,0.0,0.0,4,64,21,0.328125,43.0,0.671875,0.671875,2
S30,EmaTentGridS20E50B30M075,0.189227893948555,0.189227893948555,0.9710245132446289,0,0.4432316318154335,0.5,0.056768368184566494,0.0,0.0,5,23,3,0.13043478260869565,20.0,0.8695652173913043,0.8695652173913043,2
S30,EMATent,0.2770143449306488,0.2770143449306488,0.9521913528442383,1,0.4168956965208054,0.5,0.08310430347919463,0.0,0.0,0,64,61,0.953125,3.0,0.046875,0.953125,2
S30,EMATent,0.9255227446556091,0.9255227446556091,0.7561348676681519,1,0.22234317660331726,0.5,0.27765682339668274,0.0,0.0,1,64,31,0.484375,33.0,0.515625,0.515625,2
S30,EMATent,0.9987275004386902,0.9987275004386902,0.5928049087524414,1,0.20038174986839297,0.5,0.29961825013160703,0.0,0.0,2,64,60,0.9375,4.0,0.0625,0.9375,2
S30,EMATent,0.9246346950531006,0.9246346950531006,0.66253662109375,1,0.22260959148406984,0.5,0.27739040851593016,0.0,0.0,3,64,64,1.0,,,1.0,1
S30,EMATent,0.998717725276947,0.998717725276947,0.7830251455307007,1,0.2003846824169159,0.5,0.2996153175830841,0.0,0.0,4,64,21,0.328125,43.0,0.671875,0.671875,2
S30,EMATent,0.19631828367710114,0.19631828367710114,0.96961510181427,0,0.44110451489686964,0.5,0.058895485103130335,0.0,0.0,5,23,3,0.13043478260869565,20.0,0.8695652173913043,0.8695652173913043,2
S30,EMATentAdaptive,0.2770143449306488,0.2770143449306488,0.9521913528442383,1,0.4168956965208054,0.5,0.08310430347919463,0.0,0.0,0,64,61,0.953125,3.0,0.046875,0.953125,2
S30,EMATentAdaptive,0.9004175662994385,0.9004175662994385,0.7651212215423584,1,0.22987473011016846,0.5,0.27012526988983154,0.0,0.0,1,64,31,0.484375,33.0,0.515625,0.515625,2
S30,EMATentAdaptive,0.9873398542404175,0.9873398542404175,0.6093285083770752,1,0.20379804372787477,0.5,0.29620195627212526,0.0,0.0,2,64,60,0.9375,4.0,0.0625,0.9375,2
S30,EMATentAdaptive,0.9516040682792664,0.9516040682792664,0.6344139575958252,1,0.21451877951622011,0.5,0.2854812204837799,0.0,0.0,3,64,64,1.0,,,1.0,1
S30,EMATentAdaptive,0.99912029504776,0.99912029504776,0.7814023494720459,1,0.20026391148567202,0.5,0.299736088514328,0.0,0.0,4,64,21,0.328125,43.0,0.671875,0.671875,2
S30,EMATentAdaptive,0.20362883806228638,0.20362883806228638,0.968141496181488,1,0.4389113485813141,0.5,0.06108865141868591,0.0,0.0,5,23,3,0.13043478260869565,20.0,0.8695652173913043,0.8695652173913043,2
S30,EmaTentGridS20E50B30M090,0.2770143449306488,0.2770143449306488,0.9521913528442383,1,0.4168956965208054,0.5,0.08310430347919463,0.0,0.0,0,64,61,0.953125,3.0,0.046875,0.953125,2
S30,EmaTentGridS20E50B30M090,0.8737208843231201,0.8737208843231201,0.7778139114379883,1,0.23788373470306398,0.5,0.26211626529693605,0.0,0.0,1,64,31,0.484375,33.0,0.515625,0.515625,2
S30,EmaTentGridS20E50B30M090,0.959683895111084,0.959683895111084,0.6383326053619385,1,0.21209483146667482,0.5,0.2879051685333252,0.0,0.0,2,64,60,0.9375,4.0,0.0625,0.9375,2
S30,EmaTentGridS20E50B30M090,0.9815585017204285,0.9815585017204285,0.6065961718559265,1,0.20553244948387148,0.5,0.29446755051612855,0.0,0.0,3,64,64,1.0,,,1.0,1
S30,EmaTentGridS20E50B30M090,0.9989333748817444,0.9989333748817444,0.7759775519371033,1,0.2003199875354767,0.5,0.2996800124645233,0.0,0.0,4,64,21,0.328125,43.0,0.671875,0.671875,2
S30,EmaTentGridS20E50B30M090,0.20913049578666687,0.20913049578666687,0.9670184850692749,1,0.43726085126399994,0.5,0.06273914873600006,0.0,0.0,5,23,3,0.13043478260869565,20.0,0.8695652173913043,0.8695652173913043,2
S30,EmaTentGridS20E50B30M095,0.2770143449306488,0.2770143449306488,0.9521913528442383,1,0.4168956965208054,0.5,0.08310430347919463,0.0,0.0,0,64,61,0.953125,3.0,0.046875,0.953125,2
S30,EmaTentGridS20E50B30M095,0.845647394657135,0.845647394657135,0.7892822027206421,1,0.2463057816028595,0.5,0.2536942183971405,0.0,0.0,1,64,31,0.484375,33.0,0.515625,0.515625,2
S30,EmaTentGridS20E50B30M095,0.9128398895263672,0.9128398895263672,0.6820594072341919,1,0.22614803314208987,0.5,0.27385196685791013,0.0,0.0,2,64,60,0.9375,4.0,0.0625,0.9375,2
S30,EmaTentGridS20E50B30M095,0.999737560749054,0.999737560749054,0.6055179834365845,1,0.20007873177528382,0.5,0.29992126822471615,0.0,0.0,3,64,64,1.0,,,1.0,1
S30,EmaTentGridS20E50B30M095,0.997610330581665,0.997610330581665,0.7647948265075684,1,0.2007169008255005,0.5,0.2992830991744995,0.0,0.0,4,64,21,0.328125,43.0,0.671875,0.671875,2
S30,EmaTentGridS20E50B30M095,0.20951233804225922,0.20951233804225922,0.96694016456604,1,0.43714629858732224,0.5,0.06285370141267776,0.0,0.0,5,23,3,0.13043478260869565,20.0,0.8695652173913043,0.8695652173913043,2
S30,EmaTentGridS10E50B40M085,0.2770143449306488,0.2770143449306488,0.9521913528442383,1,0.38919426202774055,0.5,0.11080573797225952,0.0,0.0,0,64,61,0.953125,3.0,0.046875,0.953125,2
S30,EmaTentGridS10E50B40M085,0.8981298804283142,0.8981298804283142,0.766205370426178,1,0.14074804782867434,0.5,0.3592519521713257,0.0,0.0,1,64,31,0.484375,33.0,0.515625,0.515625,2
S30,EmaTentGridS10E50B40M085,0.9826362729072571,0.9826362729072571,0.6142910718917847,1,0.10694549083709717,0.5,0.39305450916290285,0.0,0.0,2,64,60,0.9375,4.0,0.0625,0.9375,2
S30,EmaTentGridS10E50B40M085,0.9639673233032227,0.9639673233032227,0.6206534504890442,1,0.11441307067871094,0.5,0.3855869293212891,0.0,0.0,3,64,64,1.0,,,1.0,1
S30,EmaTentGridS10E50B40M085,0.9986313581466675,0.9986313581466675,0.778339147567749,1,0.10054745674133302,0.5,0.399452543258667,0.0,0.0,4,64,21,0.328125,43.0,0.671875,0.671875,2
S30,EmaTentGridS10E50B40M085,0.20201800763607025,0.20201800763607025,0.9684678912162781,1,0.4191927969455719,0.5,0.08080720305442811,0.0,0.0,5,23,3,0.13043478260869565,20.0,0.8695652173913043,0.8695652173913043,2
